{"type":"FeatureCollection","metadata":{"kommuneKode":"0101","kommuneNavn":"København","source":"https://wfs2-miljoegis.mim.dk/natur/ows","layer":"natur:ais_par3","bbox":[12.452997602873323,55.61285334537376,12.734254756778931,55.732711494282576],"fetchedAt":"2026-06-12T20:55:36.259903+00:00"},"features":[{"type":"Feature","id":"ais_par3.134931","geometry":{"type":"Polygon","coordinates":[[[12.5617,55.6863],[12.5622,55.6868],[12.5626,55.6868],[12.5628,55.6869],[12.5643,55.6864],[12.5644,55.6863],[12.5644,55.6862],[12.5643,55.6861],[12.5645,55.6857],[12.5631,55.6843],[12.5613,55.6824],[12.5606,55.6816],[12.5599,55.6819],[12.5598,55.682],[12.5592,55.6823],[12.5589,55.6822],[12.5582,55.6825],[12.5599,55.6844],[12.5617,55.6863]]]},"properties":{"sourceId":"ais_par3.134931","a_type":5120,"hectares":10.276}},{"type":"Feature","id":"ais_par3.134926","geometry":{"type":"Polygon","coordinates":[[[12.5959,55.6888],[12.596,55.689],[12.5963,55.6894],[12.5961,55.6895],[12.5966,55.6897],[12.5973,55.6897],[12.5974,55.6896],[12.5973,55.6893],[12.5968,55.6893],[12.5965,55.689],[12.5962,55.6887],[12.5959,55.6886],[12.5955,55.6887],[12.5954,55.6888],[12.5955,55.6888],[12.5959,55.6888]]]},"properties":{"sourceId":"ais_par3.134926","a_type":5120,"hectares":0.53}},{"type":"Feature","id":"ais_par3.134927","geometry":{"type":"Polygon","coordinates":[[[12.5951,55.6891],[12.5951,55.6889],[12.5949,55.6887],[12.593,55.6879],[12.5928,55.6881],[12.5933,55.6883],[12.5934,55.6885],[12.5942,55.6888],[12.5951,55.6891]]]},"properties":{"sourceId":"ais_par3.134927","a_type":5120,"hectares":0.516}},{"type":"Feature","id":"ais_par3.134928","geometry":{"type":"Polygon","coordinates":[[[12.5801,55.6895],[12.5801,55.6894],[12.5798,55.6892],[12.5788,55.6892],[12.5788,55.6892],[12.578,55.6893],[12.5779,55.6894],[12.578,55.6895],[12.5789,55.6896],[12.5801,55.6895]]]},"properties":{"sourceId":"ais_par3.134928","a_type":5120,"hectares":0.425}},{"type":"Feature","id":"ais_par3.134929","geometry":{"type":"Polygon","coordinates":[[[12.5744,55.687],[12.5744,55.687],[12.5741,55.687],[12.574,55.687],[12.5741,55.6873],[12.5743,55.6875],[12.5743,55.6875],[12.5745,55.6874],[12.5746,55.6874],[12.5744,55.687]]]},"properties":{"sourceId":"ais_par3.134929","a_type":5120,"hectares":0.127}},{"type":"Feature","id":"ais_par3.134930","geometry":{"type":"Polygon","coordinates":[[[12.5739,55.686],[12.5741,55.6861],[12.5742,55.6864],[12.5742,55.6866],[12.574,55.6867],[12.574,55.6869],[12.5743,55.6869],[12.5748,55.6863],[12.5747,55.686],[12.5745,55.6859],[12.5743,55.6857],[12.574,55.6856],[12.5735,55.6856],[12.5733,55.6858],[12.5733,55.686],[12.5735,55.6861],[12.5739,55.686]]]},"properties":{"sourceId":"ais_par3.134930","a_type":5120,"hectares":0.602}},{"type":"Feature","id":"ais_par3.134952","geometry":{"type":"Polygon","coordinates":[[[12.5081,55.7066],[12.5078,55.7067],[12.5078,55.7069],[12.5077,55.707],[12.5083,55.7073],[12.5086,55.7073],[12.5091,55.7072],[12.5094,55.707],[12.5093,55.7068],[12.5088,55.7066],[12.5081,55.7066]]]},"properties":{"sourceId":"ais_par3.134952","a_type":5120,"hectares":0.604}},{"type":"Feature","id":"ais_par3.134932","geometry":{"type":"Polygon","coordinates":[[[12.5679,55.682],[12.5681,55.6819],[12.5681,55.6818],[12.5679,55.6816],[12.5675,55.6815],[12.5666,55.6816],[12.5662,55.6814],[12.5661,55.6813],[12.5661,55.681],[12.566,55.6807],[12.5656,55.6808],[12.5654,55.681],[12.5654,55.6812],[12.5659,55.6818],[12.5663,55.682],[12.5668,55.6821],[12.5675,55.6821],[12.5679,55.682]]]},"properties":{"sourceId":"ais_par3.134932","a_type":5120,"hectares":1.115}},{"type":"Feature","id":"ais_par3.134933","geometry":{"type":"Polygon","coordinates":[[[12.5573,55.6811],[12.5574,55.6815],[12.5577,55.6816],[12.5584,55.6815],[12.5596,55.681],[12.56,55.6809],[12.5601,55.6807],[12.5597,55.6794],[12.5597,55.6793],[12.5596,55.6788],[12.5594,55.6781],[12.5586,55.6782],[12.557,55.6783],[12.5567,55.6784],[12.5567,55.6786],[12.5567,55.6788],[12.5568,55.6792],[12.5573,55.6811]]]},"properties":{"sourceId":"ais_par3.134933","a_type":5120,"hectares":6.086}},{"type":"Feature","id":"ais_par3.134934","geometry":{"type":"Polygon","coordinates":[[[12.5661,55.6807],[12.5663,55.6803],[12.5662,55.68],[12.566,55.6799],[12.5657,55.6798],[12.5654,55.6798],[12.5653,55.6798],[12.5653,55.6801],[12.5654,55.6803],[12.5654,55.6806],[12.5656,55.6806],[12.5661,55.6807]]]},"properties":{"sourceId":"ais_par3.134934","a_type":5120,"hectares":0.492}},{"type":"Feature","id":"ais_par3.134935","geometry":{"type":"Polygon","coordinates":[[[12.5592,55.6774],[12.559,55.6766],[12.5589,55.6766],[12.5589,55.6762],[12.5588,55.6761],[12.5588,55.6761],[12.5586,55.6752],[12.5585,55.6752],[12.5584,55.6751],[12.5579,55.6749],[12.5579,55.6749],[12.5575,55.6747],[12.5572,55.6743],[12.5569,55.6743],[12.556,55.6741],[12.5557,55.674],[12.5555,55.6742],[12.5557,55.6748],[12.5557,55.6748],[12.5558,55.6752],[12.5563,55.6771],[12.5565,55.6779],[12.5569,55.6779],[12.5571,55.6778],[12.5584,55.6777],[12.5586,55.6777],[12.5591,55.6777],[12.5592,55.6776],[12.5592,55.6774]]]},"properties":{"sourceId":"ais_par3.134935","a_type":5120,"hectares":6.495}},{"type":"Feature","id":"ais_par3.134936","geometry":{"type":"Polygon","coordinates":[[[12.5693,55.6739],[12.5688,55.6743],[12.5688,55.6744],[12.569,55.6746],[12.5692,55.6746],[12.5693,55.6744],[12.5699,55.6743],[12.5699,55.6741],[12.57,55.674],[12.5702,55.674],[12.5706,55.6739],[12.5706,55.6738],[12.5704,55.6736],[12.57,55.6736],[12.57,55.6738],[12.5693,55.6739]]]},"properties":{"sourceId":"ais_par3.134936","a_type":5120,"hectares":0.535}},{"type":"Feature","id":"ais_par3.134937","geometry":{"type":"Polygon","coordinates":[[[12.5702,55.6731],[12.5702,55.6731],[12.5699,55.6732],[12.5699,55.6732],[12.57,55.6735],[12.57,55.6735],[12.5704,55.6735],[12.5704,55.6734],[12.5704,55.6733],[12.5702,55.6731]]]},"properties":{"sourceId":"ais_par3.134937","a_type":5120,"hectares":0.091}},{"type":"Feature","id":"ais_par3.134942","geometry":{"type":"Polygon","coordinates":[[[12.5783,55.6855],[12.5782,55.6854],[12.5782,55.6854],[12.578,55.6855],[12.578,55.6855],[12.578,55.6856],[12.5781,55.6857],[12.5782,55.6856],[12.5785,55.6858],[12.5783,55.6859],[12.5781,55.6858],[12.5781,55.6858],[12.5779,55.6859],[12.5779,55.6861],[12.5779,55.6862],[12.5787,55.6858],[12.5787,55.6858],[12.5783,55.6855]]]},"properties":{"sourceId":"ais_par3.134942","a_type":5120,"hectares":0.18}},{"type":"Feature","id":"ais_par3.134943","geometry":{"type":"Polygon","coordinates":[[[12.5778,55.6851],[12.5775,55.6849],[12.5774,55.6849],[12.5776,55.685],[12.5767,55.6855],[12.5769,55.6856],[12.5774,55.6854],[12.5774,55.6853],[12.5777,55.6852],[12.5779,55.6854],[12.5781,55.6854],[12.5778,55.6851]]]},"properties":{"sourceId":"ais_par3.134943","a_type":5120,"hectares":0.233}},{"type":"Feature","id":"ais_par3.134944","geometry":{"type":"Polygon","coordinates":[[[12.4866,55.6776],[12.4866,55.6776],[12.4865,55.6777],[12.4865,55.6777],[12.4865,55.6777],[12.4867,55.6777],[12.4868,55.6777],[12.4868,55.6777],[12.4866,55.6776]]]},"properties":{"sourceId":"ais_par3.134944","a_type":5120,"hectares":0.013}},{"type":"Feature","id":"ais_par3.134948","geometry":{"type":"Polygon","coordinates":[[[12.4738,55.6813],[12.4738,55.6813],[12.4739,55.6813],[12.474,55.6812],[12.4749,55.6808],[12.475,55.6808],[12.4757,55.6805],[12.4761,55.6803],[12.4764,55.68],[12.4765,55.6798],[12.477,55.6794],[12.477,55.6794],[12.4779,55.6787],[12.4782,55.6786],[12.4784,55.6783],[12.4788,55.6776],[12.4789,55.6774],[12.4792,55.677],[12.4792,55.677],[12.4795,55.6767],[12.4799,55.6764],[12.4802,55.6763],[12.481,55.6763],[12.4811,55.6763],[12.4816,55.6764],[12.4824,55.6768],[12.4824,55.6769],[12.4832,55.6772],[12.4839,55.6774],[12.4843,55.6775],[12.4845,55.6775],[12.4853,55.6777],[12.4857,55.6776],[12.4863,55.6772],[12.4864,55.6771],[12.486,55.677],[12.4849,55.6763],[12.4848,55.6763],[12.4843,55.6759],[12.4842,55.6759],[12.4841,55.675],[12.484,55.6745],[12.484,55.6745],[12.4839,55.674],[12.4835,55.6738],[12.4832,55.6737],[12.483,55.6736],[12.4824,55.6735],[12.4819,55.6731],[12.4813,55.673],[12.4811,55.6729],[12.4807,55.6729],[12.4801,55.6729],[12.48,55.6729],[12.4798,55.6729],[12.4771,55.6729],[12.4761,55.6729],[12.4753,55.6731],[12.4747,55.6733],[12.4743,55.6736],[12.474,55.6742],[12.4739,55.6742],[12.4735,55.6746],[12.4733,55.6755],[12.4733,55.6756],[12.4733,55.6757],[12.4732,55.6759],[12.4733,55.676],[12.4727,55.6768],[12.4726,55.6772],[12.4726,55.6773],[12.4726,55.6774],[12.4725,55.6776],[12.472,55.6782],[12.4719,55.6782],[12.4715,55.6785],[12.4715,55.6786],[12.4712,55.6787],[12.4708,55.679],[12.4706,55.6794],[12.4705,55.6794],[12.4703,55.6798],[12.4699,55.6802],[12.4699,55.6804],[12.4702,55.6805],[12.471,55.6807],[12.4712,55.6808],[12.4724,55.6811],[12.4738,55.6813]],[[12.4758,55.6787],[12.476,55.6788],[12.4759,55.6789],[12.4755,55.679],[12.4753,55.6788],[12.4758,55.6787]]]},"properties":{"sourceId":"ais_par3.134948","a_type":5120,"hectares":46.618}},{"type":"Feature","id":"ais_par3.134949","geometry":{"type":"Polygon","coordinates":[[[12.494,55.7223],[12.4929,55.7223],[12.4925,55.7225],[12.4925,55.7226],[12.4935,55.7228],[12.4936,55.7228],[12.4943,55.7227],[12.4944,55.7226],[12.4944,55.7225],[12.494,55.7223]]]},"properties":{"sourceId":"ais_par3.134949","a_type":5120,"hectares":0.46}},{"type":"Feature","id":"ais_par3.134950","geometry":{"type":"Polygon","coordinates":[[[12.5683,55.7146],[12.5678,55.7144],[12.5663,55.7142],[12.5661,55.7142],[12.5659,55.7143],[12.5658,55.7146],[12.566,55.7148],[12.5677,55.7152],[12.568,55.7152],[12.5684,55.7149],[12.5684,55.7147],[12.5683,55.7146]]]},"properties":{"sourceId":"ais_par3.134950","a_type":5120,"hectares":1.189}},{"type":"Feature","id":"ais_par3.134953","geometry":{"type":"Polygon","coordinates":[[[12.567,55.7034],[12.5669,55.7034],[12.5667,55.7033],[12.5666,55.7029],[12.5669,55.7027],[12.5669,55.7024],[12.5667,55.7023],[12.5664,55.7022],[12.5663,55.7021],[12.566,55.7018],[12.5659,55.7017],[12.566,55.7015],[12.5659,55.7012],[12.5657,55.7011],[12.5649,55.701],[12.5649,55.7011],[12.5654,55.7018],[12.5653,55.702],[12.5653,55.7027],[12.5657,55.7029],[12.566,55.7031],[12.5661,55.7031],[12.5662,55.7031],[12.5662,55.7032],[12.5662,55.7035],[12.5659,55.7037],[12.566,55.7038],[12.5661,55.704],[12.5664,55.7039],[12.5666,55.7037],[12.5669,55.7036],[12.567,55.7034]]]},"properties":{"sourceId":"ais_par3.134953","a_type":5120,"hectares":1.809}},{"type":"Feature","id":"ais_par3.134954","geometry":{"type":"Polygon","coordinates":[[[12.5042,55.7001],[12.5049,55.7004],[12.5053,55.7007],[12.5057,55.7008],[12.506,55.7008],[12.5061,55.7006],[12.5054,55.7001],[12.5045,55.699],[12.504,55.6987],[12.5038,55.6987],[12.5038,55.6996],[12.5039,55.6998],[12.5042,55.7001]]]},"properties":{"sourceId":"ais_par3.134954","a_type":5120,"hectares":1.427}},{"type":"Feature","id":"ais_par3.134955","geometry":{"type":"Polygon","coordinates":[[[12.5769,55.6968],[12.5784,55.6975],[12.5786,55.6975],[12.5792,55.6967],[12.5795,55.6961],[12.5777,55.6952],[12.576,55.6944],[12.5753,55.6936],[12.5748,55.6929],[12.5732,55.6919],[12.5721,55.6913],[12.571,55.6916],[12.5702,55.692],[12.5701,55.6921],[12.5705,55.6926],[12.5722,55.6937],[12.5724,55.6938],[12.5734,55.695],[12.5741,55.6955],[12.5769,55.6968]]]},"properties":{"sourceId":"ais_par3.134955","a_type":5120,"hectares":13.414}},{"type":"Feature","id":"ais_par3.134956","geometry":{"type":"Polygon","coordinates":[[[12.5951,55.6934],[12.5954,55.6933],[12.5952,55.6929],[12.595,55.6929],[12.5947,55.693],[12.5947,55.6932],[12.5946,55.6933],[12.5934,55.6937],[12.5931,55.6938],[12.593,55.6937],[12.5928,55.693],[12.5928,55.6928],[12.5929,55.6926],[12.5924,55.6921],[12.5919,55.6921],[12.5908,55.6915],[12.5907,55.6914],[12.5907,55.6913],[12.592,55.6907],[12.5925,55.6907],[12.5927,55.6904],[12.5928,55.6904],[12.593,55.6902],[12.5928,55.69],[12.5928,55.6899],[12.593,55.6891],[12.5932,55.689],[12.5934,55.689],[12.5942,55.6893],[12.5947,55.6895],[12.5949,55.6897],[12.5953,55.6898],[12.5954,55.6896],[12.5954,55.6894],[12.595,55.6893],[12.5935,55.6887],[12.5932,55.6887],[12.5928,55.6888],[12.5923,55.69],[12.5922,55.6903],[12.5921,55.6904],[12.592,55.6904],[12.5918,55.6905],[12.5902,55.6912],[12.5902,55.6915],[12.5903,55.6917],[12.5912,55.6921],[12.5919,55.6924],[12.5921,55.6927],[12.5923,55.6929],[12.5924,55.6934],[12.5926,55.694],[12.5928,55.6941],[12.5931,55.6941],[12.5935,55.694],[12.5943,55.6938],[12.5951,55.6934]]]},"properties":{"sourceId":"ais_par3.134956","a_type":5120,"hectares":3.423}},{"type":"Feature","id":"ais_par3.134957","geometry":{"type":"Polygon","coordinates":[[[12.592,55.6936],[12.592,55.6932],[12.5919,55.693],[12.5911,55.6929],[12.591,55.693],[12.592,55.6936]]]},"properties":{"sourceId":"ais_par3.134957","a_type":5120,"hectares":0.255}},{"type":"Feature","id":"ais_par3.134958","geometry":{"type":"Polygon","coordinates":[[[12.5985,55.6933],[12.5987,55.6931],[12.5985,55.6919],[12.5984,55.6918],[12.598,55.6916],[12.5979,55.6915],[12.5979,55.6912],[12.5981,55.6911],[12.5984,55.691],[12.5984,55.6902],[12.5984,55.6902],[12.5981,55.6901],[12.5978,55.6901],[12.5978,55.6903],[12.5974,55.6909],[12.597,55.691],[12.597,55.6917],[12.597,55.6918],[12.5974,55.6919],[12.5979,55.693],[12.5977,55.6931],[12.5966,55.693],[12.5961,55.693],[12.5958,55.6928],[12.5953,55.6929],[12.5955,55.6933],[12.5968,55.6933],[12.5978,55.6934],[12.5979,55.6934],[12.5985,55.6933]]]},"properties":{"sourceId":"ais_par3.134958","a_type":5120,"hectares":2.65}},{"type":"Feature","id":"ais_par3.134959","geometry":{"type":"Polygon","coordinates":[[[12.5909,55.6929],[12.5909,55.6928],[12.5913,55.6923],[12.59,55.6917],[12.5897,55.6917],[12.589,55.6914],[12.5888,55.6914],[12.5888,55.6915],[12.5889,55.6916],[12.5891,55.6918],[12.5906,55.6924],[12.5907,55.6924],[12.5904,55.6926],[12.5904,55.6926],[12.5908,55.6929],[12.5909,55.6929]]]},"properties":{"sourceId":"ais_par3.134959","a_type":5120,"hectares":0.683}},{"type":"Feature","id":"ais_par3.134960","geometry":{"type":"Polygon","coordinates":[[[12.5851,55.6923],[12.5858,55.6922],[12.5855,55.6921],[12.5852,55.692],[12.585,55.692],[12.5849,55.6918],[12.5848,55.6917],[12.5842,55.6912],[12.5838,55.6909],[12.5837,55.6909],[12.5837,55.691],[12.5838,55.6911],[12.584,55.6913],[12.5839,55.6914],[12.584,55.6916],[12.5828,55.6919],[12.583,55.692],[12.5831,55.692],[12.5843,55.6918],[12.5844,55.692],[12.5847,55.6922],[12.5851,55.6923]]]},"properties":{"sourceId":"ais_par3.134960","a_type":5120,"hectares":0.661}},{"type":"Feature","id":"ais_par3.134961","geometry":{"type":"Polygon","coordinates":[[[12.59,55.691],[12.5912,55.6905],[12.5913,55.6904],[12.591,55.6899],[12.5911,55.6898],[12.5921,55.6898],[12.5924,55.6887],[12.5923,55.6886],[12.5922,55.6886],[12.5918,55.6889],[12.5917,55.6895],[12.591,55.6896],[12.5906,55.6899],[12.5908,55.6904],[12.5907,55.6904],[12.5893,55.6909],[12.5889,55.6914],[12.5897,55.691],[12.59,55.691]]]},"properties":{"sourceId":"ais_par3.134961","a_type":5120,"hectares":1.053}},{"type":"Feature","id":"ais_par3.134962","geometry":{"type":"Polygon","coordinates":[[[12.5708,55.6909],[12.5708,55.6907],[12.5708,55.6907],[12.5706,55.6904],[12.5683,55.6889],[12.5661,55.6872],[12.5655,55.6867],[12.565,55.6867],[12.5648,55.6865],[12.5632,55.6871],[12.5632,55.6876],[12.5649,55.6889],[12.5664,55.69],[12.5672,55.6905],[12.5676,55.6908],[12.5676,55.6908],[12.568,55.691],[12.5686,55.6913],[12.5695,55.6916],[12.5708,55.6909]]]},"properties":{"sourceId":"ais_par3.134962","a_type":5120,"hectares":10.49}},{"type":"Feature","id":"ais_par3.134963","geometry":{"type":"Polygon","coordinates":[[[12.5816,55.6912],[12.5827,55.6911],[12.5829,55.691],[12.5833,55.691],[12.5836,55.6908],[12.5833,55.6906],[12.5813,55.6909],[12.5812,55.6908],[12.581,55.6908],[12.5809,55.6905],[12.5807,55.6896],[12.5805,55.6895],[12.5803,55.6895],[12.5801,55.6897],[12.5802,55.69],[12.5802,55.6903],[12.5804,55.6906],[12.5806,55.691],[12.5808,55.6911],[12.5816,55.6912]]]},"properties":{"sourceId":"ais_par3.134963","a_type":5120,"hectares":1.173}},{"type":"Feature","id":"ais_par3.134964","geometry":{"type":"Polygon","coordinates":[[[12.5247,55.7221],[12.5245,55.7221],[12.5244,55.7221],[12.5245,55.7223],[12.5245,55.7223],[12.525,55.7224],[12.5251,55.7224],[12.5251,55.7222],[12.5247,55.7221]]]},"properties":{"sourceId":"ais_par3.134964","a_type":5120,"hectares":0.093}},{"type":"Feature","id":"ais_par3.134965","geometry":{"type":"Polygon","coordinates":[[[12.5382,55.7156],[12.5382,55.7156],[12.5381,55.7158],[12.5383,55.7161],[12.5383,55.7161],[12.5384,55.7161],[12.5385,55.7159],[12.5385,55.7157],[12.5382,55.7156]]]},"properties":{"sourceId":"ais_par3.134965","a_type":5120,"hectares":0.08}},{"type":"Feature","id":"ais_par3.134966","geometry":{"type":"Polygon","coordinates":[[[12.4981,55.7029],[12.4981,55.7029],[12.498,55.703],[12.498,55.7031],[12.4981,55.7031],[12.4985,55.7031],[12.4985,55.7031],[12.4985,55.7031],[12.4985,55.7031],[12.4981,55.7029]]]},"properties":{"sourceId":"ais_par3.134966","a_type":5120,"hectares":0.051}},{"type":"Feature","id":"ais_par3.134967","geometry":{"type":"Polygon","coordinates":[[[12.5207,55.7222],[12.5214,55.7222],[12.5222,55.7222],[12.5224,55.7225],[12.5226,55.7225],[12.5226,55.7221],[12.5228,55.7219],[12.5232,55.7217],[12.5235,55.7213],[12.5238,55.7209],[12.5242,55.7206],[12.5248,55.7202],[12.5251,55.7199],[12.5259,55.72],[12.5261,55.7201],[12.5263,55.7201],[12.5266,55.7202],[12.527,55.7203],[12.5272,55.7206],[12.5278,55.7207],[12.5279,55.7206],[12.5282,55.7205],[12.5282,55.7205],[12.5283,55.7205],[12.5287,55.7202],[12.5288,55.72],[12.5287,55.7198],[12.529,55.7198],[12.529,55.7197],[12.5286,55.7196],[12.5282,55.7193],[12.5276,55.7191],[12.5256,55.719],[12.525,55.719],[12.5237,55.7188],[12.5223,55.7188],[12.5212,55.7187],[12.52,55.7185],[12.5194,55.7183],[12.5188,55.718],[12.5186,55.7174],[12.519,55.7171],[12.5189,55.7171],[12.5186,55.7173],[12.5184,55.7174],[12.5184,55.7174],[12.5183,55.7174],[12.5176,55.7176],[12.5173,55.7175],[12.5173,55.7175],[12.517,55.7172],[12.5166,55.7172],[12.5165,55.7173],[12.5156,55.7177],[12.5149,55.718],[12.5144,55.7184],[12.5141,55.7187],[12.514,55.7188],[12.514,55.7188],[12.5139,55.7188],[12.5135,55.7188],[12.5134,55.7188],[12.5134,55.719],[12.5137,55.719],[12.5137,55.719],[12.5137,55.7191],[12.5138,55.7192],[12.5137,55.7194],[12.514,55.7199],[12.5144,55.7204],[12.5147,55.721],[12.515,55.7214],[12.5151,55.7215],[12.5159,55.7218],[12.5163,55.7221],[12.5154,55.7225],[12.5156,55.7225],[12.5164,55.7222],[12.5168,55.7224],[12.5174,55.7225],[12.5178,55.7224],[12.5179,55.7224],[12.5179,55.7224],[12.5194,55.7224],[12.5207,55.7222]],[[12.5269,55.7192],[12.5271,55.7191],[12.5276,55.7192],[12.5281,55.7193],[12.5284,55.7196],[12.5282,55.7196],[12.5276,55.7196],[12.5272,55.7193],[12.5268,55.7193],[12.5267,55.7192],[12.5269,55.7192]],[[12.5264,55.7199],[12.5275,55.7203],[12.5276,55.7205],[12.5276,55.7206],[12.5273,55.7205],[12.527,55.7202],[12.5262,55.7199],[12.5261,55.7198],[12.5256,55.7198],[12.5256,55.7197],[12.5258,55.7197],[12.5263,55.7198],[12.5264,55.7199]],[[12.5254,55.719],[12.5263,55.7192],[12.5263,55.7193],[12.5262,55.7194],[12.5256,55.7192],[12.5252,55.7192],[12.5251,55.7192],[12.5249,55.7193],[12.5248,55.7193],[12.5246,55.7192],[12.5246,55.719],[12.5247,55.719],[12.5254,55.719]],[[12.5221,55.7189],[12.5227,55.719],[12.5234,55.7189],[12.5236,55.719],[12.523,55.7192],[12.5226,55.7193],[12.5222,55.7191],[12.522,55.719],[12.5221,55.7189]],[[12.5191,55.7199],[12.5196,55.7197],[12.5199,55.7196],[12.5204,55.7197],[12.5205,55.7198],[12.5206,55.72],[12.5205,55.7202],[12.52,55.7205],[12.5197,55.7206],[12.5193,55.7205],[12.5191,55.7204],[12.5186,55.7204],[12.5188,55.7201],[12.5191,55.7199]],[[12.5191,55.7218],[12.5188,55.7217],[12.5186,55.7214],[12.5187,55.7212],[12.519,55.7211],[12.5195,55.7212],[12.5201,55.7212],[12.5206,55.7213],[12.5218,55.7217],[12.5221,55.722],[12.5218,55.7221],[12.5213,55.7221],[12.5204,55.7221],[12.5194,55.7222],[12.5191,55.7221],[12.5192,55.722],[12.5191,55.7218]]]},"properties":{"sourceId":"ais_par3.134967","a_type":5120,"hectares":27.478}},{"type":"Feature","id":"ais_par3.134972","geometry":{"type":"Polygon","coordinates":[[[12.5519,55.7233],[12.5521,55.7234],[12.5522,55.7234],[12.5537,55.7233],[12.554,55.7226],[12.5532,55.7226],[12.5527,55.7226],[12.5513,55.7226],[12.5507,55.7228],[12.5506,55.7228],[12.5502,55.7225],[12.5497,55.7217],[12.5493,55.7216],[12.5483,55.7217],[12.5471,55.7217],[12.5468,55.7223],[12.5468,55.7226],[12.5462,55.7227],[12.5462,55.7228],[12.5469,55.7227],[12.547,55.7229],[12.548,55.723],[12.5496,55.7237],[12.55,55.7238],[12.5511,55.7237],[12.5517,55.7235],[12.5518,55.7233],[12.5519,55.7233]]]},"properties":{"sourceId":"ais_par3.134972","a_type":5120,"hectares":5.709}},{"type":"Feature","id":"ais_par3.134973","geometry":{"type":"Polygon","coordinates":[[[12.5674,55.7226],[12.5674,55.7225],[12.5672,55.7224],[12.5664,55.7217],[12.5653,55.7214],[12.5649,55.7213],[12.5648,55.7214],[12.5648,55.7216],[12.5644,55.7219],[12.5643,55.7218],[12.5644,55.7216],[12.5647,55.7215],[12.5646,55.7213],[12.5643,55.7214],[12.5641,55.7216],[12.5641,55.7219],[12.5643,55.722],[12.5644,55.722],[12.5644,55.7221],[12.5647,55.7222],[12.5648,55.7224],[12.5651,55.7223],[12.5651,55.7222],[12.5649,55.722],[12.5653,55.7217],[12.5655,55.7217],[12.5656,55.7218],[12.5652,55.7222],[12.5652,55.7223],[12.5654,55.7223],[12.5654,55.7224],[12.5665,55.7228],[12.567,55.7226],[12.5674,55.7226]],[[12.5666,55.7224],[12.5662,55.7221],[12.5663,55.7219],[12.5668,55.7223],[12.5666,55.7224]]]},"properties":{"sourceId":"ais_par3.134973","a_type":5120,"hectares":1.461}},{"type":"Feature","id":"ais_par3.134975","geometry":{"type":"Polygon","coordinates":[[[12.5034,55.711],[12.5041,55.7113],[12.5045,55.7118],[12.5045,55.7118],[12.5045,55.7118],[12.5048,55.7122],[12.5048,55.7124],[12.5049,55.7123],[12.5048,55.712],[12.5047,55.7117],[12.5056,55.7112],[12.5057,55.7109],[12.5057,55.7107],[12.5054,55.7104],[12.5046,55.71],[12.5044,55.7098],[12.5042,55.7094],[12.5039,55.7093],[12.5026,55.7095],[12.5019,55.7097],[12.5018,55.7099],[12.5018,55.7099],[12.5018,55.7101],[12.5026,55.7107],[12.5034,55.711]]]},"properties":{"sourceId":"ais_par3.134975","a_type":5120,"hectares":3.654}},{"type":"Feature","id":"ais_par3.134990","geometry":{"type":"Polygon","coordinates":[[[12.4697,55.6804],[12.4698,55.68],[12.4701,55.6796],[12.4705,55.679],[12.4707,55.6788],[12.4712,55.6784],[12.4718,55.678],[12.4722,55.6777],[12.4723,55.6772],[12.4725,55.6768],[12.4724,55.6768],[12.4722,55.6772],[12.4722,55.6776],[12.4716,55.678],[12.471,55.6784],[12.4706,55.6788],[12.4703,55.679],[12.47,55.6796],[12.4695,55.6803],[12.4697,55.6804]]]},"properties":{"sourceId":"ais_par3.134990","a_type":5120,"hectares":0.319}},{"type":"Feature","id":"ais_par3.134991","geometry":{"type":"Polygon","coordinates":[[[12.4725,55.6767],[12.4728,55.6764],[12.473,55.676],[12.4731,55.6756],[12.4732,55.6749],[12.4733,55.6746],[12.4736,55.6742],[12.4738,55.6741],[12.4741,55.6735],[12.4743,55.6732],[12.4743,55.673],[12.4742,55.673],[12.4742,55.6732],[12.4737,55.674],[12.4733,55.6743],[12.4732,55.6746],[12.473,55.6749],[12.473,55.6754],[12.4729,55.676],[12.4726,55.6764],[12.4724,55.6767],[12.4725,55.6767]]]},"properties":{"sourceId":"ais_par3.134991","a_type":5120,"hectares":0.31}},{"type":"Feature","id":"ais_par3.134976","geometry":{"type":"Polygon","coordinates":[[[12.4979,55.7161],[12.4985,55.7161],[12.4988,55.7159],[12.5003,55.7162],[12.501,55.7156],[12.5015,55.7152],[12.5015,55.7149],[12.5013,55.714],[12.5014,55.7137],[12.501,55.7133],[12.5003,55.713],[12.4999,55.7129],[12.4995,55.7128],[12.4991,55.7128],[12.4988,55.713],[12.4985,55.7131],[12.498,55.713],[12.4976,55.7128],[12.4967,55.7127],[12.4957,55.7127],[12.4951,55.7127],[12.495,55.7126],[12.4948,55.7125],[12.4947,55.7122],[12.4945,55.7122],[12.4943,55.7121],[12.4943,55.7117],[12.4943,55.7116],[12.4942,55.7115],[12.4942,55.7115],[12.4933,55.7112],[12.492,55.7112],[12.491,55.7114],[12.4901,55.7112],[12.4889,55.7109],[12.4878,55.7105],[12.4873,55.71],[12.4875,55.7099],[12.4875,55.7099],[12.4872,55.7099],[12.4869,55.7096],[12.4867,55.7093],[12.4868,55.7092],[12.4866,55.7093],[12.4863,55.709],[12.4861,55.7091],[12.4859,55.7092],[12.4862,55.7097],[12.486,55.7103],[12.4861,55.7109],[12.4864,55.7114],[12.4866,55.7119],[12.4878,55.7126],[12.4885,55.7129],[12.4891,55.7133],[12.4893,55.714],[12.4896,55.7142],[12.4897,55.7144],[12.4897,55.7145],[12.4898,55.7145],[12.4899,55.7146],[12.49,55.7148],[12.4895,55.7147],[12.4889,55.7147],[12.4877,55.715],[12.4878,55.7151],[12.4887,55.7148],[12.4893,55.715],[12.4898,55.715],[12.4901,55.715],[12.4901,55.715],[12.4912,55.7152],[12.4928,55.7158],[12.4934,55.7158],[12.4944,55.7162],[12.4951,55.7165],[12.4961,55.7166],[12.4966,55.7166],[12.4974,55.7162],[12.4979,55.7161]],[[12.5004,55.7144],[12.5011,55.7144],[12.5013,55.7145],[12.5013,55.7149],[12.5012,55.7151],[12.5008,55.7153],[12.5001,55.7144],[12.5004,55.7144]],[[12.5005,55.7152],[12.5007,55.7155],[12.5005,55.7157],[12.5,55.716],[12.4992,55.7157],[12.4986,55.7153],[12.4984,55.715],[12.4985,55.7148],[12.4991,55.7152],[12.4996,55.7152],[12.5,55.715],[12.5002,55.7147],[12.5005,55.7152]],[[12.4982,55.7158],[12.4986,55.7159],[12.4985,55.716],[12.4973,55.7161],[12.4967,55.7164],[12.4966,55.7163],[12.4969,55.716],[12.4972,55.7159],[12.4975,55.7159],[12.4982,55.7158]],[[12.4936,55.7158],[12.4934,55.7157],[12.4936,55.7156],[12.4945,55.7156],[12.4948,55.7157],[12.4948,55.7158],[12.4948,55.7159],[12.495,55.7159],[12.4951,55.7158],[12.4954,55.7159],[12.4952,55.716],[12.4953,55.7164],[12.4949,55.7163],[12.4936,55.7158]],[[12.4946,55.7147],[12.4947,55.7148],[12.4945,55.7149],[12.4946,55.715],[12.494,55.7149],[12.4942,55.7149],[12.4943,55.7148],[12.4946,55.7147]],[[12.492,55.7135],[12.4919,55.7141],[12.492,55.7142],[12.4919,55.7143],[12.4916,55.7144],[12.4911,55.7143],[12.4906,55.7138],[12.4906,55.7137],[12.4909,55.7136],[12.4908,55.7129],[12.4911,55.7127],[12.4912,55.7126],[12.4919,55.7127],[12.4928,55.7126],[12.4935,55.7127],[12.4935,55.7129],[12.4933,55.713],[12.4922,55.7132],[12.492,55.7135]]]},"properties":{"sourceId":"ais_par3.134976","a_type":5120,"hectares":32.165}},{"type":"Feature","id":"ais_par3.134979","geometry":{"type":"Polygon","coordinates":[[[12.4648,55.7144],[12.4657,55.715],[12.4663,55.7154],[12.4663,55.7158],[12.4663,55.7163],[12.4667,55.7164],[12.4675,55.7163],[12.4681,55.7163],[12.4688,55.7164],[12.4695,55.7166],[12.4695,55.7164],[12.4687,55.7163],[12.4678,55.716],[12.4673,55.7159],[12.4672,55.716],[12.4675,55.7161],[12.4675,55.7162],[12.4671,55.7163],[12.4667,55.7163],[12.4666,55.7163],[12.4665,55.7161],[12.4665,55.7159],[12.4668,55.7158],[12.467,55.7159],[12.4671,55.7158],[12.4665,55.7154],[12.465,55.7143],[12.4648,55.7144]]]},"properties":{"sourceId":"ais_par3.134979","a_type":5120,"hectares":0.864}},{"type":"Feature","id":"ais_par3.134981","geometry":{"type":"Polygon","coordinates":[[[12.4574,55.7142],[12.4578,55.7146],[12.458,55.7149],[12.4584,55.7158],[12.4586,55.7163],[12.4588,55.7163],[12.4584,55.7155],[12.4581,55.7148],[12.458,55.7145],[12.4575,55.7142],[12.4574,55.7142]]]},"properties":{"sourceId":"ais_par3.134981","a_type":5120,"hectares":0.26}},{"type":"Feature","id":"ais_par3.134982","geometry":{"type":"Polygon","coordinates":[[[12.453,55.7119],[12.453,55.7124],[12.4536,55.7126],[12.4543,55.7131],[12.4549,55.7134],[12.4555,55.7136],[12.4564,55.7139],[12.457,55.714],[12.4573,55.7141],[12.4574,55.7141],[12.4562,55.7138],[12.4552,55.7135],[12.4548,55.7133],[12.4542,55.7129],[12.4537,55.7126],[12.4532,55.7124],[12.4531,55.712],[12.453,55.7119]]]},"properties":{"sourceId":"ais_par3.134982","a_type":5120,"hectares":0.285}},{"type":"Feature","id":"ais_par3.134983","geometry":{"type":"Polygon","coordinates":[[[12.4561,55.7081],[12.457,55.7087],[12.4581,55.7095],[12.4594,55.7105],[12.4602,55.711],[12.461,55.7116],[12.4613,55.7118],[12.4614,55.7117],[12.461,55.7114],[12.4611,55.711],[12.4611,55.7109],[12.4609,55.7108],[12.4602,55.7108],[12.4595,55.7103],[12.4585,55.7096],[12.4571,55.7085],[12.4572,55.7083],[12.4569,55.708],[12.4563,55.708],[12.4561,55.7081]]]},"properties":{"sourceId":"ais_par3.134983","a_type":5120,"hectares":1.088}},{"type":"Feature","id":"ais_par3.134984","geometry":{"type":"Polygon","coordinates":[[[12.4542,55.7067],[12.4551,55.7073],[12.456,55.708],[12.4561,55.7079],[12.4561,55.7077],[12.4555,55.7074],[12.4544,55.7067],[12.4542,55.7067]]]},"properties":{"sourceId":"ais_par3.134984","a_type":5120,"hectares":0.311}},{"type":"Feature","id":"ais_par3.134985","geometry":{"type":"Polygon","coordinates":[[[12.4547,55.7062],[12.4552,55.7056],[12.4556,55.705],[12.4562,55.7047],[12.457,55.7043],[12.458,55.7041],[12.4593,55.7038],[12.46,55.7036],[12.4609,55.7033],[12.4614,55.7032],[12.4622,55.7032],[12.4632,55.7031],[12.4635,55.703],[12.4639,55.7027],[12.4642,55.7024],[12.4642,55.702],[12.464,55.7016],[12.464,55.7011],[12.4638,55.7011],[12.4639,55.7017],[12.464,55.7023],[12.4639,55.7026],[12.4634,55.7029],[12.4632,55.703],[12.4622,55.7031],[12.4611,55.7031],[12.4597,55.7035],[12.4587,55.7038],[12.458,55.704],[12.4573,55.7041],[12.4568,55.7043],[12.4561,55.7046],[12.4557,55.7049],[12.4552,55.7052],[12.4546,55.7061],[12.4547,55.7062]]]},"properties":{"sourceId":"ais_par3.134985","a_type":5120,"hectares":1.043}},{"type":"Feature","id":"ais_par3.134986","geometry":{"type":"Polygon","coordinates":[[[12.464,55.7008],[12.4641,55.7],[12.4643,55.6992],[12.4642,55.6987],[12.4639,55.6974],[12.4638,55.6975],[12.4639,55.6981],[12.4642,55.6988],[12.4642,55.6993],[12.4641,55.7001],[12.4639,55.7008],[12.464,55.7008]]]},"properties":{"sourceId":"ais_par3.134986","a_type":5120,"hectares":0.225}},{"type":"Feature","id":"ais_par3.134987","geometry":{"type":"Polygon","coordinates":[[[12.4637,55.6974],[12.4638,55.6974],[12.4636,55.6968],[12.4637,55.6964],[12.4639,55.696],[12.4646,55.6954],[12.4654,55.6947],[12.466,55.694],[12.4666,55.6935],[12.467,55.6932],[12.4672,55.6923],[12.4673,55.6917],[12.4671,55.6917],[12.467,55.6923],[12.4669,55.6926],[12.4669,55.6929],[12.4667,55.6933],[12.4662,55.6937],[12.4657,55.6942],[12.465,55.6948],[12.4642,55.6956],[12.4636,55.6961],[12.4635,55.6964],[12.4635,55.6966],[12.4635,55.697],[12.4637,55.6974]]]},"properties":{"sourceId":"ais_par3.134987","a_type":5120,"hectares":0.698}},{"type":"Feature","id":"ais_par3.134988","geometry":{"type":"Polygon","coordinates":[[[12.4677,55.6909],[12.4683,55.6905],[12.4688,55.69],[12.4695,55.6895],[12.47,55.6891],[12.4705,55.6886],[12.4711,55.688],[12.4715,55.6875],[12.4715,55.6873],[12.4715,55.6869],[12.4715,55.6863],[12.4715,55.6856],[12.4715,55.685],[12.4719,55.6843],[12.4718,55.6843],[12.4715,55.6848],[12.4714,55.6854],[12.4713,55.6861],[12.4714,55.6866],[12.4714,55.6871],[12.4714,55.6875],[12.4709,55.6881],[12.4704,55.6886],[12.47,55.689],[12.469,55.6897],[12.4685,55.6901],[12.468,55.6905],[12.4676,55.6909],[12.4677,55.6909]]]},"properties":{"sourceId":"ais_par3.134988","a_type":5120,"hectares":0.685}},{"type":"Feature","id":"ais_par3.134989","geometry":{"type":"Polygon","coordinates":[[[12.472,55.6842],[12.4724,55.6838],[12.473,55.6829],[12.4731,55.6828],[12.4728,55.6824],[12.4719,55.6815],[12.4702,55.6809],[12.4697,55.6808],[12.4697,55.6805],[12.4695,55.6805],[12.4696,55.6808],[12.4702,55.681],[12.4718,55.6816],[12.4727,55.6824],[12.473,55.6828],[12.4727,55.6833],[12.4719,55.6842],[12.472,55.6842]]]},"properties":{"sourceId":"ais_par3.134989","a_type":5120,"hectares":0.423}},{"type":"Feature","id":"ais_par3.135681","geometry":{"type":"Polygon","coordinates":[[[12.4928,55.7243],[12.4929,55.7243],[12.4929,55.7244],[12.4931,55.7243],[12.493,55.7242],[12.4929,55.7241],[12.4928,55.724],[12.4926,55.7239],[12.4925,55.7239],[12.4924,55.7239],[12.4924,55.7238],[12.4924,55.7237],[12.4923,55.7237],[12.4923,55.7236],[12.4922,55.7237],[12.4923,55.7238],[12.4923,55.7238],[12.4921,55.7238],[12.492,55.7237],[12.492,55.7237],[12.4919,55.7238],[12.492,55.7238],[12.4921,55.7239],[12.4921,55.7239],[12.4922,55.7239],[12.4923,55.7239],[12.4924,55.724],[12.4925,55.7241],[12.4925,55.7242],[12.4925,55.7242],[12.4925,55.7243],[12.4925,55.7244],[12.4927,55.7244],[12.4927,55.7244],[12.4927,55.7243],[12.4927,55.7242],[12.4928,55.7243]]]},"properties":{"sourceId":"ais_par3.135681","a_type":5120,"hectares":0.167}},{"type":"Feature","id":"ais_par3.135698","geometry":{"type":"Polygon","coordinates":[[[12.4949,55.7236],[12.4947,55.7236],[12.4944,55.7236],[12.4941,55.7236],[12.4938,55.7237],[12.4937,55.7238],[12.4937,55.7238],[12.4939,55.7239],[12.494,55.724],[12.4942,55.7239],[12.4944,55.7239],[12.4944,55.7239],[12.4944,55.724],[12.4946,55.724],[12.4949,55.724],[12.4951,55.7239],[12.4952,55.7239],[12.4953,55.724],[12.4954,55.7239],[12.4954,55.7238],[12.4954,55.7236],[12.4953,55.7234],[12.4951,55.7234],[12.4949,55.7233],[12.4948,55.7233],[12.4947,55.7234],[12.4948,55.7234],[12.4949,55.7236],[12.4949,55.7236]]]},"properties":{"sourceId":"ais_par3.135698","a_type":5120,"hectares":0.504}},{"type":"Feature","id":"ais_par3.136428","geometry":{"type":"Polygon","coordinates":[[[12.4616,55.6998],[12.4619,55.6999],[12.4621,55.7],[12.4622,55.7002],[12.4628,55.6999],[12.4631,55.6996],[12.4632,55.6994],[12.4627,55.6993],[12.4622,55.6995],[12.4618,55.6996],[12.4616,55.6998]]]},"properties":{"sourceId":"ais_par3.136428","a_type":5120,"hectares":0.487}},{"type":"Feature","id":"ais_par3.136430","geometry":{"type":"Polygon","coordinates":[[[12.4584,55.69],[12.4584,55.69],[12.4581,55.6896],[12.4578,55.6893],[12.4577,55.6893],[12.4574,55.6894],[12.4571,55.6896],[12.457,55.6898],[12.4571,55.69],[12.4573,55.6902],[12.4576,55.6903],[12.4579,55.6901],[12.4582,55.6901],[12.4584,55.69]]]},"properties":{"sourceId":"ais_par3.136430","a_type":5120,"hectares":0.594}},{"type":"Feature","id":"ais_par3.136872","geometry":{"type":"Polygon","coordinates":[[[12.4582,55.6901],[12.4579,55.6901],[12.4576,55.6903],[12.4573,55.6902],[12.4571,55.69],[12.457,55.6898],[12.4571,55.6896],[12.4574,55.6894],[12.4577,55.6893],[12.4575,55.6892],[12.4572,55.6893],[12.457,55.6894],[12.4569,55.6896],[12.4569,55.6899],[12.457,55.6902],[12.4571,55.6903],[12.4573,55.6904],[12.4575,55.6904],[12.4579,55.6905],[12.4582,55.6904],[12.4584,55.6901],[12.4584,55.69],[12.4582,55.6901]]]},"properties":{"sourceId":"ais_par3.136872","a_type":4120,"hectares":0.355}},{"type":"Feature","id":"ais_par3.137068","geometry":{"type":"Polygon","coordinates":[[[12.4948,55.7231],[12.4946,55.7233],[12.4945,55.7233],[12.4946,55.7234],[12.4945,55.7235],[12.4944,55.7235],[12.4941,55.7235],[12.4939,55.7235],[12.4938,55.7236],[12.4936,55.7237],[12.4935,55.7238],[12.4934,55.7238],[12.4934,55.7239],[12.4935,55.724],[12.4939,55.7241],[12.4943,55.7241],[12.4947,55.7243],[12.4951,55.7243],[12.4953,55.7242],[12.4955,55.7242],[12.4957,55.7242],[12.4959,55.7241],[12.4958,55.7238],[12.4957,55.7237],[12.4954,55.7234],[12.4952,55.7233],[12.495,55.7232],[12.4949,55.7231],[12.4948,55.7231]],[[12.4949,55.7236],[12.4949,55.7236],[12.4948,55.7234],[12.4947,55.7234],[12.4948,55.7233],[12.4949,55.7233],[12.4951,55.7234],[12.4953,55.7234],[12.4954,55.7236],[12.4954,55.7238],[12.4954,55.7239],[12.4953,55.724],[12.4952,55.7239],[12.4951,55.7239],[12.4949,55.724],[12.4946,55.724],[12.4944,55.724],[12.4944,55.7239],[12.4944,55.7239],[12.4942,55.7239],[12.494,55.724],[12.4939,55.7239],[12.4937,55.7238],[12.4937,55.7238],[12.4938,55.7237],[12.4941,55.7236],[12.4944,55.7236],[12.4947,55.7236],[12.4949,55.7236]]]},"properties":{"sourceId":"ais_par3.137068","a_type":4120,"hectares":0.692}},{"type":"Feature","id":"ais_par3.134916","geometry":{"type":"Polygon","coordinates":[[[12.5295,55.6155],[12.53,55.616],[12.5306,55.616],[12.5314,55.6163],[12.5315,55.6155],[12.5295,55.6155]]]},"properties":{"sourceId":"ais_par3.134916","a_type":4210,"hectares":0.726}},{"type":"Feature","id":"ais_par3.134917","geometry":{"type":"Polygon","coordinates":[[[12.5323,55.6155],[12.5323,55.616],[12.5327,55.6159],[12.5329,55.6155],[12.5323,55.6155]]]},"properties":{"sourceId":"ais_par3.134917","a_type":4210,"hectares":0.182}},{"type":"Feature","id":"ais_par3.134918","geometry":{"type":"Polygon","coordinates":[[[12.5263,55.6155],[12.5235,55.6155],[12.5252,55.6162],[12.5263,55.6155]]]},"properties":{"sourceId":"ais_par3.134918","a_type":4210,"hectares":0.68}},{"type":"Feature","id":"ais_par3.134919","geometry":{"type":"Polygon","coordinates":[[[12.5657,55.6154],[12.5638,55.6154],[12.56,55.6154],[12.5564,55.6154],[12.5534,55.6154],[12.5455,55.6154],[12.5446,55.6154],[12.5439,55.6161],[12.5415,55.6164],[12.5426,55.617],[12.5441,55.6175],[12.5438,55.6184],[12.5419,55.6182],[12.5394,55.6186],[12.537,55.6187],[12.5377,55.6179],[12.5375,55.6165],[12.5354,55.6154],[12.5348,55.6154],[12.5338,55.6154],[12.5334,55.6163],[12.5329,55.617],[12.5314,55.6177],[12.5303,55.6166],[12.5288,55.6155],[12.5276,55.6155],[12.5261,55.617],[12.5272,55.6178],[12.5285,55.619],[12.5291,55.6199],[12.5299,55.6193],[12.5312,55.6194],[12.5306,55.6197],[12.5299,55.6207],[12.5308,55.622],[12.5316,55.6211],[12.5326,55.6198],[12.5343,55.62],[12.5326,55.6214],[12.5318,55.6225],[12.5324,55.6238],[12.5333,55.6246],[12.535,55.6255],[12.5367,55.6262],[12.5377,55.6268],[12.5388,55.6277],[12.5409,55.6284],[12.5429,55.6288],[12.5453,55.629],[12.5455,55.6289],[12.5441,55.6281],[12.5429,55.6274],[12.5419,55.6274],[12.5412,55.6274],[12.541,55.6269],[12.5409,55.6264],[12.54,55.6259],[12.5389,55.6252],[12.538,55.6242],[12.5373,55.6232],[12.5364,55.6227],[12.5361,55.6218],[12.5363,55.6206],[12.5365,55.6195],[12.5381,55.6195],[12.5391,55.6197],[12.5387,55.6205],[12.5371,55.6213],[12.5375,55.6221],[12.5391,55.6227],[12.5402,55.6234],[12.5416,55.6242],[12.5427,55.6245],[12.5422,55.6237],[12.5433,55.6237],[12.5452,55.6244],[12.5455,55.625],[12.5464,55.6246],[12.547,55.625],[12.5478,55.6251],[12.5475,55.6257],[12.5478,55.6261],[12.5475,55.6264],[12.5464,55.6272],[12.5461,55.6286],[12.5485,55.6285],[12.5508,55.6288],[12.5543,55.6287],[12.5609,55.6286],[12.5704,55.6283],[12.5657,55.6154]],[[12.5627,55.6166],[12.5623,55.6166],[12.562,55.6169],[12.5617,55.617],[12.5601,55.6172],[12.5599,55.617],[12.5597,55.617],[12.5595,55.6166],[12.5594,55.6164],[12.5597,55.6161],[12.5603,55.616],[12.5617,55.6157],[12.562,55.6157],[12.5625,55.6156],[12.5629,55.6164],[12.5629,55.6165],[12.5627,55.6166]]]},"properties":{"sourceId":"ais_par3.134919","a_type":4210,"hectares":287.089}},{"type":"Feature","id":"ais_par3.134941","geometry":{"type":"Polygon","coordinates":[[[12.5627,55.6166],[12.5629,55.6165],[12.5629,55.6164],[12.5625,55.6156],[12.562,55.6157],[12.5617,55.6157],[12.5603,55.616],[12.5597,55.6161],[12.5594,55.6164],[12.5595,55.6166],[12.5597,55.617],[12.5599,55.617],[12.5601,55.6172],[12.5617,55.617],[12.562,55.6169],[12.5623,55.6166],[12.5627,55.6166]]]},"properties":{"sourceId":"ais_par3.134941","a_type":5120,"hectares":2.471}},{"type":"Feature","id":"ais_par3.135118","geometry":{"type":"Polygon","coordinates":[[[12.5208,55.6156],[12.5209,55.6155],[12.521,55.6155],[12.5211,55.6155],[12.521,55.6155],[12.5209,55.6154],[12.5207,55.6154],[12.5205,55.6154],[12.5204,55.6154],[12.5204,55.6154],[12.5204,55.6155],[12.5205,55.6155],[12.5206,55.6155],[12.5208,55.6156]]]},"properties":{"sourceId":"ais_par3.135118","a_type":5120,"hectares":0.052}},{"type":"Feature","id":"ais_par3.135122","geometry":{"type":"Polygon","coordinates":[[[12.6163,55.6123],[12.6161,55.6123],[12.6159,55.6124],[12.6158,55.6125],[12.6158,55.6126],[12.6159,55.6126],[12.6161,55.6127],[12.6162,55.6126],[12.6162,55.6126],[12.6162,55.6125],[12.6163,55.6124],[12.6163,55.6124],[12.6163,55.6123],[12.6163,55.6123],[12.6163,55.6123]]]},"properties":{"sourceId":"ais_par3.135122","a_type":5120,"hectares":0.086}},{"type":"Feature","id":"ais_par3.135124","geometry":{"type":"Polygon","coordinates":[[[12.6174,55.6129],[12.6176,55.6128],[12.6176,55.6127],[12.6172,55.6127],[12.6169,55.6127],[12.6166,55.6128],[12.6165,55.613],[12.6165,55.6131],[12.6167,55.6132],[12.6168,55.6133],[12.6172,55.6132],[12.6174,55.6132],[12.6175,55.6131],[12.6175,55.613],[12.6174,55.6129],[12.6174,55.6129]]]},"properties":{"sourceId":"ais_par3.135124","a_type":5120,"hectares":0.327}},{"type":"Feature","id":"ais_par3.135125","geometry":{"type":"Polygon","coordinates":[[[12.6083,55.6192],[12.6082,55.6191],[12.6081,55.619],[12.608,55.6189],[12.6078,55.6189],[12.6074,55.6189],[12.6072,55.619],[12.607,55.6191],[12.607,55.6192],[12.6071,55.6193],[12.6074,55.6194],[12.6076,55.6194],[12.6078,55.6194],[12.608,55.6193],[12.6082,55.6192],[12.6083,55.6192]]]},"properties":{"sourceId":"ais_par3.135125","a_type":5120,"hectares":0.339}},{"type":"Feature","id":"ais_par3.135134","geometry":{"type":"Polygon","coordinates":[[[12.5159,55.613],[12.5164,55.6128],[12.5167,55.6127],[12.5169,55.6124],[12.5168,55.6121],[12.5167,55.6119],[12.5167,55.6117],[12.5169,55.6117],[12.517,55.6115],[12.5169,55.6114],[12.5168,55.6113],[12.5167,55.6112],[12.5166,55.6108],[12.5161,55.6104],[12.5153,55.6101],[12.5142,55.6098],[12.513,55.6097],[12.5121,55.6097],[12.5117,55.6099],[12.5115,55.61],[12.5114,55.6103],[12.5117,55.6109],[12.512,55.6114],[12.5124,55.6117],[12.5131,55.6121],[12.5142,55.6125],[12.5152,55.6128],[12.5156,55.613],[12.5159,55.613],[12.5159,55.613]],[[12.5149,55.612],[12.5149,55.612],[12.5148,55.6119],[12.5147,55.6117],[12.5143,55.6112],[12.5142,55.6109],[12.5143,55.6107],[12.5145,55.6106],[12.5148,55.6105],[12.5151,55.6105],[12.5154,55.6106],[12.5156,55.6108],[12.5158,55.6109],[12.5161,55.611],[12.5162,55.6111],[12.5163,55.6111],[12.5165,55.6113],[12.5165,55.6114],[12.5165,55.6116],[12.5165,55.6117],[12.5166,55.6119],[12.5166,55.6122],[12.5164,55.6124],[12.5162,55.6125],[12.5159,55.6125],[12.5156,55.6124],[12.5154,55.6123],[12.5151,55.6121],[12.5149,55.612]]]},"properties":{"sourceId":"ais_par3.135134","a_type":5120,"hectares":6.403}},{"type":"Feature","id":"ais_par3.136581","geometry":{"type":"Polygon","coordinates":[[[12.67,55.6066],[12.67,55.6066],[12.6701,55.6065],[12.6699,55.6064],[12.6697,55.6063],[12.6698,55.6062],[12.6699,55.6061],[12.6699,55.606],[12.6697,55.6059],[12.6698,55.6057],[12.6698,55.6056],[12.6696,55.6055],[12.6694,55.6055],[12.6693,55.6054],[12.6692,55.6053],[12.6692,55.6051],[12.6689,55.6053],[12.6689,55.6056],[12.6689,55.6057],[12.6688,55.6059],[12.6687,55.6062],[12.6685,55.6064],[12.6685,55.6066],[12.6687,55.6066],[12.669,55.6066],[12.67,55.6066]]]},"properties":{"sourceId":"ais_par3.136581","a_type":4210,"hectares":0.91}},{"type":"Feature","id":"ais_par3.136615","geometry":{"type":"Polygon","coordinates":[[[12.5149,55.612],[12.5151,55.6121],[12.5154,55.6123],[12.5156,55.6124],[12.5159,55.6125],[12.5162,55.6125],[12.5164,55.6124],[12.5166,55.6122],[12.5166,55.6119],[12.5165,55.6117],[12.5165,55.6116],[12.5165,55.6114],[12.5165,55.6113],[12.5163,55.6111],[12.5162,55.6111],[12.5161,55.611],[12.5158,55.6109],[12.5156,55.6108],[12.5154,55.6106],[12.5151,55.6105],[12.5148,55.6105],[12.5145,55.6106],[12.5143,55.6107],[12.5142,55.6109],[12.5143,55.6112],[12.5147,55.6117],[12.5148,55.6119],[12.5149,55.612],[12.5149,55.612]],[[12.5161,55.6123],[12.5161,55.6123],[12.516,55.6122],[12.5158,55.6121],[12.5156,55.612],[12.5154,55.6118],[12.5151,55.6117],[12.5149,55.6115],[12.5147,55.6112],[12.5145,55.6109],[12.5146,55.6108],[12.5148,55.6107],[12.515,55.6107],[12.5153,55.6107],[12.5156,55.6109],[12.5159,55.6111],[12.5161,55.6113],[12.5162,55.6114],[12.5163,55.6116],[12.5163,55.6118],[12.5163,55.612],[12.5163,55.6122],[12.5162,55.6123],[12.5161,55.6123]]]},"properties":{"sourceId":"ais_par3.136615","a_type":4210,"hectares":1.06}},{"type":"Feature","id":"ais_par3.136623","geometry":{"type":"Polygon","coordinates":[[[12.5446,55.6154],[12.5455,55.6154],[12.5534,55.6154],[12.5564,55.6154],[12.56,55.6154],[12.5638,55.6154],[12.5657,55.6154],[12.5694,55.6154],[12.5717,55.6157],[12.5728,55.616],[12.5738,55.6164],[12.5749,55.6168],[12.5761,55.6172],[12.5772,55.6176],[12.5784,55.618],[12.5788,55.6182],[12.5787,55.6181],[12.5786,55.6176],[12.5785,55.617],[12.5783,55.6162],[12.5781,55.6152],[12.5779,55.6143],[12.5777,55.6133],[12.5774,55.6121],[12.5773,55.6114],[12.577,55.61],[12.5768,55.6089],[12.5765,55.6078],[12.5762,55.6064],[12.576,55.6052],[12.5759,55.6047],[12.5756,55.6042],[12.5751,55.6034],[12.5749,55.6029],[12.5737,55.603],[12.5733,55.6021],[12.5739,55.602],[12.5745,55.6019],[12.5743,55.6013],[12.5739,55.6],[12.5734,55.5984],[12.573,55.5969],[12.5725,55.5955],[12.5718,55.5936],[12.5712,55.5916],[12.5706,55.5905],[12.5704,55.5894],[12.5702,55.5885],[12.57,55.5877],[12.57,55.5875],[12.57,55.5867],[12.5698,55.586],[12.5697,55.5858],[12.5692,55.5854],[12.5693,55.5851],[12.5692,55.585],[12.569,55.5848],[12.5688,55.5843],[12.5687,55.584],[12.5679,55.5828],[12.5673,55.5814],[12.567,55.5806],[12.5665,55.58],[12.5659,55.5791],[12.565,55.5779],[12.5641,55.5767],[12.5635,55.5761],[12.5632,55.5759],[12.5618,55.5757],[12.5601,55.5755],[12.5582,55.5752],[12.557,55.5751],[12.5558,55.5749],[12.5555,55.5751],[12.5552,55.5751],[12.555,55.5749],[12.555,55.5748],[12.5541,55.5746],[12.5521,55.5743],[12.5499,55.5739],[12.5476,55.5735],[12.5453,55.5732],[12.5427,55.5729],[12.5406,55.5728],[12.54,55.5728],[12.5383,55.573],[12.5356,55.5735],[12.5334,55.5741],[12.5315,55.5749],[12.53,55.5758],[12.5286,55.5769],[12.5273,55.5782],[12.5263,55.5792],[12.5253,55.5802],[12.5243,55.5813],[12.5233,55.5822],[12.5224,55.5831],[12.5217,55.5838],[12.5204,55.5851],[12.519,55.5866],[12.5176,55.588],[12.5159,55.5897],[12.5144,55.5917],[12.5131,55.5939],[12.5123,55.596],[12.5117,55.598],[12.5114,55.5995],[12.511,55.6003],[12.5107,55.6014],[12.5104,55.6024],[12.5101,55.6035],[12.5097,55.6048],[12.5094,55.6061],[12.5092,55.6073],[12.5092,55.6082],[12.5094,55.6092],[12.51,55.6104],[12.5108,55.6114],[12.5119,55.6124],[12.5128,55.6131],[12.5131,55.6135],[12.5143,55.6135],[12.5153,55.6137],[12.5159,55.6137],[12.5165,55.6138],[12.5172,55.6138],[12.518,55.6139],[12.5188,55.614],[12.5196,55.6142],[12.52,55.6143],[12.5202,55.6143],[12.52,55.6142],[12.5196,55.6139],[12.5193,55.6137],[12.519,55.6135],[12.5189,55.6133],[12.5191,55.6132],[12.5195,55.613],[12.5199,55.613],[12.5203,55.6131],[12.5209,55.6137],[12.5215,55.6141],[12.522,55.6145],[12.5223,55.6148],[12.5226,55.6151],[12.5229,55.6154],[12.5235,55.6155],[12.5263,55.6155],[12.5276,55.6155],[12.5288,55.6155],[12.5295,55.6155],[12.5315,55.6155],[12.5323,55.6155],[12.5329,55.6155],[12.5338,55.6154],[12.5348,55.6154],[12.5354,55.6154],[12.5375,55.6154],[12.539,55.6154],[12.5429,55.6154],[12.544,55.6154],[12.5446,55.6154]],[[12.5774,55.615],[12.5774,55.6151],[12.5774,55.6152],[12.5773,55.6152],[12.5771,55.6153],[12.5769,55.6155],[12.5767,55.6156],[12.5766,55.6157],[12.5765,55.6159],[12.5764,55.6159],[12.5763,55.6159],[12.5762,55.6159],[12.5761,55.6159],[12.576,55.6159],[12.5758,55.6159],[12.5757,55.6159],[12.5756,55.616],[12.5754,55.6161],[12.5753,55.6161],[12.5752,55.6161],[12.575,55.616],[12.5748,55.616],[12.5746,55.6158],[12.5743,55.6157],[12.5742,55.6156],[12.574,55.6155],[12.5739,55.6155],[12.5738,55.6154],[12.5734,55.6152],[12.5732,55.6151],[12.5731,55.615],[12.5731,55.6149],[12.5732,55.6148],[12.5734,55.6149],[12.5736,55.6151],[12.574,55.6152],[12.5741,55.6152],[12.5743,55.6152],[12.5744,55.6153],[12.5746,55.6153],[12.5748,55.6152],[12.575,55.6152],[12.575,55.615],[12.575,55.6148],[12.575,55.6148],[12.5752,55.6148],[12.5752,55.6148],[12.5754,55.6147],[12.5756,55.6144],[12.5758,55.6145],[12.576,55.6146],[12.5762,55.6147],[12.5764,55.6149],[12.5764,55.615],[12.5767,55.615],[12.5767,55.6151],[12.5765,55.6151],[12.5767,55.6152],[12.5768,55.6152],[12.5771,55.6151],[12.5774,55.615]],[[12.5552,55.5757],[12.5551,55.5756],[12.5551,55.5755],[12.5551,55.5754],[12.5555,55.5753],[12.5558,55.5752],[12.5564,55.5753],[12.5573,55.5754],[12.5583,55.5756],[12.5592,55.5758],[12.5601,55.576],[12.5609,55.576],[12.5616,55.5762],[12.5622,55.5764],[12.5626,55.5765],[12.563,55.5768],[12.5633,55.5771],[12.5636,55.5773],[12.5635,55.5775],[12.5634,55.5778],[12.5633,55.5779],[12.563,55.578],[12.5627,55.578],[12.5624,55.5779],[12.5618,55.5777],[12.5607,55.5774],[12.5595,55.577],[12.5593,55.5771],[12.5591,55.577],[12.5587,55.5768],[12.5584,55.5768],[12.558,55.5769],[12.5577,55.5768],[12.5575,55.5766],[12.557,55.5763],[12.5565,55.5761],[12.5558,55.5758],[12.5552,55.5757]],[[12.5514,55.5839],[12.5516,55.5833],[12.5519,55.5826],[12.5521,55.582],[12.5524,55.5815],[12.5524,55.5813],[12.5533,55.5815],[12.5538,55.5817],[12.5541,55.5818],[12.5542,55.582],[12.5542,55.5821],[12.5541,55.5822],[12.5538,55.5822],[12.5534,55.5821],[12.5533,55.5822],[12.5534,55.5823],[12.5534,55.5826],[12.5535,55.5827],[12.5533,55.5828],[12.5531,55.5828],[12.5528,55.5827],[12.5525,55.5828],[12.5522,55.5829],[12.5521,55.583],[12.5521,55.5831],[12.5519,55.5832],[12.552,55.5833],[12.552,55.5834],[12.5522,55.5832],[12.5524,55.5831],[12.5527,55.5831],[12.5529,55.5832],[12.5531,55.5833],[12.553,55.5834],[12.5529,55.5835],[12.5529,55.5836],[12.5527,55.5837],[12.5526,55.5838],[12.5524,55.5839],[12.5521,55.5839],[12.5519,55.5838],[12.5517,55.5838],[12.5516,55.5838],[12.5514,55.5839]],[[12.5631,55.5865],[12.5615,55.5859],[12.5611,55.5857],[12.5613,55.5856],[12.5618,55.5855],[12.5623,55.5856],[12.5627,55.5857],[12.563,55.5856],[12.5631,55.5855],[12.5635,55.5856],[12.5638,55.5858],[12.5642,55.586],[12.5645,55.5862],[12.5644,55.5863],[12.5644,55.5865],[12.5648,55.5866],[12.5652,55.5868],[12.5652,55.5869],[12.5649,55.5869],[12.5644,55.5869],[12.5631,55.5865]],[[12.5424,55.6036],[12.5423,55.6035],[12.5421,55.6034],[12.5423,55.6033],[12.5424,55.603],[12.5427,55.6026],[12.5427,55.6024],[12.5428,55.6022],[12.5432,55.6022],[12.5435,55.6023],[12.5438,55.6025],[12.5439,55.6026],[12.544,55.6029],[12.544,55.603],[12.544,55.6031],[12.5438,55.6035],[12.5436,55.6036],[12.5431,55.6036],[12.5424,55.6036]],[[12.5562,55.6013],[12.5562,55.6013],[12.5562,55.6014],[12.5561,55.6014],[12.556,55.6015],[12.5559,55.6015],[12.5558,55.6016],[12.5557,55.6017],[12.5556,55.6017],[12.5556,55.6018],[12.5555,55.6019],[12.5553,55.6018],[12.5552,55.6018],[12.5553,55.6017],[12.5555,55.6015],[12.5558,55.6013],[12.5562,55.6013]],[[12.5159,55.613],[12.5159,55.613],[12.5156,55.613],[12.5152,55.6128],[12.5142,55.6125],[12.5131,55.6121],[12.5124,55.6117],[12.512,55.6114],[12.5117,55.6109],[12.5114,55.6103],[12.5115,55.61],[12.5117,55.6099],[12.5121,55.6097],[12.513,55.6097],[12.5142,55.6098],[12.5153,55.6101],[12.5161,55.6104],[12.5166,55.6108],[12.5167,55.6112],[12.5168,55.6113],[12.5169,55.6114],[12.517,55.6115],[12.5169,55.6117],[12.5167,55.6117],[12.5167,55.6119],[12.5168,55.6121],[12.5169,55.6124],[12.5167,55.6127],[12.5164,55.6128],[12.5159,55.613]],[[12.5252,55.6093],[12.5265,55.6088],[12.5275,55.6085],[12.5252,55.6093]],[[12.5499,55.5837],[12.5496,55.5837],[12.5496,55.5835],[12.5495,55.5834],[12.5493,55.5834],[12.5493,55.5832],[12.5493,55.5831],[12.5493,55.5829],[12.5495,55.5826],[12.5495,55.5825],[12.5494,55.5822],[12.5492,55.5821],[12.549,55.582],[12.5487,55.5821],[12.5484,55.5821],[12.5482,55.5819],[12.5482,55.5817],[12.5482,55.5817],[12.5484,55.5817],[12.5485,55.5817],[12.5486,55.5816],[12.5483,55.5814],[12.5481,55.5813],[12.5481,55.5812],[12.5482,55.5811],[12.5486,55.581],[12.549,55.581],[12.5493,55.5811],[12.5495,55.5812],[12.5495,55.5813],[12.5494,55.5815],[12.5492,55.5817],[12.5493,55.5818],[12.5494,55.582],[12.5495,55.582],[12.5496,55.5819],[12.5496,55.5817],[12.5496,55.5815],[12.5498,55.5814],[12.55,55.5814],[12.5501,55.5812],[12.5501,55.5811],[12.5503,55.5811],[12.5503,55.5809],[12.5501,55.5809],[12.5499,55.5809],[12.5498,55.5808],[12.5496,55.5808],[12.5493,55.5808],[12.5491,55.5807],[12.549,55.5806],[12.549,55.5805],[12.5493,55.5804],[12.5497,55.5803],[12.55,55.5801],[12.55,55.58],[12.5499,55.5799],[12.5497,55.5797],[12.5498,55.5795],[12.5498,55.5793],[12.5499,55.5792],[12.5499,55.5789],[12.5499,55.5788],[12.5495,55.5787],[12.5494,55.5786],[12.5497,55.5786],[12.5499,55.5785],[12.5496,55.5784],[12.5492,55.5783],[12.5484,55.5781],[12.5482,55.5781],[12.5481,55.5781],[12.5481,55.578],[12.5485,55.5779],[12.5489,55.5779],[12.5494,55.5779],[12.5499,55.578],[12.5503,55.5782],[12.5509,55.5783],[12.5511,55.5785],[12.5511,55.5786],[12.551,55.5787],[12.5511,55.5788],[12.5512,55.579],[12.5515,55.5792],[12.5518,55.5791],[12.5519,55.579],[12.552,55.5789],[12.5519,55.5787],[12.5518,55.5787],[12.5514,55.5786],[12.5514,55.5784],[12.5517,55.5784],[12.5521,55.5785],[12.5522,55.5784],[12.5522,55.5783],[12.5521,55.5782],[12.5519,55.5781],[12.5519,55.578],[12.5519,55.5779],[12.5517,55.5777],[12.5515,55.5777],[12.5515,55.5777],[12.5515,55.5775],[12.5514,55.5774],[12.5511,55.5773],[12.5508,55.5772],[12.5506,55.577],[12.5506,55.5767],[12.5508,55.5767],[12.551,55.5767],[12.5513,55.5767],[12.5516,55.5767],[12.552,55.5767],[12.5527,55.5766],[12.5536,55.5765],[12.5538,55.5766],[12.5538,55.5767],[12.5537,55.5769],[12.5535,55.5771],[12.5533,55.5775],[12.5533,55.5778],[12.5532,55.5781],[12.5529,55.5786],[12.5527,55.5791],[12.5525,55.5794],[12.5525,55.5797],[12.5523,55.58],[12.552,55.5805],[12.5518,55.581],[12.5516,55.5816],[12.5514,55.5822],[12.5512,55.5828],[12.551,55.5832],[12.551,55.5833],[12.5509,55.5834],[12.5507,55.5837],[12.5509,55.5841],[12.5504,55.5842],[12.5506,55.5844],[12.5502,55.5844],[12.5501,55.5845],[12.5503,55.5846],[12.5503,55.5847],[12.5501,55.5848],[12.5502,55.5849],[12.55,55.5851],[12.5498,55.585],[12.5497,55.5849],[12.5494,55.5847],[12.5494,55.5846],[12.5497,55.5846],[12.55,55.5844],[12.55,55.5841],[12.5499,55.5839],[12.5499,55.5837]],[[12.5254,55.5838],[12.5254,55.5839],[12.5253,55.584],[12.5251,55.5841],[12.5245,55.5842],[12.5245,55.5843],[12.524,55.5845],[12.5239,55.5846],[12.5242,55.5847],[12.5244,55.585],[12.5243,55.5851],[12.5241,55.5851],[12.5241,55.5853],[12.5239,55.5853],[12.524,55.5855],[12.5239,55.5856],[12.5236,55.5857],[12.5236,55.5858],[12.5238,55.5859],[12.5237,55.5861],[12.5239,55.5862],[12.5237,55.5863],[12.5235,55.5864],[12.5234,55.5866],[12.523,55.5868],[12.5228,55.587],[12.5228,55.5872],[12.5224,55.5872],[12.5223,55.5871],[12.5221,55.5873],[12.5217,55.5873],[12.5216,55.5875],[12.5214,55.5876],[12.5213,55.5877],[12.5211,55.5879],[12.5209,55.588],[12.5207,55.5881],[12.5207,55.5883],[12.5205,55.5884],[12.5203,55.5884],[12.5202,55.5886],[12.5199,55.5886],[12.5199,55.5888],[12.5197,55.5888],[12.5197,55.5889],[12.5198,55.589],[12.5195,55.5891],[12.5196,55.5892],[12.5198,55.5893],[12.5197,55.5895],[12.5195,55.5895],[12.5195,55.5896],[12.5192,55.5897],[12.5192,55.5898],[12.519,55.5899],[12.5189,55.5899],[12.5186,55.5899],[12.5186,55.5901],[12.5184,55.59],[12.5184,55.5902],[12.5182,55.5902],[12.5182,55.5904],[12.518,55.5905],[12.5178,55.5905],[12.5177,55.5908],[12.5174,55.5908],[12.5174,55.5911],[12.5172,55.5915],[12.5172,55.5919],[12.5171,55.5921],[12.517,55.5923],[12.517,55.5924],[12.5166,55.5925],[12.5167,55.5927],[12.5165,55.5928],[12.5162,55.5927],[12.516,55.5927],[12.5159,55.5926],[12.5159,55.5925],[12.5157,55.5926],[12.5156,55.5924],[12.5151,55.5923],[12.5151,55.5922],[12.5149,55.5919],[12.5151,55.5917],[12.5152,55.5916],[12.5152,55.5914],[12.5156,55.5912],[12.5161,55.5912],[12.5162,55.5911],[12.5164,55.5912],[12.5164,55.5913],[12.5167,55.5912],[12.5168,55.5914],[12.517,55.5914],[12.517,55.5913],[12.5172,55.5912],[12.5172,55.5909],[12.5172,55.5907],[12.5175,55.5907],[12.5177,55.5905],[12.5176,55.5904],[12.5177,55.5902],[12.5177,55.5901],[12.518,55.5902],[12.5181,55.59],[12.5181,55.5899],[12.5183,55.5898],[12.518,55.5895],[12.5182,55.5891],[12.5183,55.5889],[12.5182,55.5888],[12.5179,55.5889],[12.5176,55.589],[12.5177,55.5886],[12.518,55.5883],[12.5184,55.5882],[12.5185,55.588],[12.5184,55.5879],[12.5186,55.5876],[12.5187,55.5873],[12.519,55.5872],[12.5192,55.587],[12.5192,55.5868],[12.5195,55.5867],[12.5195,55.5865],[12.52,55.5863],[12.5201,55.5859],[12.5204,55.5859],[12.5203,55.5862],[12.5203,55.5863],[12.5205,55.5863],[12.5208,55.5863],[12.5209,55.5864],[12.5211,55.5863],[12.521,55.5862],[12.5212,55.586],[12.5213,55.5858],[12.5212,55.5857],[12.5207,55.5857],[12.5204,55.5858],[12.5207,55.5854],[12.5208,55.5853],[12.5209,55.5852],[12.5207,55.5851],[12.521,55.585],[12.5211,55.5849],[12.521,55.5848],[12.5212,55.5848],[12.5212,55.5847],[12.5217,55.5843],[12.5217,55.5841],[12.522,55.584],[12.522,55.5837],[12.5227,55.5834],[12.523,55.5831],[12.523,55.5829],[12.5234,55.5828],[12.5235,55.5826],[12.5238,55.5824],[12.524,55.5821],[12.5242,55.582],[12.5244,55.5818],[12.525,55.5815],[12.5252,55.5818],[12.5255,55.5818],[12.5258,55.5817],[12.5259,55.5819],[12.5256,55.582],[12.5257,55.5822],[12.5255,55.5824],[12.5255,55.5825],[12.526,55.5826],[12.5259,55.5828],[12.5253,55.5831],[12.5253,55.5833],[12.5255,55.5834],[12.5254,55.5838]],[[12.5637,55.5898],[12.5633,55.5899],[12.5628,55.5898],[12.5626,55.5899],[12.5623,55.59],[12.5621,55.59],[12.5619,55.5899],[12.562,55.5898],[12.5621,55.5897],[12.5619,55.5896],[12.5616,55.5896],[12.5615,55.5896],[12.5614,55.5896],[12.5613,55.5895],[12.5613,55.5894],[12.5612,55.5893],[12.561,55.5892],[12.5609,55.5891],[12.561,55.589],[12.5612,55.589],[12.5614,55.5891],[12.5614,55.589],[12.5615,55.5889],[12.5615,55.5888],[12.5612,55.5887],[12.5607,55.5886],[12.5602,55.5884],[12.5597,55.5882],[12.5588,55.5879],[12.5582,55.5876],[12.5596,55.588],[12.5609,55.5885],[12.562,55.5889],[12.5626,55.589],[12.563,55.5891],[12.5631,55.5892],[12.5637,55.5893],[12.5641,55.5896],[12.5647,55.5899],[12.5654,55.5901],[12.5643,55.5911],[12.5635,55.5917],[12.5633,55.5918],[12.5635,55.5921],[12.5632,55.5923],[12.5633,55.5924],[12.5636,55.5926],[12.5639,55.5927],[12.5644,55.5926],[12.5649,55.5927],[12.5651,55.5929],[12.5649,55.5931],[12.565,55.5932],[12.5652,55.5933],[12.5655,55.5933],[12.5657,55.5932],[12.566,55.5933],[12.5662,55.5932],[12.5658,55.593],[12.5653,55.5929],[12.5653,55.5928],[12.5655,55.5926],[12.5657,55.5924],[12.5659,55.5924],[12.566,55.5925],[12.5662,55.5926],[12.5662,55.5927],[12.566,55.5927],[12.566,55.5929],[12.5661,55.5929],[12.5662,55.5928],[12.5663,55.5927],[12.5664,55.5927],[12.5666,55.5926],[12.5667,55.5926],[12.5669,55.5927],[12.567,55.5927],[12.567,55.5928],[12.5668,55.5928],[12.5666,55.5927],[12.5665,55.5928],[12.5665,55.5929],[12.5669,55.593],[12.5672,55.5931],[12.5673,55.5928],[12.5675,55.5925],[12.5677,55.5924],[12.5679,55.5924],[12.5681,55.5925],[12.5684,55.5925],[12.5685,55.5927],[12.5686,55.5929],[12.5684,55.5931],[12.5677,55.5931],[12.5675,55.5931],[12.5673,55.5932],[12.567,55.5931],[12.567,55.5933],[12.5671,55.5933],[12.5675,55.5932],[12.5677,55.5932],[12.5678,55.5933],[12.568,55.5931],[12.5682,55.5932],[12.5684,55.5933],[12.5687,55.5933],[12.5689,55.5934],[12.5683,55.5945],[12.5678,55.5944],[12.5671,55.5943],[12.5663,55.5943],[12.566,55.5944],[12.5653,55.5944],[12.5647,55.5944],[12.5644,55.5942],[12.564,55.5942],[12.5637,55.5945],[12.5632,55.5949],[12.5633,55.5951],[12.5631,55.5952],[12.5627,55.5951],[12.5618,55.5949],[12.5615,55.5951],[12.5619,55.5952],[12.5625,55.5953],[12.5625,55.5956],[12.5624,55.5957],[12.5619,55.5961],[12.5617,55.5962],[12.5615,55.5963],[12.5614,55.5964],[12.5609,55.5966],[12.5606,55.5967],[12.5603,55.5967],[12.5603,55.5965],[12.56,55.5962],[12.5598,55.5963],[12.5595,55.5965],[12.5591,55.5966],[12.5586,55.5965],[12.5584,55.5963],[12.5586,55.5963],[12.5588,55.5962],[12.5591,55.5959],[12.5588,55.5959],[12.5584,55.5961],[12.558,55.5962],[12.5574,55.5963],[12.5573,55.5962],[12.5573,55.5961],[12.5576,55.5957],[12.5579,55.5953],[12.5585,55.595],[12.5589,55.5945],[12.5588,55.5944],[12.5584,55.5943],[12.5581,55.5942],[12.558,55.5939],[12.5576,55.5939],[12.5575,55.594],[12.5571,55.594],[12.5566,55.5939],[12.5562,55.594],[12.5553,55.5937],[12.5547,55.5937],[12.5545,55.5937],[12.5542,55.5938],[12.5538,55.5936],[12.5533,55.5932],[12.5529,55.5932],[12.5527,55.5934],[12.5522,55.5935],[12.5519,55.5934],[12.5521,55.5932],[12.5524,55.5931],[12.553,55.5928],[12.5534,55.5924],[12.5536,55.5921],[12.5535,55.5919],[12.5531,55.5917],[12.5529,55.5915],[12.553,55.5912],[12.5534,55.591],[12.5539,55.591],[12.5544,55.5912],[12.5546,55.5911],[12.5544,55.5909],[12.5544,55.5907],[12.5547,55.5905],[12.5553,55.5903],[12.5559,55.5902],[12.5561,55.5901],[12.5562,55.5899],[12.5559,55.5897],[12.5553,55.5894],[12.5551,55.5892],[12.5551,55.589],[12.5553,55.5883],[12.5554,55.5874],[12.5556,55.5871],[12.5561,55.5869],[12.557,55.5872],[12.5582,55.5876],[12.5576,55.5875],[12.5572,55.5875],[12.557,55.5875],[12.557,55.5876],[12.5582,55.588],[12.5586,55.5881],[12.5587,55.588],[12.5591,55.588],[12.5595,55.5882],[12.5596,55.5883],[12.5595,55.5884],[12.5595,55.5885],[12.5596,55.5886],[12.5598,55.5886],[12.56,55.5887],[12.56,55.5887],[12.5599,55.5888],[12.5599,55.589],[12.56,55.5891],[12.5602,55.5892],[12.5604,55.5893],[12.5607,55.5894],[12.5609,55.5893],[12.5611,55.5894],[12.5611,55.5895],[12.561,55.5896],[12.5609,55.5898],[12.5609,55.5899],[12.561,55.59],[12.5613,55.59],[12.5615,55.59],[12.5617,55.59],[12.5618,55.59],[12.562,55.59],[12.5622,55.59],[12.5622,55.5901],[12.5624,55.5901],[12.5626,55.5901],[12.5628,55.59],[12.563,55.59],[12.5632,55.5899],[12.5634,55.5899],[12.5636,55.59],[12.5637,55.5899],[12.5637,55.5898]],[[12.5514,55.5829],[12.5511,55.5838],[12.5511,55.5836],[12.5514,55.5829]],[[12.5538,55.5862],[12.5538,55.5859],[12.554,55.5859],[12.554,55.5856],[12.5543,55.5854],[12.5545,55.5852],[12.5547,55.585],[12.5546,55.5847],[12.5544,55.5846],[12.5545,55.5844],[12.5545,55.5842],[12.5543,55.5838],[12.5537,55.5837],[12.5536,55.5835],[12.5537,55.5834],[12.554,55.5833],[12.5539,55.5833],[12.5538,55.5832],[12.5538,55.5831],[12.5539,55.5831],[12.5543,55.583],[12.5548,55.583],[12.5548,55.5828],[12.5548,55.5826],[12.5544,55.5825],[12.5542,55.5824],[12.5542,55.5822],[12.5544,55.582],[12.5545,55.5818],[12.5543,55.5816],[12.554,55.5814],[12.5531,55.5811],[12.5527,55.581],[12.5526,55.5808],[12.5526,55.5806],[12.553,55.5803],[12.5535,55.5801],[12.5541,55.58],[12.5542,55.5799],[12.5541,55.5796],[12.5539,55.5793],[12.5539,55.579],[12.5539,55.5786],[12.554,55.578],[12.5539,55.5774],[12.554,55.5771],[12.5542,55.5767],[12.5546,55.576],[12.5548,55.5759],[12.5552,55.5758],[12.5554,55.576],[12.5556,55.5762],[12.5558,55.5766],[12.5559,55.577],[12.5559,55.5773],[12.5562,55.5777],[12.5566,55.5779],[12.5569,55.578],[12.5573,55.5782],[12.5579,55.5783],[12.5589,55.5784],[12.5596,55.5786],[12.5599,55.5788],[12.5603,55.5791],[12.5604,55.5794],[12.56,55.5795],[12.5595,55.5797],[12.559,55.5799],[12.5582,55.5801],[12.5573,55.5803],[12.5567,55.5805],[12.5566,55.5807],[12.5566,55.5809],[12.5564,55.5813],[12.5565,55.5814],[12.5566,55.5814],[12.5568,55.5813],[12.5571,55.5813],[12.5571,55.5814],[12.5571,55.5815],[12.5569,55.5816],[12.5569,55.5817],[12.557,55.5819],[12.5573,55.582],[12.5575,55.5819],[12.5575,55.5818],[12.5578,55.5818],[12.5581,55.582],[12.5582,55.5819],[12.5579,55.5818],[12.5578,55.5817],[12.5579,55.5816],[12.5581,55.5816],[12.5586,55.5817],[12.5592,55.5819],[12.56,55.5821],[12.5597,55.5822],[12.5595,55.5822],[12.5595,55.5823],[12.5591,55.5823],[12.5591,55.5824],[12.559,55.5826],[12.5589,55.5829],[12.559,55.583],[12.5591,55.5829],[12.5593,55.5829],[12.5595,55.5829],[12.5597,55.5831],[12.5598,55.5832],[12.5597,55.5834],[12.5597,55.5836],[12.5596,55.5836],[12.5592,55.5837],[12.5589,55.5837],[12.5587,55.5837],[12.5588,55.5838],[12.5589,55.584],[12.5592,55.584],[12.5594,55.5841],[12.5594,55.5842],[12.5593,55.5844],[12.5593,55.5846],[12.5592,55.5847],[12.5589,55.5847],[12.5588,55.5847],[12.5586,55.5847],[12.5585,55.5848],[12.5588,55.5851],[12.5588,55.5852],[12.5589,55.5853],[12.5589,55.5853],[12.5587,55.5853],[12.5583,55.5853],[12.5581,55.5854],[12.5581,55.5856],[12.5582,55.5857],[12.5585,55.5859],[12.5588,55.5861],[12.5589,55.5862],[12.5589,55.5865],[12.5588,55.5866],[12.5586,55.5866],[12.5582,55.5864],[12.5578,55.5862],[12.5572,55.586],[12.557,55.586],[12.5567,55.586],[12.5567,55.5862],[12.5565,55.5862],[12.5562,55.5863],[12.5558,55.5863],[12.5557,55.5864],[12.5558,55.5866],[12.5564,55.5868],[12.5556,55.5868],[12.5546,55.5865],[12.5538,55.5862]]]},"properties":{"sourceId":"ais_par3.136623","a_type":4210,"hectares":1478.607}},{"type":"Feature","id":"ais_par3.136773","geometry":{"type":"Polygon","coordinates":[[[12.5158,55.6154],[12.5161,55.6154],[12.5166,55.6155],[12.5171,55.6155],[12.5183,55.6156],[12.5199,55.6155],[12.5208,55.6156],[12.5206,55.6155],[12.5205,55.6155],[12.5204,55.6155],[12.5204,55.6154],[12.5204,55.6154],[12.5205,55.6154],[12.5207,55.6154],[12.5209,55.6154],[12.521,55.6155],[12.5211,55.6155],[12.521,55.6155],[12.5209,55.6155],[12.5208,55.6156],[12.5213,55.6155],[12.5211,55.6154],[12.5204,55.6152],[12.5197,55.615],[12.5185,55.6148],[12.5172,55.6147],[12.5161,55.6146],[12.5149,55.6145],[12.5144,55.6146],[12.5142,55.6146],[12.5145,55.6147],[12.5145,55.6148],[12.5152,55.6151],[12.5158,55.6154]]]},"properties":{"sourceId":"ais_par3.136773","a_type":4210,"hectares":2.786}},{"type":"Feature","id":"ais_par3.136660","geometry":{"type":"Polygon","coordinates":[[[12.7378,55.6566],[12.7376,55.6565],[12.7373,55.6566],[12.7376,55.6567],[12.7377,55.6566],[12.7378,55.6566]]]},"properties":{"sourceId":"ais_par3.136660","a_type":4210,"hectares":0.021}},{"type":"Feature","id":"ais_par3.136647","geometry":{"type":"Polygon","coordinates":[[[12.7374,55.6448],[12.7373,55.6447],[12.7372,55.6447],[12.7372,55.6446],[12.7372,55.6446],[12.7364,55.6447],[12.7364,55.6447],[12.7364,55.6447],[12.7364,55.6447],[12.7363,55.6446],[12.7361,55.6447],[12.736,55.6447],[12.7363,55.6448],[12.7364,55.6448],[12.7367,55.6448],[12.737,55.6448],[12.7371,55.6449],[12.7373,55.645],[12.7372,55.6451],[12.7372,55.6452],[12.737,55.6452],[12.7369,55.6453],[12.737,55.6453],[12.737,55.6454],[12.7373,55.6453],[12.7374,55.6453],[12.7375,55.6452],[12.7377,55.6451],[12.7378,55.645],[12.7381,55.6448],[12.738,55.6448],[12.7376,55.6448],[12.7374,55.6448],[12.7374,55.6448]]]},"properties":{"sourceId":"ais_par3.136647","a_type":4210,"hectares":0.329}},{"type":"Feature","id":"ais_par3.136701","geometry":{"type":"Polygon","coordinates":[[[12.7356,55.6277],[12.7355,55.6277],[12.7356,55.6278],[12.7358,55.6278],[12.7358,55.6278],[12.7361,55.6277],[12.7361,55.6277],[12.7358,55.6277],[12.7356,55.6276],[12.7356,55.6277]]]},"properties":{"sourceId":"ais_par3.136701","a_type":4210,"hectares":0.048}},{"type":"Feature","id":"ais_par3.136704","geometry":{"type":"Polygon","coordinates":[[[12.7335,55.6334],[12.7334,55.6333],[12.7334,55.6333],[12.7335,55.6334]]]},"properties":{"sourceId":"ais_par3.136704","a_type":4210,"hectares":0.003}},{"type":"Feature","id":"ais_par3.136705","geometry":{"type":"Polygon","coordinates":[[[12.7329,55.6326],[12.7328,55.6327],[12.7327,55.6328],[12.733,55.6327],[12.7329,55.6326]]]},"properties":{"sourceId":"ais_par3.136705","a_type":4210,"hectares":0.009}},{"type":"Feature","id":"ais_par3.136706","geometry":{"type":"Polygon","coordinates":[[[12.7337,55.6335],[12.734,55.6336],[12.734,55.6335],[12.7342,55.6334],[12.7337,55.6334],[12.7337,55.6334],[12.7337,55.6335],[12.7337,55.6335],[12.7337,55.6335]]]},"properties":{"sourceId":"ais_par3.136706","a_type":4210,"hectares":0.04}},{"type":"Feature","id":"ais_par3.136707","geometry":{"type":"Polygon","coordinates":[[[12.736,55.6329],[12.7361,55.6329],[12.736,55.6328],[12.7359,55.6329],[12.736,55.6329]]]},"properties":{"sourceId":"ais_par3.136707","a_type":4210,"hectares":0.004}},{"type":"Feature","id":"ais_par3.136708","geometry":{"type":"Polygon","coordinates":[[[12.7343,55.6324],[12.7342,55.6324],[12.734,55.6325],[12.734,55.6325],[12.7342,55.6325],[12.7343,55.6324]]]},"properties":{"sourceId":"ais_par3.136708","a_type":4210,"hectares":0.01}},{"type":"Feature","id":"ais_par3.136709","geometry":{"type":"Polygon","coordinates":[[[12.7334,55.6327],[12.7334,55.6327],[12.7336,55.6327],[12.7339,55.6327],[12.7344,55.6326],[12.7344,55.6326],[12.7345,55.6326],[12.7346,55.6326],[12.7346,55.6325],[12.7334,55.6327]]]},"properties":{"sourceId":"ais_par3.136709","a_type":4210,"hectares":0.066}},{"type":"Feature","id":"ais_par3.136710","geometry":{"type":"Polygon","coordinates":[[[12.7358,55.6335],[12.736,55.6335],[12.7368,55.6333],[12.7367,55.6332],[12.7364,55.6332],[12.7361,55.6334],[12.7359,55.6334],[12.7357,55.6334],[12.7357,55.6334],[12.7358,55.6335]]]},"properties":{"sourceId":"ais_par3.136710","a_type":4210,"hectares":0.086}},{"type":"Feature","id":"ais_par3.136711","geometry":{"type":"Polygon","coordinates":[[[12.7355,55.6311],[12.7355,55.6311],[12.7355,55.6311],[12.7354,55.6312],[12.7355,55.6312],[12.7356,55.6312],[12.7357,55.6312],[12.7357,55.6311],[12.7355,55.6311]]]},"properties":{"sourceId":"ais_par3.136711","a_type":4210,"hectares":0.015}},{"type":"Feature","id":"ais_par3.136712","geometry":{"type":"Polygon","coordinates":[[[12.7359,55.6315],[12.7359,55.6315],[12.7358,55.6317],[12.7358,55.6317],[12.736,55.6316],[12.7361,55.6314],[12.7359,55.6313],[12.7358,55.6312],[12.7357,55.6313],[12.7357,55.6313],[12.7357,55.6314],[12.7359,55.6315]]]},"properties":{"sourceId":"ais_par3.136712","a_type":4210,"hectares":0.058}},{"type":"Feature","id":"ais_par3.136748","geometry":{"type":"Polygon","coordinates":[[[12.7351,55.6383],[12.7354,55.6382],[12.7355,55.6382],[12.7354,55.6381],[12.7351,55.6382],[12.7351,55.6383]]]},"properties":{"sourceId":"ais_par3.136748","a_type":4210,"hectares":0.025}},{"type":"Feature","id":"ais_par3.136749","geometry":{"type":"Polygon","coordinates":[[[12.7358,55.6379],[12.7355,55.6379],[12.7354,55.6379],[12.7353,55.638],[12.7356,55.638],[12.7356,55.638],[12.7356,55.638],[12.7356,55.638],[12.7359,55.638],[12.7359,55.6379],[12.7358,55.6379]]]},"properties":{"sourceId":"ais_par3.136749","a_type":4210,"hectares":0.046}},{"type":"Feature","id":"ais_par3.136750","geometry":{"type":"Polygon","coordinates":[[[12.735,55.6378],[12.735,55.6379],[12.7352,55.6379],[12.7351,55.6379],[12.735,55.6378]]]},"properties":{"sourceId":"ais_par3.136750","a_type":4210,"hectares":0.006}},{"type":"Feature","id":"ais_par3.136751","geometry":{"type":"Polygon","coordinates":[[[12.7353,55.6443],[12.7354,55.6443],[12.7355,55.6443],[12.7356,55.6443],[12.7355,55.6442],[12.7355,55.6442],[12.7352,55.644],[12.7351,55.6441],[12.735,55.6441],[12.7351,55.6442],[12.7353,55.6442],[12.7353,55.6443]]]},"properties":{"sourceId":"ais_par3.136751","a_type":4210,"hectares":0.057}},{"type":"Feature","id":"ais_par3.136752","geometry":{"type":"Polygon","coordinates":[[[12.7337,55.6427],[12.7339,55.6428],[12.734,55.6427],[12.7337,55.6427]]]},"properties":{"sourceId":"ais_par3.136752","a_type":4210,"hectares":0.012}},{"type":"Feature","id":"ais_par3.136753","geometry":{"type":"Polygon","coordinates":[[[12.7351,55.6362],[12.7352,55.6362],[12.735,55.6363],[12.7352,55.6364],[12.7355,55.6363],[12.7355,55.6362],[12.7354,55.6362],[12.7353,55.6362],[12.7353,55.6362],[12.7352,55.6362],[12.7351,55.6361],[12.7351,55.6362]]]},"properties":{"sourceId":"ais_par3.136753","a_type":4210,"hectares":0.036}},{"type":"Feature","id":"ais_par3.136754","geometry":{"type":"Polygon","coordinates":[[[12.735,55.6444],[12.7351,55.6445],[12.7351,55.6444],[12.7351,55.6444],[12.735,55.6444]]]},"properties":{"sourceId":"ais_par3.136754","a_type":4210,"hectares":0.01}},{"type":"Feature","id":"ais_par3.136755","geometry":{"type":"Polygon","coordinates":[[[12.7335,55.6395],[12.7335,55.6395],[12.7335,55.6395],[12.7336,55.6395],[12.7336,55.6394],[12.7336,55.6394],[12.7335,55.6394],[12.7335,55.6395],[12.7335,55.6395],[12.7335,55.6395]]]},"properties":{"sourceId":"ais_par3.136755","a_type":4210,"hectares":0.006}},{"type":"Feature","id":"ais_par3.136756","geometry":{"type":"Polygon","coordinates":[[[12.7329,55.6393],[12.7329,55.6394],[12.7329,55.6394],[12.7333,55.6395],[12.7332,55.6394],[12.7329,55.6393]]]},"properties":{"sourceId":"ais_par3.136756","a_type":4210,"hectares":0.021}},{"type":"Feature","id":"ais_par3.136758","geometry":{"type":"Polygon","coordinates":[[[12.7356,55.6415],[12.7354,55.6415],[12.7355,55.6416],[12.7356,55.6415]]]},"properties":{"sourceId":"ais_par3.136758","a_type":4210,"hectares":0.003}},{"type":"Feature","id":"ais_par3.136759","geometry":{"type":"Polygon","coordinates":[[[12.7346,55.642],[12.7346,55.642],[12.7348,55.6419],[12.7348,55.6417],[12.7346,55.6417],[12.7345,55.6418],[12.7346,55.642]]]},"properties":{"sourceId":"ais_par3.136759","a_type":4210,"hectares":0.05}},{"type":"Feature","id":"ais_par3.136760","geometry":{"type":"Polygon","coordinates":[[[12.7353,55.6417],[12.735,55.6415],[12.7348,55.6416],[12.735,55.6417],[12.7349,55.6418],[12.735,55.6418],[12.7353,55.6417]]]},"properties":{"sourceId":"ais_par3.136760","a_type":4210,"hectares":0.05}},{"type":"Feature","id":"ais_par3.136761","geometry":{"type":"Polygon","coordinates":[[[12.7352,55.6435],[12.7347,55.6434],[12.7347,55.6433],[12.7346,55.6432],[12.7345,55.6432],[12.7345,55.6434],[12.7344,55.6436],[12.7345,55.6437],[12.7345,55.6438],[12.7349,55.6436],[12.7352,55.6435]]]},"properties":{"sourceId":"ais_par3.136761","a_type":4210,"hectares":0.119}},{"type":"Feature","id":"ais_par3.136762","geometry":{"type":"Polygon","coordinates":[[[12.7351,55.643],[12.7351,55.6429],[12.7349,55.6429],[12.7348,55.6431],[12.7348,55.6431],[12.7348,55.6431],[12.7351,55.643]]]},"properties":{"sourceId":"ais_par3.136762","a_type":4210,"hectares":0.023}},{"type":"Feature","id":"ais_par3.136766","geometry":{"type":"Polygon","coordinates":[[[12.7384,55.6459],[12.7381,55.6459],[12.7378,55.6458],[12.7376,55.6458],[12.7376,55.6458],[12.7374,55.6457],[12.737,55.6456],[12.737,55.6457],[12.7369,55.6458],[12.7369,55.646],[12.7367,55.6461],[12.7368,55.6463],[12.7367,55.6464],[12.7366,55.6465],[12.7362,55.6464],[12.7361,55.6465],[12.7361,55.6465],[12.7363,55.6467],[12.7366,55.6467],[12.7366,55.6468],[12.737,55.6469],[12.737,55.6469],[12.737,55.6469],[12.7371,55.6469],[12.7371,55.647],[12.7374,55.6474],[12.7374,55.6475],[12.7375,55.6475],[12.7376,55.6475],[12.7381,55.6478],[12.7383,55.6478],[12.7385,55.6477],[12.7385,55.6478],[12.7386,55.6477],[12.739,55.6477],[12.7393,55.6476],[12.7386,55.6475],[12.7382,55.6473],[12.7381,55.6471],[12.7381,55.6471],[12.7381,55.6471],[12.7379,55.6471],[12.7379,55.6468],[12.7377,55.6465],[12.7385,55.6464],[12.7386,55.6464],[12.7387,55.6463],[12.7391,55.6464],[12.7396,55.6463],[12.7398,55.6462],[12.7397,55.6461],[12.7392,55.6457],[12.7389,55.6458],[12.7385,55.6458],[12.7384,55.6459]]]},"properties":{"sourceId":"ais_par3.136766","a_type":4210,"hectares":2.305}},{"type":"Feature","id":"ais_par3.136768","geometry":{"type":"Polygon","coordinates":[[[12.7355,55.6423],[12.7349,55.6423],[12.7347,55.6422],[12.7346,55.6422],[12.7345,55.6422],[12.7344,55.6423],[12.7342,55.6424],[12.7342,55.6425],[12.7343,55.6425],[12.7342,55.6426],[12.7343,55.6427],[12.7347,55.6426],[12.7351,55.6426],[12.7352,55.6426],[12.7353,55.6426],[12.7355,55.6426],[12.7353,55.6425],[12.7355,55.6423]]]},"properties":{"sourceId":"ais_par3.136768","a_type":4210,"hectares":0.302}},{"type":"Feature","id":"ais_par3.136771","geometry":{"type":"Polygon","coordinates":[[[12.7429,55.6643],[12.7428,55.6644],[12.7429,55.6646],[12.7432,55.6646],[12.7432,55.6646],[12.7434,55.6649],[12.7438,55.6652],[12.7438,55.6653],[12.7438,55.6653],[12.7439,55.6654],[12.7444,55.6655],[12.7445,55.6657],[12.7445,55.6658],[12.7445,55.6658],[12.7445,55.6659],[12.7443,55.6658],[12.744,55.6659],[12.7444,55.666],[12.745,55.6659],[12.745,55.6661],[12.745,55.6665],[12.7448,55.6668],[12.7444,55.667],[12.7442,55.6672],[12.745,55.6672],[12.745,55.6671],[12.745,55.667],[12.7452,55.6669],[12.7455,55.6667],[12.7457,55.6666],[12.7458,55.6666],[12.746,55.6666],[12.7461,55.6665],[12.7462,55.6666],[12.746,55.6669],[12.7458,55.6672],[12.7454,55.6673],[12.7454,55.6673],[12.7457,55.6673],[12.7459,55.6672],[12.746,55.667],[12.746,55.667],[12.7466,55.6666],[12.7467,55.6665],[12.7466,55.6663],[12.7466,55.6661],[12.7468,55.666],[12.7473,55.6659],[12.7478,55.6661],[12.7481,55.666],[12.7481,55.6659],[12.7486,55.6659],[12.7492,55.666],[12.7494,55.6661],[12.7496,55.6661],[12.7497,55.6661],[12.7497,55.6661],[12.75,55.6661],[12.7502,55.666],[12.7503,55.666],[12.7501,55.6659],[12.7505,55.6658],[12.751,55.6658],[12.7514,55.6662],[12.7515,55.6663],[12.7514,55.6665],[12.7515,55.6666],[12.7514,55.6666],[12.7514,55.6668],[12.7514,55.6668],[12.7514,55.6668],[12.7511,55.6668],[12.7511,55.6669],[12.7509,55.667],[12.751,55.6671],[12.7508,55.6672],[12.7508,55.6673],[12.7513,55.6673],[12.7517,55.6672],[12.7517,55.6671],[12.752,55.6671],[12.752,55.667],[12.752,55.6669],[12.752,55.6669],[12.752,55.6669],[12.7524,55.6668],[12.7525,55.6668],[12.7527,55.6668],[12.7529,55.6667],[12.7529,55.6668],[12.753,55.6668],[12.7534,55.6667],[12.7539,55.6665],[12.7543,55.6662],[12.7547,55.6662],[12.7553,55.6662],[12.7554,55.6662],[12.7556,55.666],[12.7556,55.666],[12.7556,55.666],[12.7556,55.666],[12.7558,55.6659],[12.7558,55.6659],[12.7559,55.6659],[12.7559,55.6659],[12.7559,55.6659],[12.7557,55.6662],[12.7555,55.6663],[12.7554,55.6664],[12.7554,55.6665],[12.7556,55.6665],[12.7557,55.6665],[12.7558,55.6667],[12.7556,55.6667],[12.7556,55.6669],[12.7558,55.667],[12.7563,55.6671],[12.7565,55.6673],[12.7565,55.6674],[12.7568,55.6675],[12.7568,55.6676],[12.7569,55.6677],[12.757,55.6678],[12.757,55.6678],[12.757,55.6679],[12.757,55.6679],[12.7571,55.6682],[12.7573,55.6683],[12.7573,55.6684],[12.7577,55.6684],[12.7579,55.6687],[12.7581,55.669],[12.7582,55.669],[12.7585,55.6691],[12.7586,55.669],[12.7583,55.669],[12.7584,55.6688],[12.7581,55.6688],[12.758,55.6685],[12.7579,55.6684],[12.7577,55.6682],[12.7579,55.6682],[12.758,55.6681],[12.7577,55.668],[12.7577,55.6679],[12.7579,55.6678],[12.7584,55.6678],[12.7584,55.6679],[12.7586,55.668],[12.7588,55.668],[12.7592,55.6682],[12.7593,55.6682],[12.7603,55.6682],[12.7607,55.6681],[12.7614,55.668],[12.7619,55.6681],[12.7627,55.6682],[12.7627,55.6683],[12.7624,55.6684],[12.7623,55.6685],[12.7627,55.6685],[12.7628,55.6688],[12.7634,55.6689],[12.7634,55.6692],[12.7631,55.6693],[12.7626,55.6695],[12.7632,55.6696],[12.7632,55.6697],[12.7627,55.6698],[12.7627,55.6698],[12.7636,55.6697],[12.7636,55.6697],[12.7634,55.6696],[12.7634,55.6694],[12.7637,55.6693],[12.7639,55.6693],[12.7644,55.6695],[12.7647,55.6695],[12.7647,55.6696],[12.7643,55.6697],[12.7641,55.6698],[12.7644,55.6698],[12.7643,55.6699],[12.7645,55.6701],[12.7643,55.6701],[12.7644,55.6702],[12.7637,55.6702],[12.7639,55.6703],[12.7641,55.6703],[12.7641,55.6703],[12.7641,55.6703],[12.7641,55.6703],[12.7641,55.6703],[12.7645,55.6703],[12.7645,55.6703],[12.7646,55.6703],[12.7646,55.6705],[12.7646,55.6705],[12.7646,55.6705],[12.7644,55.6708],[12.7643,55.671],[12.7644,55.6711],[12.7639,55.6713],[12.7639,55.6714],[12.7645,55.6712],[12.7647,55.671],[12.7648,55.6711],[12.765,55.671],[12.765,55.6709],[12.7647,55.671],[12.7647,55.6709],[12.7648,55.6708],[12.7651,55.6709],[12.7651,55.6708],[12.765,55.6708],[12.7648,55.6708],[12.7648,55.6705],[12.7657,55.6706],[12.7657,55.6703],[12.7658,55.6703],[12.7662,55.6702],[12.7663,55.6702],[12.7664,55.6703],[12.7664,55.6703],[12.7664,55.6703],[12.7667,55.6706],[12.7667,55.6708],[12.7666,55.6708],[12.7666,55.6708],[12.7666,55.6709],[12.7664,55.6709],[12.766,55.6707],[12.7659,55.671],[12.7656,55.6709],[12.7656,55.671],[12.7653,55.671],[12.765,55.6711],[12.7649,55.6713],[12.7646,55.6715],[12.7645,55.6715],[12.7645,55.6713],[12.7643,55.6714],[12.7644,55.6714],[12.7644,55.6716],[12.7646,55.6715],[12.7649,55.6714],[12.7652,55.6712],[12.7652,55.6711],[12.7657,55.671],[12.7663,55.671],[12.7665,55.671],[12.7666,55.6711],[12.7664,55.6713],[12.7662,55.6714],[12.7664,55.6715],[12.7663,55.6716],[12.7668,55.6718],[12.7673,55.6718],[12.7674,55.6718],[12.7675,55.6718],[12.7675,55.6718],[12.7675,55.6718],[12.7675,55.6719],[12.7676,55.6722],[12.7679,55.6725],[12.768,55.6725],[12.768,55.6727],[12.7682,55.6727],[12.7687,55.6725],[12.7695,55.6724],[12.7696,55.6721],[12.7696,55.672],[12.7693,55.6721],[12.7691,55.672],[12.7691,55.672],[12.769,55.672],[12.769,55.6719],[12.769,55.6717],[12.7691,55.6715],[12.7699,55.6714],[12.7703,55.6715],[12.7708,55.6713],[12.771,55.6713],[12.7712,55.6713],[12.7712,55.6713],[12.7714,55.6713],[12.7715,55.6713],[12.7721,55.6711],[12.7728,55.6708],[12.7728,55.6707],[12.7721,55.6708],[12.7722,55.6702],[12.7722,55.6696],[12.7723,55.6694],[12.7726,55.6693],[12.7727,55.669],[12.7726,55.6686],[12.7723,55.6685],[12.7723,55.6684],[12.7721,55.6683],[12.772,55.6683],[12.7718,55.6683],[12.7715,55.6684],[12.7715,55.6685],[12.7714,55.6685],[12.7712,55.6684],[12.7709,55.6685],[12.771,55.6683],[12.7721,55.6681],[12.7721,55.6681],[12.7726,55.6681],[12.773,55.6679],[12.7731,55.6677],[12.7732,55.6677],[12.7736,55.6676],[12.774,55.6675],[12.7742,55.6676],[12.7747,55.6673],[12.7749,55.6671],[12.775,55.667],[12.7751,55.6671],[12.7752,55.6671],[12.7759,55.6674],[12.7762,55.6673],[12.7764,55.6672],[12.7765,55.667],[12.7764,55.6669],[12.7761,55.667],[12.776,55.6668],[12.776,55.6661],[12.7761,55.6656],[12.7756,55.6656],[12.7755,55.6658],[12.7751,55.6658],[12.7751,55.6655],[12.7749,55.6654],[12.775,55.665],[12.7753,55.665],[12.7753,55.6651],[12.776,55.6652],[12.7759,55.6645],[12.7764,55.664],[12.7765,55.6638],[12.7767,55.6635],[12.7766,55.6628],[12.7767,55.6626],[12.7769,55.6624],[12.777,55.6622],[12.7772,55.662],[12.7776,55.6617],[12.778,55.6615],[12.7786,55.6612],[12.779,55.6608],[12.7789,55.6602],[12.7789,55.6598],[12.7788,55.6594],[12.779,55.6589],[12.7791,55.6584],[12.7792,55.6582],[12.7792,55.6574],[12.7792,55.6573],[12.7793,55.6567],[12.7794,55.6562],[12.7795,55.656],[12.7795,55.6555],[12.779,55.6554],[12.7786,55.6554],[12.7786,55.6553],[12.7781,55.6552],[12.7779,55.655],[12.778,55.6549],[12.7783,55.6548],[12.7787,55.6547],[12.7793,55.6547],[12.7797,55.6547],[12.7797,55.6546],[12.7798,55.6546],[12.7794,55.6545],[12.7793,55.6544],[12.7792,55.6542],[12.7785,55.6538],[12.779,55.6536],[12.7788,55.6533],[12.7784,55.6528],[12.7782,55.6523],[12.7788,55.6521],[12.7797,55.6519],[12.7806,55.6518],[12.7806,55.6515],[12.7805,55.6509],[12.7805,55.6507],[12.7803,55.6503],[12.7803,55.6499],[12.7806,55.6494],[12.7806,55.6492],[12.7805,55.6482],[12.7803,55.6474],[12.7801,55.6469],[12.7801,55.6467],[12.7804,55.6465],[12.7802,55.6459],[12.7803,55.6454],[12.7799,55.6452],[12.7799,55.6448],[12.7801,55.6448],[12.7802,55.6447],[12.78,55.6444],[12.7798,55.6444],[12.7798,55.6442],[12.7801,55.6441],[12.7804,55.6437],[12.7803,55.6436],[12.78,55.6435],[12.78,55.6434],[12.7801,55.643],[12.7802,55.6429],[12.7801,55.6426],[12.7803,55.6421],[12.7805,55.642],[12.7804,55.6414],[12.7804,55.6411],[12.7807,55.641],[12.7812,55.6404],[12.7813,55.6403],[12.7815,55.6403],[12.7817,55.6401],[12.7821,55.6402],[12.7821,55.6401],[12.7822,55.64],[12.7824,55.6398],[12.7826,55.6398],[12.7833,55.6399],[12.7837,55.6398],[12.7836,55.6399],[12.7838,55.64],[12.7839,55.6399],[12.7839,55.6397],[12.7838,55.6396],[12.7838,55.6393],[12.7835,55.6387],[12.7838,55.6386],[12.7839,55.6384],[12.7837,55.6378],[12.7836,55.6377],[12.7836,55.6375],[12.7835,55.6374],[12.7834,55.6374],[12.7834,55.6375],[12.783,55.6375],[12.7823,55.6376],[12.7818,55.6376],[12.782,55.6371],[12.782,55.637],[12.7823,55.6368],[12.7827,55.6368],[12.7829,55.6368],[12.7832,55.6367],[12.7835,55.6368],[12.7837,55.6368],[12.7838,55.6368],[12.7839,55.6367],[12.784,55.6366],[12.7838,55.6364],[12.7835,55.6364],[12.7833,55.6362],[12.7831,55.6361],[12.7831,55.636],[12.783,55.636],[12.7828,55.636],[12.7828,55.6361],[12.7827,55.6362],[12.7828,55.6363],[12.7824,55.6363],[12.7823,55.636],[12.782,55.6358],[12.782,55.6357],[12.7824,55.6356],[12.7823,55.6354],[12.782,55.6353],[12.7821,55.6352],[12.7819,55.6352],[12.782,55.6351],[12.7821,55.6351],[12.7822,55.6351],[12.7825,55.635],[12.7825,55.6348],[12.7822,55.6348],[12.7821,55.6346],[12.7823,55.6346],[12.7825,55.6344],[12.7827,55.6344],[12.7828,55.6344],[12.7828,55.6344],[12.7831,55.6345],[12.7832,55.6347],[12.7833,55.6347],[12.7835,55.6346],[12.7835,55.6343],[12.7834,55.6341],[12.7829,55.6337],[12.7828,55.6334],[12.7817,55.6328],[12.7815,55.6325],[12.7815,55.6322],[12.7816,55.6321],[12.7818,55.6322],[12.782,55.6321],[12.782,55.632],[12.7819,55.6319],[12.7822,55.6318],[12.782,55.6317],[12.7816,55.6318],[12.7814,55.6316],[12.7818,55.6317],[12.7819,55.6316],[12.7818,55.6315],[12.782,55.6314],[12.7818,55.6313],[12.7815,55.6312],[12.7815,55.6311],[12.7816,55.6311],[12.7817,55.6308],[12.7814,55.6307],[12.7814,55.6307],[12.7815,55.6305],[12.7817,55.6305],[12.7819,55.6305],[12.782,55.6303],[12.7818,55.6302],[12.7816,55.6301],[12.7815,55.63],[12.7818,55.6301],[12.782,55.63],[12.782,55.6298],[12.7823,55.6297],[12.7824,55.6297],[12.7823,55.6295],[12.7825,55.6296],[12.7828,55.6293],[12.7827,55.6291],[12.7819,55.6289],[12.7815,55.6288],[12.7814,55.6286],[12.7814,55.6286],[12.7816,55.6285],[12.7816,55.6284],[12.7817,55.6284],[12.7817,55.6283],[12.7815,55.6283],[12.7815,55.6285],[12.7813,55.6285],[12.7808,55.6284],[12.7806,55.6284],[12.7798,55.6282],[12.7795,55.6282],[12.7796,55.6281],[12.7795,55.628],[12.7791,55.6279],[12.7791,55.6277],[12.7789,55.6277],[12.7789,55.6273],[12.7792,55.6273],[12.7791,55.6276],[12.7795,55.6278],[12.7806,55.6281],[12.7815,55.628],[12.7823,55.6282],[12.7824,55.6281],[12.7824,55.628],[12.7821,55.6278],[12.782,55.6278],[12.7822,55.6278],[12.7823,55.6276],[12.7825,55.6276],[12.7825,55.6275],[12.7828,55.6275],[12.783,55.6274],[12.7834,55.6274],[12.7833,55.6271],[12.7833,55.6266],[12.7834,55.6264],[12.7833,55.6262],[12.7837,55.626],[12.7838,55.6259],[12.7833,55.6257],[12.783,55.6252],[12.7833,55.6252],[12.7831,55.6248],[12.7832,55.6246],[12.7835,55.6246],[12.7835,55.6245],[12.7837,55.6245],[12.7836,55.6243],[12.7834,55.6242],[12.7835,55.6241],[12.7833,55.624],[12.7833,55.6238],[12.7835,55.6237],[12.7837,55.6239],[12.7841,55.624],[12.7842,55.6239],[12.7842,55.6237],[12.7841,55.6235],[12.7836,55.6233],[12.7833,55.6233],[12.7828,55.6232],[12.7827,55.623],[12.7829,55.6231],[12.7832,55.623],[12.7834,55.6229],[12.7835,55.6228],[12.7835,55.6228],[12.7834,55.6228],[12.7834,55.6228],[12.7834,55.6227],[12.7834,55.6226],[12.7834,55.6226],[12.7835,55.6226],[12.7836,55.6226],[12.7836,55.6226],[12.7837,55.6227],[12.7837,55.6227],[12.7837,55.6227],[12.7837,55.6227],[12.7836,55.6227],[12.7836,55.6227],[12.7841,55.6228],[12.7842,55.6229],[12.7845,55.6229],[12.7852,55.6226],[12.7856,55.6226],[12.7856,55.6227],[12.7858,55.6227],[12.7858,55.6226],[12.7861,55.6226],[12.7863,55.6225],[12.7866,55.6225],[12.7867,55.6224],[12.7869,55.6227],[12.7871,55.6226],[12.787,55.6224],[12.7872,55.6224],[12.7873,55.6222],[12.7877,55.6222],[12.7877,55.6223],[12.7878,55.6223],[12.7879,55.6222],[12.7881,55.6221],[12.7882,55.6217],[12.7886,55.6215],[12.7888,55.6212],[12.7888,55.621],[12.7886,55.6207],[12.7889,55.6207],[12.7893,55.6206],[12.7892,55.6205],[12.7893,55.6204],[12.7891,55.6202],[12.7888,55.6203],[12.7887,55.6202],[12.7887,55.62],[12.7888,55.6198],[12.7888,55.6195],[12.7886,55.6195],[12.7885,55.6194],[12.7884,55.6194],[12.7881,55.6193],[12.7877,55.6192],[12.7874,55.6191],[12.787,55.6192],[12.787,55.6191],[12.787,55.619],[12.7873,55.6189],[12.7876,55.6188],[12.7876,55.6185],[12.7874,55.6184],[12.7875,55.6183],[12.7876,55.6183],[12.7874,55.6182],[12.7872,55.6183],[12.787,55.6182],[12.7868,55.6181],[12.7867,55.6183],[12.7867,55.6185],[12.7864,55.6186],[12.7864,55.6187],[12.7866,55.6189],[12.7864,55.6191],[12.7864,55.6191],[12.7864,55.6195],[12.7867,55.6197],[12.787,55.6197],[12.7871,55.6198],[12.787,55.6201],[12.7871,55.6201],[12.7877,55.6201],[12.7879,55.6203],[12.788,55.6203],[12.7884,55.6204],[12.7884,55.6204],[12.7884,55.6204],[12.7885,55.6206],[12.7885,55.6206],[12.7885,55.6206],[12.7884,55.6206],[12.7877,55.6202],[12.7876,55.6202],[12.787,55.6202],[12.7868,55.6203],[12.7864,55.6203],[12.7863,55.6203],[12.7863,55.6203],[12.7863,55.6203],[12.7863,55.6203],[12.7863,55.6202],[12.7863,55.6201],[12.7858,55.6201],[12.7859,55.6196],[12.7856,55.6194],[12.7859,55.6192],[12.7859,55.6191],[12.7859,55.619],[12.7857,55.6188],[12.7858,55.6187],[12.7859,55.6186],[12.7856,55.6185],[12.7853,55.6185],[12.7853,55.6184],[12.785,55.6183],[12.7849,55.6181],[12.785,55.6179],[12.7849,55.6178],[12.784,55.6177],[12.7837,55.6176],[12.7837,55.6175],[12.784,55.6175],[12.7846,55.6174],[12.7847,55.6173],[12.7846,55.6171],[12.7843,55.617],[12.7843,55.6169],[12.7849,55.617],[12.785,55.6169],[12.785,55.6168],[12.7853,55.6169],[12.7854,55.6168],[12.7847,55.6167],[12.7843,55.6167],[12.7845,55.6164],[12.7846,55.6162],[12.7846,55.6161],[12.7844,55.616],[12.7844,55.6159],[12.7847,55.6158],[12.7847,55.6156],[12.7849,55.6156],[12.7848,55.6154],[12.7849,55.6154],[12.7851,55.6157],[12.7854,55.6158],[12.7855,55.6156],[12.7854,55.6152],[12.7854,55.6152],[12.7851,55.6151],[12.7846,55.6151],[12.7846,55.6151],[12.7846,55.6151],[12.7846,55.6151],[12.7846,55.6151],[12.7846,55.6151],[12.7846,55.6151],[12.7845,55.6151],[12.7845,55.6151],[12.784,55.615],[12.784,55.615],[12.7838,55.6149],[12.7838,55.6149],[12.7838,55.6149],[12.7838,55.6149],[12.7834,55.6143],[12.7834,55.6143],[12.7833,55.614],[12.7833,55.614],[12.7834,55.614],[12.7834,55.614],[12.7829,55.6135],[12.7829,55.6134],[12.7831,55.6134],[12.7831,55.6133],[12.7831,55.6132],[12.7832,55.6133],[12.7833,55.6134],[12.7833,55.6135],[12.7836,55.6135],[12.7836,55.6135],[12.7836,55.6135],[12.7838,55.6136],[12.7839,55.6137],[12.7839,55.6137],[12.7839,55.6137],[12.7835,55.6136],[12.7836,55.6138],[12.7835,55.614],[12.7835,55.614],[12.7835,55.614],[12.7835,55.614],[12.7837,55.6142],[12.7837,55.6142],[12.7837,55.6142],[12.7837,55.6142],[12.7837,55.6142],[12.7837,55.6143],[12.7839,55.6148],[12.7841,55.6149],[12.7842,55.615],[12.7846,55.615],[12.7847,55.615],[12.7847,55.615],[12.7847,55.615],[12.7847,55.615],[12.7851,55.615],[12.785,55.6148],[12.7845,55.6145],[12.7842,55.6144],[12.7841,55.6143],[12.7843,55.6143],[12.7847,55.6145],[12.785,55.6145],[12.7853,55.6146],[12.7852,55.6148],[12.7856,55.6151],[12.7855,55.6152],[12.7855,55.6152],[12.7856,55.6153],[12.7856,55.6154],[12.7856,55.6154],[12.7858,55.6155],[12.7859,55.6156],[12.786,55.6158],[12.786,55.616],[12.7862,55.6161],[12.7866,55.6159],[12.7867,55.6158],[12.7869,55.6158],[12.7871,55.6157],[12.7874,55.6155],[12.7871,55.6153],[12.7868,55.6151],[12.7868,55.6151],[12.7866,55.615],[12.7864,55.6149],[12.7866,55.6149],[12.7871,55.6151],[12.7874,55.6151],[12.7877,55.615],[12.7879,55.6149],[12.788,55.6148],[12.7885,55.6148],[12.7885,55.6145],[12.7889,55.6144],[12.7889,55.6143],[12.7894,55.6142],[12.789,55.6141],[12.7891,55.6139],[12.789,55.6135],[12.7891,55.6134],[12.7897,55.6134],[12.7897,55.6131],[12.7893,55.6129],[12.7879,55.6127],[12.7879,55.6125],[12.788,55.6125],[12.7884,55.6127],[12.7897,55.6128],[12.79,55.6128],[12.7902,55.6127],[12.7901,55.6126],[12.7901,55.6125],[12.7894,55.6124],[12.7892,55.6123],[12.7887,55.6121],[12.7882,55.612],[12.7879,55.6118],[12.7879,55.6116],[12.788,55.6116],[12.7881,55.6116],[12.7883,55.6119],[12.789,55.6121],[12.7891,55.6122],[12.7894,55.6123],[12.7895,55.6123],[12.7903,55.6123],[12.7905,55.6122],[12.7907,55.6123],[12.791,55.6122],[12.7911,55.6121],[12.7914,55.6121],[12.7916,55.6121],[12.7916,55.6121],[12.7915,55.6122],[12.7916,55.6123],[12.7918,55.6123],[12.792,55.6122],[12.7923,55.6123],[12.7925,55.6121],[12.7931,55.6121],[12.7935,55.6119],[12.7935,55.6116],[12.7937,55.6115],[12.7938,55.6114],[12.7938,55.6113],[12.7935,55.611],[12.7935,55.6109],[12.7934,55.6109],[12.7932,55.6109],[12.7928,55.6112],[12.7928,55.6113],[12.7926,55.6112],[12.7925,55.6112],[12.7925,55.6112],[12.7925,55.6112],[12.7926,55.611],[12.7925,55.6108],[12.7925,55.6107],[12.7925,55.6107],[12.7927,55.6107],[12.7927,55.6107],[12.793,55.6109],[12.7932,55.6109],[12.7932,55.6109],[12.7932,55.6109],[12.7936,55.6108],[12.7937,55.6108],[12.7936,55.6106],[12.7936,55.6106],[12.7941,55.6104],[12.794,55.6102],[12.7939,55.6102],[12.7937,55.6102],[12.7936,55.6103],[12.7935,55.6103],[12.7934,55.6103],[12.7936,55.6099],[12.7935,55.6099],[12.7932,55.61],[12.793,55.6099],[12.7926,55.6099],[12.7925,55.6099],[12.7925,55.6099],[12.7923,55.6097],[12.7924,55.6095],[12.7923,55.6095],[12.7919,55.6095],[12.792,55.6094],[12.792,55.6092],[12.7921,55.6091],[12.7919,55.609],[12.7917,55.6089],[12.7916,55.6089],[12.7912,55.6089],[12.791,55.6091],[12.7901,55.6092],[12.79,55.6093],[12.7898,55.6092],[12.7895,55.6093],[12.7892,55.6092],[12.7891,55.6091],[12.7883,55.6091],[12.7879,55.609],[12.7877,55.6089],[12.7874,55.6091],[12.7874,55.6092],[12.7875,55.6093],[12.7874,55.6094],[12.7874,55.6096],[12.7871,55.6097],[12.787,55.6097],[12.787,55.6096],[12.7868,55.6096],[12.7866,55.6098],[12.7867,55.61],[12.787,55.61],[12.7871,55.6101],[12.7874,55.6102],[12.7873,55.6104],[12.7876,55.6108],[12.7877,55.6108],[12.7877,55.6109],[12.7874,55.611],[12.7873,55.6111],[12.7873,55.6113],[12.7875,55.6115],[12.7873,55.6115],[12.7873,55.6117],[12.7871,55.6117],[12.787,55.6118],[12.7869,55.6118],[12.7867,55.6119],[12.7869,55.6121],[12.787,55.6121],[12.787,55.612],[12.787,55.6119],[12.787,55.6119],[12.787,55.6119],[12.787,55.6119],[12.7872,55.6119],[12.7872,55.6119],[12.7872,55.6119],[12.7872,55.6119],[12.7872,55.6119],[12.7872,55.6121],[12.7872,55.6121],[12.7872,55.6121],[12.7872,55.6121],[12.7872,55.6121],[12.7872,55.6121],[12.787,55.6121],[12.787,55.6121],[12.787,55.6122],[12.7874,55.6125],[12.7875,55.6128],[12.7872,55.6127],[12.7873,55.6126],[12.7871,55.6125],[12.7869,55.6125],[12.7869,55.6126],[12.7871,55.6126],[12.7871,55.6127],[12.7868,55.6126],[12.7866,55.6124],[12.7866,55.6122],[12.7866,55.6119],[12.7868,55.6118],[12.7871,55.6116],[12.787,55.6114],[12.7869,55.6114],[12.7866,55.6115],[12.7863,55.6114],[12.7862,55.6111],[12.7862,55.6106],[12.7865,55.6104],[12.7865,55.6102],[12.7868,55.6101],[12.7865,55.6101],[12.7863,55.6099],[12.7864,55.6098],[12.7863,55.6097],[12.7867,55.6094],[12.7867,55.6092],[12.7865,55.6091],[12.7865,55.6086],[12.7861,55.6086],[12.7861,55.6086],[12.7864,55.6085],[12.7862,55.6084],[12.7863,55.6084],[12.7864,55.6083],[12.7857,55.6082],[12.7853,55.6082],[12.7852,55.6083],[12.785,55.6083],[12.7848,55.6083],[12.7846,55.6081],[12.7844,55.6081],[12.784,55.608],[12.7843,55.6082],[12.7843,55.6083],[12.7839,55.6085],[12.7837,55.6086],[12.7833,55.6086],[12.7831,55.6086],[12.783,55.6085],[12.7833,55.6083],[12.7832,55.6081],[12.7831,55.608],[12.7831,55.6079],[12.7834,55.6079],[12.7839,55.6077],[12.7836,55.6074],[12.7833,55.6073],[12.7831,55.6074],[12.7829,55.6078],[12.7828,55.608],[12.7824,55.6079],[12.7823,55.6078],[12.7825,55.6077],[12.7826,55.6077],[12.7826,55.6076],[12.7828,55.6075],[12.7828,55.6072],[12.7826,55.6071],[12.7826,55.6071],[12.7824,55.6071],[12.7822,55.6072],[12.7822,55.6071],[12.782,55.607],[12.7819,55.6068],[12.7817,55.6068],[12.7817,55.6067],[12.7815,55.6065],[12.7815,55.6065],[12.7813,55.6064],[12.781,55.6064],[12.7805,55.6065],[12.7804,55.6064],[12.7805,55.6063],[12.7804,55.6062],[12.7799,55.6062],[12.7799,55.6063],[12.7796,55.6063],[12.7795,55.6065],[12.7796,55.6065],[12.7795,55.6066],[12.7787,55.6066],[12.7785,55.6068],[12.7781,55.6067],[12.7779,55.6068],[12.7778,55.6068],[12.7778,55.6066],[12.7775,55.6066],[12.7772,55.6066],[12.7768,55.6068],[12.7768,55.607],[12.7766,55.607],[12.7765,55.607],[12.7765,55.6071],[12.7763,55.6071],[12.7763,55.6072],[12.7762,55.6073],[12.776,55.6078],[12.776,55.6079],[12.7756,55.6079],[12.7753,55.608],[12.7752,55.6081],[12.775,55.6081],[12.7749,55.608],[12.7752,55.608],[12.7752,55.6078],[12.7749,55.6077],[12.7754,55.6072],[12.7757,55.6066],[12.7757,55.6066],[12.7757,55.6065],[12.7756,55.6064],[12.7754,55.6064],[12.775,55.6066],[12.775,55.6065],[12.7748,55.6065],[12.7745,55.6065],[12.7744,55.6062],[12.7744,55.6061],[12.7743,55.606],[12.7744,55.6059],[12.7743,55.6059],[12.7741,55.6058],[12.7738,55.6057],[12.7734,55.6056],[12.7732,55.6057],[12.773,55.6057],[12.7731,55.6059],[12.7729,55.6059],[12.7729,55.6059],[12.7729,55.6059],[12.7728,55.606],[12.7728,55.606],[12.7727,55.6061],[12.7727,55.6061],[12.7726,55.6064],[12.7725,55.6064],[12.7724,55.6063],[12.7723,55.6063],[12.7721,55.6061],[12.772,55.606],[12.7719,55.606],[12.7718,55.606],[12.7718,55.6062],[12.7718,55.6063],[12.7717,55.6063],[12.7714,55.6062],[12.7711,55.6061],[12.771,55.606],[12.7712,55.606],[12.7713,55.6059],[12.7713,55.6058],[12.7713,55.6057],[12.7714,55.6057],[12.7714,55.6056],[12.7713,55.6056],[12.7713,55.6055],[12.7715,55.6055],[12.7716,55.6055],[12.7717,55.6054],[12.7713,55.6054],[12.7712,55.6054],[12.7713,55.6052],[12.7714,55.6052],[12.7716,55.605],[12.7713,55.6048],[12.7712,55.6048],[12.7709,55.6047],[12.7708,55.6048],[12.7708,55.6049],[12.7711,55.6051],[12.7709,55.6051],[12.7709,55.6052],[12.7708,55.6053],[12.7712,55.6053],[12.771,55.6056],[12.7712,55.6057],[12.7709,55.6058],[12.7708,55.6059],[12.7707,55.6059],[12.7707,55.6059],[12.7703,55.6059],[12.7701,55.6058],[12.7699,55.6059],[12.7696,55.6059],[12.7694,55.606],[12.7692,55.6061],[12.7691,55.6061],[12.7689,55.6062],[12.7689,55.6062],[12.7688,55.6062],[12.7687,55.6062],[12.7685,55.6062],[12.7685,55.6065],[12.7686,55.6067],[12.7684,55.6067],[12.7681,55.6067],[12.7679,55.6066],[12.7677,55.6066],[12.7677,55.6064],[12.7675,55.6063],[12.7675,55.6063],[12.7676,55.6063],[12.7677,55.6061],[12.7676,55.606],[12.7675,55.6058],[12.7672,55.6058],[12.7669,55.6058],[12.7667,55.606],[12.7665,55.6062],[12.7663,55.6062],[12.7663,55.6062],[12.7659,55.6063],[12.7658,55.6065],[12.7658,55.6065],[12.7663,55.6064],[12.767,55.6066],[12.7673,55.6067],[12.7675,55.6067],[12.7676,55.6069],[12.7672,55.6069],[12.7672,55.6067],[12.7667,55.6066],[12.7661,55.6065],[12.7657,55.6066],[12.7657,55.6066],[12.7656,55.6066],[12.7654,55.6068],[12.765,55.6068],[12.7649,55.6069],[12.7648,55.6069],[12.7648,55.6069],[12.7648,55.6071],[12.7647,55.6071],[12.7641,55.6067],[12.764,55.6067],[12.764,55.6066],[12.7638,55.6066],[12.7634,55.6066],[12.7633,55.6067],[12.763,55.6068],[12.7628,55.6068],[12.7628,55.6068],[12.7628,55.6069],[12.7629,55.607],[12.7628,55.6071],[12.7627,55.6071],[12.7627,55.6072],[12.7627,55.6072],[12.763,55.6071],[12.7631,55.6074],[12.7629,55.6075],[12.7628,55.6075],[12.7627,55.6077],[12.7628,55.6077],[12.7628,55.6078],[12.7628,55.6078],[12.763,55.6079],[12.7633,55.6079],[12.7635,55.6078],[12.7637,55.6079],[12.7638,55.6078],[12.7637,55.6077],[12.764,55.6076],[12.764,55.6078],[12.7638,55.608],[12.7638,55.6081],[12.7637,55.6082],[12.7638,55.6083],[12.7638,55.6084],[12.7632,55.6083],[12.763,55.6085],[12.7626,55.6087],[12.7623,55.6089],[12.7622,55.6089],[12.762,55.6091],[12.7624,55.6091],[12.7624,55.6092],[12.7626,55.6093],[12.7626,55.6093],[12.7627,55.6093],[12.7627,55.6094],[12.7627,55.6094],[12.7627,55.6095],[12.7627,55.6096],[12.7629,55.6097],[12.7629,55.6098],[12.7629,55.6099],[12.7626,55.6099],[12.7624,55.6101],[12.7624,55.6101],[12.7624,55.6101],[12.7622,55.6101],[12.7621,55.6103],[12.7616,55.6102],[12.7616,55.6101],[12.7616,55.6101],[12.7616,55.6101],[12.7615,55.61],[12.7615,55.61],[12.7614,55.6101],[12.7614,55.6101],[12.7612,55.6102],[12.7612,55.6103],[12.7612,55.6105],[12.7611,55.6106],[12.761,55.6106],[12.761,55.6107],[12.7609,55.6106],[12.7609,55.6107],[12.7607,55.6107],[12.7606,55.6107],[12.7606,55.6108],[12.7607,55.611],[12.7606,55.611],[12.7606,55.6112],[12.7608,55.6114],[12.7611,55.6114],[12.7612,55.6115],[12.7614,55.6115],[12.7614,55.6116],[12.7611,55.6116],[12.7612,55.6118],[12.7611,55.6118],[12.7609,55.6116],[12.7606,55.6116],[12.7605,55.6116],[12.7605,55.6116],[12.7607,55.6117],[12.7605,55.6118],[12.7604,55.6119],[12.7604,55.6121],[12.7607,55.6123],[12.7609,55.6123],[12.7612,55.6123],[12.7612,55.6123],[12.7616,55.6122],[12.7619,55.6125],[12.7616,55.6124],[12.7616,55.6124],[12.7615,55.6125],[12.7613,55.6125],[12.7612,55.6125],[12.7611,55.6125],[12.7611,55.6124],[12.7609,55.6124],[12.7605,55.6124],[12.7605,55.6125],[12.7608,55.6126],[12.7607,55.6127],[12.7605,55.6128],[12.7604,55.6129],[12.7606,55.6129],[12.7606,55.6129],[12.7604,55.613],[12.7605,55.6132],[12.7607,55.6133],[12.7607,55.6133],[12.7609,55.6133],[12.761,55.6134],[12.761,55.6134],[12.761,55.6135],[12.7609,55.6135],[12.7609,55.6136],[12.7608,55.6138],[12.7608,55.614],[12.761,55.6142],[12.7607,55.6141],[12.7607,55.6141],[12.7602,55.6142],[12.76,55.6143],[12.7598,55.6143],[12.7598,55.6144],[12.76,55.6147],[12.7601,55.6148],[12.7599,55.6149],[12.7597,55.6151],[12.7595,55.6151],[12.7595,55.6151],[12.7593,55.6153],[12.7594,55.6154],[12.7593,55.6154],[12.7593,55.6154],[12.7593,55.6154],[12.7593,55.6156],[12.7592,55.6157],[12.7589,55.6157],[12.7589,55.6156],[12.7588,55.6154],[12.7588,55.6156],[12.7586,55.6156],[12.7585,55.6155],[12.7586,55.6153],[12.7585,55.6153],[12.7583,55.6154],[12.7583,55.6154],[12.7582,55.6155],[12.7582,55.6156],[12.7582,55.6156],[12.7582,55.6156],[12.7583,55.6156],[12.7582,55.6156],[12.7582,55.6156],[12.7581,55.6157],[12.7581,55.616],[12.7582,55.6161],[12.7585,55.616],[12.7584,55.6161],[12.758,55.6163],[12.7579,55.6162],[12.7576,55.616],[12.7573,55.6161],[12.7572,55.616],[12.7567,55.616],[12.7566,55.6161],[12.7566,55.6162],[12.7568,55.6163],[12.7567,55.6163],[12.7567,55.6163],[12.7568,55.6165],[12.7568,55.6165],[12.757,55.6164],[12.7574,55.6163],[12.7575,55.6162],[12.7576,55.6162],[12.758,55.6163],[12.758,55.6164],[12.7579,55.6164],[12.758,55.6166],[12.7584,55.6169],[12.7585,55.617],[12.7585,55.6174],[12.7583,55.6174],[12.7583,55.6172],[12.758,55.6172],[12.7576,55.6169],[12.7574,55.6169],[12.7574,55.6171],[12.7577,55.6173],[12.758,55.6174],[12.7581,55.6174],[12.7582,55.6175],[12.7582,55.6175],[12.7582,55.6178],[12.7582,55.6178],[12.7583,55.6178],[12.7584,55.6179],[12.7584,55.6179],[12.7586,55.618],[12.7587,55.618],[12.7587,55.618],[12.7587,55.618],[12.7586,55.6181],[12.7586,55.6181],[12.7587,55.618],[12.7588,55.618],[12.7589,55.618],[12.759,55.618],[12.759,55.618],[12.759,55.618],[12.759,55.618],[12.759,55.618],[12.759,55.6181],[12.7589,55.6181],[12.7586,55.6181],[12.7586,55.6181],[12.7587,55.6181],[12.7589,55.6181],[12.7589,55.6181],[12.7589,55.6181],[12.759,55.6183],[12.759,55.6183],[12.7589,55.6183],[12.7586,55.6182],[12.7586,55.6182],[12.7585,55.6181],[12.7583,55.618],[12.7583,55.618],[12.7583,55.618],[12.7583,55.618],[12.7583,55.618],[12.7583,55.618],[12.7583,55.618],[12.7582,55.6179],[12.7581,55.6179],[12.7581,55.6179],[12.7581,55.6178],[12.7581,55.6178],[12.7581,55.6178],[12.7581,55.6178],[12.7581,55.6178],[12.7579,55.6175],[12.7579,55.6175],[12.7579,55.6174],[12.7573,55.6174],[12.7571,55.6173],[12.7569,55.6175],[12.7565,55.6176],[12.7562,55.6177],[12.7561,55.6176],[12.7554,55.6174],[12.7552,55.6174],[12.755,55.6175],[12.7547,55.6175],[12.7546,55.6175],[12.7546,55.6177],[12.7548,55.6178],[12.7548,55.6177],[12.7549,55.6177],[12.7552,55.6177],[12.7553,55.6179],[12.755,55.618],[12.7546,55.6178],[12.7543,55.6178],[12.754,55.6181],[12.7538,55.6182],[12.7538,55.618],[12.754,55.6179],[12.7542,55.6175],[12.7542,55.6175],[12.7539,55.6174],[12.7539,55.6173],[12.7542,55.6169],[12.7544,55.617],[12.7544,55.6171],[12.7546,55.6172],[12.7548,55.6172],[12.7549,55.617],[12.7548,55.6169],[12.7548,55.6169],[12.7546,55.6168],[12.7543,55.6166],[12.7542,55.6166],[12.7542,55.6166],[12.7538,55.6167],[12.7536,55.6168],[12.7537,55.617],[12.7533,55.6171],[12.7533,55.6174],[12.7532,55.6176],[12.7534,55.6177],[12.7534,55.6179],[12.7536,55.6181],[12.7537,55.6182],[12.7537,55.6182],[12.7534,55.6183],[12.7536,55.6186],[12.7541,55.6187],[12.7542,55.6187],[12.7542,55.6187],[12.7542,55.6187],[12.7543,55.6186],[12.7543,55.6186],[12.7545,55.6187],[12.7546,55.6187],[12.7548,55.6189],[12.7549,55.619],[12.7549,55.619],[12.7551,55.6191],[12.7552,55.619],[12.7557,55.6189],[12.7558,55.6188],[12.756,55.6189],[12.756,55.6188],[12.7559,55.6188],[12.7558,55.6188],[12.7558,55.6188],[12.7558,55.6188],[12.7558,55.6185],[12.756,55.6185],[12.7563,55.6184],[12.7563,55.6184],[12.7565,55.6188],[12.7564,55.6188],[12.7564,55.6188],[12.7561,55.6189],[12.7563,55.6192],[12.7559,55.6192],[12.7558,55.6195],[12.7556,55.6195],[12.7555,55.6193],[12.7552,55.6193],[12.7552,55.6193],[12.7552,55.6193],[12.7548,55.6193],[12.7548,55.619],[12.7546,55.6188],[12.7546,55.6188],[12.7542,55.6187],[12.7542,55.6187],[12.754,55.6188],[12.754,55.6188],[12.7538,55.6188],[12.7538,55.6188],[12.7538,55.6188],[12.7538,55.6188],[12.7536,55.6188],[12.7536,55.6187],[12.7536,55.6187],[12.7536,55.6187],[12.7536,55.6187],[12.7536,55.6187],[12.7535,55.6187],[12.7534,55.6188],[12.7533,55.6189],[12.7531,55.619],[12.7532,55.619],[12.7531,55.6191],[12.7533,55.6192],[12.7533,55.6192],[12.7531,55.6193],[12.7531,55.6193],[12.7532,55.6193],[12.7532,55.6194],[12.7532,55.6194],[12.7534,55.6195],[12.7533,55.6196],[12.7535,55.6197],[12.7534,55.6198],[12.7536,55.62],[12.7535,55.62],[12.7536,55.6201],[12.7537,55.6202],[12.7536,55.6203],[12.7537,55.6205],[12.7537,55.6205],[12.7537,55.6205],[12.7537,55.6207],[12.7537,55.6208],[12.7537,55.6208],[12.7538,55.6208],[12.7537,55.6209],[12.7538,55.6211],[12.7539,55.6212],[12.7537,55.6214],[12.7535,55.6214],[12.7534,55.6213],[12.7533,55.6214],[12.7531,55.6214],[12.7531,55.6213],[12.753,55.6212],[12.753,55.6208],[12.7529,55.6207],[12.7529,55.6207],[12.7529,55.6206],[12.7529,55.6206],[12.7528,55.6206],[12.7524,55.6205],[12.7521,55.6203],[12.7521,55.6203],[12.752,55.6204],[12.7514,55.6206],[12.7511,55.6207],[12.7505,55.6209],[12.7505,55.6208],[12.7509,55.6206],[12.7513,55.6206],[12.7515,55.6203],[12.7515,55.6203],[12.7513,55.6202],[12.7509,55.6203],[12.7504,55.62],[12.7502,55.6197],[12.7504,55.6197],[12.7505,55.6196],[12.7506,55.6196],[12.7507,55.6196],[12.7508,55.6195],[12.7508,55.6195],[12.7509,55.6192],[12.7509,55.6192],[12.7506,55.6193],[12.7504,55.6194],[12.7499,55.6194],[12.7498,55.6196],[12.7495,55.6195],[12.7492,55.6196],[12.7489,55.6194],[12.7489,55.6194],[12.7487,55.6193],[12.7488,55.6191],[12.7487,55.6191],[12.7487,55.619],[12.7485,55.6189],[12.7485,55.6189],[12.7484,55.6189],[12.7484,55.6188],[12.7484,55.6188],[12.7482,55.6186],[12.7476,55.6186],[12.7472,55.6184],[12.7472,55.6183],[12.7473,55.618],[12.7473,55.618],[12.7473,55.6179],[12.7473,55.6179],[12.7474,55.6179],[12.7475,55.6175],[12.7474,55.6174],[12.7472,55.6176],[12.7468,55.6181],[12.7467,55.6181],[12.7467,55.6181],[12.7466,55.6185],[12.7466,55.6185],[12.7468,55.6186],[12.7469,55.6188],[12.747,55.6189],[12.747,55.6192],[12.7472,55.6194],[12.7472,55.6196],[12.7471,55.6198],[12.747,55.6199],[12.747,55.6202],[12.7468,55.6202],[12.7466,55.6202],[12.7465,55.6204],[12.7466,55.6205],[12.7462,55.6206],[12.746,55.6206],[12.7458,55.6207],[12.7458,55.6207],[12.7457,55.6207],[12.7456,55.6209],[12.7451,55.6212],[12.7449,55.6212],[12.7448,55.6211],[12.7447,55.6211],[12.7447,55.6211],[12.7447,55.6211],[12.7447,55.6211],[12.7447,55.621],[12.7449,55.621],[12.7453,55.621],[12.7453,55.621],[12.7452,55.6208],[12.7451,55.6207],[12.7449,55.6208],[12.7446,55.6209],[12.7443,55.6209],[12.744,55.621],[12.744,55.6211],[12.7438,55.6211],[12.744,55.6214],[12.7438,55.6215],[12.7438,55.6213],[12.7435,55.6212],[12.7435,55.6211],[12.7437,55.621],[12.7443,55.6208],[12.7443,55.6208],[12.7443,55.6208],[12.7441,55.6207],[12.744,55.6207],[12.7442,55.6206],[12.7443,55.6204],[12.7444,55.6204],[12.7444,55.6203],[12.7445,55.6202],[12.7445,55.6201],[12.7445,55.62],[12.7448,55.6198],[12.7448,55.6198],[12.7447,55.6197],[12.7445,55.6198],[12.7442,55.6197],[12.7439,55.6197],[12.7435,55.6197],[12.7432,55.6195],[12.7429,55.6195],[12.7427,55.6196],[12.7426,55.6197],[12.7425,55.6198],[12.7424,55.62],[12.7424,55.6202],[12.7426,55.6203],[12.7426,55.6203],[12.7427,55.6203],[12.7428,55.6205],[12.7429,55.6206],[12.7429,55.6207],[12.7429,55.6208],[12.7428,55.6211],[12.7427,55.6213],[12.7427,55.6216],[12.7427,55.6217],[12.7425,55.6216],[12.7423,55.6216],[12.7424,55.6218],[12.7423,55.6219],[12.7424,55.6219],[12.7421,55.622],[12.7421,55.622],[12.742,55.622],[12.7418,55.622],[12.7417,55.6221],[12.7417,55.622],[12.7417,55.622],[12.7416,55.6219],[12.7405,55.6219],[12.7404,55.6217],[12.7405,55.6216],[12.7405,55.6216],[12.7403,55.6216],[12.7405,55.6214],[12.7403,55.6213],[12.7402,55.6212],[12.7401,55.6214],[12.7398,55.6217],[12.7399,55.6218],[12.7404,55.6223],[12.7402,55.6223],[12.7401,55.6225],[12.7404,55.6227],[12.7408,55.6226],[12.7406,55.6225],[12.7407,55.6224],[12.741,55.6225],[12.741,55.6226],[12.7408,55.6226],[12.7408,55.6227],[12.7408,55.6227],[12.7408,55.6228],[12.7409,55.6228],[12.7411,55.6228],[12.7412,55.6228],[12.7413,55.6228],[12.7413,55.6228],[12.7415,55.6228],[12.7415,55.6228],[12.7411,55.6227],[12.7411,55.6226],[12.7415,55.6225],[12.7416,55.6227],[12.7416,55.6227],[12.7417,55.6227],[12.7417,55.6226],[12.7419,55.6226],[12.742,55.6226],[12.7422,55.6226],[12.7422,55.6227],[12.7425,55.6227],[12.7424,55.6229],[12.7425,55.6229],[12.7426,55.623],[12.7432,55.6228],[12.7433,55.6228],[12.7435,55.6228],[12.7438,55.6228],[12.7439,55.6228],[12.744,55.6227],[12.744,55.6227],[12.7439,55.6226],[12.7438,55.6225],[12.7435,55.6225],[12.7435,55.6223],[12.7433,55.6221],[12.743,55.6221],[12.7431,55.622],[12.7428,55.6218],[12.7433,55.6219],[12.7434,55.622],[12.7435,55.6219],[12.7435,55.6219],[12.7436,55.6219],[12.7438,55.6217],[12.7438,55.6216],[12.7439,55.6216],[12.7439,55.6215],[12.7439,55.6215],[12.7443,55.6215],[12.7443,55.6215],[12.7443,55.6215],[12.7443,55.6215],[12.7443,55.6216],[12.7443,55.6216],[12.7443,55.6216],[12.7439,55.6217],[12.7439,55.6217],[12.7439,55.6217],[12.744,55.6217],[12.744,55.6218],[12.7443,55.6218],[12.7443,55.6219],[12.744,55.6218],[12.7439,55.622],[12.7441,55.622],[12.7443,55.622],[12.7443,55.622],[12.7444,55.622],[12.7444,55.6221],[12.7446,55.6221],[12.7446,55.6222],[12.7445,55.6222],[12.7445,55.6223],[12.7448,55.6225],[12.7452,55.6228],[12.7452,55.6229],[12.745,55.6229],[12.745,55.623],[12.7453,55.623],[12.7454,55.6231],[12.7457,55.6232],[12.7458,55.6233],[12.7457,55.6236],[12.7454,55.6236],[12.7453,55.6236],[12.7452,55.6236],[12.7452,55.6234],[12.7451,55.6233],[12.7449,55.6234],[12.7451,55.6236],[12.7448,55.6236],[12.7448,55.6237],[12.7444,55.6238],[12.7444,55.6234],[12.7444,55.6232],[12.7443,55.6232],[12.7438,55.6232],[12.7437,55.6232],[12.7433,55.6231],[12.7433,55.6231],[12.743,55.6232],[12.7432,55.6236],[12.7434,55.6237],[12.7433,55.6239],[12.7431,55.6241],[12.743,55.6242],[12.743,55.6243],[12.743,55.6243],[12.7431,55.6245],[12.7432,55.6245],[12.7431,55.6246],[12.7432,55.6248],[12.7432,55.6249],[12.7433,55.625],[12.7432,55.6251],[12.7434,55.6252],[12.7436,55.6253],[12.7438,55.6254],[12.744,55.6255],[12.7441,55.6256],[12.7438,55.6255],[12.7438,55.6256],[12.7439,55.6257],[12.7442,55.6257],[12.7442,55.6257],[12.7443,55.6258],[12.7443,55.6258],[12.7441,55.6258],[12.744,55.6259],[12.7439,55.6259],[12.7438,55.6259],[12.7438,55.626],[12.7436,55.6261],[12.7436,55.6264],[12.7436,55.6266],[12.7437,55.6268],[12.7437,55.6268],[12.7442,55.6267],[12.7439,55.6269],[12.7439,55.6269],[12.7436,55.6272],[12.7436,55.6274],[12.7434,55.6274],[12.7434,55.6275],[12.743,55.6276],[12.743,55.6276],[12.7431,55.6276],[12.743,55.6277],[12.7431,55.6278],[12.7431,55.6279],[12.7435,55.628],[12.7437,55.628],[12.7443,55.6282],[12.7444,55.6283],[12.7447,55.6283],[12.7447,55.6285],[12.7448,55.6285],[12.7448,55.6286],[12.7449,55.6287],[12.7448,55.6288],[12.7449,55.629],[12.7446,55.629],[12.7442,55.629],[12.7438,55.6288],[12.7435,55.6288],[12.7434,55.6283],[12.7434,55.6283],[12.7437,55.6283],[12.7436,55.6282],[12.7437,55.6281],[12.7435,55.6281],[12.7428,55.628],[12.7425,55.6277],[12.7421,55.6275],[12.742,55.6275],[12.7418,55.6275],[12.7417,55.6275],[12.7416,55.6277],[12.7418,55.6277],[12.7419,55.6277],[12.7419,55.628],[12.7418,55.6282],[12.7417,55.6283],[12.7417,55.6283],[12.7417,55.6283],[12.7416,55.6284],[12.7414,55.6287],[12.7411,55.6288],[12.7411,55.6288],[12.741,55.6289],[12.7409,55.629],[12.7407,55.629],[12.7407,55.6291],[12.741,55.6292],[12.7412,55.6292],[12.7413,55.6294],[12.7409,55.6293],[12.7409,55.6295],[12.7407,55.6296],[12.7407,55.6294],[12.7404,55.6293],[12.7404,55.6291],[12.7401,55.6291],[12.7401,55.6289],[12.7399,55.6289],[12.7396,55.6289],[12.7395,55.6289],[12.7395,55.629],[12.7394,55.6291],[12.7393,55.6291],[12.7393,55.6291],[12.7393,55.6291],[12.739,55.6292],[12.7387,55.6293],[12.7387,55.6291],[12.7384,55.6288],[12.738,55.6289],[12.7377,55.6291],[12.7376,55.6291],[12.7376,55.6289],[12.7374,55.629],[12.7373,55.629],[12.7373,55.6292],[12.737,55.6292],[12.7371,55.6295],[12.7368,55.6296],[12.7367,55.6295],[12.7369,55.6293],[12.7369,55.6292],[12.7366,55.6292],[12.7366,55.6294],[12.7364,55.6294],[12.7365,55.6292],[12.7367,55.6291],[12.7367,55.6291],[12.7366,55.629],[12.7366,55.6289],[12.7364,55.6289],[12.7364,55.6288],[12.7367,55.6287],[12.7366,55.6286],[12.7367,55.6284],[12.7368,55.6284],[12.7369,55.6284],[12.7369,55.6283],[12.7369,55.6283],[12.7371,55.6283],[12.7371,55.6282],[12.737,55.6281],[12.7369,55.6281],[12.7365,55.6281],[12.7361,55.6278],[12.7361,55.628],[12.7361,55.6281],[12.7362,55.6281],[12.7363,55.6281],[12.7363,55.6282],[12.7363,55.6282],[12.7362,55.6283],[12.7362,55.6284],[12.7363,55.6284],[12.7363,55.6285],[12.7363,55.6285],[12.7361,55.6286],[12.7361,55.6286],[12.7361,55.6286],[12.736,55.6287],[12.7359,55.6288],[12.7358,55.6289],[12.7359,55.629],[12.736,55.629],[12.7362,55.6291],[12.7362,55.6291],[12.736,55.6292],[12.7359,55.6292],[12.7362,55.6294],[12.7363,55.6295],[12.7364,55.6296],[12.7364,55.6296],[12.7365,55.6296],[12.7366,55.6296],[12.7366,55.6297],[12.7364,55.6297],[12.7364,55.6298],[12.7361,55.6299],[12.7363,55.63],[12.7362,55.63],[12.7368,55.63],[12.7374,55.6302],[12.7377,55.6302],[12.7379,55.6301],[12.7379,55.6301],[12.738,55.63],[12.7385,55.6301],[12.739,55.6302],[12.7392,55.6299],[12.7396,55.6296],[12.7398,55.6296],[12.74,55.6294],[12.7401,55.6294],[12.7402,55.6296],[12.74,55.6297],[12.74,55.6298],[12.7405,55.6298],[12.7407,55.6296],[12.7409,55.6296],[12.7409,55.6297],[12.7405,55.6299],[12.7398,55.6299],[12.7396,55.6299],[12.7396,55.63],[12.7398,55.63],[12.7398,55.6301],[12.7388,55.6307],[12.7387,55.631],[12.7386,55.6311],[12.7386,55.6311],[12.7389,55.6312],[12.739,55.6317],[12.739,55.632],[12.7389,55.6321],[12.7387,55.6322],[12.7384,55.6321],[12.738,55.6321],[12.7375,55.632],[12.7373,55.6321],[12.737,55.632],[12.7365,55.632],[12.7365,55.632],[12.7364,55.632],[12.7363,55.6321],[12.7364,55.6322],[12.7365,55.6322],[12.7365,55.6322],[12.7366,55.6322],[12.7366,55.6322],[12.7368,55.6323],[12.7367,55.6324],[12.7367,55.6325],[12.7366,55.6326],[12.7365,55.6327],[12.7363,55.6328],[12.7363,55.6329],[12.7363,55.6329],[12.7364,55.633],[12.7366,55.6329],[12.7366,55.6329],[12.7369,55.6329],[12.7373,55.6328],[12.7375,55.6328],[12.7377,55.6329],[12.7375,55.6332],[12.7374,55.6333],[12.7373,55.6332],[12.737,55.6332],[12.737,55.6332],[12.737,55.6333],[12.7368,55.6333],[12.7366,55.6335],[12.7364,55.6335],[12.7365,55.6337],[12.7362,55.6336],[12.7359,55.6337],[12.7359,55.6338],[12.7363,55.6338],[12.7362,55.6341],[12.736,55.6342],[12.7359,55.6342],[12.736,55.6343],[12.7356,55.6345],[12.7356,55.6345],[12.7354,55.6347],[12.735,55.6348],[12.7348,55.6348],[12.7348,55.6352],[12.7346,55.6352],[12.7347,55.6349],[12.7347,55.6348],[12.7342,55.6344],[12.7341,55.6341],[12.7342,55.6339],[12.7342,55.6339],[12.7341,55.6338],[12.7341,55.6337],[12.7336,55.6335],[12.7334,55.6335],[12.7332,55.6335],[12.7331,55.6334],[12.733,55.6334],[12.7329,55.6333],[12.7328,55.6333],[12.7329,55.6334],[12.733,55.6335],[12.7329,55.6336],[12.7328,55.6336],[12.7327,55.6337],[12.7328,55.6338],[12.7329,55.6339],[12.733,55.6339],[12.7332,55.634],[12.7335,55.6341],[12.7335,55.6342],[12.7332,55.6342],[12.7331,55.6342],[12.7331,55.6342],[12.7333,55.6347],[12.7332,55.6349],[12.7332,55.6349],[12.7336,55.6351],[12.7336,55.6353],[12.7336,55.6356],[12.7337,55.6358],[12.7335,55.636],[12.7335,55.6361],[12.7336,55.6361],[12.7338,55.636],[12.734,55.6361],[12.734,55.6361],[12.7341,55.636],[12.7342,55.6361],[12.7344,55.6361],[12.7347,55.636],[12.7347,55.636],[12.7351,55.6359],[12.735,55.6358],[12.735,55.6357],[12.7351,55.6357],[12.7357,55.6359],[12.7357,55.6359],[12.7353,55.6357],[12.7353,55.6356],[12.7355,55.6356],[12.7358,55.6356],[12.7359,55.6357],[12.7364,55.6357],[12.7364,55.6359],[12.7362,55.6361],[12.7366,55.6363],[12.7368,55.6365],[12.7368,55.6366],[12.7368,55.6367],[12.737,55.6369],[12.7368,55.637],[12.7368,55.637],[12.7368,55.6371],[12.7368,55.6372],[12.7368,55.6373],[12.7368,55.6373],[12.7368,55.6373],[12.7366,55.6373],[12.7367,55.6374],[12.7363,55.6378],[12.7362,55.6378],[12.7362,55.6379],[12.7362,55.638],[12.7362,55.6381],[12.7361,55.6381],[12.736,55.6382],[12.7359,55.6383],[12.7359,55.6384],[12.7358,55.6385],[12.7358,55.6386],[12.7356,55.6386],[12.7351,55.6388],[12.7352,55.6389],[12.735,55.6389],[12.735,55.639],[12.7348,55.6389],[12.7347,55.6389],[12.7345,55.639],[12.7344,55.6389],[12.7344,55.6389],[12.7344,55.6389],[12.7343,55.6389],[12.7342,55.6388],[12.7342,55.6388],[12.7339,55.6388],[12.7338,55.6389],[12.7337,55.639],[12.7341,55.639],[12.7341,55.6391],[12.7338,55.6391],[12.7337,55.6391],[12.7337,55.6391],[12.734,55.6392],[12.734,55.6394],[12.7342,55.6394],[12.7342,55.6393],[12.7345,55.6393],[12.7349,55.6396],[12.7353,55.6398],[12.7354,55.6398],[12.7354,55.6398],[12.7355,55.6398],[12.7357,55.6399],[12.7362,55.6397],[12.7362,55.6397],[12.7363,55.6396],[12.7364,55.6396],[12.7366,55.6395],[12.7369,55.6394],[12.7368,55.6395],[12.7368,55.6395],[12.7369,55.6396],[12.7369,55.6396],[12.737,55.6397],[12.737,55.6397],[12.7374,55.6397],[12.7374,55.6396],[12.7376,55.6395],[12.7376,55.6394],[12.7377,55.6394],[12.7377,55.6394],[12.7377,55.6394],[12.7379,55.6393],[12.7379,55.6394],[12.7379,55.6394],[12.7379,55.6394],[12.738,55.6394],[12.7381,55.6394],[12.7382,55.6396],[12.738,55.6398],[12.738,55.64],[12.7378,55.6401],[12.7379,55.6403],[12.7384,55.6401],[12.7387,55.6401],[12.7387,55.6402],[12.7382,55.6403],[12.7381,55.6404],[12.7383,55.6404],[12.7387,55.6404],[12.7388,55.6405],[12.7389,55.6406],[12.7386,55.6408],[12.7387,55.6409],[12.7389,55.6409],[12.7389,55.6409],[12.7385,55.641],[12.7384,55.6408],[12.7383,55.6408],[12.7379,55.6409],[12.7378,55.6409],[12.7378,55.6409],[12.7378,55.641],[12.7385,55.6411],[12.739,55.6411],[12.739,55.6413],[12.7388,55.6413],[12.7388,55.6414],[12.7386,55.6413],[12.7384,55.6414],[12.7378,55.6411],[12.7376,55.6411],[12.7375,55.6412],[12.7376,55.6415],[12.7382,55.6417],[12.7382,55.6417],[12.7378,55.6417],[12.7373,55.6415],[12.7368,55.6415],[12.7367,55.6414],[12.7364,55.6414],[12.7362,55.6415],[12.7363,55.6416],[12.7366,55.6416],[12.7365,55.6417],[12.736,55.6418],[12.736,55.6416],[12.7359,55.6416],[12.7359,55.6416],[12.7358,55.6416],[12.7356,55.6419],[12.7353,55.642],[12.7354,55.6421],[12.7352,55.6422],[12.7353,55.6422],[12.7356,55.6421],[12.7357,55.6421],[12.7357,55.6422],[12.7357,55.6422],[12.736,55.6424],[12.7362,55.6423],[12.7362,55.6422],[12.7363,55.6422],[12.7363,55.6422],[12.7366,55.6421],[12.7366,55.6421],[12.7366,55.6421],[12.7365,55.642],[12.7368,55.6419],[12.7368,55.6419],[12.7369,55.6419],[12.7369,55.6419],[12.7369,55.6419],[12.7371,55.6419],[12.7374,55.6421],[12.7373,55.6422],[12.737,55.6421],[12.7371,55.6422],[12.7373,55.6423],[12.7373,55.6424],[12.7375,55.6425],[12.7375,55.6426],[12.7373,55.6426],[12.7374,55.6426],[12.7372,55.6427],[12.7373,55.6427],[12.7371,55.6429],[12.7373,55.6429],[12.7373,55.6431],[12.7372,55.6432],[12.7372,55.6433],[12.7369,55.6432],[12.7369,55.6432],[12.7366,55.6431],[12.7369,55.6431],[12.7368,55.643],[12.7366,55.643],[12.7364,55.6428],[12.7363,55.6429],[12.7364,55.643],[12.7365,55.643],[12.7364,55.643],[12.7364,55.6432],[12.7365,55.6433],[12.7364,55.6433],[12.7364,55.6434],[12.7361,55.6435],[12.7358,55.6435],[12.7357,55.6435],[12.7356,55.6437],[12.7363,55.6437],[12.7372,55.6435],[12.7372,55.6436],[12.7366,55.6439],[12.7363,55.6439],[12.7363,55.6439],[12.7359,55.6438],[12.7358,55.6439],[12.7357,55.6439],[12.7353,55.6438],[12.7352,55.6439],[12.7357,55.6441],[12.7357,55.6441],[12.7359,55.6442],[12.736,55.6442],[12.7362,55.6441],[12.7365,55.6441],[12.7365,55.6442],[12.7363,55.6442],[12.7364,55.6443],[12.737,55.6444],[12.7371,55.6443],[12.7372,55.6443],[12.7373,55.6443],[12.7375,55.6443],[12.7374,55.6445],[12.7375,55.6446],[12.7376,55.6445],[12.7378,55.6446],[12.7379,55.6446],[12.738,55.6446],[12.7379,55.6444],[12.7383,55.6443],[12.7384,55.6444],[12.7381,55.6444],[12.738,55.6444],[12.7384,55.6445],[12.7384,55.6446],[12.7384,55.6446],[12.7383,55.6446],[12.7385,55.6446],[12.7387,55.6448],[12.7387,55.6449],[12.7388,55.645],[12.7389,55.645],[12.7389,55.645],[12.739,55.645],[12.7391,55.6452],[12.739,55.6453],[12.7388,55.6453],[12.7386,55.6454],[12.7384,55.6455],[12.7383,55.6455],[12.7384,55.6457],[12.7386,55.6457],[12.739,55.6457],[12.7392,55.6456],[12.7393,55.6456],[12.7394,55.6457],[12.7397,55.6457],[12.7398,55.6458],[12.7405,55.6456],[12.7406,55.6458],[12.7405,55.646],[12.7403,55.646],[12.74,55.6459],[12.7399,55.6459],[12.74,55.646],[12.74,55.6461],[12.7401,55.6462],[12.74,55.6463],[12.7405,55.6463],[12.7404,55.6466],[12.74,55.6466],[12.7398,55.6466],[12.7399,55.6467],[12.7396,55.6467],[12.7393,55.647],[12.7393,55.647],[12.7393,55.6472],[12.7389,55.6472],[12.7386,55.6474],[12.7389,55.6475],[12.7393,55.6474],[12.7398,55.6476],[12.74,55.6476],[12.7398,55.6474],[12.7398,55.6472],[12.74,55.6471],[12.7401,55.647],[12.7402,55.6469],[12.7403,55.6468],[12.7403,55.6466],[12.7409,55.6467],[12.741,55.6468],[12.7409,55.6469],[12.7409,55.647],[12.7411,55.647],[12.7412,55.647],[12.7414,55.6472],[12.7412,55.6473],[12.7412,55.6474],[12.7413,55.6475],[12.7415,55.6475],[12.7414,55.6478],[12.7407,55.6479],[12.7402,55.6477],[12.7402,55.6478],[12.7401,55.6479],[12.7402,55.6479],[12.7408,55.648],[12.7414,55.6479],[12.7414,55.648],[12.7413,55.648],[12.7412,55.6482],[12.7408,55.6483],[12.7406,55.6482],[12.7401,55.6484],[12.7403,55.6485],[12.7403,55.6485],[12.7402,55.6486],[12.7402,55.6486],[12.7402,55.6488],[12.7404,55.6488],[12.7407,55.6488],[12.7408,55.6488],[12.7412,55.6488],[12.7411,55.6489],[12.7412,55.6489],[12.7415,55.6489],[12.7415,55.649],[12.7414,55.649],[12.7414,55.6491],[12.7409,55.649],[12.7408,55.6491],[12.7407,55.649],[12.7405,55.6493],[12.7402,55.6494],[12.74,55.649],[12.7398,55.6491],[12.74,55.6491],[12.74,55.6492],[12.7399,55.6492],[12.7395,55.6492],[12.7392,55.6495],[12.739,55.6495],[12.7386,55.6493],[12.7384,55.649],[12.738,55.6491],[12.738,55.6491],[12.7374,55.6492],[12.7372,55.6492],[12.7371,55.6491],[12.737,55.6489],[12.7371,55.6488],[12.7373,55.6488],[12.7372,55.6487],[12.7367,55.6487],[12.7365,55.6489],[12.7365,55.649],[12.7366,55.6493],[12.7368,55.6495],[12.7371,55.6495],[12.7373,55.6496],[12.7374,55.6499],[12.7378,55.6501],[12.7383,55.6501],[12.7385,55.65],[12.7388,55.6499],[12.7388,55.65],[12.7385,55.6502],[12.7375,55.6503],[12.7364,55.6505],[12.7364,55.6506],[12.7366,55.6505],[12.7372,55.6505],[12.7386,55.6503],[12.7389,55.6503],[12.739,55.6503],[12.7391,55.6503],[12.7389,55.6503],[12.7389,55.6502],[12.739,55.6502],[12.7391,55.6502],[12.7392,55.6502],[12.7393,55.6502],[12.7393,55.6504],[12.7394,55.6505],[12.7395,55.6505],[12.7396,55.6508],[12.7396,55.6508],[12.7395,55.6509],[12.7401,55.6511],[12.7401,55.6512],[12.7401,55.6512],[12.7403,55.6513],[12.7405,55.6512],[12.7405,55.6512],[12.7406,55.6514],[12.7399,55.6515],[12.7399,55.6517],[12.7396,55.6517],[12.7394,55.6518],[12.7393,55.6514],[12.7392,55.6514],[12.739,55.6513],[12.739,55.6513],[12.739,55.6513],[12.739,55.6512],[12.7391,55.6512],[12.739,55.651],[12.7387,55.6508],[12.7387,55.6509],[12.7388,55.651],[12.7389,55.6512],[12.7388,55.6513],[12.7388,55.6519],[12.7388,55.652],[12.7382,55.652],[12.7382,55.6521],[12.7384,55.6521],[12.7387,55.6522],[12.7388,55.6523],[12.739,55.6527],[12.739,55.653],[12.7394,55.6528],[12.7397,55.6529],[12.7399,55.6532],[12.7402,55.6532],[12.7401,55.6534],[12.74,55.6535],[12.7402,55.6535],[12.7402,55.6536],[12.7398,55.6536],[12.7395,55.6537],[12.7391,55.6535],[12.7388,55.6537],[12.7393,55.6538],[12.7393,55.6541],[12.7394,55.654],[12.7394,55.6539],[12.7396,55.6539],[12.7396,55.6539],[12.7398,55.6539],[12.74,55.654],[12.7402,55.654],[12.7402,55.6542],[12.7403,55.6543],[12.7405,55.6542],[12.741,55.654],[12.7412,55.6542],[12.7411,55.6544],[12.7411,55.6547],[12.7412,55.6549],[12.7415,55.655],[12.7414,55.6552],[12.7416,55.6552],[12.7413,55.6554],[12.7413,55.6555],[12.7416,55.6555],[12.7417,55.6557],[12.741,55.6559],[12.7406,55.6559],[12.7405,55.6556],[12.7402,55.6555],[12.7406,55.6555],[12.7406,55.6554],[12.7409,55.6554],[12.7408,55.6551],[12.7408,55.655],[12.741,55.6549],[12.7409,55.6546],[12.7406,55.6545],[12.7403,55.6545],[12.7403,55.6545],[12.7402,55.6545],[12.7399,55.6545],[12.7399,55.6546],[12.74,55.6547],[12.74,55.655],[12.7401,55.655],[12.7401,55.6552],[12.74,55.6553],[12.7397,55.6555],[12.74,55.6555],[12.7402,55.6556],[12.7403,55.656],[12.7406,55.656],[12.7406,55.6561],[12.7404,55.6561],[12.7401,55.6562],[12.7403,55.6563],[12.7406,55.6563],[12.7409,55.6563],[12.741,55.6565],[12.7412,55.6566],[12.7413,55.6566],[12.7413,55.6565],[12.7413,55.6565],[12.7413,55.6565],[12.7413,55.6565],[12.7414,55.6565],[12.7415,55.6565],[12.7415,55.6565],[12.7417,55.6565],[12.7417,55.6565],[12.7417,55.6565],[12.7417,55.6565],[12.7417,55.6566],[12.7417,55.6566],[12.7417,55.6566],[12.7417,55.6566],[12.7417,55.6566],[12.7413,55.6567],[12.7413,55.6567],[12.7414,55.6567],[12.741,55.6567],[12.7409,55.6568],[12.7405,55.6568],[12.7405,55.6569],[12.7397,55.6569],[12.7396,55.6569],[12.7394,55.6569],[12.7391,55.6569],[12.739,55.6568],[12.7388,55.6568],[12.7388,55.6567],[12.7385,55.6565],[12.7383,55.6565],[12.7384,55.6563],[12.7385,55.6563],[12.7393,55.6562],[12.7392,55.6561],[12.7385,55.6562],[12.7383,55.6562],[12.7381,55.6562],[12.738,55.6562],[12.738,55.6564],[12.7382,55.6565],[12.7383,55.6566],[12.7388,55.657],[12.7396,55.6571],[12.74,55.657],[12.7401,55.657],[12.7402,55.657],[12.7407,55.6571],[12.7412,55.6572],[12.7412,55.6573],[12.741,55.6572],[12.7411,55.6573],[12.7413,55.6573],[12.7414,55.6576],[12.7411,55.6576],[12.7409,55.6576],[12.7409,55.6576],[12.7408,55.6576],[12.7405,55.6575],[12.74,55.6574],[12.7398,55.6573],[12.7397,55.6573],[12.7395,55.6572],[12.7397,55.6574],[12.7404,55.6576],[12.7406,55.6576],[12.7412,55.6577],[12.7417,55.6577],[12.7417,55.658],[12.742,55.6581],[12.7422,55.6582],[12.7426,55.6582],[12.7427,55.6583],[12.7427,55.6583],[12.7424,55.6584],[12.7419,55.6583],[12.7418,55.6586],[12.7422,55.6586],[12.7427,55.6587],[12.743,55.6586],[12.7432,55.6586],[12.7431,55.6587],[12.7434,55.6588],[12.7434,55.659],[12.7432,55.6591],[12.7429,55.6591],[12.7428,55.659],[12.7427,55.6591],[12.7427,55.6592],[12.7425,55.6595],[12.742,55.6595],[12.7415,55.6595],[12.7411,55.6596],[12.7412,55.6596],[12.7415,55.6596],[12.7419,55.6596],[12.7425,55.6596],[12.7425,55.6596],[12.743,55.6598],[12.7436,55.6597],[12.7442,55.6597],[12.7442,55.6597],[12.7443,55.6597],[12.7445,55.6599],[12.7445,55.6599],[12.7444,55.66],[12.7445,55.6602],[12.7449,55.6604],[12.745,55.6607],[12.7449,55.6607],[12.7444,55.661],[12.7444,55.6611],[12.7445,55.6612],[12.7445,55.6613],[12.7444,55.6613],[12.7446,55.6614],[12.7448,55.6614],[12.7448,55.6615],[12.7451,55.6615],[12.7451,55.6616],[12.7447,55.6617],[12.7444,55.6616],[12.7441,55.6617],[12.7441,55.6616],[12.7442,55.6615],[12.7438,55.6617],[12.744,55.6618],[12.7441,55.6618],[12.7438,55.6619],[12.7438,55.662],[12.7441,55.662],[12.7441,55.6621],[12.7439,55.6623],[12.744,55.6623],[12.7441,55.6623],[12.7436,55.6623],[12.7434,55.6624],[12.7432,55.6625],[12.743,55.6625],[12.7427,55.6625],[12.7428,55.6627],[12.7438,55.6627],[12.7438,55.6626],[12.7435,55.6625],[12.7435,55.6625],[12.7437,55.6625],[12.7439,55.6626],[12.7441,55.6625],[12.7441,55.6627],[12.7445,55.6628],[12.7447,55.6628],[12.7446,55.6627],[12.7445,55.6627],[12.7446,55.6626],[12.745,55.6628],[12.745,55.6628],[12.7449,55.6629],[12.7447,55.663],[12.7441,55.6631],[12.7436,55.6633],[12.7432,55.6634],[12.7427,55.6635],[12.7426,55.6634],[12.7424,55.6634],[12.7421,55.6636],[12.7422,55.6638],[12.7424,55.664],[12.7431,55.6639],[12.7433,55.6639],[12.7435,55.664],[12.7438,55.6641],[12.7438,55.6645],[12.7441,55.6645],[12.7442,55.6645],[12.7449,55.6645],[12.7451,55.6644],[12.7441,55.6643],[12.7442,55.6642],[12.744,55.664],[12.7435,55.6639],[12.7435,55.6638],[12.7437,55.6638],[12.7438,55.6637],[12.7447,55.6635],[12.7448,55.6635],[12.7449,55.6636],[12.7455,55.6633],[12.7457,55.6634],[12.7462,55.6632],[12.7463,55.6634],[12.7462,55.6635],[12.746,55.6637],[12.7458,55.6639],[12.7455,55.6639],[12.7454,55.664],[12.7452,55.6641],[12.7453,55.6642],[12.7453,55.6645],[12.7456,55.6646],[12.7456,55.6646],[12.7455,55.6647],[12.7456,55.6649],[12.7455,55.6649],[12.7453,55.6649],[12.7451,55.6652],[12.7448,55.6652],[12.7441,55.6653],[12.7436,55.6649],[12.7436,55.6648],[12.744,55.6647],[12.744,55.6647],[12.7435,55.6646],[12.7434,55.6645],[12.7429,55.6644],[12.7429,55.6643]],[[12.7605,55.6665],[12.7596,55.6662],[12.76,55.6657],[12.7604,55.6653],[12.7613,55.6654],[12.7624,55.6658],[12.762,55.6664],[12.7616,55.6667],[12.7605,55.6665]],[[12.7469,55.6648],[12.7475,55.665],[12.748,55.6652],[12.7476,55.6654],[12.7472,55.6657],[12.7468,55.6655],[12.7464,55.6657],[12.7461,55.6656],[12.7463,55.6652],[12.7466,55.665],[12.7469,55.6648]],[[12.7763,55.6623],[12.7766,55.6624],[12.7765,55.6625],[12.7762,55.6625],[12.7762,55.6626],[12.7759,55.6626],[12.7758,55.6623],[12.7763,55.6623]],[[12.7482,55.662],[12.7487,55.662],[12.7493,55.6618],[12.75,55.6617],[12.7509,55.6616],[12.752,55.6615],[12.7533,55.6615],[12.7543,55.6615],[12.7549,55.6617],[12.7543,55.6618],[12.7537,55.6617],[12.7526,55.6617],[12.7516,55.6618],[12.7507,55.662],[12.7504,55.6621],[12.7499,55.6621],[12.7493,55.6621],[12.7486,55.6623],[12.7485,55.6623],[12.7478,55.6624],[12.7479,55.6621],[12.7482,55.662]],[[12.7473,55.6613],[12.7475,55.6611],[12.748,55.661],[12.7484,55.661],[12.7486,55.6611],[12.7489,55.6612],[12.7488,55.6614],[12.7487,55.6616],[12.7481,55.6618],[12.7477,55.662],[12.7473,55.6617],[12.747,55.6614],[12.7473,55.6613]],[[12.775,55.6557],[12.7752,55.6553],[12.776,55.6552],[12.7769,55.6551],[12.7767,55.6556],[12.7766,55.6559],[12.7757,55.6559],[12.775,55.6559],[12.775,55.6557]],[[12.778,55.6515],[12.7779,55.6512],[12.778,55.6509],[12.7785,55.6509],[12.7784,55.6512],[12.7784,55.6515],[12.778,55.6515]],[[12.7781,55.6483],[12.7789,55.6482],[12.7797,55.6481],[12.7798,55.6485],[12.7799,55.6488],[12.7798,55.6494],[12.7798,55.6499],[12.7797,55.6503],[12.7794,55.6506],[12.7785,55.6505],[12.7783,55.6502],[12.7781,55.6497],[12.7779,55.649],[12.7776,55.6484],[12.7781,55.6483]],[[12.777,55.6477],[12.7769,55.6474],[12.7773,55.6474],[12.7776,55.6474],[12.7777,55.6476],[12.7778,55.6478],[12.7771,55.6479],[12.777,55.6477]],[[12.7538,55.6484],[12.7538,55.6482],[12.7539,55.6481],[12.7541,55.648],[12.7541,55.6479],[12.7543,55.6478],[12.7546,55.6477],[12.7547,55.6475],[12.7547,55.6474],[12.755,55.6473],[12.7552,55.6472],[12.7551,55.647],[12.7549,55.6471],[12.7548,55.6472],[12.7547,55.6471],[12.7547,55.647],[12.7548,55.6469],[12.7549,55.6468],[12.7551,55.6467],[12.7553,55.6468],[12.7555,55.6467],[12.7553,55.6466],[12.7553,55.6465],[12.7555,55.6466],[12.7556,55.6464],[12.7554,55.6463],[12.7556,55.6464],[12.7555,55.6462],[12.7557,55.6462],[12.7558,55.6461],[12.756,55.6461],[12.7563,55.6459],[12.7565,55.6458],[12.7567,55.6458],[12.7569,55.6458],[12.7571,55.6457],[12.7572,55.6456],[12.7576,55.6456],[12.7579,55.6456],[12.7579,55.6456],[12.7576,55.6457],[12.7575,55.6458],[12.7575,55.6459],[12.7573,55.6461],[12.7572,55.6462],[12.7569,55.6463],[12.7569,55.6463],[12.757,55.6464],[12.7571,55.6464],[12.7572,55.6465],[12.7571,55.6466],[12.7569,55.6465],[12.7566,55.6465],[12.7564,55.6465],[12.7563,55.6466],[12.7562,55.6468],[12.7564,55.6468],[12.7566,55.6467],[12.7568,55.6466],[12.757,55.6467],[12.7572,55.6467],[12.7573,55.6468],[12.7571,55.6468],[12.7568,55.6469],[12.7568,55.647],[12.7568,55.6472],[12.7569,55.6473],[12.7569,55.6474],[12.7567,55.6474],[12.7568,55.6475],[12.7569,55.6477],[12.7571,55.6478],[12.757,55.6479],[12.7571,55.6481],[12.7573,55.6481],[12.7575,55.648],[12.7576,55.6478],[12.7576,55.6477],[12.7578,55.6477],[12.758,55.6478],[12.758,55.6478],[12.7578,55.6479],[12.7576,55.648],[12.7574,55.6482],[12.7573,55.6484],[12.7571,55.6484],[12.7572,55.6483],[12.7568,55.6482],[12.7565,55.6481],[12.7562,55.6482],[12.7562,55.6481],[12.7565,55.6479],[12.7567,55.6477],[12.7565,55.6476],[12.7565,55.6474],[12.7566,55.6472],[12.7566,55.6471],[12.7564,55.647],[12.756,55.6472],[12.7556,55.6473],[12.7553,55.6473],[12.7552,55.6474],[12.7554,55.6474],[12.7555,55.6473],[12.7557,55.6474],[12.7554,55.6475],[12.7554,55.6476],[12.7556,55.6476],[12.7559,55.6477],[12.7558,55.6478],[12.7554,55.6478],[12.7553,55.6481],[12.7552,55.648],[12.7553,55.6478],[12.7551,55.6477],[12.7554,55.6477],[12.7551,55.6475],[12.7551,55.6474],[12.7549,55.6475],[12.755,55.6477],[12.7549,55.6479],[12.7547,55.648],[12.7545,55.6479],[12.7543,55.648],[12.7542,55.6481],[12.7541,55.6482],[12.7538,55.6484]],[[12.7559,55.6437],[12.7558,55.6436],[12.7558,55.6435],[12.7558,55.6434],[12.7559,55.6433],[12.7561,55.6431],[12.7564,55.643],[12.7563,55.6428],[12.7565,55.6427],[12.7569,55.6425],[12.7573,55.6423],[12.7577,55.6421],[12.7581,55.642],[12.7585,55.6421],[12.7586,55.6422],[12.7586,55.6424],[12.7584,55.6424],[12.7582,55.6425],[12.7579,55.6426],[12.7574,55.6426],[12.7572,55.6428],[12.7569,55.6432],[12.7565,55.6432],[12.7563,55.6434],[12.7564,55.6434],[12.7562,55.6435],[12.756,55.6436],[12.7559,55.6437]],[[12.7735,55.6427],[12.7736,55.6425],[12.7734,55.642],[12.7732,55.6413],[12.7731,55.6407],[12.7728,55.64],[12.7726,55.6394],[12.7725,55.6388],[12.7731,55.6387],[12.7739,55.6386],[12.7748,55.6386],[12.7759,55.6385],[12.776,55.6389],[12.7762,55.6395],[12.7764,55.64],[12.7765,55.6405],[12.7766,55.641],[12.7766,55.6414],[12.777,55.6421],[12.7771,55.6428],[12.7765,55.6429],[12.7755,55.6429],[12.7744,55.643],[12.7737,55.643],[12.7735,55.6427]],[[12.7554,55.6375],[12.7554,55.6375],[12.7554,55.6374],[12.7556,55.6374],[12.7558,55.6373],[12.7558,55.6372],[12.7559,55.6372],[12.7559,55.6373],[12.7561,55.6373],[12.7564,55.6374],[12.7567,55.6376],[12.757,55.6376],[12.7574,55.6377],[12.7574,55.6377],[12.7573,55.6379],[12.7574,55.638],[12.7575,55.6381],[12.7578,55.6381],[12.758,55.6382],[12.7583,55.6383],[12.7584,55.6385],[12.7584,55.6386],[12.7581,55.6386],[12.7578,55.6387],[12.7576,55.6387],[12.7574,55.6385],[12.7573,55.6384],[12.7572,55.6384],[12.7572,55.6386],[12.7571,55.6386],[12.7569,55.6386],[12.757,55.6387],[12.7572,55.6387],[12.7572,55.6388],[12.757,55.6388],[12.7568,55.6389],[12.7566,55.639],[12.7566,55.639],[12.7568,55.639],[12.7568,55.6391],[12.7566,55.6391],[12.7565,55.6391],[12.7567,55.6392],[12.7568,55.6393],[12.7567,55.6394],[12.7566,55.6395],[12.7568,55.6395],[12.7567,55.6395],[12.7566,55.6396],[12.7564,55.6396],[12.7564,55.6395],[12.7564,55.6393],[12.7565,55.6392],[12.7563,55.6391],[12.756,55.6392],[12.7558,55.6392],[12.7557,55.6391],[12.7559,55.6391],[12.756,55.6391],[12.7559,55.639],[12.756,55.6389],[12.7562,55.639],[12.7563,55.6389],[12.7564,55.6389],[12.7565,55.6389],[12.7566,55.6389],[12.7567,55.6388],[12.7568,55.6387],[12.7568,55.6386],[12.7569,55.6385],[12.7568,55.6384],[12.7567,55.6384],[12.7565,55.6383],[12.7565,55.6381],[12.7566,55.6379],[12.7565,55.6379],[12.7566,55.6379],[12.7565,55.6376],[12.7563,55.6375],[12.7561,55.6375],[12.7561,55.6376],[12.756,55.6377],[12.7558,55.6376],[12.7556,55.6376],[12.7556,55.6375],[12.7554,55.6375]],[[12.7714,55.6368],[12.7714,55.6366],[12.7714,55.6362],[12.7717,55.6362],[12.7728,55.6361],[12.7728,55.6363],[12.7729,55.6366],[12.773,55.637],[12.7722,55.637],[12.7715,55.637],[12.7714,55.6368]],[[12.7695,55.636],[12.7698,55.636],[12.7695,55.6361],[12.7693,55.6362],[12.7692,55.6364],[12.769,55.6363],[12.7688,55.6362],[12.7687,55.6361],[12.7686,55.6358],[12.7683,55.6358],[12.7685,55.6356],[12.7685,55.6355],[12.7687,55.6353],[12.7689,55.6351],[12.7691,55.6351],[12.7693,55.635],[12.7694,55.6351],[12.7696,55.6351],[12.77,55.6349],[12.77,55.6347],[12.7701,55.6347],[12.7703,55.6348],[12.7705,55.6349],[12.7711,55.6349],[12.7715,55.6348],[12.7716,55.6348],[12.7718,55.6348],[12.7716,55.635],[12.7713,55.6349],[12.7709,55.6349],[12.7705,55.635],[12.7704,55.635],[12.7707,55.635],[12.7706,55.6351],[12.7702,55.6352],[12.7694,55.6353],[12.7691,55.6355],[12.7689,55.6357],[12.769,55.6359],[12.7691,55.6361],[12.7695,55.636]],[[12.7458,55.6404],[12.7459,55.6404],[12.7463,55.6401],[12.7467,55.6402],[12.7474,55.6404],[12.7468,55.6408],[12.7463,55.6406],[12.7458,55.6404]],[[12.754,55.6276],[12.7541,55.6275],[12.7541,55.6274],[12.7544,55.6274],[12.7544,55.6273],[12.7541,55.6272],[12.7541,55.6271],[12.754,55.627],[12.754,55.627],[12.7542,55.627],[12.7541,55.6269],[12.7541,55.6269],[12.7545,55.627],[12.7546,55.6271],[12.7551,55.6271],[12.7554,55.6271],[12.7554,55.6269],[12.7554,55.6268],[12.7555,55.6265],[12.7556,55.6266],[12.7557,55.6267],[12.7556,55.6268],[12.7559,55.6268],[12.7559,55.627],[12.756,55.6271],[12.7558,55.6272],[12.7557,55.6274],[12.7559,55.6276],[12.7558,55.6278],[12.7554,55.6279],[12.7553,55.6279],[12.755,55.6279],[12.7547,55.6278],[12.7544,55.6276],[12.754,55.6276]]]},"properties":{"sourceId":"ais_par3.136771","a_type":4210,"hectares":1611.331}},{"type":"Feature","id":"ais_par3.136782","geometry":{"type":"Polygon","coordinates":[[[12.7357,55.6302],[12.7357,55.6301],[12.7357,55.63],[12.7356,55.63],[12.7355,55.63],[12.7357,55.6302]]]},"properties":{"sourceId":"ais_par3.136782","a_type":4210,"hectares":0.013}},{"type":"Feature","id":"ais_par3.136784","geometry":{"type":"Polygon","coordinates":[[[12.7368,55.6413],[12.7367,55.6412],[12.7366,55.6413],[12.7368,55.6413]]]},"properties":{"sourceId":"ais_par3.136784","a_type":4210,"hectares":0.007}},{"type":"Feature","id":"ais_par3.136786","geometry":{"type":"Polygon","coordinates":[[[12.736,55.6302],[12.7357,55.6302],[12.7357,55.6302],[12.7356,55.6302],[12.7356,55.6302],[12.7356,55.6303],[12.7355,55.6303],[12.7357,55.6303],[12.7357,55.6303],[12.736,55.6302]]]},"properties":{"sourceId":"ais_par3.136786","a_type":4210,"hectares":0.029}},{"type":"Feature","id":"ais_par3.136790","geometry":{"type":"Polygon","coordinates":[[[12.7374,55.6413],[12.7372,55.6412],[12.7369,55.6413],[12.7374,55.6413]]]},"properties":{"sourceId":"ais_par3.136790","a_type":4210,"hectares":0.018}},{"type":"Feature","id":"ais_par3.134899","geometry":{"type":"Polygon","coordinates":[[[12.5181,55.7253],[12.5185,55.726],[12.5192,55.7267],[12.5202,55.7273],[12.5213,55.7273],[12.522,55.727],[12.5219,55.7263],[12.5218,55.7255],[12.5215,55.7249],[12.5181,55.7253]]]},"properties":{"sourceId":"ais_par3.134899","a_type":4110,"hectares":4.642}},{"type":"Feature","id":"ais_par3.134901","geometry":{"type":"Polygon","coordinates":[[[12.518,55.7244],[12.5178,55.7244],[12.5177,55.7245],[12.5176,55.7248],[12.518,55.7251],[12.5181,55.7251],[12.5183,55.725],[12.5183,55.7249],[12.5181,55.7245],[12.518,55.7244]]]},"properties":{"sourceId":"ais_par3.134901","a_type":4120,"hectares":0.222}},{"type":"Feature","id":"ais_par3.134902","geometry":{"type":"Polygon","coordinates":[[[12.515,55.7214],[12.515,55.7216],[12.5152,55.7224],[12.5154,55.7227],[12.5165,55.7226],[12.5174,55.7225],[12.5168,55.7224],[12.5164,55.7222],[12.5156,55.7225],[12.5154,55.7225],[12.5163,55.7221],[12.5159,55.7218],[12.5151,55.7215],[12.515,55.7214]]]},"properties":{"sourceId":"ais_par3.134902","a_type":4120,"hectares":0.804}},{"type":"Feature","id":"ais_par3.134903","geometry":{"type":"Polygon","coordinates":[[[12.5218,55.7233],[12.5211,55.7235],[12.5197,55.724],[12.5203,55.7244],[12.5217,55.7239],[12.5217,55.7237],[12.5217,55.7234],[12.5218,55.7233]]]},"properties":{"sourceId":"ais_par3.134903","a_type":4120,"hectares":0.74}},{"type":"Feature","id":"ais_par3.134904","geometry":{"type":"Polygon","coordinates":[[[12.501,55.7204],[12.5018,55.7206],[12.5023,55.7205],[12.5028,55.7205],[12.5031,55.7203],[12.5037,55.7201],[12.5042,55.7199],[12.5047,55.7199],[12.5049,55.7199],[12.5052,55.72],[12.5055,55.72],[12.5061,55.7198],[12.5066,55.7198],[12.5062,55.7198],[12.5054,55.7197],[12.5046,55.7197],[12.5038,55.7197],[12.5033,55.7197],[12.5027,55.7198],[12.502,55.7201],[12.501,55.7204]]]},"properties":{"sourceId":"ais_par3.134904","a_type":4120,"hectares":1.26}},{"type":"Feature","id":"ais_par3.134905","geometry":{"type":"Polygon","coordinates":[[[12.4942,55.7217],[12.4949,55.7219],[12.4958,55.7218],[12.4963,55.7213],[12.497,55.7211],[12.4966,55.7208],[12.4961,55.7206],[12.4949,55.7208],[12.4945,55.7213],[12.4942,55.7217]]]},"properties":{"sourceId":"ais_par3.134905","a_type":4120,"hectares":1.464}},{"type":"Feature","id":"ais_par3.134906","geometry":{"type":"Polygon","coordinates":[[[12.4797,55.7223],[12.4794,55.7224],[12.4793,55.7225],[12.4793,55.7226],[12.4793,55.7227],[12.4796,55.7228],[12.4796,55.7228],[12.48,55.7227],[12.48,55.7227],[12.48,55.7224],[12.48,55.7224],[12.4799,55.7224],[12.4797,55.7223]]]},"properties":{"sourceId":"ais_par3.134906","a_type":4120,"hectares":0.191}},{"type":"Feature","id":"ais_par3.134907","geometry":{"type":"Polygon","coordinates":[[[12.4772,55.7218],[12.4772,55.7218],[12.4779,55.722],[12.4781,55.7217],[12.4777,55.7214],[12.4772,55.7213],[12.4773,55.7213],[12.4773,55.7214],[12.4773,55.7216],[12.4774,55.7217],[12.4773,55.7218],[12.4772,55.7218]]]},"properties":{"sourceId":"ais_par3.134907","a_type":4120,"hectares":0.253}},{"type":"Feature","id":"ais_par3.134908","geometry":{"type":"Polygon","coordinates":[[[12.4767,55.7212],[12.4767,55.7211],[12.4767,55.7212],[12.4767,55.7212]]]},"properties":{"sourceId":"ais_par3.134908","a_type":4120,"hectares":4688}},{"type":"Feature","id":"ais_par3.134909","geometry":{"type":"Polygon","coordinates":[[[12.4843,55.7248],[12.4848,55.7247],[12.4845,55.7244],[12.484,55.7241],[12.4835,55.7241],[12.4828,55.7242],[12.4843,55.7248]]]},"properties":{"sourceId":"ais_par3.134909","a_type":4120,"hectares":0.459}},{"type":"Feature","id":"ais_par3.134910","geometry":{"type":"Polygon","coordinates":[[[12.4824,55.7241],[12.483,55.724],[12.4826,55.7236],[12.4822,55.7235],[12.4815,55.7235],[12.4811,55.7235],[12.4812,55.7236],[12.4816,55.7237],[12.4818,55.7238],[12.4824,55.7241]]]},"properties":{"sourceId":"ais_par3.134910","a_type":4120,"hectares":0.416}},{"type":"Feature","id":"ais_par3.134911","geometry":{"type":"Polygon","coordinates":[[[12.5018,55.7099],[12.5017,55.7099],[12.5016,55.7103],[12.5017,55.7109],[12.5022,55.711],[12.5025,55.7114],[12.5031,55.7115],[12.5036,55.7119],[12.5036,55.7123],[12.5039,55.7124],[12.5046,55.7126],[12.5048,55.7125],[12.5048,55.7124],[12.5048,55.7122],[12.5045,55.7118],[12.5045,55.7118],[12.5045,55.7118],[12.5041,55.7113],[12.5034,55.711],[12.5026,55.7107],[12.5018,55.7101],[12.5018,55.7099]]]},"properties":{"sourceId":"ais_par3.134911","a_type":4120,"hectares":1.798}},{"type":"Feature","id":"ais_par3.134912","geometry":{"type":"Polygon","coordinates":[[[12.4534,55.7123],[12.4541,55.7127],[12.4547,55.7131],[12.4556,55.7134],[12.4572,55.7133],[12.4584,55.7131],[12.4594,55.7126],[12.46,55.7123],[12.4602,55.712],[12.4604,55.7117],[12.4598,55.7113],[12.4587,55.7105],[12.4579,55.7104],[12.456,55.7103],[12.4542,55.7101],[12.4539,55.7101],[12.4536,55.7105],[12.4534,55.7111],[12.4533,55.7118],[12.4534,55.7123]]]},"properties":{"sourceId":"ais_par3.134912","a_type":4120,"hectares":12.198}},{"type":"Feature","id":"ais_par3.134951","geometry":{"type":"Polygon","coordinates":[[[12.5169,55.7102],[12.5169,55.7102],[12.5162,55.7103],[12.5161,55.7103],[12.5161,55.7105],[12.5162,55.7105],[12.5164,55.7105],[12.5169,55.7104],[12.5169,55.7104],[12.5169,55.7102]]]},"properties":{"sourceId":"ais_par3.134951","a_type":5120,"hectares":0.121}},{"type":"Feature","id":"ais_par3.134974","geometry":{"type":"Polygon","coordinates":[[[12.5132,55.7188],[12.5125,55.7186],[12.5122,55.7185],[12.512,55.7184],[12.5116,55.7181],[12.5104,55.7175],[12.5097,55.7172],[12.5089,55.7169],[12.5085,55.7166],[12.5089,55.7163],[12.5094,55.7159],[12.5092,55.7154],[12.5091,55.715],[12.5088,55.715],[12.5085,55.7151],[12.5078,55.7155],[12.507,55.7158],[12.5055,55.7161],[12.5044,55.7162],[12.5033,55.716],[12.5028,55.7157],[12.5028,55.7157],[12.5021,55.7156],[12.5013,55.7163],[12.4998,55.7177],[12.4996,55.7181],[12.4996,55.7184],[12.5007,55.7188],[12.5012,55.7188],[12.5012,55.7188],[12.5014,55.7188],[12.5022,55.7189],[12.5027,55.7189],[12.5029,55.7185],[12.5029,55.7182],[12.5032,55.7181],[12.5035,55.7178],[12.5043,55.718],[12.5039,55.7189],[12.5035,55.7196],[12.5038,55.7196],[12.5039,55.7191],[12.5052,55.7195],[12.5062,55.7196],[12.5071,55.7198],[12.5079,55.72],[12.5087,55.72],[12.5097,55.7199],[12.5104,55.7199],[12.5109,55.7197],[12.5111,55.7197],[12.5115,55.7198],[12.5127,55.7195],[12.513,55.7191],[12.5131,55.719],[12.5131,55.719],[12.5132,55.7189],[12.5132,55.7188]],[[12.508,55.7176],[12.5087,55.7178],[12.509,55.7179],[12.5089,55.7181],[12.5083,55.7181],[12.5077,55.7181],[12.5071,55.7179],[12.5068,55.7178],[12.5069,55.7176],[12.5071,55.7175],[12.508,55.7176]],[[12.5069,55.7166],[12.5077,55.7167],[12.5079,55.7168],[12.5079,55.7169],[12.5077,55.7169],[12.5067,55.7168],[12.5066,55.7167],[12.5069,55.7166]],[[12.503,55.7169],[12.5038,55.7169],[12.504,55.717],[12.5042,55.7171],[12.5048,55.717],[12.5044,55.7171],[12.5038,55.7171],[12.5028,55.717],[12.5028,55.7169],[12.503,55.7169]],[[12.5019,55.7161],[12.5019,55.7163],[12.5016,55.7164],[12.5019,55.7161]],[[12.5014,55.7178],[12.5013,55.7179],[12.501,55.7179],[12.5011,55.7181],[12.5006,55.7186],[12.4999,55.7184],[12.5001,55.7178],[12.5003,55.7176],[12.5004,55.7174],[12.5007,55.7173],[12.501,55.7168],[12.5012,55.7166],[12.5014,55.7166],[12.5016,55.7166],[12.5019,55.717],[12.5017,55.7174],[12.5014,55.7177],[12.5014,55.7178]]]},"properties":{"sourceId":"ais_par3.134974","a_type":5120,"hectares":23.677}},{"type":"Feature","id":"ais_par3.134968","geometry":{"type":"Polygon","coordinates":[[[12.5153,55.7229],[12.5159,55.7236],[12.5166,55.7246],[12.5171,55.7254],[12.5175,55.726],[12.5181,55.7266],[12.5188,55.7272],[12.5197,55.7276],[12.5215,55.7279],[12.5236,55.7275],[12.5236,55.7268],[12.5236,55.7264],[12.5236,55.7263],[12.5243,55.7265],[12.5253,55.7266],[12.5254,55.7265],[12.5237,55.7262],[12.5232,55.726],[12.5228,55.7257],[12.5226,55.7253],[12.5225,55.7248],[12.5222,55.7245],[12.522,55.7243],[12.5219,55.7239],[12.5218,55.7236],[12.5221,55.7232],[12.5226,55.7227],[12.5224,55.7227],[12.5221,55.723],[12.5218,55.7233],[12.5217,55.7234],[12.5217,55.7237],[12.5217,55.7239],[12.5217,55.7242],[12.5219,55.7245],[12.5222,55.7247],[12.5224,55.7254],[12.5225,55.7257],[12.5229,55.7261],[12.5233,55.7262],[12.5234,55.7263],[12.5234,55.7274],[12.5226,55.7276],[12.5214,55.7278],[12.5206,55.7277],[12.5198,55.7275],[12.5192,55.7272],[12.5185,55.7268],[12.518,55.7263],[12.5173,55.7253],[12.5164,55.7241],[12.5156,55.7229],[12.5153,55.7229]]]},"properties":{"sourceId":"ais_par3.134968","a_type":5120,"hectares":1.853}},{"type":"Feature","id":"ais_par3.134969","geometry":{"type":"Polygon","coordinates":[[[12.5258,55.7267],[12.527,55.7269],[12.528,55.727],[12.5296,55.7273],[12.5314,55.7271],[12.5334,55.7271],[12.535,55.7272],[12.5358,55.7271],[12.5368,55.7268],[12.5381,55.7265],[12.5383,55.7264],[12.5386,55.7263],[12.5386,55.7262],[12.5383,55.7263],[12.538,55.7265],[12.5375,55.7266],[12.5369,55.7267],[12.536,55.727],[12.5355,55.7271],[12.535,55.7271],[12.5344,55.727],[12.5333,55.727],[12.5324,55.727],[12.5313,55.727],[12.5301,55.7271],[12.5296,55.7271],[12.5285,55.727],[12.5272,55.7268],[12.5259,55.7266],[12.5258,55.7267]]]},"properties":{"sourceId":"ais_par3.134969","a_type":5120,"hectares":0.847}},{"type":"Feature","id":"ais_par3.134970","geometry":{"type":"Polygon","coordinates":[[[12.5388,55.7263],[12.5395,55.7262],[12.5398,55.726],[12.5402,55.7254],[12.5405,55.7248],[12.5407,55.7244],[12.541,55.7241],[12.5416,55.7238],[12.5424,55.7237],[12.5435,55.7237],[12.5438,55.7237],[12.5438,55.7235],[12.5432,55.7236],[12.5424,55.7236],[12.5419,55.7237],[12.5414,55.7238],[12.5409,55.724],[12.5406,55.7244],[12.5403,55.725],[12.5399,55.7257],[12.5396,55.726],[12.5393,55.7261],[12.5389,55.7262],[12.5388,55.7263]]]},"properties":{"sourceId":"ais_par3.134970","a_type":5120,"hectares":0.463}},{"type":"Feature","id":"ais_par3.134971","geometry":{"type":"Polygon","coordinates":[[[12.544,55.7236],[12.5447,55.7235],[12.5452,55.7232],[12.5458,55.7229],[12.5457,55.7228],[12.5453,55.723],[12.5448,55.7233],[12.5444,55.7234],[12.544,55.7235],[12.544,55.7236]]]},"properties":{"sourceId":"ais_par3.134971","a_type":5120,"hectares":0.133}},{"type":"Feature","id":"ais_par3.134977","geometry":{"type":"Polygon","coordinates":[[[12.4784,55.7176],[12.4784,55.7177],[12.4797,55.7174],[12.4817,55.7168],[12.4844,55.716],[12.4872,55.7153],[12.4871,55.7151],[12.485,55.7157],[12.4802,55.7171],[12.4784,55.7176]]]},"properties":{"sourceId":"ais_par3.134977","a_type":5120,"hectares":0.77}},{"type":"Feature","id":"ais_par3.134978","geometry":{"type":"Polygon","coordinates":[[[12.4699,55.7167],[12.4717,55.7172],[12.4734,55.7177],[12.4762,55.7184],[12.4783,55.7177],[12.4782,55.7177],[12.4762,55.7182],[12.4738,55.7176],[12.471,55.7169],[12.4699,55.7166],[12.4699,55.7167]]]},"properties":{"sourceId":"ais_par3.134978","a_type":5120,"hectares":0.773}},{"type":"Feature","id":"ais_par3.134980","geometry":{"type":"Polygon","coordinates":[[[12.4615,55.712],[12.4625,55.7127],[12.4637,55.7135],[12.4646,55.7142],[12.4647,55.7141],[12.4635,55.7132],[12.4616,55.7119],[12.4615,55.712]]]},"properties":{"sourceId":"ais_par3.134980","a_type":5120,"hectares":0.497}},{"type":"Feature","id":"ais_par3.135608","geometry":{"type":"Polygon","coordinates":[[[12.5459,55.7345],[12.5458,55.7346],[12.5456,55.7347],[12.5455,55.7348],[12.5456,55.7349],[12.5458,55.7349],[12.5459,55.735],[12.546,55.735],[12.5462,55.735],[12.5462,55.7349],[12.5461,55.7348],[12.5461,55.7346],[12.546,55.7346],[12.546,55.7345],[12.5459,55.7345]]]},"properties":{"sourceId":"ais_par3.135608","a_type":5120,"hectares":0.138}},{"type":"Feature","id":"ais_par3.135650","geometry":{"type":"Polygon","coordinates":[[[12.4795,55.7295],[12.4795,55.7294],[12.4794,55.7295],[12.4793,55.7295],[12.4792,55.7295],[12.4791,55.7296],[12.4791,55.7296],[12.4792,55.7297],[12.4793,55.7296],[12.4794,55.7296],[12.4795,55.7296],[12.4795,55.7295]]]},"properties":{"sourceId":"ais_par3.135650","a_type":5120,"hectares":0.038}},{"type":"Feature","id":"ais_par3.135657","geometry":{"type":"Polygon","coordinates":[[[12.4761,55.7307],[12.4761,55.7307],[12.4762,55.7308],[12.4762,55.7308],[12.4763,55.7308],[12.4764,55.7308],[12.4765,55.7307],[12.4765,55.7307],[12.4765,55.7306],[12.4765,55.7306],[12.4764,55.7306],[12.4763,55.7306],[12.4762,55.7306],[12.4761,55.7306],[12.4761,55.7307]]]},"properties":{"sourceId":"ais_par3.135657","a_type":5120,"hectares":0.055}},{"type":"Feature","id":"ais_par3.135669","geometry":{"type":"Polygon","coordinates":[[[12.4925,55.7264],[12.4926,55.7263],[12.4925,55.7262],[12.4925,55.7261],[12.4923,55.7261],[12.4922,55.7261],[12.4922,55.726],[12.492,55.7261],[12.4921,55.7262],[12.4921,55.7263],[12.4923,55.7264],[12.4924,55.7265],[12.4925,55.7265],[12.4925,55.7264],[12.4925,55.7264]]]},"properties":{"sourceId":"ais_par3.135669","a_type":5120,"hectares":0.099}},{"type":"Feature","id":"ais_par3.135672","geometry":{"type":"Polygon","coordinates":[[[12.489,55.7246],[12.489,55.7245],[12.489,55.7245],[12.489,55.7244],[12.4891,55.7243],[12.489,55.7242],[12.4888,55.7242],[12.4886,55.7243],[12.4886,55.7244],[12.4886,55.7245],[12.4886,55.7246],[12.4887,55.7246],[12.4889,55.7246],[12.489,55.7246]]]},"properties":{"sourceId":"ais_par3.135672","a_type":5120,"hectares":0.109}},{"type":"Feature","id":"ais_par3.135683","geometry":{"type":"Polygon","coordinates":[[[12.4622,55.7342],[12.4622,55.7342],[12.4622,55.7341],[12.4622,55.7341],[12.4621,55.734],[12.462,55.7341],[12.462,55.7341],[12.4617,55.7341],[12.4616,55.7342],[12.4615,55.7343],[12.4615,55.7344],[12.4615,55.7345],[12.4617,55.7345],[12.4618,55.7346],[12.4619,55.7346],[12.4621,55.7345],[12.4622,55.7344],[12.4623,55.7343],[12.4622,55.7342]]]},"properties":{"sourceId":"ais_par3.135683","a_type":5120,"hectares":0.206}},{"type":"Feature","id":"ais_par3.135685","geometry":{"type":"Polygon","coordinates":[[[12.4772,55.7212],[12.477,55.7212],[12.4769,55.7211],[12.4768,55.7211],[12.4767,55.7211],[12.4767,55.7213],[12.4766,55.7214],[12.4766,55.7215],[12.4765,55.7216],[12.4768,55.7217],[12.4771,55.7218],[12.4773,55.7218],[12.4774,55.7217],[12.4773,55.7216],[12.4773,55.7214],[12.4773,55.7213],[12.4772,55.7212]]]},"properties":{"sourceId":"ais_par3.135685","a_type":5120,"hectares":0.273}},{"type":"Feature","id":"ais_par3.135695","geometry":{"type":"Polygon","coordinates":[[[12.5143,55.7387],[12.5142,55.7387],[12.5141,55.7386],[12.514,55.7386],[12.514,55.7385],[12.514,55.7384],[12.514,55.7383],[12.514,55.7383],[12.5139,55.7382],[12.5138,55.7382],[12.5137,55.7383],[12.5137,55.7384],[12.5137,55.7386],[12.5138,55.7386],[12.5137,55.7388],[12.5136,55.739],[12.5136,55.7391],[12.5136,55.7391],[12.5137,55.7392],[12.5138,55.7393],[12.514,55.7393],[12.5142,55.7393],[12.5143,55.7392],[12.5144,55.7391],[12.5144,55.739],[12.5144,55.7388],[12.5143,55.7388],[12.5143,55.7387]]]},"properties":{"sourceId":"ais_par3.135695","a_type":5120,"hectares":0.376}},{"type":"Feature","id":"ais_par3.135701","geometry":{"type":"Polygon","coordinates":[[[12.4837,55.7269],[12.4836,55.7271],[12.4836,55.7273],[12.4836,55.7275],[12.4837,55.7275],[12.4839,55.7277],[12.4841,55.7278],[12.4842,55.7279],[12.4845,55.7279],[12.4847,55.7279],[12.4849,55.7279],[12.485,55.7278],[12.485,55.7277],[12.4849,55.7277],[12.4847,55.7276],[12.4846,55.7275],[12.4844,55.7274],[12.4844,55.7274],[12.4844,55.7273],[12.4844,55.7272],[12.4844,55.7271],[12.4844,55.727],[12.4843,55.727],[12.4842,55.7269],[12.484,55.7269],[12.4837,55.7269],[12.4837,55.7269]]]},"properties":{"sourceId":"ais_par3.135701","a_type":5120,"hectares":0.589}},{"type":"Feature","id":"ais_par3.135704","geometry":{"type":"Polygon","coordinates":[[[12.4831,55.7246],[12.4829,55.7247],[12.483,55.7249],[12.483,55.7251],[12.4832,55.7253],[12.4831,55.7255],[12.483,55.7256],[12.4831,55.7257],[12.4831,55.7259],[12.4832,55.726],[12.4834,55.7259],[12.4837,55.7258],[12.4842,55.7257],[12.4842,55.7255],[12.4843,55.7254],[12.4841,55.7253],[12.4841,55.7252],[12.4838,55.725],[12.4838,55.7249],[12.4839,55.7248],[12.4835,55.7246],[12.4833,55.7245],[12.4831,55.7246]]]},"properties":{"sourceId":"ais_par3.135704","a_type":5120,"hectares":0.881}},{"type":"Feature","id":"ais_par3.135747","geometry":{"type":"Polygon","coordinates":[[[12.4534,55.718],[12.4535,55.718],[12.4536,55.7179],[12.4536,55.7179],[12.4536,55.7179],[12.4535,55.7178],[12.4534,55.7178],[12.4533,55.7178],[12.4532,55.7179],[12.4532,55.7179],[12.4532,55.718],[12.4533,55.718],[12.4534,55.718]]]},"properties":{"sourceId":"ais_par3.135747","a_type":5120,"hectares":0.052}},{"type":"Feature","id":"ais_par3.135798","geometry":{"type":"Polygon","coordinates":[[[12.4532,55.7127],[12.453,55.7129],[12.453,55.7131],[12.453,55.7132],[12.453,55.7133],[12.4532,55.7134],[12.4532,55.7136],[12.4532,55.7137],[12.4532,55.7138],[12.4533,55.7139],[12.4534,55.7139],[12.4536,55.7139],[12.4538,55.7139],[12.4538,55.7139],[12.4541,55.7138],[12.4542,55.7137],[12.4543,55.7137],[12.4545,55.7136],[12.4546,55.7136],[12.4548,55.7135],[12.4549,55.7135],[12.4548,55.7134],[12.4545,55.7133],[12.4543,55.7131],[12.4542,55.713],[12.454,55.713],[12.4539,55.7129],[12.4539,55.7129],[12.4537,55.7129],[12.4535,55.7128],[12.4533,55.7127],[12.4533,55.7127],[12.4532,55.7127],[12.4532,55.7127]]]},"properties":{"sourceId":"ais_par3.135798","a_type":5120,"hectares":0.947}},{"type":"Feature","id":"ais_par3.136431","geometry":{"type":"Polygon","coordinates":[[[12.4531,55.7111],[12.4533,55.711],[12.4532,55.711],[12.4532,55.7108],[12.4531,55.7106],[12.4532,55.7104],[12.453,55.7103],[12.4527,55.7103],[12.4523,55.7103],[12.4518,55.7103],[12.4517,55.7104],[12.4518,55.7105],[12.4521,55.7106],[12.4522,55.7107],[12.4521,55.7108],[12.4524,55.7109],[12.4526,55.7112],[12.453,55.7112],[12.4531,55.7111],[12.4531,55.7111]]]},"properties":{"sourceId":"ais_par3.136431","a_type":5120,"hectares":0.639}},{"type":"Feature","id":"ais_par3.136432","geometry":{"type":"Polygon","coordinates":[[[12.4516,55.7127],[12.4516,55.7127],[12.4515,55.7125],[12.4513,55.7123],[12.4511,55.712],[12.4507,55.712],[12.4506,55.7121],[12.4505,55.7122],[12.4505,55.7124],[12.4505,55.7126],[12.4505,55.7127],[12.4505,55.7129],[12.4506,55.713],[12.451,55.7131],[12.4513,55.7131],[12.4516,55.713],[12.4516,55.7128],[12.4516,55.7127]]]},"properties":{"sourceId":"ais_par3.136432","a_type":5120,"hectares":0.685}},{"type":"Feature","id":"ais_par3.136873","geometry":{"type":"Polygon","coordinates":[[[12.4531,55.7111],[12.4531,55.7111],[12.453,55.7112],[12.4526,55.7112],[12.4524,55.7109],[12.4521,55.7108],[12.4522,55.7107],[12.4521,55.7106],[12.4518,55.7105],[12.4516,55.7106],[12.4515,55.7107],[12.4516,55.7108],[12.4517,55.7109],[12.452,55.711],[12.4523,55.7112],[12.4525,55.7114],[12.4528,55.7115],[12.453,55.7116],[12.4531,55.7115],[12.4532,55.7113],[12.4531,55.7111]]]},"properties":{"sourceId":"ais_par3.136873","a_type":4120,"hectares":0.408}},{"type":"Feature","id":"ais_par3.137069","geometry":{"type":"Polygon","coordinates":[[[12.4918,55.724],[12.4918,55.724],[12.492,55.7242],[12.4924,55.7244],[12.4927,55.7245],[12.4929,55.7245],[12.4932,55.7244],[12.4933,55.7243],[12.4933,55.7242],[12.4933,55.7241],[12.4932,55.7239],[12.4931,55.7238],[12.4929,55.7237],[12.4928,55.7236],[12.4926,55.7235],[12.4924,55.7234],[12.4922,55.7234],[12.492,55.7234],[12.4918,55.7235],[12.4914,55.7237],[12.4914,55.7238],[12.4914,55.7239],[12.4914,55.7239],[12.4915,55.724],[12.4918,55.724]],[[12.4928,55.7243],[12.4927,55.7242],[12.4927,55.7243],[12.4927,55.7244],[12.4927,55.7244],[12.4925,55.7244],[12.4925,55.7243],[12.4925,55.7242],[12.4925,55.7242],[12.4925,55.7241],[12.4924,55.724],[12.4923,55.7239],[12.4922,55.7239],[12.4921,55.7239],[12.4921,55.7239],[12.492,55.7238],[12.4919,55.7238],[12.492,55.7237],[12.492,55.7237],[12.4921,55.7238],[12.4923,55.7238],[12.4923,55.7238],[12.4922,55.7237],[12.4923,55.7236],[12.4923,55.7237],[12.4924,55.7237],[12.4924,55.7238],[12.4924,55.7239],[12.4925,55.7239],[12.4926,55.7239],[12.4928,55.724],[12.4929,55.7241],[12.493,55.7242],[12.4931,55.7243],[12.4929,55.7244],[12.4929,55.7243],[12.4928,55.7243]]]},"properties":{"sourceId":"ais_par3.137069","a_type":4120,"hectares":0.735}},{"type":"Feature","id":"ais_par3.137071","geometry":{"type":"Polygon","coordinates":[[[12.4833,55.7245],[12.4824,55.7241],[12.4818,55.7238],[12.4816,55.7237],[12.4812,55.7236],[12.481,55.7237],[12.4807,55.7238],[12.481,55.7241],[12.4812,55.7245],[12.4817,55.7244],[12.4819,55.7243],[12.4821,55.7251],[12.4824,55.7258],[12.4824,55.7262],[12.483,55.7264],[12.4833,55.7263],[12.4839,55.726],[12.4844,55.7258],[12.4847,55.7256],[12.4848,55.7256],[12.4848,55.7255],[12.4847,55.7255],[12.4846,55.7254],[12.4845,55.7254],[12.4844,55.7254],[12.4844,55.7253],[12.4843,55.7252],[12.4843,55.7252],[12.4842,55.7251],[12.4841,55.725],[12.4841,55.725],[12.4841,55.7249],[12.4841,55.7248],[12.4839,55.7248],[12.4838,55.7249],[12.4838,55.725],[12.4841,55.7252],[12.4841,55.7253],[12.4843,55.7254],[12.4842,55.7255],[12.4842,55.7257],[12.4837,55.7258],[12.4834,55.7259],[12.4832,55.726],[12.4831,55.7259],[12.4831,55.7257],[12.483,55.7256],[12.4831,55.7255],[12.4832,55.7253],[12.483,55.7251],[12.483,55.7249],[12.4829,55.7247],[12.4831,55.7246],[12.4833,55.7245]]]},"properties":{"sourceId":"ais_par3.137071","a_type":4120,"hectares":2.307}},{"type":"Feature","id":"ais_par3.137072","geometry":{"type":"Polygon","coordinates":[[[12.4821,55.7317],[12.4821,55.7316],[12.4821,55.7315],[12.4825,55.7312],[12.483,55.7308],[12.4835,55.7305],[12.4837,55.7303],[12.484,55.7301],[12.4845,55.7299],[12.4849,55.7296],[12.4851,55.7294],[12.4855,55.7292],[12.4855,55.7289],[12.4855,55.7286],[12.4854,55.7283],[12.4854,55.728],[12.4853,55.7278],[12.4851,55.7275],[12.4848,55.7272],[12.4846,55.7269],[12.4845,55.7267],[12.4845,55.7264],[12.4839,55.7268],[12.4833,55.727],[12.483,55.7271],[12.4831,55.7275],[12.4832,55.7277],[12.4832,55.7279],[12.4831,55.7281],[12.4828,55.7282],[12.4825,55.7284],[12.4822,55.7285],[12.482,55.7287],[12.4819,55.7288],[12.4818,55.7291],[12.4817,55.7295],[12.4816,55.7296],[12.4814,55.7299],[12.4813,55.73],[12.4813,55.7301],[12.4813,55.7302],[12.4815,55.7303],[12.4818,55.7304],[12.4821,55.7305],[12.4823,55.7306],[12.4824,55.7306],[12.4824,55.7307],[12.4822,55.7309],[12.4821,55.7311],[12.482,55.7313],[12.482,55.7315],[12.482,55.7316],[12.4821,55.7317],[12.4821,55.7317]],[[12.4837,55.7269],[12.4837,55.7269],[12.484,55.7269],[12.4842,55.7269],[12.4843,55.727],[12.4844,55.727],[12.4844,55.7271],[12.4844,55.7272],[12.4844,55.7273],[12.4844,55.7274],[12.4844,55.7274],[12.4846,55.7275],[12.4847,55.7276],[12.4849,55.7277],[12.485,55.7277],[12.485,55.7278],[12.4849,55.7279],[12.4847,55.7279],[12.4845,55.7279],[12.4842,55.7279],[12.4841,55.7278],[12.4839,55.7277],[12.4837,55.7275],[12.4836,55.7275],[12.4836,55.7273],[12.4836,55.7271],[12.4837,55.7269]]]},"properties":{"sourceId":"ais_par3.137072","a_type":4120,"hectares":6.76}},{"type":"Feature","id":"ais_par3.137237","geometry":{"type":"Polygon","coordinates":[[[12.4935,55.724],[12.4936,55.7242],[12.4937,55.7247],[12.4939,55.7246],[12.4942,55.7246],[12.4947,55.7244],[12.495,55.7243],[12.4951,55.7243],[12.4947,55.7243],[12.4943,55.7241],[12.4939,55.7241],[12.4935,55.724]]]},"properties":{"sourceId":"ais_par3.137237","a_type":4110,"hectares":0.36}},{"type":"Feature","id":"ais_par3.134993","geometry":{"type":"Polygon","coordinates":[[[12.5275,55.6439],[12.5285,55.6438],[12.5285,55.6435],[12.5276,55.6435],[12.5275,55.6439]]]},"properties":{"sourceId":"ais_par3.134993","a_type":5120,"hectares":0.204}},{"type":"Feature","id":"ais_par3.134994","geometry":{"type":"Polygon","coordinates":[[[12.5173,55.6418],[12.5171,55.642],[12.5174,55.6424],[12.5178,55.6421],[12.5173,55.6418]]]},"properties":{"sourceId":"ais_par3.134994","a_type":5120,"hectares":0.148}},{"type":"Feature","id":"ais_par3.134995","geometry":{"type":"Polygon","coordinates":[[[12.516,55.6421],[12.5159,55.6424],[12.5165,55.6426],[12.5167,55.6424],[12.516,55.6421]]]},"properties":{"sourceId":"ais_par3.134995","a_type":5120,"hectares":0.121}},{"type":"Feature","id":"ais_par3.134996","geometry":{"type":"Polygon","coordinates":[[[12.5169,55.6432],[12.5164,55.6434],[12.5168,55.6436],[12.5171,55.6433],[12.5169,55.6432]]]},"properties":{"sourceId":"ais_par3.134996","a_type":5120,"hectares":0.114}},{"type":"Feature","id":"ais_par3.134997","geometry":{"type":"Polygon","coordinates":[[[12.5172,55.6438],[12.5176,55.6441],[12.5179,55.6438],[12.5175,55.6436],[12.5172,55.6438]]]},"properties":{"sourceId":"ais_par3.134997","a_type":5120,"hectares":0.101}},{"type":"Feature","id":"ais_par3.134900","geometry":{"type":"Polygon","coordinates":[[[12.5794,55.661],[12.5785,55.6595],[12.5784,55.6593],[12.5767,55.6596],[12.5749,55.6598],[12.574,55.6599],[12.5747,55.6606],[12.575,55.6603],[12.5763,55.6599],[12.5773,55.6602],[12.5766,55.6609],[12.5778,55.6609],[12.5774,55.6607],[12.578,55.6603],[12.5794,55.661]]]},"properties":{"sourceId":"ais_par3.134900","a_type":4110,"hectares":2.617}},{"type":"Feature","id":"ais_par3.134913","geometry":{"type":"Polygon","coordinates":[[[12.5785,55.6595],[12.5797,55.659],[12.5807,55.6587],[12.5811,55.6591],[12.5814,55.6591],[12.5802,55.6567],[12.5796,55.6555],[12.5804,55.6554],[12.5812,55.6553],[12.581,55.655],[12.5805,55.6548],[12.5795,55.6546],[12.5788,55.6546],[12.5774,55.6548],[12.575,55.6552],[12.5738,55.655],[12.5734,55.655],[12.5737,55.6561],[12.5747,55.6581],[12.5749,55.6587],[12.5738,55.6596],[12.574,55.6599],[12.5749,55.6598],[12.5767,55.6596],[12.5784,55.6593],[12.5785,55.6595]]]},"properties":{"sourceId":"ais_par3.134913","a_type":4120,"hectares":20.493}},{"type":"Feature","id":"ais_par3.134914","geometry":{"type":"Polygon","coordinates":[[[12.5794,55.65],[12.5792,55.6493],[12.5778,55.6496],[12.577,55.6498],[12.5771,55.65],[12.5773,55.6503],[12.5784,55.6503],[12.5794,55.65]]]},"properties":{"sourceId":"ais_par3.134914","a_type":4120,"hectares":1.106}},{"type":"Feature","id":"ais_par3.134915","geometry":{"type":"Polygon","coordinates":[[[12.5757,55.6409],[12.5752,55.6397],[12.5744,55.64],[12.5737,55.6399],[12.5723,55.6383],[12.5709,55.6374],[12.5715,55.6371],[12.5723,55.637],[12.5734,55.6365],[12.5742,55.6366],[12.5726,55.633],[12.5695,55.6346],[12.5691,55.6344],[12.5694,55.6338],[12.5707,55.6332],[12.5723,55.6324],[12.5711,55.6297],[12.5694,55.63],[12.5678,55.6303],[12.5653,55.631],[12.56,55.6331],[12.5602,55.6339],[12.5595,55.6347],[12.5557,55.6355],[12.5561,55.6365],[12.5556,55.6367],[12.555,55.636],[12.5537,55.6373],[12.5555,55.6375],[12.5567,55.6371],[12.5577,55.6376],[12.5571,55.6378],[12.555,55.6381],[12.5572,55.6396],[12.5584,55.6403],[12.5607,55.6389],[12.5638,55.64],[12.5672,55.6412],[12.5757,55.6409]],[[12.5689,55.6337],[12.5685,55.6333],[12.5687,55.6326],[12.5698,55.6331],[12.5689,55.6337]],[[12.5676,55.6344],[12.5672,55.6347],[12.5657,55.6354],[12.5655,55.6349],[12.5659,55.6343],[12.565,55.6318],[12.5662,55.6317],[12.5676,55.6316],[12.5678,55.632],[12.5679,55.6338],[12.5676,55.6344]],[[12.5638,55.639],[12.5618,55.6385],[12.5685,55.6351],[12.5689,55.6364],[12.5638,55.639]]]},"properties":{"sourceId":"ais_par3.134915","a_type":4210,"hectares":86.082}},{"type":"Feature","id":"ais_par3.134920","geometry":{"type":"Polygon","coordinates":[[[12.5498,55.6388],[12.5505,55.6384],[12.5478,55.637],[12.5456,55.6361],[12.545,55.6364],[12.5498,55.6388]]]},"properties":{"sourceId":"ais_par3.134920","a_type":4210,"hectares":2.376}},{"type":"Feature","id":"ais_par3.134921","geometry":{"type":"Polygon","coordinates":[[[12.5503,55.6329],[12.5527,55.6325],[12.5545,55.6322],[12.5571,55.6318],[12.5576,55.6323],[12.5581,55.6325],[12.5584,55.6322],[12.5584,55.6316],[12.5589,55.6311],[12.5602,55.6311],[12.5616,55.6309],[12.563,55.6304],[12.5651,55.6299],[12.5664,55.6294],[12.5661,55.6292],[12.5641,55.6293],[12.5626,55.6294],[12.5614,55.6295],[12.5602,55.6295],[12.558,55.6296],[12.5582,55.6306],[12.5537,55.6309],[12.5535,55.6305],[12.5526,55.6305],[12.554,55.6314],[12.5538,55.6316],[12.5532,55.6316],[12.5523,55.6313],[12.5503,55.6307],[12.5502,55.6307],[12.5494,55.6304],[12.5489,55.6303],[12.5474,55.6305],[12.5465,55.631],[12.5461,55.6315],[12.5458,55.6323],[12.5458,55.6326],[12.5458,55.6329],[12.5467,55.6334],[12.5472,55.6335],[12.5483,55.6334],[12.5492,55.6332],[12.5503,55.6329]]]},"properties":{"sourceId":"ais_par3.134921","a_type":4210,"hectares":22.867}},{"type":"Feature","id":"ais_par3.134922","geometry":{"type":"Polygon","coordinates":[[[12.4783,55.6649],[12.4784,55.6649],[12.4784,55.6646],[12.4783,55.6646],[12.4783,55.6649]]]},"properties":{"sourceId":"ais_par3.134922","a_type":5120,"hectares":0.018}},{"type":"Feature","id":"ais_par3.134923","geometry":{"type":"Polygon","coordinates":[[[12.5552,55.6407],[12.5571,55.6407],[12.5575,55.6408],[12.5578,55.6405],[12.5556,55.6391],[12.5552,55.6392],[12.555,55.6398],[12.5546,55.6405],[12.5552,55.6407]]]},"properties":{"sourceId":"ais_par3.134923","a_type":5120,"hectares":2.126}},{"type":"Feature","id":"ais_par3.134924","geometry":{"type":"Polygon","coordinates":[[[12.6386,55.6505],[12.6393,55.6505],[12.64,55.6501],[12.6405,55.6497],[12.641,55.6491],[12.6411,55.6489],[12.6411,55.6488],[12.6407,55.6488],[12.6403,55.6492],[12.6398,55.6494],[12.6396,55.6496],[12.6396,55.6499],[12.6393,55.6501],[12.6389,55.6502],[12.6382,55.65],[12.638,55.6503],[12.6386,55.6505]]]},"properties":{"sourceId":"ais_par3.134924","a_type":5120,"hectares":1.068}},{"type":"Feature","id":"ais_par3.134925","geometry":{"type":"Polygon","coordinates":[[[12.637,55.6494],[12.6368,55.6499],[12.6378,55.6502],[12.6379,55.6502],[12.6381,55.65],[12.6381,55.65],[12.6377,55.6499],[12.638,55.6494],[12.6393,55.6474],[12.6399,55.6468],[12.6411,55.6469],[12.6413,55.6471],[12.6415,55.6474],[12.6413,55.6476],[12.6409,55.6477],[12.6408,55.6478],[12.6408,55.648],[12.641,55.6482],[12.6408,55.6486],[12.6409,55.6487],[12.6412,55.6488],[12.6413,55.6487],[12.6416,55.6482],[12.6417,55.6481],[12.6418,55.648],[12.6423,55.6473],[12.6424,55.6472],[12.6424,55.647],[12.6424,55.647],[12.6423,55.647],[12.6423,55.6468],[12.642,55.6467],[12.64,55.6464],[12.6396,55.6464],[12.6386,55.6475],[12.637,55.6494]]]},"properties":{"sourceId":"ais_par3.134925","a_type":5120,"hectares":3.558}},{"type":"Feature","id":"ais_par3.134938","geometry":{"type":"Polygon","coordinates":[[[12.5351,55.6512],[12.535,55.6511],[12.5344,55.6512],[12.5337,55.6514],[12.5334,55.6515],[12.5334,55.6517],[12.5338,55.6518],[12.534,55.6518],[12.5349,55.6515],[12.5352,55.6514],[12.5351,55.6512]]]},"properties":{"sourceId":"ais_par3.134938","a_type":5120,"hectares":0.495}},{"type":"Feature","id":"ais_par3.134939","geometry":{"type":"Polygon","coordinates":[[[12.5609,55.6416],[12.5611,55.6416],[12.5611,55.6416],[12.561,55.6415],[12.5575,55.6411],[12.5567,55.6411],[12.5561,55.6414],[12.5561,55.6418],[12.5561,55.6418],[12.5609,55.6416]]]},"properties":{"sourceId":"ais_par3.134939","a_type":5120,"hectares":1.568}},{"type":"Feature","id":"ais_par3.134940","geometry":{"type":"Polygon","coordinates":[[[12.5638,55.64],[12.5607,55.6389],[12.5584,55.6403],[12.5588,55.6405],[12.5592,55.6407],[12.5605,55.641],[12.5624,55.6412],[12.5644,55.6413],[12.5668,55.6412],[12.5672,55.6412],[12.5638,55.64]]]},"properties":{"sourceId":"ais_par3.134940","a_type":5120,"hectares":7.173}},{"type":"Feature","id":"ais_par3.134945","geometry":{"type":"Polygon","coordinates":[[[12.5868,55.6641],[12.5868,55.6641],[12.5868,55.6647],[12.586,55.6647],[12.586,55.6648],[12.586,55.6649],[12.5861,55.6649],[12.5871,55.6648],[12.5871,55.6648],[12.5869,55.6641],[12.5868,55.6641]]]},"properties":{"sourceId":"ais_par3.134945","a_type":5120,"hectares":0.194}},{"type":"Feature","id":"ais_par3.134946","geometry":{"type":"Polygon","coordinates":[[[12.5288,55.6597],[12.5288,55.6597],[12.5286,55.6598],[12.5285,55.6601],[12.5286,55.6602],[12.5286,55.6602],[12.5289,55.6601],[12.5291,55.6599],[12.529,55.6597],[12.529,55.6597],[12.5288,55.6597]]]},"properties":{"sourceId":"ais_par3.134946","a_type":5120,"hectares":0.148}},{"type":"Feature","id":"ais_par3.134947","geometry":{"type":"Polygon","coordinates":[[[12.5484,55.6344],[12.5482,55.6344],[12.548,55.6345],[12.548,55.6345],[12.5484,55.6348],[12.5485,55.6348],[12.5486,55.6346],[12.5486,55.6345],[12.5484,55.6344]]]},"properties":{"sourceId":"ais_par3.134947","a_type":5120,"hectares":0.085}},{"type":"Feature","id":"ais_par3.134992","geometry":{"type":"Polygon","coordinates":[[[12.5254,55.638],[12.5255,55.6382],[12.5263,55.6383],[12.526,55.638],[12.5254,55.638]]]},"properties":{"sourceId":"ais_par3.134992","a_type":5120,"hectares":0.146}},{"type":"Feature","id":"ais_par3.134998","geometry":{"type":"Polygon","coordinates":[[[12.5068,55.636],[12.5066,55.636],[12.5066,55.6359],[12.5066,55.6359],[12.5065,55.6359],[12.506,55.6364],[12.5054,55.6369],[12.5045,55.6377],[12.5038,55.6382],[12.5029,55.639],[12.5026,55.6391],[12.5023,55.6397],[12.5019,55.6402],[12.5019,55.6404],[12.5017,55.6406],[12.5016,55.641],[12.5016,55.641],[12.5021,55.6404],[12.5023,55.6403],[12.5025,55.6399],[12.503,55.6393],[12.5039,55.6385],[12.5048,55.6378],[12.5047,55.6377],[12.5056,55.6369],[12.5068,55.636]]]},"properties":{"sourceId":"ais_par3.134998","a_type":5120,"hectares":1.277}},{"type":"Feature","id":"ais_par3.134999","geometry":{"type":"Polygon","coordinates":[[[12.5008,55.6418],[12.5012,55.6415],[12.5015,55.6412],[12.5014,55.6411],[12.5012,55.6414],[12.5009,55.6416],[12.5007,55.6417],[12.5008,55.6418]]]},"properties":{"sourceId":"ais_par3.134999","a_type":5120,"hectares":0.069}},{"type":"Feature","id":"ais_par3.135000","geometry":{"type":"Polygon","coordinates":[[[12.5004,55.6418],[12.5,55.6419],[12.4995,55.6422],[12.499,55.6425],[12.4983,55.6429],[12.498,55.643],[12.4976,55.6432],[12.497,55.6435],[12.4964,55.644],[12.4958,55.6444],[12.4955,55.6447],[12.4952,55.6448],[12.4945,55.6454],[12.4937,55.6457],[12.493,55.6458],[12.4924,55.6459],[12.4916,55.6459],[12.4912,55.6461],[12.4907,55.6464],[12.4905,55.6467],[12.4903,55.6472],[12.4901,55.6476],[12.4898,55.6481],[12.4894,55.6485],[12.4891,55.6489],[12.4885,55.6497],[12.4882,55.6502],[12.4879,55.6507],[12.4877,55.651],[12.4874,55.6513],[12.487,55.6516],[12.4867,55.6517],[12.4863,55.6519],[12.4865,55.652],[12.4868,55.6517],[12.4873,55.6515],[12.4877,55.6512],[12.4881,55.6506],[12.4885,55.6499],[12.489,55.6493],[12.4894,55.6488],[12.4899,55.6482],[12.4904,55.6476],[12.4905,55.647],[12.4907,55.6466],[12.491,55.6463],[12.4917,55.646],[12.4925,55.6459],[12.4935,55.6459],[12.4943,55.6456],[12.4948,55.6453],[12.4953,55.6449],[12.4958,55.6446],[12.4967,55.6438],[12.4971,55.6436],[12.498,55.6431],[12.4987,55.6428],[12.4997,55.6422],[12.5005,55.6418],[12.5004,55.6418]]]},"properties":{"sourceId":"ais_par3.135000","a_type":5120,"hectares":1.394}},{"type":"Feature","id":"ais_par3.135001","geometry":{"type":"Polygon","coordinates":[[[12.4861,55.652],[12.4853,55.6524],[12.4847,55.6529],[12.4841,55.6533],[12.484,55.6534],[12.4841,55.6534],[12.4848,55.6529],[12.4856,55.6524],[12.4862,55.6521],[12.4861,55.652]]]},"properties":{"sourceId":"ais_par3.135001","a_type":5120,"hectares":0.166}},{"type":"Feature","id":"ais_par3.135002","geometry":{"type":"Polygon","coordinates":[[[12.4776,55.6604],[12.4777,55.6606],[12.478,55.6612],[12.4781,55.6616],[12.4782,55.662],[12.4782,55.6627],[12.4782,55.6633],[12.4783,55.6641],[12.4784,55.6641],[12.4784,55.6634],[12.4783,55.6628],[12.4783,55.6621],[12.4783,55.6616],[12.4781,55.6612],[12.4779,55.6608],[12.4777,55.6603],[12.4777,55.66],[12.4775,55.6597],[12.4775,55.6586],[12.4775,55.6584],[12.4776,55.6579],[12.4779,55.6575],[12.4781,55.657],[12.4784,55.6566],[12.4787,55.6564],[12.4794,55.6559],[12.4802,55.6552],[12.4809,55.6548],[12.4812,55.6546],[12.4816,55.6544],[12.482,55.6543],[12.4825,55.6542],[12.483,55.6541],[12.4834,55.6539],[12.4837,55.6537],[12.484,55.6536],[12.4839,55.6535],[12.4837,55.6537],[12.4831,55.654],[12.4822,55.6542],[12.4814,55.6544],[12.481,55.6546],[12.4804,55.655],[12.4797,55.6556],[12.4789,55.6562],[12.4783,55.6567],[12.478,55.657],[12.4777,55.6575],[12.4775,55.658],[12.4774,55.6588],[12.4774,55.6593],[12.4775,55.6598],[12.4776,55.6604]]]},"properties":{"sourceId":"ais_par3.135002","a_type":5120,"hectares":0.942}},{"type":"Feature","id":"ais_par3.135003","geometry":{"type":"Polygon","coordinates":[[[12.4784,55.665],[12.4784,55.6655],[12.4785,55.6655],[12.4785,55.665],[12.4784,55.665]]]},"properties":{"sourceId":"ais_par3.135003","a_type":5120,"hectares":0.039}},{"type":"Feature","id":"ais_par3.135558","geometry":{"type":"Polygon","coordinates":[[[12.4501,55.6491],[12.4502,55.649],[12.4503,55.649],[12.4502,55.6489],[12.4497,55.6489],[12.4494,55.6489],[12.4493,55.6489],[12.4493,55.649],[12.4493,55.649],[12.4494,55.6491],[12.4495,55.6491],[12.4498,55.6491],[12.4499,55.6491],[12.45,55.6491],[12.4501,55.6491]]]},"properties":{"sourceId":"ais_par3.135558","a_type":5120,"hectares":0.108}},{"type":"Feature","id":"ais_par3.135804","geometry":{"type":"Polygon","coordinates":[[[12.5024,55.63],[12.5025,55.6299],[12.5025,55.6299],[12.5026,55.6298],[12.5025,55.6298],[12.5025,55.6298],[12.5025,55.6297],[12.5024,55.6297],[12.5023,55.6297],[12.5022,55.6297],[12.5022,55.6298],[12.5022,55.6298],[12.5022,55.6299],[12.5022,55.6299],[12.5023,55.6299],[12.5024,55.63],[12.5024,55.63]]]},"properties":{"sourceId":"ais_par3.135804","a_type":5120,"hectares":0.049}},{"type":"Feature","id":"ais_par3.135805","geometry":{"type":"Polygon","coordinates":[[[12.4554,55.6335],[12.4555,55.6335],[12.4556,55.6336],[12.4557,55.6335],[12.4557,55.6334],[12.4557,55.6334],[12.4557,55.6333],[12.4556,55.6333],[12.4555,55.6333],[12.4554,55.6333],[12.4554,55.6333],[12.4553,55.6334],[12.4554,55.6335],[12.4554,55.6335]]]},"properties":{"sourceId":"ais_par3.135805","a_type":5120,"hectares":0.054}},{"type":"Feature","id":"ais_par3.135806","geometry":{"type":"Polygon","coordinates":[[[12.5021,55.6307],[12.5022,55.6307],[12.5022,55.6306],[12.5023,55.6306],[12.5023,55.6305],[12.5022,55.6305],[12.5022,55.6304],[12.5021,55.6304],[12.502,55.6304],[12.502,55.6304],[12.5019,55.6305],[12.5019,55.6306],[12.5019,55.6306],[12.5019,55.6307],[12.5019,55.6307],[12.502,55.6307],[12.5021,55.6307]]]},"properties":{"sourceId":"ais_par3.135806","a_type":5120,"hectares":0.06}},{"type":"Feature","id":"ais_par3.135808","geometry":{"type":"Polygon","coordinates":[[[12.468,55.6465],[12.468,55.6465],[12.4678,55.6464],[12.4677,55.6464],[12.4676,55.6465],[12.4675,55.6466],[12.4675,55.6467],[12.4675,55.6467],[12.4676,55.6468],[12.4677,55.6468],[12.4677,55.6467],[12.4678,55.6467],[12.4679,55.6466],[12.468,55.6466],[12.468,55.6465],[12.468,55.6465]]]},"properties":{"sourceId":"ais_par3.135808","a_type":5120,"hectares":0.074}},{"type":"Feature","id":"ais_par3.135812","geometry":{"type":"Polygon","coordinates":[[[12.5025,55.6329],[12.5026,55.6329],[12.5027,55.6328],[12.5027,55.6327],[12.5027,55.6326],[12.5026,55.6325],[12.5025,55.6325],[12.5024,55.6324],[12.5023,55.6324],[12.5023,55.6325],[12.5022,55.6326],[12.5022,55.6327],[12.5022,55.6328],[12.5023,55.6328],[12.5025,55.6329],[12.5025,55.6329]]]},"properties":{"sourceId":"ais_par3.135812","a_type":5120,"hectares":0.118}},{"type":"Feature","id":"ais_par3.135822","geometry":{"type":"Polygon","coordinates":[[[12.4618,55.6611],[12.4618,55.661],[12.4618,55.6609],[12.4617,55.6609],[12.4614,55.6608],[12.4606,55.6606],[12.4602,55.6605],[12.4598,55.6604],[12.4596,55.6603],[12.4593,55.6602],[12.459,55.6601],[12.4587,55.6601],[12.4585,55.6601],[12.4583,55.6601],[12.458,55.6599],[12.4578,55.6598],[12.4576,55.6598],[12.4574,55.6598],[12.4573,55.6598],[12.4572,55.66],[12.4573,55.6601],[12.4576,55.6602],[12.4579,55.6603],[12.458,55.6604],[12.4581,55.6605],[12.4582,55.6607],[12.4583,55.6608],[12.4584,55.6608],[12.4586,55.6609],[12.4587,55.6609],[12.4588,55.6609],[12.4589,55.661],[12.459,55.661],[12.4592,55.6611],[12.4594,55.6611],[12.4596,55.6612],[12.4603,55.6611],[12.4607,55.6611],[12.461,55.6611],[12.4612,55.6611],[12.4614,55.6611],[12.4617,55.6611],[12.4617,55.6611],[12.4618,55.6611]]]},"properties":{"sourceId":"ais_par3.135822","a_type":5120,"hectares":1.853}},{"type":"Feature","id":"ais_par3.137046","geometry":{"type":"Polygon","coordinates":[[[12.4485,55.6493],[12.4493,55.6493],[12.4498,55.6493],[12.4505,55.6489],[12.4498,55.6488],[12.4493,55.6488],[12.4489,55.649],[12.4485,55.6493],[12.4485,55.6493]],[[12.4501,55.6491],[12.45,55.6491],[12.4499,55.6491],[12.4498,55.6491],[12.4495,55.6491],[12.4494,55.6491],[12.4493,55.649],[12.4493,55.649],[12.4493,55.6489],[12.4494,55.6489],[12.4497,55.6489],[12.4502,55.6489],[12.4503,55.649],[12.4502,55.649],[12.4501,55.6491]]]},"properties":{"sourceId":"ais_par3.137046","a_type":4120,"hectares":0.317}},{"type":"Feature","id":"ais_par3.135807","geometry":{"type":"Polygon","coordinates":[[[12.4472,55.6145],[12.4471,55.6145],[12.4471,55.6144],[12.447,55.6144],[12.447,55.6144],[12.4469,55.6144],[12.447,55.6145],[12.4471,55.6145],[12.4471,55.6146],[12.447,55.6146],[12.447,55.6147],[12.447,55.6148],[12.4471,55.6148],[12.4471,55.6149],[12.4472,55.6149],[12.4472,55.6149],[12.4472,55.6148],[12.4473,55.6147],[12.4473,55.6147],[12.4473,55.6147],[12.4473,55.6146],[12.4473,55.6146],[12.4473,55.6145],[12.4472,55.6145],[12.4472,55.6145],[12.4472,55.6145]]]},"properties":{"sourceId":"ais_par3.135807","a_type":5120,"hectares":0.073}},{"type":"Feature","id":"ais_par3.135809","geometry":{"type":"Polygon","coordinates":[[[12.4526,55.6165],[12.4526,55.6165],[12.4527,55.6165],[12.4528,55.6164],[12.4527,55.6164],[12.4526,55.6163],[12.4527,55.6162],[12.4526,55.6162],[12.4525,55.6162],[12.4524,55.6162],[12.4524,55.6162],[12.4524,55.6163],[12.4524,55.6164],[12.4523,55.6165],[12.4523,55.6165],[12.4523,55.6165],[12.4524,55.6165],[12.4525,55.6165],[12.4526,55.6165]]]},"properties":{"sourceId":"ais_par3.135809","a_type":5120,"hectares":0.074}},{"type":"Feature","id":"ais_par3.135810","geometry":{"type":"Polygon","coordinates":[[[12.4624,55.6177],[12.4623,55.6176],[12.4623,55.6175],[12.4623,55.6174],[12.4622,55.6174],[12.4618,55.6175],[12.4618,55.6175],[12.4617,55.6176],[12.462,55.6176],[12.4621,55.6176],[12.4623,55.6177],[12.4624,55.6177]]]},"properties":{"sourceId":"ais_par3.135810","a_type":5120,"hectares":0.079}},{"type":"Feature","id":"ais_par3.135813","geometry":{"type":"Polygon","coordinates":[[[12.4477,55.6154],[12.4479,55.6154],[12.448,55.6154],[12.4481,55.6153],[12.4481,55.6153],[12.448,55.6153],[12.4478,55.6152],[12.4477,55.6152],[12.4476,55.6152],[12.4475,55.6151],[12.4475,55.615],[12.4474,55.615],[12.4473,55.615],[12.4473,55.615],[12.4473,55.6151],[12.4473,55.6151],[12.4473,55.6152],[12.4473,55.6152],[12.4472,55.6152],[12.4473,55.6153],[12.4473,55.6154],[12.4474,55.6154],[12.4475,55.6154],[12.4475,55.6154],[12.4476,55.6154],[12.4477,55.6154],[12.4477,55.6154]]]},"properties":{"sourceId":"ais_par3.135813","a_type":5120,"hectares":0.125}},{"type":"Feature","id":"ais_par3.135796","geometry":{"type":"Polygon","coordinates":[[[12.405,55.6145],[12.4048,55.6144],[12.4044,55.6143],[12.4039,55.6142],[12.4034,55.6141],[12.4028,55.614],[12.4021,55.6139],[12.4016,55.6138],[12.401,55.6137],[12.4007,55.6136],[12.4004,55.6135],[12.4001,55.6133],[12.3999,55.6133],[12.3997,55.6134],[12.3997,55.6136],[12.3997,55.6137],[12.3997,55.6138],[12.3994,55.614],[12.3992,55.6142],[12.3988,55.6144],[12.3986,55.6147],[12.3985,55.615],[12.3986,55.6153],[12.3988,55.6155],[12.3991,55.6157],[12.3997,55.6158],[12.4005,55.616],[12.4009,55.6161],[12.4012,55.6162],[12.4017,55.6162],[12.4022,55.6162],[12.4028,55.6163],[12.4033,55.6164],[12.4039,55.6165],[12.4042,55.6166],[12.4046,55.6166],[12.4047,55.6166],[12.406,55.6167],[12.4069,55.6167],[12.4081,55.6167],[12.409,55.6166],[12.4088,55.6164],[12.4088,55.6162],[12.4089,55.6161],[12.4088,55.616],[12.4087,55.6159],[12.4088,55.6158],[12.4089,55.6156],[12.4089,55.6155],[12.4089,55.6153],[12.4089,55.6152],[12.409,55.6149],[12.4093,55.6147],[12.4095,55.6148],[12.4095,55.6149],[12.4095,55.6152],[12.4096,55.6153],[12.4096,55.6155],[12.4096,55.6157],[12.4096,55.6159],[12.4095,55.616],[12.4094,55.6162],[12.4093,55.6164],[12.4094,55.6166],[12.4097,55.6165],[12.4118,55.6165],[12.4133,55.6165],[12.4152,55.6164],[12.4165,55.6164],[12.4173,55.6164],[12.4186,55.6163],[12.4197,55.6162],[12.4203,55.6163],[12.4203,55.6161],[12.4205,55.6159],[12.4208,55.6157],[12.4209,55.6155],[12.421,55.6153],[12.4211,55.6151],[12.4212,55.6147],[12.4213,55.6145],[12.4217,55.6145],[12.4219,55.6144],[12.4219,55.6146],[12.4219,55.6148],[12.422,55.615],[12.422,55.6151],[12.422,55.6152],[12.4219,55.6153],[12.422,55.6154],[12.4219,55.6155],[12.4218,55.6157],[12.4219,55.6158],[12.4219,55.6158],[12.4218,55.6159],[12.422,55.616],[12.4226,55.6159],[12.4231,55.6159],[12.4238,55.6159],[12.4247,55.6159],[12.4253,55.6159],[12.4255,55.6159],[12.4257,55.6159],[12.4262,55.6159],[12.4277,55.6159],[12.4282,55.6158],[12.4288,55.6158],[12.43,55.6159],[12.4301,55.6158],[12.43,55.6155],[12.43,55.6153],[12.43,55.6149],[12.4301,55.6148],[12.4301,55.6147],[12.4303,55.6146],[12.4304,55.6145],[12.4307,55.6144],[12.4308,55.6144],[12.4309,55.6146],[12.4307,55.6149],[12.4307,55.6149],[12.4307,55.6153],[12.4306,55.6154],[12.4306,55.6155],[12.4306,55.6157],[12.4305,55.6158],[12.4309,55.6158],[12.4315,55.6157],[12.4326,55.6156],[12.4337,55.6156],[12.435,55.6156],[12.4363,55.6156],[12.4374,55.6155],[12.438,55.6156],[12.4389,55.6156],[12.44,55.6155],[12.4413,55.6154],[12.4419,55.6153],[12.4423,55.6151],[12.4428,55.6151],[12.4432,55.6151],[12.4435,55.6152],[12.4435,55.6152],[12.4435,55.615],[12.4434,55.6149],[12.4434,55.6148],[12.4434,55.6144],[12.4436,55.6141],[12.4438,55.6137],[12.444,55.6133],[12.4442,55.6129],[12.4442,55.6126],[12.4442,55.6124],[12.444,55.6123],[12.4438,55.6125],[12.4436,55.6126],[12.4429,55.6127],[12.4418,55.6128],[12.441,55.6129],[12.4405,55.6129],[12.4397,55.6129],[12.4391,55.6131],[12.4387,55.6131],[12.4382,55.6131],[12.4375,55.6131],[12.4368,55.6132],[12.4364,55.6132],[12.4359,55.6133],[12.4355,55.6135],[12.4352,55.6136],[12.4349,55.6136],[12.4344,55.6136],[12.4336,55.6137],[12.4323,55.6138],[12.4319,55.6138],[12.4316,55.6139],[12.4311,55.6141],[12.431,55.6142],[12.4308,55.6143],[12.4304,55.6142],[12.43,55.6141],[12.4295,55.614],[12.4289,55.614],[12.4285,55.6141],[12.4282,55.6142],[12.4279,55.6142],[12.4274,55.6141],[12.4268,55.6141],[12.4262,55.614],[12.4258,55.614],[12.4255,55.6141],[12.4248,55.6141],[12.4242,55.6141],[12.4238,55.6141],[12.4232,55.6142],[12.4228,55.6142],[12.4224,55.6142],[12.4222,55.6143],[12.4219,55.6143],[12.4216,55.6142],[12.4212,55.6143],[12.4207,55.6143],[12.4199,55.6143],[12.4193,55.6144],[12.4189,55.6144],[12.4183,55.6144],[12.4176,55.6144],[12.417,55.6145],[12.4164,55.6144],[12.4157,55.6143],[12.4154,55.6143],[12.415,55.6144],[12.4143,55.6145],[12.4137,55.6145],[12.413,55.6145],[12.4122,55.6144],[12.4116,55.6144],[12.4112,55.6145],[12.4111,55.6146],[12.4104,55.6145],[12.4099,55.6145],[12.4092,55.6146],[12.4088,55.6146],[12.408,55.6145],[12.4076,55.6145],[12.4068,55.6145],[12.406,55.6146],[12.4051,55.6145],[12.405,55.6145]],[[12.4334,55.6149],[12.4334,55.6148],[12.4337,55.6148],[12.4342,55.6148],[12.4346,55.6147],[12.435,55.6147],[12.435,55.6148],[12.4349,55.6148],[12.4347,55.6149],[12.4346,55.615],[12.4345,55.6151],[12.4342,55.6151],[12.4339,55.6151],[12.4335,55.6151],[12.4333,55.615],[12.4329,55.6148],[12.4329,55.6148],[12.4331,55.6147],[12.4334,55.6149]],[[12.4378,55.6147],[12.4378,55.6147],[12.4379,55.6146],[12.4382,55.6146],[12.4384,55.6146],[12.4385,55.6146],[12.4387,55.6145],[12.4391,55.6145],[12.4393,55.6145],[12.4394,55.6146],[12.4393,55.6147],[12.439,55.6148],[12.4388,55.6148],[12.4384,55.6148],[12.4382,55.6149],[12.438,55.6149],[12.4379,55.6149],[12.4377,55.6148],[12.4375,55.6147],[12.4375,55.6146],[12.4378,55.6147]]]},"properties":{"sourceId":"ais_par3.135796","a_type":5120,"hectares":61.977}},{"type":"Feature","id":"ais_par3.135801","geometry":{"type":"Polygon","coordinates":[[[12.4486,55.615],[12.4485,55.615],[12.4484,55.6149],[12.4483,55.615],[12.4482,55.615],[12.4482,55.615],[12.4483,55.6151],[12.4483,55.6151],[12.4485,55.6151],[12.4485,55.615],[12.4485,55.615],[12.4485,55.615],[12.4486,55.615]]]},"properties":{"sourceId":"ais_par3.135801","a_type":5120,"hectares":0.022}},{"type":"Feature","id":"ais_par3.135802","geometry":{"type":"Polygon","coordinates":[[[12.448,55.6146],[12.4479,55.6146],[12.4478,55.6146],[12.4478,55.6147],[12.4477,55.6147],[12.4477,55.6148],[12.4477,55.6148],[12.4478,55.6148],[12.4479,55.6148],[12.4479,55.6148],[12.448,55.6147],[12.448,55.6147],[12.448,55.6147],[12.448,55.6147],[12.448,55.6146],[12.448,55.6146]]]},"properties":{"sourceId":"ais_par3.135802","a_type":5120,"hectares":0.03}},{"type":"Feature","id":"ais_par3.135814","geometry":{"type":"Polygon","coordinates":[[[12.4751,55.6157],[12.4749,55.6157],[12.4747,55.6158],[12.4745,55.6158],[12.4743,55.6158],[12.4743,55.6159],[12.4742,55.6159],[12.4742,55.616],[12.4745,55.616],[12.4748,55.616],[12.475,55.616],[12.4751,55.6159],[12.4752,55.6159],[12.4752,55.6158],[12.4751,55.6157]]]},"properties":{"sourceId":"ais_par3.135814","a_type":5120,"hectares":0.145}},{"type":"Feature","id":"ais_par3.135815","geometry":{"type":"Polygon","coordinates":[[[12.4921,55.616],[12.4918,55.6159],[12.4913,55.616],[12.4912,55.616],[12.4911,55.6161],[12.4911,55.6161],[12.4911,55.6162],[12.4912,55.6162],[12.4913,55.6162],[12.4914,55.6162],[12.4915,55.6161],[12.4916,55.6161],[12.4917,55.6161],[12.4919,55.6161],[12.492,55.6162],[12.4921,55.6162],[12.4922,55.6161],[12.4922,55.616],[12.4921,55.6159],[12.4921,55.616]]]},"properties":{"sourceId":"ais_par3.135815","a_type":5120,"hectares":0.15}},{"type":"Feature","id":"ais_par3.135817","geometry":{"type":"Polygon","coordinates":[[[12.4779,55.6158],[12.478,55.6158],[12.478,55.6157],[12.478,55.6157],[12.4776,55.6157],[12.4772,55.6157],[12.4769,55.6157],[12.4767,55.6157],[12.4766,55.6158],[12.4766,55.6158],[12.4765,55.6158],[12.4766,55.6159],[12.4769,55.6159],[12.4776,55.6159],[12.4778,55.6159],[12.4779,55.6158]]]},"properties":{"sourceId":"ais_par3.135817","a_type":5120,"hectares":0.195}},{"type":"Feature","id":"ais_par3.135818","geometry":{"type":"Polygon","coordinates":[[[12.4718,55.6172],[12.4719,55.6172],[12.4721,55.6172],[12.4721,55.6172],[12.472,55.6172],[12.4719,55.6173],[12.4718,55.6174],[12.4717,55.6174],[12.4716,55.6175],[12.4715,55.6176],[12.4716,55.6176],[12.4719,55.6176],[12.4721,55.6176],[12.4722,55.6175],[12.4722,55.6174],[12.4723,55.6173],[12.4724,55.6173],[12.4725,55.6172],[12.4726,55.6172],[12.4727,55.6171],[12.4727,55.6171],[12.4726,55.6171],[12.4725,55.6171],[12.4724,55.6171],[12.4724,55.6171],[12.4722,55.6171],[12.4722,55.6171],[12.4721,55.6171],[12.4719,55.6171],[12.4719,55.6171],[12.4718,55.617],[12.4717,55.6171],[12.4716,55.6171],[12.4716,55.6171],[12.4717,55.6171],[12.4718,55.6172]]]},"properties":{"sourceId":"ais_par3.135818","a_type":5120,"hectares":0.218}},{"type":"Feature","id":"ais_par3.136593","geometry":{"type":"Polygon","coordinates":[[[12.4621,55.6173],[12.462,55.6172],[12.4619,55.6172],[12.4616,55.6173],[12.4613,55.6173],[12.461,55.6173],[12.4607,55.6173],[12.4604,55.6172],[12.4602,55.6172],[12.4597,55.617],[12.4596,55.6169],[12.4595,55.6169],[12.4593,55.617],[12.4591,55.617],[12.4589,55.6169],[12.4588,55.6169],[12.4587,55.6169],[12.4587,55.617],[12.4588,55.617],[12.4589,55.617],[12.4594,55.6171],[12.4596,55.6171],[12.4596,55.6171],[12.4597,55.6172],[12.4598,55.6172],[12.46,55.6172],[12.4603,55.6173],[12.4606,55.6174],[12.4611,55.6175],[12.4612,55.6175],[12.4614,55.6175],[12.4615,55.6176],[12.4617,55.6176],[12.4618,55.6175],[12.4618,55.6175],[12.4622,55.6174],[12.4621,55.6173]]]},"properties":{"sourceId":"ais_par3.136593","a_type":4210,"hectares":0.369}},{"type":"Feature","id":"ais_par3.136596","geometry":{"type":"Polygon","coordinates":[[[12.4476,55.6145],[12.4475,55.6146],[12.4475,55.6146],[12.4474,55.6145],[12.4473,55.6145],[12.4472,55.6144],[12.4471,55.6143],[12.447,55.6143],[12.4468,55.6143],[12.4467,55.6144],[12.4467,55.6144],[12.4468,55.6145],[12.4469,55.6146],[12.4468,55.6147],[12.4468,55.6148],[12.4468,55.6149],[12.4468,55.615],[12.447,55.6151],[12.447,55.6152],[12.4471,55.6153],[12.4472,55.6153],[12.4472,55.6154],[12.4473,55.6154],[12.4476,55.6155],[12.4479,55.6155],[12.4482,55.6154],[12.4485,55.6154],[12.4487,55.6154],[12.4488,55.6153],[12.4489,55.6152],[12.4488,55.6152],[12.4488,55.6151],[12.4486,55.615],[12.4486,55.6149],[12.4485,55.6149],[12.4484,55.6149],[12.4483,55.6148],[12.4482,55.6148],[12.4482,55.6147],[12.4481,55.6146],[12.448,55.6146],[12.4479,55.6145],[12.4478,55.6145],[12.4476,55.6145]],[[12.4477,55.6154],[12.4477,55.6154],[12.4476,55.6154],[12.4475,55.6154],[12.4475,55.6154],[12.4474,55.6154],[12.4473,55.6154],[12.4473,55.6153],[12.4472,55.6152],[12.4473,55.6152],[12.4473,55.6152],[12.4473,55.6151],[12.4473,55.6151],[12.4473,55.615],[12.4473,55.615],[12.4474,55.615],[12.4475,55.615],[12.4475,55.6151],[12.4476,55.6152],[12.4477,55.6152],[12.4478,55.6152],[12.448,55.6153],[12.4481,55.6153],[12.4481,55.6153],[12.448,55.6154],[12.4479,55.6154],[12.4477,55.6154]],[[12.4472,55.6145],[12.4472,55.6145],[12.4472,55.6145],[12.4473,55.6145],[12.4473,55.6146],[12.4473,55.6146],[12.4473,55.6147],[12.4473,55.6147],[12.4473,55.6147],[12.4472,55.6148],[12.4472,55.6149],[12.4472,55.6149],[12.4471,55.6149],[12.4471,55.6148],[12.447,55.6148],[12.447,55.6147],[12.447,55.6146],[12.4471,55.6146],[12.4471,55.6145],[12.447,55.6145],[12.4469,55.6144],[12.447,55.6144],[12.447,55.6144],[12.4471,55.6144],[12.4471,55.6145],[12.4472,55.6145]],[[12.448,55.6146],[12.448,55.6146],[12.448,55.6147],[12.448,55.6147],[12.448,55.6147],[12.448,55.6147],[12.4479,55.6148],[12.4479,55.6148],[12.4478,55.6148],[12.4477,55.6148],[12.4477,55.6148],[12.4477,55.6147],[12.4478,55.6147],[12.4478,55.6146],[12.4479,55.6146],[12.448,55.6146]],[[12.4486,55.615],[12.4485,55.615],[12.4485,55.615],[12.4485,55.615],[12.4485,55.6151],[12.4483,55.6151],[12.4483,55.6151],[12.4482,55.615],[12.4482,55.615],[12.4483,55.615],[12.4484,55.6149],[12.4485,55.615],[12.4486,55.615]]]},"properties":{"sourceId":"ais_par3.136596","a_type":4210,"hectares":0.818}},{"type":"Feature","id":"ais_par3.136597","geometry":{"type":"Polygon","coordinates":[[[12.4969,55.6244],[12.4969,55.6243],[12.4968,55.6243],[12.4968,55.6242],[12.4967,55.624],[12.4963,55.6236],[12.4964,55.6237],[12.4965,55.6239],[12.4966,55.624],[12.4967,55.6241],[12.4967,55.6242],[12.4968,55.6242],[12.4968,55.6243],[12.4968,55.6243],[12.4968,55.6243],[12.4969,55.6244]]]},"properties":{"sourceId":"ais_par3.136597","a_type":4210,"hectares":0.04}},{"type":"Feature","id":"ais_par3.136598","geometry":{"type":"Polygon","coordinates":[[[12.4954,55.622],[12.4954,55.622],[12.4953,55.622],[12.4953,55.622],[12.4952,55.622],[12.4952,55.622],[12.4952,55.622],[12.4953,55.6219],[12.4953,55.6219],[12.4951,55.6219],[12.4947,55.6214],[12.4947,55.6213],[12.4951,55.6212],[12.4953,55.621],[12.4953,55.6208],[12.4953,55.6208],[12.4953,55.6208],[12.4952,55.6209],[12.4951,55.6209],[12.4951,55.6209],[12.495,55.6208],[12.495,55.6208],[12.4948,55.6208],[12.4947,55.6207],[12.4945,55.6206],[12.4945,55.6207],[12.4945,55.6207],[12.4944,55.6207],[12.4943,55.6206],[12.4943,55.6206],[12.4943,55.6206],[12.4943,55.6206],[12.4943,55.6206],[12.4943,55.6206],[12.4941,55.6204],[12.4942,55.62],[12.4939,55.6197],[12.4939,55.6196],[12.4938,55.6196],[12.4935,55.6197],[12.4934,55.6198],[12.4933,55.6199],[12.4932,55.6199],[12.4932,55.62],[12.4933,55.6201],[12.4934,55.6202],[12.4934,55.6202],[12.4933,55.6203],[12.4933,55.6203],[12.4933,55.6204],[12.4933,55.6205],[12.4933,55.6205],[12.4933,55.6206],[12.4933,55.6206],[12.4933,55.6207],[12.4934,55.6207],[12.4936,55.6206],[12.4936,55.6206],[12.4937,55.6207],[12.4938,55.6207],[12.4938,55.6208],[12.4937,55.6208],[12.4937,55.6209],[12.4937,55.6209],[12.4939,55.6209],[12.494,55.621],[12.4941,55.6211],[12.4942,55.6212],[12.4943,55.6214],[12.4943,55.6214],[12.4942,55.6214],[12.4942,55.6215],[12.4943,55.6216],[12.4943,55.6216],[12.4945,55.6216],[12.4945,55.6215],[12.4946,55.6215],[12.4947,55.6216],[12.4948,55.6217],[12.4949,55.6218],[12.4951,55.6221],[12.4952,55.6222],[12.4953,55.6224],[12.4954,55.6226],[12.4955,55.6227],[12.4955,55.6228],[12.4956,55.6229],[12.4956,55.6229],[12.4956,55.623],[12.4956,55.623],[12.4957,55.6231],[12.4957,55.6232],[12.4955,55.6232],[12.4954,55.6232],[12.4954,55.6233],[12.4955,55.6233],[12.4957,55.6234],[12.4958,55.6234],[12.4959,55.6235],[12.496,55.6235],[12.4961,55.6235],[12.4962,55.6234],[12.4963,55.6235],[12.4962,55.623],[12.4959,55.6229],[12.4959,55.6228],[12.4962,55.6227],[12.4962,55.6226],[12.4956,55.6227],[12.4956,55.6225],[12.4955,55.6224],[12.4955,55.6224],[12.4956,55.6223],[12.4955,55.6221],[12.4954,55.622]]]},"properties":{"sourceId":"ais_par3.136598","a_type":4210,"hectares":1.638}},{"type":"Feature","id":"ais_par3.136599","geometry":{"type":"Polygon","coordinates":[[[12.4962,55.6145],[12.4963,55.6145],[12.4963,55.6143],[12.4963,55.6141],[12.4962,55.6139],[12.4962,55.6138],[12.4962,55.6134],[12.4961,55.6132],[12.496,55.6131],[12.4958,55.6131],[12.4956,55.613],[12.4954,55.6131],[12.4952,55.6131],[12.495,55.6131],[12.494,55.6131],[12.4935,55.6132],[12.493,55.6132],[12.4926,55.6132],[12.4923,55.6132],[12.492,55.6132],[12.4918,55.6133],[12.4918,55.6134],[12.4918,55.6136],[12.4917,55.6137],[12.4916,55.6138],[12.4916,55.6139],[12.4916,55.614],[12.4916,55.6141],[12.4916,55.6142],[12.4916,55.6142],[12.4916,55.6143],[12.4916,55.6144],[12.4917,55.6145],[12.4917,55.6146],[12.4917,55.6147],[12.4918,55.6147],[12.492,55.6148],[12.4922,55.6148],[12.4927,55.6148],[12.493,55.6148],[12.4935,55.6147],[12.494,55.6147],[12.4945,55.6147],[12.4947,55.6147],[12.495,55.6147],[12.4951,55.6146],[12.4953,55.6146],[12.4956,55.6146],[12.4958,55.6146],[12.496,55.6146],[12.4961,55.6146],[12.4962,55.6145]]]},"properties":{"sourceId":"ais_par3.136599","a_type":4210,"hectares":4.925}},{"type":"Feature","id":"ais_par3.136600","geometry":{"type":"Polygon","coordinates":[[[12.4918,55.6127],[12.4921,55.6128],[12.4923,55.6128],[12.4925,55.6128],[12.4932,55.6127],[12.4934,55.6127],[12.4938,55.6127],[12.4942,55.6126],[12.4943,55.6125],[12.4945,55.6125],[12.4949,55.6125],[12.4952,55.6125],[12.4955,55.6125],[12.4957,55.6124],[12.4958,55.6123],[12.4959,55.6122],[12.4959,55.612],[12.4958,55.6118],[12.4957,55.6115],[12.4957,55.6114],[12.4957,55.6113],[12.4957,55.6112],[12.4956,55.6111],[12.4954,55.6108],[12.4954,55.6108],[12.4951,55.6107],[12.4948,55.6106],[12.4942,55.6105],[12.4939,55.6104],[12.4931,55.6105],[12.4926,55.6105],[12.492,55.6106],[12.4918,55.6107],[12.4916,55.6108],[12.4914,55.6109],[12.4914,55.6112],[12.4914,55.6114],[12.4914,55.6118],[12.4913,55.612],[12.4913,55.6121],[12.4913,55.6122],[12.4914,55.6123],[12.4915,55.6123],[12.4916,55.6124],[12.4917,55.6125],[12.4918,55.6126],[12.4918,55.6127],[12.4918,55.6127],[12.4918,55.6127]]]},"properties":{"sourceId":"ais_par3.136600","a_type":4210,"hectares":6.163}},{"type":"Feature","id":"ais_par3.136601","geometry":{"type":"Polygon","coordinates":[[[12.4951,55.619],[12.4951,55.619],[12.4955,55.6188],[12.4964,55.6184],[12.4968,55.6183],[12.4972,55.618],[12.4974,55.6178],[12.4975,55.6176],[12.4977,55.6172],[12.4977,55.6169],[12.4977,55.6167],[12.4976,55.6163],[12.4976,55.6162],[12.4975,55.6162],[12.497,55.6161],[12.4966,55.6162],[12.4963,55.6162],[12.496,55.6162],[12.4957,55.6161],[12.4956,55.6161],[12.4956,55.616],[12.4955,55.6159],[12.4951,55.6159],[12.4948,55.6159],[12.4946,55.616],[12.4945,55.6159],[12.494,55.616],[12.4936,55.616],[12.4932,55.616],[12.4929,55.6161],[12.4927,55.6162],[12.4926,55.6162],[12.4925,55.6163],[12.4924,55.6164],[12.4925,55.6167],[12.4925,55.6169],[12.4926,55.6171],[12.4927,55.6172],[12.4927,55.6172],[12.4929,55.6173],[12.493,55.6173],[12.4933,55.6172],[12.4934,55.6172],[12.4936,55.6172],[12.4939,55.6174],[12.494,55.6175],[12.4939,55.6177],[12.4938,55.6178],[12.4936,55.6178],[12.4935,55.6179],[12.4934,55.6179],[12.4935,55.618],[12.4939,55.6182],[12.4945,55.6186],[12.4948,55.6189],[12.4951,55.619],[12.4951,55.619]]]},"properties":{"sourceId":"ais_par3.136601","a_type":4210,"hectares":7.597}}]}
