{"type":"FeatureCollection","metadata":{"kommuneKode":"0223","kommuneNavn":"Hørsholm","source":"https://wfs2-miljoegis.mim.dk/natur/ows","layer":"natur:ais_par3","bbox":[12.39754317739843,55.85243105067856,12.562315785206119,55.91339492069932],"fetchedAt":"2026-06-12T20:55:36.861886+00:00"},"features":[{"type":"Feature","id":"ais_par3.135073","geometry":{"type":"Polygon","coordinates":[[[12.5474,55.8611],[12.5476,55.8612],[12.5477,55.8612],[12.5479,55.8613],[12.5481,55.8612],[12.5483,55.8612],[12.5484,55.8611],[12.5485,55.8611],[12.5486,55.8609],[12.5485,55.8609],[12.5484,55.8608],[12.5483,55.8608],[12.5481,55.8607],[12.548,55.8607],[12.5478,55.8607],[12.5477,55.8606],[12.5475,55.8607],[12.5474,55.8608],[12.5473,55.8609],[12.5472,55.861],[12.5472,55.8611],[12.5474,55.8611]]]},"properties":{"sourceId":"ais_par3.135073","a_type":5120,"hectares":0.389}},{"type":"Feature","id":"ais_par3.135081","geometry":{"type":"Polygon","coordinates":[[[12.5575,55.8622],[12.5575,55.8621],[12.5575,55.862],[12.5576,55.8619],[12.5577,55.8618],[12.5577,55.8617],[12.5577,55.8616],[12.5576,55.8616],[12.5573,55.8614],[12.5572,55.8614],[12.5572,55.8613],[12.5571,55.8612],[12.5569,55.8612],[12.5568,55.8612],[12.5566,55.8612],[12.5566,55.8612],[12.5565,55.8613],[12.5565,55.8614],[12.5565,55.8615],[12.5567,55.8615],[12.5568,55.8616],[12.5569,55.8617],[12.5569,55.8618],[12.5569,55.8619],[12.557,55.862],[12.5571,55.8621],[12.5572,55.8622],[12.5573,55.8623],[12.5574,55.8622],[12.5575,55.8622]]]},"properties":{"sourceId":"ais_par3.135081","a_type":5120,"hectares":0.489}},{"type":"Feature","id":"ais_par3.135107","geometry":{"type":"Polygon","coordinates":[[[12.536,55.8513],[12.5362,55.8513],[12.5365,55.8512],[12.5369,55.851],[12.537,55.8508],[12.537,55.8507],[12.537,55.8506],[12.5366,55.8506],[12.5362,55.8503],[12.5361,55.8504],[12.5359,55.8503],[12.5359,55.8502],[12.536,55.8501],[12.536,55.8499],[12.5358,55.8497],[12.5354,55.8498],[12.535,55.8497],[12.5347,55.8496],[12.5343,55.8497],[12.534,55.8497],[12.5338,55.8499],[12.5342,55.85],[12.534,55.85],[12.534,55.8502],[12.5342,55.8502],[12.5346,55.8503],[12.5347,55.8505],[12.5347,55.8506],[12.5349,55.8509],[12.5349,55.8511],[12.5353,55.8511],[12.5356,55.8512],[12.5356,55.8513],[12.5358,55.8513],[12.536,55.8513],[12.536,55.8513]]]},"properties":{"sourceId":"ais_par3.135107","a_type":5120,"hectares":2.051}},{"type":"Feature","id":"ais_par3.136454","geometry":{"type":"Polygon","coordinates":[[[12.5349,55.8485],[12.535,55.8485],[12.5351,55.8484],[12.5352,55.8483],[12.535,55.8483],[12.5349,55.8484],[12.5349,55.8485],[12.5349,55.8485]]]},"properties":{"sourceId":"ais_par3.136454","a_type":5120,"hectares":0.03}},{"type":"Feature","id":"ais_par3.136460","geometry":{"type":"Polygon","coordinates":[[[12.5462,55.8618],[12.5463,55.8618],[12.5465,55.8618],[12.5464,55.8616],[12.5463,55.8616],[12.5462,55.8616],[12.5462,55.8617],[12.5462,55.8618],[12.5463,55.8618],[12.5462,55.8618]]]},"properties":{"sourceId":"ais_par3.136460","a_type":5120,"hectares":0.036}},{"type":"Feature","id":"ais_par3.136464","geometry":{"type":"Polygon","coordinates":[[[12.5478,55.8497],[12.5479,55.8497],[12.548,55.8497],[12.5481,55.8495],[12.548,55.8494],[12.5479,55.8495],[12.5478,55.8496],[12.5478,55.8497]]]},"properties":{"sourceId":"ais_par3.136464","a_type":5120,"hectares":0.037}},{"type":"Feature","id":"ais_par3.136481","geometry":{"type":"Polygon","coordinates":[[[12.5472,55.8591],[12.5474,55.859],[12.5475,55.8589],[12.5474,55.8588],[12.5474,55.8587],[12.5473,55.8587],[12.5472,55.8586],[12.5472,55.8587],[12.5472,55.8587],[12.5472,55.8588],[12.5472,55.8589],[12.5472,55.859],[12.5472,55.8591]]]},"properties":{"sourceId":"ais_par3.136481","a_type":5120,"hectares":0.062}},{"type":"Feature","id":"ais_par3.136487","geometry":{"type":"Polygon","coordinates":[[[12.5388,55.8521],[12.5386,55.852],[12.5385,55.8522],[12.5385,55.8523],[12.5386,55.8524],[12.5387,55.8524],[12.5388,55.8523],[12.5389,55.8522],[12.539,55.8523],[12.539,55.8521],[12.5387,55.8521],[12.5388,55.8521]]]},"properties":{"sourceId":"ais_par3.136487","a_type":5120,"hectares":0.069}},{"type":"Feature","id":"ais_par3.136498","geometry":{"type":"Polygon","coordinates":[[[12.5533,55.8574],[12.5534,55.8574],[12.5534,55.8574],[12.5534,55.8573],[12.5534,55.8573],[12.5533,55.8573],[12.5533,55.8572],[12.5532,55.8572],[12.5532,55.8571],[12.5531,55.8571],[12.5531,55.8571],[12.553,55.8571],[12.5529,55.8571],[12.5529,55.8571],[12.5528,55.8571],[12.5528,55.8572],[12.5529,55.8572],[12.5529,55.8572],[12.5529,55.8573],[12.553,55.8573],[12.553,55.8573],[12.553,55.8574],[12.5531,55.8574],[12.5531,55.8574],[12.5532,55.8574],[12.5532,55.8574],[12.5532,55.8574],[12.5533,55.8574],[12.5533,55.8574],[12.5533,55.8574],[12.5534,55.8574],[12.5533,55.8574]]]},"properties":{"sourceId":"ais_par3.136498","a_type":5120,"hectares":0.084}},{"type":"Feature","id":"ais_par3.136500","geometry":{"type":"Polygon","coordinates":[[[12.5567,55.8596],[12.5569,55.8596],[12.5569,55.8595],[12.5569,55.8594],[12.5569,55.8593],[12.5568,55.8593],[12.5567,55.8592],[12.5565,55.8593],[12.5565,55.8594],[12.5565,55.8595],[12.5567,55.8596],[12.5567,55.8596],[12.5567,55.8596]]]},"properties":{"sourceId":"ais_par3.136500","a_type":5120,"hectares":0.087}},{"type":"Feature","id":"ais_par3.136520","geometry":{"type":"Polygon","coordinates":[[[12.533,55.8495],[12.5332,55.8496],[12.5336,55.8495],[12.5337,55.8493],[12.5333,55.8493],[12.5328,55.8494],[12.533,55.8495]]]},"properties":{"sourceId":"ais_par3.136520","a_type":5120,"hectares":0.134}},{"type":"Feature","id":"ais_par3.136525","geometry":{"type":"Polygon","coordinates":[[[12.5492,55.8599],[12.5492,55.8597],[12.5492,55.8596],[12.549,55.8597],[12.5489,55.8597],[12.5489,55.8596],[12.5489,55.8595],[12.5489,55.8595],[12.5489,55.8594],[12.5488,55.8593],[12.5486,55.8594],[12.5486,55.8594],[12.5485,55.8595],[12.5485,55.8596],[12.5485,55.8596],[12.5486,55.8597],[12.5487,55.8597],[12.5488,55.8598],[12.5489,55.8598],[12.549,55.8599],[12.5492,55.8599]]]},"properties":{"sourceId":"ais_par3.136525","a_type":5120,"hectares":0.152}},{"type":"Feature","id":"ais_par3.136894","geometry":{"type":"Polygon","coordinates":[[[12.544,55.8509],[12.5447,55.851],[12.5446,55.8508],[12.5448,55.8504],[12.545,55.8501],[12.545,55.8499],[12.5446,55.85],[12.5443,55.8502],[12.5442,55.8505],[12.544,55.8509],[12.544,55.8509]]]},"properties":{"sourceId":"ais_par3.136894","a_type":4120,"hectares":0.39}},{"type":"Feature","id":"ais_par3.136901","geometry":{"type":"Polygon","coordinates":[[[12.5465,55.8498],[12.5473,55.8499],[12.5474,55.8497],[12.5474,55.8494],[12.5473,55.8492],[12.5472,55.8488],[12.5472,55.8487],[12.5474,55.8483],[12.5469,55.8481],[12.5468,55.8484],[12.5466,55.8487],[12.5465,55.8491],[12.5464,55.8494],[12.5464,55.8496],[12.5464,55.8498],[12.5465,55.8498]]]},"properties":{"sourceId":"ais_par3.136901","a_type":4120,"hectares":0.889}},{"type":"Feature","id":"ais_par3.136902","geometry":{"type":"Polygon","coordinates":[[[12.5493,55.8608],[12.5494,55.8608],[12.5495,55.8608],[12.5496,55.8607],[12.5496,55.8606],[12.5496,55.8605],[12.5496,55.8604],[12.5496,55.8603],[12.5496,55.8602],[12.5496,55.8602],[12.5496,55.8601],[12.5495,55.8601],[12.5494,55.8601],[12.5493,55.8601],[12.5493,55.86],[12.5494,55.8599],[12.5494,55.8597],[12.5494,55.8596],[12.5494,55.8596],[12.5494,55.8595],[12.5493,55.8594],[12.5491,55.8593],[12.549,55.8593],[12.5488,55.8593],[12.5487,55.8592],[12.5486,55.8592],[12.5484,55.8592],[12.5483,55.8593],[12.5482,55.8593],[12.5481,55.8593],[12.548,55.8593],[12.5479,55.8592],[12.5477,55.8592],[12.5476,55.8591],[12.5476,55.8591],[12.5476,55.859],[12.5477,55.8589],[12.5477,55.8588],[12.5477,55.8587],[12.5477,55.8587],[12.5477,55.8586],[12.5477,55.8585],[12.5477,55.8585],[12.5476,55.8584],[12.5475,55.8584],[12.5474,55.8584],[12.5472,55.8584],[12.5471,55.8584],[12.547,55.8584],[12.547,55.8585],[12.547,55.8586],[12.547,55.8587],[12.547,55.8588],[12.547,55.8589],[12.5471,55.859],[12.5471,55.8591],[12.5471,55.8592],[12.5472,55.8592],[12.5473,55.8593],[12.5474,55.8593],[12.5475,55.8594],[12.5477,55.8594],[12.5478,55.8595],[12.548,55.8595],[12.5483,55.8595],[12.5485,55.8596],[12.5485,55.8597],[12.5485,55.8598],[12.5486,55.8598],[12.5486,55.8599],[12.5487,55.86],[12.549,55.8602],[12.5492,55.8603],[12.5492,55.8604],[12.5492,55.8605],[12.5493,55.8606],[12.5493,55.8606],[12.5492,55.8607],[12.5493,55.8608]],[[12.5492,55.8599],[12.549,55.8599],[12.5489,55.8598],[12.5488,55.8598],[12.5487,55.8597],[12.5486,55.8597],[12.5485,55.8596],[12.5485,55.8596],[12.5485,55.8595],[12.5486,55.8594],[12.5486,55.8594],[12.5488,55.8593],[12.5489,55.8594],[12.5489,55.8595],[12.5489,55.8595],[12.5489,55.8596],[12.5489,55.8597],[12.549,55.8597],[12.5492,55.8596],[12.5492,55.8597],[12.5492,55.8599]],[[12.5472,55.8591],[12.5472,55.859],[12.5472,55.8589],[12.5472,55.8588],[12.5472,55.8587],[12.5472,55.8587],[12.5472,55.8586],[12.5473,55.8587],[12.5474,55.8587],[12.5474,55.8588],[12.5475,55.8589],[12.5474,55.859],[12.5472,55.8591]]]},"properties":{"sourceId":"ais_par3.136902","a_type":4120,"hectares":0.981}},{"type":"Feature","id":"ais_par3.136917","geometry":{"type":"Polygon","coordinates":[[[12.5556,55.8505],[12.5545,55.8505],[12.5535,55.8506],[12.5525,55.8506],[12.5516,55.8505],[12.5507,55.8504],[12.5498,55.8504],[12.548,55.8502],[12.5475,55.8501],[12.5474,55.8504],[12.5482,55.8505],[12.5489,55.8506],[12.5495,55.8507],[12.5493,55.8511],[12.5489,55.8511],[12.5486,55.851],[12.5485,55.8512],[12.5475,55.8527],[12.547,55.8534],[12.5467,55.854],[12.5471,55.8541],[12.5471,55.8545],[12.5469,55.8548],[12.5468,55.8551],[12.5471,55.8552],[12.5475,55.8555],[12.5481,55.8556],[12.5487,55.8557],[12.5495,55.8557],[12.5502,55.8557],[12.5506,55.8557],[12.5507,55.8558],[12.5509,55.8559],[12.5512,55.8558],[12.5515,55.8557],[12.5518,55.8556],[12.5523,55.8557],[12.5523,55.8554],[12.5525,55.8551],[12.553,55.8549],[12.5538,55.8546],[12.5547,55.8545],[12.5554,55.8544],[12.556,55.8542],[12.5567,55.854],[12.5576,55.8535],[12.558,55.8535],[12.5589,55.8533],[12.5594,55.8534],[12.5593,55.8527],[12.5583,55.8526],[12.5578,55.8524],[12.5573,55.8523],[12.5569,55.8523],[12.5565,55.8525],[12.5561,55.8527],[12.5558,55.8527],[12.5557,55.8526],[12.5556,55.8519],[12.5556,55.851],[12.5556,55.8507],[12.5556,55.8505]],[[12.5478,55.8535],[12.5478,55.8534],[12.548,55.8533],[12.5482,55.8533],[12.5483,55.8531],[12.5484,55.853],[12.5487,55.853],[12.549,55.853],[12.5492,55.8529],[12.5495,55.8529],[12.5495,55.853],[12.5495,55.8531],[12.5498,55.8532],[12.5497,55.8535],[12.5498,55.8535],[12.5498,55.8537],[12.55,55.8536],[12.5502,55.8537],[12.5499,55.8539],[12.5492,55.8539],[12.549,55.8541],[12.5487,55.8541],[12.5486,55.8539],[12.5484,55.8538],[12.548,55.8536],[12.5478,55.8535]],[[12.5493,55.8521],[12.5494,55.8522],[12.5495,55.8522],[12.5498,55.8522],[12.5501,55.8523],[12.5501,55.8524],[12.5501,55.8526],[12.5505,55.8526],[12.551,55.8526],[12.5508,55.8529],[12.5506,55.853],[12.5501,55.8529],[12.5495,55.8527],[12.549,55.8524],[12.5489,55.8522],[12.549,55.8521],[12.5493,55.8521]],[[12.5496,55.8514],[12.5496,55.8514],[12.5495,55.8515],[12.5494,55.8516],[12.5495,55.8515],[12.5496,55.8514]],[[12.5496,55.8514],[12.5496,55.8514],[12.5494,55.8516],[12.5494,55.8517],[12.549,55.8517],[12.5487,55.8518],[12.5485,55.8519],[12.5485,55.8521],[12.5481,55.8522],[12.548,55.852],[12.5482,55.8519],[12.5485,55.8517],[12.5485,55.8515],[12.5486,55.8514],[12.5489,55.8513],[12.5493,55.8512],[12.5496,55.8513],[12.5496,55.8514]]]},"properties":{"sourceId":"ais_par3.136917","a_type":4120,"hectares":27.726}},{"type":"Feature","id":"ais_par3.136928","geometry":{"type":"Polygon","coordinates":[[[12.5542,55.8503],[12.5539,55.8504],[12.5541,55.8505],[12.5548,55.8504],[12.5555,55.8504],[12.5555,55.8499],[12.5563,55.8496],[12.5573,55.8493],[12.5578,55.8491],[12.558,55.849],[12.558,55.8484],[12.5579,55.8478],[12.5579,55.8473],[12.558,55.8469],[12.5579,55.8468],[12.5576,55.8466],[12.5568,55.8464],[12.5563,55.8464],[12.5556,55.8465],[12.5549,55.8466],[12.5543,55.8469],[12.5537,55.8473],[12.5531,55.8476],[12.5524,55.8479],[12.5518,55.8483],[12.5513,55.8486],[12.5509,55.8489],[12.5508,55.8492],[12.5508,55.8495],[12.5518,55.8495],[12.5526,55.8494],[12.5528,55.8494],[12.5528,55.8492],[12.5529,55.8493],[12.5531,55.849],[12.5535,55.849],[12.5538,55.849],[12.5539,55.8494],[12.5541,55.8498],[12.5542,55.8502],[12.5542,55.8503]]]},"properties":{"sourceId":"ais_par3.136928","a_type":4120,"hectares":11.864}},{"type":"Feature","id":"ais_par3.137199","geometry":{"type":"Polygon","coordinates":[[[12.5363,55.8515],[12.5362,55.8513],[12.536,55.8513],[12.5358,55.8513],[12.5356,55.8513],[12.5356,55.8512],[12.5353,55.8511],[12.5349,55.8511],[12.5349,55.8509],[12.5347,55.8506],[12.5347,55.8505],[12.5346,55.8503],[12.5342,55.8502],[12.534,55.8502],[12.534,55.85],[12.5342,55.85],[12.5338,55.8499],[12.534,55.8497],[12.5343,55.8497],[12.5347,55.8496],[12.535,55.8497],[12.5354,55.8498],[12.5358,55.8497],[12.536,55.8499],[12.536,55.8501],[12.5359,55.8502],[12.5359,55.8503],[12.5361,55.8504],[12.5362,55.8503],[12.5363,55.85],[12.5364,55.8497],[12.5354,55.8495],[12.5345,55.8493],[12.5345,55.8491],[12.5345,55.8488],[12.5342,55.849],[12.534,55.849],[12.5338,55.8489],[12.5335,55.8489],[12.5333,55.849],[12.5333,55.8493],[12.5337,55.8493],[12.5336,55.8495],[12.5332,55.8496],[12.533,55.8495],[12.5328,55.8494],[12.5327,55.8496],[12.5326,55.8497],[12.5333,55.85],[12.5331,55.8508],[12.534,55.851],[12.5354,55.8514],[12.5363,55.8515]]]},"properties":{"sourceId":"ais_par3.137199","a_type":4120,"hectares":2.355}},{"type":"Feature","id":"ais_par3.137201","geometry":{"type":"Polygon","coordinates":[[[12.5409,55.8524],[12.541,55.8521],[12.5417,55.852],[12.5417,55.8517],[12.5422,55.8515],[12.5422,55.8514],[12.5418,55.8514],[12.5414,55.8513],[12.5414,55.8511],[12.5408,55.8509],[12.5402,55.8509],[12.5398,55.8508],[12.5397,55.851],[12.5395,55.851],[12.5391,55.8512],[12.5389,55.8512],[12.5385,55.851],[12.5382,55.8513],[12.5379,55.8512],[12.5375,55.8515],[12.5372,55.8517],[12.5366,55.8515],[12.5365,55.8516],[12.537,55.8518],[12.5378,55.8521],[12.5386,55.8524],[12.5386,55.8524],[12.5385,55.8523],[12.5385,55.8522],[12.5386,55.852],[12.5388,55.8521],[12.5387,55.8521],[12.539,55.8521],[12.539,55.8523],[12.5389,55.8522],[12.5388,55.8523],[12.5387,55.8524],[12.5408,55.8524],[12.5409,55.8524]]]},"properties":{"sourceId":"ais_par3.137201","a_type":4120,"hectares":3.623}},{"type":"Feature","id":"ais_par3.137315","geometry":{"type":"Polygon","coordinates":[[[12.54,55.8505],[12.539,55.8503],[12.5389,55.8506],[12.5389,55.8506],[12.5389,55.8507],[12.5386,55.8507],[12.5385,55.8507],[12.5382,55.8506],[12.5381,55.8507],[12.5378,55.8506],[12.5372,55.851],[12.5379,55.8512],[12.5382,55.8513],[12.5385,55.851],[12.5389,55.8512],[12.5391,55.8512],[12.5395,55.851],[12.5397,55.851],[12.5398,55.8508],[12.54,55.8505]]]},"properties":{"sourceId":"ais_par3.137315","a_type":4110,"hectares":0.95}},{"type":"Feature","id":"ais_par3.137317","geometry":{"type":"Polygon","coordinates":[[[12.5526,55.8494],[12.5527,55.8499],[12.5528,55.8505],[12.5535,55.8504],[12.5539,55.8504],[12.5542,55.8503],[12.5542,55.8502],[12.5541,55.8498],[12.5539,55.8494],[12.5538,55.849],[12.5535,55.849],[12.5531,55.849],[12.5529,55.8493],[12.5528,55.8492],[12.5528,55.8494],[12.5526,55.8494]]]},"properties":{"sourceId":"ais_par3.137317","a_type":4110,"hectares":1.294}},{"type":"Feature","id":"ais_par3.137319","geometry":{"type":"Polygon","coordinates":[[[12.5486,55.8501],[12.5507,55.8503],[12.5507,55.8498],[12.5507,55.8495],[12.5506,55.8493],[12.5502,55.8491],[12.5493,55.8489],[12.549,55.8489],[12.5489,55.8493],[12.5488,55.8497],[12.5487,55.8501],[12.5486,55.8501]]]},"properties":{"sourceId":"ais_par3.137319","a_type":4110,"hectares":1.487}},{"type":"Feature","id":"ais_par3.137323","geometry":{"type":"Polygon","coordinates":[[[12.5344,55.8487],[12.534,55.8485],[12.5339,55.8484],[12.5341,55.8481],[12.5343,55.8479],[12.5347,55.8479],[12.5352,55.8478],[12.5354,55.8476],[12.5355,55.8474],[12.5356,55.8472],[12.5352,55.8473],[12.5347,55.8474],[12.5341,55.8474],[12.5335,55.8474],[12.5329,55.8474],[12.5324,55.8474],[12.5323,55.8476],[12.5326,55.8476],[12.5329,55.8476],[12.5331,55.8477],[12.5331,55.848],[12.533,55.8484],[12.5328,55.8487],[12.5328,55.849],[12.5324,55.849],[12.5318,55.8491],[12.5314,55.849],[12.5308,55.8489],[12.5308,55.8493],[12.5309,55.8495],[12.5308,55.8496],[12.5317,55.8495],[12.5326,55.8497],[12.5327,55.8496],[12.5328,55.8494],[12.5333,55.8493],[12.5333,55.849],[12.5335,55.8489],[12.5338,55.8489],[12.534,55.849],[12.5342,55.849],[12.5345,55.8488],[12.5344,55.8487]],[[12.5333,55.8481],[12.5334,55.8481],[12.5336,55.8481],[12.5336,55.8482],[12.5335,55.8483],[12.5333,55.8482],[12.5333,55.8481]]]},"properties":{"sourceId":"ais_par3.137323","a_type":4110,"hectares":2.717}},{"type":"Feature","id":"ais_par3.137326","geometry":{"type":"Polygon","coordinates":[[[12.5475,55.8501],[12.5464,55.85],[12.5453,55.8497],[12.5451,55.8501],[12.5449,55.8506],[12.5448,55.8508],[12.545,55.851],[12.5451,55.8512],[12.5456,55.8515],[12.5461,55.8517],[12.5459,55.8521],[12.5455,55.8526],[12.5454,55.8529],[12.5449,55.8528],[12.5447,55.8532],[12.5445,55.8536],[12.5452,55.8537],[12.546,55.8539],[12.5467,55.854],[12.547,55.8534],[12.5475,55.8527],[12.548,55.852],[12.5485,55.8512],[12.5486,55.851],[12.5489,55.8511],[12.5493,55.8511],[12.5495,55.8507],[12.5489,55.8506],[12.5482,55.8505],[12.5474,55.8504],[12.5475,55.8501]]]},"properties":{"sourceId":"ais_par3.137326","a_type":4110,"hectares":7.203}},{"type":"Feature","id":"ais_par3.155033","geometry":{"type":"Polygon","coordinates":[[[12.3845,55.8581],[12.3849,55.8582],[12.3859,55.8582],[12.3876,55.8579],[12.3883,55.8577],[12.3883,55.858],[12.3881,55.8584],[12.3885,55.859],[12.3889,55.8592],[12.3893,55.8594],[12.3896,55.8597],[12.3896,55.86],[12.3894,55.8601],[12.3892,55.8601],[12.3891,55.8602],[12.3895,55.8606],[12.3901,55.8609],[12.3913,55.8621],[12.3921,55.8626],[12.3923,55.8624],[12.3931,55.8624],[12.3937,55.8623],[12.3942,55.8623],[12.3948,55.8621],[12.3959,55.862],[12.3961,55.8618],[12.3964,55.8611],[12.3961,55.8608],[12.3968,55.8605],[12.3974,55.8603],[12.3981,55.8601],[12.3984,55.8603],[12.3984,55.8606],[12.3981,55.8608],[12.3973,55.8611],[12.3973,55.8615],[12.397,55.8615],[12.3971,55.862],[12.3965,55.8623],[12.3974,55.8628],[12.3976,55.863],[12.3981,55.8627],[12.3981,55.8625],[12.398,55.8621],[12.3981,55.8618],[12.3985,55.8613],[12.3988,55.8613],[12.3984,55.8619],[12.3981,55.8623],[12.3985,55.8625],[12.3987,55.8628],[12.3985,55.863],[12.3984,55.8632],[12.3986,55.8637],[12.3996,55.8642],[12.4,55.8644],[12.4004,55.8647],[12.401,55.8653],[12.4013,55.8655],[12.4018,55.8656],[12.4023,55.8659],[12.4027,55.8662],[12.4027,55.8664],[12.403,55.8668],[12.403,55.8669],[12.403,55.8669],[12.4031,55.8671],[12.4032,55.8676],[12.4028,55.8676],[12.4028,55.8676],[12.402,55.8677],[12.3986,55.868],[12.397,55.8683],[12.3961,55.868],[12.3961,55.8684],[12.3955,55.8691],[12.3952,55.8696],[12.395,55.8697],[12.395,55.8704],[12.3937,55.8707],[12.3932,55.8709],[12.393,55.8712],[12.3929,55.872],[12.3938,55.8731],[12.3937,55.8733],[12.3935,55.8738],[12.3931,55.8743],[12.3935,55.8748],[12.3941,55.8749],[12.3946,55.8748],[12.3946,55.8755],[12.393,55.8759],[12.394,55.8781],[12.3984,55.8775],[12.4016,55.8787],[12.4036,55.8795],[12.4084,55.8795],[12.4086,55.8791],[12.4089,55.8781],[12.4092,55.8775],[12.412,55.8779],[12.4162,55.8778],[12.4169,55.8781],[12.418,55.8782],[12.4193,55.8783],[12.4211,55.8787],[12.422,55.8791],[12.4233,55.8795],[12.4233,55.8795],[12.4231,55.8793],[12.4231,55.879],[12.4233,55.8788],[12.4236,55.8786],[12.4238,55.8786],[12.4242,55.8795],[12.4242,55.8795],[12.4243,55.8797],[12.4251,55.8798],[12.4259,55.8796],[12.4263,55.8788],[12.4263,55.8783],[12.4259,55.8783],[12.4253,55.8782],[12.4252,55.8778],[12.4255,55.8769],[12.4258,55.8768],[12.4264,55.8768],[12.4267,55.877],[12.4272,55.877],[12.4273,55.877],[12.4275,55.8763],[12.4282,55.8754],[12.4292,55.8744],[12.4297,55.8739],[12.4297,55.8735],[12.4284,55.8733],[12.4282,55.8736],[12.428,55.8737],[12.4268,55.8738],[12.4242,55.874],[12.4239,55.8739],[12.4239,55.8735],[12.4206,55.8737],[12.4207,55.8738],[12.4199,55.8741],[12.4199,55.8741],[12.4202,55.8743],[12.4206,55.8744],[12.4205,55.8746],[12.4203,55.8746],[12.4198,55.8747],[12.4193,55.8748],[12.4194,55.8745],[12.4195,55.8743],[12.4194,55.8741],[12.4191,55.8741],[12.4189,55.8743],[12.4187,55.8743],[12.4188,55.8741],[12.419,55.8739],[12.419,55.8737],[12.4171,55.8738],[12.4169,55.8736],[12.4164,55.8735],[12.4162,55.873],[12.4164,55.8726],[12.4157,55.8726],[12.4152,55.8723],[12.4145,55.8719],[12.4142,55.8718],[12.4119,55.8718],[12.4111,55.8722],[12.4111,55.8716],[12.4123,55.8707],[12.4127,55.8701],[12.4127,55.8694],[12.4131,55.8686],[12.4126,55.8685],[12.4118,55.8683],[12.4111,55.8686],[12.4105,55.8686],[12.4105,55.8683],[12.4106,55.8676],[12.4107,55.8671],[12.4108,55.8654],[12.4106,55.865],[12.4078,55.8639],[12.4069,55.8637],[12.4069,55.8635],[12.4071,55.8631],[12.4073,55.8627],[12.4075,55.8624],[12.4086,55.8622],[12.4099,55.862],[12.4112,55.862],[12.412,55.8618],[12.4122,55.8617],[12.4124,55.8614],[12.4122,55.8608],[12.4122,55.8606],[12.4119,55.8604],[12.4105,55.8605],[12.4102,55.8602],[12.4103,55.8601],[12.4106,55.86],[12.4109,55.8595],[12.4113,55.8594],[12.4117,55.8593],[12.4122,55.8587],[12.4124,55.8582],[12.4126,55.8575],[12.4127,55.8566],[12.4125,55.8565],[12.4127,55.8558],[12.4128,55.8554],[12.4124,55.8549],[12.4123,55.8547],[12.4122,55.8547],[12.4119,55.8548],[12.4116,55.8547],[12.4112,55.8542],[12.4109,55.8538],[12.4097,55.8535],[12.409,55.8534],[12.4081,55.8534],[12.4073,55.8536],[12.407,55.8536],[12.4069,55.8534],[12.407,55.8532],[12.4073,55.8531],[12.4075,55.853],[12.4076,55.8529],[12.4067,55.8532],[12.4063,55.8532],[12.406,55.853],[12.406,55.8529],[12.406,55.8528],[12.4059,55.8527],[12.4059,55.8525],[12.4058,55.8524],[12.406,55.8522],[12.4056,55.8519],[12.4055,55.8517],[12.4056,55.8515],[12.4058,55.8515],[12.4059,55.8515],[12.4062,55.8517],[12.4064,55.8516],[12.4064,55.8512],[12.4065,55.8509],[12.4069,55.8507],[12.4072,55.8506],[12.4073,55.8503],[12.4074,55.8501],[12.4077,55.8499],[12.4076,55.8495],[12.4072,55.8493],[12.4068,55.8492],[12.4067,55.849],[12.4069,55.8489],[12.4067,55.8485],[12.4061,55.8484],[12.4052,55.8484],[12.405,55.8483],[12.4046,55.8483],[12.4047,55.8488],[12.404,55.8488],[12.4036,55.846],[12.403,55.8461],[12.4029,55.846],[12.3993,55.847],[12.3985,55.8473],[12.3958,55.8481],[12.3934,55.8488],[12.392,55.8494],[12.3906,55.8501],[12.3904,55.8501],[12.3905,55.8502],[12.3898,55.8504],[12.3897,55.8503],[12.3879,55.8512],[12.3881,55.852],[12.388,55.8521],[12.388,55.8522],[12.388,55.8522],[12.3882,55.8523],[12.3885,55.8524],[12.3885,55.8524],[12.3883,55.8524],[12.3878,55.8524],[12.3877,55.8523],[12.3876,55.8523],[12.3874,55.8523],[12.387,55.8525],[12.3866,55.8527],[12.3862,55.8527],[12.3853,55.8532],[12.385,55.8544],[12.3847,55.8551],[12.3845,55.8556],[12.3845,55.8581]],[[12.3917,55.8513],[12.392,55.8516],[12.3916,55.852],[12.3927,55.8529],[12.3931,55.8528],[12.3932,55.8531],[12.3938,55.8535],[12.3938,55.8535],[12.3932,55.8537],[12.3937,55.8539],[12.3942,55.854],[12.3949,55.8539],[12.3955,55.8538],[12.3962,55.8538],[12.3966,55.8539],[12.3985,55.8548],[12.4008,55.856],[12.402,55.8567],[12.4024,55.857],[12.4024,55.857],[12.4023,55.857],[12.4022,55.8571],[12.399,55.8581],[12.3978,55.8575],[12.3981,55.8573],[12.3979,55.8573],[12.3964,55.8583],[12.3969,55.8586],[12.3969,55.8589],[12.3959,55.8597],[12.3889,55.8565],[12.39,55.8558],[12.3901,55.8559],[12.392,55.8545],[12.3916,55.8532],[12.3918,55.8531],[12.3909,55.8524],[12.3906,55.8522],[12.3905,55.8519],[12.3914,55.8518],[12.391,55.8511],[12.391,55.8509],[12.3913,55.8508],[12.3917,55.851],[12.3917,55.8513]],[[12.4026,55.869],[12.4027,55.8684],[12.4054,55.8683],[12.4053,55.8695],[12.4047,55.8712],[12.4046,55.8723],[12.4044,55.8732],[12.4028,55.8732],[12.4002,55.8731],[12.3985,55.8731],[12.3977,55.8735],[12.3971,55.8731],[12.398,55.8727],[12.3981,55.8719],[12.3975,55.8719],[12.3977,55.8707],[12.4008,55.869],[12.4025,55.869],[12.4026,55.869]],[[12.406,55.8636],[12.4062,55.8639],[12.4063,55.8643],[12.4059,55.8651],[12.4049,55.8653],[12.4031,55.8655],[12.4025,55.8654],[12.4021,55.8651],[12.4019,55.8646],[12.4019,55.8641],[12.4025,55.8634],[12.4026,55.8631],[12.4024,55.8614],[12.4041,55.8614],[12.4044,55.8616],[12.4047,55.8623],[12.4053,55.8628],[12.4063,55.8633],[12.4064,55.8635],[12.4064,55.8636],[12.406,55.8636]],[[12.4061,55.8573],[12.4066,55.8579],[12.4069,55.8586],[12.4078,55.8595],[12.4079,55.8597],[12.4047,55.8603],[12.4046,55.8601],[12.4037,55.8603],[12.4034,55.86],[12.4032,55.86],[12.4025,55.8588],[12.4046,55.8581],[12.4053,55.858],[12.4055,55.858],[12.4057,55.858],[12.4053,55.8572],[12.4058,55.857],[12.4061,55.8573]],[[12.399,55.8503],[12.399,55.8502],[12.3989,55.8501],[12.399,55.8501],[12.3992,55.85],[12.3994,55.85],[12.3995,55.8501],[12.3995,55.8502],[12.3996,55.8502],[12.3997,55.8503],[12.4,55.8504],[12.4004,55.8504],[12.4004,55.8504],[12.4004,55.8505],[12.4002,55.8506],[12.4,55.8505],[12.3997,55.8505],[12.3995,55.8505],[12.3993,55.8505],[12.399,55.8504],[12.399,55.8503]],[[12.3877,55.8574],[12.3875,55.8572],[12.3872,55.857],[12.3871,55.8568],[12.3872,55.8568],[12.3874,55.8568],[12.3874,55.8568],[12.3875,55.857],[12.3875,55.857],[12.3878,55.8571],[12.3879,55.8572],[12.388,55.8572],[12.3879,55.8573],[12.3877,55.8574]],[[12.3919,55.8522],[12.3917,55.852],[12.3918,55.8519],[12.3918,55.8518],[12.3921,55.8518],[12.3923,55.8519],[12.3924,55.852],[12.3923,55.8521],[12.3922,55.8522],[12.3919,55.8522]],[[12.4011,55.8514],[12.4011,55.8513],[12.4013,55.8511],[12.4014,55.8509],[12.4015,55.8509],[12.4016,55.8509],[12.4013,55.8512],[12.4013,55.8513],[12.4013,55.8514],[12.4011,55.8515],[12.401,55.8515],[12.4008,55.8515],[12.4008,55.8515],[12.4011,55.8514]],[[12.3911,55.8548],[12.3909,55.8548],[12.3908,55.8548],[12.3908,55.8547],[12.3909,55.8546],[12.3911,55.8546],[12.3912,55.8546],[12.3912,55.8548],[12.3911,55.8548]],[[12.408,55.8546],[12.408,55.8546],[12.4079,55.8546],[12.408,55.8545],[12.408,55.8545],[12.4081,55.8545],[12.4081,55.8545],[12.4082,55.8545],[12.4082,55.8545],[12.4082,55.8546],[12.4082,55.8546],[12.4082,55.8546],[12.4082,55.8546],[12.4081,55.8547],[12.4081,55.8547],[12.408,55.8546],[12.408,55.8546]],[[12.3973,55.8587],[12.3973,55.8586],[12.3973,55.8586],[12.3973,55.8586],[12.3974,55.8586],[12.3974,55.8585],[12.3975,55.8585],[12.3975,55.8586],[12.3976,55.8586],[12.3976,55.8586],[12.3976,55.8586],[12.3976,55.8587],[12.3976,55.8587],[12.3975,55.8587],[12.3974,55.8587],[12.3974,55.8587],[12.3973,55.8587]],[[12.3971,55.8504],[12.3971,55.8504],[12.3971,55.8504],[12.3971,55.8503],[12.3972,55.8503],[12.3972,55.8503],[12.3973,55.8503],[12.3973,55.8503],[12.3974,55.8503],[12.3974,55.8504],[12.3974,55.8504],[12.3974,55.8504],[12.3973,55.8504],[12.3973,55.8505],[12.3972,55.8505],[12.3972,55.8504],[12.3971,55.8504]],[[12.4076,55.8755],[12.4074,55.8753],[12.4073,55.8751],[12.4077,55.8748],[12.408,55.8748],[12.4083,55.8748],[12.4082,55.8747],[12.4083,55.8746],[12.4085,55.8746],[12.4086,55.8747],[12.4087,55.8747],[12.4089,55.8748],[12.4088,55.8751],[12.4087,55.8753],[12.4081,55.8755],[12.4076,55.8755]],[[12.4214,55.877],[12.4215,55.8769],[12.4217,55.8769],[12.4218,55.8767],[12.4221,55.8766],[12.4223,55.8766],[12.4225,55.8768],[12.4225,55.877],[12.4222,55.8771],[12.4219,55.8772],[12.4214,55.877]],[[12.4128,55.875],[12.4129,55.8749],[12.4133,55.8748],[12.4137,55.8749],[12.4137,55.875],[12.4137,55.875],[12.4135,55.8751],[12.4132,55.8752],[12.4131,55.8753],[12.413,55.8752],[12.4128,55.875]],[[12.4021,55.8783],[12.4019,55.8782],[12.4018,55.878],[12.4019,55.8779],[12.4021,55.8778],[12.4023,55.8778],[12.4024,55.8782],[12.4022,55.8783],[12.4021,55.8783]],[[12.4062,55.8789],[12.4062,55.8787],[12.4063,55.8786],[12.4065,55.8786],[12.4065,55.8788],[12.4065,55.8789],[12.4063,55.8789],[12.4062,55.8789]],[[12.4011,55.8486],[12.4009,55.8486],[12.401,55.8484],[12.4014,55.8482],[12.4017,55.848],[12.4019,55.848],[12.402,55.8481],[12.4021,55.8482],[12.4019,55.8485],[12.4019,55.8487],[12.4017,55.8488],[12.4013,55.8487],[12.4011,55.8486]],[[12.3999,55.8469],[12.3999,55.8469],[12.4008,55.8466],[12.4009,55.8467],[12.4011,55.8467],[12.4012,55.8468],[12.4011,55.8469],[12.4008,55.8469],[12.4005,55.8469],[12.4003,55.8469],[12.4,55.8469],[12.4,55.8469],[12.3999,55.8469]]]},"properties":{"sourceId":"ais_par3.155033","a_type":3210,"hectares":372.94}},{"type":"Feature","id":"ais_par3.155146","geometry":{"type":"Polygon","coordinates":[[[12.5283,55.9031],[12.5283,55.903],[12.5284,55.9029],[12.5283,55.9027],[12.5284,55.9026],[12.5282,55.9027],[12.5277,55.9031],[12.5276,55.9033],[12.5277,55.9035],[12.528,55.9036],[12.5284,55.9037],[12.5287,55.9036],[12.5289,55.9034],[12.5291,55.9028],[12.5292,55.9026],[12.529,55.9028],[12.5286,55.9031],[12.5286,55.9033],[12.5284,55.9034],[12.5283,55.9034],[12.5281,55.9032],[12.5283,55.9031]]]},"properties":{"sourceId":"ais_par3.155146","a_type":4110,"hectares":0.574}},{"type":"Feature","id":"ais_par3.155153","geometry":{"type":"Polygon","coordinates":[[[12.547,55.8663],[12.5481,55.8676],[12.5483,55.8677],[12.5486,55.8676],[12.5486,55.8674],[12.5485,55.8672],[12.5482,55.8671],[12.5479,55.867],[12.548,55.8667],[12.5479,55.8665],[12.5477,55.8663],[12.5475,55.8661],[12.547,55.8658],[12.5465,55.8658],[12.547,55.8663]]]},"properties":{"sourceId":"ais_par3.155153","a_type":4110,"hectares":0.806}},{"type":"Feature","id":"ais_par3.155243","geometry":{"type":"Polygon","coordinates":[[[12.4306,55.9056],[12.431,55.9056],[12.4314,55.9055],[12.4321,55.9055],[12.4325,55.9055],[12.4327,55.9055],[12.4329,55.9055],[12.4329,55.9053],[12.4328,55.905],[12.4328,55.9048],[12.4329,55.9047],[12.4331,55.9047],[12.4333,55.9046],[12.4332,55.9045],[12.433,55.9046],[12.4328,55.9046],[12.4327,55.9045],[12.4327,55.9045],[12.4324,55.9045],[12.4322,55.9046],[12.4323,55.9047],[12.4323,55.9047],[12.4322,55.9047],[12.432,55.9046],[12.4318,55.9046],[12.4316,55.9044],[12.4316,55.9044],[12.4316,55.9043],[12.4316,55.9043],[12.4318,55.9042],[12.4319,55.9042],[12.432,55.9041],[12.4318,55.9039],[12.4316,55.9038],[12.4314,55.9038],[12.431,55.9038],[12.4304,55.9038],[12.4306,55.9056]],[[12.4311,55.9041],[12.4309,55.904],[12.4311,55.9039],[12.4313,55.9038],[12.4315,55.9039],[12.4315,55.904],[12.4316,55.9041],[12.4316,55.9041],[12.4315,55.9042],[12.4313,55.9041],[12.4311,55.9041]]]},"properties":{"sourceId":"ais_par3.155243","a_type":4110,"hectares":2.184}},{"type":"Feature","id":"ais_par3.155260","geometry":{"type":"Polygon","coordinates":[[[12.4492,55.8576],[12.4496,55.8575],[12.4499,55.8574],[12.4498,55.8572],[12.4494,55.8563],[12.4493,55.8561],[12.4488,55.856],[12.4485,55.856],[12.4483,55.8561],[12.4482,55.8565],[12.4481,55.857],[12.4483,55.8577],[12.4483,55.8577],[12.4492,55.8576]]]},"properties":{"sourceId":"ais_par3.155260","a_type":4110,"hectares":1.575}},{"type":"Feature","id":"ais_par3.157003","geometry":{"type":"Polygon","coordinates":[[[12.4684,55.8867],[12.4685,55.8867],[12.4686,55.8865],[12.4685,55.8865],[12.4684,55.8865],[12.4683,55.8865],[12.4683,55.8866],[12.4684,55.8867]]]},"properties":{"sourceId":"ais_par3.157003","a_type":5120,"hectares":0.036}},{"type":"Feature","id":"ais_par3.155480","geometry":{"type":"Polygon","coordinates":[[[12.4873,55.8829],[12.4892,55.8823],[12.4909,55.8821],[12.4914,55.8821],[12.4924,55.8822],[12.4917,55.8819],[12.4909,55.8816],[12.4901,55.8813],[12.4904,55.8809],[12.4907,55.8804],[12.485,55.8798],[12.485,55.881],[12.4848,55.8822],[12.4864,55.8833],[12.4865,55.8833],[12.4873,55.8829]],[[12.4896,55.8808],[12.4895,55.8807],[12.4894,55.8806],[12.4891,55.8805],[12.4891,55.8804],[12.4893,55.8804],[12.4895,55.8804],[12.4897,55.8803],[12.4899,55.8804],[12.4899,55.8805],[12.4899,55.8807],[12.4898,55.8808],[12.4896,55.8808]],[[12.4882,55.8803],[12.4882,55.8802],[12.4883,55.8802],[12.4885,55.8802],[12.4885,55.8803],[12.4884,55.8803],[12.4882,55.8803]]]},"properties":{"sourceId":"ais_par3.155480","a_type":4110,"hectares":10.24}},{"type":"Feature","id":"ais_par3.155481","geometry":{"type":"Polygon","coordinates":[[[12.4336,55.8926],[12.434,55.8924],[12.434,55.8924],[12.4339,55.8923],[12.4338,55.8922],[12.4339,55.8921],[12.4339,55.892],[12.4334,55.8922],[12.4336,55.8926],[12.4336,55.8926]]]},"properties":{"sourceId":"ais_par3.155481","a_type":4110,"hectares":0.12}},{"type":"Feature","id":"ais_par3.155482","geometry":{"type":"Polygon","coordinates":[[[12.4348,55.8919],[12.4349,55.8921],[12.4352,55.892],[12.4354,55.8919],[12.4351,55.8917],[12.4347,55.8916],[12.4343,55.8918],[12.4348,55.8919]]]},"properties":{"sourceId":"ais_par3.155482","a_type":4110,"hectares":0.163}},{"type":"Feature","id":"ais_par3.155483","geometry":{"type":"Polygon","coordinates":[[[12.4304,55.8884],[12.4309,55.8884],[12.4313,55.8885],[12.4315,55.8886],[12.4313,55.8879],[12.431,55.8877],[12.4305,55.8877],[12.4299,55.8878],[12.43,55.8882],[12.4303,55.8886],[12.4304,55.8884]]]},"properties":{"sourceId":"ais_par3.155483","a_type":4110,"hectares":0.7}},{"type":"Feature","id":"ais_par3.155485","geometry":{"type":"Polygon","coordinates":[[[12.4505,55.8611],[12.4507,55.861],[12.4511,55.861],[12.4514,55.8611],[12.4518,55.8612],[12.4522,55.8614],[12.4525,55.8613],[12.4528,55.8609],[12.4529,55.8605],[12.4529,55.8603],[12.4527,55.8601],[12.4523,55.8599],[12.4521,55.8599],[12.4513,55.8599],[12.451,55.86],[12.4507,55.8603],[12.4505,55.8608],[12.4504,55.8611],[12.4504,55.8611],[12.4505,55.8611],[12.4505,55.8611]]]},"properties":{"sourceId":"ais_par3.155485","a_type":4110,"hectares":1.817}},{"type":"Feature","id":"ais_par3.157004","geometry":{"type":"Polygon","coordinates":[[[12.4686,55.8861],[12.4686,55.886],[12.4686,55.8859],[12.4685,55.8858],[12.4684,55.8859],[12.4683,55.886],[12.4684,55.8861],[12.4686,55.8861]]]},"properties":{"sourceId":"ais_par3.157004","a_type":5120,"hectares":0.052}},{"type":"Feature","id":"ais_par3.155596","geometry":{"type":"Polygon","coordinates":[[[12.4813,55.8801],[12.4829,55.8811],[12.4829,55.881],[12.4834,55.8809],[12.4836,55.8808],[12.4835,55.8802],[12.4824,55.8802],[12.482,55.8802],[12.4818,55.8801],[12.4815,55.88],[12.4813,55.8801],[12.4813,55.8801],[12.4813,55.8801]]]},"properties":{"sourceId":"ais_par3.155596","a_type":4120,"hectares":0.895}},{"type":"Feature","id":"ais_par3.155626","geometry":{"type":"Polygon","coordinates":[[[12.4536,55.8734],[12.4539,55.8734],[12.454,55.8734],[12.4542,55.8732],[12.4542,55.873],[12.454,55.8729],[12.4537,55.8728],[12.4537,55.8726],[12.4535,55.8724],[12.4531,55.8723],[12.4528,55.8722],[12.4526,55.8723],[12.4527,55.8725],[12.4531,55.8728],[12.4533,55.873],[12.4535,55.8733],[12.4536,55.8734]]]},"properties":{"sourceId":"ais_par3.155626","a_type":4120,"hectares":0.629}},{"type":"Feature","id":"ais_par3.157032","geometry":{"type":"Polygon","coordinates":[[[12.4417,55.8857],[12.4418,55.8856],[12.4419,55.8853],[12.4418,55.8853],[12.4417,55.8853],[12.4416,55.8855],[12.4416,55.8856],[12.4417,55.8857]]]},"properties":{"sourceId":"ais_par3.157032","a_type":5120,"hectares":0.062}},{"type":"Feature","id":"ais_par3.157139","geometry":{"type":"Polygon","coordinates":[[[12.524,55.8609],[12.524,55.8608],[12.5239,55.8607],[12.5238,55.8607],[12.5236,55.8607],[12.5236,55.8609],[12.5238,55.8609],[12.524,55.8609]]]},"properties":{"sourceId":"ais_par3.157139","a_type":5120,"hectares":0.052}},{"type":"Feature","id":"ais_par3.156394","geometry":{"type":"Polygon","coordinates":[[[12.3949,55.8918],[12.395,55.8918],[12.3951,55.8917],[12.3953,55.8916],[12.3953,55.8915],[12.3953,55.8915],[12.3953,55.8915],[12.3955,55.8914],[12.396,55.8916],[12.396,55.8919],[12.3962,55.8918],[12.396,55.8916],[12.3959,55.8914],[12.3956,55.8913],[12.3954,55.8914],[12.3949,55.8916],[12.3944,55.8918],[12.3944,55.8919],[12.3945,55.8921],[12.3947,55.8921],[12.395,55.8921],[12.3955,55.8921],[12.3953,55.8921],[12.3953,55.8921],[12.3951,55.892],[12.3949,55.892],[12.3949,55.8918]]]},"properties":{"sourceId":"ais_par3.156394","a_type":4120,"hectares":0.288}},{"type":"Feature","id":"ais_par3.156396","geometry":{"type":"Polygon","coordinates":[[[12.477,55.915],[12.4776,55.9149],[12.4776,55.9145],[12.4771,55.9145],[12.4765,55.9144],[12.4764,55.9145],[12.4764,55.9147],[12.4764,55.9148],[12.4764,55.9148],[12.477,55.915]]]},"properties":{"sourceId":"ais_par3.156396","a_type":4120,"hectares":0.373}},{"type":"Feature","id":"ais_par3.156397","geometry":{"type":"Polygon","coordinates":[[[12.4744,55.9157],[12.4749,55.915],[12.4744,55.9145],[12.4741,55.9149],[12.4742,55.9151],[12.4744,55.9157],[12.4744,55.9157],[12.4744,55.9157]]]},"properties":{"sourceId":"ais_par3.156397","a_type":4120,"hectares":0.343}},{"type":"Feature","id":"ais_par3.156426","geometry":{"type":"Polygon","coordinates":[[[12.4288,55.9162],[12.4289,55.9164],[12.429,55.9166],[12.4291,55.9166],[12.4293,55.9166],[12.4299,55.9164],[12.4295,55.9163],[12.429,55.9161],[12.4288,55.916],[12.4288,55.9162]]]},"properties":{"sourceId":"ais_par3.156426","a_type":4120,"hectares":0.209}},{"type":"Feature","id":"ais_par3.156415","geometry":{"type":"Polygon","coordinates":[[[12.4674,55.9119],[12.4675,55.9119],[12.4676,55.9119],[12.4676,55.9119],[12.4676,55.9121],[12.4676,55.9121],[12.4676,55.9122],[12.4677,55.9122],[12.4679,55.9122],[12.4681,55.9121],[12.4681,55.9118],[12.4681,55.9115],[12.468,55.9113],[12.4677,55.9112],[12.4673,55.9112],[12.4671,55.9114],[12.467,55.9116],[12.4668,55.9119],[12.4662,55.9124],[12.4666,55.9126],[12.4667,55.9126],[12.4669,55.9128],[12.4669,55.913],[12.4669,55.9132],[12.4666,55.9136],[12.4667,55.9138],[12.4669,55.9138],[12.4675,55.9131],[12.4677,55.9132],[12.4677,55.9136],[12.4681,55.9137],[12.4683,55.9134],[12.4684,55.9134],[12.4687,55.9134],[12.4682,55.9141],[12.4686,55.9142],[12.4694,55.9128],[12.469,55.9129],[12.4686,55.913],[12.4684,55.9132],[12.4683,55.9132],[12.468,55.9133],[12.468,55.9132],[12.4681,55.9131],[12.4681,55.913],[12.4681,55.9128],[12.4682,55.9128],[12.4681,55.9126],[12.4678,55.9125],[12.4675,55.9124],[12.4674,55.9123],[12.4675,55.9122],[12.4674,55.9121],[12.4673,55.912],[12.4673,55.912],[12.4674,55.9119]]]},"properties":{"sourceId":"ais_par3.156415","a_type":4120,"hectares":2.392}},{"type":"Feature","id":"ais_par3.156416","geometry":{"type":"Polygon","coordinates":[[[12.4696,55.9141],[12.47,55.9142],[12.4702,55.9142],[12.4706,55.9143],[12.471,55.9143],[12.4709,55.9136],[12.4709,55.9132],[12.4711,55.9128],[12.4708,55.9129],[12.4705,55.913],[12.4702,55.913],[12.4702,55.9131],[12.47,55.9132],[12.4701,55.9134],[12.4702,55.9136],[12.4702,55.9137],[12.4698,55.9138],[12.4696,55.9137],[12.4693,55.9137],[12.469,55.9141],[12.469,55.9142],[12.4696,55.9141]]]},"properties":{"sourceId":"ais_par3.156416","a_type":4120,"hectares":1.026}},{"type":"Feature","id":"ais_par3.156417","geometry":{"type":"Polygon","coordinates":[[[12.4524,55.9151],[12.4525,55.9151],[12.4525,55.9152],[12.4525,55.9151],[12.4526,55.9149],[12.4524,55.9148],[12.452,55.9148],[12.452,55.9148],[12.452,55.9149],[12.4521,55.9149],[12.4522,55.915],[12.4522,55.915],[12.4523,55.9152],[12.4524,55.9151]]]},"properties":{"sourceId":"ais_par3.156417","a_type":4120,"hectares":0.089}},{"type":"Feature","id":"ais_par3.156424","geometry":{"type":"Polygon","coordinates":[[[12.4248,55.9149],[12.4249,55.9149],[12.425,55.9149],[12.425,55.9148],[12.4251,55.9148],[12.4253,55.9147],[12.4255,55.9147],[12.4257,55.9146],[12.4253,55.9146],[12.4251,55.9146],[12.4248,55.9146],[12.4247,55.9147],[12.4246,55.9148],[12.4246,55.9149],[12.4247,55.9149],[12.4248,55.9149]]]},"properties":{"sourceId":"ais_par3.156424","a_type":4120,"hectares":0.112}},{"type":"Feature","id":"ais_par3.156425","geometry":{"type":"Polygon","coordinates":[[[12.4273,55.9155],[12.4274,55.9156],[12.4275,55.9157],[12.4284,55.9159],[12.4279,55.9154],[12.4273,55.9151],[12.4271,55.9152],[12.4273,55.9155]]]},"properties":{"sourceId":"ais_par3.156425","a_type":4120,"hectares":0.267}},{"type":"Feature","id":"ais_par3.156427","geometry":{"type":"Polygon","coordinates":[[[12.4259,55.9099],[12.4265,55.9102],[12.4269,55.91],[12.4272,55.91],[12.4274,55.91],[12.428,55.9098],[12.4279,55.9094],[12.4275,55.9095],[12.4272,55.9095],[12.4269,55.9094],[12.4266,55.9095],[12.4261,55.9097],[12.4258,55.9098],[12.4259,55.9099]],[[12.4268,55.9097],[12.4269,55.9097],[12.4268,55.9096],[12.4268,55.9096],[12.4269,55.9095],[12.4271,55.9096],[12.4273,55.9096],[12.4273,55.9098],[12.4271,55.9099],[12.4269,55.9099],[12.4267,55.9099],[12.4266,55.9099],[12.4264,55.9098],[12.4265,55.9098],[12.4267,55.9097],[12.4268,55.9097]]]},"properties":{"sourceId":"ais_par3.156427","a_type":4120,"hectares":0.563}},{"type":"Feature","id":"ais_par3.156428","geometry":{"type":"Polygon","coordinates":[[[12.4378,55.9123],[12.4378,55.9124],[12.4379,55.9128],[12.4379,55.9129],[12.4382,55.9131],[12.4384,55.9131],[12.4387,55.9131],[12.439,55.913],[12.4393,55.9131],[12.4396,55.9132],[12.4399,55.9132],[12.4402,55.9132],[12.4404,55.9132],[12.4404,55.9131],[12.4402,55.9129],[12.4403,55.9128],[12.4408,55.9127],[12.4409,55.9125],[12.4408,55.9122],[12.4405,55.9118],[12.4402,55.9116],[12.4399,55.9119],[12.4393,55.9123],[12.4389,55.9123],[12.4385,55.9122],[12.4379,55.9121],[12.4378,55.9123]],[[12.4381,55.9127],[12.438,55.9126],[12.438,55.9124],[12.438,55.9123],[12.4381,55.9122],[12.4383,55.9123],[12.4386,55.9124],[12.4389,55.9125],[12.4393,55.9124],[12.4393,55.9126],[12.439,55.9127],[12.4389,55.9129],[12.4387,55.913],[12.4383,55.913],[12.4381,55.9129],[12.4381,55.9128],[12.4381,55.9127]],[[12.4398,55.9123],[12.4399,55.9122],[12.4399,55.9121],[12.4401,55.9121],[12.4405,55.9122],[12.4405,55.9123],[12.4404,55.9125],[12.4405,55.9127],[12.4402,55.9127],[12.44,55.9128],[12.4397,55.9127],[12.4396,55.9125],[12.4398,55.9123]],[[12.4399,55.9131],[12.4398,55.9131],[12.4396,55.9129],[12.4396,55.9128],[12.4398,55.9128],[12.4401,55.9129],[12.4401,55.9131],[12.4398,55.913],[12.4399,55.9131]],[[12.44,55.9119],[12.4402,55.9118],[12.4404,55.9119],[12.4405,55.912],[12.4405,55.912],[12.4403,55.912],[12.4401,55.912],[12.44,55.912],[12.4399,55.912],[12.44,55.9119]]]},"properties":{"sourceId":"ais_par3.156428","a_type":4120,"hectares":1.158}},{"type":"Feature","id":"ais_par3.156429","geometry":{"type":"Polygon","coordinates":[[[12.434,55.9115],[12.4347,55.9115],[12.435,55.9116],[12.4351,55.9115],[12.4353,55.9114],[12.4354,55.9114],[12.4355,55.9115],[12.4356,55.9117],[12.4357,55.9118],[12.4356,55.9119],[12.4353,55.9119],[12.4351,55.912],[12.4349,55.912],[12.435,55.9121],[12.4353,55.912],[12.4355,55.912],[12.4358,55.912],[12.4359,55.9116],[12.4358,55.9114],[12.4353,55.9113],[12.435,55.9113],[12.4351,55.9111],[12.4354,55.9109],[12.435,55.9109],[12.4339,55.9109],[12.4335,55.9114],[12.4334,55.9114],[12.434,55.9115]]]},"properties":{"sourceId":"ais_par3.156429","a_type":4120,"hectares":0.779}},{"type":"Feature","id":"ais_par3.156430","geometry":{"type":"Polygon","coordinates":[[[12.4484,55.9004],[12.4489,55.9004],[12.4491,55.9003],[12.4492,55.9001],[12.4494,55.9001],[12.4496,55.9001],[12.4495,55.9003],[12.4494,55.9003],[12.4494,55.9005],[12.4499,55.9003],[12.4495,55.8998],[12.4487,55.9003],[12.4482,55.9002],[12.448,55.9004],[12.4477,55.9008],[12.4476,55.901],[12.4472,55.9012],[12.4485,55.9015],[12.4494,55.902],[12.4495,55.902],[12.45,55.902],[12.4501,55.9022],[12.4502,55.9024],[12.4513,55.9018],[12.4508,55.9013],[12.4506,55.9014],[12.4505,55.9014],[12.4508,55.9015],[12.451,55.9018],[12.451,55.9019],[12.4498,55.9017],[12.4498,55.9016],[12.4497,55.9015],[12.4496,55.9016],[12.4495,55.9016],[12.4493,55.9015],[12.4491,55.9015],[12.4489,55.9014],[12.4488,55.9014],[12.4487,55.9013],[12.4488,55.9011],[12.4488,55.901],[12.4484,55.9008],[12.4482,55.9006],[12.4482,55.9005],[12.4484,55.9004]]]},"properties":{"sourceId":"ais_par3.156430","a_type":4120,"hectares":1.601}},{"type":"Feature","id":"ais_par3.156431","geometry":{"type":"Polygon","coordinates":[[[12.4433,55.9035],[12.4435,55.9035],[12.4438,55.9034],[12.444,55.9033],[12.4442,55.9032],[12.4444,55.9031],[12.4445,55.9031],[12.4446,55.9032],[12.4449,55.9032],[12.445,55.903],[12.4452,55.9028],[12.4453,55.9027],[12.4453,55.9027],[12.4451,55.9027],[12.4449,55.9027],[12.4447,55.9027],[12.4444,55.9024],[12.4442,55.9024],[12.4439,55.9024],[12.4437,55.9025],[12.4439,55.9025],[12.4441,55.9026],[12.4441,55.9027],[12.444,55.9028],[12.444,55.9028],[12.4441,55.903],[12.444,55.9032],[12.4438,55.9033],[12.4436,55.9034],[12.4434,55.9034],[12.4433,55.9034],[12.4433,55.9035]]]},"properties":{"sourceId":"ais_par3.156431","a_type":4120,"hectares":0.535}},{"type":"Feature","id":"ais_par3.156432","geometry":{"type":"Polygon","coordinates":[[[12.4387,55.9063],[12.4387,55.9061],[12.4388,55.9061],[12.439,55.906],[12.439,55.9059],[12.439,55.9059],[12.4391,55.9059],[12.4391,55.906],[12.4393,55.906],[12.4397,55.9059],[12.4399,55.9058],[12.44,55.9056],[12.4404,55.9055],[12.4405,55.9053],[12.4403,55.9052],[12.4401,55.9052],[12.4398,55.9052],[12.4398,55.9054],[12.4398,55.9055],[12.4396,55.9056],[12.4391,55.9058],[12.4387,55.9059],[12.4385,55.906],[12.4376,55.9061],[12.4376,55.9062],[12.4376,55.9063],[12.4387,55.9063]]]},"properties":{"sourceId":"ais_par3.156432","a_type":4120,"hectares":0.542}},{"type":"Feature","id":"ais_par3.156433","geometry":{"type":"Polygon","coordinates":[[[12.4449,55.8971],[12.4446,55.8971],[12.4443,55.897],[12.4442,55.8969],[12.444,55.897],[12.444,55.8972],[12.444,55.8973],[12.4442,55.8975],[12.4445,55.8977],[12.4448,55.8978],[12.445,55.8979],[12.4454,55.8979],[12.4454,55.8978],[12.4453,55.8977],[12.4452,55.8976],[12.4451,55.8974],[12.445,55.8971],[12.4449,55.8971]],[[12.4447,55.8973],[12.4447,55.8973],[12.4449,55.8974],[12.4449,55.8975],[12.4448,55.8976],[12.4446,55.8975],[12.4444,55.8974],[12.4443,55.8973],[12.4443,55.8973],[12.4444,55.8972],[12.4446,55.8973],[12.4447,55.8973]]]},"properties":{"sourceId":"ais_par3.156433","a_type":4120,"hectares":0.413}},{"type":"Feature","id":"ais_par3.156434","geometry":{"type":"Polygon","coordinates":[[[12.447,55.8959],[12.447,55.8959],[12.447,55.8957],[12.4466,55.8954],[12.4464,55.8953],[12.4462,55.8953],[12.4458,55.8951],[12.4456,55.8957],[12.4456,55.8957],[12.4456,55.8957],[12.4459,55.8957],[12.4459,55.8957],[12.446,55.8959],[12.4453,55.8959],[12.4458,55.8968],[12.4462,55.8968],[12.4463,55.8968],[12.4461,55.8967],[12.4458,55.8963],[12.4458,55.8963],[12.4459,55.8963],[12.4459,55.8963],[12.4462,55.8964],[12.4463,55.8964],[12.4463,55.8963],[12.4465,55.8964],[12.4469,55.8964],[12.4472,55.8964],[12.4474,55.8965],[12.4473,55.896],[12.447,55.8959]],[[12.4465,55.8957],[12.4464,55.8955],[12.4466,55.8955],[12.4467,55.8955],[12.4468,55.8956],[12.4468,55.8958],[12.4467,55.8958],[12.4465,55.8957]]]},"properties":{"sourceId":"ais_par3.156434","a_type":4120,"hectares":1.124}},{"type":"Feature","id":"ais_par3.156435","geometry":{"type":"Polygon","coordinates":[[[12.4707,55.9005],[12.471,55.9005],[12.4711,55.9004],[12.4712,55.9001],[12.4714,55.9],[12.4717,55.9],[12.472,55.9001],[12.4721,55.9002],[12.472,55.9004],[12.472,55.9005],[12.4722,55.9005],[12.4722,55.9003],[12.4721,55.9001],[12.472,55.8999],[12.4721,55.8997],[12.4713,55.8993],[12.4707,55.8994],[12.4704,55.8996],[12.4699,55.8998],[12.47,55.9001],[12.4701,55.9004],[12.4707,55.9005]],[[12.47,55.8998],[12.4701,55.8997],[12.4705,55.8997],[12.4709,55.8995],[12.471,55.8995],[12.4711,55.8998],[12.4706,55.9001],[12.4706,55.9002],[12.4705,55.9003],[12.4703,55.9003],[12.4703,55.9002],[12.4703,55.9001],[12.47,55.8999],[12.47,55.8998]]]},"properties":{"sourceId":"ais_par3.156435","a_type":4120,"hectares":0.819}},{"type":"Feature","id":"ais_par3.156436","geometry":{"type":"Polygon","coordinates":[[[12.4159,55.9059],[12.4157,55.9058],[12.4151,55.9054],[12.4148,55.9054],[12.4146,55.9055],[12.4147,55.9059],[12.4159,55.9059]]]},"properties":{"sourceId":"ais_par3.156436","a_type":4120,"hectares":0.27}},{"type":"Feature","id":"ais_par3.156437","geometry":{"type":"Polygon","coordinates":[[[12.3983,55.8971],[12.3984,55.8973],[12.3984,55.8974],[12.3986,55.8976],[12.3988,55.8977],[12.3991,55.8976],[12.3993,55.8976],[12.3993,55.8974],[12.3991,55.8972],[12.3986,55.897],[12.3986,55.897],[12.3985,55.897],[12.3984,55.8969],[12.3984,55.897],[12.3983,55.897],[12.3983,55.8971]]]},"properties":{"sourceId":"ais_par3.156437","a_type":4120,"hectares":0.312}},{"type":"Feature","id":"ais_par3.156438","geometry":{"type":"Polygon","coordinates":[[[12.3968,55.8979],[12.397,55.8979],[12.3975,55.8981],[12.3977,55.8981],[12.3981,55.898],[12.3982,55.8977],[12.398,55.8975],[12.3977,55.8972],[12.397,55.8969],[12.3964,55.8968],[12.3954,55.8967],[12.3942,55.8967],[12.3942,55.8968],[12.3941,55.8972],[12.3943,55.8976],[12.3946,55.8978],[12.3946,55.898],[12.3955,55.8981],[12.396,55.8981],[12.3963,55.898],[12.3968,55.8979]]]},"properties":{"sourceId":"ais_par3.156438","a_type":4120,"hectares":3.099}},{"type":"Feature","id":"ais_par3.156531","geometry":{"type":"Polygon","coordinates":[[[12.5251,55.899],[12.5242,55.899],[12.5239,55.8991],[12.5233,55.8993],[12.5231,55.8997],[12.5231,55.9004],[12.5233,55.9009],[12.524,55.9013],[12.5238,55.9016],[12.5234,55.902],[12.523,55.9025],[12.5232,55.9028],[12.524,55.9029],[12.5245,55.9026],[12.5251,55.9021],[12.5258,55.9014],[12.5267,55.9011],[12.5271,55.9006],[12.5269,55.9],[12.5265,55.8995],[12.5258,55.8992],[12.5251,55.899]]]},"properties":{"sourceId":"ais_par3.156531","a_type":4120,"hectares":7.119}},{"type":"Feature","id":"ais_par3.156532","geometry":{"type":"Polygon","coordinates":[[[12.4188,55.8741],[12.4187,55.8743],[12.4189,55.8743],[12.4191,55.8741],[12.4194,55.8741],[12.4195,55.8743],[12.4194,55.8745],[12.4193,55.8748],[12.4198,55.8747],[12.4203,55.8746],[12.4205,55.8746],[12.4206,55.8744],[12.4202,55.8743],[12.4199,55.8741],[12.419,55.8739],[12.4188,55.8741]],[[12.4197,55.8745],[12.4195,55.8745],[12.4195,55.8743],[12.4197,55.8742],[12.42,55.8743],[12.4199,55.8744],[12.42,55.8745],[12.4199,55.8745],[12.4197,55.8745]]]},"properties":{"sourceId":"ais_par3.156532","a_type":4120,"hectares":0.426}},{"type":"Feature","id":"ais_par3.156533","geometry":{"type":"Polygon","coordinates":[[[12.4937,55.8999],[12.4939,55.8999],[12.494,55.8999],[12.4937,55.8991],[12.4936,55.8991],[12.4934,55.8992],[12.4933,55.8994],[12.4934,55.8996],[12.4935,55.8997],[12.4937,55.8999],[12.4937,55.8999]]]},"properties":{"sourceId":"ais_par3.156533","a_type":4120,"hectares":0.222}},{"type":"Feature","id":"ais_par3.156534","geometry":{"type":"Polygon","coordinates":[[[12.4761,55.8968],[12.4761,55.8968],[12.4763,55.8967],[12.4767,55.8968],[12.4766,55.8964],[12.4764,55.8962],[12.4762,55.8961],[12.4762,55.8964],[12.4762,55.8965],[12.476,55.8965],[12.4761,55.8968]]]},"properties":{"sourceId":"ais_par3.156534","a_type":4120,"hectares":0.181}},{"type":"Feature","id":"ais_par3.156535","geometry":{"type":"Polygon","coordinates":[[[12.4542,55.8963],[12.4551,55.8961],[12.4551,55.8957],[12.4549,55.8954],[12.4544,55.8952],[12.4541,55.8953],[12.4541,55.8956],[12.4542,55.8956],[12.4545,55.8958],[12.4545,55.8961],[12.4543,55.8962],[12.4543,55.8961],[12.4543,55.8961],[12.4541,55.8961],[12.4542,55.8963]]]},"properties":{"sourceId":"ais_par3.156535","a_type":4120,"hectares":0.474}},{"type":"Feature","id":"ais_par3.156536","geometry":{"type":"Polygon","coordinates":[[[12.4981,55.8652],[12.4991,55.8651],[12.5003,55.8654],[12.5005,55.8654],[12.5,55.8644],[12.4976,55.8649],[12.4977,55.865],[12.4981,55.8652]]]},"properties":{"sourceId":"ais_par3.156536","a_type":4120,"hectares":1}},{"type":"Feature","id":"ais_par3.156537","geometry":{"type":"Polygon","coordinates":[[[12.5067,55.8855],[12.5069,55.8858],[12.507,55.8858],[12.5071,55.8858],[12.5073,55.8856],[12.5074,55.8856],[12.5076,55.8856],[12.5077,55.8858],[12.5079,55.8858],[12.5079,55.8853],[12.508,55.8851],[12.5083,55.8848],[12.5082,55.8846],[12.508,55.8845],[12.5075,55.8847],[12.5073,55.885],[12.5072,55.8851],[12.507,55.8851],[12.5068,55.8848],[12.5065,55.8851],[12.5069,55.8853],[12.5067,55.8855]]]},"properties":{"sourceId":"ais_par3.156537","a_type":4120,"hectares":0.812}},{"type":"Feature","id":"ais_par3.156538","geometry":{"type":"Polygon","coordinates":[[[12.4801,55.8866],[12.4803,55.8866],[12.4806,55.8871],[12.4808,55.8874],[12.4812,55.8875],[12.4815,55.8877],[12.4817,55.8877],[12.4817,55.8877],[12.4816,55.8873],[12.4812,55.8868],[12.4811,55.8866],[12.4813,55.8864],[12.4818,55.8856],[12.4819,55.8855],[12.4823,55.8851],[12.4823,55.885],[12.482,55.8849],[12.4816,55.8856],[12.4813,55.886],[12.4812,55.8861],[12.4809,55.886],[12.4809,55.8859],[12.4807,55.8859],[12.4805,55.8862],[12.4804,55.8862],[12.48,55.8862],[12.4801,55.8866],[12.4801,55.8866]]]},"properties":{"sourceId":"ais_par3.156538","a_type":4120,"hectares":1.227}},{"type":"Feature","id":"ais_par3.156539","geometry":{"type":"Polygon","coordinates":[[[12.4777,55.8861],[12.476,55.886],[12.4757,55.8868],[12.4758,55.8868],[12.4763,55.8869],[12.4769,55.887],[12.4775,55.8868],[12.4777,55.8861]],[[12.4762,55.8868],[12.4761,55.8867],[12.476,55.8865],[12.4761,55.8864],[12.4764,55.8864],[12.4765,55.8866],[12.4765,55.8868],[12.4764,55.8869],[12.4762,55.8868]]]},"properties":{"sourceId":"ais_par3.156539","a_type":4120,"hectares":0.963}},{"type":"Feature","id":"ais_par3.156540","geometry":{"type":"Polygon","coordinates":[[[12.4438,55.8931],[12.4438,55.893],[12.4439,55.893],[12.4441,55.8929],[12.4442,55.893],[12.4442,55.8931],[12.4442,55.8933],[12.4441,55.8934],[12.4438,55.8933],[12.4437,55.8932],[12.4437,55.8933],[12.4438,55.8935],[12.4439,55.8935],[12.4443,55.8934],[12.4444,55.8934],[12.4445,55.893],[12.4445,55.8927],[12.4441,55.8925],[12.444,55.8924],[12.4437,55.8925],[12.4436,55.8925],[12.4434,55.8927],[12.4435,55.8928],[12.4436,55.8929],[12.4436,55.8931],[12.4437,55.8932],[12.4438,55.8931]]]},"properties":{"sourceId":"ais_par3.156540","a_type":4120,"hectares":0.469}},{"type":"Feature","id":"ais_par3.156541","geometry":{"type":"Polygon","coordinates":[[[12.4608,55.8913],[12.4611,55.8913],[12.4611,55.8912],[12.4613,55.8908],[12.4614,55.8904],[12.4616,55.8899],[12.462,55.8899],[12.4619,55.8897],[12.4615,55.8895],[12.4602,55.8897],[12.4598,55.8902],[12.4601,55.8902],[12.4602,55.89],[12.4605,55.8899],[12.4608,55.8899],[12.4608,55.8904],[12.4608,55.891],[12.4608,55.8913],[12.4608,55.8913]]]},"properties":{"sourceId":"ais_par3.156541","a_type":4120,"hectares":0.911}},{"type":"Feature","id":"ais_par3.156542","geometry":{"type":"Polygon","coordinates":[[[12.4081,55.8755],[12.4087,55.8753],[12.4088,55.8751],[12.4089,55.8748],[12.4087,55.8747],[12.4086,55.8747],[12.4085,55.8746],[12.4083,55.8746],[12.4082,55.8747],[12.4083,55.8748],[12.408,55.8748],[12.4077,55.8748],[12.4073,55.8751],[12.4074,55.8753],[12.4076,55.8755],[12.4081,55.8755]]]},"properties":{"sourceId":"ais_par3.156542","a_type":4120,"hectares":0.618}},{"type":"Feature","id":"ais_par3.156543","geometry":{"type":"Polygon","coordinates":[[[12.4237,55.8721],[12.426,55.872],[12.426,55.8718],[12.4248,55.8718],[12.4233,55.8718],[12.4234,55.8718],[12.4229,55.872],[12.4237,55.8721]]]},"properties":{"sourceId":"ais_par3.156543","a_type":4120,"hectares":0.488}},{"type":"Feature","id":"ais_par3.156544","geometry":{"type":"Polygon","coordinates":[[[12.4214,55.8718],[12.4215,55.8718],[12.4229,55.8717],[12.4221,55.8714],[12.4214,55.8704],[12.4216,55.8702],[12.4211,55.8701],[12.4207,55.8693],[12.4203,55.8688],[12.4202,55.8682],[12.4191,55.8676],[12.4187,55.8669],[12.4189,55.8665],[12.4182,55.8664],[12.4183,55.8673],[12.4187,55.8683],[12.4196,55.8693],[12.4204,55.8706],[12.4214,55.8718]]]},"properties":{"sourceId":"ais_par3.156544","a_type":4120,"hectares":3.882}},{"type":"Feature","id":"ais_par3.156545","geometry":{"type":"Polygon","coordinates":[[[12.4076,55.8871],[12.4079,55.887],[12.408,55.8868],[12.408,55.8866],[12.4077,55.8864],[12.4074,55.8864],[12.4071,55.8864],[12.4069,55.8865],[12.4069,55.8867],[12.4073,55.887],[12.4074,55.887],[12.4076,55.8871]],[[12.4072,55.8868],[12.4074,55.8868],[12.4075,55.8868],[12.4075,55.8866],[12.4076,55.8866],[12.4078,55.8866],[12.4078,55.8868],[12.4076,55.8869],[12.4074,55.8869],[12.4072,55.8868]]]},"properties":{"sourceId":"ais_par3.156545","a_type":4120,"hectares":0.304}},{"type":"Feature","id":"ais_par3.156551","geometry":{"type":"Polygon","coordinates":[[[12.447,55.859],[12.4472,55.8593],[12.4474,55.8594],[12.4475,55.8596],[12.4476,55.8597],[12.4479,55.8596],[12.4482,55.8595],[12.448,55.8591],[12.448,55.8588],[12.4479,55.8585],[12.448,55.8584],[12.4482,55.8582],[12.4482,55.8577],[12.448,55.8577],[12.4477,55.8579],[12.4475,55.8579],[12.4471,55.8585],[12.4471,55.8585],[12.4471,55.8585],[12.4474,55.8584],[12.4474,55.8584],[12.4477,55.8585],[12.4479,55.8588],[12.4478,55.859],[12.4475,55.859],[12.4475,55.8589],[12.4474,55.8588],[12.4475,55.8587],[12.4474,55.8587],[12.4473,55.8586],[12.4472,55.8588],[12.4472,55.8589],[12.4472,55.8589],[12.4471,55.8589],[12.447,55.8589],[12.447,55.8589],[12.447,55.859],[12.447,55.859],[12.447,55.859]]]},"properties":{"sourceId":"ais_par3.156551","a_type":4120,"hectares":0.91}},{"type":"Feature","id":"ais_par3.156552","geometry":{"type":"Polygon","coordinates":[[[12.4688,55.8639],[12.4689,55.8637],[12.4688,55.8635],[12.4686,55.8635],[12.4683,55.8635],[12.4683,55.8638],[12.4685,55.864],[12.4688,55.8639]],[[12.4686,55.8638],[12.4685,55.8638],[12.4684,55.8637],[12.4684,55.8637],[12.4685,55.8637],[12.4686,55.8637],[12.4686,55.8636],[12.4685,55.8635],[12.4686,55.8635],[12.4687,55.8635],[12.4688,55.8636],[12.4688,55.8636],[12.4688,55.8639],[12.4687,55.8639],[12.4686,55.8638]]]},"properties":{"sourceId":"ais_par3.156552","a_type":4120,"hectares":0.095}},{"type":"Feature","id":"ais_par3.156553","geometry":{"type":"Polygon","coordinates":[[[12.4875,55.8597],[12.4881,55.859],[12.4882,55.8588],[12.4876,55.8586],[12.487,55.8586],[12.4863,55.8589],[12.4865,55.8594],[12.4865,55.8595],[12.4875,55.8597]],[[12.4865,55.8594],[12.4865,55.8592],[12.4865,55.8591],[12.4866,55.8589],[12.4869,55.8587],[12.4874,55.8587],[12.4879,55.8588],[12.4878,55.859],[12.4877,55.8591],[12.4872,55.8591],[12.487,55.8593],[12.4868,55.8595],[12.4866,55.8595],[12.4865,55.8594]]]},"properties":{"sourceId":"ais_par3.156553","a_type":4120,"hectares":0.529}},{"type":"Feature","id":"ais_par3.156554","geometry":{"type":"Polygon","coordinates":[[[12.4886,55.8601],[12.4892,55.8598],[12.4883,55.8589],[12.488,55.8593],[12.4876,55.8597],[12.4886,55.8601]]]},"properties":{"sourceId":"ais_par3.156554","a_type":4120,"hectares":0.649}},{"type":"Feature","id":"ais_par3.156555","geometry":{"type":"Polygon","coordinates":[[[12.5366,55.8521],[12.5375,55.8523],[12.5376,55.8521],[12.537,55.8518],[12.5365,55.8516],[12.5363,55.8516],[12.5359,55.8519],[12.5366,55.8521]],[[12.5368,55.8518],[12.5369,55.8518],[12.5374,55.852],[12.5374,55.8521],[12.5372,55.8521],[12.5368,55.8519],[12.5368,55.8518]],[[12.537,55.8521],[12.5369,55.8521],[12.5368,55.852],[12.537,55.852],[12.5372,55.8521],[12.5372,55.8522],[12.537,55.8521]]]},"properties":{"sourceId":"ais_par3.156555","a_type":4120,"hectares":0.341}},{"type":"Feature","id":"ais_par3.156556","geometry":{"type":"Polygon","coordinates":[[[12.5335,55.8524],[12.5334,55.8525],[12.5336,55.8526],[12.534,55.8525],[12.5342,55.8525],[12.5349,55.8521],[12.5351,55.8519],[12.5351,55.8518],[12.5347,55.8517],[12.5345,55.8518],[12.5342,55.8518],[12.534,55.8519],[12.5335,55.8523],[12.5335,55.8524],[12.5335,55.8524]]]},"properties":{"sourceId":"ais_par3.156556","a_type":4120,"hectares":0.506}},{"type":"Feature","id":"ais_par3.156557","geometry":{"type":"Polygon","coordinates":[[[12.5083,55.8507],[12.5084,55.8507],[12.5087,55.8507],[12.509,55.8505],[12.5091,55.8505],[12.5091,55.8502],[12.509,55.8499],[12.5089,55.8498],[12.5088,55.8498],[12.5086,55.8499],[12.5082,55.8499],[12.508,55.85],[12.5083,55.8507]],[[12.5083,55.8505],[12.5083,55.8504],[12.5084,55.8503],[12.5084,55.8503],[12.5085,55.8502],[12.5087,55.8502],[12.5088,55.8503],[12.5087,55.8504],[12.5086,55.8505],[12.5085,55.8505],[12.5083,55.8505]],[[12.5082,55.8501],[12.5081,55.85],[12.5081,55.85],[12.5082,55.85],[12.5082,55.8499],[12.5083,55.8499],[12.5083,55.8499],[12.5084,55.8499],[12.5084,55.85],[12.5084,55.85],[12.5084,55.85],[12.5084,55.8501],[12.5084,55.8501],[12.5083,55.8501],[12.5083,55.8501],[12.5082,55.8501],[12.5082,55.8501]]]},"properties":{"sourceId":"ais_par3.156557","a_type":4120,"hectares":0.389}},{"type":"Feature","id":"ais_par3.156558","geometry":{"type":"Polygon","coordinates":[[[12.5059,55.8509],[12.5062,55.8508],[12.5063,55.8508],[12.5064,55.8508],[12.5064,55.8506],[12.5065,55.8506],[12.5067,55.8506],[12.5064,55.8503],[12.5062,55.8503],[12.506,55.8503],[12.5059,55.8503],[12.5062,55.8506],[12.5062,55.8507],[12.5059,55.8508],[12.5059,55.8509]]]},"properties":{"sourceId":"ais_par3.156558","a_type":4120,"hectares":0.143}},{"type":"Feature","id":"ais_par3.156559","geometry":{"type":"Polygon","coordinates":[[[12.4938,55.8548],[12.4935,55.8545],[12.4934,55.8543],[12.4932,55.8543],[12.493,55.8543],[12.493,55.8544],[12.493,55.8547],[12.4929,55.8549],[12.493,55.855],[12.4931,55.8551],[12.4938,55.8548]],[[12.4933,55.8548],[12.4931,55.8547],[12.4931,55.8546],[12.4931,55.8545],[12.4933,55.8545],[12.4935,55.8546],[12.4935,55.8547],[12.4934,55.8548],[12.4933,55.8548]]]},"properties":{"sourceId":"ais_par3.156559","a_type":4120,"hectares":0.264}},{"type":"Feature","id":"ais_par3.156560","geometry":{"type":"Polygon","coordinates":[[[12.4967,55.8518],[12.4964,55.852],[12.4964,55.8522],[12.4966,55.8524],[12.4969,55.8524],[12.4971,55.8523],[12.4975,55.852],[12.4978,55.8518],[12.4979,55.8516],[12.4978,55.8515],[12.4977,55.8513],[12.4975,55.8513],[12.4975,55.8513],[12.4975,55.8513],[12.4976,55.8514],[12.4975,55.8516],[12.4976,55.8517],[12.4974,55.8519],[12.4972,55.852],[12.497,55.8521],[12.4969,55.852],[12.497,55.8519],[12.497,55.8518],[12.4969,55.8518],[12.4968,55.8517],[12.4967,55.8517],[12.4967,55.8518]]]},"properties":{"sourceId":"ais_par3.156560","a_type":4120,"hectares":0.395}},{"type":"Feature","id":"ais_par3.156563","geometry":{"type":"Polygon","coordinates":[[[12.4775,55.8645],[12.4775,55.8644],[12.4774,55.864],[12.4768,55.8641],[12.4768,55.8641],[12.477,55.8643],[12.4773,55.8644],[12.4774,55.8645],[12.4775,55.8645]]]},"properties":{"sourceId":"ais_par3.156563","a_type":4120,"hectares":0.141}},{"type":"Feature","id":"ais_par3.156564","geometry":{"type":"Polygon","coordinates":[[[12.4779,55.8607],[12.478,55.8608],[12.4782,55.8609],[12.4785,55.8608],[12.4788,55.8607],[12.4791,55.8606],[12.4792,55.8604],[12.4783,55.8604],[12.4781,55.8605],[12.4778,55.8604],[12.4778,55.8606],[12.4779,55.8607]]]},"properties":{"sourceId":"ais_par3.156564","a_type":4120,"hectares":0.309}},{"type":"Feature","id":"ais_par3.156565","geometry":{"type":"Polygon","coordinates":[[[12.4774,55.8589],[12.4775,55.8588],[12.4777,55.8588],[12.4779,55.8588],[12.4781,55.859],[12.4783,55.8587],[12.4781,55.8586],[12.4776,55.8587],[12.4775,55.8586],[12.4773,55.8584],[12.4772,55.8584],[12.477,55.8584],[12.4769,55.8586],[12.4771,55.8587],[12.4773,55.8587],[12.4773,55.8589],[12.4771,55.8592],[12.477,55.8593],[12.477,55.8595],[12.4771,55.8595],[12.4773,55.8595],[12.4776,55.8594],[12.4779,55.8594],[12.478,55.8593],[12.4778,55.8592],[12.4777,55.8592],[12.4777,55.8592],[12.4774,55.8592],[12.4773,55.8591],[12.4774,55.8589]]]},"properties":{"sourceId":"ais_par3.156565","a_type":4120,"hectares":0.421}},{"type":"Feature","id":"ais_par3.156568","geometry":{"type":"Polygon","coordinates":[[[12.4694,55.8735],[12.4694,55.8733],[12.4696,55.8729],[12.47,55.8725],[12.4695,55.8723],[12.4695,55.8722],[12.4696,55.8724],[12.4691,55.8727],[12.469,55.8729],[12.4689,55.8731],[12.4689,55.8733],[12.4689,55.8735],[12.4689,55.8736],[12.469,55.8737],[12.4694,55.8735]]]},"properties":{"sourceId":"ais_par3.156568","a_type":4120,"hectares":0.473}},{"type":"Feature","id":"ais_par3.156584","geometry":{"type":"Polygon","coordinates":[[[12.4023,55.857],[12.4024,55.857],[12.402,55.8567],[12.4018,55.8566],[12.4014,55.8567],[12.4011,55.8567],[12.4008,55.8567],[12.4005,55.8567],[12.4003,55.8568],[12.4003,55.857],[12.4006,55.8571],[12.401,55.8572],[12.4014,55.8573],[12.4015,55.8573],[12.4015,55.8573],[12.4023,55.857]],[[12.4014,55.8572],[12.4012,55.8571],[12.4012,55.857],[12.4013,55.8569],[12.4015,55.8569],[12.4017,55.8568],[12.4019,55.8568],[12.4021,55.8569],[12.402,55.857],[12.4018,55.8571],[12.4017,55.8571],[12.4014,55.8572]]]},"properties":{"sourceId":"ais_par3.156584","a_type":4120,"hectares":0.502}},{"type":"Feature","id":"ais_par3.156585","geometry":{"type":"Polygon","coordinates":[[[12.3939,55.8627],[12.3942,55.8628],[12.3944,55.863],[12.3946,55.8631],[12.3948,55.8633],[12.3953,55.8632],[12.3956,55.863],[12.3955,55.8628],[12.3952,55.8626],[12.3949,55.8623],[12.3945,55.8623],[12.3941,55.8624],[12.3941,55.8625],[12.3939,55.8627]]]},"properties":{"sourceId":"ais_par3.156585","a_type":4120,"hectares":0.694}},{"type":"Feature","id":"ais_par3.156586","geometry":{"type":"Polygon","coordinates":[[[12.4012,55.8665],[12.4013,55.8664],[12.4014,55.8664],[12.4015,55.8665],[12.4016,55.8664],[12.402,55.8664],[12.402,55.8665],[12.4018,55.8665],[12.402,55.8667],[12.4017,55.8667],[12.4018,55.8668],[12.402,55.8669],[12.4021,55.8669],[12.4023,55.8667],[12.4023,55.8665],[12.4025,55.8665],[12.4028,55.8667],[12.403,55.8669],[12.403,55.8669],[12.403,55.8668],[12.4027,55.8664],[12.4027,55.8662],[12.4023,55.8659],[12.4022,55.8659],[12.3993,55.8659],[12.3988,55.866],[12.3986,55.8661],[12.3985,55.8665],[12.3983,55.8666],[12.3981,55.8667],[12.3973,55.8667],[12.3969,55.8669],[12.3963,55.8671],[12.3965,55.8673],[12.3969,55.8674],[12.3975,55.8674],[12.3984,55.8673],[12.401,55.8672],[12.4015,55.8675],[12.402,55.8677],[12.402,55.8676],[12.402,55.8676],[12.4018,55.8675],[12.4017,55.8673],[12.4018,55.8673],[12.4018,55.8672],[12.4019,55.8669],[12.4016,55.8669],[12.4016,55.867],[12.4016,55.867],[12.4014,55.867],[12.4011,55.867],[12.401,55.8666],[12.4012,55.8665]],[[12.3986,55.8669],[12.3985,55.8669],[12.3985,55.8667],[12.3991,55.8666],[12.3996,55.8666],[12.4003,55.8665],[12.4004,55.8668],[12.4003,55.8669],[12.3999,55.867],[12.3991,55.8669],[12.3986,55.8669]]]},"properties":{"sourceId":"ais_par3.156586","a_type":4120,"hectares":3.716}},{"type":"Feature","id":"ais_par3.156981","geometry":{"type":"Polygon","coordinates":[[[12.5108,55.8739],[12.5108,55.8737],[12.5107,55.8736],[12.5106,55.8735],[12.5103,55.8735],[12.5103,55.8736],[12.5103,55.8738],[12.5104,55.874],[12.5106,55.874],[12.5108,55.8739]]]},"properties":{"sourceId":"ais_par3.156981","a_type":5120,"hectares":0.144}},{"type":"Feature","id":"ais_par3.156982","geometry":{"type":"Polygon","coordinates":[[[12.5142,55.8753],[12.5142,55.875],[12.514,55.875],[12.5139,55.8751],[12.5136,55.8753],[12.5137,55.8754],[12.5138,55.8754],[12.514,55.8753],[12.5142,55.8753]]]},"properties":{"sourceId":"ais_par3.156982","a_type":5120,"hectares":0.103}},{"type":"Feature","id":"ais_par3.156983","geometry":{"type":"Polygon","coordinates":[[[12.5151,55.8765],[12.5152,55.8765],[12.5153,55.8764],[12.5154,55.8762],[12.5153,55.8762],[12.5152,55.8762],[12.5151,55.8762],[12.515,55.8763],[12.515,55.8764],[12.5151,55.8765]]]},"properties":{"sourceId":"ais_par3.156983","a_type":5120,"hectares":0.054}},{"type":"Feature","id":"ais_par3.156852","geometry":{"type":"Polygon","coordinates":[[[12.4355,55.9032],[12.4359,55.9033],[12.4365,55.9033],[12.4368,55.9033],[12.4367,55.9033],[12.4365,55.9033],[12.4365,55.9032],[12.4363,55.9031],[12.4361,55.9032],[12.436,55.9032],[12.4359,55.9032],[12.436,55.903],[12.4364,55.903],[12.4367,55.9031],[12.4368,55.9031],[12.4369,55.903],[12.4372,55.9029],[12.4373,55.9032],[12.437,55.9032],[12.4368,55.9033],[12.4374,55.9033],[12.437,55.9025],[12.4368,55.9025],[12.4364,55.9025],[12.4363,55.9021],[12.4367,55.902],[12.4375,55.9019],[12.4373,55.9013],[12.4369,55.9013],[12.4366,55.901],[12.4363,55.9011],[12.4361,55.9012],[12.4356,55.9013],[12.4356,55.9012],[12.4356,55.9012],[12.4355,55.9011],[12.4358,55.901],[12.4361,55.901],[12.4363,55.9009],[12.4365,55.9009],[12.4356,55.9004],[12.4347,55.9002],[12.4342,55.9002],[12.4344,55.9009],[12.4345,55.9013],[12.4345,55.9015],[12.4359,55.9014],[12.4359,55.9014],[12.4366,55.9013],[12.4366,55.9015],[12.4364,55.9015],[12.4364,55.9015],[12.4363,55.9018],[12.4362,55.9018],[12.4362,55.9019],[12.436,55.9019],[12.4359,55.9019],[12.4358,55.9019],[12.4356,55.902],[12.4354,55.9022],[12.4345,55.9022],[12.4345,55.9031],[12.4345,55.9031],[12.4355,55.9032]],[[12.4354,55.9025],[12.4356,55.9026],[12.4355,55.9027],[12.4351,55.9028],[12.4349,55.9027],[12.4347,55.9026],[12.4347,55.9024],[12.4352,55.9023],[12.4353,55.9023],[12.4354,55.9025]],[[12.4345,55.9007],[12.4343,55.9004],[12.4343,55.9003],[12.4345,55.9003],[12.4346,55.9005],[12.4346,55.9008],[12.4345,55.9007],[12.4345,55.9007]],[[12.4364,55.9018],[12.4364,55.9018],[12.4366,55.9018],[12.4366,55.9017],[12.4369,55.9018],[12.4369,55.9018],[12.4367,55.9019],[12.4366,55.9019],[12.4365,55.9019],[12.4364,55.9018]],[[12.4345,55.9012],[12.4346,55.9011],[12.4347,55.9011],[12.4347,55.9011],[12.4348,55.9012],[12.4348,55.9013],[12.4346,55.9013],[12.4345,55.9012]],[[12.4366,55.9015],[12.4369,55.9015],[12.437,55.9016],[12.4367,55.9017],[12.4367,55.9016],[12.4366,55.9016],[12.4366,55.9015]]]},"properties":{"sourceId":"ais_par3.156852","a_type":4120,"hectares":3.338}},{"type":"Feature","id":"ais_par3.156862","geometry":{"type":"Polygon","coordinates":[[[12.4387,55.8933],[12.4392,55.8935],[12.4389,55.8938],[12.439,55.8946],[12.4395,55.8943],[12.44,55.8942],[12.4402,55.8942],[12.4399,55.8942],[12.4398,55.8941],[12.4397,55.894],[12.4397,55.894],[12.4398,55.8939],[12.4401,55.8938],[12.4402,55.8939],[12.4402,55.894],[12.4402,55.8942],[12.4403,55.8941],[12.4403,55.8939],[12.4402,55.8937],[12.4401,55.8935],[12.4401,55.8933],[12.4399,55.8933],[12.4396,55.8933],[12.4393,55.8933],[12.4391,55.8932],[12.4388,55.8931],[12.4387,55.8933]],[[12.4391,55.8939],[12.4391,55.8938],[12.4393,55.8937],[12.4395,55.8939],[12.4393,55.894],[12.4391,55.8939]]]},"properties":{"sourceId":"ais_par3.156862","a_type":4120,"hectares":0.785}},{"type":"Feature","id":"ais_par3.156984","geometry":{"type":"Polygon","coordinates":[[[12.4956,55.8751],[12.4957,55.8752],[12.496,55.8754],[12.4963,55.8754],[12.4965,55.8754],[12.4965,55.8752],[12.4963,55.8751],[12.4961,55.875],[12.4959,55.8751],[12.4956,55.875],[12.4956,55.8751]]]},"properties":{"sourceId":"ais_par3.156984","a_type":5120,"hectares":0.179}},{"type":"Feature","id":"ais_par3.156985","geometry":{"type":"Polygon","coordinates":[[[12.5007,55.8772],[12.5015,55.8766],[12.5019,55.8754],[12.5031,55.8719],[12.5013,55.8717],[12.5014,55.8719],[12.5021,55.8719],[12.5017,55.8735],[12.501,55.8735],[12.5008,55.8743],[12.5015,55.8743],[12.5011,55.876],[12.5008,55.8761],[12.5006,55.8762],[12.4999,55.8762],[12.4997,55.8762],[12.4995,55.876],[12.4993,55.8759],[12.4997,55.8743],[12.4998,55.8742],[12.5005,55.8742],[12.5007,55.8734],[12.5001,55.8734],[12.5004,55.8718],[12.5012,55.8719],[12.5012,55.8717],[12.4996,55.8716],[12.4984,55.876],[12.4992,55.8771],[12.4997,55.8772],[12.4999,55.8762],[12.5003,55.8762],[12.5,55.8771],[12.5,55.8772],[12.5007,55.8772]]]},"properties":{"sourceId":"ais_par3.156985","a_type":5120,"hectares":7.659}},{"type":"Feature","id":"ais_par3.156986","geometry":{"type":"Polygon","coordinates":[[[12.5016,55.8803],[12.5019,55.8802],[12.502,55.88],[12.5019,55.8797],[12.5013,55.8793],[12.5007,55.8791],[12.5004,55.8791],[12.5,55.8791],[12.4997,55.8793],[12.4997,55.8795],[12.4998,55.8797],[12.5001,55.8799],[12.5005,55.8801],[12.501,55.8802],[12.5012,55.8802],[12.5016,55.8803]]]},"properties":{"sourceId":"ais_par3.156986","a_type":5120,"hectares":1.327}},{"type":"Feature","id":"ais_par3.156987","geometry":{"type":"Polygon","coordinates":[[[12.4963,55.8795],[12.4965,55.8793],[12.4965,55.8791],[12.4964,55.8791],[12.4962,55.8791],[12.496,55.8792],[12.4959,55.8794],[12.4961,55.8795],[12.4963,55.8795]]]},"properties":{"sourceId":"ais_par3.156987","a_type":5120,"hectares":0.129}},{"type":"Feature","id":"ais_par3.156988","geometry":{"type":"Polygon","coordinates":[[[12.4995,55.885],[12.4996,55.885],[12.4996,55.8849],[12.4991,55.8847],[12.4991,55.8845],[12.4988,55.8845],[12.4987,55.8846],[12.4986,55.8847],[12.4988,55.8848],[12.4993,55.885],[12.4995,55.885]]]},"properties":{"sourceId":"ais_par3.156988","a_type":5120,"hectares":0.172}},{"type":"Feature","id":"ais_par3.156989","geometry":{"type":"Polygon","coordinates":[[[12.5049,55.8865],[12.5052,55.8863],[12.5051,55.8861],[12.5049,55.8861],[12.5048,55.8861],[12.5046,55.8863],[12.5047,55.8864],[12.5047,55.8865],[12.5049,55.8865]]]},"properties":{"sourceId":"ais_par3.156989","a_type":5120,"hectares":0.105}},{"type":"Feature","id":"ais_par3.156990","geometry":{"type":"Polygon","coordinates":[[[12.5063,55.8862],[12.5063,55.8862],[12.5062,55.8863],[12.5062,55.8864],[12.5063,55.8864],[12.5065,55.8864],[12.5065,55.8863],[12.5064,55.8862],[12.5063,55.8862]]]},"properties":{"sourceId":"ais_par3.156990","a_type":5120,"hectares":0.03}},{"type":"Feature","id":"ais_par3.157002","geometry":{"type":"Polygon","coordinates":[[[12.4675,55.8865],[12.4676,55.8866],[12.4678,55.8865],[12.4678,55.8863],[12.4677,55.8862],[12.4675,55.8862],[12.4673,55.8864],[12.4673,55.8865],[12.4673,55.8865],[12.4675,55.8865]]]},"properties":{"sourceId":"ais_par3.157002","a_type":5120,"hectares":0.108}},{"type":"Feature","id":"ais_par3.156999","geometry":{"type":"Polygon","coordinates":[[[12.4706,55.8878],[12.4708,55.8878],[12.471,55.8877],[12.471,55.8876],[12.4709,55.8875],[12.4706,55.8875],[12.4703,55.8875],[12.4702,55.8874],[12.4701,55.8874],[12.47,55.8874],[12.4699,55.8877],[12.47,55.8878],[12.4701,55.8878],[12.4704,55.8878],[12.4706,55.8878]]]},"properties":{"sourceId":"ais_par3.156999","a_type":5120,"hectares":0.218}},{"type":"Feature","id":"ais_par3.157000","geometry":{"type":"Polygon","coordinates":[[[12.4686,55.8879],[12.4687,55.8878],[12.4686,55.8876],[12.4684,55.8874],[12.4682,55.8874],[12.4681,55.8876],[12.4682,55.8878],[12.4684,55.8879],[12.4686,55.8879]]]},"properties":{"sourceId":"ais_par3.157000","a_type":5120,"hectares":0.135}},{"type":"Feature","id":"ais_par3.156991","geometry":{"type":"Polygon","coordinates":[[[12.5089,55.8839],[12.5091,55.8841],[12.5092,55.8841],[12.5092,55.884],[12.5093,55.8839],[12.5093,55.8838],[12.5096,55.8837],[12.5101,55.8836],[12.5103,55.8835],[12.5102,55.8833],[12.5103,55.8831],[12.5104,55.8829],[12.5103,55.8829],[12.5099,55.8828],[12.5094,55.8829],[12.5093,55.8831],[12.5093,55.8834],[12.5089,55.8836],[12.5087,55.8837],[12.5087,55.8838],[12.5087,55.8838],[12.5089,55.8839]]]},"properties":{"sourceId":"ais_par3.156991","a_type":5120,"hectares":0.721}},{"type":"Feature","id":"ais_par3.156992","geometry":{"type":"Polygon","coordinates":[[[12.4898,55.8808],[12.4899,55.8807],[12.4899,55.8805],[12.4899,55.8804],[12.4897,55.8803],[12.4895,55.8804],[12.4893,55.8804],[12.4891,55.8804],[12.4891,55.8805],[12.4894,55.8806],[12.4895,55.8807],[12.4896,55.8808],[12.4898,55.8808]]]},"properties":{"sourceId":"ais_par3.156992","a_type":5120,"hectares":0.181}},{"type":"Feature","id":"ais_par3.156993","geometry":{"type":"Polygon","coordinates":[[[12.4884,55.8803],[12.4885,55.8803],[12.4885,55.8802],[12.4883,55.8802],[12.4882,55.8802],[12.4882,55.8803],[12.4884,55.8803]]]},"properties":{"sourceId":"ais_par3.156993","a_type":5120,"hectares":0.027}},{"type":"Feature","id":"ais_par3.156994","geometry":{"type":"Polygon","coordinates":[[[12.4774,55.8792],[12.4775,55.8789],[12.4773,55.8789],[12.477,55.8789],[12.477,55.8791],[12.4773,55.8792],[12.4774,55.8792]]]},"properties":{"sourceId":"ais_par3.156994","a_type":5120,"hectares":0.094}},{"type":"Feature","id":"ais_par3.156995","geometry":{"type":"Polygon","coordinates":[[[12.4793,55.8831],[12.4795,55.8832],[12.4796,55.8831],[12.4796,55.8827],[12.4796,55.8826],[12.4795,55.8826],[12.4793,55.8827],[12.4792,55.8829],[12.4792,55.883],[12.4793,55.8831]]]},"properties":{"sourceId":"ais_par3.156995","a_type":5120,"hectares":0.106}},{"type":"Feature","id":"ais_par3.156996","geometry":{"type":"Polygon","coordinates":[[[12.4764,55.8869],[12.4765,55.8868],[12.4765,55.8866],[12.4764,55.8864],[12.4761,55.8864],[12.476,55.8865],[12.4761,55.8867],[12.4762,55.8868],[12.4764,55.8869]]]},"properties":{"sourceId":"ais_par3.156996","a_type":5120,"hectares":0.109}},{"type":"Feature","id":"ais_par3.156997","geometry":{"type":"Polygon","coordinates":[[[12.4755,55.8881],[12.4757,55.8881],[12.4757,55.8879],[12.4757,55.8877],[12.4753,55.8877],[12.475,55.8877],[12.4749,55.8878],[12.4749,55.888],[12.475,55.8881],[12.4752,55.8881],[12.4755,55.8881]]]},"properties":{"sourceId":"ais_par3.156997","a_type":5120,"hectares":0.223}},{"type":"Feature","id":"ais_par3.156998","geometry":{"type":"Polygon","coordinates":[[[12.4722,55.8883],[12.4723,55.8883],[12.4722,55.888],[12.4721,55.8879],[12.4719,55.8878],[12.4718,55.8879],[12.4718,55.8879],[12.4719,55.8882],[12.4721,55.8883],[12.4722,55.8883]]]},"properties":{"sourceId":"ais_par3.156998","a_type":5120,"hectares":0.117}},{"type":"Feature","id":"ais_par3.157001","geometry":{"type":"Polygon","coordinates":[[[12.4669,55.8872],[12.4672,55.8871],[12.4673,55.887],[12.4672,55.8869],[12.4672,55.8868],[12.4668,55.8867],[12.4666,55.8867],[12.4665,55.8869],[12.4664,55.8871],[12.4665,55.8872],[12.4666,55.8873],[12.4669,55.8872]]]},"properties":{"sourceId":"ais_par3.157001","a_type":5120,"hectares":0.244}},{"type":"Feature","id":"ais_par3.156972","geometry":{"type":"Polygon","coordinates":[[[12.5514,55.8626],[12.5514,55.8624],[12.5513,55.8624],[12.5511,55.8624],[12.551,55.8626],[12.5511,55.8627],[12.5512,55.8628],[12.5514,55.8626]]]},"properties":{"sourceId":"ais_par3.156972","a_type":5120,"hectares":0.06}},{"type":"Feature","id":"ais_par3.156973","geometry":{"type":"Polygon","coordinates":[[[12.5468,55.8628],[12.5469,55.8628],[12.547,55.8628],[12.547,55.8627],[12.5469,55.8626],[12.5467,55.8626],[12.5466,55.8627],[12.5467,55.8628],[12.5468,55.8628]]]},"properties":{"sourceId":"ais_par3.156973","a_type":5120,"hectares":0.041}},{"type":"Feature","id":"ais_par3.156974","geometry":{"type":"Polygon","coordinates":[[[12.5354,55.8763],[12.5354,55.8762],[12.5352,55.8761],[12.535,55.8761],[12.5349,55.8762],[12.5349,55.8762],[12.535,55.8763],[12.5354,55.8763]]]},"properties":{"sourceId":"ais_par3.156974","a_type":5120,"hectares":0.045}},{"type":"Feature","id":"ais_par3.156975","geometry":{"type":"Polygon","coordinates":[[[12.511,55.8664],[12.5111,55.8665],[12.5114,55.8666],[12.5116,55.8665],[12.5118,55.8664],[12.512,55.8662],[12.5122,55.8663],[12.5125,55.8661],[12.5125,55.866],[12.5126,55.8659],[12.5124,55.8659],[12.5121,55.866],[12.5118,55.8659],[12.5115,55.8657],[12.5111,55.8657],[12.5106,55.8658],[12.5106,55.866],[12.5106,55.8662],[12.5106,55.8663],[12.511,55.8664]]]},"properties":{"sourceId":"ais_par3.156975","a_type":5120,"hectares":0.73}},{"type":"Feature","id":"ais_par3.156976","geometry":{"type":"Polygon","coordinates":[[[12.5012,55.8655],[12.502,55.8658],[12.5023,55.866],[12.5022,55.8662],[12.502,55.8665],[12.5022,55.867],[12.502,55.8674],[12.5016,55.8677],[12.5016,55.8679],[12.5016,55.8682],[12.5013,55.8688],[12.5013,55.8693],[12.5015,55.8696],[12.5019,55.8697],[12.5024,55.8697],[12.503,55.8689],[12.5032,55.8686],[12.5031,55.8683],[12.5025,55.8679],[12.5023,55.8679],[12.502,55.8679],[12.5019,55.8678],[12.5022,55.8675],[12.5028,55.8673],[12.5035,55.8672],[12.5041,55.8672],[12.5048,55.8667],[12.5053,55.8663],[12.5057,55.866],[12.5058,55.8656],[12.5055,55.8652],[12.505,55.8652],[12.5044,55.8652],[12.5041,55.8653],[12.5034,55.8651],[12.5029,55.8651],[12.5023,55.8651],[12.5018,55.8653],[12.5013,55.8654],[12.5009,55.8655],[12.5011,55.8655],[12.5012,55.8655]]]},"properties":{"sourceId":"ais_par3.156976","a_type":5120,"hectares":6.664}},{"type":"Feature","id":"ais_par3.156977","geometry":{"type":"Polygon","coordinates":[[[12.5068,55.8698],[12.5069,55.8698],[12.507,55.8697],[12.507,55.8695],[12.5068,55.8695],[12.5067,55.8696],[12.5067,55.8697],[12.5068,55.8698]]]},"properties":{"sourceId":"ais_par3.156977","a_type":5120,"hectares":0.043}},{"type":"Feature","id":"ais_par3.156978","geometry":{"type":"Polygon","coordinates":[[[12.5176,55.878],[12.5176,55.8779],[12.5176,55.8777],[12.5175,55.8776],[12.5174,55.8776],[12.5173,55.8777],[12.5173,55.8779],[12.5174,55.8779],[12.5176,55.878]]]},"properties":{"sourceId":"ais_par3.156978","a_type":5120,"hectares":0.066}},{"type":"Feature","id":"ais_par3.156979","geometry":{"type":"Polygon","coordinates":[[[12.5042,55.8784],[12.5048,55.8782],[12.5049,55.878],[12.5048,55.8778],[12.5046,55.8778],[12.5044,55.8778],[12.5043,55.8778],[12.5041,55.8775],[12.5037,55.8775],[12.5035,55.8777],[12.5035,55.8779],[12.5036,55.8779],[12.5036,55.878],[12.504,55.8783],[12.504,55.8783],[12.5042,55.8784]]]},"properties":{"sourceId":"ais_par3.156979","a_type":5120,"hectares":0.525}},{"type":"Feature","id":"ais_par3.156980","geometry":{"type":"Polygon","coordinates":[[[12.5094,55.8759],[12.5095,55.8756],[12.5095,55.8754],[12.5093,55.8754],[12.5088,55.8755],[12.5087,55.8756],[12.5088,55.8757],[12.5091,55.876],[12.5093,55.876],[12.5094,55.8759]]]},"properties":{"sourceId":"ais_par3.156980","a_type":5120,"hectares":0.229}},{"type":"Feature","id":"ais_par3.156953","geometry":{"type":"Polygon","coordinates":[[[12.4659,55.8963],[12.466,55.8964],[12.4661,55.8964],[12.4663,55.8962],[12.4665,55.8961],[12.4663,55.896],[12.4661,55.896],[12.4658,55.896],[12.4657,55.8962],[12.4659,55.8963]]]},"properties":{"sourceId":"ais_par3.156953","a_type":5120,"hectares":0.116}},{"type":"Feature","id":"ais_par3.156954","geometry":{"type":"Polygon","coordinates":[[[12.4543,55.8961],[12.4543,55.8962],[12.4545,55.8961],[12.4545,55.8958],[12.4542,55.8956],[12.4541,55.8956],[12.454,55.8956],[12.4541,55.8961],[12.4543,55.8961]]]},"properties":{"sourceId":"ais_par3.156954","a_type":5120,"hectares":0.16}},{"type":"Feature","id":"ais_par3.156955","geometry":{"type":"Polygon","coordinates":[[[12.5283,55.8988],[12.5283,55.8988],[12.5284,55.8988],[12.5284,55.8988],[12.5284,55.8987],[12.5284,55.8987],[12.5284,55.8987],[12.5284,55.8986],[12.5283,55.8986],[12.5283,55.8986],[12.5282,55.8986],[12.5282,55.8987],[12.5281,55.8987],[12.5281,55.8987],[12.5282,55.8988],[12.5282,55.8988],[12.5283,55.8988]]]},"properties":{"sourceId":"ais_par3.156955","a_type":5120,"hectares":0.028}},{"type":"Feature","id":"ais_par3.156956","geometry":{"type":"Polygon","coordinates":[[[12.5213,55.8945],[12.5215,55.8944],[12.5217,55.8941],[12.5218,55.8938],[12.5218,55.8936],[12.5216,55.8934],[12.5213,55.8933],[12.521,55.8933],[12.5208,55.8934],[12.5204,55.8938],[12.5204,55.8942],[12.5206,55.8944],[12.5209,55.8946],[12.5213,55.8945]]]},"properties":{"sourceId":"ais_par3.156956","a_type":5120,"hectares":0.936}},{"type":"Feature","id":"ais_par3.156957","geometry":{"type":"Polygon","coordinates":[[[12.5212,55.891],[12.5213,55.8909],[12.5213,55.8906],[12.5211,55.8905],[12.521,55.8905],[12.5208,55.8906],[12.5207,55.8907],[12.5208,55.8909],[12.5209,55.891],[12.521,55.891],[12.5212,55.891]]]},"properties":{"sourceId":"ais_par3.156957","a_type":5120,"hectares":0.164}},{"type":"Feature","id":"ais_par3.156958","geometry":{"type":"Polygon","coordinates":[[[12.5439,55.8808],[12.5441,55.8808],[12.5442,55.8807],[12.5438,55.8805],[12.5435,55.8803],[12.5434,55.8802],[12.5427,55.8801],[12.5426,55.8801],[12.5424,55.8802],[12.5425,55.8802],[12.5429,55.8802],[12.5434,55.8803],[12.5435,55.8805],[12.5435,55.8806],[12.5436,55.8807],[12.5439,55.8808]]]},"properties":{"sourceId":"ais_par3.156958","a_type":5120,"hectares":0.189}},{"type":"Feature","id":"ais_par3.156959","geometry":{"type":"Polygon","coordinates":[[[12.5423,55.8806],[12.5424,55.8805],[12.5422,55.8802],[12.542,55.8802],[12.542,55.8805],[12.5421,55.8806],[12.5423,55.8806]]]},"properties":{"sourceId":"ais_par3.156959","a_type":5120,"hectares":0.076}},{"type":"Feature","id":"ais_par3.156960","geometry":{"type":"Polygon","coordinates":[[[12.54,55.8795],[12.5399,55.8795],[12.5397,55.8796],[12.5397,55.8797],[12.5399,55.8797],[12.5401,55.8797],[12.5402,55.8796],[12.54,55.8795]]]},"properties":{"sourceId":"ais_par3.156960","a_type":5120,"hectares":0.043}},{"type":"Feature","id":"ais_par3.156961","geometry":{"type":"Polygon","coordinates":[[[12.5237,55.8855],[12.5238,55.8855],[12.5238,55.8855],[12.5239,55.8854],[12.5239,55.8854],[12.5239,55.8854],[12.5239,55.8853],[12.5238,55.8853],[12.5238,55.8853],[12.5237,55.8853],[12.5236,55.8853],[12.5236,55.8854],[12.5236,55.8854],[12.5236,55.8854],[12.5236,55.8854],[12.5237,55.8855],[12.5237,55.8855]]]},"properties":{"sourceId":"ais_par3.156961","a_type":5120,"hectares":0.028}},{"type":"Feature","id":"ais_par3.156962","geometry":{"type":"Polygon","coordinates":[[[12.5252,55.8858],[12.5253,55.8858],[12.5254,55.8857],[12.5253,55.8856],[12.5253,55.8855],[12.5252,55.8856],[12.5251,55.8856],[12.5249,55.8857],[12.525,55.8858],[12.5251,55.8858],[12.5252,55.8858]]]},"properties":{"sourceId":"ais_par3.156962","a_type":5120,"hectares":0.049}},{"type":"Feature","id":"ais_par3.156963","geometry":{"type":"Polygon","coordinates":[[[12.5211,55.8846],[12.5212,55.8846],[12.5212,55.8845],[12.5211,55.8844],[12.521,55.8843],[12.5208,55.8843],[12.5207,55.8843],[12.5207,55.8842],[12.5206,55.8842],[12.5205,55.8842],[12.5206,55.8844],[12.5208,55.8845],[12.521,55.8846],[12.5211,55.8846]]]},"properties":{"sourceId":"ais_par3.156963","a_type":5120,"hectares":0.106}},{"type":"Feature","id":"ais_par3.156964","geometry":{"type":"Polygon","coordinates":[[[12.5216,55.8844],[12.5216,55.8843],[12.5215,55.8842],[12.5215,55.8841],[12.5213,55.884],[12.5211,55.8841],[12.5211,55.8842],[12.5213,55.8842],[12.5214,55.8843],[12.5215,55.8843],[12.5215,55.8844],[12.5214,55.8845],[12.5214,55.8845],[12.5216,55.8844]]]},"properties":{"sourceId":"ais_par3.156964","a_type":5120,"hectares":0.077}},{"type":"Feature","id":"ais_par3.156965","geometry":{"type":"Polygon","coordinates":[[[12.5145,55.8891],[12.5146,55.8888],[12.5145,55.8887],[12.5144,55.8887],[12.5143,55.8889],[12.5143,55.889],[12.5143,55.8891],[12.5144,55.8891],[12.5145,55.8891]]]},"properties":{"sourceId":"ais_par3.156965","a_type":5120,"hectares":0.061}},{"type":"Feature","id":"ais_par3.156966","geometry":{"type":"Polygon","coordinates":[[[12.5089,55.8896],[12.509,55.8895],[12.509,55.8893],[12.5089,55.8891],[12.5088,55.889],[12.5086,55.889],[12.5086,55.8892],[12.5086,55.8894],[12.5087,55.8896],[12.5087,55.8896],[12.5088,55.8896],[12.5089,55.8896]]]},"properties":{"sourceId":"ais_par3.156966","a_type":5120,"hectares":0.132}},{"type":"Feature","id":"ais_par3.156967","geometry":{"type":"Polygon","coordinates":[[[12.544,55.8744],[12.544,55.8741],[12.5426,55.8739],[12.5425,55.8739],[12.5425,55.8741],[12.5425,55.8741],[12.5433,55.8742],[12.5435,55.8744],[12.544,55.8744]]]},"properties":{"sourceId":"ais_par3.156967","a_type":5120,"hectares":0.257}},{"type":"Feature","id":"ais_par3.156968","geometry":{"type":"Polygon","coordinates":[[[12.5443,55.874],[12.5443,55.8738],[12.5441,55.8737],[12.5439,55.8738],[12.5438,55.8739],[12.5441,55.874],[12.5443,55.874]]]},"properties":{"sourceId":"ais_par3.156968","a_type":5120,"hectares":0.072}},{"type":"Feature","id":"ais_par3.156969","geometry":{"type":"Polygon","coordinates":[[[12.5467,55.8739],[12.5468,55.8738],[12.5466,55.8737],[12.5465,55.8738],[12.5465,55.8739],[12.5465,55.8739],[12.5467,55.8739]]]},"properties":{"sourceId":"ais_par3.156969","a_type":5120,"hectares":0.024}},{"type":"Feature","id":"ais_par3.156970","geometry":{"type":"Polygon","coordinates":[[[12.5469,55.8723],[12.547,55.8722],[12.5471,55.872],[12.5473,55.8719],[12.5475,55.8718],[12.5476,55.8716],[12.5474,55.8715],[12.5473,55.8713],[12.5472,55.8713],[12.547,55.8714],[12.5468,55.8717],[12.5469,55.8718],[12.547,55.8719],[12.5469,55.8721],[12.5468,55.8723],[12.5469,55.8723]]]},"properties":{"sourceId":"ais_par3.156970","a_type":5120,"hectares":0.272}},{"type":"Feature","id":"ais_par3.156971","geometry":{"type":"Polygon","coordinates":[[[12.5444,55.8703],[12.5445,55.8703],[12.5446,55.8701],[12.5444,55.87],[12.5437,55.8698],[12.5434,55.8698],[12.5432,55.87],[12.5432,55.87],[12.5441,55.8702],[12.5444,55.8703]]]},"properties":{"sourceId":"ais_par3.156971","a_type":5120,"hectares":0.243}},{"type":"Feature","id":"ais_par3.157005","geometry":{"type":"Polygon","coordinates":[[[12.4699,55.8842],[12.4703,55.8841],[12.4702,55.8836],[12.47,55.8835],[12.4699,55.8835],[12.4697,55.8836],[12.4697,55.8838],[12.4697,55.884],[12.4698,55.8842],[12.4699,55.8842]]]},"properties":{"sourceId":"ais_par3.157005","a_type":5120,"hectares":0.226}},{"type":"Feature","id":"ais_par3.157006","geometry":{"type":"Polygon","coordinates":[[[12.4675,55.8809],[12.4676,55.8809],[12.4676,55.8809],[12.4677,55.8809],[12.4677,55.8809],[12.4677,55.8808],[12.4677,55.8808],[12.4676,55.8808],[12.4676,55.8808],[12.4675,55.8808],[12.4675,55.8808],[12.4674,55.8808],[12.4674,55.8808],[12.4674,55.8809],[12.4674,55.8809],[12.4675,55.8809],[12.4675,55.8809]]]},"properties":{"sourceId":"ais_par3.157006","a_type":5120,"hectares":0.028}},{"type":"Feature","id":"ais_par3.157007","geometry":{"type":"Polygon","coordinates":[[[12.4714,55.8806],[12.4716,55.881],[12.4718,55.8811],[12.4721,55.8811],[12.4724,55.8809],[12.4725,55.8805],[12.4725,55.8802],[12.4722,55.8801],[12.472,55.8802],[12.4717,55.8803],[12.4713,55.8804],[12.4712,55.8804],[12.4714,55.8806]]]},"properties":{"sourceId":"ais_par3.157007","a_type":5120,"hectares":0.592}},{"type":"Feature","id":"ais_par3.157008","geometry":{"type":"Polygon","coordinates":[[[12.4696,55.8797],[12.47,55.8796],[12.4702,55.8795],[12.4703,55.8794],[12.4702,55.8793],[12.4701,55.8793],[12.4698,55.8794],[12.4695,55.8795],[12.4694,55.8796],[12.4695,55.8797],[12.4696,55.8797]]]},"properties":{"sourceId":"ais_par3.157008","a_type":5120,"hectares":0.144}},{"type":"Feature","id":"ais_par3.157009","geometry":{"type":"Polygon","coordinates":[[[12.4667,55.8782],[12.4669,55.8782],[12.467,55.8781],[12.4668,55.878],[12.4658,55.8777],[12.4656,55.8777],[12.4655,55.8778],[12.4657,55.8779],[12.4667,55.8782]]]},"properties":{"sourceId":"ais_par3.157009","a_type":5120,"hectares":0.232}},{"type":"Feature","id":"ais_par3.157010","geometry":{"type":"Polygon","coordinates":[[[12.4636,55.8775],[12.4635,55.8775],[12.4633,55.8775],[12.4633,55.8777],[12.4633,55.8778],[12.4635,55.8778],[12.4637,55.8777],[12.4636,55.8775]]]},"properties":{"sourceId":"ais_par3.157010","a_type":5120,"hectares":0.066}},{"type":"Feature","id":"ais_par3.157011","geometry":{"type":"Polygon","coordinates":[[[12.4576,55.8833],[12.4577,55.8833],[12.4578,55.8832],[12.4576,55.8832],[12.4574,55.8832],[12.4573,55.8832],[12.4573,55.8833],[12.4575,55.8833],[12.4576,55.8833]]]},"properties":{"sourceId":"ais_par3.157011","a_type":5120,"hectares":0.041}},{"type":"Feature","id":"ais_par3.157012","geometry":{"type":"Polygon","coordinates":[[[12.4594,55.8849],[12.4597,55.8848],[12.4599,55.8847],[12.46,55.8844],[12.4599,55.884],[12.4598,55.8839],[12.4596,55.8839],[12.4595,55.884],[12.4594,55.8842],[12.4591,55.8843],[12.459,55.8844],[12.4591,55.8846],[12.4592,55.8848],[12.4594,55.8849]]]},"properties":{"sourceId":"ais_par3.157012","a_type":5120,"hectares":0.442}},{"type":"Feature","id":"ais_par3.157013","geometry":{"type":"Polygon","coordinates":[[[12.4597,55.8861],[12.4598,55.8862],[12.46,55.8862],[12.4601,55.8862],[12.4604,55.8862],[12.4605,55.8861],[12.4606,55.886],[12.4606,55.8859],[12.4602,55.8858],[12.4598,55.8857],[12.4596,55.8858],[12.4596,55.8859],[12.4597,55.8861],[12.4597,55.8861]]]},"properties":{"sourceId":"ais_par3.157013","a_type":5120,"hectares":0.254}},{"type":"Feature","id":"ais_par3.157014","geometry":{"type":"Polygon","coordinates":[[[12.456,55.8882],[12.4563,55.8884],[12.4566,55.8885],[12.4568,55.8885],[12.4571,55.8884],[12.4572,55.8883],[12.457,55.8882],[12.4569,55.888],[12.4565,55.888],[12.456,55.888],[12.4558,55.8881],[12.4557,55.8882],[12.4557,55.8882],[12.456,55.8882]]]},"properties":{"sourceId":"ais_par3.157014","a_type":5120,"hectares":0.343}},{"type":"Feature","id":"ais_par3.157015","geometry":{"type":"Polygon","coordinates":[[[12.447,55.8866],[12.4472,55.8865],[12.4473,55.8864],[12.4472,55.8863],[12.447,55.8863],[12.4467,55.8863],[12.4466,55.8863],[12.4465,55.8864],[12.4466,55.8865],[12.4468,55.8866],[12.447,55.8866]]]},"properties":{"sourceId":"ais_par3.157015","a_type":5120,"hectares":0.105}},{"type":"Feature","id":"ais_par3.157016","geometry":{"type":"Polygon","coordinates":[[[12.4576,55.8905],[12.4577,55.8904],[12.4575,55.8903],[12.4574,55.8903],[12.4572,55.8904],[12.4573,55.8905],[12.4575,55.8905],[12.4576,55.8905]]]},"properties":{"sourceId":"ais_par3.157016","a_type":5120,"hectares":0.051}},{"type":"Feature","id":"ais_par3.157017","geometry":{"type":"Polygon","coordinates":[[[12.4572,55.8929],[12.4574,55.893],[12.4575,55.8929],[12.4575,55.8928],[12.4572,55.8926],[12.457,55.8926],[12.4569,55.8926],[12.457,55.8928],[12.4571,55.8928],[12.4572,55.8929]]]},"properties":{"sourceId":"ais_par3.157017","a_type":5120,"hectares":0.087}},{"type":"Feature","id":"ais_par3.157018","geometry":{"type":"Polygon","coordinates":[[[12.4632,55.8916],[12.4636,55.8915],[12.4638,55.8914],[12.4639,55.8913],[12.464,55.8913],[12.4641,55.8913],[12.4642,55.8911],[12.4641,55.891],[12.4638,55.891],[12.4636,55.8911],[12.4631,55.8912],[12.4629,55.8913],[12.4628,55.8915],[12.4629,55.8916],[12.4632,55.8916]]]},"properties":{"sourceId":"ais_par3.157018","a_type":5120,"hectares":0.36}},{"type":"Feature","id":"ais_par3.157019","geometry":{"type":"Polygon","coordinates":[[[12.4646,55.8953],[12.4648,55.8953],[12.4649,55.8953],[12.465,55.8953],[12.4648,55.895],[12.4647,55.8949],[12.4645,55.8951],[12.4642,55.8951],[12.4641,55.8953],[12.4642,55.8953],[12.4646,55.8953]]]},"properties":{"sourceId":"ais_par3.157019","a_type":5120,"hectares":0.143}},{"type":"Feature","id":"ais_par3.157020","geometry":{"type":"Polygon","coordinates":[[[12.4677,55.8953],[12.4679,55.8951],[12.4679,55.8949],[12.4678,55.8949],[12.4675,55.8949],[12.4673,55.895],[12.4672,55.8952],[12.4675,55.8953],[12.4677,55.8953]]]},"properties":{"sourceId":"ais_par3.157020","a_type":5120,"hectares":0.164}},{"type":"Feature","id":"ais_par3.157021","geometry":{"type":"Polygon","coordinates":[[[12.4702,55.8921],[12.4702,55.8921],[12.4703,55.8921],[12.4703,55.8921],[12.4703,55.892],[12.4703,55.892],[12.4703,55.892],[12.4703,55.892],[12.4702,55.892],[12.4702,55.892],[12.4701,55.892],[12.4701,55.892],[12.47,55.892],[12.47,55.8921],[12.4701,55.8921],[12.4701,55.8921],[12.4702,55.8921]]]},"properties":{"sourceId":"ais_par3.157021","a_type":5120,"hectares":0.028}},{"type":"Feature","id":"ais_par3.157022","geometry":{"type":"Polygon","coordinates":[[[12.4431,55.8951],[12.4432,55.8951],[12.4432,55.8951],[12.4433,55.895],[12.4433,55.895],[12.4433,55.895],[12.4433,55.895],[12.4432,55.8949],[12.4431,55.8949],[12.4431,55.8949],[12.443,55.8949],[12.443,55.895],[12.443,55.895],[12.443,55.895],[12.443,55.8951],[12.443,55.8951],[12.4431,55.8951]]]},"properties":{"sourceId":"ais_par3.157022","a_type":5120,"hectares":0.028}},{"type":"Feature","id":"ais_par3.157023","geometry":{"type":"Polygon","coordinates":[[[12.4472,55.8917],[12.4472,55.8917],[12.4473,55.8916],[12.4473,55.8916],[12.4473,55.8916],[12.4473,55.8916],[12.4473,55.8915],[12.4473,55.8915],[12.4472,55.8915],[12.4471,55.8915],[12.4471,55.8915],[12.447,55.8915],[12.447,55.8916],[12.447,55.8916],[12.447,55.8916],[12.4471,55.8916],[12.4472,55.8917]]]},"properties":{"sourceId":"ais_par3.157023","a_type":5120,"hectares":0.028}},{"type":"Feature","id":"ais_par3.157024","geometry":{"type":"Polygon","coordinates":[[[12.4402,55.8942],[12.4402,55.894],[12.4402,55.8939],[12.4401,55.8938],[12.4398,55.8939],[12.4397,55.894],[12.4397,55.894],[12.4398,55.8941],[12.4399,55.8942],[12.4402,55.8942]]]},"properties":{"sourceId":"ais_par3.157024","a_type":5120,"hectares":0.091}},{"type":"Feature","id":"ais_par3.157025","geometry":{"type":"Polygon","coordinates":[[[12.4393,55.894],[12.4395,55.8939],[12.4393,55.8937],[12.4391,55.8938],[12.4391,55.8939],[12.4393,55.894]]]},"properties":{"sourceId":"ais_par3.157025","a_type":5120,"hectares":0.052}},{"type":"Feature","id":"ais_par3.157026","geometry":{"type":"Polygon","coordinates":[[[12.4376,55.8937],[12.4378,55.8938],[12.438,55.8938],[12.4384,55.8936],[12.4386,55.8933],[12.4387,55.8933],[12.4388,55.8931],[12.4386,55.893],[12.4383,55.8931],[12.438,55.8932],[12.4377,55.8932],[12.4375,55.8932],[12.4372,55.8933],[12.4372,55.8935],[12.4373,55.8935],[12.4376,55.8937]]]},"properties":{"sourceId":"ais_par3.157026","a_type":5120,"hectares":0.547}},{"type":"Feature","id":"ais_par3.157027","geometry":{"type":"Polygon","coordinates":[[[12.4437,55.8932],[12.4438,55.8933],[12.4441,55.8934],[12.4442,55.8933],[12.4442,55.8931],[12.4442,55.893],[12.4441,55.8929],[12.4439,55.893],[12.4438,55.893],[12.4438,55.8931],[12.4437,55.8932],[12.4437,55.8932]]]},"properties":{"sourceId":"ais_par3.157027","a_type":5120,"hectares":0.099}},{"type":"Feature","id":"ais_par3.157028","geometry":{"type":"Polygon","coordinates":[[[12.4292,55.8879],[12.4294,55.8878],[12.4296,55.8877],[12.4295,55.8876],[12.4291,55.8875],[12.4289,55.8876],[12.429,55.8877],[12.4291,55.8878],[12.4292,55.8879]]]},"properties":{"sourceId":"ais_par3.157028","a_type":5120,"hectares":0.107}},{"type":"Feature","id":"ais_par3.157029","geometry":{"type":"Polygon","coordinates":[[[12.4346,55.8885],[12.4346,55.8886],[12.4348,55.8886],[12.4349,55.8885],[12.4347,55.8883],[12.4346,55.8883],[12.4344,55.8883],[12.4345,55.8884],[12.4346,55.8885],[12.4346,55.8885]]]},"properties":{"sourceId":"ais_par3.157029","a_type":5120,"hectares":0.054}},{"type":"Feature","id":"ais_par3.157030","geometry":{"type":"Polygon","coordinates":[[[12.4384,55.889],[12.4386,55.889],[12.4387,55.889],[12.4389,55.8888],[12.4389,55.8886],[12.4388,55.8886],[12.4385,55.8886],[12.4383,55.8887],[12.4382,55.8889],[12.4382,55.8889],[12.4384,55.889]]]},"properties":{"sourceId":"ais_par3.157030","a_type":5120,"hectares":0.139}},{"type":"Feature","id":"ais_par3.157031","geometry":{"type":"Polygon","coordinates":[[[12.4389,55.8863],[12.4389,55.8861],[12.4387,55.8859],[12.4386,55.8858],[12.4383,55.8859],[12.4383,55.8859],[12.4383,55.886],[12.4384,55.8862],[12.4386,55.8863],[12.4389,55.8863]]]},"properties":{"sourceId":"ais_par3.157031","a_type":5120,"hectares":0.15}},{"type":"Feature","id":"ais_par3.157033","geometry":{"type":"Polygon","coordinates":[[[12.4458,55.885],[12.4458,55.885],[12.4459,55.885],[12.4459,55.885],[12.4459,55.885],[12.4459,55.8849],[12.4459,55.8849],[12.4459,55.8849],[12.4458,55.8849],[12.4457,55.8849],[12.4457,55.8849],[12.4456,55.8849],[12.4456,55.8849],[12.4456,55.885],[12.4456,55.885],[12.4457,55.885],[12.4458,55.885]]]},"properties":{"sourceId":"ais_par3.157033","a_type":5120,"hectares":0.028}},{"type":"Feature","id":"ais_par3.157034","geometry":{"type":"Polygon","coordinates":[[[12.4428,55.8827],[12.4428,55.8827],[12.4429,55.8827],[12.4429,55.8827],[12.4429,55.8826],[12.4429,55.8826],[12.4429,55.8826],[12.4429,55.8825],[12.4428,55.8825],[12.4428,55.8825],[12.4427,55.8825],[12.4427,55.8826],[12.4426,55.8826],[12.4426,55.8826],[12.4427,55.8827],[12.4427,55.8827],[12.4428,55.8827]]]},"properties":{"sourceId":"ais_par3.157034","a_type":5120,"hectares":0.028}},{"type":"Feature","id":"ais_par3.157035","geometry":{"type":"Polygon","coordinates":[[[12.4394,55.8816],[12.4394,55.8816],[12.4395,55.8816],[12.4395,55.8815],[12.4395,55.8815],[12.4395,55.8815],[12.4395,55.8814],[12.4394,55.8814],[12.4394,55.8814],[12.4393,55.8814],[12.4393,55.8814],[12.4392,55.8814],[12.4392,55.8815],[12.4392,55.8815],[12.4392,55.8815],[12.4393,55.8816],[12.4394,55.8816]]]},"properties":{"sourceId":"ais_par3.157035","a_type":5120,"hectares":0.028}},{"type":"Feature","id":"ais_par3.157036","geometry":{"type":"Polygon","coordinates":[[[12.4396,55.8796],[12.4397,55.8795],[12.4395,55.8793],[12.4394,55.8793],[12.4392,55.8795],[12.4393,55.8796],[12.4394,55.8796],[12.4396,55.8796]]]},"properties":{"sourceId":"ais_par3.157036","a_type":5120,"hectares":0.068}},{"type":"Feature","id":"ais_par3.157037","geometry":{"type":"Polygon","coordinates":[[[12.4383,55.879],[12.4386,55.8788],[12.4386,55.8788],[12.4384,55.8788],[12.4382,55.8789],[12.4382,55.879],[12.4382,55.8791],[12.4383,55.879]]]},"properties":{"sourceId":"ais_par3.157037","a_type":5120,"hectares":0.053}},{"type":"Feature","id":"ais_par3.157038","geometry":{"type":"Polygon","coordinates":[[[12.4418,55.8793],[12.4418,55.8791],[12.4416,55.8788],[12.4414,55.8786],[12.4413,55.8787],[12.4416,55.8792],[12.4416,55.8792],[12.4418,55.8793]]]},"properties":{"sourceId":"ais_par3.157038","a_type":5120,"hectares":0.098}},{"type":"Feature","id":"ais_par3.157039","geometry":{"type":"Polygon","coordinates":[[[12.4425,55.8803],[12.4428,55.8804],[12.4432,55.8804],[12.4434,55.8802],[12.4435,55.8798],[12.4434,55.8796],[12.4429,55.8796],[12.4426,55.8795],[12.4423,55.8796],[12.4421,55.8798],[12.4418,55.8801],[12.442,55.8802],[12.4425,55.8803]]]},"properties":{"sourceId":"ais_par3.157039","a_type":5120,"hectares":0.749}},{"type":"Feature","id":"ais_par3.157040","geometry":{"type":"Polygon","coordinates":[[[12.4465,55.8797],[12.4466,55.8797],[12.4465,55.8795],[12.4464,55.8794],[12.4462,55.8794],[12.4462,55.8796],[12.4462,55.8797],[12.4463,55.8797],[12.4465,55.8797]]]},"properties":{"sourceId":"ais_par3.157040","a_type":5120,"hectares":0.072}},{"type":"Feature","id":"ais_par3.157041","geometry":{"type":"Polygon","coordinates":[[[12.4483,55.8802],[12.4483,55.8802],[12.4484,55.8803],[12.4485,55.8803],[12.4486,55.8802],[12.4486,55.8801],[12.4484,55.8801],[12.4482,55.8801],[12.4482,55.8802],[12.4482,55.8802],[12.4482,55.8802],[12.4483,55.8802]]]},"properties":{"sourceId":"ais_par3.157041","a_type":5120,"hectares":0.044}},{"type":"Feature","id":"ais_par3.157042","geometry":{"type":"Polygon","coordinates":[[[12.4461,55.877],[12.4464,55.877],[12.4468,55.8771],[12.4469,55.8772],[12.447,55.8774],[12.4474,55.8775],[12.4476,55.8774],[12.4479,55.8772],[12.4477,55.877],[12.4476,55.8768],[12.4477,55.8767],[12.4475,55.8765],[12.4472,55.8765],[12.4469,55.8764],[12.4465,55.8764],[12.4463,55.8766],[12.4459,55.8767],[12.4457,55.8768],[12.4457,55.877],[12.4461,55.877]]]},"properties":{"sourceId":"ais_par3.157042","a_type":5120,"hectares":0.952}},{"type":"Feature","id":"ais_par3.157043","geometry":{"type":"Polygon","coordinates":[[[12.4427,55.8756],[12.4427,55.8756],[12.4428,55.8755],[12.4428,55.8755],[12.4428,55.8755],[12.4428,55.8755],[12.4428,55.8754],[12.4427,55.8754],[12.4427,55.8754],[12.4426,55.8754],[12.4426,55.8754],[12.4425,55.8754],[12.4425,55.8755],[12.4425,55.8755],[12.4425,55.8755],[12.4426,55.8755],[12.4427,55.8756]]]},"properties":{"sourceId":"ais_par3.157043","a_type":5120,"hectares":0.028}},{"type":"Feature","id":"ais_par3.157044","geometry":{"type":"Polygon","coordinates":[[[12.4367,55.8743],[12.4368,55.8743],[12.4368,55.8742],[12.4369,55.8742],[12.4369,55.8742],[12.4369,55.8742],[12.4369,55.8741],[12.4368,55.8741],[12.4367,55.8741],[12.4367,55.8741],[12.4366,55.8741],[12.4366,55.8741],[12.4366,55.8742],[12.4366,55.8742],[12.4366,55.8742],[12.4366,55.8742],[12.4367,55.8743]]]},"properties":{"sourceId":"ais_par3.157044","a_type":5120,"hectares":0.028}},{"type":"Feature","id":"ais_par3.157045","geometry":{"type":"Polygon","coordinates":[[[12.4344,55.8813],[12.4346,55.8813],[12.4351,55.8813],[12.4353,55.8814],[12.4355,55.8813],[12.4355,55.8813],[12.4353,55.8812],[12.4351,55.881],[12.4349,55.8809],[12.4345,55.8809],[12.4343,55.8809],[12.434,55.881],[12.434,55.8811],[12.4341,55.8812],[12.4343,55.8813],[12.4344,55.8813]]]},"properties":{"sourceId":"ais_par3.157045","a_type":5120,"hectares":0.314}},{"type":"Feature","id":"ais_par3.157046","geometry":{"type":"Polygon","coordinates":[[[12.4272,55.8833],[12.4274,55.8832],[12.4273,55.8831],[12.4271,55.8831],[12.4269,55.8831],[12.4268,55.8832],[12.4269,55.8833],[12.4271,55.8833],[12.4272,55.8833]]]},"properties":{"sourceId":"ais_par3.157046","a_type":5120,"hectares":0.058}},{"type":"Feature","id":"ais_par3.157047","geometry":{"type":"Polygon","coordinates":[[[12.4295,55.8819],[12.4297,55.8818],[12.4296,55.8816],[12.4294,55.8816],[12.4292,55.8817],[12.4292,55.8818],[12.4294,55.8819],[12.4295,55.8819]]]},"properties":{"sourceId":"ais_par3.157047","a_type":5120,"hectares":0.064}},{"type":"Feature","id":"ais_par3.157048","geometry":{"type":"Polygon","coordinates":[[[12.43,55.8815],[12.4301,55.8815],[12.4302,55.8815],[12.43,55.8812],[12.4302,55.8811],[12.4305,55.8811],[12.4306,55.881],[12.4306,55.8807],[12.4304,55.8805],[12.4302,55.8805],[12.4301,55.8806],[12.43,55.8807],[12.4298,55.8808],[12.4296,55.881],[12.4297,55.8813],[12.4296,55.8815],[12.4298,55.8816],[12.4299,55.8816],[12.43,55.8815]]]},"properties":{"sourceId":"ais_par3.157048","a_type":5120,"hectares":0.42}},{"type":"Feature","id":"ais_par3.157049","geometry":{"type":"Polygon","coordinates":[[[12.4331,55.8791],[12.4332,55.8791],[12.4332,55.879],[12.4332,55.8789],[12.433,55.8788],[12.4329,55.8786],[12.4328,55.8785],[12.4326,55.8785],[12.4326,55.8786],[12.4328,55.8788],[12.4329,55.8789],[12.433,55.879],[12.4331,55.879],[12.4331,55.8791]]]},"properties":{"sourceId":"ais_par3.157049","a_type":5120,"hectares":0.069}},{"type":"Feature","id":"ais_par3.157050","geometry":{"type":"Polygon","coordinates":[[[12.4339,55.8786],[12.4339,55.8786],[12.434,55.8786],[12.4341,55.8785],[12.4341,55.8785],[12.4341,55.8785],[12.434,55.8784],[12.434,55.8784],[12.4339,55.8784],[12.4339,55.8784],[12.4338,55.8784],[12.4338,55.8784],[12.4338,55.8785],[12.4338,55.8785],[12.4338,55.8785],[12.4338,55.8786],[12.4339,55.8786]]]},"properties":{"sourceId":"ais_par3.157050","a_type":5120,"hectares":0.028}},{"type":"Feature","id":"ais_par3.157051","geometry":{"type":"Polygon","coordinates":[[[12.4202,55.88],[12.4205,55.88],[12.4207,55.8799],[12.4206,55.8797],[12.4204,55.8796],[12.42,55.8796],[12.4198,55.8795],[12.4195,55.8796],[12.4195,55.8797],[12.4196,55.8798],[12.4198,55.8799],[12.4202,55.88]]]},"properties":{"sourceId":"ais_par3.157051","a_type":5120,"hectares":0.25}},{"type":"Feature","id":"ais_par3.157052","geometry":{"type":"Polygon","coordinates":[[[12.4231,55.8793],[12.4233,55.8795],[12.4233,55.8795],[12.4233,55.8796],[12.4237,55.8797],[12.4238,55.8797],[12.4242,55.8795],[12.4242,55.8795],[12.4238,55.8786],[12.4236,55.8786],[12.4233,55.8788],[12.4231,55.879],[12.4231,55.8793]]]},"properties":{"sourceId":"ais_par3.157052","a_type":5120,"hectares":0.544}},{"type":"Feature","id":"ais_par3.157053","geometry":{"type":"Polygon","coordinates":[[[12.4219,55.8772],[12.4222,55.8771],[12.4225,55.877],[12.4225,55.8768],[12.4223,55.8766],[12.4221,55.8766],[12.4218,55.8767],[12.4217,55.8769],[12.4215,55.8769],[12.4214,55.877],[12.4219,55.8772]]]},"properties":{"sourceId":"ais_par3.157053","a_type":5120,"hectares":0.271}},{"type":"Feature","id":"ais_par3.157054","geometry":{"type":"Polygon","coordinates":[[[12.413,55.8752],[12.4131,55.8753],[12.4132,55.8752],[12.4135,55.8751],[12.4137,55.875],[12.4137,55.875],[12.4137,55.8749],[12.4133,55.8748],[12.4129,55.8749],[12.4128,55.875],[12.413,55.8752]]]},"properties":{"sourceId":"ais_par3.157054","a_type":5120,"hectares":0.173}},{"type":"Feature","id":"ais_par3.157055","geometry":{"type":"Polygon","coordinates":[[[12.4155,55.8787],[12.4156,55.8787],[12.4155,55.8786],[12.4153,55.8786],[12.4152,55.8786],[12.4152,55.8787],[12.4154,55.8787],[12.4155,55.8787]]]},"properties":{"sourceId":"ais_par3.157055","a_type":5120,"hectares":0.03}},{"type":"Feature","id":"ais_par3.157056","geometry":{"type":"Polygon","coordinates":[[[12.4082,55.8837],[12.4082,55.8836],[12.4081,55.8835],[12.408,55.8835],[12.4079,55.8836],[12.4079,55.8837],[12.408,55.8837],[12.4082,55.8837]]]},"properties":{"sourceId":"ais_par3.157056","a_type":5120,"hectares":0.042}},{"type":"Feature","id":"ais_par3.157057","geometry":{"type":"Polygon","coordinates":[[[12.4094,55.8844],[12.4096,55.8843],[12.4099,55.8842],[12.4098,55.8841],[12.4096,55.884],[12.4092,55.8841],[12.409,55.8843],[12.409,55.8845],[12.409,55.8846],[12.4091,55.8846],[12.4094,55.8844]]]},"properties":{"sourceId":"ais_par3.157057","a_type":5120,"hectares":0.173}},{"type":"Feature","id":"ais_par3.157058","geometry":{"type":"Polygon","coordinates":[[[12.4121,55.8858],[12.4123,55.8859],[12.4123,55.8858],[12.4123,55.8857],[12.412,55.8857],[12.4117,55.8857],[12.4117,55.8858],[12.4121,55.8858]]]},"properties":{"sourceId":"ais_par3.157058","a_type":5120,"hectares":0.044}},{"type":"Feature","id":"ais_par3.157059","geometry":{"type":"Polygon","coordinates":[[[12.4191,55.8877],[12.4194,55.8875],[12.4195,55.8874],[12.4194,55.8873],[12.4192,55.8872],[12.4189,55.8873],[12.4187,55.8873],[12.4186,55.8874],[12.4187,55.8875],[12.4189,55.8876],[12.4191,55.8877]]]},"properties":{"sourceId":"ais_par3.157059","a_type":5120,"hectares":0.188}},{"type":"Feature","id":"ais_par3.157060","geometry":{"type":"Polygon","coordinates":[[[12.4229,55.8869],[12.423,55.887],[12.4232,55.8869],[12.4233,55.8868],[12.4233,55.8867],[12.4231,55.8866],[12.4229,55.8866],[12.4228,55.8868],[12.4229,55.8869]]]},"properties":{"sourceId":"ais_par3.157060","a_type":5120,"hectares":0.087}},{"type":"Feature","id":"ais_par3.157061","geometry":{"type":"Polygon","coordinates":[[[12.4097,55.8879],[12.4098,55.8879],[12.4099,55.8878],[12.4099,55.8877],[12.4097,55.8877],[12.4096,55.8877],[12.4096,55.8877],[12.4096,55.8879],[12.4097,55.8879]]]},"properties":{"sourceId":"ais_par3.157061","a_type":5120,"hectares":0.054}},{"type":"Feature","id":"ais_par3.157062","geometry":{"type":"Polygon","coordinates":[[[12.4135,55.894],[12.4136,55.8939],[12.4138,55.8937],[12.4138,55.8936],[12.4138,55.8933],[12.4134,55.8934],[12.4132,55.8936],[12.4133,55.8938],[12.4133,55.894],[12.4135,55.894]]]},"properties":{"sourceId":"ais_par3.157062","a_type":5120,"hectares":0.212}},{"type":"Feature","id":"ais_par3.157063","geometry":{"type":"Polygon","coordinates":[[[12.4899,55.8911],[12.4902,55.891],[12.49,55.8906],[12.4901,55.8903],[12.49,55.8897],[12.4893,55.8894],[12.4891,55.8894],[12.4893,55.8899],[12.4894,55.8904],[12.4894,55.8906],[12.4892,55.8908],[12.4894,55.8911],[12.4899,55.8911]]]},"properties":{"sourceId":"ais_par3.157063","a_type":5120,"hectares":0.797}},{"type":"Feature","id":"ais_par3.157064","geometry":{"type":"Polygon","coordinates":[[[12.4042,55.8899],[12.4044,55.89],[12.405,55.8897],[12.4048,55.8896],[12.4039,55.8895],[12.4034,55.8896],[12.4032,55.8897],[12.4033,55.8899],[12.4036,55.8899],[12.404,55.89],[12.4042,55.8899]]]},"properties":{"sourceId":"ais_par3.157064","a_type":5120,"hectares":0.403}},{"type":"Feature","id":"ais_par3.157065","geometry":{"type":"Polygon","coordinates":[[[12.3985,55.8873],[12.3986,55.8874],[12.3987,55.8875],[12.3988,55.8874],[12.399,55.8872],[12.3989,55.887],[12.3986,55.8869],[12.3983,55.8869],[12.3983,55.8871],[12.3985,55.8873]]]},"properties":{"sourceId":"ais_par3.157065","a_type":5120,"hectares":0.172}},{"type":"Feature","id":"ais_par3.157066","geometry":{"type":"Polygon","coordinates":[[[12.4047,55.8857],[12.4048,55.8857],[12.4049,55.8856],[12.4049,55.8854],[12.4049,55.8854],[12.4047,55.8854],[12.4047,55.8855],[12.4046,55.8856],[12.4047,55.8857]]]},"properties":{"sourceId":"ais_par3.157066","a_type":5120,"hectares":0.042}},{"type":"Feature","id":"ais_par3.157067","geometry":{"type":"Polygon","coordinates":[[[12.405,55.8843],[12.4051,55.8842],[12.4051,55.884],[12.4049,55.884],[12.4048,55.8842],[12.4048,55.8843],[12.4049,55.8843],[12.405,55.8843]]]},"properties":{"sourceId":"ais_par3.157067","a_type":5120,"hectares":0.042}},{"type":"Feature","id":"ais_par3.157068","geometry":{"type":"Polygon","coordinates":[[[12.4065,55.8789],[12.4065,55.8788],[12.4065,55.8786],[12.4063,55.8786],[12.4062,55.8787],[12.4062,55.8789],[12.4063,55.8789],[12.4065,55.8789]]]},"properties":{"sourceId":"ais_par3.157068","a_type":5120,"hectares":0.063}},{"type":"Feature","id":"ais_par3.157069","geometry":{"type":"Polygon","coordinates":[[[12.4022,55.8783],[12.4024,55.8782],[12.4023,55.8778],[12.4021,55.8778],[12.4019,55.8779],[12.4018,55.878],[12.4019,55.8782],[12.4021,55.8783],[12.4022,55.8783]]]},"properties":{"sourceId":"ais_par3.157069","a_type":5120,"hectares":0.16}},{"type":"Feature","id":"ais_par3.157070","geometry":{"type":"Polygon","coordinates":[[[12.4074,55.8869],[12.4076,55.8869],[12.4078,55.8868],[12.4078,55.8866],[12.4076,55.8866],[12.4075,55.8866],[12.4075,55.8868],[12.4074,55.8868],[12.4072,55.8868],[12.4074,55.8869]]]},"properties":{"sourceId":"ais_par3.157070","a_type":5120,"hectares":0.076}},{"type":"Feature","id":"ais_par3.157071","geometry":{"type":"Polygon","coordinates":[[[12.5166,55.9069],[12.5167,55.9069],[12.5167,55.9069],[12.5168,55.9069],[12.5168,55.9068],[12.5168,55.9068],[12.5168,55.9068],[12.5167,55.9068],[12.5166,55.9067],[12.5166,55.9067],[12.5165,55.9068],[12.5165,55.9068],[12.5165,55.9068],[12.5165,55.9068],[12.5165,55.9069],[12.5165,55.9069],[12.5166,55.9069]]]},"properties":{"sourceId":"ais_par3.157071","a_type":5120,"hectares":0.028}},{"type":"Feature","id":"ais_par3.157072","geometry":{"type":"Polygon","coordinates":[[[12.5216,55.9068],[12.5216,55.9068],[12.5217,55.9068],[12.5217,55.9067],[12.5217,55.9067],[12.5217,55.9067],[12.5217,55.9066],[12.5217,55.9066],[12.5216,55.9066],[12.5216,55.9066],[12.5215,55.9066],[12.5215,55.9067],[12.5214,55.9067],[12.5214,55.9067],[12.5215,55.9067],[12.5215,55.9068],[12.5216,55.9068]]]},"properties":{"sourceId":"ais_par3.157072","a_type":5120,"hectares":0.028}},{"type":"Feature","id":"ais_par3.157073","geometry":{"type":"Polygon","coordinates":[[[12.516,55.905],[12.516,55.905],[12.5161,55.905],[12.5161,55.9049],[12.5161,55.9049],[12.5161,55.9049],[12.5161,55.9048],[12.5161,55.9048],[12.516,55.9048],[12.516,55.9048],[12.5159,55.9048],[12.5159,55.9048],[12.5158,55.9049],[12.5159,55.9049],[12.5159,55.9049],[12.5159,55.905],[12.516,55.905]]]},"properties":{"sourceId":"ais_par3.157073","a_type":5120,"hectares":0.028}},{"type":"Feature","id":"ais_par3.157074","geometry":{"type":"Polygon","coordinates":[[[12.5143,55.9056],[12.5143,55.9056],[12.5144,55.9056],[12.5144,55.9055],[12.5145,55.9055],[12.5145,55.9055],[12.5144,55.9054],[12.5144,55.9054],[12.5143,55.9054],[12.5143,55.9054],[12.5142,55.9054],[12.5142,55.9054],[12.5142,55.9055],[12.5142,55.9055],[12.5142,55.9055],[12.5142,55.9056],[12.5143,55.9056]]]},"properties":{"sourceId":"ais_par3.157074","a_type":5120,"hectares":0.028}},{"type":"Feature","id":"ais_par3.157075","geometry":{"type":"Polygon","coordinates":[[[12.5263,55.9063],[12.5264,55.9063],[12.5264,55.9062],[12.5262,55.9062],[12.5261,55.9063],[12.526,55.9064],[12.5263,55.9063]]]},"properties":{"sourceId":"ais_par3.157075","a_type":5120,"hectares":0.02}},{"type":"Feature","id":"ais_par3.157076","geometry":{"type":"Polygon","coordinates":[[[12.5322,55.8985],[12.5321,55.8986],[12.5322,55.8986],[12.5323,55.8986],[12.5324,55.8986],[12.5325,55.8984],[12.5325,55.8984],[12.5323,55.8983],[12.5322,55.8984],[12.5322,55.8985],[12.5322,55.8985]]]},"properties":{"sourceId":"ais_par3.157076","a_type":5120,"hectares":0.059}},{"type":"Feature","id":"ais_par3.157077","geometry":{"type":"Polygon","coordinates":[[[12.4794,55.9014],[12.4795,55.9014],[12.4795,55.9013],[12.4792,55.9011],[12.479,55.9011],[12.479,55.9012],[12.4791,55.9013],[12.4794,55.9014]]]},"properties":{"sourceId":"ais_par3.157077","a_type":5120,"hectares":0.058}},{"type":"Feature","id":"ais_par3.157078","geometry":{"type":"Polygon","coordinates":[[[12.4662,55.894],[12.4663,55.894],[12.4665,55.894],[12.4665,55.8938],[12.4664,55.8936],[12.4663,55.8935],[12.4661,55.8936],[12.4659,55.8937],[12.4659,55.8938],[12.4658,55.8939],[12.4659,55.894],[12.4662,55.894]]]},"properties":{"sourceId":"ais_par3.157078","a_type":5120,"hectares":0.161}},{"type":"Feature","id":"ais_par3.157079","geometry":{"type":"Polygon","coordinates":[[[12.4634,55.8932],[12.4635,55.8934],[12.4635,55.8935],[12.4637,55.8935],[12.4638,55.8934],[12.4637,55.8931],[12.4636,55.893],[12.4633,55.893],[12.4634,55.8932]]]},"properties":{"sourceId":"ais_par3.157079","a_type":5120,"hectares":0.102}},{"type":"Feature","id":"ais_par3.157080","geometry":{"type":"Polygon","coordinates":[[[12.4557,55.8908],[12.456,55.8908],[12.4562,55.8907],[12.4562,55.8905],[12.4555,55.8907],[12.4557,55.8908]]]},"properties":{"sourceId":"ais_par3.157080","a_type":5120,"hectares":0.063}},{"type":"Feature","id":"ais_par3.157081","geometry":{"type":"Polygon","coordinates":[[[12.452,55.8861],[12.4521,55.886],[12.452,55.886],[12.4519,55.886],[12.4518,55.8861],[12.4519,55.8861],[12.452,55.8861]]]},"properties":{"sourceId":"ais_par3.157081","a_type":5120,"hectares":0.016}},{"type":"Feature","id":"ais_par3.157082","geometry":{"type":"Polygon","coordinates":[[[12.4537,55.8844],[12.4535,55.8844],[12.4535,55.8845],[12.4535,55.8846],[12.4536,55.8847],[12.4537,55.8848],[12.454,55.8848],[12.454,55.8847],[12.4539,55.8846],[12.4538,55.8845],[12.4537,55.8844]]]},"properties":{"sourceId":"ais_par3.157082","a_type":5120,"hectares":0.086}},{"type":"Feature","id":"ais_par3.157083","geometry":{"type":"Polygon","coordinates":[[[12.4587,55.8853],[12.4586,55.8854],[12.4587,55.8855],[12.4588,55.8857],[12.4589,55.8858],[12.4591,55.8858],[12.4591,55.8856],[12.4591,55.8856],[12.459,55.8854],[12.459,55.8853],[12.4587,55.8853]]]},"properties":{"sourceId":"ais_par3.157083","a_type":5120,"hectares":0.105}},{"type":"Feature","id":"ais_par3.157084","geometry":{"type":"Polygon","coordinates":[[[12.4581,55.885],[12.4579,55.885],[12.4579,55.8851],[12.458,55.8852],[12.4583,55.8852],[12.4581,55.885]]]},"properties":{"sourceId":"ais_par3.157084","a_type":5120,"hectares":0.04}},{"type":"Feature","id":"ais_par3.157085","geometry":{"type":"Polygon","coordinates":[[[12.4525,55.889],[12.4525,55.889],[12.4526,55.889],[12.4526,55.8889],[12.4527,55.8889],[12.4527,55.8889],[12.4526,55.8888],[12.4526,55.8888],[12.4525,55.8888],[12.4525,55.8888],[12.4524,55.8888],[12.4524,55.8888],[12.4524,55.8889],[12.4524,55.8889],[12.4524,55.8889],[12.4524,55.889],[12.4525,55.889]]]},"properties":{"sourceId":"ais_par3.157085","a_type":5120,"hectares":0.028}},{"type":"Feature","id":"ais_par3.157086","geometry":{"type":"Polygon","coordinates":[[[12.4495,55.8881],[12.4495,55.8882],[12.4496,55.8883],[12.4498,55.8884],[12.45,55.8883],[12.4501,55.8882],[12.4502,55.8882],[12.4501,55.8882],[12.4499,55.8881],[12.4495,55.8881],[12.4495,55.8881]]]},"properties":{"sourceId":"ais_par3.157086","a_type":5120,"hectares":0.083}},{"type":"Feature","id":"ais_par3.157087","geometry":{"type":"Polygon","coordinates":[[[12.4232,55.8913],[12.4232,55.8913],[12.4233,55.8913],[12.4233,55.8913],[12.4233,55.8913],[12.4233,55.8912],[12.4233,55.8912],[12.4233,55.8912],[12.4232,55.8912],[12.4232,55.8912],[12.4231,55.8912],[12.4231,55.8912],[12.423,55.8913],[12.423,55.8913],[12.4231,55.8913],[12.4231,55.8913],[12.4232,55.8913]]]},"properties":{"sourceId":"ais_par3.157087","a_type":5120,"hectares":0.028}},{"type":"Feature","id":"ais_par3.157088","geometry":{"type":"Polygon","coordinates":[[[12.4117,55.8915],[12.4119,55.8914],[12.4118,55.8911],[12.4115,55.8909],[12.4113,55.8909],[12.4111,55.8911],[12.4112,55.8914],[12.4116,55.8915],[12.4117,55.8915]]]},"properties":{"sourceId":"ais_par3.157088","a_type":5120,"hectares":0.191}},{"type":"Feature","id":"ais_par3.157089","geometry":{"type":"Polygon","coordinates":[[[12.412,55.8917],[12.4121,55.8918],[12.4122,55.8919],[12.4123,55.8919],[12.4124,55.8917],[12.4124,55.8916],[12.4123,55.8916],[12.4121,55.8916],[12.412,55.8917]]]},"properties":{"sourceId":"ais_par3.157089","a_type":5120,"hectares":0.059}},{"type":"Feature","id":"ais_par3.157090","geometry":{"type":"Polygon","coordinates":[[[12.4131,55.892],[12.4131,55.8919],[12.4133,55.8918],[12.4135,55.8917],[12.4134,55.8917],[12.4131,55.8917],[12.4129,55.8918],[12.4128,55.8919],[12.4128,55.892],[12.4131,55.892]]]},"properties":{"sourceId":"ais_par3.157090","a_type":5120,"hectares":0.063}},{"type":"Feature","id":"ais_par3.157091","geometry":{"type":"Polygon","coordinates":[[[12.4139,55.892],[12.4139,55.892],[12.414,55.8919],[12.414,55.8919],[12.414,55.8919],[12.414,55.8919],[12.414,55.8918],[12.414,55.8918],[12.4139,55.8918],[12.4139,55.8918],[12.4138,55.8918],[12.4137,55.8918],[12.4137,55.8919],[12.4137,55.8919],[12.4138,55.8919],[12.4138,55.892],[12.4139,55.892]]]},"properties":{"sourceId":"ais_par3.157091","a_type":5120,"hectares":0.028}},{"type":"Feature","id":"ais_par3.157092","geometry":{"type":"Polygon","coordinates":[[[12.4076,55.8852],[12.4078,55.8852],[12.4079,55.885],[12.4079,55.8849],[12.4077,55.8848],[12.4076,55.8849],[12.4075,55.885],[12.4075,55.885],[12.4076,55.8852]]]},"properties":{"sourceId":"ais_par3.157092","a_type":5120,"hectares":0.069}},{"type":"Feature","id":"ais_par3.157093","geometry":{"type":"Polygon","coordinates":[[[12.4203,55.872],[12.4202,55.8718],[12.4199,55.8719],[12.4199,55.872],[12.4203,55.872]]]},"properties":{"sourceId":"ais_par3.157093","a_type":5120,"hectares":0.03}},{"type":"Feature","id":"ais_par3.157094","geometry":{"type":"Polygon","coordinates":[[[12.4424,55.8752],[12.4424,55.8752],[12.4425,55.875],[12.4428,55.8749],[12.4428,55.8749],[12.4425,55.8748],[12.4424,55.8749],[12.4423,55.875],[12.4422,55.8751],[12.4422,55.8752],[12.4424,55.8752]]]},"properties":{"sourceId":"ais_par3.157094","a_type":5120,"hectares":0.074}},{"type":"Feature","id":"ais_par3.157095","geometry":{"type":"Polygon","coordinates":[[[12.4453,55.8815],[12.4453,55.8816],[12.4454,55.8816],[12.4455,55.8816],[12.4456,55.8815],[12.4457,55.8816],[12.4458,55.8816],[12.446,55.8817],[12.4462,55.8816],[12.4462,55.8815],[12.4464,55.8815],[12.4464,55.8813],[12.4463,55.8813],[12.4461,55.8813],[12.446,55.8814],[12.4459,55.8814],[12.4456,55.8814],[12.4456,55.8813],[12.4456,55.8812],[12.4454,55.8814],[12.4453,55.8814],[12.4453,55.8815],[12.4453,55.8815],[12.4453,55.8815]]]},"properties":{"sourceId":"ais_par3.157095","a_type":5120,"hectares":0.148}},{"type":"Feature","id":"ais_par3.157096","geometry":{"type":"Polygon","coordinates":[[[12.4563,55.8789],[12.4565,55.8786],[12.4563,55.8785],[12.4561,55.879],[12.4563,55.8789]]]},"properties":{"sourceId":"ais_par3.157096","a_type":5120,"hectares":0.048}},{"type":"Feature","id":"ais_par3.157097","geometry":{"type":"Polygon","coordinates":[[[12.4659,55.873],[12.4659,55.873],[12.466,55.873],[12.466,55.873],[12.466,55.873],[12.466,55.8729],[12.466,55.8729],[12.466,55.8729],[12.4659,55.8729],[12.4659,55.8729],[12.4658,55.8729],[12.4658,55.8729],[12.4657,55.873],[12.4657,55.873],[12.4658,55.873],[12.4658,55.873],[12.4659,55.873]]]},"properties":{"sourceId":"ais_par3.157097","a_type":5120,"hectares":0.028}},{"type":"Feature","id":"ais_par3.157098","geometry":{"type":"Polygon","coordinates":[[[12.4631,55.8789],[12.4633,55.8787],[12.4632,55.8784],[12.463,55.8784],[12.4628,55.8786],[12.4628,55.8789],[12.4628,55.8791],[12.4631,55.8789]]]},"properties":{"sourceId":"ais_par3.157098","a_type":5120,"hectares":0.16}},{"type":"Feature","id":"ais_par3.157099","geometry":{"type":"Polygon","coordinates":[[[12.5002,55.8715],[12.5003,55.8715],[12.5005,55.8714],[12.5004,55.8712],[12.5002,55.8711],[12.4999,55.8711],[12.4998,55.8712],[12.4997,55.8714],[12.4997,55.8715],[12.4999,55.8715],[12.5002,55.8715]]]},"properties":{"sourceId":"ais_par3.157099","a_type":5120,"hectares":0.164}},{"type":"Feature","id":"ais_par3.157100","geometry":{"type":"Polygon","coordinates":[[[12.5082,55.8683],[12.5081,55.8684],[12.5081,55.8685],[12.5082,55.8685],[12.5083,55.8685],[12.5085,55.8685],[12.5086,55.8684],[12.5085,55.8684],[12.5083,55.8683],[12.5082,55.8683]]]},"properties":{"sourceId":"ais_par3.157100","a_type":5120,"hectares":0.059}},{"type":"Feature","id":"ais_par3.157101","geometry":{"type":"Polygon","coordinates":[[[12.5294,55.8762],[12.5296,55.8762],[12.5297,55.8762],[12.5299,55.8761],[12.5299,55.876],[12.5298,55.876],[12.5296,55.8761],[12.5295,55.8761],[12.5294,55.8761],[12.5293,55.8762],[12.5294,55.8762]]]},"properties":{"sourceId":"ais_par3.157101","a_type":5120,"hectares":0.03}},{"type":"Feature","id":"ais_par3.157102","geometry":{"type":"Polygon","coordinates":[[[12.5266,55.8661],[12.5267,55.8661],[12.5266,55.8659],[12.5264,55.8659],[12.5263,55.8659],[12.5261,55.866],[12.5262,55.866],[12.5264,55.8661],[12.5266,55.8661]]]},"properties":{"sourceId":"ais_par3.157102","a_type":5120,"hectares":0.059}},{"type":"Feature","id":"ais_par3.157103","geometry":{"type":"Polygon","coordinates":[[[12.5383,55.8696],[12.5386,55.8695],[12.539,55.8694],[12.539,55.8692],[12.5388,55.8692],[12.5386,55.8693],[12.5384,55.8694],[12.538,55.8697],[12.5379,55.8699],[12.5379,55.8699],[12.5381,55.8698],[12.5383,55.8696]]]},"properties":{"sourceId":"ais_par3.157103","a_type":5120,"hectares":0.165}},{"type":"Feature","id":"ais_par3.157117","geometry":{"type":"Polygon","coordinates":[[[12.4627,55.8519],[12.4629,55.8517],[12.4623,55.8514],[12.4622,55.8514],[12.4619,55.8514],[12.4617,55.8513],[12.4613,55.8514],[12.461,55.8514],[12.4609,55.8515],[12.4613,55.8517],[12.4619,55.8519],[12.4627,55.8519]]]},"properties":{"sourceId":"ais_par3.157117","a_type":5120,"hectares":0.524}},{"type":"Feature","id":"ais_par3.157118","geometry":{"type":"Polygon","coordinates":[[[12.4686,55.8533],[12.4687,55.8534],[12.4688,55.8534],[12.4689,55.8534],[12.469,55.8532],[12.4692,55.8531],[12.4693,55.8529],[12.4696,55.8527],[12.4696,55.8526],[12.4694,55.8524],[12.4693,55.8523],[12.4691,55.8524],[12.469,55.8529],[12.4687,55.8532],[12.4687,55.8532],[12.4686,55.8533]]]},"properties":{"sourceId":"ais_par3.157118","a_type":5120,"hectares":0.296}},{"type":"Feature","id":"ais_par3.157119","geometry":{"type":"Polygon","coordinates":[[[12.4648,55.8544],[12.4649,55.8544],[12.465,55.8543],[12.4652,55.8541],[12.4653,55.8539],[12.4652,55.8538],[12.4651,55.8538],[12.4649,55.8538],[12.4649,55.8538],[12.4648,55.8542],[12.4647,55.8542],[12.4646,55.8543],[12.4646,55.8544],[12.4648,55.8544]]]},"properties":{"sourceId":"ais_par3.157119","a_type":5120,"hectares":0.18}},{"type":"Feature","id":"ais_par3.157120","geometry":{"type":"Polygon","coordinates":[[[12.4521,55.8522],[12.4523,55.852],[12.4523,55.8519],[12.4524,55.8518],[12.4523,55.8517],[12.4521,55.8518],[12.4518,55.8519],[12.4518,55.8521],[12.4519,55.8522],[12.4521,55.8522]]]},"properties":{"sourceId":"ais_par3.157120","a_type":5120,"hectares":0.124}},{"type":"Feature","id":"ais_par3.157121","geometry":{"type":"Polygon","coordinates":[[[12.4539,55.8519],[12.4538,55.8518],[12.4537,55.8517],[12.4541,55.8513],[12.4538,55.8511],[12.4534,55.8512],[12.4532,55.8513],[12.453,55.8516],[12.453,55.8518],[12.4534,55.852],[12.4538,55.8521],[12.4539,55.8519]]]},"properties":{"sourceId":"ais_par3.157121","a_type":5120,"hectares":0.429}},{"type":"Feature","id":"ais_par3.157122","geometry":{"type":"Polygon","coordinates":[[[12.4523,55.8503],[12.452,55.8504],[12.4517,55.8506],[12.4517,55.8508],[12.4518,55.8509],[12.452,55.8509],[12.4522,55.8509],[12.4524,55.8506],[12.4524,55.8503],[12.4523,55.8503]]]},"properties":{"sourceId":"ais_par3.157122","a_type":5120,"hectares":0.226}},{"type":"Feature","id":"ais_par3.157126","geometry":{"type":"Polygon","coordinates":[[[12.447,55.8589],[12.4471,55.8589],[12.4472,55.8589],[12.4472,55.8589],[12.4472,55.8588],[12.4473,55.8586],[12.4474,55.8587],[12.4475,55.8587],[12.4474,55.8588],[12.4475,55.8589],[12.4475,55.859],[12.4478,55.859],[12.4479,55.8588],[12.4477,55.8585],[12.4474,55.8584],[12.4474,55.8584],[12.4471,55.8585],[12.4471,55.8586],[12.447,55.8589],[12.447,55.8589]]]},"properties":{"sourceId":"ais_par3.157126","a_type":5120,"hectares":0.206}},{"type":"Feature","id":"ais_par3.157127","geometry":{"type":"Polygon","coordinates":[[[12.4693,55.8629],[12.4694,55.8627],[12.4695,55.8625],[12.4693,55.8625],[12.4691,55.8625],[12.4689,55.8627],[12.4687,55.8629],[12.4693,55.8629]]]},"properties":{"sourceId":"ais_par3.157127","a_type":5120,"hectares":0.16}},{"type":"Feature","id":"ais_par3.157128","geometry":{"type":"Polygon","coordinates":[[[12.4742,55.8712],[12.4742,55.8713],[12.4743,55.8714],[12.4745,55.8715],[12.4747,55.8715],[12.4749,55.8714],[12.475,55.8713],[12.4749,55.8712],[12.4748,55.8711],[12.4746,55.8711],[12.4744,55.8711],[12.4742,55.8712]]]},"properties":{"sourceId":"ais_par3.157128","a_type":5120,"hectares":0.156}},{"type":"Feature","id":"ais_par3.157129","geometry":{"type":"Polygon","coordinates":[[[12.4866,55.8595],[12.4868,55.8595],[12.487,55.8593],[12.4872,55.8591],[12.4877,55.8591],[12.4878,55.859],[12.4879,55.8588],[12.4874,55.8587],[12.4869,55.8587],[12.4866,55.8589],[12.4865,55.8591],[12.4865,55.8592],[12.4865,55.8594],[12.4866,55.8595]]]},"properties":{"sourceId":"ais_par3.157129","a_type":5120,"hectares":0.403}},{"type":"Feature","id":"ais_par3.157130","geometry":{"type":"Polygon","coordinates":[[[12.4891,55.8577],[12.4893,55.8576],[12.4896,55.8573],[12.4893,55.8572],[12.489,55.8572],[12.4888,55.8574],[12.4888,55.8577],[12.4891,55.8577]]]},"properties":{"sourceId":"ais_par3.157130","a_type":5120,"hectares":0.192}},{"type":"Feature","id":"ais_par3.157131","geometry":{"type":"Polygon","coordinates":[[[12.4892,55.8565],[12.4897,55.8563],[12.4899,55.8562],[12.4898,55.856],[12.4895,55.856],[12.4891,55.8561],[12.4888,55.8563],[12.4887,55.8564],[12.4889,55.8566],[12.4892,55.8565]]]},"properties":{"sourceId":"ais_par3.157131","a_type":5120,"hectares":0.246}},{"type":"Feature","id":"ais_par3.157132","geometry":{"type":"Polygon","coordinates":[[[12.4932,55.8582],[12.4938,55.858],[12.4939,55.8578],[12.4935,55.8574],[12.493,55.8573],[12.4928,55.8571],[12.4927,55.857],[12.4922,55.8571],[12.493,55.8582],[12.493,55.8582],[12.4932,55.8582]]]},"properties":{"sourceId":"ais_par3.157132","a_type":5120,"hectares":0.734}},{"type":"Feature","id":"ais_par3.157133","geometry":{"type":"Polygon","coordinates":[[[12.4918,55.8559],[12.492,55.8559],[12.4924,55.8558],[12.4925,55.8553],[12.4918,55.8547],[12.4915,55.8549],[12.4909,55.855],[12.4909,55.8552],[12.4914,55.8558],[12.4914,55.8559],[12.4918,55.8559]]]},"properties":{"sourceId":"ais_par3.157133","a_type":5120,"hectares":0.83}},{"type":"Feature","id":"ais_par3.157134","geometry":{"type":"Polygon","coordinates":[[[12.5377,55.8569],[12.5379,55.8568],[12.538,55.8567],[12.5379,55.8567],[12.5377,55.8566],[12.5376,55.8567],[12.5375,55.8568],[12.5375,55.8569],[12.5375,55.8569],[12.5376,55.857],[12.5377,55.8569]]]},"properties":{"sourceId":"ais_par3.157134","a_type":5120,"hectares":0.069}},{"type":"Feature","id":"ais_par3.157135","geometry":{"type":"Polygon","coordinates":[[[12.5315,55.8628],[12.5317,55.8628],[12.5323,55.8621],[12.5323,55.862],[12.5322,55.862],[12.5321,55.862],[12.5315,55.8627],[12.5314,55.8628],[12.5315,55.8628]]]},"properties":{"sourceId":"ais_par3.157135","a_type":5120,"hectares":0.164}},{"type":"Feature","id":"ais_par3.157136","geometry":{"type":"Polygon","coordinates":[[[12.5245,55.8636],[12.5246,55.8635],[12.5245,55.8633],[12.5244,55.8632],[12.5242,55.8632],[12.5241,55.8634],[12.5241,55.8636],[12.5243,55.8636],[12.5245,55.8636]]]},"properties":{"sourceId":"ais_par3.157136","a_type":5120,"hectares":0.11}},{"type":"Feature","id":"ais_par3.157137","geometry":{"type":"Polygon","coordinates":[[[12.5272,55.8599],[12.5274,55.8598],[12.5275,55.8597],[12.5272,55.8596],[12.5268,55.8596],[12.5266,55.8596],[12.5266,55.8597],[12.5269,55.8598],[12.5272,55.8599]]]},"properties":{"sourceId":"ais_par3.157137","a_type":5120,"hectares":0.125}},{"type":"Feature","id":"ais_par3.157138","geometry":{"type":"Polygon","coordinates":[[[12.5224,55.8614],[12.5224,55.8614],[12.5225,55.8614],[12.5225,55.8614],[12.5226,55.8614],[12.5226,55.8613],[12.5225,55.8613],[12.5225,55.8613],[12.5224,55.8613],[12.5224,55.8613],[12.5223,55.8613],[12.5223,55.8613],[12.5223,55.8613],[12.5223,55.8614],[12.5223,55.8614],[12.5223,55.8614],[12.5224,55.8614]]]},"properties":{"sourceId":"ais_par3.157138","a_type":5120,"hectares":0.028}},{"type":"Feature","id":"ais_par3.157140","geometry":{"type":"Polygon","coordinates":[[[12.5244,55.8581],[12.5246,55.8581],[12.5247,55.8581],[12.5247,55.858],[12.5248,55.8579],[12.5247,55.8577],[12.5245,55.8576],[12.5243,55.8575],[12.5239,55.8575],[12.5236,55.8575],[12.5235,55.8575],[12.5234,55.8576],[12.5236,55.8577],[12.5236,55.8578],[12.524,55.858],[12.5241,55.858],[12.5244,55.8581]]]},"properties":{"sourceId":"ais_par3.157140","a_type":5120,"hectares":0.386}},{"type":"Feature","id":"ais_par3.157141","geometry":{"type":"Polygon","coordinates":[[[12.5372,55.8522],[12.5372,55.8521],[12.537,55.852],[12.5368,55.852],[12.5369,55.8521],[12.537,55.8521],[12.5372,55.8522]]]},"properties":{"sourceId":"ais_par3.157141","a_type":5120,"hectares":0.024}},{"type":"Feature","id":"ais_par3.157142","geometry":{"type":"Polygon","coordinates":[[[12.5368,55.8519],[12.5372,55.8521],[12.5374,55.8521],[12.5374,55.852],[12.5369,55.8518],[12.5368,55.8518],[12.5368,55.8519]]]},"properties":{"sourceId":"ais_par3.157142","a_type":5120,"hectares":0.042}},{"type":"Feature","id":"ais_par3.157143","geometry":{"type":"Polygon","coordinates":[[[12.5262,55.8506],[12.5263,55.8504],[12.5262,55.8502],[12.526,55.8501],[12.5258,55.8502],[12.5257,55.8504],[12.5258,55.8505],[12.5259,55.8506],[12.5262,55.8506]]]},"properties":{"sourceId":"ais_par3.157143","a_type":5120,"hectares":0.138}},{"type":"Feature","id":"ais_par3.157144","geometry":{"type":"Polygon","coordinates":[[[12.5161,55.8538],[12.5163,55.8538],[12.5163,55.8536],[12.5161,55.8535],[12.5161,55.8534],[12.5159,55.8533],[12.5157,55.8533],[12.5156,55.8534],[12.5157,55.8536],[12.5158,55.8537],[12.5159,55.8538],[12.5161,55.8538]]]},"properties":{"sourceId":"ais_par3.157144","a_type":5120,"hectares":0.144}},{"type":"Feature","id":"ais_par3.157145","geometry":{"type":"Polygon","coordinates":[[[12.513,55.8564],[12.5132,55.8564],[12.5133,55.8563],[12.5133,55.8562],[12.5135,55.856],[12.5137,55.8557],[12.5138,55.8555],[12.5137,55.8554],[12.5135,55.8553],[12.5134,55.8554],[12.513,55.8556],[12.5126,55.8559],[12.5125,55.8561],[12.5126,55.8563],[12.5127,55.8564],[12.513,55.8564]]]},"properties":{"sourceId":"ais_par3.157145","a_type":5120,"hectares":0.542}},{"type":"Feature","id":"ais_par3.157146","geometry":{"type":"Polygon","coordinates":[[[12.5087,55.8598],[12.5085,55.8599],[12.5085,55.86],[12.5087,55.8601],[12.5089,55.8602],[12.5091,55.8602],[12.5087,55.8598]]]},"properties":{"sourceId":"ais_par3.157146","a_type":5120,"hectares":0.097}},{"type":"Feature","id":"ais_par3.157147","geometry":{"type":"Polygon","coordinates":[[[12.5199,55.8621],[12.5201,55.862],[12.5204,55.8619],[12.5203,55.8618],[12.52,55.8619],[12.5197,55.862],[12.5196,55.862],[12.5197,55.8621],[12.5199,55.8621]]]},"properties":{"sourceId":"ais_par3.157147","a_type":5120,"hectares":0.067}},{"type":"Feature","id":"ais_par3.157148","geometry":{"type":"Polygon","coordinates":[[[12.5194,55.8628],[12.5195,55.8627],[12.5197,55.8627],[12.5197,55.8624],[12.5197,55.8622],[12.5194,55.8622],[12.5191,55.8622],[12.5189,55.8623],[12.5188,55.8624],[12.5188,55.8626],[12.519,55.8627],[12.5194,55.8628]]]},"properties":{"sourceId":"ais_par3.157148","a_type":5120,"hectares":0.319}},{"type":"Feature","id":"ais_par3.157149","geometry":{"type":"Polygon","coordinates":[[[12.5161,55.8639],[12.5162,55.8638],[12.5162,55.8635],[12.5161,55.8634],[12.5159,55.8633],[12.5155,55.8635],[12.5156,55.8637],[12.5158,55.8639],[12.5161,55.8639]]]},"properties":{"sourceId":"ais_par3.157149","a_type":5120,"hectares":0.207}},{"type":"Feature","id":"ais_par3.157150","geometry":{"type":"Polygon","coordinates":[[[12.5095,55.8509],[12.5095,55.8509],[12.5096,55.8508],[12.5095,55.8507],[12.5094,55.8506],[12.5093,55.8507],[12.5093,55.8507],[12.5092,55.8508],[12.5093,55.8509],[12.5093,55.8509],[12.5095,55.8509]]]},"properties":{"sourceId":"ais_par3.157150","a_type":5120,"hectares":0.051}},{"type":"Feature","id":"ais_par3.157151","geometry":{"type":"Polygon","coordinates":[[[12.5086,55.8505],[12.5087,55.8504],[12.5088,55.8503],[12.5087,55.8502],[12.5085,55.8502],[12.5084,55.8503],[12.5084,55.8503],[12.5083,55.8504],[12.5083,55.8505],[12.5085,55.8505],[12.5086,55.8505]]]},"properties":{"sourceId":"ais_par3.157151","a_type":5120,"hectares":0.071}},{"type":"Feature","id":"ais_par3.157152","geometry":{"type":"Polygon","coordinates":[[[12.5083,55.8501],[12.5083,55.8501],[12.5084,55.8501],[12.5084,55.8501],[12.5084,55.85],[12.5084,55.85],[12.5084,55.85],[12.5084,55.8499],[12.5083,55.8499],[12.5083,55.8499],[12.5082,55.8499],[12.5082,55.85],[12.5081,55.85],[12.5081,55.85],[12.5082,55.8501],[12.5082,55.8501],[12.5083,55.8501]]]},"properties":{"sourceId":"ais_par3.157152","a_type":5120,"hectares":0.028}},{"type":"Feature","id":"ais_par3.157153","geometry":{"type":"Polygon","coordinates":[[[12.5059,55.8509],[12.506,55.8511],[12.506,55.8512],[12.5061,55.8511],[12.5062,55.8511],[12.5065,55.851],[12.5066,55.851],[12.5066,55.8508],[12.5067,55.8506],[12.5065,55.8506],[12.5064,55.8506],[12.5064,55.8508],[12.5063,55.8508],[12.5062,55.8508],[12.5059,55.8509]]]},"properties":{"sourceId":"ais_par3.157153","a_type":5120,"hectares":0.151}},{"type":"Feature","id":"ais_par3.157154","geometry":{"type":"Polygon","coordinates":[[[12.506,55.8503],[12.5062,55.8503],[12.5064,55.8503],[12.5064,55.8502],[12.5063,55.8502],[12.5061,55.8501],[12.5059,55.8501],[12.5058,55.8501],[12.5058,55.8502],[12.5059,55.8503],[12.506,55.8503]]]},"properties":{"sourceId":"ais_par3.157154","a_type":5120,"hectares":0.075}},{"type":"Feature","id":"ais_par3.157155","geometry":{"type":"Polygon","coordinates":[[[12.5073,55.8521],[12.5073,55.852],[12.5073,55.8519],[12.5071,55.8518],[12.5069,55.8518],[12.5068,55.8519],[12.5068,55.852],[12.5069,55.8521],[12.507,55.8521],[12.5073,55.8521]]]},"properties":{"sourceId":"ais_par3.157155","a_type":5120,"hectares":0.073}},{"type":"Feature","id":"ais_par3.157156","geometry":{"type":"Polygon","coordinates":[[[12.5102,55.8534],[12.5102,55.8531],[12.5101,55.8531],[12.5099,55.8531],[12.5098,55.8532],[12.5097,55.8534],[12.5097,55.8537],[12.5098,55.8537],[12.51,55.8538],[12.5101,55.8537],[12.5101,55.8535],[12.5101,55.8535],[12.5102,55.8534]]]},"properties":{"sourceId":"ais_par3.157156","a_type":5120,"hectares":0.187}},{"type":"Feature","id":"ais_par3.157157","geometry":{"type":"Polygon","coordinates":[[[12.5013,55.8588],[12.5013,55.8588],[12.5014,55.8587],[12.5014,55.8587],[12.5014,55.8587],[12.5014,55.8587],[12.5014,55.8586],[12.5014,55.8586],[12.5013,55.8586],[12.5012,55.8586],[12.5012,55.8586],[12.5011,55.8586],[12.5011,55.8587],[12.5011,55.8587],[12.5011,55.8587],[12.5012,55.8587],[12.5013,55.8588]]]},"properties":{"sourceId":"ais_par3.157157","a_type":5120,"hectares":0.028}},{"type":"Feature","id":"ais_par3.157158","geometry":{"type":"Polygon","coordinates":[[[12.5032,55.8577],[12.5034,55.8577],[12.5033,55.8576],[12.5034,55.8574],[12.5037,55.8573],[12.5038,55.8573],[12.5037,55.8572],[12.5035,55.8572],[12.5034,55.8572],[12.5032,55.8572],[12.5031,55.8572],[12.5028,55.8572],[12.5028,55.8573],[12.5031,55.8575],[12.5032,55.8577],[12.5032,55.8577]]]},"properties":{"sourceId":"ais_par3.157158","a_type":5120,"hectares":0.175}},{"type":"Feature","id":"ais_par3.157159","geometry":{"type":"Polygon","coordinates":[[[12.5047,55.8565],[12.5048,55.8564],[12.5049,55.8564],[12.5048,55.8564],[12.5048,55.8562],[12.5046,55.856],[12.5044,55.8559],[12.5043,55.8559],[12.5041,55.8561],[12.5041,55.8562],[12.5041,55.8564],[12.5043,55.8565],[12.5047,55.8565]]]},"properties":{"sourceId":"ais_par3.157159","a_type":5120,"hectares":0.22}},{"type":"Feature","id":"ais_par3.157160","geometry":{"type":"Polygon","coordinates":[[[12.5047,55.8559],[12.5048,55.856],[12.5049,55.856],[12.5049,55.8559],[12.5049,55.8558],[12.5049,55.8556],[12.5048,55.8556],[12.5047,55.8556],[12.5047,55.8557],[12.5047,55.8558],[12.5048,55.8558],[12.5047,55.8559]]]},"properties":{"sourceId":"ais_par3.157160","a_type":5120,"hectares":0.048}},{"type":"Feature","id":"ais_par3.157161","geometry":{"type":"Polygon","coordinates":[[[12.5038,55.8552],[12.5038,55.8553],[12.504,55.8554],[12.5042,55.8554],[12.5044,55.8553],[12.5044,55.8549],[12.5042,55.8548],[12.5041,55.8548],[12.504,55.8549],[12.5038,55.8551],[12.5038,55.8552]]]},"properties":{"sourceId":"ais_par3.157161","a_type":5120,"hectares":0.184}},{"type":"Feature","id":"ais_par3.157162","geometry":{"type":"Polygon","coordinates":[[[12.5017,55.8561],[12.5019,55.8559],[12.5022,55.8558],[12.5022,55.8557],[12.5018,55.8556],[12.5012,55.8555],[12.5011,55.8557],[12.5011,55.8558],[12.5013,55.856],[12.5014,55.8561],[12.5015,55.8561],[12.5017,55.8561]]]},"properties":{"sourceId":"ais_par3.157162","a_type":5120,"hectares":0.285}},{"type":"Feature","id":"ais_par3.157163","geometry":{"type":"Polygon","coordinates":[[[12.5003,55.8562],[12.5005,55.8562],[12.5007,55.8562],[12.5008,55.8562],[12.5009,55.8561],[12.5008,55.8559],[12.5006,55.8558],[12.5006,55.8557],[12.5004,55.8556],[12.5002,55.8556],[12.5002,55.8558],[12.5001,55.856],[12.5001,55.8561],[12.5003,55.8562]]]},"properties":{"sourceId":"ais_par3.157163","a_type":5120,"hectares":0.232}},{"type":"Feature","id":"ais_par3.157164","geometry":{"type":"Polygon","coordinates":[[[12.4995,55.8561],[12.4996,55.856],[12.4995,55.8558],[12.4993,55.8557],[12.4992,55.8558],[12.4992,55.8559],[12.4994,55.8561],[12.4995,55.8561]]]},"properties":{"sourceId":"ais_par3.157164","a_type":5120,"hectares":0.079}},{"type":"Feature","id":"ais_par3.157165","geometry":{"type":"Polygon","coordinates":[[[12.4984,55.8558],[12.4984,55.8559],[12.4984,55.856],[12.4986,55.856],[12.4987,55.856],[12.4987,55.8558],[12.4984,55.8557],[12.4984,55.8558]]]},"properties":{"sourceId":"ais_par3.157165","a_type":5120,"hectares":0.048}},{"type":"Feature","id":"ais_par3.157166","geometry":{"type":"Polygon","coordinates":[[[12.4934,55.8548],[12.4935,55.8547],[12.4935,55.8546],[12.4933,55.8545],[12.4931,55.8545],[12.4931,55.8546],[12.4931,55.8547],[12.4933,55.8548],[12.4934,55.8548]]]},"properties":{"sourceId":"ais_par3.157166","a_type":5120,"hectares":0.059}},{"type":"Feature","id":"ais_par3.157167","geometry":{"type":"Polygon","coordinates":[[[12.4906,55.8554],[12.4905,55.8556],[12.4903,55.8558],[12.4904,55.856],[12.4905,55.8561],[12.4908,55.8561],[12.491,55.8559],[12.4907,55.8555],[12.4907,55.8554],[12.4906,55.8554]]]},"properties":{"sourceId":"ais_par3.157167","a_type":5120,"hectares":0.21}},{"type":"Feature","id":"ais_par3.157168","geometry":{"type":"Polygon","coordinates":[[[12.4889,55.8558],[12.4894,55.8558],[12.4893,55.8556],[12.4893,55.8554],[12.4897,55.8553],[12.4897,55.8551],[12.4896,55.855],[12.4891,55.8551],[12.4887,55.8555],[12.4886,55.8557],[12.4887,55.8558],[12.4889,55.8558]]]},"properties":{"sourceId":"ais_par3.157168","a_type":5120,"hectares":0.343}},{"type":"Feature","id":"ais_par3.157169","geometry":{"type":"Polygon","coordinates":[[[12.487,55.855],[12.4873,55.855],[12.4875,55.8548],[12.488,55.8546],[12.488,55.8544],[12.4876,55.8544],[12.4871,55.8546],[12.487,55.855],[12.487,55.855]]]},"properties":{"sourceId":"ais_par3.157169","a_type":5120,"hectares":0.26}},{"type":"Feature","id":"ais_par3.157170","geometry":{"type":"Polygon","coordinates":[[[12.4902,55.8541],[12.4902,55.854],[12.4904,55.8538],[12.4906,55.8535],[12.4907,55.8534],[12.4908,55.853],[12.4906,55.853],[12.4904,55.8531],[12.49,55.853],[12.4898,55.853],[12.4897,55.8532],[12.4895,55.8533],[12.4901,55.8542],[12.4902,55.8542],[12.4902,55.8541]]]},"properties":{"sourceId":"ais_par3.157170","a_type":5120,"hectares":0.586}},{"type":"Feature","id":"ais_par3.157171","geometry":{"type":"Polygon","coordinates":[[[12.4942,55.8517],[12.4943,55.8519],[12.4945,55.852],[12.4948,55.852],[12.4948,55.8518],[12.4949,55.8517],[12.4943,55.8514],[12.4942,55.8517]]]},"properties":{"sourceId":"ais_par3.157171","a_type":5120,"hectares":0.171}},{"type":"Feature","id":"ais_par3.157172","geometry":{"type":"Polygon","coordinates":[[[12.4966,55.8517],[12.4967,55.8517],[12.4968,55.8517],[12.4969,55.8518],[12.497,55.8518],[12.497,55.8519],[12.4969,55.852],[12.497,55.8521],[12.4972,55.852],[12.4974,55.8519],[12.4976,55.8517],[12.4975,55.8516],[12.4976,55.8514],[12.4975,55.8513],[12.4975,55.8513],[12.4975,55.8513],[12.4976,55.8511],[12.4973,55.851],[12.4971,55.8509],[12.4969,55.8511],[12.4968,55.8513],[12.4966,55.8515],[12.4965,55.8516],[12.4966,55.8517],[12.4966,55.8517]]]},"properties":{"sourceId":"ais_par3.157172","a_type":5120,"hectares":0.516}},{"type":"Feature","id":"ais_par3.157173","geometry":{"type":"Polygon","coordinates":[[[12.4963,55.8505],[12.4966,55.8505],[12.4966,55.8504],[12.4966,55.8502],[12.4965,55.8501],[12.4965,55.8499],[12.4961,55.8498],[12.4958,55.8498],[12.4956,55.8499],[12.4955,55.8501],[12.4961,55.8504],[12.4962,55.8505],[12.4963,55.8505]]]},"properties":{"sourceId":"ais_par3.157173","a_type":5120,"hectares":0.358}},{"type":"Feature","id":"ais_par3.157174","geometry":{"type":"Polygon","coordinates":[[[12.4981,55.8496],[12.4983,55.8496],[12.4983,55.8495],[12.498,55.8494],[12.4977,55.8494],[12.4977,55.8494],[12.4978,55.8495],[12.4981,55.8496]]]},"properties":{"sourceId":"ais_par3.157174","a_type":5120,"hectares":0.049}},{"type":"Feature","id":"ais_par3.157175","geometry":{"type":"Polygon","coordinates":[[[12.5004,55.8497],[12.5004,55.8498],[12.5004,55.8499],[12.5007,55.8499],[12.5009,55.8498],[12.5009,55.8496],[12.5006,55.8495],[12.5005,55.8494],[12.5003,55.8493],[12.5001,55.8492],[12.5,55.8493],[12.5,55.8495],[12.5001,55.8496],[12.5004,55.8495],[12.5005,55.8496],[12.5004,55.8497]]]},"properties":{"sourceId":"ais_par3.157175","a_type":5120,"hectares":0.191}},{"type":"Feature","id":"ais_par3.157178","geometry":{"type":"Polygon","coordinates":[[[12.4899,55.8501],[12.4901,55.85],[12.4901,55.8498],[12.4904,55.8496],[12.4905,55.8494],[12.4902,55.8494],[12.4901,55.8493],[12.4898,55.8495],[12.4897,55.8498],[12.4894,55.85],[12.4895,55.8501],[12.4896,55.8502],[12.4899,55.8501]]]},"properties":{"sourceId":"ais_par3.157178","a_type":5120,"hectares":0.285}},{"type":"Feature","id":"ais_par3.157197","geometry":{"type":"Polygon","coordinates":[[[12.4805,55.8504],[12.4806,55.8502],[12.4807,55.8501],[12.4808,55.8499],[12.4808,55.8498],[12.4805,55.8499],[12.4805,55.8501],[12.4804,55.8502],[12.4804,55.8504],[12.4805,55.8504]]]},"properties":{"sourceId":"ais_par3.157197","a_type":5120,"hectares":0.081}},{"type":"Feature","id":"ais_par3.157198","geometry":{"type":"Polygon","coordinates":[[[12.4784,55.8505],[12.4785,55.8507],[12.4786,55.8507],[12.4788,55.8507],[12.4789,55.8506],[12.4788,55.8504],[12.4789,55.8503],[12.4791,55.8502],[12.4793,55.8502],[12.4796,55.8502],[12.4796,55.8501],[12.4796,55.85],[12.4796,55.8498],[12.4797,55.8497],[12.4799,55.8497],[12.4801,55.8496],[12.4803,55.8495],[12.4803,55.8494],[12.4799,55.8494],[12.4797,55.8494],[12.4795,55.8494],[12.4794,55.8495],[12.4793,55.8498],[12.4792,55.85],[12.4789,55.8501],[12.4786,55.8502],[12.4783,55.8502],[12.4782,55.8502],[12.4782,55.8503],[12.4784,55.8505]]]},"properties":{"sourceId":"ais_par3.157198","a_type":5120,"hectares":0.538}},{"type":"Feature","id":"ais_par3.157199","geometry":{"type":"Polygon","coordinates":[[[12.4797,55.8517],[12.4798,55.8519],[12.48,55.852],[12.4804,55.852],[12.4808,55.8521],[12.4809,55.8521],[12.4809,55.852],[12.4809,55.8517],[12.4808,55.8516],[12.4809,55.8515],[12.4809,55.8514],[12.4809,55.8514],[12.4807,55.8512],[12.4804,55.8509],[12.4804,55.8508],[12.4802,55.8505],[12.48,55.8505],[12.4798,55.8505],[12.4792,55.8514],[12.4791,55.8514],[12.4797,55.8517]]]},"properties":{"sourceId":"ais_par3.157199","a_type":5120,"hectares":1.185}},{"type":"Feature","id":"ais_par3.157200","geometry":{"type":"Polygon","coordinates":[[[12.4816,55.851],[12.4818,55.8511],[12.482,55.8511],[12.4821,55.8511],[12.482,55.8509],[12.482,55.8509],[12.4817,55.8509],[12.4816,55.851]]]},"properties":{"sourceId":"ais_par3.157200","a_type":5120,"hectares":0.061}},{"type":"Feature","id":"ais_par3.157201","geometry":{"type":"Polygon","coordinates":[[[12.4831,55.8506],[12.483,55.8506],[12.4831,55.8508],[12.4832,55.8508],[12.4834,55.8508],[12.4831,55.8506]]]},"properties":{"sourceId":"ais_par3.157201","a_type":5120,"hectares":0.023}},{"type":"Feature","id":"ais_par3.157202","geometry":{"type":"Polygon","coordinates":[[[12.4838,55.8508],[12.4836,55.8509],[12.4835,55.851],[12.4835,55.8513],[12.4837,55.8514],[12.4839,55.8514],[12.484,55.8513],[12.4841,55.851],[12.4843,55.8509],[12.4841,55.8509],[12.484,55.8508],[12.4838,55.8508]]]},"properties":{"sourceId":"ais_par3.157202","a_type":5120,"hectares":0.22}},{"type":"Feature","id":"ais_par3.157203","geometry":{"type":"Polygon","coordinates":[[[12.4849,55.8507],[12.4851,55.8507],[12.4852,55.8506],[12.4853,55.8504],[12.4851,55.8503],[12.4847,55.8503],[12.4846,55.8504],[12.4846,55.8505],[12.4847,55.8506],[12.4848,55.8506],[12.4849,55.8507]]]},"properties":{"sourceId":"ais_par3.157203","a_type":5120,"hectares":0.146}},{"type":"Feature","id":"ais_par3.157204","geometry":{"type":"Polygon","coordinates":[[[12.4868,55.8513],[12.487,55.8512],[12.4869,55.851],[12.4869,55.8509],[12.4871,55.8507],[12.487,55.8505],[12.4867,55.8504],[12.4864,55.8503],[12.4862,55.8505],[12.4862,55.8506],[12.4864,55.8509],[12.4864,55.8511],[12.4865,55.8513],[12.4868,55.8513]]]},"properties":{"sourceId":"ais_par3.157204","a_type":5120,"hectares":0.406}},{"type":"Feature","id":"ais_par3.157205","geometry":{"type":"Polygon","coordinates":[[[12.4839,55.8524],[12.4841,55.8524],[12.4842,55.8523],[12.4843,55.8521],[12.4841,55.852],[12.4839,55.852],[12.4838,55.8521],[12.4838,55.8522],[12.4839,55.8524]]]},"properties":{"sourceId":"ais_par3.157205","a_type":5120,"hectares":0.115}},{"type":"Feature","id":"ais_par3.157206","geometry":{"type":"Polygon","coordinates":[[[12.4827,55.8523],[12.4826,55.8522],[12.4825,55.8522],[12.4825,55.8523],[12.4822,55.8524],[12.4823,55.8525],[12.4821,55.8527],[12.4823,55.8528],[12.4825,55.8528],[12.4827,55.8527],[12.4829,55.8525],[12.4829,55.8524],[12.4828,55.8523],[12.4827,55.8523]]]},"properties":{"sourceId":"ais_par3.157206","a_type":5120,"hectares":0.21}},{"type":"Feature","id":"ais_par3.157207","geometry":{"type":"Polygon","coordinates":[[[12.4789,55.8528],[12.479,55.8527],[12.4793,55.8521],[12.4792,55.852],[12.479,55.8519],[12.4788,55.8518],[12.4787,55.8518],[12.4784,55.8522],[12.4783,55.8524],[12.4785,55.8526],[12.4786,55.8527],[12.4789,55.8528]]]},"properties":{"sourceId":"ais_par3.157207","a_type":5120,"hectares":0.429}},{"type":"Feature","id":"ais_par3.157208","geometry":{"type":"Polygon","coordinates":[[[12.4767,55.8537],[12.4766,55.8539],[12.4768,55.854],[12.477,55.854],[12.4772,55.8539],[12.4772,55.8537],[12.4769,55.8536],[12.4768,55.8535],[12.4767,55.8537]]]},"properties":{"sourceId":"ais_par3.157208","a_type":5120,"hectares":0.121}},{"type":"Feature","id":"ais_par3.157209","geometry":{"type":"Polygon","coordinates":[[[12.4802,55.8533],[12.4802,55.8534],[12.4803,55.8535],[12.4804,55.8535],[12.4804,55.8534],[12.4806,55.8534],[12.4805,55.8532],[12.4807,55.8531],[12.4807,55.853],[12.4805,55.8529],[12.4803,55.8529],[12.4802,55.853],[12.4802,55.8533],[12.4802,55.8533]]]},"properties":{"sourceId":"ais_par3.157209","a_type":5120,"hectares":0.15}},{"type":"Feature","id":"ais_par3.157210","geometry":{"type":"Polygon","coordinates":[[[12.4833,55.8536],[12.4833,55.8537],[12.4834,55.8538],[12.4837,55.8537],[12.4838,55.8536],[12.4838,55.8535],[12.4837,55.8534],[12.4835,55.8534],[12.4834,55.8534],[12.4834,55.8535],[12.4833,55.8536]]]},"properties":{"sourceId":"ais_par3.157210","a_type":5120,"hectares":0.091}},{"type":"Feature","id":"ais_par3.157211","geometry":{"type":"Polygon","coordinates":[[[12.4851,55.8541],[12.4852,55.8539],[12.4851,55.8539],[12.4849,55.8539],[12.4847,55.8539],[12.4846,55.854],[12.4851,55.8541]]]},"properties":{"sourceId":"ais_par3.157211","a_type":5120,"hectares":0.056}},{"type":"Feature","id":"ais_par3.157212","geometry":{"type":"Polygon","coordinates":[[[12.4804,55.8548],[12.4808,55.8548],[12.4811,55.8548],[12.4815,55.8548],[12.4816,55.8548],[12.4817,55.8546],[12.4816,55.8545],[12.4812,55.8545],[12.4811,55.8544],[12.4811,55.8542],[12.4809,55.8541],[12.48,55.854],[12.4797,55.8542],[12.4796,55.8545],[12.4796,55.8547],[12.4798,55.8548],[12.4801,55.8548],[12.4804,55.8548]]]},"properties":{"sourceId":"ais_par3.157212","a_type":5120,"hectares":0.82}},{"type":"Feature","id":"ais_par3.157213","geometry":{"type":"Polygon","coordinates":[[[12.4884,55.8644],[12.4885,55.8643],[12.4881,55.8643],[12.4879,55.8642],[12.4878,55.8644],[12.4879,55.8646],[12.488,55.8646],[12.4882,55.8646],[12.4883,55.8645],[12.4884,55.8644]]]},"properties":{"sourceId":"ais_par3.157213","a_type":5120,"hectares":0.108}},{"type":"Feature","id":"ais_par3.157214","geometry":{"type":"Polygon","coordinates":[[[12.4884,55.8712],[12.4885,55.8712],[12.4886,55.8712],[12.4886,55.8711],[12.4886,55.871],[12.4884,55.8709],[12.4882,55.8709],[12.4881,55.871],[12.4882,55.8711],[12.4882,55.8712],[12.4884,55.8712]]]},"properties":{"sourceId":"ais_par3.157214","a_type":5120,"hectares":0.083}},{"type":"Feature","id":"ais_par3.157215","geometry":{"type":"Polygon","coordinates":[[[12.4952,55.8719],[12.4953,55.8717],[12.4954,55.8716],[12.4954,55.8715],[12.4952,55.8715],[12.495,55.8716],[12.4949,55.8717],[12.4949,55.8718],[12.495,55.8719],[12.4952,55.8719]]]},"properties":{"sourceId":"ais_par3.157215","a_type":5120,"hectares":0.092}},{"type":"Feature","id":"ais_par3.157216","geometry":{"type":"Polygon","coordinates":[[[12.4924,55.8759],[12.4931,55.876],[12.4934,55.8759],[12.4936,55.8757],[12.4933,55.8755],[12.4931,55.8753],[12.4928,55.8753],[12.4925,55.875],[12.492,55.875],[12.4914,55.8746],[12.4912,55.8745],[12.4909,55.8743],[12.4908,55.8743],[12.4905,55.8743],[12.4906,55.8741],[12.4903,55.874],[12.49,55.8741],[12.49,55.8742],[12.4904,55.8744],[12.4904,55.8747],[12.4906,55.8749],[12.4908,55.875],[12.4911,55.875],[12.4913,55.8753],[12.4916,55.8756],[12.4918,55.8758],[12.4924,55.8759]]]},"properties":{"sourceId":"ais_par3.157216","a_type":5120,"hectares":1.637}},{"type":"Feature","id":"ais_par3.157217","geometry":{"type":"Polygon","coordinates":[[[12.4703,55.8687],[12.4705,55.8687],[12.4706,55.8686],[12.4709,55.8684],[12.4708,55.8683],[12.4707,55.8682],[12.4705,55.8683],[12.4701,55.8685],[12.4701,55.8686],[12.4703,55.8687]]]},"properties":{"sourceId":"ais_par3.157217","a_type":5120,"hectares":0.133}},{"type":"Feature","id":"ais_par3.157218","geometry":{"type":"Polygon","coordinates":[[[12.4706,55.8668],[12.4707,55.8669],[12.4708,55.8669],[12.4712,55.8666],[12.4714,55.8664],[12.4713,55.8664],[12.4712,55.8663],[12.4704,55.8666],[12.4703,55.8667],[12.4703,55.8668],[12.4706,55.8668]]]},"properties":{"sourceId":"ais_par3.157218","a_type":5120,"hectares":0.198}},{"type":"Feature","id":"ais_par3.157219","geometry":{"type":"Polygon","coordinates":[[[12.4737,55.8648],[12.4738,55.8649],[12.4738,55.8651],[12.474,55.8652],[12.4744,55.8652],[12.4748,55.8653],[12.475,55.8654],[12.4754,55.8654],[12.4757,55.8654],[12.476,55.8652],[12.4765,55.8649],[12.4766,55.8646],[12.4758,55.8644],[12.4758,55.8642],[12.476,55.8641],[12.476,55.8639],[12.4753,55.8637],[12.4751,55.8634],[12.4746,55.8634],[12.4743,55.8633],[12.4741,55.8631],[12.4737,55.863],[12.4735,55.8628],[12.4734,55.8624],[12.4731,55.8622],[12.4729,55.8623],[12.4727,55.8624],[12.4728,55.8629],[12.4728,55.8631],[12.473,55.8635],[12.4732,55.8636],[12.4732,55.8638],[12.4734,55.8642],[12.4733,55.8646],[12.4733,55.8647],[12.4737,55.8648]]]},"properties":{"sourceId":"ais_par3.157219","a_type":5120,"hectares":4.068}},{"type":"Feature","id":"ais_par3.157220","geometry":{"type":"Polygon","coordinates":[[[12.4804,55.8661],[12.4803,55.8663],[12.4805,55.8664],[12.4808,55.8665],[12.4811,55.8664],[12.4812,55.8663],[12.4809,55.866],[12.4808,55.8659],[12.4807,55.8659],[12.4804,55.8661]]]},"properties":{"sourceId":"ais_par3.157220","a_type":5120,"hectares":0.235}},{"type":"Feature","id":"ais_par3.157221","geometry":{"type":"Polygon","coordinates":[[[12.4805,55.8655],[12.4807,55.8656],[12.4808,55.8655],[12.4808,55.8653],[12.4807,55.8651],[12.4804,55.8651],[12.4804,55.8653],[12.4805,55.8655]]]},"properties":{"sourceId":"ais_par3.157221","a_type":5120,"hectares":0.099}},{"type":"Feature","id":"ais_par3.157222","geometry":{"type":"Polygon","coordinates":[[[12.4801,55.865],[12.4803,55.865],[12.4803,55.8648],[12.4799,55.8646],[12.4798,55.8646],[12.4796,55.8646],[12.4797,55.8648],[12.4799,55.865],[12.4801,55.865]]]},"properties":{"sourceId":"ais_par3.157222","a_type":5120,"hectares":0.134}},{"type":"Feature","id":"ais_par3.157223","geometry":{"type":"Polygon","coordinates":[[[12.4773,55.8646],[12.4769,55.8648],[12.4769,55.8649],[12.477,55.865],[12.4774,55.8651],[12.4778,55.8651],[12.4782,55.8653],[12.4783,55.8652],[12.4786,55.8651],[12.4788,55.865],[12.479,55.8649],[12.4791,55.8647],[12.4791,55.8645],[12.4791,55.8643],[12.4792,55.8641],[12.4789,55.864],[12.4787,55.8639],[12.4786,55.864],[12.4786,55.8641],[12.4788,55.8642],[12.4785,55.8643],[12.4784,55.8642],[12.4782,55.8643],[12.478,55.8644],[12.4777,55.8643],[12.4775,55.8644],[12.4775,55.8645],[12.4774,55.8645],[12.4773,55.8646]]]},"properties":{"sourceId":"ais_par3.157223","a_type":5120,"hectares":1.159}},{"type":"Feature","id":"ais_par3.157224","geometry":{"type":"Polygon","coordinates":[[[12.467,55.8602],[12.4676,55.8603],[12.468,55.8603],[12.4682,55.8602],[12.4683,55.8601],[12.4681,55.8599],[12.4679,55.8599],[12.4671,55.86],[12.4669,55.8601],[12.467,55.8602]]]},"properties":{"sourceId":"ais_par3.157224","a_type":5120,"hectares":0.3}},{"type":"Feature","id":"ais_par3.157225","geometry":{"type":"Polygon","coordinates":[[[12.4686,55.8601],[12.4688,55.8602],[12.4693,55.8604],[12.4693,55.8603],[12.4694,55.86],[12.4694,55.8598],[12.4693,55.8597],[12.4691,55.8598],[12.4687,55.8598],[12.4684,55.8599],[12.4683,55.8601],[12.4686,55.8601]]]},"properties":{"sourceId":"ais_par3.157225","a_type":5120,"hectares":0.31}},{"type":"Feature","id":"ais_par3.157226","geometry":{"type":"Polygon","coordinates":[[[12.4766,55.8613],[12.4768,55.8614],[12.4771,55.8614],[12.4772,55.8614],[12.4775,55.8613],[12.478,55.8615],[12.4782,55.8615],[12.4784,55.8614],[12.4783,55.8612],[12.4779,55.8611],[12.478,55.8608],[12.4779,55.8607],[12.4778,55.8606],[12.4778,55.8604],[12.4781,55.8605],[12.4783,55.8604],[12.4792,55.8604],[12.4792,55.8601],[12.479,55.86],[12.4787,55.8599],[12.4785,55.8599],[12.4783,55.8599],[12.4783,55.8597],[12.4786,55.8593],[12.4786,55.8591],[12.478,55.8593],[12.4779,55.8594],[12.4776,55.8599],[12.4777,55.8601],[12.4776,55.8603],[12.4771,55.8605],[12.4769,55.8606],[12.477,55.8608],[12.4772,55.861],[12.4768,55.8612],[12.4766,55.8613]]]},"properties":{"sourceId":"ais_par3.157226","a_type":5120,"hectares":1.619}},{"type":"Feature","id":"ais_par3.157227","geometry":{"type":"Polygon","coordinates":[[[12.4774,55.8592],[12.4777,55.8592],[12.4777,55.8592],[12.4778,55.8592],[12.4778,55.8592],[12.4781,55.8591],[12.4781,55.859],[12.4779,55.8588],[12.4777,55.8588],[12.4775,55.8588],[12.4774,55.8589],[12.4773,55.8591],[12.4774,55.8592]]]},"properties":{"sourceId":"ais_par3.157227","a_type":5120,"hectares":0.16}},{"type":"Feature","id":"ais_par3.157228","geometry":{"type":"Polygon","coordinates":[[[12.485,55.8577],[12.4851,55.8578],[12.4852,55.8579],[12.4854,55.8579],[12.4852,55.8577],[12.485,55.8577]]]},"properties":{"sourceId":"ais_par3.157228","a_type":5120,"hectares":0.036}},{"type":"Feature","id":"ais_par3.157229","geometry":{"type":"Polygon","coordinates":[[[12.4845,55.857],[12.4845,55.8571],[12.4847,55.8572],[12.4849,55.8571],[12.485,55.857],[12.4849,55.8569],[12.4847,55.8569],[12.4846,55.8569],[12.4845,55.857]]]},"properties":{"sourceId":"ais_par3.157229","a_type":5120,"hectares":0.066}},{"type":"Feature","id":"ais_par3.157230","geometry":{"type":"Polygon","coordinates":[[[12.4818,55.8576],[12.4819,55.8577],[12.4823,55.8573],[12.4824,55.8571],[12.482,55.857],[12.4819,55.857],[12.4817,55.857],[12.4817,55.8571],[12.4815,55.8572],[12.4814,55.8574],[12.4815,55.8575],[12.4815,55.8576],[12.4818,55.8576]]]},"properties":{"sourceId":"ais_par3.157230","a_type":5120,"hectares":0.291}},{"type":"Feature","id":"ais_par3.157231","geometry":{"type":"Polygon","coordinates":[[[12.4764,55.8565],[12.4764,55.8565],[12.4764,55.8564],[12.4762,55.8563],[12.4761,55.8564],[12.4761,55.8565],[12.4762,55.8565],[12.4764,55.8565]]]},"properties":{"sourceId":"ais_par3.157231","a_type":5120,"hectares":0.034}},{"type":"Feature","id":"ais_par3.157232","geometry":{"type":"Polygon","coordinates":[[[12.4696,55.8557],[12.4697,55.8557],[12.4698,55.8554],[12.4698,55.8553],[12.4697,55.8553],[12.4696,55.8554],[12.4696,55.8555],[12.4696,55.8556],[12.4696,55.8557]]]},"properties":{"sourceId":"ais_par3.157232","a_type":5120,"hectares":0.037}},{"type":"Feature","id":"ais_par3.157233","geometry":{"type":"Polygon","coordinates":[[[12.462,55.8582],[12.4622,55.8579],[12.4621,55.8579],[12.4621,55.8579],[12.4619,55.8579],[12.4618,55.8581],[12.4619,55.8582],[12.462,55.8582]]]},"properties":{"sourceId":"ais_par3.157233","a_type":5120,"hectares":0.051}},{"type":"Feature","id":"ais_par3.157234","geometry":{"type":"Polygon","coordinates":[[[12.4629,55.8545],[12.463,55.8546],[12.4632,55.8546],[12.4633,55.8543],[12.4628,55.8543],[12.4629,55.8545]]]},"properties":{"sourceId":"ais_par3.157234","a_type":5120,"hectares":0.07}},{"type":"Feature","id":"ais_par3.157235","geometry":{"type":"Polygon","coordinates":[[[12.4617,55.8541],[12.4618,55.854],[12.462,55.8537],[12.4619,55.8536],[12.4617,55.8536],[12.4615,55.8538],[12.4614,55.8539],[12.4615,55.854],[12.4617,55.8541]]]},"properties":{"sourceId":"ais_par3.157235","a_type":5120,"hectares":0.109}},{"type":"Feature","id":"ais_par3.157236","geometry":{"type":"Polygon","coordinates":[[[12.4632,55.8538],[12.4633,55.8538],[12.4634,55.8537],[12.4634,55.8536],[12.4631,55.8535],[12.4629,55.8536],[12.4628,55.8537],[12.4629,55.8538],[12.4631,55.8538],[12.4632,55.8538]]]},"properties":{"sourceId":"ais_par3.157236","a_type":5120,"hectares":0.09}},{"type":"Feature","id":"ais_par3.157237","geometry":{"type":"Polygon","coordinates":[[[12.466,55.8533],[12.466,55.8533],[12.466,55.8532],[12.4659,55.8532],[12.4658,55.8532],[12.4657,55.8532],[12.4657,55.8532],[12.4657,55.8533],[12.4658,55.8533],[12.466,55.8533]]]},"properties":{"sourceId":"ais_par3.157237","a_type":5120,"hectares":0.029}},{"type":"Feature","id":"ais_par3.157238","geometry":{"type":"Polygon","coordinates":[[[12.4553,55.8542],[12.4554,55.8542],[12.4555,55.8542],[12.4556,55.8542],[12.4556,55.8541],[12.4555,55.854],[12.4555,55.854],[12.4553,55.854],[12.4552,55.854],[12.4552,55.8542],[12.4553,55.8542]]]},"properties":{"sourceId":"ais_par3.157238","a_type":5120,"hectares":0.058}},{"type":"Feature","id":"ais_par3.157239","geometry":{"type":"Polygon","coordinates":[[[12.451,55.8585],[12.451,55.8584],[12.451,55.8582],[12.4509,55.8582],[12.4509,55.8582],[12.4508,55.8583],[12.4508,55.8584],[12.4509,55.8585],[12.451,55.8585]]]},"properties":{"sourceId":"ais_par3.157239","a_type":5120,"hectares":0.038}},{"type":"Feature","id":"ais_par3.157303","geometry":{"type":"Polygon","coordinates":[[[12.4254,55.856],[12.4256,55.856],[12.4258,55.8559],[12.4258,55.8559],[12.4256,55.8558],[12.4255,55.8557],[12.4254,55.8557],[12.4253,55.8558],[12.425,55.8559],[12.425,55.8559],[12.4251,55.856],[12.4254,55.856]]]},"properties":{"sourceId":"ais_par3.157303","a_type":5120,"hectares":0.093}},{"type":"Feature","id":"ais_par3.157304","geometry":{"type":"Polygon","coordinates":[[[12.4241,55.8564],[12.4243,55.8564],[12.4244,55.8561],[12.4242,55.856],[12.424,55.856],[12.4237,55.8562],[12.4238,55.8563],[12.4239,55.8564],[12.4241,55.8564]]]},"properties":{"sourceId":"ais_par3.157304","a_type":5120,"hectares":0.134}},{"type":"Feature","id":"ais_par3.157305","geometry":{"type":"Polygon","coordinates":[[[12.4292,55.8572],[12.4293,55.8573],[12.4294,55.8574],[12.4295,55.8573],[12.4295,55.8572],[12.4295,55.857],[12.4295,55.8569],[12.4294,55.8568],[12.4292,55.8567],[12.429,55.8567],[12.4289,55.8568],[12.4289,55.857],[12.429,55.8571],[12.429,55.8572],[12.4292,55.8572]]]},"properties":{"sourceId":"ais_par3.157305","a_type":5120,"hectares":0.193}},{"type":"Feature","id":"ais_par3.157306","geometry":{"type":"Polygon","coordinates":[[[12.4374,55.8544],[12.4375,55.8544],[12.4377,55.8544],[12.4379,55.8544],[12.438,55.8542],[12.4379,55.8542],[12.4378,55.8542],[12.4376,55.8542],[12.4374,55.8543],[12.4374,55.8543],[12.4374,55.8544],[12.4374,55.8544]]]},"properties":{"sourceId":"ais_par3.157306","a_type":5120,"hectares":0.082}},{"type":"Feature","id":"ais_par3.157307","geometry":{"type":"Polygon","coordinates":[[[12.433,55.8613],[12.4334,55.8613],[12.4338,55.8613],[12.4337,55.8612],[12.4335,55.861],[12.4333,55.8611],[12.4331,55.8611],[12.4329,55.8611],[12.4328,55.8612],[12.4327,55.8612],[12.433,55.8613]]]},"properties":{"sourceId":"ais_par3.157307","a_type":5120,"hectares":0.138}},{"type":"Feature","id":"ais_par3.157308","geometry":{"type":"Polygon","coordinates":[[[12.4201,55.8632],[12.4202,55.8631],[12.4203,55.8629],[12.4202,55.8629],[12.42,55.8629],[12.4199,55.8631],[12.4199,55.8632],[12.42,55.8632],[12.4201,55.8632]]]},"properties":{"sourceId":"ais_par3.157308","a_type":5120,"hectares":0.058}},{"type":"Feature","id":"ais_par3.157309","geometry":{"type":"Polygon","coordinates":[[[12.4207,55.8622],[12.4208,55.8622],[12.4208,55.862],[12.4208,55.8619],[12.4207,55.8619],[12.4206,55.8619],[12.4205,55.862],[12.4205,55.8621],[12.4207,55.8622]]]},"properties":{"sourceId":"ais_par3.157309","a_type":5120,"hectares":0.049}},{"type":"Feature","id":"ais_par3.157337","geometry":{"type":"Polygon","coordinates":[[[12.4639,55.8519],[12.464,55.8519],[12.4642,55.8518],[12.4643,55.8517],[12.4642,55.8516],[12.4641,55.8516],[12.4639,55.8517],[12.4638,55.8517],[12.4638,55.8518],[12.4638,55.8519],[12.4639,55.8519]]]},"properties":{"sourceId":"ais_par3.157337","a_type":5120,"hectares":0.091}},{"type":"Feature","id":"ais_par3.157338","geometry":{"type":"Polygon","coordinates":[[[12.465,55.8509],[12.4651,55.8509],[12.4652,55.8508],[12.4654,55.8507],[12.4655,55.8505],[12.4655,55.8503],[12.4655,55.8502],[12.4653,55.8502],[12.4653,55.8503],[12.4653,55.8504],[12.4653,55.8506],[12.4651,55.8506],[12.4649,55.8506],[12.465,55.8509]]]},"properties":{"sourceId":"ais_par3.157338","a_type":5120,"hectares":0.113}},{"type":"Feature","id":"ais_par3.157340","geometry":{"type":"Polygon","coordinates":[[[12.4713,55.859],[12.4713,55.8589],[12.4712,55.8588],[12.4711,55.8589],[12.471,55.859],[12.4711,55.8591],[12.4712,55.8591],[12.4713,55.859]]]},"properties":{"sourceId":"ais_par3.157340","a_type":5120,"hectares":0.036}},{"type":"Feature","id":"ais_par3.157341","geometry":{"type":"Polygon","coordinates":[[[12.4925,55.8584],[12.4926,55.8583],[12.4925,55.8582],[12.4923,55.8581],[12.4922,55.8581],[12.4921,55.8582],[12.4923,55.8583],[12.4924,55.8584],[12.4925,55.8584]]]},"properties":{"sourceId":"ais_par3.157341","a_type":5120,"hectares":0.072}},{"type":"Feature","id":"ais_par3.157342","geometry":{"type":"Polygon","coordinates":[[[12.4909,55.861],[12.491,55.861],[12.491,55.861],[12.4911,55.861],[12.4911,55.8609],[12.4911,55.8609],[12.4911,55.8609],[12.491,55.8608],[12.491,55.8608],[12.4909,55.8608],[12.4909,55.8608],[12.4908,55.8609],[12.4908,55.8609],[12.4908,55.8609],[12.4908,55.861],[12.4909,55.861],[12.4909,55.861]]]},"properties":{"sourceId":"ais_par3.157342","a_type":5120,"hectares":0.028}},{"type":"Feature","id":"ais_par3.157343","geometry":{"type":"Polygon","coordinates":[[[12.4871,55.8648],[12.4871,55.8648],[12.4872,55.8648],[12.4872,55.8648],[12.4872,55.8647],[12.4872,55.8647],[12.4872,55.8647],[12.4872,55.8646],[12.4871,55.8646],[12.4871,55.8646],[12.487,55.8647],[12.487,55.8647],[12.4869,55.8647],[12.4869,55.8647],[12.487,55.8648],[12.487,55.8648],[12.4871,55.8648]]]},"properties":{"sourceId":"ais_par3.157343","a_type":5120,"hectares":0.028}},{"type":"Feature","id":"ais_par3.157344","geometry":{"type":"Polygon","coordinates":[[[12.496,55.8664],[12.496,55.8664],[12.4961,55.8664],[12.4961,55.8664],[12.4961,55.8664],[12.4961,55.8663],[12.4961,55.8663],[12.4961,55.8663],[12.496,55.8663],[12.496,55.8663],[12.4959,55.8663],[12.4959,55.8663],[12.4958,55.8663],[12.4958,55.8664],[12.4959,55.8664],[12.4959,55.8664],[12.496,55.8664]]]},"properties":{"sourceId":"ais_par3.157344","a_type":5120,"hectares":0.028}},{"type":"Feature","id":"ais_par3.157345","geometry":{"type":"Polygon","coordinates":[[[12.5227,55.8594],[12.5227,55.8594],[12.5228,55.8594],[12.5228,55.8593],[12.5229,55.8593],[12.5229,55.8593],[12.5228,55.8592],[12.5228,55.8592],[12.5227,55.8592],[12.5227,55.8592],[12.5226,55.8592],[12.5226,55.8592],[12.5226,55.8593],[12.5226,55.8593],[12.5226,55.8593],[12.5226,55.8594],[12.5227,55.8594]]]},"properties":{"sourceId":"ais_par3.157345","a_type":5120,"hectares":0.028}},{"type":"Feature","id":"ais_par3.157346","geometry":{"type":"Polygon","coordinates":[[[12.5116,55.8596],[12.5116,55.8596],[12.5117,55.8596],[12.5117,55.8595],[12.5117,55.8595],[12.5117,55.8595],[12.5117,55.8594],[12.5117,55.8594],[12.5116,55.8594],[12.5115,55.8594],[12.5115,55.8594],[12.5114,55.8594],[12.5114,55.8595],[12.5114,55.8595],[12.5114,55.8595],[12.5115,55.8596],[12.5116,55.8596]]]},"properties":{"sourceId":"ais_par3.157346","a_type":5120,"hectares":0.028}},{"type":"Feature","id":"ais_par3.157400","geometry":{"type":"Polygon","coordinates":[[[12.4059,55.8525],[12.4059,55.8527],[12.406,55.8528],[12.406,55.8529],[12.4061,55.853],[12.4062,55.8529],[12.4063,55.8529],[12.4061,55.8527],[12.4063,55.8526],[12.4062,55.8525],[12.4061,55.8525],[12.4059,55.8524],[12.4059,55.8525]]]},"properties":{"sourceId":"ais_par3.157400","a_type":5120,"hectares":0.103}},{"type":"Feature","id":"ais_par3.157401","geometry":{"type":"Polygon","coordinates":[[[12.4066,55.8529],[12.4067,55.8529],[12.407,55.8529],[12.4073,55.8528],[12.4074,55.8527],[12.4072,55.8527],[12.4071,55.8527],[12.407,55.8527],[12.4068,55.8528],[12.4066,55.8528],[12.4065,55.8529],[12.4065,55.8529],[12.4065,55.853],[12.4066,55.8529]]]},"properties":{"sourceId":"ais_par3.157401","a_type":5120,"hectares":0.075}},{"type":"Feature","id":"ais_par3.157402","geometry":{"type":"Polygon","coordinates":[[[12.4091,55.8529],[12.4091,55.8529],[12.4092,55.8529],[12.4092,55.8529],[12.4093,55.8528],[12.4093,55.8528],[12.4092,55.8528],[12.4092,55.8527],[12.4091,55.8527],[12.4091,55.8527],[12.409,55.8527],[12.409,55.8528],[12.409,55.8528],[12.409,55.8528],[12.409,55.8529],[12.409,55.8529],[12.4091,55.8529]]]},"properties":{"sourceId":"ais_par3.157402","a_type":5120,"hectares":0.028}},{"type":"Feature","id":"ais_par3.157403","geometry":{"type":"Polygon","coordinates":[[[12.4081,55.8547],[12.4081,55.8547],[12.4082,55.8546],[12.4082,55.8546],[12.4082,55.8546],[12.4082,55.8546],[12.4082,55.8545],[12.4082,55.8545],[12.4081,55.8545],[12.4081,55.8545],[12.408,55.8545],[12.408,55.8545],[12.4079,55.8546],[12.408,55.8546],[12.408,55.8546],[12.408,55.8546],[12.4081,55.8547]]]},"properties":{"sourceId":"ais_par3.157403","a_type":5120,"hectares":0.028}},{"type":"Feature","id":"ais_par3.157414","geometry":{"type":"Polygon","coordinates":[[[12.3952,55.8542],[12.3954,55.8541],[12.3956,55.8541],[12.3957,55.854],[12.3957,55.8539],[12.3955,55.8539],[12.3952,55.8539],[12.3951,55.854],[12.3951,55.854],[12.3951,55.8541],[12.3952,55.8542]]]},"properties":{"sourceId":"ais_par3.157414","a_type":5120,"hectares":0.087}},{"type":"Feature","id":"ais_par3.157415","geometry":{"type":"Polygon","coordinates":[[[12.4017,55.8571],[12.4018,55.8571],[12.402,55.857],[12.4021,55.8569],[12.4019,55.8568],[12.4017,55.8568],[12.4015,55.8569],[12.4013,55.8569],[12.4012,55.857],[12.4012,55.8571],[12.4014,55.8572],[12.4017,55.8571]]]},"properties":{"sourceId":"ais_par3.157415","a_type":5120,"hectares":0.137}},{"type":"Feature","id":"ais_par3.157416","geometry":{"type":"Polygon","coordinates":[[[12.3974,55.8587],[12.3975,55.8587],[12.3976,55.8587],[12.3976,55.8587],[12.3976,55.8586],[12.3976,55.8586],[12.3976,55.8586],[12.3975,55.8586],[12.3975,55.8585],[12.3974,55.8585],[12.3974,55.8586],[12.3973,55.8586],[12.3973,55.8586],[12.3973,55.8586],[12.3973,55.8587],[12.3974,55.8587],[12.3974,55.8587]]]},"properties":{"sourceId":"ais_par3.157416","a_type":5120,"hectares":0.028}},{"type":"Feature","id":"ais_par3.157417","geometry":{"type":"Polygon","coordinates":[[[12.3936,55.8628],[12.3939,55.8627],[12.3941,55.8625],[12.3941,55.8624],[12.3939,55.8623],[12.3935,55.8624],[12.3932,55.8625],[12.3931,55.8626],[12.3932,55.8628],[12.3934,55.8628],[12.3936,55.8628]]]},"properties":{"sourceId":"ais_par3.157417","a_type":5120,"hectares":0.234}},{"type":"Feature","id":"ais_par3.157418","geometry":{"type":"Polygon","coordinates":[[[12.3978,55.8643],[12.3978,55.8642],[12.3978,55.8641],[12.3979,55.8639],[12.3978,55.8639],[12.3977,55.8638],[12.3976,55.8638],[12.3975,55.8638],[12.3974,55.8638],[12.3974,55.864],[12.3976,55.8642],[12.3977,55.8643],[12.3978,55.8643]]]},"properties":{"sourceId":"ais_par3.157418","a_type":5120,"hectares":0.112}},{"type":"Feature","id":"ais_par3.157419","geometry":{"type":"Polygon","coordinates":[[[12.3964,55.8628],[12.3966,55.8627],[12.3966,55.8626],[12.3964,55.8626],[12.3961,55.8626],[12.396,55.8627],[12.396,55.8628],[12.3961,55.8628],[12.3964,55.8628]]]},"properties":{"sourceId":"ais_par3.157419","a_type":5120,"hectares":0.068}},{"type":"Feature","id":"ais_par3.157420","geometry":{"type":"Polygon","coordinates":[[[12.3998,55.865],[12.4,55.8651],[12.4001,55.865],[12.4002,55.8649],[12.4003,55.8647],[12.4003,55.8647],[12.4,55.8647],[12.3998,55.8648],[12.3996,55.8649],[12.3998,55.865]]]},"properties":{"sourceId":"ais_par3.157420","a_type":5120,"hectares":0.118}},{"type":"Feature","id":"ais_par3.157421","geometry":{"type":"Polygon","coordinates":[[[12.3991,55.8669],[12.3999,55.867],[12.4003,55.8669],[12.4004,55.8668],[12.4003,55.8665],[12.3996,55.8666],[12.3991,55.8666],[12.3985,55.8667],[12.3985,55.8669],[12.3986,55.8669],[12.3991,55.8669]]]},"properties":{"sourceId":"ais_par3.157421","a_type":5120,"hectares":0.439}},{"type":"Feature","id":"ais_par3.157422","geometry":{"type":"Polygon","coordinates":[[[12.4011,55.867],[12.4014,55.867],[12.4016,55.867],[12.4016,55.867],[12.4016,55.8669],[12.4019,55.8669],[12.4018,55.8672],[12.4018,55.8673],[12.4017,55.8673],[12.4018,55.8675],[12.402,55.8676],[12.402,55.8676],[12.402,55.8677],[12.4028,55.8676],[12.4028,55.8676],[12.4032,55.8676],[12.4031,55.8671],[12.403,55.8669],[12.403,55.8669],[12.4028,55.8667],[12.4025,55.8665],[12.4023,55.8665],[12.4023,55.8667],[12.4021,55.8669],[12.402,55.8669],[12.4018,55.8668],[12.4017,55.8667],[12.402,55.8667],[12.4018,55.8665],[12.402,55.8665],[12.402,55.8664],[12.4016,55.8664],[12.4015,55.8665],[12.4014,55.8664],[12.4013,55.8664],[12.4012,55.8665],[12.401,55.8666],[12.4011,55.867]]]},"properties":{"sourceId":"ais_par3.157422","a_type":5120,"hectares":1.147}},{"type":"Feature","id":"ais_par3.158213","geometry":{"type":"Polygon","coordinates":[[[12.4917,55.8649],[12.4918,55.8649],[12.492,55.8649],[12.492,55.8648],[12.4921,55.8646],[12.4922,55.8645],[12.4925,55.8644],[12.4925,55.8642],[12.4926,55.8642],[12.493,55.8642],[12.4931,55.8644],[12.4931,55.8644],[12.4936,55.8644],[12.4937,55.8645],[12.4941,55.8645],[12.4943,55.8643],[12.4948,55.8643],[12.4949,55.8641],[12.4949,55.8637],[12.4947,55.8635],[12.4944,55.8634],[12.4941,55.8634],[12.494,55.8633],[12.4938,55.8633],[12.4937,55.8631],[12.4934,55.863],[12.4932,55.863],[12.493,55.8629],[12.4926,55.8629],[12.4923,55.8629],[12.4921,55.8629],[12.4919,55.8628],[12.4917,55.8628],[12.4916,55.863],[12.4905,55.8631],[12.4902,55.8633],[12.49,55.8635],[12.49,55.8637],[12.4901,55.8639],[12.4904,55.8638],[12.4907,55.8638],[12.491,55.8639],[12.491,55.8643],[12.4911,55.8645],[12.4914,55.8646],[12.4915,55.8647],[12.4916,55.8648],[12.4917,55.8649]]]},"properties":{"sourceId":"ais_par3.158213","a_type":5120,"hectares":4.193}},{"type":"Feature","id":"ais_par3.158218","geometry":{"type":"Polygon","coordinates":[[[12.5454,55.8767],[12.5455,55.8767],[12.5457,55.8768],[12.5458,55.8767],[12.5458,55.8767],[12.5457,55.8766],[12.5456,55.8766],[12.5453,55.8766],[12.5452,55.8766],[12.5451,55.8767],[12.5452,55.8767],[12.5454,55.8767]]]},"properties":{"sourceId":"ais_par3.158218","a_type":5120,"hectares":0.069}},{"type":"Feature","id":"ais_par3.158823","geometry":{"type":"Polygon","coordinates":[[[12.4688,55.8639],[12.4688,55.8636],[12.4688,55.8636],[12.4687,55.8635],[12.4686,55.8635],[12.4685,55.8635],[12.4686,55.8636],[12.4686,55.8637],[12.4685,55.8637],[12.4684,55.8637],[12.4684,55.8637],[12.4685,55.8638],[12.4686,55.8638],[12.4687,55.8639],[12.4688,55.8639]]]},"properties":{"sourceId":"ais_par3.158823","a_type":5120,"hectares":0.068}},{"type":"Feature","id":"ais_par3.158850","geometry":{"type":"Polygon","coordinates":[[[12.3987,55.8846],[12.3988,55.8846],[12.3986,55.8845],[12.3985,55.8846],[12.3985,55.8847],[12.3987,55.8846]]]},"properties":{"sourceId":"ais_par3.158850","a_type":5120,"hectares":0.021}},{"type":"Feature","id":"ais_par3.158851","geometry":{"type":"Polygon","coordinates":[[[12.404,55.8687],[12.404,55.8684],[12.4038,55.8685],[12.4039,55.8687],[12.404,55.8687],[12.404,55.8687]]]},"properties":{"sourceId":"ais_par3.158851","a_type":5120,"hectares":0.036}},{"type":"Feature","id":"ais_par3.159234","geometry":{"type":"Polygon","coordinates":[[[12.4221,55.8714],[12.4229,55.8717],[12.4233,55.8718],[12.4248,55.8718],[12.426,55.8718],[12.4266,55.8717],[12.4268,55.8716],[12.4275,55.8715],[12.4279,55.8714],[12.4287,55.8713],[12.4293,55.8713],[12.4301,55.8713],[12.4305,55.8713],[12.4312,55.8712],[12.4327,55.8708],[12.4337,55.8708],[12.4352,55.8708],[12.4363,55.8708],[12.4375,55.8707],[12.4384,55.8706],[12.439,55.8705],[12.44,55.8704],[12.4406,55.8705],[12.4413,55.8707],[12.442,55.8706],[12.4427,55.8706],[12.4441,55.8703],[12.4452,55.8702],[12.4464,55.8701],[12.4482,55.8701],[12.4491,55.8702],[12.4494,55.8701],[12.4508,55.8702],[12.4514,55.8702],[12.4524,55.8703],[12.4535,55.8703],[12.4543,55.8703],[12.4549,55.8703],[12.4556,55.8703],[12.4566,55.8706],[12.4574,55.8708],[12.4583,55.8709],[12.4591,55.8711],[12.4598,55.8714],[12.4608,55.8716],[12.4621,55.8723],[12.463,55.8725],[12.4638,55.8725],[12.4644,55.8725],[12.4652,55.8722],[12.4658,55.8717],[12.466,55.8715],[12.4662,55.8715],[12.4665,55.8718],[12.4668,55.8719],[12.4672,55.8721],[12.468,55.8724],[12.4687,55.8726],[12.4691,55.8727],[12.4696,55.8724],[12.4695,55.8723],[12.4695,55.8722],[12.4694,55.8721],[12.4692,55.872],[12.4692,55.8718],[12.4692,55.8716],[12.469,55.8713],[12.4686,55.8708],[12.4684,55.8705],[12.4686,55.8702],[12.4684,55.8701],[12.4681,55.8698],[12.4676,55.8694],[12.4675,55.8691],[12.4671,55.8688],[12.4668,55.8687],[12.4668,55.8684],[12.4668,55.8681],[12.4671,55.8679],[12.467,55.8677],[12.4673,55.8674],[12.4672,55.8672],[12.4671,55.8671],[12.4671,55.8666],[12.4668,55.8661],[12.4662,55.8658],[12.4654,55.8653],[12.4647,55.8646],[12.464,55.8644],[12.4633,55.8642],[12.4622,55.8642],[12.4616,55.8641],[12.4612,55.864],[12.4609,55.8639],[12.4606,55.8637],[12.4602,55.8637],[12.4597,55.8637],[12.4592,55.8638],[12.4586,55.8639],[12.458,55.8641],[12.4575,55.8643],[12.457,55.8644],[12.4565,55.8644],[12.4563,55.8644],[12.4559,55.8644],[12.4553,55.8644],[12.4548,55.8644],[12.4544,55.8645],[12.4541,55.8644],[12.4535,55.8645],[12.4531,55.8645],[12.4526,55.8643],[12.4525,55.864],[12.4527,55.8636],[12.4527,55.8633],[12.4525,55.8629],[12.4526,55.8623],[12.4526,55.8619],[12.4527,55.8618],[12.4527,55.8617],[12.4525,55.8616],[12.4522,55.8615],[12.4522,55.8614],[12.4518,55.8612],[12.4514,55.8611],[12.4511,55.861],[12.4507,55.861],[12.4505,55.8611],[12.4505,55.8611],[12.4504,55.8611],[12.4502,55.8611],[12.4497,55.8613],[12.4493,55.8613],[12.449,55.8614],[12.4486,55.8616],[12.4483,55.8615],[12.4479,55.8614],[12.4474,55.861],[12.4466,55.8606],[12.446,55.8605],[12.4453,55.8603],[12.4447,55.8603],[12.4442,55.8602],[12.4433,55.8602],[12.4429,55.86],[12.4426,55.8599],[12.4415,55.8599],[12.4412,55.8598],[12.4409,55.8598],[12.4396,55.8601],[12.4392,55.8602],[12.4388,55.8604],[12.4381,55.8605],[12.4378,55.8606],[12.4376,55.8608],[12.4374,55.861],[12.4371,55.8614],[12.437,55.8613],[12.4367,55.8614],[12.4363,55.8615],[12.4361,55.8615],[12.4358,55.8618],[12.4356,55.8618],[12.4348,55.8618],[12.434,55.8616],[12.4325,55.8616],[12.4319,55.8616],[12.4314,55.8618],[12.4312,55.8619],[12.4308,55.8621],[12.4304,55.8621],[12.4303,55.8622],[12.43,55.8626],[12.4297,55.8628],[12.4294,55.8628],[12.4291,55.8629],[12.4286,55.8628],[12.4278,55.8628],[12.4276,55.863],[12.4271,55.8631],[12.4266,55.8632],[12.4263,55.8631],[12.4257,55.8631],[12.425,55.863],[12.4242,55.863],[12.4237,55.863],[12.4231,55.8633],[12.4228,55.8634],[12.4222,55.8635],[12.422,55.8635],[12.4215,55.8634],[12.4213,55.8635],[12.421,55.8635],[12.4206,55.8636],[12.4201,55.8635],[12.4197,55.8636],[12.4194,55.8637],[12.4191,55.8641],[12.4191,55.8641],[12.4187,55.8643],[12.4181,55.8645],[12.4181,55.8648],[12.4184,55.865],[12.4188,55.8651],[12.4189,55.8654],[12.4186,55.8658],[12.4181,55.8661],[12.4181,55.8663],[12.4182,55.8664],[12.4189,55.8665],[12.4187,55.8669],[12.4191,55.8676],[12.4202,55.8682],[12.4203,55.8688],[12.4207,55.8693],[12.4211,55.8701],[12.4216,55.8702],[12.4214,55.8704],[12.4221,55.8714]]]},"properties":{"sourceId":"ais_par3.159234","a_type":5120,"hectares":284.199}},{"type":"Feature","id":"ais_par3.159236","geometry":{"type":"Polygon","coordinates":[[[12.5068,55.8796],[12.5075,55.8796],[12.5076,55.8795],[12.5078,55.8795],[12.5079,55.8795],[12.508,55.8796],[12.5083,55.8796],[12.5083,55.8794],[12.5082,55.8793],[12.5079,55.8793],[12.5075,55.8792],[12.507,55.8792],[12.5066,55.8793],[12.5066,55.8795],[12.5068,55.8796]]]},"properties":{"sourceId":"ais_par3.159236","a_type":5120,"hectares":0.36}},{"type":"Feature","id":"ais_par3.159237","geometry":{"type":"Polygon","coordinates":[[[12.5169,55.8797],[12.5172,55.8798],[12.5176,55.8798],[12.5178,55.8797],[12.5179,55.8795],[12.5173,55.8791],[12.5171,55.8789],[12.517,55.8787],[12.5169,55.8787],[12.5164,55.8788],[12.5159,55.8788],[12.5157,55.879],[12.5158,55.8791],[12.5162,55.8795],[12.5165,55.8797],[12.5169,55.8797]]]},"properties":{"sourceId":"ais_par3.159237","a_type":5120,"hectares":1.017}},{"type":"Feature","id":"ais_par3.159283","geometry":{"type":"Polygon","coordinates":[[[12.4089,55.9084],[12.4091,55.9083],[12.4092,55.9082],[12.4091,55.9081],[12.409,55.908],[12.4088,55.908],[12.4087,55.9081],[12.4086,55.9083],[12.4087,55.9084],[12.4089,55.9084]]]},"properties":{"sourceId":"ais_par3.159283","a_type":5120,"hectares":0.108}},{"type":"Feature","id":"ais_par3.159285","geometry":{"type":"Polygon","coordinates":[[[12.4741,55.9072],[12.4742,55.9072],[12.4744,55.9072],[12.4745,55.9071],[12.4745,55.907],[12.4745,55.907],[12.4744,55.9069],[12.4742,55.9069],[12.4741,55.907],[12.474,55.9071],[12.4741,55.9072]]]},"properties":{"sourceId":"ais_par3.159285","a_type":5120,"hectares":0.07}},{"type":"Feature","id":"ais_par3.159286","geometry":{"type":"Polygon","coordinates":[[[12.4759,55.9095],[12.476,55.9096],[12.4762,55.9096],[12.4763,55.9096],[12.4765,55.9095],[12.4766,55.9093],[12.4764,55.9092],[12.4763,55.9091],[12.4762,55.909],[12.476,55.9089],[12.4758,55.9089],[12.4757,55.909],[12.4758,55.9091],[12.4759,55.9093],[12.4759,55.9094],[12.4759,55.9095]]]},"properties":{"sourceId":"ais_par3.159286","a_type":5120,"hectares":0.277}},{"type":"Feature","id":"ais_par3.159288","geometry":{"type":"Polygon","coordinates":[[[12.4872,55.913],[12.4872,55.9131],[12.4873,55.9131],[12.4873,55.9131],[12.4874,55.9131],[12.4875,55.913],[12.4875,55.913],[12.4874,55.9129],[12.4874,55.9129],[12.4873,55.9129],[12.4872,55.9129],[12.4872,55.9129],[12.4872,55.913]]]},"properties":{"sourceId":"ais_par3.159288","a_type":5120,"hectares":0.036}},{"type":"Feature","id":"ais_par3.159294","geometry":{"type":"Polygon","coordinates":[[[12.5169,55.9141],[12.5169,55.9141],[12.517,55.914],[12.517,55.914],[12.5171,55.914],[12.5171,55.914],[12.517,55.9139],[12.517,55.9139],[12.5169,55.9139],[12.5169,55.9139],[12.5168,55.9139],[12.5168,55.9139],[12.5168,55.914],[12.5168,55.914],[12.5168,55.914],[12.5168,55.914],[12.5169,55.9141]]]},"properties":{"sourceId":"ais_par3.159294","a_type":5120,"hectares":0.028}},{"type":"Feature","id":"ais_par3.159295","geometry":{"type":"Polygon","coordinates":[[[12.5213,55.9137],[12.5214,55.9137],[12.5214,55.9137],[12.5215,55.9137],[12.5215,55.9136],[12.5215,55.9136],[12.5215,55.9136],[12.5214,55.9135],[12.5214,55.9135],[12.5213,55.9135],[12.5213,55.9135],[12.5212,55.9136],[12.5212,55.9136],[12.5212,55.9136],[12.5212,55.9137],[12.5213,55.9137],[12.5213,55.9137]]]},"properties":{"sourceId":"ais_par3.159295","a_type":5120,"hectares":0.028}},{"type":"Feature","id":"ais_par3.161990","geometry":{"type":"Polygon","coordinates":[[[12.4328,55.9046],[12.433,55.9046],[12.4332,55.9045],[12.4333,55.9044],[12.4331,55.9043],[12.4327,55.9044],[12.4327,55.9045],[12.4328,55.9046]]]},"properties":{"sourceId":"ais_par3.161990","a_type":5120,"hectares":0.091}},{"type":"Feature","id":"ais_par3.161991","geometry":{"type":"Polygon","coordinates":[[[12.4316,55.9044],[12.4316,55.9044],[12.4318,55.9046],[12.432,55.9046],[12.4322,55.9047],[12.4323,55.9047],[12.4323,55.9047],[12.4322,55.9046],[12.4324,55.9045],[12.4323,55.9044],[12.4321,55.9044],[12.4319,55.9042],[12.4319,55.9042],[12.4318,55.9042],[12.4316,55.9043],[12.4316,55.9043],[12.4316,55.9044]]]},"properties":{"sourceId":"ais_par3.161991","a_type":5120,"hectares":0.16}},{"type":"Feature","id":"ais_par3.161992","geometry":{"type":"Polygon","coordinates":[[[12.4313,55.9041],[12.4315,55.9042],[12.4316,55.9041],[12.4316,55.9041],[12.4315,55.904],[12.4315,55.9039],[12.4313,55.9038],[12.4311,55.9039],[12.4309,55.904],[12.4311,55.9041],[12.4313,55.9041]]]},"properties":{"sourceId":"ais_par3.161992","a_type":5120,"hectares":0.097}},{"type":"Feature","id":"ais_par3.161993","geometry":{"type":"Polygon","coordinates":[[[12.4502,55.8969],[12.4502,55.8968],[12.45,55.8967],[12.4497,55.8968],[12.4498,55.897],[12.4502,55.8969]]]},"properties":{"sourceId":"ais_par3.161993","a_type":5120,"hectares":0.062}},{"type":"Feature","id":"ais_par3.161995","geometry":{"type":"Polygon","coordinates":[[[12.3949,55.892],[12.3951,55.892],[12.3953,55.8921],[12.3953,55.8921],[12.3955,55.8921],[12.3956,55.8921],[12.3956,55.892],[12.3958,55.8919],[12.396,55.8919],[12.396,55.8916],[12.3955,55.8914],[12.3953,55.8915],[12.3953,55.8915],[12.3953,55.8915],[12.3953,55.8916],[12.3951,55.8917],[12.395,55.8918],[12.3949,55.8918],[12.3949,55.892]]]},"properties":{"sourceId":"ais_par3.161995","a_type":5120,"hectares":0.347}},{"type":"Feature","id":"ais_par3.161996","geometry":{"type":"Polygon","coordinates":[[[12.3989,55.8902],[12.3991,55.8902],[12.3991,55.8901],[12.3991,55.89],[12.399,55.8899],[12.3986,55.8898],[12.3982,55.8898],[12.3976,55.8898],[12.3976,55.8899],[12.3977,55.89],[12.3979,55.89],[12.3981,55.89],[12.3984,55.89],[12.3985,55.89],[12.3986,55.8901],[12.3987,55.8902],[12.3988,55.8903],[12.3989,55.8902]]]},"properties":{"sourceId":"ais_par3.161996","a_type":5120,"hectares":0.236}},{"type":"Feature","id":"ais_par3.162020","geometry":{"type":"Polygon","coordinates":[[[12.5002,55.906],[12.5004,55.906],[12.5004,55.9059],[12.5003,55.9058],[12.5002,55.9058],[12.5001,55.906],[12.5002,55.906]]]},"properties":{"sourceId":"ais_par3.162020","a_type":5120,"hectares":0.031}},{"type":"Feature","id":"ais_par3.162021","geometry":{"type":"Polygon","coordinates":[[[12.4916,55.9068],[12.4916,55.9069],[12.4918,55.907],[12.4919,55.9069],[12.4921,55.9068],[12.4921,55.9067],[12.492,55.9066],[12.4919,55.9066],[12.4918,55.9067],[12.4918,55.9067],[12.4916,55.9068]]]},"properties":{"sourceId":"ais_par3.162021","a_type":5120,"hectares":0.085}},{"type":"Feature","id":"ais_par3.162022","geometry":{"type":"Polygon","coordinates":[[[12.4782,55.9047],[12.4782,55.9048],[12.4782,55.9049],[12.4783,55.9049],[12.4784,55.9049],[12.4784,55.9046],[12.4783,55.9045],[12.4781,55.9045],[12.478,55.9045],[12.4778,55.9046],[12.4778,55.9046],[12.4779,55.9047],[12.478,55.9047],[12.4781,55.9047],[12.4782,55.9047]]]},"properties":{"sourceId":"ais_par3.162022","a_type":5120,"hectares":0.094}},{"type":"Feature","id":"ais_par3.162023","geometry":{"type":"Polygon","coordinates":[[[12.4737,55.9144],[12.4738,55.9143],[12.4738,55.9142],[12.4738,55.914],[12.4736,55.9138],[12.4734,55.9139],[12.4733,55.9139],[12.4733,55.914],[12.4734,55.9143],[12.4735,55.9143],[12.4737,55.9144]]]},"properties":{"sourceId":"ais_par3.162023","a_type":5120,"hectares":0.144}},{"type":"Feature","id":"ais_par3.162059","geometry":{"type":"Polygon","coordinates":[[[12.4627,55.914],[12.4628,55.9139],[12.4628,55.9139],[12.4626,55.9138],[12.4625,55.9138],[12.4624,55.9138],[12.4624,55.9139],[12.4625,55.914],[12.4627,55.914]]]},"properties":{"sourceId":"ais_par3.162059","a_type":5120,"hectares":0.054}},{"type":"Feature","id":"ais_par3.162060","geometry":{"type":"Polygon","coordinates":[[[12.468,55.9133],[12.4683,55.9132],[12.4684,55.9132],[12.4686,55.913],[12.4684,55.9128],[12.4682,55.9128],[12.4681,55.9128],[12.4681,55.913],[12.4681,55.9131],[12.468,55.9132],[12.468,55.9133]]]},"properties":{"sourceId":"ais_par3.162060","a_type":5120,"hectares":0.116}},{"type":"Feature","id":"ais_par3.162061","geometry":{"type":"Polygon","coordinates":[[[12.4673,55.912],[12.4674,55.9121],[12.4675,55.9122],[12.4676,55.9122],[12.4676,55.9121],[12.4676,55.9121],[12.4676,55.9119],[12.4676,55.9119],[12.4675,55.9119],[12.4674,55.9119],[12.4673,55.912],[12.4673,55.912]]]},"properties":{"sourceId":"ais_par3.162061","a_type":5120,"hectares":0.051}},{"type":"Feature","id":"ais_par3.162062","geometry":{"type":"Polygon","coordinates":[[[12.4691,55.9085],[12.4692,55.9085],[12.4692,55.9085],[12.4693,55.9084],[12.4693,55.9084],[12.4693,55.9084],[12.4693,55.9083],[12.4692,55.9083],[12.4691,55.9083],[12.4691,55.9083],[12.469,55.9083],[12.469,55.9083],[12.469,55.9084],[12.469,55.9084],[12.469,55.9084],[12.469,55.9085],[12.4691,55.9085]]]},"properties":{"sourceId":"ais_par3.162062","a_type":5120,"hectares":0.028}},{"type":"Feature","id":"ais_par3.162063","geometry":{"type":"Polygon","coordinates":[[[12.4614,55.9092],[12.4615,55.9092],[12.4616,55.9092],[12.4617,55.9091],[12.4617,55.9091],[12.4617,55.9089],[12.4616,55.9089],[12.4614,55.9089],[12.4613,55.9089],[12.4614,55.9091],[12.4614,55.9092]]]},"properties":{"sourceId":"ais_par3.162063","a_type":5120,"hectares":0.067}},{"type":"Feature","id":"ais_par3.162064","geometry":{"type":"Polygon","coordinates":[[[12.4584,55.9086],[12.4582,55.9085],[12.4579,55.9085],[12.4578,55.9085],[12.4577,55.9086],[12.4577,55.9088],[12.4579,55.9088],[12.4584,55.9086]]]},"properties":{"sourceId":"ais_par3.162064","a_type":5120,"hectares":0.084}},{"type":"Feature","id":"ais_par3.162065","geometry":{"type":"Polygon","coordinates":[[[12.4544,55.9112],[12.4545,55.9111],[12.4544,55.9109],[12.4542,55.9109],[12.4541,55.911],[12.4541,55.9111],[12.4543,55.9112],[12.4544,55.9112]]]},"properties":{"sourceId":"ais_par3.162065","a_type":5120,"hectares":0.044}},{"type":"Feature","id":"ais_par3.162066","geometry":{"type":"Polygon","coordinates":[[[12.4517,55.9105],[12.4515,55.9104],[12.4511,55.9106],[12.4511,55.9107],[12.4512,55.9109],[12.4514,55.9109],[12.4515,55.9109],[12.4518,55.9108],[12.4521,55.9108],[12.4517,55.9105]]]},"properties":{"sourceId":"ais_par3.162066","a_type":5120,"hectares":0.226}},{"type":"Feature","id":"ais_par3.162067","geometry":{"type":"Polygon","coordinates":[[[12.4517,55.9136],[12.4518,55.9137],[12.4519,55.9138],[12.4521,55.9139],[12.4524,55.9139],[12.4525,55.9138],[12.4523,55.9137],[12.4521,55.9137],[12.4521,55.9135],[12.4519,55.9132],[12.4518,55.9132],[12.4517,55.9131],[12.4514,55.9132],[12.4513,55.9132],[12.4513,55.9135],[12.4513,55.9136],[12.4517,55.9136]]]},"properties":{"sourceId":"ais_par3.162067","a_type":5120,"hectares":0.322}},{"type":"Feature","id":"ais_par3.162068","geometry":{"type":"Polygon","coordinates":[[[12.4543,55.9134],[12.4544,55.9135],[12.4546,55.9135],[12.4548,55.9136],[12.4549,55.9136],[12.455,55.9135],[12.4549,55.9134],[12.4548,55.9134],[12.4547,55.9132],[12.4546,55.9132],[12.4544,55.9132],[12.4543,55.9133],[12.4543,55.9133],[12.4543,55.9134]]]},"properties":{"sourceId":"ais_par3.162068","a_type":5120,"hectares":0.118}},{"type":"Feature","id":"ais_par3.162069","geometry":{"type":"Polygon","coordinates":[[[12.4522,55.9153],[12.4522,55.9153],[12.4523,55.9154],[12.4524,55.9154],[12.4525,55.9153],[12.4525,55.9152],[12.4525,55.9151],[12.4524,55.9151],[12.4523,55.9152],[12.4522,55.9152],[12.4521,55.9151],[12.452,55.9152],[12.452,55.9152],[12.452,55.9153],[12.4522,55.9153]]]},"properties":{"sourceId":"ais_par3.162069","a_type":5120,"hectares":0.06}},{"type":"Feature","id":"ais_par3.162070","geometry":{"type":"Polygon","coordinates":[[[12.4531,55.9162],[12.4532,55.9162],[12.4533,55.9162],[12.4533,55.9162],[12.4532,55.9163],[12.4531,55.9163],[12.4531,55.9163],[12.4532,55.9164],[12.4533,55.9164],[12.4534,55.9164],[12.4536,55.9164],[12.4537,55.9163],[12.4536,55.9163],[12.4535,55.9163],[12.4535,55.9162],[12.4537,55.9161],[12.4537,55.9158],[12.4536,55.9157],[12.4535,55.9157],[12.4534,55.9157],[12.4532,55.9157],[12.4531,55.9157],[12.453,55.9157],[12.453,55.9159],[12.4529,55.9159],[12.4528,55.916],[12.4526,55.916],[12.4526,55.916],[12.4525,55.916],[12.4524,55.916],[12.4523,55.916],[12.4523,55.9161],[12.4525,55.9162],[12.4527,55.9162],[12.4528,55.9162],[12.4529,55.9162],[12.4531,55.9162]]]},"properties":{"sourceId":"ais_par3.162070","a_type":5120,"hectares":0.369}},{"type":"Feature","id":"ais_par3.162071","geometry":{"type":"Polygon","coordinates":[[[12.4544,55.9161],[12.4543,55.9163],[12.4542,55.9165],[12.4541,55.9166],[12.4543,55.9167],[12.4544,55.9167],[12.4546,55.9166],[12.4548,55.9166],[12.455,55.9167],[12.4553,55.9168],[12.4557,55.9168],[12.4558,55.9167],[12.4556,55.9165],[12.4554,55.9164],[12.4551,55.9164],[12.4549,55.9164],[12.4546,55.9165],[12.4546,55.9163],[12.4548,55.9162],[12.4548,55.916],[12.4546,55.9159],[12.4544,55.9161]]]},"properties":{"sourceId":"ais_par3.162071","a_type":5120,"hectares":0.399}},{"type":"Feature","id":"ais_par3.162072","geometry":{"type":"Polygon","coordinates":[[[12.443,55.9156],[12.4431,55.9156],[12.4432,55.9156],[12.4434,55.9156],[12.4434,55.9154],[12.4432,55.9152],[12.443,55.9152],[12.4429,55.9152],[12.4428,55.9153],[12.4428,55.9155],[12.443,55.9156]]]},"properties":{"sourceId":"ais_par3.162072","a_type":5120,"hectares":0.144}},{"type":"Feature","id":"ais_par3.162107","geometry":{"type":"Polygon","coordinates":[[[12.4186,55.9173],[12.4185,55.9172],[12.4182,55.9175],[12.4182,55.9176],[12.4187,55.9178],[12.4186,55.9173]]]},"properties":{"sourceId":"ais_par3.162107","a_type":5120,"hectares":0.104}},{"type":"Feature","id":"ais_par3.162108","geometry":{"type":"Polygon","coordinates":[[[12.4208,55.916],[12.4208,55.9161],[12.4209,55.9163],[12.421,55.9164],[12.4213,55.9166],[12.4215,55.9167],[12.4217,55.9167],[12.4221,55.9166],[12.422,55.9165],[12.4219,55.9164],[12.4217,55.9163],[12.4216,55.9162],[12.4216,55.9159],[12.4208,55.916]]]},"properties":{"sourceId":"ais_par3.162108","a_type":5120,"hectares":0.393}},{"type":"Feature","id":"ais_par3.162109","geometry":{"type":"Polygon","coordinates":[[[12.4136,55.9145],[12.4136,55.9145],[12.4139,55.9145],[12.4139,55.9142],[12.4137,55.9141],[12.4135,55.9141],[12.4133,55.9143],[12.4134,55.9144],[12.4136,55.9145]]]},"properties":{"sourceId":"ais_par3.162109","a_type":5120,"hectares":0.109}},{"type":"Feature","id":"ais_par3.162110","geometry":{"type":"Polygon","coordinates":[[[12.4133,55.9139],[12.4136,55.9139],[12.4139,55.9139],[12.4139,55.9138],[12.4138,55.9137],[12.4136,55.9136],[12.4135,55.9135],[12.4132,55.9135],[12.4129,55.9136],[12.4129,55.9137],[12.413,55.9139],[12.4133,55.9139]]]},"properties":{"sourceId":"ais_par3.162110","a_type":5120,"hectares":0.235}},{"type":"Feature","id":"ais_par3.162111","geometry":{"type":"Polygon","coordinates":[[[12.4131,55.913],[12.4135,55.9131],[12.4136,55.9133],[12.4136,55.9134],[12.4137,55.9134],[12.4138,55.9132],[12.414,55.9131],[12.4141,55.9128],[12.414,55.9125],[12.414,55.9124],[12.4136,55.9124],[12.4134,55.9125],[12.4133,55.9126],[12.413,55.9127],[12.4128,55.9129],[12.4128,55.9129],[12.4131,55.913]]]},"properties":{"sourceId":"ais_par3.162111","a_type":5120,"hectares":0.493}},{"type":"Feature","id":"ais_par3.162112","geometry":{"type":"Polygon","coordinates":[[[12.4129,55.9146],[12.413,55.9146],[12.4131,55.9146],[12.4131,55.9145],[12.4131,55.9145],[12.4131,55.9145],[12.4131,55.9144],[12.413,55.9144],[12.413,55.9144],[12.4129,55.9144],[12.4129,55.9144],[12.4128,55.9144],[12.4128,55.9145],[12.4128,55.9145],[12.4128,55.9145],[12.4129,55.9146],[12.4129,55.9146]]]},"properties":{"sourceId":"ais_par3.162112","a_type":5120,"hectares":0.028}},{"type":"Feature","id":"ais_par3.162113","geometry":{"type":"Polygon","coordinates":[[[12.4262,55.9132],[12.4265,55.9131],[12.4268,55.913],[12.4272,55.9129],[12.4273,55.9128],[12.4273,55.9127],[12.4272,55.9127],[12.427,55.9126],[12.4268,55.9125],[12.4268,55.9124],[12.4269,55.9123],[12.4268,55.9123],[12.4268,55.9122],[12.4268,55.9122],[12.4266,55.9121],[12.4264,55.912],[12.4263,55.9119],[12.4264,55.9116],[12.4261,55.9115],[12.4261,55.9115],[12.426,55.9119],[12.426,55.9122],[12.4259,55.9123],[12.4259,55.9123],[12.4259,55.9124],[12.4259,55.9126],[12.4259,55.9128],[12.4259,55.913],[12.4258,55.9131],[12.4259,55.9131],[12.4262,55.9132]]]},"properties":{"sourceId":"ais_par3.162113","a_type":5120,"hectares":0.909}},{"type":"Feature","id":"ais_par3.162114","geometry":{"type":"Polygon","coordinates":[[[12.4259,55.9136],[12.4259,55.9136],[12.4259,55.9137],[12.4259,55.9137],[12.4259,55.9138],[12.426,55.9139],[12.4261,55.9139],[12.4262,55.9138],[12.4262,55.9136],[12.4261,55.9134],[12.4259,55.9134],[12.4259,55.9136]]]},"properties":{"sourceId":"ais_par3.162114","a_type":5120,"hectares":0.082}},{"type":"Feature","id":"ais_par3.162115","geometry":{"type":"Polygon","coordinates":[[[12.4288,55.916],[12.429,55.9161],[12.4295,55.9163],[12.4299,55.9164],[12.4301,55.9164],[12.4303,55.9164],[12.4305,55.9163],[12.4304,55.9163],[12.4303,55.9162],[12.4301,55.9161],[12.4301,55.9161],[12.4301,55.9162],[12.43,55.9161],[12.4298,55.9161],[12.4296,55.9161],[12.4294,55.9161],[12.4293,55.916],[12.4293,55.916],[12.4293,55.9159],[12.4292,55.9159],[12.429,55.9159],[12.4289,55.9159],[12.4288,55.9159],[12.4288,55.916],[12.4288,55.916]]]},"properties":{"sourceId":"ais_par3.162115","a_type":5120,"hectares":0.227}},{"type":"Feature","id":"ais_par3.162116","geometry":{"type":"Polygon","coordinates":[[[12.4247,55.9152],[12.4248,55.9153],[12.425,55.9153],[12.4251,55.9153],[12.4252,55.9152],[12.4252,55.9152],[12.4253,55.9152],[12.4253,55.9152],[12.4254,55.9153],[12.4255,55.9153],[12.4257,55.9154],[12.426,55.9155],[12.4265,55.9157],[12.4267,55.9158],[12.427,55.9158],[12.4273,55.9159],[12.4275,55.9157],[12.4275,55.9157],[12.4274,55.9156],[12.4273,55.9155],[12.4271,55.9152],[12.4273,55.9151],[12.4274,55.9149],[12.4273,55.9148],[12.427,55.9147],[12.4269,55.9146],[12.4267,55.9146],[12.4266,55.9147],[12.4265,55.9148],[12.4264,55.9147],[12.4262,55.9146],[12.4261,55.9146],[12.426,55.9146],[12.4257,55.9146],[12.4255,55.9147],[12.4253,55.9147],[12.4251,55.9148],[12.425,55.9148],[12.425,55.9149],[12.4249,55.9149],[12.4248,55.9149],[12.4247,55.9149],[12.4247,55.9152]]]},"properties":{"sourceId":"ais_par3.162116","a_type":5120,"hectares":1.488}},{"type":"Feature","id":"ais_par3.162117","geometry":{"type":"Polygon","coordinates":[[[12.4267,55.9097],[12.4265,55.9098],[12.4264,55.9098],[12.4266,55.9099],[12.4267,55.9099],[12.4269,55.9099],[12.4271,55.9099],[12.4273,55.9098],[12.4273,55.9096],[12.4271,55.9096],[12.4269,55.9095],[12.4268,55.9096],[12.4268,55.9096],[12.4269,55.9097],[12.4268,55.9097],[12.4267,55.9097]]]},"properties":{"sourceId":"ais_par3.162117","a_type":5120,"hectares":0.139}},{"type":"Feature","id":"ais_par3.162118","geometry":{"type":"Polygon","coordinates":[[[12.4293,55.9092],[12.4292,55.9091],[12.4291,55.9091],[12.4289,55.9091],[12.4288,55.909],[12.4286,55.909],[12.4286,55.9091],[12.4287,55.9093],[12.4288,55.9094],[12.4287,55.9094],[12.4286,55.9095],[12.4284,55.9094],[12.4282,55.9094],[12.4281,55.9095],[12.4281,55.9095],[12.4282,55.9097],[12.4284,55.9097],[12.4286,55.9097],[12.4288,55.9097],[12.4292,55.9094],[12.4292,55.9093],[12.4293,55.9092]]]},"properties":{"sourceId":"ais_par3.162118","a_type":5120,"hectares":0.277}},{"type":"Feature","id":"ais_par3.162119","geometry":{"type":"Polygon","coordinates":[[[12.4347,55.9088],[12.4346,55.9088],[12.4345,55.9085],[12.4341,55.9085],[12.4339,55.9085],[12.4336,55.9086],[12.4336,55.9086],[12.4336,55.9087],[12.4339,55.9089],[12.4344,55.9089],[12.4347,55.909],[12.4347,55.9088]]]},"properties":{"sourceId":"ais_par3.162119","a_type":5120,"hectares":0.265}},{"type":"Feature","id":"ais_par3.162120","geometry":{"type":"Polygon","coordinates":[[[12.4349,55.912],[12.4351,55.912],[12.4353,55.9119],[12.4356,55.9119],[12.4357,55.9118],[12.4356,55.9117],[12.4355,55.9115],[12.4354,55.9114],[12.4353,55.9114],[12.4351,55.9115],[12.435,55.9116],[12.435,55.9117],[12.4349,55.9118],[12.4348,55.9119],[12.4348,55.912],[12.4349,55.912]]]},"properties":{"sourceId":"ais_par3.162120","a_type":5120,"hectares":0.227}},{"type":"Feature","id":"ais_par3.162121","geometry":{"type":"Polygon","coordinates":[[[12.4396,55.9107],[12.4398,55.9107],[12.44,55.9106],[12.44,55.9105],[12.4398,55.9104],[12.4395,55.9104],[12.4393,55.9104],[12.4394,55.9105],[12.4394,55.9106],[12.4396,55.9107]]]},"properties":{"sourceId":"ais_par3.162121","a_type":5120,"hectares":0.082}},{"type":"Feature","id":"ais_par3.162122","geometry":{"type":"Polygon","coordinates":[[[12.4435,55.9127],[12.4431,55.9115],[12.4429,55.9112],[12.4429,55.9109],[12.4426,55.9108],[12.4424,55.9107],[12.4422,55.9109],[12.4418,55.911],[12.4424,55.9113],[12.4429,55.9114],[12.443,55.9116],[12.4428,55.9117],[12.4425,55.9118],[12.4426,55.912],[12.443,55.9124],[12.4435,55.9127],[12.4435,55.9127]]]},"properties":{"sourceId":"ais_par3.162122","a_type":5120,"hectares":0.623}},{"type":"Feature","id":"ais_par3.162123","geometry":{"type":"Polygon","coordinates":[[[12.4399,55.912],[12.44,55.912],[12.4401,55.912],[12.4403,55.912],[12.4405,55.912],[12.4405,55.912],[12.4404,55.9119],[12.4402,55.9118],[12.44,55.9119],[12.4399,55.912]]]},"properties":{"sourceId":"ais_par3.162123","a_type":5120,"hectares":0.051}},{"type":"Feature","id":"ais_par3.162124","geometry":{"type":"Polygon","coordinates":[[[12.4397,55.9127],[12.44,55.9128],[12.4402,55.9127],[12.4405,55.9127],[12.4404,55.9125],[12.4405,55.9123],[12.4405,55.9122],[12.4401,55.9121],[12.4399,55.9121],[12.4399,55.9122],[12.4398,55.9123],[12.4396,55.9125],[12.4397,55.9127]]]},"properties":{"sourceId":"ais_par3.162124","a_type":5120,"hectares":0.297}},{"type":"Feature","id":"ais_par3.162125","geometry":{"type":"Polygon","coordinates":[[[12.4398,55.913],[12.4401,55.9131],[12.4401,55.9129],[12.4398,55.9128],[12.4396,55.9128],[12.4396,55.9129],[12.4398,55.9131],[12.4399,55.9131],[12.4398,55.913]]]},"properties":{"sourceId":"ais_par3.162125","a_type":5120,"hectares":0.062}},{"type":"Feature","id":"ais_par3.162126","geometry":{"type":"Polygon","coordinates":[[[12.4381,55.9128],[12.4381,55.9129],[12.4383,55.913],[12.4387,55.913],[12.4389,55.9129],[12.439,55.9127],[12.4393,55.9126],[12.4393,55.9124],[12.4389,55.9125],[12.4386,55.9124],[12.4383,55.9123],[12.4381,55.9122],[12.438,55.9123],[12.438,55.9124],[12.438,55.9126],[12.4381,55.9127],[12.4381,55.9128]]]},"properties":{"sourceId":"ais_par3.162126","a_type":5120,"hectares":0.437}},{"type":"Feature","id":"ais_par3.162127","geometry":{"type":"Polygon","coordinates":[[[12.4476,55.9079],[12.4478,55.908],[12.448,55.908],[12.4483,55.908],[12.4484,55.908],[12.4484,55.9079],[12.4481,55.9078],[12.4479,55.9077],[12.4478,55.9077],[12.4476,55.9077],[12.4476,55.9078],[12.4476,55.9079]]]},"properties":{"sourceId":"ais_par3.162127","a_type":5120,"hectares":0.122}},{"type":"Feature","id":"ais_par3.162128","geometry":{"type":"Polygon","coordinates":[[[12.4444,55.9076],[12.4446,55.9077],[12.4448,55.9077],[12.4449,55.9075],[12.4449,55.9075],[12.4448,55.9074],[12.4446,55.9073],[12.4444,55.9073],[12.4443,55.9074],[12.4443,55.9075],[12.4444,55.9076]]]},"properties":{"sourceId":"ais_par3.162128","a_type":5120,"hectares":0.111}},{"type":"Feature","id":"ais_par3.162129","geometry":{"type":"Polygon","coordinates":[[[12.4433,55.9059],[12.4433,55.9059],[12.4433,55.9061],[12.4434,55.9061],[12.4434,55.9063],[12.4434,55.9063],[12.4435,55.9064],[12.4436,55.9064],[12.4437,55.9063],[12.4438,55.9062],[12.4438,55.9061],[12.4439,55.9061],[12.4439,55.906],[12.4438,55.9059],[12.4438,55.9058],[12.4438,55.9057],[12.4436,55.9056],[12.4434,55.9056],[12.4432,55.9054],[12.4431,55.9055],[12.4432,55.9058],[12.4433,55.9059]]]},"properties":{"sourceId":"ais_par3.162129","a_type":5120,"hectares":0.274}},{"type":"Feature","id":"ais_par3.162130","geometry":{"type":"Polygon","coordinates":[[[12.441,55.9042],[12.441,55.9044],[12.4409,55.9046],[12.4409,55.9049],[12.4411,55.9049],[12.4412,55.9049],[12.4412,55.9048],[12.4412,55.9048],[12.4412,55.9047],[12.4413,55.9047],[12.4413,55.9045],[12.4413,55.9044],[12.4412,55.9042],[12.4411,55.9042],[12.441,55.9042]]]},"properties":{"sourceId":"ais_par3.162130","a_type":5120,"hectares":0.141}},{"type":"Feature","id":"ais_par3.162131","geometry":{"type":"Polygon","coordinates":[[[12.4409,55.9025],[12.4409,55.9026],[12.441,55.9027],[12.4412,55.9027],[12.4413,55.9027],[12.4413,55.9026],[12.4413,55.9024],[12.4414,55.9023],[12.4415,55.9022],[12.4414,55.9021],[12.4413,55.9021],[12.4412,55.9022],[12.441,55.9024],[12.4409,55.9025]]]},"properties":{"sourceId":"ais_par3.162131","a_type":5120,"hectares":0.139}},{"type":"Feature","id":"ais_par3.162132","geometry":{"type":"Polygon","coordinates":[[[12.4433,55.9034],[12.4433,55.9034],[12.4434,55.9034],[12.4436,55.9034],[12.4438,55.9033],[12.444,55.9032],[12.4441,55.903],[12.444,55.9028],[12.444,55.9028],[12.4441,55.9027],[12.4441,55.9026],[12.4439,55.9025],[12.4437,55.9025],[12.4434,55.9025],[12.4432,55.9025],[12.4431,55.9026],[12.4433,55.9028],[12.4433,55.9029],[12.4433,55.9032],[12.4433,55.9033],[12.4433,55.9034]]]},"properties":{"sourceId":"ais_par3.162132","a_type":5120,"hectares":0.476}},{"type":"Feature","id":"ais_par3.162133","geometry":{"type":"Polygon","coordinates":[[[12.4482,55.9006],[12.4484,55.9008],[12.4488,55.901],[12.4488,55.9011],[12.4487,55.9013],[12.4488,55.9014],[12.4489,55.9014],[12.4491,55.9015],[12.4493,55.9015],[12.4495,55.9016],[12.4496,55.9016],[12.4497,55.9015],[12.4498,55.9016],[12.4498,55.9017],[12.451,55.9019],[12.451,55.9018],[12.4508,55.9015],[12.4506,55.9014],[12.4505,55.9014],[12.4504,55.9014],[12.4503,55.9013],[12.4501,55.9011],[12.4496,55.9007],[12.4494,55.9005],[12.4494,55.9003],[12.4495,55.9003],[12.4496,55.9001],[12.4494,55.9001],[12.4492,55.9001],[12.4491,55.9003],[12.4489,55.9004],[12.4484,55.9004],[12.4482,55.9005],[12.4482,55.9006]]]},"properties":{"sourceId":"ais_par3.162133","a_type":5120,"hectares":1.358}},{"type":"Feature","id":"ais_par3.162134","geometry":{"type":"Polygon","coordinates":[[[12.4516,55.9],[12.4514,55.8991],[12.4513,55.8991],[12.4512,55.8992],[12.4512,55.8994],[12.4512,55.8997],[12.4513,55.8998],[12.4514,55.8999],[12.4516,55.9]]]},"properties":{"sourceId":"ais_par3.162134","a_type":5120,"hectares":0.172}},{"type":"Feature","id":"ais_par3.162135","geometry":{"type":"Polygon","coordinates":[[[12.4483,55.8983],[12.4484,55.8982],[12.4483,55.8979],[12.4482,55.8977],[12.4481,55.8977],[12.448,55.8978],[12.4478,55.8976],[12.448,55.8975],[12.4477,55.8972],[12.4471,55.8973],[12.4483,55.8983]]]},"properties":{"sourceId":"ais_par3.162135","a_type":5120,"hectares":0.345}},{"type":"Feature","id":"ais_par3.162136","geometry":{"type":"Polygon","coordinates":[[[12.4448,55.8986],[12.4449,55.8986],[12.4451,55.8986],[12.4452,55.8985],[12.4451,55.8984],[12.445,55.8984],[12.4448,55.8984],[12.4447,55.8984],[12.4446,55.8985],[12.4446,55.8986],[12.4448,55.8986]]]},"properties":{"sourceId":"ais_par3.162136","a_type":5120,"hectares":0.076}},{"type":"Feature","id":"ais_par3.162137","geometry":{"type":"Polygon","coordinates":[[[12.4419,55.899],[12.4423,55.899],[12.4426,55.899],[12.4428,55.8989],[12.4429,55.8987],[12.4428,55.8986],[12.4425,55.8985],[12.4423,55.8985],[12.442,55.8981],[12.442,55.8979],[12.4419,55.8977],[12.4417,55.8977],[12.4415,55.8978],[12.4415,55.898],[12.4414,55.8982],[12.4414,55.8983],[12.4412,55.8984],[12.4412,55.8985],[12.4415,55.8988],[12.4419,55.8989],[12.4419,55.899]]]},"properties":{"sourceId":"ais_par3.162137","a_type":5120,"hectares":0.784}},{"type":"Feature","id":"ais_par3.162138","geometry":{"type":"Polygon","coordinates":[[[12.4371,55.8996],[12.4373,55.8996],[12.4375,55.8996],[12.4377,55.8996],[12.4378,55.8994],[12.4378,55.8993],[12.4376,55.8993],[12.4374,55.8993],[12.4372,55.8993],[12.4371,55.8994],[12.4371,55.8996]]]},"properties":{"sourceId":"ais_par3.162138","a_type":5120,"hectares":0.14}},{"type":"Feature","id":"ais_par3.162139","geometry":{"type":"Polygon","coordinates":[[[12.4281,55.8997],[12.4283,55.8997],[12.4286,55.8997],[12.4287,55.8996],[12.4287,55.8994],[12.4288,55.8993],[12.4288,55.8992],[12.4287,55.8991],[12.4285,55.8991],[12.4283,55.8992],[12.4281,55.8993],[12.428,55.8995],[12.4279,55.8995],[12.4279,55.8996],[12.4281,55.8997]],[[12.4282,55.8995],[12.4281,55.8994],[12.4282,55.8993],[12.4283,55.8993],[12.4284,55.8993],[12.4285,55.8994],[12.4284,55.8995],[12.4282,55.8995]]]},"properties":{"sourceId":"ais_par3.162139","a_type":5120,"hectares":0.197}},{"type":"Feature","id":"ais_par3.162166","geometry":{"type":"Polygon","coordinates":[[[12.409,55.9066],[12.4091,55.9066],[12.4093,55.9065],[12.4094,55.9065],[12.4094,55.9063],[12.4094,55.9062],[12.4094,55.9061],[12.4091,55.9062],[12.4089,55.9063],[12.4088,55.9064],[12.4088,55.9065],[12.409,55.9066]]]},"properties":{"sourceId":"ais_par3.162166","a_type":5120,"hectares":0.125}},{"type":"Feature","id":"ais_par3.162140","geometry":{"type":"Polygon","coordinates":[[[12.4267,55.9006],[12.4268,55.9005],[12.4271,55.9004],[12.4272,55.9003],[12.4272,55.9002],[12.4271,55.9001],[12.427,55.9002],[12.4269,55.9001],[12.4268,55.9002],[12.4267,55.9002],[12.4266,55.9002],[12.4265,55.9003],[12.4265,55.9004],[12.4265,55.9004],[12.4266,55.9005],[12.4267,55.9006]]]},"properties":{"sourceId":"ais_par3.162140","a_type":5120,"hectares":0.143}},{"type":"Feature","id":"ais_par3.162141","geometry":{"type":"Polygon","coordinates":[[[12.4235,55.9014],[12.4236,55.9014],[12.4236,55.9013],[12.4233,55.9012],[12.4232,55.9012],[12.4231,55.9013],[12.4231,55.9014],[12.4235,55.9014]]]},"properties":{"sourceId":"ais_par3.162141","a_type":5120,"hectares":0.037}},{"type":"Feature","id":"ais_par3.162142","geometry":{"type":"Polygon","coordinates":[[[12.4273,55.906],[12.4274,55.9061],[12.4276,55.9061],[12.4278,55.906],[12.4279,55.906],[12.4279,55.9059],[12.4278,55.9058],[12.4277,55.9058],[12.4273,55.9059],[12.4273,55.9059],[12.4273,55.906]]]},"properties":{"sourceId":"ais_par3.162142","a_type":5120,"hectares":0.087}},{"type":"Feature","id":"ais_par3.162143","geometry":{"type":"Polygon","coordinates":[[[12.4342,55.9059],[12.4343,55.9061],[12.4344,55.9062],[12.4345,55.9062],[12.4347,55.906],[12.4349,55.906],[12.4349,55.9058],[12.4349,55.9057],[12.4348,55.9056],[12.4346,55.9055],[12.4345,55.9055],[12.4344,55.9056],[12.4342,55.9057],[12.4342,55.9058],[12.4342,55.9059]]]},"properties":{"sourceId":"ais_par3.162143","a_type":5120,"hectares":0.227}},{"type":"Feature","id":"ais_par3.162144","geometry":{"type":"Polygon","coordinates":[[[12.4387,55.9065],[12.4388,55.9065],[12.439,55.9065],[12.4391,55.9064],[12.4391,55.9062],[12.4391,55.906],[12.4391,55.9059],[12.439,55.9059],[12.439,55.9059],[12.439,55.906],[12.4388,55.9061],[12.4387,55.9061],[12.4387,55.9063],[12.4387,55.9065]]]},"properties":{"sourceId":"ais_par3.162144","a_type":5120,"hectares":0.134}},{"type":"Feature","id":"ais_par3.162145","geometry":{"type":"Polygon","coordinates":[[[12.4368,55.9033],[12.437,55.9032],[12.4373,55.9032],[12.4372,55.9029],[12.4369,55.903],[12.4368,55.9031],[12.4367,55.9031],[12.4364,55.903],[12.436,55.903],[12.4359,55.9032],[12.436,55.9032],[12.4361,55.9032],[12.4363,55.9031],[12.4365,55.9032],[12.4365,55.9033],[12.4367,55.9033],[12.4368,55.9033]]]},"properties":{"sourceId":"ais_par3.162145","a_type":5120,"hectares":0.172}},{"type":"Feature","id":"ais_par3.162146","geometry":{"type":"Polygon","coordinates":[[[12.4352,55.9023],[12.4347,55.9024],[12.4347,55.9026],[12.4349,55.9027],[12.4351,55.9028],[12.4355,55.9027],[12.4356,55.9026],[12.4354,55.9025],[12.4353,55.9023],[12.4352,55.9023]]]},"properties":{"sourceId":"ais_par3.162146","a_type":5120,"hectares":0.214}},{"type":"Feature","id":"ais_par3.162147","geometry":{"type":"Polygon","coordinates":[[[12.4364,55.9025],[12.4368,55.9025],[12.4367,55.902],[12.4363,55.9021],[12.4364,55.9025]]]},"properties":{"sourceId":"ais_par3.162147","a_type":5120,"hectares":0.141}},{"type":"Feature","id":"ais_par3.162148","geometry":{"type":"Polygon","coordinates":[[[12.4366,55.9019],[12.4367,55.9019],[12.4369,55.9018],[12.4369,55.9018],[12.4366,55.9017],[12.4366,55.9018],[12.4364,55.9018],[12.4364,55.9018],[12.4365,55.9019],[12.4366,55.9019]]]},"properties":{"sourceId":"ais_par3.162148","a_type":5120,"hectares":0.038}},{"type":"Feature","id":"ais_par3.162149","geometry":{"type":"Polygon","coordinates":[[[12.4367,55.9016],[12.4367,55.9017],[12.437,55.9016],[12.4369,55.9015],[12.4366,55.9015],[12.4366,55.9016],[12.4367,55.9016]]]},"properties":{"sourceId":"ais_par3.162149","a_type":5120,"hectares":0.027}},{"type":"Feature","id":"ais_par3.162150","geometry":{"type":"Polygon","coordinates":[[[12.435,55.9016],[12.4353,55.9017],[12.4354,55.9018],[12.4356,55.9018],[12.4357,55.9019],[12.4356,55.9019],[12.4356,55.902],[12.4358,55.9019],[12.4359,55.9019],[12.436,55.9019],[12.4362,55.9019],[12.4362,55.9018],[12.4363,55.9018],[12.4364,55.9015],[12.4364,55.9015],[12.4366,55.9015],[12.4366,55.9013],[12.4359,55.9014],[12.4359,55.9014],[12.4345,55.9015],[12.4344,55.9017],[12.435,55.9016]]]},"properties":{"sourceId":"ais_par3.162150","a_type":5120,"hectares":0.442}},{"type":"Feature","id":"ais_par3.162151","geometry":{"type":"Polygon","coordinates":[[[12.4346,55.9013],[12.4348,55.9013],[12.4348,55.9012],[12.4347,55.9011],[12.4347,55.9011],[12.4346,55.9011],[12.4345,55.9012],[12.4346,55.9013]]]},"properties":{"sourceId":"ais_par3.162151","a_type":5120,"hectares":0.029}},{"type":"Feature","id":"ais_par3.162152","geometry":{"type":"Polygon","coordinates":[[[12.4356,55.9012],[12.4356,55.9012],[12.4356,55.9013],[12.4361,55.9012],[12.4363,55.9011],[12.4366,55.901],[12.4365,55.9009],[12.4363,55.9009],[12.4361,55.901],[12.4358,55.901],[12.4355,55.9011],[12.4356,55.9012]]]},"properties":{"sourceId":"ais_par3.162152","a_type":5120,"hectares":0.169}},{"type":"Feature","id":"ais_par3.162153","geometry":{"type":"Polygon","coordinates":[[[12.4345,55.9007],[12.4346,55.9008],[12.4346,55.9005],[12.4345,55.9003],[12.4343,55.9003],[12.4343,55.9004],[12.4345,55.9007],[12.4345,55.9007]]]},"properties":{"sourceId":"ais_par3.162153","a_type":5120,"hectares":0.049}},{"type":"Feature","id":"ais_par3.162154","geometry":{"type":"Polygon","coordinates":[[[12.4385,55.9019],[12.4387,55.9019],[12.4387,55.9018],[12.4387,55.9017],[12.4386,55.9017],[12.4387,55.9017],[12.4387,55.9018],[12.4385,55.9019],[12.4384,55.9018],[12.4384,55.9018],[12.4384,55.9017],[12.4385,55.9017],[12.4383,55.9017],[12.4382,55.9018],[12.4381,55.9018],[12.4382,55.902],[12.4385,55.9019]]]},"properties":{"sourceId":"ais_par3.162154","a_type":5120,"hectares":0.067}},{"type":"Feature","id":"ais_par3.162155","geometry":{"type":"Polygon","coordinates":[[[12.4444,55.8972],[12.4443,55.8973],[12.4443,55.8973],[12.4444,55.8974],[12.4446,55.8975],[12.4448,55.8976],[12.4449,55.8975],[12.4449,55.8974],[12.4447,55.8973],[12.4447,55.8973],[12.4446,55.8973],[12.4444,55.8972]]]},"properties":{"sourceId":"ais_par3.162155","a_type":5120,"hectares":0.079}},{"type":"Feature","id":"ais_par3.162156","geometry":{"type":"Polygon","coordinates":[[[12.4461,55.8967],[12.4463,55.8968],[12.4467,55.8968],[12.4468,55.8968],[12.4469,55.8969],[12.447,55.8969],[12.4471,55.8969],[12.4473,55.8969],[12.4474,55.8967],[12.4474,55.8965],[12.4472,55.8964],[12.4469,55.8964],[12.4465,55.8964],[12.4463,55.8963],[12.4463,55.8964],[12.4462,55.8964],[12.4459,55.8963],[12.4459,55.8963],[12.4458,55.8963],[12.4458,55.8963],[12.4461,55.8967]]]},"properties":{"sourceId":"ais_par3.162156","a_type":5120,"hectares":0.422}},{"type":"Feature","id":"ais_par3.162157","geometry":{"type":"Polygon","coordinates":[[[12.446,55.8959],[12.4459,55.8957],[12.4459,55.8957],[12.4456,55.8957],[12.4456,55.8957],[12.4454,55.8958],[12.4453,55.8959],[12.4453,55.8959],[12.446,55.8959]]]},"properties":{"sourceId":"ais_par3.162157","a_type":5120,"hectares":0.084}},{"type":"Feature","id":"ais_par3.162158","geometry":{"type":"Polygon","coordinates":[[[12.4467,55.8958],[12.4468,55.8958],[12.4468,55.8956],[12.4467,55.8955],[12.4466,55.8955],[12.4464,55.8955],[12.4465,55.8957],[12.4467,55.8958]]]},"properties":{"sourceId":"ais_par3.162158","a_type":5120,"hectares":0.055}},{"type":"Feature","id":"ais_par3.162159","geometry":{"type":"Polygon","coordinates":[[[12.4632,55.9011],[12.4632,55.9012],[12.463,55.9013],[12.4632,55.9015],[12.4632,55.9016],[12.4633,55.9017],[12.4635,55.9017],[12.4636,55.9017],[12.4639,55.9017],[12.464,55.9017],[12.4642,55.9016],[12.4645,55.9015],[12.4645,55.9016],[12.4645,55.9017],[12.4646,55.9017],[12.4648,55.9017],[12.4647,55.9015],[12.4644,55.9013],[12.464,55.9012],[12.464,55.901],[12.4639,55.9008],[12.4636,55.9007],[12.4634,55.9007],[12.4633,55.9007],[12.4632,55.9009],[12.4634,55.901],[12.4634,55.9011],[12.4632,55.9011]]]},"properties":{"sourceId":"ais_par3.162159","a_type":5120,"hectares":0.693}},{"type":"Feature","id":"ais_par3.162160","geometry":{"type":"Polygon","coordinates":[[[12.4652,55.8999],[12.4652,55.9001],[12.4653,55.9003],[12.4655,55.9003],[12.4657,55.9001],[12.4657,55.9],[12.4654,55.8998],[12.4653,55.8998],[12.4652,55.8999]]]},"properties":{"sourceId":"ais_par3.162160","a_type":5120,"hectares":0.112}},{"type":"Feature","id":"ais_par3.162161","geometry":{"type":"Polygon","coordinates":[[[12.4704,55.9008],[12.4701,55.901],[12.47,55.9011],[12.4704,55.9013],[12.4708,55.9012],[12.4716,55.9009],[12.4717,55.9008],[12.472,55.9005],[12.472,55.9004],[12.4721,55.9002],[12.472,55.9001],[12.4717,55.9],[12.4714,55.9],[12.4712,55.9001],[12.4711,55.9004],[12.471,55.9005],[12.4707,55.9005],[12.4704,55.9008]]]},"properties":{"sourceId":"ais_par3.162161","a_type":5120,"hectares":0.925}},{"type":"Feature","id":"ais_par3.162162","geometry":{"type":"Polygon","coordinates":[[[12.4703,55.9001],[12.4703,55.9002],[12.4703,55.9003],[12.4705,55.9003],[12.4706,55.9002],[12.4706,55.9001],[12.4711,55.8998],[12.471,55.8995],[12.4709,55.8995],[12.4705,55.8997],[12.4701,55.8997],[12.47,55.8998],[12.47,55.8999],[12.4703,55.9001]]]},"properties":{"sourceId":"ais_par3.162162","a_type":5120,"hectares":0.343}},{"type":"Feature","id":"ais_par3.162163","geometry":{"type":"Polygon","coordinates":[[[12.4349,55.8965],[12.4353,55.8965],[12.4356,55.8963],[12.4352,55.896],[12.4349,55.8963],[12.4349,55.8965]]]},"properties":{"sourceId":"ais_par3.162163","a_type":5120,"hectares":0.134}},{"type":"Feature","id":"ais_par3.162164","geometry":{"type":"Polygon","coordinates":[[[12.4156,55.9007],[12.4155,55.9007],[12.4153,55.9008],[12.4151,55.9009],[12.4151,55.9011],[12.4153,55.9011],[12.4158,55.9011],[12.4161,55.901],[12.416,55.9009],[12.4157,55.9008],[12.4156,55.9007]]]},"properties":{"sourceId":"ais_par3.162164","a_type":5120,"hectares":0.192}},{"type":"Feature","id":"ais_par3.162165","geometry":{"type":"Polygon","coordinates":[[[12.418,55.9012],[12.4182,55.9012],[12.4185,55.9012],[12.4187,55.9012],[12.4185,55.9011],[12.4182,55.901],[12.418,55.9012]]]},"properties":{"sourceId":"ais_par3.162165","a_type":5120,"hectares":0.058}},{"type":"Feature","id":"ais_par3.162167","geometry":{"type":"Polygon","coordinates":[[[12.4161,55.9073],[12.416,55.9073],[12.4158,55.9073],[12.4158,55.9074],[12.4159,55.9076],[12.4161,55.9076],[12.4165,55.9076],[12.4166,55.9075],[12.4165,55.9074],[12.4164,55.9075],[12.4164,55.9074],[12.4162,55.9074],[12.4161,55.9073]]]},"properties":{"sourceId":"ais_par3.162167","a_type":5120,"hectares":0.112}},{"type":"Feature","id":"ais_par3.162168","geometry":{"type":"Polygon","coordinates":[[[12.4111,55.9089],[12.4112,55.9088],[12.4111,55.9087],[12.4109,55.9086],[12.4106,55.9085],[12.4104,55.9085],[12.4105,55.9087],[12.4105,55.9089],[12.4111,55.9089]]]},"properties":{"sourceId":"ais_par3.162168","a_type":5120,"hectares":0.149}},{"type":"Feature","id":"ais_par3.162169","geometry":{"type":"Polygon","coordinates":[[[12.4113,55.9094],[12.4115,55.9094],[12.4116,55.9093],[12.4116,55.9092],[12.4113,55.9092],[12.411,55.9092],[12.411,55.9092],[12.411,55.9093],[12.4113,55.9094]]]},"properties":{"sourceId":"ais_par3.162169","a_type":5120,"hectares":0.085}},{"type":"Feature","id":"ais_par3.162170","geometry":{"type":"Polygon","coordinates":[[[12.4124,55.8942],[12.4119,55.894],[12.4122,55.8938],[12.4121,55.8936],[12.4119,55.8933],[12.4116,55.8933],[12.4112,55.8931],[12.4112,55.893],[12.4112,55.893],[12.4113,55.8928],[12.4112,55.8927],[12.4109,55.8928],[12.4107,55.8931],[12.4105,55.893],[12.4103,55.8929],[12.4106,55.8927],[12.4106,55.8926],[12.4102,55.8926],[12.4102,55.8928],[12.4099,55.8929],[12.4096,55.893],[12.4096,55.8931],[12.4099,55.8934],[12.4099,55.8935],[12.4102,55.8939],[12.4107,55.8941],[12.4111,55.8941],[12.4114,55.8943],[12.4115,55.8945],[12.4118,55.8946],[12.4122,55.8946],[12.4128,55.8945],[12.4133,55.8944],[12.4137,55.8947],[12.4141,55.8946],[12.4146,55.8945],[12.415,55.8944],[12.4153,55.8944],[12.4157,55.8942],[12.4158,55.8942],[12.4166,55.8948],[12.4169,55.8948],[12.4173,55.8948],[12.4177,55.8948],[12.4179,55.8948],[12.4179,55.8945],[12.418,55.8943],[12.4178,55.8941],[12.4177,55.894],[12.418,55.8938],[12.4182,55.8936],[12.4181,55.8932],[12.4179,55.8932],[12.4179,55.8933],[12.4178,55.8936],[12.4177,55.8936],[12.4174,55.8934],[12.4171,55.8934],[12.4167,55.8935],[12.4163,55.8937],[12.4159,55.8936],[12.4157,55.8936],[12.4155,55.8938],[12.4154,55.8938],[12.4152,55.8937],[12.4152,55.8935],[12.4153,55.8933],[12.4146,55.8928],[12.4148,55.8935],[12.4147,55.8941],[12.4144,55.8942],[12.4136,55.8942],[12.4134,55.8941],[12.4132,55.8941],[12.4131,55.8942],[12.4129,55.8942],[12.4124,55.8942]]]},"properties":{"sourceId":"ais_par3.162170","a_type":5120,"hectares":4.972}},{"type":"Feature","id":"ais_par3.162172","geometry":{"type":"Polygon","coordinates":[[[12.3965,55.8885],[12.3969,55.8886],[12.397,55.8886],[12.397,55.8885],[12.3969,55.8884],[12.3967,55.8883],[12.3963,55.8884],[12.3965,55.8885]]]},"properties":{"sourceId":"ais_par3.162172","a_type":5120,"hectares":0.103}},{"type":"Feature","id":"ais_par3.162173","geometry":{"type":"Polygon","coordinates":[[[12.4048,55.8901],[12.4048,55.8903],[12.405,55.8904],[12.4055,55.8906],[12.4057,55.8906],[12.4058,55.8905],[12.4058,55.8904],[12.4059,55.8901],[12.406,55.8899],[12.4059,55.8898],[12.4057,55.8897],[12.4055,55.8897],[12.4051,55.8898],[12.4046,55.89],[12.4048,55.8901]]]},"properties":{"sourceId":"ais_par3.162173","a_type":5120,"hectares":0.543}},{"type":"Feature","id":"ais_par3.162174","geometry":{"type":"Polygon","coordinates":[[[12.4048,55.892],[12.405,55.892],[12.4051,55.892],[12.4052,55.8919],[12.4052,55.8919],[12.405,55.8918],[12.4046,55.8917],[12.4045,55.8917],[12.4045,55.8918],[12.4046,55.8919],[12.4048,55.892]]]},"properties":{"sourceId":"ais_par3.162174","a_type":5120,"hectares":0.115}},{"type":"Feature","id":"ais_par3.162175","geometry":{"type":"Polygon","coordinates":[[[12.4045,55.8925],[12.4046,55.8924],[12.4045,55.8923],[12.4044,55.8923],[12.4043,55.8923],[12.4041,55.8923],[12.4039,55.8923],[12.4038,55.8923],[12.4039,55.8925],[12.404,55.8926],[12.4042,55.8926],[12.4045,55.8925]]]},"properties":{"sourceId":"ais_par3.162175","a_type":5120,"hectares":0.123}},{"type":"Feature","id":"ais_par3.162176","geometry":{"type":"Polygon","coordinates":[[[12.3957,55.8964],[12.396,55.8963],[12.3974,55.8965],[12.3981,55.8968],[12.3984,55.8969],[12.3985,55.897],[12.3986,55.897],[12.3986,55.897],[12.3987,55.8969],[12.3989,55.8969],[12.3994,55.897],[12.3998,55.8971],[12.3999,55.8972],[12.4001,55.8974],[12.4003,55.8975],[12.4006,55.8974],[12.4008,55.8973],[12.401,55.897],[12.4012,55.8969],[12.4015,55.897],[12.4017,55.8971],[12.4015,55.8972],[12.4013,55.8973],[12.401,55.8975],[12.4011,55.8977],[12.4016,55.8979],[12.4019,55.8981],[12.4023,55.8979],[12.4022,55.8976],[12.4024,55.8975],[12.4027,55.8973],[12.4031,55.8972],[12.4031,55.897],[12.403,55.8968],[12.4034,55.8964],[12.4038,55.8964],[12.404,55.8965],[12.4043,55.8965],[12.4038,55.8967],[12.4035,55.8968],[12.4037,55.897],[12.4037,55.8972],[12.4036,55.8974],[12.4031,55.8975],[12.403,55.8976],[12.4032,55.8978],[12.4035,55.8978],[12.4038,55.8977],[12.4042,55.8975],[12.4048,55.8973],[12.4052,55.8971],[12.405,55.8968],[12.4051,55.8965],[12.4054,55.8962],[12.4055,55.8959],[12.4058,55.8957],[12.4063,55.8953],[12.4067,55.8949],[12.4071,55.8946],[12.4072,55.8944],[12.4069,55.8942],[12.4067,55.8942],[12.4065,55.8943],[12.4063,55.8944],[12.4061,55.8942],[12.4063,55.8942],[12.4065,55.8941],[12.4065,55.894],[12.4062,55.8938],[12.406,55.8936],[12.4056,55.8937],[12.4053,55.8937],[12.405,55.8936],[12.4047,55.8934],[12.4045,55.8933],[12.4043,55.8933],[12.4044,55.8935],[12.4044,55.8936],[12.4043,55.8936],[12.4039,55.8937],[12.4038,55.8936],[12.4038,55.8934],[12.4037,55.8934],[12.4034,55.8934],[12.4034,55.8935],[12.4035,55.8936],[12.4037,55.8937],[12.4037,55.8939],[12.4029,55.8939],[12.4027,55.894],[12.4024,55.894],[12.4023,55.894],[12.4023,55.8943],[12.402,55.8944],[12.4014,55.8944],[12.401,55.8943],[12.4008,55.8942],[12.4006,55.8942],[12.4004,55.8943],[12.3997,55.8945],[12.3989,55.8946],[12.3986,55.8946],[12.3982,55.8946],[12.3979,55.8945],[12.3976,55.8944],[12.3973,55.8944],[12.3974,55.8948],[12.3971,55.8948],[12.3966,55.8947],[12.396,55.8949],[12.3962,55.8951],[12.3962,55.8954],[12.3956,55.8955],[12.3953,55.8956],[12.3953,55.8958],[12.3953,55.8959],[12.3951,55.8959],[12.3947,55.8959],[12.3944,55.8958],[12.3936,55.896],[12.3935,55.8961],[12.3938,55.8963],[12.3941,55.8963],[12.3947,55.8962],[12.3952,55.8964],[12.3957,55.8964]],[[12.3976,55.896],[12.3978,55.8959],[12.3977,55.8958],[12.3979,55.8955],[12.3978,55.8954],[12.3979,55.8953],[12.3982,55.8954],[12.3983,55.8955],[12.3983,55.8958],[12.3983,55.8959],[12.3986,55.8959],[12.3989,55.8959],[12.3992,55.896],[12.3994,55.8962],[12.3998,55.8964],[12.4008,55.8965],[12.4013,55.8963],[12.4021,55.896],[12.4024,55.8963],[12.4024,55.8963],[12.4018,55.8965],[12.4013,55.8967],[12.4004,55.8967],[12.3995,55.8967],[12.3992,55.8966],[12.399,55.8964],[12.3988,55.8964],[12.3988,55.8966],[12.3985,55.8966],[12.3981,55.8964],[12.398,55.8963],[12.3977,55.8961],[12.3976,55.896]],[[12.3968,55.8962],[12.3964,55.8962],[12.396,55.8962],[12.3959,55.896],[12.3963,55.8959],[12.3963,55.8958],[12.3967,55.8957],[12.3972,55.8957],[12.3976,55.8958],[12.3975,55.8959],[12.3968,55.8962],[12.3968,55.8962]],[[12.4048,55.8958],[12.4045,55.8957],[12.4045,55.8955],[12.4047,55.8954],[12.4051,55.8952],[12.4052,55.8955],[12.405,55.8957],[12.4048,55.8958]]]},"properties":{"sourceId":"ais_par3.162176","a_type":5120,"hectares":19.01}},{"type":"Feature","id":"ais_par3.162177","geometry":{"type":"Polygon","coordinates":[[[12.4053,55.8979],[12.4055,55.898],[12.4056,55.898],[12.4058,55.898],[12.4059,55.8979],[12.4058,55.8977],[12.4057,55.8976],[12.4055,55.8976],[12.4055,55.8977],[12.4053,55.8978],[12.4053,55.8979]]]},"properties":{"sourceId":"ais_par3.162177","a_type":5120,"hectares":0.115}},{"type":"Feature","id":"ais_par3.162178","geometry":{"type":"Polygon","coordinates":[[[12.3964,55.902],[12.3969,55.9019],[12.3969,55.9018],[12.3968,55.9017],[12.3966,55.9017],[12.3964,55.9017],[12.396,55.9018],[12.396,55.9019],[12.3961,55.9021],[12.3964,55.902]]]},"properties":{"sourceId":"ais_par3.162178","a_type":5120,"hectares":0.16}},{"type":"Feature","id":"ais_par3.162192","geometry":{"type":"Polygon","coordinates":[[[12.4026,55.9067],[12.4029,55.9067],[12.4031,55.9067],[12.4031,55.9065],[12.403,55.9064],[12.4026,55.9063],[12.4023,55.9064],[12.4023,55.9066],[12.4024,55.9067],[12.4026,55.9067]]]},"properties":{"sourceId":"ais_par3.162192","a_type":5120,"hectares":0.18}},{"type":"Feature","id":"ais_par3.162193","geometry":{"type":"Polygon","coordinates":[[[12.4016,55.9092],[12.4018,55.9092],[12.4019,55.9092],[12.4019,55.9091],[12.4018,55.9089],[12.4016,55.9088],[12.4014,55.9089],[12.4012,55.9089],[12.4014,55.9091],[12.4016,55.9092]]]},"properties":{"sourceId":"ais_par3.162193","a_type":5120,"hectares":0.13}},{"type":"Feature","id":"ais_par3.162194","geometry":{"type":"Polygon","coordinates":[[[12.3983,55.9094],[12.3988,55.9088],[12.3986,55.9086],[12.3978,55.9088],[12.3978,55.909],[12.3977,55.9092],[12.3977,55.9092],[12.3977,55.9094],[12.398,55.9094],[12.3983,55.9094]]]},"properties":{"sourceId":"ais_par3.162194","a_type":5120,"hectares":0.387}},{"type":"Feature","id":"ais_par3.162197","geometry":{"type":"Polygon","coordinates":[[[12.3994,55.9107],[12.3995,55.9108],[12.3997,55.9108],[12.4001,55.9107],[12.4001,55.9106],[12.4,55.9105],[12.3997,55.9105],[12.3993,55.9106],[12.3994,55.9107]]]},"properties":{"sourceId":"ais_par3.162197","a_type":5120,"hectares":0.113}},{"type":"Feature","id":"ais_par3.162198","geometry":{"type":"Polygon","coordinates":[[[12.4046,55.9113],[12.4047,55.9113],[12.4047,55.9112],[12.4048,55.9111],[12.4047,55.9111],[12.4046,55.911],[12.4045,55.9111],[12.4045,55.9112],[12.4045,55.9113],[12.4046,55.9113]]]},"properties":{"sourceId":"ais_par3.162198","a_type":5120,"hectares":0.042}},{"type":"Feature","id":"ais_par3.162199","geometry":{"type":"Polygon","coordinates":[[[12.4035,55.9126],[12.4037,55.9127],[12.4038,55.9126],[12.4039,55.9126],[12.4039,55.9125],[12.4038,55.9124],[12.4036,55.9125],[12.4035,55.9125],[12.4035,55.9126],[12.4035,55.9126]]]},"properties":{"sourceId":"ais_par3.162199","a_type":5120,"hectares":0.047}},{"type":"Feature","id":"ais_par3.162204","geometry":{"type":"Polygon","coordinates":[[[12.4004,55.9172],[12.4006,55.9172],[12.4006,55.9171],[12.4006,55.917],[12.4005,55.917],[12.4004,55.9169],[12.4002,55.9169],[12.4002,55.917],[12.4003,55.9171],[12.4004,55.9172]]]},"properties":{"sourceId":"ais_par3.162204","a_type":5120,"hectares":0.055}},{"type":"Feature","id":"ais_par3.162698","geometry":{"type":"Polygon","coordinates":[[[12.4666,55.916],[12.4667,55.916],[12.4667,55.916],[12.4668,55.9159],[12.4668,55.9159],[12.4668,55.9159],[12.4668,55.9158],[12.4667,55.9158],[12.4667,55.9158],[12.4666,55.9158],[12.4665,55.9158],[12.4665,55.9158],[12.4665,55.9159],[12.4665,55.9159],[12.4665,55.9159],[12.4666,55.916],[12.4666,55.916]]]},"properties":{"sourceId":"ais_par3.162698","a_type":5120,"hectares":0.028}},{"type":"Feature","id":"ais_par3.162705","geometry":{"type":"Polygon","coordinates":[[[12.4837,55.9091],[12.4838,55.9091],[12.4838,55.9091],[12.4839,55.9091],[12.4839,55.909],[12.4839,55.909],[12.4839,55.909],[12.4838,55.9089],[12.4838,55.9089],[12.4837,55.9089],[12.4837,55.909],[12.4836,55.909],[12.4836,55.909],[12.4836,55.909],[12.4836,55.9091],[12.4837,55.9091],[12.4837,55.9091]]]},"properties":{"sourceId":"ais_par3.162705","a_type":5120,"hectares":0.028}},{"type":"Feature","id":"ais_par3.162708","geometry":{"type":"Polygon","coordinates":[[[12.4687,55.9067],[12.4688,55.9066],[12.4688,55.9065],[12.4686,55.9065],[12.4686,55.9066],[12.4685,55.9067],[12.4687,55.9067]]]},"properties":{"sourceId":"ais_par3.162708","a_type":5120,"hectares":0.027}},{"type":"Feature","id":"ais_par3.162709","geometry":{"type":"Polygon","coordinates":[[[12.4518,55.9008],[12.4516,55.9008],[12.4516,55.9009],[12.4516,55.901],[12.4517,55.901],[12.4519,55.901],[12.4518,55.9008]]]},"properties":{"sourceId":"ais_par3.162709","a_type":5120,"hectares":0.033}},{"type":"Feature","id":"ais_par3.162710","geometry":{"type":"Polygon","coordinates":[[[12.4372,55.9083],[12.4372,55.9083],[12.4373,55.9083],[12.4373,55.9083],[12.4373,55.9082],[12.4373,55.9082],[12.4373,55.9082],[12.4373,55.9081],[12.4372,55.9081],[12.4372,55.9081],[12.4371,55.9081],[12.437,55.9082],[12.437,55.9082],[12.437,55.9082],[12.4371,55.9083],[12.4371,55.9083],[12.4372,55.9083]]]},"properties":{"sourceId":"ais_par3.162710","a_type":5120,"hectares":0.028}},{"type":"Feature","id":"ais_par3.162711","geometry":{"type":"Polygon","coordinates":[[[12.4396,55.907],[12.4396,55.907],[12.4397,55.907],[12.4397,55.9069],[12.4397,55.9069],[12.4397,55.9069],[12.4397,55.9068],[12.4397,55.9068],[12.4396,55.9068],[12.4396,55.9068],[12.4395,55.9068],[12.4394,55.9068],[12.4394,55.9069],[12.4394,55.9069],[12.4395,55.9069],[12.4395,55.907],[12.4396,55.907]]]},"properties":{"sourceId":"ais_par3.162711","a_type":5120,"hectares":0.028}},{"type":"Feature","id":"ais_par3.162712","geometry":{"type":"Polygon","coordinates":[[[12.4405,55.9073],[12.4406,55.9073],[12.4406,55.9073],[12.4407,55.9073],[12.4407,55.9072],[12.4407,55.9072],[12.4407,55.9072],[12.4406,55.9072],[12.4406,55.9071],[12.4405,55.9071],[12.4405,55.9072],[12.4404,55.9072],[12.4404,55.9072],[12.4404,55.9072],[12.4404,55.9073],[12.4405,55.9073],[12.4405,55.9073]]]},"properties":{"sourceId":"ais_par3.162712","a_type":5120,"hectares":0.028}},{"type":"Feature","id":"ais_par3.162713","geometry":{"type":"Polygon","coordinates":[[[12.4345,55.904],[12.4345,55.9038],[12.4341,55.9039],[12.4338,55.9039],[12.4338,55.904],[12.4345,55.904]]]},"properties":{"sourceId":"ais_par3.162713","a_type":5120,"hectares":0.102}},{"type":"Feature","id":"ais_par3.162714","geometry":{"type":"Polygon","coordinates":[[[12.4376,55.9017],[12.4376,55.9018],[12.4376,55.9019],[12.4378,55.9019],[12.438,55.9019],[12.438,55.9018],[12.4376,55.9017]]]},"properties":{"sourceId":"ais_par3.162714","a_type":5120,"hectares":0.043}},{"type":"Feature","id":"ais_par3.162715","geometry":{"type":"Polygon","coordinates":[[[12.4231,55.9133],[12.4233,55.9132],[12.4231,55.9131],[12.423,55.9131],[12.4229,55.9132],[12.4229,55.9132],[12.423,55.9133],[12.4231,55.9133]]]},"properties":{"sourceId":"ais_par3.162715","a_type":5120,"hectares":0.029}},{"type":"Feature","id":"ais_par3.162716","geometry":{"type":"Polygon","coordinates":[[[12.4137,55.9168],[12.4137,55.9168],[12.4138,55.9168],[12.4138,55.9168],[12.4138,55.9167],[12.4138,55.9167],[12.4138,55.9167],[12.4138,55.9167],[12.4137,55.9167],[12.4137,55.9167],[12.4136,55.9167],[12.4136,55.9167],[12.4135,55.9167],[12.4135,55.9168],[12.4136,55.9168],[12.4136,55.9168],[12.4137,55.9168]]]},"properties":{"sourceId":"ais_par3.162716","a_type":5120,"hectares":0.028}},{"type":"Feature","id":"ais_par3.162717","geometry":{"type":"Polygon","coordinates":[[[12.4038,55.9027],[12.4038,55.9027],[12.4039,55.9027],[12.4039,55.9026],[12.404,55.9026],[12.404,55.9026],[12.4039,55.9025],[12.4039,55.9025],[12.4038,55.9025],[12.4038,55.9025],[12.4037,55.9025],[12.4037,55.9025],[12.4037,55.9026],[12.4037,55.9026],[12.4037,55.9026],[12.4037,55.9027],[12.4038,55.9027]]]},"properties":{"sourceId":"ais_par3.162717","a_type":5120,"hectares":0.028}},{"type":"Feature","id":"ais_par3.162723","geometry":{"type":"Polygon","coordinates":[[[12.4063,55.8992],[12.4064,55.8991],[12.4065,55.8991],[12.4064,55.8989],[12.4063,55.8989],[12.4062,55.8989],[12.4061,55.8989],[12.4062,55.8991],[12.4062,55.8992],[12.4063,55.8992]]]},"properties":{"sourceId":"ais_par3.162723","a_type":5120,"hectares":0.047}},{"type":"Feature","id":"ais_par3.162724","geometry":{"type":"Polygon","coordinates":[[[12.417,55.901],[12.4173,55.9011],[12.4175,55.901],[12.4174,55.9009],[12.4172,55.901],[12.417,55.9009],[12.4168,55.9009],[12.4167,55.9008],[12.4166,55.9009],[12.4166,55.9009],[12.4168,55.901],[12.417,55.901]]]},"properties":{"sourceId":"ais_par3.162724","a_type":5120,"hectares":0.087}},{"type":"Feature","id":"ais_par3.162725","geometry":{"type":"Polygon","coordinates":[[[12.4147,55.8973],[12.4147,55.8972],[12.4146,55.8971],[12.4146,55.897],[12.4146,55.8968],[12.4146,55.8966],[12.4143,55.8968],[12.4142,55.897],[12.4142,55.8971],[12.4143,55.8972],[12.4147,55.8973]]]},"properties":{"sourceId":"ais_par3.162725","a_type":5120,"hectares":0.148}},{"type":"Feature","id":"ais_par3.162726","geometry":{"type":"Polygon","coordinates":[[[12.4133,55.8968],[12.4132,55.8969],[12.4134,55.8971],[12.4137,55.8972],[12.4137,55.8971],[12.4137,55.8969],[12.4137,55.8968],[12.4133,55.8967],[12.4133,55.8968]]]},"properties":{"sourceId":"ais_par3.162726","a_type":5120,"hectares":0.102}},{"type":"Feature","id":"ais_par3.162727","geometry":{"type":"Polygon","coordinates":[[[12.4068,55.8977],[12.4069,55.8977],[12.4069,55.8976],[12.407,55.8976],[12.407,55.8976],[12.407,55.8976],[12.407,55.8975],[12.4069,55.8975],[12.4068,55.8975],[12.4068,55.8975],[12.4067,55.8975],[12.4067,55.8975],[12.4067,55.8976],[12.4067,55.8976],[12.4067,55.8976],[12.4067,55.8976],[12.4068,55.8977]]]},"properties":{"sourceId":"ais_par3.162727","a_type":5120,"hectares":0.028}},{"type":"Feature","id":"ais_par3.162728","geometry":{"type":"Polygon","coordinates":[[[12.397,55.8932],[12.3971,55.8932],[12.3973,55.8932],[12.3972,55.8931],[12.3971,55.8929],[12.397,55.893],[12.3968,55.893],[12.3967,55.8932],[12.397,55.8932]]]},"properties":{"sourceId":"ais_par3.162728","a_type":5120,"hectares":0.078}},{"type":"Feature","id":"ais_par3.162729","geometry":{"type":"Polygon","coordinates":[[[12.4004,55.8916],[12.4004,55.8916],[12.4005,55.8916],[12.4005,55.8916],[12.4005,55.8916],[12.4005,55.8915],[12.4005,55.8915],[12.4005,55.8915],[12.4004,55.8915],[12.4003,55.8915],[12.4003,55.8915],[12.4002,55.8915],[12.4002,55.8915],[12.4002,55.8916],[12.4002,55.8916],[12.4003,55.8916],[12.4004,55.8916]]]},"properties":{"sourceId":"ais_par3.162729","a_type":5120,"hectares":0.028}},{"type":"Feature","id":"ais_par3.162730","geometry":{"type":"Polygon","coordinates":[[[12.3984,55.8918],[12.3984,55.8917],[12.3984,55.8916],[12.3982,55.8916],[12.3981,55.8917],[12.3979,55.8918],[12.3981,55.8919],[12.3983,55.8919],[12.3983,55.8919],[12.3984,55.8918]]]},"properties":{"sourceId":"ais_par3.162730","a_type":5120,"hectares":0.066}},{"type":"Feature","id":"ais_par3.162732","geometry":{"type":"Polygon","coordinates":[[[12.4089,55.8909],[12.409,55.8909],[12.409,55.8909],[12.4091,55.8909],[12.4091,55.8908],[12.4091,55.8908],[12.4091,55.8908],[12.409,55.8908],[12.4089,55.8907],[12.4089,55.8907],[12.4088,55.8908],[12.4088,55.8908],[12.4088,55.8908],[12.4088,55.8908],[12.4088,55.8909],[12.4088,55.8909],[12.4089,55.8909]]]},"properties":{"sourceId":"ais_par3.162732","a_type":5120,"hectares":0.028}},{"type":"Feature","id":"ais_par3.162733","geometry":{"type":"Polygon","coordinates":[[[12.4287,55.8972],[12.4285,55.8972],[12.4282,55.8972],[12.4278,55.8974],[12.4279,55.8975],[12.4283,55.8975],[12.4286,55.8974],[12.4287,55.8973],[12.4287,55.8972]]]},"properties":{"sourceId":"ais_par3.162733","a_type":5120,"hectares":0.134}},{"type":"Feature","id":"ais_par3.162734","geometry":{"type":"Polygon","coordinates":[[[12.433,55.8946],[12.4329,55.8944],[12.4328,55.8944],[12.4326,55.8945],[12.4326,55.8946],[12.4327,55.8947],[12.4329,55.8947],[12.433,55.8946]]]},"properties":{"sourceId":"ais_par3.162734","a_type":5120,"hectares":0.054}},{"type":"Feature","id":"ais_par3.162735","geometry":{"type":"Polygon","coordinates":[[[12.452,55.8944],[12.452,55.8943],[12.4519,55.8943],[12.4518,55.8942],[12.4516,55.8941],[12.4515,55.8941],[12.4515,55.8943],[12.4515,55.8944],[12.4517,55.8945],[12.4518,55.8945],[12.452,55.8944]]]},"properties":{"sourceId":"ais_par3.162735","a_type":5120,"hectares":0.095}},{"type":"Feature","id":"ais_par3.162736","geometry":{"type":"Polygon","coordinates":[[[12.4575,55.8959],[12.4575,55.8959],[12.4576,55.8959],[12.4576,55.8959],[12.4576,55.8959],[12.4576,55.8959],[12.4576,55.8958],[12.4576,55.8958],[12.4575,55.8958],[12.4575,55.8958],[12.4574,55.8958],[12.4574,55.8958],[12.4573,55.8959],[12.4573,55.8959],[12.4574,55.8959],[12.4574,55.8959],[12.4575,55.8959]]]},"properties":{"sourceId":"ais_par3.162736","a_type":5120,"hectares":0.028}},{"type":"Feature","id":"ais_par3.163087","geometry":{"type":"Polygon","coordinates":[[[12.5176,55.9034],[12.5177,55.9034],[12.5178,55.9034],[12.5179,55.9028],[12.5178,55.9026],[12.5175,55.9026],[12.5175,55.9027],[12.5175,55.903],[12.5176,55.9034]]]},"properties":{"sourceId":"ais_par3.163087","a_type":5120,"hectares":0.178}},{"type":"Feature","id":"ais_par3.163088","geometry":{"type":"Polygon","coordinates":[[[12.5172,55.9023],[12.5174,55.9023],[12.5175,55.9022],[12.5172,55.9021],[12.5173,55.9019],[12.5175,55.9018],[12.5176,55.9013],[12.5174,55.9011],[12.5172,55.9011],[12.5171,55.9011],[12.5171,55.9013],[12.5172,55.9014],[12.5173,55.9016],[12.5173,55.9016],[12.5172,55.9017],[12.517,55.9018],[12.5169,55.902],[12.5169,55.9021],[12.517,55.9022],[12.517,55.9022],[12.5172,55.9023]]]},"properties":{"sourceId":"ais_par3.163088","a_type":5120,"hectares":0.305}},{"type":"Feature","id":"ais_par3.163089","geometry":{"type":"Polygon","coordinates":[[[12.5227,55.909],[12.5229,55.909],[12.523,55.9089],[12.523,55.9089],[12.5225,55.9088],[12.5221,55.9087],[12.522,55.9087],[12.5221,55.9089],[12.5222,55.909],[12.5224,55.909],[12.5227,55.909]]]},"properties":{"sourceId":"ais_par3.163089","a_type":5120,"hectares":0.103}},{"type":"Feature","id":"ais_par3.163090","geometry":{"type":"Polygon","coordinates":[[[12.524,55.9052],[12.5241,55.9052],[12.5244,55.9051],[12.5243,55.905],[12.5241,55.905],[12.5238,55.905],[12.5237,55.9051],[12.5238,55.9052],[12.5239,55.9052],[12.524,55.9052]]]},"properties":{"sourceId":"ais_par3.163090","a_type":5120,"hectares":0.078}},{"type":"Feature","id":"ais_par3.163091","geometry":{"type":"Polygon","coordinates":[[[12.5283,55.9034],[12.5284,55.9034],[12.5286,55.9033],[12.5286,55.9031],[12.529,55.9028],[12.5292,55.9026],[12.5293,55.9024],[12.5292,55.9024],[12.5288,55.9024],[12.5284,55.9026],[12.5283,55.9027],[12.5284,55.9029],[12.5283,55.903],[12.5283,55.9031],[12.5281,55.9032],[12.5283,55.9034]]]},"properties":{"sourceId":"ais_par3.163091","a_type":5120,"hectares":0.375}},{"type":"Feature","id":"ais_par3.163092","geometry":{"type":"Polygon","coordinates":[[[12.5275,55.9014],[12.5276,55.9014],[12.5277,55.9013],[12.5277,55.9012],[12.5276,55.9011],[12.5275,55.9011],[12.5273,55.9012],[12.5272,55.9013],[12.5273,55.9014],[12.5275,55.9014]]]},"properties":{"sourceId":"ais_par3.163092","a_type":5120,"hectares":0.073}},{"type":"Feature","id":"ais_par3.163093","geometry":{"type":"Polygon","coordinates":[[[12.5389,55.8851],[12.539,55.8851],[12.539,55.885],[12.5386,55.8849],[12.5384,55.8847],[12.5381,55.8846],[12.5379,55.8846],[12.538,55.8848],[12.5382,55.8849],[12.5385,55.8849],[12.5389,55.8851]]]},"properties":{"sourceId":"ais_par3.163093","a_type":5120,"hectares":0.117}},{"type":"Feature","id":"ais_par3.163094","geometry":{"type":"Polygon","coordinates":[[[12.5435,55.8716],[12.5437,55.8715],[12.5437,55.8715],[12.5439,55.8714],[12.5439,55.8713],[12.5437,55.8713],[12.5436,55.8714],[12.5436,55.8714],[12.5435,55.8715],[12.5433,55.8715],[12.5432,55.8715],[12.5433,55.8716],[12.5435,55.8716]]]},"properties":{"sourceId":"ais_par3.163094","a_type":5120,"hectares":0.055}},{"type":"Feature","id":"ais_par3.163095","geometry":{"type":"Polygon","coordinates":[[[12.5208,55.8705],[12.5211,55.8704],[12.5211,55.8703],[12.5209,55.8701],[12.5205,55.8701],[12.5204,55.8704],[12.5208,55.8705]]]},"properties":{"sourceId":"ais_par3.163095","a_type":5120,"hectares":0.129}},{"type":"Feature","id":"ais_par3.163096","geometry":{"type":"Polygon","coordinates":[[[12.4425,55.8747],[12.4426,55.8747],[12.4429,55.8747],[12.4431,55.8748],[12.4432,55.8747],[12.4432,55.8746],[12.4431,55.8744],[12.4429,55.8742],[12.4426,55.8742],[12.4424,55.8743],[12.4423,55.8744],[12.4423,55.8746],[12.4422,55.8748],[12.4425,55.8747]]]},"properties":{"sourceId":"ais_par3.163096","a_type":5120,"hectares":0.26}},{"type":"Feature","id":"ais_par3.163097","geometry":{"type":"Polygon","coordinates":[[[12.4446,55.8763],[12.4448,55.8762],[12.445,55.8762],[12.4451,55.8762],[12.4451,55.8766],[12.4453,55.8766],[12.4456,55.8765],[12.4458,55.8763],[12.4455,55.8759],[12.4453,55.8758],[12.4453,55.876],[12.4451,55.876],[12.4448,55.8759],[12.4445,55.8759],[12.4443,55.8759],[12.4441,55.8757],[12.4439,55.8757],[12.4439,55.8759],[12.4441,55.8762],[12.4442,55.8763],[12.4446,55.8763]]]},"properties":{"sourceId":"ais_par3.163097","a_type":5120,"hectares":0.525}},{"type":"Feature","id":"ais_par3.163098","geometry":{"type":"Polygon","coordinates":[[[12.452,55.8795],[12.4522,55.8794],[12.4523,55.8792],[12.4527,55.8791],[12.4529,55.8788],[12.453,55.8785],[12.4532,55.8783],[12.4534,55.8781],[12.4534,55.8779],[12.4532,55.8777],[12.453,55.8777],[12.4528,55.8777],[12.4528,55.8778],[12.4525,55.8782],[12.4522,55.8785],[12.4521,55.8786],[12.4519,55.8787],[12.4517,55.8789],[12.4516,55.879],[12.4515,55.8792],[12.4516,55.8794],[12.4518,55.8794],[12.452,55.8795]]]},"properties":{"sourceId":"ais_par3.163098","a_type":5120,"hectares":1.047}},{"type":"Feature","id":"ais_par3.163099","geometry":{"type":"Polygon","coordinates":[[[12.4337,55.8931],[12.4341,55.8927],[12.4337,55.8926],[12.4335,55.8927],[12.4333,55.893],[12.4334,55.8931],[12.4337,55.8931]]]},"properties":{"sourceId":"ais_par3.163099","a_type":5120,"hectares":0.146}},{"type":"Feature","id":"ais_par3.163100","geometry":{"type":"Polygon","coordinates":[[[12.4349,55.8915],[12.4351,55.8911],[12.4352,55.8909],[12.4348,55.8908],[12.4347,55.8909],[12.4346,55.8912],[12.4346,55.8913],[12.4348,55.8915],[12.4349,55.8915]]]},"properties":{"sourceId":"ais_par3.163100","a_type":5120,"hectares":0.185}},{"type":"Feature","id":"ais_par3.163101","geometry":{"type":"Polygon","coordinates":[[[12.4339,55.8923],[12.434,55.8924],[12.434,55.8924],[12.4344,55.8924],[12.4347,55.8923],[12.4349,55.8921],[12.4348,55.8919],[12.4343,55.8918],[12.4339,55.892],[12.4339,55.8921],[12.4338,55.8922],[12.4339,55.8923]]]},"properties":{"sourceId":"ais_par3.163101","a_type":5120,"hectares":0.29}},{"type":"Feature","id":"ais_par3.163102","geometry":{"type":"Polygon","coordinates":[[[12.4306,55.8888],[12.4308,55.8889],[12.4313,55.8889],[12.4315,55.8888],[12.4316,55.8887],[12.4315,55.8886],[12.4313,55.8885],[12.4309,55.8884],[12.4304,55.8884],[12.4303,55.8886],[12.4306,55.8888]]]},"properties":{"sourceId":"ais_par3.163102","a_type":5120,"hectares":0.319}},{"type":"Feature","id":"ais_par3.163103","geometry":{"type":"Polygon","coordinates":[[[12.4307,55.8834],[12.4308,55.8833],[12.4312,55.8833],[12.4317,55.8832],[12.4321,55.8832],[12.4323,55.8833],[12.4325,55.8831],[12.4323,55.8829],[12.4323,55.8823],[12.4323,55.882],[12.4319,55.8819],[12.4317,55.882],[12.4309,55.882],[12.4307,55.8823],[12.4308,55.8828],[12.4306,55.883],[12.4303,55.8832],[12.4303,55.8833],[12.4305,55.8834],[12.4307,55.8834]]]},"properties":{"sourceId":"ais_par3.163103","a_type":5120,"hectares":1.489}},{"type":"Feature","id":"ais_par3.163104","geometry":{"type":"Polygon","coordinates":[[[12.4115,55.8817],[12.4115,55.8816],[12.4115,55.8815],[12.4114,55.8813],[12.4115,55.8811],[12.4113,55.881],[12.4111,55.8809],[12.4108,55.881],[12.4106,55.8812],[12.4108,55.8814],[12.4111,55.8816],[12.4115,55.8817]]]},"properties":{"sourceId":"ais_par3.163104","a_type":5120,"hectares":0.318}},{"type":"Feature","id":"ais_par3.163105","geometry":{"type":"Polygon","coordinates":[[[12.4199,55.8745],[12.42,55.8745],[12.4199,55.8744],[12.42,55.8743],[12.4197,55.8742],[12.4195,55.8743],[12.4195,55.8745],[12.4197,55.8745],[12.4199,55.8745]]]},"properties":{"sourceId":"ais_par3.163105","a_type":5120,"hectares":0.075}},{"type":"Feature","id":"ais_par3.163106","geometry":{"type":"Polygon","coordinates":[[[12.5163,55.9112],[12.5164,55.9111],[12.5164,55.911],[12.5161,55.911],[12.516,55.9109],[12.5158,55.911],[12.5159,55.9111],[12.5161,55.9112],[12.5163,55.9112]]]},"properties":{"sourceId":"ais_par3.163106","a_type":5120,"hectares":0.064}},{"type":"Feature","id":"ais_par3.163107","geometry":{"type":"Polygon","coordinates":[[[12.494,55.9002],[12.494,55.9005],[12.4947,55.9004],[12.4946,55.9003],[12.4943,55.8999],[12.4941,55.8999],[12.494,55.8999],[12.4939,55.8999],[12.4937,55.8999],[12.4937,55.8999],[12.494,55.9002]]]},"properties":{"sourceId":"ais_par3.163107","a_type":5120,"hectares":0.237}},{"type":"Feature","id":"ais_par3.163108","geometry":{"type":"Polygon","coordinates":[[[12.4924,55.8964],[12.4926,55.8965],[12.4928,55.8966],[12.493,55.8965],[12.493,55.8964],[12.4928,55.8964],[12.4928,55.8963],[12.4925,55.8964],[12.4924,55.8963],[12.4923,55.8963],[12.4924,55.8964]]]},"properties":{"sourceId":"ais_par3.163108","a_type":5120,"hectares":0.076}},{"type":"Feature","id":"ais_par3.163109","geometry":{"type":"Polygon","coordinates":[[[12.4931,55.8961],[12.4931,55.8955],[12.4932,55.8951],[12.4936,55.8947],[12.4936,55.8945],[12.4937,55.8943],[12.4938,55.8941],[12.494,55.8939],[12.4941,55.8937],[12.494,55.8935],[12.4939,55.8937],[12.4935,55.894],[12.4933,55.8943],[12.493,55.8944],[12.4926,55.8946],[12.4924,55.895],[12.4923,55.8956],[12.4923,55.8961],[12.4923,55.8961],[12.4931,55.8961]]]},"properties":{"sourceId":"ais_par3.163109","a_type":5120,"hectares":1.213}},{"type":"Feature","id":"ais_par3.163110","geometry":{"type":"Polygon","coordinates":[[[12.4762,55.8969],[12.4765,55.8972],[12.4765,55.8972],[12.4768,55.8975],[12.4769,55.8975],[12.4771,55.8975],[12.4774,55.8973],[12.4772,55.8971],[12.4767,55.8968],[12.4763,55.8967],[12.4761,55.8968],[12.4762,55.8969]]]},"properties":{"sourceId":"ais_par3.163110","a_type":5120,"hectares":0.341}},{"type":"Feature","id":"ais_par3.163111","geometry":{"type":"Polygon","coordinates":[[[12.476,55.8965],[12.4762,55.8965],[12.4762,55.8964],[12.4762,55.8961],[12.476,55.8961],[12.4759,55.8962],[12.476,55.8964],[12.476,55.8965]]]},"properties":{"sourceId":"ais_par3.163111","a_type":5120,"hectares":0.057}},{"type":"Feature","id":"ais_par3.163112","geometry":{"type":"Polygon","coordinates":[[[12.4745,55.8967],[12.4746,55.8967],[12.4747,55.8966],[12.4746,55.8965],[12.4746,55.8965],[12.4747,55.8963],[12.4746,55.8962],[12.4744,55.8963],[12.4743,55.8964],[12.4742,55.8964],[12.4742,55.8965],[12.4744,55.8966],[12.4744,55.8966],[12.4745,55.8967]]]},"properties":{"sourceId":"ais_par3.163112","a_type":5120,"hectares":0.118}},{"type":"Feature","id":"ais_par3.163113","geometry":{"type":"Polygon","coordinates":[[[12.4705,55.8971],[12.4706,55.897],[12.4708,55.8968],[12.4707,55.8967],[12.4704,55.8966],[12.4701,55.8966],[12.4699,55.8967],[12.4699,55.8969],[12.4701,55.897],[12.4703,55.8971],[12.4705,55.8971]]]},"properties":{"sourceId":"ais_par3.163113","a_type":5120,"hectares":0.229}},{"type":"Feature","id":"ais_par3.163114","geometry":{"type":"Polygon","coordinates":[[[12.4654,55.8971],[12.4656,55.8971],[12.4656,55.8969],[12.4655,55.8967],[12.4645,55.8967],[12.4649,55.8969],[12.465,55.897],[12.4654,55.8971]]]},"properties":{"sourceId":"ais_par3.163114","a_type":5120,"hectares":0.218}},{"type":"Feature","id":"ais_par3.163115","geometry":{"type":"Polygon","coordinates":[[[12.4651,55.8988],[12.4652,55.8988],[12.4652,55.8986],[12.4651,55.8985],[12.4649,55.8984],[12.4648,55.8985],[12.4649,55.8987],[12.4651,55.8988]]]},"properties":{"sourceId":"ais_par3.163115","a_type":5120,"hectares":0.08}},{"type":"Feature","id":"ais_par3.163116","geometry":{"type":"Polygon","coordinates":[[[12.4659,55.8982],[12.4659,55.8982],[12.466,55.8982],[12.466,55.8982],[12.466,55.8982],[12.466,55.8981],[12.466,55.8981],[12.466,55.8981],[12.4659,55.8981],[12.4659,55.8981],[12.4658,55.8981],[12.4658,55.8981],[12.4657,55.8981],[12.4657,55.8982],[12.4658,55.8982],[12.4658,55.8982],[12.4659,55.8982]]]},"properties":{"sourceId":"ais_par3.163116","a_type":5120,"hectares":0.028}},{"type":"Feature","id":"ais_par3.163117","geometry":{"type":"Polygon","coordinates":[[[12.4683,55.8989],[12.4683,55.8989],[12.4683,55.8986],[12.4682,55.8986],[12.4681,55.8985],[12.4679,55.8986],[12.4678,55.8988],[12.4679,55.8989],[12.4683,55.8989]]]},"properties":{"sourceId":"ais_par3.163117","a_type":5120,"hectares":0.103}},{"type":"Feature","id":"ais_par3.163118","geometry":{"type":"Polygon","coordinates":[[[12.4732,55.8989],[12.4734,55.8988],[12.4734,55.8987],[12.4732,55.8987],[12.473,55.8986],[12.4729,55.8987],[12.473,55.8988],[12.4731,55.8989],[12.4732,55.8989]]]},"properties":{"sourceId":"ais_par3.163118","a_type":5120,"hectares":0.049}}]}
