{"type":"FeatureCollection","metadata":{"kommuneKode":"0259","kommuneNavn":"Køge","source":"https://wfs2-miljoegis.mim.dk/natur/ows","layer":"natur:ais_par3","bbox":[11.911014718722589,55.36828812395381,12.231055407925021,55.53519018399025],"fetchedAt":"2026-06-12T20:55:37.408840+00:00"},"features":[{"type":"Feature","id":"ais_par3.17945","geometry":{"type":"Polygon","coordinates":[[[11.9181,55.5093],[11.9182,55.5089],[11.9184,55.5088],[11.9188,55.5087],[11.9191,55.5086],[11.9191,55.5085],[11.9187,55.5086],[11.9186,55.5085],[11.919,55.5082],[11.9196,55.5081],[11.92,55.5079],[11.9199,55.5077],[11.9194,55.5074],[11.9194,55.5072],[11.9187,55.5074],[11.9182,55.5073],[11.9184,55.5076],[11.9181,55.5076],[11.9176,55.5078],[11.9173,55.5079],[11.9174,55.5081],[11.9176,55.5081],[11.9178,55.5083],[11.9179,55.5082],[11.918,55.5081],[11.9185,55.5083],[11.9185,55.5084],[11.9185,55.5085],[11.9185,55.5086],[11.9183,55.5087],[11.9181,55.5088],[11.9182,55.509],[11.9179,55.5091],[11.9177,55.5088],[11.9176,55.5087],[11.9172,55.5086],[11.9173,55.5086],[11.9174,55.5085],[11.9174,55.5085],[11.9173,55.5084],[11.9171,55.5084],[11.9171,55.5083],[11.9172,55.5081],[11.9171,55.5081],[11.9169,55.5082],[11.9167,55.5082],[11.9164,55.508],[11.9164,55.5079],[11.9172,55.5074],[11.9174,55.5074],[11.9174,55.5074],[11.9174,55.5073],[11.9175,55.5071],[11.9175,55.5069],[11.917,55.5071],[11.9157,55.5077],[11.9157,55.5079],[11.9157,55.5082],[11.9165,55.5088],[11.9173,55.5087],[11.9175,55.5089],[11.9175,55.5092],[11.9181,55.5093]]]},"properties":{"sourceId":"ais_par3.17945","a_type":3210,"hectares":2.593}},{"type":"Feature","id":"ais_par3.18111","geometry":{"type":"Polygon","coordinates":[[[11.9292,55.3915],[11.9297,55.3915],[11.9306,55.3916],[11.9311,55.3916],[11.9317,55.3917],[11.9317,55.3915],[11.932,55.3914],[11.9315,55.3913],[11.931,55.3914],[11.9299,55.3914],[11.9294,55.3914],[11.9292,55.3914],[11.9274,55.3915],[11.9254,55.3916],[11.9253,55.3917],[11.9264,55.3916],[11.9292,55.3915]]]},"properties":{"sourceId":"ais_par3.18111","a_type":3210,"hectares":0.643}},{"type":"Feature","id":"ais_par3.18112","geometry":{"type":"Polygon","coordinates":[[[11.9522,55.3859],[11.9522,55.3856],[11.9521,55.3853],[11.952,55.3852],[11.9516,55.3853],[11.9514,55.3853],[11.9512,55.3853],[11.951,55.3854],[11.9508,55.3856],[11.9505,55.3857],[11.9504,55.3857],[11.9499,55.3857],[11.9496,55.3857],[11.9495,55.3859],[11.9497,55.386],[11.9499,55.3861],[11.9506,55.3861],[11.9511,55.386],[11.9517,55.386],[11.9522,55.3859]]]},"properties":{"sourceId":"ais_par3.18112","a_type":3210,"hectares":1.003}},{"type":"Feature","id":"ais_par3.18188","geometry":{"type":"Polygon","coordinates":[[[12.0262,55.3903],[12.026,55.3904],[12.0259,55.3904],[12.0258,55.3904],[12.0257,55.3905],[12.0256,55.3906],[12.0256,55.3907],[12.0259,55.3908],[12.0261,55.3908],[12.0264,55.3907],[12.0268,55.3906],[12.0271,55.3905],[12.027,55.3903],[12.0267,55.3902],[12.0264,55.3902],[12.0262,55.3903]]]},"properties":{"sourceId":"ais_par3.18188","a_type":3210,"hectares":0.421}},{"type":"Feature","id":"ais_par3.18189","geometry":{"type":"Polygon","coordinates":[[[12.0245,55.3922],[12.0247,55.3922],[12.0248,55.3922],[12.0249,55.392],[12.0249,55.3918],[12.0249,55.3917],[12.0251,55.3916],[12.0252,55.3915],[12.0259,55.3914],[12.0259,55.3915],[12.0257,55.3916],[12.0255,55.3917],[12.0255,55.3919],[12.0257,55.3919],[12.026,55.3919],[12.0263,55.3918],[12.0268,55.3917],[12.0271,55.3915],[12.0272,55.3913],[12.0272,55.3912],[12.0269,55.3911],[12.0267,55.391],[12.0264,55.3911],[12.026,55.3912],[12.0257,55.3911],[12.0253,55.3911],[12.0251,55.3912],[12.0248,55.3914],[12.0246,55.3914],[12.0247,55.3912],[12.025,55.3911],[12.0251,55.391],[12.0249,55.3909],[12.0246,55.391],[12.0243,55.3911],[12.0241,55.3912],[12.0236,55.3912],[12.0235,55.3914],[12.0234,55.3917],[12.0234,55.3919],[12.0236,55.3918],[12.0238,55.3917],[12.024,55.3917],[12.0245,55.3918],[12.0245,55.392],[12.0245,55.3922]]]},"properties":{"sourceId":"ais_par3.18189","a_type":3210,"hectares":1.625}},{"type":"Feature","id":"ais_par3.18190","geometry":{"type":"Polygon","coordinates":[[[12.0489,55.3808],[12.0485,55.3804],[12.0479,55.3797],[12.046,55.3798],[12.0461,55.3802],[12.0451,55.3804],[12.0464,55.381],[12.0474,55.3813],[12.0481,55.3813],[12.0481,55.3807],[12.0483,55.3808],[12.0489,55.3808]],[[12.0483,55.3805],[12.048,55.3805],[12.0479,55.3805],[12.0477,55.3805],[12.0477,55.3804],[12.0477,55.3804],[12.0478,55.3803],[12.048,55.3803],[12.0481,55.3803],[12.0483,55.3804],[12.0483,55.3805],[12.0483,55.3805]]]},"properties":{"sourceId":"ais_par3.18190","a_type":3210,"hectares":2.357}},{"type":"Feature","id":"ais_par3.18914","geometry":{"type":"Polygon","coordinates":[[[11.9134,55.5307],[11.9133,55.5302],[11.9133,55.53],[11.912,55.5289],[11.9117,55.5292],[11.9116,55.5296],[11.9116,55.5299],[11.9118,55.5304],[11.9123,55.5306],[11.9134,55.5307]]]},"properties":{"sourceId":"ais_par3.18914","a_type":4110,"hectares":1.391}},{"type":"Feature","id":"ais_par3.18918","geometry":{"type":"Polygon","coordinates":[[[11.9085,55.4983],[11.9092,55.4979],[11.9096,55.4978],[11.91,55.498],[11.9106,55.4982],[11.911,55.4983],[11.9112,55.4983],[11.9114,55.4983],[11.9115,55.4982],[11.9115,55.4981],[11.9112,55.498],[11.9106,55.4977],[11.9106,55.4975],[11.9097,55.4973],[11.9089,55.4972],[11.9088,55.497],[11.9076,55.4969],[11.9077,55.4976],[11.9079,55.4977],[11.9081,55.4976],[11.9084,55.4976],[11.9086,55.4977],[11.9086,55.4977],[11.9088,55.4977],[11.909,55.4977],[11.9088,55.4978],[11.9087,55.498],[11.9086,55.4981],[11.9083,55.4981],[11.9081,55.4981],[11.908,55.498],[11.9078,55.4981],[11.9078,55.4981],[11.9078,55.4982],[11.908,55.4982],[11.9081,55.4982],[11.9082,55.4982],[11.9083,55.4982],[11.9084,55.4983],[11.9085,55.4983]]]},"properties":{"sourceId":"ais_par3.18918","a_type":4110,"hectares":1.804}},{"type":"Feature","id":"ais_par3.18919","geometry":{"type":"Polygon","coordinates":[[[11.9085,55.4984],[11.9078,55.4983],[11.9077,55.4983],[11.9076,55.4981],[11.9077,55.498],[11.9075,55.4978],[11.9076,55.4977],[11.9068,55.498],[11.9059,55.4983],[11.9061,55.4986],[11.9058,55.4987],[11.9059,55.4989],[11.9063,55.4995],[11.9064,55.4996],[11.9063,55.4997],[11.9067,55.4997],[11.9068,55.4996],[11.9069,55.4995],[11.907,55.4994],[11.9074,55.4992],[11.9078,55.499],[11.9078,55.4987],[11.9076,55.4985],[11.9079,55.4985],[11.9083,55.4985],[11.9085,55.4984]]]},"properties":{"sourceId":"ais_par3.18919","a_type":4110,"hectares":1.735}},{"type":"Feature","id":"ais_par3.18936","geometry":{"type":"Polygon","coordinates":[[[11.9077,55.4478],[11.9082,55.4478],[11.9084,55.4466],[11.9082,55.4466],[11.908,55.4467],[11.9077,55.4478]]]},"properties":{"sourceId":"ais_par3.18936","a_type":4110,"hectares":0.395}},{"type":"Feature","id":"ais_par3.18939","geometry":{"type":"Polygon","coordinates":[[[11.9129,55.4983],[11.9133,55.4984],[11.914,55.4984],[11.9144,55.4984],[11.9145,55.4988],[11.915,55.4987],[11.9149,55.4982],[11.9148,55.4981],[11.9136,55.4982],[11.9129,55.4983]]]},"properties":{"sourceId":"ais_par3.18939","a_type":4110,"hectares":0.371}},{"type":"Feature","id":"ais_par3.18940","geometry":{"type":"Polygon","coordinates":[[[11.9168,55.498],[11.9164,55.4972],[11.9161,55.4976],[11.9157,55.4979],[11.9163,55.498],[11.9168,55.498]]]},"properties":{"sourceId":"ais_par3.18940","a_type":4110,"hectares":0.27}},{"type":"Feature","id":"ais_par3.19319","geometry":{"type":"Polygon","coordinates":[[[11.9467,55.3845],[11.9476,55.3841],[11.9483,55.3838],[11.9489,55.3835],[11.9488,55.3832],[11.9487,55.383],[11.948,55.3831],[11.9476,55.3832],[11.9477,55.3835],[11.9477,55.3836],[11.9472,55.3838],[11.947,55.384],[11.9468,55.3841],[11.9466,55.3841],[11.9467,55.3845]]]},"properties":{"sourceId":"ais_par3.19319","a_type":4110,"hectares":0.879}},{"type":"Feature","id":"ais_par3.19320","geometry":{"type":"Polygon","coordinates":[[[11.9412,55.3867],[11.9412,55.387],[11.9414,55.3872],[11.9416,55.3873],[11.942,55.3874],[11.9425,55.3876],[11.9431,55.3876],[11.9435,55.3875],[11.9436,55.3874],[11.9434,55.3867],[11.9426,55.3866],[11.9412,55.3867]]]},"properties":{"sourceId":"ais_par3.19320","a_type":4110,"hectares":1.259}},{"type":"Feature","id":"ais_par3.19321","geometry":{"type":"Polygon","coordinates":[[[11.9581,55.3973],[11.9578,55.3968],[11.957,55.397],[11.9563,55.3972],[11.9562,55.3973],[11.9565,55.3977],[11.9568,55.3976],[11.9581,55.3973]]]},"properties":{"sourceId":"ais_par3.19321","a_type":4110,"hectares":0.657}},{"type":"Feature","id":"ais_par3.19347","geometry":{"type":"Polygon","coordinates":[[[11.9064,55.3786],[11.9065,55.3782],[11.9062,55.3782],[11.9058,55.3782],[11.9054,55.3782],[11.9051,55.3782],[11.9051,55.3785],[11.9057,55.3785],[11.9061,55.3785],[11.9063,55.3786],[11.9064,55.3786]]]},"properties":{"sourceId":"ais_par3.19347","a_type":4110,"hectares":0.301}},{"type":"Feature","id":"ais_par3.19348","geometry":{"type":"Polygon","coordinates":[[[11.9027,55.3835],[11.9026,55.3834],[11.9026,55.3834],[11.9027,55.3834],[11.9027,55.3834],[11.9028,55.3833],[11.9029,55.3833],[11.9029,55.383],[11.9029,55.383],[11.9028,55.383],[11.9025,55.3831],[11.9021,55.3832],[11.9016,55.3833],[11.9014,55.3834],[11.9014,55.3837],[11.9014,55.3838],[11.9016,55.3837],[11.9019,55.3836],[11.9023,55.3836],[11.9027,55.3835]]]},"properties":{"sourceId":"ais_par3.19348","a_type":4110,"hectares":0.423}},{"type":"Feature","id":"ais_par3.19349","geometry":{"type":"Polygon","coordinates":[[[11.9166,55.3779],[11.9159,55.3781],[11.9155,55.3782],[11.9153,55.3781],[11.9153,55.378],[11.915,55.378],[11.9143,55.3781],[11.9138,55.3782],[11.9126,55.3783],[11.9124,55.3784],[11.9123,55.3785],[11.9132,55.3784],[11.9141,55.3785],[11.9147,55.3785],[11.915,55.3784],[11.9157,55.3785],[11.916,55.3787],[11.9173,55.3783],[11.9166,55.3779]]]},"properties":{"sourceId":"ais_par3.19349","a_type":4110,"hectares":1.238}},{"type":"Feature","id":"ais_par3.19350","geometry":{"type":"Polygon","coordinates":[[[11.915,55.3771],[11.9149,55.3771],[11.9143,55.3774],[11.9136,55.3776],[11.9136,55.3776],[11.9137,55.3777],[11.9139,55.3778],[11.914,55.3777],[11.9142,55.3777],[11.9143,55.3778],[11.9144,55.3779],[11.9147,55.3779],[11.915,55.3779],[11.9153,55.3779],[11.9156,55.3778],[11.9157,55.3777],[11.9155,55.3776],[11.9153,55.3774],[11.915,55.3771]]]},"properties":{"sourceId":"ais_par3.19350","a_type":4110,"hectares":0.691}},{"type":"Feature","id":"ais_par3.19351","geometry":{"type":"Polygon","coordinates":[[[11.9507,55.4136],[11.9497,55.4139],[11.9489,55.4141],[11.9489,55.4143],[11.9488,55.4146],[11.9492,55.4145],[11.9496,55.4144],[11.9499,55.4142],[11.9503,55.4141],[11.9509,55.4138],[11.951,55.4137],[11.9507,55.4136]]]},"properties":{"sourceId":"ais_par3.19351","a_type":4110,"hectares":0.551}},{"type":"Feature","id":"ais_par3.19352","geometry":{"type":"Polygon","coordinates":[[[11.958,55.417],[11.9582,55.4168],[11.9582,55.4166],[11.9579,55.416],[11.9576,55.4154],[11.9574,55.4151],[11.9564,55.4147],[11.9556,55.4144],[11.9545,55.4142],[11.9538,55.4138],[11.9534,55.4138],[11.9534,55.4139],[11.9536,55.4141],[11.9538,55.4143],[11.9544,55.4144],[11.9549,55.4144],[11.9554,55.4146],[11.956,55.4148],[11.9564,55.415],[11.9567,55.4152],[11.9569,55.4156],[11.9573,55.416],[11.9576,55.4165],[11.958,55.417]]]},"properties":{"sourceId":"ais_par3.19352","a_type":4110,"hectares":1.571}},{"type":"Feature","id":"ais_par3.19353","geometry":{"type":"Polygon","coordinates":[[[11.9365,55.4308],[11.937,55.4308],[11.9372,55.4309],[11.9374,55.4308],[11.9375,55.4306],[11.9378,55.43],[11.9383,55.4293],[11.9386,55.4284],[11.9388,55.4274],[11.9391,55.427],[11.9393,55.4269],[11.9394,55.4266],[11.9393,55.4263],[11.9392,55.4256],[11.9389,55.4246],[11.9385,55.4239],[11.9381,55.4237],[11.9379,55.4237],[11.938,55.4239],[11.9379,55.4239],[11.9377,55.4239],[11.9379,55.4241],[11.9378,55.4243],[11.9377,55.4246],[11.9374,55.4247],[11.9365,55.4249],[11.9363,55.4251],[11.9363,55.4252],[11.9365,55.4255],[11.9368,55.4258],[11.9373,55.4262],[11.9377,55.4266],[11.9378,55.4269],[11.9378,55.4272],[11.9374,55.4277],[11.9372,55.4282],[11.9371,55.4285],[11.9374,55.4287],[11.9374,55.4289],[11.9373,55.4293],[11.937,55.4299],[11.9365,55.4308]]]},"properties":{"sourceId":"ais_par3.19353","a_type":4110,"hectares":7.121}},{"type":"Feature","id":"ais_par3.19354","geometry":{"type":"Polygon","coordinates":[[[11.9444,55.4606],[11.9437,55.4603],[11.9433,55.4601],[11.9431,55.46],[11.9432,55.4602],[11.9434,55.4604],[11.9436,55.4605],[11.9439,55.4606],[11.9444,55.4606]]]},"properties":{"sourceId":"ais_par3.19354","a_type":4110,"hectares":0.149}},{"type":"Feature","id":"ais_par3.19360","geometry":{"type":"Polygon","coordinates":[[[11.908,55.4671],[11.9073,55.4668],[11.9069,55.4666],[11.9068,55.4667],[11.9065,55.4669],[11.9062,55.4675],[11.9057,55.4678],[11.9053,55.4681],[11.905,55.4684],[11.9047,55.4685],[11.9045,55.4684],[11.9043,55.4684],[11.9045,55.4686],[11.905,55.4688],[11.9052,55.4687],[11.9054,55.4687],[11.9065,55.4682],[11.9074,55.4677],[11.9081,55.4673],[11.908,55.4671]]]},"properties":{"sourceId":"ais_par3.19360","a_type":4110,"hectares":1.937}},{"type":"Feature","id":"ais_par3.19364","geometry":{"type":"Polygon","coordinates":[[[11.9071,55.463],[11.9076,55.4628],[11.9082,55.4624],[11.9086,55.4623],[11.9087,55.4622],[11.9088,55.4621],[11.9092,55.4618],[11.9093,55.4616],[11.9094,55.4613],[11.9091,55.4615],[11.9087,55.4617],[11.9084,55.462],[11.908,55.4621],[11.9075,55.4624],[11.9073,55.4626],[11.9071,55.4628],[11.9071,55.463]]]},"properties":{"sourceId":"ais_par3.19364","a_type":4110,"hectares":0.607}},{"type":"Feature","id":"ais_par3.19365","geometry":{"type":"Polygon","coordinates":[[[11.908,55.4482],[11.9073,55.4482],[11.9071,55.4484],[11.9069,55.4492],[11.9067,55.4499],[11.9064,55.4504],[11.9061,55.4507],[11.9066,55.4508],[11.907,55.4504],[11.9073,55.4499],[11.9074,55.4495],[11.9076,55.4492],[11.9076,55.4488],[11.908,55.4482]]]},"properties":{"sourceId":"ais_par3.19365","a_type":4110,"hectares":1.158}},{"type":"Feature","id":"ais_par3.19367","geometry":{"type":"Polygon","coordinates":[[[11.9049,55.4565],[11.9057,55.4564],[11.9068,55.4562],[11.9077,55.4561],[11.908,55.4561],[11.9078,55.4556],[11.9074,55.4551],[11.9069,55.4545],[11.9066,55.454],[11.9063,55.4537],[11.9063,55.4535],[11.9064,55.4534],[11.9065,55.4533],[11.9065,55.4533],[11.9061,55.4532],[11.9054,55.453],[11.9036,55.4525],[11.9037,55.4529],[11.9039,55.4534],[11.9039,55.4535],[11.9039,55.4537],[11.9052,55.4536],[11.9051,55.4544],[11.9052,55.4549],[11.9055,55.4555],[11.9051,55.4556],[11.9048,55.4556],[11.9039,55.4555],[11.9032,55.4554],[11.9032,55.4559],[11.9033,55.4561],[11.9049,55.4565]]]},"properties":{"sourceId":"ais_par3.19367","a_type":4110,"hectares":6.067}},{"type":"Feature","id":"ais_par3.19368","geometry":{"type":"Polygon","coordinates":[[[11.8999,55.4159],[11.9006,55.4158],[11.9008,55.4159],[11.9011,55.4159],[11.9021,55.4159],[11.9026,55.4158],[11.903,55.4158],[11.9035,55.4157],[11.9034,55.4153],[11.9033,55.4151],[11.9033,55.4148],[11.8998,55.4149],[11.8998,55.4145],[11.9001,55.4142],[11.9002,55.4139],[11.899,55.4136],[11.8987,55.4139],[11.8976,55.414],[11.8979,55.4146],[11.8983,55.4158],[11.8999,55.4157],[11.8999,55.4159]],[[11.8992,55.4142],[11.8993,55.4142],[11.8993,55.4144],[11.8991,55.4144],[11.8988,55.4145],[11.8987,55.4144],[11.8987,55.4144],[11.8987,55.4143],[11.8988,55.4143],[11.899,55.4143],[11.899,55.4142],[11.8992,55.4142]]]},"properties":{"sourceId":"ais_par3.19368","a_type":4110,"hectares":5.019}},{"type":"Feature","id":"ais_par3.19369","geometry":{"type":"Polygon","coordinates":[[[11.9369,55.4632],[11.937,55.463],[11.9366,55.4628],[11.9361,55.4627],[11.9354,55.4626],[11.9346,55.4623],[11.9339,55.4622],[11.9334,55.4621],[11.9325,55.4619],[11.9319,55.4619],[11.9316,55.462],[11.9317,55.4621],[11.9324,55.4622],[11.933,55.4624],[11.9333,55.4627],[11.9339,55.4628],[11.9347,55.4627],[11.9356,55.4628],[11.9363,55.4631],[11.9369,55.4632]]]},"properties":{"sourceId":"ais_par3.19369","a_type":4110,"hectares":1.456}},{"type":"Feature","id":"ais_par3.19370","geometry":{"type":"Polygon","coordinates":[[[11.8994,55.4179],[11.8993,55.4181],[11.9018,55.4179],[11.9032,55.4179],[11.904,55.4179],[11.9041,55.4177],[11.9043,55.4176],[11.9046,55.4177],[11.9065,55.4179],[11.9064,55.4186],[11.9073,55.4187],[11.9077,55.4187],[11.9081,55.4179],[11.9083,55.4177],[11.9091,55.4177],[11.9103,55.4178],[11.9111,55.4179],[11.9112,55.4176],[11.9114,55.417],[11.9087,55.4168],[11.9062,55.4167],[11.9052,55.4167],[11.9023,55.4167],[11.9001,55.4168],[11.8993,55.4169],[11.8995,55.4176],[11.8994,55.4177],[11.8994,55.4179]],[[11.9034,55.4175],[11.9034,55.4175],[11.9032,55.4176],[11.9031,55.4175],[11.9032,55.4174],[11.9034,55.4175]],[[11.9091,55.4169],[11.9094,55.4169],[11.9095,55.4169],[11.9095,55.417],[11.9093,55.417],[11.9092,55.4171],[11.9091,55.417],[11.9091,55.4169]]]},"properties":{"sourceId":"ais_par3.19370","a_type":4110,"hectares":9.916}},{"type":"Feature","id":"ais_par3.19665","geometry":{"type":"Polygon","coordinates":[[[11.9203,55.3691],[11.9206,55.3692],[11.921,55.3692],[11.9216,55.3692],[11.922,55.3696],[11.9233,55.3694],[11.924,55.3693],[11.9246,55.3693],[11.9255,55.3692],[11.9266,55.369],[11.9269,55.3688],[11.9269,55.3687],[11.9277,55.3682],[11.9273,55.3679],[11.9262,55.3685],[11.9246,55.3688],[11.9248,55.369],[11.9246,55.3692],[11.9242,55.3692],[11.9239,55.3692],[11.9235,55.369],[11.9226,55.369],[11.9221,55.3687],[11.9217,55.3687],[11.9212,55.3687],[11.921,55.3687],[11.9205,55.369],[11.9203,55.3691]]]},"properties":{"sourceId":"ais_par3.19665","a_type":4110,"hectares":2.415}},{"type":"Feature","id":"ais_par3.19667","geometry":{"type":"Polygon","coordinates":[[[11.9201,55.3684],[11.9209,55.3683],[11.9216,55.3681],[11.9213,55.3678],[11.9208,55.3679],[11.9199,55.3681],[11.9201,55.3684]]]},"properties":{"sourceId":"ais_par3.19667","a_type":4110,"hectares":0.372}},{"type":"Feature","id":"ais_par3.19683","geometry":{"type":"Polygon","coordinates":[[[11.9752,55.3761],[11.9755,55.376],[11.9756,55.3761],[11.9761,55.3761],[11.9765,55.3761],[11.9769,55.3761],[11.978,55.3757],[11.9788,55.3756],[11.9789,55.3753],[11.9786,55.3751],[11.9779,55.3748],[11.9772,55.3747],[11.9765,55.3748],[11.9758,55.3752],[11.975,55.3756],[11.9749,55.3758],[11.9752,55.3761]],[[11.9774,55.3757],[11.9773,55.3758],[11.9771,55.3758],[11.9771,55.3759],[11.9766,55.3759],[11.9764,55.3758],[11.9763,55.3757],[11.9762,55.3756],[11.9763,55.3753],[11.9766,55.3752],[11.9771,55.3752],[11.9775,55.3752],[11.9779,55.3755],[11.9777,55.3757],[11.9774,55.3757]]]},"properties":{"sourceId":"ais_par3.19683","a_type":4110,"hectares":1.872}},{"type":"Feature","id":"ais_par3.19689","geometry":{"type":"Polygon","coordinates":[[[11.9908,55.4024],[11.9917,55.402],[11.9927,55.4018],[11.9924,55.4013],[11.9913,55.4015],[11.9908,55.4015],[11.9904,55.4013],[11.9893,55.4008],[11.988,55.4002],[11.9878,55.3999],[11.9874,55.3995],[11.9872,55.3995],[11.9872,55.3997],[11.9872,55.3999],[11.9875,55.4002],[11.9885,55.4006],[11.9896,55.4012],[11.9904,55.4018],[11.9908,55.4024],[11.9908,55.4024],[11.9908,55.4024]]]},"properties":{"sourceId":"ais_par3.19689","a_type":4110,"hectares":1.771}},{"type":"Feature","id":"ais_par3.19690","geometry":{"type":"Polygon","coordinates":[[[11.9856,55.3751],[11.9858,55.3749],[11.9858,55.3747],[11.9858,55.3745],[11.9858,55.3743],[11.9858,55.3742],[11.9862,55.374],[11.9868,55.374],[11.9872,55.374],[11.9869,55.3735],[11.9868,55.373],[11.9839,55.3731],[11.9847,55.3741],[11.9856,55.3751]],[[11.9858,55.3738],[11.9858,55.3739],[11.9857,55.3739],[11.9855,55.3739],[11.9854,55.3737],[11.9853,55.3737],[11.9856,55.3735],[11.9858,55.3736],[11.9859,55.3736],[11.9858,55.3737],[11.9857,55.3736],[11.9856,55.3736],[11.9855,55.3737],[11.9856,55.3738],[11.9857,55.3738],[11.9858,55.3738]]]},"properties":{"sourceId":"ais_par3.19690","a_type":4110,"hectares":2.316}},{"type":"Feature","id":"ais_par3.19698","geometry":{"type":"Polygon","coordinates":[[[12.0219,55.3927],[12.0221,55.3932],[12.0215,55.3933],[12.0213,55.3935],[12.0215,55.3937],[12.0225,55.3936],[12.0231,55.3934],[12.0233,55.3932],[12.0229,55.3929],[12.0226,55.3926],[12.0219,55.3927]]]},"properties":{"sourceId":"ais_par3.19698","a_type":4110,"hectares":0.826}},{"type":"Feature","id":"ais_par3.19846","geometry":{"type":"Polygon","coordinates":[[[11.9105,55.3778],[11.9091,55.3778],[11.9076,55.3779],[11.9075,55.3783],[11.9074,55.3788],[11.9078,55.3787],[11.9088,55.3787],[11.9101,55.3786],[11.9098,55.3785],[11.9095,55.3785],[11.9094,55.3784],[11.9094,55.3782],[11.9097,55.378],[11.91,55.3779],[11.9105,55.3779],[11.9105,55.3778]]]},"properties":{"sourceId":"ais_par3.19846","a_type":4110,"hectares":1.308}},{"type":"Feature","id":"ais_par3.19870","geometry":{"type":"Polygon","coordinates":[[[11.913,55.3775],[11.9134,55.3774],[11.9143,55.3771],[11.9148,55.377],[11.914,55.3765],[11.9105,55.3778],[11.9107,55.3779],[11.9114,55.3778],[11.9123,55.3776],[11.913,55.3775]]]},"properties":{"sourceId":"ais_par3.19870","a_type":4110,"hectares":1.393}},{"type":"Feature","id":"ais_par3.24585","geometry":{"type":"Polygon","coordinates":[[[12.0058,55.3766],[12.0058,55.3765],[12.0057,55.3764],[12.0056,55.3764],[12.0056,55.3765],[12.0057,55.3766],[12.0058,55.3766]]]},"properties":{"sourceId":"ais_par3.24585","a_type":5120,"hectares":0.021}},{"type":"Feature","id":"ais_par3.21059","geometry":{"type":"Polygon","coordinates":[[[11.9251,55.4684],[11.9254,55.4685],[11.9255,55.4684],[11.9253,55.468],[11.9245,55.4674],[11.9239,55.4669],[11.9228,55.4663],[11.9219,55.4656],[11.9215,55.4656],[11.9216,55.4656],[11.9213,55.4658],[11.9206,55.4658],[11.9204,55.4656],[11.9201,55.4656],[11.9205,55.4661],[11.9209,55.4662],[11.9213,55.4664],[11.9219,55.4665],[11.9227,55.467],[11.9238,55.4674],[11.9244,55.4678],[11.9249,55.4683],[11.9251,55.4684]]]},"properties":{"sourceId":"ais_par3.21059","a_type":4120,"hectares":2.187}},{"type":"Feature","id":"ais_par3.21748","geometry":{"type":"Polygon","coordinates":[[[11.9101,55.3786],[11.9114,55.3786],[11.9123,55.3785],[11.9124,55.3784],[11.9126,55.3783],[11.9138,55.3782],[11.9143,55.3781],[11.915,55.378],[11.9153,55.378],[11.9153,55.3781],[11.9155,55.3782],[11.9159,55.3781],[11.9166,55.3779],[11.9152,55.3772],[11.915,55.3771],[11.9153,55.3774],[11.9155,55.3776],[11.9157,55.3777],[11.9156,55.3778],[11.9153,55.3779],[11.915,55.3779],[11.9147,55.3779],[11.9144,55.3779],[11.9143,55.3778],[11.9142,55.3777],[11.914,55.3777],[11.9139,55.3778],[11.9137,55.3777],[11.9136,55.3776],[11.9136,55.3776],[11.9134,55.3774],[11.913,55.3775],[11.9123,55.3776],[11.9114,55.3778],[11.9107,55.3779],[11.9105,55.3778],[11.9105,55.3779],[11.91,55.3779],[11.9097,55.378],[11.9094,55.3782],[11.9094,55.3784],[11.9095,55.3785],[11.9098,55.3785],[11.9101,55.3786]]]},"properties":{"sourceId":"ais_par3.21748","a_type":4120,"hectares":2.981}},{"type":"Feature","id":"ais_par3.21749","geometry":{"type":"Polygon","coordinates":[[[11.945,55.4147],[11.9451,55.4143],[11.9452,55.4137],[11.9453,55.4133],[11.9457,55.412],[11.945,55.4119],[11.9442,55.4119],[11.9438,55.4123],[11.943,55.4128],[11.9431,55.4133],[11.9432,55.4139],[11.9431,55.414],[11.9431,55.4142],[11.943,55.4145],[11.9431,55.4147],[11.9433,55.4147],[11.9438,55.4147],[11.9445,55.4148],[11.945,55.4147]],[[11.9448,55.4137],[11.9448,55.4138],[11.9447,55.4138],[11.9446,55.4138],[11.9444,55.4139],[11.9443,55.4138],[11.9443,55.4137],[11.9443,55.4136],[11.9444,55.4136],[11.9446,55.4136],[11.9448,55.4137]],[[11.945,55.4142],[11.945,55.4143],[11.9449,55.4145],[11.9448,55.4145],[11.9446,55.4146],[11.9443,55.4146],[11.9441,55.4145],[11.9441,55.4145],[11.9441,55.4144],[11.9442,55.4143],[11.9445,55.4142],[11.9449,55.4142],[11.945,55.4142]]]},"properties":{"sourceId":"ais_par3.21749","a_type":4120,"hectares":3.858}},{"type":"Feature","id":"ais_par3.21750","geometry":{"type":"Polygon","coordinates":[[[11.9359,55.4326],[11.9359,55.4325],[11.9362,55.4318],[11.9358,55.4317],[11.9351,55.4316],[11.935,55.4319],[11.9346,55.4323],[11.9337,55.4317],[11.9335,55.4326],[11.9352,55.4336],[11.9359,55.4326],[11.9359,55.4326]]]},"properties":{"sourceId":"ais_par3.21750","a_type":4120,"hectares":2.175}},{"type":"Feature","id":"ais_par3.21751","geometry":{"type":"Polygon","coordinates":[[[11.9437,55.4612],[11.9441,55.4612],[11.9441,55.4611],[11.944,55.461],[11.9441,55.461],[11.9442,55.4609],[11.9442,55.4608],[11.9441,55.4608],[11.9442,55.4607],[11.9444,55.4607],[11.9444,55.4606],[11.9439,55.4606],[11.9436,55.4605],[11.9434,55.4604],[11.9432,55.4602],[11.9431,55.46],[11.9425,55.4599],[11.9422,55.46],[11.9422,55.4602],[11.9425,55.4605],[11.9424,55.4607],[11.9423,55.4608],[11.9423,55.4608],[11.9425,55.4609],[11.9431,55.461],[11.9435,55.4611],[11.9437,55.4612]]]},"properties":{"sourceId":"ais_par3.21751","a_type":4120,"hectares":1.026}},{"type":"Feature","id":"ais_par3.21769","geometry":{"type":"Polygon","coordinates":[[[11.9088,55.4598],[11.9087,55.46],[11.9086,55.4602],[11.9085,55.4605],[11.9082,55.4609],[11.9078,55.4613],[11.9079,55.4616],[11.9075,55.4619],[11.907,55.4622],[11.907,55.4626],[11.907,55.4627],[11.9069,55.4629],[11.9068,55.4632],[11.9066,55.4634],[11.9066,55.4636],[11.9066,55.464],[11.9066,55.4642],[11.9065,55.4644],[11.9065,55.4647],[11.9064,55.4648],[11.9064,55.4651],[11.9066,55.465],[11.9067,55.4648],[11.9068,55.4645],[11.9068,55.4643],[11.9069,55.4641],[11.9069,55.4638],[11.9071,55.463],[11.9071,55.4628],[11.9073,55.4626],[11.9075,55.4624],[11.908,55.4621],[11.9084,55.462],[11.9087,55.4617],[11.9091,55.4615],[11.9094,55.4613],[11.9093,55.4616],[11.9092,55.4618],[11.9088,55.4621],[11.9087,55.4622],[11.9086,55.4623],[11.9082,55.4624],[11.9085,55.4625],[11.909,55.4626],[11.9098,55.4625],[11.9102,55.4622],[11.9105,55.4619],[11.9103,55.4615],[11.9104,55.4611],[11.9095,55.4611],[11.9095,55.4609],[11.9096,55.4606],[11.9094,55.4603],[11.9093,55.4599],[11.9088,55.4598]],[[11.909,55.4602],[11.9091,55.4603],[11.9092,55.4603],[11.9093,55.4604],[11.9093,55.4606],[11.9093,55.4607],[11.9092,55.4608],[11.9091,55.461],[11.9091,55.4611],[11.9088,55.4612],[11.9086,55.4613],[11.9085,55.4613],[11.9084,55.4612],[11.9084,55.4611],[11.9085,55.461],[11.9085,55.4608],[11.9086,55.4607],[11.9088,55.4606],[11.9088,55.4605],[11.9088,55.4604],[11.9089,55.4604],[11.909,55.4602]]]},"properties":{"sourceId":"ais_par3.21769","a_type":4120,"hectares":3.324}},{"type":"Feature","id":"ais_par3.21770","geometry":{"type":"Polygon","coordinates":[[[11.8969,55.4557],[11.8974,55.4543],[11.8967,55.454],[11.8968,55.4539],[11.8969,55.4538],[11.8968,55.4537],[11.8965,55.4536],[11.8962,55.4536],[11.8961,55.4537],[11.8956,55.4535],[11.8955,55.4535],[11.8955,55.4537],[11.8956,55.4538],[11.8954,55.4543],[11.8951,55.4545],[11.895,55.4549],[11.8952,55.4552],[11.8956,55.4556],[11.8959,55.4557],[11.8958,55.456],[11.8957,55.4565],[11.896,55.4564],[11.8961,55.4562],[11.8962,55.456],[11.8962,55.4559],[11.8963,55.4558],[11.8964,55.4559],[11.8963,55.4562],[11.8961,55.4565],[11.8958,55.4566],[11.8956,55.4566],[11.8957,55.4567],[11.8959,55.4567],[11.8963,55.4567],[11.8965,55.4567],[11.8973,55.4568],[11.8988,55.4568],[11.9005,55.4568],[11.902,55.4567],[11.902,55.4565],[11.9019,55.4564],[11.9021,55.4559],[11.9022,55.4555],[11.9023,55.4551],[11.9025,55.455],[11.9029,55.455],[11.9029,55.4554],[11.9027,55.456],[11.9027,55.4565],[11.9034,55.4566],[11.9046,55.4564],[11.9049,55.4565],[11.9033,55.4561],[11.9032,55.4559],[11.9032,55.4554],[11.9039,55.4555],[11.9048,55.4556],[11.9051,55.4556],[11.9055,55.4555],[11.9052,55.4549],[11.9051,55.4544],[11.9052,55.4536],[11.9039,55.4537],[11.9039,55.4535],[11.9039,55.4534],[11.9037,55.4529],[11.9036,55.4525],[11.9023,55.4522],[11.902,55.4523],[11.902,55.453],[11.9018,55.4536],[11.9015,55.4537],[11.901,55.4538],[11.9006,55.4538],[11.9004,55.4539],[11.9004,55.454],[11.8992,55.4542],[11.899,55.4545],[11.8987,55.4549],[11.8987,55.4552],[11.8986,55.4555],[11.8985,55.4556],[11.8981,55.4557],[11.8981,55.4558],[11.8979,55.4561],[11.8975,55.4561],[11.8972,55.4559],[11.8969,55.4557]],[[11.8965,55.4557],[11.8963,55.4557],[11.896,55.4556],[11.8959,55.4555],[11.8958,55.4551],[11.8957,55.4549],[11.8957,55.4546],[11.8956,55.4544],[11.8956,55.4542],[11.8958,55.4541],[11.8958,55.4539],[11.8963,55.454],[11.8966,55.4541],[11.8966,55.4543],[11.8966,55.4544],[11.8966,55.4545],[11.8965,55.4547],[11.8965,55.4549],[11.8964,55.4551],[11.8964,55.4552],[11.8963,55.4552],[11.8964,55.4553],[11.8965,55.4556],[11.8965,55.4557]],[[11.901,55.4556],[11.9009,55.4556],[11.9009,55.4554],[11.9009,55.4552],[11.9009,55.4552],[11.901,55.455],[11.9008,55.4549],[11.9005,55.4549],[11.8999,55.4547],[11.8999,55.4546],[11.9,55.4545],[11.9003,55.4546],[11.9005,55.4547],[11.9008,55.4548],[11.9014,55.4549],[11.9013,55.455],[11.9012,55.4551],[11.9011,55.4553],[11.9011,55.4554],[11.901,55.4556]],[[11.9005,55.456],[11.9006,55.4562],[11.9003,55.4562],[11.8999,55.4562],[11.8997,55.4562],[11.8996,55.4562],[11.8996,55.4563],[11.8994,55.4564],[11.8992,55.4563],[11.8991,55.4562],[11.8989,55.4562],[11.8988,55.4563],[11.8987,55.4563],[11.8986,55.4561],[11.8987,55.456],[11.899,55.4559],[11.8994,55.4559],[11.8994,55.4557],[11.8995,55.4555],[11.8999,55.4557],[11.9,55.4558],[11.9001,55.4559],[11.9005,55.456]],[[11.9029,55.453],[11.9028,55.4531],[11.9026,55.4531],[11.9026,55.453],[11.9027,55.453],[11.9029,55.453]],[[11.9029,55.4526],[11.9028,55.4527],[11.9026,55.4527],[11.9026,55.4526],[11.9026,55.4526],[11.9027,55.4526],[11.9029,55.4526]],[[11.9028,55.4535],[11.9027,55.4535],[11.9026,55.4536],[11.9025,55.4535],[11.9025,55.4535],[11.9025,55.4535],[11.9026,55.4534],[11.9027,55.4534],[11.9028,55.4535]]]},"properties":{"sourceId":"ais_par3.21770","a_type":4120,"hectares":15.58}},{"type":"Feature","id":"ais_par3.21771","geometry":{"type":"Polygon","coordinates":[[[11.8999,55.4159],[11.9001,55.4168],[11.9023,55.4167],[11.9052,55.4167],[11.9052,55.4164],[11.9044,55.4164],[11.9043,55.416],[11.903,55.4161],[11.903,55.4158],[11.9026,55.4158],[11.9021,55.4159],[11.9011,55.4159],[11.9008,55.4159],[11.9006,55.4158],[11.8999,55.4159]]]},"properties":{"sourceId":"ais_par3.21771","a_type":4120,"hectares":2.693}},{"type":"Feature","id":"ais_par3.21772","geometry":{"type":"Polygon","coordinates":[[[11.9035,55.4157],[11.9062,55.4158],[11.9063,55.4155],[11.9034,55.4153],[11.9035,55.4157]]]},"properties":{"sourceId":"ais_par3.21772","a_type":4120,"hectares":0.723}},{"type":"Feature","id":"ais_par3.21773","geometry":{"type":"Polygon","coordinates":[[[11.938,55.4614],[11.9373,55.4613],[11.9367,55.4611],[11.9361,55.4609],[11.9355,55.4607],[11.935,55.4605],[11.9342,55.4604],[11.9332,55.4603],[11.9325,55.4602],[11.9319,55.46],[11.9313,55.4599],[11.9307,55.4598],[11.9298,55.4598],[11.9288,55.4598],[11.9282,55.4598],[11.9281,55.4601],[11.9279,55.4605],[11.9279,55.4606],[11.9288,55.4607],[11.9302,55.4609],[11.9311,55.461],[11.9319,55.4611],[11.9332,55.4612],[11.9343,55.4614],[11.9355,55.4617],[11.9366,55.462],[11.9374,55.4622],[11.9375,55.4622],[11.9376,55.4621],[11.938,55.4615],[11.938,55.4614]]]},"properties":{"sourceId":"ais_par3.21773","a_type":4120,"hectares":6.834}},{"type":"Feature","id":"ais_par3.21774","geometry":{"type":"Polygon","coordinates":[[[11.9214,55.4593],[11.9216,55.4592],[11.9215,55.459],[11.9215,55.4588],[11.9217,55.4587],[11.9221,55.4589],[11.9229,55.4592],[11.9235,55.4596],[11.9243,55.4598],[11.9254,55.4602],[11.9267,55.4605],[11.9274,55.4599],[11.9263,55.4597],[11.9255,55.4595],[11.9251,55.4592],[11.9247,55.4588],[11.924,55.4584],[11.923,55.458],[11.9221,55.4577],[11.921,55.4577],[11.9194,55.4578],[11.9191,55.4581],[11.9193,55.4583],[11.9214,55.4593]]]},"properties":{"sourceId":"ais_par3.21774","a_type":4120,"hectares":5.904}},{"type":"Feature","id":"ais_par3.22174","geometry":{"type":"Polygon","coordinates":[[[11.9205,55.369],[11.921,55.3687],[11.9212,55.3687],[11.9217,55.3687],[11.9221,55.3687],[11.9226,55.369],[11.9235,55.369],[11.9239,55.3692],[11.9242,55.3692],[11.9246,55.3692],[11.9248,55.369],[11.9246,55.3688],[11.924,55.3681],[11.9252,55.3677],[11.9257,55.3676],[11.9264,55.3676],[11.9271,55.3675],[11.9283,55.367],[11.9274,55.3664],[11.927,55.3666],[11.9264,55.3667],[11.9257,55.3669],[11.9251,55.3671],[11.9245,55.3672],[11.9242,55.3669],[11.9254,55.3664],[11.9259,55.3663],[11.9264,55.3662],[11.9269,55.3661],[11.9264,55.3657],[11.9253,55.3661],[11.9249,55.3658],[11.9244,55.3659],[11.9239,55.3661],[11.9235,55.3659],[11.9223,55.3653],[11.9188,55.3667],[11.9199,55.3681],[11.9208,55.3679],[11.9213,55.3678],[11.9216,55.3681],[11.9209,55.3683],[11.9201,55.3684],[11.9205,55.369]],[[11.9227,55.3668],[11.9226,55.3667],[11.9228,55.3667],[11.9229,55.3667],[11.9228,55.3668],[11.9227,55.3668]],[[11.9223,55.3684],[11.922,55.3684],[11.9218,55.3684],[11.9217,55.3684],[11.9221,55.3683],[11.9223,55.3684]],[[11.9233,55.3669],[11.9228,55.367],[11.9228,55.3669],[11.9229,55.3668],[11.9231,55.3668],[11.9233,55.3668],[11.9233,55.3669]],[[11.9229,55.3672],[11.9229,55.3671],[11.9231,55.367],[11.9235,55.3669],[11.9235,55.367],[11.9235,55.367],[11.9233,55.3671],[11.9231,55.3671],[11.923,55.3672],[11.9229,55.3672]],[[11.9225,55.3663],[11.922,55.3664],[11.9218,55.3664],[11.9219,55.3663],[11.922,55.3662],[11.9221,55.3662],[11.9223,55.3662],[11.9224,55.3662],[11.9225,55.3663]],[[11.9239,55.3674],[11.9238,55.3675],[11.9237,55.3675],[11.9235,55.3675],[11.9233,55.3675],[11.9231,55.3675],[11.923,55.3675],[11.9229,55.3675],[11.9229,55.3675],[11.923,55.3673],[11.9231,55.3673],[11.9233,55.3672],[11.9234,55.3671],[11.9236,55.3672],[11.9236,55.3671],[11.9238,55.3673],[11.9239,55.3674]],[[11.9234,55.3689],[11.923,55.3689],[11.9227,55.3689],[11.9226,55.3688],[11.9226,55.3688],[11.9227,55.3688],[11.923,55.3688],[11.9232,55.3688],[11.9233,55.3688],[11.9234,55.3689]],[[11.9239,55.3686],[11.9238,55.3687],[11.9236,55.3687],[11.9235,55.3686],[11.9236,55.3685],[11.9237,55.3684],[11.9238,55.3684],[11.9239,55.3685],[11.9239,55.3686]]]},"properties":{"sourceId":"ais_par3.22174","a_type":4120,"hectares":12.505}},{"type":"Feature","id":"ais_par3.22194","geometry":{"type":"Polygon","coordinates":[[[11.9686,55.3808],[11.9688,55.3807],[11.9689,55.3806],[11.969,55.3805],[11.9692,55.3805],[11.9692,55.3803],[11.9691,55.38],[11.9689,55.3798],[11.9685,55.3798],[11.9682,55.3799],[11.968,55.3798],[11.9679,55.3798],[11.9681,55.3801],[11.9682,55.3805],[11.9685,55.3807],[11.9686,55.3808]]]},"properties":{"sourceId":"ais_par3.22194","a_type":4120,"hectares":0.592}},{"type":"Feature","id":"ais_par3.22195","geometry":{"type":"Polygon","coordinates":[[[11.9771,55.3758],[11.9773,55.3758],[11.9774,55.3757],[11.9773,55.3755],[11.9771,55.3755],[11.9769,55.3755],[11.977,55.3756],[11.9771,55.3758]]]},"properties":{"sourceId":"ais_par3.22195","a_type":4120,"hectares":0.055}},{"type":"Feature","id":"ais_par3.22205","geometry":{"type":"Polygon","coordinates":[[[12.0121,55.3866],[12.0118,55.3864],[12.0111,55.3863],[12.0108,55.386],[12.0109,55.3856],[12.011,55.3853],[12.0111,55.385],[12.0111,55.3848],[12.0108,55.3845],[12.01,55.3851],[12.0095,55.3854],[12.0089,55.3856],[12.0082,55.3858],[12.0076,55.3861],[12.0074,55.3863],[12.0073,55.3864],[12.0081,55.3866],[12.0088,55.3868],[12.0094,55.3869],[12.0101,55.3869],[12.0107,55.3867],[12.011,55.3866],[12.0112,55.3866],[12.0116,55.3867],[12.0118,55.3867],[12.0121,55.3866]]]},"properties":{"sourceId":"ais_par3.22205","a_type":4120,"hectares":3.561}},{"type":"Feature","id":"ais_par3.22206","geometry":{"type":"Polygon","coordinates":[[[12.0123,55.3866],[12.0127,55.3865],[12.0134,55.3863],[12.0144,55.386],[12.0153,55.3856],[12.0162,55.385],[12.0168,55.3844],[12.0168,55.3839],[12.0166,55.3835],[12.0167,55.3827],[12.0163,55.382],[12.0156,55.3817],[12.0149,55.381],[12.0144,55.3805],[12.0139,55.3799],[12.0134,55.3795],[12.0124,55.3793],[12.0109,55.3794],[12.0096,55.3797],[12.0085,55.3803],[12.0086,55.3805],[12.0089,55.3806],[12.0096,55.3808],[12.0104,55.381],[12.0114,55.3814],[12.0119,55.3819],[12.0119,55.3824],[12.0115,55.383],[12.0111,55.384],[12.0108,55.3844],[12.0112,55.3847],[12.0113,55.3849],[12.0112,55.3852],[12.0111,55.3856],[12.011,55.3859],[12.0112,55.3861],[12.0114,55.3863],[12.0118,55.3864],[12.0121,55.3865],[12.0123,55.3866]],[[12.013,55.3818],[12.0129,55.3818],[12.0126,55.3817],[12.0126,55.3816],[12.0126,55.3815],[12.0124,55.3814],[12.0124,55.3813],[12.0126,55.3813],[12.0128,55.3814],[12.0129,55.3815],[12.013,55.3816],[12.013,55.3818]],[[12.0118,55.3859],[12.0115,55.3857],[12.0114,55.3855],[12.0116,55.3854],[12.0118,55.3856],[12.012,55.3858],[12.012,55.3859],[12.0118,55.3859]]]},"properties":{"sourceId":"ais_par3.22206","a_type":4120,"hectares":22.835}},{"type":"Feature","id":"ais_par3.22207","geometry":{"type":"Polygon","coordinates":[[[12.0051,55.3815],[12.0039,55.3814],[12.0017,55.3812],[12.0006,55.3811],[12.0003,55.3814],[12.0003,55.3817],[12.0007,55.3821],[12.001,55.3825],[12.0032,55.3822],[12.005,55.382],[12.0056,55.3819],[12.0055,55.3815],[12.0051,55.3815]]]},"properties":{"sourceId":"ais_par3.22207","a_type":4120,"hectares":3.214}},{"type":"Feature","id":"ais_par3.22208","geometry":{"type":"Polygon","coordinates":[[[11.9923,55.3856],[11.9922,55.3854],[11.9921,55.3854],[11.992,55.3854],[11.9918,55.3855],[11.9917,55.3857],[11.9918,55.3858],[11.992,55.3858],[11.9922,55.3857],[11.9923,55.3856]],[[11.9921,55.3855],[11.9922,55.3855],[11.9922,55.3856],[11.992,55.3857],[11.9919,55.3857],[11.9919,55.3857],[11.9919,55.3856],[11.9921,55.3855]]]},"properties":{"sourceId":"ais_par3.22208","a_type":4120,"hectares":0.097}},{"type":"Feature","id":"ais_par3.22209","geometry":{"type":"Polygon","coordinates":[[[11.9858,55.3747],[11.9861,55.3748],[11.9865,55.3748],[11.9869,55.3746],[11.9873,55.3745],[11.9877,55.3744],[11.9879,55.3742],[11.9877,55.374],[11.9874,55.374],[11.9872,55.374],[11.9868,55.374],[11.9862,55.374],[11.9858,55.3742],[11.9858,55.3743],[11.9858,55.3745],[11.9858,55.3747]],[[11.9861,55.3744],[11.986,55.3743],[11.9861,55.3742],[11.9864,55.3742],[11.9866,55.3742],[11.9869,55.3742],[11.9871,55.3743],[11.9872,55.3743],[11.9871,55.3744],[11.9867,55.3744],[11.9865,55.3744],[11.9861,55.3744]]]},"properties":{"sourceId":"ais_par3.22209","a_type":4120,"hectares":0.744}},{"type":"Feature","id":"ais_par3.22237","geometry":{"type":"Polygon","coordinates":[[[12.0226,55.3926],[12.0222,55.3913],[12.0216,55.3904],[12.0207,55.3901],[12.0193,55.3903],[12.0188,55.3906],[12.0185,55.3907],[12.0181,55.3906],[12.0172,55.3907],[12.0165,55.3912],[12.016,55.3915],[12.0157,55.3916],[12.0151,55.3918],[12.0147,55.3921],[12.0146,55.3924],[12.015,55.3931],[12.0157,55.394],[12.0207,55.393],[12.0219,55.3927],[12.0226,55.3926]]]},"properties":{"sourceId":"ais_par3.22237","a_type":4120,"hectares":13.663}},{"type":"Feature","id":"ais_par3.22238","geometry":{"type":"Polygon","coordinates":[[[12.0297,55.3953],[12.0298,55.3952],[12.0298,55.395],[12.0284,55.3949],[12.0279,55.395],[12.0275,55.3951],[12.027,55.3953],[12.0265,55.3953],[12.0257,55.3952],[12.0251,55.3953],[12.0247,55.3956],[12.0242,55.3957],[12.0256,55.3958],[12.0261,55.3959],[12.028,55.3956],[12.0291,55.3954],[12.029,55.3953],[12.0289,55.3952],[12.0289,55.3951],[12.0291,55.395],[12.0292,55.3951],[12.0293,55.3952],[12.0293,55.3953],[12.0296,55.3953],[12.0297,55.3953]]]},"properties":{"sourceId":"ais_par3.22238","a_type":4120,"hectares":1.687}},{"type":"Feature","id":"ais_par3.22239","geometry":{"type":"Polygon","coordinates":[[[12.0458,55.3777],[12.045,55.3779],[12.0447,55.3781],[12.0451,55.3782],[12.0455,55.3782],[12.046,55.3782],[12.0464,55.378],[12.0463,55.3778],[12.0458,55.3777]],[[12.0458,55.3781],[12.0457,55.3781],[12.0454,55.3781],[12.0453,55.378],[12.0454,55.378],[12.0457,55.3779],[12.0458,55.3781]]]},"properties":{"sourceId":"ais_par3.22239","a_type":4120,"hectares":0.331}},{"type":"Feature","id":"ais_par3.22240","geometry":{"type":"Polygon","coordinates":[[[12.0457,55.3776],[12.0463,55.3777],[12.0461,55.3774],[12.0459,55.377],[12.046,55.3768],[12.0463,55.3765],[12.0464,55.3763],[12.0463,55.3761],[12.0459,55.3761],[12.0457,55.3764],[12.0455,55.3766],[12.0453,55.3768],[12.0454,55.3771],[12.0456,55.3774],[12.0457,55.3776]],[[12.0461,55.3775],[12.0459,55.3775],[12.0458,55.3774],[12.0458,55.3774],[12.0459,55.3774],[12.046,55.3774],[12.0461,55.3774],[12.0461,55.3775]],[[12.0458,55.3769],[12.0458,55.3769],[12.0457,55.3769],[12.0456,55.3768],[12.0457,55.3767],[12.0458,55.3767],[12.0459,55.3767],[12.0458,55.3769]]]},"properties":{"sourceId":"ais_par3.22240","a_type":4120,"hectares":0.56}},{"type":"Feature","id":"ais_par3.22669","geometry":{"type":"Polygon","coordinates":[[[11.9207,55.4913],[11.9202,55.4915],[11.9204,55.4915],[11.9206,55.4914],[11.9206,55.4915],[11.9206,55.4916],[11.9205,55.4916],[11.9203,55.4916],[11.9202,55.4915],[11.9203,55.4917],[11.9208,55.4916],[11.9207,55.4913]]]},"properties":{"sourceId":"ais_par3.22669","a_type":4120,"hectares":0.058}},{"type":"Feature","id":"ais_par3.24300","geometry":{"type":"Polygon","coordinates":[[[11.9234,55.3689],[11.9233,55.3688],[11.9232,55.3688],[11.923,55.3688],[11.9227,55.3688],[11.9226,55.3688],[11.9226,55.3688],[11.9227,55.3689],[11.923,55.3689],[11.9234,55.3689]]]},"properties":{"sourceId":"ais_par3.24300","a_type":5120,"hectares":0.051}},{"type":"Feature","id":"ais_par3.24301","geometry":{"type":"Polygon","coordinates":[[[11.9239,55.3686],[11.9239,55.3685],[11.9238,55.3684],[11.9237,55.3684],[11.9236,55.3685],[11.9235,55.3686],[11.9236,55.3687],[11.9238,55.3687],[11.9239,55.3686]]]},"properties":{"sourceId":"ais_par3.24301","a_type":5120,"hectares":0.052}},{"type":"Feature","id":"ais_par3.24302","geometry":{"type":"Polygon","coordinates":[[[11.9223,55.3684],[11.9221,55.3683],[11.9217,55.3684],[11.9218,55.3684],[11.922,55.3684],[11.9223,55.3684]]]},"properties":{"sourceId":"ais_par3.24302","a_type":5120,"hectares":0.028}},{"type":"Feature","id":"ais_par3.24375","geometry":{"type":"Polygon","coordinates":[[[11.9359,55.3708],[11.9359,55.3707],[11.9358,55.3706],[11.9357,55.3706],[11.9357,55.3707],[11.9358,55.3708],[11.9359,55.3708]]]},"properties":{"sourceId":"ais_par3.24375","a_type":5120,"hectares":0.018}},{"type":"Feature","id":"ais_par3.24376","geometry":{"type":"Polygon","coordinates":[[[11.9419,55.3705],[11.9418,55.3705],[11.9418,55.3706],[11.9419,55.3706],[11.942,55.3706],[11.942,55.3705],[11.9419,55.3705]]]},"properties":{"sourceId":"ais_par3.24376","a_type":5120,"hectares":0.022}},{"type":"Feature","id":"ais_par3.24377","geometry":{"type":"Polygon","coordinates":[[[11.9452,55.3689],[11.9453,55.3688],[11.9452,55.3687],[11.9451,55.3686],[11.945,55.3686],[11.9449,55.3687],[11.9449,55.3688],[11.945,55.3689],[11.9452,55.3689]]]},"properties":{"sourceId":"ais_par3.24377","a_type":5120,"hectares":0.067}},{"type":"Feature","id":"ais_par3.24379","geometry":{"type":"Polygon","coordinates":[[[11.9506,55.3678],[11.9507,55.3677],[11.9506,55.3677],[11.9506,55.3677],[11.9505,55.3677],[11.9505,55.3678],[11.9506,55.3678],[11.9506,55.3678]]]},"properties":{"sourceId":"ais_par3.24379","a_type":5120,"hectares":0.015}},{"type":"Feature","id":"ais_par3.24380","geometry":{"type":"Polygon","coordinates":[[[11.9537,55.3676],[11.9537,55.3676],[11.9536,55.3675],[11.9535,55.3676],[11.9535,55.3676],[11.9536,55.3677],[11.9537,55.3676]]]},"properties":{"sourceId":"ais_par3.24380","a_type":5120,"hectares":0.011}},{"type":"Feature","id":"ais_par3.24381","geometry":{"type":"Polygon","coordinates":[[[11.9572,55.3687],[11.9572,55.3686],[11.9572,55.3686],[11.9571,55.3686],[11.957,55.3686],[11.957,55.3687],[11.9571,55.3687],[11.9572,55.3687]]]},"properties":{"sourceId":"ais_par3.24381","a_type":5120,"hectares":0.015}},{"type":"Feature","id":"ais_par3.24382","geometry":{"type":"Polygon","coordinates":[[[11.9558,55.3688],[11.9557,55.3687],[11.9556,55.3687],[11.9556,55.3687],[11.9554,55.3688],[11.9554,55.3688],[11.9557,55.3688],[11.9558,55.3688]]]},"properties":{"sourceId":"ais_par3.24382","a_type":5120,"hectares":0.028}},{"type":"Feature","id":"ais_par3.24383","geometry":{"type":"Polygon","coordinates":[[[11.9608,55.3722],[11.9607,55.3722],[11.9606,55.3722],[11.9606,55.3723],[11.9607,55.3723],[11.9608,55.3723],[11.9608,55.3722]]]},"properties":{"sourceId":"ais_par3.24383","a_type":5120,"hectares":0.014}},{"type":"Feature","id":"ais_par3.24384","geometry":{"type":"Polygon","coordinates":[[[11.9506,55.3703],[11.9506,55.3702],[11.9505,55.3701],[11.9504,55.3701],[11.9503,55.3701],[11.9504,55.3702],[11.9505,55.3703],[11.9506,55.3703]]]},"properties":{"sourceId":"ais_par3.24384","a_type":5120,"hectares":0.032}},{"type":"Feature","id":"ais_par3.24385","geometry":{"type":"Polygon","coordinates":[[[11.9467,55.3704],[11.9468,55.3703],[11.9467,55.3703],[11.9466,55.3702],[11.9465,55.3703],[11.9465,55.3704],[11.9466,55.3704],[11.9467,55.3704]]]},"properties":{"sourceId":"ais_par3.24385","a_type":5120,"hectares":0.027}},{"type":"Feature","id":"ais_par3.24386","geometry":{"type":"Polygon","coordinates":[[[11.9489,55.3725],[11.949,55.3725],[11.9489,55.3724],[11.9488,55.3723],[11.9487,55.3723],[11.9487,55.3724],[11.9488,55.3725],[11.9489,55.3725]]]},"properties":{"sourceId":"ais_par3.24386","a_type":5120,"hectares":0.023}},{"type":"Feature","id":"ais_par3.24387","geometry":{"type":"Polygon","coordinates":[[[11.9392,55.3725],[11.939,55.3726],[11.939,55.3726],[11.939,55.3727],[11.9391,55.3727],[11.9392,55.3726],[11.9392,55.3726],[11.9392,55.3725]]]},"properties":{"sourceId":"ais_par3.24387","a_type":5120,"hectares":0.018}},{"type":"Feature","id":"ais_par3.24388","geometry":{"type":"Polygon","coordinates":[[[11.9407,55.3732],[11.9408,55.3732],[11.9408,55.3731],[11.9407,55.3731],[11.9406,55.3731],[11.9407,55.3732]]]},"properties":{"sourceId":"ais_par3.24388","a_type":5120,"hectares":0.016}},{"type":"Feature","id":"ais_par3.24389","geometry":{"type":"Polygon","coordinates":[[[11.9431,55.374],[11.9431,55.3739],[11.943,55.3739],[11.9429,55.3739],[11.9428,55.3739],[11.9429,55.374],[11.9429,55.374],[11.9431,55.374]]]},"properties":{"sourceId":"ais_par3.24389","a_type":5120,"hectares":0.018}},{"type":"Feature","id":"ais_par3.24390","geometry":{"type":"Polygon","coordinates":[[[11.9602,55.3827],[11.9602,55.3825],[11.9602,55.3825],[11.96,55.3825],[11.96,55.3826],[11.9601,55.3827],[11.9602,55.3827]]]},"properties":{"sourceId":"ais_par3.24390","a_type":5120,"hectares":0.027}},{"type":"Feature","id":"ais_par3.24391","geometry":{"type":"Polygon","coordinates":[[[11.9471,55.3718],[11.947,55.3716],[11.9469,55.3716],[11.9467,55.3716],[11.9467,55.3718],[11.9469,55.3718],[11.9471,55.3718]]]},"properties":{"sourceId":"ais_par3.24391","a_type":5120,"hectares":0.037}},{"type":"Feature","id":"ais_par3.24392","geometry":{"type":"Polygon","coordinates":[[[11.9529,55.3716],[11.9531,55.3716],[11.9531,55.3716],[11.9531,55.3715],[11.953,55.3714],[11.9528,55.3714],[11.9528,55.3715],[11.9528,55.3715],[11.9529,55.3716]]]},"properties":{"sourceId":"ais_par3.24392","a_type":5120,"hectares":0.034}},{"type":"Feature","id":"ais_par3.24394","geometry":{"type":"Polygon","coordinates":[[[11.9602,55.3709],[11.9601,55.3708],[11.9601,55.3707],[11.9599,55.3707],[11.9599,55.3708],[11.9599,55.3709],[11.96,55.371],[11.9601,55.3709],[11.9602,55.3709]]]},"properties":{"sourceId":"ais_par3.24394","a_type":5120,"hectares":0.04}},{"type":"Feature","id":"ais_par3.24395","geometry":{"type":"Polygon","coordinates":[[[11.9478,55.3762],[11.9478,55.3763],[11.9479,55.3764],[11.948,55.3764],[11.948,55.3763],[11.9479,55.3762],[11.9478,55.3762]]]},"properties":{"sourceId":"ais_par3.24395","a_type":5120,"hectares":0.02}},{"type":"Feature","id":"ais_par3.24396","geometry":{"type":"Polygon","coordinates":[[[11.9615,55.3852],[11.9615,55.3851],[11.9615,55.3851],[11.9614,55.385],[11.9613,55.385],[11.9613,55.3851],[11.9613,55.3851],[11.9613,55.3852],[11.9615,55.3852]]]},"properties":{"sourceId":"ais_par3.24396","a_type":5120,"hectares":0.033}},{"type":"Feature","id":"ais_par3.24397","geometry":{"type":"Polygon","coordinates":[[[11.9766,55.3912],[11.9764,55.3911],[11.9763,55.3911],[11.9762,55.3911],[11.9761,55.3912],[11.9762,55.3913],[11.9764,55.3913],[11.9765,55.3913],[11.9766,55.3912]]]},"properties":{"sourceId":"ais_par3.24397","a_type":5120,"hectares":0.049}},{"type":"Feature","id":"ais_par3.24398","geometry":{"type":"Polygon","coordinates":[[[11.9719,55.3915],[11.9719,55.3913],[11.9719,55.3912],[11.9718,55.3912],[11.9717,55.3912],[11.9717,55.3913],[11.9717,55.3914],[11.9718,55.3915],[11.9719,55.3915]]]},"properties":{"sourceId":"ais_par3.24398","a_type":5120,"hectares":0.039}},{"type":"Feature","id":"ais_par3.24399","geometry":{"type":"Polygon","coordinates":[[[11.9723,55.3935],[11.9724,55.3936],[11.9724,55.3937],[11.9724,55.3937],[11.9725,55.3938],[11.9727,55.3937],[11.9728,55.3937],[11.9727,55.3935],[11.9725,55.3935],[11.9723,55.3935]]]},"properties":{"sourceId":"ais_par3.24399","a_type":5120,"hectares":0.066}},{"type":"Feature","id":"ais_par3.24400","geometry":{"type":"Polygon","coordinates":[[[11.9781,55.3943],[11.9779,55.3943],[11.9778,55.3944],[11.9778,55.3944],[11.978,55.3945],[11.9781,55.3946],[11.9782,55.3945],[11.9781,55.3944],[11.9781,55.3943]]]},"properties":{"sourceId":"ais_par3.24400","a_type":5120,"hectares":0.045}},{"type":"Feature","id":"ais_par3.24401","geometry":{"type":"Polygon","coordinates":[[[11.9634,55.3797],[11.9635,55.3796],[11.9634,55.3796],[11.9633,55.3795],[11.9633,55.3796],[11.9632,55.3796],[11.9633,55.3797],[11.9634,55.3797]]]},"properties":{"sourceId":"ais_par3.24401","a_type":5120,"hectares":0.02}},{"type":"Feature","id":"ais_par3.24402","geometry":{"type":"Polygon","coordinates":[[[11.9648,55.3791],[11.9647,55.379],[11.9646,55.379],[11.9644,55.379],[11.9643,55.3791],[11.9644,55.3792],[11.9647,55.3792],[11.9648,55.3791]]]},"properties":{"sourceId":"ais_par3.24402","a_type":5120,"hectares":0.045}},{"type":"Feature","id":"ais_par3.24403","geometry":{"type":"Polygon","coordinates":[[[11.9649,55.3819],[11.9651,55.3818],[11.965,55.3817],[11.9649,55.3817],[11.9648,55.3817],[11.9648,55.3818],[11.9649,55.3819]]]},"properties":{"sourceId":"ais_par3.24403","a_type":5120,"hectares":0.032}},{"type":"Feature","id":"ais_par3.24404","geometry":{"type":"Polygon","coordinates":[[[11.9694,55.379],[11.9693,55.3789],[11.969,55.3789],[11.9689,55.379],[11.9689,55.3791],[11.969,55.3792],[11.9691,55.3792],[11.9693,55.3791],[11.9694,55.379]]]},"properties":{"sourceId":"ais_par3.24404","a_type":5120,"hectares":0.071}},{"type":"Feature","id":"ais_par3.24405","geometry":{"type":"Polygon","coordinates":[[[11.9771,55.374],[11.977,55.374],[11.9769,55.374],[11.9768,55.374],[11.9768,55.3741],[11.9769,55.3741],[11.9771,55.3741],[11.9771,55.374]]]},"properties":{"sourceId":"ais_par3.24405","a_type":5120,"hectares":0.017}},{"type":"Feature","id":"ais_par3.24406","geometry":{"type":"Polygon","coordinates":[[[11.9803,55.3762],[11.98,55.3761],[11.9799,55.3761],[11.9799,55.3762],[11.98,55.3763],[11.9802,55.3763],[11.9802,55.3763],[11.9803,55.3762]]]},"properties":{"sourceId":"ais_par3.24406","a_type":5120,"hectares":0.029}},{"type":"Feature","id":"ais_par3.24407","geometry":{"type":"Polygon","coordinates":[[[11.9783,55.3798],[11.9783,55.3797],[11.9783,55.3797],[11.9783,55.3797],[11.9781,55.3796],[11.978,55.3796],[11.978,55.3796],[11.9781,55.3798],[11.9783,55.3798]]]},"properties":{"sourceId":"ais_par3.24407","a_type":5120,"hectares":0.031}},{"type":"Feature","id":"ais_par3.24408","geometry":{"type":"Polygon","coordinates":[[[11.9762,55.3848],[11.9761,55.3847],[11.9761,55.3847],[11.976,55.3847],[11.976,55.3848],[11.9761,55.3848],[11.9762,55.3848]]]},"properties":{"sourceId":"ais_par3.24408","a_type":5120,"hectares":0.011}},{"type":"Feature","id":"ais_par3.24409","geometry":{"type":"Polygon","coordinates":[[[11.9765,55.3848],[11.9764,55.385],[11.9765,55.385],[11.9765,55.3851],[11.9766,55.385],[11.9766,55.3849],[11.9766,55.3848],[11.9765,55.3848]]]},"properties":{"sourceId":"ais_par3.24409","a_type":5120,"hectares":0.02}},{"type":"Feature","id":"ais_par3.24410","geometry":{"type":"Polygon","coordinates":[[[11.9699,55.3868],[11.9699,55.3869],[11.97,55.3869],[11.9701,55.3869],[11.9701,55.3868],[11.9701,55.3867],[11.9699,55.3868]]]},"properties":{"sourceId":"ais_par3.24410","a_type":5120,"hectares":0.022}},{"type":"Feature","id":"ais_par3.24411","geometry":{"type":"Polygon","coordinates":[[[11.981,55.3866],[11.9809,55.3865],[11.9808,55.3865],[11.9807,55.3865],[11.9807,55.3866],[11.9808,55.3867],[11.9809,55.3867],[11.981,55.3867],[11.981,55.3866]]]},"properties":{"sourceId":"ais_par3.24411","a_type":5120,"hectares":0.031}},{"type":"Feature","id":"ais_par3.24412","geometry":{"type":"Polygon","coordinates":[[[11.9813,55.3888],[11.9811,55.3887],[11.981,55.3887],[11.9809,55.3887],[11.981,55.3888],[11.9812,55.3888],[11.9813,55.3888]]]},"properties":{"sourceId":"ais_par3.24412","a_type":5120,"hectares":0.026}},{"type":"Feature","id":"ais_par3.24413","geometry":{"type":"Polygon","coordinates":[[[11.9763,55.3898],[11.976,55.3898],[11.9759,55.3898],[11.9759,55.3899],[11.976,55.39],[11.9761,55.39],[11.9762,55.3899],[11.9763,55.3898]]]},"properties":{"sourceId":"ais_par3.24413","a_type":5120,"hectares":0.039}},{"type":"Feature","id":"ais_par3.24414","geometry":{"type":"Polygon","coordinates":[[[11.9658,55.3888],[11.9659,55.3888],[11.9662,55.3888],[11.9663,55.3887],[11.9663,55.3886],[11.9662,55.3885],[11.966,55.3886],[11.9658,55.3886],[11.9658,55.3888]]]},"properties":{"sourceId":"ais_par3.24414","a_type":5120,"hectares":0.074}},{"type":"Feature","id":"ais_par3.24415","geometry":{"type":"Polygon","coordinates":[[[11.9756,55.379],[11.9757,55.3789],[11.9757,55.3788],[11.9756,55.3788],[11.9755,55.3788],[11.9754,55.3788],[11.9754,55.3789],[11.9756,55.379]]]},"properties":{"sourceId":"ais_par3.24415","a_type":5120,"hectares":0.038}},{"type":"Feature","id":"ais_par3.24416","geometry":{"type":"Polygon","coordinates":[[[11.9771,55.3758],[11.977,55.3756],[11.9769,55.3755],[11.9771,55.3755],[11.9773,55.3755],[11.9774,55.3757],[11.9777,55.3757],[11.9779,55.3755],[11.9775,55.3752],[11.9771,55.3752],[11.9766,55.3752],[11.9763,55.3753],[11.9762,55.3756],[11.9763,55.3757],[11.9764,55.3758],[11.9766,55.3759],[11.9771,55.3759],[11.9771,55.3758]]]},"properties":{"sourceId":"ais_par3.24416","a_type":5120,"hectares":0.573}},{"type":"Feature","id":"ais_par3.24417","geometry":{"type":"Polygon","coordinates":[[[11.966,55.3729],[11.9658,55.3728],[11.9656,55.3729],[11.9656,55.3729],[11.9657,55.373],[11.9659,55.373],[11.9661,55.3729],[11.966,55.3729]]]},"properties":{"sourceId":"ais_par3.24417","a_type":5120,"hectares":0.038}},{"type":"Feature","id":"ais_par3.24418","geometry":{"type":"Polygon","coordinates":[[[11.9686,55.3718],[11.9685,55.3716],[11.9672,55.3717],[11.9673,55.3721],[11.9686,55.3718]],[[11.9675,55.372],[11.9675,55.3719],[11.968,55.3718],[11.9675,55.372]]]},"properties":{"sourceId":"ais_par3.24418","a_type":5120,"hectares":0.263}},{"type":"Feature","id":"ais_par3.24419","geometry":{"type":"Polygon","coordinates":[[[11.9799,55.3728],[11.98,55.3727],[11.9801,55.3726],[11.98,55.3725],[11.9799,55.3725],[11.9798,55.3726],[11.9798,55.3727],[11.9799,55.3728]]]},"properties":{"sourceId":"ais_par3.24419","a_type":5120,"hectares":0.039}},{"type":"Feature","id":"ais_par3.24420","geometry":{"type":"Polygon","coordinates":[[[11.9807,55.3718],[11.9806,55.3719],[11.9806,55.372],[11.9807,55.372],[11.9808,55.372],[11.9809,55.3719],[11.9807,55.3718]]]},"properties":{"sourceId":"ais_par3.24420","a_type":5120,"hectares":0.025}},{"type":"Feature","id":"ais_par3.24421","geometry":{"type":"Polygon","coordinates":[[[11.9785,55.3714],[11.9786,55.3713],[11.9786,55.3713],[11.9785,55.3712],[11.9784,55.3712],[11.9783,55.3713],[11.9783,55.3714],[11.9785,55.3714]]]},"properties":{"sourceId":"ais_par3.24421","a_type":5120,"hectares":0.02}},{"type":"Feature","id":"ais_par3.24422","geometry":{"type":"Polygon","coordinates":[[[11.9691,55.3679],[11.9689,55.3679],[11.969,55.368],[11.9691,55.3681],[11.9691,55.3681],[11.9692,55.368],[11.9691,55.3679]]]},"properties":{"sourceId":"ais_par3.24422","a_type":5120,"hectares":0.021}},{"type":"Feature","id":"ais_par3.24444","geometry":{"type":"Polygon","coordinates":[[[11.9701,55.3713],[11.9701,55.3712],[11.9701,55.3711],[11.9699,55.371],[11.9698,55.3711],[11.9699,55.3712],[11.97,55.3713],[11.9701,55.3713]]]},"properties":{"sourceId":"ais_par3.24444","a_type":5120,"hectares":0.041}},{"type":"Feature","id":"ais_par3.24524","geometry":{"type":"Polygon","coordinates":[[[11.9869,55.4008],[11.9871,55.4008],[11.9873,55.4006],[11.9873,55.4006],[11.9872,55.4004],[11.987,55.4003],[11.9867,55.4004],[11.9866,55.4006],[11.9866,55.4008],[11.9869,55.4008]]]},"properties":{"sourceId":"ais_par3.24524","a_type":5120,"hectares":0.181}},{"type":"Feature","id":"ais_par3.24525","geometry":{"type":"Polygon","coordinates":[[[11.9917,55.3996],[11.9917,55.3994],[11.9916,55.3994],[11.9915,55.3994],[11.9915,55.3995],[11.9915,55.3996],[11.9917,55.3996]]]},"properties":{"sourceId":"ais_par3.24525","a_type":5120,"hectares":0.022}},{"type":"Feature","id":"ais_par3.24526","geometry":{"type":"Polygon","coordinates":[[[11.998,55.4004],[11.9979,55.4004],[11.9978,55.4004],[11.9978,55.4005],[11.9978,55.4005],[11.9979,55.4005],[11.998,55.4005],[11.998,55.4004]]]},"properties":{"sourceId":"ais_par3.24526","a_type":5120,"hectares":0.02}},{"type":"Feature","id":"ais_par3.24527","geometry":{"type":"Polygon","coordinates":[[[11.9949,55.3989],[11.9948,55.399],[11.9948,55.3991],[11.9949,55.3991],[11.995,55.3991],[11.995,55.399],[11.9949,55.3989]]]},"properties":{"sourceId":"ais_par3.24527","a_type":5120,"hectares":0.016}},{"type":"Feature","id":"ais_par3.24528","geometry":{"type":"Polygon","coordinates":[[[12.0067,55.3966],[12.0062,55.3967],[12.0056,55.3967],[12.0043,55.3969],[12.0039,55.397],[12.004,55.3972],[12.0042,55.3972],[12.0045,55.3973],[12.0047,55.3975],[12.0052,55.3978],[12.006,55.398],[12.0064,55.3982],[12.0066,55.3986],[12.007,55.3987],[12.0075,55.3987],[12.0083,55.3986],[12.0087,55.3985],[12.0091,55.3985],[12.0098,55.3986],[12.0103,55.3985],[12.011,55.3983],[12.0114,55.3983],[12.0114,55.3985],[12.0117,55.3988],[12.0122,55.3989],[12.0125,55.3988],[12.0129,55.3986],[12.0131,55.3983],[12.0135,55.3981],[12.0144,55.3979],[12.0149,55.3977],[12.0149,55.3975],[12.0146,55.3972],[12.0143,55.3969],[12.014,55.3968],[12.0132,55.3971],[12.0125,55.3974],[12.012,55.3974],[12.0116,55.3974],[12.011,55.3973],[12.0106,55.3972],[12.0102,55.3972],[12.0099,55.397],[12.0097,55.3969],[12.0092,55.397],[12.0086,55.397],[12.0076,55.397],[12.007,55.397],[12.0068,55.3967],[12.0067,55.3966]],[[12.0072,55.3977],[12.0073,55.3978],[12.0074,55.3979],[12.0072,55.3979],[12.007,55.3979],[12.007,55.3979],[12.007,55.3978],[12.0072,55.3977]],[[12.0107,55.3981],[12.0105,55.3982],[12.0102,55.3983],[12.0097,55.3984],[12.0096,55.3983],[12.0096,55.3982],[12.0099,55.3981],[12.0103,55.398],[12.0104,55.398],[12.0107,55.3981]],[[12.0119,55.3976],[12.012,55.3975],[12.0121,55.3975],[12.0123,55.3975],[12.0123,55.3976],[12.0123,55.3978],[12.0124,55.3979],[12.0123,55.3981],[12.0121,55.3982],[12.0119,55.3982],[12.0117,55.3981],[12.0116,55.3981],[12.0117,55.398],[12.0119,55.398],[12.012,55.3979],[12.0119,55.3976]],[[12.0108,55.3975],[12.0104,55.3976],[12.0101,55.3976],[12.0096,55.3975],[12.0093,55.3975],[12.009,55.3975],[12.0087,55.3975],[12.0084,55.3975],[12.0083,55.3975],[12.0083,55.3972],[12.0085,55.3972],[12.0092,55.3973],[12.0096,55.3973],[12.0101,55.3974],[12.0105,55.3974],[12.0108,55.3975]]]},"properties":{"sourceId":"ais_par3.24528","a_type":5120,"hectares":8.928}},{"type":"Feature","id":"ais_par3.24529","geometry":{"type":"Polygon","coordinates":[[[11.9929,55.3981],[11.9927,55.3981],[11.9926,55.3981],[11.9926,55.3982],[11.9927,55.3982],[11.9929,55.3982],[11.9929,55.3981]]]},"properties":{"sourceId":"ais_par3.24529","a_type":5120,"hectares":0.02}},{"type":"Feature","id":"ais_par3.24530","geometry":{"type":"Polygon","coordinates":[[[11.9951,55.3966],[11.995,55.3965],[11.9949,55.3965],[11.9948,55.3965],[11.9947,55.3965],[11.9947,55.3965],[11.9948,55.3966],[11.9949,55.3966],[11.9949,55.3966],[11.9949,55.3967],[11.995,55.3966],[11.9951,55.3966]]]},"properties":{"sourceId":"ais_par3.24530","a_type":5120,"hectares":0.036}},{"type":"Feature","id":"ais_par3.24531","geometry":{"type":"Polygon","coordinates":[[[11.9987,55.3964],[11.9986,55.3965],[11.9986,55.3965],[11.9987,55.3966],[11.9988,55.3966],[11.9988,55.3966],[11.9989,55.3965],[11.9987,55.3964]]]},"properties":{"sourceId":"ais_par3.24531","a_type":5120,"hectares":0.021}},{"type":"Feature","id":"ais_par3.24532","geometry":{"type":"Polygon","coordinates":[[[11.9978,55.396],[11.9978,55.396],[11.9979,55.3961],[11.9979,55.3961],[11.998,55.396],[11.998,55.396],[11.9979,55.396],[11.9978,55.396]]]},"properties":{"sourceId":"ais_par3.24532","a_type":5120,"hectares":0.015}},{"type":"Feature","id":"ais_par3.24533","geometry":{"type":"Polygon","coordinates":[[[12.0065,55.3944],[12.0063,55.3944],[12.0063,55.3944],[12.0062,55.3945],[12.0061,55.3946],[12.0062,55.3946],[12.0063,55.3946],[12.0065,55.3945],[12.0065,55.3944]]]},"properties":{"sourceId":"ais_par3.24533","a_type":5120,"hectares":0.029}},{"type":"Feature","id":"ais_par3.24534","geometry":{"type":"Polygon","coordinates":[[[11.9936,55.3966],[11.9937,55.3965],[11.9935,55.3963],[11.9934,55.3963],[11.9934,55.3964],[11.9935,55.3965],[11.9936,55.3966]]]},"properties":{"sourceId":"ais_par3.24534","a_type":5120,"hectares":0.029}},{"type":"Feature","id":"ais_par3.24535","geometry":{"type":"Polygon","coordinates":[[[11.9868,55.3994],[11.9868,55.3993],[11.9868,55.3993],[11.9867,55.3992],[11.9866,55.3992],[11.9865,55.3992],[11.9865,55.3994],[11.9867,55.3994],[11.9868,55.3994]]]},"properties":{"sourceId":"ais_par3.24535","a_type":5120,"hectares":0.032}},{"type":"Feature","id":"ais_par3.24536","geometry":{"type":"Polygon","coordinates":[[[11.9816,55.3982],[11.9818,55.3981],[11.9819,55.3981],[11.982,55.3981],[11.982,55.398],[11.9819,55.3979],[11.9817,55.398],[11.9816,55.398],[11.9816,55.3982]]]},"properties":{"sourceId":"ais_par3.24536","a_type":5120,"hectares":0.045}},{"type":"Feature","id":"ais_par3.24537","geometry":{"type":"Polygon","coordinates":[[[11.9936,55.3946],[11.9934,55.3946],[11.9934,55.3947],[11.9935,55.3947],[11.9936,55.3947],[11.9937,55.3946],[11.9936,55.3946]]]},"properties":{"sourceId":"ais_par3.24537","a_type":5120,"hectares":0.015}},{"type":"Feature","id":"ais_par3.24538","geometry":{"type":"Polygon","coordinates":[[[11.9868,55.3939],[11.9864,55.3939],[11.9863,55.394],[11.9863,55.394],[11.9863,55.3941],[11.9864,55.3941],[11.9866,55.3941],[11.9869,55.3941],[11.9869,55.394],[11.9868,55.3939]]]},"properties":{"sourceId":"ais_par3.24538","a_type":5120,"hectares":0.073}},{"type":"Feature","id":"ais_par3.24539","geometry":{"type":"Polygon","coordinates":[[[11.9853,55.3942],[11.9852,55.3941],[11.9852,55.3941],[11.9852,55.3941],[11.9851,55.394],[11.985,55.3941],[11.9851,55.3942],[11.9852,55.3942],[11.9853,55.3942]]]},"properties":{"sourceId":"ais_par3.24539","a_type":5120,"hectares":0.021}},{"type":"Feature","id":"ais_par3.24540","geometry":{"type":"Polygon","coordinates":[[[11.9941,55.3908],[11.994,55.3909],[11.994,55.3909],[11.994,55.391],[11.9941,55.391],[11.9941,55.391],[11.9942,55.391],[11.9942,55.3909],[11.9941,55.3908]]]},"properties":{"sourceId":"ais_par3.24540","a_type":5120,"hectares":0.026}},{"type":"Feature","id":"ais_par3.24541","geometry":{"type":"Polygon","coordinates":[[[11.9975,55.3918],[11.9974,55.3919],[11.9974,55.392],[11.9974,55.392],[11.9975,55.3921],[11.9976,55.3921],[11.9977,55.392],[11.9977,55.392],[11.9977,55.3919],[11.9975,55.3918]]]},"properties":{"sourceId":"ais_par3.24541","a_type":5120,"hectares":0.046}},{"type":"Feature","id":"ais_par3.24542","geometry":{"type":"Polygon","coordinates":[[[11.9987,55.3909],[11.9986,55.3909],[11.9985,55.3909],[11.9985,55.391],[11.9986,55.3911],[11.9987,55.3911],[11.9988,55.391],[11.9988,55.3909],[11.9987,55.3909]]]},"properties":{"sourceId":"ais_par3.24542","a_type":5120,"hectares":0.031}},{"type":"Feature","id":"ais_par3.24543","geometry":{"type":"Polygon","coordinates":[[[11.9838,55.3898],[11.9837,55.3897],[11.9836,55.3897],[11.9835,55.3896],[11.9834,55.3897],[11.9835,55.3897],[11.9835,55.3898],[11.9835,55.3898],[11.9836,55.3898],[11.9837,55.3899],[11.9838,55.3898],[11.9838,55.3898],[11.9838,55.3898]]]},"properties":{"sourceId":"ais_par3.24543","a_type":5120,"hectares":0.031}},{"type":"Feature","id":"ais_par3.24544","geometry":{"type":"Polygon","coordinates":[[[11.985,55.3873],[11.985,55.3871],[11.985,55.3871],[11.985,55.387],[11.9849,55.387],[11.9847,55.387],[11.9847,55.3871],[11.9848,55.3872],[11.9848,55.3873],[11.985,55.3873]]]},"properties":{"sourceId":"ais_par3.24544","a_type":5120,"hectares":0.058}},{"type":"Feature","id":"ais_par3.24545","geometry":{"type":"Polygon","coordinates":[[[11.9911,55.3882],[11.9911,55.3881],[11.9911,55.3881],[11.991,55.388],[11.9909,55.388],[11.9909,55.3881],[11.9909,55.3882],[11.991,55.3882],[11.991,55.3882],[11.9911,55.3883],[11.9912,55.3883],[11.9911,55.3882]]]},"properties":{"sourceId":"ais_par3.24545","a_type":5120,"hectares":0.03}},{"type":"Feature","id":"ais_par3.24546","geometry":{"type":"Polygon","coordinates":[[[11.9942,55.3885],[11.994,55.3886],[11.994,55.3887],[11.9942,55.3887],[11.9943,55.3887],[11.9944,55.3886],[11.9942,55.3885]]]},"properties":{"sourceId":"ais_par3.24546","a_type":5120,"hectares":0.028}},{"type":"Feature","id":"ais_par3.24547","geometry":{"type":"Polygon","coordinates":[[[11.9983,55.3874],[11.9981,55.3875],[11.9981,55.3875],[11.9981,55.3876],[11.9982,55.3876],[11.9984,55.3875],[11.9984,55.3874],[11.9983,55.3874]]]},"properties":{"sourceId":"ais_par3.24547","a_type":5120,"hectares":0.025}},{"type":"Feature","id":"ais_par3.24548","geometry":{"type":"Polygon","coordinates":[[[11.9937,55.3865],[11.9937,55.3867],[11.9937,55.3867],[11.9939,55.3867],[11.9939,55.3867],[11.9939,55.3866],[11.9938,55.3865],[11.9937,55.3865]]]},"properties":{"sourceId":"ais_par3.24548","a_type":5120,"hectares":0.031}},{"type":"Feature","id":"ais_par3.24549","geometry":{"type":"Polygon","coordinates":[[[12.0118,55.3859],[12.012,55.3859],[12.012,55.3858],[12.0118,55.3856],[12.0116,55.3854],[12.0114,55.3855],[12.0115,55.3857],[12.0118,55.3859]]]},"properties":{"sourceId":"ais_par3.24549","a_type":5120,"hectares":0.117}},{"type":"Feature","id":"ais_par3.24550","geometry":{"type":"Polygon","coordinates":[[[12.013,55.3818],[12.013,55.3816],[12.0129,55.3815],[12.0128,55.3814],[12.0126,55.3813],[12.0124,55.3813],[12.0124,55.3814],[12.0126,55.3815],[12.0126,55.3816],[12.0126,55.3817],[12.0129,55.3818],[12.013,55.3818]]]},"properties":{"sourceId":"ais_par3.24550","a_type":5120,"hectares":0.107}},{"type":"Feature","id":"ais_par3.24551","geometry":{"type":"Polygon","coordinates":[[[12.005,55.3814],[12.0053,55.3814],[12.0053,55.3814],[12.0053,55.3813],[12.0052,55.3813],[12.0051,55.3813],[12.005,55.3813],[12.005,55.3814],[12.005,55.3814]]]},"properties":{"sourceId":"ais_par3.24551","a_type":5120,"hectares":0.028}},{"type":"Feature","id":"ais_par3.24552","geometry":{"type":"Polygon","coordinates":[[[12.001,55.3845],[12.0011,55.3847],[12.0012,55.3847],[12.0013,55.3847],[12.0013,55.3846],[12.0013,55.3845],[12.0011,55.3845],[12.001,55.3845]]]},"properties":{"sourceId":"ais_par3.24552","a_type":5120,"hectares":0.036}},{"type":"Feature","id":"ais_par3.24553","geometry":{"type":"Polygon","coordinates":[[[11.9992,55.3835],[11.9991,55.3835],[11.999,55.3835],[11.9991,55.3836],[11.9991,55.3837],[11.9992,55.3837],[11.9993,55.3836],[11.9993,55.3835],[11.9992,55.3835]]]},"properties":{"sourceId":"ais_par3.24553","a_type":5120,"hectares":0.028}},{"type":"Feature","id":"ais_par3.24554","geometry":{"type":"Polygon","coordinates":[[[11.9936,55.3834],[11.9936,55.3833],[11.9935,55.3833],[11.9934,55.3833],[11.9933,55.3834],[11.9934,55.3834],[11.9936,55.3834],[11.9936,55.3834]]]},"properties":{"sourceId":"ais_par3.24554","a_type":5120,"hectares":0.021}},{"type":"Feature","id":"ais_par3.24555","geometry":{"type":"Polygon","coordinates":[[[11.9887,55.3835],[11.9887,55.3834],[11.9887,55.3833],[11.9886,55.3833],[11.9885,55.3833],[11.9885,55.3833],[11.9885,55.3834],[11.9885,55.3835],[11.9887,55.3835]]]},"properties":{"sourceId":"ais_par3.24555","a_type":5120,"hectares":0.026}},{"type":"Feature","id":"ais_par3.24556","geometry":{"type":"Polygon","coordinates":[[[11.9965,55.3819],[11.9966,55.382],[11.9966,55.382],[11.9967,55.382],[11.9967,55.382],[11.9967,55.3819],[11.9966,55.3819],[11.9965,55.3819]]]},"properties":{"sourceId":"ais_par3.24556","a_type":5120,"hectares":0.01}},{"type":"Feature","id":"ais_par3.24557","geometry":{"type":"Polygon","coordinates":[[[11.9888,55.3819],[11.9886,55.3818],[11.9886,55.3818],[11.9885,55.3818],[11.9886,55.3819],[11.9887,55.382],[11.9887,55.382],[11.9888,55.3819]]]},"properties":{"sourceId":"ais_par3.24557","a_type":5120,"hectares":0.019}},{"type":"Feature","id":"ais_par3.24558","geometry":{"type":"Polygon","coordinates":[[[11.9919,55.3811],[11.992,55.381],[11.992,55.381],[11.9919,55.381],[11.9918,55.381],[11.9917,55.381],[11.9918,55.3811],[11.9919,55.3811],[11.9919,55.3811]]]},"properties":{"sourceId":"ais_par3.24558","a_type":5120,"hectares":0.017}},{"type":"Feature","id":"ais_par3.24559","geometry":{"type":"Polygon","coordinates":[[[11.9938,55.3808],[11.9938,55.3809],[11.9938,55.3809],[11.9939,55.381],[11.994,55.3809],[11.9941,55.3809],[11.9941,55.3808],[11.994,55.3808],[11.9939,55.3808],[11.9938,55.3808]]]},"properties":{"sourceId":"ais_par3.24559","a_type":5120,"hectares":0.032}},{"type":"Feature","id":"ais_par3.24560","geometry":{"type":"Polygon","coordinates":[[[11.9915,55.3795],[11.9913,55.3795],[11.9912,55.3796],[11.9911,55.3796],[11.9912,55.3797],[11.9914,55.3797],[11.9916,55.3796],[11.9916,55.3795],[11.9915,55.3795]]]},"properties":{"sourceId":"ais_par3.24560","a_type":5120,"hectares":0.052}},{"type":"Feature","id":"ais_par3.24561","geometry":{"type":"Polygon","coordinates":[[[11.9991,55.3799],[11.9989,55.3799],[11.9989,55.3799],[11.9989,55.38],[11.9989,55.38],[11.999,55.38],[11.9991,55.38],[11.9992,55.38],[11.9991,55.3799]]]},"properties":{"sourceId":"ais_par3.24561","a_type":5120,"hectares":0.021}},{"type":"Feature","id":"ais_par3.24562","geometry":{"type":"Polygon","coordinates":[[[12.0096,55.3783],[12.0097,55.3784],[12.0098,55.3784],[12.0099,55.3783],[12.0099,55.3783],[12.0099,55.3782],[12.0097,55.3782],[12.0096,55.3782],[12.0096,55.3783]]]},"properties":{"sourceId":"ais_par3.24562","a_type":5120,"hectares":0.029}},{"type":"Feature","id":"ais_par3.24563","geometry":{"type":"Polygon","coordinates":[[[12.0091,55.3772],[12.0095,55.3771],[12.0094,55.377],[12.0091,55.377],[12.0091,55.3772]]]},"properties":{"sourceId":"ais_par3.24563","a_type":5120,"hectares":0.032}},{"type":"Feature","id":"ais_par3.24564","geometry":{"type":"Polygon","coordinates":[[[11.9981,55.3769],[11.998,55.377],[11.9981,55.3771],[11.9982,55.3771],[11.9983,55.3771],[11.9983,55.377],[11.9982,55.3769],[11.9981,55.3769]]]},"properties":{"sourceId":"ais_par3.24564","a_type":5120,"hectares":0.022}},{"type":"Feature","id":"ais_par3.24565","geometry":{"type":"Polygon","coordinates":[[[11.9869,55.3774],[11.987,55.3773],[11.987,55.3772],[11.9869,55.3772],[11.9868,55.3772],[11.9867,55.3772],[11.9867,55.3773],[11.9869,55.3774]]]},"properties":{"sourceId":"ais_par3.24565","a_type":5120,"hectares":0.028}},{"type":"Feature","id":"ais_par3.24566","geometry":{"type":"Polygon","coordinates":[[[11.9836,55.3767],[11.9837,55.3766],[11.9837,55.3765],[11.9836,55.3764],[11.9836,55.3763],[11.9835,55.3763],[11.9834,55.3764],[11.9834,55.3765],[11.9834,55.3766],[11.9834,55.3766],[11.9836,55.3767]]]},"properties":{"sourceId":"ais_par3.24566","a_type":5120,"hectares":0.051}},{"type":"Feature","id":"ais_par3.24567","geometry":{"type":"Polygon","coordinates":[[[11.991,55.376],[11.9911,55.376],[11.991,55.3759],[11.9909,55.3759],[11.9908,55.3759],[11.9908,55.376],[11.9909,55.376],[11.991,55.376]]]},"properties":{"sourceId":"ais_par3.24567","a_type":5120,"hectares":0.023}},{"type":"Feature","id":"ais_par3.24568","geometry":{"type":"Polygon","coordinates":[[[11.9927,55.375],[11.9926,55.3751],[11.9925,55.3751],[11.9924,55.3753],[11.9925,55.3753],[11.9926,55.3753],[11.9928,55.3751],[11.9928,55.3751],[11.9927,55.375]]]},"properties":{"sourceId":"ais_par3.24568","a_type":5120,"hectares":0.043}},{"type":"Feature","id":"ais_par3.24569","geometry":{"type":"Polygon","coordinates":[[[11.9946,55.3761],[11.9946,55.376],[11.9945,55.3759],[11.9945,55.3759],[11.9943,55.3759],[11.9943,55.376],[11.9943,55.3761],[11.9944,55.3761],[11.9946,55.3761]]]},"properties":{"sourceId":"ais_par3.24569","a_type":5120,"hectares":0.037}},{"type":"Feature","id":"ais_par3.24570","geometry":{"type":"Polygon","coordinates":[[[11.9832,55.3709],[11.9833,55.3708],[11.9833,55.3708],[11.9832,55.3707],[11.9831,55.3707],[11.983,55.3708],[11.9831,55.3709],[11.9832,55.3709]]]},"properties":{"sourceId":"ais_par3.24570","a_type":5120,"hectares":0.024}},{"type":"Feature","id":"ais_par3.24571","geometry":{"type":"Polygon","coordinates":[[[11.9858,55.3718],[11.9857,55.372],[11.9858,55.3721],[11.9858,55.3721],[11.9859,55.3721],[11.986,55.3721],[11.9861,55.372],[11.9861,55.3719],[11.9859,55.3718],[11.9858,55.3718]]]},"properties":{"sourceId":"ais_par3.24571","a_type":5120,"hectares":0.049}},{"type":"Feature","id":"ais_par3.24572","geometry":{"type":"Polygon","coordinates":[[[11.9938,55.3727],[11.9937,55.3726],[11.9936,55.3726],[11.9936,55.3726],[11.9935,55.3726],[11.9936,55.3727],[11.9937,55.3727],[11.9938,55.3727]]]},"properties":{"sourceId":"ais_par3.24572","a_type":5120,"hectares":0.019}},{"type":"Feature","id":"ais_par3.24573","geometry":{"type":"Polygon","coordinates":[[[11.9954,55.373],[11.9954,55.3731],[11.9955,55.3732],[11.9956,55.3732],[11.9956,55.3731],[11.9956,55.373],[11.9955,55.373],[11.9954,55.373]]]},"properties":{"sourceId":"ais_par3.24573","a_type":5120,"hectares":0.023}},{"type":"Feature","id":"ais_par3.24574","geometry":{"type":"Polygon","coordinates":[[[11.9948,55.3699],[11.9949,55.37],[11.995,55.37],[11.9951,55.3699],[11.9951,55.3699],[11.9951,55.3698],[11.995,55.3698],[11.9948,55.3698],[11.9948,55.3699]]]},"properties":{"sourceId":"ais_par3.24574","a_type":5120,"hectares":0.021}},{"type":"Feature","id":"ais_par3.24575","geometry":{"type":"Polygon","coordinates":[[[12.0015,55.3737],[12.0015,55.3736],[12.0014,55.3736],[12.0013,55.3736],[12.0012,55.3736],[12.0011,55.3736],[12.0011,55.3736],[12.0012,55.3737],[12.0013,55.3737],[12.0015,55.3737]]]},"properties":{"sourceId":"ais_par3.24575","a_type":5120,"hectares":0.026}},{"type":"Feature","id":"ais_par3.24576","geometry":{"type":"Polygon","coordinates":[[[12.0041,55.3735],[12.0039,55.3737],[12.0039,55.3737],[12.004,55.3738],[12.0041,55.3737],[12.0042,55.3737],[12.0042,55.3736],[12.0041,55.3735]]]},"properties":{"sourceId":"ais_par3.24576","a_type":5120,"hectares":0.028}},{"type":"Feature","id":"ais_par3.24577","geometry":{"type":"Polygon","coordinates":[[[11.9992,55.3708],[11.9994,55.3708],[11.9996,55.3708],[11.9997,55.3708],[11.9997,55.3707],[11.9995,55.3706],[11.9993,55.3707],[11.9992,55.3708]]]},"properties":{"sourceId":"ais_par3.24577","a_type":5120,"hectares":0.048}},{"type":"Feature","id":"ais_par3.24578","geometry":{"type":"Polygon","coordinates":[[[12.0006,55.3687],[12.0003,55.3688],[12.0004,55.3689],[12.0004,55.3689],[12.0006,55.3689],[12.0007,55.3688],[12.0006,55.3687]]]},"properties":{"sourceId":"ais_par3.24578","a_type":5120,"hectares":0.029}},{"type":"Feature","id":"ais_par3.24579","geometry":{"type":"Polygon","coordinates":[[[12.0079,55.3731],[12.0076,55.3731],[12.0075,55.3731],[12.0076,55.3732],[12.0077,55.3732],[12.0079,55.3732],[12.008,55.3731],[12.0079,55.3731]]]},"properties":{"sourceId":"ais_par3.24579","a_type":5120,"hectares":0.027}},{"type":"Feature","id":"ais_par3.24580","geometry":{"type":"Polygon","coordinates":[[[12.0074,55.3742],[12.0072,55.3741],[12.0072,55.3742],[12.0071,55.3742],[12.0071,55.3742],[12.0072,55.3743],[12.0073,55.3743],[12.0074,55.3743],[12.0074,55.3742]]]},"properties":{"sourceId":"ais_par3.24580","a_type":5120,"hectares":0.026}},{"type":"Feature","id":"ais_par3.24581","geometry":{"type":"Polygon","coordinates":[[[12.0106,55.3743],[12.0109,55.3743],[12.0111,55.3743],[12.0111,55.3742],[12.0111,55.3742],[12.011,55.3741],[12.0108,55.3741],[12.0107,55.3741],[12.0106,55.3741],[12.0106,55.3742],[12.0106,55.3743]]]},"properties":{"sourceId":"ais_par3.24581","a_type":5120,"hectares":0.072}},{"type":"Feature","id":"ais_par3.24582","geometry":{"type":"Polygon","coordinates":[[[12.0076,55.3761],[12.0076,55.376],[12.0076,55.376],[12.0074,55.3759],[12.0073,55.3759],[12.0073,55.3761],[12.0074,55.3762],[12.0076,55.3761]]]},"properties":{"sourceId":"ais_par3.24582","a_type":5120,"hectares":0.049}},{"type":"Feature","id":"ais_par3.24583","geometry":{"type":"Polygon","coordinates":[[[11.9954,55.3742],[11.9954,55.3743],[11.9954,55.3744],[11.9956,55.3744],[11.9956,55.3743],[11.9956,55.3742],[11.9954,55.3742]]]},"properties":{"sourceId":"ais_par3.24583","a_type":5120,"hectares":0.016}},{"type":"Feature","id":"ais_par3.24584","geometry":{"type":"Polygon","coordinates":[[[12.003,55.3771],[12.003,55.3769],[12.0029,55.3769],[12.0028,55.3769],[12.0028,55.377],[12.0029,55.3771],[12.003,55.3771]]]},"properties":{"sourceId":"ais_par3.24584","a_type":5120,"hectares":0.023}},{"type":"Feature","id":"ais_par3.24586","geometry":{"type":"Polygon","coordinates":[[[11.9921,55.3855],[11.9919,55.3856],[11.9919,55.3857],[11.9919,55.3857],[11.992,55.3857],[11.9922,55.3856],[11.9922,55.3855],[11.9921,55.3855]]]},"properties":{"sourceId":"ais_par3.24586","a_type":5120,"hectares":0.025}},{"type":"Feature","id":"ais_par3.24587","geometry":{"type":"Polygon","coordinates":[[[11.9858,55.3738],[11.9857,55.3738],[11.9856,55.3738],[11.9855,55.3737],[11.9856,55.3736],[11.9857,55.3736],[11.9858,55.3737],[11.9859,55.3736],[11.9858,55.3736],[11.9856,55.3735],[11.9853,55.3737],[11.9854,55.3737],[11.9855,55.3739],[11.9857,55.3739],[11.9858,55.3739],[11.9858,55.3738]]]},"properties":{"sourceId":"ais_par3.24587","a_type":5120,"hectares":0.075}},{"type":"Feature","id":"ais_par3.24588","geometry":{"type":"Polygon","coordinates":[[[11.9861,55.3744],[11.9865,55.3744],[11.9867,55.3744],[11.9871,55.3744],[11.9872,55.3743],[11.9871,55.3743],[11.9869,55.3742],[11.9866,55.3742],[11.9864,55.3742],[11.9861,55.3742],[11.986,55.3743],[11.9861,55.3744]]]},"properties":{"sourceId":"ais_par3.24588","a_type":5120,"hectares":0.129}},{"type":"Feature","id":"ais_par3.24589","geometry":{"type":"Polygon","coordinates":[[[11.9843,55.3689],[11.9843,55.3688],[11.9843,55.3687],[11.9841,55.3687],[11.9841,55.3688],[11.9842,55.3689],[11.9843,55.3689]]]},"properties":{"sourceId":"ais_par3.24589","a_type":5120,"hectares":0.027}},{"type":"Feature","id":"ais_par3.24590","geometry":{"type":"Polygon","coordinates":[[[11.9871,55.3679],[11.987,55.3678],[11.9869,55.3678],[11.9869,55.3678],[11.9869,55.3679],[11.987,55.368],[11.9871,55.3679]]]},"properties":{"sourceId":"ais_par3.24590","a_type":5120,"hectares":0.013}},{"type":"Feature","id":"ais_par3.24591","geometry":{"type":"Polygon","coordinates":[[[11.9979,55.3684],[11.998,55.3684],[11.9981,55.3683],[11.9981,55.3682],[11.998,55.3681],[11.9978,55.3681],[11.9978,55.3682],[11.9978,55.3683],[11.9979,55.3683],[11.9979,55.3684]]]},"properties":{"sourceId":"ais_par3.24591","a_type":5120,"hectares":0.047}},{"type":"Feature","id":"ais_par3.24592","geometry":{"type":"Polygon","coordinates":[[[12.0029,55.3667],[12.0028,55.3666],[12.0027,55.3666],[12.0027,55.3666],[12.0027,55.3667],[12.0028,55.3668],[12.0029,55.3667]]]},"properties":{"sourceId":"ais_par3.24592","a_type":5120,"hectares":0.015}},{"type":"Feature","id":"ais_par3.24594","geometry":{"type":"Polygon","coordinates":[[[11.9867,55.3665],[11.9868,55.3665],[11.9869,55.3665],[11.9869,55.3665],[11.9869,55.3664],[11.9868,55.3664],[11.9866,55.3664],[11.9867,55.3665]]]},"properties":{"sourceId":"ais_par3.24594","a_type":5120,"hectares":0.023}},{"type":"Feature","id":"ais_par3.24733","geometry":{"type":"Polygon","coordinates":[[[12.0211,55.3667],[12.0209,55.3667],[12.0208,55.3667],[12.0207,55.3668],[12.0208,55.3669],[12.0211,55.3669],[12.0211,55.3668],[12.0211,55.3667]]]},"properties":{"sourceId":"ais_par3.24733","a_type":5120,"hectares":0.038}},{"type":"Feature","id":"ais_par3.24734","geometry":{"type":"Polygon","coordinates":[[[12.0269,55.3665],[12.0268,55.3666],[12.0269,55.3667],[12.0271,55.3667],[12.0272,55.3667],[12.0273,55.3666],[12.027,55.3665],[12.0269,55.3665]]]},"properties":{"sourceId":"ais_par3.24734","a_type":5120,"hectares":0.034}},{"type":"Feature","id":"ais_par3.24735","geometry":{"type":"Polygon","coordinates":[[[12.0147,55.3713],[12.0147,55.3714],[12.0148,55.3715],[12.0149,55.3715],[12.015,55.3715],[12.015,55.3714],[12.015,55.3713],[12.0147,55.3713]]]},"properties":{"sourceId":"ais_par3.24735","a_type":5120,"hectares":0.04}},{"type":"Feature","id":"ais_par3.24736","geometry":{"type":"Polygon","coordinates":[[[12.0302,55.371],[12.0299,55.371],[12.0298,55.371],[12.0299,55.3711],[12.03,55.3711],[12.0302,55.371]]]},"properties":{"sourceId":"ais_par3.24736","a_type":5120,"hectares":0.015}},{"type":"Feature","id":"ais_par3.24737","geometry":{"type":"Polygon","coordinates":[[[12.0322,55.3708],[12.032,55.3708],[12.032,55.3708],[12.032,55.3709],[12.0322,55.3709],[12.0322,55.3708],[12.0322,55.3708]]]},"properties":{"sourceId":"ais_par3.24737","a_type":5120,"hectares":0.018}},{"type":"Feature","id":"ais_par3.24738","geometry":{"type":"Polygon","coordinates":[[[12.0329,55.3708],[12.0331,55.3707],[12.0331,55.3707],[12.0331,55.3706],[12.033,55.3706],[12.0329,55.3707],[12.0329,55.3708]]]},"properties":{"sourceId":"ais_par3.24738","a_type":5120,"hectares":0.014}},{"type":"Feature","id":"ais_par3.24739","geometry":{"type":"Polygon","coordinates":[[[12.0356,55.3737],[12.0355,55.3738],[12.0356,55.3739],[12.0357,55.3739],[12.0359,55.3739],[12.0359,55.3738],[12.0358,55.3737],[12.0356,55.3737]]]},"properties":{"sourceId":"ais_par3.24739","a_type":5120,"hectares":0.039}},{"type":"Feature","id":"ais_par3.24740","geometry":{"type":"Polygon","coordinates":[[[12.0283,55.3731],[12.0282,55.3731],[12.0282,55.3732],[12.0283,55.3732],[12.0284,55.3731],[12.0283,55.3731]]]},"properties":{"sourceId":"ais_par3.24740","a_type":5120,"hectares":0.017}},{"type":"Feature","id":"ais_par3.24741","geometry":{"type":"Polygon","coordinates":[[[12.0303,55.3748],[12.03,55.3748],[12.0299,55.3748],[12.0298,55.3749],[12.03,55.3749],[12.0303,55.3749],[12.0303,55.3748]]]},"properties":{"sourceId":"ais_par3.24741","a_type":5120,"hectares":0.021}},{"type":"Feature","id":"ais_par3.24742","geometry":{"type":"Polygon","coordinates":[[[12.0319,55.3773],[12.0318,55.3773],[12.0318,55.3774],[12.0318,55.3775],[12.0319,55.3776],[12.032,55.3776],[12.0321,55.3775],[12.0321,55.3774],[12.0319,55.3773]]]},"properties":{"sourceId":"ais_par3.24742","a_type":5120,"hectares":0.047}},{"type":"Feature","id":"ais_par3.24743","geometry":{"type":"Polygon","coordinates":[[[12.0191,55.3775],[12.0192,55.3774],[12.0191,55.3773],[12.019,55.3773],[12.0187,55.3773],[12.0186,55.3774],[12.019,55.3775],[12.0191,55.3775]]]},"properties":{"sourceId":"ais_par3.24743","a_type":5120,"hectares":0.056}},{"type":"Feature","id":"ais_par3.24744","geometry":{"type":"Polygon","coordinates":[[[12.0219,55.3797],[12.0218,55.3796],[12.0218,55.3796],[12.0217,55.3796],[12.0217,55.3796],[12.0217,55.3797],[12.0218,55.3797],[12.0219,55.3797]]]},"properties":{"sourceId":"ais_par3.24744","a_type":5120,"hectares":0.015}},{"type":"Feature","id":"ais_par3.24745","geometry":{"type":"Polygon","coordinates":[[[12.0276,55.3781],[12.0278,55.378],[12.0279,55.378],[12.028,55.3779],[12.028,55.3779],[12.0278,55.3779],[12.0276,55.378],[12.0276,55.3781]]]},"properties":{"sourceId":"ais_par3.24745","a_type":5120,"hectares":0.022}},{"type":"Feature","id":"ais_par3.24746","geometry":{"type":"Polygon","coordinates":[[[12.0336,55.3806],[12.0335,55.3806],[12.0334,55.3805],[12.0333,55.3806],[12.0333,55.3807],[12.0334,55.3807],[12.0336,55.3807],[12.0336,55.3807],[12.0336,55.3806]]]},"properties":{"sourceId":"ais_par3.24746","a_type":5120,"hectares":0.029}},{"type":"Feature","id":"ais_par3.24747","geometry":{"type":"Polygon","coordinates":[[[12.0266,55.3841],[12.0265,55.3841],[12.0265,55.3842],[12.0265,55.3842],[12.0265,55.3843],[12.0267,55.3842],[12.0267,55.3842],[12.0266,55.3841]]]},"properties":{"sourceId":"ais_par3.24747","a_type":5120,"hectares":0.015}},{"type":"Feature","id":"ais_par3.24748","geometry":{"type":"Polygon","coordinates":[[[12.0337,55.3805],[12.0337,55.3804],[12.0337,55.3804],[12.0336,55.3804],[12.0335,55.3804],[12.0337,55.3805],[12.0337,55.3805]]]},"properties":{"sourceId":"ais_par3.24748","a_type":5120,"hectares":0.013}},{"type":"Feature","id":"ais_par3.24749","geometry":{"type":"Polygon","coordinates":[[[12.0264,55.3888],[12.0263,55.3887],[12.0261,55.3887],[12.0261,55.3888],[12.026,55.3889],[12.0261,55.389],[12.0263,55.3889],[12.0264,55.3888]]]},"properties":{"sourceId":"ais_par3.24749","a_type":5120,"hectares":0.039}},{"type":"Feature","id":"ais_par3.24750","geometry":{"type":"Polygon","coordinates":[[[12.0268,55.3887],[12.0268,55.3886],[12.0267,55.3885],[12.0267,55.3884],[12.0266,55.3885],[12.0266,55.3886],[12.0266,55.3887],[12.0268,55.3887]]]},"properties":{"sourceId":"ais_par3.24750","a_type":5120,"hectares":0.035}},{"type":"Feature","id":"ais_par3.24751","geometry":{"type":"Polygon","coordinates":[[[12.0252,55.3889],[12.0249,55.3889],[12.0246,55.389],[12.0245,55.3891],[12.0244,55.3893],[12.0246,55.3896],[12.0248,55.39],[12.0247,55.39],[12.0242,55.3901],[12.0241,55.3903],[12.0243,55.3905],[12.0243,55.3906],[12.024,55.3909],[12.0236,55.3911],[12.0233,55.3914],[12.0231,55.3917],[12.0231,55.3919],[12.0229,55.3921],[12.0229,55.3924],[12.0232,55.3929],[12.0236,55.393],[12.0242,55.3929],[12.0247,55.3928],[12.0251,55.3927],[12.0257,55.3927],[12.0264,55.3927],[12.0266,55.3925],[12.027,55.3924],[12.0276,55.3923],[12.0279,55.3924],[12.0276,55.3926],[12.0276,55.3927],[12.0282,55.3928],[12.0285,55.3927],[12.0286,55.3924],[12.0288,55.3923],[12.029,55.3924],[12.0292,55.3924],[12.0294,55.3922],[12.0294,55.3919],[12.0291,55.3915],[12.0293,55.3913],[12.0297,55.3912],[12.0297,55.3911],[12.0297,55.3907],[12.0292,55.3907],[12.0288,55.3907],[12.0286,55.3907],[12.0283,55.3907],[12.0281,55.3904],[12.0279,55.3903],[12.0277,55.3901],[12.028,55.3901],[12.0286,55.3902],[12.029,55.3903],[12.0294,55.3905],[12.0298,55.3905],[12.0297,55.3903],[12.0293,55.39],[12.0291,55.3898],[12.0281,55.3898],[12.0275,55.3897],[12.0272,55.3896],[12.0268,55.3896],[12.0265,55.3896],[12.026,55.3896],[12.0259,55.3893],[12.0256,55.3893],[12.0255,55.3892],[12.0255,55.389],[12.0252,55.3889]],[[12.0262,55.3903],[12.0264,55.3902],[12.0267,55.3902],[12.027,55.3903],[12.0271,55.3905],[12.0268,55.3906],[12.0264,55.3907],[12.0261,55.3908],[12.0259,55.3908],[12.0256,55.3907],[12.0256,55.3906],[12.0257,55.3905],[12.0258,55.3904],[12.0259,55.3904],[12.026,55.3904],[12.0262,55.3903]],[[12.0245,55.3922],[12.0245,55.392],[12.0245,55.3918],[12.024,55.3917],[12.0238,55.3917],[12.0236,55.3918],[12.0234,55.3919],[12.0234,55.3917],[12.0235,55.3914],[12.0236,55.3912],[12.0241,55.3912],[12.0243,55.3911],[12.0246,55.391],[12.0249,55.3909],[12.0251,55.391],[12.025,55.3911],[12.0247,55.3912],[12.0246,55.3914],[12.0248,55.3914],[12.0251,55.3912],[12.0253,55.3911],[12.0257,55.3911],[12.026,55.3912],[12.0264,55.3911],[12.0267,55.391],[12.0269,55.3911],[12.0272,55.3912],[12.0272,55.3913],[12.0271,55.3915],[12.0268,55.3917],[12.0263,55.3918],[12.026,55.3919],[12.0257,55.3919],[12.0255,55.3919],[12.0255,55.3917],[12.0257,55.3916],[12.0259,55.3915],[12.0259,55.3914],[12.0252,55.3915],[12.0251,55.3916],[12.0249,55.3917],[12.0249,55.3918],[12.0249,55.392],[12.0248,55.3922],[12.0247,55.3922],[12.0245,55.3922]]]},"properties":{"sourceId":"ais_par3.24751","a_type":5120,"hectares":10.26}},{"type":"Feature","id":"ais_par3.24752","geometry":{"type":"Polygon","coordinates":[[[12.0385,55.3891],[12.0384,55.389],[12.0383,55.389],[12.0382,55.3891],[12.0382,55.3891],[12.0385,55.3891],[12.0385,55.3891]]]},"properties":{"sourceId":"ais_par3.24752","a_type":5120,"hectares":0.017}},{"type":"Feature","id":"ais_par3.24753","geometry":{"type":"Polygon","coordinates":[[[12.0293,55.3953],[12.0293,55.3952],[12.0292,55.3951],[12.0291,55.395],[12.0289,55.3951],[12.0289,55.3952],[12.029,55.3953],[12.0291,55.3954],[12.0293,55.3953]]]},"properties":{"sourceId":"ais_par3.24753","a_type":5120,"hectares":0.064}},{"type":"Feature","id":"ais_par3.24754","geometry":{"type":"Polygon","coordinates":[[[12.0174,55.3969],[12.0174,55.3968],[12.0174,55.3968],[12.0174,55.3967],[12.0173,55.3965],[12.0171,55.3965],[12.017,55.3966],[12.017,55.3968],[12.0174,55.3969]]]},"properties":{"sourceId":"ais_par3.24754","a_type":5120,"hectares":0.087}},{"type":"Feature","id":"ais_par3.24755","geometry":{"type":"Polygon","coordinates":[[[12.02,55.3979],[12.0201,55.3979],[12.0201,55.3978],[12.0199,55.3978],[12.0197,55.3978],[12.0197,55.3979],[12.0197,55.398],[12.0199,55.398],[12.02,55.3979]]]},"properties":{"sourceId":"ais_par3.24755","a_type":5120,"hectares":0.047}},{"type":"Feature","id":"ais_par3.24756","geometry":{"type":"Polygon","coordinates":[[[12.0227,55.3958],[12.0225,55.3957],[12.0224,55.3957],[12.0223,55.3957],[12.0222,55.3957],[12.0222,55.3958],[12.0222,55.3959],[12.0223,55.3961],[12.0225,55.396],[12.0226,55.3959],[12.0227,55.3958]]]},"properties":{"sourceId":"ais_par3.24756","a_type":5120,"hectares":0.091}},{"type":"Feature","id":"ais_par3.24757","geometry":{"type":"Polygon","coordinates":[[[12.0481,55.3921],[12.048,55.3922],[12.0481,55.3922],[12.0482,55.3923],[12.0483,55.3923],[12.0483,55.3922],[12.0483,55.3921],[12.0481,55.3921]]]},"properties":{"sourceId":"ais_par3.24757","a_type":5120,"hectares":0.032}},{"type":"Feature","id":"ais_par3.24759","geometry":{"type":"Polygon","coordinates":[[[12.0452,55.3907],[12.0451,55.3908],[12.0451,55.3908],[12.0452,55.3909],[12.0454,55.3909],[12.0455,55.3908],[12.0454,55.3907],[12.0452,55.3907]]]},"properties":{"sourceId":"ais_par3.24759","a_type":5120,"hectares":0.04}},{"type":"Feature","id":"ais_par3.24760","geometry":{"type":"Polygon","coordinates":[[[12.0502,55.3892],[12.0502,55.3893],[12.0502,55.3893],[12.0502,55.3894],[12.0504,55.3894],[12.0504,55.3893],[12.0503,55.3892],[12.0502,55.3892]]]},"properties":{"sourceId":"ais_par3.24760","a_type":5120,"hectares":0.032}},{"type":"Feature","id":"ais_par3.24761","geometry":{"type":"Polygon","coordinates":[[[12.0517,55.3879],[12.0516,55.388],[12.0516,55.388],[12.0518,55.388],[12.0518,55.388],[12.0518,55.3879],[12.0517,55.3879]]]},"properties":{"sourceId":"ais_par3.24761","a_type":5120,"hectares":0.018}},{"type":"Feature","id":"ais_par3.24762","geometry":{"type":"Polygon","coordinates":[[[12.0479,55.3862],[12.0478,55.3861],[12.0477,55.3861],[12.0477,55.3861],[12.0476,55.3861],[12.0477,55.3862],[12.0478,55.3863],[12.0479,55.3862]]]},"properties":{"sourceId":"ais_par3.24762","a_type":5120,"hectares":0.021}},{"type":"Feature","id":"ais_par3.24763","geometry":{"type":"Polygon","coordinates":[[[12.043,55.3843],[12.0429,55.3843],[12.0428,55.3844],[12.0429,55.3844],[12.043,55.3844],[12.043,55.3843]]]},"properties":{"sourceId":"ais_par3.24763","a_type":5120,"hectares":0.013}},{"type":"Feature","id":"ais_par3.24764","geometry":{"type":"Polygon","coordinates":[[[12.0467,55.3825],[12.0466,55.3825],[12.0466,55.3825],[12.0466,55.3826],[12.0466,55.3826],[12.0467,55.3826],[12.0468,55.3826],[12.0468,55.3826],[12.0468,55.3825],[12.0467,55.3825]]]},"properties":{"sourceId":"ais_par3.24764","a_type":5120,"hectares":0.021}},{"type":"Feature","id":"ais_par3.24765","geometry":{"type":"Polygon","coordinates":[[[12.0423,55.3817],[12.0423,55.3815],[12.0423,55.3814],[12.0422,55.3813],[12.0421,55.3813],[12.0421,55.3814],[12.0421,55.3816],[12.0422,55.3817],[12.0423,55.3817]]]},"properties":{"sourceId":"ais_par3.24765","a_type":5120,"hectares":0.04}},{"type":"Feature","id":"ais_par3.24766","geometry":{"type":"Polygon","coordinates":[[[12.042,55.3804],[12.0419,55.3804],[12.0418,55.3805],[12.042,55.3805],[12.042,55.3805],[12.042,55.3804]]]},"properties":{"sourceId":"ais_par3.24766","a_type":5120,"hectares":0.014}},{"type":"Feature","id":"ais_par3.24767","geometry":{"type":"Polygon","coordinates":[[[12.0402,55.3791],[12.0402,55.379],[12.0401,55.3789],[12.0401,55.3789],[12.0401,55.3791],[12.0402,55.3791],[12.0402,55.3791]]]},"properties":{"sourceId":"ais_par3.24767","a_type":5120,"hectares":0.019}},{"type":"Feature","id":"ais_par3.24768","geometry":{"type":"Polygon","coordinates":[[[12.0499,55.378],[12.0501,55.3779],[12.05,55.3779],[12.05,55.3778],[12.0499,55.3778],[12.0498,55.3777],[12.0497,55.3778],[12.0496,55.3778],[12.0496,55.3778],[12.0497,55.3779],[12.0498,55.3779],[12.0499,55.378]]]},"properties":{"sourceId":"ais_par3.24768","a_type":5120,"hectares":0.045}},{"type":"Feature","id":"ais_par3.24769","geometry":{"type":"Polygon","coordinates":[[[12.0529,55.379],[12.0528,55.379],[12.0528,55.3791],[12.0528,55.3792],[12.0529,55.3793],[12.0531,55.3793],[12.0532,55.3793],[12.0533,55.3792],[12.0531,55.379],[12.0529,55.379]]]},"properties":{"sourceId":"ais_par3.24769","a_type":5120,"hectares":0.07}},{"type":"Feature","id":"ais_par3.24770","geometry":{"type":"Polygon","coordinates":[[[12.0571,55.3801],[12.0569,55.3801],[12.0569,55.3801],[12.0568,55.3802],[12.0569,55.3803],[12.057,55.3803],[12.0571,55.3803],[12.0571,55.3801]]]},"properties":{"sourceId":"ais_par3.24770","a_type":5120,"hectares":0.031}},{"type":"Feature","id":"ais_par3.24771","geometry":{"type":"Polygon","coordinates":[[[12.0571,55.3785],[12.057,55.3784],[12.0568,55.3784],[12.0568,55.3784],[12.0568,55.3786],[12.057,55.3786],[12.0571,55.3786],[12.0571,55.3785]]]},"properties":{"sourceId":"ais_par3.24771","a_type":5120,"hectares":0.037}},{"type":"Feature","id":"ais_par3.24772","geometry":{"type":"Polygon","coordinates":[[[12.0576,55.3764],[12.0577,55.3763],[12.0576,55.3762],[12.0575,55.3762],[12.0574,55.3762],[12.0573,55.3762],[12.0574,55.3763],[12.0576,55.3764]]]},"properties":{"sourceId":"ais_par3.24772","a_type":5120,"hectares":0.028}},{"type":"Feature","id":"ais_par3.24773","geometry":{"type":"Polygon","coordinates":[[[12.0515,55.3749],[12.0514,55.3748],[12.0513,55.3749],[12.0512,55.375],[12.0513,55.3751],[12.0514,55.3751],[12.0515,55.3751],[12.0515,55.375],[12.0515,55.3749]]]},"properties":{"sourceId":"ais_par3.24773","a_type":5120,"hectares":0.041}},{"type":"Feature","id":"ais_par3.24774","geometry":{"type":"Polygon","coordinates":[[[12.0483,55.3805],[12.0483,55.3805],[12.0483,55.3804],[12.0481,55.3803],[12.048,55.3803],[12.0478,55.3803],[12.0477,55.3804],[12.0477,55.3804],[12.0477,55.3805],[12.0479,55.3805],[12.048,55.3805],[12.0483,55.3805]]]},"properties":{"sourceId":"ais_par3.24774","a_type":5120,"hectares":0.088}},{"type":"Feature","id":"ais_par3.24775","geometry":{"type":"Polygon","coordinates":[[[12.0461,55.3775],[12.0461,55.3774],[12.046,55.3774],[12.0459,55.3774],[12.0458,55.3774],[12.0458,55.3774],[12.0459,55.3775],[12.0461,55.3775]]]},"properties":{"sourceId":"ais_par3.24775","a_type":5120,"hectares":0.021}},{"type":"Feature","id":"ais_par3.24776","geometry":{"type":"Polygon","coordinates":[[[12.0458,55.3769],[12.0459,55.3767],[12.0458,55.3767],[12.0457,55.3767],[12.0456,55.3768],[12.0457,55.3769],[12.0458,55.3769],[12.0458,55.3769]]]},"properties":{"sourceId":"ais_par3.24776","a_type":5120,"hectares":0.028}},{"type":"Feature","id":"ais_par3.24777","geometry":{"type":"Polygon","coordinates":[[[12.0458,55.3781],[12.0457,55.3779],[12.0454,55.378],[12.0453,55.378],[12.0454,55.3781],[12.0457,55.3781],[12.0458,55.3781]]]},"properties":{"sourceId":"ais_par3.24777","a_type":5120,"hectares":0.041}},{"type":"Feature","id":"ais_par3.24778","geometry":{"type":"Polygon","coordinates":[[[12.0444,55.3725],[12.0445,55.3723],[12.0445,55.3723],[12.0444,55.3722],[12.0444,55.3722],[12.0443,55.3725],[12.0443,55.3725],[12.0444,55.3725]]]},"properties":{"sourceId":"ais_par3.24778","a_type":5120,"hectares":0.038}},{"type":"Feature","id":"ais_par3.24779","geometry":{"type":"Polygon","coordinates":[[[12.0387,55.3711],[12.0386,55.371],[12.0385,55.371],[12.0384,55.371],[12.0383,55.371],[12.0383,55.371],[12.0383,55.3711],[12.0384,55.3712],[12.0385,55.3712],[12.0386,55.3712],[12.0387,55.3711]]]},"properties":{"sourceId":"ais_par3.24779","a_type":5120,"hectares":0.042}},{"type":"Feature","id":"ais_par3.24780","geometry":{"type":"Polygon","coordinates":[[[12.0434,55.3668],[12.0433,55.3667],[12.0432,55.3667],[12.0432,55.3667],[12.0431,55.3668],[12.0433,55.3669],[12.0434,55.3669],[12.0434,55.3668]]]},"properties":{"sourceId":"ais_par3.24780","a_type":5120,"hectares":0.018}},{"type":"Feature","id":"ais_par3.34011","geometry":{"type":"Polygon","coordinates":[[[11.9107,55.5345],[11.911,55.5338],[11.9108,55.5336],[11.9102,55.5343],[11.9103,55.5345],[11.9103,55.5346],[11.9104,55.5347],[11.9105,55.5346],[11.9107,55.5345]]]},"properties":{"sourceId":"ais_par3.34011","a_type":5120,"hectares":0.247}},{"type":"Feature","id":"ais_par3.34021","geometry":{"type":"Polygon","coordinates":[[[11.9145,55.5236],[11.9146,55.5235],[11.9146,55.5234],[11.9145,55.5233],[11.9143,55.5233],[11.9142,55.5233],[11.9142,55.5234],[11.9142,55.5235],[11.9142,55.5236],[11.9145,55.5236]]]},"properties":{"sourceId":"ais_par3.34021","a_type":5120,"hectares":0.08}},{"type":"Feature","id":"ais_par3.34023","geometry":{"type":"Polygon","coordinates":[[[11.9124,55.5182],[11.9124,55.5181],[11.9123,55.5181],[11.9122,55.5178],[11.9118,55.5178],[11.9117,55.5177],[11.9115,55.5178],[11.9115,55.5178],[11.9119,55.5183],[11.912,55.5184],[11.9124,55.5183],[11.9124,55.5182]]]},"properties":{"sourceId":"ais_par3.34023","a_type":5120,"hectares":0.266}},{"type":"Feature","id":"ais_par3.34024","geometry":{"type":"Polygon","coordinates":[[[11.9118,55.5159],[11.9115,55.5155],[11.9112,55.5146],[11.9106,55.5148],[11.9109,55.5153],[11.911,55.5157],[11.9111,55.5161],[11.9111,55.5161],[11.9116,55.516],[11.9118,55.5159]]]},"properties":{"sourceId":"ais_par3.34024","a_type":5120,"hectares":0.589}},{"type":"Feature","id":"ais_par3.34030","geometry":{"type":"Polygon","coordinates":[[[11.9086,55.5102],[11.9086,55.5103],[11.9087,55.5104],[11.9089,55.5105],[11.9091,55.5106],[11.9093,55.5106],[11.9094,55.5105],[11.9093,55.5104],[11.9091,55.5103],[11.909,55.5103],[11.9086,55.5102]]]},"properties":{"sourceId":"ais_par3.34030","a_type":5120,"hectares":0.096}},{"type":"Feature","id":"ais_par3.34044","geometry":{"type":"Polygon","coordinates":[[[11.9121,55.5071],[11.9121,55.507],[11.9121,55.507],[11.912,55.507],[11.9119,55.507],[11.9117,55.507],[11.9116,55.507],[11.9117,55.5071],[11.9118,55.5071],[11.9119,55.5071],[11.9121,55.5071]]]},"properties":{"sourceId":"ais_par3.34044","a_type":5120,"hectares":0.03}},{"type":"Feature","id":"ais_par3.34045","geometry":{"type":"Polygon","coordinates":[[[11.9138,55.5044],[11.9138,55.5043],[11.9137,55.5043],[11.9136,55.5044],[11.9135,55.5044],[11.9136,55.5044],[11.9137,55.5044],[11.9138,55.5044]]]},"properties":{"sourceId":"ais_par3.34045","a_type":5120,"hectares":0.016}},{"type":"Feature","id":"ais_par3.34047","geometry":{"type":"Polygon","coordinates":[[[11.9085,55.4984],[11.9085,55.4983],[11.9084,55.4983],[11.9083,55.4982],[11.9082,55.4982],[11.9081,55.4982],[11.908,55.4982],[11.9078,55.4982],[11.9078,55.4981],[11.9078,55.4981],[11.908,55.498],[11.9081,55.4981],[11.9083,55.4981],[11.9086,55.4981],[11.9087,55.498],[11.9088,55.4978],[11.909,55.4977],[11.9088,55.4977],[11.9086,55.4977],[11.9086,55.4977],[11.9084,55.4976],[11.9081,55.4976],[11.9079,55.4977],[11.9077,55.4976],[11.9076,55.4977],[11.9075,55.4978],[11.9077,55.498],[11.9076,55.4981],[11.9077,55.4983],[11.9078,55.4983],[11.9085,55.4984]]]},"properties":{"sourceId":"ais_par3.34047","a_type":5120,"hectares":0.442}},{"type":"Feature","id":"ais_par3.34148","geometry":{"type":"Polygon","coordinates":[[[11.9584,55.4028],[11.9582,55.4028],[11.9582,55.4028],[11.9582,55.4029],[11.9582,55.4029],[11.9583,55.4029],[11.9585,55.4029],[11.9584,55.4028]]]},"properties":{"sourceId":"ais_par3.34148","a_type":5120,"hectares":0.026}},{"type":"Feature","id":"ais_par3.34149","geometry":{"type":"Polygon","coordinates":[[[11.9631,55.4007],[11.963,55.4006],[11.963,55.4006],[11.9629,55.4006],[11.9627,55.4006],[11.9627,55.4007],[11.9628,55.4008],[11.9629,55.4008],[11.9631,55.4007]]]},"properties":{"sourceId":"ais_par3.34149","a_type":5120,"hectares":0.039}},{"type":"Feature","id":"ais_par3.34150","geometry":{"type":"Polygon","coordinates":[[[11.9669,55.4003],[11.967,55.4003],[11.9669,55.4002],[11.9669,55.4001],[11.9667,55.4002],[11.9667,55.4002],[11.9669,55.4003]]]},"properties":{"sourceId":"ais_par3.34150","a_type":5120,"hectares":0.025}},{"type":"Feature","id":"ais_par3.34151","geometry":{"type":"Polygon","coordinates":[[[11.959,55.3973],[11.9592,55.3973],[11.9592,55.3972],[11.9592,55.3971],[11.959,55.3971],[11.9589,55.3972],[11.9589,55.3973],[11.959,55.3973]]]},"properties":{"sourceId":"ais_par3.34151","a_type":5120,"hectares":0.036}},{"type":"Feature","id":"ais_par3.34152","geometry":{"type":"Polygon","coordinates":[[[11.966,55.3989],[11.966,55.3987],[11.966,55.3987],[11.9658,55.3987],[11.9657,55.3987],[11.9658,55.3989],[11.966,55.3989]]]},"properties":{"sourceId":"ais_par3.34152","a_type":5120,"hectares":0.041}},{"type":"Feature","id":"ais_par3.34153","geometry":{"type":"Polygon","coordinates":[[[11.9709,55.3984],[11.9709,55.3982],[11.9708,55.3982],[11.9707,55.3982],[11.9706,55.3982],[11.9706,55.3983],[11.9707,55.3984],[11.9709,55.3984]]]},"properties":{"sourceId":"ais_par3.34153","a_type":5120,"hectares":0.036}},{"type":"Feature","id":"ais_par3.34154","geometry":{"type":"Polygon","coordinates":[[[11.9613,55.3962],[11.9614,55.3962],[11.9615,55.3962],[11.9615,55.3961],[11.9615,55.396],[11.9613,55.396],[11.9612,55.396],[11.9611,55.3961],[11.9612,55.3962],[11.9613,55.3962]]]},"properties":{"sourceId":"ais_par3.34154","a_type":5120,"hectares":0.047}},{"type":"Feature","id":"ais_par3.34155","geometry":{"type":"Polygon","coordinates":[[[11.9592,55.3932],[11.9592,55.3932],[11.9592,55.3931],[11.9591,55.393],[11.959,55.393],[11.959,55.393],[11.959,55.3931],[11.9592,55.3932]]]},"properties":{"sourceId":"ais_par3.34155","a_type":5120,"hectares":0.035}},{"type":"Feature","id":"ais_par3.34156","geometry":{"type":"Polygon","coordinates":[[[11.9639,55.3906],[11.964,55.3906],[11.9641,55.3905],[11.9641,55.3905],[11.964,55.3905],[11.964,55.3904],[11.9638,55.3904],[11.9637,55.3905],[11.9636,55.3905],[11.9637,55.3906],[11.9639,55.3906]]]},"properties":{"sourceId":"ais_par3.34156","a_type":5120,"hectares":0.048}},{"type":"Feature","id":"ais_par3.34157","geometry":{"type":"Polygon","coordinates":[[[11.9672,55.3913],[11.9672,55.3912],[11.967,55.3912],[11.9668,55.3913],[11.9666,55.3914],[11.9668,55.3915],[11.9669,55.3915],[11.9671,55.3914],[11.9672,55.3913]]]},"properties":{"sourceId":"ais_par3.34157","a_type":5120,"hectares":0.068}},{"type":"Feature","id":"ais_par3.34158","geometry":{"type":"Polygon","coordinates":[[[11.9407,55.3779],[11.9408,55.3777],[11.9407,55.3777],[11.9406,55.3777],[11.9404,55.3777],[11.9403,55.3777],[11.9404,55.3778],[11.9405,55.3779],[11.9407,55.3779]]]},"properties":{"sourceId":"ais_par3.34158","a_type":5120,"hectares":0.047}},{"type":"Feature","id":"ais_par3.34159","geometry":{"type":"Polygon","coordinates":[[[11.944,55.3766],[11.944,55.3765],[11.9439,55.3764],[11.9439,55.3764],[11.9437,55.3764],[11.9437,55.3765],[11.9437,55.3766],[11.9438,55.3766],[11.944,55.3766]]]},"properties":{"sourceId":"ais_par3.34159","a_type":5120,"hectares":0.044}},{"type":"Feature","id":"ais_par3.34160","geometry":{"type":"Polygon","coordinates":[[[11.9479,55.3764],[11.9478,55.3762],[11.9477,55.3762],[11.9476,55.3762],[11.9475,55.3762],[11.9475,55.3763],[11.9475,55.3764],[11.9476,55.3765],[11.9479,55.3764]]]},"properties":{"sourceId":"ais_par3.34160","a_type":5120,"hectares":0.052}},{"type":"Feature","id":"ais_par3.34161","geometry":{"type":"Polygon","coordinates":[[[11.9447,55.3774],[11.9446,55.3774],[11.9445,55.3775],[11.9445,55.3775],[11.9446,55.3776],[11.9447,55.3776],[11.9448,55.3775],[11.9447,55.3774]]]},"properties":{"sourceId":"ais_par3.34161","a_type":5120,"hectares":0.035}},{"type":"Feature","id":"ais_par3.34162","geometry":{"type":"Polygon","coordinates":[[[11.9428,55.3794],[11.9428,55.3793],[11.9428,55.3793],[11.9427,55.3792],[11.9426,55.3793],[11.9425,55.3793],[11.9425,55.3794],[11.9426,55.3795],[11.9426,55.3795],[11.9428,55.3794]]]},"properties":{"sourceId":"ais_par3.34162","a_type":5120,"hectares":0.041}},{"type":"Feature","id":"ais_par3.34163","geometry":{"type":"Polygon","coordinates":[[[11.948,55.3801],[11.9478,55.3802],[11.9477,55.3802],[11.9478,55.3803],[11.9479,55.3804],[11.9481,55.3804],[11.9482,55.3803],[11.9481,55.3802],[11.948,55.3801]]]},"properties":{"sourceId":"ais_par3.34163","a_type":5120,"hectares":0.058}},{"type":"Feature","id":"ais_par3.34164","geometry":{"type":"Polygon","coordinates":[[[11.9421,55.3844],[11.9423,55.3843],[11.9423,55.3842],[11.9421,55.3841],[11.942,55.3841],[11.9419,55.3841],[11.9418,55.3842],[11.9418,55.3843],[11.9419,55.3843],[11.9421,55.3844]]]},"properties":{"sourceId":"ais_par3.34164","a_type":5120,"hectares":0.081}},{"type":"Feature","id":"ais_par3.34165","geometry":{"type":"Polygon","coordinates":[[[11.9562,55.3829],[11.9562,55.3827],[11.9561,55.3827],[11.956,55.3827],[11.9559,55.3827],[11.956,55.3828],[11.9561,55.3829],[11.9562,55.3829]]]},"properties":{"sourceId":"ais_par3.34165","a_type":5120,"hectares":0.041}},{"type":"Feature","id":"ais_par3.34166","geometry":{"type":"Polygon","coordinates":[[[11.9438,55.3862],[11.9436,55.3861],[11.9434,55.3861],[11.9432,55.3862],[11.9432,55.3864],[11.9433,55.3864],[11.9436,55.3864],[11.9438,55.3863],[11.9438,55.3862]]]},"properties":{"sourceId":"ais_par3.34166","a_type":5120,"hectares":0.102}},{"type":"Feature","id":"ais_par3.34167","geometry":{"type":"Polygon","coordinates":[[[11.9538,55.3865],[11.9539,55.3864],[11.9538,55.3863],[11.9536,55.3863],[11.9535,55.3864],[11.9536,55.3865],[11.9538,55.3865]]]},"properties":{"sourceId":"ais_par3.34167","a_type":5120,"hectares":0.053}},{"type":"Feature","id":"ais_par3.34168","geometry":{"type":"Polygon","coordinates":[[[11.9464,55.3877],[11.9461,55.3877],[11.946,55.3878],[11.946,55.3878],[11.9462,55.3879],[11.9464,55.3878],[11.9464,55.3877]]]},"properties":{"sourceId":"ais_par3.34168","a_type":5120,"hectares":0.04}},{"type":"Feature","id":"ais_par3.34169","geometry":{"type":"Polygon","coordinates":[[[11.9427,55.3903],[11.9426,55.3902],[11.9426,55.3901],[11.9424,55.3901],[11.9423,55.3902],[11.9423,55.3903],[11.9424,55.3904],[11.9427,55.3903]]]},"properties":{"sourceId":"ais_par3.34169","a_type":5120,"hectares":0.049}},{"type":"Feature","id":"ais_par3.34170","geometry":{"type":"Polygon","coordinates":[[[11.9457,55.3902],[11.9456,55.3903],[11.9456,55.3904],[11.9457,55.3905],[11.9458,55.3904],[11.9459,55.3904],[11.9458,55.3903],[11.9457,55.3902]]]},"properties":{"sourceId":"ais_par3.34170","a_type":5120,"hectares":0.029}},{"type":"Feature","id":"ais_par3.34171","geometry":{"type":"Polygon","coordinates":[[[11.9518,55.3897],[11.9517,55.3898],[11.9517,55.3899],[11.9517,55.39],[11.9519,55.39],[11.952,55.3899],[11.9519,55.3897],[11.9518,55.3897]]]},"properties":{"sourceId":"ais_par3.34171","a_type":5120,"hectares":0.047}},{"type":"Feature","id":"ais_par3.34172","geometry":{"type":"Polygon","coordinates":[[[11.955,55.389],[11.9552,55.3889],[11.9553,55.3889],[11.9553,55.3888],[11.955,55.3887],[11.9548,55.3888],[11.955,55.389]]]},"properties":{"sourceId":"ais_par3.34172","a_type":5120,"hectares":0.049}},{"type":"Feature","id":"ais_par3.34173","geometry":{"type":"Polygon","coordinates":[[[11.9413,55.3926],[11.9414,55.3925],[11.9412,55.3924],[11.9412,55.3924],[11.9411,55.3925],[11.9411,55.3925],[11.9412,55.3925],[11.9413,55.3926]]]},"properties":{"sourceId":"ais_par3.34173","a_type":5120,"hectares":0.027}},{"type":"Feature","id":"ais_par3.34174","geometry":{"type":"Polygon","coordinates":[[[11.9438,55.3926],[11.9441,55.3925],[11.9441,55.3924],[11.944,55.3923],[11.9438,55.3924],[11.9438,55.3926]]]},"properties":{"sourceId":"ais_par3.34174","a_type":5120,"hectares":0.046}},{"type":"Feature","id":"ais_par3.34175","geometry":{"type":"Polygon","coordinates":[[[11.9463,55.3922],[11.9462,55.3923],[11.9461,55.3923],[11.9461,55.3924],[11.9461,55.3925],[11.9463,55.3924],[11.9464,55.3924],[11.9464,55.3923],[11.9463,55.3922]]]},"properties":{"sourceId":"ais_par3.34175","a_type":5120,"hectares":0.033}},{"type":"Feature","id":"ais_par3.34176","geometry":{"type":"Polygon","coordinates":[[[11.9435,55.3939],[11.9437,55.3938],[11.9438,55.3937],[11.9438,55.3937],[11.9436,55.3937],[11.9433,55.3937],[11.9434,55.3938],[11.9435,55.3939]]]},"properties":{"sourceId":"ais_par3.34176","a_type":5120,"hectares":0.057}},{"type":"Feature","id":"ais_par3.34177","geometry":{"type":"Polygon","coordinates":[[[11.9482,55.3937],[11.9481,55.3937],[11.9481,55.3936],[11.948,55.3935],[11.9478,55.3935],[11.9478,55.3936],[11.9478,55.3937],[11.9479,55.3938],[11.9482,55.3937]]]},"properties":{"sourceId":"ais_par3.34177","a_type":5120,"hectares":0.045}},{"type":"Feature","id":"ais_par3.34178","geometry":{"type":"Polygon","coordinates":[[[11.9541,55.3945],[11.954,55.3944],[11.9539,55.3945],[11.9539,55.3945],[11.9538,55.3945],[11.9538,55.3946],[11.9539,55.3946],[11.954,55.3946],[11.9541,55.3946],[11.9541,55.3945]]]},"properties":{"sourceId":"ais_par3.34178","a_type":5120,"hectares":0.029}},{"type":"Feature","id":"ais_par3.34179","geometry":{"type":"Polygon","coordinates":[[[11.9581,55.3943],[11.958,55.3943],[11.9579,55.3943],[11.9578,55.3943],[11.9577,55.3944],[11.9577,55.3945],[11.9578,55.3945],[11.958,55.3944],[11.9581,55.3943]]]},"properties":{"sourceId":"ais_par3.34179","a_type":5120,"hectares":0.039}},{"type":"Feature","id":"ais_par3.34180","geometry":{"type":"Polygon","coordinates":[[[11.9384,55.3965],[11.9384,55.3964],[11.9383,55.3963],[11.9383,55.3963],[11.9381,55.3963],[11.938,55.3964],[11.938,55.3965],[11.9381,55.3965],[11.9383,55.3966],[11.9384,55.3965]]]},"properties":{"sourceId":"ais_par3.34180","a_type":5120,"hectares":0.058}},{"type":"Feature","id":"ais_par3.34181","geometry":{"type":"Polygon","coordinates":[[[11.9428,55.3963],[11.9428,55.396],[11.9427,55.3959],[11.9425,55.396],[11.9424,55.396],[11.9423,55.396],[11.9423,55.3961],[11.9424,55.3961],[11.9425,55.3962],[11.9426,55.3963],[11.9427,55.3963],[11.9428,55.3963]]]},"properties":{"sourceId":"ais_par3.34181","a_type":5120,"hectares":0.079}},{"type":"Feature","id":"ais_par3.34182","geometry":{"type":"Polygon","coordinates":[[[11.9428,55.3972],[11.9427,55.3971],[11.9426,55.3971],[11.9425,55.3971],[11.9425,55.3972],[11.9424,55.3972],[11.9423,55.3973],[11.9423,55.3973],[11.9424,55.3974],[11.9425,55.3974],[11.9427,55.3973],[11.9428,55.3972]]]},"properties":{"sourceId":"ais_par3.34182","a_type":5120,"hectares":0.056}},{"type":"Feature","id":"ais_par3.34183","geometry":{"type":"Polygon","coordinates":[[[11.9461,55.3979],[11.9458,55.398],[11.9457,55.3981],[11.9458,55.3982],[11.9459,55.3983],[11.9462,55.3982],[11.9463,55.3981],[11.9462,55.398],[11.9461,55.3979]]]},"properties":{"sourceId":"ais_par3.34183","a_type":5120,"hectares":0.084}},{"type":"Feature","id":"ais_par3.34184","geometry":{"type":"Polygon","coordinates":[[[11.949,55.3969],[11.9489,55.3969],[11.9488,55.3969],[11.9486,55.3969],[11.9486,55.397],[11.9487,55.3971],[11.9489,55.397],[11.949,55.3971],[11.9491,55.3971],[11.9491,55.3971],[11.9491,55.397],[11.949,55.3969],[11.949,55.3969]]]},"properties":{"sourceId":"ais_par3.34184","a_type":5120,"hectares":0.051}},{"type":"Feature","id":"ais_par3.34185","geometry":{"type":"Polygon","coordinates":[[[11.9544,55.3977],[11.9543,55.3976],[11.9541,55.3976],[11.954,55.3976],[11.9538,55.3976],[11.9536,55.3977],[11.9537,55.3978],[11.954,55.3978],[11.9541,55.3979],[11.9544,55.3978],[11.9544,55.3977]]]},"properties":{"sourceId":"ais_par3.34185","a_type":5120,"hectares":0.118}},{"type":"Feature","id":"ais_par3.34186","geometry":{"type":"Polygon","coordinates":[[[11.9423,55.3987],[11.9422,55.3986],[11.9421,55.3986],[11.9419,55.3986],[11.9418,55.3986],[11.9417,55.3987],[11.9418,55.3988],[11.9421,55.3988],[11.9423,55.3987]]]},"properties":{"sourceId":"ais_par3.34186","a_type":5120,"hectares":0.064}},{"type":"Feature","id":"ais_par3.34187","geometry":{"type":"Polygon","coordinates":[[[11.9404,55.3998],[11.9403,55.3997],[11.9403,55.3996],[11.9402,55.3996],[11.94,55.3997],[11.9398,55.3998],[11.9398,55.3999],[11.9399,55.3999],[11.9401,55.3999],[11.9404,55.3998]]]},"properties":{"sourceId":"ais_par3.34187","a_type":5120,"hectares":0.073}},{"type":"Feature","id":"ais_par3.34188","geometry":{"type":"Polygon","coordinates":[[[11.9475,55.3989],[11.9473,55.399],[11.9471,55.399],[11.9472,55.3991],[11.9473,55.3991],[11.9475,55.3992],[11.9476,55.3991],[11.9476,55.399],[11.9475,55.3989]]]},"properties":{"sourceId":"ais_par3.34188","a_type":5120,"hectares":0.054}},{"type":"Feature","id":"ais_par3.34189","geometry":{"type":"Polygon","coordinates":[[[11.9385,55.4012],[11.9384,55.4012],[11.9383,55.4012],[11.9382,55.4013],[11.9383,55.4013],[11.9384,55.4013],[11.9385,55.4012]]]},"properties":{"sourceId":"ais_par3.34189","a_type":5120,"hectares":0.025}},{"type":"Feature","id":"ais_par3.34190","geometry":{"type":"Polygon","coordinates":[[[11.9432,55.4019],[11.9433,55.4018],[11.9432,55.4016],[11.943,55.4016],[11.9431,55.4017],[11.9432,55.4019]]]},"properties":{"sourceId":"ais_par3.34190","a_type":5120,"hectares":0.034}},{"type":"Feature","id":"ais_par3.34191","geometry":{"type":"Polygon","coordinates":[[[11.9479,55.4023],[11.9477,55.4024],[11.9477,55.4024],[11.9477,55.4025],[11.9479,55.4025],[11.948,55.4024],[11.9479,55.4023]]]},"properties":{"sourceId":"ais_par3.34191","a_type":5120,"hectares":0.025}},{"type":"Feature","id":"ais_par3.34192","geometry":{"type":"Polygon","coordinates":[[[11.9506,55.4011],[11.9506,55.4009],[11.9505,55.4009],[11.9504,55.4009],[11.9503,55.401],[11.9504,55.4011],[11.9506,55.4011]]]},"properties":{"sourceId":"ais_par3.34192","a_type":5120,"hectares":0.034}},{"type":"Feature","id":"ais_par3.34193","geometry":{"type":"Polygon","coordinates":[[[11.9533,55.401],[11.9535,55.4008],[11.9536,55.4008],[11.9535,55.4007],[11.9534,55.4007],[11.9532,55.4008],[11.9532,55.4009],[11.9533,55.401]]]},"properties":{"sourceId":"ais_par3.34193","a_type":5120,"hectares":0.048}},{"type":"Feature","id":"ais_par3.34194","geometry":{"type":"Polygon","coordinates":[[[11.9372,55.4032],[11.9373,55.4031],[11.9374,55.4031],[11.9374,55.403],[11.9372,55.403],[11.9371,55.403],[11.937,55.4032],[11.9372,55.4032]]]},"properties":{"sourceId":"ais_par3.34194","a_type":5120,"hectares":0.035}},{"type":"Feature","id":"ais_par3.34195","geometry":{"type":"Polygon","coordinates":[[[11.9397,55.4044],[11.9399,55.4043],[11.9399,55.4043],[11.9398,55.4042],[11.9397,55.4042],[11.9396,55.4043],[11.9396,55.4044],[11.9397,55.4044]]]},"properties":{"sourceId":"ais_par3.34195","a_type":5120,"hectares":0.026}},{"type":"Feature","id":"ais_par3.34196","geometry":{"type":"Polygon","coordinates":[[[11.9404,55.4047],[11.9402,55.4048],[11.9401,55.4048],[11.9402,55.4049],[11.9403,55.4049],[11.9404,55.4048],[11.9404,55.4047],[11.9404,55.4047]]]},"properties":{"sourceId":"ais_par3.34196","a_type":5120,"hectares":0.029}},{"type":"Feature","id":"ais_par3.34197","geometry":{"type":"Polygon","coordinates":[[[11.9496,55.4048],[11.9495,55.4048],[11.9494,55.4049],[11.9494,55.4049],[11.9495,55.4049],[11.9497,55.4049],[11.9497,55.4048],[11.9496,55.4048]]]},"properties":{"sourceId":"ais_par3.34197","a_type":5120,"hectares":0.023}},{"type":"Feature","id":"ais_par3.34198","geometry":{"type":"Polygon","coordinates":[[[11.938,55.4068],[11.9379,55.4067],[11.9378,55.4067],[11.9378,55.4067],[11.9377,55.4068],[11.9378,55.4068],[11.938,55.4068]]]},"properties":{"sourceId":"ais_par3.34198","a_type":5120,"hectares":0.017}},{"type":"Feature","id":"ais_par3.34199","geometry":{"type":"Polygon","coordinates":[[[11.9443,55.4064],[11.9442,55.4064],[11.944,55.4065],[11.9441,55.4065],[11.9443,55.4065],[11.9444,55.4065],[11.9443,55.4064]]]},"properties":{"sourceId":"ais_par3.34199","a_type":5120,"hectares":0.028}},{"type":"Feature","id":"ais_par3.34200","geometry":{"type":"Polygon","coordinates":[[[11.9476,55.4071],[11.9475,55.407],[11.9473,55.4069],[11.9471,55.4069],[11.947,55.407],[11.9471,55.4071],[11.9474,55.4072],[11.9476,55.4071]]]},"properties":{"sourceId":"ais_par3.34200","a_type":5120,"hectares":0.096}},{"type":"Feature","id":"ais_par3.34201","geometry":{"type":"Polygon","coordinates":[[[11.9389,55.4078],[11.9388,55.4077],[11.9388,55.4077],[11.9387,55.4078],[11.9386,55.4079],[11.9387,55.4079],[11.9389,55.4078]]]},"properties":{"sourceId":"ais_par3.34201","a_type":5120,"hectares":0.025}},{"type":"Feature","id":"ais_par3.34202","geometry":{"type":"Polygon","coordinates":[[[11.9351,55.4093],[11.935,55.4095],[11.9349,55.4095],[11.9349,55.4097],[11.935,55.4097],[11.9351,55.4097],[11.9352,55.4096],[11.9352,55.4094],[11.9351,55.4093]]]},"properties":{"sourceId":"ais_par3.34202","a_type":5120,"hectares":0.05}},{"type":"Feature","id":"ais_par3.34203","geometry":{"type":"Polygon","coordinates":[[[11.9427,55.4096],[11.9427,55.4094],[11.9426,55.4093],[11.9425,55.4092],[11.9424,55.4093],[11.9425,55.4095],[11.9426,55.4096],[11.9427,55.4096]]]},"properties":{"sourceId":"ais_par3.34203","a_type":5120,"hectares":0.039}},{"type":"Feature","id":"ais_par3.34204","geometry":{"type":"Polygon","coordinates":[[[11.9528,55.4096],[11.9527,55.4096],[11.9526,55.4095],[11.9523,55.4096],[11.9523,55.4096],[11.9525,55.4097],[11.9527,55.4097],[11.9528,55.4096]]]},"properties":{"sourceId":"ais_par3.34204","a_type":5120,"hectares":0.049}},{"type":"Feature","id":"ais_par3.34205","geometry":{"type":"Polygon","coordinates":[[[11.9319,55.4107],[11.9319,55.4105],[11.9319,55.4105],[11.9318,55.4104],[11.9316,55.4105],[11.9316,55.4106],[11.9318,55.4107],[11.9319,55.4107]]]},"properties":{"sourceId":"ais_par3.34205","a_type":5120,"hectares":0.045}},{"type":"Feature","id":"ais_par3.34206","geometry":{"type":"Polygon","coordinates":[[[11.9327,55.4135],[11.9328,55.4135],[11.9329,55.4134],[11.9329,55.4133],[11.9329,55.4132],[11.9329,55.4132],[11.9329,55.4131],[11.9329,55.413],[11.9329,55.4129],[11.9328,55.4129],[11.9326,55.4129],[11.9325,55.413],[11.9325,55.4131],[11.9326,55.4133],[11.9325,55.4134],[11.9327,55.4135]]]},"properties":{"sourceId":"ais_par3.34206","a_type":5120,"hectares":0.155}},{"type":"Feature","id":"ais_par3.34207","geometry":{"type":"Polygon","coordinates":[[[11.948,55.4102],[11.9478,55.4102],[11.9477,55.4103],[11.9477,55.4103],[11.9479,55.4104],[11.9481,55.4104],[11.9481,55.4102],[11.948,55.4102]]]},"properties":{"sourceId":"ais_par3.34207","a_type":5120,"hectares":0.039}},{"type":"Feature","id":"ais_par3.34208","geometry":{"type":"Polygon","coordinates":[[[11.9488,55.4135],[11.949,55.4135],[11.9491,55.4135],[11.9492,55.4134],[11.9492,55.4133],[11.949,55.4133],[11.9489,55.4133],[11.9489,55.4134],[11.9488,55.4135]]]},"properties":{"sourceId":"ais_par3.34208","a_type":5120,"hectares":0.043}},{"type":"Feature","id":"ais_par3.34209","geometry":{"type":"Polygon","coordinates":[[[11.9453,55.4146],[11.9452,55.4147],[11.9451,55.4148],[11.9451,55.4149],[11.9452,55.4149],[11.9453,55.4149],[11.9454,55.4147],[11.9453,55.4146]]]},"properties":{"sourceId":"ais_par3.34209","a_type":5120,"hectares":0.029}},{"type":"Feature","id":"ais_par3.34210","geometry":{"type":"Polygon","coordinates":[[[11.9316,55.417],[11.9317,55.4169],[11.9318,55.4167],[11.9317,55.4167],[11.9315,55.4167],[11.9314,55.4168],[11.9313,55.4169],[11.9313,55.4171],[11.9316,55.417]]]},"properties":{"sourceId":"ais_par3.34210","a_type":5120,"hectares":0.089}},{"type":"Feature","id":"ais_par3.34211","geometry":{"type":"Polygon","coordinates":[[[11.9365,55.4166],[11.9368,55.4166],[11.9369,55.4166],[11.9369,55.4165],[11.9368,55.4164],[11.9368,55.4163],[11.9369,55.4162],[11.9372,55.4162],[11.9374,55.4161],[11.9374,55.4159],[11.9374,55.4157],[11.9371,55.4155],[11.9368,55.4155],[11.9363,55.4156],[11.9361,55.4155],[11.9358,55.4154],[11.9356,55.4154],[11.9352,55.4155],[11.9352,55.4156],[11.9354,55.4158],[11.9355,55.4159],[11.9357,55.416],[11.936,55.4161],[11.9361,55.4162],[11.9363,55.4162],[11.9364,55.4163],[11.9363,55.4164],[11.9363,55.4165],[11.9363,55.4166],[11.9365,55.4166]],[[11.9362,55.4158],[11.9359,55.4158],[11.9356,55.4158],[11.9355,55.4157],[11.9355,55.4156],[11.9356,55.4155],[11.936,55.4157],[11.9362,55.4158]]]},"properties":{"sourceId":"ais_par3.34211","a_type":5120,"hectares":0.972}},{"type":"Feature","id":"ais_par3.34212","geometry":{"type":"Polygon","coordinates":[[[11.9396,55.4158],[11.9397,55.4156],[11.9396,55.4156],[11.9396,55.4155],[11.9394,55.4156],[11.9394,55.4156],[11.9393,55.4157],[11.9394,55.4158],[11.9395,55.4158],[11.9396,55.4158]]]},"properties":{"sourceId":"ais_par3.34212","a_type":5120,"hectares":0.047}},{"type":"Feature","id":"ais_par3.34213","geometry":{"type":"Polygon","coordinates":[[[11.9397,55.416],[11.9396,55.4161],[11.9395,55.4162],[11.9396,55.4163],[11.9397,55.4164],[11.9399,55.4163],[11.94,55.4162],[11.94,55.4161],[11.9399,55.416],[11.9397,55.416]]]},"properties":{"sourceId":"ais_par3.34213","a_type":5120,"hectares":0.082}},{"type":"Feature","id":"ais_par3.34214","geometry":{"type":"Polygon","coordinates":[[[11.9349,55.4178],[11.935,55.4176],[11.9334,55.4175],[11.9333,55.4177],[11.9349,55.4178]]]},"properties":{"sourceId":"ais_par3.34214","a_type":5120,"hectares":0.265}},{"type":"Feature","id":"ais_par3.34215","geometry":{"type":"Polygon","coordinates":[[[11.9334,55.4173],[11.935,55.4174],[11.935,55.4174],[11.9335,55.4172],[11.9334,55.4173]]]},"properties":{"sourceId":"ais_par3.34215","a_type":5120,"hectares":0.097}},{"type":"Feature","id":"ais_par3.34216","geometry":{"type":"Polygon","coordinates":[[[11.9366,55.4182],[11.9362,55.4179],[11.9361,55.4179],[11.936,55.418],[11.936,55.4181],[11.9359,55.4182],[11.9359,55.4183],[11.9362,55.4184],[11.9366,55.4184],[11.9367,55.4183],[11.9368,55.4183],[11.9369,55.4181],[11.9368,55.418],[11.9367,55.418],[11.9366,55.4182]]]},"properties":{"sourceId":"ais_par3.34216","a_type":5120,"hectares":0.215}},{"type":"Feature","id":"ais_par3.34217","geometry":{"type":"Polygon","coordinates":[[[11.9358,55.4192],[11.936,55.4191],[11.936,55.419],[11.9359,55.4188],[11.9358,55.4188],[11.9356,55.4189],[11.9355,55.4191],[11.9356,55.4192],[11.9358,55.4192]]]},"properties":{"sourceId":"ais_par3.34217","a_type":5120,"hectares":0.095}},{"type":"Feature","id":"ais_par3.34218","geometry":{"type":"Polygon","coordinates":[[[11.9353,55.4196],[11.9353,55.4195],[11.9353,55.4194],[11.9351,55.4194],[11.9348,55.4193],[11.9347,55.4194],[11.9346,55.4196],[11.9348,55.4196],[11.9353,55.4196]]]},"properties":{"sourceId":"ais_par3.34218","a_type":5120,"hectares":0.114}},{"type":"Feature","id":"ais_par3.34219","geometry":{"type":"Polygon","coordinates":[[[11.9397,55.4198],[11.9395,55.4197],[11.9394,55.4196],[11.9393,55.4196],[11.939,55.4197],[11.9387,55.4198],[11.9387,55.4199],[11.939,55.4199],[11.9393,55.4199],[11.9397,55.4199],[11.9397,55.4198]]]},"properties":{"sourceId":"ais_par3.34219","a_type":5120,"hectares":0.148}},{"type":"Feature","id":"ais_par3.34220","geometry":{"type":"Polygon","coordinates":[[[11.9525,55.4253],[11.9526,55.4252],[11.9525,55.4251],[11.9523,55.4251],[11.9522,55.4252],[11.9522,55.4253],[11.9523,55.4253],[11.9525,55.4253]]]},"properties":{"sourceId":"ais_par3.34220","a_type":5120,"hectares":0.047}},{"type":"Feature","id":"ais_par3.34393","geometry":{"type":"Polygon","coordinates":[[[11.9035,55.3698],[11.9035,55.3698],[11.9034,55.3696],[11.9033,55.3696],[11.9032,55.3697],[11.9033,55.3698],[11.9035,55.3698]]]},"properties":{"sourceId":"ais_par3.34393","a_type":5120,"hectares":0.039}},{"type":"Feature","id":"ais_par3.34395","geometry":{"type":"Polygon","coordinates":[[[11.8998,55.3713],[11.8996,55.3713],[11.8996,55.3714],[11.8996,55.3715],[11.8998,55.3715],[11.8998,55.3715],[11.8999,55.3714],[11.8998,55.3713]]]},"properties":{"sourceId":"ais_par3.34395","a_type":5120,"hectares":0.029}},{"type":"Feature","id":"ais_par3.34396","geometry":{"type":"Polygon","coordinates":[[[11.904,55.3718],[11.9042,55.3718],[11.9046,55.3718],[11.9049,55.3716],[11.9049,55.3715],[11.9048,55.3715],[11.9047,55.3715],[11.9044,55.3714],[11.904,55.3715],[11.904,55.3718]]]},"properties":{"sourceId":"ais_par3.34396","a_type":5120,"hectares":0.161}},{"type":"Feature","id":"ais_par3.34399","geometry":{"type":"Polygon","coordinates":[[[11.9025,55.3742],[11.9026,55.3742],[11.9026,55.3741],[11.9026,55.3741],[11.9026,55.3741],[11.9025,55.3741],[11.9024,55.3741],[11.9024,55.3742],[11.9025,55.3742]]]},"properties":{"sourceId":"ais_par3.34399","a_type":5120,"hectares":0.019}},{"type":"Feature","id":"ais_par3.34401","geometry":{"type":"Polygon","coordinates":[[[11.9025,55.3768],[11.9025,55.3767],[11.9026,55.3767],[11.9027,55.3766],[11.9027,55.3766],[11.9027,55.3764],[11.9025,55.3765],[11.9024,55.3765],[11.9023,55.3766],[11.9023,55.3766],[11.9023,55.3767],[11.9025,55.3768]]]},"properties":{"sourceId":"ais_par3.34401","a_type":5120,"hectares":0.063}},{"type":"Feature","id":"ais_par3.34402","geometry":{"type":"Polygon","coordinates":[[[11.9002,55.3779],[11.9001,55.3778],[11.9001,55.3777],[11.8999,55.3777],[11.8999,55.3778],[11.9,55.3779],[11.9002,55.3779]]]},"properties":{"sourceId":"ais_par3.34402","a_type":5120,"hectares":0.025}},{"type":"Feature","id":"ais_par3.34413","geometry":{"type":"Polygon","coordinates":[[[11.9048,55.3874],[11.9048,55.3872],[11.9047,55.3872],[11.9046,55.3873],[11.9047,55.3874],[11.9048,55.3874],[11.9048,55.3874]]]},"properties":{"sourceId":"ais_par3.34413","a_type":5120,"hectares":0.014}},{"type":"Feature","id":"ais_par3.34414","geometry":{"type":"Polygon","coordinates":[[[11.9101,55.3931],[11.9099,55.3929],[11.9099,55.3928],[11.9097,55.3928],[11.9096,55.3928],[11.9096,55.393],[11.9097,55.393],[11.9099,55.3931],[11.9101,55.3931]]]},"properties":{"sourceId":"ais_par3.34414","a_type":5120,"hectares":0.068}},{"type":"Feature","id":"ais_par3.34415","geometry":{"type":"Polygon","coordinates":[[[11.9096,55.3974],[11.9096,55.3974],[11.9094,55.3973],[11.9093,55.3973],[11.9094,55.3974],[11.9094,55.3975],[11.9096,55.3974]]]},"properties":{"sourceId":"ais_par3.34415","a_type":5120,"hectares":0.025}},{"type":"Feature","id":"ais_par3.34416","geometry":{"type":"Polygon","coordinates":[[[11.9126,55.3695],[11.9125,55.3695],[11.9123,55.3696],[11.9123,55.3696],[11.9122,55.3697],[11.9123,55.3697],[11.9124,55.3697],[11.9126,55.3696],[11.9126,55.3695]]]},"properties":{"sourceId":"ais_par3.34416","a_type":5120,"hectares":0.035}},{"type":"Feature","id":"ais_par3.34417","geometry":{"type":"Polygon","coordinates":[[[11.9196,55.3693],[11.9197,55.3693],[11.9197,55.3692],[11.9197,55.3691],[11.9196,55.3691],[11.9194,55.3691],[11.9193,55.3692],[11.9193,55.3693],[11.9194,55.3693],[11.9196,55.3693]]]},"properties":{"sourceId":"ais_par3.34417","a_type":5120,"hectares":0.045}},{"type":"Feature","id":"ais_par3.34418","geometry":{"type":"Polygon","coordinates":[[[11.9291,55.3694],[11.9289,55.3692],[11.9288,55.3691],[11.9287,55.3691],[11.9287,55.3692],[11.9288,55.3693],[11.929,55.3694],[11.9291,55.3694]]]},"properties":{"sourceId":"ais_par3.34418","a_type":5120,"hectares":0.045}},{"type":"Feature","id":"ais_par3.34419","geometry":{"type":"Polygon","coordinates":[[[11.9119,55.3722],[11.9119,55.3721],[11.9119,55.3721],[11.9117,55.3721],[11.9116,55.3721],[11.9115,55.3721],[11.9115,55.3722],[11.9116,55.3723],[11.9117,55.3723],[11.9119,55.3722]]]},"properties":{"sourceId":"ais_par3.34419","a_type":5120,"hectares":0.055}},{"type":"Feature","id":"ais_par3.34420","geometry":{"type":"Polygon","coordinates":[[[11.9185,55.3719],[11.9186,55.3718],[11.9185,55.3717],[11.9184,55.3717],[11.9183,55.3718],[11.9183,55.3718],[11.9183,55.3719],[11.9184,55.3719],[11.9185,55.3719]]]},"properties":{"sourceId":"ais_par3.34420","a_type":5120,"hectares":0.018}},{"type":"Feature","id":"ais_par3.34421","geometry":{"type":"Polygon","coordinates":[[[11.9233,55.373],[11.9232,55.3729],[11.9231,55.3729],[11.9229,55.3729],[11.9228,55.373],[11.9228,55.3731],[11.9229,55.3731],[11.9231,55.3731],[11.9232,55.373],[11.9233,55.373]]]},"properties":{"sourceId":"ais_par3.34421","a_type":5120,"hectares":0.038}},{"type":"Feature","id":"ais_par3.34422","geometry":{"type":"Polygon","coordinates":[[[11.915,55.3741],[11.915,55.374],[11.915,55.3739],[11.9148,55.3739],[11.9148,55.3739],[11.9147,55.374],[11.9148,55.3741],[11.9149,55.3741],[11.915,55.3741]]]},"properties":{"sourceId":"ais_par3.34422","a_type":5120,"hectares":0.039}},{"type":"Feature","id":"ais_par3.34423","geometry":{"type":"Polygon","coordinates":[[[11.9138,55.376],[11.9137,55.376],[11.9136,55.376],[11.9135,55.376],[11.9135,55.3761],[11.9136,55.3761],[11.9138,55.3761],[11.9138,55.376],[11.9138,55.376]]]},"properties":{"sourceId":"ais_par3.34423","a_type":5120,"hectares":0.021}},{"type":"Feature","id":"ais_par3.34424","geometry":{"type":"Polygon","coordinates":[[[11.933,55.376],[11.933,55.3759],[11.933,55.3759],[11.9328,55.3759],[11.9328,55.3759],[11.9327,55.376],[11.9327,55.376],[11.933,55.376]]]},"properties":{"sourceId":"ais_par3.34424","a_type":5120,"hectares":0.021}},{"type":"Feature","id":"ais_par3.34425","geometry":{"type":"Polygon","coordinates":[[[11.9144,55.3824],[11.9144,55.3822],[11.9144,55.3822],[11.9142,55.3822],[11.9141,55.3822],[11.9141,55.3823],[11.9142,55.3824],[11.9144,55.3824]]]},"properties":{"sourceId":"ais_par3.34425","a_type":5120,"hectares":0.04}},{"type":"Feature","id":"ais_par3.34426","geometry":{"type":"Polygon","coordinates":[[[11.9169,55.3814],[11.9171,55.3814],[11.9171,55.3813],[11.9172,55.3813],[11.9171,55.3812],[11.9169,55.3812],[11.9169,55.3813],[11.9169,55.3814]]]},"properties":{"sourceId":"ais_par3.34426","a_type":5120,"hectares":0.025}},{"type":"Feature","id":"ais_par3.34427","geometry":{"type":"Polygon","coordinates":[[[11.9351,55.3779],[11.935,55.3778],[11.9349,55.3779],[11.9348,55.3779],[11.9348,55.378],[11.9349,55.378],[11.935,55.378],[11.9351,55.3779]]]},"properties":{"sourceId":"ais_par3.34427","a_type":5120,"hectares":0.019}},{"type":"Feature","id":"ais_par3.34428","geometry":{"type":"Polygon","coordinates":[[[11.9137,55.3859],[11.9137,55.3859],[11.9136,55.3859],[11.9136,55.3858],[11.9135,55.3857],[11.9133,55.3858],[11.9131,55.3858],[11.9131,55.386],[11.9137,55.3859]]]},"properties":{"sourceId":"ais_par3.34428","a_type":5120,"hectares":0.077}},{"type":"Feature","id":"ais_par3.34429","geometry":{"type":"Polygon","coordinates":[[[11.9197,55.3824],[11.9196,55.3823],[11.9195,55.3823],[11.9194,55.3823],[11.9194,55.3823],[11.9194,55.3824],[11.9195,55.3825],[11.9196,55.3825],[11.9197,55.3824]]]},"properties":{"sourceId":"ais_par3.34429","a_type":5120,"hectares":0.033}},{"type":"Feature","id":"ais_par3.34430","geometry":{"type":"Polygon","coordinates":[[[11.9228,55.3828],[11.9227,55.3827],[11.9225,55.3827],[11.9224,55.3827],[11.9225,55.3828],[11.9226,55.3828],[11.9226,55.3829],[11.9228,55.3829],[11.9228,55.3828]]]},"properties":{"sourceId":"ais_par3.34430","a_type":5120,"hectares":0.039}},{"type":"Feature","id":"ais_par3.34431","geometry":{"type":"Polygon","coordinates":[[[11.9196,55.3853],[11.9198,55.3853],[11.9199,55.3853],[11.92,55.3852],[11.92,55.3852],[11.9198,55.3851],[11.9196,55.3851],[11.9195,55.3852],[11.9196,55.3853]]]},"properties":{"sourceId":"ais_par3.34431","a_type":5120,"hectares":0.037}},{"type":"Feature","id":"ais_par3.34432","geometry":{"type":"Polygon","coordinates":[[[11.9276,55.3835],[11.9278,55.3835],[11.9279,55.3835],[11.9278,55.3835],[11.9279,55.3834],[11.9277,55.3833],[11.9276,55.3834],[11.9276,55.3835]]]},"properties":{"sourceId":"ais_par3.34432","a_type":5120,"hectares":0.021}},{"type":"Feature","id":"ais_par3.34433","geometry":{"type":"Polygon","coordinates":[[[11.9336,55.3852],[11.9336,55.3851],[11.9337,55.3851],[11.9336,55.3851],[11.9335,55.385],[11.9334,55.385],[11.9333,55.385],[11.9332,55.3851],[11.9336,55.3852]]]},"properties":{"sourceId":"ais_par3.34433","a_type":5120,"hectares":0.035}},{"type":"Feature","id":"ais_par3.34434","geometry":{"type":"Polygon","coordinates":[[[11.9229,55.3903],[11.9229,55.3902],[11.9229,55.3902],[11.9228,55.3902],[11.9227,55.3902],[11.9228,55.3903],[11.9229,55.3903]]]},"properties":{"sourceId":"ais_par3.34434","a_type":5120,"hectares":0.017}},{"type":"Feature","id":"ais_par3.34435","geometry":{"type":"Polygon","coordinates":[[[11.9249,55.3892],[11.9249,55.3891],[11.9248,55.3891],[11.9246,55.3891],[11.9246,55.3892],[11.9249,55.3892]]]},"properties":{"sourceId":"ais_par3.34435","a_type":5120,"hectares":0.029}},{"type":"Feature","id":"ais_par3.34436","geometry":{"type":"Polygon","coordinates":[[[11.9285,55.3874],[11.9284,55.3873],[11.9284,55.3872],[11.9283,55.3872],[11.9283,55.3873],[11.9283,55.3874],[11.9285,55.3874]]]},"properties":{"sourceId":"ais_par3.34436","a_type":5120,"hectares":0.017}},{"type":"Feature","id":"ais_par3.34437","geometry":{"type":"Polygon","coordinates":[[[11.9142,55.3938],[11.9141,55.3937],[11.914,55.3937],[11.9138,55.3937],[11.9138,55.3938],[11.9137,55.3938],[11.9136,55.3939],[11.9137,55.3939],[11.914,55.3939],[11.9142,55.3938]]]},"properties":{"sourceId":"ais_par3.34437","a_type":5120,"hectares":0.042}},{"type":"Feature","id":"ais_par3.34438","geometry":{"type":"Polygon","coordinates":[[[11.9241,55.3935],[11.9241,55.3934],[11.9239,55.3934],[11.9238,55.3934],[11.9237,55.3934],[11.9238,55.3935],[11.9239,55.3935],[11.9241,55.3935]]]},"properties":{"sourceId":"ais_par3.34438","a_type":5120,"hectares":0.025}},{"type":"Feature","id":"ais_par3.34439","geometry":{"type":"Polygon","coordinates":[[[11.9102,55.4011],[11.9103,55.401],[11.9102,55.401],[11.9102,55.4009],[11.91,55.4009],[11.91,55.401],[11.9101,55.4011],[11.9102,55.4011]]]},"properties":{"sourceId":"ais_par3.34439","a_type":5120,"hectares":0.023}},{"type":"Feature","id":"ais_par3.34440","geometry":{"type":"Polygon","coordinates":[[[11.9118,55.4026],[11.9118,55.4025],[11.9117,55.4025],[11.9116,55.4024],[11.9116,55.4024],[11.9115,55.4025],[11.9115,55.4025],[11.9115,55.4026],[11.9116,55.4026],[11.9118,55.4026]]]},"properties":{"sourceId":"ais_par3.34440","a_type":5120,"hectares":0.028}},{"type":"Feature","id":"ais_par3.34441","geometry":{"type":"Polygon","coordinates":[[[11.914,55.3999],[11.914,55.3998],[11.914,55.3998],[11.9139,55.3997],[11.9138,55.3997],[11.9137,55.3997],[11.9137,55.3997],[11.9137,55.3998],[11.9138,55.3999],[11.914,55.3999]]]},"properties":{"sourceId":"ais_par3.34441","a_type":5120,"hectares":0.038}},{"type":"Feature","id":"ais_par3.34442","geometry":{"type":"Polygon","coordinates":[[[11.9161,55.3995],[11.9162,55.3994],[11.9161,55.3994],[11.9161,55.3993],[11.916,55.3993],[11.916,55.3993],[11.9159,55.3993],[11.916,55.3995],[11.9161,55.3995]]]},"properties":{"sourceId":"ais_par3.34442","a_type":5120,"hectares":0.027}},{"type":"Feature","id":"ais_par3.34443","geometry":{"type":"Polygon","coordinates":[[[11.916,55.398],[11.916,55.3979],[11.916,55.3979],[11.9158,55.3979],[11.9156,55.3979],[11.9157,55.398],[11.9158,55.3981],[11.916,55.398]]]},"properties":{"sourceId":"ais_par3.34443","a_type":5120,"hectares":0.049}},{"type":"Feature","id":"ais_par3.34444","geometry":{"type":"Polygon","coordinates":[[[11.9221,55.3976],[11.9221,55.3975],[11.9221,55.3974],[11.9219,55.3974],[11.9218,55.3974],[11.9219,55.3975],[11.922,55.3976],[11.9221,55.3976]]]},"properties":{"sourceId":"ais_par3.34444","a_type":5120,"hectares":0.031}},{"type":"Feature","id":"ais_par3.34445","geometry":{"type":"Polygon","coordinates":[[[11.9266,55.3949],[11.9267,55.3948],[11.9267,55.3948],[11.9267,55.3948],[11.9267,55.3947],[11.9265,55.3947],[11.9264,55.3948],[11.9264,55.3949],[11.9266,55.3949]]]},"properties":{"sourceId":"ais_par3.34445","a_type":5120,"hectares":0.036}},{"type":"Feature","id":"ais_par3.34446","geometry":{"type":"Polygon","coordinates":[[[11.9276,55.3975],[11.9275,55.3973],[11.9274,55.3973],[11.9273,55.3973],[11.9274,55.3974],[11.9274,55.3975],[11.9274,55.3975],[11.9275,55.3975],[11.9276,55.3975]]]},"properties":{"sourceId":"ais_par3.34446","a_type":5120,"hectares":0.029}},{"type":"Feature","id":"ais_par3.34447","geometry":{"type":"Polygon","coordinates":[[[11.9296,55.3969],[11.9296,55.3967],[11.9296,55.3967],[11.9294,55.3967],[11.9293,55.3968],[11.9294,55.3969],[11.9295,55.3969],[11.9296,55.3969]]]},"properties":{"sourceId":"ais_par3.34447","a_type":5120,"hectares":0.032}},{"type":"Feature","id":"ais_par3.34448","geometry":{"type":"Polygon","coordinates":[[[11.9271,55.4027],[11.9271,55.4026],[11.927,55.4026],[11.927,55.4026],[11.9269,55.4027],[11.927,55.4027],[11.9271,55.4027]]]},"properties":{"sourceId":"ais_par3.34448","a_type":5120,"hectares":0.015}},{"type":"Feature","id":"ais_par3.34449","geometry":{"type":"Polygon","coordinates":[[[11.929,55.4023],[11.9288,55.4023],[11.9288,55.4024],[11.9288,55.4025],[11.9288,55.4025],[11.9289,55.4025],[11.929,55.4024],[11.929,55.4023]]]},"properties":{"sourceId":"ais_par3.34449","a_type":5120,"hectares":0.025}},{"type":"Feature","id":"ais_par3.34450","geometry":{"type":"Polygon","coordinates":[[[11.9311,55.401],[11.9311,55.4009],[11.9311,55.4009],[11.931,55.4009],[11.9309,55.4008],[11.9308,55.4009],[11.9308,55.401],[11.9309,55.401],[11.9311,55.401]]]},"properties":{"sourceId":"ais_par3.34450","a_type":5120,"hectares":0.027}},{"type":"Feature","id":"ais_par3.34451","geometry":{"type":"Polygon","coordinates":[[[11.9322,55.4011],[11.9323,55.401],[11.9323,55.401],[11.9324,55.4009],[11.932,55.4009],[11.932,55.401],[11.932,55.4011],[11.9321,55.4011],[11.9322,55.4011]]]},"properties":{"sourceId":"ais_par3.34451","a_type":5120,"hectares":0.053}},{"type":"Feature","id":"ais_par3.34452","geometry":{"type":"Polygon","coordinates":[[[11.9334,55.3999],[11.9335,55.3999],[11.9334,55.3998],[11.9332,55.3998],[11.9332,55.3999],[11.9334,55.3999]]]},"properties":{"sourceId":"ais_par3.34452","a_type":5120,"hectares":0.026}},{"type":"Feature","id":"ais_par3.34453","geometry":{"type":"Polygon","coordinates":[[[11.9318,55.3987],[11.9319,55.3986],[11.9319,55.3986],[11.9318,55.3985],[11.9317,55.3985],[11.9316,55.3986],[11.9316,55.3986],[11.9317,55.3987],[11.9318,55.3987]]]},"properties":{"sourceId":"ais_par3.34453","a_type":5120,"hectares":0.04}},{"type":"Feature","id":"ais_par3.34454","geometry":{"type":"Polygon","coordinates":[[[11.9365,55.4002],[11.9366,55.4001],[11.9366,55.4],[11.9363,55.3999],[11.9362,55.4],[11.9363,55.4001],[11.9363,55.4002],[11.9365,55.4002]]]},"properties":{"sourceId":"ais_par3.34454","a_type":5120,"hectares":0.056}},{"type":"Feature","id":"ais_par3.34849","geometry":{"type":"Polygon","coordinates":[[[11.91,55.496],[11.9101,55.4959],[11.9101,55.4958],[11.91,55.4958],[11.9097,55.4957],[11.9096,55.4959],[11.9096,55.4959],[11.91,55.496]]]},"properties":{"sourceId":"ais_par3.34849","a_type":5120,"hectares":0.057}},{"type":"Feature","id":"ais_par3.34858","geometry":{"type":"Polygon","coordinates":[[[11.9099,55.4914],[11.9101,55.4914],[11.9101,55.4913],[11.9101,55.4913],[11.91,55.4912],[11.9099,55.4912],[11.9099,55.4912],[11.9097,55.4913],[11.9097,55.4914],[11.9098,55.4914],[11.9099,55.4914]]]},"properties":{"sourceId":"ais_par3.34858","a_type":5120,"hectares":0.043}},{"type":"Feature","id":"ais_par3.34867","geometry":{"type":"Polygon","coordinates":[[[11.9083,55.4756],[11.9084,55.4755],[11.9086,55.4754],[11.9086,55.4753],[11.9085,55.4752],[11.9085,55.4751],[11.9086,55.4751],[11.9083,55.475],[11.908,55.475],[11.9078,55.4751],[11.9078,55.4752],[11.9081,55.4754],[11.9082,55.4755],[11.9083,55.4756]]]},"properties":{"sourceId":"ais_par3.34867","a_type":5120,"hectares":0.212}},{"type":"Feature","id":"ais_par3.34885","geometry":{"type":"Polygon","coordinates":[[[11.9058,55.4428],[11.9057,55.4428],[11.9056,55.4428],[11.9057,55.4429],[11.9059,55.4429],[11.9061,55.4429],[11.9061,55.4428],[11.9058,55.4428]]]},"properties":{"sourceId":"ais_par3.34885","a_type":5120,"hectares":0.046}},{"type":"Feature","id":"ais_par3.34889","geometry":{"type":"Polygon","coordinates":[[[11.9049,55.4403],[11.9049,55.4402],[11.9048,55.4402],[11.9047,55.4402],[11.9046,55.4402],[11.9045,55.4403],[11.9049,55.4403]]]},"properties":{"sourceId":"ais_par3.34889","a_type":5120,"hectares":0.028}},{"type":"Feature","id":"ais_par3.34890","geometry":{"type":"Polygon","coordinates":[[[11.9096,55.4402],[11.9098,55.4401],[11.9099,55.44],[11.9099,55.4399],[11.9098,55.4399],[11.9097,55.4399],[11.9096,55.4399],[11.9095,55.4401],[11.9096,55.4402]]]},"properties":{"sourceId":"ais_par3.34890","a_type":5120,"hectares":0.046}},{"type":"Feature","id":"ais_par3.34892","geometry":{"type":"Polygon","coordinates":[[[11.9063,55.4389],[11.9064,55.4388],[11.9065,55.4387],[11.9063,55.4386],[11.9062,55.4387],[11.9062,55.4388],[11.9063,55.4389]]]},"properties":{"sourceId":"ais_par3.34892","a_type":5120,"hectares":0.024}},{"type":"Feature","id":"ais_par3.34896","geometry":{"type":"Polygon","coordinates":[[[11.9054,55.4379],[11.9054,55.4378],[11.9054,55.4377],[11.9054,55.4377],[11.9053,55.4377],[11.9052,55.4378],[11.9052,55.4379],[11.9054,55.4379]]]},"properties":{"sourceId":"ais_par3.34896","a_type":5120,"hectares":0.023}},{"type":"Feature","id":"ais_par3.34897","geometry":{"type":"Polygon","coordinates":[[[11.9108,55.4374],[11.9108,55.4373],[11.9107,55.4373],[11.9105,55.4373],[11.9105,55.4373],[11.9105,55.4374],[11.9107,55.4374],[11.9108,55.4374]]]},"properties":{"sourceId":"ais_par3.34897","a_type":5120,"hectares":0.028}},{"type":"Feature","id":"ais_par3.34900","geometry":{"type":"Polygon","coordinates":[[[11.9062,55.4365],[11.9064,55.4364],[11.9064,55.4364],[11.9063,55.4363],[11.9063,55.4362],[11.9061,55.4363],[11.9061,55.4364],[11.9062,55.4365]]]},"properties":{"sourceId":"ais_par3.34900","a_type":5120,"hectares":0.034}},{"type":"Feature","id":"ais_par3.34902","geometry":{"type":"Polygon","coordinates":[[[11.9037,55.4342],[11.9034,55.4342],[11.9033,55.4343],[11.9033,55.4344],[11.9034,55.4344],[11.9036,55.4343],[11.9037,55.4342],[11.9037,55.4342]]]},"properties":{"sourceId":"ais_par3.34902","a_type":5120,"hectares":0.034}},{"type":"Feature","id":"ais_par3.34903","geometry":{"type":"Polygon","coordinates":[[[11.9073,55.4347],[11.9071,55.4347],[11.9071,55.4348],[11.9071,55.4349],[11.9072,55.4349],[11.9074,55.4348],[11.9074,55.4348],[11.9073,55.4347]]]},"properties":{"sourceId":"ais_par3.34903","a_type":5120,"hectares":0.032}},{"type":"Feature","id":"ais_par3.34907","geometry":{"type":"Polygon","coordinates":[[[11.9064,55.4273],[11.9062,55.4274],[11.9061,55.4274],[11.9061,55.4275],[11.9061,55.4276],[11.9063,55.4276],[11.9065,55.4275],[11.9064,55.4273]]]},"properties":{"sourceId":"ais_par3.34907","a_type":5120,"hectares":0.045}},{"type":"Feature","id":"ais_par3.34912","geometry":{"type":"Polygon","coordinates":[[[11.9036,55.4233],[11.9038,55.4231],[11.9039,55.423],[11.9039,55.423],[11.9038,55.4229],[11.9035,55.4229],[11.9033,55.423],[11.9032,55.4231],[11.9036,55.4233]]]},"properties":{"sourceId":"ais_par3.34912","a_type":5120,"hectares":0.107}},{"type":"Feature","id":"ais_par3.34913","geometry":{"type":"Polygon","coordinates":[[[11.9095,55.4248],[11.9096,55.4247],[11.9096,55.4247],[11.9094,55.4246],[11.9092,55.4246],[11.9089,55.4247],[11.9089,55.4248],[11.9092,55.4248],[11.9095,55.4248]]]},"properties":{"sourceId":"ais_par3.34913","a_type":5120,"hectares":0.078}},{"type":"Feature","id":"ais_par3.34926","geometry":{"type":"Polygon","coordinates":[[[11.9029,55.4188],[11.903,55.419],[11.9031,55.4191],[11.9032,55.4191],[11.9033,55.419],[11.9033,55.4189],[11.9031,55.4189],[11.9029,55.4188]]]},"properties":{"sourceId":"ais_par3.34926","a_type":5120,"hectares":0.046}},{"type":"Feature","id":"ais_par3.34933","geometry":{"type":"Polygon","coordinates":[[[11.9022,55.4132],[11.9019,55.4131],[11.9017,55.4131],[11.9016,55.4132],[11.9016,55.4133],[11.9017,55.4133],[11.9019,55.4133],[11.9022,55.4132]]]},"properties":{"sourceId":"ais_par3.34933","a_type":5120,"hectares":0.059}},{"type":"Feature","id":"ais_par3.34934","geometry":{"type":"Polygon","coordinates":[[[11.9055,55.4136],[11.9055,55.4135],[11.9054,55.4135],[11.9052,55.4135],[11.9047,55.4135],[11.9047,55.4136],[11.9047,55.4137],[11.9053,55.4136],[11.9055,55.4136]]]},"properties":{"sourceId":"ais_par3.34934","a_type":5120,"hectares":0.084}},{"type":"Feature","id":"ais_par3.34935","geometry":{"type":"Polygon","coordinates":[[[11.9085,55.4131],[11.9084,55.413],[11.9083,55.413],[11.9082,55.413],[11.9082,55.4131],[11.9083,55.4131],[11.9085,55.4131],[11.9085,55.4131]]]},"properties":{"sourceId":"ais_par3.34935","a_type":5120,"hectares":0.025}},{"type":"Feature","id":"ais_par3.34936","geometry":{"type":"Polygon","coordinates":[[[11.9073,55.4127],[11.9073,55.4125],[11.9072,55.4125],[11.9071,55.4126],[11.9071,55.4126],[11.9073,55.4127]]]},"properties":{"sourceId":"ais_par3.34936","a_type":5120,"hectares":0.018}},{"type":"Feature","id":"ais_par3.34937","geometry":{"type":"Polygon","coordinates":[[[11.9026,55.4116],[11.9028,55.4115],[11.9029,55.4114],[11.9029,55.4114],[11.9029,55.4113],[11.9028,55.4113],[11.9025,55.4113],[11.9024,55.4114],[11.9024,55.4115],[11.9026,55.4116]]]},"properties":{"sourceId":"ais_par3.34937","a_type":5120,"hectares":0.08}},{"type":"Feature","id":"ais_par3.34947","geometry":{"type":"Polygon","coordinates":[[[11.9135,55.4996],[11.9134,55.4995],[11.9132,55.4995],[11.9131,55.4995],[11.9132,55.4996],[11.9134,55.4996],[11.9135,55.4996]]]},"properties":{"sourceId":"ais_par3.34947","a_type":5120,"hectares":0.024}},{"type":"Feature","id":"ais_par3.34948","geometry":{"type":"Polygon","coordinates":[[[11.9138,55.4974],[11.9139,55.4973],[11.9139,55.4972],[11.9138,55.4972],[11.9136,55.4972],[11.9135,55.4973],[11.9136,55.4974],[11.9138,55.4974]]]},"properties":{"sourceId":"ais_par3.34948","a_type":5120,"hectares":0.044}},{"type":"Feature","id":"ais_par3.34949","geometry":{"type":"Polygon","coordinates":[[[11.9153,55.4954],[11.9151,55.4953],[11.915,55.4954],[11.9151,55.4955],[11.9151,55.4955],[11.9152,55.4955],[11.9153,55.4954]]]},"properties":{"sourceId":"ais_par3.34949","a_type":5120,"hectares":0.016}},{"type":"Feature","id":"ais_par3.34950","geometry":{"type":"Polygon","coordinates":[[[11.9164,55.4947],[11.9167,55.4946],[11.9167,55.4945],[11.9166,55.4945],[11.9163,55.4945],[11.9164,55.4947]]]},"properties":{"sourceId":"ais_par3.34950","a_type":5120,"hectares":0.038}},{"type":"Feature","id":"ais_par3.34951","geometry":{"type":"Polygon","coordinates":[[[11.9144,55.5094],[11.9142,55.5094],[11.9142,55.5094],[11.9142,55.5095],[11.9143,55.5096],[11.9145,55.5096],[11.9145,55.5097],[11.9144,55.5099],[11.9144,55.51],[11.9145,55.51],[11.9147,55.51],[11.9149,55.51],[11.9148,55.5099],[11.9147,55.5098],[11.9146,55.5097],[11.9146,55.5096],[11.9145,55.5094],[11.9144,55.5094]]]},"properties":{"sourceId":"ais_par3.34951","a_type":5120,"hectares":0.121}},{"type":"Feature","id":"ais_par3.34952","geometry":{"type":"Polygon","coordinates":[[[11.9182,55.5073],[11.9181,55.5072],[11.9183,55.507],[11.9182,55.5068],[11.9179,55.5068],[11.9175,55.5069],[11.9175,55.5071],[11.9174,55.5073],[11.9174,55.5074],[11.9174,55.5074],[11.9172,55.5074],[11.9164,55.5079],[11.9164,55.508],[11.9167,55.5082],[11.9169,55.5082],[11.9171,55.5081],[11.9172,55.5081],[11.9171,55.5083],[11.9171,55.5084],[11.9173,55.5084],[11.9174,55.5085],[11.9174,55.5085],[11.9173,55.5086],[11.9172,55.5086],[11.9176,55.5087],[11.9177,55.5088],[11.9179,55.5091],[11.9182,55.509],[11.9181,55.5088],[11.9183,55.5087],[11.9185,55.5086],[11.9185,55.5085],[11.9185,55.5084],[11.9185,55.5083],[11.918,55.5081],[11.9179,55.5082],[11.9178,55.5083],[11.9176,55.5081],[11.9174,55.5081],[11.9173,55.5079],[11.9176,55.5078],[11.9181,55.5076],[11.9184,55.5076],[11.9182,55.5073]]]},"properties":{"sourceId":"ais_par3.34952","a_type":5120,"hectares":1.449}},{"type":"Feature","id":"ais_par3.34953","geometry":{"type":"Polygon","coordinates":[[[11.9152,55.4898],[11.9152,55.4897],[11.9152,55.4897],[11.9152,55.4897],[11.9154,55.4897],[11.9154,55.4896],[11.9153,55.4895],[11.9141,55.4892],[11.9139,55.4893],[11.9138,55.4895],[11.9152,55.4898]]]},"properties":{"sourceId":"ais_par3.34953","a_type":5120,"hectares":0.343}},{"type":"Feature","id":"ais_par3.34954","geometry":{"type":"Polygon","coordinates":[[[11.9199,55.4877],[11.9201,55.4877],[11.9201,55.4876],[11.92,55.4875],[11.9198,55.4875],[11.9197,55.4877],[11.9199,55.4877]]]},"properties":{"sourceId":"ais_par3.34954","a_type":5120,"hectares":0.046}},{"type":"Feature","id":"ais_par3.34955","geometry":{"type":"Polygon","coordinates":[[[11.9168,55.4851],[11.9168,55.4849],[11.9167,55.4848],[11.9165,55.4849],[11.9165,55.4851],[11.9166,55.4851],[11.9168,55.4851]]]},"properties":{"sourceId":"ais_par3.34955","a_type":5120,"hectares":0.042}},{"type":"Feature","id":"ais_par3.34956","geometry":{"type":"Polygon","coordinates":[[[11.9219,55.4852],[11.9222,55.4852],[11.9224,55.4852],[11.9223,55.485],[11.9222,55.485],[11.922,55.485],[11.9219,55.4851],[11.9219,55.4852]]]},"properties":{"sourceId":"ais_par3.34956","a_type":5120,"hectares":0.059}},{"type":"Feature","id":"ais_par3.34957","geometry":{"type":"Polygon","coordinates":[[[11.9126,55.4835],[11.9122,55.4835],[11.9121,55.4836],[11.9122,55.4837],[11.9123,55.4837],[11.9125,55.4837],[11.9127,55.4836],[11.9127,55.4835],[11.9126,55.4835]]]},"properties":{"sourceId":"ais_par3.34957","a_type":5120,"hectares":0.07}},{"type":"Feature","id":"ais_par3.34958","geometry":{"type":"Polygon","coordinates":[[[11.9247,55.484],[11.9246,55.4839],[11.9244,55.4838],[11.9242,55.4838],[11.9241,55.4839],[11.9241,55.484],[11.9245,55.484],[11.9247,55.484]]]},"properties":{"sourceId":"ais_par3.34958","a_type":5120,"hectares":0.063}},{"type":"Feature","id":"ais_par3.34959","geometry":{"type":"Polygon","coordinates":[[[11.9092,55.4826],[11.9091,55.4825],[11.909,55.4826],[11.909,55.4826],[11.9091,55.4827],[11.9092,55.4826]]]},"properties":{"sourceId":"ais_par3.34959","a_type":5120,"hectares":0.012}},{"type":"Feature","id":"ais_par3.34960","geometry":{"type":"Polygon","coordinates":[[[11.9106,55.4822],[11.9107,55.4822],[11.9107,55.4822],[11.9106,55.4821],[11.9106,55.4821],[11.9105,55.4822],[11.9106,55.4822]]]},"properties":{"sourceId":"ais_par3.34960","a_type":5120,"hectares":0.017}},{"type":"Feature","id":"ais_par3.34961","geometry":{"type":"Polygon","coordinates":[[[11.9199,55.4818],[11.9201,55.4817],[11.92,55.4816],[11.9196,55.4816],[11.9193,55.4817],[11.9194,55.4818],[11.9199,55.4818]]]},"properties":{"sourceId":"ais_par3.34961","a_type":5120,"hectares":0.066}},{"type":"Feature","id":"ais_par3.34962","geometry":{"type":"Polygon","coordinates":[[[11.9238,55.4807],[11.9239,55.4806],[11.9239,55.4806],[11.9239,55.4806],[11.9238,55.4805],[11.9236,55.4804],[11.9236,55.4806],[11.9236,55.4806],[11.9235,55.4807],[11.9238,55.4807]]]},"properties":{"sourceId":"ais_par3.34962","a_type":5120,"hectares":0.053}},{"type":"Feature","id":"ais_par3.34963","geometry":{"type":"Polygon","coordinates":[[[11.9183,55.4788],[11.9183,55.4787],[11.9183,55.4786],[11.9181,55.4786],[11.918,55.4786],[11.9179,55.4787],[11.9181,55.4788],[11.9183,55.4788]]]},"properties":{"sourceId":"ais_par3.34963","a_type":5120,"hectares":0.047}},{"type":"Feature","id":"ais_par3.34964","geometry":{"type":"Polygon","coordinates":[[[11.9239,55.4765],[11.9237,55.4765],[11.9237,55.4767],[11.9238,55.4767],[11.9239,55.4768],[11.924,55.4768],[11.9241,55.4767],[11.9239,55.4765]]]},"properties":{"sourceId":"ais_par3.34964","a_type":5120,"hectares":0.055}},{"type":"Feature","id":"ais_par3.34965","geometry":{"type":"Polygon","coordinates":[[[11.9134,55.4723],[11.9135,55.4722],[11.9135,55.4721],[11.9133,55.4721],[11.9132,55.4722],[11.9132,55.4722],[11.9134,55.4723]]]},"properties":{"sourceId":"ais_par3.34965","a_type":5120,"hectares":0.033}},{"type":"Feature","id":"ais_par3.34966","geometry":{"type":"Polygon","coordinates":[[[11.9201,55.4656],[11.9204,55.4656],[11.9205,55.4653],[11.9198,55.465],[11.9192,55.4648],[11.9188,55.4654],[11.919,55.4656],[11.9194,55.4657],[11.9201,55.4656]]]},"properties":{"sourceId":"ais_par3.34966","a_type":5120,"hectares":0.629}},{"type":"Feature","id":"ais_par3.34967","geometry":{"type":"Polygon","coordinates":[[[11.9254,55.4574],[11.9251,55.4573],[11.9249,55.4572],[11.9248,55.4573],[11.9247,55.4574],[11.9247,55.4575],[11.9251,55.4575],[11.9254,55.4574]]]},"properties":{"sourceId":"ais_par3.34967","a_type":5120,"hectares":0.086}},{"type":"Feature","id":"ais_par3.34968","geometry":{"type":"Polygon","coordinates":[[[11.9287,55.4578],[11.9288,55.4577],[11.9287,55.4577],[11.9286,55.4577],[11.9283,55.4576],[11.9282,55.4577],[11.9282,55.4578],[11.9287,55.4578]]]},"properties":{"sourceId":"ais_par3.34968","a_type":5120,"hectares":0.053}},{"type":"Feature","id":"ais_par3.34969","geometry":{"type":"Polygon","coordinates":[[[11.9187,55.4544],[11.9187,55.4543],[11.9187,55.4542],[11.9185,55.4542],[11.9183,55.4542],[11.9183,55.4543],[11.9185,55.4544],[11.9187,55.4544]]]},"properties":{"sourceId":"ais_par3.34969","a_type":5120,"hectares":0.059}},{"type":"Feature","id":"ais_par3.34970","geometry":{"type":"Polygon","coordinates":[[[11.9271,55.4536],[11.927,55.4535],[11.927,55.4534],[11.9269,55.4534],[11.9268,55.4534],[11.9268,55.4535],[11.9269,55.4536],[11.927,55.4536],[11.9271,55.4536]]]},"properties":{"sourceId":"ais_par3.34970","a_type":5120,"hectares":0.038}},{"type":"Feature","id":"ais_par3.34971","geometry":{"type":"Polygon","coordinates":[[[11.931,55.4544],[11.9311,55.4544],[11.9311,55.4542],[11.931,55.4541],[11.9309,55.4541],[11.9308,55.4542],[11.9309,55.4543],[11.9309,55.4544],[11.931,55.4544]]]},"properties":{"sourceId":"ais_par3.34971","a_type":5120,"hectares":0.048}},{"type":"Feature","id":"ais_par3.34972","geometry":{"type":"Polygon","coordinates":[[[11.9312,55.4544],[11.9316,55.4545],[11.9318,55.4545],[11.9318,55.4544],[11.9318,55.4543],[11.9314,55.4543],[11.9312,55.4543],[11.9312,55.4544]]]},"properties":{"sourceId":"ais_par3.34972","a_type":5120,"hectares":0.064}},{"type":"Feature","id":"ais_par3.34973","geometry":{"type":"Polygon","coordinates":[[[11.9118,55.4516],[11.9115,55.4516],[11.9114,55.4516],[11.9114,55.4517],[11.9117,55.4517],[11.9118,55.4517],[11.9118,55.4516]]]},"properties":{"sourceId":"ais_par3.34973","a_type":5120,"hectares":0.031}},{"type":"Feature","id":"ais_par3.34974","geometry":{"type":"Polygon","coordinates":[[[11.9145,55.4515],[11.9146,55.4514],[11.9146,55.4513],[11.9146,55.4513],[11.9145,55.4512],[11.9143,55.4513],[11.9144,55.4515],[11.9145,55.4515]]]},"properties":{"sourceId":"ais_par3.34974","a_type":5120,"hectares":0.038}},{"type":"Feature","id":"ais_par3.34975","geometry":{"type":"Polygon","coordinates":[[[11.9181,55.4507],[11.9182,55.4507],[11.9182,55.4506],[11.9182,55.4506],[11.9181,55.4506],[11.9179,55.4506],[11.9179,55.4507],[11.9181,55.4507]]]},"properties":{"sourceId":"ais_par3.34975","a_type":5120,"hectares":0.028}},{"type":"Feature","id":"ais_par3.34976","geometry":{"type":"Polygon","coordinates":[[[11.915,55.45],[11.9152,55.45],[11.9153,55.4498],[11.9152,55.4497],[11.9151,55.4497],[11.9149,55.45],[11.915,55.45]]]},"properties":{"sourceId":"ais_par3.34976","a_type":5120,"hectares":0.047}},{"type":"Feature","id":"ais_par3.34977","geometry":{"type":"Polygon","coordinates":[[[11.9192,55.45],[11.9191,55.4501],[11.9191,55.4501],[11.9192,55.4502],[11.9193,55.4501],[11.9193,55.4501],[11.9192,55.45]]]},"properties":{"sourceId":"ais_par3.34977","a_type":5120,"hectares":0.014}},{"type":"Feature","id":"ais_par3.34978","geometry":{"type":"Polygon","coordinates":[[[11.9194,55.4503],[11.9196,55.4503],[11.9197,55.4503],[11.9197,55.4502],[11.9197,55.4501],[11.9195,55.4501],[11.9194,55.4502],[11.9194,55.4503]]]},"properties":{"sourceId":"ais_par3.34978","a_type":5120,"hectares":0.027}},{"type":"Feature","id":"ais_par3.34979","geometry":{"type":"Polygon","coordinates":[[[11.9194,55.45],[11.9195,55.45],[11.9196,55.4499],[11.9197,55.4498],[11.9197,55.4497],[11.9197,55.4496],[11.9195,55.4496],[11.9194,55.4498],[11.9193,55.4499],[11.9194,55.45]]]},"properties":{"sourceId":"ais_par3.34979","a_type":5120,"hectares":0.067}},{"type":"Feature","id":"ais_par3.34980","geometry":{"type":"Polygon","coordinates":[[[11.9133,55.4486],[11.9135,55.4485],[11.9135,55.4485],[11.9134,55.4484],[11.9133,55.4484],[11.9132,55.4485],[11.9132,55.4486],[11.9133,55.4486]]]},"properties":{"sourceId":"ais_par3.34980","a_type":5120,"hectares":0.027}},{"type":"Feature","id":"ais_par3.34981","geometry":{"type":"Polygon","coordinates":[[[11.9188,55.4483],[11.919,55.4483],[11.9189,55.4482],[11.9188,55.4481],[11.9187,55.4481],[11.9187,55.4482],[11.9188,55.4483]]]},"properties":{"sourceId":"ais_par3.34981","a_type":5120,"hectares":0.024}},{"type":"Feature","id":"ais_par3.34982","geometry":{"type":"Polygon","coordinates":[[[11.9163,55.4472],[11.9164,55.4471],[11.9163,55.447],[11.916,55.447],[11.916,55.447],[11.916,55.4472],[11.9161,55.4473],[11.9163,55.4472]]]},"properties":{"sourceId":"ais_par3.34982","a_type":5120,"hectares":0.062}},{"type":"Feature","id":"ais_par3.34983","geometry":{"type":"Polygon","coordinates":[[[11.9179,55.4471],[11.9178,55.447],[11.9178,55.447],[11.9178,55.4469],[11.9177,55.4469],[11.9175,55.447],[11.9176,55.447],[11.9177,55.4471],[11.9179,55.4471]]]},"properties":{"sourceId":"ais_par3.34983","a_type":5120,"hectares":0.029}},{"type":"Feature","id":"ais_par3.34984","geometry":{"type":"Polygon","coordinates":[[[11.9312,55.4454],[11.9312,55.4453],[11.9312,55.4452],[11.9311,55.4452],[11.931,55.4453],[11.931,55.4454],[11.9311,55.4454],[11.9312,55.4454]]]},"properties":{"sourceId":"ais_par3.34984","a_type":5120,"hectares":0.026}},{"type":"Feature","id":"ais_par3.34985","geometry":{"type":"Polygon","coordinates":[[[11.9148,55.4421],[11.9149,55.4421],[11.9148,55.442],[11.9147,55.442],[11.9146,55.4421],[11.9148,55.4421]]]},"properties":{"sourceId":"ais_par3.34985","a_type":5120,"hectares":0.022}},{"type":"Feature","id":"ais_par3.34986","geometry":{"type":"Polygon","coordinates":[[[11.9326,55.4437],[11.9328,55.4437],[11.9329,55.4436],[11.9329,55.4435],[11.9329,55.4434],[11.9327,55.4434],[11.9325,55.4435],[11.9326,55.4437]]]},"properties":{"sourceId":"ais_par3.34986","a_type":5120,"hectares":0.056}},{"type":"Feature","id":"ais_par3.34987","geometry":{"type":"Polygon","coordinates":[[[11.9323,55.4424],[11.9324,55.4423],[11.9327,55.4422],[11.9326,55.4421],[11.9324,55.4421],[11.9321,55.4421],[11.9321,55.4423],[11.9323,55.4424]]]},"properties":{"sourceId":"ais_par3.34987","a_type":5120,"hectares":0.074}},{"type":"Feature","id":"ais_par3.34988","geometry":{"type":"Polygon","coordinates":[[[11.9158,55.4393],[11.9155,55.4393],[11.9155,55.4393],[11.9154,55.4393],[11.9156,55.4394],[11.9158,55.4395],[11.9158,55.4394],[11.9158,55.4393]]]},"properties":{"sourceId":"ais_par3.34988","a_type":5120,"hectares":0.033}},{"type":"Feature","id":"ais_par3.34989","geometry":{"type":"Polygon","coordinates":[[[11.9137,55.4387],[11.9138,55.4386],[11.9139,55.4386],[11.9139,55.4384],[11.9138,55.4384],[11.9136,55.4384],[11.9137,55.4385],[11.9136,55.4386],[11.9137,55.4387]]]},"properties":{"sourceId":"ais_par3.34989","a_type":5120,"hectares":0.039}},{"type":"Feature","id":"ais_par3.34990","geometry":{"type":"Polygon","coordinates":[[[11.9156,55.4384],[11.9157,55.4383],[11.9157,55.4383],[11.9155,55.4383],[11.9153,55.4383],[11.9153,55.4384],[11.9156,55.4384]]]},"properties":{"sourceId":"ais_par3.34990","a_type":5120,"hectares":0.028}},{"type":"Feature","id":"ais_par3.34991","geometry":{"type":"Polygon","coordinates":[[[11.9289,55.4358],[11.929,55.4358],[11.929,55.4357],[11.9289,55.4356],[11.9288,55.4357],[11.9288,55.4358],[11.9288,55.4358],[11.9289,55.4358]]]},"properties":{"sourceId":"ais_par3.34991","a_type":5120,"hectares":0.03}},{"type":"Feature","id":"ais_par3.34992","geometry":{"type":"Polygon","coordinates":[[[11.9118,55.4347],[11.9119,55.4346],[11.9118,55.4345],[11.9116,55.4345],[11.9115,55.4346],[11.9117,55.4347],[11.9118,55.4347]]]},"properties":{"sourceId":"ais_par3.34992","a_type":5120,"hectares":0.032}},{"type":"Feature","id":"ais_par3.34993","geometry":{"type":"Polygon","coordinates":[[[11.9111,55.4337],[11.9113,55.4337],[11.9113,55.4336],[11.9112,55.4335],[11.9111,55.4335],[11.911,55.4335],[11.911,55.4336],[11.9111,55.4337]]]},"properties":{"sourceId":"ais_par3.34993","a_type":5120,"hectares":0.025}},{"type":"Feature","id":"ais_par3.34994","geometry":{"type":"Polygon","coordinates":[[[11.911,55.4264],[11.9111,55.4263],[11.911,55.4262],[11.9109,55.4263],[11.9109,55.4263],[11.9109,55.4264],[11.911,55.4264]]]},"properties":{"sourceId":"ais_par3.34994","a_type":5120,"hectares":0.013}},{"type":"Feature","id":"ais_par3.34995","geometry":{"type":"Polygon","coordinates":[[[11.9188,55.4267],[11.919,55.4267],[11.9191,55.4267],[11.9191,55.4266],[11.919,55.4266],[11.9188,55.4266],[11.9188,55.4267]]]},"properties":{"sourceId":"ais_par3.34995","a_type":5120,"hectares":0.025}},{"type":"Feature","id":"ais_par3.34996","geometry":{"type":"Polygon","coordinates":[[[11.9221,55.4255],[11.9222,55.4255],[11.9222,55.4254],[11.9219,55.4253],[11.9219,55.4253],[11.9218,55.4254],[11.9221,55.4255]]]},"properties":{"sourceId":"ais_par3.34996","a_type":5120,"hectares":0.033}},{"type":"Feature","id":"ais_par3.34997","geometry":{"type":"Polygon","coordinates":[[[11.9157,55.4235],[11.9158,55.4234],[11.9158,55.4233],[11.9159,55.4233],[11.9158,55.4232],[11.9156,55.4232],[11.9155,55.4231],[11.9154,55.4231],[11.9154,55.423],[11.9154,55.423],[11.9153,55.423],[11.9152,55.4232],[11.9152,55.4234],[11.9154,55.4234],[11.9155,55.4234],[11.9155,55.4234],[11.9157,55.4235]]]},"properties":{"sourceId":"ais_par3.34997","a_type":5120,"hectares":0.129}},{"type":"Feature","id":"ais_par3.34998","geometry":{"type":"Polygon","coordinates":[[[11.9207,55.4244],[11.9208,55.4243],[11.9208,55.4242],[11.9208,55.424],[11.9208,55.424],[11.9207,55.4239],[11.9205,55.424],[11.9206,55.4243],[11.9207,55.4244]]]},"properties":{"sourceId":"ais_par3.34998","a_type":5120,"hectares":0.058}},{"type":"Feature","id":"ais_par3.34999","geometry":{"type":"Polygon","coordinates":[[[11.9152,55.4217],[11.9153,55.4216],[11.9152,55.4215],[11.9153,55.4214],[11.9152,55.4214],[11.9151,55.4215],[11.915,55.4215],[11.915,55.4217],[11.915,55.4217],[11.9152,55.4217]]]},"properties":{"sourceId":"ais_par3.34999","a_type":5120,"hectares":0.047}},{"type":"Feature","id":"ais_par3.35000","geometry":{"type":"Polygon","coordinates":[[[11.9266,55.4213],[11.9267,55.4213],[11.9266,55.4211],[11.9265,55.4211],[11.9264,55.4211],[11.9263,55.4212],[11.9265,55.4213],[11.9266,55.4213]]]},"properties":{"sourceId":"ais_par3.35000","a_type":5120,"hectares":0.046}},{"type":"Feature","id":"ais_par3.35001","geometry":{"type":"Polygon","coordinates":[[[11.9166,55.4195],[11.9166,55.4193],[11.9166,55.4193],[11.9165,55.4192],[11.9165,55.4192],[11.9164,55.4193],[11.9164,55.4194],[11.9165,55.4195],[11.9166,55.4195]]]},"properties":{"sourceId":"ais_par3.35001","a_type":5120,"hectares":0.034}},{"type":"Feature","id":"ais_par3.35002","geometry":{"type":"Polygon","coordinates":[[[11.9229,55.4183],[11.9234,55.4183],[11.9235,55.4183],[11.9236,55.4182],[11.9235,55.4181],[11.9232,55.4182],[11.9231,55.4181],[11.9229,55.4181],[11.9228,55.4182],[11.9229,55.4183],[11.9229,55.4183]]]},"properties":{"sourceId":"ais_par3.35002","a_type":5120,"hectares":0.081}},{"type":"Feature","id":"ais_par3.35003","geometry":{"type":"Polygon","coordinates":[[[11.9271,55.4178],[11.9272,55.4177],[11.9271,55.4175],[11.9269,55.4175],[11.9269,55.4177],[11.9269,55.4178],[11.9271,55.4178]]]},"properties":{"sourceId":"ais_par3.35003","a_type":5120,"hectares":0.045}},{"type":"Feature","id":"ais_par3.35004","geometry":{"type":"Polygon","coordinates":[[[11.9282,55.418],[11.9284,55.418],[11.9285,55.4179],[11.9284,55.4177],[11.9283,55.4177],[11.9282,55.4177],[11.9281,55.4178],[11.9282,55.418]]]},"properties":{"sourceId":"ais_par3.35004","a_type":5120,"hectares":0.053}},{"type":"Feature","id":"ais_par3.35005","geometry":{"type":"Polygon","coordinates":[[[11.9298,55.418],[11.9299,55.4179],[11.9299,55.4178],[11.9299,55.4177],[11.9298,55.4177],[11.9297,55.4179],[11.9297,55.418],[11.9298,55.418]]]},"properties":{"sourceId":"ais_par3.35005","a_type":5120,"hectares":0.03}},{"type":"Feature","id":"ais_par3.35006","geometry":{"type":"Polygon","coordinates":[[[11.9098,55.4158],[11.91,55.4158],[11.91,55.4157],[11.9099,55.4157],[11.9097,55.4157],[11.9097,55.4158],[11.9098,55.4158]]]},"properties":{"sourceId":"ais_par3.35006","a_type":5120,"hectares":0.022}},{"type":"Feature","id":"ais_par3.35007","geometry":{"type":"Polygon","coordinates":[[[11.9168,55.4159],[11.9168,55.4158],[11.9167,55.4158],[11.9166,55.4158],[11.9163,55.4158],[11.9161,55.4157],[11.916,55.4155],[11.9159,55.4155],[11.9159,55.4158],[11.9163,55.4159],[11.9168,55.4159]]]},"properties":{"sourceId":"ais_par3.35007","a_type":5120,"hectares":0.105}},{"type":"Feature","id":"ais_par3.35008","geometry":{"type":"Polygon","coordinates":[[[11.9222,55.4154],[11.9223,55.4153],[11.9224,55.4151],[11.9223,55.4151],[11.9222,55.4151],[11.922,55.4151],[11.922,55.4152],[11.9221,55.4154],[11.9222,55.4154]]]},"properties":{"sourceId":"ais_par3.35008","a_type":5120,"hectares":0.058}},{"type":"Feature","id":"ais_par3.35009","geometry":{"type":"Polygon","coordinates":[[[11.9281,55.4144],[11.9278,55.4144],[11.9277,55.4144],[11.9277,55.4145],[11.9277,55.4145],[11.928,55.4146],[11.9281,55.4145],[11.9281,55.4144]]]},"properties":{"sourceId":"ais_par3.35009","a_type":5120,"hectares":0.036}},{"type":"Feature","id":"ais_par3.35010","geometry":{"type":"Polygon","coordinates":[[[11.9261,55.4129],[11.9261,55.4128],[11.9261,55.4128],[11.926,55.4127],[11.9259,55.4128],[11.9258,55.4129],[11.9261,55.4129]]]},"properties":{"sourceId":"ais_par3.35010","a_type":5120,"hectares":0.021}},{"type":"Feature","id":"ais_par3.35011","geometry":{"type":"Polygon","coordinates":[[[11.9158,55.4103],[11.916,55.4103],[11.916,55.4101],[11.916,55.41],[11.9159,55.41],[11.9158,55.41],[11.9157,55.41],[11.9157,55.4102],[11.9158,55.4103]]]},"properties":{"sourceId":"ais_par3.35011","a_type":5120,"hectares":0.054}},{"type":"Feature","id":"ais_par3.35012","geometry":{"type":"Polygon","coordinates":[[[11.9204,55.4095],[11.9205,55.4095],[11.9204,55.4093],[11.9203,55.4093],[11.9202,55.4095],[11.9202,55.4095],[11.9204,55.4095]]]},"properties":{"sourceId":"ais_par3.35012","a_type":5120,"hectares":0.023}},{"type":"Feature","id":"ais_par3.35013","geometry":{"type":"Polygon","coordinates":[[[11.9175,55.4072],[11.9176,55.4072],[11.9175,55.4071],[11.9174,55.4071],[11.9173,55.4071],[11.9173,55.4072],[11.9173,55.4072],[11.9175,55.4072]]]},"properties":{"sourceId":"ais_par3.35013","a_type":5120,"hectares":0.029}},{"type":"Feature","id":"ais_par3.35014","geometry":{"type":"Polygon","coordinates":[[[11.9182,55.4075],[11.9185,55.4075],[11.9185,55.4075],[11.9182,55.4074],[11.9181,55.4074],[11.9181,55.4075],[11.9182,55.4075]]]},"properties":{"sourceId":"ais_par3.35014","a_type":5120,"hectares":0.027}},{"type":"Feature","id":"ais_par3.35015","geometry":{"type":"Polygon","coordinates":[[[11.9186,55.407],[11.9188,55.4069],[11.9189,55.4069],[11.9189,55.4068],[11.9188,55.4067],[11.9187,55.4068],[11.9186,55.4068],[11.9185,55.407],[11.9186,55.407]]]},"properties":{"sourceId":"ais_par3.35015","a_type":5120,"hectares":0.067}},{"type":"Feature","id":"ais_par3.35016","geometry":{"type":"Polygon","coordinates":[[[11.9291,55.4084],[11.9292,55.4084],[11.9292,55.4083],[11.9292,55.4083],[11.9292,55.4083],[11.929,55.4082],[11.9289,55.4082],[11.9289,55.4083],[11.9289,55.4084],[11.9291,55.4084]]]},"properties":{"sourceId":"ais_par3.35016","a_type":5120,"hectares":0.039}},{"type":"Feature","id":"ais_par3.35017","geometry":{"type":"Polygon","coordinates":[[[11.9296,55.4075],[11.9297,55.4075],[11.9298,55.4075],[11.9298,55.4074],[11.9298,55.4074],[11.9297,55.4073],[11.9296,55.4074],[11.9295,55.4074],[11.9296,55.4075]]]},"properties":{"sourceId":"ais_par3.35017","a_type":5120,"hectares":0.029}},{"type":"Feature","id":"ais_par3.35018","geometry":{"type":"Polygon","coordinates":[[[11.9239,55.4061],[11.924,55.4061],[11.9241,55.4061],[11.9242,55.4061],[11.9243,55.4061],[11.9243,55.406],[11.9242,55.4059],[11.924,55.4059],[11.9239,55.4061]]]},"properties":{"sourceId":"ais_par3.35018","a_type":5120,"hectares":0.041}},{"type":"Feature","id":"ais_par3.35019","geometry":{"type":"Polygon","coordinates":[[[11.9203,55.4046],[11.9206,55.4046],[11.9207,55.4045],[11.9208,55.4044],[11.9207,55.4043],[11.9206,55.4043],[11.9205,55.4044],[11.9203,55.4045],[11.9203,55.4046]]]},"properties":{"sourceId":"ais_par3.35019","a_type":5120,"hectares":0.058}},{"type":"Feature","id":"ais_par3.35020","geometry":{"type":"Polygon","coordinates":[[[11.9245,55.404],[11.9247,55.404],[11.9247,55.4039],[11.9247,55.4038],[11.9245,55.4038],[11.9244,55.4038],[11.9245,55.404]]]},"properties":{"sourceId":"ais_par3.35020","a_type":5120,"hectares":0.041}},{"type":"Feature","id":"ais_par3.35021","geometry":{"type":"Polygon","coordinates":[[[11.9283,55.4043],[11.9285,55.4043],[11.9284,55.4042],[11.9284,55.4041],[11.9283,55.4041],[11.9281,55.4041],[11.9283,55.4043]]]},"properties":{"sourceId":"ais_par3.35021","a_type":5120,"hectares":0.035}},{"type":"Feature","id":"ais_par3.35022","geometry":{"type":"Polygon","coordinates":[[[11.93,55.404],[11.9302,55.404],[11.9303,55.404],[11.9303,55.404],[11.9302,55.4039],[11.93,55.4039],[11.9299,55.4039],[11.93,55.404]]]},"properties":{"sourceId":"ais_par3.35022","a_type":5120,"hectares":0.03}},{"type":"Feature","id":"ais_par3.38345","geometry":{"type":"Polygon","coordinates":[[[11.9073,55.4048],[11.9071,55.4048],[11.9069,55.4049],[11.9069,55.405],[11.9069,55.405],[11.9071,55.405],[11.9073,55.405],[11.9073,55.4048]]]},"properties":{"sourceId":"ais_par3.38345","a_type":5120,"hectares":0.043}},{"type":"Feature","id":"ais_par3.38201","geometry":{"type":"Polygon","coordinates":[[[11.9535,55.3923],[11.9536,55.3922],[11.9534,55.3921],[11.9533,55.3921],[11.9532,55.3922],[11.9531,55.3923],[11.9532,55.3923],[11.9533,55.3923],[11.9535,55.3923]]]},"properties":{"sourceId":"ais_par3.38201","a_type":5120,"hectares":0.045}},{"type":"Feature","id":"ais_par3.38202","geometry":{"type":"Polygon","coordinates":[[[11.941,55.4001],[11.9413,55.4],[11.9413,55.3999],[11.9412,55.3998],[11.9411,55.3997],[11.941,55.3998],[11.9409,55.3999],[11.941,55.4],[11.941,55.4001]]]},"properties":{"sourceId":"ais_par3.38202","a_type":5120,"hectares":0.055}},{"type":"Feature","id":"ais_par3.38203","geometry":{"type":"Polygon","coordinates":[[[11.9502,55.395],[11.9502,55.3949],[11.9501,55.3948],[11.95,55.3948],[11.95,55.3949],[11.9502,55.395]]]},"properties":{"sourceId":"ais_par3.38203","a_type":5120,"hectares":0.024}},{"type":"Feature","id":"ais_par3.38204","geometry":{"type":"Polygon","coordinates":[[[11.9443,55.4015],[11.9444,55.4013],[11.9443,55.4013],[11.9441,55.4013],[11.9441,55.4014],[11.9443,55.4015]]]},"properties":{"sourceId":"ais_par3.38204","a_type":5120,"hectares":0.02}},{"type":"Feature","id":"ais_par3.38250","geometry":{"type":"Polygon","coordinates":[[[11.9034,55.3805],[11.9031,55.3805],[11.9031,55.3806],[11.9031,55.3806],[11.9032,55.3807],[11.9034,55.3806],[11.9034,55.3805]]]},"properties":{"sourceId":"ais_par3.38250","a_type":5120,"hectares":0.022}},{"type":"Feature","id":"ais_par3.38251","geometry":{"type":"Polygon","coordinates":[[[11.9027,55.3835],[11.9029,55.3834],[11.9029,55.3833],[11.9028,55.3833],[11.9027,55.3834],[11.9027,55.3834],[11.9026,55.3834],[11.9026,55.3834],[11.9027,55.3835]]]},"properties":{"sourceId":"ais_par3.38251","a_type":5120,"hectares":0.016}},{"type":"Feature","id":"ais_par3.38253","geometry":{"type":"Polygon","coordinates":[[[11.9149,55.3771],[11.9148,55.377],[11.9143,55.3771],[11.9134,55.3774],[11.9136,55.3776],[11.9143,55.3774],[11.9149,55.3771]]]},"properties":{"sourceId":"ais_par3.38253","a_type":5120,"hectares":0.18}},{"type":"Feature","id":"ais_par3.38254","geometry":{"type":"Polygon","coordinates":[[[11.9358,55.3985],[11.9357,55.3984],[11.9356,55.3984],[11.9355,55.3984],[11.9355,55.3985],[11.9357,55.3986],[11.9358,55.3985]]]},"properties":{"sourceId":"ais_par3.38254","a_type":5120,"hectares":0.029}},{"type":"Feature","id":"ais_par3.38255","geometry":{"type":"Polygon","coordinates":[[[11.945,55.4142],[11.9449,55.4142],[11.9445,55.4142],[11.9442,55.4143],[11.9441,55.4144],[11.9441,55.4145],[11.9441,55.4145],[11.9443,55.4146],[11.9446,55.4146],[11.9448,55.4145],[11.9449,55.4145],[11.945,55.4143],[11.945,55.4142]]]},"properties":{"sourceId":"ais_par3.38255","a_type":5120,"hectares":0.19}},{"type":"Feature","id":"ais_par3.38256","geometry":{"type":"Polygon","coordinates":[[[11.9448,55.4137],[11.9446,55.4136],[11.9444,55.4136],[11.9443,55.4136],[11.9443,55.4137],[11.9443,55.4138],[11.9444,55.4139],[11.9446,55.4138],[11.9447,55.4138],[11.9448,55.4138],[11.9448,55.4137]]]},"properties":{"sourceId":"ais_par3.38256","a_type":5120,"hectares":0.063}},{"type":"Feature","id":"ais_par3.38257","geometry":{"type":"Polygon","coordinates":[[[11.9315,55.4176],[11.9315,55.4174],[11.9314,55.4174],[11.9312,55.4174],[11.9312,55.4176],[11.9313,55.4177],[11.9315,55.4176]]]},"properties":{"sourceId":"ais_par3.38257","a_type":5120,"hectares":0.05}},{"type":"Feature","id":"ais_par3.38258","geometry":{"type":"Polygon","coordinates":[[[11.946,55.4276],[11.9459,55.4276],[11.9458,55.4276],[11.9457,55.4277],[11.9457,55.4279],[11.9457,55.4279],[11.946,55.4276]]]},"properties":{"sourceId":"ais_par3.38258","a_type":5120,"hectares":0.021}},{"type":"Feature","id":"ais_par3.38259","geometry":{"type":"Polygon","coordinates":[[[11.9377,55.4239],[11.9379,55.4239],[11.938,55.4239],[11.9379,55.4237],[11.9378,55.4238],[11.9377,55.4239]]]},"properties":{"sourceId":"ais_par3.38259","a_type":5120,"hectares":0.02}},{"type":"Feature","id":"ais_par3.38260","geometry":{"type":"Polygon","coordinates":[[[11.9444,55.4606],[11.9444,55.4607],[11.9442,55.4607],[11.9441,55.4608],[11.9442,55.4608],[11.9442,55.4609],[11.9441,55.461],[11.944,55.461],[11.9441,55.4611],[11.9441,55.4612],[11.9447,55.4613],[11.945,55.4612],[11.945,55.4609],[11.9452,55.4608],[11.9451,55.4608],[11.9449,55.4607],[11.9444,55.4606]]]},"properties":{"sourceId":"ais_par3.38260","a_type":5120,"hectares":0.381}},{"type":"Feature","id":"ais_par3.38331","geometry":{"type":"Polygon","coordinates":[[[11.9113,55.458],[11.9113,55.4575],[11.9114,55.4572],[11.9114,55.457],[11.9113,55.457],[11.911,55.457],[11.9109,55.4571],[11.911,55.4572],[11.911,55.4573],[11.911,55.4575],[11.911,55.4577],[11.911,55.4578],[11.9109,55.4579],[11.9113,55.458]]]},"properties":{"sourceId":"ais_par3.38331","a_type":5120,"hectares":0.248}},{"type":"Feature","id":"ais_par3.38332","geometry":{"type":"Polygon","coordinates":[[[11.909,55.4602],[11.9089,55.4604],[11.9088,55.4604],[11.9088,55.4605],[11.9088,55.4606],[11.9086,55.4607],[11.9085,55.4608],[11.9085,55.461],[11.9084,55.4611],[11.9084,55.4612],[11.9085,55.4613],[11.9086,55.4613],[11.9088,55.4612],[11.9091,55.4611],[11.9091,55.461],[11.9092,55.4608],[11.9093,55.4607],[11.9093,55.4606],[11.9093,55.4604],[11.9092,55.4603],[11.9091,55.4603],[11.909,55.4602]]]},"properties":{"sourceId":"ais_par3.38332","a_type":5120,"hectares":0.385}},{"type":"Feature","id":"ais_par3.38342","geometry":{"type":"Polygon","coordinates":[[[11.9034,55.4175],[11.9032,55.4174],[11.9031,55.4175],[11.9032,55.4176],[11.9034,55.4175],[11.9034,55.4175]]]},"properties":{"sourceId":"ais_par3.38342","a_type":5120,"hectares":0.017}},{"type":"Feature","id":"ais_par3.38346","geometry":{"type":"Polygon","coordinates":[[[11.9074,55.4057],[11.9075,55.4058],[11.9078,55.4057],[11.9079,55.4056],[11.9079,55.4056],[11.9076,55.4056],[11.9074,55.4057]]]},"properties":{"sourceId":"ais_par3.38346","a_type":5120,"hectares":0.034}},{"type":"Feature","id":"ais_par3.38347","geometry":{"type":"Polygon","coordinates":[[[11.9202,55.4915],[11.9203,55.4916],[11.9205,55.4916],[11.9206,55.4916],[11.9206,55.4915],[11.9206,55.4914],[11.9204,55.4915],[11.9202,55.4915]]]},"properties":{"sourceId":"ais_par3.38347","a_type":5120,"hectares":0.03}},{"type":"Feature","id":"ais_par3.38348","geometry":{"type":"Polygon","coordinates":[[[11.9124,55.4616],[11.9123,55.4617],[11.9123,55.4617],[11.9121,55.4617],[11.9121,55.4618],[11.9122,55.4619],[11.9125,55.4618],[11.9125,55.4617],[11.9124,55.4616]]]},"properties":{"sourceId":"ais_par3.38348","a_type":5120,"hectares":0.041}},{"type":"Feature","id":"ais_par3.38349","geometry":{"type":"Polygon","coordinates":[[[11.9273,55.4268],[11.9271,55.4269],[11.9269,55.427],[11.9268,55.427],[11.9267,55.4271],[11.9265,55.4272],[11.9264,55.4274],[11.9265,55.4275],[11.9267,55.4275],[11.9268,55.4274],[11.927,55.4273],[11.9272,55.4271],[11.9273,55.4268]]]},"properties":{"sourceId":"ais_par3.38349","a_type":5120,"hectares":0.208}},{"type":"Feature","id":"ais_par3.38350","geometry":{"type":"Polygon","coordinates":[[[11.9122,55.4149],[11.9121,55.4149],[11.912,55.4149],[11.9119,55.415],[11.9119,55.415],[11.9121,55.415],[11.9122,55.415],[11.9122,55.4149]]]},"properties":{"sourceId":"ais_par3.38350","a_type":5120,"hectares":0.026}},{"type":"Feature","id":"ais_par3.38351","geometry":{"type":"Polygon","coordinates":[[[11.9091,55.4169],[11.9091,55.417],[11.9092,55.4171],[11.9093,55.417],[11.9095,55.417],[11.9095,55.4169],[11.9094,55.4169],[11.9091,55.4169]]]},"properties":{"sourceId":"ais_par3.38351","a_type":5120,"hectares":0.035}},{"type":"Feature","id":"ais_par3.38352","geometry":{"type":"Polygon","coordinates":[[[11.9128,55.4051],[11.9127,55.405],[11.9126,55.405],[11.9126,55.405],[11.9126,55.4051],[11.9126,55.4052],[11.9127,55.4052],[11.9128,55.4051]]]},"properties":{"sourceId":"ais_par3.38352","a_type":5120,"hectares":0.02}},{"type":"Feature","id":"ais_par3.82112","geometry":{"type":"Polygon","coordinates":[[[11.9707,55.4955],[11.9713,55.4956],[11.971,55.4952],[11.9707,55.4952],[11.9707,55.4955]]]},"properties":{"sourceId":"ais_par3.82112","a_type":4110,"hectares":0.113}},{"type":"Feature","id":"ais_par3.83135","geometry":{"type":"Polygon","coordinates":[[[11.9642,55.504],[11.964,55.504],[11.964,55.5042],[11.9642,55.5044],[11.9643,55.5042],[11.9644,55.5042],[11.9642,55.504]]]},"properties":{"sourceId":"ais_par3.83135","a_type":4120,"hectares":0.058}},{"type":"Feature","id":"ais_par3.81974","geometry":{"type":"Polygon","coordinates":[[[12.0996,55.4762],[12.0991,55.476],[12.0977,55.4763],[12.0964,55.4765],[12.0953,55.4766],[12.0938,55.4765],[12.0927,55.4765],[12.0924,55.4766],[12.0925,55.4772],[12.0929,55.4773],[12.0962,55.477],[12.0996,55.4762]]]},"properties":{"sourceId":"ais_par3.81974","a_type":3210,"hectares":2.365}},{"type":"Feature","id":"ais_par3.81975","geometry":{"type":"Polygon","coordinates":[[[12.1038,55.4739],[12.1034,55.4737],[12.1027,55.4739],[12.1023,55.4741],[12.1021,55.4743],[12.1021,55.4744],[12.1021,55.4746],[12.102,55.4746],[12.1019,55.4746],[12.1019,55.4744],[12.1019,55.4744],[12.102,55.4741],[12.1021,55.474],[12.1021,55.4739],[12.102,55.4739],[12.1007,55.4747],[12.1003,55.4748],[12.1002,55.4749],[12.1001,55.4751],[12.1,55.4752],[12.0998,55.4754],[12.0996,55.4755],[12.0994,55.4757],[12.0993,55.4759],[12.0991,55.476],[12.0996,55.4762],[12.101,55.4759],[12.1014,55.4755],[12.1013,55.4749],[12.1022,55.4748],[12.1022,55.4746],[12.1025,55.4746],[12.1029,55.4746],[12.1033,55.4745],[12.1038,55.4745],[12.1039,55.4742],[12.1039,55.474],[12.1038,55.4739]],[[12.1036,55.4739],[12.1037,55.474],[12.1037,55.4741],[12.1027,55.4743],[12.1027,55.4743],[12.1034,55.4741],[12.1035,55.474],[12.1034,55.4739],[12.1035,55.4739],[12.1036,55.4739]],[[12.1011,55.4756],[12.1007,55.4758],[12.1,55.476],[12.0997,55.4761],[12.0994,55.476],[12.0995,55.4758],[12.0997,55.4756],[12.1,55.4754],[12.1002,55.4752],[12.1003,55.4749],[12.1004,55.4748],[12.1007,55.4748],[12.1007,55.475],[12.1007,55.4752],[12.1011,55.4756]]]},"properties":{"sourceId":"ais_par3.81975","a_type":3210,"hectares":1.896}},{"type":"Feature","id":"ais_par3.81976","geometry":{"type":"Polygon","coordinates":[[[12.1034,55.4737],[12.1038,55.4739],[12.1041,55.4738],[12.1047,55.4741],[12.1046,55.4742],[12.1046,55.4747],[12.1057,55.475],[12.1067,55.4749],[12.1071,55.4742],[12.107,55.474],[12.107,55.4738],[12.1068,55.4737],[12.1064,55.4738],[12.1058,55.4736],[12.1053,55.4733],[12.1048,55.473],[12.1034,55.4737]],[[12.1062,55.4742],[12.1062,55.4741],[12.1064,55.4741],[12.1066,55.4741],[12.1067,55.4742],[12.1066,55.4744],[12.1064,55.4744],[12.1062,55.4742]],[[12.1063,55.4745],[12.1063,55.4745],[12.1062,55.4746],[12.106,55.4746],[12.1057,55.4746],[12.1056,55.4746],[12.1055,55.4745],[12.1055,55.4744],[12.1056,55.4743],[12.1057,55.4742],[12.1058,55.4742],[12.1061,55.4742],[12.1063,55.4745]],[[12.1053,55.4737],[12.1051,55.4737],[12.1047,55.4736],[12.1044,55.4736],[12.1044,55.4735],[12.1046,55.4733],[12.1047,55.4732],[12.1049,55.4732],[12.105,55.4733],[12.1051,55.4734],[12.1052,55.4734],[12.1054,55.4735],[12.1054,55.4736],[12.1053,55.4737]]]},"properties":{"sourceId":"ais_par3.81976","a_type":3210,"hectares":2.224}},{"type":"Feature","id":"ais_par3.81977","geometry":{"type":"Polygon","coordinates":[[[12.0918,55.3953],[12.0911,55.3953],[12.0903,55.3952],[12.0897,55.395],[12.0895,55.3948],[12.0892,55.3947],[12.0888,55.3946],[12.0884,55.3945],[12.0881,55.3944],[12.0878,55.3945],[12.0886,55.3948],[12.0893,55.395],[12.0901,55.3953],[12.0909,55.3955],[12.0915,55.3955],[12.0918,55.3953]]]},"properties":{"sourceId":"ais_par3.81977","a_type":3210,"hectares":0.546}},{"type":"Feature","id":"ais_par3.81978","geometry":{"type":"Polygon","coordinates":[[[12.1704,55.3813],[12.1702,55.3814],[12.17,55.3816],[12.1687,55.3819],[12.1685,55.3819],[12.1679,55.3817],[12.168,55.382],[12.1684,55.382],[12.1685,55.382],[12.1687,55.3821],[12.1697,55.3818],[12.1705,55.3817],[12.1704,55.3813]],[[12.1681,55.382],[12.168,55.3818],[12.1682,55.3818],[12.1683,55.382],[12.1681,55.382]],[[12.1701,55.3817],[12.1701,55.3815],[12.1703,55.3814],[12.1704,55.3817],[12.1701,55.3817]]]},"properties":{"sourceId":"ais_par3.81978","a_type":3210,"hectares":0.316}},{"type":"Feature","id":"ais_par3.81979","geometry":{"type":"Polygon","coordinates":[[[12.1743,55.3989],[12.174,55.3991],[12.1739,55.3991],[12.1738,55.3992],[12.1742,55.3994],[12.1751,55.3993],[12.175,55.3991],[12.1748,55.3989],[12.1743,55.3989]]]},"properties":{"sourceId":"ais_par3.81979","a_type":3210,"hectares":0.306}},{"type":"Feature","id":"ais_par3.81980","geometry":{"type":"Polygon","coordinates":[[[12.1871,55.4482],[12.1881,55.4481],[12.189,55.4476],[12.1891,55.4471],[12.1883,55.4474],[12.1876,55.4476],[12.1871,55.4476],[12.1871,55.4482]]]},"properties":{"sourceId":"ais_par3.81980","a_type":3210,"hectares":0.698}},{"type":"Feature","id":"ais_par3.82013","geometry":{"type":"Polygon","coordinates":[[[12.0048,55.53],[12.0043,55.5297],[12.004,55.5296],[12.0038,55.5295],[12.0035,55.5294],[12.0035,55.5295],[12.0034,55.5295],[12.0031,55.5295],[12.0029,55.5295],[12.0027,55.5295],[12.0025,55.5294],[12.0024,55.5293],[12.0024,55.5292],[12.0015,55.529],[12.0007,55.5289],[12,55.529],[11.9999,55.5292],[12.0008,55.5293],[12.0019,55.5295],[12.0026,55.5296],[12.0032,55.5298],[12.0038,55.5301],[12.0043,55.5304],[12.0048,55.53]]]},"properties":{"sourceId":"ais_par3.82013","a_type":3210,"hectares":1.199}},{"type":"Feature","id":"ais_par3.82110","geometry":{"type":"Polygon","coordinates":[[[11.9572,55.5003],[11.9577,55.501],[11.9581,55.501],[11.9581,55.5011],[11.9591,55.5011],[11.9592,55.501],[11.9572,55.5003]]]},"properties":{"sourceId":"ais_par3.82110","a_type":4110,"hectares":0.461}},{"type":"Feature","id":"ais_par3.82031","geometry":{"type":"Polygon","coordinates":[[[11.9459,55.4834],[11.9464,55.4834],[11.9464,55.4836],[11.9473,55.4836],[11.9473,55.4837],[11.9482,55.4836],[11.9477,55.4827],[11.9479,55.4824],[11.9474,55.482],[11.9455,55.4821],[11.9459,55.4834]]]},"properties":{"sourceId":"ais_par3.82031","a_type":3210,"hectares":2.246}},{"type":"Feature","id":"ais_par3.82032","geometry":{"type":"Polygon","coordinates":[[[12.038,55.4794],[12.0369,55.4793],[12.0368,55.4795],[12.0362,55.4795],[12.0359,55.4795],[12.0358,55.4796],[12.0356,55.4803],[12.0366,55.4805],[12.0367,55.4804],[12.0369,55.4803],[12.0369,55.4802],[12.037,55.48],[12.0371,55.4799],[12.0376,55.48],[12.038,55.4794]]]},"properties":{"sourceId":"ais_par3.82032","a_type":3210,"hectares":1.15}},{"type":"Feature","id":"ais_par3.82033","geometry":{"type":"Polygon","coordinates":[[[12.0462,55.4909],[12.046,55.4909],[12.046,55.4904],[12.0454,55.4904],[12.0453,55.4905],[12.045,55.4904],[12.0449,55.4903],[12.0438,55.4904],[12.0441,55.4908],[12.0454,55.4908],[12.0454,55.4915],[12.0464,55.4915],[12.0462,55.4909]]]},"properties":{"sourceId":"ais_par3.82033","a_type":3210,"hectares":0.998}},{"type":"Feature","id":"ais_par3.82034","geometry":{"type":"Polygon","coordinates":[[[12.0847,55.479],[12.0829,55.479],[12.0812,55.4792],[12.0814,55.4798],[12.0817,55.4798],[12.0823,55.4798],[12.0827,55.4796],[12.0831,55.4796],[12.0831,55.4795],[12.0832,55.4794],[12.0837,55.4794],[12.0838,55.4795],[12.085,55.4794],[12.0847,55.479]]]},"properties":{"sourceId":"ais_par3.82034","a_type":3210,"hectares":1.411}},{"type":"Feature","id":"ais_par3.82035","geometry":{"type":"Polygon","coordinates":[[[11.9965,55.4643],[11.9961,55.4643],[11.9953,55.4642],[11.9942,55.464],[11.9926,55.4637],[11.9919,55.4637],[11.9915,55.4637],[11.9916,55.4644],[11.9921,55.4643],[11.9923,55.4643],[11.9935,55.4645],[11.9935,55.4646],[11.9934,55.4647],[11.994,55.4649],[11.9951,55.465],[11.9962,55.465],[11.9971,55.4652],[11.999,55.4653],[11.9995,55.4653],[11.9995,55.4651],[11.9993,55.4651],[11.9994,55.4648],[11.9991,55.4647],[11.9992,55.4646],[11.9971,55.4644],[11.9965,55.4643]],[[11.9981,55.4651],[11.9968,55.465],[11.9954,55.4649],[11.9946,55.4647],[11.9945,55.4646],[11.9928,55.4642],[11.9924,55.4642],[11.9925,55.4639],[11.9934,55.464],[11.9962,55.4644],[11.9981,55.4647],[11.999,55.4649],[11.9989,55.4651],[11.9981,55.4651]]]},"properties":{"sourceId":"ais_par3.82035","a_type":3210,"hectares":2.145}},{"type":"Feature","id":"ais_par3.82036","geometry":{"type":"Polygon","coordinates":[[[12.0064,55.465],[12.0061,55.4652],[12.0053,55.465],[12.0058,55.4655],[12.0057,55.4655],[12.0051,55.4654],[12.0047,55.4654],[12.0045,55.4655],[12.0057,55.4657],[12.0062,55.466],[12.007,55.4662],[12.0079,55.4665],[12.0091,55.4673],[12.0094,55.4673],[12.0116,55.4681],[12.012,55.4678],[12.012,55.4675],[12.0114,55.4676],[12.011,55.4675],[12.0108,55.4672],[12.0107,55.467],[12.0101,55.4667],[12.009,55.4664],[12.0083,55.4661],[12.0072,55.4657],[12.0064,55.465],[12.0064,55.465]]]},"properties":{"sourceId":"ais_par3.82036","a_type":3210,"hectares":3.285}},{"type":"Feature","id":"ais_par3.82037","geometry":{"type":"Polygon","coordinates":[[[12.0303,55.4753],[12.031,55.4755],[12.0316,55.4761],[12.0318,55.4762],[12.0318,55.4758],[12.0313,55.4756],[12.0313,55.4751],[12.0306,55.4749],[12.0306,55.4749],[12.0304,55.4748],[12.0301,55.4747],[12.0295,55.4751],[12.0303,55.4753]]]},"properties":{"sourceId":"ais_par3.82037","a_type":3210,"hectares":0.679}},{"type":"Feature","id":"ais_par3.82038","geometry":{"type":"Polygon","coordinates":[[[11.9834,55.4637],[11.9829,55.463],[11.9817,55.4633],[11.9805,55.4633],[11.98,55.4635],[11.9796,55.4638],[11.9787,55.4643],[11.9778,55.4648],[11.9767,55.4651],[11.9757,55.4654],[11.9758,55.4659],[11.9763,55.4658],[11.9769,55.4657],[11.9782,55.4654],[11.9796,55.4649],[11.9806,55.4645],[11.9814,55.464],[11.9817,55.4639],[11.9826,55.4638],[11.9834,55.4637]],[[11.9766,55.4653],[11.977,55.4651],[11.9773,55.4652],[11.9774,55.4652],[11.9774,55.4653],[11.9773,55.4654],[11.977,55.4654],[11.9766,55.4653]],[[11.9831,55.4635],[11.9829,55.4636],[11.9828,55.4636],[11.9826,55.4634],[11.9823,55.4635],[11.9823,55.4636],[11.9822,55.4636],[11.982,55.4637],[11.9819,55.4637],[11.9819,55.4635],[11.9819,55.4635],[11.9827,55.4633],[11.9829,55.4633],[11.9831,55.4635]],[[11.978,55.4652],[11.9782,55.4649],[11.9785,55.4648],[11.9789,55.4647],[11.9793,55.4645],[11.9797,55.4643],[11.98,55.464],[11.9803,55.4641],[11.9802,55.4642],[11.98,55.4645],[11.9793,55.4648],[11.9792,55.4649],[11.978,55.4652]]]},"properties":{"sourceId":"ais_par3.82038","a_type":3210,"hectares":3.674}},{"type":"Feature","id":"ais_par3.82039","geometry":{"type":"Polygon","coordinates":[[[11.959,55.4671],[11.9593,55.4671],[11.9596,55.4671],[11.9598,55.4671],[11.9599,55.467],[11.9601,55.4666],[11.9594,55.4668],[11.9589,55.4668],[11.959,55.4671]]]},"properties":{"sourceId":"ais_par3.82039","a_type":3210,"hectares":0.245}},{"type":"Feature","id":"ais_par3.82040","geometry":{"type":"Polygon","coordinates":[[[11.9715,55.4656],[11.97,55.4658],[11.9684,55.4661],[11.9685,55.4663],[11.9714,55.4659],[11.9715,55.4656]]]},"properties":{"sourceId":"ais_par3.82040","a_type":3210,"hectares":0.537}},{"type":"Feature","id":"ais_par3.82041","geometry":{"type":"Polygon","coordinates":[[[11.9539,55.4668],[11.9536,55.4666],[11.9515,55.4666],[11.9515,55.4667],[11.9521,55.4669],[11.9529,55.4672],[11.9538,55.4673],[11.9541,55.4671],[11.9545,55.467],[11.9544,55.4669],[11.9539,55.4668]]]},"properties":{"sourceId":"ais_par3.82041","a_type":3210,"hectares":0.835}},{"type":"Feature","id":"ais_par3.82042","geometry":{"type":"Polygon","coordinates":[[[12.2132,55.5159],[12.2129,55.516],[12.2135,55.5167],[12.2137,55.5166],[12.2141,55.5171],[12.2138,55.5172],[12.2142,55.5176],[12.2137,55.5178],[12.2142,55.5183],[12.2158,55.518],[12.2155,55.5176],[12.2148,55.5176],[12.2147,55.5173],[12.2132,55.5159]]]},"properties":{"sourceId":"ais_par3.82042","a_type":3210,"hectares":1.279}},{"type":"Feature","id":"ais_par3.82045","geometry":{"type":"Polygon","coordinates":[[[12.2082,55.4046],[12.208,55.4037],[12.2073,55.4035],[12.2068,55.4038],[12.2073,55.4048],[12.2082,55.4046]]]},"properties":{"sourceId":"ais_par3.82045","a_type":3210,"hectares":0.825}},{"type":"Feature","id":"ais_par3.82046","geometry":{"type":"Polygon","coordinates":[[[12.2101,55.4062],[12.2093,55.4067],[12.2098,55.4067],[12.2103,55.4067],[12.2111,55.4068],[12.211,55.4063],[12.2107,55.406],[12.2101,55.4062]]]},"properties":{"sourceId":"ais_par3.82046","a_type":3210,"hectares":0.528}},{"type":"Feature","id":"ais_par3.82050","geometry":{"type":"Polygon","coordinates":[[[11.941,55.4637],[11.9406,55.4634],[11.9406,55.463],[11.9392,55.4626],[11.9387,55.4625],[11.9392,55.4623],[11.9401,55.4625],[11.9404,55.4623],[11.9406,55.462],[11.9398,55.4617],[11.9398,55.4611],[11.9392,55.4613],[11.9389,55.4613],[11.9386,55.4614],[11.9381,55.4614],[11.9381,55.4614],[11.9381,55.4619],[11.9382,55.4619],[11.9375,55.4626],[11.9373,55.4627],[11.9372,55.4628],[11.9375,55.463],[11.9372,55.463],[11.9369,55.4633],[11.9378,55.4636],[11.9385,55.4639],[11.9393,55.4643],[11.9402,55.4646],[11.9404,55.4643],[11.9424,55.4649],[11.9426,55.4649],[11.9429,55.4653],[11.9433,55.4652],[11.9436,55.4653],[11.9438,55.4654],[11.944,55.4656],[11.9442,55.4655],[11.9442,55.4652],[11.9439,55.4652],[11.9437,55.4651],[11.9434,55.4648],[11.9436,55.4647],[11.9436,55.4642],[11.9431,55.4641],[11.9428,55.464],[11.9425,55.4642],[11.9434,55.4644],[11.9431,55.4646],[11.9428,55.4648],[11.9426,55.4649],[11.9419,55.4646],[11.9418,55.4646],[11.9395,55.4639],[11.9392,55.4638],[11.939,55.4637],[11.9389,55.4635],[11.9388,55.4634],[11.9388,55.4631],[11.9391,55.463],[11.9393,55.4629],[11.9403,55.4633],[11.9406,55.4635],[11.9409,55.4637],[11.941,55.4637]]]},"properties":{"sourceId":"ais_par3.82050","a_type":3210,"hectares":4.944}},{"type":"Feature","id":"ais_par3.82054","geometry":{"type":"Polygon","coordinates":[[[12.2126,55.518],[12.2112,55.5184],[12.2116,55.5188],[12.2119,55.5187],[12.2119,55.5185],[12.2122,55.5182],[12.2126,55.518]]]},"properties":{"sourceId":"ais_par3.82054","a_type":3220,"hectares":0.253}},{"type":"Feature","id":"ais_par3.82071","geometry":{"type":"Polygon","coordinates":[[[11.979,55.5324],[11.9795,55.5324],[11.9799,55.5322],[11.9795,55.5305],[11.9783,55.5305],[11.9779,55.5321],[11.9782,55.532],[11.9783,55.5316],[11.9786,55.5313],[11.9787,55.5306],[11.9791,55.5307],[11.9792,55.5319],[11.9795,55.5322],[11.9789,55.5323],[11.979,55.5324]]]},"properties":{"sourceId":"ais_par3.82071","a_type":4110,"hectares":1.133}},{"type":"Feature","id":"ais_par3.82072","geometry":{"type":"Polygon","coordinates":[[[11.9961,55.5281],[11.9963,55.528],[11.9951,55.5276],[11.9945,55.5275],[11.9939,55.5274],[11.9937,55.5276],[11.9949,55.5278],[11.9961,55.5281]]]},"properties":{"sourceId":"ais_par3.82072","a_type":4110,"hectares":0.443}},{"type":"Feature","id":"ais_par3.82073","geometry":{"type":"Polygon","coordinates":[[[12.0062,55.5302],[12.0056,55.53],[12.0045,55.5309],[12.0051,55.5311],[12.0062,55.5302]],[[12.0047,55.5309],[12.0049,55.5308],[12.005,55.5308],[12.0051,55.5309],[12.005,55.531],[12.0047,55.5309]]]},"properties":{"sourceId":"ais_par3.82073","a_type":4110,"hectares":0.523}},{"type":"Feature","id":"ais_par3.82074","geometry":{"type":"Polygon","coordinates":[[[12.0207,55.5333],[12.0218,55.5333],[12.0224,55.5331],[12.0228,55.5333],[12.0227,55.5341],[12.0229,55.5341],[12.0231,55.5341],[12.0232,55.5341],[12.0231,55.5339],[12.023,55.5339],[12.0231,55.5338],[12.0232,55.5332],[12.0212,55.5328],[12.0207,55.5333]]]},"properties":{"sourceId":"ais_par3.82074","a_type":4110,"hectares":0.732}},{"type":"Feature","id":"ais_par3.82075","geometry":{"type":"Polygon","coordinates":[[[12.0024,55.5292],[12.0024,55.5293],[12.0025,55.5294],[12.0027,55.5295],[12.0029,55.5295],[12.0031,55.5295],[12.0034,55.5295],[12.0035,55.5295],[12.0035,55.5294],[12.0038,55.5295],[12.004,55.5296],[12.0043,55.5297],[12.0048,55.53],[12.0048,55.5299],[12.005,55.5297],[12.0045,55.5295],[12.0038,55.5292],[12.0031,55.5287],[12.0026,55.5284],[12.0022,55.5283],[12.0018,55.5282],[12.0015,55.5285],[12.002,55.5287],[12.0026,55.5288],[12.0029,55.529],[12.0029,55.5291],[12.0024,55.5292]]]},"properties":{"sourceId":"ais_par3.82075","a_type":4110,"hectares":1.077}},{"type":"Feature","id":"ais_par3.82076","geometry":{"type":"Polygon","coordinates":[[[12.0185,55.5367],[12.0184,55.5369],[12.0201,55.5368],[12.0197,55.5356],[12.0192,55.5355],[12.0186,55.5354],[12.0181,55.5356],[12.0185,55.5367]]]},"properties":{"sourceId":"ais_par3.82076","a_type":4110,"hectares":1.477}},{"type":"Feature","id":"ais_par3.82081","geometry":{"type":"Polygon","coordinates":[[[12.0206,55.5402],[12.0206,55.5392],[12.0197,55.5392],[12.0196,55.5397],[12.0194,55.5397],[12.0192,55.5403],[12.0206,55.5402]],[[12.0206,55.5396],[12.0204,55.5396],[12.0204,55.5395],[12.0204,55.5395],[12.0205,55.5395],[12.0205,55.5395],[12.0206,55.5395],[12.0206,55.5396]]]},"properties":{"sourceId":"ais_par3.82081","a_type":4110,"hectares":0.826}},{"type":"Feature","id":"ais_par3.82111","geometry":{"type":"Polygon","coordinates":[[[11.9642,55.504],[11.9644,55.5042],[11.9654,55.5039],[11.9649,55.5035],[11.9642,55.504]],[[11.965,55.5039],[11.9649,55.5038],[11.9651,55.5037],[11.9652,55.5039],[11.965,55.5039]]]},"properties":{"sourceId":"ais_par3.82111","a_type":4110,"hectares":0.265}},{"type":"Feature","id":"ais_par3.82098","geometry":{"type":"Polygon","coordinates":[[[11.9301,55.528],[11.9269,55.5287],[11.9266,55.5292],[11.9276,55.5292],[11.9303,55.5289],[11.9303,55.5286],[11.9301,55.528]]]},"properties":{"sourceId":"ais_par3.82098","a_type":4110,"hectares":1.847}},{"type":"Feature","id":"ais_par3.82099","geometry":{"type":"Polygon","coordinates":[[[11.9351,55.5259],[11.9355,55.5261],[11.9363,55.5256],[11.9362,55.5252],[11.9356,55.5257],[11.9351,55.5259]]]},"properties":{"sourceId":"ais_par3.82099","a_type":4110,"hectares":0.255}},{"type":"Feature","id":"ais_par3.82100","geometry":{"type":"Polygon","coordinates":[[[11.9771,55.5268],[11.977,55.527],[11.9768,55.5272],[11.9761,55.5274],[11.9751,55.5274],[11.9751,55.5276],[11.9761,55.5275],[11.9769,55.5273],[11.9771,55.5271],[11.9772,55.5268],[11.9771,55.5268]]]},"properties":{"sourceId":"ais_par3.82100","a_type":4110,"hectares":0.172}},{"type":"Feature","id":"ais_par3.82101","geometry":{"type":"Polygon","coordinates":[[[11.9894,55.5264],[11.9897,55.5263],[11.9895,55.5252],[11.9892,55.5239],[11.9891,55.5232],[11.9901,55.5219],[11.9898,55.5218],[11.9895,55.5221],[11.989,55.5223],[11.9887,55.5229],[11.9884,55.5239],[11.9889,55.5239],[11.9889,55.5256],[11.9894,55.5264]]]},"properties":{"sourceId":"ais_par3.82101","a_type":4110,"hectares":1.755}},{"type":"Feature","id":"ais_par3.82102","geometry":{"type":"Polygon","coordinates":[[[12.0702,55.5124],[12.0698,55.5124],[12.0693,55.5125],[12.0696,55.5128],[12.0698,55.5129],[12.0702,55.5129],[12.0701,55.5128],[12.0701,55.5127],[12.0703,55.5125],[12.0705,55.5126],[12.0702,55.5124]]]},"properties":{"sourceId":"ais_par3.82102","a_type":4110,"hectares":0.22}},{"type":"Feature","id":"ais_par3.82103","geometry":{"type":"Polygon","coordinates":[[[12.0732,55.5074],[12.0735,55.5075],[12.0739,55.5075],[12.074,55.5069],[12.074,55.5067],[12.0734,55.5067],[12.0732,55.5074]]]},"properties":{"sourceId":"ais_par3.82103","a_type":4110,"hectares":0.363}},{"type":"Feature","id":"ais_par3.82104","geometry":{"type":"Polygon","coordinates":[[[12.075,55.5046],[12.0753,55.5046],[12.0751,55.5037],[12.0747,55.5037],[12.0748,55.5041],[12.075,55.5043],[12.075,55.5046]]]},"properties":{"sourceId":"ais_par3.82104","a_type":4110,"hectares":0.228}},{"type":"Feature","id":"ais_par3.82106","geometry":{"type":"Polygon","coordinates":[[[12.0989,55.5233],[12.0986,55.5224],[12.0967,55.5225],[12.0971,55.5232],[12.0989,55.5233]]]},"properties":{"sourceId":"ais_par3.82106","a_type":4110,"hectares":1.087}},{"type":"Feature","id":"ais_par3.82107","geometry":{"type":"Polygon","coordinates":[[[12.0764,55.5272],[12.0718,55.5274],[12.0719,55.5278],[12.0733,55.5277],[12.0765,55.5276],[12.0764,55.5272]]]},"properties":{"sourceId":"ais_par3.82107","a_type":4110,"hectares":1.311}},{"type":"Feature","id":"ais_par3.82108","geometry":{"type":"Polygon","coordinates":[[[11.9389,55.5055],[11.9406,55.5054],[11.9427,55.5036],[11.9415,55.503],[11.9389,55.5055]],[[11.941,55.5046],[11.9412,55.5042],[11.9416,55.5044],[11.9413,55.5047],[11.941,55.5046]]]},"properties":{"sourceId":"ais_par3.82108","a_type":4110,"hectares":2.481}},{"type":"Feature","id":"ais_par3.82109","geometry":{"type":"Polygon","coordinates":[[[11.9555,55.5028],[11.9552,55.5028],[11.9554,55.5034],[11.9559,55.5039],[11.9566,55.5036],[11.9566,55.5035],[11.9567,55.5035],[11.9567,55.5034],[11.9568,55.5034],[11.9568,55.503],[11.9565,55.5031],[11.9562,55.5031],[11.9558,55.5029],[11.9555,55.5028]]]},"properties":{"sourceId":"ais_par3.82109","a_type":4110,"hectares":0.75}},{"type":"Feature","id":"ais_par3.82113","geometry":{"type":"Polygon","coordinates":[[[11.9886,55.5017],[11.9871,55.5016],[11.9872,55.502],[11.987,55.5038],[11.9868,55.504],[11.9869,55.5045],[11.9877,55.504],[11.9881,55.5032],[11.9884,55.5031],[11.9886,55.5022],[11.9885,55.5021],[11.9886,55.5017]],[[11.9879,55.5019],[11.9883,55.502],[11.9884,55.5021],[11.9881,55.5031],[11.9879,55.5031],[11.9877,55.503],[11.9879,55.5019]]]},"properties":{"sourceId":"ais_par3.82113","a_type":4110,"hectares":1.789}},{"type":"Feature","id":"ais_par3.82114","geometry":{"type":"Polygon","coordinates":[[[12.0043,55.4963],[12.0038,55.4966],[12.0036,55.4967],[12.0044,55.4978],[12.004,55.4981],[12.0044,55.4985],[12.0056,55.4983],[12.0055,55.498],[12.0054,55.4976],[12.0043,55.4963]],[[12.0044,55.4982],[12.0043,55.498],[12.0048,55.4977],[12.0052,55.4979],[12.0048,55.4983],[12.0044,55.4982]]]},"properties":{"sourceId":"ais_par3.82114","a_type":4110,"hectares":1.371}},{"type":"Feature","id":"ais_par3.82115","geometry":{"type":"Polygon","coordinates":[[[12.024,55.4995],[12.023,55.4998],[12.0234,55.5001],[12.0241,55.4999],[12.0244,55.4997],[12.024,55.4995]]]},"properties":{"sourceId":"ais_par3.82115","a_type":4110,"hectares":0.324}},{"type":"Feature","id":"ais_par3.82116","geometry":{"type":"Polygon","coordinates":[[[12.0292,55.5051],[12.0282,55.5039],[12.0276,55.5037],[12.0274,55.5039],[12.0264,55.504],[12.0273,55.5055],[12.0292,55.5051]],[[12.0275,55.5052],[12.0278,55.5053],[12.0278,55.5054],[12.0274,55.5055],[12.0274,55.5054],[12.0275,55.5052]],[[12.0271,55.5048],[12.0279,55.5039],[12.0283,55.5039],[12.0285,55.5043],[12.0281,55.5045],[12.0284,55.5046],[12.0281,55.5048],[12.0278,55.5047],[12.0273,55.5049],[12.0271,55.5048]],[[12.0281,55.5051],[12.0284,55.505],[12.0286,55.5051],[12.0286,55.5051],[12.0285,55.5052],[12.0283,55.5052],[12.0282,55.5052],[12.0281,55.5051]],[[12.0287,55.5049],[12.0289,55.5049],[12.029,55.5049],[12.0291,55.505],[12.0291,55.5051],[12.0289,55.5051],[12.0288,55.505],[12.0287,55.5049]]]},"properties":{"sourceId":"ais_par3.82116","a_type":4110,"hectares":1.361}},{"type":"Feature","id":"ais_par3.82117","geometry":{"type":"Polygon","coordinates":[[[12.0501,55.4959],[12.0499,55.4958],[12.0497,55.4957],[12.0491,55.4957],[12.049,55.496],[12.049,55.4964],[12.0494,55.4965],[12.0501,55.4962],[12.0501,55.4959]]]},"properties":{"sourceId":"ais_par3.82117","a_type":4110,"hectares":0.443}},{"type":"Feature","id":"ais_par3.82118","geometry":{"type":"Polygon","coordinates":[[[12.0691,55.4999],[12.0696,55.4998],[12.0695,55.4996],[12.0689,55.4993],[12.0683,55.4995],[12.0687,55.5001],[12.0691,55.4999]]]},"properties":{"sourceId":"ais_par3.82118","a_type":4110,"hectares":0.401}},{"type":"Feature","id":"ais_par3.82119","geometry":{"type":"Polygon","coordinates":[[[12.0782,55.5276],[12.0765,55.5276],[12.0733,55.5277],[12.0736,55.5287],[12.0737,55.5287],[12.0739,55.5288],[12.0745,55.5285],[12.075,55.5285],[12.0758,55.5286],[12.0763,55.5288],[12.0769,55.5287],[12.0771,55.5283],[12.0794,55.5282],[12.0798,55.5282],[12.08,55.5283],[12.0795,55.5276],[12.0798,55.5275],[12.0797,55.5272],[12.0782,55.5272],[12.0782,55.5276]],[[12.0795,55.5279],[12.0796,55.5281],[12.0792,55.5281],[12.0791,55.528],[12.0795,55.5279]],[[12.0755,55.5281],[12.0757,55.5283],[12.0753,55.5283],[12.0753,55.5282],[12.0755,55.5281]]]},"properties":{"sourceId":"ais_par3.82119","a_type":4110,"hectares":4.157}},{"type":"Feature","id":"ais_par3.82120","geometry":{"type":"Polygon","coordinates":[[[11.9841,55.4959],[11.9845,55.4968],[11.9845,55.4968],[11.9849,55.4971],[11.9851,55.4972],[11.9852,55.4974],[11.9856,55.4976],[11.986,55.4978],[11.9861,55.4978],[11.986,55.4976],[11.9858,55.4975],[11.9856,55.4973],[11.9853,55.497],[11.985,55.4968],[11.9849,55.4968],[11.9843,55.4957],[11.9841,55.4959]]]},"properties":{"sourceId":"ais_par3.82120","a_type":4110,"hectares":0.534}},{"type":"Feature","id":"ais_par3.82121","geometry":{"type":"Polygon","coordinates":[[[11.9981,55.4868],[11.9984,55.487],[11.9986,55.4869],[11.9989,55.4868],[11.9989,55.4867],[11.9988,55.4863],[11.9987,55.4859],[11.9986,55.4855],[11.9987,55.4852],[11.9993,55.4849],[11.9998,55.4848],[12.0007,55.4847],[12.0012,55.4846],[12.0016,55.4847],[12.0018,55.4847],[12.0017,55.4848],[12.0029,55.4847],[12.0044,55.4847],[12.0052,55.4845],[12.0073,55.4844],[12.0094,55.4851],[12.01,55.4853],[12.0076,55.4841],[12.0046,55.4845],[12.0036,55.4846],[12.0028,55.4846],[12.0018,55.4845],[12.0017,55.4846],[12.0009,55.4845],[11.9998,55.4846],[11.9985,55.4847],[11.9981,55.4868]]]},"properties":{"sourceId":"ais_par3.82121","a_type":4110,"hectares":2.179}},{"type":"Feature","id":"ais_par3.82122","geometry":{"type":"Polygon","coordinates":[[[12.0049,55.4872],[12.0034,55.4874],[12.0011,55.4873],[12.0012,55.4877],[12.0019,55.4877],[12.002,55.488],[12.0016,55.4881],[12.0012,55.4883],[12.0011,55.4885],[12.0049,55.488],[12.0047,55.4876],[12.0049,55.4872]]]},"properties":{"sourceId":"ais_par3.82122","a_type":4110,"hectares":2.037}},{"type":"Feature","id":"ais_par3.82123","geometry":{"type":"Polygon","coordinates":[[[12.0236,55.4859],[12.0237,55.4858],[12.0249,55.4861],[12.0253,55.4858],[12.0247,55.4858],[12.0239,55.4857],[12.0228,55.4852],[12.0225,55.4855],[12.0236,55.4859]]]},"properties":{"sourceId":"ais_par3.82123","a_type":4110,"hectares":0.477}},{"type":"Feature","id":"ais_par3.82124","geometry":{"type":"Polygon","coordinates":[[[12.0359,55.4795],[12.0362,55.4795],[12.0368,55.4795],[12.0369,55.4793],[12.0366,55.4792],[12.0359,55.4795]]]},"properties":{"sourceId":"ais_par3.82124","a_type":4110,"hectares":0.112}},{"type":"Feature","id":"ais_par3.82125","geometry":{"type":"Polygon","coordinates":[[[12.0371,55.4806],[12.0376,55.48],[12.0371,55.4799],[12.037,55.48],[12.0369,55.4802],[12.0369,55.4803],[12.0367,55.4804],[12.0366,55.4805],[12.0371,55.4806]]]},"properties":{"sourceId":"ais_par3.82125","a_type":4110,"hectares":0.224}},{"type":"Feature","id":"ais_par3.82126","geometry":{"type":"Polygon","coordinates":[[[12.0471,55.4838],[12.046,55.4837],[12.0453,55.4851],[12.0468,55.4852],[12.047,55.4841],[12.0471,55.4838]]]},"properties":{"sourceId":"ais_par3.82126","a_type":4110,"hectares":1.269}},{"type":"Feature","id":"ais_par3.82127","geometry":{"type":"Polygon","coordinates":[[[12.0488,55.4901],[12.0475,55.4901],[12.0473,55.4899],[12.0462,55.4902],[12.0462,55.4903],[12.0488,55.4902],[12.0488,55.4901]]]},"properties":{"sourceId":"ais_par3.82127","a_type":4110,"hectares":0.301}},{"type":"Feature","id":"ais_par3.82128","geometry":{"type":"Polygon","coordinates":[[[12.0643,55.4885],[12.0643,55.4889],[12.0646,55.4889],[12.0647,55.4894],[12.0652,55.4894],[12.0652,55.4893],[12.0651,55.4885],[12.0643,55.4885]]]},"properties":{"sourceId":"ais_par3.82128","a_type":4110,"hectares":0.43}},{"type":"Feature","id":"ais_par3.82129","geometry":{"type":"Polygon","coordinates":[[[12.0632,55.4869],[12.0632,55.4873],[12.0627,55.4874],[12.0626,55.4877],[12.0628,55.4877],[12.0628,55.4879],[12.0631,55.488],[12.0631,55.4883],[12.0634,55.4884],[12.0634,55.4876],[12.0639,55.4876],[12.0638,55.4869],[12.0632,55.4869]]]},"properties":{"sourceId":"ais_par3.82129","a_type":4110,"hectares":0.657}},{"type":"Feature","id":"ais_par3.82130","geometry":{"type":"Polygon","coordinates":[[[12.062,55.4869],[12.0612,55.4869],[12.0613,55.4894],[12.062,55.4892],[12.062,55.4869]]]},"properties":{"sourceId":"ais_par3.82130","a_type":4110,"hectares":1.215}},{"type":"Feature","id":"ais_par3.82131","geometry":{"type":"Polygon","coordinates":[[[12.065,55.4859],[12.0656,55.4858],[12.0656,55.4857],[12.0649,55.4857],[12.065,55.4859]]]},"properties":{"sourceId":"ais_par3.82131","a_type":4110,"hectares":0.077}},{"type":"Feature","id":"ais_par3.82132","geometry":{"type":"Polygon","coordinates":[[[12.0572,55.4849],[12.0573,55.4848],[12.0574,55.4843],[12.0572,55.4842],[12.0572,55.4849]]]},"properties":{"sourceId":"ais_par3.82132","a_type":4110,"hectares":0.08}},{"type":"Feature","id":"ais_par3.82133","geometry":{"type":"Polygon","coordinates":[[[12.018,55.4669],[12.0181,55.4674],[12.018,55.4675],[12.018,55.4677],[12.0178,55.4679],[12.0185,55.468],[12.0184,55.4676],[12.0188,55.4674],[12.0186,55.4672],[12.018,55.4669]]]},"properties":{"sourceId":"ais_par3.82133","a_type":4110,"hectares":0.342}},{"type":"Feature","id":"ais_par3.82134","geometry":{"type":"Polygon","coordinates":[[[12.0284,55.4682],[12.0287,55.4683],[12.0291,55.4685],[12.0295,55.4698],[12.0297,55.4701],[12.0302,55.4706],[12.0314,55.471],[12.0316,55.4709],[12.0308,55.4705],[12.0302,55.47],[12.03,55.4696],[12.0298,55.469],[12.0294,55.4684],[12.029,55.4681],[12.0285,55.468],[12.0284,55.4682]]]},"properties":{"sourceId":"ais_par3.82134","a_type":4110,"hectares":1.141}},{"type":"Feature","id":"ais_par3.82135","geometry":{"type":"Polygon","coordinates":[[[11.9404,55.4623],[11.9415,55.4624],[11.9426,55.4625],[11.9429,55.4622],[11.9422,55.462],[11.942,55.4621],[11.9414,55.462],[11.9417,55.4613],[11.9408,55.4612],[11.9406,55.462],[11.9404,55.4623]]]},"properties":{"sourceId":"ais_par3.82135","a_type":4110,"hectares":1.019}},{"type":"Feature","id":"ais_par3.82136","geometry":{"type":"Polygon","coordinates":[[[11.9516,55.4626],[11.9512,55.4628],[11.9513,55.4629],[11.9516,55.4631],[11.952,55.4633],[11.9525,55.4634],[11.9531,55.4634],[11.9534,55.4633],[11.9516,55.4626]]]},"properties":{"sourceId":"ais_par3.82136","a_type":4110,"hectares":0.501}},{"type":"Feature","id":"ais_par3.82137","geometry":{"type":"Polygon","coordinates":[[[11.9501,55.4661],[11.9516,55.4662],[11.9515,55.4666],[11.9536,55.4666],[11.954,55.4666],[11.955,55.4667],[11.955,55.4665],[11.9561,55.4665],[11.9567,55.4665],[11.9567,55.4667],[11.9576,55.4667],[11.9576,55.4663],[11.9568,55.4663],[11.9561,55.4662],[11.9551,55.466],[11.9548,55.4659],[11.9542,55.4659],[11.9544,55.4654],[11.9504,55.4655],[11.9501,55.4661]]]},"properties":{"sourceId":"ais_par3.82137","a_type":4110,"hectares":3.905}},{"type":"Feature","id":"ais_par3.82138","geometry":{"type":"Polygon","coordinates":[[[11.9718,55.4634],[11.9716,55.4641],[11.9719,55.4641],[11.9721,55.4641],[11.9725,55.4641],[11.9726,55.4641],[11.9731,55.464],[11.9735,55.4641],[11.9738,55.4641],[11.9742,55.4641],[11.9746,55.4642],[11.9748,55.4643],[11.9753,55.4644],[11.9753,55.4636],[11.9747,55.4636],[11.9747,55.4635],[11.9718,55.4634]],[[11.9719,55.4637],[11.972,55.4636],[11.9727,55.4636],[11.9726,55.4637],[11.9719,55.4637]]]},"properties":{"sourceId":"ais_par3.82138","a_type":4110,"hectares":1.638}},{"type":"Feature","id":"ais_par3.82139","geometry":{"type":"Polygon","coordinates":[[[11.98,55.4655],[11.9799,55.4653],[11.9796,55.4653],[11.9794,55.4653],[11.9795,55.4656],[11.98,55.4655]]]},"properties":{"sourceId":"ais_par3.82139","a_type":4110,"hectares":0.084}},{"type":"Feature","id":"ais_par3.82140","geometry":{"type":"Polygon","coordinates":[[[11.9775,55.4664],[11.9782,55.4662],[11.9784,55.4661],[11.9781,55.466],[11.9776,55.466],[11.9771,55.4661],[11.9771,55.4664],[11.9775,55.4664]]]},"properties":{"sourceId":"ais_par3.82140","a_type":4110,"hectares":0.237}},{"type":"Feature","id":"ais_par3.82141","geometry":{"type":"Polygon","coordinates":[[[11.9755,55.4777],[11.9762,55.4781],[11.9761,55.4791],[11.9767,55.4799],[11.9775,55.4808],[11.978,55.4806],[11.9764,55.479],[11.9766,55.4783],[11.9766,55.4781],[11.9759,55.4777],[11.9759,55.4775],[11.9754,55.4768],[11.9756,55.4762],[11.9756,55.4757],[11.9758,55.475],[11.9757,55.4749],[11.9758,55.4743],[11.9762,55.4738],[11.976,55.4733],[11.9759,55.4728],[11.9758,55.4722],[11.9761,55.4718],[11.9762,55.471],[11.9759,55.4705],[11.9763,55.4704],[11.9757,55.4697],[11.9745,55.468],[11.975,55.4675],[11.975,55.4674],[11.9746,55.4673],[11.9736,55.467],[11.9727,55.4677],[11.9723,55.4677],[11.9716,55.4686],[11.974,55.4693],[11.9738,55.4695],[11.974,55.4696],[11.9744,55.4699],[11.9748,55.4703],[11.9752,55.4707],[11.9753,55.4727],[11.9757,55.4737],[11.9752,55.4747],[11.9755,55.4749],[11.9753,55.4757],[11.9751,55.4766],[11.9755,55.4777]],[[11.972,55.4683],[11.9724,55.4678],[11.9736,55.4688],[11.9723,55.4685],[11.972,55.4683]]]},"properties":{"sourceId":"ais_par3.82141","a_type":4110,"hectares":8.082}},{"type":"Feature","id":"ais_par3.82142","geometry":{"type":"Polygon","coordinates":[[[11.9528,55.4691],[11.9529,55.4678],[11.9537,55.4678],[11.9541,55.4678],[11.9547,55.4679],[11.9547,55.4675],[11.9547,55.4674],[11.9544,55.4676],[11.9537,55.4676],[11.9521,55.4674],[11.9504,55.4668],[11.9484,55.4666],[11.9483,55.4674],[11.9492,55.4677],[11.9489,55.4677],[11.9483,55.4677],[11.9482,55.4676],[11.9477,55.4676],[11.9477,55.4687],[11.9494,55.4694],[11.9494,55.4696],[11.9528,55.4692],[11.9528,55.4691]],[[11.9494,55.4693],[11.9493,55.4679],[11.9504,55.468],[11.9507,55.4692],[11.9494,55.4693]],[[11.9483,55.4673],[11.9485,55.4667],[11.9503,55.4669],[11.9516,55.4672],[11.9512,55.4676],[11.9494,55.4677],[11.9491,55.4676],[11.9483,55.4673]]]},"properties":{"sourceId":"ais_par3.82142","a_type":4110,"hectares":5.526}},{"type":"Feature","id":"ais_par3.82143","geometry":{"type":"Polygon","coordinates":[[[11.9857,55.4423],[11.9872,55.4427],[11.9886,55.4425],[11.9879,55.4423],[11.9875,55.442],[11.9874,55.4419],[11.9869,55.442],[11.9866,55.4421],[11.9863,55.4421],[11.9861,55.442],[11.9857,55.4423]],[[11.9872,55.4425],[11.9871,55.4425],[11.987,55.4423],[11.987,55.4422],[11.987,55.4421],[11.9872,55.4421],[11.9873,55.4422],[11.9874,55.4422],[11.9874,55.4422],[11.9875,55.4423],[11.9875,55.4424],[11.9874,55.4424],[11.9872,55.4425]]]},"properties":{"sourceId":"ais_par3.82143","a_type":4110,"hectares":0.77}},{"type":"Feature","id":"ais_par3.82144","geometry":{"type":"Polygon","coordinates":[[[12.0638,55.4467],[12.0662,55.4458],[12.0667,55.4446],[12.0664,55.4443],[12.0655,55.4441],[12.0655,55.444],[12.065,55.444],[12.064,55.4443],[12.064,55.4445],[12.0646,55.4447],[12.0645,55.4453],[12.065,55.4453],[12.0649,55.4455],[12.0647,55.4458],[12.0638,55.4462],[12.0638,55.4467]],[[12.0662,55.4444],[12.0662,55.4446],[12.0658,55.4446],[12.0659,55.4445],[12.0662,55.4444]]]},"properties":{"sourceId":"ais_par3.82144","a_type":4110,"hectares":2.902}},{"type":"Feature","id":"ais_par3.82145","geometry":{"type":"Polygon","coordinates":[[[11.9457,55.4314],[11.9471,55.4315],[11.947,55.4303],[11.9462,55.4303],[11.9457,55.4314]]]},"properties":{"sourceId":"ais_par3.82145","a_type":4110,"hectares":0.889}},{"type":"Feature","id":"ais_par3.82146","geometry":{"type":"Polygon","coordinates":[[[11.956,55.4242],[11.956,55.4242],[11.956,55.4243],[11.9558,55.4245],[11.9558,55.4245],[11.9567,55.4247],[11.9565,55.4251],[11.9574,55.4253],[11.9579,55.4254],[11.9583,55.4254],[11.9586,55.4255],[11.9588,55.4254],[11.959,55.4251],[11.9592,55.4252],[11.9595,55.4247],[11.9562,55.4241],[11.956,55.4242]]]},"properties":{"sourceId":"ais_par3.82146","a_type":4110,"hectares":1.932}},{"type":"Feature","id":"ais_par3.82147","geometry":{"type":"Polygon","coordinates":[[[12.0002,55.422],[12.0006,55.4219],[12.001,55.4213],[12.001,55.4209],[12.0001,55.421],[12.0003,55.4216],[12.0002,55.422]]]},"properties":{"sourceId":"ais_par3.82147","a_type":4110,"hectares":0.45}},{"type":"Feature","id":"ais_par3.82148","geometry":{"type":"Polygon","coordinates":[[[11.9955,55.4171],[11.9976,55.417],[11.9996,55.4166],[11.9992,55.4158],[11.9994,55.4158],[11.9991,55.4154],[11.9988,55.4153],[11.9984,55.4152],[11.9979,55.4153],[11.9973,55.4155],[11.9972,55.4156],[11.995,55.4163],[11.9951,55.4164],[11.9955,55.4171],[11.9955,55.4171]],[[11.9965,55.417],[11.9965,55.417],[11.9966,55.417],[11.9967,55.417],[11.9966,55.417],[11.9965,55.417]],[[11.9992,55.4167],[11.9992,55.4166],[11.9994,55.4166],[11.9994,55.4167],[11.9992,55.4167]],[[11.9985,55.4162],[11.9985,55.4159],[11.9988,55.4161],[11.9985,55.4162]]]},"properties":{"sourceId":"ais_par3.82148","a_type":4110,"hectares":3.9}},{"type":"Feature","id":"ais_par3.82149","geometry":{"type":"Polygon","coordinates":[[[12.0129,55.4125],[12.0112,55.4129],[12.0115,55.4132],[12.0128,55.4133],[12.0135,55.4131],[12.0129,55.4125]],[[12.0121,55.413],[12.012,55.4128],[12.0126,55.4128],[12.0128,55.413],[12.0121,55.413]]]},"properties":{"sourceId":"ais_par3.82149","a_type":4110,"hectares":0.638}},{"type":"Feature","id":"ais_par3.82150","geometry":{"type":"Polygon","coordinates":[[[12.0267,55.4003],[12.0273,55.4001],[12.0269,55.3994],[12.0259,55.3998],[12.0267,55.4003]]]},"properties":{"sourceId":"ais_par3.82150","a_type":4110,"hectares":0.458}},{"type":"Feature","id":"ais_par3.82151","geometry":{"type":"Polygon","coordinates":[[[12.0723,55.5025],[12.0715,55.5027],[12.0716,55.5029],[12.0723,55.5025]]]},"properties":{"sourceId":"ais_par3.82151","a_type":4110,"hectares":0.063}},{"type":"Feature","id":"ais_par3.82152","geometry":{"type":"Polygon","coordinates":[[[12.0092,55.4128],[12.0097,55.4126],[12.0102,55.4119],[12.01,55.4116],[12.0094,55.4118],[12.009,55.4124],[12.0092,55.4128]]]},"properties":{"sourceId":"ais_par3.82152","a_type":4110,"hectares":0.567}},{"type":"Feature","id":"ais_par3.82153","geometry":{"type":"Polygon","coordinates":[[[12.0556,55.4838],[12.0556,55.4841],[12.0557,55.4845],[12.0557,55.4851],[12.0557,55.4859],[12.0559,55.4861],[12.0562,55.4862],[12.0564,55.4861],[12.0565,55.486],[12.0565,55.4856],[12.0564,55.4844],[12.0563,55.4843],[12.0563,55.4842],[12.0564,55.4841],[12.0564,55.484],[12.0556,55.4838]],[[12.0559,55.4858],[12.0559,55.4858],[12.056,55.4857],[12.0561,55.4857],[12.0562,55.4858],[12.0562,55.4858],[12.0561,55.4858],[12.0561,55.4859],[12.0559,55.4858]]]},"properties":{"sourceId":"ais_par3.82153","a_type":4110,"hectares":1.134}},{"type":"Feature","id":"ais_par3.82155","geometry":{"type":"Polygon","coordinates":[[[12.1363,55.5144],[12.1372,55.5138],[12.1378,55.5134],[12.1379,55.5133],[12.1377,55.5132],[12.1372,55.5133],[12.1369,55.5136],[12.1364,55.5139],[12.1358,55.5142],[12.1341,55.5156],[12.1341,55.5156],[12.1344,55.5157],[12.1352,55.5156],[12.1363,55.5144]]]},"properties":{"sourceId":"ais_par3.82155","a_type":4110,"hectares":1.364}},{"type":"Feature","id":"ais_par3.82156","geometry":{"type":"Polygon","coordinates":[[[12.1823,55.513],[12.1814,55.5133],[12.1813,55.5137],[12.1804,55.5144],[12.1798,55.5146],[12.1799,55.5147],[12.1797,55.5149],[12.1801,55.5153],[12.181,55.515],[12.1809,55.5148],[12.1831,55.5144],[12.1833,55.5145],[12.184,55.5143],[12.1823,55.513]]]},"properties":{"sourceId":"ais_par3.82156","a_type":4110,"hectares":2.775}},{"type":"Feature","id":"ais_par3.82157","geometry":{"type":"Polygon","coordinates":[[[12.1948,55.5152],[12.1954,55.5155],[12.1971,55.5149],[12.1963,55.5147],[12.1958,55.5133],[12.1945,55.513],[12.1944,55.513],[12.1942,55.5128],[12.1939,55.5129],[12.1936,55.5129],[12.1926,55.5131],[12.1921,55.5126],[12.1913,55.512],[12.1906,55.5119],[12.1896,55.512],[12.1911,55.513],[12.1887,55.5143],[12.1913,55.5156],[12.1906,55.5158],[12.1897,55.5159],[12.1875,55.5149],[12.1872,55.515],[12.1906,55.517],[12.1927,55.5162],[12.1948,55.5152]],[[12.1924,55.5144],[12.1924,55.5147],[12.1921,55.5144],[12.1924,55.5144]]]},"properties":{"sourceId":"ais_par3.82157","a_type":4110,"hectares":15.037}},{"type":"Feature","id":"ais_par3.82162","geometry":{"type":"Polygon","coordinates":[[[12.186,55.5204],[12.1877,55.5212],[12.1903,55.5198],[12.1894,55.5196],[12.1891,55.5194],[12.1889,55.5188],[12.1876,55.5194],[12.186,55.5204]]]},"properties":{"sourceId":"ais_par3.82162","a_type":4110,"hectares":3.233}},{"type":"Feature","id":"ais_par3.82167","geometry":{"type":"Polygon","coordinates":[[[12.1971,55.4035],[12.1964,55.4032],[12.1958,55.4035],[12.1962,55.4038],[12.1967,55.4042],[12.1973,55.4043],[12.197,55.4037],[12.1971,55.4035]]]},"properties":{"sourceId":"ais_par3.82167","a_type":4110,"hectares":0.578}},{"type":"Feature","id":"ais_par3.82168","geometry":{"type":"Polygon","coordinates":[[[12.2008,55.4034],[12.2012,55.4035],[12.2031,55.4033],[12.2035,55.4036],[12.204,55.4034],[12.2039,55.4031],[12.2034,55.403],[12.2028,55.4032],[12.2011,55.4033],[12.2008,55.4034]]]},"properties":{"sourceId":"ais_par3.82168","a_type":4110,"hectares":0.557}},{"type":"Feature","id":"ais_par3.82169","geometry":{"type":"Polygon","coordinates":[[[12.2091,55.407],[12.2086,55.4072],[12.2089,55.4073],[12.2096,55.4076],[12.2101,55.4077],[12.2102,55.4075],[12.2101,55.4074],[12.2099,55.4073],[12.2093,55.4071],[12.2091,55.407]]]},"properties":{"sourceId":"ais_par3.82169","a_type":4110,"hectares":0.325}},{"type":"Feature","id":"ais_par3.82170","geometry":{"type":"Polygon","coordinates":[[[12.2053,55.4087],[12.2056,55.4088],[12.2055,55.4091],[12.2065,55.4088],[12.207,55.4084],[12.2059,55.4085],[12.2059,55.4084],[12.206,55.4082],[12.2058,55.4081],[12.2056,55.4082],[12.2055,55.4085],[12.2053,55.4087]]]},"properties":{"sourceId":"ais_par3.82170","a_type":4110,"hectares":0.501}},{"type":"Feature","id":"ais_par3.82171","geometry":{"type":"Polygon","coordinates":[[[12.2131,55.4071],[12.2138,55.407],[12.2142,55.4067],[12.215,55.4066],[12.2157,55.4066],[12.2154,55.4059],[12.2148,55.406],[12.2145,55.4062],[12.2131,55.4071]]]},"properties":{"sourceId":"ais_par3.82171","a_type":4110,"hectares":0.83}},{"type":"Feature","id":"ais_par3.82172","geometry":{"type":"Polygon","coordinates":[[[12.2234,55.4122],[12.223,55.4122],[12.2224,55.4122],[12.2213,55.4121],[12.2207,55.4116],[12.2203,55.4106],[12.219,55.4102],[12.2192,55.4111],[12.2203,55.412],[12.2207,55.4123],[12.2213,55.4125],[12.2223,55.4126],[12.2231,55.4127],[12.223,55.4129],[12.2239,55.4131],[12.2256,55.4135],[12.2278,55.4141],[12.2281,55.4141],[12.2283,55.4139],[12.2283,55.4139],[12.2286,55.4136],[12.2263,55.4131],[12.2251,55.4125],[12.2237,55.4124],[12.2234,55.4122]]]},"properties":{"sourceId":"ais_par3.82172","a_type":4110,"hectares":4.392}},{"type":"Feature","id":"ais_par3.82173","geometry":{"type":"Polygon","coordinates":[[[12.2262,55.4156],[12.2262,55.4162],[12.2266,55.4163],[12.2271,55.4156],[12.2262,55.4156]]]},"properties":{"sourceId":"ais_par3.82173","a_type":4110,"hectares":0.295}},{"type":"Feature","id":"ais_par3.82174","geometry":{"type":"Polygon","coordinates":[[[12.2241,55.4152],[12.2221,55.4151],[12.2196,55.4153],[12.2188,55.416],[12.2181,55.4161],[12.2173,55.4159],[12.2165,55.4157],[12.216,55.4157],[12.2153,55.4159],[12.215,55.4158],[12.2148,55.416],[12.2154,55.4161],[12.216,55.4163],[12.2172,55.4164],[12.218,55.4164],[12.2201,55.4159],[12.2208,55.4157],[12.2231,55.4156],[12.2234,55.4155],[12.2238,55.4155],[12.2241,55.4152]]]},"properties":{"sourceId":"ais_par3.82174","a_type":4110,"hectares":2.95}},{"type":"Feature","id":"ais_par3.82177","geometry":{"type":"Polygon","coordinates":[[[12.2408,55.4032],[12.2378,55.4055],[12.2361,55.407],[12.236,55.4071],[12.2346,55.4086],[12.2345,55.4086],[12.233,55.4121],[12.2335,55.4122],[12.2339,55.4115],[12.2341,55.4108],[12.2342,55.4103],[12.2344,55.4096],[12.2349,55.4087],[12.2361,55.4073],[12.2362,55.4071],[12.2371,55.4063],[12.2382,55.4056],[12.2391,55.405],[12.2395,55.4047],[12.2403,55.404],[12.2409,55.4037],[12.2413,55.4033],[12.2408,55.4032]]]},"properties":{"sourceId":"ais_par3.82177","a_type":4110,"hectares":2.971}},{"type":"Feature","id":"ais_par3.82178","geometry":{"type":"Polygon","coordinates":[[[12.2272,55.4231],[12.227,55.4229],[12.2253,55.4235],[12.2249,55.4236],[12.2232,55.4246],[12.222,55.4254],[12.2222,55.4257],[12.2231,55.4249],[12.2245,55.4241],[12.2259,55.4235],[12.2272,55.4231]]]},"properties":{"sourceId":"ais_par3.82178","a_type":4110,"hectares":0.889}},{"type":"Feature","id":"ais_par3.82179","geometry":{"type":"Polygon","coordinates":[[[12.2214,55.4228],[12.222,55.4228],[12.2225,55.4225],[12.2231,55.4226],[12.2235,55.4224],[12.223,55.422],[12.2218,55.4223],[12.2214,55.4228]]]},"properties":{"sourceId":"ais_par3.82179","a_type":4110,"hectares":0.563}},{"type":"Feature","id":"ais_par3.82180","geometry":{"type":"Polygon","coordinates":[[[12.2292,55.4138],[12.2288,55.4141],[12.23,55.4144],[12.23,55.4147],[12.2308,55.4146],[12.2308,55.4145],[12.231,55.4143],[12.2318,55.4138],[12.2314,55.4137],[12.23,55.4133],[12.2292,55.4138]]]},"properties":{"sourceId":"ais_par3.82180","a_type":4110,"hectares":1.532}},{"type":"Feature","id":"ais_par3.82181","geometry":{"type":"Polygon","coordinates":[[[12.2305,55.4172],[12.2323,55.4177],[12.233,55.4169],[12.231,55.4165],[12.2305,55.4172]]]},"properties":{"sourceId":"ais_par3.82181","a_type":4110,"hectares":1.205}},{"type":"Feature","id":"ais_par3.82185","geometry":{"type":"Polygon","coordinates":[[[12.2204,55.3728],[12.22,55.3722],[12.219,55.3722],[12.2188,55.3727],[12.2204,55.3728]]]},"properties":{"sourceId":"ais_par3.82185","a_type":4110,"hectares":0.499}},{"type":"Feature","id":"ais_par3.82192","geometry":{"type":"Polygon","coordinates":[[[12.1998,55.4061],[12.2002,55.4063],[12.2005,55.4063],[12.2006,55.4059],[12.2006,55.4054],[12.1995,55.4049],[12.1996,55.4051],[12.1999,55.4055],[12.1998,55.4061]]]},"properties":{"sourceId":"ais_par3.82192","a_type":4110,"hectares":0.59}},{"type":"Feature","id":"ais_par3.82194","geometry":{"type":"Polygon","coordinates":[[[12.0698,55.528],[12.0697,55.5276],[12.0672,55.528],[12.0674,55.5283],[12.0674,55.5283],[12.0698,55.528]]]},"properties":{"sourceId":"ais_par3.82194","a_type":4110,"hectares":0.631}},{"type":"Feature","id":"ais_par3.82195","geometry":{"type":"Polygon","coordinates":[[[12.1982,55.5165],[12.1952,55.5177],[12.1941,55.5182],[12.1938,55.5183],[12.1947,55.519],[12.1952,55.5193],[12.1961,55.5195],[12.1972,55.5193],[12.1978,55.5192],[12.1982,55.5192],[12.1986,55.5193],[12.1989,55.5195],[12.1991,55.5192],[12.1989,55.5178],[12.1982,55.5165]]]},"properties":{"sourceId":"ais_par3.82195","a_type":4110,"hectares":6.616}},{"type":"Feature","id":"ais_par3.82295","geometry":{"type":"Polygon","coordinates":[[[11.9136,55.53],[11.9136,55.5301],[11.9137,55.5304],[11.9137,55.5305],[11.9139,55.5308],[11.9138,55.5308],[11.9139,55.5309],[11.9145,55.5308],[11.9136,55.53]]]},"properties":{"sourceId":"ais_par3.82295","a_type":4110,"hectares":0.208}},{"type":"Feature","id":"ais_par3.82303","geometry":{"type":"Polygon","coordinates":[[[12.1182,55.501],[12.1171,55.501],[12.1169,55.5016],[12.1177,55.5016],[12.1181,55.5013],[12.1182,55.501]],[[12.1176,55.5014],[12.1176,55.5013],[12.1177,55.5013],[12.1177,55.5013],[12.1178,55.5013],[12.1178,55.5013],[12.1177,55.5014],[12.1177,55.5014],[12.1176,55.5014]]]},"properties":{"sourceId":"ais_par3.82303","a_type":4110,"hectares":0.444}},{"type":"Feature","id":"ais_par3.82304","geometry":{"type":"Polygon","coordinates":[[[12.0991,55.4698],[12.0992,55.4697],[12.0996,55.4695],[12.0999,55.4693],[12.1003,55.4692],[12.1006,55.469],[12.1001,55.469],[12.1,55.469],[12.0989,55.4694],[12.0988,55.4696],[12.0991,55.4698]]]},"properties":{"sourceId":"ais_par3.82304","a_type":4110,"hectares":0.332}},{"type":"Feature","id":"ais_par3.82305","geometry":{"type":"Polygon","coordinates":[[[12.1048,55.4695],[12.1049,55.4698],[12.1052,55.4697],[12.1086,55.4701],[12.1111,55.4695],[12.1109,55.4693],[12.1105,55.4695],[12.1101,55.4694],[12.109,55.4696],[12.1087,55.4696],[12.1084,55.4695],[12.1082,55.4694],[12.108,55.4694],[12.1078,55.4693],[12.1076,55.4691],[12.1072,55.469],[12.1068,55.4689],[12.1064,55.469],[12.106,55.469],[12.1057,55.4689],[12.1051,55.469],[12.1047,55.4691],[12.1043,55.4693],[12.1041,55.4694],[12.1048,55.4695]]]},"properties":{"sourceId":"ais_par3.82305","a_type":4110,"hectares":2.892}},{"type":"Feature","id":"ais_par3.82306","geometry":{"type":"Polygon","coordinates":[[[12.1488,55.4608],[12.1482,55.4608],[12.1477,55.4609],[12.1439,55.4613],[12.1408,55.4621],[12.1407,55.4625],[12.1403,55.4625],[12.1401,55.4622],[12.1391,55.4621],[12.1378,55.4622],[12.1368,55.4624],[12.1361,55.4626],[12.1357,55.4628],[12.1354,55.4631],[12.1353,55.4633],[12.1347,55.4635],[12.1345,55.4635],[12.134,55.4635],[12.1334,55.4639],[12.133,55.4639],[12.1326,55.4642],[12.1324,55.4644],[12.1323,55.4643],[12.1323,55.4645],[12.132,55.4645],[12.1321,55.4649],[12.1317,55.4655],[12.1309,55.4655],[12.1305,55.4654],[12.1301,55.4658],[12.1307,55.4659],[12.131,55.4661],[12.131,55.4658],[12.1326,55.4656],[12.1323,55.4649],[12.1336,55.4645],[12.1359,55.4643],[12.1368,55.4642],[12.1372,55.4636],[12.138,55.4634],[12.1388,55.4629],[12.1402,55.4629],[12.1408,55.4628],[12.1414,55.4626],[12.142,55.4626],[12.1425,55.4624],[12.1427,55.4625],[12.1432,55.4623],[12.1446,55.4621],[12.1457,55.462],[12.1464,55.4618],[12.1472,55.4618],[12.1481,55.4616],[12.1484,55.4613],[12.1491,55.4612],[12.1497,55.4613],[12.1501,55.4614],[12.151,55.4612],[12.1516,55.4607],[12.1525,55.4605],[12.154,55.4604],[12.1558,55.4604],[12.1562,55.4603],[12.1568,55.4603],[12.1579,55.4603],[12.159,55.4603],[12.1598,55.4602],[12.1601,55.46],[12.1606,55.4597],[12.1611,55.4595],[12.1618,55.4595],[12.1625,55.4595],[12.1628,55.4595],[12.1628,55.4593],[12.1626,55.4592],[12.1624,55.459],[12.1622,55.4587],[12.1624,55.4586],[12.1626,55.4586],[12.1627,55.4586],[12.1627,55.4585],[12.1633,55.4584],[12.1632,55.4578],[12.1624,55.4585],[12.1614,55.4584],[12.1601,55.4582],[12.1587,55.458],[12.1577,55.458],[12.1571,55.458],[12.1562,55.4581],[12.1555,55.4583],[12.155,55.4585],[12.1548,55.4586],[12.1542,55.4588],[12.1538,55.4589],[12.1539,55.4591],[12.1541,55.4595],[12.153,55.4597],[12.1525,55.4601],[12.1514,55.4605],[12.1514,55.4607],[12.1488,55.4608]],[[12.1369,55.4629],[12.1371,55.4629],[12.1372,55.463],[12.1371,55.4631],[12.1368,55.4631],[12.1366,55.463],[12.1366,55.4629],[12.1367,55.4629],[12.1369,55.4629]],[[12.1437,55.4615],[12.1434,55.4617],[12.1432,55.4616],[12.1436,55.4614],[12.1437,55.4615]],[[12.1613,55.4585],[12.1613,55.4589],[12.1609,55.4588],[12.1609,55.4585],[12.1613,55.4585]]]},"properties":{"sourceId":"ais_par3.82306","a_type":4110,"hectares":24.741}},{"type":"Feature","id":"ais_par3.82307","geometry":{"type":"Polygon","coordinates":[[[12.1616,55.4627],[12.1626,55.4627],[12.1626,55.4626],[12.1626,55.4626],[12.1625,55.4626],[12.1624,55.4626],[12.1624,55.4625],[12.1623,55.4624],[12.1623,55.4624],[12.1623,55.4623],[12.1617,55.4625],[12.1616,55.4627]]]},"properties":{"sourceId":"ais_par3.82307","a_type":4110,"hectares":0.167}},{"type":"Feature","id":"ais_par3.82308","geometry":{"type":"Polygon","coordinates":[[[12.1089,55.449],[12.1093,55.449],[12.1102,55.4492],[12.1109,55.4493],[12.1116,55.4494],[12.112,55.4488],[12.1119,55.4487],[12.1107,55.4485],[12.1092,55.4486],[12.1089,55.449]]]},"properties":{"sourceId":"ais_par3.82308","a_type":4110,"hectares":1.194}},{"type":"Feature","id":"ais_par3.82309","geometry":{"type":"Polygon","coordinates":[[[12.1051,55.4387],[12.1046,55.4393],[12.1043,55.4394],[12.1041,55.4396],[12.1045,55.4399],[12.1051,55.4397],[12.1056,55.4397],[12.1054,55.4393],[12.1056,55.4388],[12.1051,55.4387]]]},"properties":{"sourceId":"ais_par3.82309","a_type":4110,"hectares":0.608}},{"type":"Feature","id":"ais_par3.82310","geometry":{"type":"Polygon","coordinates":[[[12.1463,55.4422],[12.1478,55.4419],[12.1482,55.442],[12.1483,55.4413],[12.1463,55.4422]]]},"properties":{"sourceId":"ais_par3.82310","a_type":4110,"hectares":0.41}},{"type":"Feature","id":"ais_par3.82311","geometry":{"type":"Polygon","coordinates":[[[12.1319,55.4223],[12.1326,55.4225],[12.1324,55.4223],[12.1324,55.422],[12.1319,55.422],[12.1319,55.4223]]]},"properties":{"sourceId":"ais_par3.82311","a_type":4110,"hectares":0.138}},{"type":"Feature","id":"ais_par3.82312","geometry":{"type":"Polygon","coordinates":[[[12.1075,55.3903],[12.1095,55.3916],[12.1105,55.3915],[12.1108,55.3916],[12.1111,55.3915],[12.1112,55.3913],[12.1099,55.3909],[12.11,55.3907],[12.11,55.3906],[12.1094,55.3905],[12.1092,55.3906],[12.1075,55.3903]],[[12.1092,55.3906],[12.1095,55.3905],[12.11,55.3906],[12.1099,55.3908],[12.1092,55.3906]]]},"properties":{"sourceId":"ais_par3.82312","a_type":4110,"hectares":1.349}},{"type":"Feature","id":"ais_par3.82313","geometry":{"type":"Polygon","coordinates":[[[12.1226,55.3928],[12.1243,55.3927],[12.1242,55.3924],[12.1227,55.3924],[12.1226,55.3928]],[[12.1226,55.3927],[12.1227,55.3924],[12.1232,55.3924],[12.1233,55.3925],[12.1233,55.3926],[12.1233,55.3927],[12.1231,55.3927],[12.1229,55.3927],[12.1226,55.3927]]]},"properties":{"sourceId":"ais_par3.82313","a_type":4110,"hectares":0.235}},{"type":"Feature","id":"ais_par3.82314","geometry":{"type":"Polygon","coordinates":[[[12.1268,55.3718],[12.1267,55.3719],[12.1265,55.3721],[12.1261,55.3722],[12.1259,55.3722],[12.1256,55.3722],[12.1254,55.3722],[12.1251,55.372],[12.1247,55.3721],[12.1249,55.3723],[12.125,55.3726],[12.1257,55.3728],[12.1261,55.3726],[12.1265,55.3726],[12.1272,55.3725],[12.1272,55.3724],[12.1268,55.3718]]]},"properties":{"sourceId":"ais_par3.82314","a_type":4110,"hectares":0.874}},{"type":"Feature","id":"ais_par3.82315","geometry":{"type":"Polygon","coordinates":[[[12.1306,55.3699],[12.1302,55.3701],[12.1296,55.3704],[12.1289,55.3707],[12.128,55.371],[12.1275,55.3712],[12.1293,55.3711],[12.1311,55.3706],[12.1306,55.3699]]]},"properties":{"sourceId":"ais_par3.82315","a_type":4110,"hectares":1.135}},{"type":"Feature","id":"ais_par3.82316","geometry":{"type":"Polygon","coordinates":[[[12.1474,55.3809],[12.1487,55.3798],[12.1482,55.3784],[12.1478,55.3786],[12.1475,55.3788],[12.1475,55.3793],[12.1473,55.3796],[12.1471,55.38],[12.1462,55.3806],[12.1474,55.3809]],[[12.1477,55.3805],[12.1475,55.3806],[12.1475,55.3804],[12.1479,55.38],[12.1482,55.3801],[12.1477,55.3805]]]},"properties":{"sourceId":"ais_par3.82316","a_type":4110,"hectares":1.817}},{"type":"Feature","id":"ais_par3.82317","geometry":{"type":"Polygon","coordinates":[[[12.164,55.38],[12.1638,55.3801],[12.1633,55.3804],[12.1631,55.3807],[12.1627,55.3808],[12.162,55.38],[12.161,55.3802],[12.1608,55.3808],[12.1603,55.3809],[12.1601,55.3808],[12.1599,55.3808],[12.1601,55.381],[12.1591,55.3812],[12.159,55.3812],[12.1589,55.3812],[12.1586,55.3806],[12.158,55.3809],[12.1576,55.3811],[12.1581,55.3815],[12.1581,55.3816],[12.1588,55.382],[12.159,55.3818],[12.1595,55.3815],[12.16,55.3814],[12.1603,55.3813],[12.1606,55.3814],[12.161,55.3811],[12.1612,55.3809],[12.1615,55.3809],[12.162,55.3809],[12.1625,55.381],[12.1629,55.3809],[12.1633,55.3808],[12.1636,55.3808],[12.1641,55.3809],[12.1647,55.3806],[12.164,55.38]]]},"properties":{"sourceId":"ais_par3.82317","a_type":4110,"hectares":2.811}},{"type":"Feature","id":"ais_par3.82318","geometry":{"type":"Polygon","coordinates":[[[12.1708,55.38],[12.171,55.3802],[12.1715,55.3801],[12.1714,55.38],[12.1708,55.38]]]},"properties":{"sourceId":"ais_par3.82318","a_type":4110,"hectares":0.062}},{"type":"Feature","id":"ais_par3.82319","geometry":{"type":"Polygon","coordinates":[[[12.183,55.3886],[12.1835,55.3885],[12.1835,55.3884],[12.1831,55.3884],[12.1828,55.3884],[12.183,55.3886]]]},"properties":{"sourceId":"ais_par3.82319","a_type":4110,"hectares":0.052}},{"type":"Feature","id":"ais_par3.82320","geometry":{"type":"Polygon","coordinates":[[[12.186,55.3853],[12.1849,55.3858],[12.1848,55.3859],[12.1853,55.3863],[12.1864,55.3858],[12.1867,55.3857],[12.1864,55.3857],[12.1861,55.3857],[12.186,55.3855],[12.186,55.3853]]]},"properties":{"sourceId":"ais_par3.82320","a_type":4110,"hectares":0.55}},{"type":"Feature","id":"ais_par3.82321","geometry":{"type":"Polygon","coordinates":[[[12.2025,55.5057],[12.2013,55.506],[12.2017,55.5066],[12.202,55.5069],[12.2031,55.5067],[12.2025,55.5057]]]},"properties":{"sourceId":"ais_par3.82321","a_type":4110,"hectares":0.92}},{"type":"Feature","id":"ais_par3.82322","geometry":{"type":"Polygon","coordinates":[[[12.1989,55.5012],[12.1972,55.5014],[12.1991,55.5039],[12.201,55.5038],[12.1989,55.5012]]]},"properties":{"sourceId":"ais_par3.82322","a_type":4110,"hectares":3.516}},{"type":"Feature","id":"ais_par3.82323","geometry":{"type":"Polygon","coordinates":[[[12.1958,55.4945],[12.193,55.4953],[12.1932,55.4961],[12.1963,55.4952],[12.1958,55.4945]]]},"properties":{"sourceId":"ais_par3.82323","a_type":4110,"hectares":1.712}},{"type":"Feature","id":"ais_par3.82324","geometry":{"type":"Polygon","coordinates":[[[12.1689,55.4581],[12.1694,55.4578],[12.1697,55.4576],[12.1696,55.4574],[12.1696,55.4572],[12.1689,55.4571],[12.1678,55.4577],[12.1665,55.4577],[12.166,55.4572],[12.1655,55.4573],[12.1651,55.4571],[12.1648,55.4573],[12.1652,55.4574],[12.1653,55.4576],[12.1652,55.458],[12.1653,55.458],[12.1654,55.4581],[12.1655,55.4581],[12.1658,55.458],[12.1665,55.4581],[12.1668,55.4581],[12.1673,55.4583],[12.1675,55.4586],[12.168,55.4588],[12.1681,55.4591],[12.1689,55.4593],[12.1693,55.4591],[12.169,55.4591],[12.1688,55.4588],[12.1689,55.4581]],[[12.1676,55.4583],[12.1677,55.4581],[12.168,55.4582],[12.168,55.4583],[12.1676,55.4583]]]},"properties":{"sourceId":"ais_par3.82324","a_type":4110,"hectares":2.953}},{"type":"Feature","id":"ais_par3.82325","geometry":{"type":"Polygon","coordinates":[[[12.1708,55.4605],[12.1714,55.4604],[12.1737,55.4594],[12.1739,55.4593],[12.1741,55.4589],[12.1736,55.4585],[12.1733,55.4581],[12.1724,55.4589],[12.172,55.4592],[12.1718,55.4598],[12.1715,55.4602],[12.1711,55.4602],[12.1708,55.4602],[12.1707,55.46],[12.1705,55.4601],[12.1702,55.4604],[12.1701,55.4604],[12.1708,55.4605]],[[12.1733,55.459],[12.1733,55.4592],[12.1728,55.459],[12.1729,55.4589],[12.1733,55.459]]]},"properties":{"sourceId":"ais_par3.82325","a_type":4110,"hectares":1.971}},{"type":"Feature","id":"ais_par3.82326","geometry":{"type":"Polygon","coordinates":[[[12.1878,55.4404],[12.1888,55.4404],[12.1894,55.44],[12.1901,55.4397],[12.1897,55.4393],[12.1896,55.4389],[12.189,55.4389],[12.1886,55.4388],[12.1882,55.4386],[12.1878,55.4404]],[[12.1881,55.44],[12.1882,55.4395],[12.1883,55.4395],[12.1882,55.44],[12.1881,55.44]]]},"properties":{"sourceId":"ais_par3.82326","a_type":4110,"hectares":1.7}},{"type":"Feature","id":"ais_par3.82327","geometry":{"type":"Polygon","coordinates":[[[12.2013,55.4349],[12.2005,55.4354],[12.195,55.4384],[12.1951,55.4385],[12.1958,55.4392],[12.1964,55.4392],[12.1962,55.4385],[12.1976,55.4382],[12.1976,55.438],[12.1979,55.4376],[12.1985,55.4375],[12.1986,55.4373],[12.2002,55.4369],[12.201,55.4367],[12.2014,55.4365],[12.2009,55.4361],[12.2018,55.4361],[12.203,55.4357],[12.2048,55.4347],[12.2038,55.4342],[12.2053,55.4335],[12.2078,55.4323],[12.2067,55.4319],[12.2039,55.4333],[12.2022,55.4341],[12.2013,55.4349]]]},"properties":{"sourceId":"ais_par3.82327","a_type":4110,"hectares":10.518}},{"type":"Feature","id":"ais_par3.82328","geometry":{"type":"Polygon","coordinates":[[[12.2097,55.4302],[12.2103,55.4305],[12.2108,55.4305],[12.2112,55.4305],[12.2119,55.43],[12.2117,55.4295],[12.2111,55.429],[12.2097,55.4302]]]},"properties":{"sourceId":"ais_par3.82328","a_type":4110,"hectares":1.293}},{"type":"Feature","id":"ais_par3.82329","geometry":{"type":"Polygon","coordinates":[[[12.1912,55.4238],[12.1921,55.424],[12.1912,55.423],[12.1914,55.4221],[12.1909,55.4216],[12.1904,55.4217],[12.1903,55.4223],[12.1906,55.4227],[12.1906,55.4234],[12.191,55.4237],[12.1912,55.4238]]]},"properties":{"sourceId":"ais_par3.82329","a_type":4110,"hectares":1.306}},{"type":"Feature","id":"ais_par3.82330","geometry":{"type":"Polygon","coordinates":[[[12.2277,55.4186],[12.2269,55.4184],[12.2269,55.4186],[12.2278,55.4192],[12.2278,55.4196],[12.2278,55.4199],[12.2278,55.4202],[12.2274,55.4206],[12.2273,55.4208],[12.227,55.4211],[12.2261,55.4211],[12.225,55.4209],[12.2248,55.421],[12.225,55.4213],[12.226,55.4213],[12.2269,55.4213],[12.2275,55.4211],[12.228,55.4207],[12.2281,55.4203],[12.2282,55.4198],[12.2281,55.4193],[12.2282,55.419],[12.2284,55.4187],[12.2301,55.4172],[12.2304,55.417],[12.2306,55.4167],[12.2308,55.416],[12.2307,55.4156],[12.2273,55.4157],[12.2271,55.416],[12.2279,55.4161],[12.228,55.4164],[12.2283,55.4167],[12.2287,55.4168],[12.2287,55.4171],[12.2286,55.4173],[12.2285,55.4179],[12.2277,55.4186]]]},"properties":{"sourceId":"ais_par3.82330","a_type":4110,"hectares":5.271}},{"type":"Feature","id":"ais_par3.82331","geometry":{"type":"Polygon","coordinates":[[[12.1833,55.4009],[12.1834,55.4014],[12.1859,55.4011],[12.1856,55.4009],[12.1854,55.4006],[12.1852,55.4003],[12.1846,55.4003],[12.1838,55.4004],[12.1835,55.4003],[12.1836,55.4005],[12.1838,55.4007],[12.1837,55.4009],[12.1833,55.4009]]]},"properties":{"sourceId":"ais_par3.82331","a_type":4110,"hectares":1.354}},{"type":"Feature","id":"ais_par3.82332","geometry":{"type":"Polygon","coordinates":[[[12.1891,55.4416],[12.1882,55.4414],[12.1873,55.4419],[12.1867,55.4433],[12.1858,55.443],[12.1837,55.444],[12.181,55.4447],[12.1823,55.446],[12.1839,55.4484],[12.1851,55.4483],[12.1871,55.4482],[12.1871,55.4476],[12.1876,55.4476],[12.1883,55.4474],[12.1891,55.4471],[12.1885,55.4465],[12.1886,55.4461],[12.189,55.446],[12.1923,55.4425],[12.1925,55.4422],[12.1932,55.4414],[12.1935,55.4412],[12.1934,55.4407],[12.1915,55.4406],[12.1912,55.4404],[12.1912,55.4402],[12.1895,55.4412],[12.1891,55.4416]]]},"properties":{"sourceId":"ais_par3.82332","a_type":4110,"hectares":31.931}},{"type":"Feature","id":"ais_par3.82333","geometry":{"type":"Polygon","coordinates":[[[12.1904,55.4857],[12.1906,55.4857],[12.1904,55.4854],[12.19,55.4851],[12.19,55.4851],[12.1897,55.4852],[12.1893,55.4853],[12.1894,55.4855],[12.1899,55.4855],[12.19,55.4855],[12.1902,55.4854],[12.1903,55.4855],[12.1903,55.4855],[12.1903,55.4855],[12.1901,55.4857],[12.1904,55.4857]],[[12.1904,55.4857],[12.1903,55.4857],[12.1903,55.4856],[12.1903,55.4856],[12.1904,55.4856],[12.1904,55.4856],[12.1905,55.4856],[12.1905,55.4857],[12.1904,55.4857]]]},"properties":{"sourceId":"ais_par3.82333","a_type":4110,"hectares":0.243}},{"type":"Feature","id":"ais_par3.82335","geometry":{"type":"Polygon","coordinates":[[[11.9411,55.5399],[11.9419,55.5398],[11.9419,55.5397],[11.942,55.5394],[11.9421,55.5393],[11.9421,55.5392],[11.9418,55.5391],[11.941,55.5384],[11.9411,55.5398],[11.9411,55.5399]],[[11.9413,55.5398],[11.9413,55.5392],[11.9414,55.5391],[11.942,55.5392],[11.942,55.5393],[11.9419,55.5394],[11.9414,55.5398],[11.9413,55.5398]]]},"properties":{"sourceId":"ais_par3.82335","a_type":4110,"hectares":0.429}},{"type":"Feature","id":"ais_par3.82347","geometry":{"type":"Polygon","coordinates":[[[12.139,55.437],[12.1385,55.4373],[12.1388,55.4376],[12.1392,55.4375],[12.14,55.4382],[12.1406,55.4378],[12.1399,55.437],[12.1396,55.4371],[12.139,55.437]]]},"properties":{"sourceId":"ais_par3.82347","a_type":4110,"hectares":0.836}},{"type":"Feature","id":"ais_par3.82389","geometry":{"type":"Polygon","coordinates":[[[12.1884,55.5114],[12.1878,55.511],[12.1845,55.5102],[12.1845,55.5099],[12.1848,55.51],[12.1845,55.5084],[12.1827,55.5086],[12.1821,55.5085],[12.18,55.5087],[12.1804,55.5092],[12.1818,55.509],[12.1831,55.509],[12.1833,55.5097],[12.184,55.5097],[12.1841,55.5099],[12.1837,55.5113],[12.1863,55.5123],[12.1878,55.5113],[12.1881,55.5115],[12.1884,55.5114]]]},"properties":{"sourceId":"ais_par3.82389","a_type":4110,"hectares":5.949}},{"type":"Feature","id":"ais_par3.82391","geometry":{"type":"Polygon","coordinates":[[[12.1377,55.3713],[12.1387,55.3703],[12.1383,55.37],[12.1381,55.3698],[12.1376,55.3697],[12.1366,55.3698],[12.1356,55.3698],[12.1339,55.3705],[12.1342,55.3708],[12.1346,55.371],[12.1344,55.3711],[12.135,55.3712],[12.1357,55.3714],[12.1361,55.3716],[12.1362,55.3718],[12.1366,55.3722],[12.1372,55.3718],[12.1377,55.3713]],[[12.1357,55.3712],[12.1367,55.3713],[12.137,55.3716],[12.1366,55.3718],[12.1364,55.3718],[12.1361,55.3714],[12.1357,55.3712]]]},"properties":{"sourceId":"ais_par3.82391","a_type":4110,"hectares":4.434}},{"type":"Feature","id":"ais_par3.82396","geometry":{"type":"Polygon","coordinates":[[[12.2024,55.5149],[12.2017,55.5146],[12.201,55.5148],[12.2,55.5141],[12.1979,55.515],[12.198,55.5149],[12.1985,55.5154],[12.1999,55.5153],[12.2009,55.5155],[12.1987,55.5164],[12.1997,55.5181],[12.2019,55.5175],[12.2017,55.5172],[12.2022,55.517],[12.2021,55.5165],[12.2034,55.5161],[12.2037,55.5162],[12.2039,55.5161],[12.204,55.5159],[12.2024,55.5149]],[[12.2014,55.5173],[12.2006,55.517],[12.2011,55.5169],[12.2014,55.5171],[12.2014,55.5173]]]},"properties":{"sourceId":"ais_par3.82396","a_type":4110,"hectares":7.9}},{"type":"Feature","id":"ais_par3.82402","geometry":{"type":"Polygon","coordinates":[[[12.2059,55.4051],[12.2073,55.4048],[12.2068,55.4038],[12.2066,55.4039],[12.2065,55.4039],[12.2064,55.4036],[12.2063,55.4037],[12.2061,55.4039],[12.2052,55.404],[12.2057,55.4052],[12.2059,55.4051]]]},"properties":{"sourceId":"ais_par3.82402","a_type":4110,"hectares":1.345}},{"type":"Feature","id":"ais_par3.82485","geometry":{"type":"Polygon","coordinates":[[[12.2204,55.3728],[12.2215,55.3728],[12.2206,55.3719],[12.22,55.3722],[12.2204,55.3728]],[[12.2204,55.3721],[12.2206,55.3723],[12.2209,55.3724],[12.221,55.3726],[12.2208,55.3726],[12.2203,55.3722],[12.2204,55.3721]]]},"properties":{"sourceId":"ais_par3.82485","a_type":4120,"hectares":0.427}},{"type":"Feature","id":"ais_par3.82405","geometry":{"type":"Polygon","coordinates":[[[12.2101,55.4062],[12.2099,55.4062],[12.2096,55.406],[12.2094,55.4057],[12.2093,55.4054],[12.2082,55.4046],[12.2059,55.4051],[12.2059,55.406],[12.2061,55.4067],[12.206,55.407],[12.2059,55.4072],[12.2063,55.4074],[12.2066,55.4075],[12.2071,55.4074],[12.2077,55.4073],[12.2082,55.4072],[12.2075,55.4071],[12.2068,55.4071],[12.2066,55.407],[12.2066,55.4069],[12.2066,55.4067],[12.2065,55.4063],[12.2071,55.4062],[12.208,55.406],[12.2088,55.4059],[12.2091,55.4059],[12.2093,55.4061],[12.2093,55.4067],[12.2101,55.4062]]]},"properties":{"sourceId":"ais_par3.82405","a_type":4110,"hectares":3.836}},{"type":"Feature","id":"ais_par3.82406","geometry":{"type":"Polygon","coordinates":[[[12.0307,55.4989],[12.0318,55.4987],[12.0321,55.4983],[12.0323,55.4978],[12.0323,55.4977],[12.0324,55.4974],[12.0321,55.4973],[12.0318,55.4975],[12.0308,55.4973],[12.0301,55.4979],[12.0294,55.4976],[12.0285,55.4982],[12.0292,55.4987],[12.0294,55.4988],[12.0303,55.4986],[12.0306,55.4988],[12.0307,55.4989]],[[12.0302,55.4981],[12.0308,55.4974],[12.0314,55.4976],[12.032,55.4977],[12.0318,55.4982],[12.0313,55.4986],[12.0308,55.4987],[12.031,55.4985],[12.0308,55.4982],[12.0302,55.4981]]]},"properties":{"sourceId":"ais_par3.82406","a_type":4110,"hectares":1.927}},{"type":"Feature","id":"ais_par3.82407","geometry":{"type":"Polygon","coordinates":[[[11.9101,55.5363],[11.9107,55.5368],[11.9108,55.5363],[11.9112,55.5355],[11.9115,55.535],[11.9117,55.5345],[11.9119,55.5337],[11.9114,55.534],[11.9115,55.5344],[11.9114,55.5346],[11.9114,55.5346],[11.911,55.5348],[11.9108,55.535],[11.9107,55.5353],[11.9104,55.5358],[11.9101,55.5363]]]},"properties":{"sourceId":"ais_par3.82407","a_type":4110,"hectares":1.08}},{"type":"Feature","id":"ais_par3.82409","geometry":{"type":"Polygon","coordinates":[[[12.2008,55.5139],[12.2024,55.5149],[12.2044,55.514],[12.204,55.5136],[12.2029,55.5135],[12.2017,55.5136],[12.2008,55.5139]]]},"properties":{"sourceId":"ais_par3.82409","a_type":4110,"hectares":1.932}},{"type":"Feature","id":"ais_par3.82411","geometry":{"type":"Polygon","coordinates":[[[11.9093,55.5375],[11.9106,55.5381],[11.9116,55.5376],[11.9109,55.537],[11.9101,55.5363],[11.91,55.5364],[11.91,55.5366],[11.9095,55.5373],[11.9093,55.5375]]]},"properties":{"sourceId":"ais_par3.82411","a_type":4110,"hectares":1.364}},{"type":"Feature","id":"ais_par3.82412","geometry":{"type":"Polygon","coordinates":[[[12.0309,55.4994],[12.0307,55.4989],[12.0296,55.4991],[12.0297,55.4995],[12.0309,55.4994]]]},"properties":{"sourceId":"ais_par3.82412","a_type":4110,"hectares":0.388}},{"type":"Feature","id":"ais_par3.82414","geometry":{"type":"Polygon","coordinates":[[[12.0488,55.4902],[12.0497,55.4902],[12.0505,55.4901],[12.0505,55.4894],[12.0501,55.4893],[12.0487,55.4896],[12.0488,55.4901],[12.0488,55.4902]],[[12.0495,55.4897],[12.0495,55.4896],[12.0499,55.4895],[12.05,55.4897],[12.05,55.4898],[12.0498,55.4899],[12.0495,55.4897]]]},"properties":{"sourceId":"ais_par3.82414","a_type":4120,"hectares":0.773}},{"type":"Feature","id":"ais_par3.82415","geometry":{"type":"Polygon","coordinates":[[[12.0708,55.4844],[12.071,55.4843],[12.0713,55.4839],[12.0711,55.4836],[12.0709,55.4833],[12.0705,55.4832],[12.0701,55.4833],[12.0699,55.4835],[12.0697,55.4836],[12.0697,55.4838],[12.0697,55.484],[12.0697,55.4841],[12.0699,55.4842],[12.0702,55.4843],[12.0706,55.4844],[12.0708,55.4844]],[[12.0701,55.4841],[12.0699,55.4839],[12.07,55.4837],[12.0704,55.4836],[12.0707,55.4837],[12.0708,55.4839],[12.0708,55.484],[12.0703,55.4841],[12.0703,55.4841],[12.0701,55.4841]]]},"properties":{"sourceId":"ais_par3.82415","a_type":4120,"hectares":0.745}},{"type":"Feature","id":"ais_par3.82416","geometry":{"type":"Polygon","coordinates":[[[12.0701,55.4831],[12.0709,55.483],[12.0709,55.4827],[12.0708,55.4826],[12.0705,55.4826],[12.0693,55.4827],[12.0694,55.483],[12.07,55.483],[12.0701,55.4831]]]},"properties":{"sourceId":"ais_par3.82416","a_type":4120,"hectares":0.396}},{"type":"Feature","id":"ais_par3.82417","geometry":{"type":"Polygon","coordinates":[[[12.0651,55.4885],[12.0652,55.4893],[12.0666,55.4892],[12.0668,55.4881],[12.0672,55.488],[12.0672,55.4878],[12.0664,55.4878],[12.0664,55.4876],[12.0674,55.4875],[12.0674,55.4872],[12.0671,55.4872],[12.0669,55.487],[12.068,55.4868],[12.0678,55.4865],[12.0653,55.4869],[12.0651,55.4869],[12.0638,55.4869],[12.0639,55.4876],[12.0639,55.4879],[12.0642,55.4879],[12.0643,55.4885],[12.0651,55.4885]]]},"properties":{"sourceId":"ais_par3.82417","a_type":4120,"hectares":4.425}},{"type":"Feature","id":"ais_par3.82418","geometry":{"type":"Polygon","coordinates":[[[12.0669,55.4838],[12.0673,55.4835],[12.0662,55.4837],[12.0662,55.4836],[12.0657,55.4837],[12.0657,55.4835],[12.0629,55.4838],[12.0629,55.4837],[12.0614,55.4838],[12.0608,55.4838],[12.0599,55.4839],[12.0595,55.4839],[12.0595,55.4844],[12.0583,55.4844],[12.0574,55.4843],[12.0573,55.4848],[12.0572,55.4849],[12.0569,55.485],[12.0568,55.4851],[12.0569,55.4856],[12.0572,55.4857],[12.0572,55.4869],[12.0592,55.4869],[12.0593,55.4866],[12.0617,55.4866],[12.0617,55.4862],[12.0629,55.4862],[12.0629,55.486],[12.0642,55.4858],[12.0642,55.4856],[12.0649,55.4855],[12.0649,55.4857],[12.0656,55.4857],[12.0669,55.4855],[12.0674,55.4852],[12.0669,55.4838]]]},"properties":{"sourceId":"ais_par3.82418","a_type":4120,"hectares":16.711}},{"type":"Feature","id":"ais_par3.82419","geometry":{"type":"Polygon","coordinates":[[[11.9879,55.4761],[11.9886,55.4761],[11.9882,55.4747],[11.9874,55.4745],[11.9879,55.4761]],[[11.9881,55.4759],[11.988,55.4759],[11.988,55.4758],[11.9879,55.4757],[11.9881,55.4756],[11.9882,55.4756],[11.9883,55.4757],[11.9884,55.4758],[11.9883,55.4759],[11.9881,55.4759]]]},"properties":{"sourceId":"ais_par3.82419","a_type":4120,"hectares":0.676}},{"type":"Feature","id":"ais_par3.82420","geometry":{"type":"Polygon","coordinates":[[[11.9954,55.4683],[11.9953,55.4684],[11.9954,55.4687],[11.9957,55.4689],[11.996,55.4689],[11.9958,55.4686],[11.9959,55.4685],[11.9957,55.4685],[11.9954,55.4683]],[[11.9955,55.4687],[11.9954,55.4686],[11.9955,55.4685],[11.9956,55.4685],[11.9957,55.4686],[11.9957,55.4687],[11.9955,55.4687]]]},"properties":{"sourceId":"ais_par3.82420","a_type":4120,"hectares":0.136}},{"type":"Feature","id":"ais_par3.82421","geometry":{"type":"Polygon","coordinates":[[[11.9965,55.4643],[11.9971,55.4644],[11.9992,55.4646],[11.9992,55.4645],[11.9994,55.4644],[11.9994,55.4643],[11.9987,55.4641],[11.9984,55.4639],[11.997,55.4638],[11.9968,55.464],[11.9968,55.4642],[11.9965,55.4643]]]},"properties":{"sourceId":"ais_par3.82421","a_type":4120,"hectares":0.973}},{"type":"Feature","id":"ais_par3.82422","geometry":{"type":"Polygon","coordinates":[[[11.9924,55.4642],[11.9928,55.4642],[11.9934,55.464],[11.9925,55.4639],[11.9924,55.4642]]]},"properties":{"sourceId":"ais_par3.82422","a_type":4120,"hectares":0.121}},{"type":"Feature","id":"ais_par3.82423","geometry":{"type":"Polygon","coordinates":[[[11.9981,55.4651],[11.9989,55.4651],[11.999,55.4649],[11.9981,55.4647],[11.9981,55.4651]]]},"properties":{"sourceId":"ais_par3.82423","a_type":4120,"hectares":0.172}},{"type":"Feature","id":"ais_par3.82424","geometry":{"type":"Polygon","coordinates":[[[12.0075,55.4654],[12.0077,55.4655],[12.0078,55.4656],[12.0079,55.4658],[12.0085,55.4659],[12.0087,55.4661],[12.0094,55.466],[12.0096,55.4659],[12.0096,55.4657],[12.0092,55.4649],[12.0088,55.4648],[12.0081,55.4648],[12.0075,55.4654]],[[12.0082,55.4652],[12.0082,55.465],[12.0089,55.465],[12.0089,55.4651],[12.0092,55.4651],[12.0093,55.4655],[12.0089,55.4655],[12.0088,55.4653],[12.0083,55.4652],[12.0082,55.4652]]]},"properties":{"sourceId":"ais_par3.82424","a_type":4120,"hectares":1.052}},{"type":"Feature","id":"ais_par3.82425","geometry":{"type":"Polygon","coordinates":[[[12.0174,55.4682],[12.0177,55.4679],[12.0178,55.4679],[12.018,55.4677],[12.018,55.4675],[12.0181,55.4674],[12.018,55.4669],[12.0165,55.4665],[12.0163,55.4667],[12.016,55.4667],[12.0155,55.4671],[12.0163,55.4679],[12.0174,55.4682]],[[12.0172,55.4677],[12.0169,55.4676],[12.0166,55.4674],[12.0165,55.4672],[12.0167,55.467],[12.0169,55.467],[12.0172,55.4668],[12.0176,55.4669],[12.0177,55.4671],[12.0176,55.4672],[12.0173,55.4672],[12.0173,55.4672],[12.0176,55.4674],[12.0176,55.4676],[12.0175,55.4677],[12.0172,55.4677]]]},"properties":{"sourceId":"ais_par3.82425","a_type":4120,"hectares":1.565}},{"type":"Feature","id":"ais_par3.82426","geometry":{"type":"Polygon","coordinates":[[[12.0172,55.4676],[12.0174,55.4676],[12.0175,55.4676],[12.0174,55.4675],[12.0171,55.4673],[12.0172,55.4671],[12.0175,55.4671],[12.0175,55.467],[12.0172,55.4669],[12.0171,55.467],[12.0168,55.4671],[12.0166,55.4673],[12.0169,55.4675],[12.0172,55.4676]]]},"properties":{"sourceId":"ais_par3.82426","a_type":4120,"hectares":0.215}},{"type":"Feature","id":"ais_par3.82427","geometry":{"type":"Polygon","coordinates":[[[12.0197,55.464],[12.0193,55.4641],[12.0194,55.4646],[12.0197,55.4646],[12.0197,55.464]],[[12.0197,55.4644],[12.0196,55.4644],[12.0196,55.4643],[12.0196,55.4643],[12.0197,55.4644]]]},"properties":{"sourceId":"ais_par3.82427","a_type":4120,"hectares":0.128}},{"type":"Feature","id":"ais_par3.82428","geometry":{"type":"Polygon","coordinates":[[[12.0318,55.4765],[12.0318,55.4762],[12.0316,55.4761],[12.031,55.4755],[12.0303,55.4753],[12.03,55.4756],[12.0306,55.4757],[12.031,55.4761],[12.0314,55.4765],[12.0317,55.4769],[12.0318,55.4768],[12.0318,55.4765]]]},"properties":{"sourceId":"ais_par3.82428","a_type":4120,"hectares":0.553}},{"type":"Feature","id":"ais_par3.82429","geometry":{"type":"Polygon","coordinates":[[[11.9425,55.4642],[11.9428,55.464],[11.9421,55.4639],[11.9415,55.4638],[11.941,55.4637],[11.9409,55.4637],[11.9413,55.464],[11.9412,55.4642],[11.9416,55.4643],[11.9425,55.4642]]]},"properties":{"sourceId":"ais_par3.82429","a_type":4120,"hectares":0.437}},{"type":"Feature","id":"ais_par3.82430","geometry":{"type":"Polygon","coordinates":[[[11.9392,55.4623],[11.9387,55.4625],[11.9392,55.4626],[11.9406,55.463],[11.9408,55.4627],[11.9401,55.4625],[11.9392,55.4623]]]},"properties":{"sourceId":"ais_par3.82430","a_type":4120,"hectares":0.388}},{"type":"Feature","id":"ais_par3.82431","geometry":{"type":"Polygon","coordinates":[[[11.9829,55.4625],[11.9832,55.4624],[11.9833,55.4627],[11.9843,55.4626],[11.9843,55.4624],[11.9845,55.4621],[11.9844,55.462],[11.9842,55.4621],[11.9838,55.4622],[11.9831,55.4622],[11.9827,55.4622],[11.9829,55.4625]]]},"properties":{"sourceId":"ais_par3.82431","a_type":4120,"hectares":0.418}},{"type":"Feature","id":"ais_par3.82432","geometry":{"type":"Polygon","coordinates":[[[11.9861,55.4433],[11.9859,55.4435],[11.9857,55.4437],[11.9859,55.4437],[11.9861,55.4437],[11.9861,55.4433]],[[11.9859,55.4437],[11.9859,55.4435],[11.986,55.4435],[11.986,55.4435],[11.986,55.4437],[11.9859,55.4437]]]},"properties":{"sourceId":"ais_par3.82432","a_type":4120,"hectares":0.056}},{"type":"Feature","id":"ais_par3.82433","geometry":{"type":"Polygon","coordinates":[[[11.9891,55.4424],[11.9904,55.4427],[11.9905,55.4425],[11.9895,55.4423],[11.9891,55.4424]]]},"properties":{"sourceId":"ais_par3.82433","a_type":4120,"hectares":0.173}},{"type":"Feature","id":"ais_par3.82434","geometry":{"type":"Polygon","coordinates":[[[11.9459,55.4677],[11.9458,55.4678],[11.9463,55.4686],[11.9477,55.4687],[11.9477,55.4676],[11.9477,55.4673],[11.9483,55.4674],[11.9484,55.4666],[11.948,55.4666],[11.9479,55.4668],[11.9474,55.4664],[11.9468,55.4663],[11.9459,55.4662],[11.9453,55.4666],[11.9447,55.4669],[11.9445,55.4673],[11.9446,55.4676],[11.9457,55.4676],[11.9459,55.4677]],[[11.9476,55.4677],[11.9476,55.4685],[11.9474,55.4684],[11.9473,55.4685],[11.9465,55.4683],[11.9464,55.4683],[11.9464,55.4681],[11.9462,55.4679],[11.9463,55.4678],[11.9465,55.4676],[11.9472,55.4676],[11.9476,55.4677]],[[11.9453,55.4669],[11.9455,55.4667],[11.946,55.4667],[11.9461,55.4668],[11.9463,55.4667],[11.9466,55.4667],[11.9466,55.4666],[11.9459,55.4665],[11.9459,55.4664],[11.9467,55.4665],[11.9473,55.4665],[11.9476,55.467],[11.9475,55.4674],[11.947,55.4674],[11.9466,55.4675],[11.9461,55.4677],[11.9459,55.4677],[11.9456,55.4673],[11.9453,55.4669]]]},"properties":{"sourceId":"ais_par3.82434","a_type":4120,"hectares":2.01}},{"type":"Feature","id":"ais_par3.82435","geometry":{"type":"Polygon","coordinates":[[[11.9922,55.4437],[11.9922,55.4433],[11.9914,55.4431],[11.9914,55.4435],[11.9922,55.4437]]]},"properties":{"sourceId":"ais_par3.82435","a_type":4120,"hectares":0.219}},{"type":"Feature","id":"ais_par3.82436","geometry":{"type":"Polygon","coordinates":[[[12.0361,55.4448],[12.0369,55.4446],[12.0373,55.4448],[12.0383,55.4444],[12.0393,55.4438],[12.0389,55.4437],[12.0387,55.4437],[12.0381,55.4436],[12.0373,55.4442],[12.0368,55.4441],[12.0361,55.4448]],[[12.0375,55.4444],[12.0377,55.4443],[12.0379,55.4444],[12.0377,55.4445],[12.0375,55.4444]],[[12.0364,55.4446],[12.0368,55.4442],[12.0372,55.4443],[12.0364,55.4446]]]},"properties":{"sourceId":"ais_par3.82436","a_type":4120,"hectares":1.059}},{"type":"Feature","id":"ais_par3.82437","geometry":{"type":"Polygon","coordinates":[[[12.0633,55.4305],[12.0643,55.4309],[12.0644,55.4304],[12.0633,55.4305]],[[12.0643,55.4306],[12.0642,55.4307],[12.064,55.4307],[12.0638,55.4307],[12.0638,55.4306],[12.0641,55.4305],[12.0643,55.4306]]]},"properties":{"sourceId":"ais_par3.82437","a_type":4120,"hectares":0.123}},{"type":"Feature","id":"ais_par3.82438","geometry":{"type":"Polygon","coordinates":[[[12.0002,55.4301],[12.0007,55.4295],[12,55.4292],[12.0001,55.4296],[11.9994,55.4296],[11.9984,55.4301],[11.9987,55.4304],[11.9982,55.4305],[11.9982,55.4305],[11.9983,55.4306],[11.9993,55.4304],[12.0002,55.4301]]]},"properties":{"sourceId":"ais_par3.82438","a_type":4120,"hectares":0.997}},{"type":"Feature","id":"ais_par3.82439","geometry":{"type":"Polygon","coordinates":[[[11.9979,55.4292],[11.9972,55.4292],[11.9971,55.4299],[11.9973,55.43],[11.9977,55.4299],[11.9979,55.4296],[11.9977,55.4295],[11.9979,55.4292]],[[11.9979,55.4296],[11.9978,55.4297],[11.9976,55.4297],[11.9977,55.4296],[11.9979,55.4296]]]},"properties":{"sourceId":"ais_par3.82439","a_type":4120,"hectares":0.322}},{"type":"Feature","id":"ais_par3.82440","geometry":{"type":"Polygon","coordinates":[[[12.0001,55.421],[11.9987,55.421],[11.9977,55.4213],[11.9976,55.4217],[11.9978,55.4216],[11.998,55.4217],[11.9989,55.4227],[12.0002,55.422],[12.0003,55.4216],[12.0001,55.421]],[[11.9985,55.422],[11.9983,55.4219],[11.9983,55.4217],[11.9989,55.4216],[11.9995,55.4215],[11.9997,55.4216],[11.9985,55.422]]]},"properties":{"sourceId":"ais_par3.82440","a_type":4120,"hectares":1.788}},{"type":"Feature","id":"ais_par3.82441","geometry":{"type":"Polygon","coordinates":[[[11.9954,55.4181],[11.9956,55.4178],[11.9955,55.4171],[11.9955,55.4171],[11.9951,55.4164],[11.9938,55.4165],[11.9939,55.4166],[11.9939,55.4169],[11.9937,55.4172],[11.9934,55.4174],[11.9954,55.4181]]]},"properties":{"sourceId":"ais_par3.82441","a_type":4120,"hectares":1.613}},{"type":"Feature","id":"ais_par3.82442","geometry":{"type":"Polygon","coordinates":[[[11.9986,55.4136],[11.9984,55.4136],[11.998,55.4138],[11.9981,55.4138],[11.9981,55.4141],[11.9982,55.414],[11.9985,55.414],[11.9987,55.4141],[11.9986,55.4139],[11.9986,55.4136]]]},"properties":{"sourceId":"ais_par3.82442","a_type":4120,"hectares":0.154}},{"type":"Feature","id":"ais_par3.82443","geometry":{"type":"Polygon","coordinates":[[[12.0059,55.4131],[12.0059,55.4133],[12.006,55.4133],[12.0067,55.414],[12.0081,55.4136],[12.0082,55.4133],[12.0087,55.4132],[12.0085,55.413],[12.0079,55.4131],[12.0075,55.413],[12.0068,55.4131],[12.0059,55.4131]],[[12.007,55.4136],[12.0077,55.4132],[12.0083,55.4131],[12.008,55.4133],[12.0073,55.4136],[12.007,55.4136]]]},"properties":{"sourceId":"ais_par3.82443","a_type":4120,"hectares":0.944}},{"type":"Feature","id":"ais_par3.82444","geometry":{"type":"Polygon","coordinates":[[[12.0122,55.4115],[12.0129,55.4125],[12.0135,55.4125],[12.0139,55.4124],[12.0129,55.4113],[12.0122,55.4115]],[[12.0136,55.4123],[12.0135,55.4122],[12.0137,55.4122],[12.0137,55.4123],[12.0136,55.4123]]]},"properties":{"sourceId":"ais_par3.82444","a_type":4120,"hectares":0.755}},{"type":"Feature","id":"ais_par3.82445","geometry":{"type":"Polygon","coordinates":[[[12.0639,55.4157],[12.0646,55.4152],[12.0644,55.4152],[12.0638,55.4153],[12.0639,55.4157]]]},"properties":{"sourceId":"ais_par3.82445","a_type":4120,"hectares":0.121}},{"type":"Feature","id":"ais_par3.82446","geometry":{"type":"Polygon","coordinates":[[[12.0294,55.3954],[12.0265,55.3958],[12.0261,55.3959],[12.026,55.3959],[12.0251,55.3959],[12.025,55.3964],[12.0251,55.3967],[12.0251,55.397],[12.0249,55.3973],[12.0246,55.3977],[12.0243,55.398],[12.0241,55.3983],[12.0241,55.3986],[12.0241,55.3989],[12.0242,55.3991],[12.023,55.3998],[12.0232,55.4],[12.0243,55.3999],[12.0248,55.3998],[12.0259,55.3998],[12.0269,55.3994],[12.028,55.3988],[12.0288,55.3985],[12.0298,55.3976],[12.0302,55.3968],[12.0298,55.3969],[12.0295,55.3968],[12.0295,55.3963],[12.0297,55.3961],[12.03,55.3962],[12.0303,55.3965],[12.0303,55.3962],[12.0298,55.396],[12.0294,55.3954]]]},"properties":{"sourceId":"ais_par3.82446","a_type":4120,"hectares":13.017}},{"type":"Feature","id":"ais_par3.82447","geometry":{"type":"Polygon","coordinates":[[[12.0029,55.4636],[12.0024,55.4646],[12.0043,55.4647],[12.0046,55.4646],[12.0045,55.4645],[12.0037,55.464],[12.0033,55.4636],[12.0029,55.4636]]]},"properties":{"sourceId":"ais_par3.82447","a_type":4120,"hectares":1.062}},{"type":"Feature","id":"ais_par3.82448","geometry":{"type":"Polygon","coordinates":[[[12.0543,55.4162],[12.0554,55.4166],[12.0559,55.417],[12.0557,55.416],[12.0549,55.416],[12.0549,55.4162],[12.0543,55.4162]]]},"properties":{"sourceId":"ais_par3.82448","a_type":4120,"hectares":0.43}},{"type":"Feature","id":"ais_par3.82449","geometry":{"type":"Polygon","coordinates":[[[12.0574,55.4503],[12.0579,55.45],[12.0581,55.4498],[12.0584,55.4498],[12.0586,55.4497],[12.0587,55.4495],[12.0587,55.4494],[12.0581,55.4493],[12.0574,55.4503]],[[12.0584,55.4497],[12.0583,55.4497],[12.0582,55.4496],[12.0583,55.4496],[12.0585,55.4496],[12.0585,55.4496],[12.0585,55.4497],[12.0584,55.4497]]]},"properties":{"sourceId":"ais_par3.82449","a_type":4120,"hectares":0.238}},{"type":"Feature","id":"ais_par3.82451","geometry":{"type":"Polygon","coordinates":[[[12.1545,55.5149],[12.1545,55.5149],[12.1553,55.515],[12.1554,55.5152],[12.1556,55.5151],[12.1557,55.5149],[12.1557,55.5148],[12.1545,55.5149]],[[12.1545,55.5149],[12.1545,55.5149],[12.1557,55.5148],[12.1557,55.5149],[12.1545,55.5149]]]},"properties":{"sourceId":"ais_par3.82451","a_type":4120,"hectares":0.114}},{"type":"Feature","id":"ais_par3.82452","geometry":{"type":"Polygon","coordinates":[[[12.1796,55.5108],[12.1788,55.5109],[12.1776,55.511],[12.1771,55.5117],[12.1748,55.512],[12.1749,55.5122],[12.1741,55.5124],[12.1748,55.5133],[12.1753,55.5132],[12.1756,55.5134],[12.1756,55.5136],[12.1754,55.5138],[12.1752,55.514],[12.1757,55.5147],[12.1772,55.5143],[12.1775,55.5148],[12.1763,55.5153],[12.1769,55.5156],[12.1776,55.5154],[12.1782,55.516],[12.1787,55.5162],[12.1792,55.5166],[12.1801,55.5167],[12.1815,55.5163],[12.1809,55.5157],[12.1812,55.5154],[12.181,55.515],[12.1801,55.5153],[12.1797,55.5149],[12.1799,55.5147],[12.1798,55.5146],[12.1804,55.5144],[12.1813,55.5137],[12.1814,55.5133],[12.1823,55.513],[12.181,55.512],[12.1796,55.5108]],[[12.178,55.5131],[12.1781,55.5131],[12.1783,55.5134],[12.1784,55.5134],[12.1783,55.5131],[12.1784,55.5131],[12.1787,55.5134],[12.1788,55.5134],[12.1786,55.5131],[12.1787,55.513],[12.1792,55.5136],[12.1784,55.5138],[12.178,55.5131]]]},"properties":{"sourceId":"ais_par3.82452","a_type":4120,"hectares":18.035}},{"type":"Feature","id":"ais_par3.82453","geometry":{"type":"Polygon","coordinates":[[[12.1739,55.5139],[12.1727,55.5141],[12.1731,55.5146],[12.1741,55.5145],[12.1743,55.5142],[12.1739,55.5139]],[[12.1738,55.5139],[12.1738,55.514],[12.1729,55.5141],[12.1731,55.5145],[12.174,55.5144],[12.1741,55.5142],[12.1738,55.514],[12.1739,55.514],[12.1742,55.5142],[12.174,55.5144],[12.1731,55.5145],[12.1728,55.5141],[12.1738,55.5139]]]},"properties":{"sourceId":"ais_par3.82453","a_type":4120,"hectares":0.434}},{"type":"Feature","id":"ais_par3.82454","geometry":{"type":"Polygon","coordinates":[[[12.1933,55.5164],[12.1954,55.5155],[12.1948,55.5152],[12.1927,55.5162],[12.1933,55.5164]]]},"properties":{"sourceId":"ais_par3.82454","a_type":4120,"hectares":0.822}},{"type":"Feature","id":"ais_par3.82455","geometry":{"type":"Polygon","coordinates":[[[12.1836,55.5164],[12.1818,55.5171],[12.1822,55.5176],[12.1837,55.5172],[12.1841,55.5168],[12.1836,55.5164]],[[12.1819,55.5171],[12.182,55.517],[12.1825,55.5175],[12.1823,55.5175],[12.1819,55.5171]],[[12.1834,55.5165],[12.1835,55.5167],[12.1827,55.5169],[12.1826,55.5168],[12.1834,55.5165]],[[12.1829,55.5174],[12.183,55.5172],[12.1838,55.5167],[12.1839,55.5169],[12.1836,55.5172],[12.1831,55.5173],[12.1829,55.5174]]]},"properties":{"sourceId":"ais_par3.82455","a_type":4120,"hectares":0.613}},{"type":"Feature","id":"ais_par3.82456","geometry":{"type":"Polygon","coordinates":[[[12.1941,55.5182],[12.1952,55.5177],[12.195,55.5175],[12.194,55.5179],[12.1941,55.5182]]]},"properties":{"sourceId":"ais_par3.82456","a_type":4120,"hectares":0.222}},{"type":"Feature","id":"ais_par3.82484","geometry":{"type":"Polygon","coordinates":[[[12.2217,55.3675],[12.2217,55.3678],[12.2212,55.3684],[12.2206,55.3689],[12.2218,55.3686],[12.222,55.3685],[12.2221,55.3681],[12.222,55.3679],[12.222,55.3676],[12.2217,55.3675]]]},"properties":{"sourceId":"ais_par3.82484","a_type":4120,"hectares":0.532}},{"type":"Feature","id":"ais_par3.82463","geometry":{"type":"Polygon","coordinates":[[[12.2086,55.3955],[12.2088,55.396],[12.2092,55.3964],[12.2107,55.3965],[12.2103,55.3958],[12.21,55.3956],[12.2095,55.3953],[12.2089,55.3953],[12.2086,55.3955]],[[12.2094,55.3955],[12.2095,55.3956],[12.2091,55.3956],[12.2091,55.3955],[12.2094,55.3955]]]},"properties":{"sourceId":"ais_par3.82463","a_type":4120,"hectares":1.122}},{"type":"Feature","id":"ais_par3.82471","geometry":{"type":"Polygon","coordinates":[[[12.1971,55.4035],[12.197,55.4037],[12.1973,55.4043],[12.1975,55.4041],[12.1974,55.4038],[12.1971,55.4035]]]},"properties":{"sourceId":"ais_par3.82471","a_type":4120,"hectares":0.157}},{"type":"Feature","id":"ais_par3.82472","geometry":{"type":"Polygon","coordinates":[[[12.2092,55.4067],[12.2093,55.4067],[12.2093,55.4061],[12.2091,55.4059],[12.2088,55.4059],[12.208,55.406],[12.2071,55.4062],[12.2065,55.4063],[12.2066,55.4067],[12.2066,55.4069],[12.2066,55.407],[12.2068,55.4071],[12.2075,55.4071],[12.2082,55.4072],[12.2086,55.4072],[12.2091,55.407],[12.2091,55.4069],[12.2092,55.4067]],[[12.2068,55.4067],[12.2068,55.4064],[12.207,55.4063],[12.2074,55.4062],[12.2077,55.4061],[12.209,55.406],[12.2091,55.4062],[12.2091,55.4066],[12.2089,55.4067],[12.2088,55.4069],[12.2069,55.4069],[12.2068,55.4067]]]},"properties":{"sourceId":"ais_par3.82472","a_type":4120,"hectares":0.869}},{"type":"Feature","id":"ais_par3.82473","geometry":{"type":"Polygon","coordinates":[[[12.2262,55.4156],[12.2241,55.4152],[12.2238,55.4155],[12.2234,55.4155],[12.2231,55.4156],[12.2229,55.4158],[12.2242,55.4162],[12.2251,55.4163],[12.2262,55.4162],[12.2262,55.4156]]]},"properties":{"sourceId":"ais_par3.82473","a_type":4120,"hectares":1.639}},{"type":"Feature","id":"ais_par3.82474","geometry":{"type":"Polygon","coordinates":[[[12.2348,55.4094],[12.2346,55.4099],[12.2347,55.4106],[12.2344,55.411],[12.2342,55.4115],[12.2338,55.4123],[12.234,55.4123],[12.2343,55.4118],[12.2345,55.4114],[12.2348,55.4108],[12.235,55.4107],[12.235,55.4102],[12.2351,55.4099],[12.2352,55.4095],[12.2348,55.4094]]]},"properties":{"sourceId":"ais_par3.82474","a_type":4120,"hectares":0.661}},{"type":"Feature","id":"ais_par3.82477","geometry":{"type":"Polygon","coordinates":[[[12.233,55.4121],[12.2328,55.4125],[12.2331,55.4127],[12.2335,55.4122],[12.233,55.4121]]]},"properties":{"sourceId":"ais_par3.82477","a_type":4120,"hectares":0.16}},{"type":"Feature","id":"ais_par3.82482","geometry":{"type":"Polygon","coordinates":[[[12.1918,55.3706],[12.1923,55.3711],[12.1926,55.3712],[12.1926,55.3709],[12.1926,55.3708],[12.1925,55.3706],[12.1923,55.3705],[12.192,55.3705],[12.1918,55.3706]],[[12.1922,55.3707],[12.1923,55.3708],[12.1924,55.3709],[12.1923,55.3709],[12.1922,55.3709],[12.1922,55.3707]]]},"properties":{"sourceId":"ais_par3.82482","a_type":4120,"hectares":0.196}},{"type":"Feature","id":"ais_par3.82483","geometry":{"type":"Polygon","coordinates":[[[12.2022,55.3645],[12.2017,55.3644],[12.2011,55.3645],[12.2008,55.3646],[12.2005,55.3648],[12.2003,55.365],[12.2002,55.3652],[12.2001,55.3655],[12.2016,55.3658],[12.2021,55.3651],[12.2022,55.3645]],[[12.2019,55.3647],[12.2019,55.3649],[12.2016,55.3651],[12.2016,55.3652],[12.2016,55.3654],[12.2013,55.3655],[12.2011,55.3655],[12.201,55.3656],[12.2007,55.3655],[12.2005,55.3653],[12.2004,55.3652],[12.2005,55.3651],[12.2006,55.3649],[12.2008,55.3649],[12.2009,55.3648],[12.2012,55.3647],[12.2014,55.3647],[12.2015,55.3646],[12.2017,55.3646],[12.2019,55.3647]]]},"properties":{"sourceId":"ais_par3.82483","a_type":4120,"hectares":0.779}},{"type":"Feature","id":"ais_par3.83394","geometry":{"type":"Polygon","coordinates":[[[12.2204,55.3721],[12.2203,55.3722],[12.2208,55.3726],[12.221,55.3726],[12.2209,55.3724],[12.2206,55.3723],[12.2204,55.3721]]]},"properties":{"sourceId":"ais_par3.83394","a_type":5120,"hectares":0.076}},{"type":"Feature","id":"ais_par3.82493","geometry":{"type":"Polygon","coordinates":[[[12.2104,55.3858],[12.2111,55.3857],[12.2115,55.3857],[12.2122,55.3855],[12.2122,55.385],[12.2115,55.3849],[12.2113,55.3846],[12.2109,55.3845],[12.211,55.3848],[12.211,55.3849],[12.2107,55.3852],[12.2104,55.3858]],[[12.2116,55.3849],[12.2119,55.385],[12.2119,55.3851],[12.212,55.3852],[12.212,55.3853],[12.2117,55.3852],[12.2116,55.3851],[12.2116,55.385],[12.2116,55.3849]]]},"properties":{"sourceId":"ais_par3.82493","a_type":4120,"hectares":0.84}},{"type":"Feature","id":"ais_par3.82494","geometry":{"type":"Polygon","coordinates":[[[12.2159,55.3823],[12.2159,55.3822],[12.2151,55.3819],[12.2144,55.3825],[12.2138,55.3827],[12.2137,55.3824],[12.2134,55.3823],[12.213,55.3824],[12.213,55.3826],[12.2132,55.3829],[12.214,55.3829],[12.2144,55.3833],[12.2147,55.3833],[12.2149,55.3826],[12.2159,55.3824],[12.2159,55.3823]],[[12.2145,55.3827],[12.2147,55.3827],[12.2147,55.3829],[12.2147,55.383],[12.2146,55.3832],[12.2144,55.3832],[12.2144,55.383],[12.2144,55.3828],[12.2145,55.3827]]]},"properties":{"sourceId":"ais_par3.82494","a_type":4120,"hectares":0.96}},{"type":"Feature","id":"ais_par3.82495","geometry":{"type":"Polygon","coordinates":[[[12.214,55.381],[12.2135,55.381],[12.2135,55.3811],[12.2128,55.3812],[12.2127,55.3816],[12.2133,55.3818],[12.2135,55.382],[12.2139,55.3819],[12.2141,55.3816],[12.214,55.3812],[12.214,55.381],[12.214,55.381]],[[12.2138,55.3812],[12.2139,55.3816],[12.2139,55.3819],[12.2136,55.382],[12.2136,55.3818],[12.2136,55.3815],[12.2136,55.3813],[12.2138,55.3813],[12.2138,55.3812]]]},"properties":{"sourceId":"ais_par3.82495","a_type":4120,"hectares":0.57}},{"type":"Feature","id":"ais_par3.82496","geometry":{"type":"Polygon","coordinates":[[[12.2301,55.3804],[12.2301,55.3811],[12.2299,55.3812],[12.2298,55.3813],[12.231,55.3816],[12.2314,55.3813],[12.2322,55.3812],[12.2322,55.3805],[12.232,55.3805],[12.2318,55.3806],[12.2316,55.3806],[12.2313,55.3808],[12.2307,55.3808],[12.2304,55.3806],[12.2301,55.3805],[12.2301,55.3804]],[[12.2317,55.3808],[12.2319,55.3808],[12.232,55.381],[12.2318,55.381],[12.2318,55.3809],[12.2317,55.3808]],[[12.2312,55.3811],[12.2312,55.3812],[12.2307,55.3811],[12.2306,55.3811],[12.2305,55.381],[12.2306,55.3809],[12.2312,55.3811]]]},"properties":{"sourceId":"ais_par3.82496","a_type":4120,"hectares":1}},{"type":"Feature","id":"ais_par3.82497","geometry":{"type":"Polygon","coordinates":[[[12.2272,55.3782],[12.2271,55.3785],[12.2272,55.3787],[12.2278,55.3789],[12.2284,55.3792],[12.2287,55.3793],[12.2288,55.3793],[12.2289,55.3794],[12.2291,55.3795],[12.2294,55.3797],[12.23,55.3797],[12.2303,55.3797],[12.2302,55.3794],[12.2299,55.3794],[12.2296,55.379],[12.2292,55.3788],[12.2288,55.3788],[12.2283,55.3786],[12.2281,55.3784],[12.2276,55.3783],[12.2272,55.3782]],[[12.2273,55.3784],[12.228,55.3785],[12.228,55.3786],[12.2284,55.3788],[12.2287,55.3789],[12.2291,55.3789],[12.2294,55.379],[12.2297,55.3794],[12.2301,55.3794],[12.2301,55.3796],[12.23,55.3797],[12.2294,55.3796],[12.2291,55.3794],[12.2288,55.3792],[12.2279,55.3788],[12.2273,55.3787],[12.2273,55.3784]]]},"properties":{"sourceId":"ais_par3.82497","a_type":4120,"hectares":0.535}},{"type":"Feature","id":"ais_par3.82498","geometry":{"type":"Polygon","coordinates":[[[12.2317,55.3879],[12.2314,55.3883],[12.2318,55.3885],[12.2324,55.3887],[12.2328,55.3882],[12.2317,55.3879]]]},"properties":{"sourceId":"ais_par3.82498","a_type":4120,"hectares":0.428}},{"type":"Feature","id":"ais_par3.83395","geometry":{"type":"Polygon","coordinates":[[[12.2243,55.3677],[12.2243,55.3677],[12.2244,55.3677],[12.2244,55.3676],[12.2243,55.3677]]]},"properties":{"sourceId":"ais_par3.83395","a_type":5120,"hectares":0.004}},{"type":"Feature","id":"ais_par3.82814","geometry":{"type":"Polygon","coordinates":[[[11.9119,55.5337],[11.9123,55.5334],[11.9124,55.5332],[11.9122,55.5331],[11.9117,55.5331],[11.9115,55.5331],[11.9113,55.5332],[11.9113,55.5336],[11.9116,55.5336],[11.9119,55.5337]]]},"properties":{"sourceId":"ais_par3.82814","a_type":4120,"hectares":0.337}},{"type":"Feature","id":"ais_par3.82827","geometry":{"type":"Polygon","coordinates":[[[12.0966,55.4926],[12.0976,55.4934],[12.0988,55.4933],[12.0988,55.4926],[12.0992,55.4925],[12.0992,55.4915],[12.0965,55.4914],[12.0966,55.4926]],[[12.0985,55.4929],[12.098,55.4928],[12.0971,55.4925],[12.0971,55.492],[12.0982,55.4919],[12.0986,55.4922],[12.0983,55.4924],[12.0985,55.4929]]]},"properties":{"sourceId":"ais_par3.82827","a_type":4120,"hectares":2.236}},{"type":"Feature","id":"ais_par3.82828","geometry":{"type":"Polygon","coordinates":[[[12.1143,55.4908],[12.1132,55.4907],[12.1125,55.4905],[12.1116,55.4907],[12.1116,55.4908],[12.1121,55.4909],[12.1121,55.4912],[12.1135,55.4911],[12.1144,55.491],[12.1143,55.4908]]]},"properties":{"sourceId":"ais_par3.82828","a_type":4120,"hectares":0.696}},{"type":"Feature","id":"ais_par3.82829","geometry":{"type":"Polygon","coordinates":[[[12.12,55.4907],[12.1225,55.4906],[12.1223,55.4904],[12.1218,55.4904],[12.1218,55.4906],[12.12,55.4907],[12.1196,55.4906],[12.119,55.4906],[12.1192,55.4909],[12.1198,55.491],[12.12,55.4907]]]},"properties":{"sourceId":"ais_par3.82829","a_type":4120,"hectares":0.359}},{"type":"Feature","id":"ais_par3.82830","geometry":{"type":"Polygon","coordinates":[[[12.13,55.4895],[12.13,55.4889],[12.1294,55.4889],[12.1289,55.4894],[12.1291,55.4896],[12.13,55.4895]],[[12.1291,55.4896],[12.129,55.4894],[12.1292,55.4893],[12.1293,55.4893],[12.1293,55.4895],[12.1291,55.4896]],[[12.13,55.4895],[12.1298,55.4894],[12.1295,55.4891],[12.1295,55.489],[12.1299,55.4889],[12.13,55.4895]]]},"properties":{"sourceId":"ais_par3.82830","a_type":4120,"hectares":0.248}},{"type":"Feature","id":"ais_par3.82831","geometry":{"type":"Polygon","coordinates":[[[12.1305,55.4904],[12.1289,55.4905],[12.1284,55.4904],[12.1277,55.4906],[12.1275,55.4906],[12.1276,55.4907],[12.1278,55.4907],[12.1283,55.4907],[12.1289,55.4906],[12.13,55.4906],[12.13,55.4906],[12.1302,55.4906],[12.1304,55.4906],[12.1305,55.4904]]]},"properties":{"sourceId":"ais_par3.82831","a_type":4120,"hectares":0.359}},{"type":"Feature","id":"ais_par3.82832","geometry":{"type":"Polygon","coordinates":[[[12.1019,55.4692],[12.1017,55.4699],[12.1027,55.4702],[12.1029,55.4702],[12.1031,55.4704],[12.1032,55.4705],[12.1035,55.4706],[12.1037,55.4706],[12.1042,55.4706],[12.1047,55.4702],[12.1049,55.4698],[12.1048,55.4695],[12.1041,55.4694],[12.1036,55.4694],[12.1029,55.4694],[12.1027,55.4695],[12.1019,55.4692]],[[12.1028,55.4701],[12.1027,55.4701],[12.1026,55.4701],[12.1026,55.4701],[12.1026,55.47],[12.1026,55.47],[12.1026,55.47],[12.1026,55.4699],[12.1026,55.4698],[12.1026,55.4698],[12.1026,55.4698],[12.1025,55.4697],[12.1023,55.4696],[12.1022,55.4695],[12.1022,55.4695],[12.1021,55.4695],[12.1021,55.4694],[12.1021,55.4694],[12.1022,55.4694],[12.1024,55.4695],[12.1028,55.4697],[12.1028,55.4698],[12.1028,55.4701],[12.1028,55.4701]]]},"properties":{"sourceId":"ais_par3.82832","a_type":4120,"hectares":1.879}},{"type":"Feature","id":"ais_par3.82833","geometry":{"type":"Polygon","coordinates":[[[12.1282,55.4656],[12.1269,55.4658],[12.1272,55.4661],[12.1275,55.4666],[12.1279,55.4667],[12.1285,55.4669],[12.1287,55.4668],[12.1288,55.4668],[12.129,55.4668],[12.1282,55.4656]]]},"properties":{"sourceId":"ais_par3.82833","a_type":4120,"hectares":0.983}},{"type":"Feature","id":"ais_par3.82834","geometry":{"type":"Polygon","coordinates":[[[12.1254,55.4682],[12.1247,55.4687],[12.1249,55.469],[12.1257,55.4688],[12.1254,55.4682]]]},"properties":{"sourceId":"ais_par3.82834","a_type":4120,"hectares":0.276}},{"type":"Feature","id":"ais_par3.82835","geometry":{"type":"Polygon","coordinates":[[[12.1323,55.4643],[12.1324,55.4644],[12.1326,55.4642],[12.133,55.4639],[12.1324,55.4638],[12.1322,55.4639],[12.1323,55.4643]]]},"properties":{"sourceId":"ais_par3.82835","a_type":4120,"hectares":0.154}},{"type":"Feature","id":"ais_par3.82836","geometry":{"type":"Polygon","coordinates":[[[12.1345,55.4635],[12.1347,55.4635],[12.1353,55.4633],[12.1354,55.4631],[12.1357,55.4628],[12.1355,55.4628],[12.1343,55.4629],[12.1345,55.4635]]]},"properties":{"sourceId":"ais_par3.82836","a_type":4120,"hectares":0.434}},{"type":"Feature","id":"ais_par3.82837","geometry":{"type":"Polygon","coordinates":[[[12.1368,55.4631],[12.1371,55.4631],[12.1372,55.463],[12.1371,55.4629],[12.1369,55.4629],[12.1367,55.4629],[12.1366,55.4629],[12.1366,55.463],[12.1368,55.4631]]]},"properties":{"sourceId":"ais_par3.82837","a_type":4120,"hectares":0.089}},{"type":"Feature","id":"ais_par3.82838","geometry":{"type":"Polygon","coordinates":[[[12.1516,55.4655],[12.151,55.4655],[12.1504,55.4657],[12.1503,55.466],[12.15,55.4662],[12.1502,55.4664],[12.1505,55.4663],[12.151,55.4664],[12.1514,55.4663],[12.1519,55.4662],[12.1519,55.4661],[12.152,55.4659],[12.1519,55.4659],[12.1516,55.4655]]]},"properties":{"sourceId":"ais_par3.82838","a_type":4120,"hectares":0.88}},{"type":"Feature","id":"ais_par3.82839","geometry":{"type":"Polygon","coordinates":[[[12.1608,55.4644],[12.1605,55.4634],[12.1591,55.4636],[12.1587,55.4637],[12.1583,55.4639],[12.1578,55.4643],[12.158,55.4645],[12.1575,55.4649],[12.1581,55.4649],[12.1582,55.465],[12.1608,55.4644]]]},"properties":{"sourceId":"ais_par3.82839","a_type":4120,"hectares":2.249}},{"type":"Feature","id":"ais_par3.82840","geometry":{"type":"Polygon","coordinates":[[[12.1473,55.4635],[12.1472,55.4632],[12.1469,55.463],[12.1462,55.4629],[12.1453,55.4629],[12.1452,55.463],[12.1449,55.4631],[12.1442,55.463],[12.144,55.463],[12.1435,55.4632],[12.1428,55.463],[12.1426,55.4635],[12.1429,55.4637],[12.1433,55.4638],[12.146,55.4635],[12.1464,55.4635],[12.1473,55.4635]]]},"properties":{"sourceId":"ais_par3.82840","a_type":4120,"hectares":1.809}},{"type":"Feature","id":"ais_par3.82841","geometry":{"type":"Polygon","coordinates":[[[12.1397,55.4681],[12.1392,55.4674],[12.1376,55.4674],[12.1376,55.4675],[12.1375,55.4677],[12.1376,55.4678],[12.1377,55.468],[12.1381,55.4681],[12.1397,55.4681]]]},"properties":{"sourceId":"ais_par3.82841","a_type":4120,"hectares":1.001}},{"type":"Feature","id":"ais_par3.82842","geometry":{"type":"Polygon","coordinates":[[[12.1531,55.4636],[12.1543,55.4636],[12.1551,55.4635],[12.1557,55.4633],[12.1556,55.4631],[12.1552,55.463],[12.153,55.4633],[12.153,55.4634],[12.1531,55.4636]]]},"properties":{"sourceId":"ais_par3.82842","a_type":4120,"hectares":0.87}},{"type":"Feature","id":"ais_par3.82843","geometry":{"type":"Polygon","coordinates":[[[12.1526,55.4606],[12.1532,55.4613],[12.1537,55.4613],[12.1542,55.4614],[12.1549,55.4614],[12.1554,55.461],[12.1558,55.4605],[12.1541,55.4606],[12.1526,55.4606]]]},"properties":{"sourceId":"ais_par3.82843","a_type":4120,"hectares":1.413}},{"type":"Feature","id":"ais_par3.82844","geometry":{"type":"Polygon","coordinates":[[[12.1477,55.4609],[12.1482,55.4608],[12.1488,55.4608],[12.1514,55.4607],[12.1514,55.4605],[12.1525,55.4601],[12.153,55.4597],[12.1541,55.4595],[12.1539,55.4591],[12.1538,55.4589],[12.1531,55.4589],[12.1526,55.4587],[12.152,55.4588],[12.1515,55.4589],[12.1508,55.4595],[12.1502,55.4597],[12.15,55.4602],[12.1495,55.4604],[12.1493,55.4604],[12.1486,55.4604],[12.1478,55.4605],[12.1477,55.4609]],[[12.1479,55.4607],[12.1479,55.4606],[12.1485,55.4606],[12.1484,55.4607],[12.1479,55.4607]],[[12.1501,55.4604],[12.1502,55.4603],[12.1506,55.4603],[12.1509,55.4604],[12.1507,55.4605],[12.1503,55.4604],[12.1501,55.4604]],[[12.1518,55.4593],[12.1519,55.4595],[12.1515,55.4596],[12.1514,55.4595],[12.1515,55.4594],[12.1518,55.4593]]]},"properties":{"sourceId":"ais_par3.82844","a_type":4120,"hectares":3.498}},{"type":"Feature","id":"ais_par3.82845","geometry":{"type":"Polygon","coordinates":[[[12.0892,55.4569],[12.0889,55.456],[12.0882,55.4561],[12.0878,55.4563],[12.0877,55.4565],[12.088,55.4568],[12.0885,55.4571],[12.0887,55.4571],[12.0887,55.457],[12.0892,55.4569]],[[12.0881,55.4568],[12.0878,55.4564],[12.0883,55.4563],[12.0886,55.4567],[12.0881,55.4568]]]},"properties":{"sourceId":"ais_par3.82845","a_type":4120,"hectares":0.572}},{"type":"Feature","id":"ais_par3.82846","geometry":{"type":"Polygon","coordinates":[[[12.0982,55.4466],[12.0987,55.446],[12.0975,55.4456],[12.0971,55.4462],[12.0973,55.4464],[12.0982,55.4466]]]},"properties":{"sourceId":"ais_par3.82846","a_type":4120,"hectares":0.677}},{"type":"Feature","id":"ais_par3.82847","geometry":{"type":"Polygon","coordinates":[[[12.1319,55.4223],[12.131,55.4222],[12.131,55.4228],[12.1327,55.4235],[12.1328,55.4228],[12.1326,55.4225],[12.1326,55.4225],[12.1319,55.4223]],[[12.1316,55.4229],[12.1317,55.4228],[12.1318,55.4229],[12.1319,55.4228],[12.1321,55.4228],[12.1319,55.423],[12.1316,55.4229]],[[12.1321,55.4231],[12.1321,55.423],[12.1325,55.4231],[12.1324,55.4232],[12.1321,55.4231]]]},"properties":{"sourceId":"ais_par3.82847","a_type":4120,"hectares":0.934}},{"type":"Feature","id":"ais_par3.82848","geometry":{"type":"Polygon","coordinates":[[[12.1329,55.4252],[12.1327,55.4251],[12.1326,55.4251],[12.1326,55.4253],[12.1328,55.4255],[12.1329,55.4258],[12.133,55.4258],[12.1331,55.4257],[12.1331,55.4255],[12.1329,55.4252]],[[12.133,55.4257],[12.1329,55.4256],[12.1329,55.4255],[12.133,55.4254],[12.133,55.4255],[12.133,55.4256],[12.133,55.4256],[12.133,55.4257]]]},"properties":{"sourceId":"ais_par3.82848","a_type":4120,"hectares":0.137}},{"type":"Feature","id":"ais_par3.82849","geometry":{"type":"Polygon","coordinates":[[[12.0918,55.3953],[12.0919,55.3952],[12.0913,55.3951],[12.091,55.395],[12.0902,55.3948],[12.0897,55.3947],[12.0883,55.3943],[12.0881,55.3944],[12.0884,55.3945],[12.0888,55.3946],[12.0892,55.3947],[12.0895,55.3948],[12.0897,55.395],[12.0903,55.3952],[12.0911,55.3953],[12.0918,55.3953]]]},"properties":{"sourceId":"ais_par3.82849","a_type":4120,"hectares":0.589}},{"type":"Feature","id":"ais_par3.82850","geometry":{"type":"Polygon","coordinates":[[[12.1308,55.4012],[12.1297,55.4016],[12.1308,55.4027],[12.131,55.4028],[12.1314,55.4026],[12.1307,55.402],[12.1313,55.4017],[12.1309,55.4012],[12.1308,55.4012]]]},"properties":{"sourceId":"ais_par3.82850","a_type":4120,"hectares":0.896}},{"type":"Feature","id":"ais_par3.82851","geometry":{"type":"Polygon","coordinates":[[[12.0874,55.3874],[12.088,55.3875],[12.0887,55.3877],[12.0888,55.3876],[12.0892,55.3876],[12.0894,55.3877],[12.0898,55.3878],[12.0902,55.3878],[12.0906,55.3877],[12.0911,55.3875],[12.0911,55.3874],[12.0908,55.3874],[12.0903,55.3874],[12.09,55.3875],[12.0892,55.3873],[12.0883,55.3873],[12.0874,55.3874]]]},"properties":{"sourceId":"ais_par3.82851","a_type":4120,"hectares":0.651}},{"type":"Feature","id":"ais_par3.82852","geometry":{"type":"Polygon","coordinates":[[[12.0992,55.3891],[12.101,55.3893],[12.1013,55.389],[12.0994,55.3887],[12.0992,55.3891]]]},"properties":{"sourceId":"ais_par3.82852","a_type":4120,"hectares":0.493}},{"type":"Feature","id":"ais_par3.82853","geometry":{"type":"Polygon","coordinates":[[[12.1091,55.3791],[12.1097,55.379],[12.1093,55.3785],[12.109,55.3785],[12.109,55.3787],[12.1092,55.3787],[12.1092,55.3788],[12.1092,55.3788],[12.1092,55.3789],[12.1091,55.3789],[12.1091,55.3791]],[[12.1092,55.3787],[12.1092,55.3787],[12.1093,55.3786],[12.1094,55.3787],[12.1092,55.3787]]]},"properties":{"sourceId":"ais_par3.82853","a_type":4120,"hectares":0.157}},{"type":"Feature","id":"ais_par3.82854","geometry":{"type":"Polygon","coordinates":[[[12.1507,55.3828],[12.1509,55.3829],[12.1515,55.3827],[12.152,55.3823],[12.153,55.3813],[12.1528,55.3809],[12.1528,55.3809],[12.152,55.381],[12.1516,55.3814],[12.1507,55.3824],[12.1507,55.3828]]]},"properties":{"sourceId":"ais_par3.82854","a_type":4120,"hectares":1.545}},{"type":"Feature","id":"ais_par3.82855","geometry":{"type":"Polygon","coordinates":[[[12.1791,55.3882],[12.1795,55.3883],[12.18,55.3883],[12.1802,55.3882],[12.1809,55.3881],[12.1811,55.3882],[12.1816,55.3881],[12.1818,55.388],[12.1815,55.3879],[12.1812,55.3879],[12.1808,55.388],[12.1803,55.3881],[12.18,55.388],[12.1798,55.388],[12.1794,55.3881],[12.1791,55.3882]]]},"properties":{"sourceId":"ais_par3.82855","a_type":4120,"hectares":0.323}},{"type":"Feature","id":"ais_par3.82856","geometry":{"type":"Polygon","coordinates":[[[12.1839,55.3882],[12.1847,55.3883],[12.1848,55.3881],[12.1846,55.3878],[12.1839,55.3879],[12.1839,55.3882]]]},"properties":{"sourceId":"ais_par3.82856","a_type":4120,"hectares":0.248}},{"type":"Feature","id":"ais_par3.82857","geometry":{"type":"Polygon","coordinates":[[[12.182,55.3879],[12.1826,55.3879],[12.1833,55.3873],[12.1837,55.3871],[12.1839,55.387],[12.1842,55.387],[12.1847,55.3868],[12.1843,55.3865],[12.184,55.3867],[12.1835,55.3867],[12.1832,55.3864],[12.1829,55.3862],[12.1824,55.3865],[12.1829,55.3868],[12.1829,55.387],[12.182,55.3879]],[[12.1827,55.3874],[12.183,55.3871],[12.1835,55.3871],[12.183,55.3875],[12.1827,55.3874]]]},"properties":{"sourceId":"ais_par3.82857","a_type":4120,"hectares":0.976}},{"type":"Feature","id":"ais_par3.82858","geometry":{"type":"Polygon","coordinates":[[[12.1797,55.3865],[12.18,55.3866],[12.1804,55.3866],[12.1808,55.3865],[12.1812,55.3865],[12.1806,55.386],[12.1797,55.3865]],[[12.1801,55.3864],[12.1804,55.3863],[12.1805,55.3864],[12.1804,55.3865],[12.1801,55.3864]]]},"properties":{"sourceId":"ais_par3.82858","a_type":4120,"hectares":0.297}},{"type":"Feature","id":"ais_par3.82859","geometry":{"type":"Polygon","coordinates":[[[12.178,55.5106],[12.1775,55.51],[12.1764,55.5102],[12.1769,55.511],[12.1777,55.5108],[12.178,55.5106]],[[12.1773,55.5103],[12.177,55.5103],[12.1769,55.5103],[12.1769,55.5102],[12.177,55.5102],[12.1772,55.5103],[12.1773,55.5103]]]},"properties":{"sourceId":"ais_par3.82859","a_type":4120,"hectares":0.664}},{"type":"Feature","id":"ais_par3.82860","geometry":{"type":"Polygon","coordinates":[[[12.1733,55.4581],[12.1731,55.4579],[12.1726,55.458],[12.1721,55.4582],[12.1719,55.4586],[12.1713,55.4589],[12.1711,55.4596],[12.171,55.4599],[12.1707,55.46],[12.1708,55.4602],[12.1711,55.4602],[12.1715,55.4602],[12.1718,55.4598],[12.172,55.4592],[12.1724,55.4589],[12.1733,55.4581]]]},"properties":{"sourceId":"ais_par3.82860","a_type":4120,"hectares":1.332}},{"type":"Feature","id":"ais_par3.82861","geometry":{"type":"Polygon","coordinates":[[[12.1923,55.4425],[12.1925,55.4425],[12.1927,55.4423],[12.1925,55.4422],[12.1923,55.4425]]]},"properties":{"sourceId":"ais_par3.82861","a_type":4120,"hectares":0.04}},{"type":"Feature","id":"ais_par3.82862","geometry":{"type":"Polygon","coordinates":[[[12.1932,55.4414],[12.1936,55.4414],[12.1935,55.4412],[12.1932,55.4414]]]},"properties":{"sourceId":"ais_par3.82862","a_type":4120,"hectares":0.031}},{"type":"Feature","id":"ais_par3.82863","geometry":{"type":"Polygon","coordinates":[[[12.1912,55.4402],[12.1912,55.4404],[12.1915,55.4406],[12.1934,55.4407],[12.1929,55.4394],[12.1912,55.4402]],[[12.192,55.4402],[12.1927,55.44],[12.1926,55.4403],[12.1921,55.4404],[12.192,55.4402]]]},"properties":{"sourceId":"ais_par3.82863","a_type":4120,"hectares":1.101}},{"type":"Feature","id":"ais_par3.82864","geometry":{"type":"Polygon","coordinates":[[[12.1838,55.4382],[12.1878,55.4404],[12.1882,55.4386],[12.1866,55.4382],[12.186,55.4383],[12.185,55.4376],[12.1859,55.4372],[12.1839,55.4356],[12.1822,55.4346],[12.182,55.4346],[12.1814,55.4353],[12.1814,55.4354],[12.1838,55.4382]],[[12.1847,55.4371],[12.1846,55.4371],[12.1845,55.4371],[12.1845,55.437],[12.1846,55.4369],[12.1847,55.4369],[12.1849,55.4369],[12.1848,55.437],[12.1848,55.437],[12.1847,55.4371]],[[12.1824,55.4353],[12.1823,55.4353],[12.1823,55.4353],[12.1823,55.4352],[12.1823,55.4352],[12.1824,55.4352],[12.1825,55.4352],[12.1825,55.4353],[12.1825,55.4353],[12.1824,55.4353],[12.1824,55.4353],[12.1824,55.4353]]]},"properties":{"sourceId":"ais_par3.82864","a_type":4120,"hectares":8.333}},{"type":"Feature","id":"ais_par3.82865","geometry":{"type":"Polygon","coordinates":[[[12.1709,55.4185],[12.171,55.4186],[12.1709,55.4188],[12.171,55.419],[12.1714,55.4191],[12.1718,55.4189],[12.1718,55.4185],[12.1709,55.4185]],[[12.1712,55.4189],[12.1711,55.4188],[12.1711,55.4187],[12.1714,55.4187],[12.1715,55.4189],[12.1713,55.4189],[12.1712,55.4189]]]},"properties":{"sourceId":"ais_par3.82865","a_type":4120,"hectares":0.269}},{"type":"Feature","id":"ais_par3.82866","geometry":{"type":"Polygon","coordinates":[[[12.2157,55.4272],[12.2159,55.4272],[12.2163,55.4271],[12.2172,55.4265],[12.2177,55.4261],[12.2185,55.4257],[12.2191,55.4254],[12.2194,55.4248],[12.2195,55.4243],[12.2202,55.4237],[12.2208,55.4231],[12.2211,55.4227],[12.2209,55.4227],[12.2184,55.4249],[12.217,55.4261],[12.2157,55.4272]],[[12.2159,55.4271],[12.2163,55.4269],[12.2164,55.4267],[12.2167,55.4264],[12.2169,55.4263],[12.217,55.4261],[12.2175,55.4262],[12.2175,55.4262],[12.2172,55.4265],[12.2168,55.4268],[12.2166,55.4269],[12.2162,55.4271],[12.216,55.4271],[12.2159,55.4271]],[[12.2177,55.4261],[12.2176,55.426],[12.2174,55.4259],[12.2183,55.4252],[12.2186,55.4252],[12.219,55.4253],[12.219,55.4254],[12.2188,55.4255],[12.2187,55.4256],[12.2178,55.426],[12.2177,55.4261]]]},"properties":{"sourceId":"ais_par3.82866","a_type":4120,"hectares":1.366}},{"type":"Feature","id":"ais_par3.82867","geometry":{"type":"Polygon","coordinates":[[[12.1872,55.4065],[12.1877,55.4065],[12.1876,55.4059],[12.1871,55.4059],[12.1872,55.4065]],[[12.1873,55.406],[12.1874,55.4059],[12.1874,55.406],[12.1873,55.406],[12.1873,55.406]]]},"properties":{"sourceId":"ais_par3.82867","a_type":4120,"hectares":0.182}},{"type":"Feature","id":"ais_par3.82868","geometry":{"type":"Polygon","coordinates":[[[12.1706,55.4889],[12.1711,55.4889],[12.1712,55.4886],[12.1714,55.4879],[12.1715,55.4871],[12.1714,55.4864],[12.1709,55.4865],[12.171,55.4869],[12.1707,55.4876],[12.1706,55.4881],[12.1706,55.4887],[12.1706,55.4889]]]},"properties":{"sourceId":"ais_par3.82868","a_type":4120,"hectares":1.107}},{"type":"Feature","id":"ais_par3.82869","geometry":{"type":"Polygon","coordinates":[[[12.1714,55.4281],[12.1718,55.4281],[12.1718,55.4276],[12.1715,55.4276],[12.1714,55.4281]],[[12.1715,55.4279],[12.1716,55.4277],[12.1717,55.4278],[12.1716,55.428],[12.1715,55.4279]]]},"properties":{"sourceId":"ais_par3.82869","a_type":4120,"hectares":0.094}},{"type":"Feature","id":"ais_par3.82870","geometry":{"type":"Polygon","coordinates":[[[12.1872,55.4012],[12.1876,55.4012],[12.1877,55.401],[12.1876,55.4008],[12.1873,55.4007],[12.187,55.4009],[12.1867,55.4011],[12.1871,55.401],[12.1872,55.4012]]]},"properties":{"sourceId":"ais_par3.82870","a_type":4120,"hectares":0.187}},{"type":"Feature","id":"ais_par3.82871","geometry":{"type":"Polygon","coordinates":[[[12.1951,55.4385],[12.1933,55.4395],[12.1947,55.4394],[12.1958,55.4392],[12.1951,55.4385]]]},"properties":{"sourceId":"ais_par3.82871","a_type":4120,"hectares":0.743}},{"type":"Feature","id":"ais_par3.82872","geometry":{"type":"Polygon","coordinates":[[[12.1649,55.4634],[12.1649,55.4631],[12.1656,55.4631],[12.1656,55.463],[12.1646,55.463],[12.1644,55.4629],[12.1643,55.463],[12.1643,55.4631],[12.164,55.4631],[12.1641,55.4634],[12.1649,55.4634]],[[12.1642,55.4633],[12.1641,55.4632],[12.1645,55.4631],[12.1645,55.4633],[12.1642,55.4633]]]},"properties":{"sourceId":"ais_par3.82872","a_type":4120,"hectares":0.215}},{"type":"Feature","id":"ais_par3.82873","geometry":{"type":"Polygon","coordinates":[[[12.1891,55.4839],[12.1899,55.4839],[12.1899,55.4835],[12.1899,55.4832],[12.1889,55.4833],[12.1891,55.4839]]]},"properties":{"sourceId":"ais_par3.82873","a_type":4120,"hectares":0.388}},{"type":"Feature","id":"ais_par3.82882","geometry":{"type":"Polygon","coordinates":[[[11.9413,55.5397],[11.9414,55.5397],[11.9419,55.5394],[11.9419,55.5393],[11.9414,55.5392],[11.9414,55.5392],[11.9413,55.5397]]]},"properties":{"sourceId":"ais_par3.82882","a_type":4120,"hectares":0.132}},{"type":"Feature","id":"ais_par3.82883","geometry":{"type":"Polygon","coordinates":[[[11.9411,55.5399],[11.9414,55.5407],[11.9421,55.5406],[11.9419,55.5398],[11.9411,55.5399]]]},"properties":{"sourceId":"ais_par3.82883","a_type":4120,"hectares":0.436}},{"type":"Feature","id":"ais_par3.82940","geometry":{"type":"Polygon","coordinates":[[[12.1796,55.51],[12.1807,55.5111],[12.1824,55.5124],[12.1848,55.5142],[12.1853,55.5142],[12.1855,55.5141],[12.1863,55.5144],[12.1867,55.5144],[12.1875,55.5149],[12.1897,55.5159],[12.1906,55.5158],[12.1913,55.5156],[12.1887,55.5143],[12.1911,55.513],[12.1896,55.512],[12.1884,55.5114],[12.1881,55.5115],[12.1878,55.5113],[12.1863,55.5123],[12.1837,55.5113],[12.1841,55.5099],[12.184,55.5097],[12.1833,55.5097],[12.1831,55.509],[12.1818,55.509],[12.1804,55.5092],[12.1807,55.5096],[12.1809,55.5096],[12.1796,55.51]],[[12.1892,55.5123],[12.1895,55.5126],[12.1892,55.5128],[12.1892,55.5123]],[[12.1819,55.5091],[12.1822,55.509],[12.1823,55.5092],[12.1823,55.5092],[12.1822,55.5093],[12.1822,55.5094],[12.1823,55.5095],[12.1823,55.5096],[12.1822,55.5097],[12.1821,55.5096],[12.1818,55.5095],[12.1818,55.5094],[12.1819,55.5094],[12.1819,55.5093],[12.1818,55.5092],[12.1819,55.5091]]]},"properties":{"sourceId":"ais_par3.82940","a_type":4120,"hectares":20.603}},{"type":"Feature","id":"ais_par3.82972","geometry":{"type":"Polygon","coordinates":[[[11.9439,55.5391],[11.9433,55.5398],[11.9429,55.5399],[11.9437,55.5399],[11.9439,55.5399],[11.9442,55.5399],[11.9442,55.5397],[11.9442,55.5396],[11.9442,55.5395],[11.9443,55.5393],[11.9439,55.5391]]]},"properties":{"sourceId":"ais_par3.82972","a_type":4120,"hectares":0.351}},{"type":"Feature","id":"ais_par3.82973","geometry":{"type":"Polygon","coordinates":[[[11.9678,55.5374],[11.968,55.538],[11.9681,55.5381],[11.9684,55.5382],[11.9688,55.5382],[11.9693,55.5382],[11.9697,55.5383],[11.97,55.5383],[11.9702,55.5382],[11.9703,55.5381],[11.97,55.5375],[11.9694,55.5374],[11.9687,55.5373],[11.9678,55.5374]],[[11.9689,55.538],[11.9688,55.5379],[11.9688,55.5378],[11.9689,55.5377],[11.9689,55.5376],[11.9689,55.5376],[11.9693,55.5376],[11.9692,55.5377],[11.9696,55.5376],[11.9699,55.5377],[11.9698,55.5377],[11.9697,55.5377],[11.9694,55.5379],[11.9696,55.538],[11.9698,55.538],[11.9699,55.5378],[11.9701,55.5379],[11.9699,55.5381],[11.9693,55.5381],[11.9689,55.538]]]},"properties":{"sourceId":"ais_par3.82973","a_type":4120,"hectares":1.002}},{"type":"Feature","id":"ais_par3.83040","geometry":{"type":"Polygon","coordinates":[[[12.0236,55.5346],[12.0239,55.535],[12.025,55.5353],[12.0253,55.5355],[12.0265,55.5355],[12.0268,55.5355],[12.0272,55.5353],[12.0271,55.5351],[12.0271,55.5348],[12.0264,55.5346],[12.0262,55.5345],[12.0258,55.5341],[12.0255,55.5338],[12.0244,55.5337],[12.0238,55.5342],[12.0237,55.5342],[12.0236,55.5346]],[[12.0241,55.534],[12.0243,55.5339],[12.0246,55.5339],[12.0241,55.534]],[[12.0245,55.5342],[12.0248,55.5341],[12.0252,55.5342],[12.0251,55.5344],[12.0249,55.5344],[12.0245,55.5343],[12.0245,55.5342]],[[12.0239,55.5344],[12.0243,55.5345],[12.0242,55.5347],[12.0252,55.535],[12.0259,55.5351],[12.0261,55.5354],[12.0264,55.5354],[12.0264,55.5351],[12.0267,55.5351],[12.0269,55.5353],[12.0265,55.5354],[12.0255,55.5354],[12.024,55.5348],[12.0239,55.5347],[12.0239,55.5346],[12.0239,55.5344]]]},"properties":{"sourceId":"ais_par3.83040","a_type":4120,"hectares":2.223}},{"type":"Feature","id":"ais_par3.83041","geometry":{"type":"Polygon","coordinates":[[[12.0186,55.5354],[12.0184,55.535],[12.0183,55.5348],[12.0181,55.5348],[12.0179,55.5348],[12.0177,55.535],[12.0176,55.5354],[12.0162,55.5357],[12.0161,55.5365],[12.0169,55.5362],[12.0173,55.5363],[12.0176,55.5364],[12.018,55.5364],[12.0185,55.5367],[12.0181,55.5356],[12.0186,55.5354]],[[12.0181,55.5352],[12.018,55.535],[12.0181,55.535],[12.0182,55.5352],[12.0181,55.5352]],[[12.0164,55.5361],[12.0164,55.5359],[12.0165,55.5359],[12.0167,55.5359],[12.0167,55.5361],[12.0166,55.5361],[12.0166,55.5361],[12.0165,55.5361],[12.0165,55.5361],[12.0164,55.5361]]]},"properties":{"sourceId":"ais_par3.83041","a_type":4120,"hectares":1.521}},{"type":"Feature","id":"ais_par3.83042","geometry":{"type":"Polygon","coordinates":[[[12.0826,55.5276],[12.0826,55.5271],[12.0798,55.5275],[12.0795,55.5276],[12.08,55.5283],[12.0801,55.5283],[12.0821,55.528],[12.0826,55.5276]]]},"properties":{"sourceId":"ais_par3.83042","a_type":4120,"hectares":1.65}},{"type":"Feature","id":"ais_par3.83035","geometry":{"type":"Polygon","coordinates":[[[12.0445,55.5378],[12.0448,55.5376],[12.045,55.5374],[12.045,55.5373],[12.0449,55.5372],[12.0447,55.5371],[12.0446,55.5371],[12.0445,55.5371],[12.0442,55.5372],[12.044,55.5372],[12.0438,55.5373],[12.0435,55.5373],[12.0434,55.5375],[12.0434,55.5376],[12.0436,55.5378],[12.0445,55.5378]],[[12.0441,55.5377],[12.0439,55.5377],[12.0438,55.5376],[12.0439,55.5375],[12.0441,55.5375],[12.0441,55.5376],[12.0441,55.5377]]]},"properties":{"sourceId":"ais_par3.83035","a_type":4120,"hectares":0.513}},{"type":"Feature","id":"ais_par3.83036","geometry":{"type":"Polygon","coordinates":[[[12.0431,55.5353],[12.0437,55.5354],[12.0434,55.535],[12.0434,55.5344],[12.0434,55.5342],[12.043,55.534],[12.0429,55.5344],[12.0429,55.5349],[12.0431,55.5353]]]},"properties":{"sourceId":"ais_par3.83036","a_type":4120,"hectares":0.418}},{"type":"Feature","id":"ais_par3.83037","geometry":{"type":"Polygon","coordinates":[[[11.9784,55.5325],[11.979,55.5324],[11.9789,55.5323],[11.9795,55.5322],[11.9792,55.5319],[11.9791,55.5307],[11.9787,55.5306],[11.9786,55.5313],[11.9783,55.5316],[11.9782,55.532],[11.9782,55.5322],[11.9784,55.5325]]]},"properties":{"sourceId":"ais_par3.83037","a_type":4120,"hectares":0.958}},{"type":"Feature","id":"ais_par3.83038","geometry":{"type":"Polygon","coordinates":[[[11.9802,55.5385],[11.981,55.5384],[11.9801,55.5363],[11.9799,55.5363],[11.9803,55.5374],[11.9799,55.5375],[11.9802,55.5385]]]},"properties":{"sourceId":"ais_par3.83038","a_type":4120,"hectares":0.809}},{"type":"Feature","id":"ais_par3.83039","geometry":{"type":"Polygon","coordinates":[[[11.9953,55.5387],[11.9952,55.5386],[11.9955,55.5386],[11.9955,55.5383],[11.9954,55.5381],[11.9953,55.5379],[11.995,55.5377],[11.9948,55.5378],[11.9948,55.5379],[11.9949,55.5381],[11.995,55.5385],[11.995,55.5386],[11.9951,55.5387],[11.9953,55.5389],[11.9953,55.5387]]]},"properties":{"sourceId":"ais_par3.83039","a_type":4120,"hectares":0.313}},{"type":"Feature","id":"ais_par3.83396","geometry":{"type":"Polygon","coordinates":[[[12.2277,55.3725],[12.2277,55.3726],[12.2278,55.3727],[12.228,55.3727],[12.2281,55.3727],[12.228,55.3726],[12.2277,55.3725]]]},"properties":{"sourceId":"ais_par3.83396","a_type":5120,"hectares":0.027}},{"type":"Feature","id":"ais_par3.83054","geometry":{"type":"Polygon","coordinates":[[[11.9673,55.5373],[11.969,55.5371],[11.9702,55.5371],[11.9711,55.537],[11.9711,55.5368],[11.9704,55.5366],[11.9703,55.5364],[11.9703,55.5363],[11.9695,55.5354],[11.9693,55.5353],[11.9688,55.535],[11.9683,55.5357],[11.9682,55.536],[11.9679,55.5364],[11.9676,55.5366],[11.9675,55.5368],[11.9672,55.5368],[11.9673,55.5373]],[[11.9681,55.5369],[11.9685,55.5368],[11.9689,55.5368],[11.9689,55.5369],[11.9681,55.5369]]]},"properties":{"sourceId":"ais_par3.83054","a_type":4120,"hectares":3.136}},{"type":"Feature","id":"ais_par3.83119","geometry":{"type":"Polygon","coordinates":[[[11.9331,55.527],[11.9322,55.5273],[11.9313,55.5277],[11.9301,55.528],[11.9303,55.5286],[11.9307,55.5285],[11.931,55.5288],[11.9323,55.5286],[11.933,55.5283],[11.9336,55.5279],[11.9339,55.5277],[11.9334,55.5273],[11.9355,55.5261],[11.9351,55.5259],[11.9347,55.526],[11.934,55.5264],[11.9331,55.527]],[[11.9327,55.5275],[11.9331,55.528],[11.9326,55.5281],[11.9325,55.5282],[11.9322,55.5282],[11.9323,55.5283],[11.9309,55.5286],[11.9307,55.5285],[11.9303,55.5285],[11.9302,55.5282],[11.9313,55.528],[11.9315,55.5278],[11.9327,55.5275]],[[11.935,55.5263],[11.9351,55.5261],[11.9349,55.526],[11.9351,55.5259],[11.9354,55.5261],[11.935,55.5263]]]},"properties":{"sourceId":"ais_par3.83119","a_type":4120,"hectares":2.141}},{"type":"Feature","id":"ais_par3.83120","geometry":{"type":"Polygon","coordinates":[[[11.9373,55.5181],[11.9373,55.5189],[11.9366,55.5196],[11.9368,55.5197],[11.9375,55.5194],[11.9378,55.5195],[11.9382,55.5198],[11.9391,55.5195],[11.9388,55.5188],[11.9378,55.5186],[11.9385,55.5181],[11.9373,55.5181]],[[11.9367,55.5196],[11.9371,55.5192],[11.9374,55.5192],[11.9375,55.5193],[11.9368,55.5197],[11.9367,55.5196]],[[11.939,55.5194],[11.9391,55.5195],[11.9385,55.5196],[11.9382,55.5198],[11.9378,55.5195],[11.9382,55.5194],[11.939,55.5194]],[[11.9373,55.519],[11.9375,55.5188],[11.9374,55.5188],[11.9376,55.5186],[11.9375,55.5184],[11.9377,55.5181],[11.9381,55.5181],[11.9381,55.5183],[11.9377,55.5186],[11.9387,55.5188],[11.9389,55.5193],[11.9387,55.5194],[11.9378,55.5192],[11.9373,55.519]]]},"properties":{"sourceId":"ais_par3.83120","a_type":4120,"hectares":0.501}},{"type":"Feature","id":"ais_par3.83121","geometry":{"type":"Polygon","coordinates":[[[11.9902,55.5221],[11.9908,55.5223],[11.9914,55.5227],[11.9922,55.5221],[11.9919,55.522],[11.9902,55.5221]],[[11.9914,55.5224],[11.9905,55.5221],[11.9914,55.522],[11.9915,55.5222],[11.9918,55.5221],[11.992,55.5221],[11.9914,55.5224]]]},"properties":{"sourceId":"ais_par3.83121","a_type":4120,"hectares":0.288}},{"type":"Feature","id":"ais_par3.83122","geometry":{"type":"Polygon","coordinates":[[[11.977,55.5203],[11.9762,55.5206],[11.9766,55.5208],[11.977,55.5211],[11.9781,55.5235],[11.9788,55.5229],[11.9791,55.5229],[11.9793,55.5223],[11.9781,55.5221],[11.9777,55.521],[11.9774,55.521],[11.9775,55.5209],[11.9776,55.5208],[11.9774,55.5204],[11.9772,55.5203],[11.977,55.5203]],[[11.9788,55.5229],[11.9788,55.5227],[11.979,55.5227],[11.979,55.5229],[11.9788,55.5229]],[[11.9771,55.5209],[11.977,55.5206],[11.9773,55.5205],[11.9775,55.5208],[11.9771,55.5209]],[[11.9774,55.5212],[11.9777,55.5212],[11.978,55.522],[11.9778,55.5222],[11.9774,55.5212]]]},"properties":{"sourceId":"ais_par3.83122","a_type":4120,"hectares":1.78}},{"type":"Feature","id":"ais_par3.83123","geometry":{"type":"Polygon","coordinates":[[[11.9769,55.5177],[11.9763,55.5178],[11.9764,55.5181],[11.9769,55.518],[11.9769,55.5177]]]},"properties":{"sourceId":"ais_par3.83123","a_type":4120,"hectares":0.147}},{"type":"Feature","id":"ais_par3.83124","geometry":{"type":"Polygon","coordinates":[[[11.9946,55.5128],[11.994,55.5129],[11.9937,55.5133],[11.9947,55.5134],[11.9946,55.5128]],[[11.9941,55.5132],[11.9941,55.513],[11.9943,55.513],[11.9944,55.5132],[11.9941,55.5132]]]},"properties":{"sourceId":"ais_par3.83124","a_type":4120,"hectares":0.228}},{"type":"Feature","id":"ais_par3.83125","geometry":{"type":"Polygon","coordinates":[[[12.0046,55.5049],[12.0038,55.5049],[12.0036,55.5052],[12.0036,55.5057],[12.0039,55.506],[12.0044,55.5059],[12.0044,55.5056],[12.0046,55.5054],[12.0046,55.5049]],[[12.0038,55.5054],[12.0039,55.5051],[12.0044,55.5051],[12.0043,55.5053],[12.0038,55.5054]]]},"properties":{"sourceId":"ais_par3.83125","a_type":4120,"hectares":0.497}},{"type":"Feature","id":"ais_par3.83126","geometry":{"type":"Polygon","coordinates":[[[11.9767,55.5298],[11.9763,55.5303],[11.9754,55.5306],[11.9752,55.5306],[11.9752,55.5298],[11.9748,55.5297],[11.9739,55.5307],[11.9746,55.5306],[11.9756,55.5309],[11.9762,55.5305],[11.9753,55.5317],[11.9759,55.5318],[11.9762,55.5314],[11.9766,55.5313],[11.9765,55.531],[11.9762,55.5308],[11.9767,55.5305],[11.9767,55.5301],[11.9767,55.5298]]]},"properties":{"sourceId":"ais_par3.83126","a_type":4120,"hectares":1.336}},{"type":"Feature","id":"ais_par3.83127","geometry":{"type":"Polygon","coordinates":[[[12.057,55.5126],[12.0571,55.5125],[12.0557,55.5122],[12.0555,55.5127],[12.057,55.5126]]]},"properties":{"sourceId":"ais_par3.83127","a_type":4120,"hectares":0.359}},{"type":"Feature","id":"ais_par3.83128","geometry":{"type":"Polygon","coordinates":[[[12.074,55.5132],[12.0737,55.513],[12.073,55.5127],[12.072,55.5129],[12.0721,55.5135],[12.0722,55.5135],[12.0726,55.5136],[12.0729,55.5135],[12.0733,55.5132],[12.0735,55.5133],[12.0738,55.5134],[12.074,55.5132]]]},"properties":{"sourceId":"ais_par3.83128","a_type":4120,"hectares":0.743}},{"type":"Feature","id":"ais_par3.83129","geometry":{"type":"Polygon","coordinates":[[[12.0732,55.5074],[12.072,55.5077],[12.072,55.5077],[12.072,55.5078],[12.0716,55.5081],[12.0713,55.5083],[12.0714,55.5084],[12.0721,55.5081],[12.0726,55.5079],[12.073,55.5078],[12.0735,55.5077],[12.0739,55.5077],[12.0739,55.5075],[12.0735,55.5075],[12.0732,55.5074]],[[12.0727,55.5076],[12.0731,55.5075],[12.0732,55.5075],[12.0732,55.5076],[12.0729,55.5077],[12.0727,55.5077],[12.0727,55.5076]]]},"properties":{"sourceId":"ais_par3.83129","a_type":4120,"hectares":0.489}},{"type":"Feature","id":"ais_par3.83130","geometry":{"type":"Polygon","coordinates":[[[12.0695,55.5063],[12.0695,55.5063],[12.0694,55.5064],[12.0693,55.5064],[12.0692,55.5064],[12.0693,55.5065],[12.0697,55.5066],[12.0698,55.5065],[12.0695,55.5063]]]},"properties":{"sourceId":"ais_par3.83130","a_type":4120,"hectares":0.081}},{"type":"Feature","id":"ais_par3.83131","geometry":{"type":"Polygon","coordinates":[[[11.9479,55.5022],[11.9459,55.502],[11.9458,55.5026],[11.9472,55.5024],[11.9473,55.5026],[11.9479,55.5026],[11.9479,55.5022]]]},"properties":{"sourceId":"ais_par3.83131","a_type":4120,"hectares":0.643}},{"type":"Feature","id":"ais_par3.83132","geometry":{"type":"Polygon","coordinates":[[[11.9568,55.503],[11.9568,55.5034],[11.9569,55.5034],[11.957,55.5033],[11.9571,55.5034],[11.9579,55.503],[11.9583,55.5022],[11.9574,55.5026],[11.9568,55.503]]]},"properties":{"sourceId":"ais_par3.83132","a_type":4120,"hectares":0.539}},{"type":"Feature","id":"ais_par3.83133","geometry":{"type":"Polygon","coordinates":[[[11.9583,55.4993],[11.958,55.4992],[11.9571,55.5001],[11.9572,55.5003],[11.9592,55.501],[11.9599,55.5006],[11.9598,55.5003],[11.9601,55.5001],[11.9613,55.4999],[11.961,55.4994],[11.9609,55.4997],[11.9603,55.4996],[11.9583,55.4993]]]},"properties":{"sourceId":"ais_par3.83133","a_type":4120,"hectares":2.638}},{"type":"Feature","id":"ais_par3.83134","geometry":{"type":"Polygon","coordinates":[[[11.9609,55.5054],[11.9601,55.5057],[11.9606,55.5062],[11.9612,55.5062],[11.9615,55.506],[11.9609,55.5054]],[[11.961,55.5056],[11.9609,55.5056],[11.9605,55.5058],[11.9606,55.5059],[11.961,55.5062],[11.9606,55.5062],[11.9603,55.5058],[11.9605,55.5057],[11.9609,55.5055],[11.961,55.5056]]]},"properties":{"sourceId":"ais_par3.83134","a_type":4120,"hectares":0.343}},{"type":"Feature","id":"ais_par3.83136","geometry":{"type":"Polygon","coordinates":[[[11.9688,55.4986],[11.9693,55.4984],[11.9714,55.4985],[11.9726,55.498],[11.9725,55.497],[11.9719,55.4965],[11.9715,55.4961],[11.9716,55.4957],[11.9713,55.4956],[11.9707,55.4955],[11.9702,55.4956],[11.9689,55.4957],[11.9681,55.4962],[11.9673,55.4966],[11.9664,55.4969],[11.9657,55.4971],[11.9651,55.4977],[11.9648,55.4978],[11.964,55.4979],[11.9631,55.4982],[11.9624,55.4981],[11.962,55.498],[11.9614,55.4982],[11.9605,55.4991],[11.961,55.4992],[11.9611,55.499],[11.9648,55.4998],[11.9673,55.499],[11.9678,55.4984],[11.9688,55.4986]],[[11.972,55.497],[11.9722,55.4976],[11.9717,55.498],[11.9694,55.498],[11.9693,55.4979],[11.9689,55.4979],[11.9687,55.4982],[11.9681,55.4982],[11.9678,55.4982],[11.9673,55.4982],[11.9671,55.4985],[11.9661,55.4989],[11.9658,55.4987],[11.965,55.4989],[11.9645,55.4988],[11.9639,55.4989],[11.9638,55.4988],[11.9636,55.4986],[11.964,55.4984],[11.9641,55.4982],[11.9645,55.4982],[11.9654,55.4978],[11.9661,55.4973],[11.9663,55.4971],[11.9674,55.4969],[11.9685,55.4963],[11.9696,55.496],[11.9703,55.4959],[11.9713,55.4963],[11.9717,55.4967],[11.972,55.497]]]},"properties":{"sourceId":"ais_par3.83136","a_type":4120,"hectares":8.121}},{"type":"Feature","id":"ais_par3.83137","geometry":{"type":"Polygon","coordinates":[[[11.9879,55.5019],[11.9877,55.503],[11.9879,55.5031],[11.9881,55.5031],[11.9884,55.5021],[11.9883,55.502],[11.9879,55.5019]],[[11.9879,55.5023],[11.9882,55.5024],[11.988,55.503],[11.9877,55.5029],[11.9879,55.5023]]]},"properties":{"sourceId":"ais_par3.83137","a_type":4120,"hectares":0.245}},{"type":"Feature","id":"ais_par3.83138","geometry":{"type":"Polygon","coordinates":[[[11.9965,55.5034],[11.9958,55.5028],[11.9952,55.5033],[11.9949,55.5033],[11.9942,55.504],[11.9943,55.504],[11.9944,55.504],[11.9946,55.5039],[11.9948,55.5038],[11.995,55.5038],[11.9952,55.5038],[11.9954,55.504],[11.9955,55.5041],[11.9965,55.5034]],[[11.9955,55.5038],[11.9955,55.5036],[11.9957,55.5036],[11.9958,55.5037],[11.9955,55.5038]]]},"properties":{"sourceId":"ais_par3.83138","a_type":4120,"hectares":0.787}},{"type":"Feature","id":"ais_par3.83139","geometry":{"type":"Polygon","coordinates":[[[12.0018,55.4985],[12.0009,55.4981],[12.0009,55.4985],[12.001,55.4986],[12.0011,55.4988],[12.0013,55.4992],[12.0016,55.4992],[12.0021,55.499],[12.0022,55.4988],[12.002,55.4986],[12.0018,55.4985]],[[12.0012,55.4988],[12.0017,55.4987],[12.002,55.4988],[12.0021,55.4989],[12.002,55.499],[12.0016,55.4992],[12.0013,55.4991],[12.0012,55.4988]]]},"properties":{"sourceId":"ais_par3.83139","a_type":4120,"hectares":0.33}},{"type":"Feature","id":"ais_par3.83140","geometry":{"type":"Polygon","coordinates":[[[12.0256,55.4989],[12.026,55.4999],[12.0255,55.4999],[12.0252,55.4996],[12.0246,55.4997],[12.0244,55.4997],[12.0241,55.4999],[12.0234,55.5001],[12.023,55.4998],[12.0225,55.4999],[12.0223,55.5002],[12.0232,55.5003],[12.0238,55.5004],[12.0241,55.5005],[12.0241,55.5008],[12.0239,55.5009],[12.0235,55.5011],[12.0233,55.5012],[12.0233,55.5013],[12.0238,55.5017],[12.0224,55.5021],[12.0232,55.5022],[12.0244,55.5019],[12.0249,55.5022],[12.0262,55.5018],[12.0273,55.5021],[12.028,55.5021],[12.0292,55.502],[12.0302,55.502],[12.0308,55.5019],[12.0316,55.5013],[12.0327,55.5013],[12.0323,55.5],[12.0309,55.4996],[12.0309,55.4994],[12.0297,55.4995],[12.0296,55.4991],[12.0289,55.4991],[12.0281,55.499],[12.0279,55.4984],[12.0256,55.4989]],[[12.031,55.5013],[12.031,55.5016],[12.0305,55.5018],[12.0299,55.5018],[12.0293,55.5018],[12.0286,55.5005],[12.0276,55.5005],[12.0279,55.5013],[12.0272,55.5008],[12.0269,55.501],[12.0267,55.5005],[12.026,55.5006],[12.0264,55.5015],[12.0262,55.5017],[12.0258,55.5014],[12.0253,55.5014],[12.025,55.5012],[12.0243,55.5012],[12.0245,55.5014],[12.025,55.5018],[12.0246,55.502],[12.0242,55.5019],[12.0248,55.5017],[12.0245,55.5015],[12.0237,55.5015],[12.0237,55.5013],[12.0242,55.5012],[12.0249,55.5012],[12.0249,55.5009],[12.0255,55.5009],[12.0257,55.501],[12.0258,55.5008],[12.0259,55.5006],[12.0267,55.5004],[12.0269,55.5003],[12.0276,55.5002],[12.0276,55.5004],[12.0286,55.5004],[12.0289,55.5001],[12.0284,55.4998],[12.0287,55.4998],[12.0289,55.4998],[12.0291,55.4998],[12.0293,55.5],[12.0296,55.4999],[12.0295,55.4997],[12.0304,55.4996],[12.0305,55.4999],[12.029,55.5],[12.0291,55.5003],[12.0308,55.5002],[12.031,55.5013]]]},"properties":{"sourceId":"ais_par3.83140","a_type":4120,"hectares":12.588}},{"type":"Feature","id":"ais_par3.83141","geometry":{"type":"Polygon","coordinates":[[[12.0698,55.528],[12.0674,55.5283],[12.0674,55.5283],[12.0672,55.528],[12.0667,55.5284],[12.0651,55.5287],[12.0655,55.5289],[12.0662,55.529],[12.0666,55.5292],[12.0666,55.5288],[12.0698,55.5281],[12.0698,55.528]]]},"properties":{"sourceId":"ais_par3.83141","a_type":4120,"hectares":0.987}},{"type":"Feature","id":"ais_par3.83142","geometry":{"type":"Polygon","coordinates":[[[12.022,55.5019],[12.0222,55.5015],[12.0223,55.501],[12.0217,55.501],[12.0214,55.5016],[12.022,55.5019]]]},"properties":{"sourceId":"ais_par3.83142","a_type":4120,"hectares":0.344}},{"type":"Feature","id":"ais_par3.83143","geometry":{"type":"Polygon","coordinates":[[[12.0483,55.4966],[12.0479,55.4967],[12.0481,55.4975],[12.0488,55.4982],[12.0505,55.4983],[12.0502,55.498],[12.049,55.4976],[12.0487,55.4973],[12.0483,55.497],[12.0483,55.4966]],[[12.0486,55.4979],[12.0486,55.4977],[12.0488,55.4977],[12.0489,55.4978],[12.0486,55.4979]]]},"properties":{"sourceId":"ais_par3.83143","a_type":4120,"hectares":0.869}},{"type":"Feature","id":"ais_par3.83144","geometry":{"type":"Polygon","coordinates":[[[12.0696,55.4998],[12.0691,55.4999],[12.0687,55.5001],[12.0686,55.5007],[12.069,55.5007],[12.0692,55.5004],[12.0698,55.5001],[12.0698,55.4999],[12.0696,55.4998]]]},"properties":{"sourceId":"ais_par3.83144","a_type":4120,"hectares":0.4}},{"type":"Feature","id":"ais_par3.83145","geometry":{"type":"Polygon","coordinates":[[[12.0744,55.5006],[12.0738,55.5006],[12.0732,55.5006],[12.0734,55.5011],[12.0738,55.5011],[12.0738,55.5009],[12.0744,55.5009],[12.0744,55.5006]]]},"properties":{"sourceId":"ais_par3.83145","a_type":4120,"hectares":0.297}},{"type":"Feature","id":"ais_par3.83146","geometry":{"type":"Polygon","coordinates":[[[11.987,55.4952],[11.9864,55.4954],[11.9866,55.4958],[11.987,55.4959],[11.9879,55.4968],[11.9881,55.4967],[11.9872,55.4957],[11.987,55.4952]]]},"properties":{"sourceId":"ais_par3.83146","a_type":4120,"hectares":0.44}},{"type":"Feature","id":"ais_par3.83147","geometry":{"type":"Polygon","coordinates":[[[11.9821,55.4934],[11.9838,55.496],[11.9841,55.4959],[11.9843,55.4957],[11.9843,55.4951],[11.9836,55.4946],[11.9835,55.494],[11.9837,55.4931],[11.9821,55.4934]],[[11.9829,55.494],[11.9829,55.4937],[11.9832,55.4937],[11.9833,55.494],[11.9831,55.494],[11.9829,55.494]],[[11.9834,55.4951],[11.9837,55.4951],[11.9841,55.4956],[11.9839,55.4957],[11.9834,55.4951]]]},"properties":{"sourceId":"ais_par3.83147","a_type":4120,"hectares":1.691}},{"type":"Feature","id":"ais_par3.83148","geometry":{"type":"Polygon","coordinates":[[[11.9822,55.4838],[11.9826,55.4838],[11.9828,55.4841],[11.983,55.4843],[11.983,55.4849],[11.9825,55.4851],[11.9821,55.4854],[11.9819,55.4858],[11.9816,55.4861],[11.982,55.4861],[11.9823,55.4859],[11.9822,55.4859],[11.9823,55.4857],[11.9826,55.4853],[11.9832,55.4851],[11.9836,55.4846],[11.9834,55.484],[11.9827,55.4835],[11.9823,55.4834],[11.9822,55.4838]],[[11.9823,55.4837],[11.9824,55.4835],[11.9827,55.4837],[11.9832,55.484],[11.9834,55.4846],[11.9832,55.485],[11.9826,55.4853],[11.9822,55.4858],[11.9822,55.4859],[11.982,55.486],[11.9817,55.486],[11.982,55.4858],[11.9821,55.4854],[11.9825,55.4851],[11.9831,55.4849],[11.9831,55.4843],[11.9829,55.484],[11.9827,55.4838],[11.9823,55.4837]]]},"properties":{"sourceId":"ais_par3.83148","a_type":4120,"hectares":0.438}},{"type":"Feature","id":"ais_par3.83149","geometry":{"type":"Polygon","coordinates":[[[11.9925,55.4909],[11.9925,55.4907],[11.9924,55.4905],[11.9921,55.4903],[11.9917,55.4903],[11.9915,55.4903],[11.9915,55.4904],[11.9909,55.4906],[11.991,55.4907],[11.9921,55.4909],[11.9925,55.4909]]]},"properties":{"sourceId":"ais_par3.83149","a_type":4120,"hectares":0.482}},{"type":"Feature","id":"ais_par3.83150","geometry":{"type":"Polygon","coordinates":[[[12.0017,55.4848],[12.0018,55.4847],[12.0016,55.4847],[12.0012,55.4846],[12.0007,55.4847],[11.9998,55.4848],[11.9993,55.4849],[11.9987,55.4852],[11.9986,55.4855],[11.9987,55.4859],[11.9988,55.4863],[11.9989,55.4867],[11.9989,55.4868],[11.9986,55.4869],[11.9984,55.487],[11.9999,55.4871],[12.0006,55.4872],[12.0008,55.4878],[12.0002,55.4878],[11.9996,55.4881],[11.9997,55.4886],[12.0006,55.4886],[12.0011,55.4885],[12.0012,55.4883],[12.0016,55.4881],[12.002,55.488],[12.0019,55.4877],[12.0012,55.4877],[12.0011,55.4873],[12.0034,55.4874],[12.0049,55.4872],[12.009,55.487],[12.0095,55.4871],[12.0099,55.4869],[12.0101,55.4861],[12.01,55.4853],[12.0094,55.4851],[12.0073,55.4844],[12.0052,55.4845],[12.0044,55.4847],[12.0029,55.4847],[12.0017,55.4848]],[[11.9998,55.4883],[12.0008,55.4881],[12.0004,55.4881],[12.0002,55.4881],[12.0002,55.488],[12.0007,55.4878],[12.0011,55.4878],[12.0013,55.488],[12.0015,55.4881],[12.0015,55.4878],[12.0018,55.4878],[12.0018,55.488],[12.0013,55.4882],[12.0005,55.4884],[11.9998,55.4884],[11.9998,55.4883]],[[12.0074,55.4845],[12.0095,55.4852],[12.0097,55.4858],[12.0096,55.4862],[12.0095,55.4862],[12.0095,55.4865],[12.0081,55.4868],[12.0057,55.4869],[12.0042,55.4871],[12.0034,55.4873],[12.0007,55.4871],[11.9995,55.487],[11.9991,55.4868],[11.9992,55.4867],[11.9993,55.4864],[11.9991,55.4861],[11.9989,55.4858],[11.9987,55.4856],[11.9989,55.4852],[11.9995,55.485],[12.0005,55.4848],[12.0011,55.4847],[12.0014,55.485],[12.0021,55.485],[12.0044,55.4847],[12.0074,55.4845]]]},"properties":{"sourceId":"ais_par3.83150","a_type":4120,"hectares":4.336}},{"type":"Feature","id":"ais_par3.83151","geometry":{"type":"Polygon","coordinates":[[[12.012,55.491],[12.0122,55.4911],[12.0123,55.4912],[12.0125,55.491],[12.0128,55.4909],[12.0129,55.4907],[12.0125,55.4907],[12.0121,55.491],[12.012,55.491]]]},"properties":{"sourceId":"ais_par3.83151","a_type":4120,"hectares":0.178}},{"type":"Feature","id":"ais_par3.83152","geometry":{"type":"Polygon","coordinates":[[[12.0209,55.4894],[12.0194,55.4889],[12.0192,55.489],[12.0184,55.489],[12.0183,55.4891],[12.0188,55.4894],[12.0196,55.4895],[12.02,55.4896],[12.0209,55.4894]]]},"properties":{"sourceId":"ais_par3.83152","a_type":4120,"hectares":0.632}},{"type":"Feature","id":"ais_par3.83153","geometry":{"type":"Polygon","coordinates":[[[11.9992,55.4784],[11.9987,55.4785],[11.9987,55.4789],[11.9993,55.479],[11.9992,55.4784]]]},"properties":{"sourceId":"ais_par3.83153","a_type":4120,"hectares":0.183}},{"type":"Feature","id":"ais_par3.83154","geometry":{"type":"Polygon","coordinates":[[[12.0304,55.4877],[12.0305,55.4874],[12.0284,55.4857],[12.0265,55.4855],[12.026,55.4857],[12.0253,55.4858],[12.0249,55.4861],[12.0237,55.4858],[12.0236,55.4859],[12.0254,55.4866],[12.027,55.487],[12.0304,55.4877]],[[12.026,55.4863],[12.0258,55.4863],[12.0258,55.4861],[12.0261,55.4862],[12.026,55.4863]],[[12.0288,55.4868],[12.0284,55.487],[12.0271,55.4868],[12.0263,55.4861],[12.0263,55.4859],[12.0273,55.4861],[12.0281,55.4863],[12.0288,55.4868]]]},"properties":{"sourceId":"ais_par3.83154","a_type":4120,"hectares":3.502}},{"type":"Feature","id":"ais_par3.83155","geometry":{"type":"Polygon","coordinates":[[[12.011,55.4834],[12.0115,55.4835],[12.0126,55.4835],[12.0127,55.4832],[12.0138,55.4833],[12.014,55.4831],[12.0133,55.4828],[12.0127,55.4826],[12.0124,55.4827],[12.0122,55.4829],[12.0121,55.483],[12.0119,55.483],[12.0116,55.4831],[12.0111,55.4831],[12.011,55.4834]],[[12.0127,55.4828],[12.0127,55.4827],[12.0137,55.483],[12.0136,55.4831],[12.0131,55.483],[12.0127,55.4828]]]},"properties":{"sourceId":"ais_par3.83155","a_type":4120,"hectares":0.879}},{"type":"Feature","id":"ais_par3.83156","geometry":{"type":"Polygon","coordinates":[[[12.0497,55.4842],[12.0524,55.4844],[12.0526,55.4836],[12.0504,55.4832],[12.0498,55.4832],[12.0483,55.4831],[12.0471,55.4835],[12.0471,55.4838],[12.047,55.4841],[12.0468,55.4852],[12.0494,55.4853],[12.0497,55.4842]]]},"properties":{"sourceId":"ais_par3.83156","a_type":4120,"hectares":5.835}},{"type":"Feature","id":"ais_par3.83157","geometry":{"type":"Polygon","coordinates":[[[11.9139,55.5298],[11.9146,55.5301],[11.915,55.5304],[11.9151,55.5306],[11.9157,55.5307],[11.9173,55.5311],[11.9177,55.5311],[11.9184,55.5311],[11.919,55.531],[11.9199,55.5308],[11.9207,55.5308],[11.9217,55.5306],[11.9225,55.5304],[11.9231,55.5304],[11.9233,55.5304],[11.9231,55.5307],[11.9235,55.5305],[11.924,55.5303],[11.9244,55.5302],[11.925,55.5297],[11.9251,55.5297],[11.9262,55.5294],[11.9263,55.5292],[11.9255,55.5294],[11.9247,55.5294],[11.9244,55.5292],[11.9241,55.5292],[11.9241,55.529],[11.9208,55.5292],[11.9207,55.5295],[11.9198,55.5296],[11.9189,55.5295],[11.9177,55.5291],[11.9166,55.5289],[11.9152,55.5288],[11.9138,55.5289],[11.9138,55.5291],[11.9132,55.5294],[11.9136,55.5297],[11.9139,55.5298]],[[11.918,55.5307],[11.9185,55.5307],[11.9185,55.5309],[11.918,55.5309],[11.918,55.5307]],[[11.9167,55.5309],[11.9167,55.5308],[11.9169,55.5308],[11.9171,55.5307],[11.9176,55.5308],[11.9176,55.5309],[11.9178,55.531],[11.9177,55.531],[11.9174,55.531],[11.9167,55.5309]],[[11.9183,55.5304],[11.9182,55.5306],[11.9175,55.5305],[11.9175,55.5307],[11.9171,55.5306],[11.917,55.5303],[11.9183,55.5304]],[[11.916,55.5302],[11.9158,55.5304],[11.916,55.5304],[11.9157,55.5305],[11.9156,55.5305],[11.9152,55.5304],[11.9151,55.5303],[11.9149,55.5302],[11.9149,55.5302],[11.915,55.5301],[11.9154,55.5302],[11.9155,55.5301],[11.916,55.5302]],[[11.9238,55.5298],[11.9238,55.5302],[11.9235,55.5302],[11.9229,55.5303],[11.9224,55.5304],[11.9217,55.5305],[11.9216,55.5305],[11.9216,55.5303],[11.9218,55.5302],[11.9217,55.5301],[11.9213,55.5301],[11.9213,55.5304],[11.9212,55.5304],[11.9212,55.5306],[11.9206,55.5307],[11.9202,55.5307],[11.92,55.5302],[11.9199,55.5302],[11.9199,55.5307],[11.9195,55.5307],[11.9195,55.5308],[11.9188,55.531],[11.9185,55.531],[11.9186,55.5309],[11.9188,55.5309],[11.9186,55.5308],[11.9184,55.5304],[11.9206,55.5301],[11.9225,55.5299],[11.9234,55.5298],[11.9238,55.5298]],[[11.9241,55.5296],[11.9241,55.5292],[11.9244,55.5293],[11.9244,55.5296],[11.9241,55.5296]]]},"properties":{"sourceId":"ais_par3.83157","a_type":4120,"hectares":9.771}},{"type":"Feature","id":"ais_par3.83164","geometry":{"type":"Polygon","coordinates":[[[11.9782,55.4662],[11.9791,55.4656],[11.98,55.4655],[11.9799,55.4653],[11.9796,55.4653],[11.9799,55.4653],[11.98,55.4655],[11.9795,55.4656],[11.9794,55.4653],[11.9796,55.4653],[11.9796,55.4653],[11.979,55.4654],[11.9782,55.4654],[11.9769,55.4657],[11.9763,55.4658],[11.9758,55.4659],[11.9749,55.4659],[11.9719,55.4661],[11.9702,55.4664],[11.9682,55.4666],[11.9674,55.4667],[11.9674,55.467],[11.9661,55.4671],[11.9661,55.4672],[11.9656,55.4673],[11.9657,55.4674],[11.9646,55.4674],[11.9645,55.4674],[11.9643,55.4674],[11.964,55.4675],[11.9638,55.4674],[11.9628,55.4674],[11.9627,55.4673],[11.9622,55.4673],[11.9618,55.4672],[11.9607,55.4673],[11.9604,55.4672],[11.9598,55.4673],[11.9598,55.4674],[11.9608,55.4674],[11.9609,55.4676],[11.9631,55.4678],[11.9665,55.4679],[11.9671,55.468],[11.9676,55.4679],[11.9683,55.468],[11.9687,55.4681],[11.9693,55.4684],[11.9705,55.4688],[11.9714,55.469],[11.9716,55.4686],[11.9723,55.4677],[11.9727,55.4677],[11.9736,55.467],[11.9746,55.4673],[11.9753,55.4672],[11.9767,55.4667],[11.9782,55.4662]],[[11.976,55.4666],[11.9766,55.4662],[11.9771,55.4664],[11.9771,55.4665],[11.9766,55.4667],[11.976,55.4666],[11.976,55.4666]],[[11.9758,55.4666],[11.9755,55.4666],[11.9752,55.4667],[11.9753,55.4669],[11.9744,55.467],[11.9742,55.467],[11.9738,55.4668],[11.9735,55.4669],[11.9727,55.4676],[11.9702,55.4675],[11.9702,55.4671],[11.968,55.4672],[11.9663,55.4672],[11.9663,55.4672],[11.9663,55.4671],[11.9675,55.4671],[11.9675,55.4667],[11.9681,55.4666],[11.9681,55.4668],[11.9683,55.4668],[11.9684,55.4666],[11.97,55.4664],[11.9716,55.4662],[11.9734,55.4662],[11.9755,55.4661],[11.9755,55.4665],[11.9758,55.4666]],[[11.9693,55.468],[11.9697,55.4676],[11.9711,55.4677],[11.971,55.4679],[11.9705,55.4679],[11.9703,55.4679],[11.9698,55.468],[11.9696,55.468],[11.9693,55.468]],[[11.9782,55.4662],[11.9775,55.4664],[11.9771,55.4664],[11.9771,55.4661],[11.9776,55.466],[11.9781,55.466],[11.9784,55.4661],[11.9782,55.4662]]]},"properties":{"sourceId":"ais_par3.83164","a_type":4120,"hectares":8.628}},{"type":"Feature","id":"ais_par3.83162","geometry":{"type":"Polygon","coordinates":[[[11.9576,55.4667],[11.9576,55.4669],[11.9589,55.4668],[11.9588,55.4665],[11.9604,55.4662],[11.9636,55.466],[11.9638,55.4663],[11.9642,55.4663],[11.9663,55.4663],[11.9674,55.4662],[11.9684,55.4661],[11.97,55.4658],[11.9715,55.4656],[11.9732,55.4656],[11.9745,55.4655],[11.9745,55.4652],[11.9756,55.4652],[11.9757,55.4654],[11.9767,55.4651],[11.977,55.465],[11.9765,55.4645],[11.9753,55.4644],[11.9748,55.4643],[11.9746,55.4642],[11.9742,55.4641],[11.9738,55.4641],[11.9735,55.4641],[11.9731,55.464],[11.9726,55.4641],[11.9725,55.4641],[11.9721,55.4641],[11.9719,55.4641],[11.9716,55.4641],[11.9709,55.4642],[11.9706,55.4643],[11.97,55.4642],[11.9697,55.4644],[11.9693,55.4643],[11.9691,55.4644],[11.9687,55.4644],[11.9681,55.4644],[11.9673,55.4647],[11.9669,55.4646],[11.9666,55.4647],[11.9662,55.4645],[11.9649,55.4636],[11.9643,55.4637],[11.9631,55.4641],[11.9625,55.4626],[11.9616,55.4625],[11.9584,55.4627],[11.9562,55.4632],[11.9558,55.4635],[11.9556,55.4639],[11.9549,55.4639],[11.954,55.4638],[11.9533,55.4619],[11.9529,55.462],[11.9527,55.4622],[11.9524,55.4622],[11.9524,55.4614],[11.9502,55.4612],[11.9498,55.4614],[11.9496,55.4614],[11.9478,55.4609],[11.9454,55.4608],[11.945,55.4615],[11.9449,55.4614],[11.9447,55.4617],[11.9442,55.4614],[11.9435,55.4611],[11.9426,55.4609],[11.9425,55.4609],[11.9425,55.4609],[11.9414,55.4607],[11.9414,55.4607],[11.9412,55.4607],[11.941,55.4609],[11.9407,55.4609],[11.9404,55.4609],[11.9402,55.4609],[11.9408,55.4612],[11.9408,55.4612],[11.9417,55.4613],[11.9414,55.462],[11.942,55.4621],[11.9422,55.462],[11.9429,55.4622],[11.9426,55.4625],[11.9415,55.4624],[11.9411,55.4632],[11.9438,55.4638],[11.9443,55.4628],[11.9452,55.4628],[11.9455,55.4623],[11.9457,55.4622],[11.9457,55.4623],[11.946,55.4624],[11.9463,55.4624],[11.9464,55.4623],[11.9461,55.4623],[11.9458,55.4623],[11.9458,55.4622],[11.9458,55.4617],[11.9453,55.4616],[11.9456,55.4611],[11.9462,55.4613],[11.9463,55.4612],[11.9479,55.4616],[11.9477,55.4621],[11.9478,55.4621],[11.948,55.4619],[11.9487,55.462],[11.9483,55.463],[11.9476,55.4628],[11.9478,55.4624],[11.9471,55.4622],[11.9467,55.4624],[11.9464,55.4623],[11.9464,55.4623],[11.9466,55.4624],[11.9467,55.4624],[11.9468,55.4624],[11.947,55.4623],[11.9476,55.4624],[11.9473,55.4631],[11.9459,55.463],[11.9454,55.4633],[11.9447,55.4646],[11.9464,55.4648],[11.9463,55.4651],[11.9475,55.4655],[11.9475,55.4654],[11.9484,55.4655],[11.9487,55.465],[11.9496,55.4652],[11.9499,55.4654],[11.9503,55.4654],[11.9504,55.4655],[11.9544,55.4654],[11.9542,55.4659],[11.9548,55.4659],[11.9551,55.466],[11.9561,55.4662],[11.9568,55.4663],[11.9576,55.4663],[11.9576,55.4667]],[[11.9618,55.4646],[11.9619,55.4655],[11.9615,55.4655],[11.9614,55.465],[11.9612,55.465],[11.9611,55.4654],[11.9603,55.4655],[11.9602,55.4652],[11.9601,55.4652],[11.9594,55.4652],[11.9595,55.4656],[11.9588,55.4656],[11.9587,55.4652],[11.9587,55.465],[11.9595,55.4651],[11.9617,55.4646],[11.9618,55.4646]],[[11.9582,55.4635],[11.9581,55.4635],[11.9582,55.4635],[11.9584,55.4642],[11.9574,55.4641],[11.9572,55.4639],[11.9573,55.4635],[11.9582,55.4635]],[[11.9619,55.4645],[11.962,55.4645],[11.9627,55.4643],[11.9622,55.4641],[11.9619,55.4636],[11.9616,55.4637],[11.9618,55.464],[11.9611,55.464],[11.9608,55.4635],[11.9594,55.4635],[11.9594,55.464],[11.9588,55.464],[11.9585,55.4635],[11.9584,55.4633],[11.9593,55.4631],[11.9594,55.4635],[11.9607,55.4635],[11.9615,55.4634],[11.9616,55.4637],[11.9619,55.4636],[11.9618,55.4631],[11.9621,55.4631],[11.9624,55.4636],[11.9627,55.4643],[11.9633,55.4644],[11.9661,55.4648],[11.9659,55.4654],[11.9637,55.4655],[11.9636,55.4652],[11.9622,55.4653],[11.962,55.4645],[11.9619,55.4645]],[[11.9695,55.4651],[11.9694,55.4651],[11.9695,55.4656],[11.9684,55.4658],[11.9682,55.4653],[11.9676,55.4653],[11.9676,55.4657],[11.9664,55.4656],[11.9664,55.4655],[11.9664,55.4651],[11.9676,55.4651],[11.9676,55.4653],[11.9683,55.4653],[11.9681,55.465],[11.9691,55.4648],[11.9694,55.4651],[11.9695,55.4651]],[[11.9713,55.4649],[11.9714,55.4654],[11.9699,55.4656],[11.9697,55.4651],[11.9697,55.4651],[11.9695,55.4649],[11.9693,55.4648],[11.9702,55.4646],[11.9711,55.4645],[11.9713,55.4649],[11.9713,55.4649]],[[11.9721,55.4649],[11.9721,55.4649],[11.9722,55.4648],[11.9732,55.4648],[11.9736,55.4647],[11.974,55.4648],[11.9742,55.4649],[11.9746,55.4649],[11.9746,55.4651],[11.9725,55.4653],[11.9721,55.4649]],[[11.9717,55.4649],[11.9719,55.4653],[11.9716,55.4653],[11.9714,55.465],[11.9714,55.465],[11.9714,55.4646],[11.9716,55.4646],[11.9717,55.4649],[11.9717,55.4649]],[[11.9476,55.4652],[11.9481,55.4647],[11.9484,55.465],[11.9483,55.4653],[11.9476,55.4652]],[[11.9516,55.4626],[11.9534,55.4633],[11.9531,55.4634],[11.9525,55.4634],[11.952,55.4633],[11.9516,55.4631],[11.9513,55.4629],[11.9512,55.4628],[11.9516,55.4626]],[[11.9524,55.4629],[11.9489,55.4617],[11.949,55.4615],[11.9484,55.4613],[11.9483,55.4614],[11.948,55.4614],[11.9481,55.4612],[11.9474,55.4612],[11.9469,55.4609],[11.9476,55.461],[11.9485,55.4611],[11.9491,55.4613],[11.9491,55.4615],[11.9502,55.4619],[11.9503,55.4617],[11.9497,55.4614],[11.9503,55.4613],[11.9523,55.4615],[11.9523,55.4623],[11.9524,55.4629]],[[11.9496,55.4629],[11.9519,55.4634],[11.9514,55.4643],[11.9498,55.464],[11.9493,55.4639],[11.9496,55.4629]],[[11.9495,55.4642],[11.9501,55.4644],[11.9496,55.4651],[11.9487,55.4649],[11.9491,55.4641],[11.9495,55.4642]],[[11.9469,55.4637],[11.9467,55.4639],[11.9456,55.4637],[11.946,55.4631],[11.9468,55.4631],[11.9469,55.4637],[11.9469,55.4637]],[[11.9471,55.4637],[11.9476,55.4634],[11.9481,55.4638],[11.948,55.4641],[11.947,55.464],[11.9471,55.4638],[11.9471,55.4637]],[[11.9539,55.4651],[11.9544,55.4651],[11.9543,55.4654],[11.9537,55.4654],[11.9538,55.4651],[11.9539,55.4651]],[[11.9533,55.465],[11.9525,55.4649],[11.9532,55.4635],[11.9534,55.4633],[11.9529,55.463],[11.9528,55.4622],[11.953,55.4621],[11.9532,55.4621],[11.9536,55.4633],[11.9536,55.4636],[11.9537,55.464],[11.9533,55.465],[11.9533,55.465]]]},"properties":{"sourceId":"ais_par3.83162","a_type":4120,"hectares":47.999}},{"type":"Feature","id":"ais_par3.83185","geometry":{"type":"Polygon","coordinates":[[[12.1967,55.3661],[12.1969,55.3662],[12.1972,55.3662],[12.197,55.3662],[12.1969,55.3661],[12.1969,55.3661],[12.197,55.366],[12.1972,55.366],[12.1974,55.366],[12.1975,55.3661],[12.1975,55.3661],[12.1974,55.3662],[12.1972,55.3662],[12.1974,55.3662],[12.1976,55.3661],[12.1976,55.366],[12.1974,55.366],[12.1968,55.366],[12.1967,55.3661]]]},"properties":{"sourceId":"ais_par3.83185","a_type":4120,"hectares":0.056}},{"type":"Feature","id":"ais_par3.83189","geometry":{"type":"Polygon","coordinates":[[[12.2243,55.3676],[12.2243,55.3677],[12.2244,55.3676],[12.2243,55.3676]]]},"properties":{"sourceId":"ais_par3.83189","a_type":4120,"hectares":0.003}},{"type":"Feature","id":"ais_par3.83191","geometry":{"type":"Polygon","coordinates":[[[12.2243,55.3677],[12.2243,55.3678],[12.2243,55.3678],[12.2245,55.3679],[12.2245,55.3678],[12.2244,55.3676],[12.2244,55.3677],[12.2243,55.3677],[12.2243,55.3677]]]},"properties":{"sourceId":"ais_par3.83191","a_type":4120,"hectares":0.017}},{"type":"Feature","id":"ais_par3.83194","geometry":{"type":"Polygon","coordinates":[[[11.9567,55.4665],[11.9567,55.4667],[11.9576,55.4667],[11.9567,55.4667],[11.9567,55.4665]]]},"properties":{"sourceId":"ais_par3.83194","a_type":4120,"hectares":0.006}},{"type":"Feature","id":"ais_par3.83235","geometry":{"type":"Polygon","coordinates":[[[12.2035,55.4899],[12.2035,55.4901],[12.2035,55.4901],[12.2035,55.4901],[12.2036,55.4901],[12.2038,55.4901],[12.2039,55.4902],[12.2042,55.4903],[12.2042,55.4904],[12.2043,55.4905],[12.2043,55.4906],[12.2044,55.4907],[12.2045,55.4907],[12.2046,55.4907],[12.2048,55.4908],[12.2048,55.4908],[12.2048,55.4908],[12.2049,55.4908],[12.2049,55.4908],[12.2049,55.4909],[12.205,55.4911],[12.205,55.4912],[12.205,55.4912],[12.205,55.4913],[12.2051,55.4915],[12.2052,55.4917],[12.2054,55.4919],[12.2055,55.4923],[12.2055,55.4923],[12.2055,55.4923],[12.2055,55.4924],[12.2055,55.4926],[12.2055,55.4926],[12.2055,55.4927],[12.2056,55.4938],[12.2056,55.4938],[12.2057,55.4939],[12.2058,55.494],[12.2059,55.4941],[12.2059,55.4941],[12.206,55.4942],[12.2061,55.4943],[12.2063,55.4944],[12.2065,55.4944],[12.2065,55.4945],[12.2065,55.4946],[12.2068,55.4947],[12.2068,55.4948],[12.2071,55.495],[12.2071,55.495],[12.2072,55.495],[12.2073,55.4951],[12.2074,55.4951],[12.2075,55.4951],[12.2075,55.4952],[12.2076,55.4953],[12.2076,55.4953],[12.2076,55.4954],[12.2077,55.4954],[12.2078,55.4955],[12.208,55.4956],[12.208,55.4957],[12.2081,55.4957],[12.2081,55.4958],[12.2082,55.496],[12.2082,55.4961],[12.2082,55.4962],[12.2082,55.4962],[12.2083,55.4963],[12.2084,55.4964],[12.2085,55.4964],[12.2085,55.4964],[12.2084,55.4965],[12.2085,55.4966],[12.2085,55.4966],[12.2087,55.4966],[12.2088,55.4967],[12.2089,55.4967],[12.2089,55.4968],[12.2089,55.4969],[12.209,55.4969],[12.209,55.497],[12.2091,55.4971],[12.2091,55.4972],[12.2092,55.4972],[12.2092,55.4973],[12.2096,55.4976],[12.2098,55.4979],[12.2098,55.4979],[12.2098,55.498],[12.2099,55.4981],[12.21,55.4981],[12.21,55.4982],[12.21,55.4983],[12.2101,55.4984],[12.2102,55.4984],[12.2102,55.4985],[12.2103,55.4985],[12.2103,55.4986],[12.2104,55.4986],[12.2104,55.4987],[12.2104,55.4988],[12.2105,55.4989],[12.2106,55.499],[12.2107,55.4991],[12.2107,55.4992],[12.2107,55.4993],[12.2108,55.4994],[12.2109,55.4995],[12.211,55.4996],[12.211,55.4997],[12.2112,55.4998],[12.2112,55.4998],[12.2112,55.4999],[12.2114,55.5001],[12.2115,55.5002],[12.2115,55.5003],[12.2115,55.5004],[12.2118,55.5008],[12.2119,55.5009],[12.212,55.5011],[12.2122,55.5013],[12.2123,55.5014],[12.2122,55.5015],[12.2122,55.5015],[12.2123,55.5017],[12.2123,55.5018],[12.2123,55.5019],[12.2123,55.5019],[12.2123,55.5021],[12.2123,55.5022],[12.2122,55.5023],[12.2121,55.5024],[12.2121,55.5025],[12.2122,55.5025],[12.2122,55.5026],[12.2123,55.5027],[12.2124,55.5027],[12.2125,55.5028],[12.2125,55.5028],[12.2127,55.5027],[12.2129,55.5023],[12.2128,55.5015],[12.2121,55.5004],[12.211,55.4986],[12.2097,55.4966],[12.2084,55.4949],[12.2076,55.4938],[12.2071,55.4925],[12.2066,55.4914],[12.2054,55.4899],[12.2051,55.4896],[12.2046,55.4884],[12.204,55.4875],[12.2036,55.4869],[12.2035,55.4863],[12.2036,55.4858],[12.2032,55.4853],[12.2022,55.4852],[12.2017,55.4852],[12.2016,55.4853],[12.2016,55.4853],[12.2016,55.4854],[12.2018,55.4854],[12.2022,55.4855],[12.2025,55.4855],[12.2028,55.4855],[12.203,55.4855],[12.2031,55.4856],[12.2031,55.4857],[12.2031,55.4859],[12.2031,55.4861],[12.2032,55.4862],[12.2032,55.4863],[12.2032,55.4864],[12.2032,55.4865],[12.2033,55.4867],[12.2034,55.4868],[12.2034,55.487],[12.2034,55.4872],[12.2033,55.4873],[12.2034,55.4874],[12.2034,55.4875],[12.2034,55.4876],[12.2035,55.4877],[12.2036,55.4877],[12.2038,55.4878],[12.2039,55.4878],[12.2039,55.4881],[12.204,55.4881],[12.2039,55.4882],[12.2038,55.4885],[12.2038,55.4885],[12.2038,55.4886],[12.2039,55.4887],[12.2041,55.4886],[12.2042,55.4887],[12.2043,55.4887],[12.2043,55.4887],[12.2041,55.4887],[12.204,55.4888],[12.204,55.4889],[12.2038,55.4889],[12.2036,55.4895],[12.2038,55.4895],[12.2038,55.4896],[12.2038,55.4898],[12.2038,55.4899],[12.2036,55.4899],[12.2035,55.4899]]]},"properties":{"sourceId":"ais_par3.83235","a_type":4210,"hectares":12.561}},{"type":"Feature","id":"ais_par3.83236","geometry":{"type":"Polygon","coordinates":[[[12.1973,55.477],[12.1957,55.4773],[12.1947,55.4791],[12.1946,55.4792],[12.1942,55.4795],[12.1939,55.4796],[12.1936,55.4798],[12.1935,55.4796],[12.1938,55.4794],[12.194,55.4793],[12.1943,55.4792],[12.1944,55.4791],[12.1941,55.4791],[12.1938,55.4792],[12.1931,55.4795],[12.1925,55.4797],[12.192,55.4798],[12.1927,55.4811],[12.1948,55.4807],[12.1948,55.4807],[12.1946,55.4806],[12.1945,55.4807],[12.1942,55.4807],[12.1934,55.4808],[12.1933,55.4808],[12.1933,55.4807],[12.1932,55.4807],[12.1932,55.4806],[12.1931,55.4806],[12.1932,55.4805],[12.1934,55.4805],[12.1934,55.4804],[12.1936,55.4804],[12.1938,55.4804],[12.194,55.4804],[12.1942,55.4802],[12.1942,55.4802],[12.1938,55.4802],[12.1937,55.4802],[12.1935,55.4801],[12.1935,55.48],[12.1935,55.48],[12.1936,55.48],[12.1938,55.4799],[12.1939,55.4799],[12.194,55.4799],[12.1946,55.4797],[12.1947,55.4797],[12.1947,55.4796],[12.1947,55.4796],[12.1948,55.4795],[12.1947,55.4795],[12.1948,55.4794],[12.1949,55.4794],[12.1949,55.4794],[12.1951,55.4792],[12.1951,55.4792],[12.1949,55.4792],[12.1949,55.4792],[12.1949,55.4791],[12.195,55.479],[12.195,55.4789],[12.195,55.4789],[12.1951,55.4787],[12.1951,55.4786],[12.1952,55.4786],[12.1953,55.4787],[12.1954,55.4787],[12.1955,55.4787],[12.1955,55.4786],[12.1956,55.4782],[12.1956,55.4782],[12.1956,55.4779],[12.1957,55.4778],[12.1957,55.478],[12.1957,55.4782],[12.1957,55.4784],[12.1956,55.4784],[12.1956,55.4786],[12.1956,55.4788],[12.1956,55.4788],[12.1957,55.4789],[12.1957,55.4788],[12.1958,55.4788],[12.1958,55.4787],[12.1958,55.4787],[12.1959,55.4786],[12.1959,55.4786],[12.1959,55.4785],[12.196,55.4782],[12.1961,55.4782],[12.1961,55.4782],[12.1961,55.4781],[12.1962,55.4781],[12.1963,55.4781],[12.1964,55.478],[12.1965,55.478],[12.1966,55.478],[12.1969,55.478],[12.197,55.4779],[12.1971,55.4778],[12.1972,55.4778],[12.1972,55.4777],[12.1972,55.4776],[12.1971,55.4775],[12.197,55.4774],[12.197,55.4773],[12.1971,55.4774],[12.1971,55.4774],[12.1972,55.4775],[12.1973,55.4776],[12.1973,55.4777],[12.1973,55.4778],[12.197,55.478],[12.1968,55.4781],[12.1971,55.4782],[12.1973,55.4784],[12.1974,55.4784],[12.1975,55.4784],[12.1975,55.4785],[12.1976,55.4785],[12.1977,55.4786],[12.1977,55.4787],[12.1977,55.4788],[12.1977,55.4788],[12.1977,55.4788],[12.1983,55.4794],[12.1984,55.4794],[12.1985,55.4794],[12.1987,55.4795],[12.1986,55.4796],[12.1987,55.4797],[12.1989,55.4798],[12.1991,55.4802],[12.1992,55.4803],[12.1992,55.4803],[12.1992,55.4803],[12.2,55.4813],[12.1973,55.477]]]},"properties":{"sourceId":"ais_par3.83236","a_type":4210,"hectares":4.178}},{"type":"Feature","id":"ais_par3.83237","geometry":{"type":"Polygon","coordinates":[[[12.1947,55.4775],[12.1946,55.4774],[12.1942,55.4776],[12.1942,55.478],[12.1938,55.478],[12.1926,55.4778],[12.1926,55.4777],[12.1917,55.4778],[12.1917,55.4781],[12.1909,55.4783],[12.191,55.4785],[12.187,55.4793],[12.1874,55.4798],[12.1877,55.4802],[12.1935,55.4792],[12.1937,55.4791],[12.1946,55.4784],[12.1949,55.4778],[12.1947,55.4775]]]},"properties":{"sourceId":"ais_par3.83237","a_type":4210,"hectares":6.397}},{"type":"Feature","id":"ais_par3.83238","geometry":{"type":"Polygon","coordinates":[[[12.193,55.4748],[12.1866,55.4759],[12.1874,55.4771],[12.1932,55.4761],[12.194,55.4769],[12.1944,55.4772],[12.1939,55.4758],[12.193,55.4748]]]},"properties":{"sourceId":"ais_par3.83238","a_type":4210,"hectares":6.488}},{"type":"Feature","id":"ais_par3.83239","geometry":{"type":"Polygon","coordinates":[[[12.194,55.4455],[12.1933,55.4454],[12.192,55.4465],[12.1936,55.4469],[12.1919,55.4492],[12.1922,55.4495],[12.195,55.45],[12.1965,55.4475],[12.1963,55.4475],[12.1974,55.4459],[12.1982,55.4449],[12.1991,55.4431],[12.1974,55.4426],[12.1945,55.4456],[12.194,55.4455]],[[12.1944,55.4474],[12.1944,55.4474],[12.1945,55.4473],[12.1945,55.4473],[12.1945,55.4473],[12.1946,55.4473],[12.1946,55.4473],[12.1946,55.4473],[12.1946,55.4474],[12.1946,55.4474],[12.1946,55.4474],[12.1945,55.4474],[12.1944,55.4474],[12.1944,55.4474],[12.1944,55.4474]]]},"properties":{"sourceId":"ais_par3.83239","a_type":4210,"hectares":16.04}},{"type":"Feature","id":"ais_par3.83240","geometry":{"type":"Polygon","coordinates":[[[12.215,55.4278],[12.2151,55.4278],[12.2155,55.4277],[12.2164,55.4274],[12.2173,55.4273],[12.2186,55.4267],[12.2196,55.4264],[12.2196,55.4263],[12.2199,55.426],[12.2191,55.4254],[12.2185,55.4257],[12.2177,55.4261],[12.2172,55.4265],[12.2163,55.4271],[12.2159,55.4272],[12.2157,55.4272],[12.215,55.4278]]]},"properties":{"sourceId":"ais_par3.83240","a_type":4210,"hectares":2.297}},{"type":"Feature","id":"ais_par3.83241","geometry":{"type":"Polygon","coordinates":[[[12.1906,55.4857],[12.191,55.4857],[12.1908,55.4854],[12.1905,55.4854],[12.1904,55.4854],[12.1906,55.4857]]]},"properties":{"sourceId":"ais_par3.83241","a_type":4210,"hectares":0.085}},{"type":"Feature","id":"ais_par3.83288","geometry":{"type":"Polygon","coordinates":[[[12.2181,55.5165],[12.218,55.5165],[12.2178,55.5165],[12.2176,55.5166],[12.2175,55.5167],[12.2176,55.5167],[12.2182,55.5166],[12.2182,55.5165],[12.2181,55.5165]]]},"properties":{"sourceId":"ais_par3.83288","a_type":4210,"hectares":0.045}},{"type":"Feature","id":"ais_par3.83289","geometry":{"type":"Polygon","coordinates":[[[12.2022,55.5049],[12.2025,55.5057],[12.2031,55.5067],[12.2035,55.5072],[12.2038,55.5072],[12.204,55.5076],[12.2037,55.5077],[12.2046,55.5087],[12.2048,55.5087],[12.2053,55.5093],[12.2059,55.51],[12.2059,55.5103],[12.207,55.5107],[12.2077,55.5109],[12.2085,55.5114],[12.2096,55.5125],[12.2096,55.5125],[12.2116,55.5146],[12.2123,55.5153],[12.2125,55.5153],[12.2129,55.5156],[12.2132,55.5159],[12.2147,55.5173],[12.2151,55.5175],[12.2155,55.5176],[12.2158,55.518],[12.217,55.5191],[12.217,55.5192],[12.2175,55.5197],[12.2183,55.5209],[12.2183,55.521],[12.2187,55.5215],[12.2189,55.5215],[12.2197,55.5224],[12.2196,55.5224],[12.2199,55.5229],[12.2203,55.5229],[12.2208,55.5236],[12.2205,55.5236],[12.22,55.5234],[12.2199,55.5235],[12.2204,55.5237],[12.221,55.5243],[12.2214,55.5243],[12.2227,55.5258],[12.2236,55.5257],[12.2237,55.5258],[12.224,55.5258],[12.2241,55.5259],[12.2247,55.5258],[12.2232,55.5239],[12.223,55.5231],[12.2225,55.5226],[12.2225,55.5224],[12.2218,55.5217],[12.2205,55.5196],[12.2198,55.518],[12.2193,55.5169],[12.2191,55.5165],[12.2183,55.5149],[12.2169,55.5122],[12.2162,55.5107],[12.2154,55.5107],[12.215,55.5111],[12.2154,55.512],[12.2165,55.5129],[12.2167,55.5126],[12.217,55.5133],[12.2168,55.5136],[12.2167,55.5141],[12.2171,55.5145],[12.2175,55.5147],[12.2177,55.5149],[12.2177,55.5149],[12.2178,55.515],[12.2179,55.5151],[12.218,55.5152],[12.218,55.5153],[12.2182,55.5154],[12.2182,55.5154],[12.2182,55.5156],[12.2183,55.5157],[12.2184,55.5158],[12.2185,55.516],[12.2184,55.5161],[12.2185,55.5162],[12.2184,55.5162],[12.2184,55.5162],[12.2184,55.5163],[12.2183,55.5164],[12.2182,55.5165],[12.2183,55.5165],[12.2185,55.5165],[12.2186,55.5166],[12.2186,55.5166],[12.2187,55.5166],[12.2188,55.5167],[12.2187,55.5167],[12.2185,55.5168],[12.2188,55.5167],[12.2189,55.5169],[12.2192,55.5178],[12.2189,55.5175],[12.2187,55.5173],[12.2186,55.5175],[12.2183,55.5175],[12.2188,55.5181],[12.2193,55.518],[12.2198,55.5188],[12.22,55.519],[12.2201,55.5194],[12.2204,55.5198],[12.2204,55.5198],[12.2204,55.5199],[12.2205,55.5199],[12.2206,55.52],[12.2207,55.5201],[12.2206,55.5202],[12.2207,55.5204],[12.2207,55.5207],[12.2209,55.5209],[12.221,55.5209],[12.2211,55.5209],[12.2212,55.521],[12.2212,55.5212],[12.2214,55.5213],[12.2215,55.5214],[12.2216,55.5215],[12.2215,55.5217],[12.2215,55.5217],[12.2217,55.522],[12.2217,55.5223],[12.2221,55.5229],[12.2227,55.5232],[12.2228,55.5233],[12.2228,55.5233],[12.2229,55.5235],[12.2229,55.5235],[12.223,55.5237],[12.2229,55.5237],[12.223,55.5238],[12.2229,55.5239],[12.2229,55.524],[12.2227,55.524],[12.2228,55.5241],[12.2229,55.5241],[12.223,55.5242],[12.2229,55.5243],[12.2228,55.5243],[12.2226,55.5242],[12.2226,55.5241],[12.2225,55.5241],[12.2225,55.524],[12.2223,55.5239],[12.2221,55.5239],[12.222,55.5238],[12.222,55.5237],[12.222,55.5237],[12.2219,55.5236],[12.2218,55.5236],[12.2218,55.5235],[12.2217,55.5233],[12.2213,55.5229],[12.2215,55.5228],[12.2215,55.5228],[12.2214,55.5227],[12.2211,55.5227],[12.2207,55.5224],[12.2207,55.5226],[12.2205,55.5224],[12.2197,55.5214],[12.2198,55.5211],[12.2194,55.5212],[12.2193,55.5207],[12.2193,55.5207],[12.2193,55.5207],[12.2191,55.5207],[12.2185,55.5202],[12.218,55.5194],[12.2179,55.5194],[12.2179,55.5193],[12.2174,55.5192],[12.2174,55.5183],[12.2171,55.5184],[12.2172,55.5181],[12.217,55.518],[12.2169,55.5174],[12.2168,55.5173],[12.2173,55.5171],[12.2173,55.5171],[12.2174,55.517],[12.2174,55.5169],[12.2174,55.5168],[12.2173,55.5168],[12.2173,55.5167],[12.217,55.5168],[12.2166,55.5162],[12.2167,55.5161],[12.2175,55.516],[12.2172,55.5157],[12.2176,55.5158],[12.2178,55.5155],[12.2171,55.5155],[12.217,55.5154],[12.2168,55.5156],[12.2163,55.5159],[12.2166,55.516],[12.2165,55.5161],[12.2161,55.5161],[12.2156,55.5158],[12.2151,55.5159],[12.2153,55.5156],[12.2153,55.5156],[12.2153,55.5156],[12.2154,55.5155],[12.2152,55.5154],[12.2147,55.5155],[12.2141,55.5148],[12.214,55.5146],[12.2138,55.5144],[12.214,55.5142],[12.2139,55.5138],[12.2138,55.5137],[12.2137,55.5135],[12.2135,55.5133],[12.2133,55.5132],[12.213,55.5132],[12.2124,55.5127],[12.2123,55.5124],[12.2119,55.5124],[12.2113,55.5117],[12.211,55.5113],[12.2102,55.5117],[12.2101,55.5116],[12.21,55.5111],[12.21,55.5111],[12.21,55.5111],[12.21,55.5109],[12.2094,55.5109],[12.21,55.5105],[12.2097,55.5105],[12.2088,55.5105],[12.2088,55.5105],[12.2087,55.5105],[12.2086,55.5105],[12.2084,55.5105],[12.2085,55.5104],[12.2085,55.5103],[12.2086,55.5103],[12.2087,55.5102],[12.2086,55.5102],[12.2087,55.5099],[12.2086,55.5094],[12.2084,55.5094],[12.2086,55.5093],[12.2086,55.5092],[12.2091,55.5089],[12.2091,55.5087],[12.2077,55.5091],[12.2078,55.5087],[12.2068,55.5087],[12.2065,55.5088],[12.2059,55.5087],[12.2058,55.5088],[12.2057,55.5088],[12.2056,55.5087],[12.2055,55.5087],[12.2054,55.5086],[12.2054,55.5086],[12.2053,55.5086],[12.2051,55.5082],[12.205,55.5081],[12.2048,55.508],[12.2049,55.508],[12.2049,55.5079],[12.2049,55.5078],[12.2049,55.5078],[12.2047,55.5078],[12.2047,55.5077],[12.2046,55.5077],[12.2046,55.5076],[12.2045,55.5076],[12.2044,55.5075],[12.2043,55.5075],[12.2042,55.5074],[12.2042,55.5074],[12.2042,55.5073],[12.2043,55.5073],[12.2042,55.5072],[12.2043,55.5072],[12.2042,55.5071],[12.2043,55.5071],[12.2043,55.507],[12.2042,55.5069],[12.204,55.5069],[12.2041,55.5068],[12.2041,55.5067],[12.2042,55.5067],[12.2042,55.5067],[12.2041,55.5066],[12.204,55.5067],[12.2039,55.5067],[12.2038,55.5066],[12.2038,55.5066],[12.2038,55.5065],[12.2038,55.5063],[12.2039,55.5064],[12.2039,55.5065],[12.204,55.5066],[12.2041,55.5065],[12.2041,55.5065],[12.2041,55.5065],[12.2042,55.5063],[12.2042,55.5063],[12.2041,55.5062],[12.2041,55.5062],[12.2042,55.5061],[12.2042,55.5061],[12.204,55.5058],[12.204,55.5058],[12.2039,55.5058],[12.2038,55.5057],[12.2037,55.5057],[12.2038,55.5056],[12.2038,55.5055],[12.2036,55.5055],[12.2035,55.5054],[12.2035,55.5054],[12.2036,55.5053],[12.2037,55.5053],[12.2037,55.5053],[12.2041,55.5054],[12.2043,55.5054],[12.2044,55.5053],[12.2046,55.5053],[12.2047,55.5053],[12.2048,55.5053],[12.2049,55.5053],[12.2049,55.5053],[12.205,55.5052],[12.2051,55.5052],[12.2052,55.5052],[12.2052,55.5051],[12.2055,55.5052],[12.2057,55.5052],[12.206,55.5052],[12.206,55.5052],[12.2062,55.5051],[12.2062,55.5051],[12.2062,55.5051],[12.2062,55.505],[12.2062,55.505],[12.2062,55.5049],[12.2062,55.5049],[12.2061,55.5048],[12.2061,55.5047],[12.2062,55.5047],[12.2062,55.5047],[12.2062,55.5047],[12.2058,55.5044],[12.2058,55.5044],[12.2058,55.5044],[12.2057,55.5042],[12.2051,55.504],[12.2045,55.504],[12.2045,55.5039],[12.2045,55.5038],[12.2045,55.5039],[12.2045,55.5038],[12.2043,55.5037],[12.2038,55.5035],[12.2035,55.5034],[12.2031,55.5033],[12.2023,55.5029],[12.2026,55.5029],[12.2025,55.5028],[12.2023,55.5027],[12.202,55.5026],[12.2019,55.5026],[12.2018,55.5026],[12.2017,55.5026],[12.2018,55.5025],[12.2022,55.5026],[12.2022,55.5026],[12.2022,55.5026],[12.2023,55.5025],[12.2022,55.5025],[12.2021,55.5024],[12.2022,55.5024],[12.2022,55.5023],[12.2024,55.5023],[12.2026,55.5023],[12.2027,55.5022],[12.2027,55.5022],[12.2029,55.5022],[12.2029,55.5022],[12.2029,55.5022],[12.2031,55.5021],[12.2032,55.5021],[12.2036,55.5021],[12.2038,55.5022],[12.2039,55.5022],[12.204,55.5022],[12.2038,55.5018],[12.2036,55.5017],[12.2036,55.5017],[12.203,55.5017],[12.2029,55.5015],[12.2037,55.5016],[12.2035,55.5015],[12.2035,55.5015],[12.2035,55.5015],[12.2033,55.5012],[12.2025,55.5015],[12.2027,55.502],[12.202,55.5021],[12.2014,55.5014],[12.2024,55.5013],[12.2025,55.5013],[12.2024,55.5012],[12.2024,55.5012],[12.2024,55.5011],[12.2024,55.5011],[12.2024,55.5011],[12.2021,55.5008],[12.2019,55.5004],[12.2015,55.5003],[12.2016,55.5002],[12.2015,55.5002],[12.2014,55.5002],[12.2015,55.5001],[12.2015,55.5001],[12.2016,55.5001],[12.2017,55.5],[12.2017,55.4998],[12.2014,55.4996],[12.2017,55.4996],[12.2017,55.4995],[12.2017,55.4995],[12.2017,55.4994],[12.202,55.4994],[12.2021,55.4995],[12.2022,55.4994],[12.2022,55.4994],[12.2021,55.4993],[12.2021,55.4992],[12.202,55.4992],[12.202,55.4992],[12.2021,55.4992],[12.2022,55.4993],[12.2024,55.4993],[12.2026,55.4994],[12.2026,55.4994],[12.2028,55.4989],[12.2025,55.499],[12.2021,55.4988],[12.2022,55.4988],[12.2021,55.4987],[12.2021,55.4987],[12.2023,55.4986],[12.2025,55.4986],[12.2027,55.4986],[12.2026,55.4984],[12.2019,55.4985],[12.2005,55.4985],[12.2008,55.4983],[12.2007,55.4983],[12.2007,55.4982],[12.2009,55.4982],[12.201,55.4982],[12.2011,55.4982],[12.2012,55.4981],[12.2013,55.498],[12.2014,55.498],[12.2014,55.4979],[12.2015,55.4976],[12.2014,55.4976],[12.2014,55.4976],[12.2013,55.4976],[12.2012,55.4977],[12.201,55.4978],[12.2009,55.4977],[12.2009,55.4977],[12.2011,55.4976],[12.2013,55.4975],[12.2013,55.4975],[12.2013,55.4974],[12.2014,55.4973],[12.2015,55.4974],[12.2012,55.4968],[12.2014,55.4967],[12.2012,55.4967],[12.2011,55.4966],[12.2012,55.4966],[12.2012,55.4966],[12.2013,55.4965],[12.2014,55.4965],[12.2014,55.4965],[12.2015,55.4964],[12.2016,55.4964],[12.2017,55.4964],[12.2019,55.4962],[12.2013,55.4962],[12.2016,55.4961],[12.2016,55.496],[12.2017,55.496],[12.2017,55.496],[12.2016,55.4958],[12.2015,55.4953],[12.201,55.4953],[12.2009,55.4952],[12.2008,55.4951],[12.2008,55.4951],[12.2008,55.495],[12.2007,55.495],[12.2004,55.4948],[12.2005,55.4947],[12.2005,55.4947],[12.2004,55.4947],[12.2003,55.4947],[12.2001,55.4947],[12.2001,55.4946],[12.2003,55.4946],[12.2003,55.4946],[12.2001,55.4945],[12.2004,55.4944],[12.2004,55.4944],[12.2003,55.4944],[12.2001,55.4944],[12.2,55.4944],[12.1999,55.4944],[12.1998,55.4943],[12.1999,55.4943],[12.1999,55.4942],[12.2,55.4942],[12.2001,55.4942],[12.2003,55.4942],[12.2004,55.4942],[12.2005,55.4942],[12.2002,55.494],[12.2001,55.4941],[12.2001,55.494],[12.2001,55.494],[12.2001,55.494],[12.1999,55.4938],[12.2001,55.4935],[12.2004,55.4931],[12.2009,55.4927],[12.2009,55.4927],[12.2008,55.4927],[12.2005,55.4928],[12.2004,55.4928],[12.2005,55.4928],[12.2006,55.4927],[12.2007,55.4927],[12.2008,55.4926],[12.2007,55.4926],[12.2,55.4925],[12.2,55.4925],[12.1999,55.4925],[12.1997,55.4925],[12.1997,55.4926],[12.1994,55.4927],[12.1994,55.4927],[12.1992,55.4926],[12.1993,55.4924],[12.1994,55.4923],[12.1995,55.4921],[12.1996,55.4921],[12.1995,55.4915],[12.1998,55.491],[12.1999,55.4907],[12.1997,55.4906],[12.1989,55.4907],[12.1982,55.4908],[12.1981,55.4908],[12.198,55.4909],[12.1979,55.4909],[12.1979,55.4909],[12.1976,55.4909],[12.1975,55.4909],[12.1974,55.4909],[12.1974,55.4909],[12.1973,55.4909],[12.1974,55.4909],[12.1973,55.4909],[12.1972,55.4909],[12.1972,55.4908],[12.1972,55.4908],[12.1974,55.4908],[12.1975,55.4907],[12.1977,55.4907],[12.1979,55.4907],[12.198,55.4907],[12.1981,55.4906],[12.1983,55.4906],[12.1985,55.4906],[12.1986,55.4906],[12.1987,55.4906],[12.1987,55.4905],[12.1986,55.4903],[12.1983,55.4904],[12.1983,55.4904],[12.1983,55.4904],[12.1978,55.4905],[12.1976,55.4905],[12.1976,55.4905],[12.1976,55.4905],[12.1975,55.4905],[12.1974,55.4905],[12.1973,55.4905],[12.1972,55.4905],[12.197,55.4906],[12.197,55.4906],[12.197,55.4905],[12.1972,55.4903],[12.1973,55.4902],[12.1972,55.4902],[12.1973,55.4899],[12.1974,55.4898],[12.1974,55.4897],[12.1976,55.4897],[12.1974,55.4897],[12.1973,55.4897],[12.1973,55.4896],[12.1971,55.4896],[12.1971,55.4896],[12.197,55.4896],[12.197,55.4896],[12.1969,55.4895],[12.1967,55.4895],[12.1966,55.4896],[12.1965,55.4896],[12.1965,55.4896],[12.1954,55.4897],[12.1948,55.4898],[12.1946,55.4898],[12.1946,55.4898],[12.1947,55.4896],[12.1947,55.4895],[12.1947,55.4895],[12.1946,55.4894],[12.1946,55.4894],[12.1946,55.4892],[12.1943,55.4892],[12.1945,55.4889],[12.1945,55.4884],[12.1944,55.4885],[12.1945,55.4884],[12.1945,55.4884],[12.1945,55.4882],[12.1947,55.4881],[12.1948,55.488],[12.1948,55.488],[12.1948,55.4879],[12.1949,55.4878],[12.1949,55.4878],[12.1949,55.4877],[12.195,55.4876],[12.1951,55.4876],[12.1952,55.4876],[12.1953,55.4875],[12.1954,55.4875],[12.1955,55.4875],[12.1956,55.4875],[12.1957,55.4875],[12.1959,55.4875],[12.1962,55.4874],[12.1962,55.4873],[12.1964,55.4873],[12.1964,55.4873],[12.1965,55.4872],[12.1966,55.4871],[12.1966,55.487],[12.1966,55.487],[12.1966,55.4869],[12.1965,55.4869],[12.1963,55.4868],[12.1963,55.4869],[12.1964,55.4869],[12.1964,55.487],[12.1958,55.4871],[12.1957,55.4872],[12.1954,55.4872],[12.195,55.4873],[12.194,55.4872],[12.1933,55.4872],[12.1926,55.4873],[12.1917,55.4874],[12.1919,55.488],[12.1936,55.4879],[12.1944,55.4916],[12.1913,55.4921],[12.193,55.4953],[12.1958,55.4945],[12.1963,55.4952],[12.1972,55.4965],[12.1965,55.4967],[12.1968,55.497],[12.1975,55.4969],[12.1983,55.4982],[12.1981,55.4983],[12.1984,55.4989],[12.1995,55.4989],[12.1998,55.4998],[12.1982,55.5001],[12.1989,55.5012],[12.201,55.5038],[12.2029,55.5037],[12.203,55.504],[12.2027,55.5041],[12.2027,55.5045],[12.2016,55.5047],[12.2018,55.505],[12.2022,55.5049]],[[12.197,55.4969],[12.1968,55.4967],[12.197,55.4967],[12.1972,55.4968],[12.197,55.4969]]]},"properties":{"sourceId":"ais_par3.83289","a_type":4210,"hectares":83.952}},{"type":"Feature","id":"ais_par3.83290","geometry":{"type":"Polygon","coordinates":[[[12.2033,55.5026],[12.2033,55.5026],[12.2032,55.5026],[12.2033,55.5026]]]},"properties":{"sourceId":"ais_par3.83290","a_type":4210,"hectares":921207}},{"type":"Feature","id":"ais_par3.83287","geometry":{"type":"Polygon","coordinates":[[[12.2249,55.4215],[12.223,55.422],[12.2235,55.4224],[12.2231,55.4226],[12.2225,55.4225],[12.222,55.4228],[12.2214,55.4228],[12.2207,55.4239],[12.2199,55.4243],[12.2198,55.4245],[12.22,55.4249],[12.2197,55.4253],[12.2214,55.4265],[12.2222,55.4257],[12.222,55.4254],[12.2232,55.4246],[12.2249,55.4236],[12.2253,55.4235],[12.227,55.4229],[12.2272,55.4231],[12.2264,55.4223],[12.2258,55.4222],[12.2249,55.4215]]]},"properties":{"sourceId":"ais_par3.83287","a_type":4210,"hectares":10.512}},{"type":"Feature","id":"ais_par3.83291","geometry":{"type":"Polygon","coordinates":[[[12.1955,55.487],[12.1953,55.487],[12.1949,55.4868],[12.195,55.4867],[12.1949,55.4866],[12.1946,55.4866],[12.1948,55.4864],[12.1944,55.4864],[12.1943,55.4863],[12.1945,55.4863],[12.1945,55.4863],[12.1947,55.4863],[12.1947,55.4863],[12.195,55.486],[12.1947,55.486],[12.1948,55.486],[12.1951,55.4859],[12.1952,55.4858],[12.1952,55.4858],[12.1951,55.4858],[12.1949,55.4858],[12.1948,55.4858],[12.1947,55.4858],[12.1945,55.4858],[12.1944,55.4858],[12.1942,55.4858],[12.1942,55.4855],[12.1945,55.4854],[12.1946,55.4853],[12.1945,55.4853],[12.1946,55.4852],[12.1946,55.4852],[12.1946,55.4851],[12.1947,55.485],[12.1947,55.485],[12.1947,55.485],[12.1946,55.485],[12.1947,55.4849],[12.1948,55.4849],[12.1949,55.4849],[12.195,55.485],[12.1949,55.485],[12.1953,55.485],[12.1953,55.4846],[12.1953,55.4846],[12.1952,55.4846],[12.1952,55.4846],[12.1951,55.4846],[12.1951,55.4846],[12.1951,55.4847],[12.1951,55.4848],[12.1948,55.4848],[12.1947,55.4848],[12.1946,55.4848],[12.1945,55.4847],[12.1944,55.4847],[12.1944,55.4847],[12.1941,55.4846],[12.1941,55.4846],[12.194,55.4846],[12.194,55.4846],[12.1938,55.4846],[12.1937,55.4845],[12.1939,55.4845],[12.1941,55.4844],[12.1942,55.4844],[12.1942,55.4844],[12.1942,55.4844],[12.1942,55.4841],[12.1942,55.4841],[12.1941,55.484],[12.1943,55.484],[12.1943,55.484],[12.1948,55.4841],[12.195,55.4839],[12.1948,55.4838],[12.1946,55.4838],[12.1945,55.4838],[12.1945,55.4838],[12.1945,55.4839],[12.1944,55.4839],[12.1943,55.4838],[12.1943,55.4838],[12.1942,55.4838],[12.1941,55.4838],[12.194,55.4838],[12.194,55.4837],[12.1941,55.4837],[12.1941,55.4836],[12.194,55.4836],[12.194,55.4836],[12.194,55.4836],[12.194,55.4836],[12.1941,55.4835],[12.1941,55.4835],[12.1942,55.4835],[12.1943,55.4834],[12.1944,55.4834],[12.1944,55.4834],[12.1946,55.4833],[12.1946,55.4833],[12.1945,55.4832],[12.1945,55.4831],[12.1945,55.4831],[12.1946,55.4831],[12.1947,55.483],[12.1948,55.4829],[12.1949,55.4829],[12.1949,55.4828],[12.1949,55.4827],[12.195,55.4828],[12.1951,55.4827],[12.1951,55.4826],[12.1954,55.4824],[12.1935,55.4826],[12.1939,55.4839],[12.1931,55.484],[12.1929,55.4845],[12.1916,55.4849],[12.1918,55.4852],[12.1927,55.4851],[12.1927,55.4852],[12.1917,55.4853],[12.1915,55.4855],[12.1915,55.4856],[12.1916,55.4858],[12.1917,55.486],[12.1918,55.4861],[12.1921,55.4862],[12.1923,55.4863],[12.1931,55.4862],[12.1933,55.4863],[12.1934,55.4864],[12.1932,55.4866],[12.1932,55.4869],[12.1934,55.487],[12.1937,55.4869],[12.1938,55.4868],[12.1944,55.4867],[12.1951,55.487],[12.1954,55.487],[12.1956,55.487],[12.1955,55.487]]]},"properties":{"sourceId":"ais_par3.83291","a_type":4210,"hectares":5.494}},{"type":"Feature","id":"ais_par3.83292","geometry":{"type":"Polygon","coordinates":[[[12.2029,55.5029],[12.2031,55.5028],[12.2031,55.5028],[12.2031,55.5028],[12.2029,55.5028],[12.2029,55.5028],[12.2029,55.5028],[12.2029,55.5028],[12.2028,55.5027],[12.2025,55.5027],[12.2024,55.5026],[12.2023,55.5026],[12.2023,55.5026],[12.2023,55.5026],[12.2023,55.5027],[12.2023,55.5027],[12.2029,55.5029]]]},"properties":{"sourceId":"ais_par3.83292","a_type":4210,"hectares":0.04}},{"type":"Feature","id":"ais_par3.83293","geometry":{"type":"Polygon","coordinates":[[[12.196,55.4869],[12.1962,55.4869],[12.1962,55.4869],[12.1961,55.4869],[12.196,55.4869],[12.196,55.4869]]]},"properties":{"sourceId":"ais_par3.83293","a_type":4210,"hectares":0.002}},{"type":"Feature","id":"ais_par3.83294","geometry":{"type":"Polygon","coordinates":[[[12.2177,55.517],[12.2184,55.5168],[12.2182,55.5169],[12.2179,55.5168],[12.2178,55.5169],[12.2176,55.5169],[12.2177,55.517],[12.2177,55.517]]]},"properties":{"sourceId":"ais_par3.83294","a_type":4210,"hectares":0.031}},{"type":"Feature","id":"ais_par3.83295","geometry":{"type":"Polygon","coordinates":[[[12.2217,55.5227],[12.2217,55.5227],[12.2217,55.5227],[12.2217,55.5227]]]},"properties":{"sourceId":"ais_par3.83295","a_type":4210,"hectares":921207}},{"type":"Feature","id":"ais_par3.83313","geometry":{"type":"Polygon","coordinates":[[[12.1553,55.369],[12.1554,55.3692],[12.1556,55.3693],[12.1556,55.3691],[12.1553,55.369]]]},"properties":{"sourceId":"ais_par3.83313","a_type":5120,"hectares":0.035}},{"type":"Feature","id":"ais_par3.83314","geometry":{"type":"Polygon","coordinates":[[[12.1464,55.369],[12.1465,55.3691],[12.1466,55.369],[12.1466,55.3689],[12.1464,55.369]]]},"properties":{"sourceId":"ais_par3.83314","a_type":5120,"hectares":0.015}},{"type":"Feature","id":"ais_par3.83319","geometry":{"type":"Polygon","coordinates":[[[12.1304,55.3637],[12.1302,55.3639],[12.1303,55.3639],[12.1304,55.3639],[12.1304,55.3637]]]},"properties":{"sourceId":"ais_par3.83319","a_type":5120,"hectares":0.014}},{"type":"Feature","id":"ais_par3.83322","geometry":{"type":"Polygon","coordinates":[[[12.1291,55.3691],[12.129,55.3692],[12.1293,55.3695],[12.1296,55.3696],[12.1296,55.3694],[12.1291,55.3691]]]},"properties":{"sourceId":"ais_par3.83322","a_type":5120,"hectares":0.095}},{"type":"Feature","id":"ais_par3.83324","geometry":{"type":"Polygon","coordinates":[[[12.1521,55.3639],[12.152,55.364],[12.1522,55.3641],[12.1524,55.364],[12.1521,55.3639]]]},"properties":{"sourceId":"ais_par3.83324","a_type":5120,"hectares":0.024}},{"type":"Feature","id":"ais_par3.83373","geometry":{"type":"Polygon","coordinates":[[[12.1633,55.3717],[12.1633,55.3719],[12.1637,55.3717],[12.1635,55.3717],[12.1633,55.3717]]]},"properties":{"sourceId":"ais_par3.83373","a_type":5120,"hectares":0.023}},{"type":"Feature","id":"ais_par3.83374","geometry":{"type":"Polygon","coordinates":[[[12.1672,55.3671],[12.1677,55.3672],[12.1675,55.367],[12.1672,55.3671]]]},"properties":{"sourceId":"ais_par3.83374","a_type":5120,"hectares":0.022}},{"type":"Feature","id":"ais_par3.83375","geometry":{"type":"Polygon","coordinates":[[[12.1693,55.3663],[12.1693,55.3664],[12.1694,55.3665],[12.1695,55.3663],[12.1693,55.3663]]]},"properties":{"sourceId":"ais_par3.83375","a_type":5120,"hectares":0.015}},{"type":"Feature","id":"ais_par3.83376","geometry":{"type":"Polygon","coordinates":[[[12.1704,55.3689],[12.1705,55.3691],[12.1707,55.369],[12.1706,55.3689],[12.1704,55.3689]]]},"properties":{"sourceId":"ais_par3.83376","a_type":5120,"hectares":0.031}},{"type":"Feature","id":"ais_par3.83377","geometry":{"type":"Polygon","coordinates":[[[12.1722,55.3716],[12.1721,55.3717],[12.1724,55.3718],[12.1725,55.3717],[12.1722,55.3716]]]},"properties":{"sourceId":"ais_par3.83377","a_type":5120,"hectares":0.034}},{"type":"Feature","id":"ais_par3.83378","geometry":{"type":"Polygon","coordinates":[[[12.1734,55.3643],[12.1734,55.3644],[12.1735,55.3644],[12.1736,55.3643],[12.1734,55.3643]]]},"properties":{"sourceId":"ais_par3.83378","a_type":5120,"hectares":0.017}},{"type":"Feature","id":"ais_par3.83379","geometry":{"type":"Polygon","coordinates":[[[12.1661,55.3628],[12.166,55.3629],[12.1662,55.3631],[12.1664,55.3629],[12.1661,55.3628]]]},"properties":{"sourceId":"ais_par3.83379","a_type":5120,"hectares":0.034}},{"type":"Feature","id":"ais_par3.83380","geometry":{"type":"Polygon","coordinates":[[[12.1604,55.3653],[12.1604,55.3656],[12.1606,55.3656],[12.1606,55.3654],[12.1604,55.3653]]]},"properties":{"sourceId":"ais_par3.83380","a_type":5120,"hectares":0.028}},{"type":"Feature","id":"ais_par3.83381","geometry":{"type":"Polygon","coordinates":[[[12.1732,55.3626],[12.1732,55.3627],[12.1734,55.3628],[12.1735,55.3627],[12.1732,55.3626]]]},"properties":{"sourceId":"ais_par3.83381","a_type":5120,"hectares":0.02}},{"type":"Feature","id":"ais_par3.83382","geometry":{"type":"Polygon","coordinates":[[[12.1796,55.3651],[12.1793,55.3653],[12.1797,55.3655],[12.1798,55.3653],[12.1796,55.3651]]]},"properties":{"sourceId":"ais_par3.83382","a_type":5120,"hectares":0.055}},{"type":"Feature","id":"ais_par3.83383","geometry":{"type":"Polygon","coordinates":[[[12.1773,55.3721],[12.1773,55.3723],[12.1777,55.3723],[12.1776,55.3721],[12.1773,55.3721]]]},"properties":{"sourceId":"ais_par3.83383","a_type":5120,"hectares":0.029}},{"type":"Feature","id":"ais_par3.83384","geometry":{"type":"Polygon","coordinates":[[[12.1739,55.3661],[12.1739,55.3662],[12.1743,55.3663],[12.1743,55.3662],[12.1739,55.3661]]]},"properties":{"sourceId":"ais_par3.83384","a_type":5120,"hectares":0.016}},{"type":"Feature","id":"ais_par3.83385","geometry":{"type":"Polygon","coordinates":[[[12.1884,55.3651],[12.1888,55.3652],[12.189,55.3651],[12.1887,55.3647],[12.1885,55.3649],[12.1884,55.3651]]]},"properties":{"sourceId":"ais_par3.83385","a_type":5120,"hectares":0.137}},{"type":"Feature","id":"ais_par3.83386","geometry":{"type":"Polygon","coordinates":[[[12.1922,55.3707],[12.1922,55.3709],[12.1923,55.3709],[12.1924,55.3709],[12.1923,55.3708],[12.1922,55.3707]]]},"properties":{"sourceId":"ais_par3.83386","a_type":5120,"hectares":0.017}},{"type":"Feature","id":"ais_par3.83387","geometry":{"type":"Polygon","coordinates":[[[12.2007,55.3623],[12.2006,55.3625],[12.2008,55.3626],[12.201,55.3626],[12.2011,55.3624],[12.2009,55.3623],[12.2007,55.3623]]]},"properties":{"sourceId":"ais_par3.83387","a_type":5120,"hectares":0.076}},{"type":"Feature","id":"ais_par3.83388","geometry":{"type":"Polygon","coordinates":[[[12.1969,55.3661],[12.197,55.3662],[12.1972,55.3662],[12.1974,55.3662],[12.1975,55.3661],[12.1975,55.3661],[12.1974,55.366],[12.1972,55.366],[12.197,55.366],[12.1969,55.3661],[12.1969,55.3661]]]},"properties":{"sourceId":"ais_par3.83388","a_type":5120,"hectares":0.058}},{"type":"Feature","id":"ais_par3.83389","geometry":{"type":"Polygon","coordinates":[[[12.2019,55.3647],[12.2017,55.3646],[12.2015,55.3646],[12.2014,55.3647],[12.2012,55.3647],[12.2009,55.3648],[12.2008,55.3649],[12.2006,55.3649],[12.2005,55.3651],[12.2004,55.3652],[12.2005,55.3653],[12.2007,55.3655],[12.201,55.3656],[12.2011,55.3655],[12.2013,55.3655],[12.2016,55.3654],[12.2016,55.3652],[12.2016,55.3651],[12.2019,55.3649],[12.2019,55.3647]]]},"properties":{"sourceId":"ais_par3.83389","a_type":5120,"hectares":0.614}},{"type":"Feature","id":"ais_par3.83390","geometry":{"type":"Polygon","coordinates":[[[12.2204,55.3609],[12.2204,55.361],[12.2211,55.361],[12.2212,55.3609],[12.2204,55.3609]]]},"properties":{"sourceId":"ais_par3.83390","a_type":5120,"hectares":0.045}},{"type":"Feature","id":"ais_par3.83391","geometry":{"type":"Polygon","coordinates":[[[12.2133,55.3731],[12.2132,55.3732],[12.2132,55.3734],[12.2133,55.3734],[12.2136,55.3733],[12.2133,55.3731]]]},"properties":{"sourceId":"ais_par3.83391","a_type":5120,"hectares":0.036}},{"type":"Feature","id":"ais_par3.83392","geometry":{"type":"Polygon","coordinates":[[[12.2071,55.3704],[12.2071,55.3706],[12.2073,55.3706],[12.2073,55.3705],[12.2071,55.3704]]]},"properties":{"sourceId":"ais_par3.83392","a_type":5120,"hectares":0.02}},{"type":"Feature","id":"ais_par3.83393","geometry":{"type":"Polygon","coordinates":[[[12.2234,55.3744],[12.2234,55.3745],[12.2237,55.3745],[12.2238,55.3743],[12.2234,55.3744]]]},"properties":{"sourceId":"ais_par3.83393","a_type":5120,"hectares":0.041}},{"type":"Feature","id":"ais_par3.83414","geometry":{"type":"Polygon","coordinates":[[[12.1888,55.374],[12.1889,55.3741],[12.189,55.3741],[12.189,55.374],[12.1888,55.374]]]},"properties":{"sourceId":"ais_par3.83414","a_type":5120,"hectares":0.025}},{"type":"Feature","id":"ais_par3.83415","geometry":{"type":"Polygon","coordinates":[[[12.1854,55.3769],[12.1854,55.377],[12.1853,55.3771],[12.1853,55.3772],[12.1854,55.3772],[12.1856,55.3772],[12.1856,55.3771],[12.1854,55.3769]]]},"properties":{"sourceId":"ais_par3.83415","a_type":5120,"hectares":0.043}},{"type":"Feature","id":"ais_par3.83416","geometry":{"type":"Polygon","coordinates":[[[12.1825,55.3764],[12.1824,55.3764],[12.1825,55.3766],[12.1828,55.3764],[12.1828,55.3763],[12.1825,55.3764]]]},"properties":{"sourceId":"ais_par3.83416","a_type":5120,"hectares":0.034}},{"type":"Feature","id":"ais_par3.83417","geometry":{"type":"Polygon","coordinates":[[[12.1914,55.372],[12.1915,55.372],[12.1914,55.3719],[12.1914,55.372]]]},"properties":{"sourceId":"ais_par3.83417","a_type":5120,"hectares":0.003}},{"type":"Feature","id":"ais_par3.83418","geometry":{"type":"Polygon","coordinates":[[[12.1931,55.3754],[12.1931,55.3755],[12.1931,55.3756],[12.1934,55.3755],[12.1931,55.3754]]]},"properties":{"sourceId":"ais_par3.83418","a_type":5120,"hectares":0.02}},{"type":"Feature","id":"ais_par3.83419","geometry":{"type":"Polygon","coordinates":[[[12.1957,55.3776],[12.1956,55.3776],[12.1955,55.3778],[12.1958,55.3778],[12.1957,55.3776]]]},"properties":{"sourceId":"ais_par3.83419","a_type":5120,"hectares":0.034}},{"type":"Feature","id":"ais_par3.83420","geometry":{"type":"Polygon","coordinates":[[[12.1997,55.3768],[12.1998,55.3771],[12.2,55.3772],[12.2001,55.3772],[12.2,55.3768],[12.1997,55.3768]]]},"properties":{"sourceId":"ais_par3.83420","a_type":5120,"hectares":0.08}},{"type":"Feature","id":"ais_par3.83421","geometry":{"type":"Polygon","coordinates":[[[12.1957,55.3755],[12.1957,55.3756],[12.1957,55.3757],[12.1958,55.3757],[12.1958,55.3756],[12.1957,55.3755]]]},"properties":{"sourceId":"ais_par3.83421","a_type":5120,"hectares":0.016}},{"type":"Feature","id":"ais_par3.83422","geometry":{"type":"Polygon","coordinates":[[[12.1992,55.3827],[12.1991,55.3828],[12.1991,55.3829],[12.1994,55.3829],[12.1992,55.3827]]]},"properties":{"sourceId":"ais_par3.83422","a_type":5120,"hectares":0.02}},{"type":"Feature","id":"ais_par3.83423","geometry":{"type":"Polygon","coordinates":[[[12.205,55.3801],[12.2048,55.3803],[12.2049,55.3804],[12.2051,55.3805],[12.2051,55.3803],[12.2051,55.3802],[12.205,55.3801]]]},"properties":{"sourceId":"ais_par3.83423","a_type":5120,"hectares":0.046}},{"type":"Feature","id":"ais_par3.83424","geometry":{"type":"Polygon","coordinates":[[[12.2072,55.3758],[12.2072,55.376],[12.2074,55.3759],[12.2073,55.3758],[12.2072,55.3758]]]},"properties":{"sourceId":"ais_par3.83424","a_type":5120,"hectares":0.015}},{"type":"Feature","id":"ais_par3.83425","geometry":{"type":"Polygon","coordinates":[[[12.2088,55.386],[12.2093,55.3861],[12.2093,55.3859],[12.2094,55.3857],[12.2092,55.3857],[12.2092,55.3855],[12.2087,55.3855],[12.2085,55.3856],[12.2085,55.3857],[12.209,55.3857],[12.209,55.3859],[12.2089,55.386],[12.2088,55.386]]]},"properties":{"sourceId":"ais_par3.83425","a_type":5120,"hectares":0.203}},{"type":"Feature","id":"ais_par3.83426","geometry":{"type":"Polygon","coordinates":[[[12.2116,55.3849],[12.2116,55.385],[12.2116,55.3851],[12.2117,55.3852],[12.212,55.3853],[12.212,55.3852],[12.2119,55.3851],[12.2119,55.385],[12.2116,55.3849]]]},"properties":{"sourceId":"ais_par3.83426","a_type":5120,"hectares":0.075}},{"type":"Feature","id":"ais_par3.83427","geometry":{"type":"Polygon","coordinates":[[[12.2145,55.3827],[12.2144,55.3828],[12.2144,55.383],[12.2144,55.3832],[12.2146,55.3832],[12.2147,55.383],[12.2147,55.3829],[12.2147,55.3827],[12.2145,55.3827]]]},"properties":{"sourceId":"ais_par3.83427","a_type":5120,"hectares":0.084}},{"type":"Feature","id":"ais_par3.83428","geometry":{"type":"Polygon","coordinates":[[[12.2176,55.3804],[12.2174,55.3805],[12.2176,55.3809],[12.2176,55.381],[12.2174,55.381],[12.2174,55.3812],[12.2174,55.3815],[12.218,55.3812],[12.2179,55.381],[12.2179,55.3808],[12.2179,55.3806],[12.2176,55.3804]]]},"properties":{"sourceId":"ais_par3.83428","a_type":5120,"hectares":0.276}},{"type":"Feature","id":"ais_par3.83429","geometry":{"type":"Polygon","coordinates":[[[12.2138,55.3812],[12.2138,55.3813],[12.2136,55.3813],[12.2136,55.3815],[12.2136,55.3818],[12.2136,55.382],[12.2139,55.3819],[12.2139,55.3816],[12.2138,55.3812]]]},"properties":{"sourceId":"ais_par3.83429","a_type":5120,"hectares":0.134}},{"type":"Feature","id":"ais_par3.83430","geometry":{"type":"Polygon","coordinates":[[[12.2173,55.3824],[12.2172,55.3825],[12.2174,55.3827],[12.2175,55.3826],[12.2176,55.3825],[12.2173,55.3824]]]},"properties":{"sourceId":"ais_par3.83430","a_type":5120,"hectares":0.041}},{"type":"Feature","id":"ais_par3.83431","geometry":{"type":"Polygon","coordinates":[[[12.2299,55.3832],[12.2299,55.3834],[12.2302,55.3833],[12.2302,55.3832],[12.2299,55.3832]]]},"properties":{"sourceId":"ais_par3.83431","a_type":5120,"hectares":0.021}},{"type":"Feature","id":"ais_par3.83432","geometry":{"type":"Polygon","coordinates":[[[12.2312,55.3811],[12.2306,55.3809],[12.2305,55.381],[12.2306,55.3811],[12.2307,55.3811],[12.2312,55.3812],[12.2312,55.3811]]]},"properties":{"sourceId":"ais_par3.83432","a_type":5120,"hectares":0.079}},{"type":"Feature","id":"ais_par3.83433","geometry":{"type":"Polygon","coordinates":[[[12.2317,55.3808],[12.2318,55.3809],[12.2318,55.381],[12.232,55.381],[12.2319,55.3808],[12.2317,55.3808]]]},"properties":{"sourceId":"ais_par3.83433","a_type":5120,"hectares":0.03}},{"type":"Feature","id":"ais_par3.83434","geometry":{"type":"Polygon","coordinates":[[[12.2325,55.3789],[12.2324,55.3788],[12.2321,55.3789],[12.2318,55.379],[12.2318,55.3791],[12.2318,55.3792],[12.2328,55.3792],[12.2328,55.3791],[12.2329,55.3791],[12.2327,55.3788],[12.2326,55.3788],[12.2325,55.3789]]]},"properties":{"sourceId":"ais_par3.83434","a_type":5120,"hectares":0.255}},{"type":"Feature","id":"ais_par3.83435","geometry":{"type":"Polygon","coordinates":[[[12.2273,55.3784],[12.2273,55.3787],[12.2279,55.3788],[12.2288,55.3792],[12.2291,55.3794],[12.2294,55.3796],[12.23,55.3797],[12.2301,55.3796],[12.2301,55.3794],[12.2297,55.3794],[12.2294,55.379],[12.2291,55.3789],[12.2287,55.3789],[12.2284,55.3788],[12.228,55.3786],[12.228,55.3785],[12.2273,55.3784]]]},"properties":{"sourceId":"ais_par3.83435","a_type":5120,"hectares":0.65}},{"type":"Feature","id":"ais_par3.83436","geometry":{"type":"Polygon","coordinates":[[[12.2268,55.3797],[12.2267,55.3798],[12.2268,55.3799],[12.2268,55.3799],[12.2271,55.3799],[12.2272,55.3798],[12.227,55.3797],[12.2268,55.3797]]]},"properties":{"sourceId":"ais_par3.83436","a_type":5120,"hectares":0.046}},{"type":"Feature","id":"ais_par3.83437","geometry":{"type":"Polygon","coordinates":[[[12.2216,55.3789],[12.222,55.3791],[12.222,55.3789],[12.2216,55.3789]]]},"properties":{"sourceId":"ais_par3.83437","a_type":5120,"hectares":0.026}},{"type":"Feature","id":"ais_par3.83438","geometry":{"type":"Polygon","coordinates":[[[12.2301,55.3863],[12.2298,55.3864],[12.23,55.3865],[12.2304,55.3866],[12.2301,55.3863]]]},"properties":{"sourceId":"ais_par3.83438","a_type":5120,"hectares":0.053}},{"type":"Feature","id":"ais_par3.83441","geometry":{"type":"Polygon","coordinates":[[[12.2251,55.3888],[12.2251,55.3889],[12.2254,55.3889],[12.2255,55.3889],[12.2251,55.3888]]]},"properties":{"sourceId":"ais_par3.83441","a_type":5120,"hectares":0.014}},{"type":"Feature","id":"ais_par3.83459","geometry":{"type":"Polygon","coordinates":[[[12.2147,55.3917],[12.2148,55.3919],[12.215,55.3918],[12.215,55.3918],[12.2147,55.3917]]]},"properties":{"sourceId":"ais_par3.83459","a_type":5120,"hectares":0.02}},{"type":"Feature","id":"ais_par3.83460","geometry":{"type":"Polygon","coordinates":[[[12.2206,55.3911],[12.2198,55.3914],[12.2197,55.3917],[12.2203,55.3918],[12.2207,55.3915],[12.2207,55.3913],[12.2206,55.3911]]]},"properties":{"sourceId":"ais_par3.83460","a_type":5120,"hectares":0.327}},{"type":"Feature","id":"ais_par3.83469","geometry":{"type":"Polygon","coordinates":[[[12.2042,55.3761],[12.2042,55.3762],[12.2045,55.3763],[12.2044,55.3762],[12.2042,55.3761]]]},"properties":{"sourceId":"ais_par3.83469","a_type":5120,"hectares":0.018}},{"type":"Feature","id":"ais_par3.83470","geometry":{"type":"Polygon","coordinates":[[[12.1803,55.3754],[12.1803,55.3757],[12.1803,55.3758],[12.1806,55.3757],[12.1805,55.3755],[12.1803,55.3754]]]},"properties":{"sourceId":"ais_par3.83470","a_type":5120,"hectares":0.038}},{"type":"Feature","id":"ais_par3.83471","geometry":{"type":"Polygon","coordinates":[[[12.1467,55.366],[12.1468,55.3662],[12.1471,55.3663],[12.1472,55.366],[12.1467,55.366]]]},"properties":{"sourceId":"ais_par3.83471","a_type":5120,"hectares":0.069}},{"type":"Feature","id":"ais_par3.83474","geometry":{"type":"Polygon","coordinates":[[[12.1547,55.3726],[12.1548,55.3725],[12.155,55.3724],[12.1551,55.3723],[12.1549,55.3723],[12.1548,55.3722],[12.1547,55.3723],[12.1546,55.3723],[12.1546,55.3724],[12.1546,55.3724],[12.1544,55.3725],[12.1545,55.3726],[12.1547,55.3726]]]},"properties":{"sourceId":"ais_par3.83474","a_type":5120,"hectares":0.095}},{"type":"Feature","id":"ais_par3.83483","geometry":{"type":"Polygon","coordinates":[[[12.0285,55.5052],[12.0286,55.5051],[12.0284,55.505],[12.0281,55.5051],[12.0282,55.5052],[12.0283,55.5052],[12.0285,55.5052]]]},"properties":{"sourceId":"ais_par3.83483","a_type":5120,"hectares":0.044}},{"type":"Feature","id":"ais_par3.83484","geometry":{"type":"Polygon","coordinates":[[[12.0288,55.505],[12.0289,55.5051],[12.0291,55.5051],[12.0291,55.505],[12.029,55.5049],[12.0289,55.5049],[12.0287,55.5049],[12.0288,55.505]]]},"properties":{"sourceId":"ais_par3.83484","a_type":5120,"hectares":0.042}},{"type":"Feature","id":"ais_par3.83485","geometry":{"type":"Polygon","coordinates":[[[11.9495,55.4642],[11.9491,55.4641],[11.9487,55.4649],[11.9496,55.4651],[11.9501,55.4644],[11.9495,55.4642]]]},"properties":{"sourceId":"ais_par3.83485","a_type":5120,"hectares":0.59}},{"type":"Feature","id":"ais_par3.83486","geometry":{"type":"Polygon","coordinates":[[[11.9496,55.4629],[11.9493,55.4639],[11.9498,55.464],[11.9514,55.4643],[11.9519,55.4634],[11.9496,55.4629]]]},"properties":{"sourceId":"ais_par3.83486","a_type":5120,"hectares":1.627}},{"type":"Feature","id":"ais_par3.83488","geometry":{"type":"Polygon","coordinates":[[[11.9469,55.4637],[11.9468,55.4631],[11.946,55.4631],[11.9456,55.4637],[11.9467,55.4639],[11.9469,55.4637],[11.9469,55.4637]]]},"properties":{"sourceId":"ais_par3.83488","a_type":5120,"hectares":0.51}},{"type":"Feature","id":"ais_par3.83489","geometry":{"type":"Polygon","coordinates":[[[11.9481,55.4638],[11.9476,55.4634],[11.9471,55.4637],[11.9471,55.4638],[11.947,55.464],[11.948,55.4641],[11.9481,55.4638]]]},"properties":{"sourceId":"ais_par3.83489","a_type":5120,"hectares":0.317}},{"type":"Feature","id":"ais_par3.83490","geometry":{"type":"Polygon","coordinates":[[[11.9538,55.4651],[11.9537,55.4654],[11.9543,55.4654],[11.9544,55.4651],[11.9539,55.4651],[11.9538,55.4651]]]},"properties":{"sourceId":"ais_par3.83490","a_type":5120,"hectares":0.092}},{"type":"Feature","id":"ais_par3.83491","geometry":{"type":"Polygon","coordinates":[[[11.9533,55.465],[11.9537,55.464],[11.9536,55.4636],[11.9536,55.4633],[11.9532,55.4621],[11.953,55.4621],[11.9528,55.4622],[11.9529,55.463],[11.9534,55.4633],[11.9532,55.4635],[11.9525,55.4649],[11.9533,55.465],[11.9533,55.465]]]},"properties":{"sourceId":"ais_par3.83491","a_type":5120,"hectares":1.151}},{"type":"Feature","id":"ais_par3.84464","geometry":{"type":"Polygon","coordinates":[[[11.9276,55.5426],[11.9281,55.5426],[11.9281,55.5424],[11.9278,55.5424],[11.9276,55.5426]]]},"properties":{"sourceId":"ais_par3.84464","a_type":5120,"hectares":0.057}},{"type":"Feature","id":"ais_par3.84465","geometry":{"type":"Polygon","coordinates":[[[11.9206,55.5398],[11.921,55.5398],[11.9209,55.5395],[11.9206,55.5396],[11.9206,55.5398]]]},"properties":{"sourceId":"ais_par3.84465","a_type":5120,"hectares":0.06}},{"type":"Feature","id":"ais_par3.84466","geometry":{"type":"Polygon","coordinates":[[[11.9119,55.5337],[11.9116,55.5336],[11.9113,55.5336],[11.9112,55.5339],[11.9112,55.5345],[11.9114,55.5346],[11.9115,55.5344],[11.9114,55.534],[11.9119,55.5337]]]},"properties":{"sourceId":"ais_par3.84466","a_type":5120,"hectares":0.234}},{"type":"Feature","id":"ais_par3.84467","geometry":{"type":"Polygon","coordinates":[[[11.9141,55.536],[11.9146,55.5361],[11.9146,55.5359],[11.9143,55.5357],[11.9142,55.5357],[11.9141,55.536]]]},"properties":{"sourceId":"ais_par3.84467","a_type":5120,"hectares":0.078}},{"type":"Feature","id":"ais_par3.84468","geometry":{"type":"Polygon","coordinates":[[[11.916,55.5302],[11.9155,55.5301],[11.9154,55.5302],[11.915,55.5301],[11.9149,55.5302],[11.9149,55.5302],[11.9151,55.5303],[11.9152,55.5304],[11.9156,55.5305],[11.9157,55.5305],[11.916,55.5304],[11.9158,55.5304],[11.916,55.5302]]]},"properties":{"sourceId":"ais_par3.84468","a_type":5120,"hectares":0.189}},{"type":"Feature","id":"ais_par3.84469","geometry":{"type":"Polygon","coordinates":[[[11.9183,55.5304],[11.917,55.5303],[11.9171,55.5306],[11.9175,55.5307],[11.9175,55.5305],[11.9182,55.5306],[11.9183,55.5304]]]},"properties":{"sourceId":"ais_par3.84469","a_type":5120,"hectares":0.175}},{"type":"Feature","id":"ais_par3.84470","geometry":{"type":"Polygon","coordinates":[[[11.918,55.5307],[11.918,55.5309],[11.9185,55.5309],[11.9185,55.5307],[11.918,55.5307]]]},"properties":{"sourceId":"ais_par3.84470","a_type":5120,"hectares":0.051}},{"type":"Feature","id":"ais_par3.84471","geometry":{"type":"Polygon","coordinates":[[[11.9167,55.5309],[11.9174,55.531],[11.9177,55.531],[11.9178,55.531],[11.9176,55.5309],[11.9176,55.5308],[11.9171,55.5307],[11.9169,55.5308],[11.9167,55.5308],[11.9167,55.5309]]]},"properties":{"sourceId":"ais_par3.84471","a_type":5120,"hectares":0.155}},{"type":"Feature","id":"ais_par3.84472","geometry":{"type":"Polygon","coordinates":[[[11.9238,55.5298],[11.9234,55.5298],[11.9225,55.5299],[11.9206,55.5301],[11.9184,55.5304],[11.9186,55.5308],[11.9188,55.5309],[11.9186,55.5309],[11.9185,55.531],[11.9188,55.531],[11.9195,55.5308],[11.9195,55.5307],[11.9199,55.5307],[11.9199,55.5302],[11.92,55.5302],[11.9202,55.5307],[11.9206,55.5307],[11.9212,55.5306],[11.9212,55.5304],[11.9213,55.5304],[11.9213,55.5301],[11.9217,55.5301],[11.9218,55.5302],[11.9216,55.5303],[11.9216,55.5305],[11.9217,55.5305],[11.9224,55.5304],[11.9229,55.5303],[11.9235,55.5302],[11.9238,55.5302],[11.9238,55.5298]]]},"properties":{"sourceId":"ais_par3.84472","a_type":5120,"hectares":1.714}},{"type":"Feature","id":"ais_par3.84492","geometry":{"type":"Polygon","coordinates":[[[12.1026,55.5237],[12.1023,55.5239],[12.1026,55.5241],[12.1029,55.524],[12.1026,55.5237]]]},"properties":{"sourceId":"ais_par3.84492","a_type":5120,"hectares":0.085}},{"type":"Feature","id":"ais_par3.84493","geometry":{"type":"Polygon","coordinates":[[[12.1102,55.5178],[12.1099,55.518],[12.1102,55.5181],[12.1106,55.518],[12.1102,55.5178]]]},"properties":{"sourceId":"ais_par3.84493","a_type":5120,"hectares":0.086}},{"type":"Feature","id":"ais_par3.84494","geometry":{"type":"Polygon","coordinates":[[[12.1066,55.518],[12.1064,55.5181],[12.1066,55.5182],[12.1069,55.5181],[12.1066,55.518]]]},"properties":{"sourceId":"ais_par3.84494","a_type":5120,"hectares":0.038}},{"type":"Feature","id":"ais_par3.84495","geometry":{"type":"Polygon","coordinates":[[[12.1034,55.5154],[12.1033,55.5154],[12.1033,55.5156],[12.1034,55.5156],[12.1037,55.5155],[12.1034,55.5154]]]},"properties":{"sourceId":"ais_par3.84495","a_type":5120,"hectares":0.039}},{"type":"Feature","id":"ais_par3.84496","geometry":{"type":"Polygon","coordinates":[[[12.125,55.5177],[12.1248,55.5176],[12.1246,55.5177],[12.1245,55.5177],[12.1246,55.5178],[12.1246,55.5178],[12.1249,55.5178],[12.125,55.5177]]]},"properties":{"sourceId":"ais_par3.84496","a_type":5120,"hectares":0.05}},{"type":"Feature","id":"ais_par3.84497","geometry":{"type":"Polygon","coordinates":[[[12.0855,55.5129],[12.0853,55.5128],[12.0851,55.5128],[12.085,55.5129],[12.0851,55.5129],[12.0853,55.5129],[12.0855,55.5129]]]},"properties":{"sourceId":"ais_par3.84497","a_type":5120,"hectares":0.033}},{"type":"Feature","id":"ais_par3.84498","geometry":{"type":"Polygon","coordinates":[[[12.0869,55.5115],[12.0867,55.5113],[12.0865,55.5113],[12.0865,55.5114],[12.0866,55.5116],[12.0869,55.5115]]]},"properties":{"sourceId":"ais_par3.84498","a_type":5120,"hectares":0.048}},{"type":"Feature","id":"ais_par3.84499","geometry":{"type":"Polygon","coordinates":[[[12.0935,55.5075],[12.0935,55.5074],[12.0933,55.5074],[12.0932,55.5074],[12.0933,55.5075],[12.0934,55.5075],[12.0935,55.5075]]]},"properties":{"sourceId":"ais_par3.84499","a_type":5120,"hectares":0.026}},{"type":"Feature","id":"ais_par3.84500","geometry":{"type":"Polygon","coordinates":[[[12.0966,55.506],[12.0964,55.506],[12.0963,55.5062],[12.0963,55.5062],[12.0965,55.5062],[12.0966,55.506]]]},"properties":{"sourceId":"ais_par3.84500","a_type":5120,"hectares":0.016}},{"type":"Feature","id":"ais_par3.84501","geometry":{"type":"Polygon","coordinates":[[[12.0999,55.5127],[12.0997,55.5128],[12.0998,55.5129],[12.1001,55.5128],[12.0999,55.5127]]]},"properties":{"sourceId":"ais_par3.84501","a_type":5120,"hectares":0.03}},{"type":"Feature","id":"ais_par3.84502","geometry":{"type":"Polygon","coordinates":[[[12.1079,55.51],[12.1077,55.5099],[12.1075,55.51],[12.1076,55.5101],[12.1079,55.51]]]},"properties":{"sourceId":"ais_par3.84502","a_type":5120,"hectares":0.023}},{"type":"Feature","id":"ais_par3.84503","geometry":{"type":"Polygon","coordinates":[[[12.1082,55.5105],[12.108,55.5106],[12.1081,55.5108],[12.1083,55.5108],[12.1082,55.5105]]]},"properties":{"sourceId":"ais_par3.84503","a_type":5120,"hectares":0.024}},{"type":"Feature","id":"ais_par3.84504","geometry":{"type":"Polygon","coordinates":[[[12.1202,55.5074],[12.12,55.5073],[12.1197,55.5074],[12.1198,55.5075],[12.1202,55.5074]]]},"properties":{"sourceId":"ais_par3.84504","a_type":5120,"hectares":0.045}},{"type":"Feature","id":"ais_par3.84505","geometry":{"type":"Polygon","coordinates":[[[12.1201,55.5134],[12.12,55.5135],[12.1201,55.5136],[12.1204,55.5135],[12.1201,55.5134]]]},"properties":{"sourceId":"ais_par3.84505","a_type":5120,"hectares":0.036}},{"type":"Feature","id":"ais_par3.84506","geometry":{"type":"Polygon","coordinates":[[[12.1422,55.506],[12.1419,55.5061],[12.1421,55.5062],[12.1423,55.5062],[12.1422,55.506]]]},"properties":{"sourceId":"ais_par3.84506","a_type":5120,"hectares":0.017}},{"type":"Feature","id":"ais_par3.84507","geometry":{"type":"Polygon","coordinates":[[[12.0803,55.5011],[12.0801,55.5012],[12.0801,55.5013],[12.0801,55.5014],[12.0801,55.5015],[12.0803,55.5014],[12.0803,55.5011]]]},"properties":{"sourceId":"ais_par3.84507","a_type":5120,"hectares":0.03}},{"type":"Feature","id":"ais_par3.84508","geometry":{"type":"Polygon","coordinates":[[[12.0813,55.4975],[12.0811,55.4975],[12.081,55.4976],[12.0812,55.4977],[12.0813,55.4975]]]},"properties":{"sourceId":"ais_par3.84508","a_type":5120,"hectares":0.019}},{"type":"Feature","id":"ais_par3.84509","geometry":{"type":"Polygon","coordinates":[[[12.0914,55.5006],[12.0914,55.5007],[12.0918,55.5007],[12.0914,55.5006]]]},"properties":{"sourceId":"ais_par3.84509","a_type":5120,"hectares":0.013}},{"type":"Feature","id":"ais_par3.84510","geometry":{"type":"Polygon","coordinates":[[[12.0972,55.4994],[12.0968,55.4994],[12.0967,55.4995],[12.0971,55.4995],[12.0972,55.4994]]]},"properties":{"sourceId":"ais_par3.84510","a_type":5120,"hectares":0.038}},{"type":"Feature","id":"ais_par3.84511","geometry":{"type":"Polygon","coordinates":[[[12.0877,55.4989],[12.0874,55.499],[12.0874,55.4991],[12.0878,55.4991],[12.0877,55.4989]]]},"properties":{"sourceId":"ais_par3.84511","a_type":5120,"hectares":0.048}},{"type":"Feature","id":"ais_par3.84512","geometry":{"type":"Polygon","coordinates":[[[12.0884,55.4967],[12.0881,55.4967],[12.0881,55.4969],[12.0884,55.4969],[12.0884,55.4967]]]},"properties":{"sourceId":"ais_par3.84512","a_type":5120,"hectares":0.039}},{"type":"Feature","id":"ais_par3.84513","geometry":{"type":"Polygon","coordinates":[[[12.0941,55.4988],[12.0938,55.4989],[12.0938,55.499],[12.0941,55.499],[12.0941,55.4988]]]},"properties":{"sourceId":"ais_par3.84513","a_type":5120,"hectares":0.028}},{"type":"Feature","id":"ais_par3.84514","geometry":{"type":"Polygon","coordinates":[[[12.0946,55.4963],[12.0942,55.4964],[12.0942,55.4965],[12.0946,55.4965],[12.0946,55.4963]]]},"properties":{"sourceId":"ais_par3.84514","a_type":5120,"hectares":0.042}},{"type":"Feature","id":"ais_par3.84515","geometry":{"type":"Polygon","coordinates":[[[12.0862,55.5057],[12.0857,55.5058],[12.0858,55.5059],[12.0861,55.5059],[12.0862,55.5057]]]},"properties":{"sourceId":"ais_par3.84515","a_type":5120,"hectares":0.041}},{"type":"Feature","id":"ais_par3.84516","geometry":{"type":"Polygon","coordinates":[[[12.0918,55.5049],[12.0912,55.5048],[12.0913,55.5051],[12.0917,55.505],[12.0918,55.5049]]]},"properties":{"sourceId":"ais_par3.84516","a_type":5120,"hectares":0.056}},{"type":"Feature","id":"ais_par3.84517","geometry":{"type":"Polygon","coordinates":[[[12.097,55.503],[12.0966,55.503],[12.0966,55.5032],[12.097,55.5032],[12.097,55.503]]]},"properties":{"sourceId":"ais_par3.84517","a_type":5120,"hectares":0.039}},{"type":"Feature","id":"ais_par3.84518","geometry":{"type":"Polygon","coordinates":[[[12.1092,55.5006],[12.1092,55.5006],[12.1088,55.5008],[12.1088,55.5009],[12.109,55.5009],[12.1091,55.5009],[12.1092,55.5009],[12.1093,55.5009],[12.1094,55.5008],[12.1094,55.5008],[12.1094,55.5008],[12.1094,55.5007],[12.1094,55.5007],[12.1095,55.5006],[12.1092,55.5006]]]},"properties":{"sourceId":"ais_par3.84518","a_type":5120,"hectares":0.098}},{"type":"Feature","id":"ais_par3.84519","geometry":{"type":"Polygon","coordinates":[[[12.1135,55.4975],[12.1132,55.4975],[12.1131,55.4976],[12.1131,55.4976],[12.1132,55.4977],[12.1134,55.4976],[12.1135,55.4975]]]},"properties":{"sourceId":"ais_par3.84519","a_type":5120,"hectares":0.022}},{"type":"Feature","id":"ais_par3.84520","geometry":{"type":"Polygon","coordinates":[[[12.1139,55.496],[12.1135,55.496],[12.1135,55.4962],[12.1139,55.4962],[12.1139,55.496]]]},"properties":{"sourceId":"ais_par3.84520","a_type":5120,"hectares":0.049}},{"type":"Feature","id":"ais_par3.84521","geometry":{"type":"Polygon","coordinates":[[[12.1176,55.5014],[12.1177,55.5014],[12.1177,55.5014],[12.1178,55.5013],[12.1178,55.5013],[12.1177,55.5013],[12.1177,55.5013],[12.1176,55.5013],[12.1176,55.5014]]]},"properties":{"sourceId":"ais_par3.84521","a_type":5120,"hectares":0.018}},{"type":"Feature","id":"ais_par3.84522","geometry":{"type":"Polygon","coordinates":[[[12.1237,55.4965],[12.1235,55.4966],[12.1235,55.4966],[12.1237,55.4965]]]},"properties":{"sourceId":"ais_par3.84522","a_type":5120,"hectares":0.003}},{"type":"Feature","id":"ais_par3.84523","geometry":{"type":"Polygon","coordinates":[[[12.1306,55.5007],[12.1308,55.5008],[12.1309,55.5006],[12.1306,55.5007]]]},"properties":{"sourceId":"ais_par3.84523","a_type":5120,"hectares":0.017}},{"type":"Feature","id":"ais_par3.84524","geometry":{"type":"Polygon","coordinates":[[[12.1326,55.5011],[12.1329,55.501],[12.1328,55.5009],[12.1325,55.501],[12.1326,55.5011]]]},"properties":{"sourceId":"ais_par3.84524","a_type":5120,"hectares":0.027}},{"type":"Feature","id":"ais_par3.84525","geometry":{"type":"Polygon","coordinates":[[[12.1347,55.501],[12.1345,55.5009],[12.1343,55.5012],[12.1345,55.5012],[12.1347,55.501]]]},"properties":{"sourceId":"ais_par3.84525","a_type":5120,"hectares":0.04}},{"type":"Feature","id":"ais_par3.84526","geometry":{"type":"Polygon","coordinates":[[[12.132,55.4953],[12.1326,55.4953],[12.132,55.4952],[12.132,55.4953]]]},"properties":{"sourceId":"ais_par3.84526","a_type":5120,"hectares":0.034}},{"type":"Feature","id":"ais_par3.84527","geometry":{"type":"Polygon","coordinates":[[[12.1328,55.4953],[12.1331,55.4954],[12.1334,55.4952],[12.1328,55.4953]]]},"properties":{"sourceId":"ais_par3.84527","a_type":5120,"hectares":0.022}},{"type":"Feature","id":"ais_par3.84528","geometry":{"type":"Polygon","coordinates":[[[12.1404,55.5019],[12.1401,55.5019],[12.14,55.5019],[12.1402,55.5021],[12.1404,55.5019]]]},"properties":{"sourceId":"ais_par3.84528","a_type":5120,"hectares":0.031}},{"type":"Feature","id":"ais_par3.84529","geometry":{"type":"Polygon","coordinates":[[[12.1573,55.5006],[12.1568,55.5007],[12.1569,55.5008],[12.1573,55.5008],[12.1573,55.5006]]]},"properties":{"sourceId":"ais_par3.84529","a_type":5120,"hectares":0.046}},{"type":"Feature","id":"ais_par3.84530","geometry":{"type":"Polygon","coordinates":[[[12.0905,55.4944],[12.0908,55.4945],[12.091,55.4944],[12.0908,55.4943],[12.0905,55.4943],[12.0905,55.4944]]]},"properties":{"sourceId":"ais_par3.84530","a_type":5120,"hectares":0.041}},{"type":"Feature","id":"ais_par3.84531","geometry":{"type":"Polygon","coordinates":[[[12.0922,55.4948],[12.0924,55.4949],[12.0927,55.4948],[12.0927,55.4946],[12.0925,55.4946],[12.0922,55.4948]]]},"properties":{"sourceId":"ais_par3.84531","a_type":5120,"hectares":0.058}},{"type":"Feature","id":"ais_par3.84532","geometry":{"type":"Polygon","coordinates":[[[12.0985,55.4929],[12.0983,55.4924],[12.0986,55.4922],[12.0982,55.4919],[12.0971,55.492],[12.0971,55.4925],[12.098,55.4928],[12.0985,55.4929]]]},"properties":{"sourceId":"ais_par3.84532","a_type":5120,"hectares":0.766}},{"type":"Feature","id":"ais_par3.84533","geometry":{"type":"Polygon","coordinates":[[[12.1051,55.4901],[12.1054,55.49],[12.1052,55.4898],[12.105,55.4899],[12.1051,55.4901]]]},"properties":{"sourceId":"ais_par3.84533","a_type":5120,"hectares":0.037}},{"type":"Feature","id":"ais_par3.84534","geometry":{"type":"Polygon","coordinates":[[[12.1001,55.4908],[12.0999,55.4909],[12.0999,55.491],[12.1001,55.491],[12.1001,55.4908]]]},"properties":{"sourceId":"ais_par3.84534","a_type":5120,"hectares":0.023}},{"type":"Feature","id":"ais_par3.84535","geometry":{"type":"Polygon","coordinates":[[[12.1035,55.4894],[12.1039,55.4894],[12.1042,55.4894],[12.1041,55.4891],[12.1037,55.4891],[12.103,55.4893],[12.1031,55.4895],[12.1032,55.4895],[12.1035,55.4894]]]},"properties":{"sourceId":"ais_par3.84535","a_type":5120,"hectares":0.225}},{"type":"Feature","id":"ais_par3.84536","geometry":{"type":"Polygon","coordinates":[[[12.0988,55.4883],[12.0973,55.4883],[12.096,55.4886],[12.0961,55.4888],[12.0976,55.4886],[12.0981,55.4886],[12.0984,55.4889],[12.099,55.4888],[12.0988,55.4883]]]},"properties":{"sourceId":"ais_par3.84536","a_type":5120,"hectares":0.704}},{"type":"Feature","id":"ais_par3.84537","geometry":{"type":"Polygon","coordinates":[[[12.0976,55.4888],[12.0974,55.4888],[12.0972,55.489],[12.0973,55.4891],[12.0976,55.4891],[12.0979,55.4891],[12.0981,55.4889],[12.0978,55.4888],[12.0976,55.4888]]]},"properties":{"sourceId":"ais_par3.84537","a_type":5120,"hectares":0.152}},{"type":"Feature","id":"ais_par3.84538","geometry":{"type":"Polygon","coordinates":[[[12.1204,55.4789],[12.1201,55.479],[12.1202,55.4792],[12.1205,55.4791],[12.1204,55.4789]]]},"properties":{"sourceId":"ais_par3.84538","a_type":5120,"hectares":0.052}},{"type":"Feature","id":"ais_par3.84539","geometry":{"type":"Polygon","coordinates":[[[12.1147,55.4788],[12.1144,55.4789],[12.1146,55.4791],[12.1149,55.479],[12.1147,55.4788]]]},"properties":{"sourceId":"ais_par3.84539","a_type":5120,"hectares":0.059}},{"type":"Feature","id":"ais_par3.84540","geometry":{"type":"Polygon","coordinates":[[[12.1195,55.4816],[12.1193,55.4817],[12.1193,55.4819],[12.1198,55.4818],[12.1196,55.4817],[12.1195,55.4816]]]},"properties":{"sourceId":"ais_par3.84540","a_type":5120,"hectares":0.057}},{"type":"Feature","id":"ais_par3.84541","geometry":{"type":"Polygon","coordinates":[[[12.1271,55.4821],[12.1275,55.4822],[12.1276,55.482],[12.1272,55.482],[12.1271,55.4821]]]},"properties":{"sourceId":"ais_par3.84541","a_type":5120,"hectares":0.031}},{"type":"Feature","id":"ais_par3.84542","geometry":{"type":"Polygon","coordinates":[[[12.1166,55.4877],[12.1163,55.4877],[12.1162,55.4879],[12.1166,55.4879],[12.1166,55.4877]]]},"properties":{"sourceId":"ais_par3.84542","a_type":5120,"hectares":0.055}},{"type":"Feature","id":"ais_par3.84543","geometry":{"type":"Polygon","coordinates":[[[12.1175,55.4933],[12.1171,55.4933],[12.1171,55.4935],[12.1175,55.4935],[12.1175,55.4933]]]},"properties":{"sourceId":"ais_par3.84543","a_type":5120,"hectares":0.056}},{"type":"Feature","id":"ais_par3.84544","geometry":{"type":"Polygon","coordinates":[[[12.1208,55.4941],[12.1205,55.4942],[12.1206,55.4946],[12.1209,55.4946],[12.1208,55.4941]]]},"properties":{"sourceId":"ais_par3.84544","a_type":5120,"hectares":0.09}},{"type":"Feature","id":"ais_par3.84545","geometry":{"type":"Polygon","coordinates":[[[12.13,55.4895],[12.1299,55.4889],[12.1295,55.489],[12.1295,55.4891],[12.1298,55.4894],[12.13,55.4895]]]},"properties":{"sourceId":"ais_par3.84545","a_type":5120,"hectares":0.115}},{"type":"Feature","id":"ais_par3.84546","geometry":{"type":"Polygon","coordinates":[[[12.1291,55.4896],[12.1293,55.4895],[12.1293,55.4893],[12.1292,55.4893],[12.129,55.4894],[12.1291,55.4896]]]},"properties":{"sourceId":"ais_par3.84546","a_type":5120,"hectares":0.033}},{"type":"Feature","id":"ais_par3.84547","geometry":{"type":"Polygon","coordinates":[[[12.1356,55.4923],[12.1353,55.4923],[12.1353,55.4925],[12.1356,55.4925],[12.1356,55.4923]]]},"properties":{"sourceId":"ais_par3.84547","a_type":5120,"hectares":0.051}},{"type":"Feature","id":"ais_par3.84548","geometry":{"type":"Polygon","coordinates":[[[12.1428,55.4943],[12.1424,55.4944],[12.1424,55.4946],[12.1428,55.4946],[12.1428,55.4943]]]},"properties":{"sourceId":"ais_par3.84548","a_type":5120,"hectares":0.06}},{"type":"Feature","id":"ais_par3.84549","geometry":{"type":"Polygon","coordinates":[[[12.1551,55.4926],[12.1548,55.4926],[12.1548,55.4928],[12.1551,55.4928],[12.1551,55.4926]]]},"properties":{"sourceId":"ais_par3.84549","a_type":5120,"hectares":0.039}},{"type":"Feature","id":"ais_par3.84550","geometry":{"type":"Polygon","coordinates":[[[12.146,55.4861],[12.1458,55.4859],[12.1456,55.4861],[12.146,55.4861]]]},"properties":{"sourceId":"ais_par3.84550","a_type":5120,"hectares":0.023}},{"type":"Feature","id":"ais_par3.84551","geometry":{"type":"Polygon","coordinates":[[[12.157,55.4792],[12.1569,55.4791],[12.1564,55.4791],[12.1565,55.4793],[12.157,55.4792]]]},"properties":{"sourceId":"ais_par3.84551","a_type":5120,"hectares":0.067}},{"type":"Feature","id":"ais_par3.84552","geometry":{"type":"Polygon","coordinates":[[[12.0924,55.4723],[12.092,55.4724],[12.0921,55.4726],[12.0925,55.4724],[12.0924,55.4723]]]},"properties":{"sourceId":"ais_par3.84552","a_type":5120,"hectares":0.06}},{"type":"Feature","id":"ais_par3.84553","geometry":{"type":"Polygon","coordinates":[[[12.0957,55.4717],[12.0953,55.4718],[12.0954,55.472],[12.0957,55.4719],[12.0957,55.4717]]]},"properties":{"sourceId":"ais_par3.84553","a_type":5120,"hectares":0.056}},{"type":"Feature","id":"ais_par3.84554","geometry":{"type":"Polygon","coordinates":[[[12.1008,55.4715],[12.1006,55.4715],[12.1006,55.4717],[12.1009,55.4717],[12.1008,55.4715]]]},"properties":{"sourceId":"ais_par3.84554","a_type":5120,"hectares":0.041}},{"type":"Feature","id":"ais_par3.84555","geometry":{"type":"Polygon","coordinates":[[[12.1036,55.4739],[12.1035,55.4739],[12.1034,55.4739],[12.1035,55.474],[12.1034,55.4741],[12.1027,55.4743],[12.1027,55.4743],[12.1037,55.4741],[12.1037,55.474],[12.1036,55.4739]]]},"properties":{"sourceId":"ais_par3.84555","a_type":5120,"hectares":0.081}},{"type":"Feature","id":"ais_par3.84556","geometry":{"type":"Polygon","coordinates":[[[12.1011,55.4756],[12.1007,55.4752],[12.1007,55.475],[12.1007,55.4748],[12.1004,55.4748],[12.1003,55.4749],[12.1002,55.4752],[12.1,55.4754],[12.0997,55.4756],[12.0995,55.4758],[12.0994,55.476],[12.0996,55.4761],[12.0997,55.4761],[12.1,55.476],[12.1007,55.4758],[12.1011,55.4756]]]},"properties":{"sourceId":"ais_par3.84556","a_type":5120,"hectares":0.706}},{"type":"Feature","id":"ais_par3.84557","geometry":{"type":"Polygon","coordinates":[[[12.1053,55.4737],[12.1054,55.4736],[12.1054,55.4735],[12.1052,55.4734],[12.1051,55.4734],[12.105,55.4733],[12.1049,55.4732],[12.1047,55.4732],[12.1046,55.4733],[12.1044,55.4735],[12.1044,55.4736],[12.1047,55.4736],[12.1051,55.4737],[12.1053,55.4737]]]},"properties":{"sourceId":"ais_par3.84557","a_type":5120,"hectares":0.224}},{"type":"Feature","id":"ais_par3.84558","geometry":{"type":"Polygon","coordinates":[[[12.1063,55.4745],[12.1061,55.4742],[12.1058,55.4742],[12.1057,55.4742],[12.1056,55.4743],[12.1055,55.4744],[12.1055,55.4745],[12.1056,55.4746],[12.1057,55.4746],[12.106,55.4746],[12.1062,55.4746],[12.1063,55.4745],[12.1063,55.4745]]]},"properties":{"sourceId":"ais_par3.84558","a_type":5120,"hectares":0.16}},{"type":"Feature","id":"ais_par3.84559","geometry":{"type":"Polygon","coordinates":[[[12.1062,55.4742],[12.1064,55.4744],[12.1066,55.4744],[12.1067,55.4742],[12.1066,55.4741],[12.1064,55.4741],[12.1062,55.4741],[12.1062,55.4742]]]},"properties":{"sourceId":"ais_par3.84559","a_type":5120,"hectares":0.092}},{"type":"Feature","id":"ais_par3.84560","geometry":{"type":"Polygon","coordinates":[[[12.0748,55.4611],[12.0745,55.461],[12.0743,55.461],[12.0745,55.4612],[12.0748,55.4611]]]},"properties":{"sourceId":"ais_par3.84560","a_type":5120,"hectares":0.04}},{"type":"Feature","id":"ais_par3.84561","geometry":{"type":"Polygon","coordinates":[[[12.0812,55.4634],[12.0813,55.4633],[12.0812,55.4631],[12.081,55.4632],[12.081,55.4634],[12.0812,55.4634]]]},"properties":{"sourceId":"ais_par3.84561","a_type":5120,"hectares":0.034}},{"type":"Feature","id":"ais_par3.84562","geometry":{"type":"Polygon","coordinates":[[[12.0868,55.4617],[12.087,55.4616],[12.0869,55.4614],[12.0868,55.4614],[12.0867,55.4615],[12.0868,55.4617]]]},"properties":{"sourceId":"ais_par3.84562","a_type":5120,"hectares":0.042}},{"type":"Feature","id":"ais_par3.84563","geometry":{"type":"Polygon","coordinates":[[[12.0837,55.4591],[12.0835,55.4591],[12.0834,55.4591],[12.0833,55.4593],[12.0834,55.4593],[12.0837,55.4591]]]},"properties":{"sourceId":"ais_par3.84563","a_type":5120,"hectares":0.026}},{"type":"Feature","id":"ais_par3.84564","geometry":{"type":"Polygon","coordinates":[[[12.0801,55.4619],[12.0804,55.4619],[12.0804,55.4618],[12.0801,55.4618],[12.0801,55.4619]]]},"properties":{"sourceId":"ais_par3.84564","a_type":5120,"hectares":0.022}},{"type":"Feature","id":"ais_par3.84565","geometry":{"type":"Polygon","coordinates":[[[12.1036,55.4636],[12.1039,55.4636],[12.1039,55.4635],[12.1038,55.4635],[12.1036,55.4636]]]},"properties":{"sourceId":"ais_par3.84565","a_type":5120,"hectares":0.021}},{"type":"Feature","id":"ais_par3.84566","geometry":{"type":"Polygon","coordinates":[[[12.101,55.4628],[12.1009,55.4627],[12.1008,55.4627],[12.1007,55.4628],[12.101,55.4628]]]},"properties":{"sourceId":"ais_par3.84566","a_type":5120,"hectares":0.018}},{"type":"Feature","id":"ais_par3.84567","geometry":{"type":"Polygon","coordinates":[[[12.1082,55.4618],[12.1079,55.4619],[12.1081,55.4621],[12.1084,55.462],[12.1082,55.4618]]]},"properties":{"sourceId":"ais_par3.84567","a_type":5120,"hectares":0.052}},{"type":"Feature","id":"ais_par3.84568","geometry":{"type":"Polygon","coordinates":[[[12.1118,55.4611],[12.1115,55.4612],[12.1116,55.4613],[12.1118,55.4612],[12.1118,55.4611]]]},"properties":{"sourceId":"ais_par3.84568","a_type":5120,"hectares":0.032}},{"type":"Feature","id":"ais_par3.84569","geometry":{"type":"Polygon","coordinates":[[[12.1137,55.4614],[12.1134,55.4614],[12.1135,55.4616],[12.1138,55.4615],[12.1137,55.4614]]]},"properties":{"sourceId":"ais_par3.84569","a_type":5120,"hectares":0.027}},{"type":"Feature","id":"ais_par3.84570","geometry":{"type":"Polygon","coordinates":[[[12.1159,55.4605],[12.1156,55.4606],[12.1157,55.4608],[12.116,55.4607],[12.1159,55.4605]]]},"properties":{"sourceId":"ais_par3.84570","a_type":5120,"hectares":0.037}},{"type":"Feature","id":"ais_par3.84571","geometry":{"type":"Polygon","coordinates":[[[12.1091,55.4719],[12.1088,55.472],[12.1089,55.4723],[12.1091,55.4722],[12.1091,55.4719]]]},"properties":{"sourceId":"ais_par3.84571","a_type":5120,"hectares":0.067}},{"type":"Feature","id":"ais_par3.84572","geometry":{"type":"Polygon","coordinates":[[[12.1028,55.4701],[12.1028,55.4698],[12.1028,55.4697],[12.1024,55.4695],[12.1022,55.4694],[12.1021,55.4694],[12.1021,55.4694],[12.1021,55.4695],[12.1022,55.4695],[12.1022,55.4695],[12.1023,55.4696],[12.1025,55.4697],[12.1026,55.4698],[12.1026,55.4698],[12.1026,55.4698],[12.1026,55.4699],[12.1026,55.47],[12.1026,55.47],[12.1026,55.47],[12.1026,55.4701],[12.1026,55.4701],[12.1027,55.4701],[12.1028,55.4701],[12.1028,55.4701]]]},"properties":{"sourceId":"ais_par3.84572","a_type":5120,"hectares":0.119}},{"type":"Feature","id":"ais_par3.84573","geometry":{"type":"Polygon","coordinates":[[[12.1265,55.466],[12.1261,55.466],[12.1257,55.4661],[12.1254,55.4662],[12.1251,55.4664],[12.125,55.4666],[12.125,55.4667],[12.1251,55.4668],[12.1253,55.4669],[12.1256,55.4668],[12.1257,55.4666],[12.1259,55.4664],[12.1261,55.4664],[12.1263,55.4664],[12.1266,55.4664],[12.1267,55.4664],[12.1268,55.4663],[12.1268,55.4661],[12.1265,55.466]]]},"properties":{"sourceId":"ais_par3.84573","a_type":5120,"hectares":0.53}},{"type":"Feature","id":"ais_par3.84574","geometry":{"type":"Polygon","coordinates":[[[12.1349,55.4748],[12.1346,55.4749],[12.1348,55.4751],[12.1351,55.475],[12.1349,55.4748]]]},"properties":{"sourceId":"ais_par3.84574","a_type":5120,"hectares":0.062}},{"type":"Feature","id":"ais_par3.84575","geometry":{"type":"Polygon","coordinates":[[[12.1437,55.4615],[12.1436,55.4614],[12.1432,55.4616],[12.1434,55.4617],[12.1437,55.4615]]]},"properties":{"sourceId":"ais_par3.84575","a_type":5120,"hectares":0.038}},{"type":"Feature","id":"ais_par3.84576","geometry":{"type":"Polygon","coordinates":[[[12.1497,55.4649],[12.1496,55.465],[12.1498,55.4652],[12.1501,55.4651],[12.1497,55.4649]]]},"properties":{"sourceId":"ais_par3.84576","a_type":5120,"hectares":0.05}},{"type":"Feature","id":"ais_par3.84577","geometry":{"type":"Polygon","coordinates":[[[12.1553,55.4645],[12.1548,55.4646],[12.1552,55.4647],[12.1554,55.4646],[12.1553,55.4645]]]},"properties":{"sourceId":"ais_par3.84577","a_type":5120,"hectares":0.041}},{"type":"Feature","id":"ais_par3.84578","geometry":{"type":"Polygon","coordinates":[[[12.1613,55.4585],[12.1609,55.4585],[12.1609,55.4588],[12.1613,55.4589],[12.1613,55.4585]]]},"properties":{"sourceId":"ais_par3.84578","a_type":5120,"hectares":0.091}},{"type":"Feature","id":"ais_par3.84579","geometry":{"type":"Polygon","coordinates":[[[12.1518,55.4593],[12.1515,55.4594],[12.1514,55.4595],[12.1515,55.4596],[12.1519,55.4595],[12.1518,55.4593]]]},"properties":{"sourceId":"ais_par3.84579","a_type":5120,"hectares":0.076}},{"type":"Feature","id":"ais_par3.84580","geometry":{"type":"Polygon","coordinates":[[[12.1501,55.4604],[12.1503,55.4604],[12.1507,55.4605],[12.1509,55.4604],[12.1506,55.4603],[12.1502,55.4603],[12.1501,55.4604]]]},"properties":{"sourceId":"ais_par3.84580","a_type":5120,"hectares":0.076}},{"type":"Feature","id":"ais_par3.84581","geometry":{"type":"Polygon","coordinates":[[[12.1479,55.4607],[12.1484,55.4607],[12.1485,55.4606],[12.1479,55.4606],[12.1479,55.4607]]]},"properties":{"sourceId":"ais_par3.84581","a_type":5120,"hectares":0.063}},{"type":"Feature","id":"ais_par3.84582","geometry":{"type":"Polygon","coordinates":[[[12.1626,55.4626],[12.1626,55.4625],[12.1627,55.4625],[12.1627,55.4624],[12.1628,55.4623],[12.1627,55.4623],[12.1625,55.4623],[12.1623,55.4623],[12.1623,55.4624],[12.1623,55.4624],[12.1624,55.4625],[12.1624,55.4626],[12.1625,55.4626],[12.1626,55.4626],[12.1626,55.4626]]]},"properties":{"sourceId":"ais_par3.84582","a_type":5120,"hectares":0.082}},{"type":"Feature","id":"ais_par3.84583","geometry":{"type":"Polygon","coordinates":[[[12.0691,55.454],[12.0687,55.454],[12.0686,55.4542],[12.069,55.4542],[12.0691,55.454]]]},"properties":{"sourceId":"ais_par3.84583","a_type":5120,"hectares":0.061}},{"type":"Feature","id":"ais_par3.84584","geometry":{"type":"Polygon","coordinates":[[[12.0748,55.4549],[12.075,55.4548],[12.075,55.4546],[12.0748,55.4545],[12.0747,55.4546],[12.0748,55.4549]]]},"properties":{"sourceId":"ais_par3.84584","a_type":5120,"hectares":0.054}},{"type":"Feature","id":"ais_par3.84585","geometry":{"type":"Polygon","coordinates":[[[12.0752,55.4575],[12.0753,55.4574],[12.0753,55.4573],[12.0754,55.4571],[12.0752,55.4571],[12.075,55.4571],[12.075,55.4573],[12.0752,55.4575]]]},"properties":{"sourceId":"ais_par3.84585","a_type":5120,"hectares":0.07}},{"type":"Feature","id":"ais_par3.84586","geometry":{"type":"Polygon","coordinates":[[[12.0704,55.4539],[12.0702,55.454],[12.0703,55.4542],[12.0705,55.4542],[12.0705,55.454],[12.0704,55.4539]]]},"properties":{"sourceId":"ais_par3.84586","a_type":5120,"hectares":0.039}},{"type":"Feature","id":"ais_par3.84587","geometry":{"type":"Polygon","coordinates":[[[12.0881,55.4568],[12.0886,55.4567],[12.0883,55.4563],[12.0878,55.4564],[12.0881,55.4568]]]},"properties":{"sourceId":"ais_par3.84587","a_type":5120,"hectares":0.161}},{"type":"Feature","id":"ais_par3.84588","geometry":{"type":"Polygon","coordinates":[[[12.1,55.457],[12.0998,55.457],[12.0993,55.4571],[12.0992,55.4572],[12.0992,55.4574],[12.0994,55.4574],[12.0998,55.4574],[12.0999,55.4573],[12.1002,55.4572],[12.1,55.457]]]},"properties":{"sourceId":"ais_par3.84588","a_type":5120,"hectares":0.192}},{"type":"Feature","id":"ais_par3.84589","geometry":{"type":"Polygon","coordinates":[[[12.0967,55.4484],[12.0964,55.4485],[12.0965,55.4486],[12.0968,55.4486],[12.0967,55.4484]]]},"properties":{"sourceId":"ais_par3.84589","a_type":5120,"hectares":0.043}},{"type":"Feature","id":"ais_par3.84590","geometry":{"type":"Polygon","coordinates":[[[12.1048,55.4505],[12.1046,55.4505],[12.1045,55.4508],[12.1049,55.4507],[12.1048,55.4505]]]},"properties":{"sourceId":"ais_par3.84590","a_type":5120,"hectares":0.052}},{"type":"Feature","id":"ais_par3.84591","geometry":{"type":"Polygon","coordinates":[[[12.1073,55.4548],[12.107,55.4548],[12.1069,55.455],[12.1069,55.4552],[12.1073,55.4551],[12.1073,55.455],[12.1073,55.4548],[12.1073,55.4548]]]},"properties":{"sourceId":"ais_par3.84591","a_type":5120,"hectares":0.092}},{"type":"Feature","id":"ais_par3.84592","geometry":{"type":"Polygon","coordinates":[[[12.1052,55.459],[12.1049,55.459],[12.1049,55.4593],[12.1052,55.4592],[12.1052,55.459]]]},"properties":{"sourceId":"ais_par3.84592","a_type":5120,"hectares":0.051}},{"type":"Feature","id":"ais_par3.84593","geometry":{"type":"Polygon","coordinates":[[[12.1072,55.4586],[12.107,55.4587],[12.107,55.4589],[12.1073,55.4589],[12.1072,55.4586]]]},"properties":{"sourceId":"ais_par3.84593","a_type":5120,"hectares":0.045}},{"type":"Feature","id":"ais_par3.84594","geometry":{"type":"Polygon","coordinates":[[[12.1117,55.4576],[12.1114,55.4577],[12.1115,55.4578],[12.1119,55.4578],[12.1118,55.4577],[12.1117,55.4576]]]},"properties":{"sourceId":"ais_par3.84594","a_type":5120,"hectares":0.052}},{"type":"Feature","id":"ais_par3.84595","geometry":{"type":"Polygon","coordinates":[[[12.1075,55.4537],[12.1073,55.4537],[12.1073,55.454],[12.1075,55.454],[12.1076,55.4538],[12.1075,55.4537]]]},"properties":{"sourceId":"ais_par3.84595","a_type":5120,"hectares":0.041}},{"type":"Feature","id":"ais_par3.84596","geometry":{"type":"Polygon","coordinates":[[[12.1084,55.4512],[12.1079,55.4513],[12.108,55.4514],[12.1085,55.4514],[12.1084,55.4512]]]},"properties":{"sourceId":"ais_par3.84596","a_type":5120,"hectares":0.058}},{"type":"Feature","id":"ais_par3.84597","geometry":{"type":"Polygon","coordinates":[[[12.1105,55.4481],[12.1109,55.4479],[12.111,55.4478],[12.1107,55.4477],[12.1104,55.4478],[12.1104,55.4479],[12.1105,55.4481]]]},"properties":{"sourceId":"ais_par3.84597","a_type":5120,"hectares":0.109}},{"type":"Feature","id":"ais_par3.84598","geometry":{"type":"Polygon","coordinates":[[[12.1175,55.4581],[12.1173,55.458],[12.1169,55.4581],[12.1172,55.4582],[12.1175,55.4581]]]},"properties":{"sourceId":"ais_par3.84598","a_type":5120,"hectares":0.034}},{"type":"Feature","id":"ais_par3.84599","geometry":{"type":"Polygon","coordinates":[[[12.1309,55.4607],[12.1311,55.4607],[12.131,55.4606],[12.1309,55.4607]]]},"properties":{"sourceId":"ais_par3.84599","a_type":5120,"hectares":0.011}},{"type":"Feature","id":"ais_par3.84600","geometry":{"type":"Polygon","coordinates":[[[12.1295,55.4568],[12.129,55.457],[12.1294,55.4571],[12.1294,55.4571],[12.1295,55.4568]]]},"properties":{"sourceId":"ais_par3.84600","a_type":5120,"hectares":0.034}},{"type":"Feature","id":"ais_par3.84601","geometry":{"type":"Polygon","coordinates":[[[12.1346,55.4464],[12.1345,55.4464],[12.1343,55.4464],[12.1343,55.4466],[12.1346,55.4467],[12.1346,55.4464]]]},"properties":{"sourceId":"ais_par3.84601","a_type":5120,"hectares":0.047}},{"type":"Feature","id":"ais_par3.84602","geometry":{"type":"Polygon","coordinates":[[[12.1346,55.4453],[12.1343,55.4453],[12.1341,55.4454],[12.1344,55.4454],[12.1346,55.4453]]]},"properties":{"sourceId":"ais_par3.84602","a_type":5120,"hectares":0.027}},{"type":"Feature","id":"ais_par3.84603","geometry":{"type":"Polygon","coordinates":[[[12.1365,55.4485],[12.1361,55.4485],[12.1363,55.4487],[12.1366,55.4486],[12.1365,55.4485]]]},"properties":{"sourceId":"ais_par3.84603","a_type":5120,"hectares":0.049}},{"type":"Feature","id":"ais_par3.84604","geometry":{"type":"Polygon","coordinates":[[[12.1474,55.4483],[12.1471,55.4485],[12.1473,55.4486],[12.1477,55.4485],[12.1474,55.4483]]]},"properties":{"sourceId":"ais_par3.84604","a_type":5120,"hectares":0.057}},{"type":"Feature","id":"ais_par3.84605","geometry":{"type":"Polygon","coordinates":[[[12.1569,55.4504],[12.1565,55.4506],[12.1566,55.4507],[12.1571,55.4506],[12.1569,55.4504]]]},"properties":{"sourceId":"ais_par3.84605","a_type":5120,"hectares":0.074}},{"type":"Feature","id":"ais_par3.84606","geometry":{"type":"Polygon","coordinates":[[[12.1309,55.4421],[12.1307,55.4422],[12.1307,55.4423],[12.1308,55.4424],[12.1309,55.4421]]]},"properties":{"sourceId":"ais_par3.84606","a_type":5120,"hectares":0.024}},{"type":"Feature","id":"ais_par3.84607","geometry":{"type":"Polygon","coordinates":[[[12.1321,55.4384],[12.1322,55.4382],[12.1319,55.4382],[12.1318,55.4384],[12.1321,55.4384]]]},"properties":{"sourceId":"ais_par3.84607","a_type":5120,"hectares":0.047}},{"type":"Feature","id":"ais_par3.84608","geometry":{"type":"Polygon","coordinates":[[[12.1541,55.4423],[12.1539,55.4421],[12.1532,55.4419],[12.1526,55.4418],[12.1519,55.4418],[12.1518,55.4419],[12.1517,55.4421],[12.1515,55.442],[12.1511,55.4419],[12.1505,55.4417],[12.1503,55.4418],[12.15,55.4417],[12.1494,55.4415],[12.1489,55.4415],[12.1487,55.4416],[12.1486,55.4418],[12.1486,55.4419],[12.1486,55.4421],[12.1495,55.4421],[12.1505,55.4421],[12.151,55.442],[12.1514,55.4422],[12.1516,55.4422],[12.1519,55.4422],[12.1525,55.4423],[12.1527,55.4425],[12.1532,55.4426],[12.1541,55.4427],[12.1541,55.4423]]]},"properties":{"sourceId":"ais_par3.84608","a_type":5120,"hectares":1.763}},{"type":"Feature","id":"ais_par3.84609","geometry":{"type":"Polygon","coordinates":[[[12.151,55.4402],[12.1506,55.4403],[12.1509,55.4406],[12.1512,55.4405],[12.151,55.4402]]]},"properties":{"sourceId":"ais_par3.84609","a_type":5120,"hectares":0.082}},{"type":"Feature","id":"ais_par3.84610","geometry":{"type":"Polygon","coordinates":[[[12.161,55.4328],[12.1606,55.433],[12.1608,55.4332],[12.1612,55.4331],[12.161,55.4328]]]},"properties":{"sourceId":"ais_par3.84610","a_type":5120,"hectares":0.084}},{"type":"Feature","id":"ais_par3.84611","geometry":{"type":"Polygon","coordinates":[[[12.1236,55.4289],[12.1232,55.429],[12.1235,55.4292],[12.1238,55.4291],[12.1236,55.4289]]]},"properties":{"sourceId":"ais_par3.84611","a_type":5120,"hectares":0.06}},{"type":"Feature","id":"ais_par3.84612","geometry":{"type":"Polygon","coordinates":[[[12.1418,55.4305],[12.1412,55.4304],[12.1411,55.4306],[12.1416,55.4307],[12.1418,55.4305]]]},"properties":{"sourceId":"ais_par3.84612","a_type":5120,"hectares":0.073}},{"type":"Feature","id":"ais_par3.84613","geometry":{"type":"Polygon","coordinates":[[[12.0965,55.4275],[12.097,55.4275],[12.097,55.4274],[12.0966,55.4274],[12.0965,55.4275]]]},"properties":{"sourceId":"ais_par3.84613","a_type":5120,"hectares":0.028}},{"type":"Feature","id":"ais_par3.84614","geometry":{"type":"Polygon","coordinates":[[[12.0916,55.4179],[12.0917,55.4178],[12.0918,55.4177],[12.092,55.4177],[12.0919,55.4176],[12.0917,55.4175],[12.0915,55.4174],[12.0914,55.4175],[12.0914,55.4177],[12.0916,55.4179]]]},"properties":{"sourceId":"ais_par3.84614","a_type":5120,"hectares":0.1}},{"type":"Feature","id":"ais_par3.84615","geometry":{"type":"Polygon","coordinates":[[[12.0889,55.419],[12.0884,55.419],[12.0887,55.4191],[12.0887,55.4191],[12.0889,55.419]]]},"properties":{"sourceId":"ais_par3.84615","a_type":5120,"hectares":0.02}},{"type":"Feature","id":"ais_par3.84616","geometry":{"type":"Polygon","coordinates":[[[12.0938,55.4213],[12.0936,55.4215],[12.0937,55.4216],[12.0939,55.4215],[12.0938,55.4213]]]},"properties":{"sourceId":"ais_par3.84616","a_type":5120,"hectares":0.038}},{"type":"Feature","id":"ais_par3.84617","geometry":{"type":"Polygon","coordinates":[[[12.0917,55.4198],[12.0917,55.4199],[12.0918,55.4199],[12.092,55.4199],[12.0921,55.4198],[12.092,55.4197],[12.0919,55.4197],[12.0917,55.4198]]]},"properties":{"sourceId":"ais_par3.84617","a_type":5120,"hectares":0.042}},{"type":"Feature","id":"ais_par3.84618","geometry":{"type":"Polygon","coordinates":[[[12.0877,55.4182],[12.0875,55.4183],[12.0875,55.4185],[12.0879,55.4187],[12.0877,55.4182]]]},"properties":{"sourceId":"ais_par3.84618","a_type":5120,"hectares":0.055}},{"type":"Feature","id":"ais_par3.84619","geometry":{"type":"Polygon","coordinates":[[[12.0884,55.4181],[12.0886,55.4182],[12.0887,55.418],[12.0885,55.418],[12.0884,55.4181]]]},"properties":{"sourceId":"ais_par3.84619","a_type":5120,"hectares":0.023}},{"type":"Feature","id":"ais_par3.84620","geometry":{"type":"Polygon","coordinates":[[[12.0958,55.4203],[12.0963,55.4203],[12.0961,55.4201],[12.096,55.4201],[12.0958,55.4202],[12.0958,55.4203]]]},"properties":{"sourceId":"ais_par3.84620","a_type":5120,"hectares":0.048}},{"type":"Feature","id":"ais_par3.84621","geometry":{"type":"Polygon","coordinates":[[[12.1054,55.4304],[12.1057,55.4304],[12.1056,55.4303],[12.1055,55.4303],[12.1054,55.4304]]]},"properties":{"sourceId":"ais_par3.84621","a_type":5120,"hectares":0.017}},{"type":"Feature","id":"ais_par3.84622","geometry":{"type":"Polygon","coordinates":[[[12.1062,55.4241],[12.1063,55.4242],[12.1066,55.4241],[12.1069,55.4241],[12.1071,55.424],[12.1072,55.4239],[12.1069,55.424],[12.1068,55.4239],[12.1065,55.4239],[12.1062,55.4241]]]},"properties":{"sourceId":"ais_par3.84622","a_type":5120,"hectares":0.125}},{"type":"Feature","id":"ais_par3.84623","geometry":{"type":"Polygon","coordinates":[[[12.1107,55.4259],[12.1104,55.4258],[12.1103,55.4259],[12.1104,55.426],[12.1106,55.4261],[12.1107,55.4259]]]},"properties":{"sourceId":"ais_par3.84623","a_type":5120,"hectares":0.041}},{"type":"Feature","id":"ais_par3.84624","geometry":{"type":"Polygon","coordinates":[[[12.099,55.4173],[12.0992,55.4173],[12.0994,55.4168],[12.0992,55.4168],[12.099,55.4173]]]},"properties":{"sourceId":"ais_par3.84624","a_type":5120,"hectares":0.074}},{"type":"Feature","id":"ais_par3.84625","geometry":{"type":"Polygon","coordinates":[[[12.1105,55.4201],[12.1103,55.4199],[12.1101,55.4199],[12.1104,55.4202],[12.1105,55.4201]]]},"properties":{"sourceId":"ais_par3.84625","a_type":5120,"hectares":0.039}},{"type":"Feature","id":"ais_par3.84626","geometry":{"type":"Polygon","coordinates":[[[12.1099,55.4211],[12.1096,55.4212],[12.1097,55.4214],[12.11,55.4213],[12.1099,55.4211]]]},"properties":{"sourceId":"ais_par3.84626","a_type":5120,"hectares":0.042}},{"type":"Feature","id":"ais_par3.84627","geometry":{"type":"Polygon","coordinates":[[[12.1151,55.425],[12.1149,55.4251],[12.1151,55.4252],[12.1153,55.4252],[12.1151,55.425]]]},"properties":{"sourceId":"ais_par3.84627","a_type":5120,"hectares":0.045}},{"type":"Feature","id":"ais_par3.84628","geometry":{"type":"Polygon","coordinates":[[[12.116,55.4216],[12.1163,55.4216],[12.1162,55.4214],[12.1159,55.4214],[12.116,55.4216]]]},"properties":{"sourceId":"ais_par3.84628","a_type":5120,"hectares":0.047}},{"type":"Feature","id":"ais_par3.84629","geometry":{"type":"Polygon","coordinates":[[[12.1249,55.4246],[12.1245,55.4245],[12.1244,55.4247],[12.1248,55.4247],[12.1249,55.4246]]]},"properties":{"sourceId":"ais_par3.84629","a_type":5120,"hectares":0.041}},{"type":"Feature","id":"ais_par3.84630","geometry":{"type":"Polygon","coordinates":[[[12.1321,55.4231],[12.1324,55.4232],[12.1325,55.4231],[12.1321,55.423],[12.1321,55.4231]]]},"properties":{"sourceId":"ais_par3.84630","a_type":5120,"hectares":0.036}},{"type":"Feature","id":"ais_par3.84631","geometry":{"type":"Polygon","coordinates":[[[12.1316,55.4229],[12.1319,55.423],[12.1321,55.4228],[12.1319,55.4228],[12.1318,55.4229],[12.1317,55.4228],[12.1316,55.4229]]]},"properties":{"sourceId":"ais_par3.84631","a_type":5120,"hectares":0.022}},{"type":"Feature","id":"ais_par3.84632","geometry":{"type":"Polygon","coordinates":[[[12.133,55.4257],[12.133,55.4256],[12.133,55.4256],[12.133,55.4255],[12.133,55.4254],[12.1329,55.4255],[12.1329,55.4256],[12.133,55.4257]]]},"properties":{"sourceId":"ais_par3.84632","a_type":5120,"hectares":0.011}},{"type":"Feature","id":"ais_par3.84633","geometry":{"type":"Polygon","coordinates":[[[12.13,55.4282],[12.13,55.4282],[12.1301,55.4282],[12.1302,55.4283],[12.1302,55.4284],[12.1304,55.4284],[12.1305,55.4284],[12.1305,55.4284],[12.1306,55.4283],[12.1307,55.4282],[12.1308,55.4282],[12.1308,55.4282],[12.1309,55.4282],[12.1309,55.4281],[12.1309,55.4281],[12.1308,55.4281],[12.1306,55.428],[12.1305,55.428],[12.1304,55.4281],[12.1303,55.4281],[12.1302,55.4282],[12.1302,55.4282],[12.13,55.4282]]]},"properties":{"sourceId":"ais_par3.84633","a_type":5120,"hectares":0.12}},{"type":"Feature","id":"ais_par3.84634","geometry":{"type":"Polygon","coordinates":[[[12.1405,55.4258],[12.1402,55.4259],[12.1402,55.4261],[12.1405,55.426],[12.1405,55.4258]]]},"properties":{"sourceId":"ais_par3.84634","a_type":5120,"hectares":0.039}},{"type":"Feature","id":"ais_par3.84635","geometry":{"type":"Polygon","coordinates":[[[12.1317,55.4187],[12.1314,55.4187],[12.1314,55.4188],[12.1316,55.4188],[12.1317,55.4187]]]},"properties":{"sourceId":"ais_par3.84635","a_type":5120,"hectares":0.027}},{"type":"Feature","id":"ais_par3.84636","geometry":{"type":"Polygon","coordinates":[[[12.1409,55.4209],[12.1407,55.4209],[12.1408,55.4211],[12.141,55.4211],[12.1409,55.4209]]]},"properties":{"sourceId":"ais_par3.84636","a_type":5120,"hectares":0.03}},{"type":"Feature","id":"ais_par3.84637","geometry":{"type":"Polygon","coordinates":[[[12.1451,55.4157],[12.1448,55.4157],[12.1447,55.4159],[12.145,55.4159],[12.1451,55.4157]]]},"properties":{"sourceId":"ais_par3.84637","a_type":5120,"hectares":0.04}},{"type":"Feature","id":"ais_par3.84638","geometry":{"type":"Polygon","coordinates":[[[12.1596,55.4246],[12.1594,55.4245],[12.159,55.4246],[12.1592,55.4247],[12.1596,55.4246]]]},"properties":{"sourceId":"ais_par3.84638","a_type":5120,"hectares":0.05}},{"type":"Feature","id":"ais_par3.84639","geometry":{"type":"Polygon","coordinates":[[[12.0695,55.4112],[12.0697,55.4109],[12.0693,55.4109],[12.0692,55.411],[12.0695,55.4112]]]},"properties":{"sourceId":"ais_par3.84639","a_type":5120,"hectares":0.047}},{"type":"Feature","id":"ais_par3.84640","geometry":{"type":"Polygon","coordinates":[[[12.0746,55.4074],[12.0739,55.4075],[12.074,55.4077],[12.0747,55.4076],[12.0746,55.4074]]]},"properties":{"sourceId":"ais_par3.84640","a_type":5120,"hectares":0.098}},{"type":"Feature","id":"ais_par3.84641","geometry":{"type":"Polygon","coordinates":[[[12.0651,55.41],[12.0654,55.4098],[12.0652,55.4095],[12.0647,55.4095],[12.0651,55.41]]]},"properties":{"sourceId":"ais_par3.84641","a_type":5120,"hectares":0.116}},{"type":"Feature","id":"ais_par3.84642","geometry":{"type":"Polygon","coordinates":[[[12.0637,55.408],[12.0638,55.408],[12.0638,55.4078],[12.0635,55.4077],[12.0637,55.408]]]},"properties":{"sourceId":"ais_par3.84642","a_type":5120,"hectares":0.036}},{"type":"Feature","id":"ais_par3.84643","geometry":{"type":"Polygon","coordinates":[[[12.0804,55.4136],[12.0808,55.4135],[12.0808,55.4133],[12.0804,55.4134],[12.0804,55.4136]]]},"properties":{"sourceId":"ais_par3.84643","a_type":5120,"hectares":0.046}},{"type":"Feature","id":"ais_par3.84644","geometry":{"type":"Polygon","coordinates":[[[12.075,55.4094],[12.0749,55.4093],[12.0744,55.4094],[12.0745,55.4095],[12.075,55.4094]]]},"properties":{"sourceId":"ais_par3.84644","a_type":5120,"hectares":0.045}},{"type":"Feature","id":"ais_par3.84645","geometry":{"type":"Polygon","coordinates":[[[12.0773,55.4043],[12.0778,55.4042],[12.0778,55.4041],[12.0773,55.4042],[12.0773,55.4043]]]},"properties":{"sourceId":"ais_par3.84645","a_type":5120,"hectares":0.026}},{"type":"Feature","id":"ais_par3.84646","geometry":{"type":"Polygon","coordinates":[[[12.0957,55.4157],[12.0958,55.4156],[12.0957,55.4154],[12.0955,55.4153],[12.0956,55.4156],[12.0957,55.4157]]]},"properties":{"sourceId":"ais_par3.84646","a_type":5120,"hectares":0.044}},{"type":"Feature","id":"ais_par3.84647","geometry":{"type":"Polygon","coordinates":[[[12.1006,55.4132],[12.1005,55.413],[12.1003,55.4131],[12.1003,55.4132],[12.1004,55.4133],[12.1006,55.4132]]]},"properties":{"sourceId":"ais_par3.84647","a_type":5120,"hectares":0.038}},{"type":"Feature","id":"ais_par3.84648","geometry":{"type":"Polygon","coordinates":[[[12.0865,55.4065],[12.0863,55.4064],[12.0859,55.4066],[12.086,55.4067],[12.0864,55.4067],[12.0865,55.4065]]]},"properties":{"sourceId":"ais_par3.84648","a_type":5120,"hectares":0.066}},{"type":"Feature","id":"ais_par3.84649","geometry":{"type":"Polygon","coordinates":[[[12.0846,55.4044],[12.0846,55.4043],[12.0845,55.4043],[12.0844,55.4044],[12.0844,55.4045],[12.0846,55.4045],[12.0846,55.4044]]]},"properties":{"sourceId":"ais_par3.84649","a_type":5120,"hectares":0.024}},{"type":"Feature","id":"ais_par3.84650","geometry":{"type":"Polygon","coordinates":[[[12.0913,55.4099],[12.0911,55.4096],[12.091,55.4096],[12.0909,55.4098],[12.0911,55.41],[12.0913,55.4099]]]},"properties":{"sourceId":"ais_par3.84650","a_type":5120,"hectares":0.071}},{"type":"Feature","id":"ais_par3.84651","geometry":{"type":"Polygon","coordinates":[[[12.0943,55.4042],[12.0941,55.4042],[12.094,55.4043],[12.0943,55.4043],[12.0943,55.4042]]]},"properties":{"sourceId":"ais_par3.84651","a_type":5120,"hectares":0.018}},{"type":"Feature","id":"ais_par3.84652","geometry":{"type":"Polygon","coordinates":[[[12.1116,55.4091],[12.1113,55.4092],[12.1115,55.4094],[12.1118,55.4092],[12.1116,55.4091]]]},"properties":{"sourceId":"ais_par3.84652","a_type":5120,"hectares":0.047}},{"type":"Feature","id":"ais_par3.84653","geometry":{"type":"Polygon","coordinates":[[[12.1124,55.4081],[12.1118,55.4084],[12.1121,55.4085],[12.1126,55.4083],[12.1124,55.4081]]]},"properties":{"sourceId":"ais_par3.84653","a_type":5120,"hectares":0.1}},{"type":"Feature","id":"ais_par3.84654","geometry":{"type":"Polygon","coordinates":[[[12.1115,55.4147],[12.111,55.4149],[12.1112,55.4151],[12.1116,55.415],[12.1115,55.4147]]]},"properties":{"sourceId":"ais_par3.84654","a_type":5120,"hectares":0.091}},{"type":"Feature","id":"ais_par3.84655","geometry":{"type":"Polygon","coordinates":[[[12.1098,55.4166],[12.1094,55.4165],[12.1093,55.4166],[12.1096,55.4167],[12.1098,55.4166]]]},"properties":{"sourceId":"ais_par3.84655","a_type":5120,"hectares":0.042}},{"type":"Feature","id":"ais_par3.84656","geometry":{"type":"Polygon","coordinates":[[[12.1209,55.403],[12.121,55.4032],[12.121,55.4034],[12.1209,55.4034],[12.1209,55.4036],[12.121,55.4037],[12.1212,55.4038],[12.1215,55.4038],[12.1213,55.4031],[12.1209,55.403]]]},"properties":{"sourceId":"ais_par3.84656","a_type":5120,"hectares":0.238}},{"type":"Feature","id":"ais_par3.84657","geometry":{"type":"Polygon","coordinates":[[[12.1235,55.4065],[12.1235,55.4064],[12.1233,55.4063],[12.1232,55.4065],[12.1235,55.4065]]]},"properties":{"sourceId":"ais_par3.84657","a_type":5120,"hectares":0.02}},{"type":"Feature","id":"ais_par3.84658","geometry":{"type":"Polygon","coordinates":[[[12.1238,55.4057],[12.1236,55.4056],[12.1235,55.4056],[12.1236,55.4057],[12.1238,55.4057]]]},"properties":{"sourceId":"ais_par3.84658","a_type":5120,"hectares":0.02}},{"type":"Feature","id":"ais_par3.84659","geometry":{"type":"Polygon","coordinates":[[[12.1282,55.406],[12.1278,55.4061],[12.1283,55.4067],[12.1286,55.4066],[12.1282,55.406]]]},"properties":{"sourceId":"ais_par3.84659","a_type":5120,"hectares":0.195}},{"type":"Feature","id":"ais_par3.84660","geometry":{"type":"Polygon","coordinates":[[[12.1266,55.4068],[12.1263,55.4069],[12.1265,55.4071],[12.1268,55.407],[12.1266,55.4068]]]},"properties":{"sourceId":"ais_par3.84660","a_type":5120,"hectares":0.053}},{"type":"Feature","id":"ais_par3.84661","geometry":{"type":"Polygon","coordinates":[[[12.1316,55.4103],[12.1312,55.4105],[12.1314,55.4106],[12.1318,55.4105],[12.1316,55.4103]]]},"properties":{"sourceId":"ais_par3.84661","a_type":5120,"hectares":0.053}},{"type":"Feature","id":"ais_par3.84662","geometry":{"type":"Polygon","coordinates":[[[12.1345,55.4044],[12.1342,55.4044],[12.1339,55.4044],[12.1339,55.4045],[12.1344,55.4045],[12.1345,55.4044]]]},"properties":{"sourceId":"ais_par3.84662","a_type":5120,"hectares":0.048}},{"type":"Feature","id":"ais_par3.84663","geometry":{"type":"Polygon","coordinates":[[[12.1404,55.4073],[12.1402,55.4074],[12.1404,55.4078],[12.1407,55.4077],[12.1404,55.4073]]]},"properties":{"sourceId":"ais_par3.84663","a_type":5120,"hectares":0.082}},{"type":"Feature","id":"ais_par3.84664","geometry":{"type":"Polygon","coordinates":[[[12.1446,55.4109],[12.1443,55.411],[12.1444,55.4112],[12.1447,55.4111],[12.1446,55.4109]]]},"properties":{"sourceId":"ais_par3.84664","a_type":5120,"hectares":0.05}},{"type":"Feature","id":"ais_par3.84665","geometry":{"type":"Polygon","coordinates":[[[12.1426,55.402],[12.1422,55.4022],[12.1423,55.4023],[12.1428,55.4022],[12.1426,55.402]]]},"properties":{"sourceId":"ais_par3.84665","a_type":5120,"hectares":0.07}},{"type":"Feature","id":"ais_par3.84666","geometry":{"type":"Polygon","coordinates":[[[12.1567,55.407],[12.1565,55.4071],[12.1566,55.4072],[12.157,55.4071],[12.1567,55.407]]]},"properties":{"sourceId":"ais_par3.84666","a_type":5120,"hectares":0.045}},{"type":"Feature","id":"ais_par3.84667","geometry":{"type":"Polygon","coordinates":[[[12.1571,55.4144],[12.157,55.4146],[12.1572,55.4146],[12.1571,55.4144]]]},"properties":{"sourceId":"ais_par3.84667","a_type":5120,"hectares":0.019}},{"type":"Feature","id":"ais_par3.84668","geometry":{"type":"Polygon","coordinates":[[[12.1577,55.4026],[12.1574,55.4027],[12.1576,55.403],[12.1578,55.4029],[12.1577,55.4026]]]},"properties":{"sourceId":"ais_par3.84668","a_type":5120,"hectares":0.05}},{"type":"Feature","id":"ais_par3.84669","geometry":{"type":"Polygon","coordinates":[[[12.1524,55.4027],[12.1522,55.4029],[12.1523,55.4031],[12.1524,55.403],[12.1524,55.4027]]]},"properties":{"sourceId":"ais_par3.84669","a_type":5120,"hectares":0.039}},{"type":"Feature","id":"ais_par3.84670","geometry":{"type":"Polygon","coordinates":[[[12.0466,55.396],[12.0465,55.3958],[12.0462,55.3959],[12.0464,55.396],[12.0466,55.396]]]},"properties":{"sourceId":"ais_par3.84670","a_type":5120,"hectares":0.038}},{"type":"Feature","id":"ais_par3.84671","geometry":{"type":"Polygon","coordinates":[[[12.055,55.3996],[12.0547,55.3997],[12.0549,55.3999],[12.0552,55.3998],[12.055,55.3996]]]},"properties":{"sourceId":"ais_par3.84671","a_type":5120,"hectares":0.043}},{"type":"Feature","id":"ais_par3.84672","geometry":{"type":"Polygon","coordinates":[[[12.0542,55.3966],[12.0541,55.3967],[12.054,55.3968],[12.0543,55.3968],[12.0542,55.3966]]]},"properties":{"sourceId":"ais_par3.84672","a_type":5120,"hectares":0.027}},{"type":"Feature","id":"ais_par3.84673","geometry":{"type":"Polygon","coordinates":[[[12.0575,55.3983],[12.0577,55.3982],[12.0577,55.398],[12.0574,55.3981],[12.0575,55.3983]]]},"properties":{"sourceId":"ais_par3.84673","a_type":5120,"hectares":0.028}},{"type":"Feature","id":"ais_par3.84674","geometry":{"type":"Polygon","coordinates":[[[12.0672,55.3971],[12.0676,55.397],[12.0675,55.3967],[12.0672,55.3969],[12.0672,55.3971]]]},"properties":{"sourceId":"ais_par3.84674","a_type":5120,"hectares":0.075}},{"type":"Feature","id":"ais_par3.84675","geometry":{"type":"Polygon","coordinates":[[[12.0634,55.396],[12.0638,55.3959],[12.0634,55.3956],[12.0632,55.3956],[12.0634,55.396]]]},"properties":{"sourceId":"ais_par3.84675","a_type":5120,"hectares":0.086}},{"type":"Feature","id":"ais_par3.84676","geometry":{"type":"Polygon","coordinates":[[[12.0604,55.4033],[12.0605,55.4031],[12.0605,55.403],[12.0603,55.4029],[12.06,55.4028],[12.0604,55.4033]]]},"properties":{"sourceId":"ais_par3.84676","a_type":5120,"hectares":0.093}},{"type":"Feature","id":"ais_par3.84677","geometry":{"type":"Polygon","coordinates":[[[12.0614,55.4044],[12.0617,55.4043],[12.0617,55.4042],[12.0615,55.4042],[12.0614,55.4043],[12.0614,55.4044]]]},"properties":{"sourceId":"ais_par3.84677","a_type":5120,"hectares":0.04}},{"type":"Feature","id":"ais_par3.84678","geometry":{"type":"Polygon","coordinates":[[[12.0654,55.4006],[12.0658,55.4005],[12.0658,55.4003],[12.0655,55.4004],[12.0654,55.4006]]]},"properties":{"sourceId":"ais_par3.84678","a_type":5120,"hectares":0.045}},{"type":"Feature","id":"ais_par3.84679","geometry":{"type":"Polygon","coordinates":[[[12.0719,55.4037],[12.0721,55.4039],[12.0722,55.4039],[12.0723,55.4038],[12.0723,55.4035],[12.0719,55.4037]]]},"properties":{"sourceId":"ais_par3.84679","a_type":5120,"hectares":0.071}},{"type":"Feature","id":"ais_par3.84680","geometry":{"type":"Polygon","coordinates":[[[12.0701,55.4025],[12.0704,55.4024],[12.0704,55.4023],[12.0702,55.4022],[12.0699,55.4022],[12.0699,55.4023],[12.0701,55.4025]]]},"properties":{"sourceId":"ais_par3.84680","a_type":5120,"hectares":0.084}},{"type":"Feature","id":"ais_par3.84681","geometry":{"type":"Polygon","coordinates":[[[12.0727,55.403],[12.073,55.403],[12.073,55.4028],[12.0727,55.4029],[12.0727,55.4029],[12.0727,55.403]]]},"properties":{"sourceId":"ais_par3.84681","a_type":5120,"hectares":0.024}},{"type":"Feature","id":"ais_par3.84682","geometry":{"type":"Polygon","coordinates":[[[12.0736,55.4018],[12.0734,55.402],[12.0735,55.4021],[12.0737,55.4021],[12.0736,55.4018]]]},"properties":{"sourceId":"ais_par3.84682","a_type":5120,"hectares":0.041}},{"type":"Feature","id":"ais_par3.84683","geometry":{"type":"Polygon","coordinates":[[[12.0654,55.4018],[12.0657,55.4016],[12.0657,55.4015],[12.0654,55.4016],[12.0653,55.4017],[12.0654,55.4018]]]},"properties":{"sourceId":"ais_par3.84683","a_type":5120,"hectares":0.034}},{"type":"Feature","id":"ais_par3.84684","geometry":{"type":"Polygon","coordinates":[[[12.0627,55.4001],[12.0631,55.4],[12.0631,55.3999],[12.0628,55.3998],[12.0627,55.4],[12.0627,55.4001]]]},"properties":{"sourceId":"ais_par3.84684","a_type":5120,"hectares":0.054}},{"type":"Feature","id":"ais_par3.84685","geometry":{"type":"Polygon","coordinates":[[[12.0733,55.3969],[12.073,55.3968],[12.0727,55.3968],[12.0728,55.397],[12.0733,55.3969]]]},"properties":{"sourceId":"ais_par3.84685","a_type":5120,"hectares":0.047}},{"type":"Feature","id":"ais_par3.84686","geometry":{"type":"Polygon","coordinates":[[[12.0757,55.3978],[12.0763,55.3978],[12.0764,55.3976],[12.0759,55.3975],[12.0757,55.3978]]]},"properties":{"sourceId":"ais_par3.84686","a_type":5120,"hectares":0.084}},{"type":"Feature","id":"ais_par3.84687","geometry":{"type":"Polygon","coordinates":[[[12.076,55.3953],[12.0761,55.3951],[12.076,55.395],[12.0755,55.3951],[12.0756,55.3953],[12.076,55.3953]]]},"properties":{"sourceId":"ais_par3.84687","a_type":5120,"hectares":0.077}},{"type":"Feature","id":"ais_par3.84688","geometry":{"type":"Polygon","coordinates":[[[12.0786,55.3979],[12.0786,55.3979],[12.0782,55.3978],[12.0783,55.3981],[12.0786,55.3979]]]},"properties":{"sourceId":"ais_par3.84688","a_type":5120,"hectares":0.04}},{"type":"Feature","id":"ais_par3.84689","geometry":{"type":"Polygon","coordinates":[[[12.0826,55.4001],[12.0827,55.3998],[12.0826,55.3997],[12.0821,55.3998],[12.0824,55.4001],[12.0826,55.4001]]]},"properties":{"sourceId":"ais_par3.84689","a_type":5120,"hectares":0.098}},{"type":"Feature","id":"ais_par3.84690","geometry":{"type":"Polygon","coordinates":[[[12.0887,55.3974],[12.089,55.3972],[12.0887,55.3971],[12.0886,55.3972],[12.0887,55.3974]]]},"properties":{"sourceId":"ais_par3.84690","a_type":5120,"hectares":0.033}},{"type":"Feature","id":"ais_par3.84691","geometry":{"type":"Polygon","coordinates":[[[12.0835,55.3971],[12.0834,55.397],[12.0834,55.397],[12.0832,55.3969],[12.0831,55.3969],[12.0832,55.3972],[12.0833,55.3973],[12.0835,55.3971]]]},"properties":{"sourceId":"ais_par3.84691","a_type":5120,"hectares":0.063}},{"type":"Feature","id":"ais_par3.84692","geometry":{"type":"Polygon","coordinates":[[[12.0861,55.3962],[12.0859,55.396],[12.0858,55.396],[12.0857,55.3961],[12.0858,55.3963],[12.0861,55.3962]]]},"properties":{"sourceId":"ais_par3.84692","a_type":5120,"hectares":0.052}},{"type":"Feature","id":"ais_par3.84693","geometry":{"type":"Polygon","coordinates":[[[12.0827,55.3946],[12.083,55.3945],[12.083,55.3944],[12.0829,55.3943],[12.0828,55.3944],[12.0826,55.3945],[12.0827,55.3946]]]},"properties":{"sourceId":"ais_par3.84693","a_type":5120,"hectares":0.039}},{"type":"Feature","id":"ais_par3.84694","geometry":{"type":"Polygon","coordinates":[[[12.0923,55.399],[12.0927,55.3989],[12.0928,55.3988],[12.0925,55.3986],[12.0923,55.3987],[12.0923,55.399]]]},"properties":{"sourceId":"ais_par3.84694","a_type":5120,"hectares":0.09}},{"type":"Feature","id":"ais_par3.84695","geometry":{"type":"Polygon","coordinates":[[[12.0896,55.3965],[12.0901,55.3968],[12.0902,55.3965],[12.0896,55.3965]]]},"properties":{"sourceId":"ais_par3.84695","a_type":5120,"hectares":0.055}},{"type":"Feature","id":"ais_par3.84696","geometry":{"type":"Polygon","coordinates":[[[12.0841,55.4016],[12.0841,55.4019],[12.0843,55.4018],[12.0842,55.4017],[12.0841,55.4016]]]},"properties":{"sourceId":"ais_par3.84696","a_type":5120,"hectares":0.021}},{"type":"Feature","id":"ais_par3.84697","geometry":{"type":"Polygon","coordinates":[[[12.0974,55.3966],[12.0976,55.3966],[12.0978,55.3966],[12.0977,55.3963],[12.0976,55.3964],[12.0974,55.3966]]]},"properties":{"sourceId":"ais_par3.84697","a_type":5120,"hectares":0.039}},{"type":"Feature","id":"ais_par3.84698","geometry":{"type":"Polygon","coordinates":[[[12.1026,55.4016],[12.1029,55.4015],[12.1029,55.4013],[12.1028,55.4013],[12.1026,55.4016]]]},"properties":{"sourceId":"ais_par3.84698","a_type":5120,"hectares":0.037}},{"type":"Feature","id":"ais_par3.84699","geometry":{"type":"Polygon","coordinates":[[[12.1064,55.3971],[12.1066,55.3969],[12.1063,55.3969],[12.1063,55.3969],[12.1064,55.3971]]]},"properties":{"sourceId":"ais_par3.84699","a_type":5120,"hectares":0.027}},{"type":"Feature","id":"ais_par3.84700","geometry":{"type":"Polygon","coordinates":[[[12.1319,55.4008],[12.1323,55.4015],[12.1326,55.4017],[12.1331,55.4016],[12.1332,55.4013],[12.1332,55.4012],[12.133,55.4013],[12.1326,55.4011],[12.1323,55.401],[12.1322,55.4009],[12.132,55.4008],[12.1319,55.4008]]]},"properties":{"sourceId":"ais_par3.84700","a_type":5120,"hectares":0.342}},{"type":"Feature","id":"ais_par3.84701","geometry":{"type":"Polygon","coordinates":[[[12.1307,55.4003],[12.1306,55.4006],[12.1305,55.4008],[12.1301,55.4009],[12.1301,55.401],[12.1304,55.401],[12.1306,55.4009],[12.1308,55.4008],[12.1309,55.4007],[12.131,55.4006],[12.131,55.4006],[12.131,55.4004],[12.131,55.4004],[12.1309,55.4004],[12.1307,55.4003]]]},"properties":{"sourceId":"ais_par3.84701","a_type":5120,"hectares":0.175}},{"type":"Feature","id":"ais_par3.84702","geometry":{"type":"Polygon","coordinates":[[[12.1333,55.4028],[12.1331,55.4027],[12.1329,55.4028],[12.1331,55.4029],[12.1333,55.4028]]]},"properties":{"sourceId":"ais_par3.84702","a_type":5120,"hectares":0.034}},{"type":"Feature","id":"ais_par3.84703","geometry":{"type":"Polygon","coordinates":[[[12.1355,55.4012],[12.1353,55.4013],[12.1354,55.4015],[12.1357,55.4015],[12.1355,55.4012]]]},"properties":{"sourceId":"ais_par3.84703","a_type":5120,"hectares":0.039}},{"type":"Feature","id":"ais_par3.84704","geometry":{"type":"Polygon","coordinates":[[[12.1336,55.3941],[12.1337,55.3941],[12.1333,55.394],[12.1332,55.3941],[12.1336,55.3941]]]},"properties":{"sourceId":"ais_par3.84704","a_type":5120,"hectares":0.03}},{"type":"Feature","id":"ais_par3.84705","geometry":{"type":"Polygon","coordinates":[[[12.1412,55.3943],[12.1409,55.3944],[12.141,55.3946],[12.1413,55.3945],[12.1412,55.3943]]]},"properties":{"sourceId":"ais_par3.84705","a_type":5120,"hectares":0.049}},{"type":"Feature","id":"ais_par3.84706","geometry":{"type":"Polygon","coordinates":[[[12.1452,55.3952],[12.1449,55.3953],[12.1452,55.3955],[12.1452,55.3952]]]},"properties":{"sourceId":"ais_par3.84706","a_type":5120,"hectares":0.031}},{"type":"Feature","id":"ais_par3.84707","geometry":{"type":"Polygon","coordinates":[[[12.1575,55.3976],[12.1578,55.3977],[12.1578,55.3973],[12.1575,55.3973],[12.1575,55.3976]]]},"properties":{"sourceId":"ais_par3.84707","a_type":5120,"hectares":0.077}},{"type":"Feature","id":"ais_par3.84708","geometry":{"type":"Polygon","coordinates":[[[12.1577,55.3949],[12.1576,55.3947],[12.1573,55.3948],[12.1572,55.3949],[12.1577,55.3949]]]},"properties":{"sourceId":"ais_par3.84708","a_type":5120,"hectares":0.047}},{"type":"Feature","id":"ais_par3.84709","geometry":{"type":"Polygon","coordinates":[[[12.1585,55.3976],[12.1585,55.3974],[12.1583,55.3974],[12.1583,55.3975],[12.1581,55.3975],[12.1581,55.3975],[12.1583,55.3975],[12.1583,55.3976],[12.1585,55.3976]]]},"properties":{"sourceId":"ais_par3.84709","a_type":5120,"hectares":0.04}},{"type":"Feature","id":"ais_par3.84710","geometry":{"type":"Polygon","coordinates":[[[12.1576,55.3936],[12.1573,55.3937],[12.1574,55.3939],[12.1576,55.3938],[12.1576,55.3936]]]},"properties":{"sourceId":"ais_par3.84710","a_type":5120,"hectares":0.028}},{"type":"Feature","id":"ais_par3.84711","geometry":{"type":"Polygon","coordinates":[[[12.1545,55.3937],[12.1542,55.3938],[12.1543,55.394],[12.1545,55.3939],[12.1545,55.3937]]]},"properties":{"sourceId":"ais_par3.84711","a_type":5120,"hectares":0.044}},{"type":"Feature","id":"ais_par3.84712","geometry":{"type":"Polygon","coordinates":[[[12.1374,55.3947],[12.1374,55.3946],[12.1368,55.3946],[12.1367,55.3946],[12.137,55.3946],[12.1371,55.3947],[12.1374,55.3947]]]},"properties":{"sourceId":"ais_par3.84712","a_type":5120,"hectares":0.053}},{"type":"Feature","id":"ais_par3.84713","geometry":{"type":"Polygon","coordinates":[[[12.0514,55.3937],[12.0515,55.3939],[12.0517,55.3939],[12.0517,55.3936],[12.0514,55.3937]]]},"properties":{"sourceId":"ais_par3.84713","a_type":5120,"hectares":0.042}},{"type":"Feature","id":"ais_par3.84714","geometry":{"type":"Polygon","coordinates":[[[12.0576,55.3921],[12.0576,55.3924],[12.0579,55.3924],[12.0579,55.3922],[12.0576,55.3921]]]},"properties":{"sourceId":"ais_par3.84714","a_type":5120,"hectares":0.055}},{"type":"Feature","id":"ais_par3.84715","geometry":{"type":"Polygon","coordinates":[[[12.055,55.3888],[12.0547,55.3888],[12.0547,55.389],[12.055,55.389],[12.055,55.3888]]]},"properties":{"sourceId":"ais_par3.84715","a_type":5120,"hectares":0.045}},{"type":"Feature","id":"ais_par3.84716","geometry":{"type":"Polygon","coordinates":[[[12.0617,55.3906],[12.0612,55.3906],[12.0613,55.3909],[12.0618,55.3909],[12.0617,55.3906]]]},"properties":{"sourceId":"ais_par3.84716","a_type":5120,"hectares":0.097}},{"type":"Feature","id":"ais_par3.84717","geometry":{"type":"Polygon","coordinates":[[[12.0655,55.3892],[12.0651,55.3893],[12.0651,55.3894],[12.0656,55.3893],[12.0655,55.3892]]]},"properties":{"sourceId":"ais_par3.84717","a_type":5120,"hectares":0.052}},{"type":"Feature","id":"ais_par3.84718","geometry":{"type":"Polygon","coordinates":[[[12.0674,55.3892],[12.0675,55.3894],[12.0679,55.3894],[12.0678,55.3893],[12.0674,55.3892]]]},"properties":{"sourceId":"ais_par3.84718","a_type":5120,"hectares":0.042}},{"type":"Feature","id":"ais_par3.84719","geometry":{"type":"Polygon","coordinates":[[[12.068,55.3865],[12.0681,55.3868],[12.0684,55.3868],[12.0683,55.3866],[12.068,55.3865]]]},"properties":{"sourceId":"ais_par3.84719","a_type":5120,"hectares":0.051}},{"type":"Feature","id":"ais_par3.84720","geometry":{"type":"Polygon","coordinates":[[[12.0657,55.3931],[12.0661,55.3932],[12.0665,55.3931],[12.066,55.393],[12.0657,55.3931]]]},"properties":{"sourceId":"ais_par3.84720","a_type":5120,"hectares":0.055}},{"type":"Feature","id":"ais_par3.84721","geometry":{"type":"Polygon","coordinates":[[[12.0757,55.3933],[12.0763,55.3932],[12.0762,55.393],[12.0757,55.3931],[12.0757,55.3933]]]},"properties":{"sourceId":"ais_par3.84721","a_type":5120,"hectares":0.069}},{"type":"Feature","id":"ais_par3.84722","geometry":{"type":"Polygon","coordinates":[[[12.0763,55.3881],[12.0765,55.3882],[12.0766,55.3882],[12.0765,55.388],[12.0763,55.3881]]]},"properties":{"sourceId":"ais_par3.84722","a_type":5120,"hectares":0.029}},{"type":"Feature","id":"ais_par3.84723","geometry":{"type":"Polygon","coordinates":[[[12.0829,55.3938],[12.0831,55.3938],[12.083,55.3935],[12.0827,55.3936],[12.0829,55.3938]]]},"properties":{"sourceId":"ais_par3.84723","a_type":5120,"hectares":0.047}},{"type":"Feature","id":"ais_par3.84724","geometry":{"type":"Polygon","coordinates":[[[12.0971,55.3927],[12.0975,55.3927],[12.0975,55.3926],[12.0971,55.3926],[12.0971,55.3927]]]},"properties":{"sourceId":"ais_par3.84724","a_type":5120,"hectares":0.023}},{"type":"Feature","id":"ais_par3.84725","geometry":{"type":"Polygon","coordinates":[[[12.1005,55.3897],[12.1004,55.39],[12.1008,55.39],[12.1007,55.3898],[12.1005,55.3897]]]},"properties":{"sourceId":"ais_par3.84725","a_type":5120,"hectares":0.051}},{"type":"Feature","id":"ais_par3.84726","geometry":{"type":"Polygon","coordinates":[[[12.105,55.3927],[12.1054,55.3927],[12.1053,55.3925],[12.105,55.3927]]]},"properties":{"sourceId":"ais_par3.84726","a_type":5120,"hectares":0.025}},{"type":"Feature","id":"ais_par3.84727","geometry":{"type":"Polygon","coordinates":[[[12.1092,55.3906],[12.1099,55.3908],[12.11,55.3906],[12.1095,55.3905],[12.1092,55.3906]]]},"properties":{"sourceId":"ais_par3.84727","a_type":5120,"hectares":0.078}},{"type":"Feature","id":"ais_par3.84728","geometry":{"type":"Polygon","coordinates":[[[12.113,55.388],[12.1128,55.3881],[12.1129,55.3883],[12.1132,55.3882],[12.113,55.388]]]},"properties":{"sourceId":"ais_par3.84728","a_type":5120,"hectares":0.035}},{"type":"Feature","id":"ais_par3.84729","geometry":{"type":"Polygon","coordinates":[[[12.107,55.3878],[12.1072,55.3877],[12.1074,55.3876],[12.107,55.3876],[12.1069,55.3876],[12.107,55.3878]]]},"properties":{"sourceId":"ais_par3.84729","a_type":5120,"hectares":0.047}},{"type":"Feature","id":"ais_par3.84730","geometry":{"type":"Polygon","coordinates":[[[12.1226,55.3927],[12.1229,55.3927],[12.1231,55.3927],[12.1233,55.3927],[12.1233,55.3926],[12.1233,55.3925],[12.1232,55.3924],[12.1227,55.3924],[12.1226,55.3927]]]},"properties":{"sourceId":"ais_par3.84730","a_type":5120,"hectares":0.134}},{"type":"Feature","id":"ais_par3.84731","geometry":{"type":"Polygon","coordinates":[[[12.1363,55.3917],[12.1363,55.3918],[12.1366,55.3919],[12.1367,55.3917],[12.1363,55.3917]]]},"properties":{"sourceId":"ais_par3.84731","a_type":5120,"hectares":0.036}},{"type":"Feature","id":"ais_par3.84732","geometry":{"type":"Polygon","coordinates":[[[12.1414,55.3913],[12.1414,55.3916],[12.142,55.3916],[12.142,55.3913],[12.1414,55.3913]]]},"properties":{"sourceId":"ais_par3.84732","a_type":5120,"hectares":0.113}},{"type":"Feature","id":"ais_par3.84733","geometry":{"type":"Polygon","coordinates":[[[12.1518,55.3902],[12.1517,55.3904],[12.1521,55.3904],[12.1521,55.3902],[12.1518,55.3902]]]},"properties":{"sourceId":"ais_par3.84733","a_type":5120,"hectares":0.043}},{"type":"Feature","id":"ais_par3.84734","geometry":{"type":"Polygon","coordinates":[[[12.1463,55.3867],[12.146,55.3868],[12.1462,55.387],[12.1466,55.3869],[12.1463,55.3867]]]},"properties":{"sourceId":"ais_par3.84734","a_type":5120,"hectares":0.066}},{"type":"Feature","id":"ais_par3.84735","geometry":{"type":"Polygon","coordinates":[[[12.0658,55.3791],[12.0655,55.3791],[12.0654,55.3794],[12.0658,55.3795],[12.0658,55.3791]]]},"properties":{"sourceId":"ais_par3.84735","a_type":5120,"hectares":0.072}},{"type":"Feature","id":"ais_par3.84736","geometry":{"type":"Polygon","coordinates":[[[12.0716,55.377],[12.0713,55.377],[12.0711,55.3774],[12.0716,55.3774],[12.0716,55.377]]]},"properties":{"sourceId":"ais_par3.84736","a_type":5120,"hectares":0.1}},{"type":"Feature","id":"ais_par3.84737","geometry":{"type":"Polygon","coordinates":[[[12.0643,55.3789],[12.064,55.3789],[12.0639,55.3792],[12.0643,55.3792],[12.0643,55.3789]]]},"properties":{"sourceId":"ais_par3.84737","a_type":5120,"hectares":0.061}},{"type":"Feature","id":"ais_par3.84738","geometry":{"type":"Polygon","coordinates":[[[12.0673,55.3773],[12.0674,55.3775],[12.0678,55.3775],[12.0673,55.3773]]]},"properties":{"sourceId":"ais_par3.84738","a_type":5120,"hectares":0.028}},{"type":"Feature","id":"ais_par3.84739","geometry":{"type":"Polygon","coordinates":[[[12.0678,55.3816],[12.0676,55.382],[12.0677,55.382],[12.0679,55.3817],[12.0678,55.3816]]]},"properties":{"sourceId":"ais_par3.84739","a_type":5120,"hectares":0.048}},{"type":"Feature","id":"ais_par3.84740","geometry":{"type":"Polygon","coordinates":[[[12.0718,55.3834],[12.0715,55.3835],[12.0715,55.3837],[12.0719,55.3837],[12.0718,55.3834]]]},"properties":{"sourceId":"ais_par3.84740","a_type":5120,"hectares":0.067}},{"type":"Feature","id":"ais_par3.84741","geometry":{"type":"Polygon","coordinates":[[[12.0852,55.3846],[12.085,55.3847],[12.0851,55.3849],[12.0853,55.3848],[12.0853,55.3847],[12.0852,55.3846]]]},"properties":{"sourceId":"ais_par3.84741","a_type":5120,"hectares":0.036}},{"type":"Feature","id":"ais_par3.84742","geometry":{"type":"Polygon","coordinates":[[[12.0856,55.3811],[12.0854,55.3811],[12.0853,55.3813],[12.0856,55.3813],[12.0856,55.3811]]]},"properties":{"sourceId":"ais_par3.84742","a_type":5120,"hectares":0.033}},{"type":"Feature","id":"ais_par3.84743","geometry":{"type":"Polygon","coordinates":[[[12.0935,55.3776],[12.0938,55.3774],[12.0935,55.3773],[12.0935,55.3776]]]},"properties":{"sourceId":"ais_par3.84743","a_type":5120,"hectares":0.024}},{"type":"Feature","id":"ais_par3.84744","geometry":{"type":"Polygon","coordinates":[[[12.0908,55.3728],[12.0904,55.3729],[12.0905,55.3731],[12.0908,55.373],[12.0908,55.3728]]]},"properties":{"sourceId":"ais_par3.84744","a_type":5120,"hectares":0.049}},{"type":"Feature","id":"ais_par3.84745","geometry":{"type":"Polygon","coordinates":[[[12.0912,55.3743],[12.0914,55.3743],[12.0913,55.3742],[12.0911,55.3742],[12.0912,55.3743]]]},"properties":{"sourceId":"ais_par3.84745","a_type":5120,"hectares":0.024}},{"type":"Feature","id":"ais_par3.84746","geometry":{"type":"Polygon","coordinates":[[[12.0999,55.3869],[12.1001,55.387],[12.1004,55.3869],[12.1002,55.3867],[12.0999,55.3869]]]},"properties":{"sourceId":"ais_par3.84746","a_type":5120,"hectares":0.06}},{"type":"Feature","id":"ais_par3.84747","geometry":{"type":"Polygon","coordinates":[[[12.1024,55.3856],[12.1026,55.3856],[12.1027,55.3856],[12.1026,55.3854],[12.1024,55.3856]]]},"properties":{"sourceId":"ais_par3.84747","a_type":5120,"hectares":0.018}},{"type":"Feature","id":"ais_par3.84748","geometry":{"type":"Polygon","coordinates":[[[12.1014,55.3851],[12.1017,55.3851],[12.1018,55.385],[12.1015,55.385],[12.1014,55.3851],[12.1014,55.3851]]]},"properties":{"sourceId":"ais_par3.84748","a_type":5120,"hectares":0.027}},{"type":"Feature","id":"ais_par3.84749","geometry":{"type":"Polygon","coordinates":[[[12.1001,55.3768],[12.1005,55.3769],[12.1005,55.3766],[12.1002,55.3767],[12.1001,55.3768]]]},"properties":{"sourceId":"ais_par3.84749","a_type":5120,"hectares":0.049}},{"type":"Feature","id":"ais_par3.84750","geometry":{"type":"Polygon","coordinates":[[[12.1019,55.375],[12.1022,55.3753],[12.1024,55.3752],[12.1023,55.375],[12.1019,55.375]]]},"properties":{"sourceId":"ais_par3.84750","a_type":5120,"hectares":0.054}},{"type":"Feature","id":"ais_par3.84751","geometry":{"type":"Polygon","coordinates":[[[12.0987,55.3729],[12.0985,55.373],[12.0987,55.3731],[12.0988,55.373],[12.0988,55.3729],[12.0987,55.3729]]]},"properties":{"sourceId":"ais_par3.84751","a_type":5120,"hectares":0.031}},{"type":"Feature","id":"ais_par3.84752","geometry":{"type":"Polygon","coordinates":[[[12.1092,55.3787],[12.1094,55.3787],[12.1093,55.3786],[12.1092,55.3787],[12.1092,55.3787]]]},"properties":{"sourceId":"ais_par3.84752","a_type":5120,"hectares":0.006}},{"type":"Feature","id":"ais_par3.84753","geometry":{"type":"Polygon","coordinates":[[[12.1146,55.3864],[12.1149,55.3865],[12.1151,55.3862],[12.1148,55.3862],[12.1146,55.3864]]]},"properties":{"sourceId":"ais_par3.84753","a_type":5120,"hectares":0.056}},{"type":"Feature","id":"ais_par3.84754","geometry":{"type":"Polygon","coordinates":[[[12.1107,55.3828],[12.1106,55.3829],[12.1107,55.383],[12.1109,55.383],[12.1109,55.3828],[12.1107,55.3828]]]},"properties":{"sourceId":"ais_par3.84754","a_type":5120,"hectares":0.039}},{"type":"Feature","id":"ais_par3.84755","geometry":{"type":"Polygon","coordinates":[[[12.1126,55.3758],[12.113,55.376],[12.113,55.3758],[12.1127,55.3758],[12.1126,55.3758]]]},"properties":{"sourceId":"ais_par3.84755","a_type":5120,"hectares":0.033}},{"type":"Feature","id":"ais_par3.84756","geometry":{"type":"Polygon","coordinates":[[[12.1187,55.3783],[12.1189,55.3785],[12.1193,55.3784],[12.1191,55.3782],[12.1187,55.3783]]]},"properties":{"sourceId":"ais_par3.84756","a_type":5120,"hectares":0.07}},{"type":"Feature","id":"ais_par3.84757","geometry":{"type":"Polygon","coordinates":[[[12.1133,55.3783],[12.1131,55.3783],[12.1129,55.3784],[12.1129,55.3786],[12.1134,55.3784],[12.1133,55.3783]]]},"properties":{"sourceId":"ais_par3.84757","a_type":5120,"hectares":0.062}},{"type":"Feature","id":"ais_par3.84758","geometry":{"type":"Polygon","coordinates":[[[12.1158,55.3745],[12.1156,55.3746],[12.1157,55.3747],[12.1159,55.3747],[12.1158,55.3745]]]},"properties":{"sourceId":"ais_par3.84758","a_type":5120,"hectares":0.031}},{"type":"Feature","id":"ais_par3.84759","geometry":{"type":"Polygon","coordinates":[[[12.1407,55.3772],[12.1404,55.3773],[12.1405,55.3774],[12.1408,55.3773],[12.1408,55.3773],[12.1407,55.3772]]]},"properties":{"sourceId":"ais_par3.84759","a_type":5120,"hectares":0.039}},{"type":"Feature","id":"ais_par3.84760","geometry":{"type":"Polygon","coordinates":[[[12.1351,55.3861],[12.1348,55.3862],[12.1349,55.3864],[12.1352,55.3864],[12.1351,55.3861]]]},"properties":{"sourceId":"ais_par3.84760","a_type":5120,"hectares":0.055}},{"type":"Feature","id":"ais_par3.84761","geometry":{"type":"Polygon","coordinates":[[[12.1477,55.3805],[12.1482,55.3801],[12.1479,55.38],[12.1475,55.3804],[12.1475,55.3806],[12.1477,55.3805]]]},"properties":{"sourceId":"ais_par3.84761","a_type":5120,"hectares":0.126}},{"type":"Feature","id":"ais_par3.84762","geometry":{"type":"Polygon","coordinates":[[[12.1612,55.3897],[12.161,55.3896],[12.1609,55.3896],[12.1609,55.3897],[12.1612,55.3897]]]},"properties":{"sourceId":"ais_par3.84762","a_type":5120,"hectares":0.02}},{"type":"Feature","id":"ais_par3.84763","geometry":{"type":"Polygon","coordinates":[[[12.1701,55.3817],[12.1704,55.3817],[12.1703,55.3814],[12.1701,55.3815],[12.1701,55.3817]]]},"properties":{"sourceId":"ais_par3.84763","a_type":5120,"hectares":0.026}},{"type":"Feature","id":"ais_par3.84764","geometry":{"type":"Polygon","coordinates":[[[12.1681,55.382],[12.1683,55.382],[12.1682,55.3818],[12.168,55.3818],[12.1681,55.382]]]},"properties":{"sourceId":"ais_par3.84764","a_type":5120,"hectares":0.023}},{"type":"Feature","id":"ais_par3.84765","geometry":{"type":"Polygon","coordinates":[[[12.1608,55.3926],[12.161,55.3925],[12.161,55.3924],[12.1608,55.3925],[12.1608,55.3926]]]},"properties":{"sourceId":"ais_par3.84765","a_type":5120,"hectares":0.025}},{"type":"Feature","id":"ais_par3.84766","geometry":{"type":"Polygon","coordinates":[[[12.1646,55.3928],[12.165,55.3927],[12.1649,55.3926],[12.1646,55.3927],[12.1646,55.3928]]]},"properties":{"sourceId":"ais_par3.84766","a_type":5120,"hectares":0.032}},{"type":"Feature","id":"ais_par3.84767","geometry":{"type":"Polygon","coordinates":[[[12.1688,55.3925],[12.169,55.3923],[12.1691,55.3921],[12.1689,55.3921],[12.1687,55.3922],[12.1688,55.3925]]]},"properties":{"sourceId":"ais_par3.84767","a_type":5120,"hectares":0.059}},{"type":"Feature","id":"ais_par3.84768","geometry":{"type":"Polygon","coordinates":[[[12.1803,55.3918],[12.1807,55.3916],[12.1807,55.3915],[12.1804,55.3915],[12.1802,55.3916],[12.1803,55.3918]]]},"properties":{"sourceId":"ais_par3.84768","a_type":5120,"hectares":0.061}},{"type":"Feature","id":"ais_par3.84769","geometry":{"type":"Polygon","coordinates":[[[12.1823,55.388],[12.1819,55.3883],[12.1818,55.3889],[12.1826,55.3887],[12.183,55.3886],[12.1828,55.3884],[12.1827,55.3883],[12.1826,55.3881],[12.1823,55.388]]]},"properties":{"sourceId":"ais_par3.84769","a_type":5120,"hectares":0.38}},{"type":"Feature","id":"ais_par3.84770","geometry":{"type":"Polygon","coordinates":[[[12.1864,55.3851],[12.186,55.3853],[12.186,55.3855],[12.1861,55.3857],[12.1864,55.3857],[12.1867,55.3857],[12.1881,55.3858],[12.1883,55.3855],[12.1875,55.3851],[12.187,55.3852],[12.1864,55.3851]]]},"properties":{"sourceId":"ais_par3.84770","a_type":5120,"hectares":0.804}},{"type":"Feature","id":"ais_par3.84771","geometry":{"type":"Polygon","coordinates":[[[12.1827,55.3874],[12.183,55.3875],[12.1835,55.3871],[12.183,55.3871],[12.1827,55.3874]]]},"properties":{"sourceId":"ais_par3.84771","a_type":5120,"hectares":0.12}},{"type":"Feature","id":"ais_par3.84772","geometry":{"type":"Polygon","coordinates":[[[12.1801,55.3864],[12.1804,55.3865],[12.1805,55.3864],[12.1804,55.3863],[12.1801,55.3864]]]},"properties":{"sourceId":"ais_par3.84772","a_type":5120,"hectares":0.036}},{"type":"Feature","id":"ais_par3.84773","geometry":{"type":"Polygon","coordinates":[[[12.1815,55.3855],[12.1816,55.3856],[12.1819,55.3855],[12.1818,55.3854],[12.1815,55.3855]]]},"properties":{"sourceId":"ais_par3.84773","a_type":5120,"hectares":0.039}},{"type":"Feature","id":"ais_par3.84774","geometry":{"type":"Polygon","coordinates":[[[12.1876,55.3904],[12.1877,55.3906],[12.188,55.3905],[12.1879,55.3904],[12.1876,55.3904]]]},"properties":{"sourceId":"ais_par3.84774","a_type":5120,"hectares":0.035}},{"type":"Feature","id":"ais_par3.84775","geometry":{"type":"Polygon","coordinates":[[[12.1793,55.3891],[12.1795,55.3892],[12.18,55.389],[12.1799,55.3889],[12.1793,55.3891]]]},"properties":{"sourceId":"ais_par3.84775","a_type":5120,"hectares":0.061}},{"type":"Feature","id":"ais_par3.84776","geometry":{"type":"Polygon","coordinates":[[[12.169,55.5091],[12.1687,55.5091],[12.1688,55.5093],[12.1691,55.5093],[12.169,55.5091]]]},"properties":{"sourceId":"ais_par3.84776","a_type":5120,"hectares":0.035}},{"type":"Feature","id":"ais_par3.84777","geometry":{"type":"Polygon","coordinates":[[[12.1773,55.5103],[12.1772,55.5103],[12.177,55.5102],[12.1769,55.5102],[12.1769,55.5103],[12.177,55.5103],[12.1773,55.5103]]]},"properties":{"sourceId":"ais_par3.84777","a_type":5120,"hectares":0.028}},{"type":"Feature","id":"ais_par3.84778","geometry":{"type":"Polygon","coordinates":[[[12.1819,55.5094],[12.1818,55.5094],[12.1818,55.5095],[12.1821,55.5096],[12.1822,55.5097],[12.1823,55.5096],[12.1823,55.5095],[12.1822,55.5094],[12.1822,55.5093],[12.1823,55.5092],[12.1823,55.5092],[12.1822,55.509],[12.1819,55.5091],[12.1818,55.5092],[12.1819,55.5093],[12.1819,55.5094]]]},"properties":{"sourceId":"ais_par3.84778","a_type":5120,"hectares":0.167}},{"type":"Feature","id":"ais_par3.84779","geometry":{"type":"Polygon","coordinates":[[[12.1883,55.5083],[12.1877,55.5083],[12.1878,55.5085],[12.1884,55.5085],[12.1883,55.5083]]]},"properties":{"sourceId":"ais_par3.84779","a_type":5120,"hectares":0.058}},{"type":"Feature","id":"ais_par3.84780","geometry":{"type":"Polygon","coordinates":[[[12.1856,55.5063],[12.1851,55.5064],[12.1848,55.5063],[12.1844,55.5062],[12.1843,55.5061],[12.1842,55.506],[12.1837,55.5061],[12.1835,55.5063],[12.1836,55.5066],[12.1841,55.5067],[12.1845,55.5068],[12.1855,55.5065],[12.1856,55.5063]]]},"properties":{"sourceId":"ais_par3.84780","a_type":5120,"hectares":0.636}},{"type":"Feature","id":"ais_par3.84781","geometry":{"type":"Polygon","coordinates":[[[12.197,55.4969],[12.1972,55.4968],[12.197,55.4967],[12.1968,55.4967],[12.197,55.4969]]]},"properties":{"sourceId":"ais_par3.84781","a_type":5120,"hectares":0.034}},{"type":"Feature","id":"ais_par3.84782","geometry":{"type":"Polygon","coordinates":[[[12.1949,55.5002],[12.1946,55.5002],[12.1947,55.5004],[12.195,55.5004],[12.1949,55.5002]]]},"properties":{"sourceId":"ais_par3.84782","a_type":5120,"hectares":0.044}},{"type":"Feature","id":"ais_par3.84783","geometry":{"type":"Polygon","coordinates":[[[12.1707,55.4783],[12.1712,55.4782],[12.1711,55.478],[12.1707,55.478],[12.1704,55.478],[12.1707,55.4783]]]},"properties":{"sourceId":"ais_par3.84783","a_type":5120,"hectares":0.124}},{"type":"Feature","id":"ais_par3.84784","geometry":{"type":"Polygon","coordinates":[[[12.1687,55.493],[12.1688,55.493],[12.1691,55.4929],[12.1691,55.4928],[12.169,55.4928],[12.1688,55.4929],[12.1687,55.493]]]},"properties":{"sourceId":"ais_par3.84784","a_type":5120,"hectares":0.044}},{"type":"Feature","id":"ais_par3.84785","geometry":{"type":"Polygon","coordinates":[[[12.169,55.4606],[12.1684,55.4606],[12.1684,55.4607],[12.1689,55.4608],[12.169,55.4606]]]},"properties":{"sourceId":"ais_par3.84785","a_type":5120,"hectares":0.05}},{"type":"Feature","id":"ais_par3.84786","geometry":{"type":"Polygon","coordinates":[[[12.1676,55.4583],[12.168,55.4583],[12.168,55.4582],[12.1677,55.4581],[12.1676,55.4583]]]},"properties":{"sourceId":"ais_par3.84786","a_type":5120,"hectares":0.036}},{"type":"Feature","id":"ais_par3.84787","geometry":{"type":"Polygon","coordinates":[[[12.1733,55.459],[12.1729,55.4589],[12.1728,55.459],[12.1733,55.4592],[12.1733,55.459]]]},"properties":{"sourceId":"ais_par3.84787","a_type":5120,"hectares":0.051}},{"type":"Feature","id":"ais_par3.84788","geometry":{"type":"Polygon","coordinates":[[[12.1944,55.4474],[12.1943,55.4474],[12.1944,55.4474],[12.1945,55.4474],[12.1946,55.4474],[12.1946,55.4474],[12.1946,55.4473],[12.1946,55.4473],[12.1946,55.4473],[12.1945,55.4473],[12.1945,55.4473],[12.1945,55.4473],[12.1944,55.4474],[12.1944,55.4474]]]},"properties":{"sourceId":"ais_par3.84788","a_type":5120,"hectares":0.02}},{"type":"Feature","id":"ais_par3.84789","geometry":{"type":"Polygon","coordinates":[[[12.192,55.4402],[12.1921,55.4404],[12.1926,55.4403],[12.1927,55.44],[12.192,55.4402]]]},"properties":{"sourceId":"ais_par3.84789","a_type":5120,"hectares":0.087}},{"type":"Feature","id":"ais_par3.84790","geometry":{"type":"Polygon","coordinates":[[[12.1881,55.44],[12.1882,55.44],[12.1883,55.4395],[12.1882,55.4395],[12.1881,55.44]]]},"properties":{"sourceId":"ais_par3.84790","a_type":5120,"hectares":0.05}},{"type":"Feature","id":"ais_par3.84791","geometry":{"type":"Polygon","coordinates":[[[12.1824,55.4353],[12.1824,55.4353],[12.1824,55.4353],[12.1825,55.4353],[12.1825,55.4352],[12.1824,55.4352],[12.1823,55.4352],[12.1823,55.4352],[12.1823,55.4353],[12.1823,55.4353],[12.1824,55.4353]]]},"properties":{"sourceId":"ais_par3.84791","a_type":5120,"hectares":0.013}},{"type":"Feature","id":"ais_par3.84792","geometry":{"type":"Polygon","coordinates":[[[12.1847,55.4371],[12.1848,55.437],[12.1848,55.437],[12.1849,55.4369],[12.1847,55.4369],[12.1846,55.4369],[12.1845,55.437],[12.1845,55.4371],[12.1846,55.4371],[12.1847,55.4371]]]},"properties":{"sourceId":"ais_par3.84792","a_type":5120,"hectares":0.029}},{"type":"Feature","id":"ais_par3.84793","geometry":{"type":"Polygon","coordinates":[[[12.1731,55.4341],[12.1727,55.4341],[12.1727,55.4342],[12.1731,55.4343],[12.1731,55.4341]]]},"properties":{"sourceId":"ais_par3.84793","a_type":5120,"hectares":0.051}},{"type":"Feature","id":"ais_par3.84794","geometry":{"type":"Polygon","coordinates":[[[12.1725,55.4368],[12.1722,55.4368],[12.1721,55.4369],[12.1725,55.437],[12.1725,55.4368]]]},"properties":{"sourceId":"ais_par3.84794","a_type":5120,"hectares":0.055}},{"type":"Feature","id":"ais_par3.84795","geometry":{"type":"Polygon","coordinates":[[[12.1844,55.4319],[12.1839,55.4318],[12.1839,55.4319],[12.1843,55.432],[12.1844,55.4319]]]},"properties":{"sourceId":"ais_par3.84795","a_type":5120,"hectares":0.059}},{"type":"Feature","id":"ais_par3.84796","geometry":{"type":"Polygon","coordinates":[[[12.1804,55.4307],[12.1801,55.4306],[12.18,55.4308],[12.1803,55.4309],[12.1804,55.4307]]]},"properties":{"sourceId":"ais_par3.84796","a_type":5120,"hectares":0.049}},{"type":"Feature","id":"ais_par3.84797","geometry":{"type":"Polygon","coordinates":[[[12.1846,55.4307],[12.185,55.4308],[12.185,55.4306],[12.1847,55.4305],[12.1846,55.4307]]]},"properties":{"sourceId":"ais_par3.84797","a_type":5120,"hectares":0.044}},{"type":"Feature","id":"ais_par3.84798","geometry":{"type":"Polygon","coordinates":[[[12.1646,55.4343],[12.165,55.4342],[12.165,55.4341],[12.1646,55.4343]]]},"properties":{"sourceId":"ais_par3.84798","a_type":5120,"hectares":0.024}},{"type":"Feature","id":"ais_par3.84799","geometry":{"type":"Polygon","coordinates":[[[12.1894,55.436],[12.1892,55.4357],[12.1891,55.4358],[12.1892,55.4359],[12.1894,55.436]]]},"properties":{"sourceId":"ais_par3.84799","a_type":5120,"hectares":0.03}},{"type":"Feature","id":"ais_par3.84800","geometry":{"type":"Polygon","coordinates":[[[12.1883,55.4346],[12.188,55.4343],[12.1878,55.4343],[12.1879,55.4346],[12.1883,55.4346]]]},"properties":{"sourceId":"ais_par3.84800","a_type":5120,"hectares":0.055}},{"type":"Feature","id":"ais_par3.84801","geometry":{"type":"Polygon","coordinates":[[[12.1963,55.4284],[12.1967,55.4284],[12.1968,55.4282],[12.1965,55.4281],[12.1963,55.4284]]]},"properties":{"sourceId":"ais_par3.84801","a_type":5120,"hectares":0.057}},{"type":"Feature","id":"ais_par3.84802","geometry":{"type":"Polygon","coordinates":[[[12.1628,55.4197],[12.1629,55.4198],[12.1632,55.4199],[12.1634,55.4199],[12.1635,55.4198],[12.1632,55.4196],[12.1628,55.4197]]]},"properties":{"sourceId":"ais_par3.84802","a_type":5120,"hectares":0.09}},{"type":"Feature","id":"ais_par3.84803","geometry":{"type":"Polygon","coordinates":[[[12.1682,55.4181],[12.1684,55.4184],[12.1687,55.4184],[12.1689,55.418],[12.1686,55.418],[12.1682,55.4181]]]},"properties":{"sourceId":"ais_par3.84803","a_type":5120,"hectares":0.121}},{"type":"Feature","id":"ais_par3.84804","geometry":{"type":"Polygon","coordinates":[[[12.1712,55.4189],[12.1713,55.4189],[12.1715,55.4189],[12.1714,55.4187],[12.1711,55.4187],[12.1711,55.4188],[12.1712,55.4189]]]},"properties":{"sourceId":"ais_par3.84804","a_type":5120,"hectares":0.04}},{"type":"Feature","id":"ais_par3.84805","geometry":{"type":"Polygon","coordinates":[[[12.1746,55.4163],[12.1744,55.4164],[12.1745,55.4165],[12.1748,55.4165],[12.1746,55.4163]]]},"properties":{"sourceId":"ais_par3.84805","a_type":5120,"hectares":0.03}},{"type":"Feature","id":"ais_par3.84806","geometry":{"type":"Polygon","coordinates":[[[12.176,55.4184],[12.1764,55.4184],[12.1763,55.4181],[12.176,55.4182],[12.176,55.4184]]]},"properties":{"sourceId":"ais_par3.84806","a_type":5120,"hectares":0.057}},{"type":"Feature","id":"ais_par3.84807","geometry":{"type":"Polygon","coordinates":[[[12.1773,55.421],[12.177,55.421],[12.177,55.4212],[12.1774,55.4212],[12.1773,55.421]]]},"properties":{"sourceId":"ais_par3.84807","a_type":5120,"hectares":0.061}},{"type":"Feature","id":"ais_par3.84808","geometry":{"type":"Polygon","coordinates":[[[12.172,55.4267],[12.172,55.4269],[12.1722,55.427],[12.1723,55.4267],[12.172,55.4267]]]},"properties":{"sourceId":"ais_par3.84808","a_type":5120,"hectares":0.043}},{"type":"Feature","id":"ais_par3.84809","geometry":{"type":"Polygon","coordinates":[[[12.1739,55.4245],[12.1738,55.4248],[12.174,55.4248],[12.1741,55.4246],[12.1741,55.4246],[12.1739,55.4245]]]},"properties":{"sourceId":"ais_par3.84809","a_type":5120,"hectares":0.043}},{"type":"Feature","id":"ais_par3.84810","geometry":{"type":"Polygon","coordinates":[[[12.1721,55.4224],[12.1725,55.4226],[12.1726,55.4231],[12.1729,55.4228],[12.173,55.4226],[12.1721,55.4224]]]},"properties":{"sourceId":"ais_par3.84810","a_type":5120,"hectares":0.135}},{"type":"Feature","id":"ais_par3.84811","geometry":{"type":"Polygon","coordinates":[[[12.1691,55.4249],[12.169,55.425],[12.1693,55.4251],[12.1695,55.425],[12.1691,55.4249]]]},"properties":{"sourceId":"ais_par3.84811","a_type":5120,"hectares":0.031}},{"type":"Feature","id":"ais_par3.84812","geometry":{"type":"Polygon","coordinates":[[[12.1678,55.4248],[12.1679,55.4248],[12.168,55.4248],[12.1683,55.4247],[12.1682,55.4247],[12.1679,55.4246],[12.1678,55.4248]]]},"properties":{"sourceId":"ais_par3.84812","a_type":5120,"hectares":0.04}},{"type":"Feature","id":"ais_par3.84813","geometry":{"type":"Polygon","coordinates":[[[12.1781,55.4162],[12.1779,55.416],[12.1776,55.4161],[12.1773,55.4161],[12.1771,55.4166],[12.1776,55.4166],[12.1774,55.4163],[12.1781,55.4162]]]},"properties":{"sourceId":"ais_par3.84813","a_type":5120,"hectares":0.177}},{"type":"Feature","id":"ais_par3.84814","geometry":{"type":"Polygon","coordinates":[[[12.1814,55.4186],[12.1815,55.4188],[12.1818,55.4188],[12.1817,55.4186],[12.1814,55.4186]]]},"properties":{"sourceId":"ais_par3.84814","a_type":5120,"hectares":0.049}},{"type":"Feature","id":"ais_par3.84815","geometry":{"type":"Polygon","coordinates":[[[12.1814,55.4173],[12.1815,55.4176],[12.1818,55.4175],[12.1818,55.4174],[12.1814,55.4173]]]},"properties":{"sourceId":"ais_par3.84815","a_type":5120,"hectares":0.047}},{"type":"Feature","id":"ais_par3.84816","geometry":{"type":"Polygon","coordinates":[[[12.1867,55.4182],[12.1871,55.4184],[12.1872,55.4182],[12.1869,55.4181],[12.1867,55.4182]]]},"properties":{"sourceId":"ais_par3.84816","a_type":5120,"hectares":0.041}},{"type":"Feature","id":"ais_par3.84817","geometry":{"type":"Polygon","coordinates":[[[12.1851,55.4149],[12.1848,55.4149],[12.1848,55.4151],[12.1851,55.4151],[12.1851,55.4149]]]},"properties":{"sourceId":"ais_par3.84817","a_type":5120,"hectares":0.042}},{"type":"Feature","id":"ais_par3.84818","geometry":{"type":"Polygon","coordinates":[[[12.1987,55.424],[12.1992,55.424],[12.1993,55.4238],[12.1989,55.4238],[12.1987,55.424]]]},"properties":{"sourceId":"ais_par3.84818","a_type":5120,"hectares":0.072}},{"type":"Feature","id":"ais_par3.84819","geometry":{"type":"Polygon","coordinates":[[[12.2054,55.4199],[12.205,55.4199],[12.2049,55.4201],[12.2054,55.4201],[12.2054,55.4199]]]},"properties":{"sourceId":"ais_par3.84819","a_type":5120,"hectares":0.043}},{"type":"Feature","id":"ais_par3.84820","geometry":{"type":"Polygon","coordinates":[[[12.1938,55.4162],[12.1938,55.4163],[12.194,55.4165],[12.1944,55.4165],[12.1945,55.4164],[12.1939,55.4162],[12.1938,55.4162]]]},"properties":{"sourceId":"ais_par3.84820","a_type":5120,"hectares":0.086}},{"type":"Feature","id":"ais_par3.84821","geometry":{"type":"Polygon","coordinates":[[[12.1931,55.4159],[12.1927,55.4158],[12.1925,55.4156],[12.1923,55.4157],[12.1923,55.4158],[12.1926,55.4159],[12.1927,55.4159],[12.1931,55.4159]]]},"properties":{"sourceId":"ais_par3.84821","a_type":5120,"hectares":0.045}},{"type":"Feature","id":"ais_par3.84822","geometry":{"type":"Polygon","coordinates":[[[12.2112,55.4219],[12.2107,55.4219],[12.2107,55.4221],[12.2112,55.4221],[12.2112,55.4219]]]},"properties":{"sourceId":"ais_par3.84822","a_type":5120,"hectares":0.058}},{"type":"Feature","id":"ais_par3.84823","geometry":{"type":"Polygon","coordinates":[[[12.2058,55.4239],[12.2053,55.4238],[12.2053,55.4241],[12.2058,55.4241],[12.2058,55.4239]]]},"properties":{"sourceId":"ais_par3.84823","a_type":5120,"hectares":0.065}},{"type":"Feature","id":"ais_par3.84824","geometry":{"type":"Polygon","coordinates":[[[12.21,55.4224],[12.2097,55.4225],[12.2096,55.4226],[12.21,55.4226],[12.21,55.4224]]]},"properties":{"sourceId":"ais_par3.84824","a_type":5120,"hectares":0.048}},{"type":"Feature","id":"ais_par3.84825","geometry":{"type":"Polygon","coordinates":[[[12.2106,55.4199],[12.2101,55.4199],[12.2101,55.4201],[12.2106,55.4202],[12.2106,55.4199]]]},"properties":{"sourceId":"ais_par3.84825","a_type":5120,"hectares":0.092}},{"type":"Feature","id":"ais_par3.84826","geometry":{"type":"Polygon","coordinates":[[[12.2159,55.4271],[12.216,55.4271],[12.2162,55.4271],[12.2166,55.4269],[12.2168,55.4268],[12.2172,55.4265],[12.2175,55.4262],[12.2175,55.4262],[12.217,55.4261],[12.2169,55.4263],[12.2167,55.4264],[12.2164,55.4267],[12.2163,55.4269],[12.2159,55.4271]]]},"properties":{"sourceId":"ais_par3.84826","a_type":5120,"hectares":0.326}},{"type":"Feature","id":"ais_par3.84827","geometry":{"type":"Polygon","coordinates":[[[12.2177,55.4261],[12.2178,55.426],[12.2187,55.4256],[12.2188,55.4255],[12.219,55.4254],[12.219,55.4253],[12.2186,55.4252],[12.2183,55.4252],[12.2174,55.4259],[12.2176,55.426],[12.2177,55.4261]]]},"properties":{"sourceId":"ais_par3.84827","a_type":5120,"hectares":0.413}},{"type":"Feature","id":"ais_par3.84828","geometry":{"type":"Polygon","coordinates":[[[12.1769,55.4287],[12.1769,55.4289],[12.1774,55.4289],[12.1775,55.4288],[12.1769,55.4287]]]},"properties":{"sourceId":"ais_par3.84828","a_type":5120,"hectares":0.045}},{"type":"Feature","id":"ais_par3.84829","geometry":{"type":"Polygon","coordinates":[[[12.1707,55.4149],[12.1709,55.4149],[12.1711,55.4148],[12.1709,55.4147],[12.1707,55.4149]]]},"properties":{"sourceId":"ais_par3.84829","a_type":5120,"hectares":0.032}},{"type":"Feature","id":"ais_par3.84830","geometry":{"type":"Polygon","coordinates":[[[12.169,55.4134],[12.1692,55.4133],[12.1692,55.4132],[12.1689,55.4133],[12.169,55.4134]]]},"properties":{"sourceId":"ais_par3.84830","a_type":5120,"hectares":0.018}},{"type":"Feature","id":"ais_par3.84831","geometry":{"type":"Polygon","coordinates":[[[12.1663,55.4118],[12.1665,55.4117],[12.1665,55.4116],[12.1663,55.4116],[12.1663,55.4118]]]},"properties":{"sourceId":"ais_par3.84831","a_type":5120,"hectares":0.018}},{"type":"Feature","id":"ais_par3.84832","geometry":{"type":"Polygon","coordinates":[[[12.166,55.4079],[12.1663,55.408],[12.1664,55.4079],[12.1661,55.4078],[12.166,55.4079]]]},"properties":{"sourceId":"ais_par3.84832","a_type":5120,"hectares":0.024}},{"type":"Feature","id":"ais_par3.84833","geometry":{"type":"Polygon","coordinates":[[[12.169,55.4026],[12.1691,55.4028],[12.1692,55.4027],[12.169,55.4026]]]},"properties":{"sourceId":"ais_par3.84833","a_type":5120,"hectares":0.01}},{"type":"Feature","id":"ais_par3.84834","geometry":{"type":"Polygon","coordinates":[[[12.1854,55.4106],[12.185,55.4107],[12.185,55.4108],[12.1854,55.4108],[12.1854,55.4106]]]},"properties":{"sourceId":"ais_par3.84834","a_type":5120,"hectares":0.043}},{"type":"Feature","id":"ais_par3.84835","geometry":{"type":"Polygon","coordinates":[[[12.1933,55.4142],[12.1934,55.4144],[12.1937,55.4143],[12.1936,55.4142],[12.1933,55.4142]]]},"properties":{"sourceId":"ais_par3.84835","a_type":5120,"hectares":0.037}},{"type":"Feature","id":"ais_par3.84836","geometry":{"type":"Polygon","coordinates":[[[12.1933,55.4135],[12.1932,55.4133],[12.193,55.4134],[12.193,55.4136],[12.1933,55.4135]]]},"properties":{"sourceId":"ais_par3.84836","a_type":5120,"hectares":0.037}},{"type":"Feature","id":"ais_par3.84837","geometry":{"type":"Polygon","coordinates":[[[12.1934,55.4106],[12.1931,55.4106],[12.1931,55.4107],[12.1935,55.4107],[12.1934,55.4106]]]},"properties":{"sourceId":"ais_par3.84837","a_type":5120,"hectares":0.035}},{"type":"Feature","id":"ais_par3.84838","geometry":{"type":"Polygon","coordinates":[[[12.193,55.4096],[12.1929,55.4097],[12.1928,55.4098],[12.1931,55.4099],[12.193,55.4096]]]},"properties":{"sourceId":"ais_par3.84838","a_type":5120,"hectares":0.027}},{"type":"Feature","id":"ais_par3.84839","geometry":{"type":"Polygon","coordinates":[[[12.1904,55.4048],[12.1904,55.4045],[12.1902,55.4047],[12.1904,55.4048]]]},"properties":{"sourceId":"ais_par3.84839","a_type":5120,"hectares":0.028}},{"type":"Feature","id":"ais_par3.84840","geometry":{"type":"Polygon","coordinates":[[[12.1843,55.4051],[12.1842,55.4052],[12.1843,55.4054],[12.1846,55.4053],[12.1843,55.4051]]]},"properties":{"sourceId":"ais_par3.84840","a_type":5120,"hectares":0.041}},{"type":"Feature","id":"ais_par3.84841","geometry":{"type":"Polygon","coordinates":[[[12.1873,55.406],[12.1873,55.406],[12.1874,55.406],[12.1874,55.4059],[12.1873,55.406]]]},"properties":{"sourceId":"ais_par3.84841","a_type":5120,"hectares":0.01}},{"type":"Feature","id":"ais_par3.84842","geometry":{"type":"Polygon","coordinates":[[[12.1881,55.4039],[12.1884,55.4039],[12.1886,55.4038],[12.1883,55.4037],[12.1881,55.4039]]]},"properties":{"sourceId":"ais_par3.84842","a_type":5120,"hectares":0.041}},{"type":"Feature","id":"ais_par3.84843","geometry":{"type":"Polygon","coordinates":[[[12.1928,55.4039],[12.1931,55.404],[12.1932,55.4037],[12.1931,55.4037],[12.1928,55.4039]]]},"properties":{"sourceId":"ais_par3.84843","a_type":5120,"hectares":0.045}},{"type":"Feature","id":"ais_par3.84844","geometry":{"type":"Polygon","coordinates":[[[12.2004,55.4092],[12.2002,55.4092],[12.2002,55.4093],[12.2005,55.4093],[12.2005,55.4092],[12.2004,55.4092]]]},"properties":{"sourceId":"ais_par3.84844","a_type":5120,"hectares":0.026}},{"type":"Feature","id":"ais_par3.84845","geometry":{"type":"Polygon","coordinates":[[[12.1998,55.4101],[12.2001,55.41],[12.2,55.4099],[12.1998,55.41],[12.1998,55.4101]]]},"properties":{"sourceId":"ais_par3.84845","a_type":5120,"hectares":0.035}},{"type":"Feature","id":"ais_par3.84846","geometry":{"type":"Polygon","coordinates":[[[12.2005,55.4142],[12.2007,55.4143],[12.2009,55.4141],[12.2005,55.4141],[12.2005,55.4142]]]},"properties":{"sourceId":"ais_par3.84846","a_type":5120,"hectares":0.044}},{"type":"Feature","id":"ais_par3.84847","geometry":{"type":"Polygon","coordinates":[[[12.1992,55.4124],[12.1992,55.4126],[12.1994,55.4126],[12.1994,55.4125],[12.1992,55.4124]]]},"properties":{"sourceId":"ais_par3.84847","a_type":5120,"hectares":0.017}},{"type":"Feature","id":"ais_par3.84848","geometry":{"type":"Polygon","coordinates":[[[12.208,55.4152],[12.2078,55.4154],[12.2081,55.4155],[12.2082,55.4152],[12.208,55.4152]]]},"properties":{"sourceId":"ais_par3.84848","a_type":5120,"hectares":0.051}},{"type":"Feature","id":"ais_par3.84849","geometry":{"type":"Polygon","coordinates":[[[12.2079,55.411],[12.2076,55.411],[12.2076,55.4111],[12.208,55.4111],[12.2079,55.411]]]},"properties":{"sourceId":"ais_par3.84849","a_type":5120,"hectares":0.037}},{"type":"Feature","id":"ais_par3.84850","geometry":{"type":"Polygon","coordinates":[[[12.1658,55.3933],[12.1655,55.3933],[12.1659,55.3936],[12.1658,55.3933]]]},"properties":{"sourceId":"ais_par3.84850","a_type":5120,"hectares":0.029}},{"type":"Feature","id":"ais_par3.84851","geometry":{"type":"Polygon","coordinates":[[[12.1692,55.3942],[12.1687,55.3943],[12.169,55.3946],[12.1692,55.3945],[12.1692,55.3942]]]},"properties":{"sourceId":"ais_par3.84851","a_type":5120,"hectares":0.076}},{"type":"Feature","id":"ais_par3.84852","geometry":{"type":"Polygon","coordinates":[[[12.1608,55.3964],[12.1606,55.3964],[12.1606,55.3966],[12.1607,55.3966],[12.1608,55.3964]]]},"properties":{"sourceId":"ais_par3.84852","a_type":5120,"hectares":0.021}},{"type":"Feature","id":"ais_par3.84853","geometry":{"type":"Polygon","coordinates":[[[12.1632,55.3959],[12.1638,55.3961],[12.1639,55.3959],[12.1634,55.3958],[12.1633,55.3958],[12.1632,55.3959]]]},"properties":{"sourceId":"ais_par3.84853","a_type":5120,"hectares":0.067}},{"type":"Feature","id":"ais_par3.84854","geometry":{"type":"Polygon","coordinates":[[[12.1744,55.3947],[12.1744,55.3947],[12.1746,55.3948],[12.1747,55.3948],[12.1748,55.3946],[12.1747,55.3946],[12.1746,55.3946],[12.1744,55.3947]]]},"properties":{"sourceId":"ais_par3.84854","a_type":5120,"hectares":0.039}},{"type":"Feature","id":"ais_par3.84855","geometry":{"type":"Polygon","coordinates":[[[12.1733,55.3948],[12.1734,55.3948],[12.1731,55.3946],[12.1728,55.3945],[12.1728,55.3944],[12.1727,55.3945],[12.1727,55.3946],[12.173,55.3948],[12.1732,55.3949],[12.1733,55.3948]]]},"properties":{"sourceId":"ais_par3.84855","a_type":5120,"hectares":0.084}},{"type":"Feature","id":"ais_par3.84856","geometry":{"type":"Polygon","coordinates":[[[12.187,55.3966],[12.1868,55.3967],[12.187,55.3968],[12.187,55.3966]]]},"properties":{"sourceId":"ais_par3.84856","a_type":5120,"hectares":0.018}},{"type":"Feature","id":"ais_par3.84857","geometry":{"type":"Polygon","coordinates":[[[12.1776,55.3957],[12.1781,55.3956],[12.1782,55.3955],[12.178,55.3954],[12.1777,55.3955],[12.1776,55.3957]]]},"properties":{"sourceId":"ais_par3.84857","a_type":5120,"hectares":0.066}},{"type":"Feature","id":"ais_par3.84858","geometry":{"type":"Polygon","coordinates":[[[12.1743,55.3989],[12.1748,55.3989],[12.1748,55.3987],[12.1745,55.3986],[12.1743,55.3987],[12.1743,55.3988],[12.1743,55.3989]]]},"properties":{"sourceId":"ais_par3.84858","a_type":5120,"hectares":0.078}},{"type":"Feature","id":"ais_par3.84859","geometry":{"type":"Polygon","coordinates":[[[12.1833,55.4009],[12.1837,55.4009],[12.1838,55.4007],[12.1836,55.4005],[12.1835,55.4003],[12.1832,55.4003],[12.1833,55.4009]]]},"properties":{"sourceId":"ais_par3.84859","a_type":5120,"hectares":0.164}},{"type":"Feature","id":"ais_par3.84860","geometry":{"type":"Polygon","coordinates":[[[12.1715,55.4279],[12.1716,55.428],[12.1717,55.4278],[12.1716,55.4277],[12.1715,55.4279]]]},"properties":{"sourceId":"ais_par3.84860","a_type":5120,"hectares":0.016}},{"type":"Feature","id":"ais_par3.84861","geometry":{"type":"Polygon","coordinates":[[[12.1659,55.4331],[12.1663,55.4331],[12.1663,55.433],[12.1659,55.433],[12.1659,55.4331]]]},"properties":{"sourceId":"ais_par3.84861","a_type":5120,"hectares":0.031}},{"type":"Feature","id":"ais_par3.84862","geometry":{"type":"Polygon","coordinates":[[[12.1636,55.4114],[12.1637,55.4115],[12.164,55.4112],[12.1636,55.4114]]]},"properties":{"sourceId":"ais_par3.84862","a_type":5120,"hectares":0.027}},{"type":"Feature","id":"ais_par3.84863","geometry":{"type":"Polygon","coordinates":[[[12.164,55.4212],[12.1639,55.4213],[12.1642,55.4214],[12.1643,55.4212],[12.164,55.4212]]]},"properties":{"sourceId":"ais_par3.84863","a_type":5120,"hectares":0.041}},{"type":"Feature","id":"ais_par3.84864","geometry":{"type":"Polygon","coordinates":[[[12.1872,55.4012],[12.1871,55.401],[12.1867,55.4011],[12.1867,55.4013],[12.1872,55.4012]]]},"properties":{"sourceId":"ais_par3.84864","a_type":5120,"hectares":0.065}},{"type":"Feature","id":"ais_par3.84865","geometry":{"type":"Polygon","coordinates":[[[12.186,55.422],[12.1856,55.422],[12.1856,55.4222],[12.186,55.4222],[12.186,55.422]]]},"properties":{"sourceId":"ais_par3.84865","a_type":5120,"hectares":0.055}},{"type":"Feature","id":"ais_par3.84866","geometry":{"type":"Polygon","coordinates":[[[12.1953,55.4085],[12.1953,55.4084],[12.195,55.4084],[12.195,55.4085],[12.1953,55.4085]]]},"properties":{"sourceId":"ais_par3.84866","a_type":5120,"hectares":0.026}},{"type":"Feature","id":"ais_par3.84867","geometry":{"type":"Polygon","coordinates":[[[12.1808,55.4022],[12.1811,55.4021],[12.1811,55.4019],[12.1807,55.4021],[12.1808,55.4022]]]},"properties":{"sourceId":"ais_par3.84867","a_type":5120,"hectares":0.036}},{"type":"Feature","id":"ais_par3.84868","geometry":{"type":"Polygon","coordinates":[[[12.184,55.3961],[12.1841,55.3963],[12.1847,55.3961],[12.1844,55.396],[12.184,55.3961]]]},"properties":{"sourceId":"ais_par3.84868","a_type":5120,"hectares":0.095}},{"type":"Feature","id":"ais_par3.84869","geometry":{"type":"Polygon","coordinates":[[[12.1789,55.4155],[12.1789,55.4157],[12.1792,55.4157],[12.1792,55.4155],[12.1789,55.4155]]]},"properties":{"sourceId":"ais_par3.84869","a_type":5120,"hectares":0.051}},{"type":"Feature","id":"ais_par3.84870","geometry":{"type":"Polygon","coordinates":[[[12.1976,55.4127],[12.1975,55.4125],[12.1973,55.4125],[12.1973,55.4127],[12.1976,55.4127]]]},"properties":{"sourceId":"ais_par3.84870","a_type":5120,"hectares":0.042}},{"type":"Feature","id":"ais_par3.84871","geometry":{"type":"Polygon","coordinates":[[[12.0977,55.4772],[12.0977,55.4773],[12.0977,55.4773],[12.0978,55.4774],[12.0978,55.4775],[12.098,55.4775],[12.0981,55.4775],[12.0983,55.4775],[12.0984,55.4774],[12.0984,55.4773],[12.0984,55.4773],[12.0983,55.4772],[12.0982,55.4772],[12.0981,55.4771],[12.098,55.4771],[12.0978,55.4772],[12.0977,55.4772]]]},"properties":{"sourceId":"ais_par3.84871","a_type":5120,"hectares":0.141}},{"type":"Feature","id":"ais_par3.84872","geometry":{"type":"Polygon","coordinates":[[[12.1606,55.4618],[12.1608,55.4618],[12.1607,55.4615],[12.1607,55.4615],[12.1606,55.4618],[12.1606,55.4618]]]},"properties":{"sourceId":"ais_par3.84872","a_type":5120,"hectares":0.029}},{"type":"Feature","id":"ais_par3.84873","geometry":{"type":"Polygon","coordinates":[[[12.0956,55.5118],[12.0953,55.5119],[12.0952,55.512],[12.0954,55.5121],[12.0956,55.5121],[12.0957,55.512],[12.0956,55.5118]]]},"properties":{"sourceId":"ais_par3.84873","a_type":5120,"hectares":0.058}},{"type":"Feature","id":"ais_par3.84874","geometry":{"type":"Polygon","coordinates":[[[12.0884,55.5057],[12.0885,55.5055],[12.0883,55.5055],[12.0882,55.5056],[12.0884,55.5057]]]},"properties":{"sourceId":"ais_par3.84874","a_type":5120,"hectares":0.026}},{"type":"Feature","id":"ais_par3.84875","geometry":{"type":"Polygon","coordinates":[[[12.1645,55.4812],[12.1647,55.4813],[12.1651,55.4812],[12.1653,55.481],[12.165,55.4806],[12.1649,55.4807],[12.1649,55.481],[12.1645,55.4812]]]},"properties":{"sourceId":"ais_par3.84875","a_type":5120,"hectares":0.19}},{"type":"Feature","id":"ais_par3.84876","geometry":{"type":"Polygon","coordinates":[[[12.1575,55.414],[12.1572,55.4141],[12.1574,55.4143],[12.1576,55.4142],[12.1575,55.414]]]},"properties":{"sourceId":"ais_par3.84876","a_type":5120,"hectares":0.036}},{"type":"Feature","id":"ais_par3.84877","geometry":{"type":"Polygon","coordinates":[[[12.1086,55.4636],[12.1086,55.4634],[12.1083,55.4634],[12.1083,55.4636],[12.1086,55.4636]]]},"properties":{"sourceId":"ais_par3.84877","a_type":5120,"hectares":0.032}},{"type":"Feature","id":"ais_par3.84878","geometry":{"type":"Polygon","coordinates":[[[12.0756,55.4041],[12.0754,55.4039],[12.0753,55.4041],[12.0754,55.4042],[12.0756,55.4041]]]},"properties":{"sourceId":"ais_par3.84878","a_type":5120,"hectares":0.021}},{"type":"Feature","id":"ais_par3.84879","geometry":{"type":"Polygon","coordinates":[[[12.1,55.4513],[12.0997,55.4514],[12.0998,55.4516],[12.1001,55.4516],[12.1,55.4513]]]},"properties":{"sourceId":"ais_par3.84879","a_type":5120,"hectares":0.05}},{"type":"Feature","id":"ais_par3.84880","geometry":{"type":"Polygon","coordinates":[[[12.0953,55.4479],[12.0954,55.4478],[12.0954,55.4477],[12.0953,55.4477],[12.0951,55.4477],[12.0951,55.4478],[12.0951,55.4478],[12.0952,55.4479],[12.0953,55.4479]]]},"properties":{"sourceId":"ais_par3.84880","a_type":5120,"hectares":0.028}},{"type":"Feature","id":"ais_par3.84881","geometry":{"type":"Polygon","coordinates":[[[12.1312,55.4494],[12.1317,55.4493],[12.1314,55.4492],[12.1311,55.4493],[12.1312,55.4494]]]},"properties":{"sourceId":"ais_par3.84881","a_type":5120,"hectares":0.048}},{"type":"Feature","id":"ais_par3.84882","geometry":{"type":"Polygon","coordinates":[[[12.1455,55.4025],[12.1452,55.4026],[12.1451,55.4028],[12.1455,55.4029],[12.1456,55.4027],[12.1455,55.4025]]]},"properties":{"sourceId":"ais_par3.84882","a_type":5120,"hectares":0.077}},{"type":"Feature","id":"ais_par3.84883","geometry":{"type":"Polygon","coordinates":[[[12.1732,55.4339],[12.1736,55.4339],[12.1736,55.4337],[12.1734,55.4336],[12.1732,55.4339]]]},"properties":{"sourceId":"ais_par3.84883","a_type":5120,"hectares":0.062}},{"type":"Feature","id":"ais_par3.84884","geometry":{"type":"Polygon","coordinates":[[[12.1742,55.4333],[12.1739,55.4333],[12.1739,55.4335],[12.1742,55.4335],[12.1742,55.4333]]]},"properties":{"sourceId":"ais_par3.84884","a_type":5120,"hectares":0.035}},{"type":"Feature","id":"ais_par3.84885","geometry":{"type":"Polygon","coordinates":[[[12.1281,55.3998],[12.1277,55.3998],[12.1282,55.3999],[12.1281,55.3998]]]},"properties":{"sourceId":"ais_par3.84885","a_type":5120,"hectares":0.012}},{"type":"Feature","id":"ais_par3.84886","geometry":{"type":"Polygon","coordinates":[[[12.1092,55.4632],[12.1089,55.4633],[12.1091,55.4634],[12.1095,55.4633],[12.1092,55.4632]]]},"properties":{"sourceId":"ais_par3.84886","a_type":5120,"hectares":0.053}},{"type":"Feature","id":"ais_par3.84887","geometry":{"type":"Polygon","coordinates":[[[12.1098,55.4634],[12.11,55.4634],[12.1101,55.4632],[12.1099,55.4632],[12.1097,55.4633],[12.1098,55.4634]]]},"properties":{"sourceId":"ais_par3.84887","a_type":5120,"hectares":0.042}},{"type":"Feature","id":"ais_par3.84888","geometry":{"type":"Polygon","coordinates":[[[12.1642,55.4633],[12.1645,55.4633],[12.1645,55.4631],[12.1641,55.4632],[12.1642,55.4633]]]},"properties":{"sourceId":"ais_par3.84888","a_type":5120,"hectares":0.044}},{"type":"Feature","id":"ais_par3.84889","geometry":{"type":"Polygon","coordinates":[[[12.1931,55.4832],[12.1935,55.4831],[12.1933,55.4827],[12.1929,55.4828],[12.1931,55.4832]]]},"properties":{"sourceId":"ais_par3.84889","a_type":5120,"hectares":0.098}},{"type":"Feature","id":"ais_par3.84890","geometry":{"type":"Polygon","coordinates":[[[12.1904,55.4857],[12.1905,55.4857],[12.1905,55.4856],[12.1904,55.4856],[12.1904,55.4856],[12.1903,55.4856],[12.1903,55.4856],[12.1903,55.4857],[12.1904,55.4857]]]},"properties":{"sourceId":"ais_par3.84890","a_type":5120,"hectares":0.009}},{"type":"Feature","id":"ais_par3.84891","geometry":{"type":"Polygon","coordinates":[[[12.1408,55.4577],[12.1409,55.4577],[12.141,55.4577],[12.141,55.4576],[12.1408,55.4576],[12.1408,55.4577],[12.1408,55.4577]]]},"properties":{"sourceId":"ais_par3.84891","a_type":5120,"hectares":0.015}},{"type":"Feature","id":"ais_par3.84892","geometry":{"type":"Polygon","coordinates":[[[12.1332,55.3933],[12.1332,55.3933],[12.1332,55.3933],[12.133,55.3933],[12.1329,55.3933],[12.1329,55.3933],[12.1329,55.3933],[12.133,55.3933],[12.1332,55.3933]]]},"properties":{"sourceId":"ais_par3.84892","a_type":5120,"hectares":0.016}},{"type":"Feature","id":"ais_par3.84893","geometry":{"type":"Polygon","coordinates":[[[12.1335,55.393],[12.1336,55.393],[12.1337,55.393],[12.1338,55.393],[12.134,55.393],[12.134,55.3929],[12.1338,55.3929],[12.1337,55.3928],[12.1332,55.3928],[12.1332,55.3929],[12.1332,55.393],[12.1333,55.393],[12.1335,55.393]]]},"properties":{"sourceId":"ais_par3.84893","a_type":5120,"hectares":0.083}},{"type":"Feature","id":"ais_par3.84894","geometry":{"type":"Polygon","coordinates":[[[12.1207,55.3945],[12.1207,55.3945],[12.1207,55.3944],[12.1206,55.3944],[12.1205,55.3944],[12.1205,55.3944],[12.1204,55.3945],[12.1205,55.3945],[12.1206,55.3945],[12.1207,55.3945]]]},"properties":{"sourceId":"ais_par3.84894","a_type":5120,"hectares":0.023}},{"type":"Feature","id":"ais_par3.84895","geometry":{"type":"Polygon","coordinates":[[[12.0856,55.3828],[12.0857,55.3827],[12.0857,55.3827],[12.0857,55.3827],[12.0857,55.3826],[12.0856,55.3826],[12.0855,55.3826],[12.0855,55.3827],[12.0855,55.3827],[12.0856,55.3827],[12.0856,55.3828]]]},"properties":{"sourceId":"ais_par3.84895","a_type":5120,"hectares":0.022}},{"type":"Feature","id":"ais_par3.84896","geometry":{"type":"Polygon","coordinates":[[[12.1027,55.4311],[12.1029,55.431],[12.1029,55.4309],[12.1029,55.4309],[12.1028,55.4309],[12.1027,55.4309],[12.1027,55.431],[12.1027,55.4311]]]},"properties":{"sourceId":"ais_par3.84896","a_type":5120,"hectares":0.022}},{"type":"Feature","id":"ais_par3.84897","geometry":{"type":"Polygon","coordinates":[[[12.1035,55.4303],[12.1035,55.4301],[12.1034,55.4301],[12.1032,55.4301],[12.1032,55.4302],[12.1033,55.4302],[12.1034,55.4303],[12.1035,55.4303]]]},"properties":{"sourceId":"ais_par3.84897","a_type":5120,"hectares":0.033}},{"type":"Feature","id":"ais_par3.84898","geometry":{"type":"Polygon","coordinates":[[[12.1054,55.4294],[12.1054,55.4294],[12.1054,55.4293],[12.1053,55.4293],[12.1051,55.4293],[12.105,55.4293],[12.105,55.4294],[12.1051,55.4294],[12.1054,55.4294]]]},"properties":{"sourceId":"ais_par3.84898","a_type":5120,"hectares":0.04}},{"type":"Feature","id":"ais_par3.84899","geometry":{"type":"Polygon","coordinates":[[[12.1217,55.4391],[12.1217,55.439],[12.1216,55.439],[12.1216,55.439],[12.1216,55.4391],[12.1216,55.4391],[12.1217,55.4391]]]},"properties":{"sourceId":"ais_par3.84899","a_type":5120,"hectares":0.013}},{"type":"Feature","id":"ais_par3.84900","geometry":{"type":"Polygon","coordinates":[[[12.1235,55.4394],[12.1236,55.4393],[12.1236,55.4392],[12.1235,55.4392],[12.1235,55.4392],[12.1234,55.4393],[12.1234,55.4393],[12.1235,55.4394]]]},"properties":{"sourceId":"ais_par3.84900","a_type":5120,"hectares":0.017}},{"type":"Feature","id":"ais_par3.84901","geometry":{"type":"Polygon","coordinates":[[[12.1096,55.4128],[12.1097,55.4128],[12.1098,55.4128],[12.1099,55.4128],[12.1099,55.4127],[12.1099,55.4127],[12.1099,55.4126],[12.1098,55.4125],[12.1097,55.4125],[12.1096,55.4126],[12.1096,55.4127],[12.1096,55.4128],[12.1096,55.4128]]]},"properties":{"sourceId":"ais_par3.84901","a_type":5120,"hectares":0.058}},{"type":"Feature","id":"ais_par3.84902","geometry":{"type":"Polygon","coordinates":[[[12.1365,55.4566],[12.1366,55.4566],[12.1367,55.4566],[12.1368,55.4566],[12.1367,55.4565],[12.1367,55.4565],[12.1366,55.4564],[12.1365,55.4565],[12.1364,55.4565],[12.1364,55.4565],[12.1364,55.4566],[12.1365,55.4566]]]},"properties":{"sourceId":"ais_par3.84902","a_type":5120,"hectares":0.036}},{"type":"Feature","id":"ais_par3.84903","geometry":{"type":"Polygon","coordinates":[[[12.0596,55.3887],[12.0596,55.3889],[12.0597,55.3892],[12.0599,55.3892],[12.0601,55.389],[12.0599,55.3887],[12.0596,55.3887]]]},"properties":{"sourceId":"ais_par3.84903","a_type":5120,"hectares":0.139}},{"type":"Feature","id":"ais_par3.84920","geometry":{"type":"Polygon","coordinates":[[[11.9413,55.5398],[11.9414,55.5398],[11.9419,55.5394],[11.942,55.5393],[11.942,55.5392],[11.9414,55.5391],[11.9413,55.5392],[11.9413,55.5398]],[[11.9413,55.5397],[11.9414,55.5392],[11.9414,55.5392],[11.9419,55.5393],[11.9419,55.5394],[11.9414,55.5397],[11.9413,55.5397]]]},"properties":{"sourceId":"ais_par3.84920","a_type":5120,"hectares":0.099}},{"type":"Feature","id":"ais_par3.84921","geometry":{"type":"Polygon","coordinates":[[[11.9413,55.5365],[11.9413,55.5365],[11.9412,55.5366],[11.9415,55.5367],[11.9417,55.5367],[11.9417,55.5366],[11.9413,55.5365]]]},"properties":{"sourceId":"ais_par3.84921","a_type":5120,"hectares":0.049}},{"type":"Feature","id":"ais_par3.85116","geometry":{"type":"Polygon","coordinates":[[[11.9528,55.5409],[11.9531,55.5407],[11.953,55.5406],[11.9528,55.5406],[11.9528,55.5409]]]},"properties":{"sourceId":"ais_par3.85116","a_type":5120,"hectares":0.048}},{"type":"Feature","id":"ais_par3.85117","geometry":{"type":"Polygon","coordinates":[[[11.9548,55.54],[11.9549,55.5402],[11.9555,55.54],[11.9548,55.54]]]},"properties":{"sourceId":"ais_par3.85117","a_type":5120,"hectares":0.055}},{"type":"Feature","id":"ais_par3.85119","geometry":{"type":"Polygon","coordinates":[[[11.9475,55.5317],[11.9477,55.5315],[11.9474,55.5314],[11.9473,55.5316],[11.9475,55.5317]]]},"properties":{"sourceId":"ais_par3.85119","a_type":5120,"hectares":0.039}},{"type":"Feature","id":"ais_par3.85120","geometry":{"type":"Polygon","coordinates":[[[11.9511,55.533],[11.9511,55.5332],[11.9511,55.5334],[11.9514,55.5335],[11.9515,55.5333],[11.9514,55.5331],[11.9511,55.533]]]},"properties":{"sourceId":"ais_par3.85120","a_type":5120,"hectares":0.083}},{"type":"Feature","id":"ais_par3.85121","geometry":{"type":"Polygon","coordinates":[[[11.9523,55.5368],[11.9524,55.537],[11.9525,55.5371],[11.9527,55.537],[11.9527,55.5369],[11.9523,55.5368]]]},"properties":{"sourceId":"ais_par3.85121","a_type":5120,"hectares":0.045}},{"type":"Feature","id":"ais_par3.85122","geometry":{"type":"Polygon","coordinates":[[[11.9555,55.5356],[11.9557,55.5356],[11.9557,55.5354],[11.9554,55.5353],[11.9555,55.5356]]]},"properties":{"sourceId":"ais_par3.85122","a_type":5120,"hectares":0.038}},{"type":"Feature","id":"ais_par3.85123","geometry":{"type":"Polygon","coordinates":[[[11.9611,55.5342],[11.9608,55.5342],[11.9608,55.5345],[11.9611,55.5345],[11.9611,55.5342]]]},"properties":{"sourceId":"ais_par3.85123","a_type":5120,"hectares":0.048}},{"type":"Feature","id":"ais_par3.85124","geometry":{"type":"Polygon","coordinates":[[[11.9584,55.5384],[11.9585,55.5385],[11.959,55.5385],[11.9589,55.5383],[11.9584,55.5384]]]},"properties":{"sourceId":"ais_par3.85124","a_type":5120,"hectares":0.059}},{"type":"Feature","id":"ais_par3.85125","geometry":{"type":"Polygon","coordinates":[[[11.947,55.5376],[11.9469,55.5378],[11.947,55.5378],[11.9473,55.5378],[11.9473,55.5376],[11.947,55.5376]]]},"properties":{"sourceId":"ais_par3.85125","a_type":5120,"hectares":0.048}},{"type":"Feature","id":"ais_par3.85126","geometry":{"type":"Polygon","coordinates":[[[11.9447,55.5331],[11.945,55.5332],[11.9451,55.5331],[11.9449,55.533],[11.9447,55.533],[11.9447,55.5331]]]},"properties":{"sourceId":"ais_par3.85126","a_type":5120,"hectares":0.045}},{"type":"Feature","id":"ais_par3.85127","geometry":{"type":"Polygon","coordinates":[[[11.9689,55.538],[11.9693,55.5381],[11.9699,55.5381],[11.9701,55.5379],[11.9699,55.5378],[11.9698,55.538],[11.9696,55.538],[11.9694,55.5379],[11.9697,55.5377],[11.9698,55.5377],[11.9699,55.5377],[11.9696,55.5376],[11.9692,55.5377],[11.9693,55.5376],[11.9689,55.5376],[11.9689,55.5376],[11.9689,55.5377],[11.9688,55.5378],[11.9688,55.5379],[11.9689,55.538]]]},"properties":{"sourceId":"ais_par3.85127","a_type":5120,"hectares":0.263}},{"type":"Feature","id":"ais_par3.85128","geometry":{"type":"Polygon","coordinates":[[[11.9681,55.5369],[11.9689,55.5369],[11.9689,55.5368],[11.9685,55.5368],[11.9681,55.5369]]]},"properties":{"sourceId":"ais_par3.85128","a_type":5120,"hectares":0.021}},{"type":"Feature","id":"ais_par3.85135","geometry":{"type":"Polygon","coordinates":[[[11.9482,55.5353],[11.9486,55.5352],[11.9485,55.5351],[11.9483,55.535],[11.9482,55.535],[11.9482,55.5353]]]},"properties":{"sourceId":"ais_par3.85135","a_type":5120,"hectares":0.052}},{"type":"Feature","id":"ais_par3.85276","geometry":{"type":"Polygon","coordinates":[[[12.0024,55.5371],[12.002,55.5372],[12.0022,55.5374],[12.0025,55.5374],[12.0024,55.5371]]]},"properties":{"sourceId":"ais_par3.85276","a_type":5120,"hectares":0.069}},{"type":"Feature","id":"ais_par3.85285","geometry":{"type":"Polygon","coordinates":[[[12.0406,55.5345],[12.0403,55.5345],[12.0403,55.5347],[12.0405,55.5347],[12.0406,55.5345]]]},"properties":{"sourceId":"ais_par3.85285","a_type":5120,"hectares":0.04}},{"type":"Feature","id":"ais_par3.85288","geometry":{"type":"Polygon","coordinates":[[[12.0591,55.5379],[12.0586,55.538],[12.0591,55.5381],[12.0591,55.5379]]]},"properties":{"sourceId":"ais_par3.85288","a_type":5120,"hectares":0.035}},{"type":"Feature","id":"ais_par3.85289","geometry":{"type":"Polygon","coordinates":[[[12.0583,55.5361],[12.0578,55.5363],[12.0579,55.5365],[12.0584,55.5364],[12.0583,55.5361]]]},"properties":{"sourceId":"ais_par3.85289","a_type":5120,"hectares":0.084}},{"type":"Feature","id":"ais_par3.85290","geometry":{"type":"Polygon","coordinates":[[[12.0441,55.5377],[12.0441,55.5376],[12.0441,55.5375],[12.0439,55.5375],[12.0438,55.5376],[12.0439,55.5377],[12.0441,55.5377]]]},"properties":{"sourceId":"ais_par3.85290","a_type":5120,"hectares":0.025}},{"type":"Feature","id":"ais_par3.85292","geometry":{"type":"Polygon","coordinates":[[[12.0889,55.5383],[12.0894,55.5382],[12.0891,55.5378],[12.0889,55.5377],[12.0887,55.5378],[12.0889,55.5383]]]},"properties":{"sourceId":"ais_par3.85292","a_type":5120,"hectares":0.128}},{"type":"Feature","id":"ais_par3.85293","geometry":{"type":"Polygon","coordinates":[[[12.0963,55.5379],[12.0974,55.5383],[12.0977,55.5383],[12.0977,55.5382],[12.0965,55.5377],[12.0963,55.5378],[12.0963,55.5379]]]},"properties":{"sourceId":"ais_par3.85293","a_type":5120,"hectares":0.18}},{"type":"Feature","id":"ais_par3.85294","geometry":{"type":"Polygon","coordinates":[[[12.0963,55.5368],[12.0956,55.5368],[12.0957,55.5372],[12.0964,55.5371],[12.0963,55.5368]]]},"properties":{"sourceId":"ais_par3.85294","a_type":5120,"hectares":0.18}},{"type":"Feature","id":"ais_par3.85297","geometry":{"type":"Polygon","coordinates":[[[12.0796,55.5349],[12.0793,55.5349],[12.0792,55.5352],[12.0796,55.5352],[12.0796,55.5349]]]},"properties":{"sourceId":"ais_par3.85297","a_type":5120,"hectares":0.087}},{"type":"Feature","id":"ais_par3.85298","geometry":{"type":"Polygon","coordinates":[[[11.9719,55.5351],[11.9716,55.535],[11.9714,55.5347],[11.9712,55.5347],[11.971,55.5347],[11.971,55.5349],[11.9715,55.5352],[11.9719,55.5351]]]},"properties":{"sourceId":"ais_par3.85298","a_type":5120,"hectares":0.148}},{"type":"Feature","id":"ais_par3.85299","geometry":{"type":"Polygon","coordinates":[[[11.9754,55.5363],[11.9751,55.5364],[11.9752,55.5366],[11.9755,55.5365],[11.9754,55.5363]]]},"properties":{"sourceId":"ais_par3.85299","a_type":5120,"hectares":0.045}},{"type":"Feature","id":"ais_par3.85300","geometry":{"type":"Polygon","coordinates":[[[11.9789,55.5332],[11.9785,55.5332],[11.9785,55.5334],[11.979,55.5334],[11.9789,55.5332]]]},"properties":{"sourceId":"ais_par3.85300","a_type":5120,"hectares":0.071}},{"type":"Feature","id":"ais_par3.85301","geometry":{"type":"Polygon","coordinates":[[[11.987,55.5353],[11.987,55.5352],[11.9867,55.5351],[11.9867,55.5353],[11.987,55.5353]]]},"properties":{"sourceId":"ais_par3.85301","a_type":5120,"hectares":0.038}},{"type":"Feature","id":"ais_par3.85302","geometry":{"type":"Polygon","coordinates":[[[11.9884,55.5362],[11.9881,55.5362],[11.9881,55.5364],[11.9885,55.5364],[11.9884,55.5362]]]},"properties":{"sourceId":"ais_par3.85302","a_type":5120,"hectares":0.032}},{"type":"Feature","id":"ais_par3.85303","geometry":{"type":"Polygon","coordinates":[[[11.988,55.5339],[11.9877,55.5339],[11.9876,55.534],[11.9876,55.5342],[11.9877,55.5342],[11.9879,55.5343],[11.988,55.5342],[11.9882,55.5342],[11.988,55.5339]]]},"properties":{"sourceId":"ais_par3.85303","a_type":5120,"hectares":0.134}},{"type":"Feature","id":"ais_par3.85304","geometry":{"type":"Polygon","coordinates":[[[11.9909,55.5352],[11.9906,55.5353],[11.9906,55.5354],[11.991,55.5353],[11.9909,55.5352]]]},"properties":{"sourceId":"ais_par3.85304","a_type":5120,"hectares":0.035}},{"type":"Feature","id":"ais_par3.85305","geometry":{"type":"Polygon","coordinates":[[[11.993,55.5345],[11.9929,55.5344],[11.9926,55.5344],[11.9925,55.5344],[11.9924,55.5345],[11.9924,55.5346],[11.9925,55.5347],[11.9926,55.5348],[11.993,55.5345]]]},"properties":{"sourceId":"ais_par3.85305","a_type":5120,"hectares":0.118}},{"type":"Feature","id":"ais_par3.85306","geometry":{"type":"Polygon","coordinates":[[[11.9938,55.5387],[11.9935,55.5387],[11.9935,55.5389],[11.9939,55.5389],[11.9938,55.5387]]]},"properties":{"sourceId":"ais_par3.85306","a_type":5120,"hectares":0.036}},{"type":"Feature","id":"ais_par3.85307","geometry":{"type":"Polygon","coordinates":[[[11.9994,55.529],[11.999,55.5291],[11.9991,55.5293],[11.9994,55.5292],[11.9994,55.529]]]},"properties":{"sourceId":"ais_par3.85307","a_type":5120,"hectares":0.048}},{"type":"Feature","id":"ais_par3.85308","geometry":{"type":"Polygon","coordinates":[[[12.0047,55.5309],[12.005,55.531],[12.0051,55.5309],[12.005,55.5308],[12.0049,55.5308],[12.0047,55.5309]]]},"properties":{"sourceId":"ais_par3.85308","a_type":5120,"hectares":0.036}},{"type":"Feature","id":"ais_par3.85309","geometry":{"type":"Polygon","coordinates":[[[12.0041,55.5332],[12.0038,55.5333],[12.0039,55.5334],[12.0043,55.5333],[12.0041,55.5332]]]},"properties":{"sourceId":"ais_par3.85309","a_type":5120,"hectares":0.036}},{"type":"Feature","id":"ais_par3.85310","geometry":{"type":"Polygon","coordinates":[[[12.008,55.534],[12.0077,55.5338],[12.0076,55.5339],[12.0079,55.534],[12.008,55.534]]]},"properties":{"sourceId":"ais_par3.85310","a_type":5120,"hectares":0.028}},{"type":"Feature","id":"ais_par3.85311","geometry":{"type":"Polygon","coordinates":[[[12.0125,55.5349],[12.0121,55.5348],[12.012,55.535],[12.0123,55.535],[12.0125,55.5349]]]},"properties":{"sourceId":"ais_par3.85311","a_type":5120,"hectares":0.036}},{"type":"Feature","id":"ais_par3.85312","geometry":{"type":"Polygon","coordinates":[[[12.0056,55.5392],[12.0054,55.5393],[12.0057,55.5394],[12.0059,55.5394],[12.0056,55.5392]]]},"properties":{"sourceId":"ais_par3.85312","a_type":5120,"hectares":0.032}},{"type":"Feature","id":"ais_par3.85313","geometry":{"type":"Polygon","coordinates":[[[12.0239,55.5344],[12.0239,55.5346],[12.0239,55.5347],[12.024,55.5348],[12.0255,55.5354],[12.0265,55.5354],[12.0269,55.5353],[12.0267,55.5351],[12.0264,55.5351],[12.0264,55.5354],[12.0261,55.5354],[12.0259,55.5351],[12.0252,55.535],[12.0242,55.5347],[12.0243,55.5345],[12.0239,55.5344]]]},"properties":{"sourceId":"ais_par3.85313","a_type":5120,"hectares":0.517}},{"type":"Feature","id":"ais_par3.85314","geometry":{"type":"Polygon","coordinates":[[[12.0245,55.5342],[12.0245,55.5343],[12.0249,55.5344],[12.0251,55.5344],[12.0252,55.5342],[12.0248,55.5341],[12.0245,55.5342]]]},"properties":{"sourceId":"ais_par3.85314","a_type":5120,"hectares":0.125}},{"type":"Feature","id":"ais_par3.85315","geometry":{"type":"Polygon","coordinates":[[[12.0241,55.534],[12.0246,55.5339],[12.0243,55.5339],[12.0241,55.534]]]},"properties":{"sourceId":"ais_par3.85315","a_type":5120,"hectares":0.02}},{"type":"Feature","id":"ais_par3.85316","geometry":{"type":"Polygon","coordinates":[[[12.0181,55.5352],[12.0182,55.5352],[12.0181,55.535],[12.018,55.535],[12.0181,55.5352]]]},"properties":{"sourceId":"ais_par3.85316","a_type":5120,"hectares":0.011}},{"type":"Feature","id":"ais_par3.85317","geometry":{"type":"Polygon","coordinates":[[[12.0164,55.5361],[12.0165,55.5361],[12.0165,55.5361],[12.0166,55.5361],[12.0167,55.5361],[12.0167,55.5359],[12.0165,55.5359],[12.0164,55.5359],[12.0164,55.5361]]]},"properties":{"sourceId":"ais_par3.85317","a_type":5120,"hectares":0.055}},{"type":"Feature","id":"ais_par3.85318","geometry":{"type":"Polygon","coordinates":[[[12.024,55.5303],[12.0236,55.5303],[12.0235,55.5304],[12.0239,55.5304],[12.024,55.5303]]]},"properties":{"sourceId":"ais_par3.85318","a_type":5120,"hectares":0.028}},{"type":"Feature","id":"ais_par3.85319","geometry":{"type":"Polygon","coordinates":[[[12.0191,55.5284],[12.019,55.5285],[12.0192,55.5286],[12.0194,55.5285],[12.0191,55.5284]]]},"properties":{"sourceId":"ais_par3.85319","a_type":5120,"hectares":0.02}},{"type":"Feature","id":"ais_par3.85320","geometry":{"type":"Polygon","coordinates":[[[12.0256,55.5188],[12.0254,55.5185],[12.0251,55.5186],[12.0252,55.5188],[12.0256,55.5188]]]},"properties":{"sourceId":"ais_par3.85320","a_type":5120,"hectares":0.054}},{"type":"Feature","id":"ais_par3.85321","geometry":{"type":"Polygon","coordinates":[[[12.0314,55.5366],[12.0312,55.5367],[12.0312,55.5369],[12.0316,55.5369],[12.0314,55.5366]]]},"properties":{"sourceId":"ais_par3.85321","a_type":5120,"hectares":0.047}},{"type":"Feature","id":"ais_par3.85322","geometry":{"type":"Polygon","coordinates":[[[12.0453,55.5256],[12.045,55.5257],[12.0452,55.5258],[12.0453,55.5258],[12.0453,55.5256]]]},"properties":{"sourceId":"ais_par3.85322","a_type":5120,"hectares":0.022}},{"type":"Feature","id":"ais_par3.85323","geometry":{"type":"Polygon","coordinates":[[[12.0511,55.527],[12.0509,55.5271],[12.051,55.5272],[12.0513,55.5272],[12.0511,55.527]]]},"properties":{"sourceId":"ais_par3.85323","a_type":5120,"hectares":0.034}},{"type":"Feature","id":"ais_par3.85324","geometry":{"type":"Polygon","coordinates":[[[12.0525,55.5226],[12.0521,55.5228],[12.0517,55.523],[12.0515,55.5232],[12.0516,55.5233],[12.0516,55.5235],[12.0516,55.5237],[12.0516,55.524],[12.0516,55.5241],[12.0518,55.5242],[12.0521,55.5243],[12.0523,55.5242],[12.0525,55.5241],[12.0524,55.524],[12.0522,55.524],[12.0521,55.5237],[12.0522,55.5233],[12.0525,55.5232],[12.0527,55.5229],[12.0527,55.5227],[12.0525,55.5226]]]},"properties":{"sourceId":"ais_par3.85324","a_type":5120,"hectares":0.76}},{"type":"Feature","id":"ais_par3.85325","geometry":{"type":"Polygon","coordinates":[[[12.0526,55.5245],[12.0524,55.5246],[12.0523,55.5246],[12.0521,55.5247],[12.0522,55.5248],[12.0524,55.5249],[12.0527,55.5248],[12.0529,55.5246],[12.0529,55.5244],[12.0527,55.5243],[12.0526,55.5245]]]},"properties":{"sourceId":"ais_par3.85325","a_type":5120,"hectares":0.161}},{"type":"Feature","id":"ais_par3.85326","geometry":{"type":"Polygon","coordinates":[[[12.0755,55.5281],[12.0753,55.5282],[12.0753,55.5283],[12.0757,55.5283],[12.0755,55.5281]]]},"properties":{"sourceId":"ais_par3.85326","a_type":5120,"hectares":0.033}},{"type":"Feature","id":"ais_par3.85327","geometry":{"type":"Polygon","coordinates":[[[12.0795,55.5279],[12.0791,55.528],[12.0792,55.5281],[12.0796,55.5281],[12.0795,55.5279]]]},"properties":{"sourceId":"ais_par3.85327","a_type":5120,"hectares":0.035}},{"type":"Feature","id":"ais_par3.85328","geometry":{"type":"Polygon","coordinates":[[[12.072,55.5286],[12.0715,55.5286],[12.0716,55.5288],[12.072,55.5288],[12.072,55.5286]]]},"properties":{"sourceId":"ais_par3.85328","a_type":5120,"hectares":0.06}},{"type":"Feature","id":"ais_par3.85340","geometry":{"type":"Polygon","coordinates":[[[12.0241,55.5251],[12.0241,55.5253],[12.0245,55.5252],[12.0241,55.5251]]]},"properties":{"sourceId":"ais_par3.85340","a_type":5120,"hectares":0.025}},{"type":"Feature","id":"ais_par3.85341","geometry":{"type":"Polygon","coordinates":[[[12.053,55.5252],[12.0528,55.5253],[12.0529,55.5255],[12.0532,55.5254],[12.053,55.5252]]]},"properties":{"sourceId":"ais_par3.85341","a_type":5120,"hectares":0.041}},{"type":"Feature","id":"ais_par3.85347","geometry":{"type":"Polygon","coordinates":[[[11.9888,55.5344],[11.9884,55.5344],[11.9884,55.5346],[11.9888,55.5346],[11.9888,55.5344]]]},"properties":{"sourceId":"ais_par3.85347","a_type":5120,"hectares":0.047}},{"type":"Feature","id":"ais_par3.85349","geometry":{"type":"Polygon","coordinates":[[[12.0372,55.5392],[12.0368,55.5391],[12.0368,55.5393],[12.0371,55.5393],[12.0372,55.5392]]]},"properties":{"sourceId":"ais_par3.85349","a_type":5120,"hectares":0.043}},{"type":"Feature","id":"ais_par3.85352","geometry":{"type":"Polygon","coordinates":[[[11.979,55.5343],[11.9787,55.5344],[11.9787,55.5346],[11.979,55.5345],[11.979,55.5343]]]},"properties":{"sourceId":"ais_par3.85352","a_type":5120,"hectares":0.036}},{"type":"Feature","id":"ais_par3.85356","geometry":{"type":"Polygon","coordinates":[[[12.0206,55.5396],[12.0206,55.5395],[12.0205,55.5395],[12.0205,55.5395],[12.0204,55.5395],[12.0204,55.5395],[12.0204,55.5396],[12.0206,55.5396]]]},"properties":{"sourceId":"ais_par3.85356","a_type":5120,"hectares":0.008}},{"type":"Feature","id":"ais_par3.85613","geometry":{"type":"Polygon","coordinates":[[[11.9771,55.5209],[11.9775,55.5208],[11.9773,55.5205],[11.977,55.5206],[11.9771,55.5209]]]},"properties":{"sourceId":"ais_par3.85613","a_type":5120,"hectares":0.09}},{"type":"Feature","id":"ais_par3.85577","geometry":{"type":"Polygon","coordinates":[[[11.9241,55.5296],[11.9244,55.5296],[11.9244,55.5293],[11.9241,55.5292],[11.9241,55.5296]]]},"properties":{"sourceId":"ais_par3.85577","a_type":5120,"hectares":0.058}},{"type":"Feature","id":"ais_par3.85614","geometry":{"type":"Polygon","coordinates":[[[11.9774,55.5212],[11.9778,55.5222],[11.978,55.522],[11.9777,55.5212],[11.9774,55.5212]]]},"properties":{"sourceId":"ais_par3.85614","a_type":5120,"hectares":0.164}},{"type":"Feature","id":"ais_par3.85578","geometry":{"type":"Polygon","coordinates":[[[11.9327,55.5275],[11.9315,55.5278],[11.9313,55.528],[11.9302,55.5282],[11.9303,55.5285],[11.9307,55.5285],[11.9309,55.5286],[11.9323,55.5283],[11.9322,55.5282],[11.9325,55.5282],[11.9326,55.5281],[11.9331,55.528],[11.9327,55.5275]]]},"properties":{"sourceId":"ais_par3.85578","a_type":5120,"hectares":1.104}},{"type":"Feature","id":"ais_par3.85579","geometry":{"type":"Polygon","coordinates":[[[11.935,55.5263],[11.9354,55.5261],[11.9351,55.5259],[11.9349,55.526],[11.9351,55.5261],[11.935,55.5263]]]},"properties":{"sourceId":"ais_par3.85579","a_type":5120,"hectares":0.055}},{"type":"Feature","id":"ais_par3.85580","geometry":{"type":"Polygon","coordinates":[[[11.9239,55.5144],[11.923,55.5144],[11.9222,55.5148],[11.922,55.5151],[11.9217,55.5152],[11.9217,55.5154],[11.9215,55.5157],[11.922,55.5158],[11.9222,55.5161],[11.9227,55.5162],[11.9236,55.5161],[11.9241,55.5162],[11.9242,55.5161],[11.9236,55.5159],[11.9236,55.5157],[11.9237,55.5154],[11.9239,55.515],[11.9242,55.5147],[11.9239,55.5144]]]},"properties":{"sourceId":"ais_par3.85580","a_type":5120,"hectares":2.229}},{"type":"Feature","id":"ais_par3.85581","geometry":{"type":"Polygon","coordinates":[[[11.929,55.517],[11.9287,55.5171],[11.9282,55.517],[11.9272,55.5173],[11.9269,55.5172],[11.9262,55.5175],[11.926,55.5175],[11.9255,55.5174],[11.9248,55.5174],[11.9238,55.5177],[11.9238,55.5178],[11.924,55.518],[11.9239,55.5184],[11.9245,55.5185],[11.9246,55.5183],[11.9253,55.5183],[11.9254,55.5185],[11.9255,55.5184],[11.9259,55.5181],[11.9262,55.5181],[11.9267,55.5184],[11.9271,55.5184],[11.9273,55.5185],[11.9284,55.5182],[11.9293,55.5182],[11.9295,55.5178],[11.9293,55.5176],[11.9292,55.5171],[11.929,55.517]]]},"properties":{"sourceId":"ais_par3.85581","a_type":5120,"hectares":3.827}},{"type":"Feature","id":"ais_par3.85582","geometry":{"type":"Polygon","coordinates":[[[11.9322,55.5206],[11.9319,55.5206],[11.9318,55.5206],[11.9317,55.5207],[11.9318,55.5209],[11.932,55.5209],[11.9322,55.5208],[11.9322,55.5206]]]},"properties":{"sourceId":"ais_par3.85582","a_type":5120,"hectares":0.091}},{"type":"Feature","id":"ais_par3.85583","geometry":{"type":"Polygon","coordinates":[[[11.9358,55.5218],[11.9357,55.522],[11.9357,55.5222],[11.936,55.5222],[11.9361,55.5221],[11.936,55.5219],[11.9358,55.5218]]]},"properties":{"sourceId":"ais_par3.85583","a_type":5120,"hectares":0.074}},{"type":"Feature","id":"ais_par3.85584","geometry":{"type":"Polygon","coordinates":[[[11.9393,55.5211],[11.9389,55.5212],[11.939,55.5213],[11.9392,55.5213],[11.9393,55.5211]]]},"properties":{"sourceId":"ais_par3.85584","a_type":5120,"hectares":0.031}},{"type":"Feature","id":"ais_par3.85585","geometry":{"type":"Polygon","coordinates":[[[11.9405,55.5212],[11.9407,55.5215],[11.9409,55.5215],[11.9411,55.5215],[11.9411,55.5214],[11.9406,55.5212],[11.9405,55.5212]]]},"properties":{"sourceId":"ais_par3.85585","a_type":5120,"hectares":0.072}},{"type":"Feature","id":"ais_par3.85586","geometry":{"type":"Polygon","coordinates":[[[11.9357,55.5184],[11.9357,55.5181],[11.9355,55.5181],[11.9354,55.5183],[11.9355,55.5183],[11.9355,55.5184],[11.9357,55.5184]]]},"properties":{"sourceId":"ais_par3.85586","a_type":5120,"hectares":0.049}},{"type":"Feature","id":"ais_par3.85587","geometry":{"type":"Polygon","coordinates":[[[11.9367,55.5196],[11.9368,55.5197],[11.9375,55.5193],[11.9374,55.5192],[11.9371,55.5192],[11.9367,55.5196]]]},"properties":{"sourceId":"ais_par3.85587","a_type":5120,"hectares":0.137}},{"type":"Feature","id":"ais_par3.85588","geometry":{"type":"Polygon","coordinates":[[[11.939,55.5194],[11.9382,55.5194],[11.9378,55.5195],[11.9382,55.5198],[11.9385,55.5196],[11.9391,55.5195],[11.939,55.5194]]]},"properties":{"sourceId":"ais_par3.85588","a_type":5120,"hectares":0.189}},{"type":"Feature","id":"ais_par3.85589","geometry":{"type":"Polygon","coordinates":[[[11.9373,55.519],[11.9378,55.5192],[11.9387,55.5194],[11.9389,55.5193],[11.9387,55.5188],[11.9377,55.5186],[11.9381,55.5183],[11.9381,55.5181],[11.9377,55.5181],[11.9375,55.5184],[11.9376,55.5186],[11.9374,55.5188],[11.9375,55.5188],[11.9373,55.519]]]},"properties":{"sourceId":"ais_par3.85589","a_type":5120,"hectares":0.675}},{"type":"Feature","id":"ais_par3.85590","geometry":{"type":"Polygon","coordinates":[[[11.9399,55.5169],[11.9402,55.5169],[11.9404,55.5169],[11.9406,55.5168],[11.9407,55.5165],[11.9404,55.5165],[11.9403,55.5167],[11.9401,55.5168],[11.9399,55.5169]]]},"properties":{"sourceId":"ais_par3.85590","a_type":5120,"hectares":0.111}},{"type":"Feature","id":"ais_par3.85591","geometry":{"type":"Polygon","coordinates":[[[11.9309,55.5117],[11.9307,55.5118],[11.9309,55.512],[11.9312,55.5118],[11.9309,55.5117]]]},"properties":{"sourceId":"ais_par3.85591","a_type":5120,"hectares":0.061}},{"type":"Feature","id":"ais_par3.85592","geometry":{"type":"Polygon","coordinates":[[[11.9337,55.5101],[11.9336,55.5101],[11.9334,55.5104],[11.9336,55.5104],[11.9337,55.5101]]]},"properties":{"sourceId":"ais_par3.85592","a_type":5120,"hectares":0.035}},{"type":"Feature","id":"ais_par3.85593","geometry":{"type":"Polygon","coordinates":[[[11.9333,55.509],[11.9329,55.5091],[11.933,55.5094],[11.9335,55.5093],[11.9333,55.509]]]},"properties":{"sourceId":"ais_par3.85593","a_type":5120,"hectares":0.127}},{"type":"Feature","id":"ais_par3.85594","geometry":{"type":"Polygon","coordinates":[[[11.9401,55.5111],[11.9398,55.5112],[11.94,55.5115],[11.9402,55.5114],[11.9401,55.5111]]]},"properties":{"sourceId":"ais_par3.85594","a_type":5120,"hectares":0.051}},{"type":"Feature","id":"ais_par3.85595","geometry":{"type":"Polygon","coordinates":[[[11.9398,55.507],[11.9396,55.507],[11.9394,55.507],[11.9396,55.5072],[11.9398,55.507]]]},"properties":{"sourceId":"ais_par3.85595","a_type":5120,"hectares":0.02}},{"type":"Feature","id":"ais_par3.85596","geometry":{"type":"Polygon","coordinates":[[[11.9204,55.4977],[11.9201,55.4979],[11.9199,55.4979],[11.9199,55.498],[11.9199,55.4982],[11.9196,55.4984],[11.9191,55.4981],[11.9188,55.4983],[11.9193,55.4983],[11.9194,55.4986],[11.9199,55.4984],[11.9205,55.4984],[11.9208,55.4981],[11.9206,55.4981],[11.9204,55.4977]]]},"properties":{"sourceId":"ais_par3.85596","a_type":5120,"hectares":0.417}},{"type":"Feature","id":"ais_par3.85597","geometry":{"type":"Polygon","coordinates":[[[11.9744,55.5286],[11.976,55.5284],[11.9765,55.528],[11.9758,55.5277],[11.9744,55.528],[11.9744,55.5286]]]},"properties":{"sourceId":"ais_par3.85597","a_type":5120,"hectares":0.764}},{"type":"Feature","id":"ais_par3.85598","geometry":{"type":"Polygon","coordinates":[[[11.9782,55.5271],[11.9787,55.527],[11.9786,55.5265],[11.9782,55.5257],[11.9779,55.5256],[11.9779,55.5264],[11.9775,55.5263],[11.9775,55.5266],[11.9779,55.5266],[11.9782,55.5271]]]},"properties":{"sourceId":"ais_par3.85598","a_type":5120,"hectares":0.612}},{"type":"Feature","id":"ais_par3.85599","geometry":{"type":"Polygon","coordinates":[[[11.9751,55.5274],[11.9746,55.5274],[11.9742,55.5279],[11.9749,55.5277],[11.9751,55.5276],[11.9751,55.5274]]]},"properties":{"sourceId":"ais_par3.85599","a_type":5120,"hectares":0.146}},{"type":"Feature","id":"ais_par3.85600","geometry":{"type":"Polygon","coordinates":[[[11.9895,55.5252],[11.9897,55.5251],[11.9895,55.5239],[11.9892,55.5239],[11.9895,55.5252]]]},"properties":{"sourceId":"ais_par3.85600","a_type":5120,"hectares":0.219}},{"type":"Feature","id":"ais_par3.85601","geometry":{"type":"Polygon","coordinates":[[[11.9914,55.5224],[11.992,55.5221],[11.9918,55.5221],[11.9915,55.5222],[11.9914,55.522],[11.9905,55.5221],[11.9914,55.5224]]]},"properties":{"sourceId":"ais_par3.85601","a_type":5120,"hectares":0.185}},{"type":"Feature","id":"ais_par3.85602","geometry":{"type":"Polygon","coordinates":[[[11.9866,55.5224],[11.9864,55.5223],[11.9862,55.5224],[11.9862,55.5225],[11.9865,55.5225],[11.9866,55.5224]]]},"properties":{"sourceId":"ais_par3.85602","a_type":5120,"hectares":0.028}},{"type":"Feature","id":"ais_par3.85603","geometry":{"type":"Polygon","coordinates":[[[11.9495,55.5166],[11.9493,55.5164],[11.9489,55.5163],[11.9489,55.5166],[11.9492,55.5167],[11.9495,55.5166]]]},"properties":{"sourceId":"ais_par3.85603","a_type":5120,"hectares":0.101}},{"type":"Feature","id":"ais_par3.85604","geometry":{"type":"Polygon","coordinates":[[[11.9503,55.5114],[11.9507,55.5114],[11.9507,55.5112],[11.9503,55.5112],[11.9503,55.5114]]]},"properties":{"sourceId":"ais_par3.85604","a_type":5120,"hectares":0.034}},{"type":"Feature","id":"ais_par3.85605","geometry":{"type":"Polygon","coordinates":[[[11.953,55.5112],[11.9528,55.511],[11.9526,55.5111],[11.9527,55.5112],[11.953,55.5112]]]},"properties":{"sourceId":"ais_par3.85605","a_type":5120,"hectares":0.038}},{"type":"Feature","id":"ais_par3.85606","geometry":{"type":"Polygon","coordinates":[[[11.9645,55.5163],[11.9642,55.5163],[11.9642,55.5165],[11.9645,55.5165],[11.9645,55.5163]]]},"properties":{"sourceId":"ais_par3.85606","a_type":5120,"hectares":0.029}},{"type":"Feature","id":"ais_par3.85607","geometry":{"type":"Polygon","coordinates":[[[11.9675,55.5157],[11.9674,55.5157],[11.9674,55.5158],[11.9675,55.5158],[11.9675,55.5157]]]},"properties":{"sourceId":"ais_par3.85607","a_type":5120,"hectares":0.013}},{"type":"Feature","id":"ais_par3.85608","geometry":{"type":"Polygon","coordinates":[[[11.9627,55.5212],[11.9625,55.5214],[11.9627,55.5215],[11.9627,55.5213],[11.9629,55.5212],[11.9627,55.5212]]]},"properties":{"sourceId":"ais_par3.85608","a_type":5120,"hectares":0.047}},{"type":"Feature","id":"ais_par3.85609","geometry":{"type":"Polygon","coordinates":[[[11.9673,55.5195],[11.9668,55.5195],[11.9668,55.5196],[11.9673,55.5197],[11.9673,55.5195]]]},"properties":{"sourceId":"ais_par3.85609","a_type":5120,"hectares":0.07}},{"type":"Feature","id":"ais_par3.85610","geometry":{"type":"Polygon","coordinates":[[[11.9659,55.524],[11.9655,55.524],[11.9655,55.5241],[11.9659,55.5241],[11.9659,55.524]]]},"properties":{"sourceId":"ais_par3.85610","a_type":5120,"hectares":0.032}},{"type":"Feature","id":"ais_par3.85611","geometry":{"type":"Polygon","coordinates":[[[11.9694,55.5214],[11.969,55.5214],[11.9691,55.5216],[11.9693,55.5216],[11.9694,55.5214]]]},"properties":{"sourceId":"ais_par3.85611","a_type":5120,"hectares":0.041}},{"type":"Feature","id":"ais_par3.85612","geometry":{"type":"Polygon","coordinates":[[[11.9733,55.5207],[11.9729,55.5207],[11.9729,55.5209],[11.9733,55.5209],[11.9733,55.5207]]]},"properties":{"sourceId":"ais_par3.85612","a_type":5120,"hectares":0.057}},{"type":"Feature","id":"ais_par3.85615","geometry":{"type":"Polygon","coordinates":[[[11.9788,55.5229],[11.979,55.5229],[11.979,55.5227],[11.9788,55.5227],[11.9788,55.5229]]]},"properties":{"sourceId":"ais_par3.85615","a_type":5120,"hectares":0.021}},{"type":"Feature","id":"ais_par3.85616","geometry":{"type":"Polygon","coordinates":[[[11.9769,55.5177],[11.9769,55.5172],[11.9761,55.5174],[11.9763,55.5178],[11.9769,55.5177]]]},"properties":{"sourceId":"ais_par3.85616","a_type":5120,"hectares":0.223}},{"type":"Feature","id":"ais_par3.85617","geometry":{"type":"Polygon","coordinates":[[[11.9839,55.5174],[11.9836,55.5174],[11.9836,55.5175],[11.9839,55.5175],[11.9839,55.5174]]]},"properties":{"sourceId":"ais_par3.85617","a_type":5120,"hectares":0.029}},{"type":"Feature","id":"ais_par3.85618","geometry":{"type":"Polygon","coordinates":[[[11.9879,55.5109],[11.9877,55.5109],[11.9874,55.5109],[11.9874,55.511],[11.9879,55.5109]]]},"properties":{"sourceId":"ais_par3.85618","a_type":5120,"hectares":0.035}},{"type":"Feature","id":"ais_par3.85619","geometry":{"type":"Polygon","coordinates":[[[11.9873,55.5083],[11.9871,55.5082],[11.9868,55.5082],[11.9871,55.5083],[11.9873,55.5083]]]},"properties":{"sourceId":"ais_par3.85619","a_type":5120,"hectares":0.025}},{"type":"Feature","id":"ais_par3.85620","geometry":{"type":"Polygon","coordinates":[[[11.9914,55.5124],[11.9909,55.5125],[11.9909,55.5126],[11.9914,55.5127],[11.9914,55.5124]]]},"properties":{"sourceId":"ais_par3.85620","a_type":5120,"hectares":0.056}},{"type":"Feature","id":"ais_par3.85621","geometry":{"type":"Polygon","coordinates":[[[11.9918,55.5097],[11.9919,55.5099],[11.9922,55.51],[11.9923,55.5099],[11.992,55.5097],[11.9918,55.5097]]]},"properties":{"sourceId":"ais_par3.85621","a_type":5120,"hectares":0.049}},{"type":"Feature","id":"ais_par3.85622","geometry":{"type":"Polygon","coordinates":[[[11.9968,55.5096],[11.9966,55.5096],[11.9964,55.5098],[11.9966,55.5099],[11.9968,55.5096]]]},"properties":{"sourceId":"ais_par3.85622","a_type":5120,"hectares":0.035}},{"type":"Feature","id":"ais_par3.85623","geometry":{"type":"Polygon","coordinates":[[[11.9941,55.5132],[11.9944,55.5132],[11.9943,55.513],[11.9941,55.513],[11.9941,55.5132]]]},"properties":{"sourceId":"ais_par3.85623","a_type":5120,"hectares":0.034}},{"type":"Feature","id":"ais_par3.85624","geometry":{"type":"Polygon","coordinates":[[[11.995,55.5165],[11.9948,55.5165],[11.9945,55.5166],[11.9945,55.5167],[11.9947,55.5167],[11.995,55.5165]]]},"properties":{"sourceId":"ais_par3.85624","a_type":5120,"hectares":0.034}},{"type":"Feature","id":"ais_par3.85625","geometry":{"type":"Polygon","coordinates":[[[11.997,55.5075],[11.9968,55.5075],[11.9966,55.5075],[11.9965,55.5075],[11.9965,55.5077],[11.9966,55.5078],[11.997,55.5075]]]},"properties":{"sourceId":"ais_par3.85625","a_type":5120,"hectares":0.056}},{"type":"Feature","id":"ais_par3.85626","geometry":{"type":"Polygon","coordinates":[[[12.0077,55.5135],[12.0078,55.5136],[12.008,55.5136],[12.0077,55.5135]]]},"properties":{"sourceId":"ais_par3.85626","a_type":5120,"hectares":0.018}},{"type":"Feature","id":"ais_par3.85627","geometry":{"type":"Polygon","coordinates":[[[12.0007,55.5167],[12.0003,55.5166],[12.0003,55.5168],[12.0007,55.5168],[12.0007,55.5167]]]},"properties":{"sourceId":"ais_par3.85627","a_type":5120,"hectares":0.041}},{"type":"Feature","id":"ais_par3.85628","geometry":{"type":"Polygon","coordinates":[[[12.0034,55.517],[12.0033,55.517],[12.0028,55.5171],[12.0028,55.5172],[12.0034,55.517]]]},"properties":{"sourceId":"ais_par3.85628","a_type":5120,"hectares":0.03}},{"type":"Feature","id":"ais_par3.85629","geometry":{"type":"Polygon","coordinates":[[[12.0038,55.5071],[12.0036,55.5072],[12.0036,55.5073],[12.0038,55.5074],[12.004,55.5072],[12.0041,55.5071],[12.0039,55.507],[12.0038,55.5071]]]},"properties":{"sourceId":"ais_par3.85629","a_type":5120,"hectares":0.053}},{"type":"Feature","id":"ais_par3.85630","geometry":{"type":"Polygon","coordinates":[[[12.0038,55.5054],[12.0043,55.5053],[12.0044,55.5051],[12.0039,55.5051],[12.0038,55.5054]]]},"properties":{"sourceId":"ais_par3.85630","a_type":5120,"hectares":0.096}},{"type":"Feature","id":"ais_par3.85631","geometry":{"type":"Polygon","coordinates":[[[12.0211,55.5149],[12.0207,55.5147],[12.0204,55.5148],[12.0205,55.515],[12.0211,55.5149]]]},"properties":{"sourceId":"ais_par3.85631","a_type":5120,"hectares":0.083}},{"type":"Feature","id":"ais_par3.85632","geometry":{"type":"Polygon","coordinates":[[[12.0137,55.5124],[12.0138,55.5121],[12.0136,55.5121],[12.0135,55.5122],[12.0137,55.5124]]]},"properties":{"sourceId":"ais_par3.85632","a_type":5120,"hectares":0.026}},{"type":"Feature","id":"ais_par3.85633","geometry":{"type":"Polygon","coordinates":[[[12.0166,55.5124],[12.0163,55.5125],[12.0164,55.5127],[12.0167,55.5126],[12.0166,55.5124]]]},"properties":{"sourceId":"ais_par3.85633","a_type":5120,"hectares":0.052}},{"type":"Feature","id":"ais_par3.85634","geometry":{"type":"Polygon","coordinates":[[[12.0273,55.5135],[12.0269,55.5135],[12.0272,55.5136],[12.0273,55.5135]]]},"properties":{"sourceId":"ais_par3.85634","a_type":5120,"hectares":0.018}},{"type":"Feature","id":"ais_par3.85635","geometry":{"type":"Polygon","coordinates":[[[12.0282,55.5114],[12.0283,55.5112],[12.028,55.5112],[12.0279,55.5113],[12.0282,55.5114]]]},"properties":{"sourceId":"ais_par3.85635","a_type":5120,"hectares":0.044}},{"type":"Feature","id":"ais_par3.85636","geometry":{"type":"Polygon","coordinates":[[[12.0341,55.5201],[12.0343,55.5199],[12.0341,55.5199],[12.0341,55.5201]]]},"properties":{"sourceId":"ais_par3.85636","a_type":5120,"hectares":0.023}},{"type":"Feature","id":"ais_par3.85637","geometry":{"type":"Polygon","coordinates":[[[12.0383,55.5162],[12.0378,55.5164],[12.0383,55.5165],[12.0383,55.5162]]]},"properties":{"sourceId":"ais_par3.85637","a_type":5120,"hectares":0.054}},{"type":"Feature","id":"ais_par3.85638","geometry":{"type":"Polygon","coordinates":[[[12.0394,55.5152],[12.0394,55.5151],[12.0391,55.5151],[12.0391,55.5152],[12.0394,55.5152]]]},"properties":{"sourceId":"ais_par3.85638","a_type":5120,"hectares":0.031}},{"type":"Feature","id":"ais_par3.85639","geometry":{"type":"Polygon","coordinates":[[[12.0516,55.516],[12.0511,55.516],[12.0511,55.5162],[12.0515,55.5161],[12.0516,55.516]]]},"properties":{"sourceId":"ais_par3.85639","a_type":5120,"hectares":0.048}},{"type":"Feature","id":"ais_par3.85640","geometry":{"type":"Polygon","coordinates":[[[12.0482,55.5127],[12.0479,55.5127],[12.0479,55.5129],[12.0481,55.5129],[12.0482,55.5127]]]},"properties":{"sourceId":"ais_par3.85640","a_type":5120,"hectares":0.029}},{"type":"Feature","id":"ais_par3.85641","geometry":{"type":"Polygon","coordinates":[[[12.0483,55.5138],[12.0481,55.5137],[12.0479,55.5139],[12.0481,55.514],[12.0483,55.5138]]]},"properties":{"sourceId":"ais_par3.85641","a_type":5120,"hectares":0.041}},{"type":"Feature","id":"ais_par3.85642","geometry":{"type":"Polygon","coordinates":[[[12.0411,55.5105],[12.0407,55.5103],[12.0406,55.5103],[12.0411,55.5105]]]},"properties":{"sourceId":"ais_par3.85642","a_type":5120,"hectares":0.012}},{"type":"Feature","id":"ais_par3.85643","geometry":{"type":"Polygon","coordinates":[[[12.0558,55.515],[12.0554,55.515],[12.0554,55.5151],[12.0557,55.5151],[12.0558,55.515]]]},"properties":{"sourceId":"ais_par3.85643","a_type":5120,"hectares":0.014}},{"type":"Feature","id":"ais_par3.85644","geometry":{"type":"Polygon","coordinates":[[[12.0483,55.506],[12.048,55.5061],[12.048,55.5062],[12.0483,55.5062],[12.0483,55.506]]]},"properties":{"sourceId":"ais_par3.85644","a_type":5120,"hectares":0.025}},{"type":"Feature","id":"ais_par3.85645","geometry":{"type":"Polygon","coordinates":[[[12.0573,55.5095],[12.057,55.5096],[12.057,55.5098],[12.0574,55.5098],[12.0573,55.5095]]]},"properties":{"sourceId":"ais_par3.85645","a_type":5120,"hectares":0.048}},{"type":"Feature","id":"ais_par3.85646","geometry":{"type":"Polygon","coordinates":[[[12.0559,55.5076],[12.0556,55.5076],[12.0556,55.5078],[12.0558,55.5078],[12.0559,55.5076]]]},"properties":{"sourceId":"ais_par3.85646","a_type":5120,"hectares":0.029}},{"type":"Feature","id":"ais_par3.85647","geometry":{"type":"Polygon","coordinates":[[[12.0616,55.5166],[12.0612,55.5166],[12.0612,55.5167],[12.0617,55.5167],[12.0616,55.5166]]]},"properties":{"sourceId":"ais_par3.85647","a_type":5120,"hectares":0.054}},{"type":"Feature","id":"ais_par3.85648","geometry":{"type":"Polygon","coordinates":[[[12.0556,55.5181],[12.0553,55.5182],[12.0553,55.5183],[12.0556,55.5183],[12.0556,55.5181]]]},"properties":{"sourceId":"ais_par3.85648","a_type":5120,"hectares":0.021}},{"type":"Feature","id":"ais_par3.85649","geometry":{"type":"Polygon","coordinates":[[[12.0638,55.5141],[12.0635,55.5141],[12.0634,55.5143],[12.0637,55.5143],[12.0638,55.5141]]]},"properties":{"sourceId":"ais_par3.85649","a_type":5120,"hectares":0.043}},{"type":"Feature","id":"ais_par3.85650","geometry":{"type":"Polygon","coordinates":[[[12.0742,55.522],[12.074,55.522],[12.074,55.5221],[12.0743,55.5221],[12.0742,55.522]]]},"properties":{"sourceId":"ais_par3.85650","a_type":5120,"hectares":0.026}},{"type":"Feature","id":"ais_par3.85651","geometry":{"type":"Polygon","coordinates":[[[12.0739,55.5202],[12.0737,55.5202],[12.0737,55.5204],[12.074,55.5203],[12.0739,55.5202]]]},"properties":{"sourceId":"ais_par3.85651","a_type":5120,"hectares":0.035}},{"type":"Feature","id":"ais_par3.85652","geometry":{"type":"Polygon","coordinates":[[[12.0757,55.5171],[12.0754,55.5172],[12.0754,55.5174],[12.0756,55.5173],[12.0757,55.5171]]]},"properties":{"sourceId":"ais_par3.85652","a_type":5120,"hectares":0.032}},{"type":"Feature","id":"ais_par3.85653","geometry":{"type":"Polygon","coordinates":[[[12.0702,55.5129],[12.0706,55.5127],[12.0705,55.5126],[12.0703,55.5125],[12.0701,55.5127],[12.0701,55.5128],[12.0702,55.5129]]]},"properties":{"sourceId":"ais_par3.85653","a_type":5120,"hectares":0.073}},{"type":"Feature","id":"ais_par3.85654","geometry":{"type":"Polygon","coordinates":[[[12.0727,55.5076],[12.0727,55.5077],[12.0729,55.5077],[12.0732,55.5076],[12.0732,55.5075],[12.0731,55.5075],[12.0727,55.5076]]]},"properties":{"sourceId":"ais_par3.85654","a_type":5120,"hectares":0.052}},{"type":"Feature","id":"ais_par3.85655","geometry":{"type":"Polygon","coordinates":[[[12.0715,55.5099],[12.0711,55.51],[12.0711,55.5102],[12.0715,55.5102],[12.0715,55.5099]]]},"properties":{"sourceId":"ais_par3.85655","a_type":5120,"hectares":0.08}},{"type":"Feature","id":"ais_par3.85656","geometry":{"type":"Polygon","coordinates":[[[11.9968,55.5184],[11.9965,55.5185],[11.9965,55.5186],[11.9968,55.5186],[11.9968,55.5184]]]},"properties":{"sourceId":"ais_par3.85656","a_type":5120,"hectares":0.021}},{"type":"Feature","id":"ais_par3.85657","geometry":{"type":"Polygon","coordinates":[[[11.9968,55.5059],[11.9968,55.5058],[11.9965,55.5057],[11.9964,55.5059],[11.9968,55.5059]]]},"properties":{"sourceId":"ais_par3.85657","a_type":5120,"hectares":0.035}},{"type":"Feature","id":"ais_par3.85658","geometry":{"type":"Polygon","coordinates":[[[11.9974,55.517],[11.9973,55.517],[11.9971,55.5171],[11.9971,55.5171],[11.9972,55.5172],[11.9974,55.517]]]},"properties":{"sourceId":"ais_par3.85658","a_type":5120,"hectares":0.017}},{"type":"Feature","id":"ais_par3.85659","geometry":{"type":"Polygon","coordinates":[[[12.0692,55.5064],[12.0693,55.5064],[12.0694,55.5064],[12.0695,55.5063],[12.0695,55.5063],[12.0692,55.5063],[12.0692,55.5064]]]},"properties":{"sourceId":"ais_par3.85659","a_type":5120,"hectares":0.031}},{"type":"Feature","id":"ais_par3.85660","geometry":{"type":"Polygon","coordinates":[[[12.0698,55.5083],[12.0694,55.5083],[12.0695,55.5085],[12.0698,55.5085],[12.0698,55.5083]]]},"properties":{"sourceId":"ais_par3.85660","a_type":5120,"hectares":0.041}},{"type":"Feature","id":"ais_par3.85661","geometry":{"type":"Polygon","coordinates":[[[12.0789,55.5134],[12.0787,55.5133],[12.0785,55.5133],[12.0786,55.5135],[12.0789,55.5134]]]},"properties":{"sourceId":"ais_par3.85661","a_type":5120,"hectares":0.023}},{"type":"Feature","id":"ais_par3.85662","geometry":{"type":"Polygon","coordinates":[[[12.0698,55.5042],[12.0696,55.5041],[12.0695,55.5042],[12.0696,55.5043],[12.0698,55.5042]]]},"properties":{"sourceId":"ais_par3.85662","a_type":5120,"hectares":0.026}},{"type":"Feature","id":"ais_par3.85663","geometry":{"type":"Polygon","coordinates":[[[12.0726,55.5035],[12.0723,55.5036],[12.0725,55.5038],[12.0726,55.5035]]]},"properties":{"sourceId":"ais_par3.85663","a_type":5120,"hectares":0.026}},{"type":"Feature","id":"ais_par3.85664","geometry":{"type":"Polygon","coordinates":[[[12.0791,55.5067],[12.079,55.5066],[12.0787,55.5067],[12.0787,55.5068],[12.0791,55.5067]]]},"properties":{"sourceId":"ais_par3.85664","a_type":5120,"hectares":0.032}},{"type":"Feature","id":"ais_par3.85665","geometry":{"type":"Polygon","coordinates":[[[12.0842,55.5189],[12.0839,55.5189],[12.0838,55.519],[12.0841,55.5191],[12.0842,55.5189]]]},"properties":{"sourceId":"ais_par3.85665","a_type":5120,"hectares":0.029}},{"type":"Feature","id":"ais_par3.85666","geometry":{"type":"Polygon","coordinates":[[[12.0882,55.5152],[12.0881,55.5152],[12.0878,55.5152],[12.0878,55.5152],[12.0882,55.5152]]]},"properties":{"sourceId":"ais_par3.85666","a_type":5120,"hectares":0.008}},{"type":"Feature","id":"ais_par3.85667","geometry":{"type":"Polygon","coordinates":[[[12.0601,55.5253],[12.0598,55.5253],[12.0597,55.5253],[12.0599,55.5254],[12.0601,55.5253]]]},"properties":{"sourceId":"ais_par3.85667","a_type":5120,"hectares":0.019}},{"type":"Feature","id":"ais_par3.85668","geometry":{"type":"Polygon","coordinates":[[[12.0698,55.5258],[12.0694,55.5258],[12.0694,55.5259],[12.0699,55.5259],[12.0698,55.5258]]]},"properties":{"sourceId":"ais_par3.85668","a_type":5120,"hectares":0.043}},{"type":"Feature","id":"ais_par3.85669","geometry":{"type":"Polygon","coordinates":[[[12.0732,55.5256],[12.073,55.5256],[12.073,55.5259],[12.0733,55.5259],[12.0732,55.5256]]]},"properties":{"sourceId":"ais_par3.85669","a_type":5120,"hectares":0.051}},{"type":"Feature","id":"ais_par3.85670","geometry":{"type":"Polygon","coordinates":[[[11.941,55.5046],[11.9413,55.5047],[11.9416,55.5044],[11.9412,55.5042],[11.941,55.5046]]]},"properties":{"sourceId":"ais_par3.85670","a_type":5120,"hectares":0.111}},{"type":"Feature","id":"ais_par3.85671","geometry":{"type":"Polygon","coordinates":[[[11.9507,55.5011],[11.9503,55.5008],[11.9501,55.5009],[11.9504,55.5012],[11.9507,55.5011]]]},"properties":{"sourceId":"ais_par3.85671","a_type":5120,"hectares":0.084}},{"type":"Feature","id":"ais_par3.85672","geometry":{"type":"Polygon","coordinates":[[[11.9568,55.5037],[11.9571,55.5036],[11.9572,55.5035],[11.9571,55.5034],[11.957,55.5033],[11.9569,55.5034],[11.9568,55.5034],[11.9567,55.5034],[11.9567,55.5035],[11.9566,55.5035],[11.9566,55.5036],[11.9568,55.5037]]]},"properties":{"sourceId":"ais_par3.85672","a_type":5120,"hectares":0.104}},{"type":"Feature","id":"ais_par3.85673","geometry":{"type":"Polygon","coordinates":[[[11.961,55.5056],[11.9609,55.5055],[11.9605,55.5057],[11.9603,55.5058],[11.9606,55.5062],[11.961,55.5062],[11.9606,55.5059],[11.9605,55.5058],[11.9609,55.5056],[11.961,55.5056]]]},"properties":{"sourceId":"ais_par3.85673","a_type":5120,"hectares":0.119}},{"type":"Feature","id":"ais_par3.85674","geometry":{"type":"Polygon","coordinates":[[[11.965,55.5039],[11.9652,55.5039],[11.9651,55.5037],[11.9649,55.5038],[11.965,55.5039]]]},"properties":{"sourceId":"ais_par3.85674","a_type":5120,"hectares":0.018}},{"type":"Feature","id":"ais_par3.85675","geometry":{"type":"Polygon","coordinates":[[[11.9655,55.5024],[11.9662,55.5022],[11.9662,55.5019],[11.966,55.5019],[11.9659,55.502],[11.9656,55.5023],[11.9655,55.5024]]]},"properties":{"sourceId":"ais_par3.85675","a_type":5120,"hectares":0.121}},{"type":"Feature","id":"ais_par3.85676","geometry":{"type":"Polygon","coordinates":[[[11.9702,55.504],[11.9699,55.5041],[11.97,55.5043],[11.9702,55.5042],[11.9702,55.504]]]},"properties":{"sourceId":"ais_par3.85676","a_type":5120,"hectares":0.04}},{"type":"Feature","id":"ais_par3.85677","geometry":{"type":"Polygon","coordinates":[[[11.972,55.497],[11.9717,55.4967],[11.9713,55.4963],[11.9703,55.4959],[11.9696,55.496],[11.9685,55.4963],[11.9674,55.4969],[11.9663,55.4971],[11.9661,55.4973],[11.9654,55.4978],[11.9645,55.4982],[11.9641,55.4982],[11.964,55.4984],[11.9636,55.4986],[11.9638,55.4988],[11.9639,55.4989],[11.9645,55.4988],[11.965,55.4989],[11.9658,55.4987],[11.9661,55.4989],[11.9671,55.4985],[11.9673,55.4982],[11.9678,55.4982],[11.9681,55.4982],[11.9687,55.4982],[11.9689,55.4979],[11.9693,55.4979],[11.9694,55.498],[11.9717,55.498],[11.9722,55.4976],[11.972,55.497]]]},"properties":{"sourceId":"ais_par3.85677","a_type":5120,"hectares":8.604}},{"type":"Feature","id":"ais_par3.85678","geometry":{"type":"Polygon","coordinates":[[[11.9879,55.5023],[11.9877,55.5029],[11.988,55.503],[11.9882,55.5024],[11.9879,55.5023]]]},"properties":{"sourceId":"ais_par3.85678","a_type":5120,"hectares":0.136}},{"type":"Feature","id":"ais_par3.85679","geometry":{"type":"Polygon","coordinates":[[[11.9826,55.5029],[11.9823,55.5029],[11.9823,55.5031],[11.9827,55.5031],[11.9826,55.5029]]]},"properties":{"sourceId":"ais_par3.85679","a_type":5120,"hectares":0.047}},{"type":"Feature","id":"ais_par3.85680","geometry":{"type":"Polygon","coordinates":[[[11.9951,55.4992],[11.9948,55.4992],[11.9948,55.4995],[11.9951,55.4995],[11.9951,55.4992]]]},"properties":{"sourceId":"ais_par3.85680","a_type":5120,"hectares":0.051}},{"type":"Feature","id":"ais_par3.85681","geometry":{"type":"Polygon","coordinates":[[[11.9933,55.5038],[11.9933,55.5038],[11.9931,55.5036],[11.993,55.5037],[11.9929,55.5038],[11.993,55.5039],[11.9933,55.5038]]]},"properties":{"sourceId":"ais_par3.85681","a_type":5120,"hectares":0.039}},{"type":"Feature","id":"ais_par3.85682","geometry":{"type":"Polygon","coordinates":[[[11.9955,55.5038],[11.9958,55.5037],[11.9957,55.5036],[11.9955,55.5036],[11.9955,55.5038]]]},"properties":{"sourceId":"ais_par3.85682","a_type":5120,"hectares":0.033}},{"type":"Feature","id":"ais_par3.85683","geometry":{"type":"Polygon","coordinates":[[[12.0012,55.4988],[12.0013,55.4991],[12.0016,55.4992],[12.002,55.499],[12.0021,55.4989],[12.002,55.4988],[12.0017,55.4987],[12.0012,55.4988]]]},"properties":{"sourceId":"ais_par3.85683","a_type":5120,"hectares":0.193}},{"type":"Feature","id":"ais_par3.85684","geometry":{"type":"Polygon","coordinates":[[[12.0044,55.4982],[12.0048,55.4983],[12.0052,55.4979],[12.0048,55.4977],[12.0043,55.498],[12.0044,55.4982]]]},"properties":{"sourceId":"ais_par3.85684","a_type":5120,"hectares":0.19}},{"type":"Feature","id":"ais_par3.85685","geometry":{"type":"Polygon","coordinates":[[[12.0104,55.4992],[12.0099,55.4992],[12.0098,55.4996],[12.0103,55.4997],[12.0104,55.4992]]]},"properties":{"sourceId":"ais_par3.85685","a_type":5120,"hectares":0.149}},{"type":"Feature","id":"ais_par3.85686","geometry":{"type":"Polygon","coordinates":[[[12.0121,55.5003],[12.0121,55.5006],[12.0123,55.5006],[12.0124,55.5004],[12.0121,55.5003]]]},"properties":{"sourceId":"ais_par3.85686","a_type":5120,"hectares":0.041}},{"type":"Feature","id":"ais_par3.85687","geometry":{"type":"Polygon","coordinates":[[[12.0188,55.5029],[12.0188,55.5027],[12.0185,55.5026],[12.0184,55.5026],[12.0185,55.5028],[12.0188,55.5029]]]},"properties":{"sourceId":"ais_par3.85687","a_type":5120,"hectares":0.056}},{"type":"Feature","id":"ais_par3.85688","geometry":{"type":"Polygon","coordinates":[[[12.0143,55.5044],[12.0142,55.5043],[12.0139,55.5043],[12.0139,55.5044],[12.0143,55.5044]]]},"properties":{"sourceId":"ais_par3.85688","a_type":5120,"hectares":0.036}},{"type":"Feature","id":"ais_par3.85689","geometry":{"type":"Polygon","coordinates":[[[12.031,55.5013],[12.0308,55.5002],[12.0291,55.5003],[12.029,55.5],[12.0305,55.4999],[12.0304,55.4996],[12.0295,55.4997],[12.0296,55.4999],[12.0293,55.5],[12.0291,55.4998],[12.0289,55.4998],[12.0287,55.4998],[12.0284,55.4998],[12.0289,55.5001],[12.0286,55.5004],[12.0276,55.5004],[12.0276,55.5002],[12.0269,55.5003],[12.0267,55.5004],[12.0259,55.5006],[12.0258,55.5008],[12.0257,55.501],[12.0255,55.5009],[12.0249,55.5009],[12.0249,55.5012],[12.0242,55.5012],[12.0237,55.5013],[12.0237,55.5015],[12.0245,55.5015],[12.0248,55.5017],[12.0242,55.5019],[12.0246,55.502],[12.025,55.5018],[12.0245,55.5014],[12.0243,55.5012],[12.025,55.5012],[12.0253,55.5014],[12.0258,55.5014],[12.0262,55.5017],[12.0264,55.5015],[12.026,55.5006],[12.0267,55.5005],[12.0269,55.501],[12.0272,55.5008],[12.0279,55.5013],[12.0276,55.5005],[12.0286,55.5005],[12.0293,55.5018],[12.0299,55.5018],[12.0305,55.5018],[12.031,55.5016],[12.031,55.5013]]]},"properties":{"sourceId":"ais_par3.85689","a_type":5120,"hectares":3.966}},{"type":"Feature","id":"ais_par3.85690","geometry":{"type":"Polygon","coordinates":[[[12.0344,55.5031],[12.0345,55.5028],[12.034,55.5028],[12.034,55.5029],[12.0344,55.5031]]]},"properties":{"sourceId":"ais_par3.85690","a_type":5120,"hectares":0.062}},{"type":"Feature","id":"ais_par3.85729","geometry":{"type":"Polygon","coordinates":[[[11.9552,55.4807],[11.955,55.4808],[11.9551,55.481],[11.9553,55.4809],[11.9552,55.4807]]]},"properties":{"sourceId":"ais_par3.85729","a_type":5120,"hectares":0.033}},{"type":"Feature","id":"ais_par3.85691","geometry":{"type":"Polygon","coordinates":[[[12.0271,55.5048],[12.0273,55.5049],[12.0278,55.5047],[12.0281,55.5048],[12.0284,55.5046],[12.0281,55.5045],[12.0285,55.5043],[12.0283,55.5039],[12.0279,55.5039],[12.0271,55.5048]]]},"properties":{"sourceId":"ais_par3.85691","a_type":5120,"hectares":0.563}},{"type":"Feature","id":"ais_par3.85692","geometry":{"type":"Polygon","coordinates":[[[12.0275,55.5052],[12.0274,55.5054],[12.0274,55.5055],[12.0278,55.5054],[12.0278,55.5053],[12.0275,55.5052]]]},"properties":{"sourceId":"ais_par3.85692","a_type":5120,"hectares":0.055}},{"type":"Feature","id":"ais_par3.85693","geometry":{"type":"Polygon","coordinates":[[[12.0302,55.4981],[12.0308,55.4982],[12.031,55.4985],[12.0308,55.4987],[12.0313,55.4986],[12.0318,55.4982],[12.032,55.4977],[12.0314,55.4976],[12.0308,55.4974],[12.0302,55.4981]]]},"properties":{"sourceId":"ais_par3.85693","a_type":5120,"hectares":0.853}},{"type":"Feature","id":"ais_par3.85694","geometry":{"type":"Polygon","coordinates":[[[12.0321,55.4973],[12.0324,55.4974],[12.0332,55.4968],[12.0331,55.4965],[12.0331,55.4964],[12.0333,55.4962],[12.0331,55.496],[12.0329,55.4959],[12.0326,55.4959],[12.0325,55.496],[12.0324,55.4961],[12.0322,55.4962],[12.0322,55.4962],[12.0313,55.4965],[12.031,55.4966],[12.0309,55.4969],[12.031,55.4969],[12.0314,55.4967],[12.0317,55.4965],[12.0319,55.4968],[12.0321,55.4973]]]},"properties":{"sourceId":"ais_par3.85694","a_type":5120,"hectares":1.168}},{"type":"Feature","id":"ais_par3.85695","geometry":{"type":"Polygon","coordinates":[[[12.0339,55.4982],[12.0339,55.4981],[12.0338,55.498],[12.0336,55.4981],[12.0336,55.4982],[12.0339,55.4982]]]},"properties":{"sourceId":"ais_par3.85695","a_type":5120,"hectares":0.029}},{"type":"Feature","id":"ais_par3.85696","geometry":{"type":"Polygon","coordinates":[[[12.0497,55.5029],[12.0494,55.5029],[12.0493,55.5031],[12.0495,55.5032],[12.0497,55.5029]]]},"properties":{"sourceId":"ais_par3.85696","a_type":5120,"hectares":0.049}},{"type":"Feature","id":"ais_par3.85697","geometry":{"type":"Polygon","coordinates":[[[12.0425,55.4982],[12.0422,55.4982],[12.0422,55.4983],[12.0424,55.4984],[12.0425,55.4982]]]},"properties":{"sourceId":"ais_par3.85697","a_type":5120,"hectares":0.03}},{"type":"Feature","id":"ais_par3.85698","geometry":{"type":"Polygon","coordinates":[[[12.0486,55.4979],[12.0489,55.4978],[12.0488,55.4977],[12.0486,55.4977],[12.0486,55.4979]]]},"properties":{"sourceId":"ais_par3.85698","a_type":5120,"hectares":0.027}},{"type":"Feature","id":"ais_par3.85699","geometry":{"type":"Polygon","coordinates":[[[12.0553,55.496],[12.0549,55.496],[12.0549,55.4961],[12.0552,55.4962],[12.0553,55.496]]]},"properties":{"sourceId":"ais_par3.85699","a_type":5120,"hectares":0.04}},{"type":"Feature","id":"ais_par3.85700","geometry":{"type":"Polygon","coordinates":[[[12.0753,55.497],[12.0749,55.497],[12.0749,55.4971],[12.0753,55.4971],[12.0753,55.497]]]},"properties":{"sourceId":"ais_par3.85700","a_type":5120,"hectares":0.057}},{"type":"Feature","id":"ais_par3.85701","geometry":{"type":"Polygon","coordinates":[[[12.0728,55.4986],[12.0726,55.4986],[12.0726,55.4988],[12.0729,55.4988],[12.0728,55.4986]]]},"properties":{"sourceId":"ais_par3.85701","a_type":5120,"hectares":0.037}},{"type":"Feature","id":"ais_par3.85702","geometry":{"type":"Polygon","coordinates":[[[11.948,55.4969],[11.948,55.4968],[11.9475,55.4968],[11.9474,55.4969],[11.948,55.4969]]]},"properties":{"sourceId":"ais_par3.85702","a_type":5120,"hectares":0.042}},{"type":"Feature","id":"ais_par3.85703","geometry":{"type":"Polygon","coordinates":[[[11.9554,55.4965],[11.9553,55.4962],[11.9549,55.4962],[11.955,55.4966],[11.9554,55.4965]]]},"properties":{"sourceId":"ais_par3.85703","a_type":5120,"hectares":0.083}},{"type":"Feature","id":"ais_par3.85704","geometry":{"type":"Polygon","coordinates":[[[11.9594,55.4957],[11.9593,55.4953],[11.959,55.4953],[11.9589,55.4958],[11.9594,55.4957]]]},"properties":{"sourceId":"ais_par3.85704","a_type":5120,"hectares":0.127}},{"type":"Feature","id":"ais_par3.85705","geometry":{"type":"Polygon","coordinates":[[[11.9646,55.4954],[11.9647,55.495],[11.9643,55.495],[11.9641,55.4954],[11.9646,55.4954]]]},"properties":{"sourceId":"ais_par3.85705","a_type":5120,"hectares":0.156}},{"type":"Feature","id":"ais_par3.85706","geometry":{"type":"Polygon","coordinates":[[[11.9618,55.4926],[11.9615,55.4924],[11.9612,55.4923],[11.9611,55.4924],[11.9613,55.4926],[11.9617,55.4927],[11.9618,55.4926]]]},"properties":{"sourceId":"ais_par3.85706","a_type":5120,"hectares":0.096}},{"type":"Feature","id":"ais_par3.85707","geometry":{"type":"Polygon","coordinates":[[[11.9661,55.4921],[11.966,55.4919],[11.9656,55.4919],[11.9655,55.4919],[11.9653,55.4921],[11.9654,55.4921],[11.9658,55.4921],[11.9661,55.4921]]]},"properties":{"sourceId":"ais_par3.85707","a_type":5120,"hectares":0.128}},{"type":"Feature","id":"ais_par3.85708","geometry":{"type":"Polygon","coordinates":[[[11.9569,55.4918],[11.9557,55.4919],[11.9557,55.4922],[11.957,55.4921],[11.9569,55.4918]]]},"properties":{"sourceId":"ais_par3.85708","a_type":5120,"hectares":0.218}},{"type":"Feature","id":"ais_par3.85709","geometry":{"type":"Polygon","coordinates":[[[11.957,55.4925],[11.957,55.4922],[11.9565,55.4922],[11.9558,55.4923],[11.9558,55.4926],[11.957,55.4925]]]},"properties":{"sourceId":"ais_par3.85709","a_type":5120,"hectares":0.257}},{"type":"Feature","id":"ais_par3.85710","geometry":{"type":"Polygon","coordinates":[[[11.9548,55.4926],[11.9547,55.4921],[11.9542,55.492],[11.9538,55.4923],[11.9535,55.4926],[11.9548,55.4926]]]},"properties":{"sourceId":"ais_par3.85710","a_type":5120,"hectares":0.382}},{"type":"Feature","id":"ais_par3.85711","geometry":{"type":"Polygon","coordinates":[[[11.9545,55.49],[11.9541,55.49],[11.9541,55.4902],[11.9545,55.4902],[11.9545,55.49]]]},"properties":{"sourceId":"ais_par3.85711","a_type":5120,"hectares":0.061}},{"type":"Feature","id":"ais_par3.85712","geometry":{"type":"Polygon","coordinates":[[[11.9471,55.4908],[11.9465,55.4909],[11.9465,55.4911],[11.9471,55.491],[11.9471,55.4908]]]},"properties":{"sourceId":"ais_par3.85712","a_type":5120,"hectares":0.092}},{"type":"Feature","id":"ais_par3.85713","geometry":{"type":"Polygon","coordinates":[[[11.9829,55.494],[11.9831,55.494],[11.9833,55.494],[11.9832,55.4937],[11.9829,55.4937],[11.9829,55.494]]]},"properties":{"sourceId":"ais_par3.85713","a_type":5120,"hectares":0.073}},{"type":"Feature","id":"ais_par3.85714","geometry":{"type":"Polygon","coordinates":[[[11.9834,55.4951],[11.9839,55.4957],[11.9841,55.4956],[11.9837,55.4951],[11.9834,55.4951]]]},"properties":{"sourceId":"ais_par3.85714","a_type":5120,"hectares":0.122}},{"type":"Feature","id":"ais_par3.85715","geometry":{"type":"Polygon","coordinates":[[[11.9898,55.4935],[11.9902,55.4935],[11.9901,55.4933],[11.9899,55.4933],[11.9898,55.4935]]]},"properties":{"sourceId":"ais_par3.85715","a_type":5120,"hectares":0.032}},{"type":"Feature","id":"ais_par3.85716","geometry":{"type":"Polygon","coordinates":[[[11.9966,55.493],[11.9955,55.493],[11.9955,55.4936],[11.9961,55.4936],[11.9965,55.4936],[11.9966,55.493]]]},"properties":{"sourceId":"ais_par3.85716","a_type":5120,"hectares":0.398}},{"type":"Feature","id":"ais_par3.85717","geometry":{"type":"Polygon","coordinates":[[[11.9994,55.4949],[11.9988,55.4949],[11.9988,55.4952],[11.9994,55.4952],[11.9994,55.4949]]]},"properties":{"sourceId":"ais_par3.85717","a_type":5120,"hectares":0.123}},{"type":"Feature","id":"ais_par3.85718","geometry":{"type":"Polygon","coordinates":[[[12.0194,55.4929],[12.0188,55.4929],[12.0183,55.4929],[12.0182,55.4929],[12.0183,55.4931],[12.0188,55.493],[12.0189,55.493],[12.0194,55.4929]]]},"properties":{"sourceId":"ais_par3.85718","a_type":5120,"hectares":0.101}},{"type":"Feature","id":"ais_par3.85719","geometry":{"type":"Polygon","coordinates":[[[12.0193,55.4942],[12.0192,55.4944],[12.0189,55.4945],[12.019,55.4946],[12.0192,55.4945],[12.0193,55.4942]]]},"properties":{"sourceId":"ais_par3.85719","a_type":5120,"hectares":0.016}},{"type":"Feature","id":"ais_par3.85720","geometry":{"type":"Polygon","coordinates":[[[12.0214,55.4938],[12.0209,55.4939],[12.0208,55.494],[12.0208,55.4943],[12.021,55.4944],[12.0213,55.4942],[12.0215,55.4941],[12.0214,55.4938]]]},"properties":{"sourceId":"ais_par3.85720","a_type":5120,"hectares":0.172}},{"type":"Feature","id":"ais_par3.85721","geometry":{"type":"Polygon","coordinates":[[[12.023,55.4903],[12.0233,55.4904],[12.0233,55.4902],[12.0231,55.4902],[12.023,55.4903]]]},"properties":{"sourceId":"ais_par3.85721","a_type":5120,"hectares":0.036}},{"type":"Feature","id":"ais_par3.85722","geometry":{"type":"Polygon","coordinates":[[[12.0414,55.4931],[12.0411,55.4931],[12.041,55.4932],[12.0409,55.4933],[12.0409,55.4933],[12.0413,55.4933],[12.0414,55.4931]]]},"properties":{"sourceId":"ais_par3.85722","a_type":5120,"hectares":0.065}},{"type":"Feature","id":"ais_par3.85723","geometry":{"type":"Polygon","coordinates":[[[12.0433,55.4946],[12.0431,55.4944],[12.0428,55.4944],[12.0427,55.4944],[12.0428,55.4945],[12.0429,55.4946],[12.0433,55.4946]]]},"properties":{"sourceId":"ais_par3.85723","a_type":5120,"hectares":0.059}},{"type":"Feature","id":"ais_par3.85724","geometry":{"type":"Polygon","coordinates":[[[12.062,55.4942],[12.0617,55.4942],[12.0616,55.4945],[12.0619,55.4948],[12.0621,55.4947],[12.0621,55.4946],[12.0619,55.4944],[12.0618,55.4944],[12.062,55.4942]]]},"properties":{"sourceId":"ais_par3.85724","a_type":5120,"hectares":0.125}},{"type":"Feature","id":"ais_par3.85725","geometry":{"type":"Polygon","coordinates":[[[11.9401,55.4859],[11.9408,55.4859],[11.9408,55.4857],[11.9401,55.4857],[11.9401,55.4859]]]},"properties":{"sourceId":"ais_par3.85725","a_type":5120,"hectares":0.106}},{"type":"Feature","id":"ais_par3.85726","geometry":{"type":"Polygon","coordinates":[[[11.963,55.4852],[11.963,55.4849],[11.9627,55.4849],[11.9626,55.4853],[11.9629,55.4853],[11.963,55.4852]]]},"properties":{"sourceId":"ais_par3.85726","a_type":5120,"hectares":0.109}},{"type":"Feature","id":"ais_par3.85727","geometry":{"type":"Polygon","coordinates":[[[11.9602,55.4882],[11.9599,55.4882],[11.9599,55.4886],[11.9602,55.4886],[11.9602,55.4882]]]},"properties":{"sourceId":"ais_par3.85727","a_type":5120,"hectares":0.105}},{"type":"Feature","id":"ais_par3.85728","geometry":{"type":"Polygon","coordinates":[[[11.9505,55.4822],[11.9502,55.482],[11.9502,55.4817],[11.9501,55.4814],[11.9499,55.4814],[11.9497,55.4815],[11.9497,55.4818],[11.9499,55.4821],[11.9503,55.4823],[11.9504,55.4823],[11.9505,55.4822]]]},"properties":{"sourceId":"ais_par3.85728","a_type":5120,"hectares":0.245}},{"type":"Feature","id":"ais_par3.85730","geometry":{"type":"Polygon","coordinates":[[[11.9615,55.4803],[11.9611,55.4803],[11.9611,55.4804],[11.9614,55.4804],[11.9615,55.4803]]]},"properties":{"sourceId":"ais_par3.85730","a_type":5120,"hectares":0.031}},{"type":"Feature","id":"ais_par3.85731","geometry":{"type":"Polygon","coordinates":[[[11.9715,55.4801],[11.9714,55.4799],[11.9712,55.4799],[11.9711,55.4801],[11.9715,55.4801]]]},"properties":{"sourceId":"ais_par3.85731","a_type":5120,"hectares":0.038}},{"type":"Feature","id":"ais_par3.85732","geometry":{"type":"Polygon","coordinates":[[[11.9821,55.4934],[11.9837,55.4931],[11.9837,55.4928],[11.9837,55.4922],[11.9834,55.4917],[11.9833,55.4911],[11.9838,55.4903],[11.985,55.4897],[11.988,55.4886],[11.9887,55.4883],[11.9898,55.488],[11.9907,55.4875],[11.9914,55.4869],[11.9916,55.4864],[11.9915,55.4859],[11.9905,55.4852],[11.9902,55.485],[11.9895,55.485],[11.9892,55.4849],[11.9878,55.4851],[11.987,55.4851],[11.9862,55.4851],[11.985,55.485],[11.9839,55.4851],[11.9832,55.4857],[11.9824,55.486],[11.9819,55.4862],[11.9818,55.4866],[11.9804,55.4875],[11.98,55.4882],[11.9795,55.4888],[11.9798,55.4899],[11.9805,55.4915],[11.9807,55.4921],[11.9807,55.4925],[11.9811,55.4929],[11.9815,55.4932],[11.9821,55.4934]]]},"properties":{"sourceId":"ais_par3.85732","a_type":5120,"hectares":36.503}},{"type":"Feature","id":"ais_par3.85733","geometry":{"type":"Polygon","coordinates":[[[11.9823,55.4837],[11.9827,55.4838],[11.9829,55.484],[11.9831,55.4843],[11.9831,55.4849],[11.9825,55.4851],[11.9821,55.4854],[11.982,55.4858],[11.9817,55.486],[11.982,55.486],[11.9822,55.4859],[11.9822,55.4858],[11.9826,55.4853],[11.9832,55.485],[11.9834,55.4846],[11.9832,55.484],[11.9827,55.4837],[11.9824,55.4835],[11.9823,55.4837]]]},"properties":{"sourceId":"ais_par3.85733","a_type":5120,"hectares":0.481}},{"type":"Feature","id":"ais_par3.85734","geometry":{"type":"Polygon","coordinates":[[[11.982,55.4837],[11.9821,55.4836],[11.982,55.4833],[11.9818,55.4832],[11.9817,55.483],[11.9816,55.4829],[11.9812,55.4828],[11.9811,55.4828],[11.9815,55.483],[11.9814,55.4832],[11.9816,55.4834],[11.9817,55.4837],[11.982,55.4837]]]},"properties":{"sourceId":"ais_par3.85734","a_type":5120,"hectares":0.237}},{"type":"Feature","id":"ais_par3.85735","geometry":{"type":"Polygon","coordinates":[[[11.9813,55.4787],[11.9813,55.4786],[11.9809,55.4786],[11.9809,55.4787],[11.9813,55.4787]]]},"properties":{"sourceId":"ais_par3.85735","a_type":5120,"hectares":0.048}},{"type":"Feature","id":"ais_par3.85736","geometry":{"type":"Polygon","coordinates":[[[11.9824,55.477],[11.982,55.477],[11.982,55.4771],[11.9824,55.4771],[11.9824,55.477]]]},"properties":{"sourceId":"ais_par3.85736","a_type":5120,"hectares":0.038}},{"type":"Feature","id":"ais_par3.85737","geometry":{"type":"Polygon","coordinates":[[[11.9987,55.4896],[11.9984,55.4896],[11.9984,55.4898],[11.9986,55.4898],[11.9987,55.4896]]]},"properties":{"sourceId":"ais_par3.85737","a_type":5120,"hectares":0.037}},{"type":"Feature","id":"ais_par3.85738","geometry":{"type":"Polygon","coordinates":[[[11.9998,55.4883],[11.9998,55.4884],[12.0005,55.4884],[12.0013,55.4882],[12.0018,55.488],[12.0018,55.4878],[12.0015,55.4878],[12.0015,55.4881],[12.0013,55.488],[12.0011,55.4878],[12.0007,55.4878],[12.0002,55.488],[12.0002,55.4881],[12.0004,55.4881],[12.0008,55.4881],[11.9998,55.4883]]]},"properties":{"sourceId":"ais_par3.85738","a_type":5120,"hectares":0.406}},{"type":"Feature","id":"ais_par3.85739","geometry":{"type":"Polygon","coordinates":[[[12.0074,55.4845],[12.0044,55.4847],[12.0021,55.485],[12.0014,55.485],[12.0011,55.4847],[12.0005,55.4848],[11.9995,55.485],[11.9989,55.4852],[11.9987,55.4856],[11.9989,55.4858],[11.9991,55.4861],[11.9993,55.4864],[11.9992,55.4867],[11.9991,55.4868],[11.9995,55.487],[12.0007,55.4871],[12.0034,55.4873],[12.0042,55.4871],[12.0057,55.4869],[12.0081,55.4868],[12.0095,55.4865],[12.0095,55.4862],[12.0096,55.4862],[12.0097,55.4858],[12.0095,55.4852],[12.0074,55.4845]]]},"properties":{"sourceId":"ais_par3.85739","a_type":5120,"hectares":16.115}},{"type":"Feature","id":"ais_par3.85740","geometry":{"type":"Polygon","coordinates":[[[12.012,55.491],[12.0113,55.4911],[12.0112,55.4914],[12.0112,55.4915],[12.0115,55.4915],[12.0118,55.4915],[12.012,55.4914],[12.0122,55.4914],[12.0123,55.4912],[12.0122,55.4911],[12.012,55.491]]]},"properties":{"sourceId":"ais_par3.85740","a_type":5120,"hectares":0.296}},{"type":"Feature","id":"ais_par3.85741","geometry":{"type":"Polygon","coordinates":[[[12.0163,55.4906],[12.0159,55.4906],[12.0159,55.4908],[12.0163,55.4908],[12.0163,55.4906]]]},"properties":{"sourceId":"ais_par3.85741","a_type":5120,"hectares":0.054}},{"type":"Feature","id":"ais_par3.85742","geometry":{"type":"Polygon","coordinates":[[[11.9992,55.4784],[11.9993,55.479],[11.9997,55.479],[12.001,55.4791],[12.0011,55.4791],[12.0011,55.4789],[12.001,55.4789],[12.0008,55.479],[12.0005,55.479],[12.0001,55.4789],[12.0001,55.4786],[12,55.4784],[11.9998,55.4783],[11.9996,55.4783],[11.9992,55.4784]]]},"properties":{"sourceId":"ais_par3.85742","a_type":5120,"hectares":0.473}},{"type":"Feature","id":"ais_par3.85743","geometry":{"type":"Polygon","coordinates":[[[12.0016,55.4788],[12.0023,55.4789],[12.0033,55.4777],[12.0028,55.4773],[12.0028,55.4773],[12.0023,55.4774],[12.002,55.4773],[12.0018,55.4776],[12.0021,55.4778],[12.002,55.4781],[12.0018,55.478],[12.0016,55.4788]]]},"properties":{"sourceId":"ais_par3.85743","a_type":5120,"hectares":1.081}},{"type":"Feature","id":"ais_par3.85744","geometry":{"type":"Polygon","coordinates":[[[12.0288,55.4868],[12.0281,55.4863],[12.0273,55.4861],[12.0263,55.4859],[12.0263,55.4861],[12.0271,55.4868],[12.0284,55.487],[12.0288,55.4868]]]},"properties":{"sourceId":"ais_par3.85744","a_type":5120,"hectares":0.95}},{"type":"Feature","id":"ais_par3.85745","geometry":{"type":"Polygon","coordinates":[[[12.026,55.4863],[12.0261,55.4862],[12.0258,55.4861],[12.0258,55.4863],[12.026,55.4863]]]},"properties":{"sourceId":"ais_par3.85745","a_type":5120,"hectares":0.031}},{"type":"Feature","id":"ais_par3.85746","geometry":{"type":"Polygon","coordinates":[[[12.0127,55.4828],[12.0131,55.483],[12.0136,55.4831],[12.0137,55.483],[12.0127,55.4827],[12.0127,55.4828]]]},"properties":{"sourceId":"ais_par3.85746","a_type":5120,"hectares":0.112}},{"type":"Feature","id":"ais_par3.85747","geometry":{"type":"Polygon","coordinates":[[[12.0346,55.4856],[12.0343,55.4856],[12.0343,55.4859],[12.0347,55.4859],[12.0346,55.4856]]]},"properties":{"sourceId":"ais_par3.85747","a_type":5120,"hectares":0.063}},{"type":"Feature","id":"ais_par3.85748","geometry":{"type":"Polygon","coordinates":[[[12.0279,55.4794],[12.0274,55.4794],[12.0274,55.4795],[12.0279,55.4796],[12.0279,55.4794]]]},"properties":{"sourceId":"ais_par3.85748","a_type":5120,"hectares":0.058}},{"type":"Feature","id":"ais_par3.85749","geometry":{"type":"Polygon","coordinates":[[[12.0333,55.4804],[12.0328,55.4804],[12.0328,55.4807],[12.0332,55.4807],[12.0333,55.4804]]]},"properties":{"sourceId":"ais_par3.85749","a_type":5120,"hectares":0.09}},{"type":"Feature","id":"ais_par3.85750","geometry":{"type":"Polygon","coordinates":[[[12.0495,55.4897],[12.0498,55.4899],[12.05,55.4898],[12.05,55.4897],[12.0499,55.4895],[12.0495,55.4896],[12.0495,55.4897]]]},"properties":{"sourceId":"ais_par3.85750","a_type":5120,"hectares":0.091}},{"type":"Feature","id":"ais_par3.85751","geometry":{"type":"Polygon","coordinates":[[[12.0476,55.4911],[12.0471,55.4911],[12.0471,55.4913],[12.0475,55.4913],[12.0476,55.4911]]]},"properties":{"sourceId":"ais_par3.85751","a_type":5120,"hectares":0.063}},{"type":"Feature","id":"ais_par3.85752","geometry":{"type":"Polygon","coordinates":[[[12.0365,55.4882],[12.0362,55.4882],[12.0359,55.4885],[12.0362,55.4885],[12.0365,55.4882]]]},"properties":{"sourceId":"ais_par3.85752","a_type":5120,"hectares":0.054}},{"type":"Feature","id":"ais_par3.85753","geometry":{"type":"Polygon","coordinates":[[[12.06,55.4798],[12.0596,55.4799],[12.0598,55.4801],[12.06,55.4801],[12.0602,55.4801],[12.0603,55.48],[12.06,55.4798]]]},"properties":{"sourceId":"ais_par3.85753","a_type":5120,"hectares":0.082}},{"type":"Feature","id":"ais_par3.85754","geometry":{"type":"Polygon","coordinates":[[[12.0674,55.4804],[12.0676,55.4803],[12.0677,55.4803],[12.0678,55.4801],[12.0678,55.48],[12.0676,55.4799],[12.0675,55.4799],[12.0674,55.48],[12.0673,55.4801],[12.0673,55.4802],[12.0673,55.4803],[12.0674,55.4804]]]},"properties":{"sourceId":"ais_par3.85754","a_type":5120,"hectares":0.122}},{"type":"Feature","id":"ais_par3.85755","geometry":{"type":"Polygon","coordinates":[[[12.0665,55.4802],[12.0655,55.4802],[12.0638,55.4804],[12.0637,55.4806],[12.0642,55.4807],[12.0643,55.4808],[12.0649,55.4809],[12.0659,55.4808],[12.0661,55.4807],[12.0664,55.4806],[12.0667,55.4803],[12.0665,55.4802]]]},"properties":{"sourceId":"ais_par3.85755","a_type":5120,"hectares":0.962}},{"type":"Feature","id":"ais_par3.85756","geometry":{"type":"Polygon","coordinates":[[[12.0701,55.4841],[12.0703,55.4841],[12.0708,55.484],[12.0708,55.4839],[12.0707,55.4837],[12.0704,55.4836],[12.07,55.4837],[12.0699,55.4839],[12.0701,55.4841]]]},"properties":{"sourceId":"ais_par3.85756","a_type":5120,"hectares":0.229}},{"type":"Feature","id":"ais_par3.85757","geometry":{"type":"Polygon","coordinates":[[[12.0791,55.4794],[12.0789,55.4795],[12.0786,55.4795],[12.0782,55.4796],[12.0783,55.4797],[12.0786,55.4799],[12.0785,55.48],[12.078,55.48],[12.0776,55.48],[12.0775,55.4803],[12.0783,55.4803],[12.0785,55.4802],[12.0789,55.4804],[12.0791,55.4803],[12.0792,55.4801],[12.0791,55.4794]]]},"properties":{"sourceId":"ais_par3.85757","a_type":5120,"hectares":0.615}},{"type":"Feature","id":"ais_par3.85792","geometry":{"type":"Polygon","coordinates":[[[12.0534,55.4641],[12.0534,55.4638],[12.0527,55.4638],[12.0525,55.464],[12.0534,55.4641]]]},"properties":{"sourceId":"ais_par3.85792","a_type":5120,"hectares":0.107}},{"type":"Feature","id":"ais_par3.85793","geometry":{"type":"Polygon","coordinates":[[[12.0447,55.4605],[12.0444,55.4604],[12.0443,55.4605],[12.0445,55.4606],[12.0447,55.4605]]]},"properties":{"sourceId":"ais_par3.85793","a_type":5120,"hectares":0.036}},{"type":"Feature","id":"ais_par3.85758","geometry":{"type":"Polygon","coordinates":[[[12.0902,55.4774],[12.089,55.4771],[12.0888,55.4772],[12.0884,55.4772],[12.0882,55.4773],[12.0878,55.4773],[12.0868,55.4775],[12.0869,55.4779],[12.0864,55.4779],[12.0857,55.4785],[12.0858,55.4786],[12.0856,55.479],[12.0861,55.4791],[12.0863,55.4789],[12.0866,55.4789],[12.0867,55.479],[12.0869,55.4791],[12.0871,55.4791],[12.0881,55.4785],[12.0882,55.4784],[12.0885,55.4783],[12.0885,55.4782],[12.0887,55.4781],[12.0891,55.4781],[12.0893,55.4778],[12.0894,55.4777],[12.0898,55.4775],[12.09,55.4775],[12.0902,55.4774]]]},"properties":{"sourceId":"ais_par3.85758","a_type":5120,"hectares":3.031}},{"type":"Feature","id":"ais_par3.85759","geometry":{"type":"Polygon","coordinates":[[[12.084,55.4809],[12.0837,55.4809],[12.0837,55.4811],[12.0841,55.4811],[12.084,55.4809]]]},"properties":{"sourceId":"ais_par3.85759","a_type":5120,"hectares":0.044}},{"type":"Feature","id":"ais_par3.85760","geometry":{"type":"Polygon","coordinates":[[[12.0949,55.489],[12.095,55.4892],[12.0951,55.4893],[12.0953,55.4894],[12.0956,55.4894],[12.0959,55.4892],[12.0958,55.489],[12.0957,55.489],[12.0955,55.4889],[12.0953,55.4889],[12.0949,55.489]]]},"properties":{"sourceId":"ais_par3.85760","a_type":5120,"hectares":0.248}},{"type":"Feature","id":"ais_par3.85761","geometry":{"type":"Polygon","coordinates":[[[12.0949,55.4894],[12.0947,55.4893],[12.0946,55.4893],[12.0946,55.489],[12.0942,55.4891],[12.094,55.4892],[12.0937,55.4896],[12.0942,55.4898],[12.0948,55.4898],[12.0949,55.4894],[12.0949,55.4894]]]},"properties":{"sourceId":"ais_par3.85761","a_type":5120,"hectares":0.465}},{"type":"Feature","id":"ais_par3.85762","geometry":{"type":"Polygon","coordinates":[[[11.95,55.4766],[11.9496,55.4766],[11.9495,55.4768],[11.9498,55.4769],[11.95,55.4766]]]},"properties":{"sourceId":"ais_par3.85762","a_type":5120,"hectares":0.055}},{"type":"Feature","id":"ais_par3.85763","geometry":{"type":"Polygon","coordinates":[[[11.9429,55.4705],[11.9428,55.4703],[11.9426,55.4703],[11.9424,55.4702],[11.9424,55.4703],[11.9425,55.4705],[11.9429,55.4705]]]},"properties":{"sourceId":"ais_par3.85763","a_type":5120,"hectares":0.07}},{"type":"Feature","id":"ais_par3.85764","geometry":{"type":"Polygon","coordinates":[[[11.9496,55.4727],[11.9494,55.4726],[11.9493,55.4726],[11.9493,55.4727],[11.9496,55.4727]]]},"properties":{"sourceId":"ais_par3.85764","a_type":5120,"hectares":0.018}},{"type":"Feature","id":"ais_par3.85765","geometry":{"type":"Polygon","coordinates":[[[11.9536,55.4765],[11.9534,55.4767],[11.9536,55.4766],[11.9536,55.4765]]]},"properties":{"sourceId":"ais_par3.85765","a_type":5120,"hectares":0.009}},{"type":"Feature","id":"ais_par3.85766","geometry":{"type":"Polygon","coordinates":[[[11.9666,55.4773],[11.9668,55.4772],[11.9668,55.4771],[11.9667,55.477],[11.9666,55.477],[11.9666,55.4773]]]},"properties":{"sourceId":"ais_par3.85766","a_type":5120,"hectares":0.037}},{"type":"Feature","id":"ais_par3.85767","geometry":{"type":"Polygon","coordinates":[[[11.9677,55.4754],[11.9674,55.4753],[11.9673,55.4754],[11.9673,55.4755],[11.9675,55.4755],[11.9677,55.4754]]]},"properties":{"sourceId":"ais_par3.85767","a_type":5120,"hectares":0.025}},{"type":"Feature","id":"ais_par3.85768","geometry":{"type":"Polygon","coordinates":[[[11.9494,55.4693],[11.9507,55.4692],[11.9504,55.468],[11.9493,55.4679],[11.9494,55.4693]]]},"properties":{"sourceId":"ais_par3.85768","a_type":5120,"hectares":1.121}},{"type":"Feature","id":"ais_par3.85769","geometry":{"type":"Polygon","coordinates":[[[11.9476,55.4677],[11.9472,55.4676],[11.9465,55.4676],[11.9463,55.4678],[11.9462,55.4679],[11.9464,55.4681],[11.9464,55.4683],[11.9465,55.4683],[11.9473,55.4685],[11.9474,55.4684],[11.9476,55.4685],[11.9476,55.4677]]]},"properties":{"sourceId":"ais_par3.85769","a_type":5120,"hectares":0.713}},{"type":"Feature","id":"ais_par3.85770","geometry":{"type":"Polygon","coordinates":[[[11.972,55.4683],[11.9723,55.4685],[11.9736,55.4688],[11.9724,55.4678],[11.972,55.4683]]]},"properties":{"sourceId":"ais_par3.85770","a_type":5120,"hectares":0.36}},{"type":"Feature","id":"ais_par3.85771","geometry":{"type":"Polygon","coordinates":[[[11.9881,55.4759],[11.9883,55.4759],[11.9884,55.4758],[11.9883,55.4757],[11.9882,55.4756],[11.9881,55.4756],[11.9879,55.4757],[11.988,55.4758],[11.988,55.4759],[11.9881,55.4759]]]},"properties":{"sourceId":"ais_par3.85771","a_type":5120,"hectares":0.062}},{"type":"Feature","id":"ais_par3.85772","geometry":{"type":"Polygon","coordinates":[[[11.9874,55.4745],[11.9869,55.4745],[11.9869,55.4746],[11.9874,55.4746],[11.9874,55.4745]]]},"properties":{"sourceId":"ais_par3.85772","a_type":5120,"hectares":0.04}},{"type":"Feature","id":"ais_par3.85773","geometry":{"type":"Polygon","coordinates":[[[11.9967,55.4742],[11.9964,55.4742],[11.9964,55.4744],[11.9966,55.4745],[11.9967,55.4742]]]},"properties":{"sourceId":"ais_par3.85773","a_type":5120,"hectares":0.041}},{"type":"Feature","id":"ais_par3.85774","geometry":{"type":"Polygon","coordinates":[[[12.0009,55.4712],[12.0003,55.4712],[12.0004,55.4713],[12.0006,55.4714],[12.0008,55.4714],[12.0009,55.4712]]]},"properties":{"sourceId":"ais_par3.85774","a_type":5120,"hectares":0.062}},{"type":"Feature","id":"ais_par3.85775","geometry":{"type":"Polygon","coordinates":[[[11.9955,55.4687],[11.9957,55.4687],[11.9957,55.4686],[11.9956,55.4685],[11.9955,55.4685],[11.9954,55.4686],[11.9955,55.4687]]]},"properties":{"sourceId":"ais_par3.85775","a_type":5120,"hectares":0.023}},{"type":"Feature","id":"ais_par3.85776","geometry":{"type":"Polygon","coordinates":[[[11.9916,55.4646],[11.9913,55.4646],[11.9912,55.4648],[11.9916,55.4648],[11.9916,55.4646]]]},"properties":{"sourceId":"ais_par3.85776","a_type":5120,"hectares":0.042}},{"type":"Feature","id":"ais_par3.85777","geometry":{"type":"Polygon","coordinates":[[[11.9928,55.4642],[11.9945,55.4646],[11.9946,55.4647],[11.9954,55.4649],[11.9968,55.465],[11.9981,55.4651],[11.9981,55.4647],[11.9962,55.4644],[11.9934,55.464],[11.9928,55.4642]]]},"properties":{"sourceId":"ais_par3.85777","a_type":5120,"hectares":1.64}},{"type":"Feature","id":"ais_par3.85778","geometry":{"type":"Polygon","coordinates":[[[12.0061,55.4666],[12.0061,55.4665],[12.0058,55.4664],[12.0056,55.4665],[12.0061,55.4666]]]},"properties":{"sourceId":"ais_par3.85778","a_type":5120,"hectares":0.04}},{"type":"Feature","id":"ais_par3.85779","geometry":{"type":"Polygon","coordinates":[[[12.0026,55.4624],[12.0014,55.4627],[12.0023,55.4636],[12.0035,55.4631],[12.0026,55.4624]]]},"properties":{"sourceId":"ais_par3.85779","a_type":5120,"hectares":0.966}},{"type":"Feature","id":"ais_par3.85780","geometry":{"type":"Polygon","coordinates":[[[12.0082,55.4652],[12.0083,55.4652],[12.0088,55.4653],[12.0089,55.4655],[12.0093,55.4655],[12.0092,55.4651],[12.0089,55.4651],[12.0089,55.465],[12.0082,55.465],[12.0082,55.4652]]]},"properties":{"sourceId":"ais_par3.85780","a_type":5120,"hectares":0.208}},{"type":"Feature","id":"ais_par3.85781","geometry":{"type":"Polygon","coordinates":[[[12.0172,55.4677],[12.0175,55.4677],[12.0176,55.4676],[12.0176,55.4674],[12.0173,55.4672],[12.0173,55.4672],[12.0176,55.4672],[12.0177,55.4671],[12.0176,55.4669],[12.0172,55.4668],[12.0169,55.467],[12.0167,55.467],[12.0165,55.4672],[12.0166,55.4674],[12.0169,55.4676],[12.0172,55.4677]],[[12.0172,55.4676],[12.0169,55.4675],[12.0166,55.4673],[12.0168,55.4671],[12.0171,55.467],[12.0172,55.4669],[12.0175,55.467],[12.0175,55.4671],[12.0172,55.4671],[12.0171,55.4673],[12.0174,55.4675],[12.0175,55.4676],[12.0174,55.4676],[12.0172,55.4676]]]},"properties":{"sourceId":"ais_par3.85781","a_type":5120,"hectares":0.246}},{"type":"Feature","id":"ais_par3.85782","geometry":{"type":"Polygon","coordinates":[[[12.0233,55.4631],[12.0227,55.463],[12.0224,55.4632],[12.0232,55.4634],[12.0233,55.4631]]]},"properties":{"sourceId":"ais_par3.85782","a_type":5120,"hectares":0.148}},{"type":"Feature","id":"ais_par3.85783","geometry":{"type":"Polygon","coordinates":[[[12.0193,55.4625],[12.019,55.4623],[12.0186,55.4624],[12.0186,55.4626],[12.0191,55.4626],[12.0193,55.4625]]]},"properties":{"sourceId":"ais_par3.85783","a_type":5120,"hectares":0.11}},{"type":"Feature","id":"ais_par3.85784","geometry":{"type":"Polygon","coordinates":[[[12.0186,55.464],[12.019,55.464],[12.0193,55.4639],[12.0198,55.4639],[12.0202,55.4634],[12.02,55.4633],[12.0197,55.4635],[12.0195,55.4638],[12.0194,55.4638],[12.0194,55.4636],[12.0193,55.4636],[12.0192,55.4637],[12.0188,55.4638],[12.0186,55.4639],[12.0186,55.464],[12.0186,55.464]]]},"properties":{"sourceId":"ais_par3.85784","a_type":5120,"hectares":0.296}},{"type":"Feature","id":"ais_par3.85785","geometry":{"type":"Polygon","coordinates":[[[12.0197,55.4644],[12.0196,55.4643],[12.0196,55.4643],[12.0196,55.4644],[12.0197,55.4644]]]},"properties":{"sourceId":"ais_par3.85785","a_type":5120,"hectares":0.004}},{"type":"Feature","id":"ais_par3.85786","geometry":{"type":"Polygon","coordinates":[[[12.0273,55.4732],[12.0273,55.473],[12.0272,55.4728],[12.027,55.4727],[12.0267,55.4727],[12.0262,55.4727],[12.0259,55.4728],[12.0258,55.473],[12.0259,55.4732],[12.026,55.4733],[12.0264,55.4734],[12.027,55.4733],[12.0273,55.4732]]]},"properties":{"sourceId":"ais_par3.85786","a_type":5120,"hectares":0.6}},{"type":"Feature","id":"ais_par3.85787","geometry":{"type":"Polygon","coordinates":[[[12.029,55.4677],[12.0292,55.4679],[12.0299,55.4678],[12.0299,55.4677],[12.0297,55.4676],[12.0292,55.4676],[12.029,55.4677]]]},"properties":{"sourceId":"ais_par3.85787","a_type":5120,"hectares":0.149}},{"type":"Feature","id":"ais_par3.85788","geometry":{"type":"Polygon","coordinates":[[[12.0448,55.4712],[12.0443,55.4712],[12.0444,55.4714],[12.0447,55.4714],[12.0448,55.4712]]]},"properties":{"sourceId":"ais_par3.85788","a_type":5120,"hectares":0.069}},{"type":"Feature","id":"ais_par3.85789","geometry":{"type":"Polygon","coordinates":[[[12.0472,55.4679],[12.0469,55.4679],[12.0469,55.4681],[12.0472,55.4681],[12.0472,55.4679]]]},"properties":{"sourceId":"ais_par3.85789","a_type":5120,"hectares":0.054}},{"type":"Feature","id":"ais_par3.85790","geometry":{"type":"Polygon","coordinates":[[[12.0448,55.4665],[12.0444,55.4666],[12.0444,55.4668],[12.0447,55.4668],[12.0448,55.4665]]]},"properties":{"sourceId":"ais_par3.85790","a_type":5120,"hectares":0.06}},{"type":"Feature","id":"ais_par3.85791","geometry":{"type":"Polygon","coordinates":[[[12.0481,55.4626],[12.0478,55.4626],[12.0478,55.4628],[12.0481,55.4628],[12.0481,55.4626]]]},"properties":{"sourceId":"ais_par3.85791","a_type":5120,"hectares":0.047}},{"type":"Feature","id":"ais_par3.85794","geometry":{"type":"Polygon","coordinates":[[[12.0474,55.4606],[12.0471,55.4607],[12.0471,55.4608],[12.0473,55.4608],[12.0474,55.4608],[12.0474,55.4606]]]},"properties":{"sourceId":"ais_par3.85794","a_type":5120,"hectares":0.041}},{"type":"Feature","id":"ais_par3.85795","geometry":{"type":"Polygon","coordinates":[[[12.0507,55.4601],[12.0503,55.4602],[12.0506,55.4604],[12.0508,55.4604],[12.0507,55.4601]]]},"properties":{"sourceId":"ais_par3.85795","a_type":5120,"hectares":0.051}},{"type":"Feature","id":"ais_par3.85796","geometry":{"type":"Polygon","coordinates":[[[12.0524,55.4735],[12.052,55.4735],[12.052,55.4738],[12.0524,55.4737],[12.0524,55.4735]]]},"properties":{"sourceId":"ais_par3.85796","a_type":5120,"hectares":0.064}},{"type":"Feature","id":"ais_par3.85797","geometry":{"type":"Polygon","coordinates":[[[12.0552,55.4724],[12.0548,55.4724],[12.0548,55.4725],[12.0551,55.4726],[12.0552,55.4724]]]},"properties":{"sourceId":"ais_par3.85797","a_type":5120,"hectares":0.037}},{"type":"Feature","id":"ais_par3.85798","geometry":{"type":"Polygon","coordinates":[[[12.064,55.4712],[12.0635,55.4712],[12.0635,55.4714],[12.0639,55.4714],[12.064,55.4712]]]},"properties":{"sourceId":"ais_par3.85798","a_type":5120,"hectares":0.069}},{"type":"Feature","id":"ais_par3.85799","geometry":{"type":"Polygon","coordinates":[[[12.074,55.4686],[12.0736,55.4687],[12.0735,55.4688],[12.0736,55.469],[12.0739,55.469],[12.074,55.4686]]]},"properties":{"sourceId":"ais_par3.85799","a_type":5120,"hectares":0.08}},{"type":"Feature","id":"ais_par3.85800","geometry":{"type":"Polygon","coordinates":[[[12.0731,55.4768],[12.0729,55.4766],[12.0727,55.4766],[12.0727,55.4768],[12.0731,55.4768]]]},"properties":{"sourceId":"ais_par3.85800","a_type":5120,"hectares":0.035}},{"type":"Feature","id":"ais_par3.85801","geometry":{"type":"Polygon","coordinates":[[[12.076,55.4738],[12.0758,55.4739],[12.076,55.4741],[12.0762,55.474],[12.076,55.4738]]]},"properties":{"sourceId":"ais_par3.85801","a_type":5120,"hectares":0.044}},{"type":"Feature","id":"ais_par3.85802","geometry":{"type":"Polygon","coordinates":[[[12.0779,55.4778],[12.0776,55.4778],[12.0775,55.478],[12.0779,55.478],[12.0779,55.4778]]]},"properties":{"sourceId":"ais_par3.85802","a_type":5120,"hectares":0.062}},{"type":"Feature","id":"ais_par3.85803","geometry":{"type":"Polygon","coordinates":[[[12.0807,55.4761],[12.0803,55.4762],[12.0804,55.4763],[12.0806,55.4763],[12.0807,55.4761]]]},"properties":{"sourceId":"ais_par3.85803","a_type":5120,"hectares":0.035}},{"type":"Feature","id":"ais_par3.85804","geometry":{"type":"Polygon","coordinates":[[[12.0822,55.4761],[12.0818,55.4762],[12.0818,55.4763],[12.0822,55.4763],[12.0822,55.4761]]]},"properties":{"sourceId":"ais_par3.85804","a_type":5120,"hectares":0.059}},{"type":"Feature","id":"ais_par3.85805","geometry":{"type":"Polygon","coordinates":[[[12.0712,55.4773],[12.0708,55.4773],[12.0708,55.4774],[12.0711,55.4774],[12.0712,55.4773]]]},"properties":{"sourceId":"ais_par3.85805","a_type":5120,"hectares":0.024}},{"type":"Feature","id":"ais_par3.85806","geometry":{"type":"Polygon","coordinates":[[[12.0102,55.4744],[12.0099,55.4744],[12.0098,55.4746],[12.0101,55.4746],[12.0102,55.4744]]]},"properties":{"sourceId":"ais_par3.85806","a_type":5120,"hectares":0.043}},{"type":"Feature","id":"ais_par3.85807","geometry":{"type":"Polygon","coordinates":[[[11.9392,55.4638],[11.9395,55.4639],[11.9418,55.4646],[11.9419,55.4646],[11.9426,55.4649],[11.9428,55.4648],[11.9431,55.4646],[11.9434,55.4644],[11.9425,55.4642],[11.9416,55.4643],[11.9412,55.4642],[11.9413,55.464],[11.9409,55.4637],[11.9406,55.4635],[11.9403,55.4633],[11.9393,55.4629],[11.9391,55.463],[11.9388,55.4631],[11.9388,55.4634],[11.9389,55.4635],[11.939,55.4637],[11.9392,55.4638]]]},"properties":{"sourceId":"ais_par3.85807","a_type":5120,"hectares":1.817}},{"type":"Feature","id":"ais_par3.85808","geometry":{"type":"Polygon","coordinates":[[[11.9524,55.4629],[11.9523,55.4623],[11.9523,55.4615],[11.9503,55.4613],[11.9497,55.4614],[11.9503,55.4617],[11.9502,55.4619],[11.9491,55.4615],[11.9491,55.4613],[11.9485,55.4611],[11.9476,55.461],[11.9469,55.4609],[11.9474,55.4612],[11.9481,55.4612],[11.948,55.4614],[11.9483,55.4614],[11.9484,55.4613],[11.949,55.4615],[11.9489,55.4617],[11.9524,55.4629]]]},"properties":{"sourceId":"ais_par3.85808","a_type":5120,"hectares":2.241}},{"type":"Feature","id":"ais_par3.85809","geometry":{"type":"Polygon","coordinates":[[[11.9458,55.4617],[11.9458,55.4622],[11.9458,55.4623],[11.9461,55.4623],[11.9464,55.4623],[11.9464,55.4623],[11.9464,55.4623],[11.9467,55.4624],[11.9471,55.4622],[11.9478,55.4624],[11.9476,55.4628],[11.9483,55.463],[11.9487,55.462],[11.948,55.4619],[11.9478,55.4621],[11.9477,55.4621],[11.9479,55.4616],[11.9463,55.4612],[11.9462,55.4613],[11.9456,55.4611],[11.9453,55.4616],[11.9458,55.4617]]]},"properties":{"sourceId":"ais_par3.85809","a_type":5120,"hectares":2.008}},{"type":"Feature","id":"ais_par3.85810","geometry":{"type":"Polygon","coordinates":[[[11.9476,55.4652],[11.9483,55.4653],[11.9484,55.465],[11.9481,55.4647],[11.9476,55.4652]]]},"properties":{"sourceId":"ais_par3.85810","a_type":5120,"hectares":0.199}},{"type":"Feature","id":"ais_par3.85811","geometry":{"type":"Polygon","coordinates":[[[11.9453,55.4669],[11.9456,55.4673],[11.9459,55.4677],[11.9461,55.4677],[11.9466,55.4675],[11.947,55.4674],[11.9475,55.4674],[11.9476,55.467],[11.9473,55.4665],[11.9467,55.4665],[11.9459,55.4664],[11.9459,55.4665],[11.9466,55.4666],[11.9466,55.4667],[11.9463,55.4667],[11.9461,55.4668],[11.946,55.4667],[11.9455,55.4667],[11.9453,55.4669]]]},"properties":{"sourceId":"ais_par3.85811","a_type":5120,"hectares":1.322}},{"type":"Feature","id":"ais_par3.85812","geometry":{"type":"Polygon","coordinates":[[[11.9483,55.4673],[11.9491,55.4676],[11.9494,55.4677],[11.9512,55.4676],[11.9516,55.4672],[11.9503,55.4669],[11.9485,55.4667],[11.9483,55.4673]]]},"properties":{"sourceId":"ais_par3.85812","a_type":5120,"hectares":1.583}},{"type":"Feature","id":"ais_par3.85813","geometry":{"type":"Polygon","coordinates":[[[11.9618,55.4646],[11.9617,55.4646],[11.9595,55.4651],[11.9587,55.465],[11.9587,55.4652],[11.9588,55.4656],[11.9595,55.4656],[11.9594,55.4652],[11.9601,55.4652],[11.9602,55.4652],[11.9603,55.4655],[11.9611,55.4654],[11.9612,55.465],[11.9614,55.465],[11.9615,55.4655],[11.9619,55.4655],[11.9618,55.4646]]]},"properties":{"sourceId":"ais_par3.85813","a_type":5120,"hectares":1.107}},{"type":"Feature","id":"ais_par3.85814","geometry":{"type":"Polygon","coordinates":[[[11.9583,55.4635],[11.9582,55.4635],[11.9573,55.4635],[11.9572,55.4639],[11.9574,55.4641],[11.9584,55.4642],[11.9582,55.4635],[11.9581,55.4635],[11.9583,55.4635]]]},"properties":{"sourceId":"ais_par3.85814","a_type":5120,"hectares":0.463}},{"type":"Feature","id":"ais_par3.85815","geometry":{"type":"Polygon","coordinates":[[[11.9585,55.4635],[11.9588,55.464],[11.9594,55.464],[11.9594,55.4635],[11.9608,55.4635],[11.9611,55.464],[11.9618,55.464],[11.9616,55.4637],[11.9619,55.4636],[11.9622,55.4641],[11.9627,55.4643],[11.962,55.4645],[11.9619,55.4645],[11.962,55.4645],[11.9622,55.4653],[11.9636,55.4652],[11.9637,55.4655],[11.9659,55.4654],[11.9661,55.4648],[11.9633,55.4644],[11.9627,55.4643],[11.9624,55.4636],[11.9621,55.4631],[11.9618,55.4631],[11.9619,55.4636],[11.9616,55.4637],[11.9615,55.4634],[11.9607,55.4635],[11.9594,55.4635],[11.9593,55.4631],[11.9584,55.4633],[11.9585,55.4635]]]},"properties":{"sourceId":"ais_par3.85815","a_type":5120,"hectares":3.544}},{"type":"Feature","id":"ais_par3.85816","geometry":{"type":"Polygon","coordinates":[[[11.9695,55.4651],[11.9694,55.4651],[11.9691,55.4648],[11.9681,55.465],[11.9683,55.4653],[11.9676,55.4653],[11.9676,55.4651],[11.9664,55.4651],[11.9664,55.4655],[11.9664,55.4656],[11.9676,55.4657],[11.9676,55.4653],[11.9682,55.4653],[11.9684,55.4658],[11.9695,55.4656],[11.9694,55.4651],[11.9695,55.4651]]]},"properties":{"sourceId":"ais_par3.85816","a_type":5120,"hectares":1.093}},{"type":"Feature","id":"ais_par3.85817","geometry":{"type":"Polygon","coordinates":[[[11.9713,55.4649],[11.9713,55.4649],[11.9711,55.4645],[11.9702,55.4646],[11.9693,55.4648],[11.9695,55.4649],[11.9697,55.4651],[11.9697,55.4651],[11.9699,55.4656],[11.9714,55.4654],[11.9713,55.4649]]]},"properties":{"sourceId":"ais_par3.85817","a_type":5120,"hectares":1.056}},{"type":"Feature","id":"ais_par3.85818","geometry":{"type":"Polygon","coordinates":[[[11.9721,55.4649],[11.9725,55.4653],[11.9746,55.4651],[11.9746,55.4649],[11.9742,55.4649],[11.974,55.4648],[11.9736,55.4647],[11.9732,55.4648],[11.9722,55.4648],[11.9721,55.4649],[11.9721,55.4649]]]},"properties":{"sourceId":"ais_par3.85818","a_type":5120,"hectares":0.721}},{"type":"Feature","id":"ais_par3.85819","geometry":{"type":"Polygon","coordinates":[[[11.9717,55.4649],[11.9717,55.4649],[11.9716,55.4646],[11.9714,55.4646],[11.9714,55.465],[11.9714,55.465],[11.9716,55.4653],[11.9719,55.4653],[11.9717,55.4649]]]},"properties":{"sourceId":"ais_par3.85819","a_type":5120,"hectares":0.146}},{"type":"Feature","id":"ais_par3.85820","geometry":{"type":"Polygon","coordinates":[[[11.9719,55.4637],[11.9726,55.4637],[11.9727,55.4636],[11.972,55.4636],[11.9719,55.4637]]]},"properties":{"sourceId":"ais_par3.85820","a_type":5120,"hectares":0.045}},{"type":"Feature","id":"ais_par3.85821","geometry":{"type":"Polygon","coordinates":[[[11.9831,55.4635],[11.9829,55.4633],[11.9827,55.4633],[11.9819,55.4635],[11.9819,55.4635],[11.9819,55.4637],[11.982,55.4637],[11.9822,55.4636],[11.9823,55.4636],[11.9823,55.4635],[11.9826,55.4634],[11.9828,55.4636],[11.9829,55.4636],[11.9831,55.4635]]]},"properties":{"sourceId":"ais_par3.85821","a_type":5120,"hectares":0.195}},{"type":"Feature","id":"ais_par3.85822","geometry":{"type":"Polygon","coordinates":[[[11.978,55.4652],[11.9792,55.4649],[11.9793,55.4648],[11.98,55.4645],[11.9802,55.4642],[11.9803,55.4641],[11.98,55.464],[11.9797,55.4643],[11.9793,55.4645],[11.9789,55.4647],[11.9785,55.4648],[11.9782,55.4649],[11.978,55.4652]]]},"properties":{"sourceId":"ais_par3.85822","a_type":5120,"hectares":0.424}},{"type":"Feature","id":"ais_par3.85942","geometry":{"type":"Polygon","coordinates":[[[12.0376,55.4387],[12.0373,55.4387],[12.0373,55.4389],[12.0377,55.4389],[12.0376,55.4387]]]},"properties":{"sourceId":"ais_par3.85942","a_type":5120,"hectares":0.05}},{"type":"Feature","id":"ais_par3.85823","geometry":{"type":"Polygon","coordinates":[[[11.9766,55.4653],[11.977,55.4654],[11.9773,55.4654],[11.9774,55.4653],[11.9774,55.4652],[11.9773,55.4652],[11.977,55.4651],[11.9766,55.4653]]]},"properties":{"sourceId":"ais_par3.85823","a_type":5120,"hectares":0.106}},{"type":"Feature","id":"ais_par3.85824","geometry":{"type":"Polygon","coordinates":[[[11.976,55.4666],[11.976,55.4666],[11.9766,55.4667],[11.9771,55.4665],[11.9771,55.4664],[11.9766,55.4662],[11.976,55.4666]]]},"properties":{"sourceId":"ais_par3.85824","a_type":5120,"hectares":0.191}},{"type":"Feature","id":"ais_par3.85825","geometry":{"type":"Polygon","coordinates":[[[11.9663,55.4672],[11.9663,55.4672],[11.968,55.4672],[11.9702,55.4671],[11.9702,55.4675],[11.9727,55.4676],[11.9735,55.4669],[11.9738,55.4668],[11.9742,55.467],[11.9744,55.467],[11.9753,55.4669],[11.9752,55.4667],[11.9755,55.4666],[11.9758,55.4666],[11.9755,55.4665],[11.9755,55.4661],[11.9734,55.4662],[11.9716,55.4662],[11.97,55.4664],[11.9684,55.4666],[11.9683,55.4668],[11.9681,55.4668],[11.9681,55.4666],[11.9675,55.4667],[11.9675,55.4671],[11.9663,55.4671],[11.9663,55.4672]]]},"properties":{"sourceId":"ais_par3.85825","a_type":5120,"hectares":5.166}},{"type":"Feature","id":"ais_par3.85826","geometry":{"type":"Polygon","coordinates":[[[11.9693,55.468],[11.9696,55.468],[11.9698,55.468],[11.9703,55.4679],[11.9705,55.4679],[11.971,55.4679],[11.9711,55.4677],[11.9697,55.4676],[11.9693,55.468]]]},"properties":{"sourceId":"ais_par3.85826","a_type":5120,"hectares":0.347}},{"type":"Feature","id":"ais_par3.85827","geometry":{"type":"Polygon","coordinates":[[[11.946,55.456],[11.9459,55.4558],[11.9457,55.4558],[11.9453,55.4558],[11.9453,55.456],[11.946,55.456]]]},"properties":{"sourceId":"ais_par3.85827","a_type":5120,"hectares":0.078}},{"type":"Feature","id":"ais_par3.85828","geometry":{"type":"Polygon","coordinates":[[[11.9509,55.4531],[11.9505,55.4531],[11.9504,55.4532],[11.9509,55.4533],[11.9509,55.4531]]]},"properties":{"sourceId":"ais_par3.85828","a_type":5120,"hectares":0.048}},{"type":"Feature","id":"ais_par3.85829","geometry":{"type":"Polygon","coordinates":[[[11.9535,55.4541],[11.9534,55.454],[11.9533,55.454],[11.9532,55.454],[11.9531,55.4541],[11.9531,55.4542],[11.953,55.4542],[11.9533,55.4542],[11.9535,55.4541]]]},"properties":{"sourceId":"ais_par3.85829","a_type":5120,"hectares":0.056}},{"type":"Feature","id":"ais_par3.85830","geometry":{"type":"Polygon","coordinates":[[[11.9528,55.4595],[11.9527,55.4593],[11.9525,55.4594],[11.9528,55.4595]]]},"properties":{"sourceId":"ais_par3.85830","a_type":5120,"hectares":0.024}},{"type":"Feature","id":"ais_par3.85831","geometry":{"type":"Polygon","coordinates":[[[11.9588,55.4593],[11.9582,55.4593],[11.9581,55.4594],[11.9586,55.4594],[11.9588,55.4593]]]},"properties":{"sourceId":"ais_par3.85831","a_type":5120,"hectares":0.044}},{"type":"Feature","id":"ais_par3.85832","geometry":{"type":"Polygon","coordinates":[[[11.9616,55.4495],[11.9616,55.4493],[11.9616,55.4493],[11.9614,55.4493],[11.9613,55.4493],[11.9613,55.4494],[11.9616,55.4495]]]},"properties":{"sourceId":"ais_par3.85832","a_type":5120,"hectares":0.034}},{"type":"Feature","id":"ais_par3.85833","geometry":{"type":"Polygon","coordinates":[[[11.9644,55.4478],[11.9646,55.4478],[11.9647,55.4477],[11.9647,55.4476],[11.9646,55.4476],[11.9645,55.4477],[11.9644,55.4478]]]},"properties":{"sourceId":"ais_par3.85833","a_type":5120,"hectares":0.037}},{"type":"Feature","id":"ais_par3.85834","geometry":{"type":"Polygon","coordinates":[[[11.9657,55.4493],[11.9654,55.4492],[11.9653,55.4492],[11.9653,55.4494],[11.9654,55.4494],[11.9656,55.4494],[11.9657,55.4494],[11.9657,55.4493]]]},"properties":{"sourceId":"ais_par3.85834","a_type":5120,"hectares":0.042}},{"type":"Feature","id":"ais_par3.85835","geometry":{"type":"Polygon","coordinates":[[[11.9915,55.4553],[11.9913,55.4554],[11.9913,55.4555],[11.9915,55.4555],[11.9915,55.4553]]]},"properties":{"sourceId":"ais_par3.85835","a_type":5120,"hectares":0.026}},{"type":"Feature","id":"ais_par3.85836","geometry":{"type":"Polygon","coordinates":[[[11.9941,55.4477],[11.9939,55.4477],[11.9938,55.448],[11.9942,55.448],[11.9941,55.4477]]]},"properties":{"sourceId":"ais_par3.85836","a_type":5120,"hectares":0.062}},{"type":"Feature","id":"ais_par3.85837","geometry":{"type":"Polygon","coordinates":[[[12.0043,55.4568],[12.004,55.4569],[12.004,55.457],[12.0044,55.457],[12.0043,55.4568]]]},"properties":{"sourceId":"ais_par3.85837","a_type":5120,"hectares":0.042}},{"type":"Feature","id":"ais_par3.85838","geometry":{"type":"Polygon","coordinates":[[[12.0011,55.4511],[12.0009,55.4512],[12.0008,55.4513],[12.001,55.4514],[12.001,55.4513],[12.0011,55.4511]]]},"properties":{"sourceId":"ais_par3.85838","a_type":5120,"hectares":0.029}},{"type":"Feature","id":"ais_par3.85839","geometry":{"type":"Polygon","coordinates":[[[12.0272,55.4591],[12.0272,55.4588],[12.0268,55.4588],[12.0264,55.4588],[12.0266,55.459],[12.0268,55.459],[12.0272,55.4591]]]},"properties":{"sourceId":"ais_par3.85839","a_type":5120,"hectares":0.105}},{"type":"Feature","id":"ais_par3.85840","geometry":{"type":"Polygon","coordinates":[[[12.022,55.4556],[12.0215,55.4556],[12.0215,55.4558],[12.0219,55.4558],[12.022,55.4556]]]},"properties":{"sourceId":"ais_par3.85840","a_type":5120,"hectares":0.072}},{"type":"Feature","id":"ais_par3.85841","geometry":{"type":"Polygon","coordinates":[[[12.0252,55.4575],[12.0248,55.4575],[12.0247,55.4576],[12.0248,55.4577],[12.0252,55.4575]]]},"properties":{"sourceId":"ais_par3.85841","a_type":5120,"hectares":0.037}},{"type":"Feature","id":"ais_par3.85842","geometry":{"type":"Polygon","coordinates":[[[12.0295,55.4545],[12.0291,55.4545],[12.0291,55.4547],[12.0294,55.4547],[12.0295,55.4545]]]},"properties":{"sourceId":"ais_par3.85842","a_type":5120,"hectares":0.06}},{"type":"Feature","id":"ais_par3.85843","geometry":{"type":"Polygon","coordinates":[[[12.0213,55.4505],[12.0208,55.4505],[12.0208,55.4507],[12.0213,55.4507],[12.0213,55.4505]]]},"properties":{"sourceId":"ais_par3.85843","a_type":5120,"hectares":0.054}},{"type":"Feature","id":"ais_par3.85844","geometry":{"type":"Polygon","coordinates":[[[12.0216,55.4521],[12.0216,55.4523],[12.0218,55.4523],[12.022,55.4522],[12.0216,55.4521]]]},"properties":{"sourceId":"ais_par3.85844","a_type":5120,"hectares":0.031}},{"type":"Feature","id":"ais_par3.85845","geometry":{"type":"Polygon","coordinates":[[[12.0418,55.4581],[12.0418,55.4584],[12.0421,55.4584],[12.0423,55.4583],[12.0422,55.4581],[12.0418,55.4581]]]},"properties":{"sourceId":"ais_par3.85845","a_type":5120,"hectares":0.07}},{"type":"Feature","id":"ais_par3.85846","geometry":{"type":"Polygon","coordinates":[[[12.0452,55.4572],[12.0451,55.457],[12.0449,55.4571],[12.0448,55.4571],[12.0448,55.4573],[12.0452,55.4572]]]},"properties":{"sourceId":"ais_par3.85846","a_type":5120,"hectares":0.046}},{"type":"Feature","id":"ais_par3.85847","geometry":{"type":"Polygon","coordinates":[[[12.0485,55.4576],[12.0481,55.4577],[12.0485,55.4578],[12.0485,55.4576]]]},"properties":{"sourceId":"ais_par3.85847","a_type":5120,"hectares":0.022}},{"type":"Feature","id":"ais_par3.85848","geometry":{"type":"Polygon","coordinates":[[[12.0503,55.448],[12.0499,55.448],[12.0499,55.4482],[12.0503,55.4482],[12.0503,55.448]]]},"properties":{"sourceId":"ais_par3.85848","a_type":5120,"hectares":0.054}},{"type":"Feature","id":"ais_par3.85849","geometry":{"type":"Polygon","coordinates":[[[12.0512,55.45],[12.051,55.45],[12.0508,55.4502],[12.0511,55.4502],[12.0512,55.45]]]},"properties":{"sourceId":"ais_par3.85849","a_type":5120,"hectares":0.035}},{"type":"Feature","id":"ais_par3.85850","geometry":{"type":"Polygon","coordinates":[[[12.0526,55.4473],[12.0522,55.4473],[12.0522,55.4475],[12.0526,55.4475],[12.0526,55.4473]]]},"properties":{"sourceId":"ais_par3.85850","a_type":5120,"hectares":0.053}},{"type":"Feature","id":"ais_par3.85851","geometry":{"type":"Polygon","coordinates":[[[12.062,55.459],[12.062,55.459],[12.0622,55.459],[12.0624,55.459],[12.0625,55.4589],[12.0624,55.4588],[12.0621,55.4588],[12.062,55.459]]]},"properties":{"sourceId":"ais_par3.85851","a_type":5120,"hectares":0.062}},{"type":"Feature","id":"ais_par3.85852","geometry":{"type":"Polygon","coordinates":[[[12.07,55.4559],[12.0699,55.4562],[12.0701,55.4561],[12.07,55.4559]]]},"properties":{"sourceId":"ais_par3.85852","a_type":5120,"hectares":0.019}},{"type":"Feature","id":"ais_par3.85853","geometry":{"type":"Polygon","coordinates":[[[12.0642,55.4499],[12.0638,55.4499],[12.0638,55.45],[12.064,55.45],[12.0642,55.4499]]]},"properties":{"sourceId":"ais_par3.85853","a_type":5120,"hectares":0.03}},{"type":"Feature","id":"ais_par3.85854","geometry":{"type":"Polygon","coordinates":[[[12.0581,55.4505],[12.0581,55.4506],[12.0578,55.4505],[12.0577,55.4507],[12.0578,55.4507],[12.058,55.4507],[12.0581,55.4505]]]},"properties":{"sourceId":"ais_par3.85854","a_type":5120,"hectares":0.033}},{"type":"Feature","id":"ais_par3.85855","geometry":{"type":"Polygon","coordinates":[[[12.0541,55.4524],[12.0537,55.4524],[12.0537,55.4526],[12.0541,55.4526],[12.0541,55.4524]]]},"properties":{"sourceId":"ais_par3.85855","a_type":5120,"hectares":0.052}},{"type":"Feature","id":"ais_par3.85856","geometry":{"type":"Polygon","coordinates":[[[12.0345,55.449],[12.0341,55.449],[12.0341,55.449],[12.0341,55.4491],[12.0341,55.4491],[12.0343,55.4491],[12.0344,55.4491],[12.0345,55.449]]]},"properties":{"sourceId":"ais_par3.85856","a_type":5120,"hectares":0.035}},{"type":"Feature","id":"ais_par3.85857","geometry":{"type":"Polygon","coordinates":[[[11.9451,55.4489],[11.9451,55.4487],[11.9448,55.4487],[11.9447,55.4487],[11.9448,55.4488],[11.9451,55.4489]]]},"properties":{"sourceId":"ais_par3.85857","a_type":5120,"hectares":0.031}},{"type":"Feature","id":"ais_par3.85858","geometry":{"type":"Polygon","coordinates":[[[11.9403,55.4442],[11.9404,55.4441],[11.9401,55.4441],[11.9399,55.4442],[11.9401,55.4442],[11.9403,55.4442]]]},"properties":{"sourceId":"ais_par3.85858","a_type":5120,"hectares":0.032}},{"type":"Feature","id":"ais_par3.85859","geometry":{"type":"Polygon","coordinates":[[[11.9389,55.4423],[11.9392,55.4423],[11.9392,55.4421],[11.9389,55.4421],[11.9389,55.4423]]]},"properties":{"sourceId":"ais_par3.85859","a_type":5120,"hectares":0.034}},{"type":"Feature","id":"ais_par3.85860","geometry":{"type":"Polygon","coordinates":[[[11.9472,55.4449],[11.9472,55.4448],[11.9468,55.4448],[11.9468,55.445],[11.9472,55.4449]]]},"properties":{"sourceId":"ais_par3.85860","a_type":5120,"hectares":0.043}},{"type":"Feature","id":"ais_par3.85861","geometry":{"type":"Polygon","coordinates":[[[11.9454,55.4415],[11.9456,55.4414],[11.9456,55.4412],[11.9455,55.4411],[11.9453,55.4411],[11.9453,55.4413],[11.9453,55.4414],[11.9454,55.4415]]]},"properties":{"sourceId":"ais_par3.85861","a_type":5120,"hectares":0.061}},{"type":"Feature","id":"ais_par3.85862","geometry":{"type":"Polygon","coordinates":[[[11.9434,55.4396],[11.9436,55.4394],[11.9432,55.4394],[11.9432,55.4397],[11.9434,55.4396]]]},"properties":{"sourceId":"ais_par3.85862","a_type":5120,"hectares":0.051}},{"type":"Feature","id":"ais_par3.85863","geometry":{"type":"Polygon","coordinates":[[[11.9409,55.4481],[11.9409,55.4477],[11.9406,55.4477],[11.9406,55.4481],[11.9409,55.4481]]]},"properties":{"sourceId":"ais_par3.85863","a_type":5120,"hectares":0.088}},{"type":"Feature","id":"ais_par3.85864","geometry":{"type":"Polygon","coordinates":[[[11.9508,55.4431],[11.9506,55.4431],[11.9506,55.4431],[11.9505,55.4433],[11.9505,55.4433],[11.9506,55.4434],[11.9508,55.4431]]]},"properties":{"sourceId":"ais_par3.85864","a_type":5120,"hectares":0.036}},{"type":"Feature","id":"ais_par3.85865","geometry":{"type":"Polygon","coordinates":[[[11.9496,55.4394],[11.9497,55.4391],[11.9494,55.4391],[11.9494,55.4394],[11.9496,55.4394]]]},"properties":{"sourceId":"ais_par3.85865","a_type":5120,"hectares":0.049}},{"type":"Feature","id":"ais_par3.85866","geometry":{"type":"Polygon","coordinates":[[[11.9442,55.4346],[11.9442,55.4344],[11.9438,55.4344],[11.9438,55.4346],[11.9442,55.4346]]]},"properties":{"sourceId":"ais_par3.85866","a_type":5120,"hectares":0.045}},{"type":"Feature","id":"ais_par3.85867","geometry":{"type":"Polygon","coordinates":[[[11.9557,55.44],[11.9554,55.44],[11.9554,55.4402],[11.9557,55.4402],[11.9557,55.44]]]},"properties":{"sourceId":"ais_par3.85867","a_type":5120,"hectares":0.043}},{"type":"Feature","id":"ais_par3.85868","geometry":{"type":"Polygon","coordinates":[[[11.9637,55.4422],[11.9635,55.4422],[11.9633,55.4422],[11.9631,55.4422],[11.9631,55.4423],[11.9634,55.4423],[11.9636,55.4423],[11.9637,55.4422]]]},"properties":{"sourceId":"ais_par3.85868","a_type":5120,"hectares":0.041}},{"type":"Feature","id":"ais_par3.85869","geometry":{"type":"Polygon","coordinates":[[[11.9694,55.4413],[11.9693,55.4412],[11.9691,55.4412],[11.9689,55.4412],[11.9689,55.4412],[11.9689,55.4413],[11.969,55.4413],[11.9692,55.4413],[11.9694,55.4413]]]},"properties":{"sourceId":"ais_par3.85869","a_type":5120,"hectares":0.044}},{"type":"Feature","id":"ais_par3.85870","geometry":{"type":"Polygon","coordinates":[[[11.9679,55.4382],[11.9679,55.4382],[11.9678,55.4382],[11.9678,55.4383],[11.9677,55.4383],[11.9677,55.4384],[11.9678,55.4384],[11.9679,55.4384],[11.968,55.4384],[11.968,55.4383],[11.968,55.4382],[11.9679,55.4382]]]},"properties":{"sourceId":"ais_par3.85870","a_type":5120,"hectares":0.033}},{"type":"Feature","id":"ais_par3.85871","geometry":{"type":"Polygon","coordinates":[[[11.9778,55.4435],[11.9774,55.4435],[11.9775,55.4437],[11.9778,55.4437],[11.9778,55.4435]]]},"properties":{"sourceId":"ais_par3.85871","a_type":5120,"hectares":0.06}},{"type":"Feature","id":"ais_par3.85872","geometry":{"type":"Polygon","coordinates":[[[11.9819,55.4455],[11.9816,55.4455],[11.9814,55.4456],[11.9814,55.4456],[11.9817,55.4456],[11.9819,55.4455]]]},"properties":{"sourceId":"ais_par3.85872","a_type":5120,"hectares":0.041}},{"type":"Feature","id":"ais_par3.85873","geometry":{"type":"Polygon","coordinates":[[[11.9736,55.4439],[11.9736,55.4437],[11.9734,55.4436],[11.9733,55.4438],[11.9733,55.4439],[11.9734,55.4439],[11.9736,55.4439]]]},"properties":{"sourceId":"ais_par3.85873","a_type":5120,"hectares":0.049}},{"type":"Feature","id":"ais_par3.85874","geometry":{"type":"Polygon","coordinates":[[[11.9806,55.4436],[11.9804,55.4435],[11.9803,55.4437],[11.9803,55.4438],[11.9805,55.4438],[11.9806,55.4436]]]},"properties":{"sourceId":"ais_par3.85874","a_type":5120,"hectares":0.032}},{"type":"Feature","id":"ais_par3.85875","geometry":{"type":"Polygon","coordinates":[[[11.9775,55.4374],[11.977,55.4374],[11.977,55.4375],[11.9773,55.4375],[11.9775,55.4374]]]},"properties":{"sourceId":"ais_par3.85875","a_type":5120,"hectares":0.031}},{"type":"Feature","id":"ais_par3.85876","geometry":{"type":"Polygon","coordinates":[[[11.9717,55.4313],[11.9717,55.4312],[11.9715,55.4311],[11.9713,55.4312],[11.9715,55.4313],[11.9717,55.4313]]]},"properties":{"sourceId":"ais_par3.85876","a_type":5120,"hectares":0.036}},{"type":"Feature","id":"ais_par3.85877","geometry":{"type":"Polygon","coordinates":[[[11.9681,55.4314],[11.9677,55.4314],[11.9677,55.4316],[11.968,55.4316],[11.9681,55.4314]]]},"properties":{"sourceId":"ais_par3.85877","a_type":5120,"hectares":0.042}},{"type":"Feature","id":"ais_par3.85878","geometry":{"type":"Polygon","coordinates":[[[11.9781,55.4355],[11.9777,55.4354],[11.9776,55.4357],[11.978,55.4358],[11.9781,55.4355]]]},"properties":{"sourceId":"ais_par3.85878","a_type":5120,"hectares":0.096}},{"type":"Feature","id":"ais_par3.85879","geometry":{"type":"Polygon","coordinates":[[[11.9729,55.436],[11.9726,55.436],[11.9725,55.4362],[11.9728,55.4362],[11.9729,55.436]]]},"properties":{"sourceId":"ais_par3.85879","a_type":5120,"hectares":0.042}},{"type":"Feature","id":"ais_par3.85880","geometry":{"type":"Polygon","coordinates":[[[11.9913,55.5195],[11.991,55.5195],[11.9909,55.5196],[11.9913,55.5196],[11.9913,55.5195]]]},"properties":{"sourceId":"ais_par3.85880","a_type":5120,"hectares":0.028}},{"type":"Feature","id":"ais_par3.85881","geometry":{"type":"Polygon","coordinates":[[[11.9885,55.5148],[11.9883,55.5148],[11.9883,55.5149],[11.9885,55.5149],[11.9885,55.5148]]]},"properties":{"sourceId":"ais_par3.85881","a_type":5120,"hectares":0.017}},{"type":"Feature","id":"ais_par3.85882","geometry":{"type":"Polygon","coordinates":[[[12.0042,55.5161],[12.0044,55.516],[12.0044,55.5158],[12.0042,55.5159],[12.0042,55.5161]]]},"properties":{"sourceId":"ais_par3.85882","a_type":5120,"hectares":0.031}},{"type":"Feature","id":"ais_par3.85883","geometry":{"type":"Polygon","coordinates":[[[11.9886,55.445],[11.9884,55.4451],[11.9884,55.4452],[11.9886,55.4452],[11.9886,55.445]]]},"properties":{"sourceId":"ais_par3.85883","a_type":5120,"hectares":0.021}},{"type":"Feature","id":"ais_par3.85884","geometry":{"type":"Polygon","coordinates":[[[11.9859,55.4437],[11.986,55.4437],[11.986,55.4435],[11.986,55.4435],[11.9859,55.4435],[11.9859,55.4437]]]},"properties":{"sourceId":"ais_par3.85884","a_type":5120,"hectares":0.015}},{"type":"Feature","id":"ais_par3.85885","geometry":{"type":"Polygon","coordinates":[[[11.9914,55.44],[11.9911,55.4401],[11.9908,55.4402],[11.9908,55.4403],[11.991,55.4403],[11.9912,55.4403],[11.9913,55.4402],[11.9914,55.44]]]},"properties":{"sourceId":"ais_par3.85885","a_type":5120,"hectares":0.064}},{"type":"Feature","id":"ais_par3.85886","geometry":{"type":"Polygon","coordinates":[[[11.9872,55.4425],[11.9874,55.4424],[11.9875,55.4424],[11.9875,55.4423],[11.9874,55.4422],[11.9874,55.4422],[11.9873,55.4422],[11.9872,55.4421],[11.987,55.4421],[11.987,55.4422],[11.987,55.4423],[11.9871,55.4425],[11.9872,55.4425]]]},"properties":{"sourceId":"ais_par3.85886","a_type":5120,"hectares":0.088}},{"type":"Feature","id":"ais_par3.85887","geometry":{"type":"Polygon","coordinates":[[[11.9827,55.4355],[11.9827,55.4352],[11.9823,55.4353],[11.9822,55.4355],[11.9827,55.4355]]]},"properties":{"sourceId":"ais_par3.85887","a_type":5120,"hectares":0.064}},{"type":"Feature","id":"ais_par3.85888","geometry":{"type":"Polygon","coordinates":[[[11.9884,55.432],[11.988,55.4322],[11.988,55.4322],[11.9881,55.4323],[11.9884,55.4322],[11.9884,55.432]]]},"properties":{"sourceId":"ais_par3.85888","a_type":5120,"hectares":0.046}},{"type":"Feature","id":"ais_par3.85889","geometry":{"type":"Polygon","coordinates":[[[11.99,55.4358],[11.9903,55.4358],[11.9903,55.4356],[11.9903,55.4356],[11.99,55.4358]]]},"properties":{"sourceId":"ais_par3.85889","a_type":5120,"hectares":0.019}},{"type":"Feature","id":"ais_par3.85890","geometry":{"type":"Polygon","coordinates":[[[11.9899,55.4389],[11.9893,55.4389],[11.9895,55.4391],[11.9897,55.439],[11.9899,55.4389]]]},"properties":{"sourceId":"ais_par3.85890","a_type":5120,"hectares":0.044}},{"type":"Feature","id":"ais_par3.85891","geometry":{"type":"Polygon","coordinates":[[[11.9983,55.4071],[11.9981,55.4071],[11.9981,55.4072],[11.9982,55.4073],[11.9983,55.4071]]]},"properties":{"sourceId":"ais_par3.85891","a_type":5120,"hectares":0.017}},{"type":"Feature","id":"ais_par3.85892","geometry":{"type":"Polygon","coordinates":[[[11.9926,55.4342],[11.9922,55.4342],[11.9922,55.4343],[11.9924,55.4344],[11.9926,55.4342]]]},"properties":{"sourceId":"ais_par3.85892","a_type":5120,"hectares":0.027}},{"type":"Feature","id":"ais_par3.85893","geometry":{"type":"Polygon","coordinates":[[[11.9949,55.4422],[11.9951,55.4422],[11.9953,55.4421],[11.9954,55.442],[11.9953,55.442],[11.9952,55.442],[11.9951,55.442],[11.9949,55.4421],[11.9949,55.4422]]]},"properties":{"sourceId":"ais_par3.85893","a_type":5120,"hectares":0.037}},{"type":"Feature","id":"ais_par3.85894","geometry":{"type":"Polygon","coordinates":[[[11.994,55.4401],[11.9936,55.4402],[11.9935,55.4403],[11.9939,55.4403],[11.994,55.4401]]]},"properties":{"sourceId":"ais_par3.85894","a_type":5120,"hectares":0.037}},{"type":"Feature","id":"ais_par3.85895","geometry":{"type":"Polygon","coordinates":[[[11.9963,55.4383],[11.9961,55.4382],[11.9959,55.4382],[11.9959,55.4383],[11.9961,55.4384],[11.9963,55.4383]]]},"properties":{"sourceId":"ais_par3.85895","a_type":5120,"hectares":0.026}},{"type":"Feature","id":"ais_par3.85896","geometry":{"type":"Polygon","coordinates":[[[11.9958,55.4349],[11.9954,55.4349],[11.9954,55.4351],[11.9957,55.4351],[11.9958,55.4349]]]},"properties":{"sourceId":"ais_par3.85896","a_type":5120,"hectares":0.036}},{"type":"Feature","id":"ais_par3.85897","geometry":{"type":"Polygon","coordinates":[[[11.9975,55.433],[11.9971,55.433],[11.9971,55.4332],[11.9975,55.4332],[11.9975,55.433]]]},"properties":{"sourceId":"ais_par3.85897","a_type":5120,"hectares":0.049}},{"type":"Feature","id":"ais_par3.85898","geometry":{"type":"Polygon","coordinates":[[[12.0059,55.448],[12.0056,55.448],[12.0056,55.4482],[12.006,55.4482],[12.0059,55.448]]]},"properties":{"sourceId":"ais_par3.85898","a_type":5120,"hectares":0.043}},{"type":"Feature","id":"ais_par3.85899","geometry":{"type":"Polygon","coordinates":[[[12.0001,55.445],[11.9996,55.445],[11.9995,55.4452],[12,55.4452],[12.0001,55.445]]]},"properties":{"sourceId":"ais_par3.85899","a_type":5120,"hectares":0.084}},{"type":"Feature","id":"ais_par3.85900","geometry":{"type":"Polygon","coordinates":[[[12.0093,55.4435],[12.0088,55.4435],[12.0086,55.4436],[12.0087,55.4437],[12.0089,55.4437],[12.0093,55.4435]]]},"properties":{"sourceId":"ais_par3.85900","a_type":5120,"hectares":0.057}},{"type":"Feature","id":"ais_par3.85901","geometry":{"type":"Polygon","coordinates":[[[12.0102,55.435],[12.0098,55.435],[12.0098,55.4352],[12.0101,55.4352],[12.0102,55.435]]]},"properties":{"sourceId":"ais_par3.85901","a_type":5120,"hectares":0.042}},{"type":"Feature","id":"ais_par3.85902","geometry":{"type":"Polygon","coordinates":[[[11.9993,55.4391],[11.999,55.4391],[11.999,55.4393],[11.9993,55.4393],[11.9993,55.4391]]]},"properties":{"sourceId":"ais_par3.85902","a_type":5120,"hectares":0.05}},{"type":"Feature","id":"ais_par3.85903","geometry":{"type":"Polygon","coordinates":[[[12.0022,55.4379],[12.0018,55.4377],[12.0017,55.4379],[12.0022,55.4379]]]},"properties":{"sourceId":"ais_par3.85903","a_type":5120,"hectares":0.035}},{"type":"Feature","id":"ais_par3.85904","geometry":{"type":"Polygon","coordinates":[[[12.0066,55.4385],[12.0061,55.4385],[12.006,55.4387],[12.0064,55.4388],[12.0066,55.4385]]]},"properties":{"sourceId":"ais_par3.85904","a_type":5120,"hectares":0.069}},{"type":"Feature","id":"ais_par3.85905","geometry":{"type":"Polygon","coordinates":[[[12.0033,55.4348],[12.003,55.4348],[12.003,55.4349],[12.0033,55.4349],[12.0033,55.4348]]]},"properties":{"sourceId":"ais_par3.85905","a_type":5120,"hectares":0.035}},{"type":"Feature","id":"ais_par3.85906","geometry":{"type":"Polygon","coordinates":[[[12.005,55.4363],[12.0048,55.4363],[12.0046,55.4365],[12.005,55.4365],[12.005,55.4363]]]},"properties":{"sourceId":"ais_par3.85906","a_type":5120,"hectares":0.037}},{"type":"Feature","id":"ais_par3.85907","geometry":{"type":"Polygon","coordinates":[[[12.0258,55.4471],[12.026,55.447],[12.0258,55.4468],[12.0256,55.4469],[12.0258,55.4471]]]},"properties":{"sourceId":"ais_par3.85907","a_type":5120,"hectares":0.039}},{"type":"Feature","id":"ais_par3.85908","geometry":{"type":"Polygon","coordinates":[[[12.0188,55.4414],[12.0185,55.4414],[12.0185,55.4416],[12.0189,55.4416],[12.0188,55.4414]]]},"properties":{"sourceId":"ais_par3.85908","a_type":5120,"hectares":0.063}},{"type":"Feature","id":"ais_par3.85909","geometry":{"type":"Polygon","coordinates":[[[12.0185,55.4367],[12.0181,55.4368],[12.0181,55.4369],[12.0184,55.4369],[12.0185,55.4367]]]},"properties":{"sourceId":"ais_par3.85909","a_type":5120,"hectares":0.042}},{"type":"Feature","id":"ais_par3.85910","geometry":{"type":"Polygon","coordinates":[[[12.0159,55.4347],[12.0156,55.4347],[12.0157,55.435],[12.0158,55.435],[12.0158,55.4349],[12.016,55.4348],[12.0159,55.4347]]]},"properties":{"sourceId":"ais_par3.85910","a_type":5120,"hectares":0.044}},{"type":"Feature","id":"ais_par3.85911","geometry":{"type":"Polygon","coordinates":[[[12.0127,55.4357],[12.0123,55.4358],[12.0123,55.436],[12.0127,55.436],[12.0127,55.4357]]]},"properties":{"sourceId":"ais_par3.85911","a_type":5120,"hectares":0.058}},{"type":"Feature","id":"ais_par3.85912","geometry":{"type":"Polygon","coordinates":[[[12.0141,55.4369],[12.0137,55.437],[12.0139,55.4372],[12.0142,55.4372],[12.0141,55.4369]]]},"properties":{"sourceId":"ais_par3.85912","a_type":5120,"hectares":0.069}},{"type":"Feature","id":"ais_par3.85913","geometry":{"type":"Polygon","coordinates":[[[12.0185,55.4341],[12.0182,55.4342],[12.0183,55.4344],[12.0186,55.4344],[12.0185,55.4341]]]},"properties":{"sourceId":"ais_par3.85913","a_type":5120,"hectares":0.073}},{"type":"Feature","id":"ais_par3.85914","geometry":{"type":"Polygon","coordinates":[[[12.0195,55.4343],[12.0192,55.4344],[12.0193,55.4347],[12.0197,55.4346],[12.0195,55.4343]]]},"properties":{"sourceId":"ais_par3.85914","a_type":5120,"hectares":0.065}},{"type":"Feature","id":"ais_par3.85915","geometry":{"type":"Polygon","coordinates":[[[12.0212,55.4319],[12.0208,55.432],[12.0208,55.4321],[12.0213,55.4321],[12.0212,55.4319]]]},"properties":{"sourceId":"ais_par3.85915","a_type":5120,"hectares":0.049}},{"type":"Feature","id":"ais_par3.85916","geometry":{"type":"Polygon","coordinates":[[[11.9497,55.5227],[11.9498,55.5225],[11.9495,55.5225],[11.9497,55.5227]]]},"properties":{"sourceId":"ais_par3.85916","a_type":5120,"hectares":0.018}},{"type":"Feature","id":"ais_par3.85917","geometry":{"type":"Polygon","coordinates":[[[12.0317,55.4451],[12.0313,55.4451],[12.0313,55.4453],[12.0315,55.4454],[12.0316,55.4453],[12.0317,55.4451]]]},"properties":{"sourceId":"ais_par3.85917","a_type":5120,"hectares":0.044}},{"type":"Feature","id":"ais_par3.85918","geometry":{"type":"Polygon","coordinates":[[[12.0283,55.4453],[12.0279,55.4452],[12.0278,55.4453],[12.0278,55.4455],[12.0282,55.4454],[12.0283,55.4453]]]},"properties":{"sourceId":"ais_par3.85918","a_type":5120,"hectares":0.059}},{"type":"Feature","id":"ais_par3.85919","geometry":{"type":"Polygon","coordinates":[[[12.036,55.447],[12.0357,55.447],[12.0354,55.4471],[12.0357,55.4472],[12.036,55.447]]]},"properties":{"sourceId":"ais_par3.85919","a_type":5120,"hectares":0.046}},{"type":"Feature","id":"ais_par3.85920","geometry":{"type":"Polygon","coordinates":[[[12.0364,55.4446],[12.0372,55.4443],[12.0368,55.4442],[12.0364,55.4446]]]},"properties":{"sourceId":"ais_par3.85920","a_type":5120,"hectares":0.072}},{"type":"Feature","id":"ais_par3.85921","geometry":{"type":"Polygon","coordinates":[[[12.0375,55.4444],[12.0377,55.4445],[12.0379,55.4444],[12.0377,55.4443],[12.0375,55.4444]]]},"properties":{"sourceId":"ais_par3.85921","a_type":5120,"hectares":0.031}},{"type":"Feature","id":"ais_par3.85922","geometry":{"type":"Polygon","coordinates":[[[12.0406,55.4443],[12.0402,55.4442],[12.0402,55.4443],[12.0404,55.4445],[12.0406,55.4443]]]},"properties":{"sourceId":"ais_par3.85922","a_type":5120,"hectares":0.029}},{"type":"Feature","id":"ais_par3.85923","geometry":{"type":"Polygon","coordinates":[[[12.0322,55.4435],[12.0321,55.4434],[12.0318,55.4434],[12.0318,55.4435],[12.032,55.4436],[12.0322,55.4435]]]},"properties":{"sourceId":"ais_par3.85923","a_type":5120,"hectares":0.037}},{"type":"Feature","id":"ais_par3.85924","geometry":{"type":"Polygon","coordinates":[[[12.0295,55.4425],[12.0294,55.4423],[12.029,55.4423],[12.029,55.4425],[12.0295,55.4425]]]},"properties":{"sourceId":"ais_par3.85924","a_type":5120,"hectares":0.08}},{"type":"Feature","id":"ais_par3.85925","geometry":{"type":"Polygon","coordinates":[[[12.0335,55.4418],[12.0336,55.4416],[12.0336,55.4416],[12.0338,55.4416],[12.0337,55.4415],[12.0335,55.4413],[12.0334,55.4415],[12.0334,55.4416],[12.0335,55.4418]]]},"properties":{"sourceId":"ais_par3.85925","a_type":5120,"hectares":0.066}},{"type":"Feature","id":"ais_par3.85926","geometry":{"type":"Polygon","coordinates":[[[12.034,55.4404],[12.0339,55.4402],[12.0337,55.4402],[12.0337,55.4404],[12.034,55.4404]]]},"properties":{"sourceId":"ais_par3.85926","a_type":5120,"hectares":0.034}},{"type":"Feature","id":"ais_par3.85927","geometry":{"type":"Polygon","coordinates":[[[12.032,55.4401],[12.0317,55.4403],[12.0318,55.4404],[12.0321,55.4404],[12.032,55.4401]]]},"properties":{"sourceId":"ais_par3.85927","a_type":5120,"hectares":0.049}},{"type":"Feature","id":"ais_par3.85928","geometry":{"type":"Polygon","coordinates":[[[12.0313,55.4392],[12.031,55.4393],[12.0312,55.4394],[12.0315,55.4394],[12.0313,55.4392]]]},"properties":{"sourceId":"ais_par3.85928","a_type":5120,"hectares":0.056}},{"type":"Feature","id":"ais_par3.85929","geometry":{"type":"Polygon","coordinates":[[[12.0278,55.4383],[12.0275,55.4384],[12.0276,55.4386],[12.028,55.4386],[12.0278,55.4383]]]},"properties":{"sourceId":"ais_par3.85929","a_type":5120,"hectares":0.066}},{"type":"Feature","id":"ais_par3.85930","geometry":{"type":"Polygon","coordinates":[[[12.0293,55.4363],[12.0287,55.4363],[12.0288,55.4366],[12.0296,55.4366],[12.0293,55.4363]]]},"properties":{"sourceId":"ais_par3.85930","a_type":5120,"hectares":0.142}},{"type":"Feature","id":"ais_par3.85931","geometry":{"type":"Polygon","coordinates":[[[12.0249,55.437],[12.0244,55.437],[12.0243,55.4373],[12.0248,55.4373],[12.0249,55.437]]]},"properties":{"sourceId":"ais_par3.85931","a_type":5120,"hectares":0.111}},{"type":"Feature","id":"ais_par3.85932","geometry":{"type":"Polygon","coordinates":[[[12.0316,55.4333],[12.0313,55.4333],[12.0314,55.4336],[12.0318,55.4336],[12.0316,55.4333]]]},"properties":{"sourceId":"ais_par3.85932","a_type":5120,"hectares":0.089}},{"type":"Feature","id":"ais_par3.85933","geometry":{"type":"Polygon","coordinates":[[[12.035,55.4319],[12.0346,55.4319],[12.0346,55.4321],[12.035,55.4321],[12.035,55.4319]]]},"properties":{"sourceId":"ais_par3.85933","a_type":5120,"hectares":0.079}},{"type":"Feature","id":"ais_par3.85934","geometry":{"type":"Polygon","coordinates":[[[12.0379,55.4315],[12.0375,55.4315],[12.0375,55.4317],[12.038,55.4317],[12.0379,55.4315]]]},"properties":{"sourceId":"ais_par3.85934","a_type":5120,"hectares":0.072}},{"type":"Feature","id":"ais_par3.85935","geometry":{"type":"Polygon","coordinates":[[[12.0401,55.4313],[12.0397,55.4313],[12.0397,55.4315],[12.0401,55.4315],[12.0401,55.4313]]]},"properties":{"sourceId":"ais_par3.85935","a_type":5120,"hectares":0.036}},{"type":"Feature","id":"ais_par3.85936","geometry":{"type":"Polygon","coordinates":[[[12.0431,55.4329],[12.0427,55.4329],[12.0427,55.4331],[12.0431,55.4331],[12.0431,55.4329]]]},"properties":{"sourceId":"ais_par3.85936","a_type":5120,"hectares":0.047}},{"type":"Feature","id":"ais_par3.85937","geometry":{"type":"Polygon","coordinates":[[[12.0415,55.4348],[12.041,55.4348],[12.041,55.435],[12.0415,55.435],[12.0415,55.4348]]]},"properties":{"sourceId":"ais_par3.85937","a_type":5120,"hectares":0.065}},{"type":"Feature","id":"ais_par3.85938","geometry":{"type":"Polygon","coordinates":[[[12.0516,55.4369],[12.0514,55.4369],[12.0512,55.437],[12.0511,55.4371],[12.0514,55.4371],[12.0516,55.4369]]]},"properties":{"sourceId":"ais_par3.85938","a_type":5120,"hectares":0.049}},{"type":"Feature","id":"ais_par3.85939","geometry":{"type":"Polygon","coordinates":[[[12.0408,55.4336],[12.0403,55.4337],[12.0403,55.4339],[12.0408,55.4339],[12.0408,55.4336]]]},"properties":{"sourceId":"ais_par3.85939","a_type":5120,"hectares":0.073}},{"type":"Feature","id":"ais_par3.85940","geometry":{"type":"Polygon","coordinates":[[[12.0374,55.4407],[12.0371,55.4407],[12.0371,55.4408],[12.0374,55.4408],[12.0374,55.4407]]]},"properties":{"sourceId":"ais_par3.85940","a_type":5120,"hectares":0.036}},{"type":"Feature","id":"ais_par3.85941","geometry":{"type":"Polygon","coordinates":[[[12.041,55.4383],[12.0409,55.4383],[12.0406,55.4384],[12.0406,55.4384],[12.041,55.4383]]]},"properties":{"sourceId":"ais_par3.85941","a_type":5120,"hectares":0.017}},{"type":"Feature","id":"ais_par3.85943","geometry":{"type":"Polygon","coordinates":[[[12.0371,55.4367],[12.0367,55.4367],[12.0367,55.4368],[12.0371,55.4368],[12.0371,55.4367]]]},"properties":{"sourceId":"ais_par3.85943","a_type":5120,"hectares":0.044}},{"type":"Feature","id":"ais_par3.85944","geometry":{"type":"Polygon","coordinates":[[[12.0452,55.4397],[12.0452,55.44],[12.0454,55.4402],[12.0456,55.4401],[12.0454,55.4399],[12.0452,55.4397]]]},"properties":{"sourceId":"ais_par3.85944","a_type":5120,"hectares":0.053}},{"type":"Feature","id":"ais_par3.85945","geometry":{"type":"Polygon","coordinates":[[[12.0567,55.4357],[12.0563,55.4357],[12.0564,55.4358],[12.0567,55.4358],[12.0567,55.4357]]]},"properties":{"sourceId":"ais_par3.85945","a_type":5120,"hectares":0.031}},{"type":"Feature","id":"ais_par3.85946","geometry":{"type":"Polygon","coordinates":[[[12.0468,55.4375],[12.0466,55.4374],[12.0464,55.4374],[12.0465,55.4377],[12.0468,55.4375]]]},"properties":{"sourceId":"ais_par3.85946","a_type":5120,"hectares":0.047}},{"type":"Feature","id":"ais_par3.85947","geometry":{"type":"Polygon","coordinates":[[[12.0486,55.438],[12.0487,55.4379],[12.0486,55.4377],[12.0483,55.4378],[12.0486,55.438]]]},"properties":{"sourceId":"ais_par3.85947","a_type":5120,"hectares":0.049}},{"type":"Feature","id":"ais_par3.85948","geometry":{"type":"Polygon","coordinates":[[[12.0608,55.4444],[12.0604,55.4445],[12.0604,55.4447],[12.0604,55.4448],[12.0607,55.4447],[12.0608,55.4444]]]},"properties":{"sourceId":"ais_par3.85948","a_type":5120,"hectares":0.07}},{"type":"Feature","id":"ais_par3.85949","geometry":{"type":"Polygon","coordinates":[[[12.0651,55.4399],[12.0648,55.44],[12.0649,55.4401],[12.0652,55.4401],[12.0651,55.4399]]]},"properties":{"sourceId":"ais_par3.85949","a_type":5120,"hectares":0.047}},{"type":"Feature","id":"ais_par3.85950","geometry":{"type":"Polygon","coordinates":[[[12.0678,55.437],[12.0677,55.4369],[12.0675,55.4369],[12.0676,55.4371],[12.0678,55.437]]]},"properties":{"sourceId":"ais_par3.85950","a_type":5120,"hectares":0.026}},{"type":"Feature","id":"ais_par3.85951","geometry":{"type":"Polygon","coordinates":[[[12.0524,55.4418],[12.0522,55.4418],[12.0521,55.4419],[12.0525,55.4419],[12.0524,55.4418]]]},"properties":{"sourceId":"ais_par3.85951","a_type":5120,"hectares":0.03}},{"type":"Feature","id":"ais_par3.85952","geometry":{"type":"Polygon","coordinates":[[[12.064,55.4417],[12.0637,55.4418],[12.0637,55.4419],[12.064,55.4419],[12.064,55.4417]]]},"properties":{"sourceId":"ais_par3.85952","a_type":5120,"hectares":0.029}},{"type":"Feature","id":"ais_par3.85953","geometry":{"type":"Polygon","coordinates":[[[12.0662,55.4444],[12.0659,55.4445],[12.0658,55.4446],[12.0662,55.4446],[12.0662,55.4444]]]},"properties":{"sourceId":"ais_par3.85953","a_type":5120,"hectares":0.04}},{"type":"Feature","id":"ais_par3.85954","geometry":{"type":"Polygon","coordinates":[[[12.0611,55.4363],[12.0614,55.4363],[12.0614,55.436],[12.0611,55.436],[12.0611,55.4363]]]},"properties":{"sourceId":"ais_par3.85954","a_type":5120,"hectares":0.064}},{"type":"Feature","id":"ais_par3.85955","geometry":{"type":"Polygon","coordinates":[[[12.065,55.4338],[12.0648,55.4339],[12.0649,55.434],[12.0653,55.4341],[12.065,55.4338]]]},"properties":{"sourceId":"ais_par3.85955","a_type":5120,"hectares":0.054}},{"type":"Feature","id":"ais_par3.85956","geometry":{"type":"Polygon","coordinates":[[[12.0643,55.4306],[12.0641,55.4305],[12.0638,55.4306],[12.0638,55.4307],[12.064,55.4307],[12.0642,55.4307],[12.0643,55.4306]]]},"properties":{"sourceId":"ais_par3.85956","a_type":5120,"hectares":0.043}},{"type":"Feature","id":"ais_par3.85957","geometry":{"type":"Polygon","coordinates":[[[12.0469,55.433],[12.0472,55.4329],[12.047,55.4328],[12.0469,55.4328],[12.0467,55.4329],[12.0469,55.433]]]},"properties":{"sourceId":"ais_par3.85957","a_type":5120,"hectares":0.049}},{"type":"Feature","id":"ais_par3.85958","geometry":{"type":"Polygon","coordinates":[[[12.051,55.4312],[12.0507,55.4312],[12.0507,55.4315],[12.051,55.4314],[12.051,55.4312]]]},"properties":{"sourceId":"ais_par3.85958","a_type":5120,"hectares":0.059}},{"type":"Feature","id":"ais_par3.85959","geometry":{"type":"Polygon","coordinates":[[[12.0821,55.4312],[12.0818,55.4312],[12.0818,55.4314],[12.0822,55.4314],[12.0821,55.4312]]]},"properties":{"sourceId":"ais_par3.85959","a_type":5120,"hectares":0.056}},{"type":"Feature","id":"ais_par3.85960","geometry":{"type":"Polygon","coordinates":[[[12.0873,55.4296],[12.0868,55.4297],[12.0869,55.4297],[12.0871,55.4298],[12.0873,55.4296]]]},"properties":{"sourceId":"ais_par3.85960","a_type":5120,"hectares":0.023}},{"type":"Feature","id":"ais_par3.85961","geometry":{"type":"Polygon","coordinates":[[[11.9462,55.428],[11.9458,55.428],[11.9458,55.4281],[11.9458,55.4282],[11.9461,55.4282],[11.9461,55.4281],[11.9462,55.428]]]},"properties":{"sourceId":"ais_par3.85961","a_type":5120,"hectares":0.047}},{"type":"Feature","id":"ais_par3.85962","geometry":{"type":"Polygon","coordinates":[[[11.9484,55.4275],[11.9485,55.4271],[11.9481,55.4271],[11.9481,55.4275],[11.9484,55.4275]]]},"properties":{"sourceId":"ais_par3.85962","a_type":5120,"hectares":0.083}},{"type":"Feature","id":"ais_par3.85963","geometry":{"type":"Polygon","coordinates":[[[11.9605,55.4272],[11.9604,55.427],[11.9601,55.427],[11.9601,55.4272],[11.9605,55.4272]]]},"properties":{"sourceId":"ais_par3.85963","a_type":5120,"hectares":0.059}},{"type":"Feature","id":"ais_par3.85964","geometry":{"type":"Polygon","coordinates":[[[11.9606,55.4287],[11.961,55.4287],[11.9609,55.4284],[11.9606,55.4284],[11.9606,55.4287]]]},"properties":{"sourceId":"ais_par3.85964","a_type":5120,"hectares":0.084}},{"type":"Feature","id":"ais_par3.85965","geometry":{"type":"Polygon","coordinates":[[[11.9655,55.4278],[11.9652,55.4278],[11.9652,55.428],[11.9655,55.428],[11.9655,55.4278]]]},"properties":{"sourceId":"ais_par3.85965","a_type":5120,"hectares":0.038}},{"type":"Feature","id":"ais_par3.85966","geometry":{"type":"Polygon","coordinates":[[[11.9667,55.4272],[11.9667,55.4271],[11.9665,55.4269],[11.9664,55.427],[11.9663,55.4271],[11.9663,55.4272],[11.9667,55.4272]]]},"properties":{"sourceId":"ais_par3.85966","a_type":5120,"hectares":0.057}},{"type":"Feature","id":"ais_par3.85967","geometry":{"type":"Polygon","coordinates":[[[11.9675,55.4292],[11.9675,55.4292],[11.9673,55.4291],[11.9672,55.4291],[11.9671,55.4292],[11.9672,55.4293],[11.9675,55.4292]]]},"properties":{"sourceId":"ais_par3.85967","a_type":5120,"hectares":0.033}},{"type":"Feature","id":"ais_par3.85968","geometry":{"type":"Polygon","coordinates":[[[11.9703,55.4276],[11.9702,55.4275],[11.97,55.4275],[11.97,55.4276],[11.9703,55.4276]]]},"properties":{"sourceId":"ais_par3.85968","a_type":5120,"hectares":0.024}},{"type":"Feature","id":"ais_par3.85969","geometry":{"type":"Polygon","coordinates":[[[11.975,55.4282],[11.9751,55.4282],[11.9751,55.4281],[11.975,55.428],[11.9749,55.4281],[11.9748,55.4282],[11.975,55.4282]]]},"properties":{"sourceId":"ais_par3.85969","a_type":5120,"hectares":0.033}},{"type":"Feature","id":"ais_par3.85970","geometry":{"type":"Polygon","coordinates":[[[11.9625,55.4264],[11.963,55.4264],[11.963,55.4263],[11.9626,55.4263],[11.9625,55.4264]]]},"properties":{"sourceId":"ais_par3.85970","a_type":5120,"hectares":0.029}},{"type":"Feature","id":"ais_par3.85971","geometry":{"type":"Polygon","coordinates":[[[11.9672,55.425],[11.9667,55.4249],[11.9668,55.4251],[11.9671,55.4251],[11.9672,55.425]]]},"properties":{"sourceId":"ais_par3.85971","a_type":5120,"hectares":0.053}},{"type":"Feature","id":"ais_par3.85972","geometry":{"type":"Polygon","coordinates":[[[11.9693,55.4237],[11.9693,55.4235],[11.969,55.4235],[11.9689,55.4237],[11.9693,55.4237]]]},"properties":{"sourceId":"ais_par3.85972","a_type":5120,"hectares":0.052}},{"type":"Feature","id":"ais_par3.85973","geometry":{"type":"Polygon","coordinates":[[[11.9665,55.421],[11.9662,55.421],[11.9661,55.421],[11.9663,55.4211],[11.9665,55.421]]]},"properties":{"sourceId":"ais_par3.85973","a_type":5120,"hectares":0.018}},{"type":"Feature","id":"ais_par3.85974","geometry":{"type":"Polygon","coordinates":[[[11.9706,55.425],[11.971,55.425],[11.9712,55.4248],[11.971,55.4248],[11.9708,55.4248],[11.9707,55.4248],[11.9706,55.425]]]},"properties":{"sourceId":"ais_par3.85974","a_type":5120,"hectares":0.042}},{"type":"Feature","id":"ais_par3.85975","geometry":{"type":"Polygon","coordinates":[[[11.9761,55.4257],[11.9763,55.4256],[11.9763,55.4255],[11.9761,55.4254],[11.976,55.4255],[11.976,55.4256],[11.9761,55.4257]]]},"properties":{"sourceId":"ais_par3.85975","a_type":5120,"hectares":0.039}},{"type":"Feature","id":"ais_par3.85976","geometry":{"type":"Polygon","coordinates":[[[11.9784,55.4254],[11.9786,55.4254],[11.9786,55.4253],[11.9785,55.4253],[11.9784,55.4253],[11.9784,55.4253],[11.9784,55.4254]]]},"properties":{"sourceId":"ais_par3.85976","a_type":5120,"hectares":0.03}},{"type":"Feature","id":"ais_par3.85977","geometry":{"type":"Polygon","coordinates":[[[11.9808,55.4244],[11.9805,55.4244],[11.9804,55.4244],[11.9804,55.4245],[11.9805,55.4246],[11.9807,55.4246],[11.9808,55.4245],[11.9808,55.4244]]]},"properties":{"sourceId":"ais_par3.85977","a_type":5120,"hectares":0.035}},{"type":"Feature","id":"ais_par3.85978","geometry":{"type":"Polygon","coordinates":[[[11.9815,55.4241],[11.9811,55.424],[11.9811,55.4241],[11.9813,55.4243],[11.9815,55.4241]]]},"properties":{"sourceId":"ais_par3.85978","a_type":5120,"hectares":0.039}},{"type":"Feature","id":"ais_par3.85979","geometry":{"type":"Polygon","coordinates":[[[11.9698,55.4181],[11.9699,55.418],[11.9698,55.4178],[11.9697,55.4178],[11.9696,55.4178],[11.9697,55.418],[11.9698,55.4181]]]},"properties":{"sourceId":"ais_par3.85979","a_type":5120,"hectares":0.033}},{"type":"Feature","id":"ais_par3.85980","geometry":{"type":"Polygon","coordinates":[[[11.962,55.4184],[11.9618,55.4183],[11.9616,55.4183],[11.9615,55.4184],[11.9615,55.4184],[11.9618,55.4185],[11.962,55.4184]]]},"properties":{"sourceId":"ais_par3.85980","a_type":5120,"hectares":0.03}},{"type":"Feature","id":"ais_par3.85981","geometry":{"type":"Polygon","coordinates":[[[11.9613,55.4178],[11.9613,55.4176],[11.961,55.4176],[11.9609,55.4178],[11.9613,55.4178]]]},"properties":{"sourceId":"ais_par3.85981","a_type":5120,"hectares":0.045}},{"type":"Feature","id":"ais_par3.85982","geometry":{"type":"Polygon","coordinates":[[[11.9656,55.4178],[11.9653,55.4178],[11.9653,55.418],[11.9655,55.418],[11.9656,55.4178]]]},"properties":{"sourceId":"ais_par3.85982","a_type":5120,"hectares":0.04}},{"type":"Feature","id":"ais_par3.85983","geometry":{"type":"Polygon","coordinates":[[[11.9698,55.4172],[11.9699,55.4173],[11.9701,55.4173],[11.9702,55.4172],[11.9702,55.4171],[11.9698,55.4172]]]},"properties":{"sourceId":"ais_par3.85983","a_type":5120,"hectares":0.033}},{"type":"Feature","id":"ais_par3.85984","geometry":{"type":"Polygon","coordinates":[[[11.9777,55.4191],[11.9779,55.4192],[11.9782,55.4192],[11.9782,55.4191],[11.9782,55.419],[11.9781,55.4189],[11.978,55.419],[11.9778,55.419],[11.9777,55.4191]]]},"properties":{"sourceId":"ais_par3.85984","a_type":5120,"hectares":0.057}},{"type":"Feature","id":"ais_par3.85985","geometry":{"type":"Polygon","coordinates":[[[11.9741,55.4183],[11.9744,55.4183],[11.9744,55.4181],[11.9743,55.4181],[11.9741,55.4182],[11.9741,55.4183]]]},"properties":{"sourceId":"ais_par3.85985","a_type":5120,"hectares":0.04}},{"type":"Feature","id":"ais_par3.85986","geometry":{"type":"Polygon","coordinates":[[[11.9795,55.4183],[11.9798,55.4184],[11.9798,55.4182],[11.9798,55.4181],[11.9796,55.4181],[11.9796,55.4182],[11.9795,55.4183]]]},"properties":{"sourceId":"ais_par3.85986","a_type":5120,"hectares":0.036}},{"type":"Feature","id":"ais_par3.85987","geometry":{"type":"Polygon","coordinates":[[[11.9817,55.4184],[11.982,55.4184],[11.982,55.4183],[11.982,55.4182],[11.9817,55.4182],[11.9817,55.4183],[11.9817,55.4184]]]},"properties":{"sourceId":"ais_par3.85987","a_type":5120,"hectares":0.037}},{"type":"Feature","id":"ais_par3.85988","geometry":{"type":"Polygon","coordinates":[[[11.9864,55.422],[11.9862,55.422],[11.986,55.422],[11.9861,55.4222],[11.9864,55.4222],[11.9864,55.422]]]},"properties":{"sourceId":"ais_par3.85988","a_type":5120,"hectares":0.045}},{"type":"Feature","id":"ais_par3.85989","geometry":{"type":"Polygon","coordinates":[[[11.9861,55.4202],[11.9863,55.4201],[11.9863,55.42],[11.9863,55.4199],[11.9862,55.4199],[11.9861,55.4199],[11.9859,55.4199],[11.986,55.42],[11.9861,55.42],[11.9861,55.4202]]]},"properties":{"sourceId":"ais_par3.85989","a_type":5120,"hectares":0.047}},{"type":"Feature","id":"ais_par3.85990","geometry":{"type":"Polygon","coordinates":[[[11.9909,55.4227],[11.991,55.4229],[11.9912,55.423],[11.9913,55.423],[11.9914,55.4228],[11.9909,55.4227]]]},"properties":{"sourceId":"ais_par3.85990","a_type":5120,"hectares":0.076}},{"type":"Feature","id":"ais_par3.85991","geometry":{"type":"Polygon","coordinates":[[[11.993,55.4235],[11.9927,55.4235],[11.9925,55.4236],[11.9927,55.4238],[11.993,55.4235]]]},"properties":{"sourceId":"ais_par3.85991","a_type":5120,"hectares":0.042}},{"type":"Feature","id":"ais_par3.85992","geometry":{"type":"Polygon","coordinates":[[[12.0893,55.4324],[12.0896,55.4324],[12.0897,55.4321],[12.0894,55.4322],[12.0893,55.4324]]]},"properties":{"sourceId":"ais_par3.85992","a_type":5120,"hectares":0.045}},{"type":"Feature","id":"ais_par3.85993","geometry":{"type":"Polygon","coordinates":[[[12.077,55.4319],[12.0766,55.4315],[12.0758,55.4317],[12.0759,55.4318],[12.0761,55.4318],[12.0762,55.432],[12.077,55.4319]],[[12.0763,55.4318],[12.0762,55.4317],[12.0765,55.4317],[12.0766,55.4318],[12.0763,55.4318]]]},"properties":{"sourceId":"ais_par3.85993","a_type":5120,"hectares":0.218}},{"type":"Feature","id":"ais_par3.85994","geometry":{"type":"Polygon","coordinates":[[[11.9875,55.4299],[11.9871,55.43],[11.9871,55.4301],[11.9875,55.4301],[11.9875,55.4299]]]},"properties":{"sourceId":"ais_par3.85994","a_type":5120,"hectares":0.045}},{"type":"Feature","id":"ais_par3.85995","geometry":{"type":"Polygon","coordinates":[[[11.9979,55.4296],[11.9977,55.4296],[11.9976,55.4297],[11.9978,55.4297],[11.9979,55.4296]]]},"properties":{"sourceId":"ais_par3.85995","a_type":5120,"hectares":0.017}},{"type":"Feature","id":"ais_par3.85996","geometry":{"type":"Polygon","coordinates":[[[11.9984,55.4301],[11.9982,55.4305],[11.9982,55.4305],[11.9987,55.4304],[11.9984,55.4301]]]},"properties":{"sourceId":"ais_par3.85996","a_type":5120,"hectares":0.069}},{"type":"Feature","id":"ais_par3.85997","geometry":{"type":"Polygon","coordinates":[[[11.9966,55.4259],[11.9963,55.4259],[11.9963,55.4261],[11.9967,55.4261],[11.9966,55.4259]]]},"properties":{"sourceId":"ais_par3.85997","a_type":5120,"hectares":0.039}},{"type":"Feature","id":"ais_par3.85998","geometry":{"type":"Polygon","coordinates":[[[11.9971,55.4229],[11.9972,55.4229],[11.9976,55.4229],[11.9986,55.4228],[11.9989,55.4227],[11.998,55.4217],[11.9978,55.4216],[11.9976,55.4217],[11.9974,55.4219],[11.9974,55.4223],[11.9973,55.4227],[11.9971,55.4229]]]},"properties":{"sourceId":"ais_par3.85998","a_type":5120,"hectares":0.961}},{"type":"Feature","id":"ais_par3.85999","geometry":{"type":"Polygon","coordinates":[[[11.9861,55.4173],[11.9857,55.4173],[11.9858,55.4175],[11.986,55.4175],[11.9861,55.4173]]]},"properties":{"sourceId":"ais_par3.85999","a_type":5120,"hectares":0.041}},{"type":"Feature","id":"ais_par3.86000","geometry":{"type":"Polygon","coordinates":[[[11.9923,55.4183],[11.9922,55.4182],[11.992,55.4181],[11.9919,55.4181],[11.9919,55.4182],[11.992,55.4183],[11.9923,55.4183]]]},"properties":{"sourceId":"ais_par3.86000","a_type":5120,"hectares":0.035}},{"type":"Feature","id":"ais_par3.86001","geometry":{"type":"Polygon","coordinates":[[[11.9914,55.4178],[11.9913,55.4174],[11.9912,55.4173],[11.9911,55.4174],[11.991,55.4175],[11.991,55.4177],[11.991,55.4178],[11.9911,55.4178],[11.9914,55.4178]]]},"properties":{"sourceId":"ais_par3.86001","a_type":5120,"hectares":0.112}},{"type":"Feature","id":"ais_par3.86002","geometry":{"type":"Polygon","coordinates":[[[11.9985,55.422],[11.9997,55.4216],[11.9995,55.4215],[11.9989,55.4216],[11.9983,55.4217],[11.9983,55.4219],[11.9985,55.422]]]},"properties":{"sourceId":"ais_par3.86002","a_type":5120,"hectares":0.221}},{"type":"Feature","id":"ais_par3.86003","geometry":{"type":"Polygon","coordinates":[[[11.9995,55.4199],[11.9993,55.42],[11.9991,55.42],[11.9991,55.4201],[11.9994,55.4202],[11.9995,55.4199]]]},"properties":{"sourceId":"ais_par3.86003","a_type":5120,"hectares":0.038}},{"type":"Feature","id":"ais_par3.86004","geometry":{"type":"Polygon","coordinates":[[[12.0009,55.4193],[12.0006,55.4194],[12.0006,55.4195],[12.0008,55.4195],[12.0009,55.4193]]]},"properties":{"sourceId":"ais_par3.86004","a_type":5120,"hectares":0.018}},{"type":"Feature","id":"ais_par3.86005","geometry":{"type":"Polygon","coordinates":[[[12.0061,55.4199],[12.0057,55.42],[12.0059,55.4202],[12.0061,55.4202],[12.0061,55.4199]]]},"properties":{"sourceId":"ais_par3.86005","a_type":5120,"hectares":0.049}},{"type":"Feature","id":"ais_par3.86006","geometry":{"type":"Polygon","coordinates":[[[12.0047,55.422],[12.0047,55.4219],[12.0045,55.4219],[12.0046,55.422],[12.0047,55.422]]]},"properties":{"sourceId":"ais_par3.86006","a_type":5120,"hectares":0.021}},{"type":"Feature","id":"ais_par3.86007","geometry":{"type":"Polygon","coordinates":[[[12.0025,55.4277],[12.002,55.4276],[12.002,55.4278],[12.0024,55.4278],[12.0025,55.4277]]]},"properties":{"sourceId":"ais_par3.86007","a_type":5120,"hectares":0.054}},{"type":"Feature","id":"ais_par3.86008","geometry":{"type":"Polygon","coordinates":[[[12.0103,55.4333],[12.0101,55.4333],[12.0101,55.4334],[12.0103,55.4334],[12.0103,55.4333]]]},"properties":{"sourceId":"ais_par3.86008","a_type":5120,"hectares":0.025}},{"type":"Feature","id":"ais_par3.86009","geometry":{"type":"Polygon","coordinates":[[[12.0093,55.4314],[12.0089,55.4314],[12.0089,55.4315],[12.0092,55.4316],[12.0093,55.4314]]]},"properties":{"sourceId":"ais_par3.86009","a_type":5120,"hectares":0.044}},{"type":"Feature","id":"ais_par3.86010","geometry":{"type":"Polygon","coordinates":[[[12.0028,55.4292],[12.0024,55.4292],[12.0023,55.4294],[12.0027,55.4294],[12.0028,55.4292]]]},"properties":{"sourceId":"ais_par3.86010","a_type":5120,"hectares":0.054}},{"type":"Feature","id":"ais_par3.86011","geometry":{"type":"Polygon","coordinates":[[[12.0158,55.4295],[12.0161,55.4294],[12.016,55.4292],[12.0158,55.4292],[12.0158,55.4295]]]},"properties":{"sourceId":"ais_par3.86011","a_type":5120,"hectares":0.047}},{"type":"Feature","id":"ais_par3.86012","geometry":{"type":"Polygon","coordinates":[[[12.0247,55.4298],[12.0251,55.4296],[12.0249,55.4294],[12.0247,55.4296],[12.0247,55.4298]]]},"properties":{"sourceId":"ais_par3.86012","a_type":5120,"hectares":0.045}},{"type":"Feature","id":"ais_par3.86013","geometry":{"type":"Polygon","coordinates":[[[12.0179,55.4237],[12.0175,55.4237],[12.0175,55.4239],[12.0178,55.4238],[12.0179,55.4237]]]},"properties":{"sourceId":"ais_par3.86013","a_type":5120,"hectares":0.045}},{"type":"Feature","id":"ais_par3.86014","geometry":{"type":"Polygon","coordinates":[[[12.0214,55.4233],[12.021,55.4234],[12.0212,55.4236],[12.0215,55.4235],[12.0214,55.4233]]]},"properties":{"sourceId":"ais_par3.86014","a_type":5120,"hectares":0.061}},{"type":"Feature","id":"ais_par3.86015","geometry":{"type":"Polygon","coordinates":[[[12.0227,55.4239],[12.0222,55.424],[12.0224,55.4242],[12.0226,55.424],[12.0227,55.4239]]]},"properties":{"sourceId":"ais_par3.86015","a_type":5120,"hectares":0.054}},{"type":"Feature","id":"ais_par3.86016","geometry":{"type":"Polygon","coordinates":[[[12.0145,55.4177],[12.0142,55.4177],[12.0142,55.4179],[12.0145,55.4179],[12.0145,55.4177]]]},"properties":{"sourceId":"ais_par3.86016","a_type":5120,"hectares":0.052}},{"type":"Feature","id":"ais_par3.86017","geometry":{"type":"Polygon","coordinates":[[[12.027,55.4257],[12.0265,55.4257],[12.0266,55.426],[12.027,55.4257]]]},"properties":{"sourceId":"ais_par3.86017","a_type":5120,"hectares":0.046}},{"type":"Feature","id":"ais_par3.86018","geometry":{"type":"Polygon","coordinates":[[[12.0283,55.4225],[12.0279,55.4226],[12.028,55.4228],[12.0282,55.4228],[12.0283,55.4225]]]},"properties":{"sourceId":"ais_par3.86018","a_type":5120,"hectares":0.046}},{"type":"Feature","id":"ais_par3.86019","geometry":{"type":"Polygon","coordinates":[[[12.0269,55.4193],[12.027,55.4192],[12.027,55.4192],[12.0267,55.4191],[12.0267,55.4192],[12.0269,55.4193]]]},"properties":{"sourceId":"ais_par3.86019","a_type":5120,"hectares":0.028}},{"type":"Feature","id":"ais_par3.86020","geometry":{"type":"Polygon","coordinates":[[[12.0259,55.4223],[12.0253,55.4225],[12.0254,55.4227],[12.026,55.4226],[12.0259,55.4223]]]},"properties":{"sourceId":"ais_par3.86020","a_type":5120,"hectares":0.104}},{"type":"Feature","id":"ais_par3.86021","geometry":{"type":"Polygon","coordinates":[[[12.0231,55.4192],[12.0234,55.4191],[12.0232,55.4189],[12.0229,55.419],[12.0229,55.4192],[12.0231,55.4192]]]},"properties":{"sourceId":"ais_par3.86021","a_type":5120,"hectares":0.061}},{"type":"Feature","id":"ais_par3.86022","geometry":{"type":"Polygon","coordinates":[[[12.0421,55.4295],[12.0418,55.4293],[12.0416,55.4294],[12.0417,55.4296],[12.0421,55.4295]]]},"properties":{"sourceId":"ais_par3.86022","a_type":5120,"hectares":0.033}},{"type":"Feature","id":"ais_par3.86065","geometry":{"type":"Polygon","coordinates":[[[12.018,55.4075],[12.0177,55.4075],[12.0175,55.4076],[12.0177,55.4077],[12.018,55.4075]]]},"properties":{"sourceId":"ais_par3.86065","a_type":5120,"hectares":0.031}},{"type":"Feature","id":"ais_par3.86023","geometry":{"type":"Polygon","coordinates":[[[12.0429,55.4217],[12.0437,55.4216],[12.0438,55.4215],[12.0439,55.4211],[12.0437,55.4211],[12.0436,55.4213],[12.0436,55.4214],[12.043,55.4215],[12.0429,55.4217]]]},"properties":{"sourceId":"ais_par3.86023","a_type":5120,"hectares":0.114}},{"type":"Feature","id":"ais_par3.86024","geometry":{"type":"Polygon","coordinates":[[[12.0387,55.4303],[12.0385,55.4302],[12.0383,55.4303],[12.0383,55.4304],[12.0387,55.4303]]]},"properties":{"sourceId":"ais_par3.86024","a_type":5120,"hectares":0.033}},{"type":"Feature","id":"ais_par3.86025","geometry":{"type":"Polygon","coordinates":[[[12.0452,55.4295],[12.0446,55.4295],[12.0447,55.4297],[12.0452,55.4297],[12.0452,55.4295]]]},"properties":{"sourceId":"ais_par3.86025","a_type":5120,"hectares":0.064}},{"type":"Feature","id":"ais_par3.86026","geometry":{"type":"Polygon","coordinates":[[[12.0498,55.4278],[12.0494,55.4278],[12.0494,55.428],[12.0498,55.428],[12.0498,55.4278]]]},"properties":{"sourceId":"ais_par3.86026","a_type":5120,"hectares":0.044}},{"type":"Feature","id":"ais_par3.86027","geometry":{"type":"Polygon","coordinates":[[[12.0369,55.4268],[12.0369,55.4266],[12.0367,55.4267],[12.0369,55.4268]]]},"properties":{"sourceId":"ais_par3.86027","a_type":5120,"hectares":0.012}},{"type":"Feature","id":"ais_par3.86028","geometry":{"type":"Polygon","coordinates":[[[12.0396,55.4253],[12.0393,55.4255],[12.0395,55.4257],[12.0399,55.4256],[12.0396,55.4253]]]},"properties":{"sourceId":"ais_par3.86028","a_type":5120,"hectares":0.09}},{"type":"Feature","id":"ais_par3.86029","geometry":{"type":"Polygon","coordinates":[[[12.0414,55.4203],[12.0414,55.4202],[12.0411,55.4201],[12.041,55.4202],[12.041,55.4203],[12.0414,55.4203]]]},"properties":{"sourceId":"ais_par3.86029","a_type":5120,"hectares":0.044}},{"type":"Feature","id":"ais_par3.86030","geometry":{"type":"Polygon","coordinates":[[[12.0304,55.4215],[12.0305,55.4215],[12.0306,55.4215],[12.0306,55.4214],[12.0304,55.4214],[12.0304,55.4215]]]},"properties":{"sourceId":"ais_par3.86030","a_type":5120,"hectares":0.027}},{"type":"Feature","id":"ais_par3.86031","geometry":{"type":"Polygon","coordinates":[[[12.0345,55.4209],[12.0346,55.4211],[12.0349,55.4211],[12.0349,55.421],[12.0345,55.4209]]]},"properties":{"sourceId":"ais_par3.86031","a_type":5120,"hectares":0.032}},{"type":"Feature","id":"ais_par3.86032","geometry":{"type":"Polygon","coordinates":[[[12.0331,55.4192],[12.0329,55.4193],[12.0328,55.4194],[12.0329,55.4194],[12.0331,55.4192]]]},"properties":{"sourceId":"ais_par3.86032","a_type":5120,"hectares":0.023}},{"type":"Feature","id":"ais_par3.86033","geometry":{"type":"Polygon","coordinates":[[[12.032,55.4182],[12.0321,55.418],[12.0319,55.418],[12.032,55.4182]]]},"properties":{"sourceId":"ais_par3.86033","a_type":5120,"hectares":0.017}},{"type":"Feature","id":"ais_par3.86034","geometry":{"type":"Polygon","coordinates":[[[12.0545,55.4304],[12.0541,55.4305],[12.0541,55.4306],[12.0543,55.4306],[12.0545,55.4304]]]},"properties":{"sourceId":"ais_par3.86034","a_type":5120,"hectares":0.037}},{"type":"Feature","id":"ais_par3.86035","geometry":{"type":"Polygon","coordinates":[[[12.0511,55.4255],[12.0509,55.4256],[12.0508,55.4257],[12.051,55.4258],[12.0511,55.4255]]]},"properties":{"sourceId":"ais_par3.86035","a_type":5120,"hectares":0.033}},{"type":"Feature","id":"ais_par3.86036","geometry":{"type":"Polygon","coordinates":[[[12.0566,55.4259],[12.0563,55.4257],[12.0562,55.4258],[12.0563,55.426],[12.0566,55.4259]]]},"properties":{"sourceId":"ais_par3.86036","a_type":5120,"hectares":0.039}},{"type":"Feature","id":"ais_par3.86037","geometry":{"type":"Polygon","coordinates":[[[12.0627,55.4274],[12.0625,55.4272],[12.0624,55.4273],[12.0624,55.4274],[12.0627,55.4274]]]},"properties":{"sourceId":"ais_par3.86037","a_type":5120,"hectares":0.03}},{"type":"Feature","id":"ais_par3.86038","geometry":{"type":"Polygon","coordinates":[[[12.0778,55.4217],[12.0778,55.4215],[12.0775,55.4216],[12.0778,55.4217]]]},"properties":{"sourceId":"ais_par3.86038","a_type":5120,"hectares":0.021}},{"type":"Feature","id":"ais_par3.86039","geometry":{"type":"Polygon","coordinates":[[[12.0842,55.4236],[12.0841,55.4234],[12.0836,55.4234],[12.0837,55.4236],[12.0842,55.4236]]]},"properties":{"sourceId":"ais_par3.86039","a_type":5120,"hectares":0.064}},{"type":"Feature","id":"ais_par3.86040","geometry":{"type":"Polygon","coordinates":[[[12.0762,55.4286],[12.0759,55.4287],[12.0761,55.4289],[12.0763,55.4288],[12.0762,55.4286]]]},"properties":{"sourceId":"ais_par3.86040","a_type":5120,"hectares":0.056}},{"type":"Feature","id":"ais_par3.86041","geometry":{"type":"Polygon","coordinates":[[[12.0896,55.427],[12.0897,55.4267],[12.0892,55.427],[12.0896,55.427]]]},"properties":{"sourceId":"ais_par3.86041","a_type":5120,"hectares":0.047}},{"type":"Feature","id":"ais_par3.86042","geometry":{"type":"Polygon","coordinates":[[[12.0849,55.4217],[12.0843,55.4218],[12.0843,55.4221],[12.085,55.422],[12.0849,55.4217]]]},"properties":{"sourceId":"ais_par3.86042","a_type":5120,"hectares":0.129}},{"type":"Feature","id":"ais_par3.86043","geometry":{"type":"Polygon","coordinates":[[[11.9648,55.4054],[11.9646,55.4054],[11.9646,55.4057],[11.9649,55.4056],[11.9648,55.4054]]]},"properties":{"sourceId":"ais_par3.86043","a_type":5120,"hectares":0.045}},{"type":"Feature","id":"ais_par3.86044","geometry":{"type":"Polygon","coordinates":[[[11.9765,55.4125],[11.9763,55.4124],[11.976,55.4124],[11.976,55.4125],[11.9765,55.4125]]]},"properties":{"sourceId":"ais_par3.86044","a_type":5120,"hectares":0.04}},{"type":"Feature","id":"ais_par3.86045","geometry":{"type":"Polygon","coordinates":[[[11.9833,55.4055],[11.9833,55.4054],[11.983,55.4054],[11.983,55.4055],[11.9833,55.4055]]]},"properties":{"sourceId":"ais_par3.86045","a_type":5120,"hectares":0.033}},{"type":"Feature","id":"ais_par3.86046","geometry":{"type":"Polygon","coordinates":[[[11.9924,55.4144],[11.9921,55.4145],[11.992,55.4146],[11.9924,55.4146],[11.9924,55.4144]]]},"properties":{"sourceId":"ais_par3.86046","a_type":5120,"hectares":0.035}},{"type":"Feature","id":"ais_par3.86047","geometry":{"type":"Polygon","coordinates":[[[11.9864,55.413],[11.9864,55.4127],[11.986,55.4127],[11.986,55.4129],[11.9864,55.413]]]},"properties":{"sourceId":"ais_par3.86047","a_type":5120,"hectares":0.081}},{"type":"Feature","id":"ais_par3.86048","geometry":{"type":"Polygon","coordinates":[[[11.9871,55.4118],[11.9875,55.4118],[11.9874,55.4116],[11.9871,55.4118]]]},"properties":{"sourceId":"ais_par3.86048","a_type":5120,"hectares":0.035}},{"type":"Feature","id":"ais_par3.86049","geometry":{"type":"Polygon","coordinates":[[[11.9894,55.41],[11.989,55.41],[11.9891,55.4103],[11.9893,55.4103],[11.9894,55.41]]]},"properties":{"sourceId":"ais_par3.86049","a_type":5120,"hectares":0.047}},{"type":"Feature","id":"ais_par3.86050","geometry":{"type":"Polygon","coordinates":[[[11.9881,55.4088],[11.9878,55.4088],[11.9878,55.409],[11.9882,55.409],[11.9881,55.4088]]]},"properties":{"sourceId":"ais_par3.86050","a_type":5120,"hectares":0.041}},{"type":"Feature","id":"ais_par3.86051","geometry":{"type":"Polygon","coordinates":[[[11.9887,55.4043],[11.9884,55.4044],[11.9882,55.4045],[11.9882,55.4046],[11.9884,55.4046],[11.9886,55.4046],[11.9887,55.4043]]]},"properties":{"sourceId":"ais_par3.86051","a_type":5120,"hectares":0.063}},{"type":"Feature","id":"ais_par3.86052","geometry":{"type":"Polygon","coordinates":[[[11.9957,55.4026],[11.9953,55.4026],[11.9951,55.4025],[11.9952,55.4027],[11.9954,55.4027],[11.9957,55.4026]]]},"properties":{"sourceId":"ais_par3.86052","a_type":5120,"hectares":0.033}},{"type":"Feature","id":"ais_par3.86053","geometry":{"type":"Polygon","coordinates":[[[11.9946,55.4059],[11.9943,55.4059],[11.9942,55.4061],[11.9946,55.4062],[11.9946,55.4059]]]},"properties":{"sourceId":"ais_par3.86053","a_type":5120,"hectares":0.05}},{"type":"Feature","id":"ais_par3.86054","geometry":{"type":"Polygon","coordinates":[[[11.9964,55.4072],[11.996,55.4072],[11.996,55.4074],[11.9964,55.4074],[11.9964,55.4072]]]},"properties":{"sourceId":"ais_par3.86054","a_type":5120,"hectares":0.048}},{"type":"Feature","id":"ais_par3.86055","geometry":{"type":"Polygon","coordinates":[[[11.9963,55.41],[11.996,55.41],[11.9958,55.41],[11.9958,55.4101],[11.9961,55.4102],[11.9963,55.41]]]},"properties":{"sourceId":"ais_par3.86055","a_type":5120,"hectares":0.05}},{"type":"Feature","id":"ais_par3.86056","geometry":{"type":"Polygon","coordinates":[[[11.9985,55.4162],[11.9988,55.4161],[11.9985,55.4159],[11.9985,55.4162]]]},"properties":{"sourceId":"ais_par3.86056","a_type":5120,"hectares":0.03}},{"type":"Feature","id":"ais_par3.86057","geometry":{"type":"Polygon","coordinates":[[[11.9992,55.4167],[11.9994,55.4167],[11.9994,55.4166],[11.9992,55.4166],[11.9992,55.4167]]]},"properties":{"sourceId":"ais_par3.86057","a_type":5120,"hectares":0.009}},{"type":"Feature","id":"ais_par3.86058","geometry":{"type":"Polygon","coordinates":[[[11.9965,55.417],[11.9966,55.417],[11.9967,55.417],[11.9966,55.417],[11.9965,55.417],[11.9965,55.417]]]},"properties":{"sourceId":"ais_par3.86058","a_type":5120,"hectares":0.007}},{"type":"Feature","id":"ais_par3.86059","geometry":{"type":"Polygon","coordinates":[[[11.9981,55.4141],[11.9985,55.4142],[11.9987,55.4141],[11.9985,55.414],[11.9982,55.414],[11.9981,55.4141]]]},"properties":{"sourceId":"ais_par3.86059","a_type":5120,"hectares":0.052}},{"type":"Feature","id":"ais_par3.86060","geometry":{"type":"Polygon","coordinates":[[[12.0027,55.4054],[12.0023,55.4054],[12.0023,55.4056],[12.0025,55.4056],[12.0027,55.4054]]]},"properties":{"sourceId":"ais_par3.86060","a_type":5120,"hectares":0.035}},{"type":"Feature","id":"ais_par3.86061","geometry":{"type":"Polygon","coordinates":[[[12.005,55.4081],[12.0048,55.408],[12.0046,55.4081],[12.0048,55.4081],[12.005,55.4081]]]},"properties":{"sourceId":"ais_par3.86061","a_type":5120,"hectares":0.02}},{"type":"Feature","id":"ais_par3.86062","geometry":{"type":"Polygon","coordinates":[[[12.0194,55.4024],[12.0191,55.4025],[12.0191,55.4028],[12.0195,55.4028],[12.0194,55.4024]]]},"properties":{"sourceId":"ais_par3.86062","a_type":5120,"hectares":0.075}},{"type":"Feature","id":"ais_par3.86063","geometry":{"type":"Polygon","coordinates":[[[12.0219,55.4132],[12.0217,55.4132],[12.0214,55.4131],[12.0212,55.4132],[12.0214,55.4134],[12.0219,55.4132]]]},"properties":{"sourceId":"ais_par3.86063","a_type":5120,"hectares":0.073}},{"type":"Feature","id":"ais_par3.86064","geometry":{"type":"Polygon","coordinates":[[[12.0143,55.4092],[12.014,55.4092],[12.0139,55.4093],[12.0141,55.4093],[12.0143,55.4092]]]},"properties":{"sourceId":"ais_par3.86064","a_type":5120,"hectares":0.024}},{"type":"Feature","id":"ais_par3.86066","geometry":{"type":"Polygon","coordinates":[[[12.0204,55.4083],[12.0207,55.4083],[12.0208,55.4082],[12.0207,55.4081],[12.0204,55.4083]]]},"properties":{"sourceId":"ais_par3.86066","a_type":5120,"hectares":0.03}},{"type":"Feature","id":"ais_par3.86067","geometry":{"type":"Polygon","coordinates":[[[12.007,55.4136],[12.0073,55.4136],[12.008,55.4133],[12.0083,55.4131],[12.0077,55.4132],[12.007,55.4136]]]},"properties":{"sourceId":"ais_par3.86067","a_type":5120,"hectares":0.129}},{"type":"Feature","id":"ais_par3.86068","geometry":{"type":"Polygon","coordinates":[[[12.0136,55.4123],[12.0137,55.4123],[12.0137,55.4122],[12.0135,55.4122],[12.0136,55.4123]]]},"properties":{"sourceId":"ais_par3.86068","a_type":5120,"hectares":0.016}},{"type":"Feature","id":"ais_par3.86069","geometry":{"type":"Polygon","coordinates":[[[12.0121,55.413],[12.0128,55.413],[12.0126,55.4128],[12.012,55.4128],[12.0121,55.413]]]},"properties":{"sourceId":"ais_par3.86069","a_type":5120,"hectares":0.107}},{"type":"Feature","id":"ais_par3.86070","geometry":{"type":"Polygon","coordinates":[[[12.0088,55.409],[12.0087,55.4088],[12.008,55.409],[12.0081,55.4091],[12.0088,55.409]]]},"properties":{"sourceId":"ais_par3.86070","a_type":5120,"hectares":0.075}},{"type":"Feature","id":"ais_par3.86071","geometry":{"type":"Polygon","coordinates":[[[12.0099,55.4103],[12.0096,55.4104],[12.0096,55.4105],[12.01,55.4105],[12.0099,55.4103]]]},"properties":{"sourceId":"ais_par3.86071","a_type":5120,"hectares":0.035}},{"type":"Feature","id":"ais_par3.86072","geometry":{"type":"Polygon","coordinates":[[[12.026,55.4157],[12.0257,55.4157],[12.0256,55.4159],[12.0259,55.4159],[12.026,55.4157]]]},"properties":{"sourceId":"ais_par3.86072","a_type":5120,"hectares":0.033}},{"type":"Feature","id":"ais_par3.86073","geometry":{"type":"Polygon","coordinates":[[[12.0286,55.4142],[12.0283,55.4142],[12.0282,55.4143],[12.0285,55.4144],[12.0286,55.4142]]]},"properties":{"sourceId":"ais_par3.86073","a_type":5120,"hectares":0.036}},{"type":"Feature","id":"ais_par3.86074","geometry":{"type":"Polygon","coordinates":[[[12.032,55.4142],[12.0316,55.4142],[12.0316,55.4144],[12.0321,55.4144],[12.032,55.4142]]]},"properties":{"sourceId":"ais_par3.86074","a_type":5120,"hectares":0.078}},{"type":"Feature","id":"ais_par3.86075","geometry":{"type":"Polygon","coordinates":[[[12.0299,55.4071],[12.0301,55.407],[12.0301,55.4069],[12.0298,55.4069],[12.0299,55.4071]]]},"properties":{"sourceId":"ais_par3.86075","a_type":5120,"hectares":0.027}},{"type":"Feature","id":"ais_par3.86076","geometry":{"type":"Polygon","coordinates":[[[12.0255,55.4057],[12.026,55.4058],[12.0261,55.4057],[12.0259,55.4055],[12.0255,55.4057]]]},"properties":{"sourceId":"ais_par3.86076","a_type":5120,"hectares":0.052}},{"type":"Feature","id":"ais_par3.86077","geometry":{"type":"Polygon","coordinates":[[[12.0241,55.4027],[12.0238,55.4027],[12.0237,55.4027],[12.0238,55.403],[12.0241,55.4027]]]},"properties":{"sourceId":"ais_par3.86077","a_type":5120,"hectares":0.031}},{"type":"Feature","id":"ais_par3.86078","geometry":{"type":"Polygon","coordinates":[[[12.0418,55.4132],[12.0417,55.4133],[12.0403,55.4139],[12.0395,55.414],[12.039,55.4141],[12.0392,55.4144],[12.0396,55.4143],[12.0419,55.4133],[12.0418,55.4132]]]},"properties":{"sourceId":"ais_par3.86078","a_type":5120,"hectares":0.354}},{"type":"Feature","id":"ais_par3.86079","geometry":{"type":"Polygon","coordinates":[[[12.0406,55.4152],[12.0404,55.4152],[12.0412,55.4164],[12.0402,55.4166],[12.0394,55.4153],[12.0391,55.4154],[12.04,55.4167],[12.0416,55.4164],[12.0406,55.4152]]]},"properties":{"sourceId":"ais_par3.86079","a_type":5120,"hectares":0.667}},{"type":"Feature","id":"ais_par3.86080","geometry":{"type":"Polygon","coordinates":[[[12.0409,55.4132],[12.0408,55.413],[12.0404,55.4131],[12.0405,55.4132],[12.0409,55.4132]]]},"properties":{"sourceId":"ais_par3.86080","a_type":5120,"hectares":0.047}},{"type":"Feature","id":"ais_par3.86081","geometry":{"type":"Polygon","coordinates":[[[12.0389,55.4154],[12.0385,55.4154],[12.0385,55.4156],[12.0389,55.4156],[12.0389,55.4154]]]},"properties":{"sourceId":"ais_par3.86081","a_type":5120,"hectares":0.052}},{"type":"Feature","id":"ais_par3.86082","geometry":{"type":"Polygon","coordinates":[[[12.0354,55.4116],[12.0355,55.4115],[12.0353,55.4113],[12.035,55.4113],[12.035,55.4114],[12.035,55.4116],[12.0354,55.4116]]]},"properties":{"sourceId":"ais_par3.86082","a_type":5120,"hectares":0.083}},{"type":"Feature","id":"ais_par3.86083","geometry":{"type":"Polygon","coordinates":[[[12.0479,55.4096],[12.0476,55.4096],[12.0476,55.4098],[12.048,55.4097],[12.0479,55.4096]]]},"properties":{"sourceId":"ais_par3.86083","a_type":5120,"hectares":0.036}},{"type":"Feature","id":"ais_par3.86084","geometry":{"type":"Polygon","coordinates":[[[12.0437,55.41],[12.0436,55.4098],[12.0433,55.4099],[12.0432,55.4101],[12.0434,55.4101],[12.0436,55.41],[12.0437,55.41]]]},"properties":{"sourceId":"ais_par3.86084","a_type":5120,"hectares":0.056}},{"type":"Feature","id":"ais_par3.86085","geometry":{"type":"Polygon","coordinates":[[[12.0424,55.4068],[12.0422,55.4067],[12.042,55.4067],[12.0418,55.4069],[12.042,55.407],[12.0422,55.407],[12.0424,55.4068]]]},"properties":{"sourceId":"ais_par3.86085","a_type":5120,"hectares":0.068}},{"type":"Feature","id":"ais_par3.86086","geometry":{"type":"Polygon","coordinates":[[[12.045,55.4058],[12.0448,55.4057],[12.0446,55.4057],[12.0444,55.4059],[12.0446,55.4059],[12.045,55.4058]]]},"properties":{"sourceId":"ais_par3.86086","a_type":5120,"hectares":0.046}},{"type":"Feature","id":"ais_par3.86087","geometry":{"type":"Polygon","coordinates":[[[12.0381,55.403],[12.038,55.4034],[12.0384,55.4034],[12.0384,55.4033],[12.0384,55.4032],[12.0381,55.403]]]},"properties":{"sourceId":"ais_par3.86087","a_type":5120,"hectares":0.069}},{"type":"Feature","id":"ais_par3.86088","geometry":{"type":"Polygon","coordinates":[[[12.0428,55.4014],[12.0427,55.4015],[12.0427,55.4017],[12.043,55.4017],[12.0431,55.4016],[12.0431,55.4015],[12.0428,55.4014]]]},"properties":{"sourceId":"ais_par3.86088","a_type":5120,"hectares":0.075}},{"type":"Feature","id":"ais_par3.86089","geometry":{"type":"Polygon","coordinates":[[[12.0468,55.403],[12.0466,55.4031],[12.0466,55.4033],[12.0468,55.4033],[12.0469,55.4032],[12.0468,55.403]]]},"properties":{"sourceId":"ais_par3.86089","a_type":5120,"hectares":0.041}},{"type":"Feature","id":"ais_par3.86090","geometry":{"type":"Polygon","coordinates":[[[12.049,55.4027],[12.0487,55.4027],[12.0486,55.4027],[12.0489,55.4028],[12.049,55.4027]]]},"properties":{"sourceId":"ais_par3.86090","a_type":5120,"hectares":0.022}},{"type":"Feature","id":"ais_par3.86091","geometry":{"type":"Polygon","coordinates":[[[12.0514,55.4031],[12.0512,55.4032],[12.0512,55.4034],[12.0513,55.4034],[12.0514,55.4031]]]},"properties":{"sourceId":"ais_par3.86091","a_type":5120,"hectares":0.026}},{"type":"Feature","id":"ais_par3.86092","geometry":{"type":"Polygon","coordinates":[[[12.0562,55.4047],[12.056,55.4046],[12.0558,55.4045],[12.0559,55.4048],[12.0562,55.4047]]]},"properties":{"sourceId":"ais_par3.86092","a_type":5120,"hectares":0.03}},{"type":"Feature","id":"ais_par3.86093","geometry":{"type":"Polygon","coordinates":[[[12.051,55.4085],[12.0509,55.4084],[12.0507,55.4085],[12.0507,55.4087],[12.051,55.4085]]]},"properties":{"sourceId":"ais_par3.86093","a_type":5120,"hectares":0.034}},{"type":"Feature","id":"ais_par3.86094","geometry":{"type":"Polygon","coordinates":[[[12.0549,55.4068],[12.0549,55.4066],[12.0546,55.4067],[12.0546,55.4068],[12.0549,55.4068]]]},"properties":{"sourceId":"ais_par3.86094","a_type":5120,"hectares":0.028}},{"type":"Feature","id":"ais_par3.86095","geometry":{"type":"Polygon","coordinates":[[[12.0525,55.4136],[12.0525,55.4135],[12.0524,55.4134],[12.0521,55.4134],[12.052,55.4136],[12.0525,55.4136]]]},"properties":{"sourceId":"ais_par3.86095","a_type":5120,"hectares":0.058}},{"type":"Feature","id":"ais_par3.86096","geometry":{"type":"Polygon","coordinates":[[[12.0524,55.4114],[12.052,55.4116],[12.0524,55.4116],[12.0525,55.4115],[12.0524,55.4114]]]},"properties":{"sourceId":"ais_par3.86096","a_type":5120,"hectares":0.037}},{"type":"Feature","id":"ais_par3.86097","geometry":{"type":"Polygon","coordinates":[[[12.0505,55.4126],[12.0501,55.4128],[12.0501,55.4129],[12.0505,55.4126]]]},"properties":{"sourceId":"ais_par3.86097","a_type":5120,"hectares":0.018}},{"type":"Feature","id":"ais_par3.86098","geometry":{"type":"Polygon","coordinates":[[[12.0528,55.4159],[12.0532,55.4159],[12.0533,55.4158],[12.0528,55.4159]]]},"properties":{"sourceId":"ais_par3.86098","a_type":5120,"hectares":0.029}},{"type":"Feature","id":"ais_par3.86099","geometry":{"type":"Polygon","coordinates":[[[12.0557,55.4171],[12.0561,55.4172],[12.0562,55.417],[12.0559,55.417],[12.0557,55.4171]]]},"properties":{"sourceId":"ais_par3.86099","a_type":5120,"hectares":0.045}},{"type":"Feature","id":"ais_par3.86100","geometry":{"type":"Polygon","coordinates":[[[12.0644,55.4152],[12.0643,55.4151],[12.0641,55.4151],[12.0638,55.4153],[12.0644,55.4152]]]},"properties":{"sourceId":"ais_par3.86100","a_type":5120,"hectares":0.038}},{"type":"Feature","id":"ais_par3.86101","geometry":{"type":"Polygon","coordinates":[[[12.0579,55.4119],[12.0579,55.4121],[12.0581,55.4121],[12.0581,55.412],[12.0581,55.4119],[12.0579,55.4119]]]},"properties":{"sourceId":"ais_par3.86101","a_type":5120,"hectares":0.036}},{"type":"Feature","id":"ais_par3.86102","geometry":{"type":"Polygon","coordinates":[[[12.0609,55.4116],[12.0613,55.4117],[12.0614,55.4117],[12.0614,55.4115],[12.0614,55.4114],[12.0611,55.4115],[12.0609,55.4116]]]},"properties":{"sourceId":"ais_par3.86102","a_type":5120,"hectares":0.076}},{"type":"Feature","id":"ais_par3.86103","geometry":{"type":"Polygon","coordinates":[[[12.0651,55.41],[12.0648,55.41],[12.0648,55.4101],[12.065,55.4103],[12.0652,55.4103],[12.0651,55.41]]]},"properties":{"sourceId":"ais_par3.86103","a_type":5120,"hectares":0.063}},{"type":"Feature","id":"ais_par3.86104","geometry":{"type":"Polygon","coordinates":[[[12.0059,55.3999],[12.0055,55.3999],[12.0055,55.4001],[12.0059,55.4001],[12.0059,55.3999]]]},"properties":{"sourceId":"ais_par3.86104","a_type":5120,"hectares":0.04}},{"type":"Feature","id":"ais_par3.86105","geometry":{"type":"Polygon","coordinates":[[[12.0084,55.4006],[12.0083,55.4005],[12.008,55.4007],[12.0081,55.4007],[12.0084,55.4006]]]},"properties":{"sourceId":"ais_par3.86105","a_type":5120,"hectares":0.026}},{"type":"Feature","id":"ais_par3.86106","geometry":{"type":"Polygon","coordinates":[[[12.0123,55.3999],[12.0121,55.4],[12.0121,55.4001],[12.0124,55.4001],[12.0123,55.3999]]]},"properties":{"sourceId":"ais_par3.86106","a_type":5120,"hectares":0.035}},{"type":"Feature","id":"ais_par3.86107","geometry":{"type":"Polygon","coordinates":[[[12.0244,55.4001],[12.0246,55.4],[12.0247,55.4],[12.0248,55.3998],[12.0243,55.3999],[12.0243,55.4],[12.0244,55.4001]]]},"properties":{"sourceId":"ais_par3.86107","a_type":5120,"hectares":0.056}},{"type":"Feature","id":"ais_par3.86108","geometry":{"type":"Polygon","coordinates":[[[12.0302,55.3968],[12.0303,55.3965],[12.03,55.3962],[12.0297,55.3961],[12.0295,55.3963],[12.0295,55.3968],[12.0298,55.3969],[12.0302,55.3968]]]},"properties":{"sourceId":"ais_par3.86108","a_type":5120,"hectares":0.334}},{"type":"Feature","id":"ais_par3.86109","geometry":{"type":"Polygon","coordinates":[[[12.0341,55.4008],[12.0337,55.4009],[12.0338,55.401],[12.0341,55.401],[12.0341,55.4008]]]},"properties":{"sourceId":"ais_par3.86109","a_type":5120,"hectares":0.035}},{"type":"Feature","id":"ais_par3.86110","geometry":{"type":"Polygon","coordinates":[[[12.035,55.399],[12.0346,55.3991],[12.0346,55.3993],[12.0351,55.3992],[12.035,55.399]]]},"properties":{"sourceId":"ais_par3.86110","a_type":5120,"hectares":0.06}},{"type":"Feature","id":"ais_par3.86111","geometry":{"type":"Polygon","coordinates":[[[12.0417,55.3989],[12.0412,55.3988],[12.0412,55.399],[12.0416,55.399],[12.0417,55.3989]]]},"properties":{"sourceId":"ais_par3.86111","a_type":5120,"hectares":0.054}},{"type":"Feature","id":"ais_par3.86112","geometry":{"type":"Polygon","coordinates":[[[12.0329,55.3961],[12.0329,55.3959],[12.0327,55.3959],[12.0326,55.3959],[12.0326,55.3961],[12.0329,55.3961]]]},"properties":{"sourceId":"ais_par3.86112","a_type":5120,"hectares":0.048}},{"type":"Feature","id":"ais_par3.86113","geometry":{"type":"Polygon","coordinates":[[[12.0374,55.3955],[12.0373,55.3955],[12.0371,55.3956],[12.0371,55.3957],[12.0373,55.3957],[12.0374,55.3955]]]},"properties":{"sourceId":"ais_par3.86113","a_type":5120,"hectares":0.028}},{"type":"Feature","id":"ais_par3.86114","geometry":{"type":"Polygon","coordinates":[[[12.0431,55.3956],[12.0429,55.3956],[12.0428,55.3957],[12.0428,55.3957],[12.0431,55.3957],[12.0431,55.3956]]]},"properties":{"sourceId":"ais_par3.86114","a_type":5120,"hectares":0.022}},{"type":"Feature","id":"ais_par3.86115","geometry":{"type":"Polygon","coordinates":[[[11.9318,55.4972],[11.9316,55.497],[11.9313,55.4972],[11.9314,55.4973],[11.9318,55.4972]]]},"properties":{"sourceId":"ais_par3.86115","a_type":5120,"hectares":0.044}},{"type":"Feature","id":"ais_par3.86116","geometry":{"type":"Polygon","coordinates":[[[11.9372,55.4935],[11.9377,55.4936],[11.9382,55.4935],[11.9379,55.4933],[11.9372,55.4934],[11.9372,55.4935]]]},"properties":{"sourceId":"ais_par3.86116","a_type":5120,"hectares":0.119}},{"type":"Feature","id":"ais_par3.86117","geometry":{"type":"Polygon","coordinates":[[[11.9317,55.4879],[11.9317,55.4875],[11.9322,55.4872],[11.9319,55.487],[11.9315,55.4872],[11.9313,55.4874],[11.9314,55.4879],[11.9317,55.4879]]]},"properties":{"sourceId":"ais_par3.86117","a_type":5120,"hectares":0.246}},{"type":"Feature","id":"ais_par3.86118","geometry":{"type":"Polygon","coordinates":[[[11.9309,55.4919],[11.9306,55.492],[11.9306,55.4921],[11.931,55.4921],[11.9309,55.4919]]]},"properties":{"sourceId":"ais_par3.86118","a_type":5120,"hectares":0.033}},{"type":"Feature","id":"ais_par3.86119","geometry":{"type":"Polygon","coordinates":[[[11.9332,55.4908],[11.9332,55.4904],[11.9329,55.4904],[11.9329,55.4908],[11.9332,55.4908]]]},"properties":{"sourceId":"ais_par3.86119","a_type":5120,"hectares":0.102}},{"type":"Feature","id":"ais_par3.86120","geometry":{"type":"Polygon","coordinates":[[[11.9271,55.4848],[11.9265,55.4849],[11.9271,55.4851],[11.9271,55.4848]]]},"properties":{"sourceId":"ais_par3.86120","a_type":5120,"hectares":0.06}},{"type":"Feature","id":"ais_par3.86121","geometry":{"type":"Polygon","coordinates":[[[11.9308,55.4826],[11.9305,55.4826],[11.9305,55.4829],[11.9308,55.4828],[11.9308,55.4826]]]},"properties":{"sourceId":"ais_par3.86121","a_type":5120,"hectares":0.05}},{"type":"Feature","id":"ais_par3.86122","geometry":{"type":"Polygon","coordinates":[[[11.934,55.4809],[11.9356,55.481],[11.9362,55.4809],[11.9357,55.4806],[11.9345,55.4805],[11.934,55.4809]]]},"properties":{"sourceId":"ais_par3.86122","a_type":5120,"hectares":0.505}},{"type":"Feature","id":"ais_par3.86123","geometry":{"type":"Polygon","coordinates":[[[11.9376,55.4803],[11.9371,55.4803],[11.9371,55.4805],[11.9376,55.4805],[11.9376,55.4803]]]},"properties":{"sourceId":"ais_par3.86123","a_type":5120,"hectares":0.062}},{"type":"Feature","id":"ais_par3.86124","geometry":{"type":"Polygon","coordinates":[[[11.938,55.4323],[11.9377,55.4325],[11.9378,55.4326],[11.9379,55.4326],[11.938,55.4323]]]},"properties":{"sourceId":"ais_par3.86124","a_type":5120,"hectares":0.027}},{"type":"Feature","id":"ais_par3.86125","geometry":{"type":"Polygon","coordinates":[[[11.9515,55.5229],[11.9512,55.5229],[11.9512,55.523],[11.9515,55.523],[11.9515,55.5229]]]},"properties":{"sourceId":"ais_par3.86125","a_type":5120,"hectares":0.033}},{"type":"Feature","id":"ais_par3.86126","geometry":{"type":"Polygon","coordinates":[[[12.0437,55.5167],[12.0433,55.5167],[12.0434,55.5169],[12.0437,55.5169],[12.0437,55.5167]]]},"properties":{"sourceId":"ais_par3.86126","a_type":5120,"hectares":0.049}},{"type":"Feature","id":"ais_par3.86127","geometry":{"type":"Polygon","coordinates":[[[12.0013,55.5113],[12.0013,55.5112],[12.001,55.5112],[12.001,55.5113],[12.0013,55.5113]]]},"properties":{"sourceId":"ais_par3.86127","a_type":5120,"hectares":0.04}},{"type":"Feature","id":"ais_par3.86128","geometry":{"type":"Polygon","coordinates":[[[11.9542,55.4799],[11.9543,55.4799],[11.9544,55.4799],[11.9543,55.4798],[11.9543,55.4798],[11.9542,55.4799],[11.9542,55.4799]]]},"properties":{"sourceId":"ais_par3.86128","a_type":5120,"hectares":0.014}},{"type":"Feature","id":"ais_par3.86129","geometry":{"type":"Polygon","coordinates":[[[12.0566,55.48],[12.0561,55.48],[12.0561,55.4802],[12.0567,55.4802],[12.0566,55.48]]]},"properties":{"sourceId":"ais_par3.86129","a_type":5120,"hectares":0.079}},{"type":"Feature","id":"ais_par3.86130","geometry":{"type":"Polygon","coordinates":[[[12.0301,55.4958],[12.0303,55.4957],[12.0304,55.4956],[12.0304,55.4956],[12.0302,55.4955],[12.0301,55.4958]]]},"properties":{"sourceId":"ais_par3.86130","a_type":5120,"hectares":0.033}},{"type":"Feature","id":"ais_par3.86131","geometry":{"type":"Polygon","coordinates":[[[11.96,55.4251],[11.9598,55.4252],[11.9597,55.4253],[11.9598,55.4253],[11.96,55.4251]]]},"properties":{"sourceId":"ais_par3.86131","a_type":5120,"hectares":0.016}},{"type":"Feature","id":"ais_par3.86132","geometry":{"type":"Polygon","coordinates":[[[11.9545,55.448],[11.9548,55.4478],[11.9547,55.4477],[11.9544,55.4477],[11.9544,55.4478],[11.9544,55.4479],[11.9545,55.448]]]},"properties":{"sourceId":"ais_par3.86132","a_type":5120,"hectares":0.038}},{"type":"Feature","id":"ais_par3.86133","geometry":{"type":"Polygon","coordinates":[[[11.981,55.462],[11.9804,55.4619],[11.9801,55.4619],[11.9801,55.4621],[11.9803,55.4622],[11.9807,55.4622],[11.9809,55.4621],[11.981,55.462]]]},"properties":{"sourceId":"ais_par3.86133","a_type":5120,"hectares":0.118}},{"type":"Feature","id":"ais_par3.86134","geometry":{"type":"Polygon","coordinates":[[[11.9798,55.4816],[11.9795,55.4816],[11.9794,55.4818],[11.9798,55.4818],[11.9798,55.4816]]]},"properties":{"sourceId":"ais_par3.86134","a_type":5120,"hectares":0.049}},{"type":"Feature","id":"ais_par3.86135","geometry":{"type":"Polygon","coordinates":[[[12.0559,55.4858],[12.0561,55.4859],[12.0561,55.4858],[12.0562,55.4858],[12.0562,55.4858],[12.0561,55.4857],[12.056,55.4857],[12.0559,55.4858],[12.0559,55.4858]]]},"properties":{"sourceId":"ais_par3.86135","a_type":5120,"hectares":0.023}},{"type":"Feature","id":"ais_par3.86136","geometry":{"type":"Polygon","coordinates":[[[11.9342,55.5127],[11.934,55.5129],[11.9342,55.5131],[11.9346,55.5129],[11.9342,55.5127]]]},"properties":{"sourceId":"ais_par3.86136","a_type":5120,"hectares":0.089}},{"type":"Feature","id":"ais_par3.86137","geometry":{"type":"Polygon","coordinates":[[[12.038,55.4143],[12.0376,55.4145],[12.0377,55.4146],[12.0378,55.4146],[12.038,55.4143]]]},"properties":{"sourceId":"ais_par3.86137","a_type":5120,"hectares":0.032}},{"type":"Feature","id":"ais_par3.86138","geometry":{"type":"Polygon","coordinates":[[[11.9834,55.4114],[11.9832,55.4113],[11.9828,55.4114],[11.9828,55.4115],[11.9834,55.4114]]]},"properties":{"sourceId":"ais_par3.86138","a_type":5120,"hectares":0.057}},{"type":"Feature","id":"ais_par3.86139","geometry":{"type":"Polygon","coordinates":[[[12.0321,55.4513],[12.0317,55.4513],[12.0317,55.4515],[12.032,55.4516],[12.0321,55.4513]]]},"properties":{"sourceId":"ais_par3.86139","a_type":5120,"hectares":0.06}},{"type":"Feature","id":"ais_par3.86140","geometry":{"type":"Polygon","coordinates":[[[11.9368,55.4464],[11.9365,55.4466],[11.9368,55.4465],[11.9368,55.4464]]]},"properties":{"sourceId":"ais_par3.86140","a_type":5120,"hectares":0.014}},{"type":"Feature","id":"ais_par3.86141","geometry":{"type":"Polygon","coordinates":[[[12.0711,55.4711],[12.0709,55.471],[12.0707,55.4712],[12.0706,55.4713],[12.0708,55.4713],[12.0711,55.4711]]]},"properties":{"sourceId":"ais_par3.86141","a_type":5120,"hectares":0.046}},{"type":"Feature","id":"ais_par3.86142","geometry":{"type":"Polygon","coordinates":[[[12.0044,55.5282],[12.0041,55.5284],[12.0044,55.5284],[12.0046,55.5282],[12.0044,55.5282]]]},"properties":{"sourceId":"ais_par3.86142","a_type":5120,"hectares":0.042}},{"type":"Feature","id":"ais_par3.86143","geometry":{"type":"Polygon","coordinates":[[[12.0748,55.517],[12.0745,55.517],[12.0745,55.5172],[12.0748,55.5172],[12.0748,55.517]]]},"properties":{"sourceId":"ais_par3.86143","a_type":5120,"hectares":0.032}},{"type":"Feature","id":"ais_par3.86144","geometry":{"type":"Polygon","coordinates":[[[12.021,55.4088],[12.0213,55.4088],[12.0213,55.4087],[12.0211,55.4085],[12.0209,55.4086],[12.021,55.4088]]]},"properties":{"sourceId":"ais_par3.86144","a_type":5120,"hectares":0.06}},{"type":"Feature","id":"ais_par3.86145","geometry":{"type":"Polygon","coordinates":[[[12.0757,55.431],[12.0754,55.431],[12.0754,55.4312],[12.0756,55.4312],[12.0757,55.431]]]},"properties":{"sourceId":"ais_par3.86145","a_type":5120,"hectares":0.03}},{"type":"Feature","id":"ais_par3.86146","geometry":{"type":"Polygon","coordinates":[[[12.0768,55.4321],[12.0765,55.4321],[12.0765,55.4323],[12.0768,55.4323],[12.0768,55.4321]]]},"properties":{"sourceId":"ais_par3.86146","a_type":5120,"hectares":0.051}},{"type":"Feature","id":"ais_par3.86147","geometry":{"type":"Polygon","coordinates":[[[12.0416,55.4342],[12.0412,55.4342],[12.0411,55.4344],[12.0413,55.4344],[12.0416,55.4342]]]},"properties":{"sourceId":"ais_par3.86147","a_type":5120,"hectares":0.037}},{"type":"Feature","id":"ais_par3.86148","geometry":{"type":"Polygon","coordinates":[[[12.0326,55.4808],[12.0322,55.4809],[12.0321,55.4809],[12.0321,55.481],[12.0323,55.4811],[12.0325,55.481],[12.0326,55.4808]]]},"properties":{"sourceId":"ais_par3.86148","a_type":5120,"hectares":0.054}},{"type":"Feature","id":"ais_par3.86149","geometry":{"type":"Polygon","coordinates":[[[12.0172,55.4909],[12.0173,55.4909],[12.0172,55.4908],[12.0172,55.4905],[12.0169,55.4905],[12.0168,55.4906],[12.017,55.4907],[12.0172,55.4909]]]},"properties":{"sourceId":"ais_par3.86149","a_type":5120,"hectares":0.066}},{"type":"Feature","id":"ais_par3.86150","geometry":{"type":"Polygon","coordinates":[[[12.0767,55.4803],[12.0764,55.4802],[12.0762,55.4804],[12.0764,55.4805],[12.0766,55.4804],[12.0767,55.4803]]]},"properties":{"sourceId":"ais_par3.86150","a_type":5120,"hectares":0.052}},{"type":"Feature","id":"ais_par3.86151","geometry":{"type":"Polygon","coordinates":[[[11.9967,55.4216],[11.9964,55.4216],[11.9963,55.4218],[11.9965,55.4218],[11.9967,55.4216]]]},"properties":{"sourceId":"ais_par3.86151","a_type":5120,"hectares":0.031}},{"type":"Feature","id":"ais_par3.86152","geometry":{"type":"Polygon","coordinates":[[[11.955,55.4675],[11.9557,55.4676],[11.9557,55.4673],[11.9551,55.4673],[11.955,55.4675]]]},"properties":{"sourceId":"ais_par3.86152","a_type":5120,"hectares":0.105}},{"type":"Feature","id":"ais_par3.86153","geometry":{"type":"Polygon","coordinates":[[[12.0584,55.4497],[12.0585,55.4497],[12.0585,55.4496],[12.0585,55.4496],[12.0583,55.4496],[12.0582,55.4496],[12.0583,55.4497],[12.0584,55.4497]]]},"properties":{"sourceId":"ais_par3.86153","a_type":5120,"hectares":0.021}},{"type":"Feature","id":"ais_par3.86154","geometry":{"type":"Polygon","coordinates":[[[11.9937,55.5133],[11.9937,55.5132],[11.9936,55.5131],[11.9936,55.5131],[11.9935,55.5131],[11.9934,55.5132],[11.9934,55.5132],[11.9934,55.5133],[11.9935,55.5133],[11.9936,55.5133],[11.9937,55.5133]]]},"properties":{"sourceId":"ais_par3.86154","a_type":5120,"hectares":0.022}},{"type":"Feature","id":"ais_par3.86164","geometry":{"type":"Polygon","coordinates":[[[12.1075,55.5372],[12.1073,55.5373],[12.1074,55.5375],[12.1076,55.5374],[12.1075,55.5372]]]},"properties":{"sourceId":"ais_par3.86164","a_type":5120,"hectares":0.039}},{"type":"Feature","id":"ais_par3.86165","geometry":{"type":"Polygon","coordinates":[[[12.1115,55.5368],[12.1116,55.5367],[12.1116,55.5366],[12.1114,55.5366],[12.1113,55.5366],[12.1113,55.5367],[12.1113,55.5367],[12.1115,55.5368]]]},"properties":{"sourceId":"ais_par3.86165","a_type":5120,"hectares":0.036}},{"type":"Feature","id":"ais_par3.86167","geometry":{"type":"Polygon","coordinates":[[[12.1107,55.5354],[12.1105,55.5355],[12.1106,55.5356],[12.1108,55.5356],[12.1107,55.5354]]]},"properties":{"sourceId":"ais_par3.86167","a_type":5120,"hectares":0.03}},{"type":"Feature","id":"ais_par3.86168","geometry":{"type":"Polygon","coordinates":[[[12.1147,55.5365],[12.1146,55.5368],[12.1148,55.5368],[12.115,55.5367],[12.1147,55.5365]]]},"properties":{"sourceId":"ais_par3.86168","a_type":5120,"hectares":0.041}},{"type":"Feature","id":"ais_par3.86170","geometry":{"type":"Polygon","coordinates":[[[12.1245,55.5333],[12.1244,55.5334],[12.1246,55.5335],[12.1249,55.5334],[12.1245,55.5333]]]},"properties":{"sourceId":"ais_par3.86170","a_type":5120,"hectares":0.053}},{"type":"Feature","id":"ais_par3.86171","geometry":{"type":"Polygon","coordinates":[[[12.1296,55.5343],[12.1293,55.5344],[12.1294,55.5346],[12.1297,55.5345],[12.1296,55.5343]]]},"properties":{"sourceId":"ais_par3.86171","a_type":5120,"hectares":0.048}},{"type":"Feature","id":"ais_par3.86172","geometry":{"type":"Polygon","coordinates":[[[12.1344,55.5355],[12.1343,55.5357],[12.1346,55.5358],[12.1348,55.5357],[12.1344,55.5355]]]},"properties":{"sourceId":"ais_par3.86172","a_type":5120,"hectares":0.043}},{"type":"Feature","id":"ais_par3.86173","geometry":{"type":"Polygon","coordinates":[[[12.144,55.5364],[12.1439,55.5365],[12.1439,55.5367],[12.1441,55.5367],[12.1442,55.5367],[12.1443,55.5366],[12.144,55.5364]]]},"properties":{"sourceId":"ais_par3.86173","a_type":5120,"hectares":0.072}},{"type":"Feature","id":"ais_par3.86174","geometry":{"type":"Polygon","coordinates":[[[12.1504,55.5339],[12.1501,55.5341],[12.1504,55.5342],[12.1506,55.5341],[12.1504,55.5339]]]},"properties":{"sourceId":"ais_par3.86174","a_type":5120,"hectares":0.054}},{"type":"Feature","id":"ais_par3.86175","geometry":{"type":"Polygon","coordinates":[[[12.1376,55.5341],[12.1375,55.5343],[12.138,55.5344],[12.138,55.5342],[12.1376,55.5341]]]},"properties":{"sourceId":"ais_par3.86175","a_type":5120,"hectares":0.06}},{"type":"Feature","id":"ais_par3.86176","geometry":{"type":"Polygon","coordinates":[[[12.11,55.5332],[12.1097,55.5333],[12.1099,55.5334],[12.1102,55.5334],[12.11,55.5332]]]},"properties":{"sourceId":"ais_par3.86176","a_type":5120,"hectares":0.04}},{"type":"Feature","id":"ais_par3.86177","geometry":{"type":"Polygon","coordinates":[[[12.0999,55.5303],[12.0998,55.5303],[12.0999,55.5305],[12.1001,55.5305],[12.1002,55.5304],[12.0999,55.5303]]]},"properties":{"sourceId":"ais_par3.86177","a_type":5120,"hectares":0.036}},{"type":"Feature","id":"ais_par3.86178","geometry":{"type":"Polygon","coordinates":[[[12.1022,55.5302],[12.1023,55.5302],[12.1023,55.5301],[12.1022,55.5302]]]},"properties":{"sourceId":"ais_par3.86178","a_type":5120,"hectares":0.004}},{"type":"Feature","id":"ais_par3.86179","geometry":{"type":"Polygon","coordinates":[[[12.1186,55.5245],[12.1188,55.5246],[12.119,55.5245],[12.119,55.5244],[12.1186,55.5245]]]},"properties":{"sourceId":"ais_par3.86179","a_type":5120,"hectares":0.03}},{"type":"Feature","id":"ais_par3.86180","geometry":{"type":"Polygon","coordinates":[[[12.1188,55.5269],[12.1185,55.527],[12.1186,55.5272],[12.1189,55.5271],[12.1188,55.5269]]]},"properties":{"sourceId":"ais_par3.86180","a_type":5120,"hectares":0.045}},{"type":"Feature","id":"ais_par3.86181","geometry":{"type":"Polygon","coordinates":[[[12.1203,55.5287],[12.1202,55.5288],[12.1203,55.5289],[12.1205,55.5288],[12.1203,55.5287]]]},"properties":{"sourceId":"ais_par3.86181","a_type":5120,"hectares":0.037}},{"type":"Feature","id":"ais_par3.86182","geometry":{"type":"Polygon","coordinates":[[[12.1234,55.5291],[12.1236,55.5293],[12.1239,55.5291],[12.1236,55.529],[12.1234,55.5291]]]},"properties":{"sourceId":"ais_par3.86182","a_type":5120,"hectares":0.037}},{"type":"Feature","id":"ais_par3.86183","geometry":{"type":"Polygon","coordinates":[[[12.1274,55.5284],[12.1275,55.5287],[12.1278,55.5287],[12.1279,55.5286],[12.1274,55.5284]]]},"properties":{"sourceId":"ais_par3.86183","a_type":5120,"hectares":0.054}},{"type":"Feature","id":"ais_par3.86184","geometry":{"type":"Polygon","coordinates":[[[12.1358,55.5317],[12.1357,55.5319],[12.1358,55.532],[12.1361,55.5318],[12.1358,55.5317]]]},"properties":{"sourceId":"ais_par3.86184","a_type":5120,"hectares":0.055}},{"type":"Feature","id":"ais_par3.86185","geometry":{"type":"Polygon","coordinates":[[[12.1319,55.5238],[12.1318,55.524],[12.132,55.5241],[12.1323,55.524],[12.1319,55.5238]]]},"properties":{"sourceId":"ais_par3.86185","a_type":5120,"hectares":0.042}},{"type":"Feature","id":"ais_par3.86186","geometry":{"type":"Polygon","coordinates":[[[12.1379,55.5219],[12.1378,55.5221],[12.1384,55.5221],[12.1383,55.5219],[12.1379,55.5219]]]},"properties":{"sourceId":"ais_par3.86186","a_type":5120,"hectares":0.057}},{"type":"Feature","id":"ais_par3.86187","geometry":{"type":"Polygon","coordinates":[[[12.1417,55.5277],[12.1417,55.5279],[12.1419,55.528],[12.1421,55.5279],[12.1417,55.5277]]]},"properties":{"sourceId":"ais_par3.86187","a_type":5120,"hectares":0.042}},{"type":"Feature","id":"ais_par3.86188","geometry":{"type":"Polygon","coordinates":[[[12.1471,55.529],[12.1471,55.5292],[12.1473,55.5292],[12.1473,55.5291],[12.1471,55.529]]]},"properties":{"sourceId":"ais_par3.86188","a_type":5120,"hectares":0.019}},{"type":"Feature","id":"ais_par3.86189","geometry":{"type":"Polygon","coordinates":[[[12.1512,55.5273],[12.1516,55.5274],[12.1515,55.5272],[12.1512,55.5272],[12.1512,55.5273]]]},"properties":{"sourceId":"ais_par3.86189","a_type":5120,"hectares":0.044}},{"type":"Feature","id":"ais_par3.86190","geometry":{"type":"Polygon","coordinates":[[[12.1348,55.5186],[12.1346,55.5187],[12.1349,55.5189],[12.1348,55.5186]]]},"properties":{"sourceId":"ais_par3.86190","a_type":5120,"hectares":0.018}},{"type":"Feature","id":"ais_par3.86191","geometry":{"type":"Polygon","coordinates":[[[12.1545,55.5149],[12.1557,55.5149],[12.1557,55.5148],[12.1545,55.5149],[12.1545,55.5149]]]},"properties":{"sourceId":"ais_par3.86191","a_type":5120,"hectares":0.063}},{"type":"Feature","id":"ais_par3.86192","geometry":{"type":"Polygon","coordinates":[[[12.178,55.5131],[12.1784,55.5138],[12.1792,55.5136],[12.1787,55.513],[12.1786,55.5131],[12.1788,55.5134],[12.1787,55.5134],[12.1784,55.5131],[12.1783,55.5131],[12.1784,55.5134],[12.1783,55.5134],[12.1781,55.5131],[12.178,55.5131]]]},"properties":{"sourceId":"ais_par3.86192","a_type":5120,"hectares":0.288}},{"type":"Feature","id":"ais_par3.86193","geometry":{"type":"Polygon","coordinates":[[[12.1738,55.5139],[12.1728,55.5141],[12.1731,55.5145],[12.174,55.5144],[12.1742,55.5142],[12.1739,55.514],[12.1738,55.514],[12.1741,55.5142],[12.174,55.5144],[12.1731,55.5145],[12.1729,55.5141],[12.1738,55.514],[12.1738,55.5139]]]},"properties":{"sourceId":"ais_par3.86193","a_type":5120,"hectares":0.078}},{"type":"Feature","id":"ais_par3.86194","geometry":{"type":"Polygon","coordinates":[[[12.1924,55.5144],[12.1921,55.5144],[12.1924,55.5147],[12.1924,55.5144]]]},"properties":{"sourceId":"ais_par3.86194","a_type":5120,"hectares":0.033}},{"type":"Feature","id":"ais_par3.86195","geometry":{"type":"Polygon","coordinates":[[[12.1892,55.5123],[12.1892,55.5128],[12.1895,55.5126],[12.1892,55.5123]]]},"properties":{"sourceId":"ais_par3.86195","a_type":5120,"hectares":0.049}},{"type":"Feature","id":"ais_par3.86196","geometry":{"type":"Polygon","coordinates":[[[12.1819,55.5171],[12.1823,55.5175],[12.1825,55.5175],[12.182,55.517],[12.1819,55.5171]]]},"properties":{"sourceId":"ais_par3.86196","a_type":5120,"hectares":0.079}},{"type":"Feature","id":"ais_par3.86197","geometry":{"type":"Polygon","coordinates":[[[12.1829,55.5174],[12.1831,55.5173],[12.1836,55.5172],[12.1839,55.5169],[12.1838,55.5167],[12.183,55.5172],[12.1829,55.5174]]]},"properties":{"sourceId":"ais_par3.86197","a_type":5120,"hectares":0.193}},{"type":"Feature","id":"ais_par3.86198","geometry":{"type":"Polygon","coordinates":[[[12.1834,55.5165],[12.1826,55.5168],[12.1827,55.5169],[12.1835,55.5167],[12.1834,55.5165]]]},"properties":{"sourceId":"ais_par3.86198","a_type":5120,"hectares":0.105}},{"type":"Feature","id":"ais_par3.86199","geometry":{"type":"Polygon","coordinates":[[[12.2014,55.5173],[12.2014,55.5171],[12.2011,55.5169],[12.2006,55.517],[12.2014,55.5173]]]},"properties":{"sourceId":"ais_par3.86199","a_type":5120,"hectares":0.078}},{"type":"Feature","id":"ais_par3.86219","geometry":{"type":"Polygon","coordinates":[[[12.1824,55.5358],[12.1823,55.5358],[12.1825,55.536],[12.1827,55.5359],[12.1824,55.5358]]]},"properties":{"sourceId":"ais_par3.86219","a_type":5120,"hectares":0.033}},{"type":"Feature","id":"ais_par3.86220","geometry":{"type":"Polygon","coordinates":[[[12.1064,55.5327],[12.1061,55.5328],[12.1063,55.5329],[12.1065,55.5329],[12.1064,55.5327]]]},"properties":{"sourceId":"ais_par3.86220","a_type":5120,"hectares":0.038}},{"type":"Feature","id":"ais_par3.86221","geometry":{"type":"Polygon","coordinates":[[[12.1125,55.5383],[12.1123,55.5384],[12.1124,55.5385],[12.1127,55.5385],[12.1125,55.5383]]]},"properties":{"sourceId":"ais_par3.86221","a_type":5120,"hectares":0.041}},{"type":"Feature","id":"ais_par3.86223","geometry":{"type":"Polygon","coordinates":[[[12.194,55.5233],[12.1942,55.5233],[12.1942,55.5232],[12.1942,55.5231],[12.1941,55.5231],[12.1939,55.5231],[12.1938,55.5231],[12.1938,55.5232],[12.194,55.5233]]]},"properties":{"sourceId":"ais_par3.86223","a_type":5120,"hectares":0.052}},{"type":"Feature","id":"ais_par3.86225","geometry":{"type":"Polygon","coordinates":[[[12.1933,55.4013],[12.1929,55.4013],[12.1929,55.4015],[12.1933,55.4015],[12.1933,55.4013]]]},"properties":{"sourceId":"ais_par3.86225","a_type":5120,"hectares":0.075}},{"type":"Feature","id":"ais_par3.86226","geometry":{"type":"Polygon","coordinates":[[[12.1953,55.3976],[12.1952,55.3977],[12.1951,55.3978],[12.1953,55.3978],[12.1953,55.3976]]]},"properties":{"sourceId":"ais_par3.86226","a_type":5120,"hectares":0.018}},{"type":"Feature","id":"ais_par3.86227","geometry":{"type":"Polygon","coordinates":[[[12.194,55.3939],[12.1937,55.394],[12.1937,55.3941],[12.1939,55.3941],[12.194,55.3939]]]},"properties":{"sourceId":"ais_par3.86227","a_type":5120,"hectares":0.024}},{"type":"Feature","id":"ais_par3.86228","geometry":{"type":"Polygon","coordinates":[[[12.2,55.3923],[12.1998,55.3923],[12.1998,55.3925],[12.2,55.3925],[12.2,55.3923]]]},"properties":{"sourceId":"ais_par3.86228","a_type":5120,"hectares":0.028}},{"type":"Feature","id":"ais_par3.86229","geometry":{"type":"Polygon","coordinates":[[[12.1998,55.3965],[12.1997,55.3965],[12.1997,55.3967],[12.2,55.3967],[12.1998,55.3965]]]},"properties":{"sourceId":"ais_par3.86229","a_type":5120,"hectares":0.031}},{"type":"Feature","id":"ais_par3.86230","geometry":{"type":"Polygon","coordinates":[[[12.2094,55.3955],[12.2091,55.3955],[12.2091,55.3956],[12.2095,55.3956],[12.2094,55.3955]]]},"properties":{"sourceId":"ais_par3.86230","a_type":5120,"hectares":0.034}},{"type":"Feature","id":"ais_par3.86231","geometry":{"type":"Polygon","coordinates":[[[12.2043,55.3955],[12.2041,55.3955],[12.2041,55.3957],[12.2043,55.3957],[12.2043,55.3955]]]},"properties":{"sourceId":"ais_par3.86231","a_type":5120,"hectares":0.03}},{"type":"Feature","id":"ais_par3.86232","geometry":{"type":"Polygon","coordinates":[[[12.1979,55.4012],[12.1976,55.4012],[12.1975,55.4014],[12.1978,55.4014],[12.1979,55.4012]]]},"properties":{"sourceId":"ais_par3.86232","a_type":5120,"hectares":0.036}},{"type":"Feature","id":"ais_par3.86233","geometry":{"type":"Polygon","coordinates":[[[12.2121,55.3998],[12.2123,55.4011],[12.2154,55.4011],[12.2161,55.4009],[12.2163,55.4006],[12.2148,55.3994],[12.2132,55.3995],[12.2121,55.3998]]]},"properties":{"sourceId":"ais_par3.86233","a_type":5120,"hectares":4.017}},{"type":"Feature","id":"ais_par3.86234","geometry":{"type":"Polygon","coordinates":[[[12.2134,55.4013],[12.2138,55.402],[12.2141,55.4022],[12.2144,55.4022],[12.2149,55.4012],[12.2134,55.4013]]]},"properties":{"sourceId":"ais_par3.86234","a_type":5120,"hectares":0.683}},{"type":"Feature","id":"ais_par3.86235","geometry":{"type":"Polygon","coordinates":[[[12.2093,55.4],[12.2098,55.3995],[12.2098,55.3994],[12.2096,55.3995],[12.2089,55.4],[12.2088,55.4],[12.2088,55.4001],[12.2093,55.4]]]},"properties":{"sourceId":"ais_par3.86235","a_type":5120,"hectares":0.162}},{"type":"Feature","id":"ais_par3.86236","geometry":{"type":"Polygon","coordinates":[[[12.2075,55.4005],[12.208,55.4014],[12.2081,55.4014],[12.2082,55.4014],[12.2078,55.4006],[12.2089,55.4005],[12.2093,55.4007],[12.2094,55.4007],[12.2094,55.4007],[12.2091,55.4003],[12.2075,55.4005]]]},"properties":{"sourceId":"ais_par3.86236","a_type":5120,"hectares":0.307}},{"type":"Feature","id":"ais_par3.86237","geometry":{"type":"Polygon","coordinates":[[[12.2101,55.4019],[12.2104,55.4019],[12.2104,55.4015],[12.2118,55.4014],[12.2119,55.4018],[12.212,55.4018],[12.212,55.4015],[12.213,55.4015],[12.2134,55.4023],[12.2122,55.4024],[12.212,55.4019],[12.2118,55.4019],[12.2118,55.402],[12.2111,55.402],[12.2111,55.4022],[12.2117,55.4022],[12.2117,55.4027],[12.2108,55.4028],[12.2106,55.4022],[12.2109,55.4022],[12.2108,55.4021],[12.2102,55.4022],[12.2106,55.403],[12.212,55.4028],[12.2124,55.4026],[12.2136,55.4023],[12.2137,55.402],[12.2133,55.4013],[12.21,55.4013],[12.2101,55.4019]]]},"properties":{"sourceId":"ais_par3.86237","a_type":5120,"hectares":1.556}},{"type":"Feature","id":"ais_par3.86238","geometry":{"type":"Polygon","coordinates":[[[12.2199,55.3961],[12.2198,55.3962],[12.22,55.3963],[12.2201,55.3962],[12.2199,55.3961]]]},"properties":{"sourceId":"ais_par3.86238","a_type":5120,"hectares":0.03}},{"type":"Feature","id":"ais_par3.86239","geometry":{"type":"Polygon","coordinates":[[[12.2276,55.3957],[12.2274,55.3957],[12.2276,55.3958],[12.2276,55.3957]]]},"properties":{"sourceId":"ais_par3.86239","a_type":5120,"hectares":0.015}},{"type":"Feature","id":"ais_par3.86256","geometry":{"type":"Polygon","coordinates":[[[12.205,55.4035],[12.2045,55.4035],[12.2045,55.4037],[12.205,55.4036],[12.205,55.4035]]]},"properties":{"sourceId":"ais_par3.86256","a_type":5120,"hectares":0.063}},{"type":"Feature","id":"ais_par3.86257","geometry":{"type":"Polygon","coordinates":[[[12.2088,55.4024],[12.2085,55.4024],[12.2085,55.4025],[12.2086,55.4027],[12.2088,55.4029],[12.2086,55.4031],[12.2087,55.4032],[12.2089,55.4031],[12.209,55.4027],[12.2088,55.4026],[12.2088,55.4024]]]},"properties":{"sourceId":"ais_par3.86257","a_type":5120,"hectares":0.171}},{"type":"Feature","id":"ais_par3.86258","geometry":{"type":"Polygon","coordinates":[[[12.2089,55.4034],[12.2088,55.4035],[12.2088,55.4036],[12.2089,55.4037],[12.2097,55.4037],[12.2099,55.4036],[12.21,55.4036],[12.21,55.4035],[12.2099,55.4035],[12.2096,55.4035],[12.2092,55.4036],[12.2091,55.4035],[12.209,55.4035],[12.2089,55.4033],[12.2089,55.4034]]]},"properties":{"sourceId":"ais_par3.86258","a_type":5120,"hectares":0.168}},{"type":"Feature","id":"ais_par3.86259","geometry":{"type":"Polygon","coordinates":[[[12.2118,55.4031],[12.2118,55.4031],[12.2117,55.4031],[12.2117,55.4031],[12.2117,55.4032],[12.2117,55.4032],[12.2118,55.4036],[12.2118,55.4038],[12.212,55.4038],[12.212,55.4036],[12.212,55.4035],[12.212,55.4034],[12.2119,55.4032],[12.2119,55.4031],[12.2118,55.4031]]]},"properties":{"sourceId":"ais_par3.86259","a_type":5120,"hectares":0.124}},{"type":"Feature","id":"ais_par3.86260","geometry":{"type":"Polygon","coordinates":[[[12.2059,55.4071],[12.206,55.4067],[12.206,55.4064],[12.2058,55.4063],[12.2053,55.4063],[12.2046,55.4062],[12.2041,55.4063],[12.2038,55.4061],[12.2036,55.4059],[12.2033,55.4061],[12.2032,55.4062],[12.2031,55.4063],[12.203,55.4064],[12.203,55.4065],[12.2031,55.4066],[12.2031,55.4068],[12.2029,55.4069],[12.2029,55.407],[12.2035,55.4071],[12.2035,55.4072],[12.2045,55.4072],[12.2059,55.4071]]]},"properties":{"sourceId":"ais_par3.86260","a_type":5120,"hectares":1.95}},{"type":"Feature","id":"ais_par3.86261","geometry":{"type":"Polygon","coordinates":[[[12.2069,55.4069],[12.2088,55.4069],[12.2089,55.4067],[12.2091,55.4066],[12.2091,55.4062],[12.209,55.406],[12.2077,55.4061],[12.2074,55.4062],[12.207,55.4063],[12.2068,55.4064],[12.2068,55.4067],[12.2069,55.4069]]]},"properties":{"sourceId":"ais_par3.86261","a_type":5120,"hectares":1.14}},{"type":"Feature","id":"ais_par3.86262","geometry":{"type":"Polygon","coordinates":[[[12.2197,55.4048],[12.2196,55.405],[12.22,55.4052],[12.2202,55.405],[12.2197,55.4048]]]},"properties":{"sourceId":"ais_par3.86262","a_type":5120,"hectares":0.066}},{"type":"Feature","id":"ais_par3.86263","geometry":{"type":"Polygon","coordinates":[[[12.2239,55.408],[12.2237,55.408],[12.2236,55.4082],[12.2239,55.4083],[12.2239,55.408]]]},"properties":{"sourceId":"ais_par3.86263","a_type":5120,"hectares":0.053}},{"type":"Feature","id":"ais_par3.86264","geometry":{"type":"Polygon","coordinates":[[[12.2274,55.4105],[12.2276,55.4104],[12.2276,55.4102],[12.2274,55.4103],[12.2274,55.4105]]]},"properties":{"sourceId":"ais_par3.86264","a_type":5120,"hectares":0.023}},{"type":"Feature","id":"ais_par3.86268","geometry":{"type":"Polygon","coordinates":[[[12.2327,55.4182],[12.2327,55.4183],[12.2328,55.4185],[12.2329,55.4185],[12.2334,55.4184],[12.2333,55.4183],[12.2331,55.4182],[12.2327,55.4182]]]},"properties":{"sourceId":"ais_par3.86268","a_type":5120,"hectares":0.105}},{"type":"Feature","id":"ais_par3.86269","geometry":{"type":"Polygon","coordinates":[[[12.2326,55.4189],[12.2325,55.4189],[12.2324,55.4188],[12.2322,55.4188],[12.2322,55.4189],[12.2325,55.4192],[12.2324,55.4193],[12.2324,55.4193],[12.2322,55.4193],[12.2321,55.4194],[12.2322,55.4196],[12.2323,55.4197],[12.2324,55.4197],[12.2325,55.4194],[12.2328,55.4191],[12.2331,55.419],[12.2331,55.4188],[12.2328,55.4187],[12.2328,55.4188],[12.2327,55.4188],[12.2327,55.4189],[12.2326,55.4189]]]},"properties":{"sourceId":"ais_par3.86269","a_type":5120,"hectares":0.286}},{"type":"Feature","id":"ais_par3.86270","geometry":{"type":"Polygon","coordinates":[[[12.2323,55.4199],[12.232,55.4199],[12.2318,55.4201],[12.2316,55.4202],[12.2315,55.4204],[12.2313,55.4204],[12.2313,55.4204],[12.2317,55.4204],[12.2319,55.4202],[12.2322,55.42],[12.2323,55.4199]]]},"properties":{"sourceId":"ais_par3.86270","a_type":5120,"hectares":0.106}},{"type":"Feature","id":"ais_par3.86271","geometry":{"type":"Polygon","coordinates":[[[12.2304,55.4196],[12.2306,55.4196],[12.2305,55.4194],[12.2301,55.4192],[12.2299,55.4193],[12.2304,55.4196]]]},"properties":{"sourceId":"ais_par3.86271","a_type":5120,"hectares":0.115}},{"type":"Feature","id":"ais_par3.86272","geometry":{"type":"Polygon","coordinates":[[[12.2297,55.4204],[12.2296,55.4206],[12.2298,55.4208],[12.23,55.4206],[12.23,55.4205],[12.2297,55.4204]]]},"properties":{"sourceId":"ais_par3.86272","a_type":5120,"hectares":0.055}},{"type":"Feature","id":"ais_par3.86273","geometry":{"type":"Polygon","coordinates":[[[12.1449,55.3725],[12.1445,55.3726],[12.1447,55.3727],[12.1449,55.3727],[12.1449,55.3725]]]},"properties":{"sourceId":"ais_par3.86273","a_type":5120,"hectares":0.039}},{"type":"Feature","id":"ais_par3.86274","geometry":{"type":"Polygon","coordinates":[[[12.1442,55.3758],[12.1441,55.3759],[12.1443,55.3761],[12.1445,55.376],[12.1442,55.3758]]]},"properties":{"sourceId":"ais_par3.86274","a_type":5120,"hectares":0.03}},{"type":"Feature","id":"ais_par3.86275","geometry":{"type":"Polygon","coordinates":[[[12.1412,55.3729],[12.1412,55.373],[12.1414,55.3731],[12.1415,55.3729],[12.1412,55.3729]]]},"properties":{"sourceId":"ais_par3.86275","a_type":5120,"hectares":0.024}},{"type":"Feature","id":"ais_par3.86276","geometry":{"type":"Polygon","coordinates":[[[12.1558,55.3744],[12.1558,55.3744],[12.1559,55.3745],[12.1561,55.3744],[12.1558,55.3744]]]},"properties":{"sourceId":"ais_par3.86276","a_type":5120,"hectares":0.018}},{"type":"Feature","id":"ais_par3.86277","geometry":{"type":"Polygon","coordinates":[[[12.1531,55.3732],[12.1531,55.3734],[12.1533,55.3734],[12.1532,55.3732],[12.1531,55.3732]]]},"properties":{"sourceId":"ais_par3.86277","a_type":5120,"hectares":0.023}},{"type":"Feature","id":"ais_par3.86278","geometry":{"type":"Polygon","coordinates":[[[12.1488,55.3718],[12.1485,55.3719],[12.1487,55.372],[12.1489,55.3719],[12.1488,55.3718]]]},"properties":{"sourceId":"ais_par3.86278","a_type":5120,"hectares":0.03}},{"type":"Feature","id":"ais_par3.86279","geometry":{"type":"Polygon","coordinates":[[[12.1447,55.3735],[12.1446,55.3736],[12.1447,55.3738],[12.1449,55.3737],[12.1447,55.3735]]]},"properties":{"sourceId":"ais_par3.86279","a_type":5120,"hectares":0.027}},{"type":"Feature","id":"ais_par3.86280","geometry":{"type":"Polygon","coordinates":[[[12.1542,55.3699],[12.1541,55.3703],[12.1542,55.3703],[12.1545,55.37],[12.1542,55.3699]]]},"properties":{"sourceId":"ais_par3.86280","a_type":5120,"hectares":0.055}},{"type":"Feature","id":"ais_par3.86283","geometry":{"type":"Polygon","coordinates":[[[12.1654,55.4027],[12.1657,55.4029],[12.1658,55.403],[12.1659,55.403],[12.1659,55.403],[12.1661,55.403],[12.1668,55.403],[12.1671,55.4031],[12.1672,55.403],[12.1671,55.403],[12.1671,55.4029],[12.1669,55.4029],[12.1665,55.4029],[12.1662,55.4028],[12.166,55.4027],[12.1658,55.4027],[12.1654,55.4027]]]},"properties":{"sourceId":"ais_par3.86283","a_type":5120,"hectares":0.222}},{"type":"Feature","id":"ais_par3.86286","geometry":{"type":"Polygon","coordinates":[[[12.165,55.4024],[12.1649,55.4026],[12.1654,55.4027],[12.1655,55.4025],[12.165,55.4024]]]},"properties":{"sourceId":"ais_par3.86286","a_type":5120,"hectares":0.055}}]}
