{"type":"FeatureCollection","metadata":{"kommuneKode":"0260","kommuneNavn":"Halsnæs","source":"https://wfs2-miljoegis.mim.dk/natur/ows","layer":"natur:ais_par3","bbox":[11.675763594876095,55.878594506220175,12.127892951891784,56.20519868459249],"fetchedAt":"2026-06-12T20:55:37.558865+00:00"},"features":[{"type":"Feature","id":"ais_par3.18297","geometry":{"type":"Polygon","coordinates":[[[11.6836,55.9447],[11.6849,55.9449],[11.6868,55.9451],[11.6883,55.9452],[11.6891,55.9452],[11.6895,55.9451],[11.6836,55.9444],[11.6836,55.9447]]]},"properties":{"sourceId":"ais_par3.18297","a_type":3220,"hectares":1.143}},{"type":"Feature","id":"ais_par3.17686","geometry":{"type":"Polygon","coordinates":[[[11.7477,55.9606],[11.748,55.9603],[11.7482,55.9601],[11.7485,55.9599],[11.7479,55.9596],[11.7476,55.9596],[11.7477,55.9597],[11.7477,55.9599],[11.7477,55.9601],[11.7477,55.9603],[11.7478,55.9604],[11.7477,55.9606]]]},"properties":{"sourceId":"ais_par3.17686","a_type":3210,"hectares":0.272}},{"type":"Feature","id":"ais_par3.17741","geometry":{"type":"Polygon","coordinates":[[[11.7586,55.9479],[11.7596,55.9474],[11.759,55.9473],[11.758,55.9474],[11.758,55.9478],[11.758,55.948],[11.7586,55.9479]]]},"properties":{"sourceId":"ais_par3.17741","a_type":3210,"hectares":0.446}},{"type":"Feature","id":"ais_par3.18163","geometry":{"type":"Polygon","coordinates":[[[11.7622,55.9684],[11.7627,55.9684],[11.7633,55.9685],[11.7642,55.9686],[11.7645,55.9682],[11.7626,55.9678],[11.7622,55.9684]]]},"properties":{"sourceId":"ais_par3.18163","a_type":3210,"hectares":0.728}},{"type":"Feature","id":"ais_par3.18164","geometry":{"type":"Polygon","coordinates":[[[11.7507,55.9566],[11.7505,55.9565],[11.751,55.9561],[11.7518,55.9555],[11.7521,55.955],[11.7521,55.9547],[11.7523,55.9546],[11.7522,55.9544],[11.7524,55.9541],[11.7532,55.9528],[11.7535,55.9523],[11.754,55.9521],[11.7543,55.952],[11.7545,55.9517],[11.7549,55.9513],[11.7557,55.9509],[11.7562,55.9504],[11.7564,55.9505],[11.7569,55.9503],[11.7573,55.9502],[11.7574,55.9503],[11.7582,55.9502],[11.7587,55.9502],[11.7589,55.95],[11.7581,55.9496],[11.7574,55.9493],[11.7581,55.949],[11.759,55.9489],[11.7599,55.9489],[11.7607,55.9489],[11.7614,55.9488],[11.7622,55.9486],[11.7621,55.9483],[11.7625,55.9479],[11.7622,55.9477],[11.762,55.9477],[11.7614,55.9479],[11.761,55.9482],[11.7604,55.9484],[11.76,55.9483],[11.7594,55.948],[11.7586,55.948],[11.7575,55.9482],[11.7568,55.9485],[11.7562,55.9487],[11.7554,55.9492],[11.7549,55.9498],[11.7544,55.9505],[11.7539,55.951],[11.7527,55.9518],[11.7523,55.9522],[11.7522,55.9526],[11.7519,55.9528],[11.7515,55.9531],[11.751,55.9535],[11.7509,55.9539],[11.7512,55.9542],[11.7514,55.9545],[11.7513,55.9549],[11.7509,55.9554],[11.7503,55.9557],[11.75,55.9561],[11.7494,55.9567],[11.7495,55.957],[11.75,55.957],[11.7504,55.9568],[11.7507,55.9566]]]},"properties":{"sourceId":"ais_par3.18164","a_type":3210,"hectares":11.95}},{"type":"Feature","id":"ais_par3.18165","geometry":{"type":"Polygon","coordinates":[[[11.7493,55.9272],[11.7494,55.927],[11.7494,55.9268],[11.7491,55.9263],[11.7488,55.9258],[11.7487,55.9257],[11.7485,55.9258],[11.7484,55.9258],[11.7484,55.9261],[11.7487,55.9266],[11.7492,55.9272],[11.7493,55.9272]]]},"properties":{"sourceId":"ais_par3.18165","a_type":3210,"hectares":0.5}},{"type":"Feature","id":"ais_par3.18166","geometry":{"type":"Polygon","coordinates":[[[11.7497,55.9314],[11.7498,55.9315],[11.7498,55.9315],[11.7498,55.9317],[11.7499,55.9321],[11.75,55.9324],[11.7501,55.9325],[11.7506,55.9325],[11.7509,55.9324],[11.7509,55.9322],[11.7509,55.9314],[11.7507,55.9313],[11.7506,55.931],[11.7505,55.9304],[11.7512,55.9302],[11.7514,55.9302],[11.7514,55.9299],[11.7512,55.9297],[11.7509,55.9292],[11.7501,55.9289],[11.7498,55.9289],[11.7493,55.929],[11.749,55.9291],[11.7489,55.9292],[11.7488,55.9294],[11.7489,55.9299],[11.7489,55.9304],[11.7491,55.931],[11.7495,55.9311],[11.7497,55.9314]]]},"properties":{"sourceId":"ais_par3.18166","a_type":3210,"hectares":3.929}},{"type":"Feature","id":"ais_par3.18167","geometry":{"type":"Polygon","coordinates":[[[11.7481,55.9237],[11.7485,55.9237],[11.7486,55.9234],[11.7486,55.9232],[11.7487,55.9224],[11.7486,55.9219],[11.7489,55.9212],[11.7493,55.9205],[11.7498,55.92],[11.7499,55.9197],[11.7498,55.9192],[11.7496,55.9185],[11.75,55.9177],[11.75,55.9177],[11.75,55.9177],[11.7501,55.9175],[11.7504,55.9167],[11.7511,55.9159],[11.7514,55.9156],[11.7514,55.9155],[11.7516,55.9154],[11.7517,55.9152],[11.7522,55.9148],[11.7522,55.9146],[11.7524,55.9142],[11.7526,55.9142],[11.7526,55.9142],[11.7526,55.9142],[11.7525,55.9142],[11.7525,55.9134],[11.7527,55.9129],[11.7532,55.9125],[11.7532,55.912],[11.7531,55.9113],[11.7532,55.9112],[11.7531,55.9108],[11.7531,55.9107],[11.753,55.9107],[11.7526,55.9108],[11.7524,55.9109],[11.7523,55.9111],[11.7523,55.9114],[11.7522,55.9118],[11.7521,55.9119],[11.7521,55.9119],[11.752,55.9121],[11.7517,55.9121],[11.7515,55.9121],[11.7514,55.9125],[11.7517,55.9126],[11.7521,55.9127],[11.7523,55.9129],[11.7525,55.913],[11.7524,55.913],[11.7521,55.9131],[11.752,55.9132],[11.752,55.9134],[11.752,55.9136],[11.7517,55.9136],[11.7516,55.9139],[11.7516,55.9141],[11.7519,55.9145],[11.752,55.9147],[11.7517,55.915],[11.7515,55.9153],[11.751,55.9158],[11.7503,55.9162],[11.7497,55.9167],[11.7492,55.9173],[11.749,55.9179],[11.7489,55.9185],[11.7489,55.919],[11.7485,55.9194],[11.7482,55.9199],[11.748,55.9203],[11.7482,55.9208],[11.7481,55.9213],[11.7481,55.9219],[11.748,55.9227],[11.7481,55.9232],[11.7481,55.9237]]]},"properties":{"sourceId":"ais_par3.18167","a_type":3210,"hectares":7.153}},{"type":"Feature","id":"ais_par3.18168","geometry":{"type":"Polygon","coordinates":[[[11.7114,55.9105],[11.7115,55.9104],[11.7116,55.9103],[11.7114,55.9101],[11.7112,55.9098],[11.7113,55.9096],[11.7116,55.9095],[11.7119,55.9095],[11.7126,55.9095],[11.7129,55.9094],[11.712,55.9092],[11.7111,55.9091],[11.7105,55.909],[11.7104,55.9091],[11.7105,55.9095],[11.7107,55.9102],[11.711,55.9104],[11.7114,55.9105]]]},"properties":{"sourceId":"ais_par3.18168","a_type":3210,"hectares":0.956}},{"type":"Feature","id":"ais_par3.18170","geometry":{"type":"Polygon","coordinates":[[[11.7085,55.9199],[11.7089,55.92],[11.7089,55.9202],[11.7092,55.9204],[11.7093,55.9206],[11.7092,55.9209],[11.7092,55.9211],[11.7095,55.9213],[11.7097,55.9214],[11.7095,55.9216],[11.7093,55.922],[11.7093,55.9222],[11.7095,55.9222],[11.71,55.9221],[11.7103,55.9217],[11.7109,55.9208],[11.7113,55.9204],[11.7113,55.92],[11.7101,55.9193],[11.7107,55.919],[11.7108,55.9188],[11.7103,55.9189],[11.7093,55.9189],[11.7088,55.9188],[11.7086,55.9185],[11.7084,55.9195],[11.7085,55.9199]]]},"properties":{"sourceId":"ais_par3.18170","a_type":3210,"hectares":3.888}},{"type":"Feature","id":"ais_par3.18171","geometry":{"type":"Polygon","coordinates":[[[11.7243,55.9217],[11.7247,55.9216],[11.7247,55.9213],[11.724,55.9201],[11.7233,55.9202],[11.7237,55.9211],[11.7243,55.9217]]]},"properties":{"sourceId":"ais_par3.18171","a_type":3210,"hectares":0.759}},{"type":"Feature","id":"ais_par3.18172","geometry":{"type":"Polygon","coordinates":[[[11.722,55.9027],[11.723,55.9029],[11.7232,55.9021],[11.7233,55.9013],[11.7235,55.9011],[11.7235,55.901],[11.7233,55.9007],[11.7244,55.9005],[11.7242,55.9002],[11.7225,55.9006],[11.7214,55.9009],[11.7196,55.9014],[11.7183,55.9018],[11.717,55.9021],[11.7158,55.9025],[11.7153,55.9027],[11.7152,55.903],[11.7151,55.9034],[11.7158,55.9032],[11.7169,55.903],[11.7167,55.9025],[11.7172,55.9024],[11.7177,55.9023],[11.7182,55.9023],[11.7195,55.9024],[11.722,55.9027]]]},"properties":{"sourceId":"ais_par3.18172","a_type":3210,"hectares":6.811}},{"type":"Feature","id":"ais_par3.18173","geometry":{"type":"Polygon","coordinates":[[[11.7271,55.9293],[11.7271,55.9297],[11.7278,55.9311],[11.7285,55.9323],[11.7292,55.9326],[11.7291,55.9325],[11.7291,55.9322],[11.7284,55.931],[11.7276,55.9293],[11.7271,55.9293]]]},"properties":{"sourceId":"ais_par3.18173","a_type":3210,"hectares":1.448}},{"type":"Feature","id":"ais_par3.18174","geometry":{"type":"Polygon","coordinates":[[[11.7317,55.8996],[11.7324,55.8994],[11.7335,55.8994],[11.7345,55.8995],[11.7345,55.8993],[11.7337,55.8991],[11.7333,55.899],[11.7332,55.899],[11.733,55.8991],[11.7325,55.8991],[11.732,55.8991],[11.7315,55.8993],[11.7317,55.8996]]]},"properties":{"sourceId":"ais_par3.18174","a_type":3210,"hectares":0.709}},{"type":"Feature","id":"ais_par3.18175","geometry":{"type":"Polygon","coordinates":[[[11.7386,55.9008],[11.7384,55.9009],[11.7384,55.9011],[11.7385,55.9017],[11.7399,55.9021],[11.7411,55.9024],[11.7426,55.9028],[11.7426,55.9029],[11.7432,55.903],[11.7438,55.9031],[11.7445,55.9031],[11.7449,55.9031],[11.7454,55.9032],[11.7457,55.9031],[11.7445,55.9026],[11.7437,55.9022],[11.7434,55.902],[11.7433,55.9019],[11.7426,55.9018],[11.7415,55.9016],[11.7409,55.9014],[11.7403,55.9013],[11.7395,55.9011],[11.7386,55.9008]]]},"properties":{"sourceId":"ais_par3.18175","a_type":3210,"hectares":4.15}},{"type":"Feature","id":"ais_par3.18176","geometry":{"type":"Polygon","coordinates":[[[11.7524,55.9066],[11.7527,55.9062],[11.7523,55.9058],[11.7513,55.9051],[11.7505,55.9046],[11.7505,55.9048],[11.7506,55.905],[11.751,55.9054],[11.7519,55.906],[11.7522,55.9063],[11.7515,55.9065],[11.7515,55.9066],[11.7517,55.9071],[11.7517,55.9075],[11.7518,55.9078],[11.7519,55.9078],[11.752,55.9079],[11.7523,55.908],[11.7524,55.9079],[11.7525,55.9082],[11.7528,55.9082],[11.7528,55.908],[11.7527,55.9079],[11.7524,55.9074],[11.7524,55.9073],[11.7524,55.9073],[11.7523,55.9069],[11.7524,55.9066]]]},"properties":{"sourceId":"ais_par3.18176","a_type":3210,"hectares":1.649}},{"type":"Feature","id":"ais_par3.18295","geometry":{"type":"Polygon","coordinates":[[[11.7153,55.9148],[11.7164,55.9154],[11.7175,55.9162],[11.7183,55.9162],[11.7181,55.916],[11.7177,55.9157],[11.7187,55.9153],[11.7184,55.915],[11.7179,55.9152],[11.7173,55.9153],[11.7158,55.9145],[11.7153,55.9148]]]},"properties":{"sourceId":"ais_par3.18295","a_type":3220,"hectares":1.329}},{"type":"Feature","id":"ais_par3.18296","geometry":{"type":"Polygon","coordinates":[[[11.7169,55.903],[11.7158,55.9032],[11.7158,55.9036],[11.7161,55.9038],[11.7165,55.9039],[11.7169,55.9038],[11.717,55.9035],[11.717,55.9031],[11.7169,55.903]]]},"properties":{"sourceId":"ais_par3.18296","a_type":3220,"hectares":0.532}},{"type":"Feature","id":"ais_par3.18286","geometry":{"type":"Polygon","coordinates":[[[11.7772,55.9564],[11.7757,55.9572],[11.7776,55.9578],[11.7786,55.9581],[11.7795,55.9576],[11.7772,55.9564]]]},"properties":{"sourceId":"ais_par3.18286","a_type":3220,"hectares":2.059}},{"type":"Feature","id":"ais_par3.18287","geometry":{"type":"Polygon","coordinates":[[[11.7735,55.9518],[11.7739,55.9516],[11.7735,55.9511],[11.7728,55.9506],[11.7722,55.9502],[11.7718,55.9504],[11.7729,55.9513],[11.7731,55.9512],[11.7735,55.9515],[11.7733,55.9515],[11.7735,55.9518]]]},"properties":{"sourceId":"ais_par3.18287","a_type":3220,"hectares":0.645}},{"type":"Feature","id":"ais_par3.18288","geometry":{"type":"Polygon","coordinates":[[[11.7697,55.9482],[11.7693,55.9479],[11.7689,55.9476],[11.7686,55.9473],[11.7674,55.9477],[11.7675,55.948],[11.7684,55.9485],[11.7688,55.9485],[11.7697,55.9482]]]},"properties":{"sourceId":"ais_par3.18288","a_type":3220,"hectares":1.076}},{"type":"Feature","id":"ais_par3.18289","geometry":{"type":"Polygon","coordinates":[[[11.7468,55.9675],[11.747,55.9674],[11.7469,55.9673],[11.7463,55.967],[11.7462,55.9668],[11.7461,55.9665],[11.7458,55.9667],[11.7452,55.9666],[11.7448,55.9667],[11.7446,55.9668],[11.7447,55.9668],[11.7454,55.967],[11.7468,55.9675]]]},"properties":{"sourceId":"ais_par3.18289","a_type":3220,"hectares":0.597}},{"type":"Feature","id":"ais_par3.18290","geometry":{"type":"Polygon","coordinates":[[[11.7506,55.9606],[11.7511,55.9605],[11.7512,55.9605],[11.7512,55.9603],[11.7511,55.9601],[11.7511,55.9599],[11.7509,55.9598],[11.7508,55.9599],[11.7505,55.96],[11.7503,55.9603],[11.7502,55.9605],[11.7504,55.9606],[11.7506,55.9606]]]},"properties":{"sourceId":"ais_par3.18290","a_type":3220,"hectares":0.376}},{"type":"Feature","id":"ais_par3.18291","geometry":{"type":"Polygon","coordinates":[[[11.7505,55.9565],[11.7507,55.9566],[11.7516,55.9571],[11.752,55.9566],[11.7523,55.956],[11.7528,55.9555],[11.7536,55.9551],[11.7535,55.9549],[11.7525,55.9548],[11.7524,55.9547],[11.7523,55.9546],[11.7521,55.9547],[11.7521,55.955],[11.7518,55.9555],[11.751,55.9561],[11.7505,55.9565]]]},"properties":{"sourceId":"ais_par3.18291","a_type":3220,"hectares":1.861}},{"type":"Feature","id":"ais_par3.18292","geometry":{"type":"Polygon","coordinates":[[[11.7522,55.9544],[11.7531,55.9547],[11.7536,55.9546],[11.7544,55.9543],[11.7539,55.954],[11.7544,55.9532],[11.755,55.9527],[11.7548,55.9525],[11.7544,55.9522],[11.754,55.9521],[11.7535,55.9523],[11.7532,55.9528],[11.7524,55.9541],[11.7522,55.9544]]]},"properties":{"sourceId":"ais_par3.18292","a_type":3220,"hectares":2.521}},{"type":"Feature","id":"ais_par3.18293","geometry":{"type":"Polygon","coordinates":[[[11.7545,55.9517],[11.7549,55.9517],[11.7549,55.9521],[11.755,55.9523],[11.7552,55.9523],[11.7555,55.9522],[11.7557,55.952],[11.7564,55.952],[11.7565,55.9513],[11.7566,55.9508],[11.757,55.9506],[11.7574,55.9503],[11.7573,55.9502],[11.7569,55.9503],[11.7564,55.9505],[11.7562,55.9504],[11.7557,55.9509],[11.7549,55.9513],[11.7545,55.9517]]]},"properties":{"sourceId":"ais_par3.18293","a_type":3220,"hectares":1.677}},{"type":"Feature","id":"ais_par3.18294","geometry":{"type":"Polygon","coordinates":[[[11.7627,55.9701],[11.7672,55.9716],[11.7681,55.9719],[11.7709,55.9733],[11.7711,55.9733],[11.7709,55.9736],[11.7713,55.974],[11.7719,55.9744],[11.7727,55.9748],[11.7735,55.9753],[11.7743,55.9757],[11.7753,55.976],[11.7764,55.9762],[11.7767,55.9764],[11.777,55.9767],[11.7772,55.9764],[11.778,55.9757],[11.7788,55.9749],[11.7792,55.9742],[11.7791,55.9732],[11.7789,55.9728],[11.7794,55.972],[11.78,55.9713],[11.7805,55.9706],[11.7813,55.9698],[11.7819,55.9693],[11.7823,55.9688],[11.7827,55.9683],[11.7832,55.968],[11.7835,55.9674],[11.7843,55.9667],[11.7847,55.966],[11.7848,55.9657],[11.7851,55.9651],[11.7855,55.9647],[11.7857,55.9641],[11.7861,55.9636],[11.7866,55.9633],[11.7865,55.963],[11.7866,55.9628],[11.7872,55.9623],[11.7877,55.9617],[11.7884,55.9603],[11.7868,55.9601],[11.7867,55.9605],[11.7864,55.9608],[11.7861,55.9607],[11.7849,55.9616],[11.7858,55.9619],[11.7855,55.9623],[11.785,55.9623],[11.7846,55.9626],[11.7843,55.9626],[11.7838,55.9629],[11.7837,55.9632],[11.7834,55.9637],[11.7832,55.9642],[11.7834,55.9647],[11.7829,55.965],[11.7825,55.9652],[11.7821,55.9655],[11.7819,55.9657],[11.7818,55.9659],[11.7819,55.9662],[11.7816,55.9665],[11.7816,55.9666],[11.7811,55.9665],[11.7804,55.9662],[11.7797,55.9671],[11.7791,55.9678],[11.7796,55.968],[11.7798,55.9684],[11.7797,55.9686],[11.7793,55.9686],[11.7788,55.9684],[11.7784,55.9683],[11.778,55.9683],[11.7764,55.9707],[11.7761,55.9705],[11.7757,55.9703],[11.7753,55.9702],[11.7751,55.9701],[11.7747,55.9695],[11.7743,55.9682],[11.7742,55.9675],[11.774,55.967],[11.7728,55.9669],[11.7714,55.9668],[11.7703,55.9678],[11.7695,55.9684],[11.7686,55.9687],[11.7676,55.9688],[11.7678,55.969],[11.7686,55.9695],[11.7691,55.9692],[11.7701,55.97],[11.771,55.9705],[11.7714,55.9703],[11.7726,55.9704],[11.7726,55.9708],[11.7733,55.971],[11.7758,55.9719],[11.7755,55.973],[11.7751,55.9738],[11.775,55.9738],[11.7745,55.974],[11.7738,55.9735],[11.7729,55.973],[11.7722,55.9726],[11.7701,55.9717],[11.7675,55.9709],[11.7645,55.9701],[11.7641,55.97],[11.7632,55.9697],[11.7627,55.9696],[11.7617,55.9691],[11.7611,55.9688],[11.7609,55.9686],[11.7606,55.9683],[11.7602,55.9681],[11.7598,55.968],[11.7592,55.9678],[11.7586,55.9675],[11.7583,55.9677],[11.7581,55.9679],[11.761,55.9696],[11.7627,55.9701]],[[11.7829,55.9673],[11.783,55.9673],[11.7829,55.9676],[11.7825,55.9681],[11.7819,55.9687],[11.7814,55.9692],[11.7809,55.9697],[11.7806,55.9701],[11.7804,55.9705],[11.78,55.9709],[11.7799,55.9708],[11.7802,55.9704],[11.7805,55.97],[11.7809,55.9695],[11.7812,55.969],[11.7816,55.9685],[11.7821,55.968],[11.7826,55.9676],[11.7827,55.9674],[11.7828,55.9674],[11.7829,55.9673]],[[11.7839,55.9656],[11.7833,55.9663],[11.7828,55.9665],[11.7827,55.9664],[11.7837,55.9655],[11.7839,55.9656]]]},"properties":{"sourceId":"ais_par3.18294","a_type":3220,"hectares":62.119}},{"type":"Feature","id":"ais_par3.18298","geometry":{"type":"Polygon","coordinates":[[[11.6589,55.9378],[11.6598,55.938],[11.66,55.938],[11.6601,55.9378],[11.6605,55.9375],[11.6607,55.9373],[11.6605,55.9372],[11.6601,55.9371],[11.6597,55.937],[11.6593,55.9371],[11.6591,55.9373],[11.659,55.9376],[11.6589,55.9378]]]},"properties":{"sourceId":"ais_par3.18298","a_type":3220,"hectares":0.825}},{"type":"Feature","id":"ais_par3.18299","geometry":{"type":"Polygon","coordinates":[[[11.662,55.9405],[11.6628,55.9408],[11.6631,55.941],[11.6632,55.9411],[11.6642,55.9414],[11.6655,55.9417],[11.6662,55.9419],[11.6662,55.9417],[11.6653,55.9414],[11.6644,55.9411],[11.6636,55.9407],[11.6627,55.9404],[11.6622,55.9402],[11.662,55.9405]]]},"properties":{"sourceId":"ais_par3.18299","a_type":3220,"hectares":1.031}},{"type":"Feature","id":"ais_par3.18303","geometry":{"type":"Polygon","coordinates":[[[11.6604,55.9405],[11.6608,55.9406],[11.661,55.9407],[11.6611,55.9407],[11.6613,55.9406],[11.6615,55.9402],[11.6615,55.9401],[11.6614,55.9401],[11.6611,55.94],[11.6604,55.9405]]]},"properties":{"sourceId":"ais_par3.18303","a_type":3220,"hectares":0.268}},{"type":"Feature","id":"ais_par3.18304","geometry":{"type":"Polygon","coordinates":[[[11.7025,55.9476],[11.7026,55.9479],[11.7043,55.9483],[11.7043,55.9484],[11.7044,55.9485],[11.7068,55.9491],[11.7071,55.9491],[11.7071,55.949],[11.7071,55.9488],[11.7057,55.9484],[11.7049,55.9481],[11.7036,55.9479],[11.7025,55.9476]]]},"properties":{"sourceId":"ais_par3.18304","a_type":3220,"hectares":1.082}},{"type":"Feature","id":"ais_par3.18306","geometry":{"type":"Polygon","coordinates":[[[11.7413,55.9653],[11.7413,55.9652],[11.7404,55.9647],[11.7399,55.9642],[11.7391,55.9633],[11.7381,55.9624],[11.7372,55.9616],[11.7369,55.9616],[11.7364,55.9618],[11.736,55.9615],[11.7348,55.9609],[11.7338,55.9601],[11.7334,55.9599],[11.7325,55.9594],[11.7309,55.9586],[11.7295,55.9577],[11.7284,55.9572],[11.727,55.9563],[11.726,55.9559],[11.7244,55.9553],[11.7229,55.9546],[11.7217,55.9541],[11.7206,55.9535],[11.7202,55.9531],[11.7197,55.9529],[11.7189,55.9524],[11.7187,55.9523],[11.7186,55.9524],[11.7174,55.9519],[11.7173,55.9521],[11.717,55.9524],[11.7197,55.9535],[11.7222,55.9547],[11.7238,55.9553],[11.7262,55.9565],[11.7287,55.9579],[11.7306,55.9588],[11.7312,55.9592],[11.7322,55.9597],[11.7333,55.9604],[11.7341,55.961],[11.7352,55.9616],[11.7363,55.9623],[11.7371,55.9631],[11.7386,55.9639],[11.7396,55.9646],[11.7399,55.9649],[11.7401,55.965],[11.7413,55.9653]]]},"properties":{"sourceId":"ais_par3.18306","a_type":3220,"hectares":9.911}},{"type":"Feature","id":"ais_par3.18307","geometry":{"type":"Polygon","coordinates":[[[11.7112,55.9122],[11.712,55.912],[11.7129,55.9117],[11.7129,55.9116],[11.7127,55.9115],[11.7118,55.9117],[11.7115,55.9112],[11.7111,55.9107],[11.7109,55.9105],[11.7107,55.9106],[11.7105,55.9107],[11.7105,55.9109],[11.7105,55.9112],[11.7105,55.9114],[11.7105,55.912],[11.7104,55.9122],[11.7102,55.9123],[11.7104,55.9125],[11.7118,55.913],[11.7138,55.9139],[11.7152,55.9146],[11.7154,55.9147],[11.7157,55.9144],[11.7159,55.9142],[11.7157,55.914],[11.7151,55.9138],[11.7136,55.9133],[11.7122,55.9128],[11.7112,55.9122]]]},"properties":{"sourceId":"ais_par3.18307","a_type":3220,"hectares":3.446}},{"type":"Feature","id":"ais_par3.23283","geometry":{"type":"Polygon","coordinates":[[[11.7267,55.9001],[11.7264,55.9001],[11.7262,55.9001],[11.7261,55.9003],[11.7262,55.9004],[11.7264,55.9004],[11.7265,55.9003],[11.7267,55.9001]]]},"properties":{"sourceId":"ais_par3.23283","a_type":5120,"hectares":0.085}},{"type":"Feature","id":"ais_par3.23284","geometry":{"type":"Polygon","coordinates":[[[11.7313,55.9078],[11.7313,55.9077],[11.7312,55.9076],[11.7311,55.9076],[11.731,55.9077],[11.7311,55.9078],[11.7312,55.9078],[11.7313,55.9078]]]},"properties":{"sourceId":"ais_par3.23284","a_type":5120,"hectares":0.031}},{"type":"Feature","id":"ais_par3.19513","geometry":{"type":"Polygon","coordinates":[[[11.7622,55.9684],[11.762,55.9688],[11.7623,55.9689],[11.7628,55.9689],[11.7631,55.9687],[11.7636,55.9689],[11.7643,55.9692],[11.7655,55.9693],[11.7653,55.9694],[11.7647,55.9695],[11.7645,55.9697],[11.7641,55.97],[11.7645,55.9701],[11.7652,55.97],[11.7659,55.97],[11.7658,55.9698],[11.7661,55.9696],[11.7668,55.9695],[11.7672,55.9692],[11.7678,55.969],[11.7676,55.9688],[11.7673,55.9688],[11.7669,55.9687],[11.7659,55.9687],[11.7642,55.9686],[11.7633,55.9685],[11.7627,55.9684],[11.7622,55.9684]],[[11.7668,55.9691],[11.7669,55.9691],[11.7668,55.9692],[11.7668,55.9691],[11.7668,55.9691]]]},"properties":{"sourceId":"ais_par3.19513","a_type":4110,"hectares":2.934}},{"type":"Feature","id":"ais_par3.19514","geometry":{"type":"Polygon","coordinates":[[[11.7799,55.9648],[11.7805,55.965],[11.781,55.9652],[11.7812,55.9653],[11.7813,55.9649],[11.7814,55.9647],[11.78,55.9642],[11.7799,55.9648]]]},"properties":{"sourceId":"ais_par3.19514","a_type":4110,"hectares":0.577}},{"type":"Feature","id":"ais_par3.19515","geometry":{"type":"Polygon","coordinates":[[[11.7434,55.9182],[11.7432,55.9182],[11.7429,55.918],[11.7427,55.9178],[11.7429,55.9177],[11.7431,55.9176],[11.7433,55.9175],[11.7434,55.9174],[11.7431,55.9174],[11.7426,55.9175],[11.7421,55.9176],[11.7422,55.9178],[11.7423,55.9182],[11.7426,55.9184],[11.7429,55.9183],[11.7433,55.9182],[11.7434,55.9182]]]},"properties":{"sourceId":"ais_par3.19515","a_type":4110,"hectares":0.459}},{"type":"Feature","id":"ais_par3.19516","geometry":{"type":"Polygon","coordinates":[[[11.7016,55.924],[11.7014,55.9242],[11.7011,55.9244],[11.7001,55.9249],[11.6987,55.9257],[11.6975,55.9264],[11.6991,55.9267],[11.6995,55.9264],[11.7007,55.9256],[11.702,55.9246],[11.7026,55.9247],[11.7029,55.9245],[11.703,55.9242],[11.7022,55.9241],[11.7016,55.924]]]},"properties":{"sourceId":"ais_par3.19516","a_type":4110,"hectares":2.972}},{"type":"Feature","id":"ais_par3.19517","geometry":{"type":"Polygon","coordinates":[[[11.7316,55.9081],[11.7316,55.9077],[11.7315,55.9075],[11.7312,55.9074],[11.7312,55.9072],[11.7312,55.9069],[11.731,55.9068],[11.7305,55.9067],[11.73,55.9067],[11.7299,55.907],[11.73,55.9072],[11.7302,55.9074],[11.7302,55.9075],[11.7304,55.9076],[11.7308,55.9079],[11.7308,55.9081],[11.7316,55.9081]],[[11.7313,55.9078],[11.7312,55.9078],[11.7311,55.9078],[11.731,55.9077],[11.7311,55.9076],[11.7312,55.9076],[11.7313,55.9077],[11.7313,55.9078]]]},"properties":{"sourceId":"ais_par3.19517","a_type":4110,"hectares":1.014}},{"type":"Feature","id":"ais_par3.19518","geometry":{"type":"Polygon","coordinates":[[[11.7118,55.9302],[11.7123,55.9303],[11.7129,55.9305],[11.7133,55.9303],[11.7126,55.9298],[11.7118,55.9302]]]},"properties":{"sourceId":"ais_par3.19518","a_type":4110,"hectares":0.324}},{"type":"Feature","id":"ais_par3.19519","geometry":{"type":"Polygon","coordinates":[[[11.7192,55.9239],[11.7197,55.9248],[11.7206,55.9262],[11.7213,55.9277],[11.7232,55.9322],[11.7231,55.9325],[11.7227,55.933],[11.7224,55.9336],[11.7232,55.9339],[11.725,55.9346],[11.7255,55.9347],[11.7258,55.9346],[11.7266,55.9342],[11.7272,55.9343],[11.7279,55.9347],[11.7287,55.9352],[11.7294,55.9354],[11.7301,55.9355],[11.7314,55.9355],[11.7324,55.9353],[11.7299,55.9335],[11.7295,55.9336],[11.7288,55.9336],[11.7285,55.9335],[11.7281,55.9333],[11.7294,55.9329],[11.7292,55.9326],[11.7285,55.9323],[11.7278,55.9311],[11.7268,55.9314],[11.7263,55.9298],[11.7264,55.9297],[11.7258,55.9278],[11.7262,55.9278],[11.7252,55.9235],[11.7238,55.9238],[11.7192,55.9239]],[[11.7235,55.933],[11.7236,55.9333],[11.7234,55.9333],[11.7233,55.9333],[11.7231,55.9333],[11.723,55.9332],[11.723,55.9331],[11.723,55.9331],[11.7235,55.933]]]},"properties":{"sourceId":"ais_par3.19519","a_type":4110,"hectares":41.334}},{"type":"Feature","id":"ais_par3.19521","geometry":{"type":"Polygon","coordinates":[[[11.6547,55.9182],[11.6555,55.9183],[11.6555,55.918],[11.6557,55.9175],[11.6562,55.917],[11.6566,55.9164],[11.6559,55.9163],[11.6553,55.9162],[11.6549,55.9162],[11.6546,55.9169],[11.6544,55.9176],[11.6547,55.9176],[11.6547,55.9182]]]},"properties":{"sourceId":"ais_par3.19521","a_type":4110,"hectares":1.893}},{"type":"Feature","id":"ais_par3.19522","geometry":{"type":"Polygon","coordinates":[[[11.7084,55.9195],[11.7082,55.9194],[11.7079,55.9193],[11.7079,55.9189],[11.7078,55.9187],[11.7074,55.9186],[11.7066,55.9186],[11.7068,55.9182],[11.7063,55.9185],[11.705,55.9182],[11.7028,55.9176],[11.7015,55.9173],[11.7007,55.9173],[11.7008,55.918],[11.7007,55.9188],[11.7012,55.9192],[11.7019,55.9198],[11.7029,55.9198],[11.7046,55.9198],[11.7058,55.9199],[11.7061,55.9198],[11.7077,55.9196],[11.7084,55.9195]]]},"properties":{"sourceId":"ais_par3.19522","a_type":4110,"hectares":8.69}},{"type":"Feature","id":"ais_par3.19523","geometry":{"type":"Polygon","coordinates":[[[11.7179,55.917],[11.7188,55.9186],[11.719,55.9193],[11.7192,55.9201],[11.719,55.9214],[11.7185,55.9225],[11.7182,55.9227],[11.7176,55.9231],[11.7166,55.9237],[11.7238,55.9234],[11.7234,55.9229],[11.7234,55.9225],[11.7241,55.9225],[11.7242,55.9223],[11.7231,55.9212],[11.7223,55.9201],[11.7212,55.9189],[11.7199,55.9175],[11.7203,55.9174],[11.7195,55.9166],[11.7194,55.9167],[11.719,55.9169],[11.7186,55.917],[11.7179,55.917]],[[11.7189,55.9226],[11.7189,55.9226],[11.7189,55.9225],[11.719,55.9224],[11.7191,55.9224],[11.7192,55.9225],[11.7191,55.9226],[11.7191,55.9227],[11.7189,55.9226]]]},"properties":{"sourceId":"ais_par3.19523","a_type":4110,"hectares":16.493}},{"type":"Feature","id":"ais_par3.23285","geometry":{"type":"Polygon","coordinates":[[[11.7218,55.9043],[11.7216,55.9042],[11.7215,55.9043],[11.7215,55.9043],[11.7216,55.9044],[11.7217,55.9044],[11.7218,55.9043]]]},"properties":{"sourceId":"ais_par3.23285","a_type":5120,"hectares":0.018}},{"type":"Feature","id":"ais_par3.23306","geometry":{"type":"Polygon","coordinates":[[[11.7393,55.9028],[11.7394,55.9029],[11.7395,55.9028],[11.7395,55.9028],[11.7395,55.9027],[11.7395,55.9027],[11.7393,55.9028]]]},"properties":{"sourceId":"ais_par3.23306","a_type":5120,"hectares":0.012}},{"type":"Feature","id":"ais_par3.23307","geometry":{"type":"Polygon","coordinates":[[[11.7428,55.9031],[11.7427,55.9032],[11.7428,55.9033],[11.7429,55.9033],[11.7431,55.9033],[11.7431,55.9032],[11.743,55.9031],[11.7428,55.9031]]]},"properties":{"sourceId":"ais_par3.23307","a_type":5120,"hectares":0.043}},{"type":"Feature","id":"ais_par3.23308","geometry":{"type":"Polygon","coordinates":[[[11.7449,55.9031],[11.7445,55.9031],[11.7443,55.9032],[11.7443,55.9033],[11.7446,55.9034],[11.7448,55.9033],[11.7449,55.9031]]]},"properties":{"sourceId":"ais_par3.23308","a_type":5120,"hectares":0.064}},{"type":"Feature","id":"ais_par3.23309","geometry":{"type":"Polygon","coordinates":[[[11.7465,55.9045],[11.7465,55.9044],[11.7464,55.9043],[11.7463,55.9043],[11.7462,55.9043],[11.7461,55.9043],[11.7461,55.9044],[11.7463,55.9045],[11.7465,55.9045]]]},"properties":{"sourceId":"ais_par3.23309","a_type":5120,"hectares":0.052}},{"type":"Feature","id":"ais_par3.21395","geometry":{"type":"Polygon","coordinates":[[[11.659,55.8992],[11.659,55.8991],[11.6591,55.8991],[11.6592,55.8991],[11.6593,55.8991],[11.6595,55.8991],[11.6596,55.899],[11.6596,55.8989],[11.6589,55.8988],[11.6588,55.8989],[11.6588,55.8992],[11.659,55.8992]]]},"properties":{"sourceId":"ais_par3.21395","a_type":4120,"hectares":0.144}},{"type":"Feature","id":"ais_par3.21968","geometry":{"type":"Polygon","coordinates":[[[11.7742,55.9658],[11.774,55.967],[11.7742,55.9675],[11.7751,55.9676],[11.7761,55.9681],[11.7767,55.9686],[11.7777,55.9669],[11.7761,55.9664],[11.7742,55.9658]]]},"properties":{"sourceId":"ais_par3.21968","a_type":4120,"hectares":3.662}},{"type":"Feature","id":"ais_par3.21969","geometry":{"type":"Polygon","coordinates":[[[11.7849,55.9616],[11.7861,55.9607],[11.7858,55.9607],[11.7859,55.9603],[11.7861,55.9601],[11.7859,55.96],[11.7856,55.96],[11.7855,55.96],[11.7852,55.9605],[11.7847,55.9604],[11.7841,55.9604],[11.7836,55.9604],[11.7838,55.9609],[11.7839,55.9613],[11.7849,55.9616]]]},"properties":{"sourceId":"ais_par3.21969","a_type":4120,"hectares":1.514}},{"type":"Feature","id":"ais_par3.21970","geometry":{"type":"Polygon","coordinates":[[[11.7494,55.9649],[11.7496,55.9645],[11.7498,55.9637],[11.7498,55.9631],[11.7495,55.9623],[11.7489,55.9615],[11.7483,55.961],[11.7477,55.9606],[11.7471,55.9606],[11.7463,55.9606],[11.7462,55.9608],[11.7463,55.9609],[11.7466,55.9609],[11.7469,55.9609],[11.7472,55.961],[11.7478,55.9612],[11.7482,55.9614],[11.7487,55.9618],[11.749,55.9623],[11.7492,55.9628],[11.7491,55.9631],[11.7491,55.9635],[11.7492,55.9639],[11.7491,55.9644],[11.7491,55.9647],[11.7492,55.9648],[11.7494,55.9649]]]},"properties":{"sourceId":"ais_par3.21970","a_type":4120,"hectares":1.942}},{"type":"Feature","id":"ais_par3.21971","geometry":{"type":"Polygon","coordinates":[[[11.7556,55.9659],[11.7554,55.9657],[11.7552,55.9657],[11.7547,55.9654],[11.7544,55.9653],[11.7541,55.9654],[11.7538,55.9656],[11.7534,55.9659],[11.753,55.9661],[11.753,55.9664],[11.7533,55.9665],[11.754,55.9666],[11.7545,55.9665],[11.7552,55.9661],[11.7556,55.9659]]]},"properties":{"sourceId":"ais_par3.21971","a_type":4120,"hectares":1.378}},{"type":"Feature","id":"ais_par3.21972","geometry":{"type":"Polygon","coordinates":[[[11.7448,55.917],[11.7447,55.9172],[11.744,55.9172],[11.7437,55.9174],[11.7434,55.9174],[11.7433,55.9175],[11.7431,55.9176],[11.7429,55.9177],[11.7427,55.9178],[11.7429,55.918],[11.7432,55.9182],[11.7434,55.9182],[11.7441,55.9181],[11.7447,55.918],[11.745,55.918],[11.7453,55.918],[11.7453,55.9179],[11.7455,55.9178],[11.7457,55.9178],[11.7457,55.9177],[11.7456,55.9176],[11.7456,55.9174],[11.7455,55.9172],[11.7452,55.9169],[11.7448,55.917]],[[11.7434,55.9179],[11.7437,55.9178],[11.7441,55.9178],[11.7444,55.9178],[11.7447,55.9177],[11.7449,55.9176],[11.7451,55.9176],[11.7452,55.9176],[11.7453,55.9176],[11.7454,55.9177],[11.7454,55.9178],[11.7453,55.9179],[11.7451,55.9179],[11.7448,55.918],[11.7444,55.918],[11.7441,55.9181],[11.7438,55.9181],[11.7437,55.9181],[11.7436,55.9181],[11.7434,55.9179]]]},"properties":{"sourceId":"ais_par3.21972","a_type":4120,"hectares":1.223}},{"type":"Feature","id":"ais_par3.21973","geometry":{"type":"Polygon","coordinates":[[[11.745,55.9161],[11.745,55.916],[11.745,55.9159],[11.7449,55.9159],[11.7447,55.9157],[11.7444,55.9156],[11.7442,55.9156],[11.7441,55.9156],[11.744,55.9158],[11.7441,55.9159],[11.7443,55.9161],[11.7446,55.9161],[11.745,55.9161]],[[11.7443,55.9158],[11.7443,55.9157],[11.7442,55.9157],[11.7443,55.9157],[11.7444,55.9157],[11.7444,55.9157],[11.7443,55.9158]]]},"properties":{"sourceId":"ais_par3.21973","a_type":4120,"hectares":0.254}},{"type":"Feature","id":"ais_par3.21974","geometry":{"type":"Polygon","coordinates":[[[11.7437,55.9181],[11.7438,55.9181],[11.7441,55.918],[11.7444,55.918],[11.7447,55.9179],[11.745,55.9179],[11.7453,55.9178],[11.7453,55.9177],[11.7453,55.9177],[11.7452,55.9177],[11.745,55.9177],[11.7448,55.9177],[11.7446,55.9178],[11.744,55.9178],[11.7437,55.9179],[11.7435,55.9179],[11.7435,55.918],[11.7437,55.9181]]]},"properties":{"sourceId":"ais_par3.21974","a_type":4120,"hectares":0.222}},{"type":"Feature","id":"ais_par3.21975","geometry":{"type":"Polygon","coordinates":[[[11.7485,55.9108],[11.7485,55.9109],[11.7486,55.9111],[11.7488,55.9114],[11.749,55.9114],[11.7492,55.9114],[11.7496,55.9113],[11.7497,55.9111],[11.7496,55.911],[11.7493,55.9108],[11.749,55.9108],[11.7485,55.9108]],[[11.749,55.9113],[11.7489,55.9113],[11.7489,55.9111],[11.749,55.9111],[11.7491,55.911],[11.7493,55.9111],[11.7495,55.9111],[11.7494,55.9112],[11.7493,55.9113],[11.749,55.9113]]]},"properties":{"sourceId":"ais_par3.21975","a_type":4120,"hectares":0.309}},{"type":"Feature","id":"ais_par3.21976","geometry":{"type":"Polygon","coordinates":[[[11.7466,55.9069],[11.7466,55.9071],[11.7467,55.9072],[11.7467,55.9073],[11.7467,55.9074],[11.7466,55.9076],[11.7466,55.9077],[11.7468,55.9078],[11.747,55.9079],[11.7471,55.9079],[11.7472,55.9077],[11.7474,55.9076],[11.7472,55.9073],[11.7474,55.9073],[11.7473,55.9071],[11.7472,55.907],[11.7469,55.9069],[11.7466,55.9069]],[[11.7469,55.9078],[11.7468,55.9077],[11.7468,55.9077],[11.7468,55.9076],[11.7469,55.9076],[11.747,55.9077],[11.747,55.9078],[11.747,55.9078],[11.7469,55.9078]],[[11.747,55.9075],[11.7469,55.9075],[11.7468,55.9074],[11.7468,55.9074],[11.7469,55.9073],[11.747,55.9074],[11.7471,55.9074],[11.7471,55.9075],[11.747,55.9075]],[[11.7469,55.9073],[11.7469,55.9072],[11.7469,55.9072],[11.7469,55.9071],[11.7468,55.9071],[11.7468,55.907],[11.7468,55.907],[11.7469,55.907],[11.747,55.9071],[11.7471,55.9071],[11.7471,55.9072],[11.7471,55.9072],[11.7469,55.9073]]]},"properties":{"sourceId":"ais_par3.21976","a_type":4120,"hectares":0.315}},{"type":"Feature","id":"ais_par3.21977","geometry":{"type":"Polygon","coordinates":[[[11.7152,55.917],[11.7171,55.9163],[11.7175,55.9162],[11.7164,55.9154],[11.7153,55.9148],[11.7152,55.9146],[11.7138,55.9139],[11.7118,55.913],[11.7104,55.9125],[11.7101,55.9125],[11.7098,55.9127],[11.7104,55.9128],[11.712,55.9136],[11.7134,55.9144],[11.7146,55.9151],[11.715,55.9155],[11.715,55.916],[11.7153,55.9161],[11.7156,55.9163],[11.7155,55.9164],[11.715,55.9165],[11.7148,55.9167],[11.7152,55.917]]]},"properties":{"sourceId":"ais_par3.21977","a_type":4120,"hectares":4.002}},{"type":"Feature","id":"ais_par3.21978","geometry":{"type":"Polygon","coordinates":[[[11.7172,55.9185],[11.7174,55.9186],[11.7174,55.9182],[11.7175,55.9179],[11.7173,55.9176],[11.7171,55.9176],[11.7172,55.9181],[11.7172,55.9185]]]},"properties":{"sourceId":"ais_par3.21978","a_type":4120,"hectares":0.148}},{"type":"Feature","id":"ais_par3.21979","geometry":{"type":"Polygon","coordinates":[[[11.7293,55.9192],[11.73,55.9194],[11.7303,55.9195],[11.7305,55.9195],[11.7305,55.919],[11.7301,55.9189],[11.7292,55.9189],[11.7292,55.9191],[11.7293,55.9192]]]},"properties":{"sourceId":"ais_par3.21979","a_type":4120,"hectares":0.392}},{"type":"Feature","id":"ais_par3.21980","geometry":{"type":"Polygon","coordinates":[[[11.728,55.916],[11.7282,55.9158],[11.728,55.9157],[11.7279,55.9156],[11.7277,55.9154],[11.7275,55.9153],[11.7271,55.9153],[11.7266,55.9154],[11.7262,55.9155],[11.7263,55.9157],[11.7269,55.9159],[11.7274,55.9159],[11.728,55.916]]]},"properties":{"sourceId":"ais_par3.21980","a_type":4120,"hectares":0.575}},{"type":"Feature","id":"ais_par3.21981","geometry":{"type":"Polygon","coordinates":[[[11.7067,55.9181],[11.7068,55.9181],[11.7065,55.918],[11.7059,55.9179],[11.7058,55.9178],[11.7057,55.9178],[11.7056,55.9179],[11.706,55.918],[11.7067,55.9181]]]},"properties":{"sourceId":"ais_par3.21981","a_type":4120,"hectares":0.075}},{"type":"Feature","id":"ais_par3.21982","geometry":{"type":"Polygon","coordinates":[[[11.7067,55.9131],[11.7029,55.9137],[11.7033,55.9137],[11.7049,55.9135],[11.7063,55.9132],[11.7067,55.9131]]]},"properties":{"sourceId":"ais_par3.21982","a_type":4120,"hectares":0.243}},{"type":"Feature","id":"ais_par3.21983","geometry":{"type":"Polygon","coordinates":[[[11.7052,55.9177],[11.7049,55.9177],[11.7048,55.9176],[11.7047,55.9176],[11.7042,55.9176],[11.7039,55.9176],[11.7039,55.9176],[11.704,55.9177],[11.7044,55.9177],[11.7047,55.9177],[11.7049,55.9178],[11.7051,55.9178],[11.7052,55.9177]]]},"properties":{"sourceId":"ais_par3.21983","a_type":4120,"hectares":0.104}},{"type":"Feature","id":"ais_par3.21984","geometry":{"type":"Polygon","coordinates":[[[11.7147,55.9247],[11.7147,55.9251],[11.7149,55.9256],[11.7149,55.9259],[11.7147,55.926],[11.7145,55.926],[11.7144,55.926],[11.7141,55.9261],[11.7141,55.9264],[11.7141,55.9266],[11.7141,55.9268],[11.7143,55.9267],[11.7145,55.9265],[11.7147,55.9264],[11.7151,55.9265],[11.7151,55.9268],[11.7154,55.9271],[11.7153,55.9272],[11.7146,55.9273],[11.7144,55.9277],[11.7142,55.928],[11.7143,55.9283],[11.7143,55.9284],[11.7137,55.9285],[11.7135,55.9286],[11.7134,55.9286],[11.7132,55.9285],[11.7131,55.9282],[11.713,55.928],[11.7128,55.9277],[11.7125,55.9273],[11.7124,55.9269],[11.7123,55.9266],[11.7121,55.9264],[11.7121,55.9261],[11.712,55.9257],[11.712,55.9252],[11.7122,55.9249],[11.7116,55.9247],[11.7114,55.925],[11.7112,55.9253],[11.7111,55.9265],[11.7112,55.9272],[11.7118,55.9276],[11.712,55.9281],[11.7116,55.9286],[11.7112,55.929],[11.7113,55.9294],[11.7114,55.9297],[11.7116,55.93],[11.7118,55.9302],[11.7126,55.9298],[11.7133,55.9303],[11.715,55.9311],[11.7168,55.9315],[11.7191,55.9321],[11.7205,55.933],[11.7217,55.9336],[11.7224,55.9336],[11.7227,55.933],[11.7231,55.9325],[11.7232,55.9322],[11.7213,55.9277],[11.7206,55.9262],[11.7197,55.9248],[11.7192,55.9239],[11.7166,55.924],[11.7166,55.9243],[11.7157,55.9246],[11.7147,55.9247]],[[11.7149,55.9286],[11.7154,55.9286],[11.7157,55.9287],[11.7159,55.9287],[11.7161,55.9286],[11.7162,55.9285],[11.7165,55.9286],[11.7168,55.9287],[11.717,55.9286],[11.7173,55.9286],[11.7173,55.9287],[11.7171,55.9287],[11.7169,55.9288],[11.7169,55.9289],[11.717,55.9291],[11.7169,55.9292],[11.7167,55.9293],[11.7166,55.9294],[11.7163,55.9294],[11.7159,55.9294],[11.7158,55.9293],[11.7158,55.9292],[11.716,55.9291],[11.7162,55.9292],[11.7164,55.9291],[11.7164,55.929],[11.7162,55.929],[11.716,55.9289],[11.7157,55.929],[11.7157,55.9291],[11.7155,55.9292],[11.7153,55.9291],[11.7151,55.929],[11.7149,55.9286]]]},"properties":{"sourceId":"ais_par3.21984","a_type":4120,"hectares":43.936}},{"type":"Feature","id":"ais_par3.21985","geometry":{"type":"Polygon","coordinates":[[[11.7278,55.9311],[11.7271,55.9297],[11.7264,55.9297],[11.7263,55.9298],[11.7268,55.9314],[11.7278,55.9311]],[[11.7269,55.9298],[11.727,55.9299],[11.7271,55.93],[11.7271,55.9301],[11.727,55.9302],[11.7269,55.9302],[11.7267,55.9301],[11.7266,55.93],[11.7266,55.9299],[11.7269,55.9298]]]},"properties":{"sourceId":"ais_par3.21985","a_type":4120,"hectares":0.947}},{"type":"Feature","id":"ais_par3.21986","geometry":{"type":"Polygon","coordinates":[[[11.7299,55.9335],[11.73,55.9334],[11.7294,55.9329],[11.7281,55.9333],[11.7285,55.9335],[11.7288,55.9336],[11.7295,55.9336],[11.7299,55.9335]],[[11.7293,55.9334],[11.729,55.9334],[11.7289,55.9335],[11.7288,55.9334],[11.7288,55.9334],[11.7289,55.9333],[11.7291,55.9333],[11.7293,55.9333],[11.7293,55.9334]]]},"properties":{"sourceId":"ais_par3.21986","a_type":4120,"hectares":0.511}},{"type":"Feature","id":"ais_par3.21987","geometry":{"type":"Polygon","coordinates":[[[11.6728,55.9189],[11.6739,55.9189],[11.6741,55.9188],[11.6741,55.9186],[11.6742,55.9181],[11.6741,55.9173],[11.6744,55.9172],[11.675,55.9173],[11.6756,55.9172],[11.6756,55.9171],[11.6758,55.917],[11.676,55.9169],[11.6761,55.9169],[11.6762,55.917],[11.6764,55.9167],[11.6757,55.9165],[11.6748,55.9165],[11.6743,55.9166],[11.6738,55.9169],[11.6735,55.9173],[11.6731,55.9177],[11.6729,55.9183],[11.6728,55.9189]]]},"properties":{"sourceId":"ais_par3.21987","a_type":4120,"hectares":2.258}},{"type":"Feature","id":"ais_par3.22529","geometry":{"type":"Polygon","coordinates":[[[11.7799,55.9648],[11.78,55.9642],[11.78,55.9639],[11.7782,55.9633],[11.7783,55.9626],[11.7774,55.9623],[11.7773,55.9617],[11.7775,55.9612],[11.7777,55.9609],[11.7764,55.9606],[11.7765,55.9603],[11.7765,55.96],[11.7756,55.9599],[11.7756,55.9604],[11.7751,55.9609],[11.775,55.9614],[11.775,55.9621],[11.7752,55.9625],[11.7757,55.9627],[11.7756,55.963],[11.7752,55.9635],[11.7749,55.9641],[11.7749,55.9646],[11.7768,55.9652],[11.7772,55.9647],[11.7774,55.9646],[11.7777,55.9646],[11.7778,55.9643],[11.7799,55.9648]]]},"properties":{"sourceId":"ais_par3.22529","a_type":4120,"hectares":9.443}},{"type":"Feature","id":"ais_par3.22604","geometry":{"type":"Polygon","coordinates":[[[11.7821,55.9655],[11.7816,55.9654],[11.7812,55.9653],[11.781,55.9652],[11.7805,55.965],[11.7799,55.9648],[11.7797,55.9654],[11.7794,55.9659],[11.7796,55.966],[11.7799,55.966],[11.7802,55.9656],[11.7805,55.9654],[11.781,55.9656],[11.7818,55.9659],[11.7819,55.9657],[11.7821,55.9655]]]},"properties":{"sourceId":"ais_par3.22604","a_type":4120,"hectares":0.914}},{"type":"Feature","id":"ais_par3.22554","geometry":{"type":"Polygon","coordinates":[[[11.7068,55.9182],[11.7063,55.9182],[11.7055,55.918],[11.7054,55.9178],[11.7053,55.9178],[11.7052,55.9179],[11.7045,55.9178],[11.7033,55.9175],[11.7025,55.9173],[11.7016,55.917],[11.7007,55.9169],[11.6998,55.9168],[11.6993,55.9169],[11.6988,55.9169],[11.6983,55.9163],[11.6978,55.9157],[11.6974,55.9152],[11.6972,55.9149],[11.6974,55.9148],[11.698,55.9147],[11.6987,55.9146],[11.6991,55.9144],[11.6972,55.9148],[11.6969,55.9148],[11.6971,55.9151],[11.6973,55.9153],[11.6974,55.9155],[11.6984,55.9167],[11.6989,55.9172],[11.6996,55.9172],[11.7007,55.9173],[11.7015,55.9173],[11.7028,55.9176],[11.705,55.9182],[11.7063,55.9185],[11.7068,55.9182]]]},"properties":{"sourceId":"ais_par3.22554","a_type":4120,"hectares":2.007}},{"type":"Feature","id":"ais_par3.22580","geometry":{"type":"Polygon","coordinates":[[[11.7414,55.9045],[11.7413,55.9043],[11.7411,55.9043],[11.741,55.9042],[11.7409,55.9042],[11.7409,55.9041],[11.7409,55.904],[11.741,55.9039],[11.7408,55.9039],[11.7408,55.9037],[11.7409,55.9035],[11.7412,55.9033],[11.7411,55.9031],[11.741,55.9031],[11.7408,55.9032],[11.7407,55.9031],[11.7406,55.903],[11.7405,55.9029],[11.7404,55.9027],[11.7401,55.9025],[11.7395,55.9024],[11.7393,55.9028],[11.7395,55.9027],[11.7395,55.9027],[11.7395,55.9028],[11.7395,55.9028],[11.7394,55.9029],[11.7393,55.9028],[11.7393,55.9031],[11.7395,55.9035],[11.7398,55.9038],[11.7402,55.9041],[11.7403,55.9043],[11.7408,55.9044],[11.7414,55.9045]]]},"properties":{"sourceId":"ais_par3.22580","a_type":4120,"hectares":1.565}},{"type":"Feature","id":"ais_par3.22597","geometry":{"type":"Polygon","coordinates":[[[11.7086,55.9185],[11.7079,55.9183],[11.7068,55.9182],[11.7066,55.9186],[11.7074,55.9186],[11.7078,55.9187],[11.7079,55.9189],[11.7079,55.9193],[11.7082,55.9194],[11.7084,55.9195],[11.7086,55.9185]]]},"properties":{"sourceId":"ais_par3.22597","a_type":4120,"hectares":0.755}},{"type":"Feature","id":"ais_par3.22655","geometry":{"type":"Polygon","coordinates":[[[11.7103,55.9189],[11.7108,55.9188],[11.7102,55.9187],[11.7086,55.9185],[11.7088,55.9188],[11.7093,55.9189],[11.7103,55.9189]]]},"properties":{"sourceId":"ais_par3.22655","a_type":4120,"hectares":0.282}},{"type":"Feature","id":"ais_par3.23282","geometry":{"type":"Polygon","coordinates":[[[11.6977,55.9166],[11.6976,55.9163],[11.6976,55.9162],[11.6975,55.9162],[11.6974,55.9162],[11.6972,55.9162],[11.6971,55.9165],[11.6973,55.9166],[11.6975,55.9166],[11.6977,55.9166]]]},"properties":{"sourceId":"ais_par3.23282","a_type":5120,"hectares":0.143}},{"type":"Feature","id":"ais_par3.22727","geometry":{"type":"Polygon","coordinates":[[[11.7626,55.9441],[11.7626,55.9441],[11.7624,55.944],[11.7614,55.9438],[11.7608,55.9437],[11.7607,55.9437],[11.7613,55.9439],[11.7618,55.944],[11.7626,55.9441]]]},"properties":{"sourceId":"ais_par3.22727","a_type":4210,"hectares":0.098}},{"type":"Feature","id":"ais_par3.22728","geometry":{"type":"Polygon","coordinates":[[[11.7602,55.9437],[11.7602,55.9436],[11.7602,55.9436],[11.759,55.9431],[11.7585,55.9428],[11.7583,55.9428],[11.7584,55.9429],[11.7593,55.9433],[11.7602,55.9437]]]},"properties":{"sourceId":"ais_par3.22728","a_type":4210,"hectares":0.154}},{"type":"Feature","id":"ais_par3.22729","geometry":{"type":"Polygon","coordinates":[[[11.7575,55.9425],[11.7576,55.9425],[11.7577,55.9425],[11.7563,55.9418],[11.7549,55.941],[11.7545,55.9404],[11.7544,55.94],[11.7545,55.9397],[11.7545,55.9395],[11.7544,55.9393],[11.754,55.9394],[11.7542,55.9401],[11.7544,55.9405],[11.7547,55.9409],[11.755,55.9413],[11.7559,55.9417],[11.7566,55.9421],[11.7575,55.9425]]]},"properties":{"sourceId":"ais_par3.22729","a_type":4210,"hectares":0.554}},{"type":"Feature","id":"ais_par3.22863","geometry":{"type":"Polygon","coordinates":[[[11.6671,55.8874],[11.6671,55.8873],[11.6674,55.8871],[11.6676,55.887],[11.6677,55.8868],[11.6676,55.8863],[11.6674,55.8858],[11.6675,55.8857],[11.6675,55.8856],[11.6672,55.8856],[11.6671,55.8857],[11.6668,55.8861],[11.6666,55.8865],[11.6664,55.887],[11.6663,55.8876],[11.6668,55.8876],[11.6671,55.8874]]]},"properties":{"sourceId":"ais_par3.22863","a_type":4210,"hectares":1.125}},{"type":"Feature","id":"ais_par3.22907","geometry":{"type":"Polygon","coordinates":[[[11.7244,55.9005],[11.7256,55.9003],[11.7261,55.9003],[11.7262,55.9001],[11.7264,55.9001],[11.7267,55.9001],[11.7278,55.8999],[11.729,55.8997],[11.73,55.8996],[11.7309,55.8996],[11.7317,55.8996],[11.7315,55.8993],[11.73,55.8994],[11.7298,55.8994],[11.7297,55.8994],[11.7291,55.8995],[11.7291,55.8995],[11.7288,55.8995],[11.7282,55.8996],[11.7282,55.8996],[11.7282,55.8996],[11.7277,55.8997],[11.7266,55.8998],[11.7254,55.9],[11.7242,55.9002],[11.7244,55.9005]]]},"properties":{"sourceId":"ais_par3.22907","a_type":4210,"hectares":1.375}},{"type":"Feature","id":"ais_par3.22900","geometry":{"type":"Polygon","coordinates":[[[11.7829,55.9673],[11.7828,55.9674],[11.7827,55.9674],[11.7826,55.9676],[11.7821,55.968],[11.7816,55.9685],[11.7812,55.969],[11.7809,55.9695],[11.7805,55.97],[11.7802,55.9704],[11.7799,55.9708],[11.78,55.9709],[11.7804,55.9705],[11.7806,55.9701],[11.7809,55.9697],[11.7814,55.9692],[11.7819,55.9687],[11.7825,55.9681],[11.7829,55.9676],[11.783,55.9673],[11.7829,55.9673]]]},"properties":{"sourceId":"ais_par3.22900","a_type":4210,"hectares":0.852}},{"type":"Feature","id":"ais_par3.22901","geometry":{"type":"Polygon","coordinates":[[[11.7905,55.9554],[11.7904,55.9548],[11.7907,55.9541],[11.7906,55.9535],[11.7906,55.9529],[11.7909,55.9522],[11.7914,55.9515],[11.7914,55.951],[11.7916,55.9503],[11.7918,55.9498],[11.7919,55.9494],[11.7919,55.9491],[11.7915,55.9488],[11.7902,55.9483],[11.7887,55.9484],[11.7884,55.9485],[11.7885,55.9486],[11.7883,55.9486],[11.7884,55.9487],[11.7883,55.9494],[11.7883,55.9494],[11.7883,55.9494],[11.7886,55.95],[11.7885,55.9501],[11.7887,55.9505],[11.7889,55.951],[11.7891,55.9515],[11.789,55.9523],[11.7887,55.9525],[11.7886,55.9528],[11.788,55.9531],[11.7874,55.9533],[11.7873,55.9533],[11.7872,55.9533],[11.7869,55.9534],[11.7864,55.9535],[11.7859,55.9536],[11.7847,55.9538],[11.7838,55.9538],[11.7834,55.9538],[11.7814,55.9538],[11.7803,55.9538],[11.7801,55.9537],[11.7797,55.9537],[11.7789,55.9536],[11.7783,55.9534],[11.7776,55.9532],[11.7772,55.9531],[11.777,55.9533],[11.7787,55.9538],[11.7818,55.9543],[11.784,55.9544],[11.7852,55.9543],[11.7852,55.9542],[11.7853,55.954],[11.7858,55.9539],[11.7857,55.9541],[11.7863,55.9541],[11.7863,55.9543],[11.7875,55.9543],[11.788,55.9544],[11.7884,55.9545],[11.7886,55.9544],[11.7891,55.9542],[11.7895,55.9543],[11.7896,55.9544],[11.7894,55.9546],[11.789,55.9548],[11.7905,55.9554]]]},"properties":{"sourceId":"ais_par3.22901","a_type":4210,"hectares":15.344}},{"type":"Feature","id":"ais_par3.22902","geometry":{"type":"Polygon","coordinates":[[[11.777,55.9767],[11.7767,55.9764],[11.7764,55.9762],[11.7753,55.976],[11.7743,55.9757],[11.7735,55.9753],[11.7727,55.9748],[11.7719,55.9744],[11.7713,55.974],[11.7709,55.9736],[11.7705,55.9738],[11.77,55.9737],[11.7704,55.9733],[11.7707,55.9734],[11.7709,55.9733],[11.7681,55.9719],[11.7672,55.9716],[11.7627,55.9701],[11.761,55.9696],[11.7581,55.9679],[11.757,55.9674],[11.7551,55.9668],[11.754,55.9668],[11.7528,55.9671],[11.7519,55.9675],[11.7519,55.9677],[11.7511,55.9679],[11.7509,55.9678],[11.7506,55.9679],[11.7506,55.9681],[11.7506,55.9683],[11.7501,55.9685],[11.751,55.969],[11.7519,55.9697],[11.753,55.9702],[11.7535,55.9703],[11.7555,55.9707],[11.7574,55.9712],[11.7591,55.9715],[11.7601,55.9719],[11.7609,55.9724],[11.7619,55.9724],[11.7624,55.9725],[11.7643,55.9728],[11.7659,55.9729],[11.7667,55.9731],[11.7681,55.9737],[11.7699,55.9743],[11.7711,55.9745],[11.7719,55.9748],[11.7729,55.9753],[11.774,55.976],[11.7752,55.9762],[11.777,55.9767]],[[11.7541,55.9684],[11.7549,55.9684],[11.7551,55.9685],[11.7556,55.9688],[11.756,55.9689],[11.7565,55.969],[11.757,55.969],[11.7575,55.9693],[11.7578,55.9696],[11.7577,55.9698],[11.7574,55.97],[11.7568,55.9699],[11.7564,55.9699],[11.7562,55.9701],[11.7557,55.97],[11.7554,55.9699],[11.7553,55.9696],[11.7552,55.9695],[11.7548,55.9694],[11.7538,55.9692],[11.7534,55.9691],[11.7532,55.969],[11.7532,55.9689],[11.7535,55.9688],[11.7538,55.9689],[11.7541,55.9689],[11.7544,55.9689],[11.7545,55.9689],[11.7543,55.9688],[11.754,55.9688],[11.7536,55.9687],[11.7532,55.9687],[11.7529,55.9687],[11.7528,55.9685],[11.7529,55.9684],[11.7531,55.9684],[11.7532,55.9682],[11.7533,55.9681],[11.7535,55.9681],[11.7537,55.9682],[11.7539,55.9683],[11.7541,55.9684]]]},"properties":{"sourceId":"ais_par3.22902","a_type":4210,"hectares":34.594}},{"type":"Feature","id":"ais_par3.22903","geometry":{"type":"Polygon","coordinates":[[[11.752,55.9348],[11.7522,55.9348],[11.7521,55.9344],[11.752,55.9332],[11.7522,55.9325],[11.7521,55.9313],[11.752,55.9312],[11.7521,55.9312],[11.7521,55.9309],[11.7521,55.9307],[11.752,55.9302],[11.752,55.9302],[11.7517,55.9301],[11.7516,55.9301],[11.7515,55.9301],[11.7517,55.9306],[11.7517,55.9309],[11.7518,55.9312],[11.7516,55.9313],[11.7517,55.9314],[11.7517,55.932],[11.7516,55.9332],[11.7517,55.934],[11.752,55.9348]]]},"properties":{"sourceId":"ais_par3.22903","a_type":4210,"hectares":1.303}},{"type":"Feature","id":"ais_par3.22904","geometry":{"type":"Polygon","coordinates":[[[11.7487,55.9257],[11.7488,55.9258],[11.7491,55.9263],[11.7494,55.9268],[11.7494,55.927],[11.7493,55.9272],[11.7494,55.9274],[11.7496,55.9278],[11.7497,55.9277],[11.7496,55.9276],[11.7496,55.9275],[11.7495,55.9273],[11.7495,55.927],[11.7495,55.9267],[11.7495,55.9264],[11.7494,55.9261],[11.7491,55.9257],[11.7491,55.9254],[11.7489,55.9249],[11.7487,55.9246],[11.7486,55.9244],[11.7486,55.9243],[11.7486,55.9242],[11.7485,55.9241],[11.7485,55.9237],[11.7481,55.9237],[11.7482,55.9242],[11.7483,55.9249],[11.7485,55.9254],[11.7487,55.9257]]]},"properties":{"sourceId":"ais_par3.22904","a_type":4210,"hectares":1.002}},{"type":"Feature","id":"ais_par3.22905","geometry":{"type":"Polygon","coordinates":[[[11.7079,55.9183],[11.7086,55.9185],[11.7102,55.9187],[11.7105,55.9186],[11.7102,55.9184],[11.7093,55.9182],[11.7092,55.9177],[11.7091,55.9175],[11.7086,55.9175],[11.7079,55.9173],[11.7076,55.9174],[11.7076,55.918],[11.7077,55.9181],[11.7079,55.9183]]]},"properties":{"sourceId":"ais_par3.22905","a_type":4210,"hectares":1.388}},{"type":"Feature","id":"ais_par3.22906","geometry":{"type":"Polygon","coordinates":[[[11.7171,55.9163],[11.7152,55.917],[11.7144,55.9173],[11.7137,55.9175],[11.713,55.9179],[11.7122,55.9182],[11.7108,55.9188],[11.7107,55.919],[11.7101,55.9193],[11.7113,55.92],[11.7113,55.9204],[11.7109,55.9208],[11.7103,55.9217],[11.7108,55.9226],[11.7113,55.9236],[11.7114,55.9243],[11.7116,55.9247],[11.7122,55.9249],[11.7123,55.9246],[11.7125,55.924],[11.7124,55.9236],[11.7123,55.9232],[11.712,55.9228],[11.7116,55.9221],[11.7114,55.9215],[11.7113,55.921],[11.7111,55.9209],[11.7111,55.9207],[11.7112,55.9206],[11.7113,55.9204],[11.7115,55.9204],[11.7119,55.9202],[11.7119,55.92],[11.7118,55.9199],[11.7116,55.9199],[11.7114,55.9197],[11.7114,55.9195],[11.7113,55.9194],[11.7116,55.9194],[11.7119,55.9192],[11.7119,55.9191],[11.7117,55.919],[11.7117,55.9188],[11.7119,55.9187],[11.7121,55.9187],[11.7121,55.9186],[11.7121,55.9185],[11.7122,55.9184],[11.7129,55.919],[11.7136,55.9197],[11.7138,55.9201],[11.7137,55.9204],[11.7139,55.9209],[11.714,55.9214],[11.714,55.9218],[11.7143,55.9225],[11.7145,55.9237],[11.7144,55.9243],[11.7145,55.9245],[11.7147,55.9247],[11.7157,55.9246],[11.7166,55.9243],[11.7166,55.924],[11.7166,55.9237],[11.7176,55.9231],[11.7182,55.9227],[11.7185,55.9225],[11.719,55.9214],[11.7192,55.9201],[11.719,55.9193],[11.7188,55.9186],[11.7179,55.917],[11.7175,55.9165],[11.7171,55.9163]],[[11.7189,55.9201],[11.7186,55.92],[11.7184,55.9201],[11.7183,55.9202],[11.7182,55.9202],[11.7182,55.9201],[11.7183,55.9199],[11.7184,55.9197],[11.7183,55.9195],[11.7183,55.9192],[11.7184,55.9191],[11.7185,55.919],[11.7186,55.9191],[11.7188,55.9194],[11.7187,55.9196],[11.7186,55.9198],[11.7186,55.9199],[11.7188,55.92],[11.7189,55.92],[11.7189,55.9201]],[[11.717,55.9186],[11.7171,55.9183],[11.7171,55.918],[11.717,55.9178],[11.7169,55.9175],[11.717,55.9174],[11.717,55.9175],[11.7171,55.9175],[11.7172,55.9174],[11.7175,55.9174],[11.7175,55.9175],[11.7176,55.9176],[11.7176,55.9176],[11.7177,55.9178],[11.7178,55.9178],[11.7179,55.918],[11.7177,55.9181],[11.7176,55.9182],[11.7176,55.9182],[11.7176,55.9183],[11.7176,55.9185],[11.7173,55.9186],[11.7172,55.9187],[11.717,55.9186]],[[11.7182,55.9183],[11.7182,55.9184],[11.7181,55.9186],[11.7181,55.9188],[11.718,55.9189],[11.718,55.9191],[11.7179,55.9193],[11.7178,55.9194],[11.7177,55.9195],[11.7176,55.9197],[11.7177,55.9198],[11.7178,55.9198],[11.718,55.9197],[11.7181,55.9198],[11.7181,55.9199],[11.718,55.92],[11.7178,55.92],[11.7176,55.92],[11.7175,55.9199],[11.7175,55.9198],[11.7173,55.9197],[11.7173,55.9196],[11.7171,55.9196],[11.717,55.9194],[11.7172,55.9193],[11.7173,55.9193],[11.7173,55.9191],[11.7175,55.919],[11.7176,55.9189],[11.718,55.9184],[11.7182,55.9183]],[[11.7141,55.9208],[11.7142,55.9208],[11.7143,55.9207],[11.7145,55.9207],[11.7147,55.9207],[11.715,55.9206],[11.7152,55.9205],[11.7155,55.9205],[11.7156,55.9206],[11.7158,55.9205],[11.7159,55.9203],[11.7161,55.9202],[11.7167,55.9201],[11.7169,55.9201],[11.7169,55.9203],[11.7169,55.9205],[11.7168,55.9206],[11.7166,55.9206],[11.7164,55.9207],[11.7161,55.9208],[11.716,55.9208],[11.7159,55.921],[11.7155,55.9214],[11.7153,55.9215],[11.7149,55.9214],[11.7148,55.9214],[11.7147,55.9214],[11.7145,55.9212],[11.7143,55.9212],[11.7142,55.9212],[11.7141,55.9208]],[[11.7151,55.9238],[11.7149,55.9236],[11.7147,55.9234],[11.7146,55.923],[11.7145,55.9224],[11.7144,55.9221],[11.7144,55.922],[11.7146,55.9221],[11.715,55.9221],[11.7155,55.922],[11.7161,55.922],[11.7163,55.922],[11.7164,55.922],[11.7165,55.922],[11.7169,55.922],[11.7169,55.9219],[11.717,55.9219],[11.7171,55.922],[11.717,55.9221],[11.7171,55.9222],[11.7172,55.9222],[11.7173,55.9222],[11.7174,55.9222],[11.7175,55.9222],[11.7176,55.9222],[11.7174,55.9223],[11.7172,55.9224],[11.7173,55.9225],[11.7174,55.9226],[11.7175,55.9225],[11.7176,55.9225],[11.7177,55.9224],[11.7178,55.9224],[11.7178,55.9225],[11.7178,55.9226],[11.7177,55.9228],[11.7174,55.9229],[11.7172,55.923],[11.7172,55.9231],[11.717,55.9232],[11.717,55.9233],[11.7168,55.9234],[11.7166,55.9235],[11.7164,55.9236],[11.7162,55.9238],[11.7161,55.9238],[11.7162,55.9237],[11.7163,55.9235],[11.7166,55.9233],[11.7167,55.9231],[11.7167,55.9229],[11.7165,55.9229],[11.7162,55.923],[11.7161,55.9231],[11.716,55.9232],[11.7158,55.9233],[11.7158,55.9234],[11.7157,55.9233],[11.7158,55.9232],[11.7157,55.9231],[11.7156,55.9231],[11.7155,55.9233],[11.7155,55.9234],[11.7155,55.9236],[11.7155,55.9237],[11.7154,55.9237],[11.7153,55.9238],[11.7151,55.9238]],[[11.7124,55.9183],[11.7134,55.9179],[11.7134,55.918],[11.7134,55.9181],[11.7137,55.9182],[11.7137,55.9183],[11.714,55.9184],[11.7143,55.9184],[11.7146,55.9184],[11.7148,55.9184],[11.7148,55.9183],[11.715,55.9183],[11.7149,55.9181],[11.7151,55.9179],[11.7153,55.9178],[11.7153,55.9177],[11.7154,55.9176],[11.7155,55.9175],[11.7156,55.9174],[11.7157,55.9173],[11.7158,55.9173],[11.7158,55.9175],[11.7159,55.9176],[11.7161,55.9176],[11.7163,55.9176],[11.7165,55.9177],[11.7166,55.9179],[11.7168,55.918],[11.7169,55.9183],[11.7168,55.9185],[11.7167,55.9186],[11.7167,55.9188],[11.7166,55.919],[11.7163,55.919],[11.7161,55.9191],[11.7161,55.9193],[11.7161,55.9195],[11.7161,55.9196],[11.7159,55.9196],[11.7158,55.9198],[11.7159,55.9199],[11.7161,55.9199],[11.7162,55.92],[11.7163,55.92],[11.7159,55.9201],[11.7158,55.9203],[11.7153,55.9204],[11.715,55.9204],[11.7145,55.9206],[11.7141,55.9206],[11.714,55.9203],[11.714,55.92],[11.7136,55.9195],[11.713,55.9189],[11.7128,55.9186],[11.7124,55.9183]]]},"properties":{"sourceId":"ais_par3.22906","a_type":4210,"hectares":18.469}},{"type":"Feature","id":"ais_par3.22908","geometry":{"type":"Polygon","coordinates":[[[11.7153,55.9027],[11.7149,55.9028],[11.7147,55.9028],[11.7143,55.9029],[11.7134,55.9031],[11.7133,55.9031],[11.7125,55.9033],[11.7124,55.9034],[11.7118,55.9035],[11.7112,55.9037],[11.7111,55.9038],[11.7109,55.904],[11.7107,55.9044],[11.7106,55.9046],[11.7107,55.9049],[11.7106,55.9052],[11.7103,55.9055],[11.7101,55.9059],[11.7099,55.9063],[11.7096,55.9067],[11.7095,55.9072],[11.7092,55.9075],[11.709,55.9079],[11.7093,55.9083],[11.7096,55.9085],[11.7099,55.9088],[11.7113,55.9089],[11.7123,55.9091],[11.7122,55.9088],[11.7115,55.9087],[11.7113,55.9082],[11.711,55.9077],[11.7108,55.9071],[11.711,55.9066],[11.711,55.9061],[11.7109,55.906],[11.7106,55.9061],[11.7104,55.906],[11.7108,55.9052],[11.7113,55.9046],[11.7117,55.9047],[11.7118,55.9046],[11.7119,55.9043],[11.7121,55.9042],[11.7121,55.904],[11.7125,55.9038],[11.713,55.9036],[11.7133,55.9034],[11.7137,55.9035],[11.7141,55.9035],[11.7146,55.9032],[11.715,55.903],[11.7151,55.9029],[11.7153,55.9027]]]},"properties":{"sourceId":"ais_par3.22908","a_type":4210,"hectares":5.381}},{"type":"Feature","id":"ais_par3.22909","geometry":{"type":"Polygon","coordinates":[[[11.6697,55.902],[11.6685,55.902],[11.6686,55.9024],[11.6686,55.9028],[11.6685,55.9032],[11.6684,55.9038],[11.6685,55.9041],[11.6689,55.9042],[11.6693,55.9042],[11.6696,55.904],[11.6701,55.9036],[11.6702,55.9035],[11.6701,55.9034],[11.6699,55.9033],[11.6698,55.9031],[11.6698,55.903],[11.6698,55.9028],[11.6697,55.9023],[11.6697,55.902]]]},"properties":{"sourceId":"ais_par3.22909","a_type":4210,"hectares":1.916}},{"type":"Feature","id":"ais_par3.22910","geometry":{"type":"Polygon","coordinates":[[[11.6729,55.9118],[11.6728,55.9117],[11.6725,55.9115],[11.6725,55.9113],[11.6717,55.9111],[11.6713,55.911],[11.6712,55.9107],[11.6711,55.9106],[11.671,55.9105],[11.6708,55.9104],[11.6705,55.9103],[11.6705,55.9102],[11.6704,55.9101],[11.6701,55.9101],[11.67,55.91],[11.6701,55.9098],[11.6703,55.9097],[11.6703,55.9096],[11.6696,55.9098],[11.6694,55.9106],[11.6695,55.9114],[11.6696,55.9117],[11.672,55.9116],[11.6722,55.9119],[11.6695,55.912],[11.6692,55.9121],[11.6737,55.913],[11.6738,55.9129],[11.6738,55.9128],[11.674,55.9125],[11.6741,55.9125],[11.6738,55.9124],[11.6731,55.9119],[11.6729,55.9118]],[[11.671,55.9108],[11.671,55.9108],[11.6709,55.9111],[11.6707,55.911],[11.6704,55.9109],[11.6704,55.9107],[11.6705,55.9107],[11.6706,55.9107],[11.671,55.9108]]]},"properties":{"sourceId":"ais_par3.22910","a_type":4210,"hectares":4.276}},{"type":"Feature","id":"ais_par3.22911","geometry":{"type":"Polygon","coordinates":[[[11.7345,55.8995],[11.7347,55.8996],[11.7352,55.8997],[11.7356,55.8997],[11.7362,55.8999],[11.737,55.9002],[11.7376,55.9006],[11.738,55.9008],[11.7384,55.9009],[11.7386,55.9008],[11.738,55.9004],[11.7377,55.9002],[11.7367,55.8999],[11.7358,55.8995],[11.7348,55.8993],[11.7345,55.8993],[11.7345,55.8995]]]},"properties":{"sourceId":"ais_par3.22911","a_type":4210,"hectares":0.781}},{"type":"Feature","id":"ais_par3.22912","geometry":{"type":"Polygon","coordinates":[[[11.7457,55.9031],[11.7456,55.9032],[11.7456,55.9033],[11.7458,55.9034],[11.7457,55.9035],[11.7457,55.9037],[11.746,55.9039],[11.747,55.9042],[11.748,55.9046],[11.7487,55.9049],[11.7493,55.9051],[11.75,55.9054],[11.7507,55.9057],[11.7515,55.9065],[11.7522,55.9063],[11.7519,55.906],[11.751,55.9054],[11.7506,55.905],[11.7505,55.9048],[11.7505,55.9046],[11.7498,55.9043],[11.7493,55.9041],[11.7489,55.9039],[11.7486,55.9037],[11.7481,55.9037],[11.7475,55.9037],[11.747,55.9036],[11.7463,55.9032],[11.7457,55.9031]]]},"properties":{"sourceId":"ais_par3.22912","a_type":4210,"hectares":3.475}},{"type":"Feature","id":"ais_par3.22913","geometry":{"type":"Polygon","coordinates":[[[11.7073,55.9494],[11.7125,55.951],[11.717,55.9524],[11.7173,55.9521],[11.7152,55.9514],[11.7145,55.951],[11.7143,55.951],[11.7138,55.9507],[11.7129,55.9503],[11.7128,55.9506],[11.7103,55.9498],[11.7103,55.9496],[11.7096,55.9496],[11.7074,55.949],[11.7075,55.9489],[11.7071,55.9488],[11.7071,55.949],[11.7071,55.9491],[11.7068,55.9491],[11.7044,55.9485],[11.7043,55.9484],[11.7043,55.9483],[11.7026,55.9479],[11.7025,55.9476],[11.7007,55.9471],[11.6928,55.9454],[11.6895,55.9451],[11.6891,55.9452],[11.6883,55.9452],[11.6868,55.9451],[11.6849,55.9449],[11.6836,55.9447],[11.6823,55.9448],[11.6811,55.9447],[11.6802,55.9447],[11.6798,55.9448],[11.6788,55.9448],[11.6774,55.9447],[11.6754,55.9445],[11.6754,55.9443],[11.6746,55.9441],[11.6746,55.9439],[11.6729,55.9434],[11.6716,55.943],[11.6693,55.9425],[11.6686,55.9425],[11.6675,55.9423],[11.6662,55.9419],[11.6655,55.9417],[11.6642,55.9414],[11.6632,55.9411],[11.6631,55.941],[11.6628,55.9408],[11.662,55.9405],[11.6622,55.9402],[11.6627,55.9397],[11.6623,55.9397],[11.6619,55.9398],[11.6615,55.9402],[11.6613,55.9406],[11.6611,55.9407],[11.661,55.9407],[11.6608,55.9406],[11.6604,55.9405],[11.6589,55.94],[11.6594,55.9394],[11.6589,55.9394],[11.6585,55.9398],[11.6566,55.9395],[11.6542,55.939],[11.6534,55.939],[11.6533,55.9392],[11.6515,55.9388],[11.6516,55.9387],[11.6497,55.9384],[11.6492,55.9384],[11.6485,55.9384],[11.6482,55.9385],[11.6475,55.9384],[11.6475,55.9383],[11.6467,55.9382],[11.6468,55.9377],[11.647,55.9367],[11.6427,55.9367],[11.6426,55.9374],[11.6424,55.9378],[11.6422,55.938],[11.6417,55.9381],[11.6409,55.938],[11.6402,55.938],[11.6397,55.9381],[11.639,55.9381],[11.6384,55.9381],[11.6383,55.9375],[11.6378,55.9375],[11.6372,55.9374],[11.6364,55.9374],[11.6361,55.9374],[11.6361,55.9378],[11.6361,55.9379],[11.6351,55.938],[11.6349,55.938],[11.6345,55.938],[11.6342,55.9375],[11.6339,55.9375],[11.6336,55.9376],[11.6338,55.9382],[11.6338,55.9384],[11.6332,55.9385],[11.6326,55.9386],[11.6322,55.9385],[11.6321,55.9382],[11.632,55.9379],[11.6319,55.9378],[11.6318,55.9378],[11.6317,55.9379],[11.6314,55.938],[11.6322,55.9389],[11.6348,55.9385],[11.6358,55.9385],[11.6376,55.9386],[11.6399,55.9385],[11.6415,55.9386],[11.6444,55.9386],[11.6465,55.9387],[11.6474,55.9388],[11.6495,55.939],[11.6516,55.9393],[11.6533,55.9395],[11.6553,55.9399],[11.6573,55.9403],[11.6594,55.9406],[11.6616,55.941],[11.6628,55.9415],[11.6659,55.9426],[11.6686,55.9433],[11.6711,55.944],[11.6729,55.9444],[11.6752,55.9448],[11.6769,55.945],[11.6797,55.9452],[11.6837,55.9454],[11.6895,55.946],[11.6905,55.9461],[11.6958,55.9469],[11.7006,55.9478],[11.7036,55.9485],[11.7073,55.9494]]]},"properties":{"sourceId":"ais_par3.22913","a_type":4210,"hectares":42.498}},{"type":"Feature","id":"ais_par3.23023","geometry":{"type":"Polygon","coordinates":[[[11.6927,55.9141],[11.6928,55.9137],[11.6927,55.9137],[11.6923,55.9137],[11.6922,55.9135],[11.6921,55.9134],[11.6916,55.9135],[11.6911,55.9132],[11.6908,55.9129],[11.6902,55.9124],[11.6893,55.9119],[11.689,55.9124],[11.6899,55.9128],[11.6906,55.9134],[11.6906,55.9138],[11.6912,55.9143],[11.6921,55.9143],[11.6927,55.9141]]]},"properties":{"sourceId":"ais_par3.23023","a_type":4210,"hectares":1.957}},{"type":"Feature","id":"ais_par3.23030","geometry":{"type":"Polygon","coordinates":[[[11.697,55.9153],[11.6969,55.9152],[11.6969,55.9151],[11.6969,55.9151],[11.6971,55.9151],[11.6969,55.9148],[11.6938,55.9143],[11.6927,55.9141],[11.6926,55.9148],[11.696,55.9156],[11.6968,55.9157],[11.6966,55.9163],[11.6965,55.9167],[11.6968,55.9169],[11.6975,55.917],[11.6984,55.9167],[11.6974,55.9155],[11.6973,55.9153],[11.6972,55.9153],[11.697,55.9153]],[[11.6977,55.9166],[11.6975,55.9166],[11.6973,55.9166],[11.6971,55.9165],[11.6972,55.9162],[11.6974,55.9162],[11.6975,55.9162],[11.6976,55.9162],[11.6976,55.9163],[11.6977,55.9166]]]},"properties":{"sourceId":"ais_par3.23030","a_type":4210,"hectares":3.698}},{"type":"Feature","id":"ais_par3.23244","geometry":{"type":"Polygon","coordinates":[[[11.7642,55.9638],[11.764,55.9638],[11.7639,55.9638],[11.7639,55.9639],[11.764,55.964],[11.7641,55.964],[11.7642,55.9639],[11.7643,55.9639],[11.7642,55.9638]]]},"properties":{"sourceId":"ais_par3.23244","a_type":5120,"hectares":0.035}},{"type":"Feature","id":"ais_par3.23245","geometry":{"type":"Polygon","coordinates":[[[11.7615,55.9624],[11.7613,55.9625],[11.7612,55.9625],[11.7612,55.9626],[11.7613,55.9627],[11.7614,55.9627],[11.7615,55.9626],[11.7616,55.9625],[11.7616,55.9624],[11.7615,55.9624]]]},"properties":{"sourceId":"ais_par3.23245","a_type":5120,"hectares":0.049}},{"type":"Feature","id":"ais_par3.23246","geometry":{"type":"Polygon","coordinates":[[[11.7668,55.9691],[11.7668,55.9691],[11.7668,55.9692],[11.7669,55.9691],[11.7668,55.9691]]]},"properties":{"sourceId":"ais_par3.23246","a_type":5120,"hectares":0.005}},{"type":"Feature","id":"ais_par3.23247","geometry":{"type":"Polygon","coordinates":[[[11.763,55.959],[11.7629,55.9592],[11.7629,55.9594],[11.763,55.9594],[11.7632,55.9593],[11.7633,55.9592],[11.7633,55.9591],[11.763,55.959]]]},"properties":{"sourceId":"ais_par3.23247","a_type":5120,"hectares":0.08}},{"type":"Feature","id":"ais_par3.23248","geometry":{"type":"Polygon","coordinates":[[[11.7636,55.9569],[11.7629,55.957],[11.763,55.9573],[11.7632,55.9573],[11.7637,55.9572],[11.7638,55.9571],[11.7636,55.9569]]]},"properties":{"sourceId":"ais_par3.23248","a_type":5120,"hectares":0.165}},{"type":"Feature","id":"ais_par3.23249","geometry":{"type":"Polygon","coordinates":[[[11.7541,55.9684],[11.7539,55.9683],[11.7537,55.9682],[11.7535,55.9681],[11.7533,55.9681],[11.7532,55.9682],[11.7531,55.9684],[11.7529,55.9684],[11.7528,55.9685],[11.7529,55.9687],[11.7532,55.9687],[11.7536,55.9687],[11.754,55.9688],[11.7543,55.9688],[11.7545,55.9689],[11.7544,55.9689],[11.7541,55.9689],[11.7538,55.9689],[11.7535,55.9688],[11.7532,55.9689],[11.7532,55.969],[11.7534,55.9691],[11.7538,55.9692],[11.7548,55.9694],[11.7552,55.9695],[11.7553,55.9696],[11.7554,55.9699],[11.7557,55.97],[11.7562,55.9701],[11.7564,55.9699],[11.7568,55.9699],[11.7574,55.97],[11.7577,55.9698],[11.7578,55.9696],[11.7575,55.9693],[11.757,55.969],[11.7565,55.969],[11.756,55.9689],[11.7556,55.9688],[11.7551,55.9685],[11.7549,55.9684],[11.7541,55.9684]]]},"properties":{"sourceId":"ais_par3.23249","a_type":5120,"hectares":2.911}},{"type":"Feature","id":"ais_par3.23250","geometry":{"type":"Polygon","coordinates":[[[11.7453,55.9664],[11.7456,55.9664],[11.7463,55.9663],[11.7472,55.9662],[11.7482,55.9659],[11.7489,55.9655],[11.7494,55.9649],[11.7492,55.9648],[11.7491,55.9647],[11.7491,55.9644],[11.7492,55.9639],[11.7491,55.9635],[11.7491,55.9631],[11.7492,55.9628],[11.749,55.9623],[11.7487,55.9618],[11.7482,55.9614],[11.7478,55.9612],[11.7472,55.961],[11.7469,55.9609],[11.7466,55.9609],[11.7463,55.9609],[11.7462,55.9608],[11.746,55.9608],[11.7456,55.961],[11.7453,55.961],[11.7449,55.9612],[11.7446,55.9612],[11.7443,55.9615],[11.7438,55.9617],[11.7437,55.9618],[11.7436,55.962],[11.7434,55.9624],[11.743,55.9627],[11.743,55.963],[11.7434,55.9635],[11.7437,55.9639],[11.7439,55.9643],[11.7438,55.9647],[11.7439,55.9649],[11.7443,55.9653],[11.7445,55.9659],[11.7449,55.9663],[11.7453,55.9664]]]},"properties":{"sourceId":"ais_par3.23250","a_type":5120,"hectares":18.389}},{"type":"Feature","id":"ais_par3.23251","geometry":{"type":"Polygon","coordinates":[[[11.7591,55.9609],[11.7592,55.9607],[11.7592,55.9607],[11.7591,55.9606],[11.759,55.9605],[11.7587,55.9606],[11.7585,55.9606],[11.7584,55.9607],[11.7586,55.9607],[11.7588,55.9608],[11.7591,55.9609]]]},"properties":{"sourceId":"ais_par3.23251","a_type":5120,"hectares":0.113}},{"type":"Feature","id":"ais_par3.23252","geometry":{"type":"Polygon","coordinates":[[[11.7558,55.9623],[11.7557,55.9623],[11.7556,55.9623],[11.7554,55.9623],[11.755,55.9624],[11.7549,55.9625],[11.7549,55.9627],[11.7551,55.9627],[11.7553,55.9627],[11.7555,55.9626],[11.7558,55.9625],[11.7558,55.9623]]]},"properties":{"sourceId":"ais_par3.23252","a_type":5120,"hectares":0.18}},{"type":"Feature","id":"ais_par3.23253","geometry":{"type":"Polygon","coordinates":[[[11.7596,55.9637],[11.7596,55.9636],[11.7595,55.9635],[11.7594,55.9635],[11.7594,55.9636],[11.7594,55.9637],[11.7594,55.9637],[11.7596,55.9637]]]},"properties":{"sourceId":"ais_par3.23253","a_type":5120,"hectares":0.018}},{"type":"Feature","id":"ais_par3.23254","geometry":{"type":"Polygon","coordinates":[[[11.7386,55.9384],[11.7388,55.9386],[11.7389,55.9386],[11.7391,55.9386],[11.7393,55.9386],[11.7395,55.9384],[11.7395,55.9383],[11.7395,55.9382],[11.7393,55.9382],[11.7389,55.9383],[11.7386,55.9384]]]},"properties":{"sourceId":"ais_par3.23254","a_type":5120,"hectares":0.176}},{"type":"Feature","id":"ais_par3.23255","geometry":{"type":"Polygon","coordinates":[[[11.7356,55.934],[11.7353,55.9341],[11.7352,55.9342],[11.7352,55.9342],[11.7354,55.9343],[11.7357,55.9342],[11.7359,55.9341],[11.736,55.9339],[11.736,55.9338],[11.7359,55.9338],[11.7357,55.9338],[11.7356,55.9338],[11.7356,55.934]]]},"properties":{"sourceId":"ais_par3.23255","a_type":5120,"hectares":0.144}},{"type":"Feature","id":"ais_par3.23256","geometry":{"type":"Polygon","coordinates":[[[11.7386,55.934],[11.7385,55.9341],[11.7385,55.9342],[11.7386,55.9342],[11.7388,55.9342],[11.7389,55.9342],[11.7389,55.934],[11.7386,55.934]]]},"properties":{"sourceId":"ais_par3.23256","a_type":5120,"hectares":0.057}},{"type":"Feature","id":"ais_par3.23257","geometry":{"type":"Polygon","coordinates":[[[11.7418,55.9329],[11.7415,55.9329],[11.7413,55.933],[11.7413,55.933],[11.7414,55.9331],[11.7416,55.9331],[11.7418,55.9331],[11.7418,55.933],[11.7419,55.933],[11.7418,55.9329]]]},"properties":{"sourceId":"ais_par3.23257","a_type":5120,"hectares":0.063}},{"type":"Feature","id":"ais_par3.23258","geometry":{"type":"Polygon","coordinates":[[[11.7426,55.9292],[11.7423,55.9292],[11.7423,55.9293],[11.7424,55.9294],[11.7426,55.9293],[11.7427,55.9292],[11.7426,55.9292]]]},"properties":{"sourceId":"ais_par3.23258","a_type":5120,"hectares":0.032}},{"type":"Feature","id":"ais_par3.23259","geometry":{"type":"Polygon","coordinates":[[[11.7476,55.9264],[11.7474,55.9263],[11.7473,55.9264],[11.7473,55.9264],[11.7474,55.9265],[11.7476,55.9265],[11.7476,55.9265],[11.7476,55.9264]]]},"properties":{"sourceId":"ais_par3.23259","a_type":5120,"hectares":0.031}},{"type":"Feature","id":"ais_par3.23260","geometry":{"type":"Polygon","coordinates":[[[11.7441,55.9218],[11.7442,55.9216],[11.7444,55.9212],[11.7444,55.9211],[11.7441,55.9211],[11.7439,55.9211],[11.7437,55.9212],[11.7435,55.9212],[11.7433,55.9212],[11.7432,55.9214],[11.7434,55.9218],[11.7439,55.9218],[11.7441,55.9218]],[[11.744,55.9217],[11.7438,55.9217],[11.7437,55.9216],[11.7436,55.9216],[11.7436,55.9215],[11.7436,55.9213],[11.7437,55.9213],[11.7439,55.9212],[11.7441,55.9212],[11.7442,55.9212],[11.7442,55.9213],[11.7441,55.9214],[11.7441,55.9215],[11.744,55.9217]]]},"properties":{"sourceId":"ais_par3.23260","a_type":5120,"hectares":0.309}},{"type":"Feature","id":"ais_par3.23261","geometry":{"type":"Polygon","coordinates":[[[11.741,55.9166],[11.741,55.9166],[11.741,55.9166],[11.741,55.9165],[11.741,55.9164],[11.7409,55.9164],[11.7406,55.9164],[11.7404,55.9165],[11.7404,55.9166],[11.7403,55.9167],[11.7404,55.9167],[11.7406,55.9167],[11.7406,55.9167],[11.7408,55.9167],[11.7411,55.9167],[11.7413,55.9167],[11.7414,55.9166],[11.7414,55.9165],[11.7414,55.9165],[11.7412,55.9166],[11.7411,55.9166],[11.741,55.9166]]]},"properties":{"sourceId":"ais_par3.23261","a_type":5120,"hectares":0.151}},{"type":"Feature","id":"ais_par3.23262","geometry":{"type":"Polygon","coordinates":[[[11.7404,55.9163],[11.7406,55.9163],[11.7406,55.9162],[11.7408,55.9161],[11.741,55.9161],[11.7412,55.916],[11.7412,55.9158],[11.7414,55.9156],[11.7412,55.9155],[11.7409,55.9156],[11.7408,55.9155],[11.7407,55.9156],[11.7405,55.9157],[11.7405,55.9159],[11.7406,55.916],[11.7405,55.916],[11.7404,55.916],[11.7403,55.9161],[11.7401,55.9161],[11.7398,55.9162],[11.7398,55.9163],[11.7399,55.9164],[11.7401,55.9164],[11.7404,55.9163]]]},"properties":{"sourceId":"ais_par3.23262","a_type":5120,"hectares":0.401}},{"type":"Feature","id":"ais_par3.23281","geometry":{"type":"Polygon","coordinates":[[[11.6973,55.9153],[11.6971,55.9151],[11.6969,55.9151],[11.6969,55.9151],[11.6969,55.9152],[11.697,55.9153],[11.6972,55.9153],[11.6973,55.9153]]]},"properties":{"sourceId":"ais_par3.23281","a_type":5120,"hectares":0.048}},{"type":"Feature","id":"ais_par3.23263","geometry":{"type":"Polygon","coordinates":[[[11.7434,55.9179],[11.7436,55.9181],[11.7437,55.9181],[11.7438,55.9181],[11.7441,55.9181],[11.7444,55.918],[11.7448,55.918],[11.7451,55.9179],[11.7453,55.9179],[11.7454,55.9178],[11.7454,55.9177],[11.7453,55.9176],[11.7452,55.9176],[11.7451,55.9176],[11.7449,55.9176],[11.7447,55.9177],[11.7444,55.9178],[11.7441,55.9178],[11.7437,55.9178],[11.7434,55.9179]],[[11.7437,55.9181],[11.7435,55.918],[11.7435,55.9179],[11.7437,55.9179],[11.744,55.9178],[11.7446,55.9178],[11.7448,55.9177],[11.745,55.9177],[11.7452,55.9177],[11.7453,55.9177],[11.7453,55.9177],[11.7453,55.9178],[11.745,55.9179],[11.7447,55.9179],[11.7444,55.918],[11.7441,55.918],[11.7438,55.9181],[11.7437,55.9181]]]},"properties":{"sourceId":"ais_par3.23263","a_type":5120,"hectares":0.15}},{"type":"Feature","id":"ais_par3.23264","geometry":{"type":"Polygon","coordinates":[[[11.7443,55.9158],[11.7444,55.9157],[11.7444,55.9157],[11.7443,55.9157],[11.7442,55.9157],[11.7443,55.9157],[11.7443,55.9158]]]},"properties":{"sourceId":"ais_par3.23264","a_type":5120,"hectares":0.008}},{"type":"Feature","id":"ais_par3.23265","geometry":{"type":"Polygon","coordinates":[[[11.7471,55.9124],[11.7471,55.9123],[11.747,55.9122],[11.747,55.9122],[11.7468,55.9123],[11.7468,55.9124],[11.747,55.9124],[11.7471,55.9124]]]},"properties":{"sourceId":"ais_par3.23265","a_type":5120,"hectares":0.031}},{"type":"Feature","id":"ais_par3.23266","geometry":{"type":"Polygon","coordinates":[[[11.7505,55.9131],[11.7504,55.9131],[11.7503,55.9131],[11.7502,55.9132],[11.7502,55.9132],[11.7502,55.9133],[11.7504,55.9133],[11.7505,55.9132],[11.7505,55.9131]]]},"properties":{"sourceId":"ais_par3.23266","a_type":5120,"hectares":0.029}},{"type":"Feature","id":"ais_par3.23267","geometry":{"type":"Polygon","coordinates":[[[11.749,55.9113],[11.7493,55.9113],[11.7494,55.9112],[11.7495,55.9111],[11.7493,55.9111],[11.7491,55.911],[11.749,55.9111],[11.7489,55.9111],[11.7489,55.9113],[11.749,55.9113]]]},"properties":{"sourceId":"ais_par3.23267","a_type":5120,"hectares":0.087}},{"type":"Feature","id":"ais_par3.23268","geometry":{"type":"Polygon","coordinates":[[[11.7446,55.9081],[11.7447,55.908],[11.7446,55.9079],[11.7446,55.9078],[11.7445,55.9077],[11.7443,55.9077],[11.744,55.9077],[11.7439,55.9078],[11.744,55.9079],[11.7442,55.9081],[11.7446,55.9081]],[[11.7444,55.908],[11.7442,55.9079],[11.7441,55.9079],[11.7441,55.9078],[11.7442,55.9078],[11.7443,55.9078],[11.7443,55.9078],[11.7444,55.9079],[11.7444,55.908]]]},"properties":{"sourceId":"ais_par3.23268","a_type":5120,"hectares":0.127}},{"type":"Feature","id":"ais_par3.23269","geometry":{"type":"Polygon","coordinates":[[[11.7469,55.9078],[11.747,55.9078],[11.747,55.9078],[11.747,55.9077],[11.7469,55.9076],[11.7468,55.9076],[11.7468,55.9077],[11.7468,55.9077],[11.7469,55.9078]]]},"properties":{"sourceId":"ais_par3.23269","a_type":5120,"hectares":0.015}},{"type":"Feature","id":"ais_par3.23270","geometry":{"type":"Polygon","coordinates":[[[11.747,55.9075],[11.7471,55.9075],[11.7471,55.9074],[11.747,55.9074],[11.7469,55.9073],[11.7468,55.9074],[11.7468,55.9074],[11.7469,55.9075],[11.747,55.9075]]]},"properties":{"sourceId":"ais_par3.23270","a_type":5120,"hectares":0.018}},{"type":"Feature","id":"ais_par3.23271","geometry":{"type":"Polygon","coordinates":[[[11.7469,55.9073],[11.7471,55.9072],[11.7471,55.9072],[11.7471,55.9071],[11.747,55.9071],[11.7469,55.907],[11.7468,55.907],[11.7468,55.907],[11.7468,55.9071],[11.7469,55.9071],[11.7469,55.9072],[11.7469,55.9072],[11.7469,55.9073]]]},"properties":{"sourceId":"ais_par3.23271","a_type":5120,"hectares":0.027}},{"type":"Feature","id":"ais_par3.23272","geometry":{"type":"Polygon","coordinates":[[[11.7141,55.9208],[11.7142,55.9212],[11.7143,55.9212],[11.7145,55.9212],[11.7147,55.9214],[11.7148,55.9214],[11.7149,55.9214],[11.7153,55.9215],[11.7155,55.9214],[11.7159,55.921],[11.716,55.9208],[11.7161,55.9208],[11.7164,55.9207],[11.7166,55.9206],[11.7168,55.9206],[11.7169,55.9205],[11.7169,55.9203],[11.7169,55.9201],[11.7167,55.9201],[11.7161,55.9202],[11.7159,55.9203],[11.7158,55.9205],[11.7156,55.9206],[11.7155,55.9205],[11.7152,55.9205],[11.715,55.9206],[11.7147,55.9207],[11.7145,55.9207],[11.7143,55.9207],[11.7142,55.9208],[11.7141,55.9208]]]},"properties":{"sourceId":"ais_par3.23272","a_type":5120,"hectares":1.226}},{"type":"Feature","id":"ais_par3.23273","geometry":{"type":"Polygon","coordinates":[[[11.7189,55.9201],[11.7189,55.92],[11.7188,55.92],[11.7186,55.9199],[11.7186,55.9198],[11.7187,55.9196],[11.7188,55.9194],[11.7186,55.9191],[11.7185,55.919],[11.7184,55.9191],[11.7183,55.9192],[11.7183,55.9195],[11.7184,55.9197],[11.7183,55.9199],[11.7182,55.9201],[11.7182,55.9202],[11.7183,55.9202],[11.7184,55.9201],[11.7186,55.92],[11.7189,55.9201]]]},"properties":{"sourceId":"ais_par3.23273","a_type":5120,"hectares":0.273}},{"type":"Feature","id":"ais_par3.23274","geometry":{"type":"Polygon","coordinates":[[[11.717,55.9186],[11.7172,55.9187],[11.7173,55.9186],[11.7176,55.9185],[11.7176,55.9183],[11.7176,55.9182],[11.7176,55.9182],[11.7177,55.9181],[11.7179,55.918],[11.7178,55.9178],[11.7177,55.9178],[11.7176,55.9176],[11.7176,55.9176],[11.7175,55.9175],[11.7175,55.9174],[11.7172,55.9174],[11.7171,55.9175],[11.717,55.9175],[11.717,55.9174],[11.7169,55.9175],[11.717,55.9178],[11.7171,55.918],[11.7171,55.9183],[11.717,55.9186]],[[11.7172,55.9185],[11.7172,55.9181],[11.7171,55.9176],[11.7173,55.9176],[11.7175,55.9179],[11.7174,55.9182],[11.7174,55.9186],[11.7172,55.9185]]]},"properties":{"sourceId":"ais_par3.23274","a_type":5120,"hectares":0.366}},{"type":"Feature","id":"ais_par3.23275","geometry":{"type":"Polygon","coordinates":[[[11.7182,55.9183],[11.718,55.9184],[11.7176,55.9189],[11.7175,55.919],[11.7173,55.9191],[11.7173,55.9193],[11.7172,55.9193],[11.717,55.9194],[11.7171,55.9196],[11.7173,55.9196],[11.7173,55.9197],[11.7175,55.9198],[11.7175,55.9199],[11.7176,55.92],[11.7178,55.92],[11.718,55.92],[11.7181,55.9199],[11.7181,55.9198],[11.718,55.9197],[11.7178,55.9198],[11.7177,55.9198],[11.7176,55.9197],[11.7177,55.9195],[11.7178,55.9194],[11.7179,55.9193],[11.718,55.9191],[11.718,55.9189],[11.7181,55.9188],[11.7181,55.9186],[11.7182,55.9184],[11.7182,55.9183]]]},"properties":{"sourceId":"ais_par3.23275","a_type":5120,"hectares":0.536}},{"type":"Feature","id":"ais_par3.23276","geometry":{"type":"Polygon","coordinates":[[[11.7124,55.9183],[11.7128,55.9186],[11.713,55.9189],[11.7136,55.9195],[11.714,55.92],[11.714,55.9203],[11.7141,55.9206],[11.7145,55.9206],[11.715,55.9204],[11.7153,55.9204],[11.7158,55.9203],[11.7159,55.9201],[11.7163,55.92],[11.7162,55.92],[11.7161,55.9199],[11.7159,55.9199],[11.7158,55.9198],[11.7159,55.9196],[11.7161,55.9196],[11.7161,55.9195],[11.7161,55.9193],[11.7161,55.9191],[11.7163,55.919],[11.7166,55.919],[11.7167,55.9188],[11.7167,55.9186],[11.7168,55.9185],[11.7169,55.9183],[11.7168,55.918],[11.7166,55.9179],[11.7165,55.9177],[11.7163,55.9176],[11.7161,55.9176],[11.7159,55.9176],[11.7158,55.9175],[11.7158,55.9173],[11.7157,55.9173],[11.7156,55.9174],[11.7155,55.9175],[11.7154,55.9176],[11.7153,55.9177],[11.7153,55.9178],[11.7151,55.9179],[11.7149,55.9181],[11.715,55.9183],[11.7148,55.9183],[11.7148,55.9184],[11.7146,55.9184],[11.7143,55.9184],[11.714,55.9184],[11.7137,55.9183],[11.7137,55.9182],[11.7134,55.9181],[11.7134,55.918],[11.7134,55.9179],[11.7124,55.9183]]]},"properties":{"sourceId":"ais_par3.23276","a_type":5120,"hectares":5.13}},{"type":"Feature","id":"ais_par3.23277","geometry":{"type":"Polygon","coordinates":[[[11.7151,55.9238],[11.7153,55.9238],[11.7154,55.9237],[11.7155,55.9237],[11.7155,55.9236],[11.7155,55.9234],[11.7155,55.9233],[11.7156,55.9231],[11.7157,55.9231],[11.7158,55.9232],[11.7157,55.9233],[11.7158,55.9234],[11.7158,55.9233],[11.716,55.9232],[11.7161,55.9231],[11.7162,55.923],[11.7165,55.9229],[11.7167,55.9229],[11.7167,55.9231],[11.7166,55.9233],[11.7163,55.9235],[11.7162,55.9237],[11.7161,55.9238],[11.7162,55.9238],[11.7164,55.9236],[11.7166,55.9235],[11.7168,55.9234],[11.717,55.9233],[11.717,55.9232],[11.7172,55.9231],[11.7172,55.923],[11.7174,55.9229],[11.7177,55.9228],[11.7178,55.9226],[11.7178,55.9225],[11.7178,55.9224],[11.7177,55.9224],[11.7176,55.9225],[11.7175,55.9225],[11.7174,55.9226],[11.7173,55.9225],[11.7172,55.9224],[11.7174,55.9223],[11.7176,55.9222],[11.7175,55.9222],[11.7174,55.9222],[11.7173,55.9222],[11.7172,55.9222],[11.7171,55.9222],[11.717,55.9221],[11.7171,55.922],[11.717,55.9219],[11.7169,55.9219],[11.7169,55.922],[11.7165,55.922],[11.7164,55.922],[11.7163,55.922],[11.7161,55.922],[11.7155,55.922],[11.715,55.9221],[11.7146,55.9221],[11.7144,55.922],[11.7144,55.9221],[11.7145,55.9224],[11.7146,55.923],[11.7147,55.9234],[11.7149,55.9236],[11.7151,55.9238]]]},"properties":{"sourceId":"ais_par3.23277","a_type":5120,"hectares":2.631}},{"type":"Feature","id":"ais_par3.23278","geometry":{"type":"Polygon","coordinates":[[[11.7329,55.9234],[11.7329,55.9232],[11.7327,55.9232],[11.7326,55.9232],[11.7321,55.9233],[11.732,55.9235],[11.7322,55.9235],[11.7325,55.9235],[11.7329,55.9234]]]},"properties":{"sourceId":"ais_par3.23278","a_type":5120,"hectares":0.128}},{"type":"Feature","id":"ais_par3.23279","geometry":{"type":"Polygon","coordinates":[[[11.7189,55.9226],[11.7191,55.9227],[11.7191,55.9226],[11.7192,55.9225],[11.7191,55.9224],[11.719,55.9224],[11.7189,55.9225],[11.7189,55.9226],[11.7189,55.9226]]]},"properties":{"sourceId":"ais_par3.23279","a_type":5120,"hectares":0.04}},{"type":"Feature","id":"ais_par3.23280","geometry":{"type":"Polygon","coordinates":[[[11.6925,55.9144],[11.692,55.9145],[11.6916,55.9146],[11.6915,55.9147],[11.6919,55.9147],[11.6925,55.9145],[11.6925,55.9144]]]},"properties":{"sourceId":"ais_par3.23280","a_type":5120,"hectares":0.066}},{"type":"Feature","id":"ais_par3.23286","geometry":{"type":"Polygon","coordinates":[[[11.7293,55.9251],[11.7294,55.9249],[11.7293,55.9248],[11.7291,55.9248],[11.729,55.9248],[11.7288,55.9248],[11.7288,55.925],[11.7289,55.925],[11.7292,55.9251],[11.7293,55.9251]]]},"properties":{"sourceId":"ais_par3.23286","a_type":5120,"hectares":0.101}},{"type":"Feature","id":"ais_par3.23287","geometry":{"type":"Polygon","coordinates":[[[11.7122,55.9184],[11.7121,55.9185],[11.7121,55.9186],[11.7121,55.9187],[11.7119,55.9187],[11.7117,55.9188],[11.7117,55.919],[11.7119,55.9191],[11.7119,55.9192],[11.7116,55.9194],[11.7113,55.9194],[11.7114,55.9195],[11.7114,55.9197],[11.7116,55.9199],[11.7118,55.9199],[11.7119,55.92],[11.7119,55.9202],[11.7115,55.9204],[11.7113,55.9204],[11.7112,55.9206],[11.7111,55.9207],[11.7111,55.9209],[11.7113,55.921],[11.7114,55.9215],[11.7116,55.9221],[11.712,55.9228],[11.7123,55.9232],[11.7124,55.9236],[11.7125,55.924],[11.7123,55.9246],[11.7122,55.9249],[11.712,55.9252],[11.712,55.9257],[11.7121,55.9261],[11.7121,55.9264],[11.7123,55.9266],[11.7124,55.9269],[11.7125,55.9273],[11.7128,55.9277],[11.713,55.928],[11.7131,55.9282],[11.7132,55.9285],[11.7134,55.9286],[11.7135,55.9286],[11.7137,55.9285],[11.7143,55.9284],[11.7143,55.9283],[11.7142,55.928],[11.7144,55.9277],[11.7146,55.9273],[11.7153,55.9272],[11.7154,55.9271],[11.7151,55.9268],[11.7151,55.9265],[11.7147,55.9264],[11.7145,55.9265],[11.7143,55.9267],[11.7141,55.9268],[11.7141,55.9266],[11.7141,55.9264],[11.7141,55.9261],[11.7144,55.926],[11.7145,55.926],[11.7147,55.926],[11.7149,55.9259],[11.7149,55.9256],[11.7147,55.9251],[11.7147,55.9247],[11.7145,55.9245],[11.7144,55.9243],[11.7145,55.9237],[11.7143,55.9225],[11.714,55.9218],[11.714,55.9214],[11.7139,55.9209],[11.7137,55.9204],[11.7138,55.9201],[11.7136,55.9197],[11.7129,55.919],[11.7122,55.9184]]]},"properties":{"sourceId":"ais_par3.23287","a_type":5120,"hectares":14.919}},{"type":"Feature","id":"ais_par3.23288","geometry":{"type":"Polygon","coordinates":[[[11.7149,55.9286],[11.7151,55.929],[11.7153,55.9291],[11.7155,55.9292],[11.7157,55.9291],[11.7157,55.929],[11.716,55.9289],[11.7162,55.929],[11.7164,55.929],[11.7164,55.9291],[11.7162,55.9292],[11.716,55.9291],[11.7158,55.9292],[11.7158,55.9293],[11.7159,55.9294],[11.7163,55.9294],[11.7166,55.9294],[11.7167,55.9293],[11.7169,55.9292],[11.717,55.9291],[11.7169,55.9289],[11.7169,55.9288],[11.7171,55.9287],[11.7173,55.9287],[11.7173,55.9286],[11.717,55.9286],[11.7168,55.9287],[11.7165,55.9286],[11.7162,55.9285],[11.7161,55.9286],[11.7159,55.9287],[11.7157,55.9287],[11.7154,55.9286],[11.7149,55.9286]]]},"properties":{"sourceId":"ais_par3.23288","a_type":5120,"hectares":0.798}},{"type":"Feature","id":"ais_par3.23289","geometry":{"type":"Polygon","coordinates":[[[11.7269,55.9298],[11.7266,55.9299],[11.7266,55.93],[11.7267,55.9301],[11.7269,55.9302],[11.727,55.9302],[11.7271,55.9301],[11.7271,55.93],[11.727,55.9299],[11.7269,55.9298]]]},"properties":{"sourceId":"ais_par3.23289","a_type":5120,"hectares":0.098}},{"type":"Feature","id":"ais_par3.23290","geometry":{"type":"Polygon","coordinates":[[[11.7098,55.9127],[11.707,55.9131],[11.7067,55.9131],[11.7063,55.9132],[11.7049,55.9135],[11.7033,55.9137],[11.7029,55.9137],[11.6991,55.9144],[11.6987,55.9146],[11.698,55.9147],[11.6974,55.9148],[11.6972,55.9149],[11.6974,55.9152],[11.6978,55.9157],[11.6983,55.9163],[11.6988,55.9169],[11.6993,55.9169],[11.6998,55.9168],[11.7007,55.9169],[11.7016,55.917],[11.7025,55.9173],[11.7033,55.9175],[11.7045,55.9178],[11.7052,55.9179],[11.7053,55.9178],[11.7054,55.9178],[11.7055,55.918],[11.7063,55.9182],[11.7068,55.9182],[11.7079,55.9183],[11.7077,55.9181],[11.7076,55.918],[11.7076,55.9174],[11.7079,55.9173],[11.7086,55.9175],[11.7091,55.9175],[11.7092,55.9177],[11.7093,55.9182],[11.7102,55.9184],[11.7105,55.9186],[11.7102,55.9187],[11.7108,55.9188],[11.7122,55.9182],[11.713,55.9179],[11.7137,55.9175],[11.7144,55.9173],[11.7152,55.917],[11.7148,55.9167],[11.715,55.9165],[11.7155,55.9164],[11.7156,55.9163],[11.7153,55.9161],[11.715,55.916],[11.715,55.9155],[11.7146,55.9151],[11.7134,55.9144],[11.712,55.9136],[11.7104,55.9128],[11.7098,55.9127]],[[11.7067,55.9181],[11.706,55.918],[11.7056,55.9179],[11.7057,55.9178],[11.7058,55.9178],[11.7059,55.9179],[11.7065,55.918],[11.7068,55.9181],[11.7067,55.9181]],[[11.7052,55.9177],[11.7051,55.9178],[11.7049,55.9178],[11.7047,55.9177],[11.7044,55.9177],[11.704,55.9177],[11.7039,55.9176],[11.7039,55.9176],[11.7042,55.9176],[11.7047,55.9176],[11.7048,55.9176],[11.7049,55.9177],[11.7052,55.9177]]]},"properties":{"sourceId":"ais_par3.23290","a_type":5120,"hectares":46.901}},{"type":"Feature","id":"ais_par3.23291","geometry":{"type":"Polygon","coordinates":[[[11.7293,55.9334],[11.7293,55.9333],[11.7291,55.9333],[11.7289,55.9333],[11.7288,55.9334],[11.7288,55.9334],[11.7289,55.9335],[11.729,55.9334],[11.7293,55.9334]]]},"properties":{"sourceId":"ais_par3.23291","a_type":5120,"hectares":0.041}},{"type":"Feature","id":"ais_par3.23292","geometry":{"type":"Polygon","coordinates":[[[11.7235,55.933],[11.723,55.9331],[11.723,55.9331],[11.723,55.9332],[11.7231,55.9333],[11.7233,55.9333],[11.7234,55.9333],[11.7236,55.9333],[11.7235,55.933]]]},"properties":{"sourceId":"ais_par3.23292","a_type":5120,"hectares":0.086}},{"type":"Feature","id":"ais_par3.23293","geometry":{"type":"Polygon","coordinates":[[[11.671,55.9108],[11.6706,55.9107],[11.6705,55.9107],[11.6704,55.9107],[11.6704,55.9109],[11.6707,55.911],[11.6709,55.9111],[11.671,55.9108],[11.671,55.9108]]]},"properties":{"sourceId":"ais_par3.23293","a_type":5120,"hectares":0.129}},{"type":"Feature","id":"ais_par3.23294","geometry":{"type":"Polygon","coordinates":[[[11.6756,55.9172],[11.6757,55.9173],[11.676,55.9173],[11.6762,55.917],[11.6761,55.9169],[11.676,55.9169],[11.6758,55.917],[11.6756,55.9171],[11.6756,55.9172]]]},"properties":{"sourceId":"ais_par3.23294","a_type":5120,"hectares":0.104}},{"type":"Feature","id":"ais_par3.23296","geometry":{"type":"Polygon","coordinates":[[[11.6769,55.9166],[11.6766,55.9168],[11.6766,55.9169],[11.6767,55.917],[11.6768,55.917],[11.677,55.917],[11.6771,55.917],[11.6773,55.9168],[11.6773,55.9167],[11.6771,55.9166],[11.6769,55.9166]],[[11.6768,55.9169],[11.6769,55.9168],[11.677,55.9167],[11.677,55.9168],[11.677,55.9168],[11.677,55.9169],[11.6769,55.9169],[11.6768,55.9169]]]},"properties":{"sourceId":"ais_par3.23296","a_type":5120,"hectares":0.134}},{"type":"Feature","id":"ais_par3.23297","geometry":{"type":"Polygon","coordinates":[[[11.6553,55.9162],[11.6559,55.9163],[11.656,55.916],[11.6559,55.9158],[11.6556,55.9158],[11.6553,55.9162]]]},"properties":{"sourceId":"ais_par3.23297","a_type":5120,"hectares":0.144}},{"type":"Feature","id":"ais_par3.23298","geometry":{"type":"Polygon","coordinates":[[[11.6785,55.9369],[11.6785,55.9368],[11.6785,55.9368],[11.6784,55.9368],[11.6784,55.9368],[11.6783,55.9368],[11.6783,55.9369],[11.6784,55.9369],[11.6785,55.9369]]]},"properties":{"sourceId":"ais_par3.23298","a_type":5120,"hectares":0.013}},{"type":"Feature","id":"ais_par3.23305","geometry":{"type":"Polygon","coordinates":[[[11.741,55.9042],[11.7412,55.904],[11.741,55.9039],[11.7409,55.904],[11.7409,55.9041],[11.7409,55.9042],[11.741,55.9042]]]},"properties":{"sourceId":"ais_par3.23305","a_type":5120,"hectares":0.035}},{"type":"Feature","id":"ais_par3.33459","geometry":{"type":"Polygon","coordinates":[[[11.6546,55.892],[11.6546,55.8919],[11.6546,55.8917],[11.6545,55.8916],[11.6543,55.8915],[11.6542,55.8916],[11.6542,55.8917],[11.6542,55.8918],[11.6542,55.8919],[11.6543,55.892],[11.6544,55.8921],[11.6546,55.892]]]},"properties":{"sourceId":"ais_par3.33459","a_type":5120,"hectares":0.128}},{"type":"Feature","id":"ais_par3.33460","geometry":{"type":"Polygon","coordinates":[[[11.655,55.891],[11.6554,55.8912],[11.6555,55.8913],[11.6557,55.8912],[11.6557,55.8912],[11.6558,55.891],[11.6557,55.8909],[11.6553,55.8908],[11.6551,55.8908],[11.655,55.8909],[11.655,55.891]]]},"properties":{"sourceId":"ais_par3.33460","a_type":5120,"hectares":0.151}},{"type":"Feature","id":"ais_par3.33463","geometry":{"type":"Polygon","coordinates":[[[11.6579,55.8876],[11.6576,55.8879],[11.6576,55.888],[11.6577,55.8881],[11.6579,55.8882],[11.658,55.8882],[11.6581,55.8883],[11.6582,55.8883],[11.6582,55.8881],[11.6584,55.8881],[11.6584,55.888],[11.6586,55.8878],[11.6584,55.8876],[11.658,55.8875],[11.6579,55.8876]]]},"properties":{"sourceId":"ais_par3.33463","a_type":5120,"hectares":0.33}},{"type":"Feature","id":"ais_par3.33539","geometry":{"type":"Polygon","coordinates":[[[11.662,55.8993],[11.6619,55.8994],[11.662,55.8995],[11.662,55.8997],[11.662,55.8999],[11.6621,55.8999],[11.6623,55.8999],[11.6624,55.8997],[11.6625,55.8995],[11.6624,55.8994],[11.662,55.8993]]]},"properties":{"sourceId":"ais_par3.33539","a_type":5120,"hectares":0.197}},{"type":"Feature","id":"ais_par3.33540","geometry":{"type":"Polygon","coordinates":[[[11.6661,55.9014],[11.6658,55.9013],[11.6658,55.9011],[11.6657,55.9011],[11.6655,55.9011],[11.6655,55.9013],[11.6655,55.9014],[11.6656,55.9015],[11.6659,55.9015],[11.6661,55.9015],[11.6661,55.9014]]]},"properties":{"sourceId":"ais_par3.33540","a_type":5120,"hectares":0.094}},{"type":"Feature","id":"ais_par3.33541","geometry":{"type":"Polygon","coordinates":[[[11.6671,55.9016],[11.6674,55.9016],[11.6676,55.9016],[11.6677,55.9015],[11.6678,55.9013],[11.6677,55.9012],[11.6676,55.9012],[11.6674,55.9015],[11.6671,55.9015],[11.667,55.9015],[11.6671,55.9016]]]},"properties":{"sourceId":"ais_par3.33541","a_type":5120,"hectares":0.104}},{"type":"Feature","id":"ais_par3.33542","geometry":{"type":"Polygon","coordinates":[[[11.6661,55.9004],[11.6666,55.9004],[11.6668,55.9004],[11.6669,55.9004],[11.6674,55.9005],[11.6675,55.9005],[11.6676,55.9006],[11.6676,55.9006],[11.6676,55.9008],[11.6676,55.901],[11.6677,55.901],[11.6678,55.9009],[11.6679,55.9007],[11.6679,55.9004],[11.6675,55.9003],[11.6672,55.9003],[11.6672,55.9002],[11.6671,55.8999],[11.6666,55.8998],[11.666,55.9],[11.6659,55.9002],[11.6657,55.9007],[11.6658,55.9007],[11.6659,55.9007],[11.6661,55.9004]]]},"properties":{"sourceId":"ais_par3.33542","a_type":5120,"hectares":0.638}},{"type":"Feature","id":"ais_par3.33543","geometry":{"type":"Polygon","coordinates":[[[11.6638,55.8908],[11.6638,55.8903],[11.664,55.8899],[11.6636,55.8898],[11.6635,55.8901],[11.6634,55.8901],[11.663,55.8901],[11.6626,55.89],[11.6624,55.89],[11.6622,55.8901],[11.6622,55.8903],[11.6623,55.8906],[11.6626,55.8907],[11.6631,55.8907],[11.6633,55.8907],[11.6636,55.8908],[11.6638,55.8908]]]},"properties":{"sourceId":"ais_par3.33543","a_type":5120,"hectares":0.807}},{"type":"Feature","id":"ais_par3.33544","geometry":{"type":"Polygon","coordinates":[[[11.6614,55.8872],[11.6616,55.8871],[11.6617,55.8871],[11.6616,55.887],[11.6618,55.8869],[11.6621,55.8868],[11.6621,55.8866],[11.6618,55.8866],[11.6616,55.8867],[11.6614,55.8868],[11.6613,55.887],[11.6614,55.8872]]]},"properties":{"sourceId":"ais_par3.33544","a_type":5120,"hectares":0.178}},{"type":"Feature","id":"ais_par3.33545","geometry":{"type":"Polygon","coordinates":[[[11.6647,55.8874],[11.6647,55.8872],[11.6646,55.8872],[11.6645,55.8872],[11.6644,55.8872],[11.6644,55.8874],[11.6645,55.8874],[11.6647,55.8874]]]},"properties":{"sourceId":"ais_par3.33545","a_type":5120,"hectares":0.031}},{"type":"Feature","id":"ais_par3.36990","geometry":{"type":"Polygon","coordinates":[[[11.659,55.8992],[11.6593,55.8992],[11.6597,55.8992],[11.66,55.8992],[11.6602,55.899],[11.6596,55.8989],[11.6596,55.899],[11.6595,55.8991],[11.6593,55.8991],[11.6592,55.8991],[11.6591,55.8991],[11.659,55.8991],[11.659,55.8992]]]},"properties":{"sourceId":"ais_par3.36990","a_type":5120,"hectares":0.135}},{"type":"Feature","id":"ais_par3.154829","geometry":{"type":"Polygon","coordinates":[[[12.0141,56.0292],[12.0147,56.0292],[12.0155,56.0292],[12.016,56.0288],[12.0146,56.0287],[12.0138,56.0287],[12.0141,56.0292]]]},"properties":{"sourceId":"ais_par3.154829","a_type":3210,"hectares":0.529}},{"type":"Feature","id":"ais_par3.159068","geometry":{"type":"Polygon","coordinates":[[[12.1255,55.875],[12.1257,55.8746],[12.1253,55.8746],[12.1252,55.875],[12.1255,55.875]]]},"properties":{"sourceId":"ais_par3.159068","a_type":5120,"hectares":0.095}},{"type":"Feature","id":"ais_par3.160050","geometry":{"type":"Polygon","coordinates":[[[12.1333,56.0113],[12.1335,56.0113],[12.1338,56.0112],[12.134,56.0111],[12.134,56.011],[12.1333,56.0112],[12.1333,56.0113]]]},"properties":{"sourceId":"ais_par3.160050","a_type":5120,"hectares":0.079}},{"type":"Feature","id":"ais_par3.154915","geometry":{"type":"Polygon","coordinates":[[[12.0484,55.9053],[12.0484,55.905],[12.0483,55.9047],[12.048,55.9043],[12.0472,55.9045],[12.0474,55.9049],[12.0476,55.9051],[12.0484,55.9053]]]},"properties":{"sourceId":"ais_par3.154915","a_type":3210,"hectares":0.492}},{"type":"Feature","id":"ais_par3.154787","geometry":{"type":"Polygon","coordinates":[[[11.9097,55.9295],[11.9095,55.9295],[11.9094,55.9307],[11.9114,55.9307],[11.9117,55.9298],[11.9117,55.9292],[11.9114,55.9291],[11.9099,55.9291],[11.9098,55.9291],[11.9097,55.9295]]]},"properties":{"sourceId":"ais_par3.154787","a_type":3210,"hectares":2.308}},{"type":"Feature","id":"ais_par3.154789","geometry":{"type":"Polygon","coordinates":[[[12.0825,56.0226],[12.0825,56.0226],[12.0826,56.0227],[12.0829,56.0228],[12.0834,56.0227],[12.0832,56.0222],[12.0829,56.0219],[12.0829,56.0215],[12.0827,56.0212],[12.0825,56.021],[12.0823,56.0209],[12.0821,56.0208],[12.0821,56.0207],[12.0825,56.0204],[12.0826,56.02],[12.0828,56.0199],[12.0828,56.0197],[12.0827,56.0196],[12.0822,56.0194],[12.0804,56.0196],[12.0805,56.0197],[12.0814,56.0197],[12.0817,56.0197],[12.0819,56.0197],[12.0821,56.0198],[12.0823,56.0201],[12.0818,56.0207],[12.0807,56.0207],[12.0809,56.021],[12.0813,56.0213],[12.0816,56.0218],[12.0821,56.0225],[12.0824,56.0226],[12.0825,56.0226]]]},"properties":{"sourceId":"ais_par3.154789","a_type":3210,"hectares":2.502}},{"type":"Feature","id":"ais_par3.154791","geometry":{"type":"Polygon","coordinates":[[[12.0586,55.9653],[12.0605,55.965],[12.0605,55.965],[12.0572,55.9653],[12.0574,55.9656],[12.0586,55.9653]]]},"properties":{"sourceId":"ais_par3.154791","a_type":3210,"hectares":0.333}},{"type":"Feature","id":"ais_par3.154794","geometry":{"type":"Polygon","coordinates":[[[11.9286,55.903],[11.9304,55.9036],[11.9308,55.9032],[11.9289,55.9027],[11.9286,55.903]]]},"properties":{"sourceId":"ais_par3.154794","a_type":3210,"hectares":0.596}},{"type":"Feature","id":"ais_par3.154795","geometry":{"type":"Polygon","coordinates":[[[12.0258,55.9694],[12.026,55.9696],[12.0262,55.9696],[12.0264,55.9696],[12.0265,55.9695],[12.0265,55.9695],[12.0264,55.9694],[12.0263,55.9693],[12.0261,55.9692],[12.026,55.9691],[12.026,55.9691],[12.0259,55.969],[12.026,55.9689],[12.0261,55.9688],[12.0261,55.9687],[12.0261,55.9687],[12.026,55.9686],[12.0259,55.9686],[12.0258,55.9686],[12.0256,55.9687],[12.0255,55.9687],[12.0255,55.9689],[12.0255,55.9689],[12.0254,55.9691],[12.0254,55.9692],[12.0254,55.9692],[12.0255,55.9693],[12.0258,55.9694]]]},"properties":{"sourceId":"ais_par3.154795","a_type":3210,"hectares":0.413}},{"type":"Feature","id":"ais_par3.154796","geometry":{"type":"Polygon","coordinates":[[[12.0554,55.9689],[12.0553,55.9682],[12.0551,55.9682],[12.055,55.968],[12.0551,55.968],[12.0553,55.9679],[12.0556,55.968],[12.0558,55.968],[12.056,55.968],[12.0562,55.9681],[12.0564,55.9682],[12.0573,55.9684],[12.0582,55.9684],[12.0585,55.9683],[12.0589,55.9682],[12.059,55.9682],[12.0596,55.9681],[12.06,55.968],[12.0601,55.968],[12.0602,55.9681],[12.0604,55.9681],[12.0605,55.9682],[12.0606,55.9684],[12.0606,55.9684],[12.0606,55.9685],[12.0607,55.9685],[12.061,55.9687],[12.0612,55.9676],[12.0613,55.967],[12.0614,55.9666],[12.0614,55.9665],[12.0604,55.9663],[12.0604,55.9676],[12.0602,55.9676],[12.0599,55.9676],[12.0596,55.9676],[12.0587,55.9678],[12.0581,55.968],[12.0577,55.9681],[12.0572,55.9681],[12.0569,55.968],[12.0562,55.968],[12.0559,55.9679],[12.0555,55.9676],[12.0558,55.9669],[12.0569,55.9668],[12.0568,55.9666],[12.0551,55.9666],[12.0546,55.9668],[12.0545,55.967],[12.0546,55.968],[12.0547,55.9683],[12.0548,55.9684],[12.055,55.9688],[12.0551,55.9691],[12.0554,55.969],[12.0554,55.9689]]]},"properties":{"sourceId":"ais_par3.154796","a_type":3210,"hectares":3.993}},{"type":"Feature","id":"ais_par3.154797","geometry":{"type":"Polygon","coordinates":[[[12.1094,55.9134],[12.11,55.9132],[12.1099,55.913],[12.11,55.9129],[12.1099,55.9128],[12.1098,55.9128],[12.1094,55.913],[12.1088,55.9132],[12.1092,55.9135],[12.1094,55.9134]]]},"properties":{"sourceId":"ais_par3.154797","a_type":3210,"hectares":0.262}},{"type":"Feature","id":"ais_par3.154798","geometry":{"type":"Polygon","coordinates":[[[12.1037,55.9148],[12.1043,55.9147],[12.1055,55.9144],[12.1067,55.914],[12.1077,55.9137],[12.1077,55.9136],[12.1075,55.9133],[12.1044,55.9143],[12.1042,55.9144],[12.104,55.9144],[12.1039,55.9144],[12.1036,55.9142],[12.1031,55.9143],[12.1036,55.9146],[12.1037,55.9148]]]},"properties":{"sourceId":"ais_par3.154798","a_type":3210,"hectares":1.121}},{"type":"Feature","id":"ais_par3.154799","geometry":{"type":"Polygon","coordinates":[[[11.9829,55.8993],[11.9828,55.899],[11.9827,55.8988],[11.9824,55.8987],[11.9818,55.8987],[11.9816,55.8989],[11.9816,55.8992],[11.9829,55.8993]]]},"properties":{"sourceId":"ais_par3.154799","a_type":3210,"hectares":0.384}},{"type":"Feature","id":"ais_par3.154800","geometry":{"type":"Polygon","coordinates":[[[11.9266,55.9031],[11.9265,55.9032],[11.9265,55.9033],[11.9267,55.9034],[11.9269,55.9034],[11.9271,55.9032],[11.9274,55.9033],[11.9275,55.9032],[11.9279,55.9031],[11.9265,55.9027],[11.9264,55.9027],[11.9263,55.9028],[11.9262,55.9029],[11.9266,55.9031]]]},"properties":{"sourceId":"ais_par3.154800","a_type":3210,"hectares":0.42}},{"type":"Feature","id":"ais_par3.154806","geometry":{"type":"Polygon","coordinates":[[[11.8946,55.9171],[11.8949,55.9173],[11.8952,55.9174],[11.8954,55.9175],[11.8958,55.9175],[11.896,55.9175],[11.8962,55.9174],[11.8962,55.9173],[11.896,55.9173],[11.8956,55.9172],[11.8951,55.9169],[11.8949,55.9166],[11.8947,55.9163],[11.8944,55.9161],[11.8943,55.9159],[11.8943,55.9158],[11.8945,55.9157],[11.8945,55.9155],[11.8945,55.9155],[11.8944,55.9154],[11.8941,55.9154],[11.8937,55.9153],[11.8934,55.9153],[11.8931,55.9152],[11.893,55.915],[11.8927,55.9145],[11.8922,55.9145],[11.8918,55.9145],[11.8912,55.9145],[11.8913,55.9149],[11.8922,55.9152],[11.893,55.9154],[11.8933,55.9156],[11.8939,55.916],[11.894,55.9161],[11.8942,55.9164],[11.8943,55.9165],[11.8945,55.9167],[11.8946,55.9168],[11.8946,55.917],[11.8946,55.9171]]]},"properties":{"sourceId":"ais_par3.154806","a_type":3210,"hectares":1.852}},{"type":"Feature","id":"ais_par3.154808","geometry":{"type":"Polygon","coordinates":[[[12.078,56.0642],[12.0786,56.0645],[12.0789,56.0646],[12.0789,56.0647],[12.079,56.0647],[12.0795,56.0649],[12.0804,56.0652],[12.0806,56.0651],[12.0803,56.0649],[12.0805,56.0648],[12.0805,56.0646],[12.0804,56.0645],[12.0802,56.0645],[12.0798,56.0645],[12.0795,56.0645],[12.0792,56.0643],[12.0787,56.0642],[12.0783,56.0641],[12.0782,56.0641],[12.078,56.0642]]]},"properties":{"sourceId":"ais_par3.154808","a_type":3210,"hectares":0.71}},{"type":"Feature","id":"ais_par3.154809","geometry":{"type":"Polygon","coordinates":[[[12.1092,56.0771],[12.1108,56.0779],[12.1114,56.0782],[12.1119,56.0784],[12.113,56.0789],[12.114,56.0794],[12.1146,56.0797],[12.1149,56.0794],[12.1146,56.0792],[12.1144,56.0791],[12.1143,56.0791],[12.1141,56.079],[12.114,56.0789],[12.1139,56.0788],[12.1138,56.0788],[12.1136,56.0787],[12.1135,56.0786],[12.1133,56.0786],[12.1131,56.0785],[12.1129,56.0784],[12.1128,56.0783],[12.1125,56.0782],[12.1123,56.0782],[12.112,56.0779],[12.1118,56.078],[12.1118,56.0777],[12.1116,56.0776],[12.1115,56.0776],[12.1112,56.0776],[12.1109,56.0775],[12.1108,56.0774],[12.1107,56.0773],[12.1106,56.0772],[12.1102,56.0771],[12.11,56.0771],[12.11,56.077],[12.1092,56.0767],[12.1092,56.0771]]]},"properties":{"sourceId":"ais_par3.154809","a_type":3210,"hectares":1.79}},{"type":"Feature","id":"ais_par3.154810","geometry":{"type":"Polygon","coordinates":[[[12.1199,56.082],[12.121,56.0824],[12.1227,56.083],[12.1255,56.0839],[12.1271,56.0845],[12.1292,56.0855],[12.1306,56.0861],[12.133,56.0871],[12.1347,56.0878],[12.1355,56.0882],[12.1365,56.0887],[12.137,56.0884],[12.1359,56.0878],[12.135,56.0874],[12.1344,56.0871],[12.1327,56.0864],[12.1325,56.0865],[12.1321,56.0863],[12.1311,56.0861],[12.1309,56.086],[12.1308,56.0858],[12.1305,56.0856],[12.1303,56.0856],[12.13,56.0856],[12.1286,56.0848],[12.1284,56.0847],[12.1282,56.0846],[12.1277,56.0843],[12.1273,56.0841],[12.1271,56.0841],[12.1269,56.0839],[12.1266,56.0837],[12.1263,56.0836],[12.1259,56.0835],[12.1255,56.0835],[12.1252,56.0833],[12.1249,56.0833],[12.1248,56.0832],[12.1243,56.0829],[12.1239,56.0829],[12.1238,56.0828],[12.1247,56.0822],[12.1239,56.0818],[12.1229,56.0825],[12.1228,56.0825],[12.1225,56.0823],[12.1222,56.0822],[12.1218,56.0822],[12.1217,56.082],[12.1217,56.082],[12.1214,56.0821],[12.1208,56.0819],[12.1206,56.0818],[12.1204,56.0817],[12.1199,56.082]]]},"properties":{"sourceId":"ais_par3.154810","a_type":3210,"hectares":5.98}},{"type":"Feature","id":"ais_par3.154811","geometry":{"type":"Polygon","coordinates":[[[12.1373,56.0891],[12.1381,56.0893],[12.1389,56.0896],[12.1402,56.09],[12.1409,56.0902],[12.142,56.0907],[12.1427,56.0911],[12.1435,56.0914],[12.1436,56.0914],[12.1427,56.0905],[12.142,56.0902],[12.1419,56.0902],[12.1447,56.0896],[12.1448,56.0895],[12.1441,56.0894],[12.1433,56.0893],[12.1422,56.0892],[12.1412,56.0891],[12.1404,56.0893],[12.1395,56.0893],[12.1393,56.0893],[12.1387,56.0893],[12.1379,56.0891],[12.1373,56.089],[12.137,56.0887],[12.1367,56.0886],[12.1366,56.0886],[12.1373,56.0891]]]},"properties":{"sourceId":"ais_par3.154811","a_type":3210,"hectares":3.583}},{"type":"Feature","id":"ais_par3.154812","geometry":{"type":"Polygon","coordinates":[[[12.1466,56.0919],[12.146,56.0919],[12.1457,56.0919],[12.1457,56.0916],[12.1458,56.0914],[12.1455,56.0913],[12.1452,56.0914],[12.1447,56.0915],[12.1444,56.0918],[12.1448,56.092],[12.1455,56.0923],[12.1465,56.0927],[12.1481,56.0933],[12.1496,56.0939],[12.1497,56.0937],[12.1499,56.0936],[12.15,56.0935],[12.15,56.0933],[12.1497,56.0932],[12.1497,56.0932],[12.1492,56.093],[12.1487,56.0928],[12.1481,56.0926],[12.1476,56.0925],[12.1469,56.0922],[12.1466,56.0919]]]},"properties":{"sourceId":"ais_par3.154812","a_type":3210,"hectares":2.512}},{"type":"Feature","id":"ais_par3.154822","geometry":{"type":"Polygon","coordinates":[[[11.8819,55.9437],[11.882,55.9437],[11.8823,55.9436],[11.8826,55.9436],[11.8829,55.9435],[11.8832,55.9434],[11.8835,55.9434],[11.8838,55.9433],[11.8841,55.9432],[11.8843,55.9431],[11.8849,55.9429],[11.8851,55.9428],[11.8854,55.9427],[11.8857,55.9426],[11.886,55.9425],[11.8863,55.9425],[11.8867,55.9425],[11.887,55.9424],[11.8873,55.9424],[11.8876,55.9424],[11.888,55.9424],[11.8883,55.9424],[11.8886,55.9424],[11.889,55.9423],[11.8891,55.9422],[11.8899,55.9422],[11.8906,55.9424],[11.8912,55.9426],[11.8915,55.9427],[11.8918,55.9428],[11.8921,55.9428],[11.8925,55.943],[11.8928,55.9431],[11.8931,55.9432],[11.8935,55.9432],[11.8936,55.9431],[11.8939,55.943],[11.8936,55.9429],[11.8932,55.9428],[11.8926,55.9426],[11.8921,55.9424],[11.8919,55.9422],[11.8918,55.9422],[11.8918,55.9422],[11.8918,55.9422],[11.8915,55.9421],[11.8914,55.9421],[11.8913,55.9421],[11.8911,55.942],[11.891,55.942],[11.891,55.942],[11.8908,55.9419],[11.8907,55.9419],[11.8906,55.9419],[11.8906,55.9418],[11.8905,55.9418],[11.8901,55.9418],[11.8901,55.9418],[11.89,55.9418],[11.8899,55.9418],[11.8898,55.9417],[11.8896,55.9417],[11.8895,55.9417],[11.8894,55.9418],[11.8889,55.9418],[11.8888,55.9418],[11.8885,55.9418],[11.8885,55.9418],[11.8884,55.9418],[11.8881,55.9419],[11.8874,55.9419],[11.8874,55.9419],[11.8873,55.9419],[11.8871,55.9419],[11.8869,55.942],[11.8868,55.942],[11.8868,55.942],[11.8867,55.942],[11.8865,55.942],[11.8863,55.942],[11.8862,55.942],[11.8861,55.9421],[11.886,55.9422],[11.8856,55.9423],[11.8853,55.9424],[11.885,55.9425],[11.8844,55.9427],[11.8843,55.9428],[11.8841,55.9429],[11.8837,55.943],[11.8832,55.9432],[11.8829,55.9433],[11.8826,55.9434],[11.8823,55.9435],[11.8823,55.9435],[11.8818,55.9437],[11.8819,55.9437]]]},"properties":{"sourceId":"ais_par3.154822","a_type":3210,"hectares":3.368}},{"type":"Feature","id":"ais_par3.154823","geometry":{"type":"Polygon","coordinates":[[[11.8972,55.9481],[11.8978,55.9481],[11.8985,55.9481],[11.8988,55.9481],[11.8989,55.9479],[11.8985,55.9479],[11.8972,55.9478],[11.8972,55.9478],[11.8964,55.9481],[11.8972,55.9481]]]},"properties":{"sourceId":"ais_par3.154823","a_type":3210,"hectares":0.304}},{"type":"Feature","id":"ais_par3.154824","geometry":{"type":"Polygon","coordinates":[[[11.9029,55.9915],[11.9029,55.9913],[11.9026,55.9912],[11.9026,55.9912],[11.9023,55.9912],[11.9022,55.9913],[11.9024,55.9914],[11.903,55.9917],[11.9035,55.9919],[11.9041,55.9921],[11.9043,55.9919],[11.9043,55.9918],[11.9041,55.9917],[11.9038,55.9915],[11.9033,55.9914],[11.9032,55.9916],[11.9029,55.9915]]]},"properties":{"sourceId":"ais_par3.154824","a_type":3210,"hectares":0.493}},{"type":"Feature","id":"ais_par3.154825","geometry":{"type":"Polygon","coordinates":[[[11.9185,55.9982],[11.9188,55.9984],[11.9193,55.9987],[11.9196,55.9989],[11.9205,55.9993],[11.9209,55.9996],[11.9213,55.9998],[11.9217,55.9999],[11.9223,56],[11.9231,55.9997],[11.9227,55.9995],[11.9221,55.9998],[11.9216,55.9996],[11.921,55.9993],[11.9206,55.9992],[11.9199,55.9987],[11.9194,55.9985],[11.9201,55.9981],[11.9196,55.9979],[11.9193,55.9978],[11.9185,55.9982]]]},"properties":{"sourceId":"ais_par3.154825","a_type":3210,"hectares":1.087}},{"type":"Feature","id":"ais_par3.154826","geometry":{"type":"Polygon","coordinates":[[[11.9597,55.9667],[11.9602,55.9668],[11.9606,55.9667],[11.9611,55.9666],[11.9612,55.9659],[11.9597,55.9661],[11.9592,55.9662],[11.9589,55.9666],[11.9597,55.9667]]]},"properties":{"sourceId":"ais_par3.154826","a_type":3210,"hectares":0.912}},{"type":"Feature","id":"ais_par3.154830","geometry":{"type":"Polygon","coordinates":[[[12.0377,56.0449],[12.0379,56.0448],[12.0378,56.0447],[12.0374,56.0443],[12.0373,56.0443],[12.0369,56.0442],[12.0366,56.0442],[12.0368,56.0445],[12.037,56.0446],[12.0374,56.0448],[12.0377,56.0449]]]},"properties":{"sourceId":"ais_par3.154830","a_type":3210,"hectares":0.296}},{"type":"Feature","id":"ais_par3.154831","geometry":{"type":"Polygon","coordinates":[[[12.039,56.0459],[12.0392,56.046],[12.0394,56.046],[12.0394,56.0459],[12.0392,56.0458],[12.0388,56.0455],[12.0385,56.0454],[12.0384,56.0455],[12.0385,56.0456],[12.039,56.0459]]]},"properties":{"sourceId":"ais_par3.154831","a_type":3210,"hectares":0.166}},{"type":"Feature","id":"ais_par3.154816","geometry":{"type":"Polygon","coordinates":[[[11.8487,55.9693],[11.8487,55.9693],[11.8486,55.9695],[11.8487,55.9697],[11.8487,55.9699],[11.8486,55.97],[11.8487,55.9701],[11.8488,55.9704],[11.8489,55.9706],[11.8491,55.9708],[11.8491,55.9709],[11.8491,55.9709],[11.8492,55.971],[11.8495,55.9713],[11.8496,55.9714],[11.8497,55.9715],[11.8498,55.9716],[11.8499,55.9717],[11.8501,55.9719],[11.8502,55.972],[11.8502,55.972],[11.8503,55.9721],[11.8503,55.9721],[11.8503,55.9722],[11.8504,55.9723],[11.8504,55.9723],[11.8504,55.9724],[11.8505,55.9724],[11.8506,55.9725],[11.8506,55.9726],[11.8506,55.9726],[11.8507,55.9726],[11.8507,55.9727],[11.8507,55.9727],[11.8507,55.9728],[11.8508,55.9728],[11.8508,55.9728],[11.8509,55.9729],[11.8509,55.973],[11.851,55.9731],[11.851,55.9731],[11.851,55.9732],[11.851,55.9732],[11.8512,55.9735],[11.8513,55.9736],[11.8514,55.9738],[11.8517,55.9741],[11.8519,55.9744],[11.8519,55.9744],[11.852,55.9744],[11.852,55.9745],[11.8521,55.9746],[11.8521,55.9746],[11.8522,55.9747],[11.8522,55.9748],[11.8523,55.9748],[11.8524,55.9749],[11.8525,55.9749],[11.8525,55.975],[11.8527,55.9751],[11.853,55.9753],[11.8532,55.9754],[11.8534,55.9755],[11.8535,55.9755],[11.8536,55.9756],[11.8537,55.9757],[11.8539,55.9758],[11.8544,55.9761],[11.8546,55.9762],[11.8546,55.9762],[11.8548,55.9763],[11.8549,55.9763],[11.855,55.9763],[11.8551,55.9764],[11.8553,55.9765],[11.8554,55.9766],[11.8554,55.9766],[11.8556,55.9767],[11.8558,55.9768],[11.856,55.9769],[11.8564,55.977],[11.8566,55.9771],[11.8567,55.9771],[11.8567,55.9771],[11.8569,55.9772],[11.857,55.9772],[11.8572,55.9773],[11.8572,55.9773],[11.8573,55.9774],[11.8573,55.9774],[11.8575,55.9775],[11.8577,55.9775],[11.8579,55.9776],[11.858,55.9777],[11.8582,55.9777],[11.8582,55.9777],[11.8585,55.9778],[11.8587,55.9779],[11.8588,55.9779],[11.8589,55.978],[11.8591,55.978],[11.8593,55.9781],[11.8594,55.9781],[11.8596,55.9782],[11.8597,55.9782],[11.8598,55.9783],[11.86,55.9783],[11.8603,55.9785],[11.8605,55.9785],[11.8606,55.9786],[11.8608,55.9787],[11.861,55.9787],[11.861,55.9788],[11.8611,55.9788],[11.8612,55.9788],[11.8614,55.9789],[11.8617,55.9789],[11.8619,55.979],[11.8624,55.9791],[11.8625,55.9791],[11.8628,55.9792],[11.8629,55.9792],[11.8634,55.9794],[11.8639,55.9794],[11.8641,55.9795],[11.8645,55.9796],[11.8646,55.9796],[11.865,55.9797],[11.8651,55.9798],[11.8652,55.9798],[11.8654,55.9799],[11.8656,55.9799],[11.8659,55.98],[11.8662,55.9802],[11.8665,55.9803],[11.8666,55.9803],[11.8668,55.9804],[11.8671,55.9804],[11.8674,55.9803],[11.8673,55.9801],[11.867,55.98],[11.8667,55.9799],[11.8662,55.9797],[11.8659,55.9796],[11.8656,55.9795],[11.8657,55.9794],[11.8656,55.9792],[11.8653,55.9791],[11.8649,55.9791],[11.8646,55.979],[11.864,55.9788],[11.8637,55.9788],[11.8634,55.9787],[11.8631,55.9786],[11.8628,55.9786],[11.8625,55.9785],[11.8622,55.9784],[11.862,55.9782],[11.8622,55.9781],[11.8623,55.9779],[11.8625,55.9778],[11.8627,55.9776],[11.8628,55.9775],[11.863,55.9773],[11.8627,55.9772],[11.8628,55.977],[11.8629,55.9769],[11.8631,55.9767],[11.8633,55.9766],[11.8632,55.9766],[11.8629,55.9764],[11.8617,55.976],[11.8605,55.9755],[11.8606,55.9757],[11.8604,55.9757],[11.8602,55.9757],[11.8602,55.9755],[11.8604,55.9755],[11.8595,55.9751],[11.8595,55.9748],[11.8596,55.9746],[11.8595,55.9744],[11.8593,55.9743],[11.859,55.9742],[11.8587,55.9741],[11.8584,55.9742],[11.8582,55.9743],[11.8581,55.9745],[11.8579,55.9747],[11.8578,55.9748],[11.8576,55.975],[11.8575,55.9752],[11.8571,55.9757],[11.857,55.9758],[11.8568,55.976],[11.8566,55.9761],[11.8561,55.9761],[11.856,55.9758],[11.856,55.9756],[11.8558,55.9756],[11.8554,55.9756],[11.855,55.9755],[11.8547,55.9753],[11.8544,55.9752],[11.8542,55.9751],[11.8539,55.9749],[11.8537,55.9748],[11.8535,55.9748],[11.8532,55.9747],[11.8528,55.9746],[11.8527,55.9747],[11.8525,55.9745],[11.8523,55.9743],[11.8521,55.9741],[11.852,55.9738],[11.8517,55.9735],[11.8516,55.9733],[11.8514,55.9731],[11.8513,55.973],[11.8512,55.9728],[11.851,55.9725],[11.8509,55.9723],[11.8507,55.9721],[11.8506,55.972],[11.8503,55.9716],[11.8501,55.9715],[11.8501,55.9713],[11.8504,55.9712],[11.8503,55.9708],[11.8503,55.9706],[11.8503,55.9704],[11.8501,55.9703],[11.8499,55.9701],[11.8498,55.97],[11.8497,55.9696],[11.8497,55.9694],[11.8497,55.9692],[11.8488,55.9688],[11.8487,55.9693]]]},"properties":{"sourceId":"ais_par3.154816","a_type":3210,"hectares":19.365}},{"type":"Feature","id":"ais_par3.154817","geometry":{"type":"Polygon","coordinates":[[[11.8663,55.9574],[11.8662,55.9575],[11.8665,55.9576],[11.8669,55.9576],[11.867,55.9574],[11.8665,55.957],[11.8663,55.9574]]]},"properties":{"sourceId":"ais_par3.154817","a_type":3210,"hectares":0.18}},{"type":"Feature","id":"ais_par3.154818","geometry":{"type":"Polygon","coordinates":[[[11.8535,55.9488],[11.8526,55.9487],[11.8524,55.9502],[11.8529,55.9503],[11.8532,55.95],[11.8534,55.9496],[11.854,55.9498],[11.8542,55.9489],[11.8543,55.9488],[11.8541,55.9486],[11.8535,55.9488]]]},"properties":{"sourceId":"ais_par3.154818","a_type":3210,"hectares":1.312}},{"type":"Feature","id":"ais_par3.154819","geometry":{"type":"Polygon","coordinates":[[[11.8558,55.9457],[11.8582,55.9463],[11.8584,55.9458],[11.8583,55.9455],[11.8582,55.9454],[11.8581,55.9451],[11.8583,55.9449],[11.8585,55.9448],[11.8616,55.9456],[11.8625,55.9448],[11.862,55.9449],[11.8617,55.9447],[11.8612,55.944],[11.8597,55.9441],[11.859,55.9442],[11.8581,55.9443],[11.8573,55.9444],[11.8565,55.9447],[11.8556,55.9449],[11.8549,55.9451],[11.855,55.9451],[11.855,55.9456],[11.8558,55.9457]]]},"properties":{"sourceId":"ais_par3.154819","a_type":3210,"hectares":5.545}},{"type":"Feature","id":"ais_par3.154820","geometry":{"type":"Polygon","coordinates":[[[11.8648,55.9441],[11.8641,55.9442],[11.8637,55.9443],[11.8632,55.9445],[11.8628,55.9447],[11.8623,55.9452],[11.8628,55.9453],[11.8632,55.9448],[11.8634,55.9447],[11.8636,55.9446],[11.8639,55.9445],[11.8641,55.9444],[11.8643,55.9444],[11.8646,55.9443],[11.865,55.9446],[11.8654,55.9448],[11.8657,55.9449],[11.8662,55.9449],[11.8662,55.945],[11.8664,55.945],[11.8666,55.9451],[11.8669,55.9452],[11.8672,55.9453],[11.8675,55.9453],[11.8679,55.9454],[11.8682,55.9454],[11.8685,55.9454],[11.8689,55.9454],[11.8692,55.9454],[11.8695,55.9454],[11.8699,55.9454],[11.8702,55.9453],[11.8705,55.9454],[11.8708,55.9454],[11.8714,55.9454],[11.8718,55.9454],[11.8721,55.9454],[11.8725,55.9453],[11.8725,55.9452],[11.8728,55.9452],[11.8729,55.9453],[11.8737,55.9451],[11.8741,55.9451],[11.8745,55.945],[11.8747,55.9449],[11.8749,55.9449],[11.8754,55.9448],[11.8756,55.9447],[11.8758,55.9446],[11.8764,55.9445],[11.8768,55.9445],[11.8772,55.9444],[11.8776,55.9445],[11.8778,55.9445],[11.8787,55.9445],[11.8784,55.9444],[11.8783,55.9444],[11.8782,55.9444],[11.8782,55.9444],[11.8778,55.9443],[11.8777,55.9443],[11.8772,55.9443],[11.8766,55.9443],[11.8761,55.9444],[11.8758,55.9444],[11.8757,55.9445],[11.8753,55.9446],[11.875,55.9446],[11.8747,55.9447],[11.8744,55.9447],[11.8741,55.9448],[11.8738,55.9449],[11.8735,55.9449],[11.8732,55.9449],[11.8728,55.9449],[11.8726,55.945],[11.8721,55.945],[11.8715,55.9451],[11.8713,55.9451],[11.8711,55.9451],[11.8706,55.9451],[11.87,55.9451],[11.8697,55.9451],[11.8694,55.945],[11.869,55.945],[11.8686,55.945],[11.8682,55.945],[11.8678,55.9449],[11.8675,55.9449],[11.8672,55.9448],[11.8669,55.9448],[11.8668,55.9448],[11.8665,55.9447],[11.8661,55.9447],[11.8658,55.9446],[11.8653,55.9444],[11.8651,55.9443],[11.8648,55.9441]]]},"properties":{"sourceId":"ais_par3.154820","a_type":3210,"hectares":3.278}},{"type":"Feature","id":"ais_par3.154821","geometry":{"type":"Polygon","coordinates":[[[11.8807,55.9441],[11.8801,55.9443],[11.8798,55.9444],[11.8798,55.9448],[11.8801,55.9447],[11.8804,55.9446],[11.8808,55.9444],[11.8811,55.9443],[11.8815,55.944],[11.8815,55.9438],[11.8807,55.9441]]]},"properties":{"sourceId":"ais_par3.154821","a_type":3210,"hectares":0.414}},{"type":"Feature","id":"ais_par3.154827","geometry":{"type":"Polygon","coordinates":[[[11.963,56.0146],[11.9642,56.0148],[11.9651,56.0149],[11.9653,56.0149],[11.9658,56.0149],[11.966,56.0149],[11.9664,56.0149],[11.9667,56.015],[11.9669,56.015],[11.9672,56.015],[11.9675,56.0151],[11.9677,56.015],[11.9678,56.0149],[11.9678,56.0147],[11.9679,56.0146],[11.9673,56.0145],[11.9671,56.0145],[11.9669,56.0145],[11.9666,56.0146],[11.9662,56.0146],[11.966,56.0145],[11.966,56.0144],[11.9655,56.0144],[11.9656,56.0141],[11.9649,56.0141],[11.9645,56.014],[11.9645,56.014],[11.9637,56.0138],[11.9635,56.0138],[11.9627,56.0136],[11.9622,56.0145],[11.963,56.0146]]]},"properties":{"sourceId":"ais_par3.154827","a_type":3210,"hectares":2.56}},{"type":"Feature","id":"ais_par3.154828","geometry":{"type":"Polygon","coordinates":[[[12.0119,56.0306],[12.0122,56.0307],[12.0131,56.0312],[12.0137,56.0315],[12.0143,56.0318],[12.0149,56.0321],[12.0155,56.0323],[12.016,56.0326],[12.0166,56.0329],[12.0167,56.0328],[12.0168,56.0327],[12.0167,56.0327],[12.0165,56.0325],[12.0161,56.0323],[12.0156,56.0321],[12.0149,56.0318],[12.0142,56.0315],[12.0138,56.0313],[12.0133,56.0311],[12.0128,56.0308],[12.0123,56.0306],[12.0119,56.0303],[12.0111,56.0302],[12.0119,56.0306]]]},"properties":{"sourceId":"ais_par3.154828","a_type":3210,"hectares":0.886}},{"type":"Feature","id":"ais_par3.154832","geometry":{"type":"Polygon","coordinates":[[[12.0932,56.0333],[12.0941,56.0333],[12.0956,56.0332],[12.0969,56.0332],[12.0978,56.0333],[12.0979,56.0333],[12.0978,56.033],[12.0981,56.0331],[12.0993,56.0331],[12.0993,56.0332],[12.0989,56.0333],[12.0989,56.0335],[12.1,56.0336],[12.1005,56.0336],[12.1008,56.0336],[12.101,56.0334],[12.1011,56.0329],[12.1011,56.0327],[12.0999,56.0327],[12.0997,56.0326],[12.1013,56.0319],[12.1018,56.0314],[12.1014,56.031],[12.1008,56.0312],[12.1001,56.0306],[12.0996,56.0306],[12.0993,56.0306],[12.0984,56.0306],[12.1008,56.0291],[12.0997,56.0289],[12.0987,56.0285],[12.097,56.0286],[12.0949,56.0287],[12.0949,56.0292],[12.0947,56.0292],[12.0944,56.029],[12.0939,56.029],[12.0937,56.0287],[12.0933,56.0288],[12.0933,56.029],[12.0928,56.029],[12.0927,56.0292],[12.0931,56.0294],[12.0932,56.0296],[12.0923,56.0303],[12.0923,56.0314],[12.0928,56.0314],[12.0929,56.0318],[12.0926,56.032],[12.0926,56.0322],[12.0923,56.0323],[12.0923,56.0329],[12.0924,56.0334],[12.0932,56.0333]]]},"properties":{"sourceId":"ais_par3.154832","a_type":3210,"hectares":24.872}},{"type":"Feature","id":"ais_par3.154833","geometry":{"type":"Polygon","coordinates":[[[12.1321,56.0648],[12.1321,56.0647],[12.1322,56.0647],[12.1322,56.0645],[12.1321,56.0644],[12.1321,56.0643],[12.1321,56.0642],[12.1319,56.0642],[12.1317,56.0642],[12.1315,56.0642],[12.1314,56.0642],[12.1313,56.0642],[12.1313,56.0647],[12.1321,56.0648]]]},"properties":{"sourceId":"ais_par3.154833","a_type":3210,"hectares":0.314}},{"type":"Feature","id":"ais_par3.154842","geometry":{"type":"Polygon","coordinates":[[[11.8636,55.954],[11.8635,55.9542],[11.8624,55.9541],[11.8623,55.9544],[11.8627,55.9544],[11.8624,55.9547],[11.8646,55.9552],[11.8647,55.955],[11.8644,55.955],[11.8644,55.9549],[11.8646,55.9547],[11.8648,55.9546],[11.8651,55.9546],[11.8653,55.9546],[11.8654,55.9547],[11.8653,55.9548],[11.8653,55.9551],[11.8652,55.9553],[11.8664,55.9556],[11.8665,55.9555],[11.8666,55.9554],[11.867,55.9553],[11.8672,55.9554],[11.8672,55.9554],[11.8676,55.9555],[11.8686,55.9555],[11.8685,55.955],[11.8686,55.9548],[11.8689,55.9547],[11.8691,55.9547],[11.8694,55.9545],[11.8689,55.954],[11.8686,55.9536],[11.8652,55.9536],[11.8644,55.9536],[11.8636,55.954]]]},"properties":{"sourceId":"ais_par3.154842","a_type":3210,"hectares":6.468}},{"type":"Feature","id":"ais_par3.154883","geometry":{"type":"Polygon","coordinates":[[[12.05,55.9207],[12.0498,55.9208],[12.0498,55.9209],[12.0502,55.9211],[12.0507,55.9214],[12.0512,55.9215],[12.0516,55.9215],[12.0517,55.9214],[12.0513,55.9211],[12.0509,55.9209],[12.0504,55.9208],[12.05,55.9207]]]},"properties":{"sourceId":"ais_par3.154883","a_type":3210,"hectares":0.501}},{"type":"Feature","id":"ais_par3.154843","geometry":{"type":"Polygon","coordinates":[[[12.0014,56.0269],[12.0012,56.0267],[12.0008,56.0264],[11.9999,56.0261],[11.9995,56.0262],[11.9994,56.0263],[11.9995,56.0266],[11.9999,56.0268],[12.0013,56.0273],[12.0023,56.0277],[12.0034,56.028],[12.0045,56.0285],[12.0055,56.0289],[12.0063,56.0293],[12.0072,56.0295],[12.0084,56.0299],[12.0087,56.03],[12.009,56.0298],[12.0087,56.0297],[12.0083,56.0295],[12.0074,56.0292],[12.0064,56.0289],[12.0058,56.0287],[12.0052,56.0284],[12.0044,56.0281],[12.004,56.028],[12.0032,56.0277],[12.0025,56.0274],[12.0021,56.0273],[12.0019,56.0272],[12.0016,56.027],[12.0014,56.0269]]]},"properties":{"sourceId":"ais_par3.154843","a_type":3210,"hectares":2.685}},{"type":"Feature","id":"ais_par3.154861","geometry":{"type":"Polygon","coordinates":[[[11.9404,56.0055],[11.9405,56.0054],[11.9403,56.0053],[11.9398,56.0052],[11.9401,56.0051],[11.9403,56.005],[11.9402,56.0048],[11.9399,56.0047],[11.9396,56.0048],[11.9391,56.0049],[11.9386,56.0048],[11.9381,56.0048],[11.9377,56.0048],[11.9371,56.0051],[11.937,56.0054],[11.9374,56.0056],[11.9378,56.0056],[11.9382,56.0057],[11.9385,56.0055],[11.9389,56.0054],[11.9393,56.0055],[11.9395,56.0056],[11.94,56.0057],[11.9404,56.0055]]]},"properties":{"sourceId":"ais_par3.154861","a_type":3210,"hectares":1.584}},{"type":"Feature","id":"ais_par3.154870","geometry":{"type":"Polygon","coordinates":[[[11.9397,56.002],[11.94,56.0021],[11.9404,56.0026],[11.9405,56.0025],[11.9421,56.0002],[11.9406,55.9998],[11.9391,56.0019],[11.9391,56.0019],[11.9397,56.002]]]},"properties":{"sourceId":"ais_par3.154870","a_type":3210,"hectares":2.694}},{"type":"Feature","id":"ais_par3.154871","geometry":{"type":"Polygon","coordinates":[[[11.9382,56.0026],[11.9386,56.0028],[11.9397,56.0021],[11.9392,56.002],[11.9389,56.002],[11.9382,56.0022],[11.9377,56.0024],[11.9382,56.0026]]]},"properties":{"sourceId":"ais_par3.154871","a_type":3210,"hectares":0.503}},{"type":"Feature","id":"ais_par3.154872","geometry":{"type":"Polygon","coordinates":[[[11.9392,56.0039],[11.9394,56.0038],[11.9401,56.004],[11.9401,56.0041],[11.9405,56.0042],[11.9411,56.0038],[11.9414,56.0035],[11.9414,56.0034],[11.941,56.0031],[11.9405,56.0028],[11.9401,56.0031],[11.9393,56.0035],[11.9388,56.0038],[11.9392,56.0039]]]},"properties":{"sourceId":"ais_par3.154872","a_type":3210,"hectares":1.205}},{"type":"Feature","id":"ais_par3.154873","geometry":{"type":"Polygon","coordinates":[[[11.9402,55.9967],[11.9406,55.9964],[11.9409,55.9963],[11.9412,55.9963],[11.9414,55.9962],[11.9417,55.996],[11.942,55.9957],[11.9419,55.9955],[11.9416,55.9954],[11.9413,55.9953],[11.941,55.9953],[11.9406,55.9954],[11.9403,55.9955],[11.9401,55.9957],[11.9401,55.9959],[11.94,55.9961],[11.9396,55.9965],[11.9402,55.9967]]]},"properties":{"sourceId":"ais_par3.154873","a_type":3210,"hectares":1.235}},{"type":"Feature","id":"ais_par3.154874","geometry":{"type":"Polygon","coordinates":[[[11.9575,56.0031],[11.9596,56.0017],[11.9585,56.0012],[11.9578,56.0016],[11.9568,56.0024],[11.9564,56.0027],[11.9575,56.0031]]]},"properties":{"sourceId":"ais_par3.154874","a_type":3210,"hectares":1.787}},{"type":"Feature","id":"ais_par3.154875","geometry":{"type":"Polygon","coordinates":[[[12.082,55.9887],[12.0824,55.9886],[12.0826,55.9886],[12.0829,55.9884],[12.0835,55.9882],[12.0838,55.988],[12.0835,55.9874],[12.0826,55.986],[12.0823,55.986],[12.0814,55.9861],[12.0806,55.9863],[12.082,55.9887]],[[12.0816,55.9878],[12.0816,55.9878],[12.0818,55.9878],[12.0822,55.9878],[12.0823,55.9879],[12.0821,55.9879],[12.0819,55.9879],[12.0816,55.9879],[12.0816,55.9878]]]},"properties":{"sourceId":"ais_par3.154875","a_type":3210,"hectares":3.395}},{"type":"Feature","id":"ais_par3.154876","geometry":{"type":"Polygon","coordinates":[[[12.0576,55.9707],[12.0578,55.9704],[12.0579,55.9702],[12.0576,55.9699],[12.0571,55.9698],[12.0566,55.9699],[12.0563,55.97],[12.0561,55.9702],[12.0561,55.9704],[12.0576,55.9707]]]},"properties":{"sourceId":"ais_par3.154876","a_type":3210,"hectares":0.774}},{"type":"Feature","id":"ais_par3.154877","geometry":{"type":"Polygon","coordinates":[[[12.0706,55.9619],[12.0704,55.9617],[12.0693,55.961],[12.0687,55.9607],[12.068,55.9605],[12.0675,55.9604],[12.0675,55.9613],[12.0674,55.9615],[12.0668,55.9617],[12.0665,55.9619],[12.0674,55.9626],[12.0678,55.9623],[12.0684,55.9622],[12.0695,55.9621],[12.0705,55.962],[12.0705,55.962],[12.0706,55.9619]]]},"properties":{"sourceId":"ais_par3.154877","a_type":3210,"hectares":3.051}},{"type":"Feature","id":"ais_par3.154878","geometry":{"type":"Polygon","coordinates":[[[12.074,55.9627],[12.0732,55.9619],[12.0695,55.9623],[12.0696,55.9627],[12.0697,55.9627],[12.0701,55.9627],[12.0707,55.9626],[12.0713,55.9626],[12.0719,55.9626],[12.0722,55.9627],[12.0726,55.9627],[12.0728,55.9627],[12.0729,55.963],[12.0732,55.9631],[12.074,55.9627]]]},"properties":{"sourceId":"ais_par3.154878","a_type":3210,"hectares":1.697}},{"type":"Feature","id":"ais_par3.154879","geometry":{"type":"Polygon","coordinates":[[[12.0213,55.991],[12.0223,55.9904],[12.0225,55.9903],[12.0228,55.9896],[12.0233,55.9896],[12.0237,55.9885],[12.024,55.988],[12.0246,55.988],[12.0247,55.9879],[12.0245,55.9878],[12.0242,55.9876],[12.0239,55.9873],[12.0238,55.987],[12.0239,55.9866],[12.0242,55.9866],[12.0254,55.9866],[12.0256,55.9862],[12.0248,55.986],[12.024,55.9857],[12.0237,55.9856],[12.0233,55.9853],[12.0231,55.9851],[12.0228,55.985],[12.0212,55.9903],[12.0207,55.9905],[12.0213,55.991]],[[12.0223,55.9882],[12.0223,55.9879],[12.0223,55.9876],[12.0224,55.9874],[12.0224,55.9873],[12.0226,55.9872],[12.0227,55.9872],[12.0228,55.9874],[12.0229,55.9877],[12.023,55.9878],[12.023,55.9879],[12.023,55.988],[12.023,55.9881],[12.0229,55.9883],[12.0229,55.9884],[12.0228,55.9885],[12.0227,55.9885],[12.0225,55.9886],[12.0224,55.9886],[12.0223,55.9886],[12.0223,55.9883],[12.0223,55.9883],[12.0223,55.9882]],[[12.021,55.9905],[12.021,55.9905],[12.0212,55.9904],[12.0213,55.9905],[12.0213,55.9906],[12.0212,55.9906],[12.021,55.9906],[12.021,55.9906],[12.021,55.9905],[12.021,55.9905]]]},"properties":{"sourceId":"ais_par3.154879","a_type":3210,"hectares":6.569}},{"type":"Feature","id":"ais_par3.154880","geometry":{"type":"Polygon","coordinates":[[[11.9942,55.9962],[11.9943,55.9962],[11.9945,55.9961],[11.9949,55.9957],[11.9952,55.9953],[11.9952,55.9953],[11.995,55.9953],[11.9948,55.9953],[11.9945,55.9953],[11.9942,55.9953],[11.994,55.9962],[11.9942,55.9962]]]},"properties":{"sourceId":"ais_par3.154880","a_type":3210,"hectares":0.477}},{"type":"Feature","id":"ais_par3.154881","geometry":{"type":"Polygon","coordinates":[[[12.0363,55.9372],[12.0356,55.9371],[12.0353,55.9374],[12.0369,55.9377],[12.0372,55.9373],[12.0376,55.9373],[12.0378,55.9368],[12.0362,55.9364],[12.0362,55.9364],[12.0363,55.9372]]]},"properties":{"sourceId":"ais_par3.154881","a_type":3210,"hectares":1.139}},{"type":"Feature","id":"ais_par3.154882","geometry":{"type":"Polygon","coordinates":[[[12.0521,55.9214],[12.0523,55.9215],[12.0524,55.9214],[12.0525,55.9213],[12.0508,55.9198],[12.0505,55.9197],[12.0504,55.9198],[12.0504,55.9201],[12.0507,55.9204],[12.0512,55.9207],[12.052,55.9213],[12.052,55.9213],[12.0521,55.9214]]]},"properties":{"sourceId":"ais_par3.154882","a_type":3210,"hectares":0.705}},{"type":"Feature","id":"ais_par3.154884","geometry":{"type":"Polygon","coordinates":[[[12.0489,55.921],[12.049,55.9208],[12.0486,55.9202],[12.0484,55.9198],[12.0482,55.9198],[12.0474,55.9198],[12.0472,55.9197],[12.0471,55.9196],[12.0468,55.9196],[12.0467,55.9195],[12.0468,55.9193],[12.0469,55.9191],[12.0472,55.919],[12.0473,55.9185],[12.0474,55.9183],[12.0472,55.9179],[12.0471,55.9175],[12.0469,55.9174],[12.0467,55.9175],[12.0465,55.9179],[12.0465,55.919],[12.0464,55.9192],[12.0462,55.9194],[12.0461,55.9197],[12.046,55.9199],[12.046,55.92],[12.046,55.92],[12.0459,55.92],[12.0458,55.9201],[12.0457,55.9201],[12.0457,55.9202],[12.0457,55.9202],[12.0456,55.9202],[12.0454,55.9204],[12.0454,55.9204],[12.0489,55.921]]]},"properties":{"sourceId":"ais_par3.154884","a_type":3210,"hectares":3.017}},{"type":"Feature","id":"ais_par3.154885","geometry":{"type":"Polygon","coordinates":[[[12.0717,55.9175],[12.0716,55.9176],[12.0716,55.9177],[12.0719,55.9178],[12.0721,55.9177],[12.0727,55.9181],[12.0734,55.9176],[12.0718,55.9166],[12.0713,55.9171],[12.0713,55.9172],[12.0717,55.9175]]]},"properties":{"sourceId":"ais_par3.154885","a_type":3210,"hectares":1.021}},{"type":"Feature","id":"ais_par3.154886","geometry":{"type":"Polygon","coordinates":[[[12.0545,55.8891],[12.0547,55.8891],[12.0551,55.889],[12.0552,55.8888],[12.0556,55.8883],[12.0549,55.8881],[12.0543,55.889],[12.0543,55.889],[12.0545,55.8891]]]},"properties":{"sourceId":"ais_par3.154886","a_type":3210,"hectares":0.482}},{"type":"Feature","id":"ais_par3.154887","geometry":{"type":"Polygon","coordinates":[[[12.0564,55.8851],[12.056,55.8857],[12.0556,55.8862],[12.0554,55.8867],[12.0554,55.8869],[12.0556,55.887],[12.0562,55.886],[12.0566,55.8853],[12.0567,55.8852],[12.0564,55.8851]]]},"properties":{"sourceId":"ais_par3.154887","a_type":3210,"hectares":0.507}},{"type":"Feature","id":"ais_par3.154888","geometry":{"type":"Polygon","coordinates":[[[12.0854,55.9149],[12.0851,55.9148],[12.0841,55.9155],[12.0836,55.9158],[12.0829,55.9161],[12.0826,55.9163],[12.0827,55.9164],[12.0829,55.9164],[12.0833,55.9164],[12.0841,55.916],[12.0854,55.9149]]]},"properties":{"sourceId":"ais_par3.154888","a_type":3210,"hectares":0.834}},{"type":"Feature","id":"ais_par3.154889","geometry":{"type":"Polygon","coordinates":[[[12.0874,55.9141],[12.0892,55.9131],[12.0891,55.9129],[12.0891,55.9127],[12.0891,55.9125],[12.0883,55.9125],[12.0866,55.914],[12.0865,55.9141],[12.0874,55.9141]]]},"properties":{"sourceId":"ais_par3.154889","a_type":3210,"hectares":1.312}},{"type":"Feature","id":"ais_par3.154890","geometry":{"type":"Polygon","coordinates":[[[12.1032,55.9138],[12.1034,55.9137],[12.1047,55.9128],[12.104,55.9124],[12.1035,55.9127],[12.1032,55.9128],[12.1027,55.913],[12.1032,55.9138]]]},"properties":{"sourceId":"ais_par3.154890","a_type":3210,"hectares":0.861}},{"type":"Feature","id":"ais_par3.154891","geometry":{"type":"Polygon","coordinates":[[[12.1112,55.9125],[12.112,55.9119],[12.111,55.9113],[12.1096,55.9121],[12.1096,55.9122],[12.1112,55.9125]]]},"properties":{"sourceId":"ais_par3.154891","a_type":3210,"hectares":0.955}},{"type":"Feature","id":"ais_par3.154901","geometry":{"type":"Polygon","coordinates":[[[12.1129,56.001],[12.113,56.0014],[12.1149,56.0012],[12.1158,56.0011],[12.1165,56.0011],[12.1173,56.001],[12.1177,56.0008],[12.1178,56.0008],[12.1178,56.0008],[12.1184,56.0007],[12.1184,56.001],[12.1202,56.0009],[12.1202,56.0011],[12.122,56.001],[12.122,56.0006],[12.1223,56.0006],[12.1223,56.0001],[12.1215,56.0002],[12.1211,56.0003],[12.1202,56.0005],[12.1202,56.0005],[12.1196,56.0005],[12.1186,56.0006],[12.1181,56.0006],[12.1176,56.0006],[12.1169,56.0008],[12.1155,56.0008],[12.1153,56.0009],[12.1145,56.0009],[12.1139,56.001],[12.113,56.001],[12.1129,56.001],[12.1129,56.001]]]},"properties":{"sourceId":"ais_par3.154901","a_type":3210,"hectares":2.562}},{"type":"Feature","id":"ais_par3.154902","geometry":{"type":"Polygon","coordinates":[[[12.0204,55.9588],[12.0208,55.9581],[12.021,55.9578],[12.0211,55.9576],[12.0214,55.9576],[12.0218,55.9577],[12.0215,55.9571],[12.0213,55.957],[12.021,55.9569],[12.0207,55.9574],[12.0203,55.9581],[12.0199,55.9587],[12.0199,55.9589],[12.0204,55.9588]]]},"properties":{"sourceId":"ais_par3.154902","a_type":3210,"hectares":0.785}},{"type":"Feature","id":"ais_par3.154903","geometry":{"type":"Polygon","coordinates":[[[12.023,55.95],[12.0232,55.9496],[12.0231,55.9495],[12.0228,55.9491],[12.023,55.9485],[12.0224,55.9484],[12.0222,55.9484],[12.0221,55.9487],[12.0221,55.9487],[12.0221,55.9488],[12.0219,55.9493],[12.0219,55.9496],[12.0219,55.9496],[12.0219,55.9497],[12.0219,55.9498],[12.023,55.95]]]},"properties":{"sourceId":"ais_par3.154903","a_type":3210,"hectares":0.991}},{"type":"Feature","id":"ais_par3.154904","geometry":{"type":"Polygon","coordinates":[[[12.0233,55.9465],[12.0235,55.9464],[12.0238,55.9461],[12.0239,55.9459],[12.0239,55.9457],[12.0244,55.9452],[12.0246,55.9449],[12.0247,55.9446],[12.0251,55.9444],[12.0254,55.9441],[12.026,55.944],[12.0263,55.9435],[12.0267,55.9434],[12.0271,55.9432],[12.0273,55.9429],[12.0274,55.9427],[12.0276,55.9425],[12.0279,55.9422],[12.0281,55.942],[12.0285,55.9419],[12.0286,55.9417],[12.0289,55.9416],[12.0291,55.9414],[12.0292,55.941],[12.0295,55.9407],[12.0297,55.9402],[12.0301,55.9399],[12.0305,55.9399],[12.0308,55.9398],[12.0309,55.9395],[12.031,55.9395],[12.0312,55.9392],[12.0315,55.9391],[12.0321,55.9391],[12.0328,55.939],[12.0329,55.9389],[12.0333,55.9389],[12.0335,55.9386],[12.0333,55.9386],[12.0333,55.9383],[12.0333,55.9383],[12.0329,55.9382],[12.0327,55.9381],[12.0325,55.938],[12.0322,55.9377],[12.0324,55.9374],[12.0328,55.937],[12.033,55.9367],[12.0329,55.9365],[12.0331,55.9364],[12.0331,55.9362],[12.0336,55.9358],[12.0328,55.9357],[12.0328,55.9357],[12.0326,55.9361],[12.0325,55.9362],[12.0324,55.9364],[12.0322,55.9367],[12.0321,55.9367],[12.0321,55.9368],[12.0319,55.9369],[12.0318,55.937],[12.0317,55.9371],[12.0316,55.9371],[12.0316,55.9371],[12.0315,55.9373],[12.0315,55.9373],[12.0314,55.9374],[12.0314,55.9374],[12.0313,55.9375],[12.0312,55.9376],[12.0311,55.9376],[12.0311,55.9377],[12.031,55.9377],[12.0309,55.9378],[12.0309,55.9379],[12.0308,55.938],[12.0306,55.9382],[12.0304,55.9384],[12.0304,55.9385],[12.0303,55.9386],[12.0303,55.9386],[12.0302,55.9387],[12.0301,55.9388],[12.03,55.9389],[12.03,55.939],[12.0299,55.9392],[12.0298,55.9394],[12.0298,55.9394],[12.0298,55.9395],[12.0297,55.9396],[12.0295,55.9399],[12.0294,55.94],[12.0294,55.94],[12.0293,55.9401],[12.0292,55.9403],[12.029,55.9406],[12.0289,55.9407],[12.0288,55.9408],[12.0288,55.9409],[12.0287,55.9409],[12.0287,55.941],[12.0286,55.9411],[12.0285,55.9413],[12.0282,55.9415],[12.0281,55.9416],[12.028,55.9417],[12.0279,55.9418],[12.0278,55.9418],[12.0277,55.9419],[12.0277,55.942],[12.0276,55.942],[12.0275,55.9421],[12.0274,55.9422],[12.0274,55.9422],[12.0273,55.9423],[12.0269,55.9425],[12.0269,55.9426],[12.0268,55.9427],[12.0267,55.9427],[12.0266,55.9428],[12.0265,55.9428],[12.0265,55.9428],[12.0263,55.9429],[12.0262,55.943],[12.0262,55.943],[12.0261,55.9431],[12.0261,55.9431],[12.026,55.9431],[12.026,55.9431],[12.0255,55.9436],[12.0251,55.9439],[12.0249,55.9441],[12.0248,55.9441],[12.0247,55.9442],[12.0246,55.9443],[12.0244,55.9444],[12.0244,55.9445],[12.0243,55.9445],[12.0241,55.9447],[12.0241,55.9447],[12.0241,55.9448],[12.0241,55.9449],[12.024,55.9449],[12.024,55.945],[12.0238,55.9451],[12.0238,55.9452],[12.0236,55.9453],[12.0234,55.9456],[12.0234,55.9457],[12.0233,55.9458],[12.0233,55.9459],[12.0233,55.9461],[12.0232,55.9462],[12.0231,55.9462],[12.0231,55.9463],[12.0231,55.9463],[12.0231,55.9463],[12.023,55.9464],[12.0229,55.9464],[12.0229,55.9464],[12.0233,55.9465]]]},"properties":{"sourceId":"ais_par3.154904","a_type":3210,"hectares":7.308}},{"type":"Feature","id":"ais_par3.154905","geometry":{"type":"Polygon","coordinates":[[[12.0341,55.9347],[12.0341,55.9347],[12.0344,55.9348],[12.0348,55.9346],[12.0351,55.9345],[12.0353,55.9342],[12.0356,55.9341],[12.0358,55.9338],[12.0361,55.9336],[12.0366,55.9334],[12.0367,55.9333],[12.0371,55.9331],[12.0373,55.9329],[12.0375,55.9328],[12.0378,55.9326],[12.038,55.9325],[12.0381,55.9323],[12.0379,55.9322],[12.0376,55.9322],[12.0372,55.9321],[12.0371,55.9322],[12.0371,55.9322],[12.0369,55.9324],[12.0369,55.9324],[12.0367,55.9326],[12.0365,55.9327],[12.0364,55.9328],[12.0364,55.9329],[12.0362,55.9331],[12.0361,55.9332],[12.036,55.9333],[12.0359,55.9334],[12.0356,55.9335],[12.0354,55.9337],[12.0354,55.9337],[12.0352,55.9338],[12.035,55.9339],[12.0346,55.9341],[12.0345,55.9341],[12.0344,55.9342],[12.0343,55.9342],[12.0341,55.9342],[12.0339,55.9343],[12.0338,55.9346],[12.0341,55.9347]]]},"properties":{"sourceId":"ais_par3.154905","a_type":3210,"hectares":1.69}},{"type":"Feature","id":"ais_par3.154906","geometry":{"type":"Polygon","coordinates":[[[12.0378,55.932],[12.0382,55.9322],[12.0389,55.9319],[12.0392,55.9319],[12.0396,55.9318],[12.0397,55.9316],[12.0395,55.9315],[12.0394,55.9314],[12.0395,55.9312],[12.0395,55.9311],[12.0394,55.931],[12.0393,55.9309],[12.039,55.9309],[12.039,55.931],[12.039,55.9311],[12.0388,55.9313],[12.0384,55.9314],[12.0384,55.9314],[12.0383,55.9315],[12.0381,55.9316],[12.038,55.9316],[12.0379,55.9316],[12.0377,55.9318],[12.0376,55.9318],[12.0376,55.9318],[12.0376,55.9318],[12.0378,55.932]]]},"properties":{"sourceId":"ais_par3.154906","a_type":3210,"hectares":0.889}},{"type":"Feature","id":"ais_par3.154907","geometry":{"type":"Polygon","coordinates":[[[12.0413,55.9299],[12.0415,55.9297],[12.0417,55.9291],[12.0419,55.9285],[12.0419,55.9284],[12.0416,55.9282],[12.0407,55.9281],[12.0405,55.9287],[12.0404,55.9287],[12.0404,55.9287],[12.0404,55.9288],[12.0404,55.9288],[12.0403,55.9288],[12.0403,55.9288],[12.0403,55.9289],[12.0402,55.9289],[12.0401,55.929],[12.0401,55.9291],[12.04,55.9291],[12.0399,55.9292],[12.0398,55.9293],[12.0397,55.9294],[12.0396,55.9294],[12.0395,55.9296],[12.0395,55.9296],[12.0413,55.9299]]]},"properties":{"sourceId":"ais_par3.154907","a_type":3210,"hectares":1.817}},{"type":"Feature","id":"ais_par3.154908","geometry":{"type":"Polygon","coordinates":[[[12.0424,55.9265],[12.0425,55.9264],[12.0427,55.9263],[12.0428,55.9261],[12.0427,55.9259],[12.0421,55.9259],[12.0421,55.9261],[12.0419,55.9263],[12.0418,55.9265],[12.0424,55.9265]]]},"properties":{"sourceId":"ais_par3.154908","a_type":3210,"hectares":0.26}},{"type":"Feature","id":"ais_par3.154909","geometry":{"type":"Polygon","coordinates":[[[12.0428,55.9257],[12.0429,55.9257],[12.0429,55.9255],[12.043,55.9253],[12.043,55.9251],[12.0428,55.925],[12.0426,55.9253],[12.0426,55.9253],[12.0426,55.9253],[12.0426,55.9253],[12.0425,55.9254],[12.0424,55.9255],[12.0423,55.9257],[12.0428,55.9257]]]},"properties":{"sourceId":"ais_par3.154909","a_type":3210,"hectares":0.195}},{"type":"Feature","id":"ais_par3.154910","geometry":{"type":"Polygon","coordinates":[[[12.045,55.9211],[12.0449,55.9212],[12.0448,55.9212],[12.0448,55.9213],[12.0447,55.9213],[12.0447,55.9214],[12.0447,55.9216],[12.0446,55.9217],[12.0446,55.9217],[12.0445,55.9217],[12.0444,55.9219],[12.0444,55.9221],[12.0443,55.9222],[12.0442,55.9225],[12.0441,55.9226],[12.0441,55.9226],[12.044,55.9227],[12.0439,55.9228],[12.0439,55.9229],[12.0439,55.923],[12.0439,55.923],[12.0438,55.923],[12.0438,55.9231],[12.0437,55.9231],[12.0436,55.9232],[12.0435,55.9232],[12.0435,55.9233],[12.0435,55.9233],[12.0435,55.9236],[12.0434,55.9238],[12.0434,55.9239],[12.0434,55.9241],[12.0434,55.9242],[12.0433,55.9243],[12.0433,55.9244],[12.0432,55.9245],[12.0432,55.9246],[12.0431,55.9246],[12.0431,55.9247],[12.0429,55.9248],[12.0431,55.9249],[12.0433,55.9248],[12.0435,55.9245],[12.0437,55.9243],[12.044,55.9242],[12.0442,55.924],[12.0443,55.9239],[12.0444,55.9237],[12.0445,55.9236],[12.0444,55.9234],[12.0444,55.9232],[12.0445,55.923],[12.0446,55.9228],[12.0448,55.9225],[12.0447,55.9223],[12.045,55.9222],[12.0451,55.922],[12.0451,55.9219],[12.0451,55.9218],[12.045,55.9216],[12.0452,55.9214],[12.0455,55.9211],[12.0458,55.9209],[12.0456,55.9208],[12.0452,55.9207],[12.0451,55.9207],[12.0451,55.9208],[12.0451,55.9208],[12.045,55.9209],[12.045,55.921],[12.045,55.9211],[12.045,55.9211]]]},"properties":{"sourceId":"ais_par3.154910","a_type":3210,"hectares":1.786}},{"type":"Feature","id":"ais_par3.154911","geometry":{"type":"Polygon","coordinates":[[[12.0484,55.9122],[12.0481,55.9115],[12.0478,55.9116],[12.0478,55.9118],[12.0477,55.9118],[12.0477,55.9118],[12.0477,55.9119],[12.0477,55.912],[12.0477,55.9121],[12.0478,55.9122],[12.0478,55.9123],[12.0484,55.9122]]]},"properties":{"sourceId":"ais_par3.154911","a_type":3210,"hectares":0.249}},{"type":"Feature","id":"ais_par3.154912","geometry":{"type":"Polygon","coordinates":[[[12.0481,55.9109],[12.0481,55.9106],[12.0479,55.9102],[12.0475,55.9103],[12.0474,55.9103],[12.0476,55.9109],[12.0476,55.9109],[12.0481,55.9109]]]},"properties":{"sourceId":"ais_par3.154912","a_type":3210,"hectares":0.239}},{"type":"Feature","id":"ais_par3.154913","geometry":{"type":"Polygon","coordinates":[[[12.0468,55.9066],[12.0469,55.9067],[12.0472,55.9071],[12.0475,55.9076],[12.0475,55.9078],[12.0472,55.908],[12.0471,55.9087],[12.0476,55.9087],[12.048,55.9083],[12.0485,55.9079],[12.0488,55.9078],[12.0492,55.9078],[12.0491,55.9072],[12.0489,55.9066],[12.0486,55.9062],[12.0485,55.9059],[12.0473,55.9061],[12.0469,55.9062],[12.0468,55.9066]]]},"properties":{"sourceId":"ais_par3.154913","a_type":3210,"hectares":2.902}},{"type":"Feature","id":"ais_par3.154914","geometry":{"type":"Polygon","coordinates":[[[12.0467,55.9032],[12.0465,55.9029],[12.0466,55.9026],[12.0469,55.9025],[12.0473,55.9025],[12.0474,55.9013],[12.0463,55.9012],[12.0462,55.9018],[12.0462,55.9022],[12.0463,55.9032],[12.0464,55.904],[12.0465,55.9041],[12.0466,55.9041],[12.0468,55.904],[12.0468,55.9038],[12.0468,55.9038],[12.0467,55.9032]]]},"properties":{"sourceId":"ais_par3.154914","a_type":3210,"hectares":1.356}},{"type":"Feature","id":"ais_par3.154916","geometry":{"type":"Polygon","coordinates":[[[12.0596,55.8831],[12.0598,55.8829],[12.0607,55.8824],[12.0608,55.8823],[12.0605,55.8822],[12.0604,55.8823],[12.0602,55.8824],[12.06,55.8826],[12.0599,55.8826],[12.0594,55.8829],[12.0594,55.8829],[12.0593,55.883],[12.0596,55.8831]]]},"properties":{"sourceId":"ais_par3.154916","a_type":3210,"hectares":0.295}},{"type":"Feature","id":"ais_par3.154917","geometry":{"type":"Polygon","coordinates":[[[11.9024,55.9217],[11.9023,55.9212],[11.9018,55.9212],[11.9019,55.9205],[11.9025,55.9206],[11.9029,55.9198],[11.9024,55.9198],[11.9024,55.9198],[11.9016,55.9196],[11.9016,55.9198],[11.9016,55.9199],[11.9016,55.92],[11.9017,55.9203],[11.9017,55.9203],[11.9016,55.9205],[11.9016,55.9205],[11.9016,55.9206],[11.9015,55.9207],[11.9013,55.9207],[11.9012,55.9207],[11.9011,55.9208],[11.9011,55.9209],[11.901,55.9209],[11.901,55.921],[11.9011,55.9212],[11.9011,55.9212],[11.9012,55.9213],[11.9013,55.9214],[11.9013,55.9215],[11.9014,55.9216],[11.9014,55.9217],[11.9015,55.9218],[11.9024,55.9217]]]},"properties":{"sourceId":"ais_par3.154917","a_type":3210,"hectares":1.355}},{"type":"Feature","id":"ais_par3.154918","geometry":{"type":"Polygon","coordinates":[[[11.9038,55.9184],[11.9046,55.9174],[11.9034,55.917],[11.9033,55.9172],[11.9033,55.9173],[11.9032,55.9173],[11.9031,55.9174],[11.9031,55.9175],[11.903,55.9175],[11.9029,55.9176],[11.9027,55.9178],[11.9026,55.9178],[11.9025,55.9179],[11.9024,55.918],[11.9023,55.918],[11.9038,55.9184]]]},"properties":{"sourceId":"ais_par3.154918","a_type":3210,"hectares":1.108}},{"type":"Feature","id":"ais_par3.154919","geometry":{"type":"Polygon","coordinates":[[[11.9088,55.9142],[11.9096,55.9138],[11.909,55.9135],[11.9092,55.9134],[11.9095,55.9135],[11.9097,55.9134],[11.9099,55.9132],[11.9098,55.913],[11.9098,55.9129],[11.9102,55.913],[11.9103,55.913],[11.9104,55.9129],[11.9104,55.9127],[11.9106,55.9126],[11.9107,55.9125],[11.9108,55.9126],[11.9109,55.9127],[11.9111,55.9124],[11.9112,55.9123],[11.9113,55.9122],[11.9114,55.9122],[11.9115,55.9121],[11.9115,55.9119],[11.9116,55.9117],[11.912,55.9115],[11.9123,55.9113],[11.9125,55.9111],[11.9133,55.9105],[11.9136,55.9102],[11.9139,55.91],[11.9143,55.9095],[11.914,55.9093],[11.9136,55.9094],[11.9129,55.9101],[11.9121,55.9107],[11.9121,55.9107],[11.912,55.9108],[11.9119,55.9109],[11.9117,55.911],[11.9116,55.9112],[11.9114,55.9113],[11.9113,55.9114],[11.9111,55.9116],[11.911,55.9117],[11.9108,55.9118],[11.9107,55.912],[11.9105,55.9121],[11.9104,55.9122],[11.9104,55.9122],[11.9103,55.9123],[11.9101,55.9124],[11.9095,55.9128],[11.9093,55.913],[11.9092,55.913],[11.9085,55.9136],[11.9082,55.9139],[11.9079,55.9143],[11.9082,55.9145],[11.9087,55.9143],[11.9088,55.9142]]]},"properties":{"sourceId":"ais_par3.154919","a_type":3210,"hectares":2.96}},{"type":"Feature","id":"ais_par3.154920","geometry":{"type":"Polygon","coordinates":[[[11.9182,55.9056],[11.9185,55.9057],[11.9193,55.9057],[11.9196,55.9056],[11.9203,55.9055],[11.9208,55.9053],[11.9211,55.9048],[11.9217,55.9043],[11.9221,55.9044],[11.9227,55.9038],[11.921,55.9034],[11.921,55.9037],[11.921,55.904],[11.9207,55.9043],[11.9202,55.9044],[11.9198,55.9045],[11.9192,55.9046],[11.9189,55.9047],[11.9186,55.9049],[11.918,55.9053],[11.9177,55.9054],[11.9182,55.9056]],[[11.9198,55.9047],[11.92,55.9047],[11.9201,55.9049],[11.9203,55.9049],[11.9202,55.9049],[11.92,55.905],[11.9198,55.9047]]]},"properties":{"sourceId":"ais_par3.154920","a_type":3210,"hectares":2.895}},{"type":"Feature","id":"ais_par3.154949","geometry":{"type":"Polygon","coordinates":[[[11.9235,55.9],[11.9244,55.8999],[11.9246,55.8997],[11.9248,55.8996],[11.925,55.8996],[11.9252,55.8996],[11.9252,55.8999],[11.9255,55.9],[11.9258,55.9001],[11.9261,55.8999],[11.9268,55.8992],[11.9271,55.899],[11.9273,55.8989],[11.9282,55.8992],[11.9287,55.8988],[11.9296,55.8995],[11.9299,55.8994],[11.9302,55.8995],[11.9308,55.8995],[11.9313,55.8995],[11.9316,55.8994],[11.9318,55.8995],[11.9318,55.8996],[11.9319,55.8997],[11.9319,55.8999],[11.9319,55.9],[11.9319,55.9001],[11.9325,55.9001],[11.9326,55.9001],[11.9329,55.9],[11.933,55.9001],[11.9332,55.9002],[11.9332,55.8999],[11.933,55.8997],[11.933,55.8997],[11.933,55.8997],[11.9329,55.8997],[11.9328,55.8997],[11.9327,55.8995],[11.9327,55.8994],[11.9329,55.8992],[11.9332,55.8991],[11.9333,55.8989],[11.9334,55.8987],[11.9335,55.8986],[11.9335,55.8986],[11.9337,55.8987],[11.9338,55.8988],[11.9341,55.8985],[11.9345,55.8983],[11.9348,55.8975],[11.9349,55.8974],[11.935,55.8973],[11.9351,55.8973],[11.935,55.8971],[11.935,55.8971],[11.9353,55.8968],[11.9356,55.8966],[11.9361,55.8965],[11.9367,55.8965],[11.9371,55.8965],[11.9374,55.8967],[11.9379,55.8967],[11.9388,55.8968],[11.939,55.8969],[11.9389,55.8968],[11.9389,55.8967],[11.939,55.8967],[11.9392,55.8966],[11.9393,55.8965],[11.9394,55.8965],[11.9395,55.8966],[11.9395,55.8967],[11.9394,55.8969],[11.9393,55.8969],[11.9396,55.8969],[11.9389,55.8976],[11.9382,55.8975],[11.9377,55.8978],[11.9361,55.8986],[11.9355,55.899],[11.935,55.8995],[11.9346,55.9],[11.9346,55.9001],[11.9347,55.9004],[11.9344,55.9008],[11.9339,55.9008],[11.9335,55.9007],[11.9334,55.9007],[11.9332,55.9007],[11.9331,55.9007],[11.9329,55.9008],[11.9327,55.9009],[11.9326,55.901],[11.9328,55.901],[11.9331,55.901],[11.9334,55.9009],[11.9335,55.9008],[11.9335,55.9008],[11.9336,55.9007],[11.934,55.9008],[11.9344,55.9008],[11.9349,55.9009],[11.9348,55.9011],[11.9347,55.9011],[11.9346,55.9012],[11.9358,55.9015],[11.9363,55.9015],[11.9372,55.9013],[11.9383,55.9013],[11.939,55.9011],[11.9423,55.9009],[11.9434,55.9009],[11.9435,55.9005],[11.9413,55.9002],[11.9413,55.8999],[11.9414,55.8995],[11.9416,55.8993],[11.9423,55.8991],[11.9429,55.8991],[11.9431,55.8989],[11.9438,55.8989],[11.9436,55.8987],[11.9442,55.8979],[11.9447,55.8978],[11.9454,55.8976],[11.9457,55.8977],[11.9447,55.8988],[11.945,55.899],[11.945,55.8992],[11.9447,55.8994],[11.9443,55.8994],[11.9438,55.9],[11.9451,55.9002],[11.9455,55.8998],[11.9456,55.8997],[11.9457,55.8995],[11.946,55.8992],[11.9461,55.899],[11.9459,55.899],[11.9455,55.8989],[11.9458,55.8985],[11.9461,55.8981],[11.9463,55.8979],[11.9465,55.8979],[11.9469,55.898],[11.947,55.898],[11.9478,55.8974],[11.9483,55.897],[11.9509,55.8955],[11.9515,55.8951],[11.9515,55.895],[11.9514,55.8941],[11.9512,55.894],[11.9511,55.8941],[11.9508,55.8941],[11.9507,55.894],[11.9506,55.8939],[11.9509,55.8934],[11.9511,55.8935],[11.9512,55.8935],[11.9513,55.8936],[11.952,55.8936],[11.9523,55.8932],[11.9525,55.893],[11.9528,55.893],[11.9531,55.8932],[11.9528,55.8935],[11.9536,55.8937],[11.9539,55.8934],[11.9543,55.8935],[11.9548,55.893],[11.9549,55.8929],[11.9547,55.8928],[11.9549,55.8925],[11.9552,55.8925],[11.9553,55.8923],[11.9554,55.8921],[11.9555,55.892],[11.9556,55.8918],[11.9556,55.8916],[11.9555,55.8911],[11.9554,55.8893],[11.9554,55.8887],[11.9553,55.8886],[11.9554,55.8884],[11.9553,55.8882],[11.9553,55.8881],[11.9553,55.888],[11.9553,55.8877],[11.9553,55.8874],[11.9552,55.8873],[11.9552,55.8871],[11.9538,55.8875],[11.9534,55.8884],[11.9529,55.8884],[11.9528,55.8886],[11.9514,55.8886],[11.9508,55.8886],[11.9501,55.8883],[11.9495,55.8881],[11.9495,55.8863],[11.9496,55.8861],[11.9496,55.8859],[11.9501,55.8858],[11.9503,55.8857],[11.9501,55.8857],[11.9498,55.8855],[11.9499,55.8855],[11.9496,55.8854],[11.9494,55.8841],[11.9498,55.8841],[11.9502,55.8839],[11.9502,55.8835],[11.9511,55.883],[11.9514,55.8829],[11.9519,55.8828],[11.9525,55.8829],[11.9535,55.8828],[11.9535,55.8817],[11.9537,55.881],[11.9528,55.8808],[11.9521,55.8819],[11.9488,55.8817],[11.9488,55.8812],[11.9488,55.8806],[11.9492,55.88],[11.95,55.8792],[11.9504,55.8782],[11.9507,55.8775],[11.951,55.8768],[11.9477,55.8762],[11.9476,55.8762],[11.9477,55.876],[11.9478,55.8758],[11.9478,55.8755],[11.9479,55.8753],[11.9483,55.8739],[11.9434,55.873],[11.9428,55.8726],[11.9429,55.8724],[11.9429,55.8722],[11.9428,55.872],[11.9426,55.8719],[11.9425,55.8717],[11.9424,55.8716],[11.9422,55.8716],[11.942,55.8716],[11.9417,55.8715],[11.9414,55.8715],[11.9412,55.8715],[11.9412,55.8715],[11.9412,55.8715],[11.9412,55.8715],[11.9406,55.8715],[11.9403,55.8715],[11.9401,55.8715],[11.9399,55.8715],[11.9397,55.8715],[11.9394,55.8716],[11.9392,55.8716],[11.9389,55.8717],[11.9387,55.8717],[11.9384,55.8718],[11.9381,55.8719],[11.938,55.8719],[11.9379,55.8719],[11.9377,55.872],[11.9376,55.872],[11.9375,55.872],[11.9374,55.8721],[11.9372,55.8721],[11.9371,55.8722],[11.937,55.8722],[11.9369,55.8722],[11.9367,55.8723],[11.9365,55.8724],[11.9363,55.8724],[11.9362,55.8725],[11.9361,55.8725],[11.936,55.8726],[11.9359,55.8726],[11.9357,55.8728],[11.9356,55.8729],[11.9354,55.873],[11.9352,55.8731],[11.9351,55.8732],[11.935,55.8733],[11.9349,55.8734],[11.9348,55.8734],[11.9347,55.8736],[11.9347,55.8736],[11.9346,55.8737],[11.9345,55.8738],[11.9344,55.8739],[11.9343,55.874],[11.9341,55.8741],[11.9339,55.8741],[11.9339,55.8742],[11.9338,55.8742],[11.9337,55.8743],[11.9336,55.8744],[11.9335,55.8745],[11.9335,55.8745],[11.9335,55.8746],[11.9334,55.8747],[11.9334,55.8748],[11.9333,55.8748],[11.9333,55.8748],[11.9332,55.875],[11.9331,55.875],[11.9331,55.8751],[11.933,55.8751],[11.9329,55.8752],[11.9328,55.8753],[11.9328,55.8753],[11.9327,55.8755],[11.9326,55.8756],[11.9325,55.8758],[11.9324,55.876],[11.9323,55.8762],[11.9322,55.8762],[11.9322,55.8763],[11.9322,55.8764],[11.9321,55.8765],[11.9321,55.8766],[11.932,55.8767],[11.9319,55.8767],[11.9319,55.8767],[11.9319,55.8769],[11.9317,55.877],[11.9316,55.8772],[11.9314,55.8774],[11.9313,55.8775],[11.9311,55.8777],[11.9309,55.8779],[11.9307,55.8782],[11.9306,55.8783],[11.9306,55.8784],[11.9306,55.8784],[11.9305,55.8785],[11.9305,55.8786],[11.9305,55.8787],[11.9304,55.8789],[11.9303,55.8791],[11.9303,55.8795],[11.9303,55.8797],[11.9301,55.8798],[11.9299,55.88],[11.9296,55.8803],[11.9295,55.8805],[11.9294,55.8807],[11.9294,55.8809],[11.9294,55.881],[11.9294,55.881],[11.9294,55.8812],[11.9294,55.8813],[11.9295,55.8814],[11.9295,55.8816],[11.9295,55.8818],[11.9295,55.882],[11.9295,55.8822],[11.9295,55.8824],[11.9294,55.8826],[11.9295,55.8828],[11.9295,55.8829],[11.9295,55.8832],[11.9295,55.8833],[11.9295,55.8836],[11.9295,55.8839],[11.9295,55.8842],[11.9293,55.8843],[11.9293,55.8845],[11.9295,55.8845],[11.9295,55.8847],[11.9295,55.8849],[11.9296,55.8851],[11.9296,55.8853],[11.9296,55.8852],[11.9297,55.8852],[11.9297,55.8852],[11.9298,55.8852],[11.9298,55.8852],[11.9299,55.8852],[11.9299,55.8853],[11.9299,55.8853],[11.9299,55.8853],[11.9298,55.8854],[11.9298,55.8854],[11.9297,55.8854],[11.9297,55.8854],[11.9296,55.8853],[11.9296,55.8853],[11.9296,55.8855],[11.9296,55.8856],[11.9297,55.8858],[11.9297,55.886],[11.9298,55.8862],[11.9298,55.8864],[11.9299,55.8866],[11.9299,55.8867],[11.93,55.8869],[11.9302,55.887],[11.9302,55.8872],[11.9305,55.8875],[11.9305,55.8878],[11.9306,55.888],[11.9306,55.8882],[11.9306,55.8885],[11.9306,55.8887],[11.9305,55.8888],[11.9306,55.8889],[11.9306,55.889],[11.931,55.8893],[11.9313,55.8894],[11.9315,55.8895],[11.9316,55.8898],[11.9316,55.8902],[11.9316,55.8905],[11.9316,55.8906],[11.9316,55.8908],[11.9315,55.8909],[11.9314,55.8911],[11.9314,55.8913],[11.9314,55.8914],[11.9313,55.8917],[11.9311,55.8918],[11.9311,55.8918],[11.931,55.8918],[11.931,55.8919],[11.9309,55.8919],[11.9308,55.8919],[11.9306,55.8919],[11.9305,55.892],[11.9304,55.892],[11.9303,55.8921],[11.9302,55.8921],[11.9298,55.8922],[11.9297,55.8923],[11.9294,55.8924],[11.9295,55.8926],[11.9295,55.8927],[11.9292,55.893],[11.9292,55.893],[11.9292,55.8931],[11.9291,55.8931],[11.929,55.8931],[11.9289,55.8932],[11.9287,55.8933],[11.9287,55.8933],[11.9286,55.8933],[11.9285,55.8933],[11.928,55.8935],[11.928,55.8935],[11.928,55.8935],[11.9278,55.8935],[11.9277,55.8935],[11.9276,55.8935],[11.9275,55.8935],[11.9273,55.8934],[11.9272,55.8934],[11.9271,55.8934],[11.927,55.8933],[11.9268,55.8932],[11.9268,55.8932],[11.9269,55.8933],[11.927,55.8935],[11.9272,55.8935],[11.9269,55.8939],[11.9266,55.8939],[11.9266,55.8945],[11.9266,55.8946],[11.9265,55.8948],[11.9263,55.8949],[11.9262,55.895],[11.9262,55.895],[11.9262,55.895],[11.9261,55.895],[11.926,55.895],[11.9258,55.895],[11.9255,55.8952],[11.9255,55.8953],[11.9251,55.8958],[11.9249,55.8958],[11.9247,55.8958],[11.9247,55.8959],[11.9245,55.8961],[11.9243,55.8962],[11.9243,55.8964],[11.9242,55.8965],[11.9242,55.8967],[11.9241,55.8969],[11.9239,55.8971],[11.9236,55.8972],[11.9236,55.8973],[11.9236,55.8974],[11.9236,55.8974],[11.9236,55.8975],[11.9236,55.8975],[11.9236,55.8976],[11.9236,55.8976],[11.9235,55.8978],[11.9235,55.8978],[11.9235,55.8979],[11.9235,55.898],[11.9234,55.898],[11.9234,55.8981],[11.9233,55.8982],[11.9232,55.8983],[11.9231,55.8984],[11.9231,55.8985],[11.923,55.8987],[11.9229,55.8988],[11.9228,55.899],[11.9227,55.899],[11.9227,55.8991],[11.9226,55.8991],[11.9226,55.8992],[11.9224,55.8992],[11.9224,55.8992],[11.9224,55.8993],[11.9225,55.8994],[11.9225,55.8994],[11.9225,55.8995],[11.9225,55.8995],[11.9225,55.8996],[11.9224,55.8997],[11.9224,55.8998],[11.9223,55.8998],[11.9223,55.8999],[11.9235,55.9]],[[11.9364,55.8857],[11.9365,55.8856],[11.9365,55.8852],[11.9365,55.885],[11.9364,55.8848],[11.9363,55.8846],[11.9362,55.8845],[11.9361,55.8843],[11.936,55.8841],[11.9359,55.8839],[11.9358,55.8838],[11.9358,55.8835],[11.9359,55.8833],[11.9359,55.8832],[11.936,55.883],[11.9361,55.8829],[11.9363,55.8827],[11.9365,55.8825],[11.9367,55.8824],[11.9369,55.8822],[11.9375,55.882],[11.9377,55.8819],[11.938,55.8818],[11.9383,55.8816],[11.9385,55.8815],[11.9388,55.8814],[11.9393,55.8812],[11.9396,55.8811],[11.9405,55.8808],[11.9408,55.8807],[11.9413,55.8805],[11.9415,55.8804],[11.9421,55.8802],[11.9424,55.8801],[11.9424,55.8801],[11.9428,55.8801],[11.9433,55.88],[11.9435,55.8798],[11.944,55.8798],[11.9443,55.8797],[11.9446,55.8797],[11.9449,55.8796],[11.9453,55.8797],[11.9456,55.8797],[11.9456,55.8798],[11.9457,55.88],[11.9457,55.8802],[11.9457,55.8804],[11.9458,55.8805],[11.9458,55.8807],[11.9458,55.8809],[11.9458,55.8811],[11.9457,55.8813],[11.9456,55.8815],[11.9455,55.8816],[11.9454,55.8818],[11.9453,55.882],[11.9453,55.8822],[11.9452,55.8823],[11.9451,55.8825],[11.9448,55.8826],[11.9447,55.8828],[11.9448,55.883],[11.9447,55.8831],[11.9447,55.8833],[11.9447,55.8835],[11.9447,55.8837],[11.9447,55.8839],[11.9447,55.8841],[11.9447,55.8843],[11.9446,55.8844],[11.9446,55.8848],[11.9449,55.8849],[11.9452,55.885],[11.9455,55.8851],[11.9458,55.8851],[11.9461,55.8852],[11.9463,55.8854],[11.9465,55.8855],[11.9465,55.8857],[11.9465,55.8859],[11.9463,55.886],[11.9462,55.8862],[11.946,55.8864],[11.9458,55.8865],[11.9457,55.8867],[11.9457,55.8869],[11.9457,55.887],[11.9456,55.8872],[11.9456,55.8874],[11.9456,55.8876],[11.9456,55.8878],[11.9455,55.888],[11.9455,55.8882],[11.9455,55.8883],[11.9455,55.8885],[11.9455,55.8887],[11.9455,55.8889],[11.9454,55.8891],[11.9455,55.8893],[11.9454,55.8895],[11.9454,55.8897],[11.9454,55.8899],[11.9455,55.89],[11.9455,55.8905],[11.9454,55.8906],[11.9461,55.8906],[11.9464,55.8905],[11.9464,55.8908],[11.9486,55.8908],[11.9492,55.8908],[11.9492,55.8915],[11.9489,55.8919],[11.9489,55.8921],[11.949,55.8922],[11.9491,55.8924],[11.9481,55.894],[11.948,55.8943],[11.9479,55.8948],[11.9479,55.895],[11.9474,55.8954],[11.9463,55.8953],[11.9462,55.8952],[11.9461,55.8949],[11.9459,55.8945],[11.9456,55.8944],[11.9455,55.8944],[11.9454,55.8944],[11.9452,55.8945],[11.9448,55.8945],[11.9445,55.8945],[11.9439,55.8946],[11.9435,55.8946],[11.9433,55.8945],[11.9433,55.8944],[11.9437,55.8942],[11.9435,55.894],[11.9436,55.8939],[11.9437,55.8938],[11.9435,55.8937],[11.9434,55.8937],[11.9433,55.8938],[11.943,55.8938],[11.9429,55.8938],[11.9428,55.8939],[11.9428,55.894],[11.9426,55.894],[11.9423,55.894],[11.9423,55.8938],[11.9421,55.894],[11.9423,55.8944],[11.9425,55.8946],[11.9429,55.8947],[11.9432,55.8946],[11.9433,55.8947],[11.9432,55.8948],[11.9429,55.8948],[11.9427,55.8948],[11.9424,55.8947],[11.9419,55.8945],[11.9418,55.8942],[11.9414,55.8945],[11.9412,55.8947],[11.9411,55.8948],[11.9409,55.895],[11.9406,55.895],[11.9407,55.8948],[11.9407,55.8944],[11.9405,55.8941],[11.9404,55.8939],[11.9403,55.8937],[11.9402,55.8935],[11.9401,55.8933],[11.94,55.8932],[11.9399,55.893],[11.9396,55.8929],[11.9393,55.8929],[11.9389,55.8929],[11.9386,55.8928],[11.9384,55.8927],[11.9382,55.8925],[11.9382,55.8923],[11.9381,55.8922],[11.938,55.892],[11.9379,55.8918],[11.9378,55.8916],[11.9377,55.8915],[11.9375,55.8913],[11.9372,55.891],[11.937,55.8908],[11.9367,55.8907],[11.9362,55.8905],[11.9359,55.8904],[11.9356,55.8903],[11.9353,55.8903],[11.935,55.8902],[11.9347,55.8901],[11.9345,55.89],[11.9343,55.8898],[11.9341,55.8897],[11.9339,55.8895],[11.9337,55.8894],[11.9336,55.8892],[11.9333,55.8889],[11.9332,55.8887],[11.9332,55.8885],[11.9332,55.8883],[11.9333,55.8882],[11.9334,55.888],[11.9336,55.8878],[11.9338,55.8877],[11.934,55.8875],[11.9342,55.8874],[11.9346,55.8871],[11.9351,55.8868],[11.9352,55.8867],[11.9354,55.8865],[11.9357,55.8864],[11.9361,55.8861],[11.9363,55.8859],[11.9364,55.8857]],[[11.9281,55.8962],[11.9276,55.8966],[11.9266,55.8967],[11.926,55.8966],[11.9256,55.8963],[11.9258,55.8958],[11.9274,55.8943],[11.9288,55.8938],[11.9292,55.8937],[11.9296,55.894],[11.9293,55.8944],[11.9289,55.8952],[11.9289,55.8952],[11.9281,55.8962]],[[11.9237,55.8981],[11.9239,55.8975],[11.9243,55.8975],[11.9255,55.8976],[11.9259,55.8976],[11.9261,55.8976],[11.9265,55.8982],[11.9267,55.8982],[11.9271,55.8982],[11.9272,55.8983],[11.9273,55.8984],[11.9275,55.8985],[11.9272,55.8987],[11.9267,55.8988],[11.9265,55.8989],[11.9265,55.899],[11.9266,55.8991],[11.9266,55.8992],[11.9264,55.8992],[11.9262,55.8992],[11.9261,55.8992],[11.926,55.8991],[11.926,55.899],[11.926,55.899],[11.9259,55.8989],[11.9255,55.8989],[11.9251,55.899],[11.9249,55.8992],[11.9247,55.8993],[11.9246,55.8991],[11.9244,55.8989],[11.9244,55.8986],[11.9243,55.8985],[11.924,55.8985],[11.9234,55.8984],[11.9237,55.8981]],[[11.9455,55.8841],[11.9457,55.8841],[11.946,55.884],[11.9463,55.8841],[11.9463,55.8841],[11.9463,55.8846],[11.9462,55.8846],[11.9459,55.8846],[11.9458,55.8846],[11.9457,55.8846],[11.9456,55.8844],[11.9455,55.8842],[11.9455,55.8841]],[[11.9384,55.9007],[11.9384,55.9007],[11.9387,55.9002],[11.939,55.9003],[11.9394,55.9004],[11.9391,55.9009],[11.9386,55.9008],[11.9384,55.9007]],[[11.9377,55.8755],[11.9375,55.8755],[11.9374,55.8755],[11.9374,55.8753],[11.9375,55.8752],[11.9376,55.8751],[11.9377,55.8751],[11.938,55.8752],[11.9381,55.8753],[11.9382,55.8754],[11.9382,55.8757],[11.9381,55.8757],[11.938,55.8758],[11.938,55.8757],[11.9379,55.8756],[11.9378,55.8755],[11.9377,55.8755]],[[11.9366,55.8788],[11.9365,55.8787],[11.9365,55.8786],[11.9363,55.8784],[11.9363,55.8783],[11.9364,55.8783],[11.9365,55.8783],[11.9367,55.8784],[11.9369,55.8786],[11.9372,55.8788],[11.9372,55.8789],[11.9369,55.8789],[11.9366,55.8788]],[[11.9314,55.8797],[11.9313,55.8796],[11.9313,55.8795],[11.9314,55.8794],[11.9316,55.8794],[11.9317,55.8795],[11.9317,55.8796],[11.9317,55.8796],[11.9317,55.8797],[11.9318,55.8797],[11.9319,55.8797],[11.9321,55.8796],[11.9321,55.8796],[11.9322,55.8796],[11.9323,55.8796],[11.9323,55.8797],[11.9324,55.8797],[11.9323,55.8798],[11.9322,55.8798],[11.932,55.8798],[11.9319,55.8799],[11.9318,55.88],[11.9317,55.88],[11.9316,55.8799],[11.9316,55.8798],[11.9316,55.8797],[11.9314,55.8797]],[[11.9501,55.8822],[11.9502,55.8821],[11.9503,55.8821],[11.9504,55.8822],[11.9504,55.8823],[11.9502,55.8823],[11.95,55.8825],[11.9498,55.8826],[11.9497,55.8826],[11.9496,55.8826],[11.9496,55.8825],[11.9497,55.8823],[11.9501,55.8822]],[[11.9359,55.8994],[11.936,55.8993],[11.9361,55.8993],[11.9361,55.8993],[11.9363,55.8994],[11.9364,55.8994],[11.9364,55.8995],[11.9361,55.8996],[11.9359,55.8997],[11.9359,55.8997],[11.9358,55.8996],[11.9358,55.8995],[11.9358,55.8994],[11.9359,55.8994]],[[11.9475,55.879],[11.9475,55.8789],[11.9476,55.8789],[11.9477,55.8789],[11.9479,55.8789],[11.948,55.879],[11.948,55.8791],[11.9479,55.8792],[11.9478,55.8793],[11.9478,55.8793],[11.9477,55.8792],[11.9476,55.8791],[11.9475,55.879],[11.9475,55.879]],[[11.948,55.8947],[11.948,55.8947],[11.9481,55.8946],[11.9482,55.8945],[11.9483,55.8944],[11.9483,55.8944],[11.9484,55.8944],[11.9484,55.8944],[11.9485,55.8945],[11.9483,55.8947],[11.9482,55.8948],[11.9481,55.8948],[11.948,55.8948],[11.948,55.8947]],[[11.9453,55.8756],[11.945,55.8756],[11.9448,55.8756],[11.9446,55.8756],[11.9447,55.8754],[11.9448,55.8754],[11.9451,55.8753],[11.9453,55.8756]],[[11.9507,55.8821],[11.9507,55.882],[11.9507,55.8819],[11.9508,55.8819],[11.951,55.8819],[11.951,55.882],[11.9511,55.8821],[11.951,55.8822],[11.9509,55.8822],[11.9507,55.8822],[11.9507,55.8821]],[[11.9398,55.8782],[11.9398,55.878],[11.9398,55.8779],[11.9399,55.8779],[11.94,55.8779],[11.94,55.878],[11.9401,55.878],[11.9402,55.878],[11.9401,55.8781],[11.9399,55.8782],[11.9398,55.8783],[11.9398,55.8783],[11.9398,55.8782]],[[11.938,55.8789],[11.9381,55.8787],[11.9382,55.8786],[11.9383,55.8786],[11.9384,55.8787],[11.9383,55.8788],[11.9382,55.879],[11.9381,55.879],[11.938,55.8789],[11.938,55.8789]],[[11.935,55.8813],[11.935,55.8812],[11.9351,55.8811],[11.9352,55.8811],[11.9353,55.8811],[11.9354,55.8811],[11.9355,55.8812],[11.9355,55.8813],[11.935,55.8813]],[[11.9375,55.8738],[11.9375,55.8738],[11.9376,55.8737],[11.9376,55.8737],[11.9378,55.8737],[11.9378,55.8737],[11.9378,55.8738],[11.9378,55.8739],[11.9378,55.874],[11.9377,55.874],[11.9376,55.874],[11.9376,55.874],[11.9375,55.8739],[11.9375,55.8739],[11.9375,55.8738]],[[11.9387,55.8791],[11.9388,55.879],[11.9389,55.879],[11.9391,55.8791],[11.9391,55.8792],[11.939,55.8793],[11.9388,55.8793],[11.9387,55.8792],[11.9387,55.8791]],[[11.9442,55.8757],[11.9442,55.8757],[11.9441,55.8756],[11.9441,55.8755],[11.9442,55.8754],[11.9444,55.8755],[11.9445,55.8756],[11.9442,55.8757]],[[11.9454,55.8783],[11.9455,55.8782],[11.9456,55.8782],[11.9456,55.8782],[11.9457,55.8781],[11.9458,55.8781],[11.9459,55.8782],[11.9459,55.8782],[11.9459,55.8783],[11.9459,55.8784],[11.9458,55.8784],[11.9457,55.8783],[11.9456,55.8783],[11.9454,55.8783],[11.9454,55.8783]],[[11.9475,55.8857],[11.9477,55.8857],[11.9477,55.8858],[11.9477,55.8858],[11.9476,55.8859],[11.9476,55.8859],[11.9475,55.8859],[11.9474,55.8859],[11.9473,55.8858],[11.9473,55.8857],[11.9473,55.8857],[11.9474,55.8857],[11.9474,55.8857],[11.9475,55.8857]],[[11.9493,55.8773],[11.9493,55.8773],[11.9494,55.8772],[11.9495,55.8772],[11.9496,55.8772],[11.9496,55.8773],[11.9496,55.8774],[11.9496,55.8774],[11.9495,55.8774],[11.9494,55.8774],[11.9493,55.8773]],[[11.9463,55.88],[11.9463,55.8799],[11.9464,55.8799],[11.9466,55.8799],[11.9467,55.88],[11.9466,55.8801],[11.9466,55.8801],[11.9465,55.8801],[11.9464,55.8801],[11.9463,55.88],[11.9463,55.88]],[[11.9335,55.883],[11.9335,55.883],[11.9336,55.883],[11.9337,55.883],[11.9338,55.883],[11.934,55.8831],[11.934,55.8831],[11.9338,55.8832],[11.9337,55.8831],[11.9335,55.883]],[[11.9311,55.8804],[11.9311,55.8804],[11.9311,55.8803],[11.9312,55.8803],[11.9312,55.8803],[11.9313,55.8803],[11.9314,55.8804],[11.9314,55.8804],[11.9314,55.8804],[11.9313,55.8805],[11.9312,55.8805],[11.9312,55.8805],[11.9311,55.8804]],[[11.9441,55.876],[11.9441,55.876],[11.9441,55.8759],[11.9443,55.8759],[11.9445,55.8759],[11.9444,55.8759],[11.9444,55.876],[11.9443,55.8761],[11.9441,55.876]],[[11.9531,55.8827],[11.953,55.8826],[11.953,55.8826],[11.9531,55.8825],[11.9532,55.8825],[11.9533,55.8825],[11.9534,55.8826],[11.9533,55.8827],[11.9532,55.8827],[11.9531,55.8827]],[[11.938,55.8728],[11.938,55.8727],[11.938,55.8727],[11.938,55.8727],[11.938,55.8727],[11.9381,55.8726],[11.9381,55.8726],[11.9382,55.8727],[11.9382,55.8727],[11.9383,55.8727],[11.9383,55.8727],[11.9382,55.8728],[11.9382,55.8728],[11.9381,55.8728],[11.9381,55.8728],[11.938,55.8728],[11.938,55.8728]],[[11.9301,55.885],[11.93,55.885],[11.93,55.8849],[11.9301,55.8849],[11.9301,55.8849],[11.9302,55.8849],[11.9302,55.8849],[11.9303,55.8849],[11.9303,55.8849],[11.9303,55.8849],[11.9303,55.885],[11.9303,55.885],[11.9303,55.885],[11.9302,55.885],[11.9302,55.885],[11.9301,55.885],[11.9301,55.885]],[[11.9345,55.8836],[11.9345,55.8835],[11.9345,55.8835],[11.9345,55.8835],[11.9346,55.8834],[11.9346,55.8834],[11.9347,55.8834],[11.9347,55.8834],[11.9348,55.8835],[11.9348,55.8835],[11.9348,55.8835],[11.9348,55.8836],[11.9348,55.8836],[11.9347,55.8836],[11.9347,55.8836],[11.9346,55.8836],[11.9345,55.8836]],[[11.9321,55.8852],[11.9321,55.8852],[11.9321,55.8852],[11.9321,55.8851],[11.9322,55.8851],[11.9322,55.8851],[11.9323,55.8851],[11.9324,55.8851],[11.9324,55.8851],[11.9324,55.8852],[11.9324,55.8852],[11.9324,55.8852],[11.9324,55.8852],[11.9323,55.8853],[11.9323,55.8853],[11.9322,55.8852],[11.9321,55.8852]],[[11.9463,55.8755],[11.9462,55.8754],[11.9462,55.8754],[11.9463,55.8754],[11.9463,55.8753],[11.9464,55.8753],[11.9464,55.8753],[11.9465,55.8753],[11.9465,55.8754],[11.9465,55.8754],[11.9465,55.8754],[11.9465,55.8755],[11.9465,55.8755],[11.9464,55.8755],[11.9464,55.8755],[11.9463,55.8755],[11.9463,55.8755]],[[11.9419,55.8769],[11.9419,55.8769],[11.9419,55.8769],[11.9419,55.8768],[11.942,55.8768],[11.942,55.8768],[11.9421,55.8768],[11.9421,55.8768],[11.9422,55.8768],[11.9422,55.8769],[11.9422,55.8769],[11.9422,55.8769],[11.9421,55.877],[11.9421,55.877],[11.942,55.877],[11.942,55.877],[11.9419,55.8769]],[[11.9345,55.8769],[11.9345,55.8769],[11.9345,55.8769],[11.9345,55.8768],[11.9346,55.8768],[11.9346,55.8768],[11.9347,55.8768],[11.9348,55.8768],[11.9348,55.8768],[11.9348,55.8769],[11.9348,55.8769],[11.9348,55.8769],[11.9348,55.8769],[11.9347,55.877],[11.9347,55.877],[11.9346,55.8769],[11.9345,55.8769]],[[11.9361,55.8766],[11.9361,55.8766],[11.9361,55.8765],[11.9361,55.8765],[11.9362,55.8765],[11.9363,55.8765],[11.9363,55.8765],[11.9364,55.8765],[11.9364,55.8765],[11.9364,55.8765],[11.9364,55.8766],[11.9364,55.8766],[11.9364,55.8766],[11.9363,55.8766],[11.9363,55.8766],[11.9362,55.8766],[11.9361,55.8766]],[[11.9331,55.8892],[11.9331,55.8891],[11.9331,55.8891],[11.9331,55.8891],[11.9331,55.889],[11.9332,55.889],[11.9332,55.889],[11.9333,55.889],[11.9333,55.8891],[11.9334,55.8891],[11.9334,55.8891],[11.9334,55.8892],[11.9333,55.8892],[11.9332,55.8892],[11.9332,55.8892],[11.9331,55.8892],[11.9331,55.8892]],[[11.9418,55.874],[11.9418,55.874],[11.9418,55.874],[11.9418,55.8739],[11.9419,55.8739],[11.9419,55.8739],[11.942,55.8739],[11.9421,55.8739],[11.9421,55.8739],[11.9421,55.874],[11.9421,55.874],[11.9421,55.874],[11.9421,55.874],[11.942,55.8741],[11.942,55.8741],[11.9419,55.874],[11.9418,55.874]],[[11.9336,55.8899],[11.9336,55.8899],[11.9336,55.8899],[11.9336,55.8898],[11.9336,55.8898],[11.9337,55.8898],[11.9337,55.8898],[11.9338,55.8898],[11.9339,55.8898],[11.9339,55.8899],[11.9339,55.8899],[11.9339,55.8899],[11.9338,55.89],[11.9338,55.89],[11.9337,55.89],[11.9336,55.89],[11.9336,55.8899]],[[11.9322,55.8878],[11.9322,55.8877],[11.9322,55.8877],[11.9322,55.8877],[11.9323,55.8876],[11.9323,55.8876],[11.9324,55.8876],[11.9324,55.8876],[11.9325,55.8877],[11.9325,55.8877],[11.9325,55.8877],[11.9325,55.8878],[11.9324,55.8878],[11.9324,55.8878],[11.9323,55.8878],[11.9323,55.8878],[11.9322,55.8878]],[[11.934,55.8771],[11.934,55.8771],[11.934,55.877],[11.934,55.877],[11.9341,55.877],[11.9341,55.877],[11.9342,55.877],[11.9342,55.877],[11.9343,55.877],[11.9343,55.877],[11.9343,55.8771],[11.9343,55.8771],[11.9343,55.8771],[11.9342,55.8771],[11.9341,55.8771],[11.9341,55.8771],[11.934,55.8771]],[[11.9356,55.8814],[11.9356,55.8814],[11.9356,55.8813],[11.9357,55.8813],[11.9358,55.8813],[11.9358,55.8813],[11.9358,55.8814],[11.9358,55.8814],[11.9357,55.8814],[11.9356,55.8814],[11.9356,55.8814]],[[11.9315,55.889],[11.9315,55.8889],[11.9314,55.8887],[11.9313,55.8885],[11.9312,55.8883],[11.9312,55.8881],[11.9311,55.888],[11.931,55.8878],[11.9311,55.8876],[11.9312,55.8873],[11.9313,55.8871],[11.9314,55.8869],[11.9315,55.8867],[11.9317,55.8864],[11.9319,55.8862],[11.9322,55.8862],[11.9323,55.8862],[11.9324,55.8864],[11.9324,55.8866],[11.9325,55.8867],[11.9324,55.8869],[11.9323,55.8871],[11.9323,55.8873],[11.9322,55.8873],[11.9323,55.8873],[11.9324,55.8873],[11.9324,55.8873],[11.9325,55.8873],[11.9325,55.8873],[11.9325,55.8874],[11.9325,55.8874],[11.9325,55.8874],[11.9325,55.8874],[11.9324,55.8875],[11.9324,55.8875],[11.9323,55.8874],[11.9323,55.8874],[11.9322,55.8874],[11.9322,55.8874],[11.9321,55.8876],[11.932,55.8878],[11.932,55.888],[11.932,55.8882],[11.9321,55.8884],[11.9321,55.8885],[11.9321,55.8889],[11.9321,55.8891],[11.9319,55.8892],[11.9316,55.8892],[11.9315,55.889]]]},"properties":{"sourceId":"ais_par3.154949","a_type":3210,"hectares":290.409}},{"type":"Feature","id":"ais_par3.154950","geometry":{"type":"Polygon","coordinates":[[[11.9873,55.8936],[11.9872,55.8941],[11.9874,55.8947],[11.9879,55.8948],[11.9891,55.8948],[11.9896,55.8947],[11.99,55.8945],[11.9904,55.8942],[11.9905,55.8939],[11.9904,55.8936],[11.99,55.8934],[11.9898,55.8932],[11.9899,55.8931],[11.9903,55.8929],[11.9898,55.8924],[11.9903,55.8921],[11.9901,55.892],[11.9898,55.8921],[11.9895,55.8922],[11.9892,55.8923],[11.989,55.8924],[11.9888,55.8925],[11.9885,55.8927],[11.9882,55.8928],[11.9878,55.8929],[11.9877,55.8931],[11.9876,55.8933],[11.9873,55.8936]],[[11.989,55.8941],[11.9891,55.894],[11.9892,55.894],[11.9893,55.894],[11.9893,55.894],[11.9892,55.8941],[11.9891,55.8941],[11.989,55.8941]]]},"properties":{"sourceId":"ais_par3.154950","a_type":3210,"hectares":4.321}},{"type":"Feature","id":"ais_par3.154957","geometry":{"type":"Polygon","coordinates":[[[11.9719,55.8957],[11.9727,55.8953],[11.9734,55.8951],[11.9742,55.8946],[11.9746,55.8941],[11.9745,55.8936],[11.9743,55.8931],[11.9735,55.8927],[11.9725,55.8925],[11.9718,55.8925],[11.9716,55.8939],[11.9694,55.8941],[11.9693,55.8936],[11.9693,55.8934],[11.9692,55.8933],[11.9692,55.8931],[11.9692,55.8929],[11.9688,55.8928],[11.9683,55.8927],[11.9681,55.8925],[11.9678,55.8923],[11.9677,55.8922],[11.9674,55.8921],[11.9671,55.8921],[11.9668,55.892],[11.9662,55.8918],[11.9657,55.8918],[11.9658,55.892],[11.9658,55.8921],[11.9655,55.8925],[11.9651,55.8927],[11.9647,55.8928],[11.965,55.893],[11.9652,55.8932],[11.965,55.8933],[11.9648,55.8934],[11.9643,55.8934],[11.9614,55.893],[11.9594,55.893],[11.9584,55.8928],[11.9581,55.8927],[11.9579,55.8929],[11.9574,55.8928],[11.9572,55.893],[11.9566,55.8929],[11.9563,55.893],[11.9561,55.8929],[11.956,55.8929],[11.9558,55.893],[11.9556,55.8932],[11.9553,55.8937],[11.9553,55.8939],[11.9553,55.894],[11.9553,55.8941],[11.9552,55.8942],[11.955,55.8943],[11.9547,55.8943],[11.9545,55.8943],[11.9538,55.8946],[11.9538,55.8946],[11.9535,55.8947],[11.9538,55.8949],[11.9538,55.895],[11.9538,55.8951],[11.9537,55.8952],[11.9536,55.8952],[11.9535,55.8951],[11.9532,55.895],[11.9529,55.895],[11.9527,55.8949],[11.9525,55.8948],[11.9521,55.8951],[11.9519,55.8952],[11.9514,55.8955],[11.9512,55.8956],[11.951,55.8957],[11.9508,55.8958],[11.9505,55.8961],[11.9505,55.8961],[11.9507,55.8961],[11.9512,55.8962],[11.9512,55.8967],[11.9512,55.8968],[11.951,55.897],[11.9508,55.8975],[11.9504,55.8975],[11.9502,55.8979],[11.949,55.8977],[11.9488,55.8977],[11.9488,55.8977],[11.9487,55.8978],[11.9483,55.8983],[11.9487,55.8984],[11.9489,55.8984],[11.9495,55.8985],[11.949,55.8994],[11.9489,55.8995],[11.9483,55.8994],[11.948,55.8993],[11.9476,55.8993],[11.947,55.8992],[11.9464,55.8991],[11.9458,55.8997],[11.9479,55.8997],[11.9487,55.8999],[11.9494,55.9],[11.9499,55.9001],[11.9502,55.8996],[11.9504,55.8989],[11.9506,55.8981],[11.951,55.8979],[11.9519,55.8978],[11.9528,55.8979],[11.9543,55.8981],[11.955,55.8991],[11.955,55.8999],[11.9564,55.8998],[11.9581,55.8999],[11.9581,55.8997],[11.9582,55.8996],[11.9584,55.8996],[11.9588,55.8997],[11.9588,55.8998],[11.9587,55.8999],[11.9614,55.9001],[11.9631,55.9001],[11.9684,55.9004],[11.9684,55.9003],[11.9685,55.9002],[11.9683,55.9001],[11.9672,55.9001],[11.9669,55.9],[11.9663,55.9],[11.9661,55.9],[11.966,55.9],[11.966,55.8991],[11.9651,55.8991],[11.9652,55.8979],[11.9654,55.8977],[11.9657,55.8976],[11.966,55.8975],[11.9671,55.8975],[11.9672,55.8977],[11.9674,55.8979],[11.9677,55.898],[11.968,55.8981],[11.9684,55.8982],[11.969,55.8981],[11.9692,55.8977],[11.97,55.8979],[11.97,55.8979],[11.9713,55.8982],[11.9714,55.8965],[11.9715,55.8962],[11.9715,55.896],[11.9719,55.8957]],[[11.957,55.8979],[11.958,55.8975],[11.9584,55.8975],[11.9589,55.8976],[11.9592,55.8977],[11.9594,55.8978],[11.9596,55.898],[11.9599,55.8981],[11.9601,55.8983],[11.9605,55.8985],[11.9601,55.8986],[11.9594,55.8986],[11.9587,55.8985],[11.9582,55.8985],[11.9578,55.8984],[11.9574,55.8983],[11.9567,55.8981],[11.957,55.8979]],[[11.9607,55.8943],[11.9609,55.8948],[11.9611,55.8949],[11.9622,55.8948],[11.9624,55.8948],[11.9624,55.8957],[11.9603,55.8957],[11.9602,55.8945],[11.9607,55.8943]],[[11.9623,55.8976],[11.962,55.8973],[11.962,55.8972],[11.9622,55.8971],[11.9626,55.8971],[11.963,55.8972],[11.9637,55.8974],[11.9636,55.8976],[11.9635,55.8977],[11.9636,55.8979],[11.9637,55.8981],[11.9635,55.8981],[11.9631,55.8979],[11.9629,55.8976],[11.9623,55.8976],[11.9623,55.8976]],[[11.9542,55.8961],[11.9541,55.8961],[11.9543,55.8958],[11.9544,55.8957],[11.9545,55.8956],[11.9549,55.8954],[11.955,55.8953],[11.9551,55.8951],[11.9553,55.895],[11.9558,55.8948],[11.9559,55.8947],[11.9561,55.8947],[11.9564,55.8947],[11.9566,55.8946],[11.9568,55.8946],[11.9569,55.8945],[11.9566,55.8945],[11.9566,55.8944],[11.9577,55.8938],[11.9578,55.8939],[11.9577,55.894],[11.9575,55.8941],[11.9571,55.8944],[11.9571,55.8945],[11.957,55.8946],[11.9568,55.8947],[11.9566,55.8948],[11.9563,55.8948],[11.956,55.8948],[11.9559,55.8948],[11.9555,55.8951],[11.9552,55.8952],[11.9551,55.8954],[11.955,55.8955],[11.9548,55.8956],[11.9546,55.8957],[11.9543,55.8959],[11.9542,55.8961],[11.9542,55.8961]],[[11.9585,55.8971],[11.9588,55.8971],[11.959,55.8972],[11.9592,55.8973],[11.9593,55.8974],[11.9597,55.8977],[11.9598,55.8978],[11.9601,55.8979],[11.9603,55.8979],[11.9605,55.8977],[11.9605,55.8976],[11.9607,55.8975],[11.9608,55.8976],[11.9609,55.8978],[11.9608,55.8979],[11.9605,55.898],[11.9601,55.898],[11.9597,55.898],[11.9596,55.8978],[11.9594,55.8977],[11.9592,55.8975],[11.959,55.8974],[11.9587,55.8974],[11.9585,55.8973],[11.9581,55.8973],[11.9585,55.8971]],[[11.9559,55.8985],[11.9558,55.8985],[11.9557,55.8984],[11.9558,55.8984],[11.9559,55.8983],[11.9561,55.8983],[11.9563,55.8983],[11.9564,55.8983],[11.9566,55.8984],[11.9567,55.8984],[11.9565,55.8985],[11.9563,55.8985],[11.9559,55.8985]],[[11.9701,55.8947],[11.9701,55.8946],[11.9701,55.8946],[11.9703,55.8946],[11.9704,55.8947],[11.9703,55.8949],[11.9702,55.8949],[11.9702,55.8949],[11.9701,55.8947],[11.9701,55.8947]],[[11.9716,55.8941],[11.9714,55.8942],[11.9713,55.8941],[11.9712,55.8941],[11.9713,55.894],[11.9715,55.8939],[11.9716,55.8939],[11.9716,55.8941]],[[11.9639,55.895],[11.964,55.8949],[11.9641,55.8948],[11.9643,55.8951],[11.9643,55.8951],[11.9641,55.8951],[11.9639,55.895]]]},"properties":{"sourceId":"ais_par3.154957","a_type":3210,"hectares":83.973}},{"type":"Feature","id":"ais_par3.154958","geometry":{"type":"Polygon","coordinates":[[[11.9083,55.9337],[11.9096,55.9336],[11.9098,55.9334],[11.91,55.9333],[11.9102,55.9329],[11.9108,55.9318],[11.9108,55.9318],[11.9102,55.9317],[11.9092,55.9316],[11.9088,55.9317],[11.9079,55.9318],[11.9078,55.9318],[11.9079,55.9321],[11.9079,55.9323],[11.9078,55.9321],[11.9076,55.9322],[11.9075,55.932],[11.907,55.932],[11.9068,55.9318],[11.9065,55.9315],[11.9063,55.9313],[11.9061,55.9312],[11.9059,55.9303],[11.9057,55.9287],[11.9056,55.9284],[11.9055,55.9281],[11.9054,55.928],[11.9053,55.9276],[11.9053,55.9274],[11.9051,55.9272],[11.9057,55.9272],[11.9057,55.927],[11.9052,55.927],[11.9051,55.9269],[11.9048,55.9268],[11.9045,55.9264],[11.9049,55.9264],[11.9047,55.9261],[11.9045,55.9261],[11.9032,55.9241],[11.903,55.9241],[11.9029,55.9242],[11.9029,55.9244],[11.903,55.9245],[11.903,55.9246],[11.903,55.9247],[11.9031,55.9248],[11.9031,55.9248],[11.9032,55.9249],[11.9032,55.9249],[11.9034,55.9253],[11.9035,55.9254],[11.9036,55.9255],[11.904,55.926],[11.9045,55.9266],[11.9047,55.9271],[11.9048,55.9274],[11.905,55.928],[11.9051,55.9282],[11.9052,55.9284],[11.9053,55.9288],[11.9053,55.929],[11.9054,55.9292],[11.9057,55.9302],[11.9057,55.9304],[11.9057,55.9305],[11.9057,55.9307],[11.9057,55.9308],[11.9057,55.9308],[11.9057,55.9309],[11.9057,55.9309],[11.9059,55.9311],[11.906,55.9312],[11.906,55.9312],[11.906,55.9313],[11.9062,55.9314],[11.9063,55.9314],[11.9064,55.9315],[11.9064,55.9316],[11.9065,55.9317],[11.9066,55.9321],[11.9067,55.9323],[11.9067,55.9326],[11.9067,55.9328],[11.9067,55.933],[11.9067,55.9331],[11.9067,55.9332],[11.9067,55.9334],[11.9067,55.9334],[11.9067,55.9334],[11.9067,55.9334],[11.9067,55.9336],[11.9067,55.9337],[11.9066,55.9339],[11.9066,55.9341],[11.9066,55.9342],[11.9065,55.9345],[11.907,55.9348],[11.9074,55.9351],[11.9075,55.9353],[11.9072,55.9354],[11.9076,55.9358],[11.9076,55.9358],[11.9077,55.9358],[11.9077,55.9359],[11.9079,55.9359],[11.9078,55.9357],[11.9077,55.9356],[11.9077,55.9354],[11.908,55.9352],[11.9083,55.9351],[11.9086,55.9352],[11.9088,55.9356],[11.9091,55.9356],[11.9088,55.9353],[11.9087,55.9349],[11.908,55.9345],[11.9074,55.9342],[11.9076,55.9338],[11.9083,55.9337]]]},"properties":{"sourceId":"ais_par3.154958","a_type":3210,"hectares":8.441}},{"type":"Feature","id":"ais_par3.155021","geometry":{"type":"Polygon","coordinates":[[[11.9632,56.004],[11.9634,56.0038],[11.9636,56.004],[11.9633,56.0042],[11.9631,56.0044],[11.9642,56.0048],[11.9648,56.0046],[11.9654,56.004],[11.964,56.0035],[11.9634,56.0038],[11.9628,56.0035],[11.9624,56.0037],[11.9624,56.004],[11.9628,56.0042],[11.9632,56.004]]]},"properties":{"sourceId":"ais_par3.155021","a_type":3210,"hectares":1.439}},{"type":"Feature","id":"ais_par3.155022","geometry":{"type":"Polygon","coordinates":[[[11.9787,55.9953],[11.9769,55.997],[11.9803,55.9982],[11.982,55.9957],[11.9821,55.9957],[11.9787,55.9953]]]},"properties":{"sourceId":"ais_par3.155022","a_type":3210,"hectares":5.931}},{"type":"Feature","id":"ais_par3.155023","geometry":{"type":"Polygon","coordinates":[[[12.0232,55.9601],[12.0238,55.9602],[12.0241,55.9596],[12.024,55.9595],[12.0241,55.9594],[12.0237,55.9593],[12.0232,55.9592],[12.0227,55.9592],[12.0222,55.9592],[12.0219,55.9592],[12.022,55.9593],[12.0221,55.9595],[12.0222,55.9597],[12.0224,55.9601],[12.0224,55.9601],[12.0225,55.9601],[12.0232,55.9601]]]},"properties":{"sourceId":"ais_par3.155023","a_type":3210,"hectares":1.153}},{"type":"Feature","id":"ais_par3.155024","geometry":{"type":"Polygon","coordinates":[[[12.025,55.9646],[12.0249,55.9644],[12.0248,55.9643],[12.0244,55.9642],[12.0239,55.9642],[12.0236,55.9644],[12.0235,55.9645],[12.0235,55.9646],[12.0237,55.9649],[12.0239,55.9651],[12.0241,55.9652],[12.0246,55.9654],[12.025,55.9646]]]},"properties":{"sourceId":"ais_par3.155024","a_type":3210,"hectares":0.843}},{"type":"Feature","id":"ais_par3.155025","geometry":{"type":"Polygon","coordinates":[[[12.0631,55.96],[12.0633,55.9603],[12.0631,55.9607],[12.0635,55.9609],[12.0639,55.961],[12.0641,55.9612],[12.0655,55.9624],[12.0658,55.9624],[12.0661,55.9623],[12.0661,55.962],[12.0653,55.9614],[12.0646,55.9609],[12.0643,55.9605],[12.0639,55.9599],[12.0634,55.9597],[12.063,55.9597],[12.0626,55.9597],[12.0631,55.96]]]},"properties":{"sourceId":"ais_par3.155025","a_type":3210,"hectares":1.64}},{"type":"Feature","id":"ais_par3.155035","geometry":{"type":"Polygon","coordinates":[[[12.0338,56.0038],[12.0334,56.0041],[12.0346,56.0041],[12.0346,56.0051],[12.0359,56.0051],[12.0364,56.0051],[12.0365,56.0047],[12.0366,56.0042],[12.0367,56.0038],[12.0368,56.0036],[12.0333,56.0035],[12.031,56.0035],[12.0306,56.0035],[12.0304,56.0036],[12.0296,56.0036],[12.0295,56.0034],[12.0298,56.0032],[12.0302,56.003],[12.0304,56.003],[12.0309,56.0021],[12.0306,56.0021],[12.0298,56.0021],[12.0291,56.0021],[12.0288,56.0022],[12.0286,56.0026],[12.0283,56.0027],[12.0282,56.0027],[12.028,56.003],[12.028,56.0037],[12.0283,56.0043],[12.0293,56.0043],[12.0293,56.0047],[12.0295,56.0048],[12.0293,56.0052],[12.0303,56.0052],[12.0305,56.0045],[12.0311,56.0045],[12.032,56.0046],[12.0325,56.0046],[12.0327,56.0044],[12.0329,56.0042],[12.033,56.0042],[12.0331,56.0039],[12.0338,56.0038]]]},"properties":{"sourceId":"ais_par3.155035","a_type":3210,"hectares":8.309}},{"type":"Feature","id":"ais_par3.155040","geometry":{"type":"Polygon","coordinates":[[[11.9656,55.891],[11.9657,55.8914],[11.9657,55.8918],[11.9662,55.8918],[11.9668,55.892],[11.9671,55.8921],[11.9674,55.8921],[11.9677,55.8922],[11.9678,55.8923],[11.9681,55.8925],[11.9683,55.8927],[11.9688,55.8928],[11.9692,55.8929],[11.9717,55.8925],[11.9718,55.8918],[11.9719,55.8915],[11.9693,55.8903],[11.9677,55.8905],[11.9661,55.8906],[11.9657,55.8906],[11.9656,55.8908],[11.9656,55.891]]]},"properties":{"sourceId":"ais_par3.155040","a_type":3220,"hectares":7.78}},{"type":"Feature","id":"ais_par3.155044","geometry":{"type":"Polygon","coordinates":[[[11.9822,56.0197],[11.9825,56.0197],[11.9827,56.0204],[11.9854,56.0215],[11.987,56.0217],[11.987,56.0221],[11.9909,56.0231],[11.9916,56.0239],[11.9944,56.0247],[11.9962,56.0246],[11.9968,56.0249],[11.9968,56.0254],[11.9996,56.0242],[12.0029,56.0216],[12.002,56.0207],[12.001,56.018],[11.9995,56.0148],[11.9973,56.0137],[11.9993,56.0149],[11.9982,56.0151],[11.9962,56.0143],[11.9967,56.0134],[11.996,56.013],[11.9964,56.0128],[11.9971,56.0131],[11.9975,56.0113],[11.9961,56.0111],[11.9962,56.0104],[11.994,56.0102],[11.9931,56.012],[11.99,56.0116],[11.9891,56.0132],[11.9819,56.0188],[11.9817,56.0193],[11.9816,56.0197],[11.9822,56.0197]]]},"properties":{"sourceId":"ais_par3.155044","a_type":3220,"hectares":124.033}},{"type":"Feature","id":"ais_par3.155045","geometry":{"type":"Polygon","coordinates":[[[11.8535,55.9479],[11.8557,55.9483],[11.8564,55.9484],[11.8554,55.9462],[11.8552,55.9461],[11.8548,55.946],[11.8546,55.9461],[11.8546,55.9462],[11.8546,55.9462],[11.8549,55.9462],[11.8551,55.9462],[11.8553,55.9463],[11.8554,55.9464],[11.8555,55.9476],[11.8555,55.9477],[11.8552,55.9477],[11.8542,55.9477],[11.854,55.9477],[11.8539,55.9476],[11.8537,55.9464],[11.8533,55.9462],[11.853,55.9465],[11.8528,55.9469],[11.8527,55.9472],[11.8527,55.9473],[11.8527,55.9478],[11.8535,55.9479]]]},"properties":{"sourceId":"ais_par3.155045","a_type":3220,"hectares":2.279}},{"type":"Feature","id":"ais_par3.155046","geometry":{"type":"Polygon","coordinates":[[[11.857,55.9584],[11.8573,55.9584],[11.8575,55.9584],[11.8576,55.9582],[11.8576,55.958],[11.8572,55.9578],[11.8569,55.9577],[11.856,55.9581],[11.8559,55.9583],[11.856,55.9584],[11.8562,55.9585],[11.8567,55.9583],[11.857,55.9584]]]},"properties":{"sourceId":"ais_par3.155046","a_type":3220,"hectares":0.543}},{"type":"Feature","id":"ais_par3.155047","geometry":{"type":"Polygon","coordinates":[[[11.8543,55.9488],[11.8546,55.9488],[11.855,55.9488],[11.8555,55.9489],[11.8567,55.9491],[11.8572,55.9491],[11.8572,55.949],[11.8572,55.9488],[11.8572,55.9487],[11.8569,55.9486],[11.8563,55.9485],[11.8557,55.9484],[11.8552,55.9483],[11.8548,55.9483],[11.8544,55.9485],[11.8541,55.9486],[11.8543,55.9488]]]},"properties":{"sourceId":"ais_par3.155047","a_type":3220,"hectares":0.932}},{"type":"Feature","id":"ais_par3.155048","geometry":{"type":"Polygon","coordinates":[[[11.8611,55.9522],[11.8611,55.9519],[11.861,55.9519],[11.8606,55.9519],[11.8604,55.952],[11.8603,55.9522],[11.8604,55.9524],[11.8606,55.9525],[11.8607,55.9525],[11.8611,55.9524],[11.8611,55.9522]]]},"properties":{"sourceId":"ais_par3.155048","a_type":3220,"hectares":0.306}},{"type":"Feature","id":"ais_par3.155049","geometry":{"type":"Polygon","coordinates":[[[12.137,56.0887],[12.1373,56.089],[12.1379,56.0891],[12.1387,56.0893],[12.1393,56.0893],[12.1395,56.0893],[12.1404,56.0893],[12.1412,56.0891],[12.1422,56.0892],[12.1433,56.0893],[12.1441,56.0894],[12.1448,56.0895],[12.1468,56.0889],[12.1452,56.0881],[12.1469,56.0877],[12.1466,56.0872],[12.147,56.0871],[12.1469,56.0867],[12.1473,56.0867],[12.1477,56.0866],[12.1476,56.0859],[12.1488,56.085],[12.1474,56.0847],[12.1461,56.0851],[12.1453,56.0855],[12.1448,56.0857],[12.1443,56.086],[12.144,56.0863],[12.1438,56.0866],[12.1438,56.0867],[12.1436,56.0868],[12.1432,56.0865],[12.1428,56.0863],[12.1423,56.0864],[12.1408,56.087],[12.1408,56.087],[12.137,56.0884],[12.1368,56.0885],[12.1367,56.0886],[12.137,56.0887]],[[12.1425,56.0882],[12.1425,56.0882],[12.1429,56.0881],[12.1432,56.088],[12.1435,56.088],[12.1437,56.0882],[12.1435,56.0884],[12.1433,56.0884],[12.143,56.0884],[12.1426,56.0884],[12.1425,56.0882],[12.1425,56.0882]]]},"properties":{"sourceId":"ais_par3.155049","a_type":3220,"hectares":17.956}},{"type":"Feature","id":"ais_par3.155056","geometry":{"type":"Polygon","coordinates":[[[12.014,55.9929],[12.0142,55.9927],[12.0144,55.9925],[12.0155,55.9921],[12.0161,55.992],[12.0161,55.9919],[12.0166,55.9916],[12.0167,55.9915],[12.0167,55.9915],[12.0165,55.9914],[12.0163,55.9914],[12.0159,55.9915],[12.0153,55.9916],[12.0152,55.9914],[12.0149,55.9914],[12.0146,55.9914],[12.014,55.9929]],[[12.0147,55.9916],[12.0147,55.9915],[12.0147,55.9915],[12.0147,55.9915],[12.0147,55.9915],[12.0148,55.9914],[12.0149,55.9914],[12.0149,55.9915],[12.015,55.9915],[12.015,55.9915],[12.015,55.9915],[12.015,55.9916],[12.0149,55.9916],[12.0149,55.9916],[12.0148,55.9916],[12.0148,55.9916],[12.0147,55.9916]]]},"properties":{"sourceId":"ais_par3.155056","a_type":3220,"hectares":1.059}},{"type":"Feature","id":"ais_par3.155057","geometry":{"type":"Polygon","coordinates":[[[11.8604,55.9563],[11.8604,55.9563],[11.8608,55.9563],[11.8612,55.9562],[11.8614,55.956],[11.8618,55.9554],[11.8621,55.9551],[11.8601,55.9546],[11.86,55.9549],[11.8595,55.9549],[11.859,55.9549],[11.858,55.9547],[11.8573,55.9544],[11.8569,55.9543],[11.8564,55.9551],[11.8563,55.9551],[11.8562,55.9552],[11.8555,55.9551],[11.8553,55.9556],[11.8561,55.9558],[11.8562,55.9556],[11.8572,55.9557],[11.857,55.9563],[11.8588,55.9565],[11.8596,55.9566],[11.8604,55.9563]]]},"properties":{"sourceId":"ais_par3.155057","a_type":3220,"hectares":6.032}},{"type":"Feature","id":"ais_par3.155078","geometry":{"type":"Polygon","coordinates":[[[12.0829,55.8925],[12.0822,55.8922],[12.0813,55.8919],[12.0804,55.8916],[12.0796,55.8912],[12.0789,55.8909],[12.0785,55.8907],[12.0782,55.89],[12.0781,55.8894],[12.0782,55.8889],[12.0787,55.8885],[12.0789,55.8883],[12.0795,55.888],[12.0796,55.8877],[12.0789,55.8877],[12.0783,55.8866],[12.0786,55.8865],[12.0785,55.8862],[12.0781,55.8859],[12.0779,55.8856],[12.0776,55.8854],[12.0771,55.8852],[12.0768,55.8851],[12.0758,55.885],[12.075,55.8849],[12.0742,55.885],[12.0734,55.885],[12.0723,55.8846],[12.0714,55.8855],[12.0724,55.8856],[12.0746,55.8857],[12.0755,55.8859],[12.0773,55.8864],[12.0777,55.8868],[12.0784,55.8875],[12.0778,55.8882],[12.0768,55.8887],[12.0765,55.889],[12.0764,55.8891],[12.0765,55.8895],[12.077,55.89],[12.077,55.8906],[12.0781,55.8914],[12.0792,55.8917],[12.0802,55.8921],[12.0811,55.8926],[12.082,55.8929],[12.0825,55.8931],[12.0829,55.8925]]]},"properties":{"sourceId":"ais_par3.155078","a_type":4110,"hectares":10.223}},{"type":"Feature","id":"ais_par3.155079","geometry":{"type":"Polygon","coordinates":[[[12.085,55.8907],[12.0904,55.8915],[12.0903,55.891],[12.0898,55.891],[12.0851,55.8905],[12.0851,55.8905],[12.085,55.8907]]]},"properties":{"sourceId":"ais_par3.155079","a_type":4110,"hectares":1.116}},{"type":"Feature","id":"ais_par3.155080","geometry":{"type":"Polygon","coordinates":[[[12.0867,55.8924],[12.0869,55.8924],[12.0873,55.8921],[12.089,55.8926],[12.089,55.8923],[12.0888,55.8919],[12.0887,55.8918],[12.0888,55.8916],[12.0888,55.8916],[12.0863,55.8912],[12.0863,55.8912],[12.0855,55.8921],[12.0867,55.8924]]]},"properties":{"sourceId":"ais_par3.155080","a_type":4110,"hectares":2.013}},{"type":"Feature","id":"ais_par3.155085","geometry":{"type":"Polygon","coordinates":[[[12.0656,55.8713],[12.0659,55.8715],[12.0663,55.8716],[12.0672,55.8717],[12.0676,55.8717],[12.0676,55.8718],[12.0672,55.8725],[12.0673,55.8726],[12.0668,55.8726],[12.0671,55.8747],[12.0689,55.8747],[12.0692,55.8746],[12.0692,55.8746],[12.0691,55.8735],[12.0689,55.8716],[12.0687,55.871],[12.0678,55.871],[12.0674,55.871],[12.067,55.8711],[12.067,55.871],[12.0662,55.8711],[12.0652,55.8711],[12.065,55.8711],[12.0656,55.8713]],[[12.0685,55.8725],[12.0685,55.8724],[12.0685,55.8724],[12.0685,55.8724],[12.0686,55.8724],[12.0686,55.8723],[12.0687,55.8723],[12.0687,55.8724],[12.0688,55.8724],[12.0688,55.8724],[12.0688,55.8724],[12.0688,55.8725],[12.0687,55.8725],[12.0687,55.8725],[12.0686,55.8725],[12.0686,55.8725],[12.0685,55.8725]],[[12.0679,55.8734],[12.0678,55.8734],[12.0678,55.8733],[12.0679,55.8733],[12.0679,55.8733],[12.068,55.8733],[12.068,55.8733],[12.0681,55.8733],[12.0681,55.8733],[12.0681,55.8733],[12.0681,55.8733],[12.0681,55.8734],[12.0681,55.8734],[12.068,55.8734],[12.068,55.8734],[12.0679,55.8734],[12.0679,55.8734]]]},"properties":{"sourceId":"ais_par3.155085","a_type":4110,"hectares":5.407}},{"type":"Feature","id":"ais_par3.155143","geometry":{"type":"Polygon","coordinates":[[[11.9744,55.9955],[11.9746,55.9955],[11.9759,55.9948],[11.9759,55.9945],[11.9759,55.9942],[11.9778,55.9942],[11.9777,55.9933],[11.9752,55.9938],[11.9752,55.9942],[11.9748,55.9942],[11.9749,55.9943],[11.975,55.9943],[11.9751,55.9945],[11.975,55.9946],[11.975,55.9947],[11.975,55.9949],[11.9748,55.9951],[11.9747,55.9952],[11.9745,55.9952],[11.9743,55.9953],[11.9742,55.9954],[11.9742,55.9954],[11.9741,55.9955],[11.9744,55.9955]]]},"properties":{"sourceId":"ais_par3.155143","a_type":4110,"hectares":1.873}},{"type":"Feature","id":"ais_par3.155144","geometry":{"type":"Polygon","coordinates":[[[11.9965,55.9806],[11.998,55.9799],[11.9965,55.9787],[11.9938,55.9809],[11.9938,55.9809],[11.9965,55.9806]]]},"properties":{"sourceId":"ais_par3.155144","a_type":4110,"hectares":2.775}},{"type":"Feature","id":"ais_par3.155145","geometry":{"type":"Polygon","coordinates":[[[11.9736,55.9721],[11.9745,55.9719],[11.9747,55.9714],[11.9722,55.9717],[11.9721,55.9719],[11.9722,55.9726],[11.9724,55.9728],[11.9736,55.9721]]]},"properties":{"sourceId":"ais_par3.155145","a_type":4110,"hectares":1.189}},{"type":"Feature","id":"ais_par3.155245","geometry":{"type":"Polygon","coordinates":[[[11.9503,55.9012],[11.9508,55.9014],[11.9515,55.9018],[11.9521,55.9017],[11.9524,55.9016],[11.9528,55.9015],[11.9531,55.9015],[11.9533,55.9015],[11.9549,55.9017],[11.9543,55.9014],[11.9544,55.9011],[11.9544,55.9007],[11.955,55.9006],[11.955,55.8999],[11.955,55.8991],[11.9543,55.8981],[11.9528,55.8979],[11.9519,55.8978],[11.951,55.8979],[11.9506,55.8981],[11.9504,55.8989],[11.9502,55.8996],[11.9499,55.9001],[11.9503,55.9012]],[[11.9509,55.9001],[11.951,55.9],[11.9511,55.8998],[11.9511,55.8997],[11.9511,55.8996],[11.9509,55.8988],[11.9509,55.8987],[11.9511,55.8983],[11.9514,55.8981],[11.9519,55.8981],[11.9522,55.8982],[11.9522,55.8984],[11.9521,55.8987],[11.9521,55.899],[11.9525,55.8993],[11.9529,55.8994],[11.9535,55.8997],[11.9536,55.9],[11.9534,55.9004],[11.9534,55.9006],[11.9538,55.9009],[11.9537,55.9012],[11.9534,55.9014],[11.9529,55.9014],[11.9522,55.9015],[11.9518,55.9015],[11.9512,55.9012],[11.9508,55.9009],[11.9505,55.9006],[11.9508,55.9002],[11.9509,55.9001]]]},"properties":{"sourceId":"ais_par3.155245","a_type":4110,"hectares":6.757}},{"type":"Feature","id":"ais_par3.155246","geometry":{"type":"Polygon","coordinates":[[[11.9927,55.8765],[11.9928,55.8766],[11.9929,55.8766],[11.9931,55.8765],[11.9932,55.8766],[11.9936,55.8766],[11.9935,55.8765],[11.9934,55.8763],[11.9933,55.8762],[11.9932,55.8761],[11.993,55.876],[11.993,55.876],[11.9928,55.8761],[11.9928,55.8761],[11.9928,55.8763],[11.9928,55.8765],[11.9927,55.8765]]]},"properties":{"sourceId":"ais_par3.155246","a_type":4110,"hectares":0.222}},{"type":"Feature","id":"ais_par3.155247","geometry":{"type":"Polygon","coordinates":[[[11.9967,55.9069],[11.997,55.9069],[11.9974,55.907],[11.9976,55.9072],[11.998,55.9071],[11.9982,55.9071],[11.9986,55.907],[11.9985,55.9066],[11.999,55.9064],[11.9984,55.9055],[11.9974,55.9057],[11.998,55.9061],[11.9964,55.9063],[11.9963,55.9063],[11.9967,55.9069]]]},"properties":{"sourceId":"ais_par3.155247","a_type":4110,"hectares":1.662}},{"type":"Feature","id":"ais_par3.155248","geometry":{"type":"Polygon","coordinates":[[[11.9666,55.9086],[11.9667,55.9086],[11.9668,55.9086],[11.9669,55.9084],[11.9671,55.9083],[11.9672,55.9083],[11.9674,55.9083],[11.9675,55.9084],[11.9677,55.9083],[11.9678,55.9082],[11.9677,55.9081],[11.9677,55.908],[11.9678,55.908],[11.9682,55.908],[11.9683,55.9079],[11.9681,55.9078],[11.9679,55.9077],[11.9675,55.9076],[11.967,55.9076],[11.9668,55.9076],[11.9667,55.9075],[11.9666,55.9074],[11.9668,55.9072],[11.9671,55.9071],[11.9684,55.9071],[11.9686,55.9072],[11.9687,55.9073],[11.9687,55.9074],[11.9691,55.9075],[11.9693,55.9074],[11.9695,55.9071],[11.9695,55.9069],[11.9697,55.9063],[11.9674,55.9053],[11.9674,55.9052],[11.9683,55.9043],[11.9684,55.9038],[11.9682,55.9038],[11.9682,55.9039],[11.9679,55.904],[11.9676,55.904],[11.967,55.9038],[11.9665,55.9043],[11.9669,55.9045],[11.9664,55.9049],[11.9659,55.9051],[11.9659,55.9053],[11.9652,55.9055],[11.965,55.9056],[11.9647,55.9056],[11.9645,55.9055],[11.9643,55.9054],[11.9641,55.9055],[11.9641,55.9056],[11.9645,55.9059],[11.9644,55.9062],[11.9644,55.9064],[11.9646,55.9069],[11.9642,55.907],[11.9641,55.9071],[11.9638,55.9074],[11.9636,55.9075],[11.9635,55.9076],[11.9633,55.9077],[11.9629,55.9077],[11.9627,55.9076],[11.9625,55.9075],[11.9623,55.9075],[11.9621,55.9076],[11.9621,55.9077],[11.9622,55.908],[11.9622,55.9082],[11.9625,55.9083],[11.9627,55.9085],[11.9627,55.9086],[11.9627,55.9087],[11.9629,55.9089],[11.9633,55.909],[11.9633,55.909],[11.9639,55.9089],[11.9666,55.9086]],[[11.9671,55.9057],[11.9672,55.9059],[11.9672,55.9059],[11.9672,55.906],[11.9671,55.9061],[11.9671,55.9062],[11.9669,55.9062],[11.9667,55.9063],[11.9665,55.9062],[11.9664,55.906],[11.9664,55.9059],[11.9664,55.9059],[11.9665,55.9058],[11.9666,55.9057],[11.9668,55.9057],[11.967,55.9057],[11.9673,55.9053],[11.9674,55.9053],[11.9671,55.9057]]]},"properties":{"sourceId":"ais_par3.155248","a_type":4110,"hectares":12.277}},{"type":"Feature","id":"ais_par3.155249","geometry":{"type":"Polygon","coordinates":[[[11.9495,55.8881],[11.9501,55.8883],[11.9508,55.8886],[11.9514,55.8886],[11.9528,55.8886],[11.9529,55.8884],[11.9534,55.8884],[11.9538,55.8875],[11.9527,55.8878],[11.9527,55.8873],[11.9522,55.8873],[11.9514,55.8873],[11.951,55.8873],[11.951,55.8871],[11.9511,55.8869],[11.9515,55.8869],[11.9521,55.8867],[11.9524,55.8865],[11.9522,55.8864],[11.9518,55.8864],[11.9512,55.8865],[11.9507,55.8865],[11.95,55.8864],[11.9495,55.8863],[11.9495,55.8881]]]},"properties":{"sourceId":"ais_par3.155249","a_type":4110,"hectares":4.508}},{"type":"Feature","id":"ais_par3.155264","geometry":{"type":"Polygon","coordinates":[[[11.899,55.9781],[11.8991,55.9782],[11.8992,55.9783],[11.8991,55.9783],[11.899,55.9784],[11.8995,55.9782],[11.9002,55.9786],[11.9015,55.9778],[11.9016,55.9772],[11.9017,55.977],[11.9019,55.9768],[11.9012,55.9765],[11.901,55.9764],[11.9008,55.9765],[11.8988,55.9778],[11.8985,55.9781],[11.8983,55.9782],[11.8983,55.9783],[11.8984,55.9783],[11.8986,55.9784],[11.8987,55.9785],[11.8988,55.9785],[11.8988,55.9785],[11.8986,55.9784],[11.8984,55.9783],[11.8984,55.9782],[11.8987,55.978],[11.899,55.9781]],[[11.9,55.9776],[11.9,55.9776],[11.9001,55.9778],[11.9001,55.9778],[11.9,55.9779],[11.8996,55.9777],[11.9,55.9776]]]},"properties":{"sourceId":"ais_par3.155264","a_type":4110,"hectares":2.509}},{"type":"Feature","id":"ais_par3.155265","geometry":{"type":"Polygon","coordinates":[[[11.8909,55.9586],[11.89,55.9586],[11.8897,55.9598],[11.8909,55.96],[11.8912,55.9589],[11.8913,55.9587],[11.8909,55.9586]]]},"properties":{"sourceId":"ais_par3.155265","a_type":4110,"hectares":1.127}},{"type":"Feature","id":"ais_par3.155266","geometry":{"type":"Polygon","coordinates":[[[11.8734,55.9794],[11.8734,55.9794],[11.8735,55.9793],[11.8735,55.9793],[11.8736,55.9793],[11.8736,55.9793],[11.8737,55.9794],[11.8737,55.9794],[11.8737,55.9794],[11.8737,55.9795],[11.8738,55.9795],[11.874,55.9793],[11.8743,55.9786],[11.8732,55.9784],[11.8731,55.9791],[11.8734,55.9794],[11.8734,55.9794]]]},"properties":{"sourceId":"ais_par3.155266","a_type":4110,"hectares":0.608}},{"type":"Feature","id":"ais_par3.155267","geometry":{"type":"Polygon","coordinates":[[[11.8931,55.9872],[11.8933,55.9874],[11.8959,55.9884],[11.8964,55.9881],[11.8967,55.988],[11.8978,55.9877],[11.8993,55.9872],[11.8995,55.9871],[11.9013,55.9854],[11.8962,55.9848],[11.8957,55.9852],[11.8954,55.9853],[11.8931,55.9869],[11.8929,55.987],[11.8931,55.9872]]]},"properties":{"sourceId":"ais_par3.155267","a_type":4110,"hectares":11.791}},{"type":"Feature","id":"ais_par3.155268","geometry":{"type":"Polygon","coordinates":[[[12.037,56.0057],[12.037,56.0058],[12.0376,56.0057],[12.0386,56.0058],[12.0393,56.0058],[12.0404,56.0057],[12.0409,56.0058],[12.0415,56.0057],[12.0409,56.0044],[12.0394,56.0047],[12.0379,56.0052],[12.0369,56.0055],[12.037,56.0057]]]},"properties":{"sourceId":"ais_par3.155268","a_type":4110,"hectares":2.604}},{"type":"Feature","id":"ais_par3.155269","geometry":{"type":"Polygon","coordinates":[[[12.0833,56.0279],[12.0842,56.0283],[12.0855,56.0289],[12.0864,56.0293],[12.0869,56.0292],[12.0871,56.0292],[12.0872,56.0291],[12.0875,56.0291],[12.0869,56.0283],[12.0866,56.0283],[12.0864,56.0281],[12.0861,56.0279],[12.0845,56.0279],[12.0833,56.0279],[12.0833,56.0279]]]},"properties":{"sourceId":"ais_par3.155269","a_type":4110,"hectares":1.985}},{"type":"Feature","id":"ais_par3.155270","geometry":{"type":"Polygon","coordinates":[[[12.109,56.0399],[12.109,56.04],[12.1089,56.0404],[12.109,56.0405],[12.1094,56.0407],[12.1097,56.0408],[12.1101,56.0408],[12.1105,56.0408],[12.111,56.0407],[12.1102,56.0397],[12.1093,56.0397],[12.109,56.0398],[12.109,56.0399]]]},"properties":{"sourceId":"ais_par3.155270","a_type":4110,"hectares":1.129}},{"type":"Feature","id":"ais_par3.155271","geometry":{"type":"Polygon","coordinates":[[[12.1091,56.0368],[12.1093,56.0372],[12.1088,56.0373],[12.1088,56.0374],[12.1089,56.0375],[12.109,56.0377],[12.1092,56.0377],[12.1095,56.038],[12.1097,56.0381],[12.1097,56.0382],[12.1098,56.0384],[12.1104,56.0384],[12.1106,56.0383],[12.1108,56.0381],[12.1109,56.0379],[12.111,56.0378],[12.1111,56.0376],[12.1112,56.0374],[12.1114,56.0372],[12.1116,56.037],[12.1119,56.0368],[12.1122,56.0367],[12.1119,56.0364],[12.1109,56.0367],[12.1108,56.0362],[12.1093,56.0365],[12.109,56.0366],[12.1091,56.0368]]]},"properties":{"sourceId":"ais_par3.155271","a_type":4110,"hectares":2.787}},{"type":"Feature","id":"ais_par3.155272","geometry":{"type":"Polygon","coordinates":[[[12.1211,56.0372],[12.1211,56.0374],[12.1214,56.0375],[12.1217,56.0376],[12.1219,56.0377],[12.1221,56.0376],[12.1223,56.0376],[12.1223,56.0365],[12.1211,56.0363],[12.121,56.037],[12.1211,56.0372]]]},"properties":{"sourceId":"ais_par3.155272","a_type":4110,"hectares":0.985}},{"type":"Feature","id":"ais_par3.155273","geometry":{"type":"Polygon","coordinates":[[[12.1256,56.0389],[12.1257,56.039],[12.1269,56.0392],[12.1275,56.0386],[12.1278,56.0387],[12.128,56.0386],[12.1282,56.0385],[12.1285,56.0381],[12.1282,56.038],[12.1279,56.0379],[12.1277,56.038],[12.1274,56.0381],[12.1272,56.0381],[12.1269,56.0381],[12.1265,56.0379],[12.1264,56.0379],[12.1264,56.0377],[12.1263,56.0376],[12.1256,56.0388],[12.1256,56.0389],[12.1256,56.0389]]]},"properties":{"sourceId":"ais_par3.155273","a_type":4110,"hectares":1.598}},{"type":"Feature","id":"ais_par3.155274","geometry":{"type":"Polygon","coordinates":[[[12.1337,56.0373],[12.1335,56.0363],[12.1295,56.0364],[12.1293,56.0366],[12.129,56.0368],[12.129,56.0369],[12.129,56.0373],[12.1282,56.0374],[12.1283,56.0379],[12.1289,56.0379],[12.1295,56.0378],[12.1301,56.0378],[12.1307,56.0377],[12.1317,56.0377],[12.1323,56.0376],[12.1334,56.0376],[12.1337,56.0375],[12.1337,56.0373]]]},"properties":{"sourceId":"ais_par3.155274","a_type":4110,"hectares":4.506}},{"type":"Feature","id":"ais_par3.155283","geometry":{"type":"Polygon","coordinates":[[[11.8761,55.9556],[11.876,55.9557],[11.8761,55.956],[11.8762,55.9561],[11.8764,55.9562],[11.8767,55.9562],[11.8772,55.9562],[11.8775,55.9561],[11.8778,55.9562],[11.8778,55.9563],[11.8776,55.9566],[11.8776,55.9568],[11.8777,55.9569],[11.8777,55.9569],[11.878,55.957],[11.8782,55.9569],[11.8786,55.9568],[11.8789,55.9566],[11.8794,55.9565],[11.88,55.9564],[11.8804,55.9564],[11.8811,55.9564],[11.8816,55.9565],[11.8822,55.9564],[11.8829,55.9563],[11.8829,55.9562],[11.8829,55.956],[11.883,55.9553],[11.8814,55.9553],[11.8814,55.9554],[11.8765,55.9554],[11.8761,55.9554],[11.8761,55.9556]],[[11.8781,55.9567],[11.8779,55.9568],[11.8778,55.9568],[11.8778,55.9567],[11.878,55.9566],[11.8783,55.9565],[11.8784,55.9564],[11.8786,55.9565],[11.8785,55.9565],[11.8782,55.9567],[11.8781,55.9567]]]},"properties":{"sourceId":"ais_par3.155283","a_type":4110,"hectares":5.004}},{"type":"Feature","id":"ais_par3.155322","geometry":{"type":"Polygon","coordinates":[[[12.0659,55.975],[12.0662,55.9755],[12.0669,55.9764],[12.0674,55.9769],[12.069,55.9767],[12.0687,55.9765],[12.0677,55.9755],[12.0663,55.9745],[12.0657,55.9748],[12.0658,55.9749],[12.0659,55.975]]]},"properties":{"sourceId":"ais_par3.155322","a_type":4110,"hectares":2.237}},{"type":"Feature","id":"ais_par3.155323","geometry":{"type":"Polygon","coordinates":[[[12.0108,55.9958],[12.0102,55.9959],[12.0104,55.9966],[12.0106,55.9967],[12.0109,55.9969],[12.0112,55.9972],[12.0115,55.9976],[12.0115,55.9978],[12.0115,55.9979],[12.0112,55.998],[12.0111,55.9981],[12.0112,55.9983],[12.0116,55.9992],[12.0123,55.999],[12.0108,55.9958]]]},"properties":{"sourceId":"ais_par3.155323","a_type":4110,"hectares":1.228}},{"type":"Feature","id":"ais_par3.155324","geometry":{"type":"Polygon","coordinates":[[[12.0122,55.9984],[12.0137,55.998],[12.0134,55.9974],[12.0118,55.9976],[12.0122,55.9984]]]},"properties":{"sourceId":"ais_par3.155324","a_type":4110,"hectares":0.87}},{"type":"Feature","id":"ais_par3.155325","geometry":{"type":"Polygon","coordinates":[[[11.9963,55.9941],[11.9979,55.9946],[11.9978,55.9936],[11.9964,55.9936],[11.9963,55.9941]],[[11.9974,55.9943],[11.9974,55.9942],[11.9975,55.9942],[11.9976,55.9942],[11.9977,55.9943],[11.9977,55.9944],[11.9976,55.9944],[11.9975,55.9944],[11.9974,55.9944],[11.9974,55.9943]]]},"properties":{"sourceId":"ais_par3.155325","a_type":4110,"hectares":0.791}},{"type":"Feature","id":"ais_par3.155326","geometry":{"type":"Polygon","coordinates":[[[12.0544,55.9424],[12.0542,55.9424],[12.0539,55.9425],[12.0537,55.9426],[12.0537,55.9428],[12.0539,55.9429],[12.054,55.943],[12.0544,55.9431],[12.0547,55.9431],[12.055,55.9431],[12.0555,55.943],[12.056,55.9429],[12.0563,55.9427],[12.056,55.9424],[12.0558,55.9421],[12.0558,55.9418],[12.0558,55.9418],[12.0558,55.9415],[12.0558,55.9412],[12.0559,55.941],[12.056,55.9407],[12.0562,55.9403],[12.0562,55.9402],[12.056,55.9401],[12.0558,55.9402],[12.0557,55.9403],[12.0556,55.9404],[12.0554,55.9405],[12.0553,55.9405],[12.0549,55.9405],[12.0546,55.9406],[12.0542,55.9406],[12.0538,55.9406],[12.0538,55.9406],[12.0538,55.9409],[12.0542,55.9408],[12.0546,55.9409],[12.055,55.9408],[12.0555,55.9407],[12.0557,55.9408],[12.0556,55.9408],[12.0555,55.9409],[12.0555,55.9409],[12.0556,55.941],[12.0556,55.9411],[12.0555,55.9411],[12.0552,55.9412],[12.0552,55.9413],[12.0552,55.9413],[12.0553,55.9416],[12.0553,55.9417],[12.0552,55.9417],[12.0545,55.9417],[12.0543,55.9417],[12.0541,55.9418],[12.0544,55.9424]]]},"properties":{"sourceId":"ais_par3.155326","a_type":4110,"hectares":2.666}},{"type":"Feature","id":"ais_par3.155327","geometry":{"type":"Polygon","coordinates":[[[12.0631,55.9395],[12.0629,55.9395],[12.0632,55.9397],[12.0634,55.9401],[12.0635,55.9402],[12.0634,55.9404],[12.0636,55.9407],[12.0637,55.9411],[12.0638,55.9413],[12.0638,55.9413],[12.065,55.9413],[12.0659,55.9412],[12.0663,55.9412],[12.0668,55.9411],[12.0668,55.9408],[12.0666,55.9405],[12.0663,55.9402],[12.0655,55.9396],[12.0646,55.939],[12.0628,55.9387],[12.0631,55.9395]]]},"properties":{"sourceId":"ais_par3.155327","a_type":4110,"hectares":4.343}},{"type":"Feature","id":"ais_par3.155328","geometry":{"type":"Polygon","coordinates":[[[12.0615,55.9426],[12.0618,55.9429],[12.0622,55.9432],[12.0626,55.9435],[12.0626,55.9436],[12.0628,55.9437],[12.0634,55.944],[12.0634,55.9435],[12.0638,55.9435],[12.0643,55.9434],[12.0646,55.9434],[12.0648,55.9434],[12.0649,55.9436],[12.065,55.9437],[12.065,55.9438],[12.065,55.9439],[12.0649,55.944],[12.0651,55.944],[12.0652,55.9439],[12.0653,55.9439],[12.0654,55.9437],[12.0655,55.9436],[12.0655,55.9434],[12.0655,55.9433],[12.0654,55.9432],[12.065,55.943],[12.0648,55.9429],[12.0646,55.9428],[12.0642,55.9427],[12.0638,55.9427],[12.0634,55.9427],[12.063,55.9427],[12.0624,55.9427],[12.0618,55.9426],[12.0617,55.9426],[12.0615,55.9426],[12.0615,55.9426]]]},"properties":{"sourceId":"ais_par3.155328","a_type":4110,"hectares":2.002}},{"type":"Feature","id":"ais_par3.155329","geometry":{"type":"Polygon","coordinates":[[[11.9681,55.9667],[11.9688,55.967],[11.9706,55.9679],[11.9716,55.9681],[11.9734,55.9685],[11.9754,55.9685],[11.9753,55.9686],[11.9754,55.9687],[11.9764,55.9687],[11.9773,55.9687],[11.9775,55.9676],[11.9762,55.9675],[11.9756,55.9682],[11.9743,55.9679],[11.9731,55.9674],[11.9721,55.9671],[11.9717,55.9668],[11.9699,55.9659],[11.9681,55.9667],[11.9681,55.9667]]]},"properties":{"sourceId":"ais_par3.155329","a_type":4110,"hectares":6.496}},{"type":"Feature","id":"ais_par3.155330","geometry":{"type":"Polygon","coordinates":[[[12.06,55.9353],[12.06,55.9353],[12.0622,55.9354],[12.0622,55.9352],[12.0615,55.9352],[12.0615,55.9346],[12.0602,55.9346],[12.06,55.9353],[12.06,55.9353],[12.06,55.9353]]]},"properties":{"sourceId":"ais_par3.155330","a_type":4110,"hectares":0.857}},{"type":"Feature","id":"ais_par3.155331","geometry":{"type":"Polygon","coordinates":[[[12.0625,55.9374],[12.0638,55.9373],[12.0637,55.936],[12.0624,55.9361],[12.0625,55.9374]]]},"properties":{"sourceId":"ais_par3.155331","a_type":4110,"hectares":1.229}},{"type":"Feature","id":"ais_par3.155332","geometry":{"type":"Polygon","coordinates":[[[12.0551,55.9385],[12.0556,55.9385],[12.056,55.9386],[12.0561,55.9387],[12.0562,55.9389],[12.0568,55.939],[12.0567,55.9393],[12.0576,55.9395],[12.0587,55.9395],[12.0577,55.9377],[12.0552,55.938],[12.0552,55.938],[12.0551,55.9385]]]},"properties":{"sourceId":"ais_par3.155332","a_type":4110,"hectares":2.612}},{"type":"Feature","id":"ais_par3.155333","geometry":{"type":"Polygon","coordinates":[[[12.0647,55.9259],[12.0648,55.9258],[12.0658,55.9254],[12.0661,55.9256],[12.0678,55.9252],[12.0675,55.925],[12.0671,55.9248],[12.0665,55.9247],[12.0658,55.9247],[12.0652,55.9247],[12.0645,55.9249],[12.064,55.925],[12.0634,55.9253],[12.0631,55.9255],[12.0647,55.9259]]]},"properties":{"sourceId":"ais_par3.155333","a_type":4110,"hectares":2.112}},{"type":"Feature","id":"ais_par3.155334","geometry":{"type":"Polygon","coordinates":[[[12.0679,55.8795],[12.0689,55.8796],[12.0695,55.8795],[12.07,55.8795],[12.0701,55.8789],[12.0699,55.8787],[12.0693,55.8787],[12.0692,55.8787],[12.0686,55.8789],[12.0683,55.879],[12.0679,55.8795]]]},"properties":{"sourceId":"ais_par3.155334","a_type":4110,"hectares":0.983}},{"type":"Feature","id":"ais_par3.155335","geometry":{"type":"Polygon","coordinates":[[[12.078,55.9387],[12.0787,55.9383],[12.079,55.9381],[12.0788,55.9378],[12.0778,55.9371],[12.0776,55.9369],[12.0772,55.9368],[12.077,55.9369],[12.0769,55.9372],[12.0769,55.9374],[12.0765,55.9377],[12.076,55.9378],[12.076,55.9384],[12.0762,55.9383],[12.0765,55.9383],[12.0769,55.9382],[12.0771,55.9382],[12.0773,55.9385],[12.0774,55.9388],[12.078,55.9387]]]},"properties":{"sourceId":"ais_par3.155335","a_type":4110,"hectares":2.166}},{"type":"Feature","id":"ais_par3.155336","geometry":{"type":"Polygon","coordinates":[[[12.0548,56.0014],[12.0562,56.0016],[12.0588,56.0016],[12.0607,56.0019],[12.0612,56.0019],[12.0618,56.0018],[12.0627,55.9999],[12.0622,55.9995],[12.0622,55.9994],[12.0623,55.9994],[12.0624,55.9993],[12.0632,55.9993],[12.0633,55.9993],[12.0633,55.9993],[12.0631,55.9992],[12.0596,55.9987],[12.0559,55.9981],[12.054,55.9982],[12.0546,56.0012],[12.0548,56.0014]],[[12.0586,56.0012],[12.0586,56.0012],[12.0585,56.0012],[12.0586,56.0011],[12.0586,56.0011],[12.0587,56.0011],[12.0587,56.0011],[12.0588,56.0011],[12.0588,56.0011],[12.0588,56.0012],[12.0588,56.0012],[12.0588,56.0012],[12.0588,56.0013],[12.0587,56.0013],[12.0587,56.0013],[12.0586,56.0013],[12.0586,56.0012]],[[12.0552,56.0011],[12.0551,56.001],[12.0551,56.0009],[12.0552,56.0008],[12.0553,56.0008],[12.0554,56.0008],[12.0555,56.0009],[12.0555,56.001],[12.0555,56.001],[12.0555,56.001],[12.0554,56.0011],[12.0554,56.0011],[12.0553,56.0011],[12.0553,56.0011],[12.0552,56.0011],[12.0552,56.0011]]]},"properties":{"sourceId":"ais_par3.155336","a_type":4110,"hectares":17.436}},{"type":"Feature","id":"ais_par3.155337","geometry":{"type":"Polygon","coordinates":[[[12.0782,55.934],[12.079,55.9343],[12.0799,55.9345],[12.0805,55.9346],[12.0803,55.9342],[12.0797,55.9339],[12.0789,55.9337],[12.0788,55.9339],[12.0786,55.934],[12.0781,55.934],[12.0781,55.934],[12.0782,55.934]]]},"properties":{"sourceId":"ais_par3.155337","a_type":4110,"hectares":0.642}},{"type":"Feature","id":"ais_par3.155338","geometry":{"type":"Polygon","coordinates":[[[12.0775,55.9278],[12.0779,55.9274],[12.0786,55.9266],[12.0779,55.9262],[12.0771,55.9265],[12.0768,55.9266],[12.0766,55.9266],[12.0769,55.9277],[12.0769,55.9277],[12.0775,55.9278]]]},"properties":{"sourceId":"ais_par3.155338","a_type":4110,"hectares":1.305}},{"type":"Feature","id":"ais_par3.155339","geometry":{"type":"Polygon","coordinates":[[[12.0774,55.9224],[12.0783,55.924],[12.0796,55.9237],[12.0788,55.9222],[12.0774,55.9224],[12.0774,55.9224]]]},"properties":{"sourceId":"ais_par3.155339","a_type":4110,"hectares":1.598}},{"type":"Feature","id":"ais_par3.155340","geometry":{"type":"Polygon","coordinates":[[[12.0871,55.9233],[12.0859,55.9212],[12.0845,55.9214],[12.0857,55.9235],[12.0857,55.9235],[12.0871,55.9233]],[[12.0856,55.9222],[12.0856,55.9222],[12.0855,55.9223],[12.0854,55.9223],[12.0853,55.9222],[12.0852,55.9222],[12.0853,55.9221],[12.0854,55.9221],[12.0855,55.9221],[12.0856,55.9222]]]},"properties":{"sourceId":"ais_par3.155340","a_type":4110,"hectares":2.202}},{"type":"Feature","id":"ais_par3.155341","geometry":{"type":"Polygon","coordinates":[[[12.0829,55.9228],[12.0824,55.9217],[12.0818,55.9218],[12.0824,55.9229],[12.0829,55.9228]]]},"properties":{"sourceId":"ais_par3.155341","a_type":4110,"hectares":0.484}},{"type":"Feature","id":"ais_par3.155342","geometry":{"type":"Polygon","coordinates":[[[12.1013,55.9041],[12.1006,55.9042],[12.1004,55.9046],[12.0991,55.9045],[12.0992,55.9045],[12.0991,55.9049],[12.0991,55.9052],[12.0993,55.9055],[12.0995,55.9057],[12.0997,55.9057],[12.0998,55.9056],[12.1,55.9054],[12.1003,55.9054],[12.101,55.9054],[12.1013,55.9041]]]},"properties":{"sourceId":"ais_par3.155342","a_type":4110,"hectares":1.476}},{"type":"Feature","id":"ais_par3.155343","geometry":{"type":"Polygon","coordinates":[[[12.103,55.9037],[12.1029,55.9038],[12.103,55.9038],[12.1043,55.9037],[12.1069,55.9043],[12.1071,55.9044],[12.1072,55.9043],[12.1073,55.904],[12.1075,55.9037],[12.1074,55.9036],[12.107,55.9034],[12.1059,55.9033],[12.1058,55.9032],[12.1056,55.9032],[12.1056,55.9031],[12.1057,55.903],[12.1056,55.903],[12.105,55.9029],[12.105,55.9025],[12.1048,55.9025],[12.1043,55.9021],[12.1043,55.9029],[12.1043,55.9035],[12.1039,55.9035],[12.1034,55.9034],[12.1033,55.9034],[12.103,55.9037]],[[12.1069,55.904],[12.1071,55.904],[12.1072,55.9041],[12.1071,55.9042],[12.1069,55.9042],[12.1068,55.9042],[12.1068,55.9041],[12.1068,55.904],[12.1068,55.904],[12.1069,55.904]]]},"properties":{"sourceId":"ais_par3.155343","a_type":4110,"hectares":2.399}},{"type":"Feature","id":"ais_par3.155344","geometry":{"type":"Polygon","coordinates":[[[12.0872,55.921],[12.0883,55.9227],[12.0887,55.9223],[12.089,55.922],[12.0893,55.9219],[12.0897,55.9219],[12.0901,55.9219],[12.0906,55.9205],[12.0906,55.9205],[12.0906,55.9205],[12.0908,55.9198],[12.0913,55.9187],[12.0913,55.9186],[12.09,55.9185],[12.09,55.9185],[12.0898,55.9187],[12.0896,55.9192],[12.0891,55.9198],[12.0888,55.9201],[12.0886,55.9203],[12.0885,55.9205],[12.0883,55.9209],[12.0872,55.921],[12.0872,55.921]],[[12.09,55.9211],[12.09,55.9211],[12.09,55.921],[12.09,55.9209],[12.0901,55.9208],[12.0902,55.9208],[12.0903,55.9208],[12.0903,55.9209],[12.0903,55.921],[12.0902,55.9211],[12.0901,55.9211],[12.09,55.9211]]]},"properties":{"sourceId":"ais_par3.155344","a_type":4110,"hectares":5.059}},{"type":"Feature","id":"ais_par3.155345","geometry":{"type":"Polygon","coordinates":[[[12.1021,55.9118],[12.1021,55.9119],[12.1023,55.912],[12.1025,55.912],[12.1028,55.912],[12.1029,55.912],[12.1032,55.9121],[12.1032,55.9121],[12.1032,55.9123],[12.1032,55.9123],[12.1033,55.9124],[12.1034,55.9125],[12.1035,55.9126],[12.1034,55.9127],[12.1032,55.9128],[12.1035,55.9127],[12.104,55.9124],[12.104,55.9124],[12.1041,55.9123],[12.1042,55.912],[12.1042,55.9118],[12.1042,55.9117],[12.1029,55.9114],[12.1028,55.9115],[12.1023,55.9117],[12.1021,55.9118]]]},"properties":{"sourceId":"ais_par3.155345","a_type":4110,"hectares":0.936}},{"type":"Feature","id":"ais_par3.155346","geometry":{"type":"Polygon","coordinates":[[[12.1008,55.9218],[12.1032,55.9217],[12.1059,55.9216],[12.1055,55.9197],[12.1047,55.9199],[12.1045,55.92],[12.1043,55.92],[12.1023,55.9201],[12.1019,55.9198],[12.1003,55.9198],[12.1003,55.9206],[12.0976,55.9206],[12.0976,55.9219],[12.0977,55.9219],[12.1008,55.9218]],[[12.104,55.9204],[12.1039,55.9203],[12.1039,55.9202],[12.104,55.9201],[12.1042,55.9201],[12.1045,55.9201],[12.1046,55.9202],[12.1046,55.9203],[12.1045,55.9203],[12.1044,55.9204],[12.1041,55.9204],[12.104,55.9204]],[[12.1003,55.9202],[12.1003,55.92],[12.1005,55.9199],[12.1006,55.9199],[12.1008,55.9199],[12.1008,55.9201],[12.1006,55.9202],[12.1004,55.9202],[12.1003,55.9202]]]},"properties":{"sourceId":"ais_par3.155346","a_type":4110,"hectares":9.104}},{"type":"Feature","id":"ais_par3.155347","geometry":{"type":"Polygon","coordinates":[[[12.112,55.9147],[12.1132,55.9144],[12.1153,55.9142],[12.1152,55.9139],[12.114,55.914],[12.1135,55.9134],[12.1125,55.9134],[12.1118,55.9135],[12.1109,55.9138],[12.112,55.9146],[12.112,55.9146],[12.112,55.9147]]]},"properties":{"sourceId":"ais_par3.155347","a_type":4110,"hectares":2.126}},{"type":"Feature","id":"ais_par3.155348","geometry":{"type":"Polygon","coordinates":[[[12.1035,56.0312],[12.1038,56.0315],[12.1045,56.0319],[12.1049,56.0322],[12.1055,56.0319],[12.1054,56.0318],[12.1049,56.0316],[12.1048,56.0315],[12.1048,56.0315],[12.1047,56.0313],[12.1046,56.0313],[12.1046,56.0313],[12.1043,56.0309],[12.1036,56.0312],[12.1035,56.0312],[12.1035,56.0312]]]},"properties":{"sourceId":"ais_par3.155348","a_type":4110,"hectares":0.736}},{"type":"Feature","id":"ais_par3.155351","geometry":{"type":"Polygon","coordinates":[[[12.0764,55.8918],[12.0767,55.8919],[12.0771,55.8921],[12.0777,55.8925],[12.0782,55.8928],[12.0787,55.8932],[12.079,55.8933],[12.0797,55.8921],[12.0795,55.8919],[12.0788,55.8917],[12.0783,55.8916],[12.0779,55.8915],[12.0775,55.8912],[12.0764,55.8918]]]},"properties":{"sourceId":"ais_par3.155351","a_type":4110,"hectares":2.141}},{"type":"Feature","id":"ais_par3.155352","geometry":{"type":"Polygon","coordinates":[[[12.0806,55.8936],[12.081,55.8936],[12.0821,55.8938],[12.083,55.894],[12.084,55.8941],[12.0841,55.8936],[12.0843,55.8934],[12.0828,55.8933],[12.0825,55.8933],[12.0822,55.8932],[12.0811,55.8927],[12.081,55.8927],[12.0806,55.8936]]]},"properties":{"sourceId":"ais_par3.155352","a_type":4110,"hectares":1.642}},{"type":"Feature","id":"ais_par3.155353","geometry":{"type":"Polygon","coordinates":[[[12.0771,55.8908],[12.0768,55.8906],[12.0768,55.89],[12.0763,55.8895],[12.0762,55.8891],[12.0766,55.8887],[12.0777,55.8882],[12.0781,55.8875],[12.0773,55.8865],[12.077,55.8864],[12.0758,55.8861],[12.0754,55.886],[12.0744,55.8858],[12.0727,55.8857],[12.0717,55.8857],[12.0713,55.8856],[12.071,55.8855],[12.0696,55.885],[12.0684,55.8846],[12.0676,55.8848],[12.0677,55.8856],[12.0682,55.8858],[12.0687,55.886],[12.0696,55.886],[12.0706,55.8862],[12.0713,55.8865],[12.0717,55.8868],[12.0726,55.8872],[12.0739,55.8875],[12.0747,55.8876],[12.0751,55.8876],[12.0754,55.8877],[12.0759,55.8879],[12.0758,55.8882],[12.0756,55.8884],[12.0753,55.8889],[12.0755,55.8893],[12.0758,55.89],[12.0761,55.8905],[12.0761,55.8909],[12.0761,55.891],[12.0771,55.8908]]]},"properties":{"sourceId":"ais_par3.155353","a_type":4110,"hectares":11.835}},{"type":"Feature","id":"ais_par3.155372","geometry":{"type":"Polygon","coordinates":[[[11.9269,55.9236],[11.9271,55.9245],[11.9275,55.9245],[11.9277,55.9244],[11.9278,55.9244],[11.9279,55.9244],[11.9282,55.9243],[11.9282,55.9241],[11.9282,55.9237],[11.928,55.9234],[11.9271,55.9233],[11.9271,55.9233],[11.9269,55.9235],[11.9269,55.9235],[11.9269,55.9236],[11.9269,55.9236]]]},"properties":{"sourceId":"ais_par3.155372","a_type":4110,"hectares":0.881}},{"type":"Feature","id":"ais_par3.155373","geometry":{"type":"Polygon","coordinates":[[[11.9285,55.9204],[11.9287,55.9206],[11.9297,55.9205],[11.9304,55.9204],[11.9305,55.9206],[11.9305,55.9207],[11.9305,55.9208],[11.9299,55.9208],[11.9299,55.921],[11.9301,55.9213],[11.9305,55.9215],[11.9315,55.922],[11.932,55.9221],[11.9324,55.922],[11.9328,55.9217],[11.9331,55.9214],[11.9333,55.9212],[11.9335,55.9211],[11.9338,55.9211],[11.9337,55.921],[11.9334,55.9205],[11.9332,55.92],[11.9326,55.9199],[11.9321,55.9197],[11.9316,55.9194],[11.9314,55.9193],[11.9311,55.9191],[11.9306,55.9191],[11.9303,55.9192],[11.9302,55.9194],[11.9301,55.9197],[11.9298,55.9199],[11.9295,55.92],[11.9292,55.9201],[11.9285,55.9202],[11.9284,55.9202],[11.9285,55.9204]],[[11.929,55.9204],[11.9289,55.9204],[11.9288,55.9203],[11.9289,55.9202],[11.9291,55.9202],[11.9294,55.9202],[11.9295,55.9203],[11.9294,55.9204],[11.929,55.9204]]]},"properties":{"sourceId":"ais_par3.155373","a_type":4110,"hectares":5.433}},{"type":"Feature","id":"ais_par3.155374","geometry":{"type":"Polygon","coordinates":[[[11.9404,55.9286],[11.9407,55.9287],[11.9413,55.9287],[11.9419,55.9286],[11.9419,55.9284],[11.9419,55.9283],[11.9416,55.9281],[11.9417,55.9279],[11.9418,55.9278],[11.942,55.9277],[11.9423,55.9277],[11.9425,55.9278],[11.9428,55.9281],[11.9431,55.9282],[11.9432,55.9284],[11.9438,55.9285],[11.9441,55.9285],[11.9451,55.9279],[11.9457,55.9277],[11.9454,55.9274],[11.9449,55.9271],[11.9445,55.927],[11.9442,55.9269],[11.9434,55.9265],[11.9427,55.9263],[11.9422,55.9262],[11.9414,55.9261],[11.9405,55.9261],[11.9406,55.9264],[11.9406,55.9268],[11.9407,55.9269],[11.9412,55.9271],[11.9413,55.9273],[11.9412,55.9276],[11.9409,55.9279],[11.9405,55.9281],[11.9402,55.9283],[11.9404,55.9286]]]},"properties":{"sourceId":"ais_par3.155374","a_type":4110,"hectares":5.476}},{"type":"Feature","id":"ais_par3.155375","geometry":{"type":"Polygon","coordinates":[[[11.9641,55.9291],[11.9654,55.9282],[11.966,55.9279],[11.9663,55.9275],[11.9676,55.9266],[11.9658,55.9255],[11.9655,55.9257],[11.9649,55.9259],[11.9651,55.9258],[11.9652,55.9259],[11.9652,55.9261],[11.9651,55.9261],[11.965,55.9262],[11.9648,55.9263],[11.9648,55.9264],[11.9647,55.9265],[11.9648,55.9267],[11.9649,55.9268],[11.9649,55.9269],[11.965,55.9269],[11.9651,55.9269],[11.9651,55.927],[11.9649,55.927],[11.9648,55.927],[11.9647,55.9269],[11.9646,55.9269],[11.9642,55.927],[11.9641,55.9269],[11.9644,55.9268],[11.9646,55.9268],[11.9647,55.9267],[11.9646,55.9265],[11.9647,55.9264],[11.9647,55.9262],[11.965,55.9261],[11.965,55.926],[11.9648,55.926],[11.9649,55.9259],[11.9642,55.9261],[11.9617,55.9272],[11.9629,55.9283],[11.9638,55.9294],[11.9638,55.9294],[11.9641,55.9291]],[[11.9657,55.9278],[11.9656,55.9277],[11.9657,55.9277],[11.9658,55.9275],[11.9658,55.9275],[11.9659,55.9275],[11.9659,55.9275],[11.9659,55.9277],[11.9659,55.9278],[11.9657,55.9278],[11.9657,55.9278]]]},"properties":{"sourceId":"ais_par3.155375","a_type":4110,"hectares":7.303}},{"type":"Feature","id":"ais_par3.155427","geometry":{"type":"Polygon","coordinates":[[[12.1195,55.8892],[12.1222,55.889],[12.1219,55.8873],[12.1213,55.8875],[12.1203,55.8879],[12.1192,55.8884],[12.1195,55.8892]],[[12.1199,55.8887],[12.12,55.8887],[12.1205,55.8883],[12.1212,55.8883],[12.1211,55.8884],[12.121,55.8885],[12.1208,55.8885],[12.1208,55.8886],[12.1207,55.8887],[12.1206,55.8888],[12.1205,55.8888],[12.1203,55.8887],[12.1202,55.8888],[12.1202,55.8889],[12.1203,55.8889],[12.1203,55.889],[12.1198,55.889],[12.1197,55.8889],[12.1199,55.8887],[12.1199,55.8887]]]},"properties":{"sourceId":"ais_par3.155427","a_type":4110,"hectares":2.089}},{"type":"Feature","id":"ais_par3.155428","geometry":{"type":"Polygon","coordinates":[[[12.1245,55.8801],[12.1257,55.8811],[12.1261,55.8812],[12.1268,55.8814],[12.1266,55.8811],[12.1266,55.8811],[12.1263,55.8807],[12.1265,55.8805],[12.1265,55.8803],[12.1265,55.8802],[12.1264,55.8801],[12.1275,55.8801],[12.1274,55.8797],[12.1273,55.8795],[12.1267,55.8793],[12.1258,55.8792],[12.1258,55.8798],[12.1261,55.8804],[12.1258,55.8805],[12.1255,55.8805],[12.1254,55.8803],[12.1254,55.8803],[12.1245,55.8801]],[[12.1256,55.8809],[12.1256,55.8809],[12.1256,55.8809],[12.1256,55.8808],[12.1256,55.8808],[12.1257,55.8808],[12.1257,55.8808],[12.1258,55.8808],[12.1259,55.8808],[12.1259,55.8809],[12.1259,55.8809],[12.1259,55.8809],[12.1258,55.881],[12.1258,55.881],[12.1257,55.881],[12.1256,55.881],[12.1256,55.8809]]]},"properties":{"sourceId":"ais_par3.155428","a_type":4110,"hectares":1.625}},{"type":"Feature","id":"ais_par3.155449","geometry":{"type":"Polygon","coordinates":[[[12.1016,55.9257],[12.1016,55.9265],[12.1073,55.9264],[12.1074,55.9261],[12.1072,55.9258],[12.107,55.9256],[12.1021,55.9257],[12.1016,55.9257]]]},"properties":{"sourceId":"ais_par3.155449","a_type":4110,"hectares":3.153}},{"type":"Feature","id":"ais_par3.155450","geometry":{"type":"Polygon","coordinates":[[[12.0981,55.9289],[12.0999,55.9289],[12.1015,55.9289],[12.1027,55.929],[12.1028,55.9281],[12.0983,55.9282],[12.0982,55.9282],[12.0981,55.9289]],[[12.0998,55.9288],[12.0998,55.9286],[12.0997,55.9286],[12.0997,55.9285],[12.1,55.9285],[12.1,55.9288],[12.0998,55.9288]]]},"properties":{"sourceId":"ais_par3.155450","a_type":4110,"hectares":2.44}},{"type":"Feature","id":"ais_par3.155451","geometry":{"type":"Polygon","coordinates":[[[12.1032,55.931],[12.1047,55.9308],[12.1036,55.9291],[12.1026,55.929],[12.1032,55.931]]]},"properties":{"sourceId":"ais_par3.155451","a_type":4110,"hectares":1.711}},{"type":"Feature","id":"ais_par3.155452","geometry":{"type":"Polygon","coordinates":[[[12.1083,55.9275],[12.1104,55.9246],[12.1084,55.9247],[12.1081,55.9257],[12.1074,55.9271],[12.1074,55.9271],[12.1083,55.9275]],[[12.1096,55.9252],[12.1096,55.9252],[12.1094,55.9253],[12.1091,55.9253],[12.109,55.9252],[12.109,55.9251],[12.1092,55.9251],[12.1093,55.9251],[12.1093,55.9252],[12.1094,55.9252],[12.1096,55.9252]]]},"properties":{"sourceId":"ais_par3.155452","a_type":4110,"hectares":2.785}},{"type":"Feature","id":"ais_par3.155454","geometry":{"type":"Polygon","coordinates":[[[12.1038,55.9247],[12.103,55.9236],[12.1011,55.9236],[12.1011,55.9247],[12.1011,55.9248],[12.1038,55.9247]]]},"properties":{"sourceId":"ais_par3.155454","a_type":4110,"hectares":1.915}},{"type":"Feature","id":"ais_par3.155455","geometry":{"type":"Polygon","coordinates":[[[12.1072,55.9256],[12.1074,55.9254],[12.1078,55.9253],[12.1081,55.9253],[12.1083,55.9247],[12.108,55.9241],[12.1071,55.9242],[12.1052,55.923],[12.1048,55.9232],[12.1039,55.9236],[12.1072,55.9256]]]},"properties":{"sourceId":"ais_par3.155455","a_type":4110,"hectares":3.404}},{"type":"Feature","id":"ais_par3.155456","geometry":{"type":"Polygon","coordinates":[[[12.0843,55.9283],[12.0851,55.9286],[12.0852,55.9285],[12.0856,55.9281],[12.0859,55.9277],[12.0845,55.9274],[12.0835,55.9282],[12.083,55.9287],[12.0827,55.9291],[12.0841,55.9298],[12.0842,55.9299],[12.0856,55.9292],[12.0855,55.9292],[12.0852,55.9289],[12.0839,55.9288],[12.0839,55.9288],[12.0843,55.9283]]]},"properties":{"sourceId":"ais_par3.155456","a_type":4110,"hectares":2.672}},{"type":"Feature","id":"ais_par3.155457","geometry":{"type":"Polygon","coordinates":[[[12.0861,55.9267],[12.0863,55.9267],[12.0867,55.9267],[12.0872,55.9266],[12.0875,55.9265],[12.088,55.9262],[12.0884,55.926],[12.0886,55.9258],[12.0885,55.9254],[12.0884,55.9249],[12.0883,55.9245],[12.0881,55.9242],[12.0878,55.924],[12.0877,55.9242],[12.0877,55.9247],[12.0877,55.9257],[12.0877,55.9258],[12.0868,55.9263],[12.0865,55.9264],[12.0859,55.9267],[12.0861,55.9267]]]},"properties":{"sourceId":"ais_par3.155457","a_type":4110,"hectares":1.483}},{"type":"Feature","id":"ais_par3.155458","geometry":{"type":"Polygon","coordinates":[[[12.0885,55.9238],[12.0888,55.9234],[12.0893,55.923],[12.0896,55.9227],[12.09,55.9225],[12.0906,55.9225],[12.0941,55.9226],[12.0941,55.9222],[12.0935,55.9222],[12.0924,55.9222],[12.0914,55.922],[12.0899,55.922],[12.0891,55.9221],[12.0889,55.9222],[12.088,55.9234],[12.0879,55.9236],[12.0885,55.9238]]]},"properties":{"sourceId":"ais_par3.155458","a_type":4110,"hectares":2.357}},{"type":"Feature","id":"ais_par3.155469","geometry":{"type":"Polygon","coordinates":[[[11.9248,55.9046],[11.9249,55.9044],[11.9227,55.9038],[11.9225,55.904],[11.9248,55.9046]]]},"properties":{"sourceId":"ais_par3.155469","a_type":4110,"hectares":0.341}},{"type":"Feature","id":"ais_par3.155487","geometry":{"type":"Polygon","coordinates":[[[12.1224,56.0558],[12.1226,56.056],[12.1226,56.056],[12.1226,56.0561],[12.1226,56.0561],[12.1226,56.0564],[12.1223,56.0564],[12.1222,56.0568],[12.1216,56.057],[12.1214,56.0572],[12.1217,56.0573],[12.1229,56.0576],[12.1231,56.0578],[12.1237,56.057],[12.1245,56.057],[12.1248,56.057],[12.1247,56.0569],[12.1244,56.0569],[12.1241,56.0568],[12.1238,56.0568],[12.1237,56.0568],[12.1236,56.0567],[12.1231,56.0563],[12.1231,56.0561],[12.1227,56.056],[12.1232,56.056],[12.124,56.0561],[12.1241,56.056],[12.1243,56.056],[12.1246,56.056],[12.1247,56.0559],[12.1247,56.0559],[12.1242,56.0555],[12.1232,56.0549],[12.1228,56.0547],[12.1223,56.0543],[12.1222,56.0553],[12.1224,56.0558]]]},"properties":{"sourceId":"ais_par3.155487","a_type":4110,"hectares":3.018}},{"type":"Feature","id":"ais_par3.155567","geometry":{"type":"Polygon","coordinates":[[[12.0392,56.0251],[12.0399,56.0252],[12.0401,56.0241],[12.0392,56.0241],[12.0389,56.0242],[12.0388,56.0243],[12.0388,56.0244],[12.0388,56.0246],[12.0388,56.0246],[12.0385,56.0247],[12.0383,56.0247],[12.0392,56.0251]]]},"properties":{"sourceId":"ais_par3.155567","a_type":4120,"hectares":0.88}},{"type":"Feature","id":"ais_par3.155568","geometry":{"type":"Polygon","coordinates":[[[12.0445,56.0097],[12.0452,56.0096],[12.0459,56.0092],[12.0464,56.009],[12.0466,56.009],[12.0465,56.0085],[12.0439,56.0087],[12.0441,56.0092],[12.0442,56.0094],[12.0443,56.0096],[12.0445,56.0097]]]},"properties":{"sourceId":"ais_par3.155568","a_type":4120,"hectares":1.405}},{"type":"Feature","id":"ais_par3.155569","geometry":{"type":"Polygon","coordinates":[[[12.0457,56.0053],[12.0462,56.0052],[12.0462,56.0049],[12.0456,56.0049],[12.0457,56.0053]]]},"properties":{"sourceId":"ais_par3.155569","a_type":4120,"hectares":0.116}},{"type":"Feature","id":"ais_par3.155570","geometry":{"type":"Polygon","coordinates":[[[12.131,56.0413],[12.1308,56.0408],[12.1307,56.0407],[12.1302,56.0407],[12.1299,56.0408],[12.1298,56.0411],[12.1299,56.0413],[12.1301,56.0414],[12.131,56.0413],[12.131,56.0413],[12.131,56.0413],[12.131,56.0413]]]},"properties":{"sourceId":"ais_par3.155570","a_type":4120,"hectares":0.441}},{"type":"Feature","id":"ais_par3.155597","geometry":{"type":"Polygon","coordinates":[[[12.0278,55.9816],[12.0281,55.9814],[12.0281,55.9814],[12.0278,55.9813],[12.0277,55.9814],[12.0275,55.9815],[12.0275,55.9816],[12.0278,55.9816]]]},"properties":{"sourceId":"ais_par3.155597","a_type":4120,"hectares":0.094}},{"type":"Feature","id":"ais_par3.155598","geometry":{"type":"Polygon","coordinates":[[[12.0283,55.9813],[12.0286,55.9811],[12.0289,55.9808],[12.0292,55.9806],[12.0288,55.9804],[12.0287,55.9804],[12.0283,55.9808],[12.028,55.981],[12.0279,55.9812],[12.0283,55.9813]]]},"properties":{"sourceId":"ais_par3.155598","a_type":4120,"hectares":0.356}},{"type":"Feature","id":"ais_par3.155599","geometry":{"type":"Polygon","coordinates":[[[12.055,55.9447],[12.0551,55.9445],[12.0553,55.9444],[12.0556,55.9444],[12.0556,55.9443],[12.0557,55.9442],[12.0557,55.9441],[12.0552,55.9442],[12.0547,55.9444],[12.0545,55.9446],[12.0542,55.9452],[12.0545,55.9462],[12.0547,55.947],[12.0543,55.9469],[12.0515,55.9471],[12.0516,55.9474],[12.0514,55.9477],[12.051,55.9483],[12.0528,55.9481],[12.053,55.9481],[12.0531,55.9482],[12.0532,55.9484],[12.0532,55.9486],[12.053,55.9488],[12.0527,55.949],[12.0521,55.9493],[12.0513,55.9495],[12.0515,55.95],[12.0523,55.9499],[12.0527,55.9499],[12.053,55.95],[12.0534,55.9501],[12.0536,55.9502],[12.0539,55.9502],[12.054,55.9502],[12.0543,55.95],[12.0545,55.9499],[12.0549,55.9498],[12.0553,55.9499],[12.0556,55.9499],[12.0559,55.95],[12.0561,55.9502],[12.0565,55.9504],[12.0568,55.9507],[12.057,55.9508],[12.0576,55.9509],[12.058,55.9511],[12.0578,55.9515],[12.0581,55.9515],[12.0584,55.9513],[12.0585,55.951],[12.0584,55.9508],[12.0581,55.9505],[12.058,55.9501],[12.058,55.9499],[12.0584,55.9496],[12.0586,55.9493],[12.0588,55.9491],[12.0602,55.9489],[12.0606,55.949],[12.0609,55.9492],[12.0612,55.9494],[12.0614,55.9495],[12.0617,55.9501],[12.0619,55.9506],[12.0621,55.9506],[12.0622,55.9506],[12.0622,55.9508],[12.0621,55.9508],[12.062,55.9507],[12.062,55.9509],[12.0622,55.951],[12.0623,55.951],[12.0624,55.9512],[12.0625,55.9512],[12.0623,55.9513],[12.0624,55.9518],[12.0628,55.9519],[12.0633,55.9519],[12.0631,55.9517],[12.0632,55.9514],[12.063,55.951],[12.063,55.9504],[12.0626,55.9499],[12.0622,55.9494],[12.062,55.9493],[12.0618,55.9491],[12.0615,55.9488],[12.061,55.9488],[12.0601,55.9485],[12.06,55.9483],[12.0599,55.9483],[12.0597,55.9481],[12.0596,55.9478],[12.0593,55.9477],[12.0589,55.9472],[12.0585,55.9469],[12.0585,55.9467],[12.0582,55.9465],[12.0582,55.9461],[12.0583,55.9458],[12.0585,55.9458],[12.0588,55.9457],[12.0589,55.9456],[12.0598,55.9454],[12.0603,55.9452],[12.0609,55.9453],[12.0612,55.9453],[12.0613,55.9456],[12.0615,55.9457],[12.0618,55.9457],[12.0621,55.9456],[12.0626,55.9455],[12.0631,55.945],[12.0635,55.9447],[12.0639,55.9446],[12.0645,55.9445],[12.0646,55.9445],[12.0646,55.9441],[12.0649,55.944],[12.065,55.9439],[12.065,55.9438],[12.065,55.9437],[12.0649,55.9436],[12.0648,55.9434],[12.0646,55.9434],[12.0643,55.9434],[12.0638,55.9435],[12.0634,55.9435],[12.0634,55.944],[12.0628,55.9437],[12.0628,55.9439],[12.0627,55.9439],[12.0623,55.944],[12.0617,55.9441],[12.0616,55.9441],[12.0612,55.9437],[12.0616,55.9436],[12.0615,55.9435],[12.0615,55.9432],[12.0615,55.9431],[12.0615,55.9429],[12.0615,55.9427],[12.0614,55.9426],[12.0612,55.9426],[12.0612,55.9428],[12.0608,55.943],[12.0595,55.9433],[12.0587,55.9436],[12.0585,55.9436],[12.0582,55.9436],[12.0578,55.9438],[12.058,55.944],[12.0582,55.9444],[12.0582,55.9446],[12.0581,55.9447],[12.0577,55.9448],[12.0574,55.9448],[12.0569,55.9449],[12.0564,55.945],[12.0563,55.9452],[12.0564,55.9453],[12.0565,55.9454],[12.0563,55.9454],[12.0554,55.9455],[12.0551,55.9452],[12.055,55.945],[12.055,55.9447]],[[12.0587,55.944],[12.0592,55.9439],[12.0602,55.9434],[12.0606,55.9433],[12.0607,55.9437],[12.0609,55.944],[12.0609,55.9443],[12.0609,55.9444],[12.0606,55.9444],[12.0604,55.9444],[12.0601,55.9444],[12.0593,55.9445],[12.0589,55.9445],[12.0587,55.9441],[12.0587,55.944]],[[12.0549,55.9462],[12.0551,55.9462],[12.0551,55.9458],[12.0553,55.9456],[12.0554,55.9456],[12.0557,55.9456],[12.0558,55.9456],[12.0559,55.9457],[12.0559,55.9461],[12.056,55.9461],[12.0561,55.9461],[12.0562,55.9462],[12.0563,55.9465],[12.0561,55.9465],[12.0559,55.9465],[12.0556,55.9466],[12.0552,55.9466],[12.055,55.9466],[12.0549,55.9462]]]},"properties":{"sourceId":"ais_par3.155599","a_type":4120,"hectares":30.203}},{"type":"Feature","id":"ais_par3.155600","geometry":{"type":"Polygon","coordinates":[[[12.0762,55.8914],[12.0768,55.8914],[12.0771,55.8913],[12.0772,55.8912],[12.0772,55.8911],[12.0771,55.891],[12.077,55.891],[12.0767,55.891],[12.0762,55.8911],[12.0762,55.8914]]]},"properties":{"sourceId":"ais_par3.155600","a_type":4120,"hectares":0.231}},{"type":"Feature","id":"ais_par3.155618","geometry":{"type":"Polygon","coordinates":[[[11.9389,55.9259],[11.9397,55.9259],[11.9397,55.9258],[11.9396,55.9257],[11.9398,55.9256],[11.9399,55.9252],[11.9401,55.9251],[11.9416,55.9251],[11.9432,55.9247],[11.943,55.924],[11.9424,55.9241],[11.9418,55.9241],[11.9415,55.9241],[11.9412,55.9239],[11.9423,55.9233],[11.9427,55.9232],[11.9431,55.9233],[11.9429,55.9231],[11.9433,55.9231],[11.9436,55.9231],[11.9438,55.9231],[11.9437,55.9228],[11.9429,55.9229],[11.9428,55.9228],[11.9429,55.9226],[11.9423,55.9225],[11.9416,55.9223],[11.941,55.9225],[11.9408,55.9225],[11.9406,55.9225],[11.9406,55.9222],[11.9405,55.9223],[11.9403,55.9225],[11.9404,55.9226],[11.9405,55.9228],[11.9404,55.9229],[11.9399,55.9231],[11.9397,55.9233],[11.939,55.9234],[11.9385,55.9236],[11.9384,55.9232],[11.9382,55.9233],[11.938,55.9233],[11.9378,55.9234],[11.9379,55.9235],[11.9378,55.9238],[11.9381,55.9241],[11.9387,55.9241],[11.9388,55.9243],[11.9389,55.9246],[11.9388,55.9247],[11.9385,55.9248],[11.9382,55.9247],[11.9382,55.9246],[11.9371,55.925],[11.9376,55.9252],[11.9379,55.9254],[11.938,55.9256],[11.9379,55.9259],[11.938,55.9259],[11.9389,55.9259]]]},"properties":{"sourceId":"ais_par3.155618","a_type":4120,"hectares":8.033}},{"type":"Feature","id":"ais_par3.155622","geometry":{"type":"Polygon","coordinates":[[[11.975,55.9001],[11.9748,55.9002],[11.9749,55.9003],[11.9749,55.9004],[11.9752,55.9003],[11.9754,55.9003],[11.9758,55.9002],[11.9764,55.9002],[11.9766,55.9],[11.9767,55.8999],[11.9766,55.8998],[11.9764,55.8997],[11.9761,55.8997],[11.976,55.8998],[11.9759,55.8998],[11.9757,55.8999],[11.9755,55.9],[11.9753,55.9],[11.975,55.9001]]]},"properties":{"sourceId":"ais_par3.155622","a_type":4120,"hectares":0.41}},{"type":"Feature","id":"ais_par3.155624","geometry":{"type":"Polygon","coordinates":[[[11.9319,55.8892],[11.9321,55.8891],[11.9321,55.8889],[11.9321,55.8885],[11.9321,55.8884],[11.932,55.8882],[11.932,55.888],[11.932,55.8878],[11.9321,55.8876],[11.9323,55.8873],[11.9323,55.8871],[11.9324,55.8869],[11.9325,55.8867],[11.9324,55.8866],[11.9324,55.8864],[11.9323,55.8862],[11.9322,55.8862],[11.9319,55.8862],[11.9317,55.8864],[11.9315,55.8867],[11.9314,55.8869],[11.9313,55.8871],[11.9312,55.8873],[11.9311,55.8876],[11.931,55.8878],[11.9311,55.888],[11.9312,55.8881],[11.9312,55.8883],[11.9313,55.8885],[11.9314,55.8887],[11.9315,55.8889],[11.9315,55.889],[11.9316,55.8892],[11.9319,55.8892]],[[11.9318,55.887],[11.9318,55.8869],[11.9318,55.8869],[11.9318,55.8869],[11.9318,55.8868],[11.9319,55.8868],[11.9319,55.8868],[11.932,55.8868],[11.932,55.8869],[11.9321,55.8869],[11.9321,55.8869],[11.9321,55.887],[11.932,55.887],[11.9319,55.887],[11.9319,55.887],[11.9318,55.887],[11.9318,55.887]],[[11.9315,55.8873],[11.9315,55.8873],[11.9315,55.8873],[11.9315,55.8872],[11.9316,55.8872],[11.9316,55.8872],[11.9317,55.8872],[11.9317,55.8872],[11.9318,55.8872],[11.9318,55.8872],[11.9318,55.8873],[11.9318,55.8873],[11.9317,55.8873],[11.9317,55.8873],[11.9316,55.8873],[11.9316,55.8873],[11.9315,55.8873]],[[11.9315,55.8871],[11.9315,55.887],[11.9315,55.887],[11.9315,55.887],[11.9315,55.8869],[11.9316,55.8869],[11.9316,55.8869],[11.9317,55.8869],[11.9318,55.887],[11.9318,55.887],[11.9318,55.887],[11.9318,55.8871],[11.9317,55.8871],[11.9317,55.8871],[11.9316,55.8871],[11.9315,55.8871],[11.9315,55.8871]]]},"properties":{"sourceId":"ais_par3.155624","a_type":4120,"hectares":1.725}},{"type":"Feature","id":"ais_par3.155629","geometry":{"type":"Polygon","coordinates":[[[12.0558,55.9694],[12.0562,55.9696],[12.0563,55.9696],[12.0564,55.9697],[12.0571,55.9698],[12.0576,55.9699],[12.0579,55.9702],[12.058,55.9703],[12.0585,55.9709],[12.0595,55.9713],[12.0607,55.9693],[12.0607,55.9686],[12.0605,55.9686],[12.0605,55.9686],[12.0604,55.9687],[12.0603,55.9687],[12.0601,55.9686],[12.0601,55.9686],[12.0602,55.9685],[12.0602,55.9684],[12.0601,55.9683],[12.0601,55.9683],[12.0601,55.9682],[12.06,55.9681],[12.06,55.968],[12.0596,55.9681],[12.059,55.9682],[12.0589,55.9682],[12.0585,55.9683],[12.0582,55.9684],[12.0573,55.9684],[12.0564,55.9682],[12.0562,55.9681],[12.056,55.968],[12.0558,55.968],[12.0556,55.968],[12.0553,55.9679],[12.0551,55.968],[12.055,55.968],[12.0551,55.9682],[12.0553,55.9682],[12.0554,55.9689],[12.0554,55.969],[12.0558,55.9694]],[[12.0594,55.9695],[12.0593,55.9694],[12.0593,55.9694],[12.0594,55.9694],[12.0598,55.9694],[12.0602,55.9693],[12.0605,55.9693],[12.0606,55.9693],[12.0606,55.9694],[12.0603,55.9697],[12.0602,55.9698],[12.06,55.9698],[12.0597,55.9698],[12.0596,55.9697],[12.0595,55.9695],[12.0594,55.9695],[12.0594,55.9695]],[[12.0598,55.9693],[12.0597,55.9692],[12.0597,55.969],[12.0598,55.9689],[12.0602,55.9687],[12.0604,55.9687],[12.0606,55.9687],[12.0605,55.969],[12.0605,55.9692],[12.0604,55.9692],[12.0598,55.9693]],[[12.0588,55.9693],[12.0587,55.9693],[12.0586,55.9693],[12.0586,55.9692],[12.0587,55.969],[12.0589,55.9689],[12.0592,55.9689],[12.0596,55.9689],[12.0596,55.969],[12.0594,55.9691],[12.0594,55.9692],[12.0592,55.9693],[12.0588,55.9693]],[[12.0582,55.9699],[12.0581,55.9699],[12.0582,55.9698],[12.0583,55.9697],[12.0584,55.9696],[12.0585,55.9696],[12.0586,55.9696],[12.0586,55.9697],[12.0586,55.9698],[12.0585,55.9699],[12.0585,55.97],[12.0584,55.9701],[12.0583,55.9701],[12.0582,55.9699]]]},"properties":{"sourceId":"ais_par3.155629","a_type":4120,"hectares":6.237}},{"type":"Feature","id":"ais_par3.155630","geometry":{"type":"Polygon","coordinates":[[[11.7045,56.1947],[11.7043,56.1947],[11.704,56.1947],[11.7039,56.1947],[11.7038,56.1949],[11.7041,56.1949],[11.7044,56.1949],[11.7046,56.195],[11.7049,56.1951],[11.7049,56.1952],[11.7048,56.1953],[11.705,56.1955],[11.7054,56.1956],[11.7057,56.1957],[11.706,56.1955],[11.7059,56.1954],[11.7056,56.1952],[11.7056,56.195],[11.7054,56.1948],[11.7052,56.1948],[11.7052,56.1948],[11.7053,56.1948],[11.7053,56.195],[11.7051,56.195],[11.705,56.195],[11.7049,56.1949],[11.7047,56.1949],[11.7048,56.1948],[11.7045,56.1947]]]},"properties":{"sourceId":"ais_par3.155630","a_type":4120,"hectares":0.567}},{"type":"Feature","id":"ais_par3.155631","geometry":{"type":"Polygon","coordinates":[[[11.7113,56.198],[11.7115,56.198],[11.7113,56.1977],[11.7111,56.1978],[11.7111,56.1979],[11.711,56.1979],[11.7107,56.198],[11.7105,56.1979],[11.7104,56.1979],[11.7102,56.1979],[11.7101,56.198],[11.7102,56.1981],[11.7105,56.1983],[11.7113,56.198]]]},"properties":{"sourceId":"ais_par3.155631","a_type":4120,"hectares":0.218}},{"type":"Feature","id":"ais_par3.155633","geometry":{"type":"Polygon","coordinates":[[[11.9846,56.0007],[11.9848,56.0007],[11.9849,56.0007],[11.985,56.0007],[11.9851,56.0006],[11.9851,56.0006],[11.985,56.0005],[11.9848,56.0005],[11.9845,56.0005],[11.9844,56.0004],[11.9844,56.0005],[11.9845,56.0005],[11.9844,56.0006],[11.9844,56.0006],[11.9842,56.0006],[11.9846,56.0007]]]},"properties":{"sourceId":"ais_par3.155633","a_type":4120,"hectares":0.1}},{"type":"Feature","id":"ais_par3.155634","geometry":{"type":"Polygon","coordinates":[[[11.9337,55.921],[11.9338,55.921],[11.9339,55.9209],[11.934,55.9208],[11.934,55.9208],[11.934,55.9207],[11.9341,55.9206],[11.9342,55.9206],[11.9343,55.9207],[11.9344,55.9207],[11.9346,55.9207],[11.9346,55.9205],[11.9344,55.9205],[11.9341,55.9204],[11.934,55.9204],[11.9339,55.9204],[11.9336,55.9205],[11.9334,55.9205],[11.9337,55.921]]]},"properties":{"sourceId":"ais_par3.155634","a_type":4120,"hectares":0.245}},{"type":"Feature","id":"ais_par3.155930","geometry":{"type":"Polygon","coordinates":[[[12.1015,56.0565],[12.1018,56.0563],[12.1023,56.0563],[12.1023,56.0559],[12.103,56.0557],[12.1029,56.0549],[12.1027,56.0549],[12.1026,56.0548],[12.1023,56.0547],[12.1024,56.0544],[12.1015,56.0544],[12.1015,56.0545],[12.1004,56.0545],[12.1002,56.0547],[12.0999,56.055],[12.0998,56.0553],[12.1002,56.0553],[12.1002,56.0556],[12.1006,56.0556],[12.1005,56.056],[12.1007,56.0561],[12.1006,56.0563],[12.1015,56.0565]],[[12.1008,56.0557],[12.1008,56.0555],[12.101,56.0555],[12.1011,56.0555],[12.1012,56.0556],[12.1014,56.0556],[12.1015,56.0556],[12.1016,56.0556],[12.1016,56.0555],[12.1017,56.0555],[12.1018,56.0555],[12.1018,56.0556],[12.1017,56.0557],[12.1017,56.0557],[12.1018,56.0558],[12.1017,56.0558],[12.1017,56.0559],[12.1018,56.0559],[12.1019,56.056],[12.1019,56.0561],[12.1018,56.0561],[12.1015,56.0562],[12.1012,56.0562],[12.101,56.0562],[12.1008,56.0561],[12.1008,56.056],[12.1006,56.056],[12.1006,56.0559],[12.1007,56.0557],[12.1008,56.0557]],[[12.1007,56.055],[12.1007,56.0548],[12.1008,56.0547],[12.1009,56.0546],[12.1011,56.0546],[12.1011,56.0546],[12.1012,56.055],[12.1012,56.0553],[12.1011,56.0553],[12.101,56.0553],[12.1009,56.0553],[12.1008,56.0553],[12.1007,56.0552],[12.1006,56.0551],[12.1007,56.0551],[12.1007,56.055],[12.1007,56.055]],[[12.1018,56.0553],[12.1017,56.0553],[12.1015,56.0553],[12.1014,56.0552],[12.1013,56.0551],[12.1013,56.055],[12.1015,56.055],[12.1015,56.055],[12.1017,56.0551],[12.1018,56.0551],[12.1019,56.055],[12.1019,56.0549],[12.102,56.0548],[12.1023,56.0549],[12.1023,56.055],[12.1021,56.0552],[12.102,56.0552],[12.1019,56.0552],[12.102,56.0553],[12.102,56.0553],[12.102,56.0554],[12.1019,56.0554],[12.1017,56.0554],[12.1017,56.0554],[12.1018,56.0554],[12.1019,56.0553],[12.1018,56.0553],[12.1018,56.0553]]]},"properties":{"sourceId":"ais_par3.155930","a_type":4120,"hectares":2.247}},{"type":"Feature","id":"ais_par3.155931","geometry":{"type":"Polygon","coordinates":[[[12.1029,56.0545],[12.1032,56.0549],[12.1032,56.0553],[12.1037,56.0554],[12.1039,56.0558],[12.1043,56.0559],[12.1048,56.0561],[12.1057,56.0558],[12.1059,56.0557],[12.106,56.0556],[12.106,56.0555],[12.1063,56.0554],[12.1066,56.0554],[12.1069,56.0552],[12.107,56.0549],[12.1072,56.0547],[12.1075,56.0545],[12.1076,56.0544],[12.1079,56.0544],[12.1081,56.0545],[12.1083,56.0546],[12.1085,56.0547],[12.1087,56.0546],[12.1089,56.0545],[12.1091,56.0546],[12.1092,56.0548],[12.1092,56.055],[12.1089,56.055],[12.1086,56.055],[12.1084,56.0551],[12.1085,56.0551],[12.1085,56.0551],[12.1086,56.0552],[12.1086,56.0552],[12.1086,56.0552],[12.1085,56.0552],[12.1085,56.0553],[12.1089,56.0553],[12.1094,56.0554],[12.1094,56.0552],[12.1101,56.0553],[12.1101,56.0554],[12.1102,56.0555],[12.1103,56.0556],[12.1105,56.0556],[12.1106,56.0555],[12.1103,56.0543],[12.1106,56.0543],[12.1109,56.0541],[12.1111,56.0539],[12.1112,56.0536],[12.1111,56.0534],[12.1108,56.053],[12.1101,56.0528],[12.1101,56.0526],[12.1099,56.0525],[12.1096,56.0523],[12.1093,56.0524],[12.1089,56.0521],[12.1082,56.0521],[12.1081,56.0519],[12.1074,56.0519],[12.1072,56.052],[12.1073,56.0521],[12.107,56.0522],[12.107,56.0524],[12.1066,56.0528],[12.108,56.0532],[12.1079,56.0534],[12.1081,56.0534],[12.1081,56.0534],[12.1089,56.0534],[12.1094,56.0534],[12.1096,56.0535],[12.1096,56.0537],[12.1095,56.0538],[12.1079,56.0537],[12.108,56.0535],[12.1074,56.0534],[12.1072,56.0535],[12.1059,56.0531],[12.1054,56.053],[12.1053,56.0532],[12.1057,56.0534],[12.1053,56.0537],[12.1061,56.054],[12.1057,56.0542],[12.105,56.0537],[12.1038,56.0541],[12.1036,56.0541],[12.1036,56.0543],[12.1034,56.0544],[12.1031,56.0542],[12.103,56.0543],[12.1029,56.0545]],[[12.1049,56.0556],[12.1048,56.0555],[12.1047,56.0554],[12.1046,56.0553],[12.1047,56.0552],[12.105,56.0552],[12.1052,56.0552],[12.1051,56.0552],[12.105,56.0551],[12.1051,56.055],[12.1052,56.055],[12.1054,56.0552],[12.1055,56.0552],[12.1056,56.0553],[12.1058,56.0554],[12.1058,56.0556],[12.1057,56.0557],[12.1056,56.0557],[12.1053,56.0554],[12.1052,56.0553],[12.1051,56.0553],[12.1051,56.0554],[12.1052,56.0555],[12.1054,56.0557],[12.1054,56.0558],[12.1053,56.0559],[12.1051,56.0559],[12.105,56.0558],[12.1049,56.0556],[12.1049,56.0556]],[[12.1086,56.054],[12.1087,56.0539],[12.1088,56.0539],[12.1091,56.0539],[12.11,56.0539],[12.1103,56.0539],[12.1104,56.0543],[12.1099,56.0543],[12.1094,56.0542],[12.1093,56.0541],[12.1093,56.054],[12.1093,56.0539],[12.1092,56.054],[12.1092,56.054],[12.1092,56.0541],[12.1092,56.0541],[12.1091,56.0542],[12.1087,56.0541],[12.1087,56.054],[12.1086,56.054]],[[12.1089,56.0531],[12.1089,56.053],[12.1091,56.0529],[12.1097,56.0529],[12.1101,56.053],[12.1102,56.0531],[12.1102,56.0532],[12.11,56.0533],[12.109,56.0533],[12.109,56.0532],[12.1089,56.0531],[12.1089,56.0531]],[[12.1043,56.0548],[12.1044,56.0547],[12.1046,56.0547],[12.1046,56.0546],[12.1046,56.0545],[12.1048,56.0545],[12.105,56.0547],[12.105,56.0547],[12.1049,56.0548],[12.1048,56.0549],[12.1048,56.0549],[12.1047,56.055],[12.1046,56.055],[12.1045,56.055],[12.1043,56.0548]],[[12.1085,56.0538],[12.1087,56.0539],[12.1085,56.054],[12.1084,56.054],[12.1081,56.054],[12.1079,56.054],[12.1079,56.0539],[12.1078,56.0539],[12.1079,56.0538],[12.1085,56.0538]],[[12.1088,56.0527],[12.1089,56.0526],[12.1089,56.0525],[12.1091,56.0525],[12.1093,56.0526],[12.1093,56.0527],[12.1092,56.0527],[12.1091,56.0528],[12.109,56.0528],[12.1087,56.0528],[12.1088,56.0527]],[[12.1078,56.0528],[12.1077,56.0528],[12.1077,56.0528],[12.1078,56.0527],[12.1078,56.0527],[12.1079,56.0527],[12.1079,56.0527],[12.108,56.0527],[12.108,56.0527],[12.108,56.0527],[12.108,56.0528],[12.108,56.0528],[12.108,56.0528],[12.1079,56.0528],[12.1079,56.0528],[12.1078,56.0528],[12.1078,56.0528]],[[12.1058,56.0549],[12.1058,56.0548],[12.1058,56.0548],[12.1058,56.0548],[12.1059,56.0547],[12.1059,56.0547],[12.106,56.0547],[12.106,56.0547],[12.1061,56.0548],[12.1061,56.0548],[12.1061,56.0548],[12.1061,56.0549],[12.106,56.0549],[12.106,56.0549],[12.1059,56.0549],[12.1059,56.0549],[12.1058,56.0549]],[[12.1085,56.0533],[12.1085,56.0532],[12.1085,56.0532],[12.1085,56.0532],[12.1086,56.0531],[12.1086,56.0531],[12.1087,56.0531],[12.1087,56.0531],[12.1088,56.0532],[12.1088,56.0532],[12.1088,56.0532],[12.1088,56.0533],[12.1088,56.0533],[12.1087,56.0533],[12.1086,56.0533],[12.1086,56.0533],[12.1085,56.0533]],[[12.1049,56.0545],[12.1049,56.0545],[12.1049,56.0545],[12.1049,56.0544],[12.105,56.0544],[12.105,56.0544],[12.1051,56.0544],[12.1051,56.0544],[12.1052,56.0544],[12.1052,56.0544],[12.1052,56.0545],[12.1052,56.0545],[12.1051,56.0545],[12.1051,56.0545],[12.105,56.0545],[12.105,56.0545],[12.1049,56.0545]],[[12.1063,56.0551],[12.1062,56.055],[12.1062,56.055],[12.1063,56.055],[12.1063,56.0549],[12.1064,56.0549],[12.1064,56.0549],[12.1065,56.0549],[12.1065,56.055],[12.1065,56.055],[12.1065,56.055],[12.1065,56.0551],[12.1065,56.0551],[12.1064,56.0551],[12.1064,56.0551],[12.1063,56.0551],[12.1063,56.0551]]]},"properties":{"sourceId":"ais_par3.155931","a_type":4120,"hectares":10.177}},{"type":"Feature","id":"ais_par3.155932","geometry":{"type":"Polygon","coordinates":[[[12.1217,56.0553],[12.1217,56.0557],[12.122,56.0558],[12.1223,56.0559],[12.1225,56.056],[12.1225,56.056],[12.1226,56.0561],[12.1226,56.056],[12.1226,56.056],[12.1224,56.0558],[12.1222,56.0553],[12.1217,56.0553]],[[12.1219,56.0556],[12.1219,56.0553],[12.1221,56.0553],[12.1221,56.0556],[12.1219,56.0556]]]},"properties":{"sourceId":"ais_par3.155932","a_type":4120,"hectares":0.208}},{"type":"Feature","id":"ais_par3.155933","geometry":{"type":"Polygon","coordinates":[[[12.1137,56.0461],[12.1138,56.046],[12.1142,56.0459],[12.1146,56.0458],[12.1149,56.0457],[12.1161,56.045],[12.1161,56.0449],[12.1154,56.0451],[12.1146,56.0452],[12.1142,56.0453],[12.1141,56.0452],[12.1139,56.0453],[12.1137,56.0454],[12.1133,56.0457],[12.1133,56.0459],[12.113,56.0463],[12.113,56.0466],[12.1127,56.0471],[12.1127,56.0473],[12.1129,56.0474],[12.113,56.0474],[12.1132,56.0474],[12.1135,56.0472],[12.1136,56.047],[12.1134,56.0468],[12.1134,56.0466],[12.1137,56.0461]]]},"properties":{"sourceId":"ais_par3.155933","a_type":4120,"hectares":1.496}},{"type":"Feature","id":"ais_par3.155934","geometry":{"type":"Polygon","coordinates":[[[12.1362,56.0558],[12.1358,56.0544],[12.1355,56.0537],[12.1352,56.0536],[12.135,56.0538],[12.1349,56.054],[12.1349,56.0542],[12.1349,56.0545],[12.1351,56.0549],[12.1351,56.0551],[12.135,56.0554],[12.1349,56.0557],[12.135,56.0559],[12.1352,56.0561],[12.1352,56.0563],[12.1356,56.0563],[12.1358,56.0563],[12.1362,56.0565],[12.1367,56.0567],[12.1369,56.0567],[12.1371,56.0567],[12.1371,56.0562],[12.137,56.0562],[12.1368,56.0556],[12.1362,56.0558],[12.1362,56.0558]],[[12.1353,56.0544],[12.1352,56.0543],[12.1351,56.0542],[12.1352,56.0541],[12.1353,56.0541],[12.1355,56.0541],[12.1355,56.0543],[12.1357,56.0544],[12.1356,56.0546],[12.1353,56.0545],[12.1353,56.0545],[12.1353,56.0544]],[[12.1355,56.056],[12.1354,56.056],[12.1355,56.0559],[12.1357,56.0558],[12.1358,56.0559],[12.1358,56.056],[12.1357,56.056],[12.1355,56.056]]]},"properties":{"sourceId":"ais_par3.155934","a_type":4120,"hectares":2.061}},{"type":"Feature","id":"ais_par3.155936","geometry":{"type":"Polygon","coordinates":[[[12.1389,56.0569],[12.1388,56.057],[12.1386,56.057],[12.1386,56.0571],[12.1387,56.0572],[12.1389,56.0572],[12.14,56.0572],[12.141,56.0572],[12.1418,56.0573],[12.1422,56.0573],[12.1421,56.0572],[12.142,56.0571],[12.1417,56.0569],[12.1416,56.0568],[12.1415,56.0567],[12.1413,56.0566],[12.1409,56.0566],[12.1406,56.0566],[12.1404,56.0566],[12.1403,56.0566],[12.1401,56.0567],[12.1396,56.0568],[12.1393,56.0569],[12.1392,56.0569],[12.1396,56.0568],[12.1398,56.0568],[12.1399,56.0568],[12.1401,56.0567],[12.1402,56.0567],[12.1404,56.0566],[12.1406,56.0567],[12.1408,56.0568],[12.1411,56.0568],[12.1412,56.0569],[12.1414,56.057],[12.1413,56.057],[12.1412,56.0571],[12.141,56.0571],[12.1407,56.0571],[12.1404,56.0571],[12.14,56.0571],[12.1395,56.0572],[12.139,56.0571],[12.1388,56.057],[12.1389,56.057],[12.1389,56.0569]]]},"properties":{"sourceId":"ais_par3.155936","a_type":4120,"hectares":0.526}},{"type":"Feature","id":"ais_par3.155938","geometry":{"type":"Polygon","coordinates":[[[12.1197,56.0707],[12.1206,56.0709],[12.121,56.0704],[12.1213,56.0705],[12.1215,56.0707],[12.1215,56.071],[12.1215,56.0712],[12.1217,56.0712],[12.1219,56.071],[12.1224,56.0708],[12.123,56.0707],[12.1232,56.0707],[12.1233,56.0708],[12.1235,56.071],[12.124,56.0713],[12.1243,56.0714],[12.1246,56.0714],[12.1249,56.0713],[12.1251,56.0714],[12.125,56.0717],[12.1251,56.072],[12.1253,56.0721],[12.1257,56.0723],[12.1258,56.0725],[12.1258,56.0728],[12.126,56.0729],[12.1263,56.0728],[12.1265,56.0727],[12.1265,56.0724],[12.1262,56.072],[12.1264,56.0716],[12.1265,56.0713],[12.1264,56.0706],[12.1262,56.0702],[12.126,56.07],[12.1259,56.0698],[12.1258,56.0696],[12.1257,56.0695],[12.1255,56.0696],[12.1255,56.0697],[12.1254,56.0698],[12.1253,56.07],[12.1254,56.0701],[12.1256,56.0701],[12.1256,56.0702],[12.1256,56.0702],[12.1257,56.0701],[12.1257,56.0702],[12.1257,56.0705],[12.1258,56.0705],[12.1258,56.0706],[12.1257,56.0708],[12.1257,56.0709],[12.1256,56.0711],[12.1256,56.0713],[12.1257,56.0713],[12.1257,56.0714],[12.1256,56.0715],[12.1257,56.0716],[12.1258,56.0716],[12.1259,56.0716],[12.126,56.0717],[12.1259,56.0718],[12.1259,56.0719],[12.1258,56.072],[12.1256,56.0719],[12.1255,56.0718],[12.1255,56.0717],[12.1254,56.0717],[12.1254,56.0716],[12.1255,56.0716],[12.1255,56.0715],[12.1255,56.0715],[12.1253,56.0714],[12.1254,56.0712],[12.1254,56.0711],[12.1255,56.0709],[12.1254,56.0707],[12.1253,56.0708],[12.1254,56.0709],[12.1253,56.071],[12.1251,56.0709],[12.125,56.0708],[12.1247,56.0708],[12.1245,56.0708],[12.1245,56.0703],[12.1243,56.0702],[12.1239,56.0702],[12.1233,56.0702],[12.123,56.0703],[12.1229,56.0704],[12.1227,56.0703],[12.1224,56.0701],[12.1222,56.0698],[12.1218,56.0694],[12.122,56.0692],[12.1217,56.069],[12.1215,56.0688],[12.1216,56.0685],[12.1216,56.0683],[12.1215,56.0682],[12.1212,56.0682],[12.1207,56.0684],[12.1202,56.0688],[12.1198,56.0691],[12.1195,56.0695],[12.1195,56.0699],[12.1196,56.0707],[12.1196,56.0707],[12.1197,56.0707]],[[12.1202,56.0706],[12.12,56.0705],[12.1198,56.0705],[12.1197,56.0703],[12.1197,56.0702],[12.1199,56.0702],[12.1202,56.0701],[12.1204,56.0701],[12.1207,56.0703],[12.1209,56.0704],[12.1208,56.0705],[12.1206,56.0706],[12.1204,56.0706],[12.1202,56.0706]],[[12.1197,56.0695],[12.12,56.0692],[12.12,56.0691],[12.1202,56.0692],[12.1204,56.0692],[12.1204,56.0693],[12.1207,56.0694],[12.1207,56.0696],[12.1207,56.0696],[12.1206,56.0696],[12.1201,56.0696],[12.1198,56.0695],[12.1197,56.0695]],[[12.1211,56.0695],[12.1211,56.0692],[12.1214,56.0692],[12.1215,56.0692],[12.1216,56.0694],[12.1214,56.0695],[12.1211,56.0695]],[[12.126,56.0726],[12.126,56.0726],[12.1259,56.0725],[12.1259,56.0725],[12.1258,56.0724],[12.1258,56.0723],[12.126,56.0723],[12.126,56.0724],[12.1261,56.0725],[12.1261,56.0726],[12.1262,56.0727],[12.1261,56.0728],[12.126,56.0727],[12.126,56.0726]],[[12.1196,56.0698],[12.1196,56.0698],[12.1196,56.0697],[12.1196,56.0697],[12.1197,56.0697],[12.1197,56.0697],[12.1198,56.0697],[12.1198,56.0697],[12.1199,56.0697],[12.1199,56.0697],[12.1199,56.0697],[12.1199,56.0698],[12.1198,56.0698],[12.1198,56.0698],[12.1197,56.0698],[12.1197,56.0698],[12.1196,56.0698]]]},"properties":{"sourceId":"ais_par3.155938","a_type":4120,"hectares":6.288}},{"type":"Feature","id":"ais_par3.155939","geometry":{"type":"Polygon","coordinates":[[[12.125,56.0735],[12.1251,56.0735],[12.1255,56.0736],[12.1259,56.0736],[12.1261,56.0735],[12.126,56.0731],[12.1258,56.0729],[12.1251,56.073],[12.125,56.073],[12.1248,56.0731],[12.1247,56.0733],[12.1248,56.0734],[12.125,56.0735],[12.125,56.0735]],[[12.1256,56.0732],[12.1257,56.0731],[12.1259,56.0731],[12.126,56.0733],[12.126,56.0734],[12.1259,56.0735],[12.1258,56.0734],[12.1258,56.0733],[12.1256,56.0733],[12.1256,56.0732]],[[12.1249,56.0734],[12.1249,56.0734],[12.1249,56.0733],[12.1249,56.0733],[12.1249,56.0733],[12.125,56.0733],[12.125,56.0733],[12.1251,56.0733],[12.1251,56.0733],[12.1252,56.0733],[12.1252,56.0734],[12.1251,56.0734],[12.1251,56.0734],[12.125,56.0734],[12.125,56.0734],[12.1249,56.0734],[12.1249,56.0734]],[[12.1248,56.0732],[12.1248,56.0732],[12.1248,56.0732],[12.1248,56.0731],[12.1249,56.0731],[12.1249,56.0731],[12.125,56.0731],[12.1251,56.0731],[12.1251,56.0731],[12.1251,56.0731],[12.1251,56.0732],[12.1251,56.0732],[12.1251,56.0732],[12.125,56.0732],[12.125,56.0732],[12.1249,56.0732],[12.1248,56.0732]]]},"properties":{"sourceId":"ais_par3.155939","a_type":4120,"hectares":0.375}},{"type":"Feature","id":"ais_par3.155940","geometry":{"type":"Polygon","coordinates":[[[12.1483,56.0844],[12.1487,56.0843],[12.1486,56.0841],[12.1491,56.084],[12.1495,56.0841],[12.1501,56.0842],[12.1501,56.0843],[12.1512,56.0843],[12.1511,56.0833],[12.151,56.0827],[12.1488,56.0828],[12.1488,56.0827],[12.1483,56.0827],[12.1486,56.084],[12.1482,56.084],[12.1471,56.0841],[12.146,56.0841],[12.1457,56.0841],[12.1457,56.0839],[12.1457,56.0838],[12.1464,56.0837],[12.1471,56.0837],[12.147,56.0835],[12.1465,56.0835],[12.1459,56.0835],[12.1456,56.0835],[12.1455,56.0834],[12.1452,56.0832],[12.144,56.0833],[12.1438,56.0835],[12.1437,56.0837],[12.1436,56.0841],[12.1435,56.0845],[12.1433,56.085],[12.1431,56.0854],[12.143,56.0856],[12.1431,56.0858],[12.1438,56.0858],[12.144,56.0858],[12.1443,56.0857],[12.1447,56.0857],[12.1445,56.0855],[12.1454,56.0851],[12.1458,56.0849],[12.1459,56.0849],[12.1464,56.0847],[12.1469,56.0846],[12.1473,56.0845],[12.148,56.0845],[12.1483,56.0844]],[[12.1443,56.0836],[12.1443,56.0835],[12.1444,56.0834],[12.1445,56.0835],[12.1447,56.0834],[12.1448,56.0834],[12.1449,56.0834],[12.145,56.0835],[12.145,56.0836],[12.1451,56.0836],[12.1453,56.0836],[12.1453,56.0837],[12.1451,56.0837],[12.1451,56.0837],[12.1446,56.0837],[12.1445,56.0836],[12.1443,56.0836]],[[12.1446,56.0852],[12.1446,56.0852],[12.1446,56.0852],[12.1446,56.0851],[12.1446,56.0851],[12.1447,56.0851],[12.1447,56.0851],[12.1448,56.0851],[12.1448,56.0851],[12.1449,56.0852],[12.1449,56.0852],[12.1448,56.0852],[12.1448,56.0853],[12.1447,56.0853],[12.1447,56.0853],[12.1446,56.0853],[12.1446,56.0852]],[[12.1438,56.0856],[12.1438,56.0856],[12.1438,56.0855],[12.1438,56.0855],[12.1438,56.0855],[12.1439,56.0855],[12.144,56.0855],[12.144,56.0855],[12.1441,56.0855],[12.1441,56.0855],[12.1441,56.0856],[12.1441,56.0856],[12.144,56.0856],[12.144,56.0856],[12.1439,56.0856],[12.1439,56.0856],[12.1438,56.0856]]]},"properties":{"sourceId":"ais_par3.155940","a_type":4120,"hectares":7.082}},{"type":"Feature","id":"ais_par3.155955","geometry":{"type":"Polygon","coordinates":[[[12.1315,56.0163],[12.1317,56.0164],[12.1319,56.0167],[12.132,56.0169],[12.1322,56.0169],[12.1325,56.0168],[12.1326,56.0167],[12.1326,56.0165],[12.1325,56.0164],[12.1321,56.0163],[12.1318,56.0162],[12.1316,56.0161],[12.1315,56.0161],[12.1314,56.0162],[12.1315,56.0163]],[[12.1315,56.0162],[12.1316,56.0161],[12.1318,56.0163],[12.132,56.0164],[12.1322,56.0165],[12.1323,56.0166],[12.1322,56.0168],[12.1321,56.0168],[12.1321,56.0168],[12.132,56.0166],[12.1319,56.0165],[12.1317,56.0164],[12.1315,56.0162]]]},"properties":{"sourceId":"ais_par3.155955","a_type":4120,"hectares":0.229}},{"type":"Feature","id":"ais_par3.155956","geometry":{"type":"Polygon","coordinates":[[[12.138,56.0165],[12.1378,56.0164],[12.1376,56.0163],[12.1375,56.0161],[12.1379,56.016],[12.1379,56.0156],[12.1377,56.0156],[12.1376,56.0155],[12.1375,56.0153],[12.1376,56.0152],[12.1377,56.0152],[12.1374,56.0151],[12.1372,56.015],[12.1373,56.0156],[12.1373,56.0158],[12.1372,56.0159],[12.137,56.016],[12.137,56.0161],[12.1371,56.0163],[12.1371,56.0164],[12.1369,56.0166],[12.1368,56.0167],[12.138,56.0165]],[[12.1376,56.016],[12.1376,56.0159],[12.1376,56.0159],[12.1376,56.0159],[12.1377,56.0158],[12.1377,56.0158],[12.1378,56.0158],[12.1378,56.0158],[12.1379,56.0159],[12.1379,56.0159],[12.1379,56.0159],[12.1379,56.016],[12.1379,56.016],[12.1378,56.016],[12.1377,56.016],[12.1377,56.016],[12.1376,56.016]]]},"properties":{"sourceId":"ais_par3.155956","a_type":4120,"hectares":0.571}},{"type":"Feature","id":"ais_par3.155958","geometry":{"type":"Polygon","coordinates":[[[12.1242,56.0143],[12.1244,56.0143],[12.1245,56.0143],[12.1246,56.0141],[12.1244,56.014],[12.1242,56.0139],[12.1241,56.014],[12.124,56.014],[12.1239,56.0142],[12.1239,56.0142],[12.1242,56.0143]],[[12.1242,56.0142],[12.1242,56.0142],[12.1242,56.0141],[12.1242,56.0141],[12.1243,56.0141],[12.1243,56.0141],[12.1244,56.0141],[12.1244,56.0141],[12.1245,56.0141],[12.1245,56.0141],[12.1245,56.0141],[12.1245,56.0142],[12.1245,56.0142],[12.1244,56.0142],[12.1243,56.0142],[12.1243,56.0142],[12.1242,56.0142]]]},"properties":{"sourceId":"ais_par3.155958","a_type":4120,"hectares":0.117}},{"type":"Feature","id":"ais_par3.155959","geometry":{"type":"Polygon","coordinates":[[[12.1279,56.0109],[12.1279,56.0108],[12.1281,56.0108],[12.1282,56.0108],[12.1282,56.011],[12.1283,56.0111],[12.1282,56.0112],[12.1285,56.0113],[12.1288,56.0115],[12.1287,56.012],[12.1292,56.0122],[12.13,56.012],[12.13,56.0115],[12.1303,56.0112],[12.1303,56.0111],[12.1303,56.0109],[12.1301,56.0107],[12.1297,56.0107],[12.1281,56.0104],[12.1281,56.0106],[12.1274,56.0105],[12.1272,56.0106],[12.1272,56.0108],[12.128,56.0111],[12.1279,56.0109]],[[12.1293,56.0115],[12.1293,56.0113],[12.1293,56.0111],[12.1295,56.0111],[12.1296,56.0112],[12.1296,56.0113],[12.1295,56.0115],[12.1293,56.0115]],[[12.1275,56.0108],[12.1275,56.0108],[12.1275,56.0107],[12.1275,56.0107],[12.1275,56.0107],[12.1276,56.0107],[12.1276,56.0107],[12.1277,56.0107],[12.1278,56.0107],[12.1278,56.0107],[12.1278,56.0108],[12.1278,56.0108],[12.1277,56.0108],[12.1277,56.0108],[12.1276,56.0108],[12.1275,56.0108],[12.1275,56.0108]],[[12.1286,56.0112],[12.1285,56.0111],[12.1285,56.0111],[12.1286,56.0111],[12.1286,56.0111],[12.1287,56.011],[12.1287,56.011],[12.1288,56.0111],[12.1288,56.0111],[12.1288,56.0111],[12.1288,56.0111],[12.1288,56.0112],[12.1288,56.0112],[12.1287,56.0112],[12.1287,56.0112],[12.1286,56.0112],[12.1286,56.0112]],[[12.1291,56.0119],[12.1291,56.0119],[12.1291,56.0118],[12.1291,56.0118],[12.1291,56.0118],[12.1292,56.0118],[12.1292,56.0118],[12.1293,56.0118],[12.1293,56.0118],[12.1294,56.0118],[12.1294,56.0119],[12.1293,56.0119],[12.1293,56.0119],[12.1292,56.0119],[12.1292,56.0119],[12.1291,56.0119],[12.1291,56.0119]],[[12.1298,56.0109],[12.1298,56.0108],[12.1298,56.0108],[12.1298,56.0108],[12.1299,56.0108],[12.1299,56.0107],[12.13,56.0107],[12.13,56.0108],[12.1301,56.0108],[12.1301,56.0108],[12.1301,56.0108],[12.1301,56.0109],[12.13,56.0109],[12.13,56.0109],[12.1299,56.0109],[12.1299,56.0109],[12.1298,56.0109]]]},"properties":{"sourceId":"ais_par3.155959","a_type":4120,"hectares":1.766}},{"type":"Feature","id":"ais_par3.155971","geometry":{"type":"Polygon","coordinates":[[[12.1142,56.0297],[12.1139,56.0296],[12.1137,56.0296],[12.1135,56.0296],[12.1135,56.0298],[12.1136,56.0299],[12.1139,56.03],[12.1142,56.0297]]]},"properties":{"sourceId":"ais_par3.155971","a_type":4120,"hectares":0.133}},{"type":"Feature","id":"ais_par3.155963","geometry":{"type":"Polygon","coordinates":[[[12.1085,56.0188],[12.1087,56.0188],[12.1088,56.0182],[12.1084,56.0181],[12.108,56.0181],[12.108,56.0183],[12.108,56.0183],[12.1082,56.0185],[12.1083,56.0188],[12.1085,56.0188]]]},"properties":{"sourceId":"ais_par3.155963","a_type":4120,"hectares":0.27}},{"type":"Feature","id":"ais_par3.155964","geometry":{"type":"Polygon","coordinates":[[[12.0632,56.0136],[12.0635,56.0142],[12.0652,56.0141],[12.0654,56.014],[12.0659,56.0138],[12.0659,56.0136],[12.0659,56.0133],[12.0661,56.0129],[12.0668,56.0127],[12.0668,56.0117],[12.0673,56.0116],[12.068,56.0114],[12.0681,56.0112],[12.0671,56.0111],[12.0668,56.0101],[12.0641,56.0101],[12.0638,56.0103],[12.064,56.011],[12.0645,56.011],[12.0644,56.0121],[12.0633,56.012],[12.0633,56.0131],[12.0632,56.0136],[12.0632,56.0136],[12.0632,56.0136]]]},"properties":{"sourceId":"ais_par3.155964","a_type":4120,"hectares":8.138}},{"type":"Feature","id":"ais_par3.155965","geometry":{"type":"Polygon","coordinates":[[[12.0686,56.0101],[12.0681,56.0097],[12.0674,56.0092],[12.067,56.0093],[12.067,56.0091],[12.0667,56.0088],[12.0659,56.0088],[12.0659,56.009],[12.0659,56.0093],[12.0662,56.0096],[12.0669,56.0101],[12.0669,56.0101],[12.0686,56.0101]]]},"properties":{"sourceId":"ais_par3.155965","a_type":4120,"hectares":1.314}},{"type":"Feature","id":"ais_par3.155972","geometry":{"type":"Polygon","coordinates":[[[12.1139,56.027],[12.1143,56.027],[12.1146,56.0269],[12.1144,56.0267],[12.1144,56.0264],[12.1141,56.0263],[12.1138,56.0264],[12.1136,56.0264],[12.1136,56.0264],[12.1136,56.0264],[12.1139,56.027]]]},"properties":{"sourceId":"ais_par3.155972","a_type":4120,"hectares":0.336}},{"type":"Feature","id":"ais_par3.155973","geometry":{"type":"Polygon","coordinates":[[[12.0949,56.0443],[12.0956,56.0444],[12.0961,56.0444],[12.0968,56.0445],[12.0972,56.0445],[12.0979,56.0446],[12.0984,56.0446],[12.0986,56.0446],[12.0987,56.0445],[12.0988,56.0444],[12.0987,56.0442],[12.0987,56.0439],[12.0987,56.0436],[12.0987,56.0435],[12.0985,56.0435],[12.0982,56.0435],[12.0979,56.0435],[12.0973,56.0439],[12.097,56.044],[12.0968,56.0441],[12.0966,56.0441],[12.0965,56.0442],[12.0963,56.0443],[12.0962,56.0442],[12.096,56.0442],[12.0958,56.0441],[12.0957,56.044],[12.0954,56.044],[12.095,56.044],[12.0947,56.044],[12.0946,56.0441],[12.0946,56.0441],[12.0946,56.0443],[12.0947,56.0443],[12.0949,56.0443]]]},"properties":{"sourceId":"ais_par3.155973","a_type":4120,"hectares":1.6}},{"type":"Feature","id":"ais_par3.155980","geometry":{"type":"Polygon","coordinates":[[[12.1025,56.0096],[12.1027,56.0093],[12.103,56.0089],[12.1035,56.0083],[12.1041,56.007],[12.1044,56.007],[12.1044,56.0062],[12.1046,56.0057],[12.1048,56.0056],[12.1051,56.0053],[12.1052,56.0051],[12.106,56.0043],[12.1059,56.0043],[12.1058,56.0045],[12.1054,56.0046],[12.1051,56.0048],[12.1046,56.0052],[12.1044,56.0054],[12.1041,56.0057],[12.1038,56.006],[12.1035,56.0062],[12.1034,56.0065],[12.1033,56.007],[12.1033,56.0075],[12.1031,56.0077],[12.1028,56.0082],[12.1028,56.0083],[12.1025,56.0087],[12.1026,56.009],[12.1025,56.0092],[12.1023,56.0096],[12.1025,56.0096]]]},"properties":{"sourceId":"ais_par3.155980","a_type":4120,"hectares":2.173}},{"type":"Feature","id":"ais_par3.156015","geometry":{"type":"Polygon","coordinates":[[[12.0453,55.9522],[12.0454,55.9522],[12.0455,55.9523],[12.0458,55.9524],[12.046,55.9524],[12.0462,55.9524],[12.0463,55.9523],[12.0464,55.9521],[12.0464,55.952],[12.0463,55.9518],[12.0462,55.9518],[12.0458,55.9518],[12.0454,55.9522],[12.0453,55.9522]]]},"properties":{"sourceId":"ais_par3.156015","a_type":4120,"hectares":0.313}},{"type":"Feature","id":"ais_par3.155966","geometry":{"type":"Polygon","coordinates":[[[12.0845,56.0279],[12.0861,56.0279],[12.0864,56.0281],[12.0866,56.0283],[12.0869,56.0283],[12.0875,56.0291],[12.0879,56.0296],[12.0883,56.0296],[12.0888,56.0295],[12.0905,56.0291],[12.0912,56.029],[12.0934,56.0287],[12.0943,56.0284],[12.0952,56.0282],[12.0973,56.0279],[12.0984,56.0279],[12.0995,56.0282],[12.0996,56.0277],[12.1002,56.028],[12.1005,56.0282],[12.1005,56.0283],[12.1014,56.0288],[12.1022,56.0292],[12.1029,56.0297],[12.1034,56.0301],[12.1037,56.03],[12.1042,56.03],[12.1047,56.03],[12.1054,56.0297],[12.1061,56.0293],[12.1051,56.0286],[12.1065,56.0275],[12.1066,56.0274],[12.1074,56.0281],[12.1071,56.0282],[12.107,56.0286],[12.1065,56.0288],[12.1061,56.029],[12.1062,56.029],[12.1066,56.029],[12.1069,56.0288],[12.1073,56.0286],[12.1076,56.0286],[12.1079,56.0284],[12.1083,56.0288],[12.1105,56.028],[12.1107,56.0281],[12.1109,56.028],[12.1102,56.0273],[12.1109,56.027],[12.1091,56.0257],[12.1106,56.0247],[12.1103,56.0245],[12.1096,56.0243],[12.1087,56.0241],[12.1081,56.0239],[12.1077,56.0237],[12.1074,56.0233],[12.1068,56.023],[12.1051,56.0223],[12.1034,56.0217],[12.1033,56.0214],[12.1023,56.0211],[12.1016,56.0211],[12.101,56.0212],[12.1002,56.0221],[12.0998,56.0223],[12.0983,56.0226],[12.097,56.0228],[12.0964,56.0233],[12.096,56.0235],[12.0947,56.0238],[12.0943,56.0242],[12.0935,56.0245],[12.0922,56.0245],[12.0907,56.0248],[12.0897,56.0247],[12.0897,56.0246],[12.0892,56.0246],[12.0889,56.0248],[12.0888,56.0249],[12.0876,56.0243],[12.0867,56.0245],[12.0863,56.025],[12.0848,56.0249],[12.0845,56.0252],[12.0851,56.0254],[12.0858,56.0254],[12.086,56.0257],[12.0855,56.0258],[12.0858,56.0263],[12.0867,56.0262],[12.0874,56.027],[12.0871,56.0271],[12.087,56.0269],[12.0868,56.0269],[12.0869,56.0271],[12.0871,56.0273],[12.0868,56.0274],[12.0865,56.0275],[12.0863,56.0272],[12.0856,56.0262],[12.0854,56.0262],[12.085,56.0263],[12.0845,56.0258],[12.0837,56.0258],[12.0832,56.0254],[12.0826,56.0253],[12.0815,56.0254],[12.0812,56.0255],[12.0815,56.0266],[12.0817,56.0272],[12.0825,56.0276],[12.0833,56.0279],[12.0845,56.0279]],[[12.1083,56.0274],[12.1083,56.0274],[12.1097,56.0267],[12.1098,56.0269],[12.1097,56.0269],[12.1097,56.027],[12.1095,56.0271],[12.1097,56.0272],[12.109,56.0275],[12.109,56.0274],[12.1088,56.0275],[12.1086,56.0274],[12.1084,56.0275],[12.1083,56.0274]],[[12.0877,56.0281],[12.0878,56.0281],[12.0879,56.0281],[12.0883,56.0281],[12.0886,56.0281],[12.0887,56.0282],[12.0887,56.0284],[12.0886,56.0284],[12.0885,56.0283],[12.0884,56.0283],[12.0884,56.0284],[12.0883,56.0284],[12.0884,56.0285],[12.0885,56.0286],[12.0884,56.0286],[12.0883,56.0286],[12.0882,56.0285],[12.0881,56.0285],[12.0877,56.0281]],[[12.1052,56.027],[12.1053,56.0269],[12.1054,56.027],[12.1056,56.0271],[12.1056,56.0272],[12.1056,56.0273],[12.1056,56.0275],[12.1055,56.0276],[12.1053,56.0276],[12.1052,56.0274],[12.105,56.0274],[12.1049,56.0273],[12.1052,56.027]],[[12.0898,56.0279],[12.09,56.0278],[12.0899,56.0277],[12.0897,56.0278],[12.0896,56.0277],[12.09,56.0276],[12.0904,56.0281],[12.0905,56.0281],[12.0906,56.0283],[12.0906,56.0283],[12.0904,56.0283],[12.0901,56.0281],[12.0899,56.0281],[12.0898,56.0279]],[[12.1082,56.0264],[12.1083,56.0264],[12.1084,56.0263],[12.1086,56.0263],[12.1087,56.0264],[12.1087,56.0265],[12.1086,56.0266],[12.1086,56.0267],[12.1081,56.0267],[12.1081,56.0266],[12.1082,56.0265],[12.1082,56.0264],[12.1082,56.0264]],[[12.0886,56.0255],[12.0892,56.0254],[12.0894,56.0255],[12.0894,56.0256],[12.0888,56.0257],[12.0886,56.0255]],[[12.1089,56.0266],[12.1091,56.0265],[12.1093,56.0265],[12.1094,56.0265],[12.1094,56.0266],[12.1095,56.0267],[12.1093,56.0268],[12.1092,56.0269],[12.109,56.0269],[12.1089,56.0268],[12.1089,56.0268],[12.1088,56.0268],[12.1088,56.0267],[12.1089,56.0267],[12.1089,56.0266]],[[12.0948,56.0244],[12.0947,56.0242],[12.0947,56.0241],[12.0948,56.0241],[12.0949,56.024],[12.095,56.024],[12.0951,56.0241],[12.0952,56.0242],[12.0953,56.0242],[12.0953,56.0243],[12.0952,56.0243],[12.0951,56.0243],[12.095,56.0244],[12.0948,56.0244],[12.0948,56.0244]],[[12.0866,56.0252],[12.0869,56.0251],[12.0873,56.0255],[12.087,56.0255],[12.0866,56.0252]],[[12.0969,56.0275],[12.0969,56.0272],[12.097,56.0272],[12.0971,56.0272],[12.0972,56.0272],[12.0973,56.0272],[12.0974,56.0272],[12.0974,56.0273],[12.0973,56.0273],[12.0972,56.0273],[12.0973,56.0274],[12.0972,56.0275],[12.0972,56.0276],[12.097,56.0276],[12.0969,56.0275]],[[12.0923,56.0248],[12.0926,56.0247],[12.0926,56.0247],[12.0928,56.0246],[12.0929,56.0247],[12.0928,56.0248],[12.0928,56.0249],[12.0927,56.0249],[12.0927,56.025],[12.0924,56.025],[12.0923,56.0248]],[[12.1042,56.0288],[12.1044,56.0287],[12.1045,56.0287],[12.1047,56.0286],[12.1048,56.0286],[12.1049,56.0286],[12.1049,56.0287],[12.1046,56.0289],[12.1044,56.0289],[12.1042,56.0288]],[[12.1095,56.0278],[12.1096,56.0278],[12.1104,56.0275],[12.1105,56.0276],[12.1096,56.0279],[12.1095,56.0278]],[[12.1007,56.0271],[12.1006,56.0271],[12.1006,56.027],[12.1007,56.027],[12.1007,56.027],[12.101,56.0272],[12.1011,56.0272],[12.101,56.0272],[12.1009,56.0273],[12.1008,56.0273],[12.1007,56.0272],[12.1007,56.0271],[12.1007,56.0271]],[[12.0894,56.0264],[12.0895,56.0263],[12.0894,56.0262],[12.0894,56.0262],[12.0895,56.0262],[12.0896,56.0262],[12.0897,56.0265],[12.0896,56.0265],[12.0895,56.0264],[12.0894,56.0264]],[[12.1001,56.0271],[12.1001,56.027],[12.1001,56.027],[12.1001,56.027],[12.1001,56.027],[12.1002,56.0269],[12.1002,56.0269],[12.1003,56.027],[12.1004,56.027],[12.1004,56.027],[12.1004,56.027],[12.1004,56.0271],[12.1003,56.0271],[12.1003,56.0271],[12.1002,56.0271],[12.1001,56.0271],[12.1001,56.0271]],[[12.0932,56.028],[12.0932,56.0279],[12.0932,56.0279],[12.0932,56.0279],[12.0932,56.0279],[12.0933,56.0278],[12.0933,56.0278],[12.0934,56.0279],[12.0934,56.0279],[12.0935,56.0279],[12.0935,56.0279],[12.0935,56.028],[12.0934,56.028],[12.0933,56.028],[12.0933,56.028],[12.0932,56.028],[12.0932,56.028]],[[12.1076,56.0282],[12.1075,56.0282],[12.1075,56.0281],[12.1076,56.0281],[12.1076,56.0281],[12.1077,56.0281],[12.1077,56.0281],[12.1078,56.0281],[12.1078,56.0281],[12.1078,56.0281],[12.1078,56.0281],[12.1078,56.0282],[12.1078,56.0282],[12.1077,56.0282],[12.1077,56.0282],[12.1076,56.0282],[12.1076,56.0282]],[[12.0843,56.0262],[12.0842,56.0262],[12.0842,56.0261],[12.0843,56.0261],[12.0843,56.0261],[12.0844,56.0261],[12.0844,56.0261],[12.0845,56.0261],[12.0845,56.0261],[12.0845,56.0261],[12.0845,56.0262],[12.0845,56.0262],[12.0845,56.0262],[12.0844,56.0262],[12.0844,56.0262],[12.0843,56.0262],[12.0843,56.0262]],[[12.0891,56.0259],[12.0891,56.0259],[12.0891,56.0259],[12.0891,56.0258],[12.0892,56.0258],[12.0892,56.0258],[12.0893,56.0258],[12.0893,56.0258],[12.0894,56.0258],[12.0894,56.0259],[12.0894,56.0259],[12.0894,56.0259],[12.0893,56.0259],[12.0893,56.026],[12.0892,56.026],[12.0892,56.0259],[12.0891,56.0259]],[[12.0999,56.0275],[12.0999,56.0274],[12.0999,56.0274],[12.0999,56.0274],[12.1,56.0274],[12.1,56.0273],[12.1001,56.0273],[12.1001,56.0274],[12.1002,56.0274],[12.1002,56.0274],[12.1002,56.0274],[12.1002,56.0275],[12.1001,56.0275],[12.1001,56.0275],[12.1,56.0275],[12.1,56.0275],[12.0999,56.0275]],[[12.1048,56.0277],[12.1048,56.0276],[12.1048,56.0276],[12.1048,56.0276],[12.1048,56.0276],[12.1049,56.0276],[12.1049,56.0276],[12.105,56.0276],[12.1051,56.0276],[12.1051,56.0276],[12.1051,56.0276],[12.1051,56.0277],[12.105,56.0277],[12.105,56.0277],[12.1049,56.0277],[12.1048,56.0277],[12.1048,56.0277]],[[12.0928,56.028],[12.0928,56.0279],[12.0928,56.0279],[12.0928,56.0279],[12.0928,56.0278],[12.0929,56.0278],[12.0929,56.0278],[12.093,56.0278],[12.093,56.0279],[12.0931,56.0279],[12.0931,56.0279],[12.093,56.028],[12.093,56.028],[12.0929,56.028],[12.0929,56.028],[12.0928,56.028],[12.0928,56.028]]]},"properties":{"sourceId":"ais_par3.155966","a_type":4120,"hectares":93.769}},{"type":"Feature","id":"ais_par3.155967","geometry":{"type":"Polygon","coordinates":[[[12.1217,56.0398],[12.1222,56.0399],[12.1221,56.0378],[12.1212,56.0377],[12.1211,56.038],[12.1218,56.0382],[12.1217,56.0397],[12.1217,56.0398],[12.1217,56.0398]]]},"properties":{"sourceId":"ais_par3.155967","a_type":4120,"hectares":0.751}},{"type":"Feature","id":"ais_par3.155968","geometry":{"type":"Polygon","coordinates":[[[12.1231,56.04],[12.1234,56.0385],[12.1228,56.0384],[12.1226,56.0399],[12.1226,56.0399],[12.1231,56.04]]]},"properties":{"sourceId":"ais_par3.155968","a_type":4120,"hectares":0.562}},{"type":"Feature","id":"ais_par3.155969","geometry":{"type":"Polygon","coordinates":[[[12.1291,56.0403],[12.129,56.0394],[12.1283,56.0394],[12.1279,56.0404],[12.1281,56.0404],[12.1283,56.0406],[12.1284,56.0407],[12.1287,56.0407],[12.1291,56.0403]]]},"properties":{"sourceId":"ais_par3.155969","a_type":4120,"hectares":0.818}},{"type":"Feature","id":"ais_par3.155970","geometry":{"type":"Polygon","coordinates":[[[12.1256,56.0399],[12.1259,56.0398],[12.1263,56.0397],[12.1267,56.0394],[12.1269,56.0392],[12.1257,56.039],[12.1256,56.0389],[12.1256,56.0389],[12.125,56.0399],[12.1256,56.0399]]]},"properties":{"sourceId":"ais_par3.155970","a_type":4120,"hectares":0.749}},{"type":"Feature","id":"ais_par3.155981","geometry":{"type":"Polygon","coordinates":[[[12.1106,56.0044],[12.1117,56.0042],[12.1125,56.0039],[12.1125,56.0037],[12.1123,56.0035],[12.1128,56.0034],[12.1132,56.0037],[12.1136,56.0037],[12.1136,56.0037],[12.1135,56.0035],[12.1134,56.0034],[12.1131,56.0033],[12.1142,56.003],[12.1147,56.0028],[12.1146,56.0027],[12.1141,56.0027],[12.1141,56.0028],[12.114,56.0028],[12.1139,56.0028],[12.114,56.0027],[12.114,56.0027],[12.1139,56.0026],[12.1138,56.0023],[12.1138,56.0021],[12.1132,56.0023],[12.1133,56.0024],[12.1135,56.0024],[12.1136,56.0026],[12.1137,56.0027],[12.1137,56.0028],[12.1133,56.0029],[12.1129,56.0031],[12.1128,56.003],[12.1119,56.0034],[12.1112,56.0033],[12.1111,56.0034],[12.1107,56.0035],[12.1107,56.0036],[12.1107,56.0037],[12.1106,56.0037],[12.1106,56.0039],[12.1105,56.0041],[12.1102,56.0043],[12.1103,56.0045],[12.1106,56.0044]],[[12.1121,56.0039],[12.1121,56.0039],[12.1121,56.0038],[12.1121,56.0038],[12.1121,56.0038],[12.1122,56.0038],[12.1122,56.0038],[12.1123,56.0038],[12.1123,56.0038],[12.1124,56.0038],[12.1124,56.0038],[12.1124,56.0039],[12.1123,56.0039],[12.1122,56.0039],[12.1122,56.0039],[12.1121,56.0039],[12.1121,56.0039]],[[12.1111,56.0036],[12.1111,56.0036],[12.1111,56.0036],[12.1111,56.0035],[12.1111,56.0035],[12.1112,56.0035],[12.1112,56.0035],[12.1113,56.0035],[12.1113,56.0035],[12.1114,56.0035],[12.1114,56.0036],[12.1113,56.0036],[12.1113,56.0036],[12.1112,56.0036],[12.1112,56.0036],[12.1111,56.0036],[12.1111,56.0036]]]},"properties":{"sourceId":"ais_par3.155981","a_type":4120,"hectares":1.782}},{"type":"Feature","id":"ais_par3.155984","geometry":{"type":"Polygon","coordinates":[[[12.1048,56.0315],[12.1048,56.0315],[12.1049,56.0316],[12.1054,56.0318],[12.1055,56.0319],[12.1057,56.0319],[12.1062,56.0322],[12.1069,56.0322],[12.1074,56.0328],[12.1073,56.0329],[12.1073,56.033],[12.1074,56.0332],[12.1087,56.0338],[12.107,56.0338],[12.1071,56.0342],[12.1073,56.0348],[12.1075,56.0353],[12.1079,56.0356],[12.1084,56.036],[12.1089,56.0365],[12.1109,56.0361],[12.1108,56.0362],[12.1109,56.0367],[12.1119,56.0364],[12.1122,56.0367],[12.1128,56.0365],[12.1134,56.0363],[12.114,56.0361],[12.1144,56.0359],[12.1152,56.0358],[12.1157,56.0358],[12.1161,56.036],[12.1164,56.0366],[12.1164,56.0367],[12.1162,56.0367],[12.116,56.0368],[12.1148,56.0369],[12.1147,56.037],[12.1151,56.0373],[12.118,56.0369],[12.1176,56.037],[12.1175,56.0373],[12.1176,56.0374],[12.1178,56.0375],[12.1179,56.0376],[12.1165,56.0377],[12.1165,56.0379],[12.1162,56.038],[12.116,56.0381],[12.1156,56.038],[12.1152,56.0379],[12.1156,56.0383],[12.115,56.0385],[12.1146,56.0386],[12.1145,56.0386],[12.1146,56.039],[12.1148,56.0393],[12.1153,56.0395],[12.1158,56.0396],[12.1164,56.0395],[12.1171,56.0395],[12.1173,56.0396],[12.1175,56.0398],[12.1175,56.0399],[12.1177,56.04],[12.1179,56.0399],[12.1184,56.0399],[12.1183,56.0396],[12.1189,56.0395],[12.1189,56.0393],[12.1191,56.0391],[12.119,56.0384],[12.1182,56.0385],[12.1181,56.0373],[12.1195,56.0376],[12.1195,56.0372],[12.1211,56.0374],[12.1211,56.0372],[12.121,56.037],[12.1211,56.0363],[12.1223,56.0365],[12.1238,56.0369],[12.1243,56.037],[12.126,56.0374],[12.1259,56.0373],[12.1252,56.0371],[12.125,56.0369],[12.125,56.0367],[12.1246,56.0366],[12.1239,56.0365],[12.1235,56.0363],[12.1231,56.036],[12.1226,56.0359],[12.1221,56.0355],[12.1214,56.0352],[12.1209,56.0353],[12.1205,56.0355],[12.1202,56.0359],[12.1187,56.0356],[12.1189,56.0352],[12.1165,56.0342],[12.1165,56.0338],[12.1166,56.0336],[12.1162,56.0335],[12.116,56.0333],[12.1158,56.0332],[12.1151,56.0332],[12.114,56.0328],[12.1132,56.0323],[12.1128,56.0321],[12.1125,56.0318],[12.1122,56.0315],[12.1119,56.0311],[12.1118,56.0309],[12.112,56.0308],[12.1123,56.0308],[12.1125,56.0308],[12.1127,56.0306],[12.1127,56.0304],[12.113,56.0304],[12.113,56.0303],[12.1132,56.0303],[12.1132,56.0302],[12.113,56.0298],[12.113,56.0297],[12.1135,56.0293],[12.1136,56.0292],[12.1135,56.0289],[12.1139,56.0284],[12.1141,56.0281],[12.1141,56.0278],[12.1119,56.0285],[12.1116,56.0281],[12.1084,56.0291],[12.1081,56.0288],[12.1079,56.0289],[12.1075,56.029],[12.1074,56.0291],[12.1072,56.0293],[12.1069,56.0294],[12.1065,56.0295],[12.1057,56.0299],[12.1054,56.0301],[12.1054,56.0302],[12.1054,56.0304],[12.1047,56.0304],[12.1043,56.0303],[12.1039,56.0304],[12.1043,56.0308],[12.1043,56.0309],[12.1046,56.0313],[12.1046,56.0313],[12.1047,56.0313],[12.1048,56.0315]],[[12.1117,56.0321],[12.1118,56.0322],[12.1122,56.0325],[12.113,56.0329],[12.1135,56.0331],[12.1145,56.0337],[12.1104,56.0348],[12.1098,56.0342],[12.1093,56.0337],[12.1089,56.0332],[12.1117,56.0321]],[[12.1067,56.0317],[12.1071,56.0313],[12.1068,56.0312],[12.1074,56.0309],[12.1075,56.0309],[12.1082,56.0314],[12.1074,56.0319],[12.1067,56.0317]],[[12.1102,56.0289],[12.1103,56.0288],[12.1102,56.0287],[12.1104,56.0287],[12.1104,56.0286],[12.1109,56.0285],[12.111,56.0284],[12.1114,56.0283],[12.1115,56.0284],[12.1115,56.0285],[12.1115,56.0286],[12.1107,56.0289],[12.1104,56.029],[12.1102,56.0289]],[[12.1095,56.0317],[12.1096,56.0316],[12.1095,56.0315],[12.1099,56.0314],[12.11,56.0314],[12.1101,56.0315],[12.11,56.0316],[12.1101,56.0316],[12.1101,56.0316],[12.1102,56.0317],[12.1103,56.0317],[12.1104,56.0318],[12.1104,56.032],[12.1105,56.0321],[12.1103,56.0321],[12.1103,56.0322],[12.1102,56.0322],[12.1102,56.0323],[12.1101,56.0323],[12.1099,56.032],[12.11,56.032],[12.1099,56.0319],[12.1098,56.032],[12.1095,56.0317]],[[12.1152,56.0393],[12.1151,56.0391],[12.115,56.039],[12.1147,56.039],[12.1147,56.0389],[12.1148,56.0389],[12.1152,56.0389],[12.1156,56.0389],[12.1158,56.0389],[12.116,56.0389],[12.1161,56.039],[12.1161,56.0392],[12.1153,56.0393],[12.1152,56.0393]],[[12.109,56.0304],[12.1092,56.0304],[12.1093,56.0304],[12.1096,56.0305],[12.1098,56.0306],[12.1097,56.0306],[12.1097,56.0307],[12.1096,56.0307],[12.1094,56.0308],[12.1092,56.0308],[12.1092,56.0309],[12.109,56.0309],[12.1089,56.0309],[12.1088,56.0307],[12.1086,56.0306],[12.1085,56.0305],[12.1085,56.0305],[12.1086,56.0304],[12.1088,56.0304],[12.109,56.0304]],[[12.1096,56.0292],[12.1101,56.0291],[12.1102,56.0291],[12.1103,56.0291],[12.1104,56.0291],[12.1116,56.0287],[12.1117,56.0288],[12.111,56.029],[12.1101,56.0293],[12.11,56.0292],[12.1097,56.0293],[12.1096,56.0292]],[[12.115,56.0347],[12.115,56.0346],[12.1151,56.0345],[12.1153,56.0345],[12.1154,56.0345],[12.1154,56.0346],[12.1155,56.0347],[12.1155,56.0348],[12.1157,56.0348],[12.1157,56.0349],[12.1158,56.035],[12.1157,56.035],[12.1154,56.0351],[12.1152,56.0351],[12.1151,56.035],[12.1151,56.0348],[12.115,56.0347]],[[12.117,56.035],[12.1171,56.0351],[12.1169,56.0353],[12.1166,56.0356],[12.1162,56.0358],[12.1161,56.0358],[12.116,56.0358],[12.1159,56.0358],[12.117,56.035]],[[12.1109,56.0299],[12.1108,56.0298],[12.1108,56.0297],[12.1108,56.0297],[12.1108,56.0296],[12.1112,56.0295],[12.1115,56.0294],[12.1117,56.0294],[12.1118,56.0295],[12.1117,56.0296],[12.111,56.0299],[12.1109,56.0299]],[[12.1167,56.0357],[12.1167,56.0357],[12.1172,56.0352],[12.1175,56.0353],[12.1176,56.0354],[12.1176,56.0355],[12.1176,56.0355],[12.1175,56.0355],[12.1172,56.0356],[12.1169,56.0357],[12.1169,56.0357],[12.1168,56.0357],[12.1167,56.0357]],[[12.1135,56.0358],[12.1134,56.0358],[12.1134,56.0357],[12.1134,56.0356],[12.1137,56.0356],[12.114,56.0355],[12.1141,56.0356],[12.1141,56.0356],[12.1139,56.0357],[12.1136,56.0358],[12.1135,56.0358]],[[12.1136,56.0342],[12.1138,56.0342],[12.1138,56.0343],[12.1139,56.0343],[12.1139,56.0344],[12.114,56.0345],[12.114,56.0346],[12.114,56.0346],[12.114,56.0346],[12.1139,56.0346],[12.1138,56.0345],[12.1136,56.0343],[12.1136,56.0342],[12.1136,56.0342],[12.1136,56.0342],[12.1136,56.0342]],[[12.1136,56.0353],[12.1136,56.0353],[12.1136,56.0351],[12.1137,56.0351],[12.1139,56.0351],[12.114,56.0352],[12.114,56.0353],[12.1138,56.0353],[12.1137,56.0353],[12.1136,56.0353]],[[12.1121,56.0365],[12.1123,56.0364],[12.1125,56.0364],[12.1128,56.0363],[12.1129,56.0364],[12.1127,56.0364],[12.1122,56.0365],[12.1121,56.0365]],[[12.1139,56.0341],[12.1141,56.0342],[12.1141,56.0342],[12.1143,56.0344],[12.1143,56.0344],[12.1141,56.0344],[12.114,56.0343],[12.1139,56.0341]]]},"properties":{"sourceId":"ais_par3.155984","a_type":4120,"hectares":47.163}},{"type":"Feature","id":"ais_par3.156013","geometry":{"type":"Polygon","coordinates":[[[12.0223,55.9883],[12.0223,55.9886],[12.0224,55.9886],[12.0225,55.9886],[12.0227,55.9885],[12.0228,55.9885],[12.0229,55.9884],[12.0229,55.9883],[12.023,55.9881],[12.023,55.988],[12.023,55.9879],[12.023,55.9878],[12.0229,55.9877],[12.0228,55.9874],[12.0227,55.9872],[12.0226,55.9872],[12.0224,55.9873],[12.0224,55.9874],[12.0223,55.9876],[12.0223,55.9879],[12.0223,55.9882],[12.0223,55.9883],[12.0223,55.9883]]]},"properties":{"sourceId":"ais_par3.156013","a_type":4120,"hectares":0.519}},{"type":"Feature","id":"ais_par3.155997","geometry":{"type":"Polygon","coordinates":[[[12.1108,56.0012],[12.1112,56.0012],[12.1116,56.0011],[12.1129,56.001],[12.1129,56.001],[12.113,56.001],[12.1139,56.001],[12.1145,56.0009],[12.1153,56.0009],[12.1155,56.0008],[12.1169,56.0008],[12.1176,56.0006],[12.1181,56.0006],[12.1186,56.0006],[12.1196,56.0005],[12.1202,56.0005],[12.1202,56.0005],[12.1211,56.0003],[12.1215,56.0002],[12.1223,56.0001],[12.1227,56],[12.1232,55.9998],[12.1234,55.9997],[12.1237,55.9996],[12.1241,55.9997],[12.1242,55.9997],[12.1244,55.9997],[12.1251,55.9993],[12.1259,55.999],[12.1267,55.9991],[12.1277,55.9992],[12.1286,55.999],[12.1292,55.999],[12.1305,55.9986],[12.131,55.9986],[12.1312,55.9983],[12.1322,55.9986],[12.1331,55.999],[12.1334,55.9987],[12.1346,55.9987],[12.1346,55.9981],[12.1358,55.998],[12.1363,55.9982],[12.137,55.9983],[12.138,55.9984],[12.139,55.9986],[12.1394,55.9986],[12.1392,55.9985],[12.139,55.9984],[12.1387,55.9984],[12.1377,55.9982],[12.1371,55.9979],[12.1363,55.9976],[12.1363,55.9976],[12.1355,55.9974],[12.1351,55.9972],[12.1349,55.9971],[12.1343,55.9967],[12.134,55.9966],[12.1339,55.9965],[12.1331,55.9964],[12.1323,55.9965],[12.132,55.9965],[12.1315,55.9967],[12.1316,55.9973],[12.1316,55.9974],[12.1315,55.9977],[12.131,55.9979],[12.1307,55.9982],[12.13,55.9985],[12.1293,55.9986],[12.1292,55.9986],[12.1286,55.9988],[12.1284,55.9989],[12.1282,55.9989],[12.1277,55.9989],[12.1269,55.9987],[12.1259,55.9985],[12.1255,55.9985],[12.1251,55.9987],[12.1244,55.9989],[12.1244,55.9989],[12.1239,55.9993],[12.1233,55.9995],[12.1226,55.9998],[12.1218,55.9998],[12.1212,55.9999],[12.1209,55.9999],[12.1204,55.9999],[12.1203,55.9998],[12.1199,55.9998],[12.1195,55.9999],[12.1191,56],[12.1184,56.0001],[12.1179,56.0002],[12.1176,56.0002],[12.1177,56.0003],[12.1174,56.0004],[12.1172,56.0003],[12.1168,56.0003],[12.1165,56.0004],[12.116,56.0005],[12.1155,56.0005],[12.1148,56.0006],[12.1143,56.0006],[12.1139,56.0006],[12.1135,56.0006],[12.1132,56.0007],[12.1126,56.0006],[12.1122,56.0006],[12.1117,56.0006],[12.1113,56.0007],[12.111,56.0008],[12.1107,56.0008],[12.1106,56.0008],[12.1106,56.0013],[12.1106,56.0013],[12.1108,56.0012]]]},"properties":{"sourceId":"ais_par3.155997","a_type":4120,"hectares":12.302}},{"type":"Feature","id":"ais_par3.156011","geometry":{"type":"Polygon","coordinates":[[[12.0474,55.9552],[12.0477,55.9552],[12.048,55.9551],[12.0481,55.955],[12.048,55.9547],[12.0479,55.9547],[12.0476,55.9546],[12.0473,55.9546],[12.047,55.9547],[12.047,55.9548],[12.047,55.955],[12.0471,55.9551],[12.0474,55.9552]]]},"properties":{"sourceId":"ais_par3.156011","a_type":4120,"hectares":0.377}},{"type":"Feature","id":"ais_par3.156012","geometry":{"type":"Polygon","coordinates":[[[12.035,55.9807],[12.0347,55.9818],[12.0352,55.9817],[12.0354,55.9815],[12.0358,55.9812],[12.0358,55.9809],[12.0357,55.9808],[12.0353,55.9807],[12.035,55.9807],[12.035,55.9807],[12.035,55.9807]]]},"properties":{"sourceId":"ais_par3.156012","a_type":4120,"hectares":0.52}},{"type":"Feature","id":"ais_par3.156014","geometry":{"type":"Polygon","coordinates":[[[11.9755,56.0013],[11.9756,56.0014],[11.9759,56.0016],[11.9764,56.0018],[11.978,56.0026],[11.9782,56.0024],[11.9787,56.0026],[11.979,56.0025],[11.9773,56.0018],[11.9768,56.0017],[11.9774,56.0015],[11.9774,56.0014],[11.9772,56.0011],[11.9771,56.001],[11.9768,56.001],[11.9764,56.0011],[11.9762,56.0011],[11.9754,56.0011],[11.9753,56.0011],[11.9755,56.0013]]]},"properties":{"sourceId":"ais_par3.156014","a_type":4120,"hectares":1.343}},{"type":"Feature","id":"ais_par3.156016","geometry":{"type":"Polygon","coordinates":[[[12.0781,55.934],[12.0786,55.934],[12.0788,55.9339],[12.0789,55.9337],[12.0788,55.9334],[12.0784,55.9326],[12.0796,55.9328],[12.0801,55.9321],[12.0793,55.9319],[12.0785,55.9318],[12.0776,55.9316],[12.0769,55.9315],[12.0765,55.9322],[12.0773,55.9331],[12.0774,55.9331],[12.078,55.9339],[12.0781,55.934],[12.0781,55.934]],[[12.0774,55.9321],[12.0774,55.932],[12.0774,55.932],[12.0775,55.9319],[12.0776,55.9319],[12.0777,55.932],[12.078,55.932],[12.078,55.932],[12.078,55.932],[12.0779,55.9321],[12.0777,55.9321],[12.0776,55.9321],[12.0775,55.9321],[12.0775,55.9321],[12.0774,55.9321]]]},"properties":{"sourceId":"ais_par3.156016","a_type":4120,"hectares":3.172}},{"type":"Feature","id":"ais_par3.156017","geometry":{"type":"Polygon","coordinates":[[[12.0815,55.9303],[12.0817,55.93],[12.0807,55.9297],[12.0804,55.9296],[12.0798,55.9295],[12.0795,55.9294],[12.0793,55.9294],[12.0792,55.9295],[12.0788,55.9302],[12.0815,55.9303]],[[12.0802,55.9299],[12.0803,55.9298],[12.0805,55.9298],[12.0807,55.9299],[12.0809,55.9299],[12.081,55.93],[12.0809,55.9301],[12.0807,55.93],[12.0805,55.93],[12.0804,55.9299],[12.0803,55.9299],[12.0802,55.9299]]]},"properties":{"sourceId":"ais_par3.156017","a_type":4120,"hectares":1.112}},{"type":"Feature","id":"ais_par3.156018","geometry":{"type":"Polygon","coordinates":[[[12.0871,55.9233],[12.0879,55.9232],[12.0883,55.9227],[12.0872,55.921],[12.0859,55.9212],[12.0871,55.9233]],[[12.0876,55.9231],[12.0875,55.923],[12.0872,55.923],[12.0871,55.9229],[12.0871,55.9229],[12.0877,55.9229],[12.0877,55.923],[12.0876,55.9231]]]},"properties":{"sourceId":"ais_par3.156018","a_type":4120,"hectares":2.055}},{"type":"Feature","id":"ais_par3.156019","geometry":{"type":"Polygon","coordinates":[[[12.083,55.9157],[12.0831,55.9157],[12.0833,55.9156],[12.0836,55.9154],[12.0839,55.9152],[12.0842,55.9151],[12.0842,55.915],[12.0841,55.9149],[12.0837,55.9149],[12.0836,55.9149],[12.0833,55.915],[12.0828,55.9154],[12.0827,55.9156],[12.0828,55.9156],[12.083,55.9157]]]},"properties":{"sourceId":"ais_par3.156019","a_type":4120,"hectares":0.434}},{"type":"Feature","id":"ais_par3.156020","geometry":{"type":"Polygon","coordinates":[[[12.0913,55.9199],[12.0921,55.9195],[12.0922,55.9192],[12.0927,55.9182],[12.0933,55.9176],[12.0935,55.9173],[12.0941,55.9172],[12.094,55.9154],[12.0927,55.9154],[12.0926,55.9155],[12.0926,55.9155],[12.0929,55.9155],[12.0934,55.9157],[12.0935,55.9158],[12.0934,55.9159],[12.0931,55.9159],[12.0931,55.9164],[12.0933,55.9164],[12.0934,55.9165],[12.0932,55.9166],[12.0932,55.9167],[12.0936,55.9168],[12.0937,55.9169],[12.0936,55.9171],[12.0932,55.9172],[12.0925,55.9174],[12.0921,55.9172],[12.0922,55.9171],[12.0924,55.917],[12.0925,55.9168],[12.0924,55.9168],[12.0923,55.9166],[12.0922,55.9165],[12.0922,55.9163],[12.0924,55.9162],[12.0925,55.9161],[12.0924,55.9161],[12.0922,55.916],[12.0921,55.9159],[12.0923,55.9158],[12.0924,55.9157],[12.0924,55.9157],[12.0914,55.9157],[12.0914,55.9161],[12.0917,55.9165],[12.0921,55.9165],[12.0921,55.917],[12.0918,55.9171],[12.0916,55.9176],[12.0916,55.9176],[12.0906,55.9178],[12.0907,55.9179],[12.0906,55.9181],[12.0904,55.9182],[12.0903,55.9183],[12.09,55.9185],[12.0913,55.9186],[12.0913,55.9187],[12.0908,55.9198],[12.0913,55.9199]],[[12.0908,55.9179],[12.091,55.9178],[12.0912,55.9178],[12.0914,55.9179],[12.0913,55.918],[12.0911,55.918],[12.0908,55.918],[12.0908,55.9179]]]},"properties":{"sourceId":"ais_par3.156020","a_type":4120,"hectares":4.492}},{"type":"Feature","id":"ais_par3.156021","geometry":{"type":"Polygon","coordinates":[[[12.0786,55.9246],[12.0788,55.9246],[12.0799,55.9244],[12.0799,55.9244],[12.0796,55.9237],[12.0783,55.924],[12.0786,55.9246]]]},"properties":{"sourceId":"ais_par3.156021","a_type":4120,"hectares":0.644}},{"type":"Feature","id":"ais_par3.156022","geometry":{"type":"Polygon","coordinates":[[[12.0979,55.9117],[12.0979,55.9121],[12.0994,55.912],[12.0997,55.9121],[12.1008,55.9125],[12.1017,55.9129],[12.1024,55.913],[12.1027,55.913],[12.1027,55.913],[12.1032,55.9128],[12.1034,55.9127],[12.1035,55.9126],[12.1034,55.9125],[12.1033,55.9124],[12.1032,55.9123],[12.1032,55.9123],[12.1032,55.9121],[12.1032,55.9121],[12.1029,55.912],[12.1028,55.912],[12.1025,55.912],[12.1023,55.912],[12.1021,55.9119],[12.1021,55.9118],[12.1023,55.9117],[12.1028,55.9115],[12.1029,55.9114],[12.1024,55.9114],[12.1022,55.9114],[12.1019,55.9112],[12.1016,55.9111],[12.1012,55.911],[12.101,55.911],[12.1004,55.9094],[12.0984,55.9094],[12.0977,55.9102],[12.0973,55.9106],[12.0969,55.9108],[12.0968,55.9113],[12.0967,55.9115],[12.0965,55.9117],[12.0979,55.9117]],[[12.0975,55.9105],[12.0978,55.9102],[12.098,55.9102],[12.0983,55.9103],[12.0984,55.9103],[12.0985,55.9102],[12.0985,55.9101],[12.0987,55.9101],[12.0988,55.9101],[12.0989,55.9101],[12.0989,55.9102],[12.0988,55.9103],[12.0988,55.9104],[12.0986,55.9104],[12.0983,55.9105],[12.0983,55.9106],[12.0982,55.9107],[12.0983,55.9107],[12.0984,55.9107],[12.0985,55.9108],[12.0986,55.9108],[12.0985,55.9109],[12.0984,55.9109],[12.0983,55.9109],[12.0981,55.9109],[12.098,55.9111],[12.0979,55.9111],[12.0978,55.9111],[12.0978,55.9111],[12.0978,55.911],[12.0975,55.9109],[12.0974,55.9107],[12.0977,55.9107],[12.0979,55.9106],[12.098,55.9106],[12.098,55.9106],[12.0977,55.9105],[12.0975,55.9105]],[[12.0986,55.9117],[12.0985,55.9117],[12.0985,55.9117],[12.0984,55.9116],[12.0983,55.9116],[12.0983,55.9115],[12.0984,55.9115],[12.0985,55.9115],[12.0989,55.9115],[12.099,55.9115],[12.099,55.9116],[12.099,55.9116],[12.0989,55.9116],[12.0989,55.9117],[12.0989,55.9117],[12.0986,55.9117]]]},"properties":{"sourceId":"ais_par3.156022","a_type":4120,"hectares":8.263}},{"type":"Feature","id":"ais_par3.156023","geometry":{"type":"Polygon","coordinates":[[[12.0907,55.9106],[12.0909,55.9106],[12.0915,55.9102],[12.0912,55.91],[12.0907,55.9097],[12.0902,55.9093],[12.09,55.9092],[12.0897,55.9092],[12.0898,55.9093],[12.0905,55.9099],[12.0906,55.9101],[12.0905,55.9104],[12.0905,55.9105],[12.0907,55.9106]]]},"properties":{"sourceId":"ais_par3.156023","a_type":4120,"hectares":0.527}},{"type":"Feature","id":"ais_par3.156024","geometry":{"type":"Polygon","coordinates":[[[12.1075,55.9146],[12.1078,55.9147],[12.1079,55.9149],[12.1085,55.9148],[12.1089,55.9148],[12.1093,55.9147],[12.1093,55.9146],[12.1093,55.9144],[12.1096,55.9144],[12.1098,55.9144],[12.1101,55.9145],[12.1108,55.9143],[12.1111,55.9141],[12.1107,55.9139],[12.1104,55.914],[12.1099,55.9137],[12.1089,55.9141],[12.1085,55.9141],[12.1083,55.9142],[12.1082,55.9144],[12.1074,55.9146],[12.1075,55.9146]]]},"properties":{"sourceId":"ais_par3.156024","a_type":4120,"hectares":1.229}},{"type":"Feature","id":"ais_par3.156025","geometry":{"type":"Polygon","coordinates":[[[12.114,55.914],[12.1152,55.9139],[12.115,55.9128],[12.1147,55.9128],[12.1147,55.913],[12.1143,55.9129],[12.1139,55.913],[12.114,55.9134],[12.1135,55.9134],[12.114,55.914]]]},"properties":{"sourceId":"ais_par3.156025","a_type":4120,"hectares":0.91}},{"type":"Feature","id":"ais_par3.156026","geometry":{"type":"Polygon","coordinates":[[[12.1049,55.916],[12.1053,55.9161],[12.1053,55.9161],[12.1054,55.9158],[12.1055,55.9156],[12.1056,55.9155],[12.1052,55.9154],[12.1048,55.9154],[12.1049,55.9154],[12.1049,55.9155],[12.1048,55.9159],[12.1047,55.9159],[12.1046,55.9159],[12.1049,55.916]],[[12.1049,55.9159],[12.105,55.9158],[12.1051,55.9155],[12.1052,55.9155],[12.1053,55.9155],[12.1054,55.9155],[12.1053,55.9155],[12.1052,55.9159],[12.1051,55.916],[12.105,55.916],[12.1049,55.9159],[12.1049,55.9159]]]},"properties":{"sourceId":"ais_par3.156026","a_type":4120,"hectares":0.167}},{"type":"Feature","id":"ais_par3.156027","geometry":{"type":"Polygon","coordinates":[[[12.0873,55.9074],[12.0877,55.9074],[12.0882,55.9076],[12.0883,55.9075],[12.0884,55.9073],[12.0886,55.907],[12.0882,55.9068],[12.0877,55.9067],[12.0873,55.9066],[12.087,55.9067],[12.0872,55.9072],[12.0872,55.9073],[12.0873,55.9074]]]},"properties":{"sourceId":"ais_par3.156027","a_type":4120,"hectares":0.67}},{"type":"Feature","id":"ais_par3.156028","geometry":{"type":"Polygon","coordinates":[[[12.0868,55.9036],[12.0868,55.9035],[12.0869,55.9034],[12.087,55.9034],[12.0872,55.9035],[12.0874,55.9036],[12.0872,55.9037],[12.0872,55.9038],[12.087,55.9039],[12.0873,55.9039],[12.0875,55.9039],[12.0876,55.9038],[12.0877,55.9036],[12.0878,55.9035],[12.088,55.9035],[12.0882,55.9034],[12.0883,55.9033],[12.0891,55.9022],[12.0884,55.9023],[12.0884,55.9023],[12.0881,55.9026],[12.088,55.9027],[12.0877,55.9028],[12.0876,55.9028],[12.0874,55.9027],[12.0871,55.9026],[12.0868,55.9026],[12.0865,55.9026],[12.0863,55.9027],[12.086,55.9028],[12.0859,55.903],[12.086,55.9032],[12.086,55.9033],[12.0867,55.9036],[12.0868,55.9036]],[[12.0872,55.9031],[12.0872,55.903],[12.0871,55.9029],[12.0872,55.9028],[12.0873,55.9028],[12.0875,55.9029],[12.0878,55.9029],[12.088,55.903],[12.0877,55.9033],[12.0875,55.9033],[12.0872,55.9032],[12.0873,55.9032],[12.0873,55.9031],[12.0873,55.9031],[12.0872,55.9031]],[[12.088,55.9028],[12.0881,55.9028],[12.0882,55.9028],[12.0883,55.9029],[12.0883,55.9029],[12.0882,55.903],[12.0881,55.903],[12.0881,55.9029],[12.088,55.9029],[12.088,55.9028]],[[12.0884,55.9025],[12.0885,55.9024],[12.0885,55.9023],[12.0887,55.9023],[12.0887,55.9023],[12.0887,55.9024],[12.0886,55.9025],[12.0885,55.9025],[12.0884,55.9025]]]},"properties":{"sourceId":"ais_par3.156028","a_type":4120,"hectares":1.438}},{"type":"Feature","id":"ais_par3.156029","geometry":{"type":"Polygon","coordinates":[[[12.064,55.9019],[12.0641,55.9019],[12.0644,55.9022],[12.0644,55.9024],[12.0644,55.9024],[12.0647,55.9025],[12.0649,55.9024],[12.0648,55.902],[12.0646,55.9019],[12.0644,55.9017],[12.0641,55.9015],[12.064,55.9014],[12.0641,55.9013],[12.0646,55.9009],[12.0646,55.9008],[12.0646,55.9005],[12.0642,55.9004],[12.0636,55.9005],[12.0632,55.9007],[12.0631,55.9008],[12.0625,55.9013],[12.064,55.9019]]]},"properties":{"sourceId":"ais_par3.156029","a_type":4120,"hectares":1.446}},{"type":"Feature","id":"ais_par3.156030","geometry":{"type":"Polygon","coordinates":[[[12.0628,55.8889],[12.0629,55.8891],[12.0629,55.8893],[12.0628,55.8894],[12.0625,55.8898],[12.0624,55.8901],[12.0624,55.8902],[12.0626,55.8902],[12.0628,55.8902],[12.0629,55.8901],[12.063,55.89],[12.063,55.8898],[12.0632,55.8894],[12.0634,55.8883],[12.0631,55.8882],[12.0628,55.8883],[12.0628,55.8883],[12.0626,55.8885],[12.0624,55.8886],[12.0624,55.8888],[12.0625,55.8888],[12.0626,55.8888],[12.0628,55.8889]]]},"properties":{"sourceId":"ais_par3.156030","a_type":4120,"hectares":0.744}},{"type":"Feature","id":"ais_par3.156031","geometry":{"type":"Polygon","coordinates":[[[12.0666,55.9068],[12.0667,55.9068],[12.067,55.9071],[12.0672,55.9073],[12.0676,55.9074],[12.0679,55.9074],[12.0682,55.9074],[12.0684,55.9072],[12.0684,55.9071],[12.0682,55.907],[12.0678,55.9069],[12.0675,55.9069],[12.0671,55.9068],[12.0669,55.9068],[12.0667,55.9067],[12.0666,55.9068],[12.0666,55.9068]]]},"properties":{"sourceId":"ais_par3.156031","a_type":4120,"hectares":0.468}},{"type":"Feature","id":"ais_par3.156032","geometry":{"type":"Polygon","coordinates":[[[12.0604,55.9191],[12.0607,55.9192],[12.0609,55.9192],[12.061,55.9192],[12.0612,55.9187],[12.0611,55.9185],[12.061,55.9184],[12.0608,55.9183],[12.0607,55.9184],[12.0605,55.9184],[12.0604,55.9185],[12.0602,55.9189],[12.0602,55.919],[12.0604,55.9191]]]},"properties":{"sourceId":"ais_par3.156032","a_type":4120,"hectares":0.451}},{"type":"Feature","id":"ais_par3.156033","geometry":{"type":"Polygon","coordinates":[[[12.07,55.9155],[12.0702,55.9155],[12.0704,55.9155],[12.0706,55.9155],[12.0709,55.9155],[12.0701,55.9152],[12.0699,55.9148],[12.0698,55.9148],[12.0694,55.9151],[12.0693,55.9152],[12.0691,55.9152],[12.0689,55.9151],[12.0688,55.9156],[12.0692,55.9157],[12.0695,55.9158],[12.0697,55.916],[12.0699,55.9161],[12.0702,55.9161],[12.0703,55.9161],[12.0703,55.9161],[12.0702,55.9161],[12.07,55.916],[12.0699,55.9158],[12.0698,55.9157],[12.0698,55.9156],[12.07,55.9155]]]},"properties":{"sourceId":"ais_par3.156033","a_type":4120,"hectares":0.664}},{"type":"Feature","id":"ais_par3.156034","geometry":{"type":"Polygon","coordinates":[[[12.0524,55.932],[12.0525,55.932],[12.0529,55.9318],[12.0532,55.9317],[12.0535,55.9317],[12.0538,55.9317],[12.0541,55.9317],[12.0544,55.9317],[12.0545,55.9312],[12.0542,55.9311],[12.0542,55.931],[12.0543,55.9308],[12.0541,55.9308],[12.0538,55.9308],[12.0537,55.931],[12.0535,55.9312],[12.0534,55.9313],[12.053,55.9315],[12.0526,55.9317],[12.0524,55.9319],[12.0523,55.9319],[12.0524,55.932]]]},"properties":{"sourceId":"ais_par3.156034","a_type":4120,"hectares":0.716}},{"type":"Feature","id":"ais_par3.156035","geometry":{"type":"Polygon","coordinates":[[[12.0734,55.9392],[12.0736,55.9393],[12.0737,55.9394],[12.0737,55.9396],[12.0737,55.9398],[12.0739,55.9399],[12.0742,55.9396],[12.0743,55.9394],[12.0743,55.9393],[12.0744,55.939],[12.0745,55.9389],[12.0745,55.9387],[12.0744,55.9387],[12.0741,55.9387],[12.0737,55.9389],[12.0735,55.939],[12.0732,55.9392],[12.0734,55.9392]]]},"properties":{"sourceId":"ais_par3.156035","a_type":4120,"hectares":0.536}},{"type":"Feature","id":"ais_par3.156036","geometry":{"type":"Polygon","coordinates":[[[12.082,55.9379],[12.082,55.938],[12.0822,55.9379],[12.0823,55.9378],[12.0825,55.9377],[12.083,55.9377],[12.0831,55.9376],[12.0835,55.9375],[12.0837,55.9374],[12.0839,55.9373],[12.084,55.9374],[12.0842,55.9375],[12.0842,55.9376],[12.0843,55.9376],[12.0845,55.9375],[12.0848,55.9373],[12.085,55.9371],[12.0852,55.937],[12.0854,55.9368],[12.0855,55.9366],[12.0858,55.9365],[12.086,55.9364],[12.0861,55.9364],[12.086,55.9363],[12.0859,55.9363],[12.0858,55.9361],[12.0854,55.9358],[12.0844,55.9353],[12.0839,55.9348],[12.0838,55.935],[12.0836,55.9353],[12.0834,55.9358],[12.0835,55.9364],[12.0835,55.9366],[12.0832,55.9368],[12.0828,55.9371],[12.0824,55.9373],[12.0824,55.9374],[12.0824,55.9376],[12.0821,55.9378],[12.0818,55.9379],[12.082,55.9379]]]},"properties":{"sourceId":"ais_par3.156036","a_type":4120,"hectares":3.402}},{"type":"Feature","id":"ais_par3.156037","geometry":{"type":"Polygon","coordinates":[[[12.0662,55.9446],[12.0668,55.9445],[12.0676,55.9445],[12.0683,55.9445],[12.0689,55.9446],[12.0692,55.9445],[12.0695,55.9443],[12.0698,55.9441],[12.07,55.9439],[12.0704,55.9434],[12.0706,55.9432],[12.0707,55.943],[12.0709,55.9428],[12.0711,55.9425],[12.0714,55.9423],[12.0716,55.9422],[12.072,55.9419],[12.0721,55.9416],[12.0719,55.9414],[12.072,55.9412],[12.0722,55.9411],[12.0725,55.941],[12.0728,55.941],[12.0735,55.9408],[12.0737,55.9404],[12.0738,55.9403],[12.0746,55.9402],[12.0751,55.9399],[12.0758,55.9397],[12.0763,55.9394],[12.0771,55.9391],[12.0775,55.939],[12.0775,55.9388],[12.0762,55.9393],[12.0758,55.9395],[12.0753,55.9396],[12.0741,55.9399],[12.074,55.94],[12.0736,55.9402],[12.0734,55.9404],[12.0729,55.9406],[12.0724,55.9406],[12.0722,55.9409],[12.0717,55.9413],[12.0714,55.9415],[12.0712,55.9419],[12.0711,55.9423],[12.0708,55.9426],[12.0703,55.943],[12.0696,55.9436],[12.0694,55.9441],[12.0691,55.9444],[12.0688,55.9445],[12.0678,55.9444],[12.0661,55.9443],[12.0661,55.9443],[12.0662,55.9446]]]},"properties":{"sourceId":"ais_par3.156037","a_type":4120,"hectares":2.297}},{"type":"Feature","id":"ais_par3.156038","geometry":{"type":"Polygon","coordinates":[[[12.0569,55.9525],[12.0576,55.9526],[12.0579,55.9526],[12.058,55.9525],[12.0579,55.9524],[12.0579,55.9523],[12.0581,55.952],[12.0581,55.9519],[12.0581,55.9518],[12.0578,55.9518],[12.0576,55.9518],[12.0574,55.9518],[12.057,55.9519],[12.0567,55.952],[12.0565,55.9522],[12.0564,55.9524],[12.0564,55.9524],[12.0569,55.9525]]]},"properties":{"sourceId":"ais_par3.156038","a_type":4120,"hectares":0.697}},{"type":"Feature","id":"ais_par3.156039","geometry":{"type":"Polygon","coordinates":[[[12.0622,55.9562],[12.0625,55.9563],[12.0626,55.9564],[12.063,55.9564],[12.0631,55.9562],[12.063,55.956],[12.0622,55.9559],[12.0618,55.9558],[12.0611,55.9558],[12.0608,55.9559],[12.0607,55.956],[12.0609,55.9562],[12.0611,55.9563],[12.0614,55.9563],[12.0618,55.9562],[12.0619,55.9562],[12.0622,55.9562]]]},"properties":{"sourceId":"ais_par3.156039","a_type":4120,"hectares":0.637}},{"type":"Feature","id":"ais_par3.156040","geometry":{"type":"Polygon","coordinates":[[[12.0472,55.9545],[12.0473,55.9544],[12.0473,55.9543],[12.0473,55.9542],[12.0471,55.954],[12.0469,55.954],[12.0464,55.9539],[12.046,55.9539],[12.0456,55.9539],[12.0455,55.9539],[12.0455,55.954],[12.0456,55.9542],[12.0459,55.9543],[12.0464,55.9545],[12.047,55.9546],[12.0472,55.9545]]]},"properties":{"sourceId":"ais_par3.156040","a_type":4120,"hectares":0.562}},{"type":"Feature","id":"ais_par3.156041","geometry":{"type":"Polygon","coordinates":[[[12.0462,55.9612],[12.0466,55.9613],[12.0468,55.9614],[12.0469,55.9616],[12.0471,55.9619],[12.0473,55.9619],[12.0473,55.9619],[12.0472,55.9616],[12.0472,55.9612],[12.0472,55.9612],[12.0467,55.9612],[12.0464,55.9612],[12.0461,55.9611],[12.0462,55.9612]]]},"properties":{"sourceId":"ais_par3.156041","a_type":4120,"hectares":0.201}},{"type":"Feature","id":"ais_par3.156042","geometry":{"type":"Polygon","coordinates":[[[12.0454,55.9639],[12.0455,55.9641],[12.0457,55.9641],[12.0459,55.9642],[12.0461,55.9642],[12.0462,55.9642],[12.0463,55.9642],[12.0465,55.9642],[12.0466,55.9641],[12.0466,55.964],[12.0467,55.964],[12.0468,55.9639],[12.0469,55.9638],[12.0469,55.9637],[12.0466,55.9635],[12.0458,55.9636],[12.0455,55.9636],[12.0454,55.9638],[12.0454,55.9639]]]},"properties":{"sourceId":"ais_par3.156042","a_type":4120,"hectares":0.59}},{"type":"Feature","id":"ais_par3.156043","geometry":{"type":"Polygon","coordinates":[[[12.0833,55.9739],[12.0839,55.9739],[12.0844,55.9738],[12.0842,55.9736],[12.0842,55.9734],[12.084,55.9731],[12.0836,55.9727],[12.0833,55.9724],[12.0829,55.9723],[12.0828,55.9725],[12.0829,55.9727],[12.0834,55.973],[12.0835,55.9731],[12.0833,55.9734],[12.0831,55.9737],[12.0828,55.9739],[12.0828,55.9739],[12.0833,55.9739]]]},"properties":{"sourceId":"ais_par3.156043","a_type":4120,"hectares":0.85}},{"type":"Feature","id":"ais_par3.156044","geometry":{"type":"Polygon","coordinates":[[[12.0775,55.9746],[12.0778,55.9746],[12.0781,55.9747],[12.0784,55.9747],[12.0787,55.9747],[12.0789,55.9746],[12.0794,55.9746],[12.0798,55.9746],[12.08,55.9748],[12.0802,55.9748],[12.0809,55.975],[12.0811,55.9747],[12.0813,55.9745],[12.0815,55.9743],[12.0807,55.9741],[12.0806,55.974],[12.0804,55.974],[12.0796,55.974],[12.0791,55.9739],[12.0787,55.9737],[12.0784,55.9737],[12.0784,55.9738],[12.0782,55.974],[12.078,55.9741],[12.0777,55.9742],[12.0776,55.9743],[12.0775,55.9745],[12.0773,55.9746],[12.0775,55.9746]]]},"properties":{"sourceId":"ais_par3.156044","a_type":4120,"hectares":1.86}},{"type":"Feature","id":"ais_par3.156045","geometry":{"type":"Polygon","coordinates":[[[12.0728,55.9773],[12.0724,55.9773],[12.0721,55.9774],[12.0719,55.9775],[12.072,55.9776],[12.0721,55.9777],[12.0721,55.9778],[12.0719,55.9779],[12.072,55.9781],[12.0723,55.9781],[12.0728,55.9781],[12.0733,55.9782],[12.0737,55.9782],[12.074,55.9782],[12.0745,55.978],[12.0747,55.9777],[12.0748,55.9776],[12.0749,55.9776],[12.0749,55.9775],[12.0748,55.9774],[12.0751,55.9774],[12.0752,55.9775],[12.0754,55.9776],[12.0755,55.9777],[12.0757,55.9777],[12.0759,55.9776],[12.0761,55.9774],[12.076,55.9769],[12.076,55.9768],[12.0757,55.9767],[12.0753,55.9767],[12.0747,55.9768],[12.0742,55.9769],[12.0737,55.977],[12.0734,55.9771],[12.0733,55.9771],[12.0733,55.9772],[12.0734,55.9773],[12.0734,55.9774],[12.0728,55.9773]],[[12.0728,55.9776],[12.073,55.9775],[12.0733,55.9774],[12.0737,55.9774],[12.0739,55.9774],[12.0739,55.9776],[12.0738,55.9776],[12.0735,55.9776],[12.0734,55.9776],[12.0733,55.9775],[12.0732,55.9776],[12.0731,55.9777],[12.0729,55.9777],[12.0728,55.9776],[12.0728,55.9776]]]},"properties":{"sourceId":"ais_par3.156045","a_type":4120,"hectares":2.438}},{"type":"Feature","id":"ais_par3.156046","geometry":{"type":"Polygon","coordinates":[[[12.0799,55.9778],[12.08,55.978],[12.08,55.9782],[12.0801,55.9782],[12.0803,55.9783],[12.0805,55.9782],[12.0806,55.9782],[12.0806,55.9781],[12.0806,55.9779],[12.0806,55.9777],[12.0806,55.9771],[12.0802,55.9772],[12.0796,55.9773],[12.0794,55.9775],[12.0794,55.9775],[12.0796,55.9777],[12.0798,55.9778],[12.0799,55.9778]]]},"properties":{"sourceId":"ais_par3.156046","a_type":4120,"hectares":0.64}},{"type":"Feature","id":"ais_par3.156047","geometry":{"type":"Polygon","coordinates":[[[12.0603,55.983],[12.0606,55.9832],[12.0606,55.9832],[12.0607,55.9832],[12.061,55.9831],[12.0612,55.9831],[12.0614,55.9832],[12.0615,55.9832],[12.0614,55.9833],[12.0615,55.9833],[12.0623,55.9835],[12.0624,55.9835],[12.0628,55.9835],[12.0629,55.9834],[12.0627,55.9833],[12.0624,55.983],[12.061,55.9827],[12.0613,55.9821],[12.0613,55.9821],[12.061,55.9824],[12.0606,55.9827],[12.0599,55.9828],[12.0598,55.9829],[12.0603,55.983]]]},"properties":{"sourceId":"ais_par3.156047","a_type":4120,"hectares":0.902}},{"type":"Feature","id":"ais_par3.156048","geometry":{"type":"Polygon","coordinates":[[[12.0749,55.9904],[12.0754,55.9904],[12.0758,55.9903],[12.0765,55.9901],[12.0768,55.9899],[12.0773,55.9899],[12.0776,55.9898],[12.078,55.9897],[12.0786,55.9897],[12.0788,55.9897],[12.0786,55.9896],[12.0779,55.9896],[12.0772,55.9896],[12.0768,55.9897],[12.0765,55.9897],[12.0759,55.99],[12.076,55.9901],[12.0758,55.9902],[12.0756,55.9903],[12.0754,55.9903],[12.0752,55.9903],[12.0749,55.9901],[12.0748,55.99],[12.0746,55.9903],[12.0749,55.9904]]]},"properties":{"sourceId":"ais_par3.156048","a_type":4120,"hectares":0.577}},{"type":"Feature","id":"ais_par3.156049","geometry":{"type":"Polygon","coordinates":[[[12.0953,55.9803],[12.0952,55.9807],[12.0966,55.981],[12.0974,55.9811],[12.0985,55.9813],[12.0994,55.9816],[12.1001,55.9818],[12.1008,55.9821],[12.1008,55.9828],[12.1012,55.9834],[12.1015,55.9842],[12.1019,55.9849],[12.1025,55.9856],[12.1026,55.9857],[12.1025,55.986],[12.1023,55.986],[12.1019,55.9861],[12.1012,55.9862],[12.0995,55.9864],[12.0989,55.9865],[12.0979,55.9868],[12.0974,55.9871],[12.0984,55.9868],[12.0985,55.9867],[12.0994,55.9865],[12.1002,55.9865],[12.1007,55.9866],[12.102,55.9864],[12.1029,55.9863],[12.1033,55.986],[12.1034,55.9859],[12.1034,55.9856],[12.1034,55.9854],[12.1027,55.9851],[12.1024,55.9851],[12.1023,55.9848],[12.102,55.9844],[12.1021,55.9839],[12.1019,55.9838],[12.1017,55.9837],[12.1017,55.9833],[12.1013,55.9828],[12.1013,55.9824],[12.1011,55.9822],[12.1007,55.982],[12.1005,55.9819],[12.1003,55.9817],[12.0998,55.9815],[12.0993,55.9813],[12.099,55.9812],[12.0986,55.9811],[12.0984,55.9811],[12.0979,55.9809],[12.097,55.9807],[12.0965,55.9806],[12.0961,55.9804],[12.0957,55.9804],[12.0953,55.9803],[12.0953,55.9803]]]},"properties":{"sourceId":"ais_par3.156049","a_type":4120,"hectares":3.614}},{"type":"Feature","id":"ais_par3.156050","geometry":{"type":"Polygon","coordinates":[[[12.0741,55.9632],[12.0752,55.9635],[12.0761,55.9638],[12.0765,55.964],[12.0773,55.9651],[12.078,55.9658],[12.0787,55.9664],[12.0792,55.967],[12.0802,55.9674],[12.0815,55.9688],[12.0824,55.9702],[12.0833,55.9712],[12.0843,55.9726],[12.0851,55.9734],[12.0854,55.9738],[12.086,55.9744],[12.0864,55.9749],[12.0871,55.9757],[12.0874,55.976],[12.0879,55.9764],[12.0883,55.9765],[12.0886,55.977],[12.089,55.9773],[12.0903,55.9778],[12.0905,55.9786],[12.091,55.9792],[12.0922,55.9797],[12.0937,55.9809],[12.0938,55.9809],[12.0953,55.9803],[12.0949,55.9801],[12.0944,55.98],[12.0938,55.9798],[12.0934,55.9795],[12.093,55.9793],[12.0928,55.9791],[12.0925,55.979],[12.092,55.9788],[12.0915,55.9784],[12.0913,55.9781],[12.091,55.9776],[12.0908,55.9774],[12.0904,55.9772],[12.0897,55.9769],[12.0891,55.9768],[12.089,55.9766],[12.0889,55.9766],[12.0886,55.9765],[12.0885,55.9761],[12.0886,55.9759],[12.0883,55.9753],[12.0876,55.9747],[12.0872,55.9745],[12.0868,55.9744],[12.0866,55.9741],[12.0865,55.9738],[12.0863,55.9733],[12.0859,55.9727],[12.0853,55.9723],[12.0848,55.9716],[12.0844,55.9711],[12.0843,55.9709],[12.0844,55.9705],[12.0844,55.9703],[12.0843,55.9701],[12.0839,55.9698],[12.0838,55.9696],[12.0839,55.9692],[12.0836,55.9689],[12.0838,55.9687],[12.0838,55.9685],[12.0836,55.9683],[12.0834,55.9682],[12.0831,55.9681],[12.0825,55.9681],[12.0824,55.968],[12.0821,55.9679],[12.0823,55.9678],[12.0822,55.9677],[12.0819,55.9678],[12.0818,55.9677],[12.0815,55.9675],[12.0814,55.9674],[12.0813,55.9672],[12.0812,55.967],[12.0808,55.967],[12.0806,55.9666],[12.08,55.9663],[12.0796,55.9662],[12.0792,55.966],[12.0779,55.9649],[12.0778,55.9647],[12.0775,55.9645],[12.0771,55.9641],[12.0767,55.9638],[12.0763,55.9636],[12.0758,55.9634],[12.0751,55.9633],[12.0748,55.9632],[12.0746,55.963],[12.0744,55.9629],[12.0742,55.9628],[12.074,55.9627],[12.0732,55.9631],[12.0741,55.9632]]]},"properties":{"sourceId":"ais_par3.156050","a_type":4120,"hectares":16.588}},{"type":"Feature","id":"ais_par3.156051","geometry":{"type":"Polygon","coordinates":[[[12.0435,55.9747],[12.0439,55.9747],[12.0444,55.9746],[12.0448,55.9745],[12.0452,55.9742],[12.046,55.9739],[12.0465,55.9736],[12.047,55.9732],[12.0479,55.9728],[12.0487,55.9725],[12.0491,55.9724],[12.0496,55.9722],[12.0507,55.972],[12.0509,55.9719],[12.0514,55.9718],[12.0521,55.9715],[12.0524,55.9714],[12.0532,55.9712],[12.0537,55.9713],[12.054,55.9713],[12.0542,55.9713],[12.0546,55.9712],[12.0549,55.9712],[12.0558,55.9711],[12.0558,55.9711],[12.0566,55.9711],[12.0572,55.9713],[12.0577,55.9715],[12.0578,55.9717],[12.0584,55.9717],[12.0584,55.9717],[12.059,55.9718],[12.0598,55.972],[12.0601,55.9724],[12.0609,55.9728],[12.0615,55.9728],[12.0619,55.9731],[12.0627,55.9733],[12.063,55.9733],[12.0633,55.9736],[12.0636,55.9737],[12.0639,55.9738],[12.0642,55.9739],[12.0642,55.974],[12.0646,55.9742],[12.0647,55.9742],[12.065,55.9746],[12.0653,55.975],[12.0655,55.9756],[12.0659,55.9759],[12.0661,55.9763],[12.0663,55.9766],[12.0665,55.9771],[12.0664,55.9773],[12.0661,55.9774],[12.0662,55.9779],[12.0662,55.9782],[12.0667,55.9784],[12.0666,55.9784],[12.0666,55.9785],[12.0664,55.9786],[12.066,55.979],[12.0658,55.979],[12.0652,55.9793],[12.0655,55.9795],[12.0659,55.9794],[12.0662,55.9792],[12.0669,55.9789],[12.0672,55.9784],[12.0673,55.9776],[12.0674,55.9771],[12.0674,55.9769],[12.0674,55.9769],[12.0669,55.9764],[12.0662,55.9755],[12.0659,55.975],[12.0658,55.9749],[12.0657,55.9748],[12.0657,55.9747],[12.0652,55.9744],[12.0642,55.9739],[12.0638,55.9735],[12.0632,55.9733],[12.0626,55.9731],[12.0621,55.9727],[12.0611,55.9723],[12.0608,55.9721],[12.0598,55.9717],[12.0588,55.9714],[12.0577,55.9711],[12.056,55.9707],[12.0553,55.9705],[12.0545,55.971],[12.054,55.9711],[12.0536,55.9712],[12.0533,55.9711],[12.0526,55.9711],[12.0521,55.9712],[12.0512,55.9716],[12.0508,55.9718],[12.0507,55.9717],[12.0509,55.9715],[12.0506,55.9714],[12.0505,55.9712],[12.0503,55.9711],[12.0498,55.9714],[12.0493,55.9716],[12.0489,55.9718],[12.0487,55.9719],[12.0479,55.9724],[12.0475,55.9728],[12.0469,55.9729],[12.0466,55.973],[12.0464,55.9734],[12.046,55.9735],[12.0457,55.9737],[12.0454,55.9738],[12.045,55.9738],[12.0448,55.974],[12.0445,55.9742],[12.0441,55.9742],[12.0434,55.9742],[12.0424,55.9746],[12.0424,55.9748],[12.0423,55.975],[12.0427,55.9751],[12.0435,55.9747]]]},"properties":{"sourceId":"ais_par3.156051","a_type":4120,"hectares":9.084}},{"type":"Feature","id":"ais_par3.156052","geometry":{"type":"Polygon","coordinates":[[[12.0378,55.9817],[12.0382,55.9815],[12.0385,55.981],[12.0386,55.9806],[12.0388,55.9803],[12.039,55.9797],[12.0392,55.9791],[12.0399,55.9783],[12.0401,55.978],[12.0405,55.9776],[12.0405,55.9773],[12.04,55.9769],[12.0396,55.9767],[12.0391,55.9767],[12.0391,55.9768],[12.0388,55.977],[12.0387,55.9772],[12.0387,55.9774],[12.0386,55.9775],[12.038,55.9777],[12.0381,55.9778],[12.0382,55.978],[12.0384,55.978],[12.0388,55.9781],[12.0387,55.9783],[12.0387,55.9785],[12.0385,55.9787],[12.0384,55.9789],[12.0384,55.9792],[12.0381,55.9793],[12.0379,55.9795],[12.0377,55.9796],[12.0376,55.9801],[12.0375,55.9803],[12.0374,55.9805],[12.0373,55.9814],[12.0375,55.9815],[12.0375,55.9816],[12.0373,55.9817],[12.0373,55.9818],[12.0378,55.9817]]]},"properties":{"sourceId":"ais_par3.156052","a_type":4120,"hectares":4.323}},{"type":"Feature","id":"ais_par3.156053","geometry":{"type":"Polygon","coordinates":[[[12.0399,55.9766],[12.0403,55.9767],[12.0406,55.9767],[12.0409,55.9767],[12.0408,55.9765],[12.0408,55.9764],[12.041,55.9762],[12.0412,55.9761],[12.0413,55.9759],[12.0413,55.9758],[12.0414,55.9757],[12.0416,55.9756],[12.0416,55.9755],[12.0416,55.9754],[12.0415,55.9754],[12.0414,55.9755],[12.0411,55.9755],[12.041,55.9756],[12.0407,55.9757],[12.0405,55.9758],[12.0406,55.9759],[12.0403,55.976],[12.0401,55.976],[12.0398,55.9761],[12.0397,55.9762],[12.0396,55.9763],[12.0395,55.9765],[12.0399,55.9766]]]},"properties":{"sourceId":"ais_par3.156053","a_type":4120,"hectares":0.844}},{"type":"Feature","id":"ais_par3.156054","geometry":{"type":"Polygon","coordinates":[[[12.0292,55.979],[12.0293,55.979],[12.0292,55.9787],[12.0294,55.9785],[12.0298,55.9781],[12.0301,55.9781],[12.0293,55.9781],[12.0288,55.9789],[12.0288,55.9796],[12.0286,55.9801],[12.0284,55.9804],[12.0279,55.9808],[12.027,55.9814],[12.027,55.9815],[12.0272,55.9817],[12.0279,55.9819],[12.0283,55.9819],[12.0287,55.9815],[12.0295,55.9807],[12.0305,55.9796],[12.0307,55.9791],[12.0313,55.9781],[12.0302,55.9781],[12.0304,55.9782],[12.0308,55.9785],[12.0308,55.9789],[12.0306,55.9792],[12.0303,55.9793],[12.0299,55.9794],[12.0296,55.9793],[12.0293,55.9792],[12.0292,55.9791],[12.0292,55.979]],[[12.0277,55.9813],[12.0278,55.9811],[12.0279,55.9809],[12.0283,55.9806],[12.0286,55.9803],[12.0289,55.9803],[12.0293,55.9805],[12.0293,55.9806],[12.029,55.9809],[12.0283,55.9814],[12.0282,55.9816],[12.0278,55.9817],[12.0274,55.9817],[12.0272,55.9817],[12.0273,55.9815],[12.0277,55.9813]]]},"properties":{"sourceId":"ais_par3.156054","a_type":4120,"hectares":2.472}},{"type":"Feature","id":"ais_par3.156055","geometry":{"type":"Polygon","coordinates":[[[12.0061,55.9738],[12.0064,55.9742],[12.0063,55.9747],[12.0063,55.9752],[12.0067,55.9752],[12.0067,55.9747],[12.0067,55.9744],[12.007,55.9743],[12.0073,55.9744],[12.0074,55.9745],[12.0077,55.9745],[12.008,55.9743],[12.0081,55.9741],[12.0079,55.974],[12.0079,55.9738],[12.0081,55.9736],[12.0082,55.9736],[12.0085,55.9735],[12.0086,55.9733],[12.0086,55.9732],[12.0098,55.9734],[12.0112,55.9712],[12.012,55.9711],[12.0113,55.9711],[12.0107,55.9709],[12.0101,55.9707],[12.0087,55.9708],[12.0075,55.971],[12.0063,55.9713],[12.0056,55.9717],[12.0048,55.9722],[12.0043,55.9725],[12.0061,55.9738]]]},"properties":{"sourceId":"ais_par3.156055","a_type":4120,"hectares":10.528}},{"type":"Feature","id":"ais_par3.156056","geometry":{"type":"Polygon","coordinates":[[[11.9982,55.9716],[12,55.97],[11.9987,55.9692],[11.9966,55.9709],[11.9982,55.9716]]]},"properties":{"sourceId":"ais_par3.156056","a_type":4120,"hectares":2.753}},{"type":"Feature","id":"ais_par3.156057","geometry":{"type":"Polygon","coordinates":[[[11.9727,55.9729],[11.973,55.9729],[11.974,55.9727],[11.9743,55.9732],[11.9743,55.9732],[11.9743,55.9731],[11.9744,55.9731],[11.9744,55.9731],[11.9745,55.973],[11.9747,55.973],[11.9749,55.9729],[11.9752,55.9728],[11.9756,55.9728],[11.9756,55.9726],[11.977,55.9726],[11.9767,55.9722],[11.9753,55.9722],[11.9754,55.9724],[11.9751,55.9724],[11.9747,55.9721],[11.9746,55.9719],[11.9745,55.9719],[11.9736,55.9721],[11.9724,55.9728],[11.9727,55.9729]]]},"properties":{"sourceId":"ais_par3.156057","a_type":4120,"hectares":1.772}},{"type":"Feature","id":"ais_par3.156058","geometry":{"type":"Polygon","coordinates":[[[11.9695,55.9809],[11.9713,55.9801],[11.9719,55.9796],[11.9702,55.979],[11.9692,55.9795],[11.9689,55.9797],[11.9689,55.9798],[11.969,55.9799],[11.9686,55.9804],[11.9686,55.9806],[11.9695,55.9809]],[[11.9701,55.9793],[11.97,55.9793],[11.97,55.9792],[11.97,55.9792],[11.9702,55.9792],[11.9703,55.9792],[11.9705,55.9793],[11.9706,55.9794],[11.9709,55.9794],[11.9711,55.9794],[11.9712,55.9794],[11.9713,55.9795],[11.9712,55.9796],[11.9711,55.9795],[11.9709,55.9795],[11.9708,55.9795],[11.9707,55.9796],[11.9707,55.9797],[11.9706,55.9798],[11.9705,55.9798],[11.9704,55.9798],[11.9704,55.9797],[11.9703,55.9795],[11.9703,55.9795],[11.9701,55.9794],[11.9701,55.9793]]]},"properties":{"sourceId":"ais_par3.156058","a_type":4120,"hectares":2.228}},{"type":"Feature","id":"ais_par3.156059","geometry":{"type":"Polygon","coordinates":[[[11.9738,55.9952],[11.974,55.995],[11.9742,55.9949],[11.9743,55.9948],[11.9747,55.9945],[11.9749,55.9944],[11.9751,55.9945],[11.975,55.9943],[11.9749,55.9943],[11.9746,55.9944],[11.9742,55.9945],[11.9738,55.9945],[11.9732,55.9946],[11.9729,55.9947],[11.9729,55.9948],[11.9731,55.9949],[11.9733,55.9949],[11.9733,55.9951],[11.9733,55.9952],[11.9733,55.9953],[11.9735,55.9954],[11.9736,55.9954],[11.9737,55.9954],[11.9737,55.9953],[11.9738,55.9952]]]},"properties":{"sourceId":"ais_par3.156059","a_type":4120,"hectares":0.622}},{"type":"Feature","id":"ais_par3.156060","geometry":{"type":"Polygon","coordinates":[[[11.9888,56.0017],[11.9899,56.001],[11.9899,56.0005],[11.9881,55.9997],[11.9878,55.9996],[11.9877,55.9996],[11.9868,55.9999],[11.9862,56.0001],[11.9866,56.0003],[11.9866,56.0004],[11.9888,56.0017]]]},"properties":{"sourceId":"ais_par3.156060","a_type":4120,"hectares":2.85}},{"type":"Feature","id":"ais_par3.156061","geometry":{"type":"Polygon","coordinates":[[[12.0164,56.0042],[12.0151,56.0045],[12.0154,56.0049],[12.0166,56.0046],[12.0167,56.0045],[12.0169,56.0046],[12.0175,56.005],[12.0178,56.0053],[12.0177,56.0056],[12.0182,56.0056],[12.0188,56.0056],[12.0193,56.0056],[12.0194,56.0056],[12.0193,56.0055],[12.0192,56.0053],[12.0192,56.0052],[12.0194,56.0051],[12.0204,56.0049],[12.0205,56.005],[12.0208,56.005],[12.0214,56.0052],[12.0222,56.0054],[12.0224,56.0054],[12.0229,56.0053],[12.0233,56.0053],[12.0234,56.005],[12.0247,56.0052],[12.0246,56.0054],[12.0251,56.0054],[12.025,56.0053],[12.0251,56.0052],[12.0251,56.005],[12.0252,56.0049],[12.025,56.0048],[12.0246,56.0048],[12.0237,56.0047],[12.023,56.0046],[12.0224,56.0046],[12.0219,56.0046],[12.0205,56.0043],[12.0194,56.0041],[12.0194,56.0041],[12.0185,56.0041],[12.0182,56.004],[12.0179,56.0038],[12.0178,56.0036],[12.0172,56.0036],[12.0168,56.0036],[12.0164,56.0033],[12.0161,56.0033],[12.0157,56.0033],[12.0154,56.0033],[12.0154,56.0033],[12.0156,56.0037],[12.0162,56.0041],[12.0163,56.0042],[12.0164,56.0042]],[[12.0153,56.0045],[12.0155,56.0045],[12.0157,56.0045],[12.0158,56.0045],[12.0157,56.0046],[12.0156,56.0046],[12.0154,56.0047],[12.0153,56.0046],[12.0153,56.0045]]]},"properties":{"sourceId":"ais_par3.156061","a_type":4120,"hectares":6.243}},{"type":"Feature","id":"ais_par3.156062","geometry":{"type":"Polygon","coordinates":[[[12.0315,55.9997],[12.0314,55.9999],[12.0312,56],[12.0311,56.0001],[12.0312,56.0002],[12.0314,56.0002],[12.0318,56],[12.032,56],[12.0322,56],[12.0327,55.9999],[12.033,55.9998],[12.0332,55.9997],[12.0332,55.9996],[12.033,55.9994],[12.0327,55.9992],[12.0325,55.9993],[12.0321,55.9992],[12.0317,55.9991],[12.0315,55.999],[12.0314,55.9991],[12.0313,55.9994],[12.0315,55.9996],[12.0315,55.9996],[12.0315,55.9997],[12.0315,55.9997]],[[12.0317,55.9998],[12.0317,55.9997],[12.0316,55.9997],[12.0316,55.9996],[12.0316,55.9996],[12.0317,55.9996],[12.0317,55.9996],[12.0318,55.9997],[12.0319,55.9997],[12.032,55.9997],[12.032,55.9997],[12.0321,55.9997],[12.0321,55.9998],[12.0321,55.9998],[12.032,55.9998],[12.0319,55.9998],[12.0318,55.9998],[12.0317,55.9999],[12.0317,55.9999],[12.0316,55.9999],[12.0316,55.9998],[12.0317,55.9998]]]},"properties":{"sourceId":"ais_par3.156062","a_type":4120,"hectares":0.895}},{"type":"Feature","id":"ais_par3.156063","geometry":{"type":"Polygon","coordinates":[[[12.0303,55.9952],[12.0302,55.9952],[12.03,55.9954],[12.0298,55.9954],[12.0298,55.9955],[12.0298,55.9956],[12.03,55.9956],[12.0302,55.9955],[12.0304,55.9955],[12.0305,55.9954],[12.0304,55.9953],[12.0303,55.9952]]]},"properties":{"sourceId":"ais_par3.156063","a_type":4120,"hectares":0.092}},{"type":"Feature","id":"ais_par3.156069","geometry":{"type":"Polygon","coordinates":[[[12.066,56.0041],[12.0659,56.0046],[12.0666,56.0052],[12.0671,56.0054],[12.0675,56.0056],[12.0678,56.0059],[12.0682,56.0062],[12.0685,56.0067],[12.0688,56.0069],[12.069,56.0072],[12.0696,56.0075],[12.07,56.0079],[12.0701,56.0084],[12.0704,56.0087],[12.0701,56.0088],[12.0702,56.009],[12.0703,56.0093],[12.0703,56.0096],[12.0703,56.0099],[12.0704,56.01],[12.0716,56.0104],[12.073,56.0112],[12.0732,56.0113],[12.0726,56.0125],[12.0723,56.0135],[12.0721,56.0141],[12.0716,56.0151],[12.072,56.0162],[12.073,56.0173],[12.0739,56.0179],[12.0748,56.0185],[12.0765,56.0191],[12.0765,56.0188],[12.077,56.0191],[12.0778,56.0192],[12.0786,56.0192],[12.0793,56.0191],[12.08,56.0188],[12.0804,56.0194],[12.0818,56.0192],[12.0824,56.0192],[12.0823,56.017],[12.0832,56.0167],[12.0842,56.0164],[12.0854,56.016],[12.0866,56.0155],[12.0871,56.0152],[12.0876,56.0151],[12.0883,56.015],[12.0889,56.0149],[12.0897,56.0146],[12.0903,56.0143],[12.0898,56.0144],[12.0895,56.0144],[12.0893,56.0145],[12.0888,56.0148],[12.0882,56.0149],[12.088,56.0148],[12.0876,56.0148],[12.0872,56.0149],[12.0869,56.015],[12.0864,56.0153],[12.0861,56.0155],[12.0858,56.0156],[12.0854,56.0157],[12.0852,56.0157],[12.085,56.0158],[12.0847,56.0159],[12.0845,56.0159],[12.0842,56.0159],[12.084,56.0159],[12.0837,56.0159],[12.0833,56.016],[12.0828,56.016],[12.0828,56.0162],[12.0824,56.0163],[12.0821,56.0163],[12.0817,56.0163],[12.0814,56.0166],[12.0808,56.0165],[12.0805,56.0167],[12.0803,56.0169],[12.0804,56.017],[12.0805,56.0173],[12.0804,56.0174],[12.0803,56.0176],[12.08,56.0178],[12.0799,56.018],[12.0794,56.0182],[12.0792,56.0182],[12.0787,56.0184],[12.0779,56.0184],[12.0768,56.0181],[12.076,56.0179],[12.0752,56.0175],[12.0749,56.0173],[12.0749,56.0171],[12.075,56.0168],[12.0748,56.0167],[12.0744,56.0165],[12.0741,56.0162],[12.0737,56.0158],[12.0735,56.0154],[12.0735,56.0152],[12.0735,56.0149],[12.0735,56.0144],[12.0734,56.014],[12.0733,56.0139],[12.0732,56.0137],[12.0734,56.0135],[12.0731,56.0134],[12.0729,56.0132],[12.073,56.0129],[12.0733,56.0125],[12.0737,56.0122],[12.074,56.0119],[12.0741,56.0117],[12.0742,56.0111],[12.074,56.0107],[12.0738,56.0104],[12.0737,56.0102],[12.0738,56.01],[12.0736,56.0099],[12.0731,56.0097],[12.0727,56.0096],[12.0722,56.0094],[12.0721,56.0091],[12.0722,56.009],[12.0723,56.0088],[12.0716,56.0086],[12.0717,56.0083],[12.0715,56.0078],[12.0714,56.0078],[12.0707,56.0075],[12.0696,56.0069],[12.0696,56.0069],[12.0695,56.0068],[12.0691,56.0064],[12.0691,56.0064],[12.0687,56.0058],[12.0682,56.0056],[12.0678,56.0055],[12.0678,56.0055],[12.0674,56.005],[12.067,56.0046],[12.0668,56.0044],[12.0664,56.0041],[12.0664,56.0041],[12.0664,56.0041],[12.0665,56.004],[12.0665,56.0039],[12.0665,56.0039],[12.0665,56.0038],[12.0668,56.0033],[12.0669,56.0032],[12.067,56.003],[12.067,56.0028],[12.0672,56.0027],[12.0673,56.0025],[12.0674,56.0022],[12.0674,56.0021],[12.0674,56.0021],[12.0674,56.002],[12.0677,56.0015],[12.0678,56.0013],[12.0679,56.0013],[12.068,56.0012],[12.068,56.0011],[12.068,56.0006],[12.0678,56.0003],[12.0673,56.0003],[12.067,56.0001],[12.0668,55.9999],[12.0667,55.9997],[12.0668,55.9996],[12.0665,55.9993],[12.0664,55.9992],[12.0663,55.9991],[12.0663,55.999],[12.0659,55.9988],[12.0658,55.9988],[12.0655,55.9985],[12.0653,55.9984],[12.0652,55.9982],[12.0652,55.9982],[12.0651,55.9981],[12.065,55.998],[12.0645,55.9979],[12.064,55.9979],[12.0637,55.998],[12.0631,55.9979],[12.0625,55.9979],[12.062,55.9979],[12.0615,55.9979],[12.0606,55.9981],[12.0605,55.998],[12.0599,55.9979],[12.0596,55.9978],[12.0591,55.9979],[12.059,55.9978],[12.0587,55.9979],[12.0581,55.9978],[12.0578,55.9978],[12.0575,55.9977],[12.057,55.9974],[12.0568,55.9974],[12.0564,55.9976],[12.0562,55.9977],[12.0556,55.9976],[12.0553,55.9976],[12.0549,55.9977],[12.0544,55.9977],[12.0541,55.9977],[12.0538,55.9977],[12.0535,55.9977],[12.0532,55.9977],[12.0531,55.9976],[12.053,55.9976],[12.0525,55.9975],[12.0518,55.9973],[12.0514,55.9972],[12.0513,55.9971],[12.0508,55.9968],[12.0504,55.9966],[12.0502,55.9965],[12.05,55.9964],[12.0498,55.9962],[12.0495,55.996],[12.0491,55.9956],[12.049,55.9954],[12.0485,55.9951],[12.0482,55.9949],[12.0478,55.9948],[12.0473,55.9948],[12.0465,55.9945],[12.0465,55.9945],[12.0462,55.9943],[12.0459,55.9943],[12.0456,55.9941],[12.0454,55.9939],[12.045,55.9938],[12.0449,55.9937],[12.0448,55.9936],[12.0449,55.9934],[12.0447,55.9932],[12.0443,55.9931],[12.044,55.9929],[12.0438,55.9928],[12.0434,55.9928],[12.0432,55.9926],[12.0432,55.9924],[12.0429,55.9919],[12.0427,55.9918],[12.0425,55.9914],[12.0423,55.9912],[12.0421,55.9909],[12.0419,55.9904],[12.0418,55.9901],[12.0415,55.9897],[12.0415,55.9895],[12.0414,55.9891],[12.0414,55.989],[12.0413,55.9888],[12.0411,55.9884],[12.0411,55.9883],[12.041,55.9879],[12.0409,55.9877],[12.0409,55.9877],[12.0406,55.9872],[12.0402,55.987],[12.0402,55.9869],[12.0399,55.9865],[12.0398,55.9859],[12.0395,55.9855],[12.0395,55.9854],[12.0394,55.985],[12.0394,55.9849],[12.0389,55.9844],[12.0389,55.9844],[12.0388,55.9842],[12.0388,55.9842],[12.0377,55.9844],[12.0377,55.9856],[12.0379,55.9858],[12.0379,55.9865],[12.038,55.987],[12.0381,55.9876],[12.0384,55.988],[12.0385,55.9885],[12.0387,55.9888],[12.0387,55.9891],[12.0388,55.9891],[12.0391,55.9897],[12.0391,55.99],[12.0392,55.9903],[12.0393,55.9905],[12.0394,55.9906],[12.0398,55.9911],[12.0402,55.9918],[12.0403,55.9919],[12.0408,55.9927],[12.0413,55.9928],[12.0417,55.993],[12.0423,55.9935],[12.0429,55.9941],[12.0432,55.9945],[12.044,55.9946],[12.0445,55.9947],[12.0453,55.9949],[12.046,55.9951],[12.0461,55.9948],[12.0481,55.9956],[12.0488,55.9963],[12.0496,55.9968],[12.0509,55.9976],[12.054,55.9982],[12.0559,55.9981],[12.0596,55.9987],[12.0631,55.9992],[12.0633,55.9993],[12.0632,55.9993],[12.0624,55.9993],[12.0623,55.9994],[12.0622,55.9994],[12.0622,55.9995],[12.0627,55.9999],[12.0628,56.0002],[12.0639,56],[12.0633,56.0014],[12.0622,56.0013],[12.062,56.0018],[12.066,56.0025],[12.0653,56.0039],[12.0652,56.0039],[12.066,56.0041]]]},"properties":{"sourceId":"ais_par3.156069","a_type":4120,"hectares":62.271}},{"type":"Feature","id":"ais_par3.156177","geometry":{"type":"Polygon","coordinates":[[[12.1396,56.0517],[12.1408,56.0518],[12.1409,56.0517],[12.1397,56.0514],[12.1397,56.0514],[12.1396,56.0517]]]},"properties":{"sourceId":"ais_par3.156177","a_type":4120,"hectares":0.185}},{"type":"Feature","id":"ais_par3.156178","geometry":{"type":"Polygon","coordinates":[[[12.1172,56.0641],[12.1171,56.0641],[12.1169,56.0644],[12.1168,56.0646],[12.1168,56.0648],[12.1167,56.0651],[12.1169,56.0652],[12.1175,56.0653],[12.1172,56.0641]]]},"properties":{"sourceId":"ais_par3.156178","a_type":4120,"hectares":0.383}},{"type":"Feature","id":"ais_par3.156182","geometry":{"type":"Polygon","coordinates":[[[12.0636,55.9135],[12.0637,55.9134],[12.0639,55.9131],[12.0641,55.9129],[12.0643,55.9128],[12.0645,55.9129],[12.0646,55.9127],[12.0648,55.9126],[12.0651,55.9124],[12.0653,55.9123],[12.0654,55.912],[12.0655,55.9117],[12.0656,55.9111],[12.0657,55.9105],[12.0657,55.9103],[12.0651,55.9102],[12.0644,55.9101],[12.0642,55.9104],[12.0642,55.9104],[12.0644,55.9104],[12.0647,55.9104],[12.0651,55.9105],[12.0653,55.9106],[12.0653,55.9108],[12.0652,55.911],[12.0651,55.9111],[12.0651,55.9115],[12.0651,55.9118],[12.065,55.9118],[12.0647,55.9118],[12.0645,55.9117],[12.0645,55.9116],[12.0644,55.9116],[12.0644,55.9116],[12.0647,55.9119],[12.0647,55.9122],[12.0646,55.9124],[12.0644,55.9124],[12.0641,55.9123],[12.0639,55.9124],[12.0635,55.9126],[12.0634,55.9127],[12.0633,55.9131],[12.0633,55.9133],[12.0635,55.9135],[12.0636,55.9135]]]},"properties":{"sourceId":"ais_par3.156182","a_type":4120,"hectares":1.5}},{"type":"Feature","id":"ais_par3.156183","geometry":{"type":"Polygon","coordinates":[[[11.9266,55.9204],[11.927,55.9204],[11.9275,55.9203],[11.9275,55.92],[11.9274,55.9199],[11.9273,55.9198],[11.9274,55.9196],[11.927,55.9195],[11.9267,55.9194],[11.9263,55.9195],[11.9257,55.9198],[11.9253,55.92],[11.9253,55.9202],[11.9266,55.9204]]]},"properties":{"sourceId":"ais_par3.156183","a_type":4120,"hectares":1.074}},{"type":"Feature","id":"ais_par3.156184","geometry":{"type":"Polygon","coordinates":[[[11.9288,55.9188],[11.9289,55.9186],[11.929,55.9185],[11.929,55.9183],[11.9291,55.9183],[11.9294,55.9183],[11.9296,55.9184],[11.9299,55.9185],[11.9306,55.9185],[11.9308,55.9185],[11.9309,55.9186],[11.931,55.9187],[11.931,55.9186],[11.9311,55.9185],[11.9314,55.9183],[11.9319,55.9182],[11.9315,55.9176],[11.9309,55.9176],[11.9303,55.9176],[11.9299,55.9177],[11.9295,55.9178],[11.929,55.9179],[11.9286,55.9179],[11.9282,55.918],[11.9285,55.9184],[11.9287,55.9189],[11.9288,55.9188]]]},"properties":{"sourceId":"ais_par3.156184","a_type":4120,"hectares":1.793}},{"type":"Feature","id":"ais_par3.156185","geometry":{"type":"Polygon","coordinates":[[[11.9689,55.8983],[11.9689,55.8984],[11.969,55.8985],[11.9693,55.8985],[11.9695,55.8985],[11.97,55.8979],[11.97,55.8979],[11.97,55.8979],[11.9692,55.8977],[11.969,55.8981],[11.9689,55.8983]]]},"properties":{"sourceId":"ais_par3.156185","a_type":4120,"hectares":0.41}},{"type":"Feature","id":"ais_par3.156213","geometry":{"type":"Polygon","coordinates":[[[11.9368,55.8838],[11.9369,55.8839],[11.937,55.8837],[11.9371,55.8837],[11.9375,55.8838],[11.9377,55.8837],[11.9375,55.8836],[11.9373,55.8834],[11.9373,55.8833],[11.9375,55.8831],[11.9375,55.883],[11.9374,55.883],[11.9373,55.8831],[11.9373,55.8831],[11.9373,55.8831],[11.9372,55.883],[11.9371,55.883],[11.9369,55.8829],[11.9368,55.883],[11.9367,55.8831],[11.9368,55.8832],[11.9368,55.8834],[11.9369,55.8836],[11.9368,55.8838],[11.9367,55.8838],[11.9368,55.8838]]]},"properties":{"sourceId":"ais_par3.156213","a_type":4120,"hectares":0.324}},{"type":"Feature","id":"ais_par3.156214","geometry":{"type":"Polygon","coordinates":[[[11.9289,55.8952],[11.9293,55.8944],[11.9296,55.894],[11.9292,55.8937],[11.9288,55.8938],[11.9274,55.8943],[11.9258,55.8958],[11.9256,55.8963],[11.926,55.8966],[11.9266,55.8967],[11.9276,55.8966],[11.9281,55.8962],[11.9289,55.8952],[11.9289,55.8952]],[[11.927,55.8963],[11.9273,55.8963],[11.9274,55.8962],[11.9275,55.8961],[11.9277,55.896],[11.9276,55.8959],[11.9275,55.8959],[11.9273,55.896],[11.927,55.8961],[11.9269,55.8962],[11.927,55.8963],[11.927,55.8963],[11.9269,55.8963],[11.9268,55.8962],[11.9269,55.8961],[11.9271,55.896],[11.9272,55.8958],[11.9275,55.8958],[11.9277,55.8958],[11.9279,55.8959],[11.9278,55.896],[11.9277,55.8962],[11.9276,55.8963],[11.9273,55.8964],[11.927,55.8963],[11.927,55.8963]]]},"properties":{"sourceId":"ais_par3.156214","a_type":4120,"hectares":4.057}},{"type":"Feature","id":"ais_par3.156215","geometry":{"type":"Polygon","coordinates":[[[11.9419,55.8945],[11.9424,55.8947],[11.9427,55.8948],[11.9429,55.8948],[11.9432,55.8948],[11.9433,55.8947],[11.9432,55.8946],[11.9429,55.8947],[11.9425,55.8946],[11.9423,55.8944],[11.9421,55.894],[11.9423,55.8938],[11.9423,55.894],[11.9426,55.894],[11.9428,55.894],[11.9428,55.8939],[11.9429,55.8938],[11.943,55.8938],[11.9433,55.8938],[11.9434,55.8937],[11.9435,55.8937],[11.9437,55.8938],[11.9436,55.8939],[11.9435,55.894],[11.9437,55.8942],[11.9433,55.8944],[11.9433,55.8945],[11.9435,55.8946],[11.9439,55.8946],[11.9445,55.8945],[11.9448,55.8945],[11.9452,55.8945],[11.9454,55.8944],[11.9455,55.8944],[11.9456,55.8944],[11.9459,55.8945],[11.946,55.8945],[11.9469,55.8936],[11.9471,55.8935],[11.9471,55.8934],[11.9474,55.893],[11.9473,55.8929],[11.9473,55.8928],[11.9474,55.8927],[11.9476,55.8926],[11.9477,55.8925],[11.9478,55.8923],[11.9476,55.8923],[11.9466,55.8932],[11.9459,55.8933],[11.9458,55.893],[11.9457,55.8929],[11.9456,55.8929],[11.9455,55.893],[11.9453,55.8931],[11.9451,55.893],[11.9451,55.8929],[11.9452,55.8924],[11.9451,55.8918],[11.946,55.892],[11.946,55.8917],[11.946,55.8915],[11.9462,55.8913],[11.9463,55.8912],[11.9461,55.8911],[11.946,55.891],[11.9461,55.8906],[11.9454,55.8906],[11.9435,55.8925],[11.9431,55.8929],[11.9429,55.8931],[11.9418,55.8942],[11.9419,55.8945]]]},"properties":{"sourceId":"ais_par3.156215","a_type":4120,"hectares":6.733}},{"type":"Feature","id":"ais_par3.156216","geometry":{"type":"Polygon","coordinates":[[[11.9508,55.9002],[11.9505,55.9006],[11.9508,55.9009],[11.9512,55.9012],[11.9518,55.9015],[11.9522,55.9015],[11.9529,55.9014],[11.9534,55.9014],[11.9537,55.9012],[11.9538,55.9009],[11.9534,55.9006],[11.9534,55.9004],[11.9536,55.9],[11.9535,55.8997],[11.9529,55.8994],[11.9525,55.8993],[11.9521,55.899],[11.9521,55.8987],[11.9522,55.8984],[11.9522,55.8982],[11.9519,55.8981],[11.9514,55.8981],[11.9511,55.8983],[11.9509,55.8987],[11.9509,55.8988],[11.9511,55.8996],[11.9511,55.8997],[11.9511,55.8998],[11.951,55.9],[11.9509,55.9001],[11.9508,55.9002]],[[11.951,55.9003],[11.951,55.9003],[11.9522,55.9002],[11.9523,55.9007],[11.9511,55.9008],[11.951,55.9003],[11.951,55.9003]],[[11.9519,55.9],[11.9526,55.9],[11.9525,55.9001],[11.9522,55.9001],[11.952,55.9001],[11.9519,55.9]]]},"properties":{"sourceId":"ais_par3.156216","a_type":4120,"hectares":4.185}},{"type":"Feature","id":"ais_par3.156233","geometry":{"type":"Polygon","coordinates":[[[11.998,55.8811],[11.9984,55.8812],[11.9987,55.8811],[11.9987,55.8809],[11.9989,55.8807],[11.9991,55.8804],[11.9994,55.8802],[11.9993,55.8798],[11.9998,55.8792],[12.0001,55.879],[12.0002,55.8787],[12,55.8786],[12,55.8784],[11.9996,55.8784],[11.9993,55.8787],[11.9991,55.8787],[11.9986,55.8782],[11.9978,55.8772],[11.9975,55.8761],[11.9972,55.8752],[11.9969,55.8748],[11.997,55.8745],[11.9971,55.8742],[11.9969,55.874],[11.9965,55.8741],[11.9961,55.8741],[11.9959,55.8742],[11.9957,55.8745],[11.9952,55.8749],[11.9949,55.8754],[11.9948,55.876],[11.9948,55.8766],[11.9951,55.8771],[11.9957,55.8776],[11.9967,55.8777],[11.9969,55.8776],[11.9973,55.8779],[11.9972,55.8783],[11.9972,55.8787],[11.9973,55.8789],[11.9975,55.8791],[11.9975,55.8793],[11.9976,55.8794],[11.9977,55.8795],[11.9977,55.8796],[11.9978,55.88],[11.9976,55.8802],[11.9969,55.8806],[11.997,55.8807],[11.998,55.8811]]]},"properties":{"sourceId":"ais_par3.156233","a_type":4120,"hectares":9.929}},{"type":"Feature","id":"ais_par3.156234","geometry":{"type":"Polygon","coordinates":[[[11.9837,55.9004],[11.9837,55.9005],[11.9839,55.9005],[11.9838,55.9006],[11.9838,55.9008],[11.9838,55.9009],[11.984,55.9009],[11.9843,55.901],[11.9844,55.9011],[11.9841,55.9011],[11.9841,55.9012],[11.9842,55.9013],[11.9844,55.9014],[11.9845,55.9015],[11.9844,55.9018],[11.9842,55.9019],[11.9843,55.902],[11.9845,55.902],[11.9845,55.9018],[11.9846,55.9017],[11.9848,55.9015],[11.9848,55.9012],[11.9849,55.9011],[11.9849,55.9011],[11.9849,55.901],[11.9848,55.9008],[11.9848,55.9006],[11.9846,55.9003],[11.9842,55.9001],[11.9839,55.9],[11.9838,55.9002],[11.9837,55.9003],[11.9837,55.9004],[11.9837,55.9004]]]},"properties":{"sourceId":"ais_par3.156234","a_type":4120,"hectares":0.802}},{"type":"Feature","id":"ais_par3.156235","geometry":{"type":"Polygon","coordinates":[[[11.9993,55.8997],[11.9996,55.8998],[11.9998,55.8997],[11.9998,55.8995],[11.9997,55.8992],[11.9996,55.899],[11.9997,55.8986],[12,55.8985],[11.9996,55.8982],[11.9995,55.8982],[11.9994,55.8983],[11.9995,55.8986],[11.9993,55.8988],[11.9992,55.8993],[11.9989,55.8994],[11.9989,55.8996],[11.9989,55.8997],[11.999,55.8997],[11.9993,55.8997]]]},"properties":{"sourceId":"ais_par3.156235","a_type":4120,"hectares":0.535}},{"type":"Feature","id":"ais_par3.156236","geometry":{"type":"Polygon","coordinates":[[[12.0055,55.8993],[12.0058,55.8997],[12.006,55.8999],[12.0062,55.9],[12.0064,55.9001],[12.0066,55.9],[12.0068,55.8999],[12.0069,55.8998],[12.0071,55.8991],[12.0071,55.899],[12.007,55.8989],[12.0068,55.8989],[12.0065,55.8989],[12.0059,55.8989],[12.0055,55.8989],[12.0054,55.8991],[12.0055,55.8993]]]},"properties":{"sourceId":"ais_par3.156236","a_type":4120,"hectares":1.013}},{"type":"Feature","id":"ais_par3.156237","geometry":{"type":"Polygon","coordinates":[[[12.0189,55.9],[12.0189,55.9007],[12.019,55.9011],[12.0192,55.9012],[12.0193,55.9013],[12.02,55.9011],[12.0214,55.9006],[12.0211,55.9003],[12.0211,55.9002],[12.0211,55.9],[12.0199,55.8992],[12.0198,55.8992],[12.0199,55.8993],[12.0199,55.8994],[12.0199,55.8995],[12.0201,55.8996],[12.0202,55.8996],[12.0204,55.8997],[12.0206,55.9],[12.0209,55.9002],[12.0209,55.9003],[12.0207,55.9003],[12.0204,55.9003],[12.0203,55.9001],[12.0202,55.9],[12.02,55.8999],[12.0197,55.8997],[12.0194,55.8995],[12.0192,55.8995],[12.0191,55.8995],[12.0191,55.8997],[12.0192,55.8999],[12.019,55.8999],[12.0189,55.8998],[12.0189,55.8997],[12.0188,55.8997],[12.0189,55.9]]]},"properties":{"sourceId":"ais_par3.156237","a_type":4120,"hectares":1.965}},{"type":"Feature","id":"ais_par3.156238","geometry":{"type":"Polygon","coordinates":[[[12.0069,55.8916],[12.0068,55.8916],[12.0067,55.8919],[12.0067,55.8925],[12.0069,55.8931],[12.0069,55.8937],[12.0067,55.8939],[12.0068,55.8941],[12.0071,55.8941],[12.0075,55.8944],[12.008,55.8949],[12.0089,55.8954],[12.0095,55.8957],[12.0109,55.8961],[12.0118,55.8966],[12.0125,55.8966],[12.0129,55.8968],[12.013,55.897],[12.0138,55.8971],[12.0142,55.8966],[12.0145,55.8962],[12.0144,55.8957],[12.0137,55.8951],[12.0109,55.8931],[12.0098,55.8923],[12.009,55.892],[12.0085,55.8918],[12.0078,55.8915],[12.007,55.8916],[12.0069,55.8916]],[[12.0076,55.8928],[12.0077,55.8927],[12.0078,55.8926],[12.0079,55.8925],[12.008,55.8926],[12.008,55.8927],[12.0078,55.8928],[12.0078,55.8928],[12.0076,55.8928]],[[12.0094,55.8941],[12.0094,55.894],[12.0094,55.894],[12.0094,55.894],[12.0095,55.894],[12.0095,55.8939],[12.0096,55.8939],[12.0096,55.894],[12.0097,55.894],[12.0097,55.894],[12.0097,55.894],[12.0097,55.8941],[12.0096,55.8941],[12.0096,55.8941],[12.0095,55.8941],[12.0095,55.8941],[12.0094,55.8941]],[[12.0125,55.895],[12.0124,55.8949],[12.0124,55.8949],[12.0125,55.8949],[12.0125,55.8949],[12.0126,55.8948],[12.0126,55.8948],[12.0127,55.8949],[12.0127,55.8949],[12.0127,55.8949],[12.0127,55.8949],[12.0127,55.895],[12.0127,55.895],[12.0126,55.895],[12.0126,55.895],[12.0125,55.895],[12.0125,55.895]]]},"properties":{"sourceId":"ais_par3.156238","a_type":4120,"hectares":14.715}},{"type":"Feature","id":"ais_par3.156239","geometry":{"type":"Polygon","coordinates":[[[12.0113,55.9048],[12.0115,55.9047],[12.0116,55.9046],[12.0118,55.9046],[12.0121,55.9046],[12.0123,55.9046],[12.0124,55.9047],[12.0127,55.9047],[12.0126,55.9046],[12.0126,55.9044],[12.0129,55.9044],[12.0132,55.9043],[12.013,55.9042],[12.0131,55.9041],[12.0132,55.9039],[12.0131,55.9038],[12.0127,55.9038],[12.0123,55.904],[12.012,55.9041],[12.012,55.9042],[12.0122,55.9042],[12.0123,55.9043],[12.0123,55.9044],[12.0119,55.9045],[12.0115,55.9044],[12.0112,55.9044],[12.0111,55.9046],[12.0112,55.9047],[12.0112,55.9047],[12.0112,55.9047],[12.0113,55.9048]]]},"properties":{"sourceId":"ais_par3.156239","a_type":4120,"hectares":0.576}},{"type":"Feature","id":"ais_par3.156240","geometry":{"type":"Polygon","coordinates":[[[11.9936,55.9037],[11.9939,55.9036],[11.9943,55.9036],[11.9944,55.9038],[11.995,55.9032],[11.9952,55.9031],[11.9953,55.903],[11.9956,55.9029],[11.9955,55.9027],[11.9955,55.9022],[11.9953,55.9024],[11.995,55.9025],[11.9945,55.9025],[11.9942,55.9025],[11.994,55.9026],[11.9934,55.9028],[11.9933,55.9031],[11.9933,55.9035],[11.9936,55.9037]],[[11.9935,55.9035],[11.9934,55.9035],[11.9934,55.9033],[11.9936,55.9033],[11.994,55.9033],[11.9941,55.9034],[11.9939,55.9035],[11.9935,55.9035]],[[11.9941,55.9027],[11.9941,55.9027],[11.9943,55.9026],[11.9945,55.9026],[11.9946,55.9026],[11.9943,55.9028],[11.9942,55.9029],[11.994,55.9028],[11.9941,55.9027],[11.9941,55.9027]]]},"properties":{"sourceId":"ais_par3.156240","a_type":4120,"hectares":1.273}},{"type":"Feature","id":"ais_par3.156241","geometry":{"type":"Polygon","coordinates":[[[11.9593,55.9207],[11.9599,55.9206],[11.9598,55.9204],[11.9596,55.9204],[11.9595,55.9203],[11.9599,55.9202],[11.9598,55.9201],[11.9595,55.9201],[11.9593,55.9202],[11.9592,55.9203],[11.9592,55.9204],[11.9586,55.9205],[11.9584,55.9205],[11.9583,55.9206],[11.9583,55.9207],[11.9585,55.9209],[11.9588,55.921],[11.9591,55.921],[11.9594,55.921],[11.9593,55.9207]]]},"properties":{"sourceId":"ais_par3.156241","a_type":4120,"hectares":0.518}},{"type":"Feature","id":"ais_par3.156242","geometry":{"type":"Polygon","coordinates":[[[11.9635,55.9167],[11.963,55.9165],[11.9625,55.9169],[11.9626,55.9171],[11.9625,55.9173],[11.9623,55.9174],[11.9621,55.9175],[11.9622,55.9177],[11.9621,55.9178],[11.9622,55.9179],[11.9624,55.9179],[11.9625,55.9178],[11.9626,55.9179],[11.9626,55.918],[11.9627,55.9181],[11.963,55.9179],[11.9637,55.9179],[11.9636,55.9181],[11.9631,55.9183],[11.9627,55.9184],[11.9624,55.9184],[11.9627,55.9188],[11.9628,55.9186],[11.9629,55.9186],[11.9631,55.9187],[11.9631,55.9188],[11.9629,55.919],[11.963,55.9191],[11.9634,55.9192],[11.9637,55.9189],[11.9638,55.9186],[11.9638,55.9184],[11.9637,55.9182],[11.964,55.9181],[11.9646,55.918],[11.9651,55.9181],[11.9662,55.9173],[11.9648,55.9174],[11.9635,55.9171],[11.9631,55.9171],[11.9633,55.9168],[11.9635,55.9168],[11.9635,55.9167]],[[11.9645,55.9175],[11.9642,55.9177],[11.9639,55.9179],[11.9638,55.9178],[11.9636,55.9178],[11.9635,55.9177],[11.9634,55.9176],[11.9632,55.9175],[11.9631,55.9173],[11.9632,55.9173],[11.9633,55.9174],[11.9635,55.9174],[11.9638,55.9175],[11.9644,55.9175],[11.9645,55.9175]]]},"properties":{"sourceId":"ais_par3.156242","a_type":4120,"hectares":2.288}},{"type":"Feature","id":"ais_par3.156243","geometry":{"type":"Polygon","coordinates":[[[11.9627,55.9127],[11.963,55.9128],[11.9632,55.9136],[11.9635,55.9138],[11.9636,55.9141],[11.9638,55.914],[11.9639,55.9139],[11.9641,55.9137],[11.9644,55.9134],[11.9645,55.9133],[11.9648,55.9131],[11.965,55.9129],[11.965,55.9128],[11.9649,55.9127],[11.9643,55.9127],[11.9633,55.9125],[11.9627,55.9124],[11.9627,55.9127]]]},"properties":{"sourceId":"ais_par3.156243","a_type":4120,"hectares":1.336}},{"type":"Feature","id":"ais_par3.156244","geometry":{"type":"Polygon","coordinates":[[[11.9634,55.9103],[11.9633,55.9105],[11.963,55.9106],[11.9626,55.9107],[11.9623,55.9106],[11.9621,55.9104],[11.9609,55.9108],[11.9608,55.9109],[11.9607,55.911],[11.9608,55.9113],[11.9612,55.9115],[11.9617,55.9116],[11.962,55.9117],[11.962,55.912],[11.9621,55.9121],[11.9625,55.912],[11.9628,55.912],[11.9631,55.9118],[11.9634,55.9117],[11.964,55.912],[11.9642,55.9121],[11.9642,55.9123],[11.9644,55.9125],[11.9647,55.912],[11.9653,55.9119],[11.9651,55.9116],[11.9649,55.9116],[11.9644,55.9114],[11.964,55.9113],[11.9638,55.9109],[11.9639,55.9104],[11.964,55.9101],[11.9637,55.91],[11.9637,55.9095],[11.9635,55.9094],[11.9632,55.9095],[11.9632,55.9096],[11.9634,55.9103],[11.9634,55.9103],[11.9634,55.9103]]]},"properties":{"sourceId":"ais_par3.156244","a_type":4120,"hectares":3.564}},{"type":"Feature","id":"ais_par3.156245","geometry":{"type":"Polygon","coordinates":[[[11.9622,55.9091],[11.962,55.9092],[11.9617,55.9093],[11.9616,55.9094],[11.9616,55.9096],[11.9616,55.9097],[11.9619,55.9098],[11.962,55.9098],[11.9622,55.9099],[11.9623,55.9099],[11.9623,55.91],[11.9625,55.9099],[11.9627,55.9098],[11.9627,55.9096],[11.9625,55.9095],[11.9624,55.9091],[11.9622,55.9091]]]},"properties":{"sourceId":"ais_par3.156245","a_type":4120,"hectares":0.451}},{"type":"Feature","id":"ais_par3.156246","geometry":{"type":"Polygon","coordinates":[[[11.9594,55.9038],[11.9589,55.9039],[11.9592,55.9042],[11.9593,55.9048],[11.9591,55.905],[11.9589,55.9052],[11.9595,55.9052],[11.9601,55.9052],[11.9605,55.9053],[11.9609,55.905],[11.9613,55.9049],[11.9617,55.905],[11.9619,55.9052],[11.9617,55.9052],[11.9616,55.9053],[11.9615,55.9054],[11.9614,55.9055],[11.9613,55.9057],[11.962,55.9059],[11.9629,55.9057],[11.9637,55.9054],[11.9641,55.9055],[11.9643,55.9054],[11.9641,55.9051],[11.9641,55.9048],[11.9651,55.9046],[11.9656,55.9044],[11.9659,55.9042],[11.9667,55.9037],[11.967,55.9033],[11.9663,55.9028],[11.9661,55.9023],[11.9647,55.9025],[11.964,55.9026],[11.9635,55.9031],[11.9628,55.9034],[11.9627,55.9036],[11.9622,55.9036],[11.962,55.9036],[11.962,55.9034],[11.9619,55.9033],[11.9625,55.9029],[11.9626,55.9027],[11.9622,55.9025],[11.9618,55.9026],[11.9615,55.9027],[11.9612,55.9027],[11.9612,55.9029],[11.9606,55.9032],[11.9603,55.9031],[11.9598,55.9032],[11.9593,55.9034],[11.9592,55.9035],[11.9592,55.9036],[11.9594,55.9038]]]},"properties":{"sourceId":"ais_par3.156246","a_type":4120,"hectares":11.513}},{"type":"Feature","id":"ais_par3.156247","geometry":{"type":"Polygon","coordinates":[[[11.9083,55.9238],[11.9082,55.9239],[11.9082,55.9241],[11.9084,55.9242],[11.9087,55.9244],[11.909,55.9243],[11.909,55.9243],[11.909,55.9242],[11.909,55.9242],[11.909,55.9242],[11.9091,55.9241],[11.9092,55.9241],[11.9092,55.9242],[11.9093,55.9241],[11.9091,55.9241],[11.9089,55.924],[11.9087,55.9237],[11.9084,55.9236],[11.9083,55.9236],[11.9081,55.9237],[11.9083,55.9238]]]},"properties":{"sourceId":"ais_par3.156247","a_type":4120,"hectares":0.308}},{"type":"Feature","id":"ais_par3.156248","geometry":{"type":"Polygon","coordinates":[[[11.9213,55.925],[11.9216,55.9252],[11.9217,55.9251],[11.9219,55.9251],[11.9223,55.9253],[11.9226,55.9254],[11.9227,55.9255],[11.9227,55.9255],[11.9227,55.9256],[11.9225,55.9256],[11.9223,55.9255],[11.9224,55.9256],[11.9229,55.9259],[11.9228,55.9257],[11.9228,55.9255],[11.9229,55.9254],[11.9219,55.9251],[11.9215,55.9249],[11.9215,55.9248],[11.9215,55.9247],[11.921,55.9245],[11.9209,55.9245],[11.9206,55.9245],[11.9205,55.9245],[11.9202,55.9243],[11.9202,55.9245],[11.9207,55.9247],[11.9208,55.925],[11.9212,55.9251],[11.9213,55.9251],[11.9213,55.9251],[11.9213,55.925],[11.9213,55.925]],[[11.9208,55.9247],[11.9209,55.9246],[11.921,55.9247],[11.9213,55.9247],[11.9213,55.9249],[11.9213,55.925],[11.9211,55.925],[11.921,55.9249],[11.9208,55.9247]]]},"properties":{"sourceId":"ais_par3.156248","a_type":4120,"hectares":0.412}},{"type":"Feature","id":"ais_par3.156249","geometry":{"type":"Polygon","coordinates":[[[11.9239,55.9231],[11.9235,55.9233],[11.9236,55.9235],[11.9238,55.9239],[11.9238,55.9241],[11.9236,55.9243],[11.9234,55.9245],[11.9233,55.9247],[11.9234,55.9248],[11.9236,55.9248],[11.9237,55.9248],[11.9239,55.9246],[11.9241,55.9245],[11.9243,55.9244],[11.9245,55.9245],[11.9249,55.9246],[11.9252,55.9246],[11.9255,55.9245],[11.9261,55.9243],[11.9262,55.9244],[11.9264,55.9245],[11.9267,55.9245],[11.9266,55.9248],[11.9283,55.9248],[11.9278,55.9244],[11.9277,55.9244],[11.9275,55.9245],[11.9271,55.9245],[11.9269,55.9236],[11.9269,55.9236],[11.9269,55.9236],[11.9268,55.9235],[11.9262,55.9234],[11.9251,55.9231],[11.9241,55.923],[11.9241,55.923],[11.924,55.9231],[11.9239,55.9231],[11.9239,55.9231]],[[11.9239,55.9234],[11.9242,55.9233],[11.9245,55.9232],[11.9251,55.9234],[11.9259,55.9235],[11.9261,55.9235],[11.9266,55.9236],[11.9269,55.9238],[11.9269,55.9241],[11.9267,55.9242],[11.9267,55.9243],[11.9262,55.9243],[11.9257,55.9243],[11.9254,55.9245],[11.9251,55.9245],[11.9245,55.9244],[11.9241,55.9243],[11.924,55.9238],[11.9239,55.9234]]]},"properties":{"sourceId":"ais_par3.156249","a_type":4120,"hectares":1.473}},{"type":"Feature","id":"ais_par3.156250","geometry":{"type":"Polygon","coordinates":[[[11.9487,55.9235],[11.9485,55.9232],[11.9485,55.923],[11.9485,55.9224],[11.9479,55.9227],[11.9473,55.9228],[11.9468,55.9231],[11.9469,55.9234],[11.9466,55.9235],[11.9465,55.9235],[11.9465,55.9236],[11.9467,55.9239],[11.9471,55.924],[11.9475,55.924],[11.9478,55.9238],[11.9486,55.9236],[11.9487,55.9235],[11.9487,55.9235]]]},"properties":{"sourceId":"ais_par3.156250","a_type":4120,"hectares":1.427}},{"type":"Feature","id":"ais_par3.156251","geometry":{"type":"Polygon","coordinates":[[[11.9226,55.9126],[11.9227,55.9126],[11.9226,55.9126],[11.9231,55.9122],[11.9233,55.9121],[11.9237,55.9121],[11.924,55.9122],[11.9234,55.9126],[11.9237,55.9127],[11.924,55.9126],[11.9241,55.9125],[11.9244,55.9126],[11.9245,55.9125],[11.9245,55.9124],[11.9248,55.9122],[11.9254,55.912],[11.9259,55.9117],[11.926,55.9116],[11.9259,55.9115],[11.9259,55.9114],[11.9259,55.9112],[11.9258,55.9111],[11.9256,55.911],[11.9256,55.9108],[11.9255,55.9107],[11.9254,55.9107],[11.9251,55.9107],[11.9249,55.9109],[11.9249,55.9117],[11.9245,55.9119],[11.9242,55.9119],[11.9237,55.9119],[11.9233,55.9119],[11.923,55.912],[11.9224,55.9125],[11.9224,55.9125],[11.9226,55.9126]]]},"properties":{"sourceId":"ais_par3.156251","a_type":4120,"hectares":1.505}},{"type":"Feature","id":"ais_par3.156252","geometry":{"type":"Polygon","coordinates":[[[11.9356,55.9142],[11.9358,55.9142],[11.9363,55.914],[11.9367,55.9137],[11.9369,55.9135],[11.9369,55.9133],[11.9367,55.913],[11.9365,55.9127],[11.9364,55.9123],[11.9364,55.9123],[11.9365,55.9118],[11.9367,55.9112],[11.9372,55.911],[11.9378,55.9109],[11.9391,55.911],[11.9393,55.9107],[11.9397,55.9106],[11.9368,55.9097],[11.9352,55.9111],[11.9356,55.9114],[11.9357,55.9116],[11.9356,55.9118],[11.9355,55.912],[11.9353,55.9121],[11.9352,55.9122],[11.9349,55.9122],[11.9345,55.9123],[11.9345,55.9124],[11.9344,55.9125],[11.9345,55.9126],[11.9347,55.9127],[11.9351,55.9127],[11.9352,55.9128],[11.9353,55.9129],[11.9353,55.913],[11.9351,55.9131],[11.9349,55.9132],[11.9346,55.9133],[11.9345,55.9134],[11.9347,55.9136],[11.935,55.9138],[11.9353,55.9141],[11.9353,55.9142],[11.9356,55.9142]]]},"properties":{"sourceId":"ais_par3.156252","a_type":4120,"hectares":5.494}},{"type":"Feature","id":"ais_par3.156253","geometry":{"type":"Polygon","coordinates":[[[11.9436,55.9125],[11.944,55.9125],[11.9446,55.9125],[11.9448,55.9125],[11.9446,55.9115],[11.9444,55.9115],[11.9442,55.9113],[11.944,55.9113],[11.9439,55.9115],[11.9438,55.9115],[11.9435,55.9113],[11.9433,55.9112],[11.943,55.9113],[11.9426,55.9119],[11.9426,55.9121],[11.943,55.9127],[11.9436,55.9125]],[[11.9432,55.9121],[11.9432,55.9119],[11.9433,55.9118],[11.9435,55.9118],[11.9438,55.9118],[11.9439,55.9117],[11.9441,55.9117],[11.9443,55.9117],[11.9444,55.9118],[11.9446,55.912],[11.9446,55.9121],[11.9446,55.9122],[11.9445,55.9124],[11.9442,55.9124],[11.9441,55.9124],[11.9439,55.9123],[11.9438,55.9123],[11.9437,55.9123],[11.9436,55.9123],[11.9436,55.9123],[11.9435,55.9123],[11.9433,55.9124],[11.9432,55.9124],[11.9432,55.9123],[11.9432,55.9122],[11.9432,55.9121]]]},"properties":{"sourceId":"ais_par3.156253","a_type":4120,"hectares":1.095}},{"type":"Feature","id":"ais_par3.156254","geometry":{"type":"Polygon","coordinates":[[[11.9512,55.9152],[11.9508,55.9146],[11.9514,55.9146],[11.951,55.9145],[11.9508,55.9143],[11.951,55.9141],[11.9509,55.9139],[11.9499,55.9134],[11.9499,55.9127],[11.949,55.9131],[11.9494,55.9132],[11.9497,55.9133],[11.9493,55.9135],[11.949,55.9139],[11.9492,55.9141],[11.9495,55.9142],[11.9493,55.9145],[11.9496,55.9145],[11.9498,55.9145],[11.95,55.9144],[11.9501,55.9146],[11.9505,55.9146],[11.951,55.9154],[11.951,55.9154],[11.9512,55.9152]],[[11.9506,55.9144],[11.9504,55.9143],[11.9502,55.9143],[11.9501,55.9142],[11.9503,55.9141],[11.9505,55.9141],[11.9508,55.9142],[11.9506,55.9144]]]},"properties":{"sourceId":"ais_par3.156254","a_type":4120,"hectares":1.466}},{"type":"Feature","id":"ais_par3.156255","geometry":{"type":"Polygon","coordinates":[[[11.9563,55.9126],[11.9564,55.9125],[11.9565,55.9124],[11.9563,55.9125],[11.9562,55.9125],[11.9562,55.9127],[11.956,55.913],[11.9563,55.9132],[11.9561,55.9136],[11.9561,55.9138],[11.9567,55.9139],[11.9567,55.9139],[11.9574,55.914],[11.9575,55.9138],[11.9572,55.9137],[11.9572,55.9135],[11.9573,55.9134],[11.9573,55.9132],[11.9571,55.9131],[11.9568,55.9131],[11.9568,55.9131],[11.9567,55.9131],[11.9567,55.9131],[11.9566,55.9132],[11.9564,55.9132],[11.9564,55.9131],[11.9564,55.913],[11.9565,55.913],[11.9564,55.9129],[11.9565,55.9128],[11.9563,55.9127],[11.9563,55.9126]]]},"properties":{"sourceId":"ais_par3.156255","a_type":4120,"hectares":0.722}},{"type":"Feature","id":"ais_par3.156256","geometry":{"type":"Polygon","coordinates":[[[11.9538,55.9174],[11.9543,55.9171],[11.9542,55.917],[11.9541,55.9167],[11.9543,55.9163],[11.9543,55.9161],[11.9539,55.916],[11.9537,55.9161],[11.9536,55.9166],[11.9537,55.9167],[11.9534,55.9172],[11.9534,55.9172],[11.9538,55.9174]]]},"properties":{"sourceId":"ais_par3.156256","a_type":4120,"hectares":0.508}},{"type":"Feature","id":"ais_par3.156452","geometry":{"type":"Polygon","coordinates":[[[12.1018,55.9435],[12.1019,55.9437],[12.1024,55.944],[12.1031,55.9441],[12.1037,55.9443],[12.104,55.9443],[12.1045,55.9444],[12.1051,55.9444],[12.1058,55.9443],[12.1065,55.9443],[12.1074,55.9445],[12.108,55.9446],[12.1087,55.9446],[12.1091,55.9445],[12.1094,55.9444],[12.1094,55.9441],[12.1096,55.944],[12.1099,55.9438],[12.1107,55.9437],[12.1109,55.9436],[12.1113,55.9434],[12.1118,55.9433],[12.1121,55.9431],[12.1124,55.943],[12.1128,55.943],[12.1131,55.9429],[12.1137,55.9428],[12.1141,55.9429],[12.1145,55.9428],[12.1147,55.9428],[12.115,55.9428],[12.1154,55.9429],[12.1163,55.943],[12.1174,55.943],[12.1178,55.9431],[12.1183,55.9433],[12.1191,55.9434],[12.12,55.9437],[12.1203,55.9438],[12.1207,55.9439],[12.1215,55.9442],[12.1218,55.9443],[12.1221,55.9444],[12.1223,55.9446],[12.1227,55.9447],[12.123,55.9447],[12.1236,55.945],[12.1238,55.9451],[12.1242,55.9452],[12.125,55.9458],[12.1255,55.9461],[12.1261,55.9464],[12.1268,55.9468],[12.1274,55.9472],[12.1284,55.9476],[12.1288,55.9481],[12.1298,55.9484],[12.1301,55.9485],[12.1301,55.9484],[12.1304,55.9484],[12.1305,55.9484],[12.1307,55.9483],[12.1302,55.948],[12.1298,55.9478],[12.1295,55.9478],[12.1293,55.9479],[12.1289,55.9477],[12.1285,55.9474],[12.1282,55.9471],[12.1276,55.9469],[12.1272,55.9468],[12.1266,55.9464],[12.1262,55.9461],[12.1255,55.9458],[12.1251,55.9455],[12.1243,55.945],[12.1235,55.9447],[12.1231,55.9445],[12.1227,55.9443],[12.1223,55.9442],[12.1218,55.9441],[12.1206,55.9437],[12.1207,55.9436],[12.1195,55.9431],[12.1194,55.9434],[12.1176,55.9429],[12.1156,55.9423],[12.1152,55.9423],[12.1137,55.9422],[12.1131,55.9424],[12.1121,55.9427],[12.1111,55.943],[12.1103,55.9435],[12.1099,55.9436],[12.1094,55.944],[12.1083,55.9443],[12.1077,55.9443],[12.1062,55.9442],[12.1048,55.9442],[12.1039,55.9442],[12.1033,55.9441],[12.1024,55.9438],[12.1018,55.9435],[12.1018,55.9435],[12.1017,55.9435],[12.1018,55.9435]]]},"properties":{"sourceId":"ais_par3.156452","a_type":4120,"hectares":6.264}},{"type":"Feature","id":"ais_par3.156453","geometry":{"type":"Polygon","coordinates":[[[12.0933,55.9354],[12.0933,55.9358],[12.0936,55.9357],[12.0939,55.9358],[12.0941,55.9359],[12.094,55.9361],[12.0946,55.9362],[12.0953,55.9362],[12.0955,55.9361],[12.0958,55.9359],[12.0958,55.9357],[12.0942,55.9355],[12.0933,55.9354],[12.0933,55.9354],[12.0933,55.9354]]]},"properties":{"sourceId":"ais_par3.156453","a_type":4120,"hectares":0.799}},{"type":"Feature","id":"ais_par3.156454","geometry":{"type":"Polygon","coordinates":[[[12.0854,55.9358],[12.0862,55.9363],[12.0863,55.9363],[12.0863,55.9359],[12.0865,55.9359],[12.0868,55.936],[12.0873,55.9361],[12.0876,55.936],[12.0879,55.936],[12.0883,55.9361],[12.0889,55.9362],[12.089,55.936],[12.0894,55.936],[12.0898,55.9362],[12.0902,55.9362],[12.0912,55.9362],[12.0919,55.9362],[12.0923,55.9363],[12.0925,55.9363],[12.0928,55.9365],[12.0928,55.9366],[12.0928,55.9366],[12.093,55.9367],[12.0935,55.9369],[12.0938,55.9371],[12.0941,55.9374],[12.0945,55.9376],[12.0947,55.9378],[12.095,55.9382],[12.0951,55.9384],[12.0953,55.9385],[12.0957,55.9388],[12.0957,55.9392],[12.0959,55.9392],[12.0961,55.9392],[12.096,55.939],[12.0959,55.9388],[12.0957,55.9386],[12.0959,55.9385],[12.0956,55.9384],[12.0953,55.9381],[12.0951,55.9378],[12.0948,55.9375],[12.0945,55.9373],[12.094,55.9368],[12.0931,55.9365],[12.0927,55.9362],[12.0916,55.9359],[12.0916,55.9359],[12.09,55.9356],[12.0897,55.9356],[12.0877,55.935],[12.0872,55.9353],[12.085,55.9354],[12.0849,55.9354],[12.0854,55.9358]]]},"properties":{"sourceId":"ais_par3.156454","a_type":4120,"hectares":3.876}},{"type":"Feature","id":"ais_par3.156455","geometry":{"type":"Polygon","coordinates":[[[12.0852,55.9289],[12.0855,55.9287],[12.0851,55.9286],[12.0843,55.9283],[12.0839,55.9288],[12.0839,55.9288],[12.0852,55.9289]]]},"properties":{"sourceId":"ais_par3.156455","a_type":4120,"hectares":0.367}},{"type":"Feature","id":"ais_par3.156456","geometry":{"type":"Polygon","coordinates":[[[12.1038,55.9247],[12.1053,55.9247],[12.1036,55.9235],[12.103,55.9236],[12.1038,55.9247]]]},"properties":{"sourceId":"ais_par3.156456","a_type":4120,"hectares":0.845}},{"type":"Feature","id":"ais_par3.156457","geometry":{"type":"Polygon","coordinates":[[[12.1104,55.9246],[12.1106,55.9246],[12.1105,55.9241],[12.1104,55.9239],[12.1103,55.9239],[12.1101,55.9239],[12.1099,55.9236],[12.11,55.9236],[12.1098,55.9234],[12.1079,55.9236],[12.1082,55.9243],[12.1084,55.9246],[12.1084,55.9247],[12.1084,55.9247],[12.1104,55.9246]]]},"properties":{"sourceId":"ais_par3.156457","a_type":4120,"hectares":1.738}},{"type":"Feature","id":"ais_par3.156458","geometry":{"type":"Polygon","coordinates":[[[12.1179,55.9137],[12.1163,55.9137],[12.1163,55.9138],[12.1167,55.914],[12.1169,55.9141],[12.1174,55.9142],[12.118,55.9141],[12.1179,55.9137]],[[12.1175,55.9141],[12.1175,55.914],[12.1178,55.914],[12.1179,55.9141],[12.1175,55.9141],[12.1175,55.9141]],[[12.1171,55.9141],[12.117,55.914],[12.1171,55.9139],[12.1171,55.9139],[12.1173,55.9139],[12.1173,55.914],[12.1173,55.914],[12.1171,55.9141]]]},"properties":{"sourceId":"ais_par3.156458","a_type":4120,"hectares":0.322}},{"type":"Feature","id":"ais_par3.156459","geometry":{"type":"Polygon","coordinates":[[[12.1192,55.9142],[12.1193,55.9144],[12.1199,55.9148],[12.1203,55.915],[12.1205,55.915],[12.1213,55.9158],[12.1213,55.9155],[12.1212,55.9154],[12.1212,55.9152],[12.1211,55.9151],[12.1215,55.9149],[12.1217,55.9152],[12.1218,55.9153],[12.1218,55.9154],[12.1218,55.9158],[12.1217,55.9159],[12.1217,55.9159],[12.1219,55.916],[12.1219,55.9161],[12.1216,55.9161],[12.1215,55.9161],[12.1216,55.9162],[12.122,55.9161],[12.1222,55.9158],[12.1224,55.9155],[12.1218,55.9146],[12.121,55.9143],[12.1203,55.9143],[12.1197,55.9142],[12.1192,55.9142]],[[12.1198,55.9145],[12.1195,55.9145],[12.1194,55.9143],[12.1196,55.9143],[12.1198,55.9145]]]},"properties":{"sourceId":"ais_par3.156459","a_type":4120,"hectares":1.465}},{"type":"Feature","id":"ais_par3.156460","geometry":{"type":"Polygon","coordinates":[[[12.1232,55.9184],[12.1238,55.9192],[12.1241,55.9196],[12.1239,55.9197],[12.1238,55.9198],[12.1235,55.9199],[12.1236,55.92],[12.124,55.9201],[12.1242,55.9202],[12.1249,55.92],[12.1251,55.92],[12.125,55.9199],[12.1248,55.9196],[12.1247,55.9194],[12.1247,55.919],[12.1251,55.9188],[12.1254,55.9187],[12.1251,55.9183],[12.1249,55.918],[12.1246,55.9178],[12.1242,55.9175],[12.1242,55.9174],[12.1246,55.9169],[12.1244,55.9166],[12.1239,55.9167],[12.1235,55.9168],[12.1234,55.9169],[12.1243,55.9184],[12.1241,55.9183],[12.1231,55.9181],[12.123,55.9181],[12.1232,55.9184]],[[12.1243,55.92],[12.1243,55.9199],[12.1243,55.9198],[12.1241,55.9198],[12.1241,55.9199],[12.1239,55.9199],[12.1238,55.92],[12.1239,55.92],[12.1238,55.92],[12.1236,55.92],[12.1237,55.9199],[12.1238,55.9199],[12.124,55.9196],[12.1242,55.9196],[12.1243,55.9196],[12.1244,55.9197],[12.1245,55.92],[12.1243,55.92]],[[12.1238,55.9173],[12.1239,55.9172],[12.1239,55.9171],[12.1241,55.917],[12.1242,55.9171],[12.1242,55.9173],[12.1241,55.9174],[12.1238,55.9173]],[[12.1243,55.9181],[12.1248,55.9181],[12.1248,55.9182],[12.1246,55.9183],[12.1244,55.9183],[12.1243,55.9182],[12.1243,55.9181]]]},"properties":{"sourceId":"ais_par3.156460","a_type":4120,"hectares":2.267}},{"type":"Feature","id":"ais_par3.156488","geometry":{"type":"Polygon","coordinates":[[[12.1254,55.8803],[12.1255,55.8805],[12.1258,55.8805],[12.1261,55.8804],[12.1258,55.8798],[12.1255,55.8798],[12.1254,55.8803],[12.1254,55.8803]]]},"properties":{"sourceId":"ais_par3.156488","a_type":4120,"hectares":0.237}},{"type":"Feature","id":"ais_par3.156489","geometry":{"type":"Polygon","coordinates":[[[12.1243,55.8867],[12.1243,55.8868],[12.1249,55.8867],[12.1248,55.8864],[12.1243,55.8865],[12.124,55.886],[12.1238,55.886],[12.1233,55.8859],[12.1232,55.886],[12.1232,55.8861],[12.1233,55.8861],[12.123,55.8862],[12.1233,55.8869],[12.1233,55.8869],[12.1243,55.8867]]]},"properties":{"sourceId":"ais_par3.156489","a_type":4120,"hectares":0.751}},{"type":"Feature","id":"ais_par3.156491","geometry":{"type":"Polygon","coordinates":[[[12.1278,55.8909],[12.1282,55.8908],[12.1282,55.8907],[12.1281,55.8905],[12.1279,55.8904],[12.1277,55.8903],[12.1273,55.8904],[12.1271,55.8904],[12.1273,55.8909],[12.1273,55.8909],[12.1278,55.8909]]]},"properties":{"sourceId":"ais_par3.156491","a_type":4120,"hectares":0.346}},{"type":"Feature","id":"ais_par3.156492","geometry":{"type":"Polygon","coordinates":[[[12.1202,55.8962],[12.1205,55.8962],[12.1209,55.8963],[12.1212,55.8963],[12.1216,55.896],[12.1218,55.8958],[12.1218,55.8958],[12.1216,55.8958],[12.1213,55.8958],[12.1209,55.8958],[12.1207,55.8957],[12.1208,55.8957],[12.1209,55.8957],[12.1214,55.8957],[12.1215,55.8956],[12.1216,55.8955],[12.1217,55.8954],[12.1218,55.8955],[12.1218,55.8953],[12.1217,55.8952],[12.1215,55.8952],[12.1215,55.8954],[12.1215,55.8955],[12.1214,55.8956],[12.1212,55.8956],[12.121,55.8955],[12.1207,55.8955],[12.1203,55.8957],[12.1201,55.8958],[12.1199,55.8959],[12.1199,55.8961],[12.1202,55.8962]],[[12.1205,55.8962],[12.1204,55.8961],[12.1203,55.896],[12.1204,55.8959],[12.1205,55.8958],[12.1207,55.896],[12.1207,55.8961],[12.1205,55.8962]]]},"properties":{"sourceId":"ais_par3.156492","a_type":4120,"hectares":0.599}},{"type":"Feature","id":"ais_par3.156494","geometry":{"type":"Polygon","coordinates":[[[12.1149,55.8997],[12.1144,55.8992],[12.1139,55.8994],[12.1141,55.8996],[12.1142,55.9],[12.1149,55.8997]]]},"properties":{"sourceId":"ais_par3.156494","a_type":4120,"hectares":0.289}},{"type":"Feature","id":"ais_par3.156495","geometry":{"type":"Polygon","coordinates":[[[12.1097,55.8868],[12.1097,55.8863],[12.1092,55.8863],[12.109,55.8862],[12.1086,55.8863],[12.1088,55.8864],[12.1088,55.8866],[12.109,55.8866],[12.1091,55.8868],[12.1097,55.8868]]]},"properties":{"sourceId":"ais_par3.156495","a_type":4120,"hectares":0.313}},{"type":"Feature","id":"ais_par3.156514","geometry":{"type":"Polygon","coordinates":[[[12.1049,55.9225],[12.105,55.9225],[12.1053,55.9227],[12.1055,55.9228],[12.1056,55.9227],[12.1056,55.9227],[12.1056,55.9225],[12.1055,55.9223],[12.1053,55.9222],[12.1051,55.9222],[12.1051,55.9223],[12.105,55.9223],[12.105,55.9223],[12.105,55.9223],[12.1049,55.9225]]]},"properties":{"sourceId":"ais_par3.156514","a_type":4120,"hectares":0.188}},{"type":"Feature","id":"ais_par3.156515","geometry":{"type":"Polygon","coordinates":[[[12.1022,55.9254],[12.1021,55.9254],[12.1021,55.9257],[12.107,55.9256],[12.1055,55.9247],[12.1021,55.9248],[12.1021,55.9252],[12.1021,55.9252],[12.1022,55.9254]],[[12.1037,55.9254],[12.1038,55.9253],[12.104,55.9252],[12.1041,55.9252],[12.104,55.9253],[12.1039,55.9253],[12.1038,55.9254],[12.1037,55.9254]]]},"properties":{"sourceId":"ais_par3.156515","a_type":4120,"hectares":2.507}},{"type":"Feature","id":"ais_par3.156516","geometry":{"type":"Polygon","coordinates":[[[12.0969,55.9228],[12.097,55.9227],[12.0971,55.9225],[12.0971,55.9224],[12.097,55.9223],[12.0969,55.922],[12.0956,55.9221],[12.0955,55.9228],[12.0955,55.9228],[12.0969,55.9228]]]},"properties":{"sourceId":"ais_par3.156516","a_type":4120,"hectares":0.723}},{"type":"Feature","id":"ais_par3.156517","geometry":{"type":"Polygon","coordinates":[[[12.0807,55.9315],[12.0817,55.9318],[12.0822,55.9314],[12.0812,55.931],[12.0807,55.9315]]]},"properties":{"sourceId":"ais_par3.156517","a_type":4120,"hectares":0.452}},{"type":"Feature","id":"ais_par3.156617","geometry":{"type":"Polygon","coordinates":[[[11.9119,55.9669],[11.9122,55.9666],[11.912,55.9664],[11.9118,55.9659],[11.9121,55.9654],[11.9124,55.965],[11.9123,55.9648],[11.912,55.9646],[11.9117,55.9645],[11.9117,55.9643],[11.9116,55.9639],[11.9113,55.9635],[11.911,55.9629],[11.9112,55.9622],[11.9111,55.962],[11.9106,55.9617],[11.9103,55.9609],[11.9102,55.9601],[11.9092,55.9599],[11.9082,55.96],[11.9074,55.9602],[11.9069,55.9609],[11.9052,55.9609],[11.9051,55.9609],[11.9052,55.9613],[11.9053,55.9613],[11.9054,55.9613],[11.9055,55.9612],[11.9056,55.9611],[11.9057,55.961],[11.9058,55.9611],[11.9059,55.9611],[11.906,55.9611],[11.906,55.9612],[11.906,55.9614],[11.9059,55.9614],[11.9059,55.9615],[11.9061,55.9616],[11.9061,55.962],[11.9061,55.9621],[11.906,55.9621],[11.9059,55.9621],[11.906,55.9622],[11.906,55.9623],[11.9059,55.9624],[11.9059,55.9624],[11.906,55.9625],[11.906,55.9626],[11.9062,55.9626],[11.9063,55.9626],[11.9064,55.9627],[11.9064,55.9627],[11.9061,55.9627],[11.906,55.9626],[11.9058,55.9626],[11.9056,55.9625],[11.9055,55.9625],[11.9055,55.9626],[11.9056,55.9626],[11.9057,55.9627],[11.9058,55.9628],[11.9057,55.9629],[11.9056,55.9629],[11.9054,55.9629],[11.9054,55.9629],[11.9051,55.9627],[11.9051,55.9625],[11.9053,55.9625],[11.9054,55.9624],[11.9053,55.9624],[11.9052,55.9624],[11.9052,55.9623],[11.9051,55.9623],[11.905,55.9623],[11.9048,55.9624],[11.9046,55.9624],[11.9043,55.9624],[11.9042,55.9624],[11.9042,55.9624],[11.9044,55.9623],[11.9046,55.9623],[11.9049,55.9622],[11.905,55.9622],[11.9049,55.9621],[11.9048,55.9621],[11.9045,55.9621],[11.9042,55.9621],[11.9041,55.9621],[11.9041,55.9621],[11.9042,55.962],[11.9044,55.962],[11.9045,55.9619],[11.9044,55.9618],[11.9044,55.9618],[11.9045,55.9617],[11.9047,55.9617],[11.9047,55.9618],[11.9048,55.9618],[11.9049,55.9618],[11.9052,55.9618],[11.9053,55.9617],[11.9054,55.9617],[11.9054,55.9616],[11.9054,55.9616],[11.9053,55.9614],[11.9053,55.9614],[11.9052,55.9615],[11.9051,55.9616],[11.905,55.9616],[11.9049,55.9615],[11.9049,55.9613],[11.9048,55.9611],[11.9048,55.961],[11.9049,55.961],[11.9047,55.961],[11.9046,55.9614],[11.9041,55.9615],[11.9042,55.9618],[11.9038,55.9618],[11.9039,55.9622],[11.9041,55.9623],[11.9044,55.9626],[11.9043,55.9627],[11.9037,55.9628],[11.9039,55.9632],[11.9046,55.9637],[11.9052,55.964],[11.9056,55.964],[11.9058,55.9641],[11.9061,55.9641],[11.9063,55.964],[11.9066,55.9642],[11.9069,55.9641],[11.9078,55.9641],[11.908,55.9642],[11.9088,55.9648],[11.91,55.9659],[11.9103,55.9665],[11.9106,55.9665],[11.9105,55.9671],[11.9115,55.9671],[11.9117,55.9673],[11.9117,55.9672],[11.9116,55.9671],[11.9115,55.967],[11.9115,55.9669],[11.9117,55.9669],[11.9119,55.9669]],[[11.9108,55.9653],[11.9112,55.9653],[11.9115,55.9652],[11.9116,55.9653],[11.9116,55.9654],[11.9116,55.9657],[11.9115,55.9658],[11.9113,55.9658],[11.9113,55.9659],[11.9112,55.9659],[11.911,55.9659],[11.9109,55.9659],[11.9106,55.9659],[11.9105,55.9658],[11.9103,55.9658],[11.91,55.9656],[11.9099,55.9654],[11.9098,55.9653],[11.9098,55.9652],[11.9097,55.9651],[11.9096,55.9651],[11.9094,55.9649],[11.9093,55.9649],[11.9092,55.9648],[11.9093,55.9648],[11.9094,55.9645],[11.9095,55.9645],[11.9096,55.9644],[11.9098,55.9644],[11.91,55.9645],[11.9103,55.9646],[11.9104,55.9647],[11.9105,55.9648],[11.9106,55.9648],[11.9109,55.9649],[11.9114,55.9649],[11.9118,55.9649],[11.912,55.965],[11.912,55.965],[11.9117,55.965],[11.9116,55.965],[11.9114,55.9651],[11.9111,55.9651],[11.9109,55.9651],[11.9105,55.9651],[11.9103,55.9651],[11.9102,55.9651],[11.9101,55.965],[11.91,55.965],[11.9099,55.965],[11.9099,55.9651],[11.91,55.9652],[11.91,55.9652],[11.9101,55.9652],[11.9103,55.9653],[11.9105,55.9653],[11.9108,55.9653]],[[11.9063,55.9632],[11.9062,55.9632],[11.906,55.9632],[11.9058,55.9632],[11.9055,55.9633],[11.9053,55.9633],[11.9053,55.9632],[11.9052,55.9631],[11.9051,55.9631],[11.9053,55.963],[11.9054,55.963],[11.9056,55.9631],[11.9057,55.9631],[11.9058,55.963],[11.9059,55.9629],[11.906,55.9629],[11.9064,55.9628],[11.9064,55.9628],[11.9065,55.9627],[11.9068,55.9629],[11.9068,55.9629],[11.9068,55.963],[11.9068,55.9631],[11.9068,55.9631],[11.9069,55.963],[11.9071,55.963],[11.9073,55.9632],[11.9073,55.9633],[11.9072,55.9634],[11.9073,55.9635],[11.9074,55.9634],[11.9075,55.9634],[11.9075,55.9635],[11.9075,55.9636],[11.9073,55.9637],[11.9074,55.9638],[11.9072,55.9637],[11.9072,55.9637],[11.9071,55.9636],[11.9069,55.9636],[11.9068,55.9635],[11.9067,55.9635],[11.9066,55.9635],[11.9065,55.9636],[11.9064,55.9637],[11.9063,55.9637],[11.9061,55.9637],[11.906,55.9637],[11.906,55.9637],[11.9062,55.9636],[11.9064,55.9635],[11.9065,55.9635],[11.9066,55.9633],[11.9063,55.9632]],[[11.9093,55.9631],[11.9094,55.9631],[11.9095,55.9631],[11.9097,55.9631],[11.9098,55.9631],[11.9099,55.9631],[11.9099,55.9632],[11.9099,55.9632],[11.91,55.9632],[11.9101,55.9633],[11.91,55.9634],[11.9099,55.9634],[11.9099,55.9634],[11.9098,55.9635],[11.9097,55.9635],[11.9092,55.9635],[11.9094,55.9634],[11.9094,55.9633],[11.9093,55.9633],[11.9093,55.9632],[11.9093,55.9631]],[[11.9078,55.9639],[11.9078,55.9639],[11.9077,55.9638],[11.9077,55.9637],[11.9079,55.9636],[11.908,55.9636],[11.9081,55.9637],[11.9083,55.9638],[11.9085,55.9639],[11.9085,55.964],[11.9085,55.964],[11.9083,55.964],[11.9081,55.9639],[11.908,55.9638],[11.9078,55.9639]],[[11.9065,55.9621],[11.9065,55.962],[11.9066,55.962],[11.9067,55.962],[11.9068,55.9622],[11.9068,55.9623],[11.9069,55.9624],[11.907,55.9626],[11.9068,55.9625],[11.9068,55.9625],[11.9067,55.9623],[11.9067,55.9623],[11.9064,55.9623],[11.9065,55.9621]],[[11.9086,55.9642],[11.9086,55.9642],[11.9087,55.9642],[11.9088,55.9644],[11.9087,55.9644],[11.9086,55.9644],[11.9086,55.9644],[11.9085,55.9643],[11.9084,55.9642],[11.9085,55.9642],[11.9086,55.9642]],[[11.9047,55.9629],[11.9046,55.9629],[11.9045,55.9629],[11.9045,55.963],[11.9044,55.963],[11.9043,55.963],[11.9042,55.9629],[11.9044,55.9628],[11.9045,55.9628],[11.9047,55.9628],[11.9047,55.9629]],[[11.9072,55.9624],[11.9071,55.9623],[11.9072,55.9623],[11.9072,55.9623],[11.9073,55.9623],[11.9073,55.9624],[11.9074,55.9625],[11.9074,55.9625],[11.9073,55.9625],[11.9072,55.9625],[11.9072,55.9624],[11.9072,55.9624]],[[11.9072,55.9627],[11.9071,55.9626],[11.9072,55.9626],[11.9073,55.9626],[11.9074,55.9626],[11.9074,55.9627],[11.9073,55.9628],[11.9072,55.9627]],[[11.9064,55.9612],[11.9063,55.9613],[11.9064,55.9613],[11.9062,55.9614],[11.9061,55.9612],[11.9062,55.9611],[11.9064,55.9612]],[[11.9115,55.9663],[11.9116,55.9663],[11.9116,55.9665],[11.9114,55.9664],[11.9115,55.9663]]]},"properties":{"sourceId":"ais_par3.156617","a_type":4120,"hectares":18.284}},{"type":"Feature","id":"ais_par3.156618","geometry":{"type":"Polygon","coordinates":[[[11.9119,55.9673],[11.912,55.9673],[11.9119,55.9671],[11.9119,55.9673],[11.9119,55.9673]]]},"properties":{"sourceId":"ais_par3.156618","a_type":4120,"hectares":0.005}},{"type":"Feature","id":"ais_par3.156623","geometry":{"type":"Polygon","coordinates":[[[11.8706,55.9668],[11.8708,55.967],[11.8707,55.9672],[11.8708,55.9673],[11.8708,55.9673],[11.8709,55.9674],[11.8709,55.9674],[11.8712,55.9675],[11.8712,55.9674],[11.8715,55.9668],[11.8705,55.9667],[11.8706,55.9668]]]},"properties":{"sourceId":"ais_par3.156623","a_type":4120,"hectares":0.311}},{"type":"Feature","id":"ais_par3.156624","geometry":{"type":"Polygon","coordinates":[[[11.8733,55.9678],[11.8733,55.9678],[11.8736,55.9677],[11.8738,55.9676],[11.8739,55.9675],[11.8738,55.9674],[11.8737,55.9674],[11.8733,55.9674],[11.873,55.9673],[11.8729,55.9673],[11.873,55.9676],[11.8733,55.9678]]]},"properties":{"sourceId":"ais_par3.156624","a_type":4120,"hectares":0.206}},{"type":"Feature","id":"ais_par3.156625","geometry":{"type":"Polygon","coordinates":[[[11.8782,55.9525],[11.878,55.9525],[11.8779,55.9524],[11.8777,55.9526],[11.8777,55.9527],[11.8779,55.9528],[11.8782,55.953],[11.8786,55.9532],[11.8788,55.9533],[11.8798,55.9533],[11.8799,55.9532],[11.8801,55.9532],[11.8806,55.9531],[11.8806,55.953],[11.8798,55.9528],[11.8796,55.9529],[11.8793,55.953],[11.879,55.953],[11.8788,55.9529],[11.8786,55.9528],[11.8785,55.9526],[11.8782,55.9525]]]},"properties":{"sourceId":"ais_par3.156625","a_type":4120,"hectares":0.708}},{"type":"Feature","id":"ais_par3.156626","geometry":{"type":"Polygon","coordinates":[[[11.886,55.9468],[11.886,55.9466],[11.8857,55.9465],[11.8855,55.9464],[11.8852,55.9463],[11.8852,55.9461],[11.885,55.946],[11.8847,55.946],[11.8846,55.9461],[11.8846,55.9462],[11.8847,55.9464],[11.8848,55.9465],[11.885,55.9466],[11.8851,55.9467],[11.8852,55.9468],[11.8853,55.9469],[11.8855,55.947],[11.8856,55.947],[11.8859,55.947],[11.886,55.9468]]]},"properties":{"sourceId":"ais_par3.156626","a_type":4120,"hectares":0.467}},{"type":"Feature","id":"ais_par3.156627","geometry":{"type":"Polygon","coordinates":[[[11.903,55.9716],[11.904,55.9712],[11.9047,55.971],[11.9047,55.971],[11.9053,55.9709],[11.9054,55.9708],[11.9056,55.9708],[11.9058,55.9707],[11.9063,55.9696],[11.9058,55.9696],[11.905,55.9696],[11.9046,55.9698],[11.9043,55.9698],[11.9039,55.9699],[11.9033,55.97],[11.9028,55.9702],[11.9024,55.9704],[11.9021,55.9705],[11.9019,55.9707],[11.9017,55.9709],[11.9013,55.9713],[11.9013,55.9714],[11.9014,55.9715],[11.9017,55.9716],[11.9018,55.972],[11.9022,55.972],[11.9027,55.972],[11.9027,55.9717],[11.903,55.9716]],[[11.904,55.9704],[11.9041,55.9704],[11.9041,55.9703],[11.9042,55.9703],[11.9043,55.9704],[11.9045,55.9704],[11.9047,55.9703],[11.9048,55.9702],[11.9049,55.9701],[11.905,55.9701],[11.9052,55.9701],[11.9052,55.9702],[11.9052,55.9704],[11.9054,55.9704],[11.9053,55.9704],[11.9054,55.9705],[11.9055,55.9706],[11.9052,55.9707],[11.9046,55.9709],[11.9042,55.9709],[11.9038,55.971],[11.9039,55.9708],[11.9039,55.9707],[11.9037,55.9705],[11.904,55.9704]]]},"properties":{"sourceId":"ais_par3.156627","a_type":4120,"hectares":3.641}},{"type":"Feature","id":"ais_par3.156633","geometry":{"type":"Polygon","coordinates":[[[12.0852,55.8924],[12.0852,55.8925],[12.0862,55.8928],[12.0863,55.8926],[12.0865,55.8925],[12.0867,55.8924],[12.0855,55.8921],[12.0852,55.8924]]]},"properties":{"sourceId":"ais_par3.156633","a_type":4120,"hectares":0.402}},{"type":"Feature","id":"ais_par3.156634","geometry":{"type":"Polygon","coordinates":[[[12.0756,55.8757],[12.0763,55.8756],[12.0764,55.8756],[12.0764,55.8752],[12.076,55.8752],[12.0756,55.8753],[12.0756,55.8753],[12.0756,55.8757]]]},"properties":{"sourceId":"ais_par3.156634","a_type":4120,"hectares":0.212}},{"type":"Feature","id":"ais_par3.156677","geometry":{"type":"Polygon","coordinates":[[[12.081,55.8825],[12.0811,55.8826],[12.0814,55.8826],[12.0817,55.8825],[12.0818,55.8824],[12.0821,55.8823],[12.0822,55.8822],[12.0823,55.882],[12.0821,55.8819],[12.082,55.8818],[12.0817,55.8818],[12.0815,55.8818],[12.0812,55.8818],[12.081,55.882],[12.0809,55.8822],[12.0809,55.8823],[12.081,55.8825]],[[12.0814,55.8822],[12.0813,55.8821],[12.0813,55.882],[12.0815,55.8819],[12.0817,55.882],[12.0818,55.8821],[12.0818,55.8822],[12.0817,55.8822],[12.0814,55.8822]],[[12.0813,55.8824],[12.0811,55.8824],[12.0812,55.8823],[12.0813,55.8823],[12.0815,55.8823],[12.0815,55.8824],[12.0813,55.8824]]]},"properties":{"sourceId":"ais_par3.156677","a_type":4120,"hectares":0.465}},{"type":"Feature","id":"ais_par3.156678","geometry":{"type":"Polygon","coordinates":[[[12.0806,55.8781],[12.081,55.878],[12.0811,55.878],[12.0811,55.8781],[12.0811,55.8783],[12.0811,55.8784],[12.0813,55.8784],[12.0814,55.8784],[12.0816,55.8783],[12.0818,55.8781],[12.082,55.8775],[12.0811,55.8776],[12.081,55.8778],[12.0806,55.878],[12.0805,55.8781],[12.0806,55.8781]]]},"properties":{"sourceId":"ais_par3.156678","a_type":4120,"hectares":0.512}},{"type":"Feature","id":"ais_par3.156739","geometry":{"type":"Polygon","coordinates":[[[12.0386,56.018],[12.0387,56.0177],[12.039,56.0172],[12.0394,56.0168],[12.0398,56.0167],[12.0398,56.0166],[12.04,56.0168],[12.04,56.0169],[12.0402,56.0172],[12.0402,56.0173],[12.0403,56.0173],[12.0404,56.0174],[12.0404,56.0175],[12.0404,56.0175],[12.041,56.0173],[12.041,56.0172],[12.0409,56.0171],[12.0407,56.017],[12.0404,56.0165],[12.0404,56.0163],[12.0398,56.0163],[12.0394,56.0163],[12.0391,56.0162],[12.0388,56.0162],[12.0386,56.0164],[12.0384,56.0165],[12.0383,56.0165],[12.0381,56.0165],[12.0381,56.0166],[12.0382,56.0169],[12.0382,56.0171],[12.0382,56.0173],[12.038,56.0176],[12.0379,56.0178],[12.0386,56.018]]]},"properties":{"sourceId":"ais_par3.156739","a_type":4120,"hectares":1.7}},{"type":"Feature","id":"ais_par3.156740","geometry":{"type":"Polygon","coordinates":[[[12.1242,56.0387],[12.1245,56.0386],[12.1249,56.0378],[12.1253,56.0378],[12.1256,56.0376],[12.1255,56.0374],[12.1253,56.0373],[12.125,56.0372],[12.1242,56.037],[12.1237,56.0369],[12.1232,56.0368],[12.1223,56.0365],[12.1223,56.0376],[12.1223,56.038],[12.1223,56.0382],[12.1242,56.0387]]]},"properties":{"sourceId":"ais_par3.156740","a_type":4120,"hectares":3.04}},{"type":"Feature","id":"ais_par3.156840","geometry":{"type":"Polygon","coordinates":[[[12.0551,55.9367],[12.0552,55.9371],[12.0551,55.938],[12.0552,55.938],[12.0552,55.938],[12.0577,55.9377],[12.0587,55.9395],[12.059,55.9402],[12.0601,55.9404],[12.0603,55.9409],[12.0608,55.9413],[12.0614,55.9415],[12.0618,55.9415],[12.0624,55.9413],[12.0631,55.9414],[12.0636,55.9413],[12.0638,55.9413],[12.0638,55.9413],[12.0637,55.9411],[12.0636,55.9407],[12.0634,55.9404],[12.0635,55.9402],[12.0634,55.9401],[12.0632,55.9397],[12.0629,55.9395],[12.0631,55.9395],[12.0628,55.9387],[12.0625,55.9374],[12.0624,55.9361],[12.0623,55.9359],[12.0622,55.9354],[12.06,55.9353],[12.06,55.9353],[12.06,55.9353],[12.0596,55.9353],[12.0593,55.9353],[12.0594,55.9348],[12.0599,55.9335],[12.0583,55.9334],[12.0576,55.9352],[12.0567,55.9361],[12.057,55.9366],[12.0567,55.9367],[12.0566,55.9367],[12.0567,55.9369],[12.0569,55.9369],[12.0569,55.937],[12.0568,55.937],[12.0565,55.937],[12.0559,55.937],[12.0553,55.9371],[12.0552,55.9371],[12.0552,55.937],[12.0554,55.9369],[12.0556,55.9367],[12.0555,55.9367],[12.0553,55.9366],[12.0551,55.9365],[12.0551,55.9364],[12.0551,55.9363],[12.0551,55.9363],[12.0554,55.9363],[12.0556,55.9363],[12.0559,55.9363],[12.0559,55.9361],[12.0567,55.9361],[12.0548,55.9361],[12.0548,55.9361],[12.0551,55.9367]],[[12.0584,55.9341],[12.0584,55.9341],[12.0585,55.9341],[12.0584,55.934],[12.0585,55.934],[12.0585,55.9339],[12.0584,55.9339],[12.0584,55.9339],[12.0585,55.9338],[12.0586,55.9338],[12.0586,55.9337],[12.0586,55.9337],[12.0587,55.9337],[12.0595,55.9337],[12.0595,55.9339],[12.0595,55.934],[12.0594,55.9342],[12.0584,55.9341],[12.0584,55.9341]],[[12.0563,55.9372],[12.0571,55.9371],[12.0571,55.9372],[12.0573,55.9372],[12.0573,55.9374],[12.057,55.9374],[12.0563,55.9372]]]},"properties":{"sourceId":"ais_par3.156840","a_type":4120,"hectares":22.611}},{"type":"Feature","id":"ais_par3.156874","geometry":{"type":"Polygon","coordinates":[[[11.7051,56.1987],[11.7041,56.1987],[11.7032,56.1984],[11.7021,56.1981],[11.7021,56.1983],[11.7047,56.1988],[11.7045,56.1991],[11.6981,56.1976],[11.6993,56.1963],[11.7001,56.1954],[11.7007,56.195],[11.7014,56.1946],[11.7022,56.1942],[11.7026,56.1941],[11.7026,56.1939],[11.7025,56.1939],[11.7022,56.194],[11.7019,56.194],[11.7015,56.194],[11.7013,56.194],[11.701,56.194],[11.7009,56.1941],[11.7007,56.1942],[11.7005,56.1942],[11.7005,56.1944],[11.7003,56.1946],[11.7003,56.1948],[11.7002,56.1949],[11.7,56.195],[11.6999,56.195],[11.6997,56.1951],[11.6996,56.1952],[11.6995,56.1952],[11.6994,56.1953],[11.6994,56.1953],[11.6993,56.1953],[11.6991,56.1953],[11.6988,56.1954],[11.6987,56.1954],[11.6985,56.1954],[11.6984,56.1954],[11.6983,56.1955],[11.6983,56.1956],[11.6983,56.1957],[11.6983,56.1957],[11.6982,56.1957],[11.6981,56.1958],[11.698,56.1958],[11.6978,56.1959],[11.6977,56.1961],[11.6976,56.1962],[11.6974,56.1965],[11.6974,56.1965],[11.6974,56.1966],[11.6974,56.1967],[11.6973,56.1967],[11.6971,56.197],[11.697,56.1971],[11.6969,56.1972],[11.6968,56.1973],[11.6967,56.1973],[11.6965,56.1976],[11.6964,56.1976],[11.6962,56.1977],[11.6955,56.198],[11.6952,56.1981],[11.6951,56.1982],[11.6949,56.1983],[11.6949,56.1983],[11.695,56.1987],[11.6949,56.1988],[11.6949,56.1988],[11.6947,56.1989],[11.6945,56.199],[11.6945,56.1991],[11.695,56.199],[11.6958,56.1992],[11.6961,56.1995],[11.6961,56.1995],[11.6963,56.1996],[11.6964,56.1996],[11.6966,56.1997],[11.6967,56.1997],[11.6967,56.1997],[11.6972,56.1998],[11.6972,56.1998],[11.6973,56.1998],[11.6975,56.1999],[11.6978,56.1998],[11.6982,56.1998],[11.6985,56.1999],[11.6989,56.1999],[11.6991,56.1998],[11.6992,56.1998],[11.6996,56.1996],[11.7,56.1994],[11.7,56.1993],[11.7003,56.1993],[11.7003,56.1993],[11.7002,56.1993],[11.7,56.1992],[11.7001,56.1992],[11.7002,56.1989],[11.7004,56.1988],[11.7006,56.1988],[11.7008,56.1987],[11.701,56.1987],[11.7014,56.1988],[11.7016,56.1988],[11.7018,56.1989],[11.7019,56.199],[11.7018,56.1991],[11.7016,56.1991],[11.7016,56.1991],[11.7017,56.1993],[11.7024,56.1995],[11.7026,56.1995],[11.7027,56.1995],[11.7031,56.1996],[11.7036,56.1996],[11.704,56.1995],[11.7043,56.1995],[11.7046,56.1994],[11.7052,56.1993],[11.7053,56.1989],[11.7051,56.1987]]]},"properties":{"sourceId":"ais_par3.156874","a_type":4210,"hectares":12.826}},{"type":"Feature","id":"ais_par3.156875","geometry":{"type":"Polygon","coordinates":[[[11.8834,55.9832],[11.8837,55.9832],[11.8831,55.9842],[11.8835,55.9843],[11.8835,55.9844],[11.8848,55.9848],[11.8849,55.9848],[11.8854,55.9849],[11.8856,55.9851],[11.886,55.9849],[11.8882,55.9831],[11.8883,55.983],[11.8887,55.9834],[11.8892,55.9828],[11.8899,55.9822],[11.8871,55.9817],[11.8855,55.9822],[11.8837,55.982],[11.8832,55.9829],[11.8831,55.9831],[11.8834,55.9832]]]},"properties":{"sourceId":"ais_par3.156875","a_type":4210,"hectares":8.984}},{"type":"Feature","id":"ais_par3.156876","geometry":{"type":"Polygon","coordinates":[[[11.9089,55.9463],[11.9085,55.9462],[11.9075,55.9462],[11.9067,55.9461],[11.9055,55.9461],[11.9042,55.9472],[11.9049,55.9473],[11.9056,55.9473],[11.9063,55.9473],[11.9114,55.9487],[11.915,55.9498],[11.9157,55.9499],[11.9166,55.9497],[11.9174,55.9497],[11.9179,55.9495],[11.9185,55.9493],[11.9218,55.9491],[11.9241,55.9489],[11.9292,55.9502],[11.9292,55.9504],[11.9318,55.951],[11.9321,55.9511],[11.9318,55.9513],[11.9334,55.9516],[11.9344,55.9518],[11.9352,55.952],[11.936,55.9522],[11.9376,55.9525],[11.9375,55.9529],[11.9379,55.9532],[11.9387,55.9535],[11.94,55.9541],[11.9415,55.9548],[11.9424,55.9552],[11.9418,55.9566],[11.9423,55.9569],[11.9439,55.9577],[11.9448,55.9581],[11.9446,55.9587],[11.9466,55.9596],[11.9464,55.9601],[11.9479,55.9605],[11.9492,55.9606],[11.9511,55.9609],[11.9517,55.9589],[11.9517,55.9589],[11.9515,55.9588],[11.9511,55.9588],[11.9509,55.9587],[11.9509,55.9587],[11.9509,55.9587],[11.9508,55.9587],[11.9507,55.9587],[11.9504,55.9586],[11.95,55.9585],[11.95,55.9585],[11.95,55.9585],[11.9498,55.9585],[11.9497,55.9585],[11.9495,55.9584],[11.9493,55.9584],[11.9491,55.9583],[11.9488,55.9581],[11.9487,55.958],[11.9484,55.9579],[11.9472,55.9573],[11.9466,55.9569],[11.9465,55.9569],[11.9464,55.9568],[11.9463,55.9567],[11.9462,55.9566],[11.9461,55.9566],[11.946,55.9565],[11.9458,55.9565],[11.9456,55.9563],[11.9455,55.9563],[11.9455,55.9562],[11.9454,55.9562],[11.9454,55.9561],[11.9454,55.956],[11.9452,55.956],[11.9453,55.9559],[11.9452,55.9559],[11.9451,55.9559],[11.945,55.9558],[11.945,55.9558],[11.9448,55.9557],[11.944,55.9548],[11.944,55.9545],[11.9432,55.9537],[11.9438,55.9533],[11.9437,55.9532],[11.9437,55.9533],[11.9436,55.9532],[11.9434,55.9532],[11.9433,55.9532],[11.9431,55.9531],[11.9429,55.953],[11.9428,55.9529],[11.9426,55.9529],[11.9424,55.9528],[11.9421,55.9527],[11.9413,55.9523],[11.9407,55.9521],[11.9406,55.952],[11.9405,55.952],[11.9395,55.9517],[11.9393,55.9517],[11.9378,55.9514],[11.934,55.9504],[11.9335,55.9503],[11.933,55.95],[11.9328,55.95],[11.9324,55.95],[11.9317,55.9498],[11.9312,55.9497],[11.9309,55.9496],[11.9305,55.9496],[11.9302,55.9495],[11.9295,55.9494],[11.9293,55.9493],[11.9293,55.9493],[11.9281,55.9491],[11.9268,55.9489],[11.9262,55.9487],[11.9259,55.9486],[11.925,55.9486],[11.9242,55.9485],[11.9241,55.9486],[11.9238,55.9486],[11.9234,55.9485],[11.9234,55.9485],[11.9233,55.9485],[11.9231,55.9485],[11.923,55.9485],[11.9229,55.9486],[11.9228,55.9486],[11.9228,55.9486],[11.9225,55.9488],[11.9222,55.9488],[11.9219,55.9486],[11.9218,55.9486],[11.9218,55.9486],[11.9217,55.9486],[11.9215,55.9484],[11.9214,55.9484],[11.9213,55.9484],[11.9211,55.9484],[11.9211,55.9484],[11.9211,55.9484],[11.9209,55.9485],[11.9208,55.9485],[11.9207,55.9485],[11.9206,55.9485],[11.9206,55.9484],[11.9204,55.9484],[11.9203,55.9484],[11.9202,55.9485],[11.9201,55.9485],[11.9199,55.9484],[11.9198,55.9484],[11.9198,55.9483],[11.9197,55.9482],[11.9193,55.9483],[11.9189,55.9484],[11.9187,55.9484],[11.9184,55.9484],[11.9182,55.9484],[11.9181,55.9484],[11.9181,55.9484],[11.9179,55.9484],[11.9178,55.9485],[11.9177,55.9485],[11.9176,55.9486],[11.9175,55.9486],[11.9174,55.9486],[11.9173,55.9487],[11.9172,55.9487],[11.9171,55.9487],[11.9167,55.9486],[11.9163,55.9486],[11.9156,55.9482],[11.9156,55.9479],[11.9153,55.9477],[11.9144,55.9474],[11.9144,55.9474],[11.9142,55.9473],[11.9139,55.9473],[11.9137,55.9473],[11.9133,55.9472],[11.9128,55.947],[11.9128,55.947],[11.9127,55.947],[11.9127,55.947],[11.9127,55.947],[11.9124,55.947],[11.9122,55.9469],[11.9119,55.9468],[11.9118,55.9468],[11.9116,55.9467],[11.9115,55.9467],[11.9114,55.9467],[11.9113,55.9466],[11.9111,55.9466],[11.9109,55.9466],[11.9103,55.9466],[11.91,55.9466],[11.9099,55.9466],[11.9099,55.9465],[11.9098,55.9465],[11.9094,55.9464],[11.9093,55.9464],[11.9092,55.9464],[11.9091,55.9464],[11.909,55.9463],[11.9089,55.9463]],[[11.9126,55.9472],[11.9128,55.9472],[11.9129,55.9473],[11.9131,55.9474],[11.9131,55.9475],[11.9129,55.9475],[11.9126,55.9475],[11.9124,55.9475],[11.9122,55.9474],[11.912,55.9471],[11.9121,55.947],[11.9122,55.947],[11.9122,55.9471],[11.9124,55.9471],[11.9125,55.9471],[11.9126,55.9472]]]},"properties":{"sourceId":"ais_par3.156876","a_type":4210,"hectares":53.096}},{"type":"Feature","id":"ais_par3.156878","geometry":{"type":"Polygon","coordinates":[[[11.9526,55.9604],[11.9537,55.9604],[11.9566,55.9606],[11.9593,55.9616],[11.9594,55.9619],[11.9591,55.9622],[11.9589,55.9625],[11.9595,55.9629],[11.9592,55.9631],[11.9598,55.9633],[11.9608,55.9633],[11.9608,55.9632],[11.9619,55.9636],[11.9619,55.9638],[11.962,55.9639],[11.9621,55.9639],[11.9624,55.9638],[11.9633,55.9639],[11.9668,55.9655],[11.9673,55.9653],[11.9676,55.9651],[11.9683,55.9655],[11.9694,55.9656],[11.9698,55.9658],[11.9699,55.9659],[11.9717,55.9668],[11.9721,55.9671],[11.9731,55.9674],[11.9743,55.9679],[11.9756,55.9682],[11.9762,55.9675],[11.9775,55.9676],[11.9788,55.9675],[11.9806,55.9672],[11.9814,55.9669],[11.9815,55.9668],[11.9818,55.9666],[11.983,55.9664],[11.9837,55.9664],[11.9849,55.9663],[11.985,55.9661],[11.9858,55.9658],[11.9863,55.9657],[11.9865,55.9655],[11.987,55.9655],[11.9871,55.9656],[11.9875,55.9656],[11.9878,55.9657],[11.9884,55.9656],[11.9885,55.9656],[11.9889,55.9654],[11.9889,55.9654],[11.9896,55.9655],[11.9905,55.9657],[11.9913,55.966],[11.9918,55.9662],[11.9922,55.9665],[11.9927,55.9665],[11.9939,55.9667],[11.9945,55.967],[11.995,55.9672],[11.9961,55.9676],[11.9972,55.968],[11.9988,55.9691],[11.999,55.9692],[11.9995,55.9689],[11.999,55.9685],[11.9982,55.9681],[11.9977,55.9679],[11.9972,55.9677],[11.9971,55.9677],[11.9971,55.9676],[11.997,55.9676],[11.9968,55.9675],[11.9967,55.9674],[11.9964,55.9673],[11.9962,55.9672],[11.996,55.9671],[11.9957,55.967],[11.9951,55.9668],[11.9944,55.9666],[11.9943,55.9665],[11.9942,55.9665],[11.9941,55.9664],[11.9938,55.9664],[11.9937,55.9664],[11.9937,55.9664],[11.9936,55.9663],[11.9935,55.9663],[11.9928,55.9662],[11.9926,55.9661],[11.9924,55.966],[11.9922,55.9659],[11.9921,55.9659],[11.9919,55.9659],[11.9917,55.9658],[11.9916,55.9658],[11.9915,55.9658],[11.9915,55.9658],[11.9911,55.9656],[11.9904,55.9654],[11.9897,55.9653],[11.9892,55.9651],[11.9888,55.9651],[11.9888,55.9651],[11.9887,55.9652],[11.9885,55.9655],[11.9884,55.9656],[11.9879,55.9655],[11.9876,55.9654],[11.9874,55.9651],[11.9865,55.9652],[11.9861,55.9652],[11.9857,55.9653],[11.9855,55.9653],[11.9854,55.9653],[11.9852,55.9654],[11.985,55.9655],[11.9846,55.9656],[11.9842,55.9658],[11.9839,55.9658],[11.9838,55.9659],[11.9837,55.9659],[11.9836,55.966],[11.9835,55.966],[11.9832,55.966],[11.983,55.966],[11.9826,55.9661],[11.9825,55.9661],[11.9824,55.9662],[11.9823,55.9662],[11.9822,55.9662],[11.9821,55.9662],[11.9819,55.9662],[11.9817,55.9663],[11.9817,55.9663],[11.9817,55.9663],[11.9816,55.9663],[11.9814,55.9664],[11.9813,55.9664],[11.9812,55.9664],[11.9811,55.9665],[11.981,55.9666],[11.9809,55.9666],[11.9806,55.9668],[11.9802,55.967],[11.9796,55.967],[11.9794,55.967],[11.9793,55.967],[11.9791,55.9671],[11.9789,55.9671],[11.9787,55.9671],[11.9787,55.9671],[11.9785,55.9671],[11.9784,55.9671],[11.9782,55.9671],[11.978,55.9671],[11.978,55.9671],[11.9776,55.9671],[11.9774,55.967],[11.9772,55.967],[11.9769,55.9669],[11.9766,55.9669],[11.9763,55.9669],[11.9754,55.9668],[11.9736,55.9662],[11.9726,55.9659],[11.9713,55.9653],[11.9709,55.9651],[11.9709,55.965],[11.971,55.965],[11.9709,55.9649],[11.9708,55.9649],[11.9705,55.965],[11.9698,55.9647],[11.9695,55.9645],[11.9685,55.9642],[11.9677,55.964],[11.9674,55.9639],[11.9671,55.9637],[11.9666,55.9636],[11.9661,55.9634],[11.9653,55.9632],[11.9652,55.9632],[11.9645,55.963],[11.964,55.9629],[11.963,55.9625],[11.9626,55.9623],[11.9622,55.9622],[11.9605,55.9617],[11.9588,55.9609],[11.9588,55.9609],[11.9585,55.9608],[11.9584,55.9607],[11.9583,55.9607],[11.9582,55.9606],[11.958,55.9605],[11.9576,55.9604],[11.9574,55.9603],[11.9573,55.9602],[11.9572,55.9601],[11.9571,55.96],[11.957,55.96],[11.9569,55.9599],[11.9567,55.9599],[11.9566,55.9599],[11.9565,55.9598],[11.9563,55.9597],[11.9563,55.9597],[11.9554,55.9594],[11.954,55.9593],[11.9527,55.9591],[11.9526,55.9591],[11.9523,55.959],[11.9522,55.959],[11.9519,55.9589],[11.9518,55.9589],[11.9514,55.9601],[11.9514,55.9603],[11.9526,55.9604]]]},"properties":{"sourceId":"ais_par3.156878","a_type":4210,"hectares":28.948}},{"type":"Feature","id":"ais_par3.156879","geometry":{"type":"Polygon","coordinates":[[[11.9474,55.9325],[11.9478,55.9324],[11.9485,55.9325],[11.9488,55.9325],[11.9489,55.9324],[11.9491,55.9324],[11.9492,55.9324],[11.9496,55.9324],[11.9501,55.9323],[11.9509,55.9319],[11.9509,55.9319],[11.951,55.9317],[11.951,55.9317],[11.9511,55.9316],[11.9511,55.9316],[11.9511,55.9316],[11.9512,55.9316],[11.9512,55.9316],[11.9512,55.9316],[11.9515,55.9316],[11.952,55.9315],[11.9521,55.9316],[11.9521,55.9316],[11.9522,55.9315],[11.9524,55.9315],[11.9525,55.9315],[11.9526,55.9314],[11.9527,55.9314],[11.9529,55.9314],[11.953,55.9313],[11.953,55.9313],[11.953,55.9313],[11.9531,55.931],[11.9533,55.9307],[11.9535,55.9306],[11.9536,55.9306],[11.9537,55.9305],[11.9538,55.9305],[11.9539,55.9304],[11.954,55.9303],[11.9541,55.9303],[11.9542,55.9302],[11.9542,55.9301],[11.9543,55.9301],[11.9544,55.9301],[11.9546,55.93],[11.9548,55.93],[11.9548,55.93],[11.955,55.9299],[11.955,55.9299],[11.955,55.9299],[11.9551,55.9299],[11.9551,55.9299],[11.9552,55.9299],[11.9552,55.9299],[11.9552,55.9299],[11.9552,55.9299],[11.9553,55.93],[11.9553,55.93],[11.9554,55.9301],[11.9555,55.9301],[11.9555,55.9302],[11.9556,55.9303],[11.9556,55.9303],[11.9558,55.9304],[11.9559,55.9304],[11.9559,55.9304],[11.9561,55.9304],[11.9561,55.9304],[11.9565,55.9303],[11.9567,55.9303],[11.957,55.9303],[11.9572,55.9302],[11.9572,55.9302],[11.9574,55.9301],[11.9577,55.9301],[11.9577,55.9301],[11.9578,55.9301],[11.9579,55.9301],[11.958,55.9302],[11.9582,55.9302],[11.9585,55.9302],[11.9588,55.93],[11.9591,55.9298],[11.9593,55.9298],[11.9594,55.9298],[11.9595,55.9298],[11.9595,55.9298],[11.9595,55.9297],[11.9599,55.9295],[11.9601,55.9294],[11.9603,55.9294],[11.9603,55.9294],[11.9603,55.9294],[11.9605,55.9294],[11.9607,55.9294],[11.9608,55.9294],[11.9609,55.9295],[11.961,55.9295],[11.961,55.9295],[11.9612,55.9295],[11.9616,55.929],[11.9616,55.9288],[11.9606,55.9288],[11.9597,55.9288],[11.9585,55.9291],[11.9587,55.9293],[11.9585,55.9295],[11.9586,55.9298],[11.9581,55.9299],[11.9571,55.93],[11.9571,55.9301],[11.956,55.9303],[11.9558,55.9303],[11.9552,55.9297],[11.9546,55.9299],[11.9542,55.9294],[11.9529,55.9297],[11.9527,55.9299],[11.9525,55.93],[11.953,55.9303],[11.9523,55.931],[11.9519,55.9307],[11.9511,55.931],[11.9504,55.9306],[11.9498,55.931],[11.9492,55.9313],[11.9487,55.9315],[11.9483,55.9315],[11.9472,55.9316],[11.9471,55.9316],[11.9474,55.9325]]]},"properties":{"sourceId":"ais_par3.156879","a_type":4210,"hectares":7.201}},{"type":"Feature","id":"ais_par3.156880","geometry":{"type":"Polygon","coordinates":[[[12.013,55.8723],[12.013,55.8723],[12.0128,55.8723],[12.0128,55.8724],[12.0127,55.8725],[12.0126,55.8728],[12.0124,55.8728],[12.0122,55.873],[12.0121,55.8731],[12.0119,55.873],[12.0119,55.873],[12.0118,55.8729],[12.0116,55.8729],[12.0116,55.8728],[12.0114,55.8727],[12.0114,55.8727],[12.0112,55.8725],[12.0111,55.8725],[12.011,55.8724],[12.0109,55.8725],[12.0108,55.8725],[12.0108,55.8726],[12.0106,55.8727],[12.0105,55.8728],[12.0106,55.8728],[12.0105,55.8729],[12.0104,55.8729],[12.0102,55.873],[12.0101,55.8732],[12.0099,55.8733],[12.0098,55.8734],[12.0097,55.8735],[12.0095,55.8736],[12.0092,55.8738],[12.0091,55.874],[12.009,55.8742],[12.009,55.8742],[12.0091,55.8743],[12.0091,55.8743],[12.0091,55.8742],[12.0091,55.8742],[12.0091,55.8742],[12.0091,55.8742],[12.0092,55.8741],[12.0092,55.8741],[12.0093,55.8741],[12.0094,55.8741],[12.0095,55.8741],[12.0096,55.874],[12.0097,55.874],[12.0097,55.874],[12.0098,55.874],[12.0099,55.874],[12.0099,55.874],[12.01,55.874],[12.0101,55.874],[12.0103,55.874],[12.0103,55.874],[12.0104,55.874],[12.0106,55.874],[12.0106,55.8741],[12.0107,55.8741],[12.0108,55.8741],[12.0108,55.8741],[12.0109,55.8742],[12.0109,55.8742],[12.011,55.8742],[12.011,55.8743],[12.0111,55.8744],[12.0111,55.8745],[12.0111,55.8746],[12.0111,55.8746],[12.0111,55.8747],[12.0112,55.8749],[12.0112,55.8749],[12.0112,55.875],[12.0112,55.875],[12.0112,55.875],[12.0111,55.8751],[12.0111,55.8751],[12.0111,55.8751],[12.011,55.8751],[12.011,55.875],[12.0109,55.875],[12.0107,55.8749],[12.0106,55.8749],[12.0106,55.8748],[12.0105,55.8748],[12.0105,55.8747],[12.0104,55.8747],[12.0104,55.8747],[12.0103,55.8747],[12.0103,55.8747],[12.0102,55.8746],[12.0101,55.8746],[12.01,55.8746],[12.0097,55.8745],[12.0095,55.8745],[12.0095,55.8746],[12.0095,55.8747],[12.0095,55.8747],[12.0095,55.8748],[12.0096,55.8748],[12.0097,55.8748],[12.0097,55.8748],[12.0097,55.8749],[12.0098,55.8749],[12.0098,55.8749],[12.0099,55.8749],[12.0099,55.875],[12.0098,55.8752],[12.0099,55.8754],[12.0097,55.8756],[12.0096,55.8758],[12.0093,55.8759],[12.0086,55.8762],[12.008,55.8764],[12.0078,55.8766],[12.0077,55.8769],[12.0073,55.877],[12.0072,55.8771],[12.0072,55.8772],[12.0071,55.8772],[12.007,55.8773],[12.007,55.8773],[12.007,55.8773],[12.0069,55.8774],[12.007,55.8776],[12.007,55.8776],[12.0069,55.8777],[12.0069,55.8779],[12.0065,55.8781],[12.0065,55.8785],[12.0065,55.8788],[12.0068,55.879],[12.0071,55.8791],[12.0072,55.8792],[12.0073,55.8792],[12.0074,55.8792],[12.0075,55.8792],[12.0077,55.8792],[12.0078,55.8792],[12.0079,55.8792],[12.0079,55.8792],[12.0081,55.8792],[12.0082,55.8791],[12.0084,55.8791],[12.0085,55.8791],[12.0086,55.879],[12.0087,55.879],[12.0088,55.879],[12.0089,55.879],[12.009,55.8789],[12.0091,55.8789],[12.0093,55.8789],[12.0094,55.8788],[12.0095,55.8788],[12.0096,55.8788],[12.0098,55.8788],[12.0099,55.8788],[12.0099,55.8788],[12.01,55.8788],[12.01,55.8787],[12.01,55.8787],[12.0101,55.8786],[12.0102,55.8786],[12.0102,55.8785],[12.0103,55.8785],[12.0104,55.8785],[12.0104,55.8784],[12.0105,55.8784],[12.0105,55.8783],[12.0107,55.8783],[12.0108,55.8782],[12.0109,55.8782],[12.0109,55.8782],[12.011,55.8781],[12.011,55.8781],[12.011,55.8781],[12.011,55.878],[12.011,55.8779],[12.0111,55.8779],[12.0111,55.8779],[12.0111,55.8779],[12.0112,55.8778],[12.0111,55.8777],[12.0112,55.8776],[12.0112,55.8776],[12.0112,55.8776],[12.0111,55.8775],[12.0111,55.8775],[12.0111,55.8775],[12.0111,55.8775],[12.0112,55.8774],[12.0114,55.8772],[12.0115,55.8772],[12.0115,55.8771],[12.0116,55.877],[12.0116,55.8769],[12.0116,55.8769],[12.0116,55.8768],[12.0117,55.8767],[12.0117,55.8767],[12.0117,55.8767],[12.0117,55.8766],[12.0117,55.8766],[12.0117,55.8766],[12.0117,55.8764],[12.0118,55.8764],[12.0118,55.8763],[12.0118,55.8763],[12.0119,55.8763],[12.012,55.8762],[12.0121,55.8762],[12.0122,55.8761],[12.0123,55.8761],[12.0124,55.8761],[12.0124,55.876],[12.0125,55.876],[12.0125,55.876],[12.0125,55.8759],[12.0125,55.8759],[12.0125,55.8759],[12.0126,55.8758],[12.0126,55.8756],[12.0126,55.8755],[12.0126,55.8755],[12.0126,55.8754],[12.0126,55.8754],[12.0126,55.8753],[12.0125,55.8752],[12.0125,55.8751],[12.0125,55.8751],[12.0124,55.8751],[12.0124,55.875],[12.0124,55.875],[12.0124,55.8749],[12.0124,55.8749],[12.0124,55.8749],[12.0125,55.8748],[12.0126,55.8747],[12.0126,55.8747],[12.0126,55.8747],[12.0126,55.8746],[12.0127,55.8746],[12.0126,55.8745],[12.0126,55.8744],[12.0126,55.8743],[12.0126,55.8743],[12.0127,55.8741],[12.0128,55.874],[12.0128,55.8739],[12.0129,55.8736],[12.0129,55.8736],[12.0129,55.8735],[12.013,55.8732],[12.0131,55.8727],[12.0131,55.8726],[12.0131,55.8726],[12.0131,55.8725],[12.013,55.8724],[12.013,55.8724],[12.013,55.8723]],[[12.0101,55.8768],[12.0102,55.8768],[12.0103,55.8767],[12.0105,55.8767],[12.0106,55.8767],[12.0107,55.8767],[12.0107,55.8768],[12.0107,55.877],[12.0106,55.877],[12.0105,55.8771],[12.0103,55.8771],[12.0102,55.877],[12.0101,55.8768]]]},"properties":{"sourceId":"ais_par3.156880","a_type":4210,"hectares":14.383}},{"type":"Feature","id":"ais_par3.156898","geometry":{"type":"Polygon","coordinates":[[[11.9972,55.8752],[11.9975,55.8761],[11.9978,55.8772],[11.9986,55.8782],[11.9991,55.8787],[11.9993,55.8787],[11.9996,55.8784],[12,55.8784],[12,55.8786],[12.0002,55.8787],[12.0001,55.879],[11.9998,55.8792],[11.9993,55.8798],[11.9994,55.8802],[11.9991,55.8804],[11.9989,55.8807],[11.9987,55.8809],[11.9987,55.8811],[11.9985,55.8814],[11.9984,55.8816],[11.9988,55.8817],[11.9988,55.8822],[11.9986,55.8827],[11.9983,55.8833],[12.0008,55.8838],[12.0009,55.883],[12.0009,55.8829],[12.0009,55.8829],[12.0012,55.8826],[12.0012,55.8825],[12.0013,55.8824],[12.0014,55.8824],[12.0014,55.8823],[12.0011,55.882],[12.0006,55.882],[12.0007,55.8818],[12.0008,55.881],[12.0008,55.8809],[12.0007,55.8809],[12.0007,55.8809],[12.0006,55.8807],[12.0007,55.8807],[12.0008,55.8806],[12.0007,55.8806],[12.0007,55.8805],[12.0007,55.8805],[12.0007,55.8804],[12.0007,55.8804],[12.0006,55.8803],[12.0006,55.8803],[12.0006,55.8802],[12.0005,55.8802],[12.0004,55.8801],[12.0004,55.8801],[12.0004,55.88],[12.0004,55.8799],[12.0004,55.8799],[12.0004,55.8798],[12.0004,55.8798],[12.0004,55.8797],[12.0004,55.8797],[12.0004,55.8796],[12.0003,55.8795],[12.0003,55.8795],[12.0003,55.8794],[12.0003,55.8794],[12.0004,55.8792],[12.0004,55.8792],[12.0005,55.8791],[12.0006,55.8791],[12.0006,55.879],[12.0007,55.8789],[12.0007,55.8788],[12.0007,55.8787],[12.0007,55.8786],[12.0006,55.8786],[12.0006,55.8785],[12.0005,55.8783],[12.0004,55.8782],[12.0004,55.8781],[12.0003,55.878],[12.0003,55.878],[12.0003,55.878],[12.0003,55.8779],[12.0003,55.8779],[12.0003,55.8779],[12.0003,55.8778],[12.0003,55.8778],[12.0003,55.8777],[12.0004,55.8777],[12.0005,55.8776],[12.0008,55.8775],[12.0009,55.8775],[12.001,55.8774],[12.001,55.8774],[12.0009,55.8773],[11.9999,55.8773],[11.9999,55.8773],[11.9998,55.8773],[11.9998,55.8773],[11.9998,55.8772],[11.9997,55.8772],[11.9997,55.8771],[11.9996,55.877],[11.9996,55.8769],[11.9995,55.8769],[11.9994,55.8768],[11.9992,55.8767],[11.9992,55.8766],[11.9992,55.8766],[11.9992,55.8765],[11.9993,55.8765],[11.9994,55.8764],[11.9994,55.8764],[11.9993,55.8764],[11.9993,55.8764],[11.9992,55.8764],[11.9992,55.8763],[11.9992,55.8763],[11.9992,55.8762],[11.9992,55.8761],[11.9992,55.876],[11.9992,55.876],[11.9992,55.8759],[11.9992,55.8759],[11.9993,55.8758],[11.9992,55.8757],[11.9992,55.8757],[11.9992,55.8756],[11.9992,55.8756],[11.9992,55.8755],[11.9992,55.8754],[11.9993,55.8754],[11.9996,55.8754],[11.9995,55.8753],[11.9994,55.8753],[11.9995,55.8752],[11.9996,55.8752],[11.9997,55.8752],[11.9997,55.8751],[11.9997,55.8751],[11.9997,55.875],[11.9998,55.875],[11.9999,55.8749],[11.9999,55.8749],[11.9999,55.8749],[11.9999,55.8748],[11.9999,55.8747],[12,55.8746],[12.0001,55.8746],[12.0002,55.8745],[12.0002,55.8746],[12.0002,55.8746],[12.0002,55.8746],[12.0004,55.8747],[12.0004,55.8747],[12.0003,55.8746],[12.0004,55.8745],[12.0003,55.8745],[12.0003,55.8744],[12.0004,55.8744],[12.0006,55.8743],[12.0007,55.8742],[12.0007,55.8742],[12.0008,55.8741],[12.0008,55.8741],[12.0009,55.8741],[12.001,55.874],[12.0011,55.8739],[12.0012,55.8739],[12.0012,55.8738],[12.0013,55.8737],[12.0014,55.8737],[12.0015,55.8736],[12.0015,55.8736],[12.0015,55.8736],[12.0016,55.8735],[12.0017,55.8734],[12.0018,55.8733],[12.0018,55.8731],[12.0018,55.873],[12.0018,55.873],[12.0017,55.8729],[12.0017,55.8729],[12.0017,55.8729],[12.0018,55.8728],[12.0019,55.8727],[12.0018,55.8726],[12.0018,55.8725],[12.0018,55.8724],[12.0018,55.8724],[12.0017,55.8723],[12.0014,55.8721],[12.0013,55.872],[12.0011,55.8719],[12.0011,55.8719],[12.0011,55.8719],[12.001,55.8718],[12.001,55.8718],[12.0008,55.8718],[12.0008,55.8717],[12.0008,55.8717],[12.0008,55.8717],[12.0007,55.8716],[12.0006,55.8716],[12.0005,55.8716],[12.0005,55.8715],[12.0004,55.8715],[12.0004,55.8714],[12.0004,55.8714],[12.0004,55.8713],[12.0003,55.8712],[12.0003,55.8711],[12.0003,55.8711],[12.0003,55.871],[12.0003,55.871],[12.0002,55.8709],[12.0002,55.8708],[12.0001,55.8708],[12.0002,55.8707],[12.0002,55.8706],[12.0001,55.8706],[12.0001,55.8705],[12,55.8704],[12,55.8704],[12.0001,55.8703],[12.0001,55.8703],[12.0001,55.8702],[12.0001,55.8702],[11.9997,55.8701],[11.9997,55.8701],[11.9997,55.8701],[11.9994,55.8701],[11.9994,55.8708],[11.9983,55.8714],[11.997,55.8729],[11.9948,55.8727],[11.9957,55.873],[11.9959,55.8739],[11.9965,55.8739],[11.9969,55.874],[11.9971,55.8742],[11.997,55.8745],[11.9969,55.8748],[11.9972,55.8752]],[[11.9959,55.8734],[11.9959,55.8733],[11.9958,55.8732],[11.9959,55.8732],[11.996,55.8732],[11.9962,55.8733],[11.9962,55.8734],[11.9961,55.8734],[11.996,55.8734],[11.996,55.8734],[11.9959,55.8734]]]},"properties":{"sourceId":"ais_par3.156898","a_type":4210,"hectares":22.354}},{"type":"Feature","id":"ais_par3.156899","geometry":{"type":"Polygon","coordinates":[[[12.0174,55.9091],[12.0175,55.9092],[12.0175,55.9092],[12.0177,55.9091],[12.0179,55.9091],[12.0179,55.909],[12.0179,55.9089],[12.0179,55.9088],[12.0178,55.9087],[12.0178,55.9087],[12.0177,55.9087],[12.0176,55.9087],[12.0173,55.9089],[12.0173,55.9089],[12.0174,55.9091]]]},"properties":{"sourceId":"ais_par3.156899","a_type":4210,"hectares":0.144}},{"type":"Feature","id":"ais_par3.156907","geometry":{"type":"Polygon","coordinates":[[[12.0634,55.8807],[12.064,55.8808],[12.0643,55.8807],[12.0645,55.8806],[12.0648,55.8803],[12.0648,55.8803],[12.0662,55.8803],[12.0662,55.8804],[12.0667,55.8805],[12.0679,55.879],[12.0673,55.879],[12.0668,55.879],[12.0663,55.8791],[12.0655,55.8792],[12.0649,55.8792],[12.0648,55.8792],[12.0648,55.8793],[12.0647,55.8794],[12.0646,55.8794],[12.0646,55.8795],[12.0645,55.8795],[12.0643,55.8795],[12.0641,55.8796],[12.064,55.8796],[12.0639,55.8799],[12.0638,55.88],[12.0638,55.88],[12.0637,55.8801],[12.0637,55.8801],[12.0636,55.8801],[12.0636,55.8801],[12.0635,55.8801],[12.0635,55.8802],[12.0634,55.8802],[12.0633,55.8803],[12.0632,55.8804],[12.0632,55.8805],[12.0631,55.8807],[12.0634,55.8807]]]},"properties":{"sourceId":"ais_par3.156907","a_type":4210,"hectares":3.167}},{"type":"Feature","id":"ais_par3.156914","geometry":{"type":"Polygon","coordinates":[[[12.0679,55.8636],[12.0681,55.8624],[12.0665,55.8623],[12.0665,55.8623],[12.0674,55.8597],[12.0675,55.8594],[12.0678,55.8587],[12.0674,55.8586],[12.0676,55.8579],[12.0666,55.8576],[12.0664,55.8577],[12.065,55.8585],[12.0631,55.8575],[12.0603,55.8572],[12.0598,55.8573],[12.0595,55.8575],[12.0593,55.8576],[12.0591,55.8576],[12.0587,55.8576],[12.0585,55.8578],[12.0581,55.8579],[12.0575,55.8579],[12.0574,55.8578],[12.057,55.8577],[12.0546,55.8578],[12.0538,55.8578],[12.053,55.8579],[12.0515,55.8582],[12.0506,55.8585],[12.0504,55.8585],[12.0498,55.8586],[12.0495,55.8586],[12.0495,55.8588],[12.0495,55.8588],[12.0499,55.8587],[12.0499,55.8588],[12.0501,55.8587],[12.0504,55.8587],[12.0505,55.8587],[12.0506,55.8588],[12.0506,55.8588],[12.0508,55.8587],[12.0516,55.8585],[12.0522,55.8584],[12.0524,55.8583],[12.0527,55.8582],[12.0528,55.8582],[12.0528,55.8583],[12.0529,55.8583],[12.0531,55.8582],[12.0531,55.8582],[12.0533,55.8582],[12.0534,55.8582],[12.0537,55.8581],[12.054,55.8581],[12.0543,55.8582],[12.0543,55.8582],[12.0545,55.8582],[12.0549,55.8582],[12.055,55.8582],[12.0556,55.8581],[12.0557,55.8582],[12.0558,55.8581],[12.056,55.8581],[12.056,55.8582],[12.0561,55.8582],[12.0562,55.8581],[12.0564,55.8581],[12.0566,55.8581],[12.0569,55.8581],[12.0571,55.8581],[12.0572,55.8581],[12.0573,55.8581],[12.0575,55.8581],[12.0576,55.8581],[12.0577,55.8581],[12.0577,55.8582],[12.0579,55.8583],[12.058,55.8583],[12.058,55.8583],[12.0581,55.8583],[12.0583,55.8583],[12.0585,55.8583],[12.0584,55.8582],[12.0584,55.8581],[12.0585,55.8581],[12.0586,55.8581],[12.0586,55.858],[12.0586,55.858],[12.0587,55.858],[12.0589,55.858],[12.059,55.858],[12.0593,55.8581],[12.0593,55.8581],[12.0593,55.8582],[12.0594,55.8582],[12.0595,55.8583],[12.0596,55.8584],[12.0597,55.8585],[12.0598,55.8585],[12.0598,55.8585],[12.0599,55.8584],[12.06,55.8584],[12.06,55.8584],[12.0599,55.8583],[12.06,55.8582],[12.0601,55.8582],[12.0602,55.8582],[12.0602,55.8582],[12.0603,55.8582],[12.0605,55.8583],[12.0605,55.8584],[12.0606,55.8585],[12.0607,55.8586],[12.0608,55.8586],[12.0609,55.8586],[12.0609,55.8587],[12.0609,55.8587],[12.061,55.8587],[12.0609,55.8589],[12.0612,55.8592],[12.0615,55.8593],[12.0615,55.8592],[12.0615,55.8592],[12.0615,55.8591],[12.0614,55.8591],[12.0614,55.859],[12.0615,55.859],[12.0616,55.859],[12.0617,55.8589],[12.0617,55.8589],[12.0619,55.8588],[12.0619,55.8589],[12.062,55.8588],[12.062,55.8592],[12.0619,55.8594],[12.062,55.8595],[12.0621,55.8595],[12.0621,55.8595],[12.0621,55.8596],[12.0622,55.8597],[12.0624,55.8598],[12.0623,55.86],[12.0623,55.86],[12.0624,55.86],[12.0626,55.86],[12.0625,55.8598],[12.0627,55.8599],[12.0627,55.8598],[12.0629,55.8598],[12.063,55.8599],[12.063,55.8599],[12.0631,55.8599],[12.0634,55.86],[12.0635,55.86],[12.0636,55.86],[12.0637,55.86],[12.0637,55.86],[12.0638,55.86],[12.0638,55.86],[12.0638,55.8599],[12.0639,55.8598],[12.0641,55.8599],[12.0643,55.86],[12.0644,55.8601],[12.0644,55.8601],[12.0649,55.8601],[12.0651,55.8602],[12.0648,55.8604],[12.0649,55.8607],[12.0649,55.8607],[12.065,55.8609],[12.0649,55.8609],[12.065,55.8611],[12.065,55.8611],[12.0652,55.8612],[12.065,55.8614],[12.0651,55.8615],[12.0653,55.8616],[12.0654,55.8619],[12.0653,55.8619],[12.0652,55.8617],[12.0651,55.8616],[12.065,55.8617],[12.0649,55.8618],[12.0649,55.862],[12.065,55.862],[12.0652,55.8621],[12.0654,55.8621],[12.0653,55.8622],[12.065,55.8623],[12.065,55.8623],[12.0652,55.8624],[12.0651,55.8625],[12.0649,55.8626],[12.0649,55.8626],[12.065,55.8627],[12.065,55.8629],[12.0651,55.863],[12.0651,55.8631],[12.0648,55.863],[12.0646,55.8629],[12.0647,55.8631],[12.0647,55.8632],[12.0647,55.8633],[12.0647,55.8634],[12.0646,55.8634],[12.0645,55.8635],[12.0646,55.8636],[12.0648,55.8637],[12.0647,55.8638],[12.0645,55.8637],[12.0644,55.8638],[12.0645,55.8639],[12.0644,55.864],[12.0643,55.8642],[12.0643,55.8643],[12.0644,55.8645],[12.0645,55.8645],[12.0645,55.8645],[12.0646,55.8646],[12.0646,55.8646],[12.0646,55.8646],[12.0647,55.8646],[12.0648,55.8645],[12.065,55.8645],[12.0648,55.8646],[12.0648,55.8647],[12.0648,55.8648],[12.0645,55.8648],[12.0645,55.865],[12.0648,55.865],[12.0648,55.865],[12.0646,55.8651],[12.0646,55.8652],[12.0648,55.8653],[12.0647,55.8654],[12.0649,55.8654],[12.0648,55.8655],[12.0649,55.8656],[12.065,55.8656],[12.0651,55.8657],[12.065,55.8658],[12.0651,55.8659],[12.0652,55.8658],[12.0653,55.8658],[12.0652,55.8659],[12.0652,55.8659],[12.0653,55.8661],[12.0654,55.8661],[12.0655,55.8661],[12.0654,55.8662],[12.0655,55.8663],[12.0657,55.8664],[12.0658,55.8664],[12.0657,55.8665],[12.0655,55.8665],[12.0653,55.8665],[12.0651,55.8666],[12.0649,55.8666],[12.0644,55.8664],[12.0642,55.8664],[12.0641,55.8665],[12.064,55.8666],[12.0638,55.8667],[12.0637,55.8668],[12.0636,55.8669],[12.0638,55.8671],[12.0639,55.8673],[12.064,55.8674],[12.0639,55.8675],[12.0639,55.8675],[12.0639,55.8676],[12.0639,55.8676],[12.0639,55.8677],[12.0639,55.8678],[12.064,55.8679],[12.064,55.8678],[12.0641,55.8676],[12.0642,55.8675],[12.0642,55.8674],[12.0643,55.8674],[12.0643,55.8676],[12.0643,55.8677],[12.0642,55.8678],[12.0641,55.868],[12.0638,55.868],[12.0638,55.8681],[12.0639,55.8682],[12.064,55.8683],[12.0642,55.8683],[12.0643,55.8683],[12.0644,55.8682],[12.0646,55.8681],[12.0646,55.8681],[12.0644,55.8683],[12.0644,55.8684],[12.0645,55.8684],[12.0646,55.8684],[12.0646,55.8685],[12.0645,55.8685],[12.0645,55.8686],[12.0646,55.8687],[12.0648,55.8688],[12.0649,55.8688],[12.0648,55.8689],[12.0645,55.8689],[12.0644,55.8689],[12.0643,55.869],[12.0643,55.869],[12.0643,55.869],[12.0644,55.8692],[12.0644,55.8693],[12.0644,55.8693],[12.0645,55.8694],[12.0643,55.8696],[12.0643,55.8698],[12.0642,55.8699],[12.0643,55.87],[12.0643,55.87],[12.0643,55.8701],[12.0643,55.8702],[12.0641,55.8704],[12.0642,55.8706],[12.0642,55.8706],[12.0642,55.8707],[12.0642,55.8708],[12.0642,55.8709],[12.0645,55.8711],[12.0645,55.8711],[12.0645,55.8712],[12.0645,55.8713],[12.0645,55.8713],[12.0645,55.8713],[12.0644,55.8713],[12.0644,55.8714],[12.0644,55.8716],[12.0645,55.8717],[12.0645,55.8718],[12.0645,55.8718],[12.0645,55.8719],[12.0646,55.872],[12.0646,55.872],[12.0646,55.8721],[12.0646,55.8721],[12.0646,55.8722],[12.0649,55.8723],[12.065,55.8723],[12.0651,55.8724],[12.0653,55.8724],[12.0654,55.8726],[12.0655,55.8727],[12.0655,55.8727],[12.0655,55.8727],[12.0657,55.8728],[12.0657,55.8729],[12.0655,55.8729],[12.0651,55.8728],[12.065,55.8728],[12.0648,55.873],[12.0648,55.8731],[12.0648,55.8731],[12.0649,55.8732],[12.065,55.8732],[12.0651,55.8733],[12.0651,55.8733],[12.0651,55.8734],[12.0651,55.8734],[12.0653,55.8736],[12.0656,55.8738],[12.0659,55.874],[12.0659,55.8742],[12.0659,55.8742],[12.0661,55.8742],[12.0662,55.8743],[12.066,55.8744],[12.0659,55.8745],[12.066,55.8746],[12.0659,55.8745],[12.0658,55.8745],[12.0658,55.8747],[12.0659,55.8749],[12.0661,55.8749],[12.066,55.8749],[12.0661,55.875],[12.066,55.875],[12.066,55.875],[12.0659,55.8751],[12.0659,55.8751],[12.0659,55.8754],[12.0659,55.8754],[12.0659,55.8755],[12.0659,55.8756],[12.066,55.8757],[12.066,55.8758],[12.0661,55.8758],[12.0661,55.8759],[12.0659,55.876],[12.0659,55.876],[12.0659,55.8761],[12.066,55.8761],[12.066,55.8762],[12.066,55.8762],[12.066,55.8763],[12.066,55.8763],[12.066,55.8764],[12.066,55.8764],[12.066,55.8764],[12.0661,55.8766],[12.0662,55.8766],[12.0663,55.8767],[12.0663,55.8767],[12.0663,55.8768],[12.0663,55.8768],[12.0662,55.8769],[12.0662,55.8769],[12.0662,55.8769],[12.0664,55.8771],[12.0665,55.8771],[12.0668,55.8772],[12.0666,55.8772],[12.0667,55.8773],[12.067,55.8774],[12.067,55.8775],[12.0667,55.8776],[12.0668,55.8777],[12.0669,55.8777],[12.0669,55.8778],[12.0671,55.878],[12.0672,55.8781],[12.0672,55.8782],[12.0674,55.8783],[12.0671,55.8783],[12.0671,55.8782],[12.067,55.8781],[12.0667,55.878],[12.0664,55.878],[12.0662,55.878],[12.0659,55.8781],[12.0658,55.8781],[12.0658,55.8782],[12.0658,55.8783],[12.0657,55.8784],[12.0656,55.8785],[12.0654,55.8786],[12.0653,55.8786],[12.0653,55.8787],[12.0652,55.8788],[12.0651,55.879],[12.0649,55.8791],[12.0649,55.8791],[12.0653,55.8791],[12.0661,55.879],[12.0663,55.879],[12.0667,55.8789],[12.0669,55.8789],[12.0679,55.8789],[12.0682,55.8786],[12.0684,55.8784],[12.0686,55.878],[12.0685,55.8778],[12.0683,55.8775],[12.0676,55.8769],[12.0673,55.8767],[12.0671,55.8765],[12.0696,55.8763],[12.0695,55.8757],[12.0694,55.8753],[12.0694,55.8748],[12.0689,55.8748],[12.0689,55.8747],[12.0671,55.8747],[12.0668,55.8726],[12.0673,55.8726],[12.0672,55.8725],[12.0676,55.8718],[12.0676,55.8717],[12.0672,55.8717],[12.0663,55.8716],[12.0659,55.8715],[12.0656,55.8713],[12.065,55.8711],[12.0652,55.8711],[12.0651,55.8707],[12.0651,55.8703],[12.0652,55.8698],[12.066,55.8698],[12.0659,55.8694],[12.0651,55.8694],[12.0649,55.8693],[12.0648,55.8692],[12.0649,55.8691],[12.0652,55.869],[12.0667,55.8689],[12.0666,55.8667],[12.0669,55.8667],[12.0667,55.866],[12.0662,55.866],[12.0664,55.8637],[12.0679,55.8636]],[[12.0661,55.8681],[12.0661,55.868],[12.0659,55.868],[12.066,55.8678],[12.0661,55.8678],[12.0661,55.8679],[12.0662,55.8679],[12.0663,55.8679],[12.0663,55.8679],[12.0664,55.868],[12.0663,55.8681],[12.0662,55.8681],[12.0661,55.8681]],[[12.0649,55.8673],[12.0648,55.8673],[12.0648,55.8672],[12.0649,55.8673],[12.0651,55.8673],[12.0653,55.8673],[12.0654,55.8673],[12.0653,55.8674],[12.0652,55.8674],[12.0651,55.8674],[12.0651,55.8674],[12.065,55.8673],[12.0649,55.8673]],[[12.0648,55.8702],[12.0649,55.8703],[12.0649,55.8704],[12.0646,55.8704],[12.0646,55.8704],[12.0647,55.8703],[12.0648,55.8702]],[[12.0662,55.8599],[12.0662,55.8599],[12.0662,55.8599],[12.0662,55.8598],[12.0663,55.8598],[12.0663,55.8598],[12.0664,55.8598],[12.0664,55.8598],[12.0665,55.8598],[12.0665,55.8599],[12.0665,55.8599],[12.0665,55.8599],[12.0664,55.86],[12.0664,55.86],[12.0663,55.86],[12.0663,55.86],[12.0662,55.8599]],[[12.0615,55.8584],[12.0615,55.8584],[12.0615,55.8584],[12.0615,55.8583],[12.0616,55.8583],[12.0616,55.8583],[12.0617,55.8583],[12.0617,55.8583],[12.0618,55.8583],[12.0618,55.8584],[12.0618,55.8584],[12.0618,55.8584],[12.0617,55.8584],[12.0617,55.8585],[12.0616,55.8585],[12.0616,55.8584],[12.0615,55.8584]],[[12.0656,55.8598],[12.0656,55.8598],[12.0657,55.8598],[12.0657,55.8599],[12.0658,55.8599],[12.0658,55.8599],[12.0658,55.86],[12.0657,55.86],[12.0656,55.86],[12.0656,55.86],[12.0655,55.86],[12.0655,55.86],[12.0655,55.8599],[12.0655,55.8599],[12.0655,55.8599],[12.0655,55.8598],[12.0656,55.8598]],[[12.0654,55.8599],[12.0654,55.8599],[12.0654,55.8599],[12.0653,55.8599],[12.0653,55.86],[12.0652,55.86],[12.0652,55.86],[12.0651,55.86],[12.0651,55.8599],[12.0651,55.8599],[12.0651,55.8599],[12.0651,55.8599],[12.0651,55.8599],[12.0651,55.8598],[12.0652,55.8598],[12.0652,55.8598],[12.0653,55.8598],[12.0653,55.8598],[12.0654,55.8599]],[[12.065,55.8599],[12.065,55.86],[12.065,55.86],[12.0649,55.86],[12.0649,55.86],[12.0648,55.86],[12.0648,55.86],[12.0647,55.86],[12.0647,55.86],[12.0647,55.8599],[12.0647,55.8599],[12.0647,55.8599],[12.0648,55.8599],[12.0649,55.8599],[12.0649,55.8599],[12.065,55.8599],[12.065,55.8599],[12.065,55.8599]]]},"properties":{"sourceId":"ais_par3.156914","a_type":4210,"hectares":39.335}},{"type":"Feature","id":"ais_par3.156917","geometry":{"type":"Polygon","coordinates":[[[11.8492,55.9567],[11.8495,55.9567],[11.8497,55.9567],[11.8498,55.9568],[11.8497,55.9569],[11.8497,55.9571],[11.8498,55.9572],[11.8502,55.9573],[11.8506,55.9573],[11.851,55.9572],[11.8514,55.957],[11.8514,55.9567],[11.8514,55.9565],[11.8512,55.956],[11.851,55.9558],[11.8486,55.9565],[11.8485,55.9565],[11.8486,55.9566],[11.8488,55.9566],[11.8491,55.9565],[11.8492,55.9566],[11.8492,55.9566],[11.8493,55.9566],[11.8493,55.9567],[11.8492,55.9567]]]},"properties":{"sourceId":"ais_par3.156917","a_type":4210,"hectares":1.696}},{"type":"Feature","id":"ais_par3.156945","geometry":{"type":"Polygon","coordinates":[[[12.0102,55.9102],[12.0086,55.9109],[12.0075,55.9115],[12.006,55.9121],[12.005,55.9123],[12.0045,55.9123],[12.0038,55.9123],[12.0035,55.9125],[12.0029,55.9124],[12.003,55.9122],[12.0022,55.9122],[12.0018,55.9121],[12.0013,55.9121],[12.0011,55.912],[12.0008,55.912],[12.0006,55.9121],[12.0004,55.9121],[12.0001,55.9121],[12.0001,55.912],[11.9998,55.9119],[11.9994,55.9119],[11.9989,55.9118],[11.9986,55.9119],[11.9984,55.9119],[11.9983,55.9118],[11.9984,55.9117],[11.9983,55.9117],[11.9977,55.9117],[11.9974,55.9119],[11.9971,55.9119],[11.9969,55.9118],[11.9968,55.9117],[11.9966,55.9117],[11.9962,55.9118],[11.9954,55.9117],[11.9951,55.9116],[11.9945,55.9116],[11.994,55.9115],[11.9936,55.9115],[11.9933,55.9114],[11.9928,55.9113],[11.9921,55.9112],[11.9916,55.9113],[11.9908,55.9111],[11.9901,55.911],[11.9896,55.9112],[11.9887,55.9112],[11.9877,55.9115],[11.9867,55.9118],[11.986,55.9117],[11.9852,55.9117],[11.9848,55.9116],[11.9842,55.9116],[11.9835,55.9118],[11.9828,55.9117],[11.9823,55.9119],[11.9823,55.9124],[11.981,55.9128],[11.9804,55.9127],[11.9801,55.9132],[11.9794,55.9135],[11.9788,55.9136],[11.9776,55.9139],[11.9761,55.9143],[11.9749,55.9148],[11.9741,55.9155],[11.9734,55.9161],[11.9723,55.9165],[11.9726,55.9167],[11.9719,55.9171],[11.9717,55.9174],[11.9709,55.9177],[11.9705,55.9194],[11.9705,55.9211],[11.9699,55.9221],[11.9693,55.9234],[11.9686,55.9239],[11.9676,55.9243],[11.9668,55.9246],[11.9662,55.9251],[11.9658,55.9255],[11.9676,55.9266],[11.9663,55.9275],[11.966,55.9279],[11.9654,55.9282],[11.9641,55.9291],[11.9638,55.9294],[11.9639,55.9295],[11.9641,55.9295],[11.9643,55.9295],[11.9643,55.9295],[11.9645,55.9294],[11.9649,55.9289],[11.965,55.9288],[11.9652,55.9286],[11.9655,55.9284],[11.966,55.9282],[11.9662,55.9279],[11.9665,55.9276],[11.9669,55.9273],[11.9675,55.927],[11.968,55.9268],[11.9685,55.9264],[11.9692,55.926],[11.9696,55.9256],[11.9703,55.9252],[11.9707,55.9248],[11.9712,55.9243],[11.9716,55.9239],[11.9719,55.9236],[11.9719,55.9236],[11.9719,55.9236],[11.9721,55.9234],[11.9724,55.9231],[11.9724,55.9227],[11.9725,55.9225],[11.9727,55.9223],[11.973,55.922],[11.9734,55.9214],[11.9737,55.9209],[11.9741,55.9203],[11.9743,55.9202],[11.9747,55.9201],[11.9749,55.9198],[11.9751,55.9194],[11.9754,55.9191],[11.9757,55.9187],[11.9758,55.9187],[11.9758,55.9187],[11.9758,55.9186],[11.9758,55.9186],[11.9759,55.9185],[11.976,55.9184],[11.9761,55.9183],[11.9761,55.9182],[11.9762,55.9182],[11.9766,55.918],[11.9769,55.9178],[11.9771,55.9177],[11.9771,55.9176],[11.9772,55.9176],[11.9773,55.9175],[11.9773,55.9175],[11.9774,55.9175],[11.9778,55.9171],[11.9778,55.9171],[11.9779,55.9171],[11.978,55.917],[11.9781,55.9169],[11.9781,55.9169],[11.9782,55.9169],[11.9782,55.9169],[11.9785,55.9167],[11.9785,55.9166],[11.9785,55.9166],[11.9784,55.9166],[11.9785,55.9165],[11.9786,55.9165],[11.9787,55.9164],[11.9788,55.9164],[11.9788,55.9164],[11.9789,55.9164],[11.979,55.9164],[11.9791,55.9163],[11.9791,55.9163],[11.9792,55.9162],[11.9793,55.9162],[11.9794,55.9162],[11.9794,55.9161],[11.9795,55.9161],[11.9795,55.9161],[11.9798,55.916],[11.98,55.916],[11.9805,55.9157],[11.9805,55.9156],[11.9806,55.9155],[11.9806,55.9155],[11.9807,55.9155],[11.9808,55.9155],[11.9809,55.9154],[11.981,55.9154],[11.981,55.9154],[11.9811,55.9153],[11.9812,55.9154],[11.9813,55.9154],[11.9814,55.9153],[11.9819,55.915],[11.9819,55.915],[11.9819,55.915],[11.9819,55.9149],[11.982,55.9149],[11.9821,55.9148],[11.9821,55.9148],[11.9821,55.9148],[11.9823,55.9147],[11.9823,55.9147],[11.9824,55.9147],[11.9824,55.9147],[11.9825,55.9146],[11.9825,55.9146],[11.9825,55.9146],[11.9825,55.9146],[11.9826,55.9145],[11.9826,55.9145],[11.9827,55.9145],[11.9827,55.9145],[11.9826,55.9144],[11.9827,55.9143],[11.9828,55.9144],[11.9829,55.9143],[11.983,55.9144],[11.983,55.9144],[11.983,55.9144],[11.9831,55.9142],[11.9831,55.9142],[11.9832,55.9142],[11.9832,55.9141],[11.9833,55.9141],[11.9834,55.9141],[11.9835,55.9141],[11.9835,55.9141],[11.9836,55.9141],[11.9836,55.9141],[11.9836,55.914],[11.9837,55.914],[11.9837,55.914],[11.9837,55.914],[11.9838,55.914],[11.984,55.914],[11.984,55.914],[11.984,55.9139],[11.9838,55.9138],[11.9836,55.9137],[11.9833,55.9136],[11.9834,55.9135],[11.9838,55.9136],[11.984,55.9136],[11.9841,55.9137],[11.9842,55.9136],[11.9842,55.9136],[11.9843,55.9136],[11.9844,55.9137],[11.9845,55.9137],[11.9845,55.9137],[11.9846,55.9138],[11.9848,55.9138],[11.9849,55.9139],[11.985,55.9139],[11.985,55.9138],[11.9847,55.9137],[11.9846,55.9137],[11.985,55.9136],[11.9851,55.9135],[11.9852,55.9135],[11.9852,55.9135],[11.9853,55.9135],[11.9853,55.9135],[11.9853,55.9135],[11.9853,55.9135],[11.9854,55.9136],[11.9855,55.9136],[11.9855,55.9136],[11.9858,55.9136],[11.9858,55.9136],[11.9859,55.9136],[11.986,55.9136],[11.9861,55.9135],[11.9861,55.9135],[11.9862,55.9135],[11.9863,55.9135],[11.9864,55.9135],[11.9865,55.9135],[11.9866,55.9136],[11.9866,55.9136],[11.9867,55.9137],[11.9868,55.9137],[11.987,55.9137],[11.9871,55.9137],[11.9873,55.9137],[11.9873,55.9137],[11.9877,55.9137],[11.9878,55.9136],[11.988,55.9136],[11.9881,55.9136],[11.9881,55.9136],[11.9882,55.9136],[11.9882,55.9135],[11.9884,55.9135],[11.9884,55.9135],[11.9884,55.9134],[11.9885,55.9134],[11.9886,55.9134],[11.9887,55.9135],[11.9888,55.9135],[11.9889,55.9135],[11.9891,55.9135],[11.9892,55.9135],[11.9894,55.9135],[11.9895,55.9135],[11.9897,55.9134],[11.9897,55.9134],[11.9897,55.9134],[11.9898,55.9134],[11.9899,55.9134],[11.9899,55.9134],[11.99,55.9135],[11.9901,55.9135],[11.9902,55.9135],[11.9903,55.9135],[11.9903,55.9135],[11.9904,55.9135],[11.9907,55.9133],[11.9904,55.9133],[11.9905,55.9132],[11.9908,55.9132],[11.991,55.9131],[11.9914,55.9129],[11.9916,55.9129],[11.9916,55.9129],[11.9917,55.9129],[11.9919,55.9128],[11.992,55.9128],[11.992,55.9129],[11.9922,55.9129],[11.9922,55.9129],[11.9922,55.9129],[11.9923,55.9129],[11.9924,55.9129],[11.9926,55.9129],[11.9932,55.9127],[11.9936,55.9125],[11.994,55.9126],[11.9942,55.9127],[11.9943,55.9127],[11.9944,55.9127],[11.9944,55.9128],[11.9946,55.9129],[11.9947,55.913],[11.9947,55.913],[11.9949,55.9131],[11.9949,55.9131],[11.995,55.9132],[11.9951,55.9132],[11.9951,55.9133],[11.9952,55.9133],[11.9952,55.9134],[11.9952,55.9134],[11.9952,55.9135],[11.9953,55.9135],[11.9954,55.9136],[11.9955,55.9136],[11.9957,55.9136],[11.9958,55.9136],[11.996,55.9136],[11.996,55.9137],[11.9961,55.9137],[11.9962,55.9137],[11.9962,55.9137],[11.9963,55.9136],[11.9963,55.9137],[11.9964,55.9137],[11.9965,55.9137],[11.9967,55.9139],[11.9967,55.9139],[11.9969,55.9139],[11.997,55.9139],[11.9971,55.9139],[11.9971,55.9139],[11.9971,55.9139],[11.9972,55.914],[11.9973,55.914],[11.9974,55.914],[11.9975,55.914],[11.9976,55.914],[11.9977,55.9141],[11.9977,55.9141],[11.9977,55.9141],[11.9977,55.9141],[11.9977,55.9142],[11.9978,55.9142],[11.9978,55.9143],[11.9978,55.9143],[11.9979,55.9143],[11.998,55.9141],[11.9985,55.9141],[11.9989,55.914],[11.999,55.9139],[11.9992,55.9139],[11.9992,55.9138],[11.9993,55.9138],[11.9994,55.9139],[11.9994,55.9139],[11.9995,55.9139],[11.9996,55.9139],[11.9997,55.9139],[11.9997,55.9139],[11.9998,55.9139],[12.0001,55.9138],[12.0001,55.9136],[12.0003,55.9134],[12.0002,55.9133],[12.0005,55.9133],[12.0005,55.9135],[12.0004,55.9136],[12.0004,55.9136],[12.0009,55.9137],[12.0009,55.9137],[12.0005,55.9137],[12.0005,55.9138],[12.0004,55.9138],[12.0005,55.9139],[12.0005,55.9139],[12.0007,55.9139],[12.0008,55.9139],[12.0009,55.914],[12.0009,55.914],[12.0011,55.9141],[12.0011,55.9142],[12.0012,55.9143],[12.0013,55.9143],[12.0014,55.9144],[12.0015,55.9144],[12.0015,55.9145],[12.0016,55.9145],[12.0016,55.9146],[12.0017,55.9147],[12.0018,55.9147],[12.0018,55.9148],[12.002,55.9148],[12.0021,55.9148],[12.0022,55.9148],[12.0023,55.9148],[12.0024,55.9148],[12.0025,55.9149],[12.0025,55.9149],[12.0026,55.915],[12.0027,55.9151],[12.0028,55.9151],[12.0029,55.9151],[12.003,55.9152],[12.0032,55.9152],[12.0034,55.9153],[12.0037,55.9153],[12.0037,55.9153],[12.0037,55.9153],[12.004,55.9153],[12.0041,55.9153],[12.0042,55.9153],[12.0045,55.9153],[12.005,55.9151],[12.0056,55.9144],[12.0057,55.9139],[12.0061,55.9135],[12.0065,55.9132],[12.0068,55.9131],[12.007,55.9131],[12.0072,55.9131],[12.0074,55.9131],[12.0075,55.9131],[12.0076,55.9131],[12.0077,55.9131],[12.0079,55.9129],[12.0083,55.9123],[12.0088,55.912],[12.0094,55.9115],[12.0101,55.9111],[12.011,55.9107],[12.0102,55.9102]],[[12.0019,55.9131],[12.0019,55.9127],[12.002,55.9127],[12.0022,55.9129],[12.0023,55.9131],[12.0022,55.9132],[12.002,55.9132],[12.0019,55.9131],[12.0019,55.9131]],[[12.0043,55.9138],[12.005,55.9136],[12.0051,55.9135],[12.0052,55.9135],[12.0053,55.9137],[12.0052,55.9138],[12.0048,55.9139],[12.0043,55.9139],[12.0043,55.9138]],[[11.9991,55.9123],[11.9993,55.9121],[11.9994,55.9122],[11.9991,55.9123],[11.999,55.9127],[11.9989,55.9127],[11.9987,55.9126],[11.9991,55.9123]],[[12.0018,55.9143],[12.0019,55.9142],[12.002,55.914],[12.0021,55.9141],[12.0023,55.9141],[12.0021,55.9142],[12.0021,55.9143],[12.002,55.9144],[12.0018,55.9143]],[[11.9902,55.9111],[11.9903,55.9111],[11.9905,55.9112],[11.9908,55.9113],[11.991,55.9114],[11.9911,55.9115],[11.991,55.9116],[11.9908,55.9115],[11.9906,55.9115],[11.9903,55.9113],[11.9902,55.9111]],[[11.9715,55.9183],[11.9716,55.9183],[11.9718,55.9183],[11.9721,55.9183],[11.9722,55.9184],[11.9724,55.9185],[11.9722,55.9184],[11.972,55.9185],[11.9718,55.9186],[11.9717,55.9184],[11.9715,55.9183]],[[11.9794,55.9139],[11.9793,55.9138],[11.9792,55.9137],[11.9791,55.9136],[11.9792,55.9136],[11.9794,55.9136],[11.9796,55.9136],[11.9797,55.9138],[11.9797,55.9139],[11.9796,55.9139],[11.9796,55.9138],[11.9795,55.9138],[11.9794,55.9139]],[[11.9825,55.9122],[11.9825,55.9122],[11.9826,55.9121],[11.9827,55.912],[11.9828,55.912],[11.9828,55.9121],[11.9829,55.9122],[11.9828,55.9123],[11.9826,55.9122],[11.9825,55.9122]]]},"properties":{"sourceId":"ais_par3.156945","a_type":4210,"hectares":80.662}},{"type":"Feature","id":"ais_par3.156946","geometry":{"type":"Polygon","coordinates":[[[12.0071,55.8839],[12.0065,55.8837],[12.0059,55.8833],[12.0052,55.8829],[12.0043,55.8825],[12.0036,55.8823],[12.0027,55.8823],[12.0022,55.8824],[12.0018,55.8825],[12.0012,55.8829],[12.0009,55.8837],[12.0013,55.8839],[12.0031,55.8844],[12.0039,55.8843],[12.0045,55.8841],[12.0053,55.884],[12.0059,55.8843],[12.0065,55.8848],[12.0066,55.8851],[12.007,55.8857],[12.0072,55.886],[12.007,55.8866],[12.0072,55.887],[12.0069,55.8874],[12.0064,55.8878],[12.0062,55.8881],[12.0067,55.8886],[12.0069,55.8888],[12.007,55.8891],[12.0074,55.8892],[12.0085,55.8903],[12.0089,55.8906],[12.0084,55.8907],[12.0089,55.8911],[12.0085,55.8918],[12.009,55.892],[12.0098,55.8923],[12.0109,55.8931],[12.0137,55.8951],[12.0144,55.8957],[12.0154,55.8964],[12.0157,55.8964],[12.0156,55.8968],[12.0163,55.8973],[12.0168,55.8974],[12.0171,55.8973],[12.0186,55.8967],[12.0204,55.8968],[12.0208,55.8973],[12.0208,55.8975],[12.0205,55.8976],[12.0215,55.8983],[12.0221,55.899],[12.0225,55.8996],[12.0222,55.8995],[12.022,55.8997],[12.0219,55.9004],[12.0214,55.9006],[12.02,55.9011],[12.0204,55.9014],[12.0208,55.9017],[12.021,55.9018],[12.0214,55.9018],[12.0225,55.9014],[12.023,55.9014],[12.0229,55.9015],[12.0229,55.9018],[12.0229,55.9021],[12.0227,55.9023],[12.0223,55.9024],[12.0219,55.9029],[12.022,55.903],[12.0218,55.9033],[12.0215,55.9033],[12.0203,55.9047],[12.0202,55.905],[12.0195,55.9055],[12.0194,55.9055],[12.0192,55.9056],[12.0176,55.9065],[12.017,55.9069],[12.017,55.9071],[12.0166,55.9071],[12.0162,55.9072],[12.0155,55.9075],[12.0144,55.908],[12.0137,55.9083],[12.0131,55.9085],[12.0121,55.909],[12.0113,55.9094],[12.0105,55.91],[12.0102,55.9102],[12.011,55.9107],[12.0115,55.9106],[12.0115,55.9105],[12.0114,55.9104],[12.0116,55.9103],[12.0117,55.9105],[12.0122,55.9104],[12.0124,55.9104],[12.0121,55.9107],[12.0126,55.911],[12.013,55.9108],[12.0132,55.9108],[12.0136,55.9107],[12.0141,55.9104],[12.0143,55.9104],[12.0144,55.9104],[12.0147,55.9103],[12.0146,55.9099],[12.0148,55.9097],[12.0151,55.9094],[12.0153,55.9094],[12.0153,55.9094],[12.0154,55.9094],[12.0154,55.9092],[12.0154,55.9092],[12.0155,55.9092],[12.0156,55.9092],[12.0157,55.9092],[12.0157,55.9092],[12.0158,55.9091],[12.0159,55.9088],[12.016,55.9088],[12.016,55.9088],[12.0163,55.9088],[12.0163,55.9088],[12.0163,55.9088],[12.0166,55.9089],[12.0172,55.9087],[12.0176,55.9085],[12.0179,55.9083],[12.0179,55.9083],[12.0182,55.908],[12.0183,55.9081],[12.0184,55.9083],[12.0185,55.9083],[12.0187,55.9082],[12.0189,55.9082],[12.0191,55.908],[12.0192,55.9078],[12.0194,55.9077],[12.0197,55.9075],[12.0198,55.9077],[12.0197,55.9079],[12.0197,55.9079],[12.0197,55.9079],[12.0198,55.9079],[12.02,55.9079],[12.0201,55.908],[12.0203,55.908],[12.0203,55.908],[12.0204,55.908],[12.0205,55.908],[12.0206,55.9079],[12.0207,55.9079],[12.0208,55.9078],[12.021,55.9078],[12.0211,55.9078],[12.0211,55.9078],[12.0213,55.9077],[12.0218,55.9073],[12.0221,55.9072],[12.0223,55.9073],[12.0223,55.9075],[12.0225,55.9077],[12.0224,55.9081],[12.0225,55.9081],[12.0225,55.9082],[12.023,55.908],[12.023,55.9079],[12.0231,55.9077],[12.0233,55.9076],[12.0236,55.9076],[12.0239,55.9072],[12.0242,55.9066],[12.0245,55.9062],[12.0245,55.9062],[12.0245,55.9054],[12.0246,55.9052],[12.025,55.9045],[12.025,55.9043],[12.0252,55.9042],[12.0254,55.9037],[12.0254,55.9035],[12.0255,55.9035],[12.0255,55.9034],[12.0256,55.9033],[12.0256,55.9032],[12.0256,55.9032],[12.0256,55.9031],[12.0255,55.903],[12.0255,55.903],[12.0255,55.9029],[12.0255,55.9029],[12.0255,55.9029],[12.0255,55.9028],[12.0256,55.9027],[12.0256,55.9026],[12.0257,55.9025],[12.0257,55.9024],[12.0257,55.9023],[12.0258,55.9021],[12.0258,55.902],[12.0258,55.902],[12.0259,55.9015],[12.0259,55.9014],[12.0259,55.9013],[12.0259,55.9011],[12.026,55.9008],[12.0241,55.9008],[12.0261,55.9008],[12.0262,55.9007],[12.0263,55.9007],[12.0264,55.9006],[12.0265,55.9006],[12.0265,55.9006],[12.0267,55.9006],[12.0264,55.9005],[12.0259,55.9003],[12.0246,55.8997],[12.0241,55.8995],[12.0236,55.8989],[12.0235,55.8989],[12.0235,55.8988],[12.0234,55.8987],[12.0225,55.8977],[12.0223,55.8973],[12.0223,55.897],[12.0223,55.8969],[12.0222,55.8968],[12.0218,55.8963],[12.0215,55.8959],[12.0209,55.8957],[12.0208,55.8957],[12.0208,55.8957],[12.0207,55.8956],[12.0206,55.8956],[12.0203,55.8955],[12.0202,55.8954],[12.0201,55.8954],[12.0199,55.8953],[12.0199,55.8953],[12.0188,55.8947],[12.0175,55.8941],[12.0168,55.8934],[12.0162,55.8927],[12.0161,55.8925],[12.0161,55.8924],[12.016,55.8924],[12.016,55.8923],[12.0158,55.8922],[12.0156,55.8921],[12.0156,55.8921],[12.0153,55.8921],[12.0153,55.892],[12.0152,55.892],[12.015,55.8919],[12.0142,55.8916],[12.0133,55.8912],[12.0132,55.8912],[12.013,55.8911],[12.013,55.8911],[12.013,55.891],[12.013,55.891],[12.013,55.8909],[12.0125,55.8907],[12.012,55.8906],[12.0117,55.8905],[12.0116,55.8905],[12.0115,55.8905],[12.0114,55.8904],[12.0112,55.8904],[12.0112,55.8904],[12.0111,55.8904],[12.011,55.8903],[12.0108,55.8902],[12.0108,55.8901],[12.0106,55.89],[12.0104,55.8897],[12.0104,55.8897],[12.0103,55.8897],[12.0102,55.8896],[12.0101,55.8894],[12.01,55.8893],[12.0099,55.8892],[12.0099,55.8892],[12.0099,55.8891],[12.0097,55.889],[12.0097,55.889],[12.0094,55.8889],[12.0094,55.8888],[12.0094,55.8888],[12.0093,55.8887],[12.0093,55.8886],[12.0092,55.8886],[12.009,55.8886],[12.009,55.8885],[12.0091,55.8885],[12.009,55.8884],[12.0089,55.8884],[12.0089,55.8884],[12.0088,55.8884],[12.0088,55.8884],[12.0087,55.8883],[12.0084,55.8882],[12.0088,55.8881],[12.0087,55.8879],[12.0087,55.8879],[12.0087,55.8879],[12.0087,55.8879],[12.0088,55.8875],[12.0088,55.8875],[12.0088,55.8875],[12.0087,55.8875],[12.0085,55.8875],[12.0084,55.8875],[12.0084,55.8874],[12.0084,55.8874],[12.0086,55.8874],[12.0086,55.8874],[12.0088,55.8874],[12.0089,55.8875],[12.009,55.8875],[12.009,55.8875],[12.009,55.8875],[12.0091,55.8873],[12.0092,55.8872],[12.0089,55.8868],[12.0091,55.8866],[12.0089,55.8861],[12.0085,55.8854],[12.0084,55.8853],[12.0084,55.8852],[12.0084,55.8851],[12.0083,55.8846],[12.0079,55.8843],[12.0077,55.8842],[12.0077,55.8842],[12.0073,55.884],[12.0071,55.8839]],[[12.0147,55.8953],[12.0147,55.8952],[12.0147,55.8951],[12.0146,55.895],[12.0146,55.8949],[12.0148,55.8949],[12.0149,55.895],[12.0149,55.8952],[12.0149,55.8952],[12.015,55.8952],[12.0152,55.8952],[12.0152,55.8953],[12.0152,55.8954],[12.015,55.8954],[12.0149,55.8954],[12.0148,55.8955],[12.0147,55.8956],[12.0146,55.8955],[12.0146,55.8954],[12.0147,55.8953]],[[12.0223,55.9044],[12.0224,55.9043],[12.0226,55.9041],[12.0227,55.904],[12.0227,55.9039],[12.0229,55.9037],[12.0229,55.9038],[12.0228,55.9039],[12.0229,55.9039],[12.0229,55.904],[12.0228,55.9043],[12.0227,55.9044],[12.0226,55.9044],[12.0225,55.9044],[12.0224,55.9044],[12.0223,55.9044]],[[12.0207,55.9068],[12.0207,55.9067],[12.0208,55.9067],[12.021,55.9067],[12.0212,55.9067],[12.0216,55.9067],[12.022,55.9067],[12.022,55.9068],[12.0216,55.9069],[12.0214,55.907],[12.0214,55.9069],[12.0214,55.9068],[12.0211,55.9068],[12.0208,55.9068],[12.0207,55.9068]],[[12.0162,55.9085],[12.0162,55.9084],[12.0161,55.9083],[12.0158,55.9082],[12.0156,55.9081],[12.0156,55.908],[12.0157,55.9081],[12.0159,55.9081],[12.0159,55.9081],[12.016,55.9082],[12.0161,55.9081],[12.0163,55.9084],[12.0163,55.9084],[12.0162,55.9085],[12.0162,55.9086],[12.0162,55.9085]],[[12.013,55.9091],[12.013,55.909],[12.013,55.909],[12.0132,55.9091],[12.0134,55.9092],[12.0134,55.9092],[12.0132,55.9092],[12.013,55.9091],[12.013,55.9091]]]},"properties":{"sourceId":"ais_par3.156946","a_type":4210,"hectares":79.479}},{"type":"Feature","id":"ais_par3.157804","geometry":{"type":"Polygon","coordinates":[[[11.8562,55.9731],[11.8562,55.973],[11.8562,55.9729],[11.8561,55.973],[11.856,55.9731],[11.856,55.9732],[11.8562,55.9731]]]},"properties":{"sourceId":"ais_par3.157804","a_type":5120,"hectares":0.024}},{"type":"Feature","id":"ais_par3.157805","geometry":{"type":"Polygon","coordinates":[[[11.8748,55.968],[11.8748,55.9679],[11.8748,55.9679],[11.8746,55.9679],[11.8743,55.968],[11.8743,55.9681],[11.8744,55.9681],[11.8747,55.9682],[11.8749,55.9682],[11.8749,55.9682],[11.8748,55.9681],[11.8748,55.968]]]},"properties":{"sourceId":"ais_par3.157805","a_type":5120,"hectares":0.091}},{"type":"Feature","id":"ais_par3.157806","geometry":{"type":"Polygon","coordinates":[[[11.873,55.968],[11.8729,55.9679],[11.8728,55.9679],[11.8726,55.968],[11.8726,55.968],[11.8728,55.9682],[11.873,55.968]]]},"properties":{"sourceId":"ais_par3.157806","a_type":5120,"hectares":0.042}},{"type":"Feature","id":"ais_par3.157807","geometry":{"type":"Polygon","coordinates":[[[11.8712,55.9676],[11.8715,55.9678],[11.8717,55.9678],[11.872,55.9679],[11.8721,55.9679],[11.8722,55.9677],[11.8721,55.9676],[11.8719,55.9675],[11.8719,55.9675],[11.8717,55.9674],[11.8716,55.9674],[11.8713,55.9674],[11.8712,55.9675],[11.8712,55.9676]]]},"properties":{"sourceId":"ais_par3.157807","a_type":5120,"hectares":0.216}},{"type":"Feature","id":"ais_par3.157808","geometry":{"type":"Polygon","coordinates":[[[11.8704,55.9667],[11.8702,55.9668],[11.87,55.9668],[11.87,55.9669],[11.87,55.9672],[11.8701,55.9672],[11.8705,55.9673],[11.8707,55.9674],[11.8709,55.9674],[11.8708,55.9673],[11.8708,55.9673],[11.8707,55.9672],[11.8708,55.967],[11.8706,55.9668],[11.8705,55.9667],[11.8704,55.9667]]]},"properties":{"sourceId":"ais_par3.157808","a_type":5120,"hectares":0.278}},{"type":"Feature","id":"ais_par3.157809","geometry":{"type":"Polygon","coordinates":[[[11.8687,55.9748],[11.8688,55.9748],[11.8688,55.9747],[11.8686,55.9745],[11.8685,55.9746],[11.8685,55.9746],[11.8685,55.9748],[11.8687,55.9748]]]},"properties":{"sourceId":"ais_par3.157809","a_type":5120,"hectares":0.041}},{"type":"Feature","id":"ais_par3.157810","geometry":{"type":"Polygon","coordinates":[[[11.8521,55.972],[11.8522,55.9721],[11.8523,55.972],[11.8522,55.9719],[11.8521,55.9719],[11.8519,55.972],[11.8521,55.972]]]},"properties":{"sourceId":"ais_par3.157810","a_type":5120,"hectares":0.022}},{"type":"Feature","id":"ais_par3.157811","geometry":{"type":"Polygon","coordinates":[[[11.8615,55.9687],[11.8615,55.9687],[11.8614,55.9687],[11.8613,55.9687],[11.8613,55.9689],[11.8615,55.9687]]]},"properties":{"sourceId":"ais_par3.157811","a_type":5120,"hectares":0.015}},{"type":"Feature","id":"ais_par3.157812","geometry":{"type":"Polygon","coordinates":[[[11.8632,55.9659],[11.8634,55.966],[11.8636,55.966],[11.8636,55.9659],[11.8635,55.9658],[11.8634,55.9658],[11.8632,55.9659]]]},"properties":{"sourceId":"ais_par3.157812","a_type":5120,"hectares":0.04}},{"type":"Feature","id":"ais_par3.157813","geometry":{"type":"Polygon","coordinates":[[[11.8595,55.9623],[11.8594,55.9623],[11.8591,55.9623],[11.8591,55.9623],[11.8593,55.9625],[11.8595,55.9623]]]},"properties":{"sourceId":"ais_par3.157813","a_type":5120,"hectares":0.034}},{"type":"Feature","id":"ais_par3.157814","geometry":{"type":"Polygon","coordinates":[[[11.8663,55.9702],[11.8664,55.9701],[11.8664,55.9701],[11.8663,55.97],[11.8662,55.97],[11.8661,55.9701],[11.8662,55.9702],[11.8663,55.9702]]]},"properties":{"sourceId":"ais_par3.157814","a_type":5120,"hectares":0.024}},{"type":"Feature","id":"ais_par3.157815","geometry":{"type":"Polygon","coordinates":[[[11.8539,55.9476],[11.854,55.9477],[11.8542,55.9477],[11.8552,55.9477],[11.8555,55.9477],[11.8555,55.9476],[11.8554,55.9464],[11.8553,55.9463],[11.8551,55.9462],[11.8549,55.9462],[11.8546,55.9462],[11.8546,55.9462],[11.8546,55.9464],[11.855,55.9464],[11.8551,55.9464],[11.8552,55.9473],[11.8552,55.9474],[11.8551,55.9475],[11.8543,55.9476],[11.8542,55.9475],[11.8541,55.9468],[11.854,55.9465],[11.8541,55.9464],[11.8544,55.9464],[11.8544,55.9464],[11.8544,55.9462],[11.8542,55.9462],[11.854,55.9463],[11.8538,55.9463],[11.8537,55.9464],[11.8539,55.9476]]]},"properties":{"sourceId":"ais_par3.157815","a_type":5120,"hectares":0.794}},{"type":"Feature","id":"ais_par3.157816","geometry":{"type":"Polygon","coordinates":[[[11.8631,55.9524],[11.8631,55.9526],[11.8633,55.9526],[11.8635,55.9526],[11.8636,55.9525],[11.8636,55.9524],[11.8635,55.9523],[11.8633,55.9523],[11.8632,55.9524],[11.8631,55.9524]]]},"properties":{"sourceId":"ais_par3.157816","a_type":5120,"hectares":0.086}},{"type":"Feature","id":"ais_par3.157817","geometry":{"type":"Polygon","coordinates":[[[11.8653,55.9525],[11.8653,55.9526],[11.8654,55.9526],[11.8656,55.9526],[11.8657,55.9526],[11.8657,55.9525],[11.8656,55.9524],[11.8655,55.9524],[11.8653,55.9524],[11.8653,55.9525]]]},"properties":{"sourceId":"ais_par3.157817","a_type":5120,"hectares":0.054}},{"type":"Feature","id":"ais_par3.157818","geometry":{"type":"Polygon","coordinates":[[[11.8798,55.9516],[11.88,55.9517],[11.8803,55.9518],[11.8804,55.9518],[11.8804,55.9517],[11.8804,55.9515],[11.8804,55.9514],[11.8802,55.9513],[11.8799,55.9513],[11.8798,55.9515],[11.8798,55.9516]]]},"properties":{"sourceId":"ais_par3.157818","a_type":5120,"hectares":0.162}},{"type":"Feature","id":"ais_par3.157819","geometry":{"type":"Polygon","coordinates":[[[11.8835,55.9498],[11.8837,55.9499],[11.8839,55.9499],[11.8841,55.9498],[11.8842,55.9497],[11.8844,55.9496],[11.884,55.9496],[11.8837,55.9495],[11.8836,55.9494],[11.8835,55.9494],[11.8833,55.9497],[11.8835,55.9498]]]},"properties":{"sourceId":"ais_par3.157819","a_type":5120,"hectares":0.178}},{"type":"Feature","id":"ais_par3.157820","geometry":{"type":"Polygon","coordinates":[[[11.8814,55.9492],[11.8815,55.9493],[11.8818,55.9494],[11.8819,55.9493],[11.8821,55.9492],[11.8819,55.9491],[11.8817,55.949],[11.8816,55.9491],[11.8814,55.9491],[11.8814,55.9492]]]},"properties":{"sourceId":"ais_par3.157820","a_type":5120,"hectares":0.108}},{"type":"Feature","id":"ais_par3.157821","geometry":{"type":"Polygon","coordinates":[[[11.8864,55.9488],[11.8867,55.9488],[11.8868,55.9486],[11.8867,55.9485],[11.8865,55.9485],[11.8863,55.9485],[11.8861,55.9485],[11.8859,55.9484],[11.8857,55.9485],[11.886,55.9488],[11.8864,55.9488]]]},"properties":{"sourceId":"ais_par3.157821","a_type":5120,"hectares":0.193}},{"type":"Feature","id":"ais_par3.157822","geometry":{"type":"Polygon","coordinates":[[[11.8895,55.9465],[11.8895,55.9465],[11.8897,55.9464],[11.8898,55.9464],[11.8897,55.9462],[11.8897,55.9462],[11.8895,55.9462],[11.8893,55.9463],[11.8892,55.9464],[11.8892,55.9464],[11.8893,55.9465],[11.8895,55.9465]]]},"properties":{"sourceId":"ais_par3.157822","a_type":5120,"hectares":0.085}},{"type":"Feature","id":"ais_par3.157823","geometry":{"type":"Polygon","coordinates":[[[11.8982,55.9498],[11.8983,55.9498],[11.8984,55.9498],[11.8984,55.9499],[11.8984,55.9499],[11.8985,55.95],[11.8987,55.9499],[11.8987,55.9498],[11.8986,55.9497],[11.8985,55.9497],[11.8983,55.9496],[11.898,55.9496],[11.8978,55.9497],[11.8977,55.9498],[11.8977,55.9499],[11.8978,55.9499],[11.8979,55.9499],[11.898,55.9499],[11.8982,55.9498]]]},"properties":{"sourceId":"ais_par3.157823","a_type":5120,"hectares":0.153}},{"type":"Feature","id":"ais_par3.157824","geometry":{"type":"Polygon","coordinates":[[[11.9125,55.9471],[11.9124,55.9471],[11.9122,55.9471],[11.9122,55.947],[11.9121,55.947],[11.912,55.9471],[11.9122,55.9474],[11.9124,55.9475],[11.9126,55.9475],[11.9129,55.9475],[11.9131,55.9475],[11.9131,55.9474],[11.9129,55.9473],[11.9128,55.9472],[11.9126,55.9472],[11.9125,55.9471]]]},"properties":{"sourceId":"ais_par3.157824","a_type":5120,"hectares":0.225}},{"type":"Feature","id":"ais_par3.157825","geometry":{"type":"Polygon","coordinates":[[[11.8949,55.959],[11.8948,55.9589],[11.8947,55.9589],[11.8948,55.9588],[11.8949,55.9588],[11.8949,55.9587],[11.8949,55.9587],[11.8947,55.9587],[11.8946,55.9587],[11.8946,55.9588],[11.8946,55.9589],[11.8945,55.959],[11.8949,55.959]]]},"properties":{"sourceId":"ais_par3.157825","a_type":5120,"hectares":0.057}},{"type":"Feature","id":"ais_par3.157826","geometry":{"type":"Polygon","coordinates":[[[11.8785,55.9565],[11.8786,55.9565],[11.8784,55.9564],[11.8783,55.9565],[11.878,55.9566],[11.8778,55.9567],[11.8778,55.9568],[11.8779,55.9568],[11.8781,55.9567],[11.8782,55.9567],[11.8785,55.9565]]]},"properties":{"sourceId":"ais_par3.157826","a_type":5120,"hectares":0.072}},{"type":"Feature","id":"ais_par3.157827","geometry":{"type":"Polygon","coordinates":[[[11.884,55.9566],[11.8839,55.9567],[11.8837,55.9568],[11.8838,55.9569],[11.884,55.9569],[11.8841,55.9569],[11.8842,55.9568],[11.8842,55.9567],[11.884,55.9566]]]},"properties":{"sourceId":"ais_par3.157827","a_type":5120,"hectares":0.065}},{"type":"Feature","id":"ais_par3.157828","geometry":{"type":"Polygon","coordinates":[[[11.8722,55.9541],[11.8722,55.9541],[11.8723,55.9542],[11.8725,55.9542],[11.8726,55.9541],[11.8728,55.9539],[11.8728,55.9538],[11.8727,55.9538],[11.8725,55.9539],[11.8723,55.954],[11.8722,55.9541]]]},"properties":{"sourceId":"ais_par3.157828","a_type":5120,"hectares":0.099}},{"type":"Feature","id":"ais_par3.157829","geometry":{"type":"Polygon","coordinates":[[[11.924,55.9521],[11.924,55.952],[11.9239,55.952],[11.9238,55.952],[11.9237,55.952],[11.9237,55.9521],[11.9237,55.9523],[11.924,55.9521]]]},"properties":{"sourceId":"ais_par3.157829","a_type":5120,"hectares":0.05}},{"type":"Feature","id":"ais_par3.157830","geometry":{"type":"Polygon","coordinates":[[[11.9197,55.9533],[11.9198,55.9533],[11.9199,55.9533],[11.9199,55.9533],[11.92,55.9532],[11.9199,55.9531],[11.9198,55.953],[11.9197,55.953],[11.9196,55.9531],[11.9196,55.9531],[11.9197,55.9533]]]},"properties":{"sourceId":"ais_par3.157830","a_type":5120,"hectares":0.068}},{"type":"Feature","id":"ais_par3.157831","geometry":{"type":"Polygon","coordinates":[[[11.9217,55.9542],[11.9216,55.9541],[11.9215,55.9541],[11.9214,55.9542],[11.9215,55.9544],[11.9217,55.9542]]]},"properties":{"sourceId":"ais_par3.157831","a_type":5120,"hectares":0.022}},{"type":"Feature","id":"ais_par3.157832","geometry":{"type":"Polygon","coordinates":[[[11.917,55.9565],[11.9171,55.9565],[11.9171,55.9564],[11.9171,55.9563],[11.9171,55.9562],[11.9171,55.9561],[11.9169,55.9561],[11.9167,55.9561],[11.9167,55.9562],[11.9167,55.9564],[11.917,55.9565]]]},"properties":{"sourceId":"ais_par3.157832","a_type":5120,"hectares":0.106}},{"type":"Feature","id":"ais_par3.157833","geometry":{"type":"Polygon","coordinates":[[[11.9172,55.9571],[11.9172,55.9571],[11.9173,55.957],[11.9173,55.9569],[11.9172,55.9569],[11.9172,55.9568],[11.9168,55.957],[11.9172,55.9571]]]},"properties":{"sourceId":"ais_par3.157833","a_type":5120,"hectares":0.044}},{"type":"Feature","id":"ais_par3.157834","geometry":{"type":"Polygon","coordinates":[[[11.9201,55.9573],[11.9201,55.9574],[11.9202,55.9575],[11.9203,55.9575],[11.9204,55.9575],[11.9204,55.9574],[11.9203,55.9573],[11.9202,55.9573],[11.9201,55.9573],[11.9201,55.9573],[11.9201,55.9573]]]},"properties":{"sourceId":"ais_par3.157834","a_type":5120,"hectares":0.036}},{"type":"Feature","id":"ais_par3.157835","geometry":{"type":"Polygon","coordinates":[[[11.9247,55.9586],[11.9248,55.9586],[11.9248,55.9586],[11.9248,55.9586],[11.9246,55.9585],[11.9246,55.9585],[11.9245,55.9585],[11.9244,55.9586],[11.9244,55.9587],[11.9244,55.9587],[11.9245,55.9587],[11.9246,55.9586],[11.9247,55.9586]]]},"properties":{"sourceId":"ais_par3.157835","a_type":5120,"hectares":0.039}},{"type":"Feature","id":"ais_par3.157836","geometry":{"type":"Polygon","coordinates":[[[11.9362,55.9573],[11.9363,55.9572],[11.9363,55.9572],[11.9361,55.9571],[11.9359,55.957],[11.9358,55.957],[11.9362,55.9573]]]},"properties":{"sourceId":"ais_par3.157836","a_type":5120,"hectares":0.051}},{"type":"Feature","id":"ais_par3.157837","geometry":{"type":"Polygon","coordinates":[[[11.9228,55.9907],[11.9228,55.9907],[11.9228,55.9908],[11.9228,55.9908],[11.9232,55.9907],[11.9228,55.9907]]]},"properties":{"sourceId":"ais_par3.157837","a_type":5120,"hectares":0.011}},{"type":"Feature","id":"ais_par3.157838","geometry":{"type":"Polygon","coordinates":[[[11.9382,55.9824],[11.9384,55.9823],[11.9381,55.9822],[11.9379,55.9824],[11.9382,55.9824]]]},"properties":{"sourceId":"ais_par3.157838","a_type":5120,"hectares":0.051}},{"type":"Feature","id":"ais_par3.157839","geometry":{"type":"Polygon","coordinates":[[[11.9349,55.9801],[11.935,55.98],[11.9345,55.9799],[11.9343,55.9798],[11.9341,55.9798],[11.934,55.9799],[11.9341,55.98],[11.9343,55.9801],[11.9346,55.9802],[11.9349,55.9801]]]},"properties":{"sourceId":"ais_par3.157839","a_type":5120,"hectares":0.147}},{"type":"Feature","id":"ais_par3.157840","geometry":{"type":"Polygon","coordinates":[[[11.9418,55.9821],[11.9419,55.9821],[11.9419,55.9821],[11.9419,55.982],[11.9418,55.982],[11.9417,55.982],[11.9416,55.982],[11.9417,55.9821],[11.9418,55.9821]]]},"properties":{"sourceId":"ais_par3.157840","a_type":5120,"hectares":0.024}},{"type":"Feature","id":"ais_par3.157841","geometry":{"type":"Polygon","coordinates":[[[11.9089,55.974],[11.9089,55.9741],[11.909,55.9742],[11.9092,55.9742],[11.9094,55.974],[11.9094,55.9738],[11.9093,55.9737],[11.9091,55.9737],[11.909,55.9738],[11.909,55.9739],[11.9089,55.974]]]},"properties":{"sourceId":"ais_par3.157841","a_type":5120,"hectares":0.117}},{"type":"Feature","id":"ais_par3.157842","geometry":{"type":"Polygon","coordinates":[[[11.908,55.9742],[11.9081,55.974],[11.9081,55.9739],[11.9079,55.9739],[11.9079,55.974],[11.9078,55.9741],[11.9077,55.9743],[11.908,55.9742]]]},"properties":{"sourceId":"ais_par3.157842","a_type":5120,"hectares":0.049}},{"type":"Feature","id":"ais_par3.157843","geometry":{"type":"Polygon","coordinates":[[[11.9049,55.9744],[11.905,55.9744],[11.9051,55.9744],[11.9052,55.9743],[11.9051,55.9742],[11.905,55.9741],[11.9049,55.9742],[11.9049,55.9742],[11.9048,55.9743],[11.9049,55.9744]]]},"properties":{"sourceId":"ais_par3.157843","a_type":5120,"hectares":0.049}},{"type":"Feature","id":"ais_par3.157844","geometry":{"type":"Polygon","coordinates":[[[11.9078,55.9731],[11.908,55.9731],[11.9081,55.9731],[11.9081,55.9729],[11.9083,55.9728],[11.9085,55.9727],[11.9084,55.9726],[11.9082,55.9725],[11.908,55.9726],[11.9077,55.9727],[11.9077,55.9728],[11.9078,55.9729],[11.9078,55.9731]]]},"properties":{"sourceId":"ais_par3.157844","a_type":5120,"hectares":0.181}},{"type":"Feature","id":"ais_par3.157845","geometry":{"type":"Polygon","coordinates":[[[11.962,55.9686],[11.9621,55.9686],[11.9622,55.9686],[11.9624,55.9686],[11.9625,55.9686],[11.9625,55.9685],[11.9623,55.9685],[11.962,55.9684],[11.9618,55.9684],[11.9618,55.9684],[11.9617,55.9685],[11.9618,55.9686],[11.962,55.9686]]]},"properties":{"sourceId":"ais_par3.157845","a_type":5120,"hectares":0.074}},{"type":"Feature","id":"ais_par3.157846","geometry":{"type":"Polygon","coordinates":[[[11.9618,55.9694],[11.9619,55.9694],[11.962,55.9694],[11.9619,55.9693],[11.9618,55.9693],[11.9616,55.9693],[11.9615,55.9693],[11.9616,55.9694],[11.9618,55.9694]]]},"properties":{"sourceId":"ais_par3.157846","a_type":5120,"hectares":0.039}},{"type":"Feature","id":"ais_par3.157847","geometry":{"type":"Polygon","coordinates":[[[11.9437,55.9592],[11.9439,55.9591],[11.9441,55.9591],[11.9442,55.959],[11.9438,55.9589],[11.9436,55.9589],[11.9436,55.959],[11.9436,55.959],[11.9435,55.9591],[11.9437,55.9592]]]},"properties":{"sourceId":"ais_par3.157847","a_type":5120,"hectares":0.091}},{"type":"Feature","id":"ais_par3.157848","geometry":{"type":"Polygon","coordinates":[[[11.8936,55.9688],[11.8938,55.9688],[11.8939,55.9687],[11.8939,55.9686],[11.8936,55.9685],[11.8935,55.9684],[11.8933,55.9683],[11.8931,55.9684],[11.8931,55.9684],[11.8933,55.9686],[11.8934,55.9687],[11.8936,55.9688]]]},"properties":{"sourceId":"ais_par3.157848","a_type":5120,"hectares":0.116}},{"type":"Feature","id":"ais_par3.157849","geometry":{"type":"Polygon","coordinates":[[[11.9031,55.9665],[11.9031,55.9666],[11.9035,55.9667],[11.9037,55.9666],[11.9037,55.9664],[11.9037,55.9664],[11.9035,55.9663],[11.9034,55.9661],[11.9032,55.966],[11.9031,55.966],[11.9029,55.9662],[11.903,55.9663],[11.9031,55.9665]]]},"properties":{"sourceId":"ais_par3.157849","a_type":5120,"hectares":0.226}},{"type":"Feature","id":"ais_par3.157866","geometry":{"type":"Polygon","coordinates":[[[11.9041,55.9609],[11.9042,55.9609],[11.9046,55.9609],[11.9047,55.9608],[11.9047,55.9607],[11.9046,55.9607],[11.9046,55.9606],[11.9047,55.9606],[11.9048,55.9605],[11.9047,55.9605],[11.9045,55.9605],[11.9044,55.9605],[11.9041,55.9606],[11.9039,55.9607],[11.9038,55.9609],[11.9041,55.9609]]]},"properties":{"sourceId":"ais_par3.157866","a_type":5120,"hectares":0.184}},{"type":"Feature","id":"ais_par3.157850","geometry":{"type":"Polygon","coordinates":[[[11.9039,55.9707],[11.9039,55.9708],[11.9038,55.971],[11.9042,55.9709],[11.9046,55.9709],[11.9052,55.9707],[11.9055,55.9706],[11.9054,55.9705],[11.9053,55.9704],[11.9054,55.9704],[11.9052,55.9704],[11.9052,55.9702],[11.9052,55.9701],[11.905,55.9701],[11.9049,55.9701],[11.9048,55.9702],[11.9047,55.9703],[11.9045,55.9704],[11.9043,55.9704],[11.9042,55.9703],[11.9041,55.9703],[11.9041,55.9704],[11.904,55.9704],[11.9037,55.9705],[11.9039,55.9707]]]},"properties":{"sourceId":"ais_par3.157850","a_type":5120,"hectares":0.589}},{"type":"Feature","id":"ais_par3.157851","geometry":{"type":"Polygon","coordinates":[[[11.8987,55.9738],[11.8989,55.9738],[11.8991,55.9737],[11.8992,55.9737],[11.8995,55.9737],[11.8996,55.9737],[11.8996,55.9735],[11.8999,55.9734],[11.9,55.9732],[11.9,55.9731],[11.9006,55.9726],[11.9006,55.9725],[11.9004,55.9725],[11.8999,55.9726],[11.8994,55.9728],[11.8993,55.9729],[11.8994,55.973],[11.8993,55.9732],[11.899,55.9732],[11.8988,55.9732],[11.8987,55.9734],[11.8986,55.9735],[11.8985,55.9736],[11.8986,55.9736],[11.8987,55.9738]]]},"properties":{"sourceId":"ais_par3.157851","a_type":5120,"hectares":0.78}},{"type":"Feature","id":"ais_par3.157852","geometry":{"type":"Polygon","coordinates":[[[11.9083,55.9704],[11.9084,55.9704],[11.9088,55.9705],[11.9089,55.9705],[11.909,55.9704],[11.9089,55.9704],[11.9087,55.9702],[11.9085,55.9702],[11.9083,55.9703],[11.9083,55.9704],[11.9083,55.9704]]]},"properties":{"sourceId":"ais_par3.157852","a_type":5120,"hectares":0.078}},{"type":"Feature","id":"ais_par3.157853","geometry":{"type":"Polygon","coordinates":[[[11.9115,55.967],[11.9116,55.9671],[11.9117,55.9672],[11.9117,55.9673],[11.9117,55.9673],[11.9118,55.9673],[11.9119,55.9673],[11.9119,55.9673],[11.9119,55.9671],[11.9119,55.967],[11.9119,55.9669],[11.9117,55.9669],[11.9115,55.9669],[11.9115,55.967]]]},"properties":{"sourceId":"ais_par3.157853","a_type":5120,"hectares":0.105}},{"type":"Feature","id":"ais_par3.157854","geometry":{"type":"Polygon","coordinates":[[[11.9116,55.9665],[11.9116,55.9663],[11.9115,55.9663],[11.9114,55.9664],[11.9116,55.9665]]]},"properties":{"sourceId":"ais_par3.157854","a_type":5120,"hectares":0.012}},{"type":"Feature","id":"ais_par3.157855","geometry":{"type":"Polygon","coordinates":[[[11.9103,55.9653],[11.9101,55.9652],[11.91,55.9652],[11.91,55.9652],[11.9099,55.9651],[11.9099,55.965],[11.91,55.965],[11.9101,55.965],[11.9102,55.9651],[11.9103,55.9651],[11.9105,55.9651],[11.9109,55.9651],[11.9111,55.9651],[11.9114,55.9651],[11.9116,55.965],[11.9117,55.965],[11.912,55.965],[11.912,55.965],[11.9118,55.9649],[11.9114,55.9649],[11.9109,55.9649],[11.9106,55.9648],[11.9105,55.9648],[11.9104,55.9647],[11.9103,55.9646],[11.91,55.9645],[11.9098,55.9644],[11.9096,55.9644],[11.9095,55.9645],[11.9094,55.9645],[11.9093,55.9648],[11.9092,55.9648],[11.9093,55.9649],[11.9094,55.9649],[11.9096,55.9651],[11.9097,55.9651],[11.9098,55.9652],[11.9098,55.9653],[11.9099,55.9654],[11.91,55.9656],[11.9103,55.9658],[11.9105,55.9658],[11.9106,55.9659],[11.9109,55.9659],[11.911,55.9659],[11.9112,55.9659],[11.9113,55.9659],[11.9113,55.9658],[11.9115,55.9658],[11.9116,55.9657],[11.9116,55.9654],[11.9116,55.9653],[11.9115,55.9652],[11.9112,55.9653],[11.9108,55.9653],[11.9105,55.9653],[11.9103,55.9653]]]},"properties":{"sourceId":"ais_par3.157855","a_type":5120,"hectares":1.269}},{"type":"Feature","id":"ais_par3.157856","geometry":{"type":"Polygon","coordinates":[[[11.9084,55.9642],[11.9085,55.9643],[11.9086,55.9644],[11.9086,55.9644],[11.9087,55.9644],[11.9088,55.9644],[11.9087,55.9642],[11.9086,55.9642],[11.9086,55.9642],[11.9085,55.9642],[11.9084,55.9642]]]},"properties":{"sourceId":"ais_par3.157856","a_type":5120,"hectares":0.042}},{"type":"Feature","id":"ais_par3.157857","geometry":{"type":"Polygon","coordinates":[[[11.9093,55.9633],[11.9094,55.9633],[11.9094,55.9634],[11.9092,55.9635],[11.9097,55.9635],[11.9098,55.9635],[11.9099,55.9634],[11.9099,55.9634],[11.91,55.9634],[11.9101,55.9633],[11.91,55.9632],[11.9099,55.9632],[11.9099,55.9632],[11.9099,55.9631],[11.9098,55.9631],[11.9097,55.9631],[11.9095,55.9631],[11.9094,55.9631],[11.9093,55.9631],[11.9093,55.9632],[11.9093,55.9633]]]},"properties":{"sourceId":"ais_par3.157857","a_type":5120,"hectares":0.154}},{"type":"Feature","id":"ais_par3.157858","geometry":{"type":"Polygon","coordinates":[[[11.9081,55.9639],[11.9083,55.964],[11.9085,55.964],[11.9085,55.964],[11.9085,55.9639],[11.9083,55.9638],[11.9081,55.9637],[11.908,55.9636],[11.9079,55.9636],[11.9077,55.9637],[11.9077,55.9638],[11.9078,55.9639],[11.9078,55.9639],[11.908,55.9638],[11.9081,55.9639]]]},"properties":{"sourceId":"ais_par3.157858","a_type":5120,"hectares":0.098}},{"type":"Feature","id":"ais_par3.157859","geometry":{"type":"Polygon","coordinates":[[[11.9074,55.9627],[11.9074,55.9626],[11.9073,55.9626],[11.9072,55.9626],[11.9071,55.9626],[11.9072,55.9627],[11.9073,55.9628],[11.9074,55.9627]]]},"properties":{"sourceId":"ais_par3.157859","a_type":5120,"hectares":0.022}},{"type":"Feature","id":"ais_par3.157860","geometry":{"type":"Polygon","coordinates":[[[11.9072,55.9625],[11.9073,55.9625],[11.9074,55.9625],[11.9074,55.9625],[11.9073,55.9624],[11.9073,55.9623],[11.9072,55.9623],[11.9072,55.9623],[11.9071,55.9623],[11.9072,55.9624],[11.9072,55.9624],[11.9072,55.9625]]]},"properties":{"sourceId":"ais_par3.157860","a_type":5120,"hectares":0.025}},{"type":"Feature","id":"ais_par3.157861","geometry":{"type":"Polygon","coordinates":[[[11.9067,55.9623],[11.9067,55.9623],[11.9068,55.9625],[11.9068,55.9625],[11.907,55.9626],[11.9069,55.9624],[11.9068,55.9623],[11.9068,55.9622],[11.9067,55.962],[11.9066,55.962],[11.9065,55.962],[11.9065,55.9621],[11.9064,55.9623],[11.9067,55.9623]]]},"properties":{"sourceId":"ais_par3.157861","a_type":5120,"hectares":0.094}},{"type":"Feature","id":"ais_par3.157862","geometry":{"type":"Polygon","coordinates":[[[11.9065,55.9635],[11.9064,55.9635],[11.9062,55.9636],[11.906,55.9637],[11.906,55.9637],[11.9061,55.9637],[11.9063,55.9637],[11.9064,55.9637],[11.9065,55.9636],[11.9066,55.9635],[11.9067,55.9635],[11.9068,55.9635],[11.9069,55.9636],[11.9071,55.9636],[11.9072,55.9637],[11.9072,55.9637],[11.9074,55.9638],[11.9073,55.9637],[11.9075,55.9636],[11.9075,55.9635],[11.9075,55.9634],[11.9074,55.9634],[11.9073,55.9635],[11.9072,55.9634],[11.9073,55.9633],[11.9073,55.9632],[11.9071,55.963],[11.9069,55.963],[11.9068,55.9631],[11.9068,55.9631],[11.9068,55.963],[11.9068,55.9629],[11.9068,55.9629],[11.9065,55.9627],[11.9064,55.9628],[11.9064,55.9628],[11.906,55.9629],[11.9059,55.9629],[11.9058,55.963],[11.9057,55.9631],[11.9056,55.9631],[11.9054,55.963],[11.9053,55.963],[11.9051,55.9631],[11.9052,55.9631],[11.9053,55.9632],[11.9053,55.9633],[11.9055,55.9633],[11.9058,55.9632],[11.906,55.9632],[11.9062,55.9632],[11.9063,55.9632],[11.9066,55.9633],[11.9065,55.9635]]]},"properties":{"sourceId":"ais_par3.157862","a_type":5120,"hectares":0.648}},{"type":"Feature","id":"ais_par3.157863","geometry":{"type":"Polygon","coordinates":[[[11.9045,55.9628],[11.9044,55.9628],[11.9042,55.9629],[11.9043,55.963],[11.9044,55.963],[11.9045,55.963],[11.9045,55.9629],[11.9046,55.9629],[11.9047,55.9629],[11.9047,55.9628],[11.9045,55.9628]]]},"properties":{"sourceId":"ais_par3.157863","a_type":5120,"hectares":0.038}},{"type":"Feature","id":"ais_par3.157864","geometry":{"type":"Polygon","coordinates":[[[11.9048,55.961],[11.9048,55.9611],[11.9049,55.9613],[11.9049,55.9615],[11.905,55.9616],[11.9051,55.9616],[11.9052,55.9615],[11.9053,55.9614],[11.9053,55.9614],[11.9054,55.9616],[11.9054,55.9616],[11.9054,55.9617],[11.9053,55.9617],[11.9052,55.9618],[11.9049,55.9618],[11.9048,55.9618],[11.9047,55.9618],[11.9047,55.9617],[11.9045,55.9617],[11.9044,55.9618],[11.9044,55.9618],[11.9045,55.9619],[11.9044,55.962],[11.9042,55.962],[11.9041,55.9621],[11.9041,55.9621],[11.9042,55.9621],[11.9045,55.9621],[11.9048,55.9621],[11.9049,55.9621],[11.905,55.9622],[11.9049,55.9622],[11.9046,55.9623],[11.9044,55.9623],[11.9042,55.9624],[11.9042,55.9624],[11.9043,55.9624],[11.9046,55.9624],[11.9048,55.9624],[11.905,55.9623],[11.9051,55.9623],[11.9052,55.9623],[11.9052,55.9624],[11.9053,55.9624],[11.9054,55.9624],[11.9053,55.9625],[11.9051,55.9625],[11.9051,55.9627],[11.9054,55.9629],[11.9054,55.9629],[11.9056,55.9629],[11.9057,55.9629],[11.9058,55.9628],[11.9057,55.9627],[11.9056,55.9626],[11.9055,55.9626],[11.9055,55.9625],[11.9056,55.9625],[11.9058,55.9626],[11.906,55.9626],[11.9061,55.9627],[11.9064,55.9627],[11.9064,55.9627],[11.9063,55.9626],[11.9062,55.9626],[11.906,55.9626],[11.906,55.9625],[11.9059,55.9624],[11.9059,55.9624],[11.906,55.9623],[11.906,55.9622],[11.9059,55.9621],[11.906,55.9621],[11.9061,55.9621],[11.9061,55.962],[11.9061,55.9616],[11.9059,55.9615],[11.9059,55.9614],[11.906,55.9614],[11.906,55.9612],[11.906,55.9611],[11.9059,55.9611],[11.9058,55.9611],[11.9057,55.961],[11.9056,55.9611],[11.9055,55.9612],[11.9054,55.9613],[11.9053,55.9613],[11.9052,55.9613],[11.9051,55.9609],[11.9049,55.961],[11.9048,55.961]]]},"properties":{"sourceId":"ais_par3.157864","a_type":5120,"hectares":1.309}},{"type":"Feature","id":"ais_par3.157865","geometry":{"type":"Polygon","coordinates":[[[11.9062,55.9611],[11.9061,55.9612],[11.9062,55.9614],[11.9064,55.9613],[11.9063,55.9613],[11.9064,55.9612],[11.9062,55.9611]]]},"properties":{"sourceId":"ais_par3.157865","a_type":5120,"hectares":0.022}},{"type":"Feature","id":"ais_par3.157867","geometry":{"type":"Polygon","coordinates":[[[11.8999,55.9718],[11.9,55.9719],[11.9003,55.972],[11.9005,55.9721],[11.9006,55.972],[11.9006,55.9719],[11.9008,55.9718],[11.9005,55.9717],[11.9001,55.9716],[11.8999,55.9718]]]},"properties":{"sourceId":"ais_par3.157867","a_type":5120,"hectares":0.141}},{"type":"Feature","id":"ais_par3.157868","geometry":{"type":"Polygon","coordinates":[[[11.9444,55.9767],[11.9445,55.9767],[11.9446,55.9766],[11.9446,55.9765],[11.9445,55.9764],[11.9444,55.9763],[11.9443,55.9763],[11.9442,55.9763],[11.944,55.9763],[11.9439,55.9764],[11.9439,55.9765],[11.9441,55.9766],[11.9444,55.9767]]]},"properties":{"sourceId":"ais_par3.157868","a_type":5120,"hectares":0.126}},{"type":"Feature","id":"ais_par3.157869","geometry":{"type":"Polygon","coordinates":[[[11.931,55.9737],[11.9311,55.9737],[11.9311,55.9736],[11.9311,55.9735],[11.931,55.9735],[11.9307,55.9735],[11.931,55.9737]]]},"properties":{"sourceId":"ais_par3.157869","a_type":5120,"hectares":0.028}},{"type":"Feature","id":"ais_par3.157870","geometry":{"type":"Polygon","coordinates":[[[11.9393,55.9726],[11.9394,55.9726],[11.9396,55.9726],[11.9396,55.9724],[11.9392,55.9724],[11.9393,55.9726]]]},"properties":{"sourceId":"ais_par3.157870","a_type":5120,"hectares":0.058}},{"type":"Feature","id":"ais_par3.157871","geometry":{"type":"Polygon","coordinates":[[[11.9025,55.9795],[11.9027,55.9795],[11.9027,55.9795],[11.9026,55.9794],[11.9025,55.9794],[11.9022,55.9796],[11.9025,55.9795]]]},"properties":{"sourceId":"ais_par3.157871","a_type":5120,"hectares":0.029}},{"type":"Feature","id":"ais_par3.157872","geometry":{"type":"Polygon","coordinates":[[[11.8984,55.9782],[11.8984,55.9783],[11.8986,55.9784],[11.8988,55.9785],[11.8988,55.9785],[11.8989,55.9785],[11.899,55.9784],[11.8991,55.9783],[11.8992,55.9783],[11.8991,55.9782],[11.899,55.9781],[11.8987,55.978],[11.8984,55.9782]]]},"properties":{"sourceId":"ais_par3.157872","a_type":5120,"hectares":0.155}},{"type":"Feature","id":"ais_par3.157873","geometry":{"type":"Polygon","coordinates":[[[11.9,55.9779],[11.9001,55.9778],[11.9001,55.9778],[11.9,55.9776],[11.9,55.9776],[11.8996,55.9777],[11.9,55.9779]]]},"properties":{"sourceId":"ais_par3.157873","a_type":5120,"hectares":0.045}},{"type":"Feature","id":"ais_par3.157874","geometry":{"type":"Polygon","coordinates":[[[11.9221,55.9666],[11.9222,55.9666],[11.9223,55.9666],[11.9224,55.9665],[11.9225,55.9663],[11.9225,55.9662],[11.9226,55.9661],[11.9226,55.9661],[11.9225,55.966],[11.9223,55.9658],[11.922,55.9656],[11.922,55.9656],[11.9219,55.9656],[11.9217,55.9656],[11.9215,55.9656],[11.9213,55.9659],[11.9212,55.966],[11.9213,55.9661],[11.9218,55.9664],[11.9221,55.9666]],[[11.9217,55.9661],[11.9215,55.966],[11.9215,55.9659],[11.9216,55.9659],[11.9218,55.9657],[11.9219,55.9657],[11.922,55.9657],[11.922,55.9657],[11.922,55.9658],[11.9219,55.9658],[11.922,55.9659],[11.922,55.966],[11.922,55.9661],[11.9218,55.9662],[11.9217,55.9661]]]},"properties":{"sourceId":"ais_par3.157874","a_type":5120,"hectares":0.486}},{"type":"Feature","id":"ais_par3.157875","geometry":{"type":"Polygon","coordinates":[[[11.9204,55.9674],[11.9206,55.9674],[11.9207,55.9674],[11.9207,55.9673],[11.9206,55.9672],[11.9206,55.9671],[11.9205,55.9671],[11.9205,55.9669],[11.9205,55.9669],[11.9204,55.9669],[11.9202,55.967],[11.9201,55.9672],[11.9201,55.9673],[11.9201,55.9674],[11.9201,55.9674],[11.9204,55.9674]]]},"properties":{"sourceId":"ais_par3.157875","a_type":5120,"hectares":0.159}},{"type":"Feature","id":"ais_par3.157876","geometry":{"type":"Polygon","coordinates":[[[11.9194,55.9669],[11.9194,55.9667],[11.9193,55.9666],[11.9191,55.9666],[11.919,55.9667],[11.9189,55.9668],[11.9188,55.9669],[11.9188,55.9671],[11.9189,55.9671],[11.919,55.9672],[11.9192,55.9672],[11.9194,55.9669]]]},"properties":{"sourceId":"ais_par3.157876","a_type":5120,"hectares":0.197}},{"type":"Feature","id":"ais_par3.157877","geometry":{"type":"Polygon","coordinates":[[[11.9203,55.9667],[11.9204,55.9667],[11.9204,55.9666],[11.9204,55.9665],[11.9203,55.9664],[11.9201,55.9663],[11.9199,55.9664],[11.9198,55.9664],[11.9197,55.9665],[11.9197,55.9666],[11.9198,55.9666],[11.9199,55.9667],[11.9201,55.9667],[11.9203,55.9667]]]},"properties":{"sourceId":"ais_par3.157877","a_type":5120,"hectares":0.135}},{"type":"Feature","id":"ais_par3.157878","geometry":{"type":"Polygon","coordinates":[[[11.9201,55.9689],[11.9202,55.9691],[11.9203,55.9691],[11.9205,55.9691],[11.9206,55.9691],[11.9207,55.9691],[11.9206,55.9689],[11.9206,55.9688],[11.9205,55.9688],[11.9202,55.9688],[11.9201,55.9689]]]},"properties":{"sourceId":"ais_par3.157878","a_type":5120,"hectares":0.103}},{"type":"Feature","id":"ais_par3.157879","geometry":{"type":"Polygon","coordinates":[[[11.8985,55.9821],[11.8985,55.9821],[11.8985,55.9822],[11.8986,55.9823],[11.8989,55.9823],[11.899,55.9823],[11.899,55.9821],[11.8987,55.982],[11.8985,55.9821]]]},"properties":{"sourceId":"ais_par3.157879","a_type":5120,"hectares":0.09}},{"type":"Feature","id":"ais_par3.157880","geometry":{"type":"Polygon","coordinates":[[[11.8882,55.9758],[11.8883,55.9758],[11.8885,55.9758],[11.8886,55.9757],[11.8886,55.9756],[11.8886,55.9755],[11.8885,55.9755],[11.8883,55.9755],[11.8882,55.9755],[11.8881,55.9755],[11.8881,55.9756],[11.8882,55.9758]]]},"properties":{"sourceId":"ais_par3.157880","a_type":5120,"hectares":0.094}},{"type":"Feature","id":"ais_par3.157881","geometry":{"type":"Polygon","coordinates":[[[11.8616,55.9745],[11.8614,55.9746],[11.8613,55.9747],[11.8613,55.9747],[11.8615,55.9748],[11.8617,55.9748],[11.8619,55.9747],[11.8619,55.9746],[11.8618,55.9745],[11.8616,55.9745]]]},"properties":{"sourceId":"ais_par3.157881","a_type":5120,"hectares":0.085}},{"type":"Feature","id":"ais_par3.157882","geometry":{"type":"Polygon","coordinates":[[[11.8602,55.9755],[11.8602,55.9757],[11.8604,55.9757],[11.8606,55.9757],[11.8605,55.9755],[11.8604,55.9755],[11.8602,55.9755]]]},"properties":{"sourceId":"ais_par3.157882","a_type":5120,"hectares":0.055}},{"type":"Feature","id":"ais_par3.157883","geometry":{"type":"Polygon","coordinates":[[[11.8611,55.9646],[11.861,55.9646],[11.8609,55.9647],[11.8609,55.9647],[11.8609,55.9648],[11.861,55.9649],[11.8612,55.9649],[11.8612,55.9648],[11.8613,55.9646],[11.8611,55.9646]]]},"properties":{"sourceId":"ais_par3.157883","a_type":5120,"hectares":0.076}},{"type":"Feature","id":"ais_par3.157884","geometry":{"type":"Polygon","coordinates":[[[11.9434,55.9651],[11.9435,55.9651],[11.9436,55.9651],[11.9437,55.965],[11.9436,55.965],[11.9436,55.9649],[11.9434,55.9649],[11.9433,55.9649],[11.9432,55.9649],[11.9432,55.9649],[11.9432,55.965],[11.9433,55.965],[11.9434,55.9651]]]},"properties":{"sourceId":"ais_par3.157884","a_type":5120,"hectares":0.046}},{"type":"Feature","id":"ais_par3.157969","geometry":{"type":"Polygon","coordinates":[[[11.9238,55.9846],[11.9238,55.9846],[11.9236,55.9846],[11.9236,55.9848],[11.9238,55.9846]]]},"properties":{"sourceId":"ais_par3.157969","a_type":5120,"hectares":0.024}},{"type":"Feature","id":"ais_par3.157980","geometry":{"type":"Polygon","coordinates":[[[12.0871,55.8925],[12.0875,55.8926],[12.0878,55.8923],[12.0873,55.8922],[12.0871,55.8925]]]},"properties":{"sourceId":"ais_par3.157980","a_type":5120,"hectares":0.121}},{"type":"Feature","id":"ais_par3.158060","geometry":{"type":"Polygon","coordinates":[[[12.0955,55.8829],[12.0956,55.8829],[12.0956,55.8829],[12.0957,55.8829],[12.0957,55.8829],[12.0957,55.8828],[12.0957,55.8828],[12.0956,55.8828],[12.0956,55.8828],[12.0955,55.8828],[12.0955,55.8828],[12.0954,55.8828],[12.0954,55.8828],[12.0954,55.8829],[12.0954,55.8829],[12.0955,55.8829],[12.0955,55.8829]]]},"properties":{"sourceId":"ais_par3.158060","a_type":5120,"hectares":0.028}},{"type":"Feature","id":"ais_par3.158061","geometry":{"type":"Polygon","coordinates":[[[12.0815,55.8824],[12.0815,55.8823],[12.0813,55.8823],[12.0812,55.8823],[12.0811,55.8824],[12.0813,55.8824],[12.0815,55.8824]]]},"properties":{"sourceId":"ais_par3.158061","a_type":5120,"hectares":0.028}},{"type":"Feature","id":"ais_par3.158062","geometry":{"type":"Polygon","coordinates":[[[12.0817,55.8822],[12.0818,55.8822],[12.0818,55.8821],[12.0817,55.882],[12.0815,55.8819],[12.0813,55.882],[12.0813,55.8821],[12.0814,55.8822],[12.0817,55.8822]]]},"properties":{"sourceId":"ais_par3.158062","a_type":5120,"hectares":0.069}},{"type":"Feature","id":"ais_par3.158063","geometry":{"type":"Polygon","coordinates":[[[12.0805,55.8814],[12.0805,55.8813],[12.0803,55.8812],[12.0801,55.8811],[12.0797,55.8811],[12.0793,55.881],[12.0791,55.881],[12.079,55.881],[12.0792,55.8812],[12.0794,55.8813],[12.0799,55.8814],[12.08,55.8814],[12.0805,55.8814]]]},"properties":{"sourceId":"ais_par3.158063","a_type":5120,"hectares":0.236}},{"type":"Feature","id":"ais_par3.158064","geometry":{"type":"Polygon","coordinates":[[[12.0737,55.8791],[12.0737,55.8791],[12.0737,55.8792],[12.0738,55.8792],[12.0739,55.8792],[12.074,55.8792],[12.0741,55.8793],[12.0744,55.8792],[12.0746,55.8792],[12.0746,55.8791],[12.0745,55.8791],[12.0745,55.8791],[12.0743,55.8792],[12.0741,55.8792],[12.074,55.8791],[12.0738,55.879],[12.0737,55.8791],[12.0737,55.8791]]]},"properties":{"sourceId":"ais_par3.158064","a_type":5120,"hectares":0.072}},{"type":"Feature","id":"ais_par3.158065","geometry":{"type":"Polygon","coordinates":[[[12.0919,55.8763],[12.0919,55.8763],[12.092,55.8763],[12.0921,55.8762],[12.0921,55.8762],[12.0922,55.8762],[12.0921,55.8761],[12.0919,55.8762],[12.0918,55.8762],[12.0918,55.8763],[12.0918,55.8763],[12.0919,55.8763]]]},"properties":{"sourceId":"ais_par3.158065","a_type":5120,"hectares":0.024}},{"type":"Feature","id":"ais_par3.158069","geometry":{"type":"Polygon","coordinates":[[[12.0801,55.8718],[12.0805,55.8718],[12.0807,55.8718],[12.0808,55.8716],[12.081,55.8716],[12.0813,55.8715],[12.0815,55.8715],[12.0815,55.8714],[12.0814,55.8713],[12.0814,55.8713],[12.0809,55.8714],[12.0804,55.8714],[12.0801,55.8714],[12.0797,55.8714],[12.0796,55.8715],[12.0796,55.8716],[12.0798,55.8718],[12.0801,55.8718]]]},"properties":{"sourceId":"ais_par3.158069","a_type":5120,"hectares":0.428}},{"type":"Feature","id":"ais_par3.158070","geometry":{"type":"Polygon","coordinates":[[[12.068,55.8734],[12.068,55.8734],[12.0681,55.8734],[12.0681,55.8734],[12.0681,55.8733],[12.0681,55.8733],[12.0681,55.8733],[12.0681,55.8733],[12.068,55.8733],[12.068,55.8733],[12.0679,55.8733],[12.0679,55.8733],[12.0678,55.8733],[12.0678,55.8734],[12.0679,55.8734],[12.0679,55.8734],[12.068,55.8734]]]},"properties":{"sourceId":"ais_par3.158070","a_type":5120,"hectares":0.028}},{"type":"Feature","id":"ais_par3.158071","geometry":{"type":"Polygon","coordinates":[[[12.0686,55.8725],[12.0687,55.8725],[12.0687,55.8725],[12.0688,55.8725],[12.0688,55.8724],[12.0688,55.8724],[12.0688,55.8724],[12.0687,55.8724],[12.0687,55.8723],[12.0686,55.8723],[12.0686,55.8724],[12.0685,55.8724],[12.0685,55.8724],[12.0685,55.8724],[12.0685,55.8725],[12.0686,55.8725],[12.0686,55.8725]]]},"properties":{"sourceId":"ais_par3.158071","a_type":5120,"hectares":0.028}},{"type":"Feature","id":"ais_par3.158072","geometry":{"type":"Polygon","coordinates":[[[12.0647,55.8703],[12.0646,55.8704],[12.0646,55.8704],[12.0649,55.8704],[12.0649,55.8703],[12.0648,55.8702],[12.0647,55.8703]]]},"properties":{"sourceId":"ais_par3.158072","a_type":5120,"hectares":0.027}},{"type":"Feature","id":"ais_par3.158744","geometry":{"type":"Polygon","coordinates":[[[12.1377,56.016],[12.1378,56.016],[12.1379,56.016],[12.1379,56.016],[12.1379,56.0159],[12.1379,56.0159],[12.1379,56.0159],[12.1378,56.0158],[12.1378,56.0158],[12.1377,56.0158],[12.1377,56.0158],[12.1376,56.0159],[12.1376,56.0159],[12.1376,56.0159],[12.1376,56.016],[12.1377,56.016],[12.1377,56.016]]]},"properties":{"sourceId":"ais_par3.158744","a_type":5120,"hectares":0.028}},{"type":"Feature","id":"ais_par3.158745","geometry":{"type":"Polygon","coordinates":[[[12.1292,56.0119],[12.1292,56.0119],[12.1293,56.0119],[12.1293,56.0119],[12.1294,56.0119],[12.1294,56.0118],[12.1293,56.0118],[12.1293,56.0118],[12.1292,56.0118],[12.1292,56.0118],[12.1291,56.0118],[12.1291,56.0118],[12.1291,56.0118],[12.1291,56.0119],[12.1291,56.0119],[12.1291,56.0119],[12.1292,56.0119]]]},"properties":{"sourceId":"ais_par3.158745","a_type":5120,"hectares":0.028}},{"type":"Feature","id":"ais_par3.158746","geometry":{"type":"Polygon","coordinates":[[[12.1276,56.0108],[12.1277,56.0108],[12.1277,56.0108],[12.1278,56.0108],[12.1278,56.0108],[12.1278,56.0107],[12.1278,56.0107],[12.1277,56.0107],[12.1276,56.0107],[12.1276,56.0107],[12.1275,56.0107],[12.1275,56.0107],[12.1275,56.0107],[12.1275,56.0108],[12.1275,56.0108],[12.1275,56.0108],[12.1276,56.0108]]]},"properties":{"sourceId":"ais_par3.158746","a_type":5120,"hectares":0.028}},{"type":"Feature","id":"ais_par3.158747","geometry":{"type":"Polygon","coordinates":[[[12.0844,56.0262],[12.0844,56.0262],[12.0845,56.0262],[12.0845,56.0262],[12.0845,56.0262],[12.0845,56.0261],[12.0845,56.0261],[12.0845,56.0261],[12.0844,56.0261],[12.0844,56.0261],[12.0843,56.0261],[12.0843,56.0261],[12.0842,56.0261],[12.0842,56.0262],[12.0843,56.0262],[12.0843,56.0262],[12.0844,56.0262]]]},"properties":{"sourceId":"ais_par3.158747","a_type":5120,"hectares":0.028}},{"type":"Feature","id":"ais_par3.158819","geometry":{"type":"Polygon","coordinates":[[[12.021,55.9906],[12.021,55.9906],[12.0212,55.9906],[12.0213,55.9906],[12.0213,55.9905],[12.0212,55.9904],[12.021,55.9905],[12.021,55.9905],[12.021,55.9905],[12.021,55.9906]]]},"properties":{"sourceId":"ais_par3.158819","a_type":5120,"hectares":0.04}},{"type":"Feature","id":"ais_par3.158755","geometry":{"type":"Polygon","coordinates":[[[11.9616,55.8838],[11.9616,55.8838],[11.9617,55.8838],[11.9617,55.8838],[11.9617,55.8838],[11.9617,55.8837],[11.9617,55.8837],[11.9617,55.8837],[11.9616,55.8837],[11.9616,55.8837],[11.9615,55.8837],[11.9615,55.8837],[11.9614,55.8837],[11.9614,55.8838],[11.9615,55.8838],[11.9615,55.8838],[11.9616,55.8838]]]},"properties":{"sourceId":"ais_par3.158755","a_type":5120,"hectares":0.028}},{"type":"Feature","id":"ais_par3.158820","geometry":{"type":"Polygon","coordinates":[[[11.9975,55.9944],[11.9976,55.9944],[11.9977,55.9944],[11.9977,55.9943],[11.9976,55.9942],[11.9975,55.9942],[11.9974,55.9942],[11.9974,55.9943],[11.9974,55.9944],[11.9975,55.9944]]]},"properties":{"sourceId":"ais_par3.158820","a_type":5120,"hectares":0.027}},{"type":"Feature","id":"ais_par3.158817","geometry":{"type":"Polygon","coordinates":[[[12.0587,56.0013],[12.0587,56.0013],[12.0588,56.0013],[12.0588,56.0012],[12.0588,56.0012],[12.0588,56.0012],[12.0588,56.0011],[12.0588,56.0011],[12.0587,56.0011],[12.0587,56.0011],[12.0586,56.0011],[12.0586,56.0011],[12.0585,56.0012],[12.0586,56.0012],[12.0586,56.0012],[12.0586,56.0013],[12.0587,56.0013]]]},"properties":{"sourceId":"ais_par3.158817","a_type":5120,"hectares":0.028}},{"type":"Feature","id":"ais_par3.158818","geometry":{"type":"Polygon","coordinates":[[[12.0553,56.0011],[12.0553,56.0011],[12.0554,56.0011],[12.0554,56.0011],[12.0555,56.001],[12.0555,56.001],[12.0555,56.001],[12.0555,56.0009],[12.0554,56.0008],[12.0553,56.0008],[12.0552,56.0008],[12.0551,56.0009],[12.0551,56.001],[12.0552,56.0011],[12.0552,56.0011],[12.0553,56.0011]]]},"properties":{"sourceId":"ais_par3.158818","a_type":5120,"hectares":0.062}},{"type":"Feature","id":"ais_par3.158828","geometry":{"type":"Polygon","coordinates":[[[12.1838,55.9705],[12.1839,55.9703],[12.1841,55.97],[12.184,55.9697],[12.184,55.9695],[12.1838,55.9694],[12.1838,55.9694],[12.1839,55.9691],[12.184,55.9691],[12.1838,55.9689],[12.184,55.9686],[12.1842,55.9684],[12.1841,55.9684],[12.184,55.9683],[12.1837,55.9682],[12.1831,55.9681],[12.1831,55.9679],[12.1829,55.9675],[12.183,55.9674],[12.183,55.9673],[12.1827,55.9673],[12.1826,55.9669],[12.1827,55.9667],[12.1828,55.9666],[12.1828,55.9664],[12.1825,55.9662],[12.1821,55.9658],[12.1819,55.9648],[12.1817,55.9646],[12.1816,55.9644],[12.1814,55.9639],[12.1816,55.9635],[12.182,55.963],[12.1819,55.9628],[12.1815,55.9623],[12.1809,55.9615],[12.1805,55.9613],[12.1804,55.9609],[12.179,55.9598],[12.1787,55.9598],[12.1786,55.9599],[12.1784,55.9599],[12.178,55.9598],[12.1775,55.9594],[12.177,55.9591],[12.1766,55.9588],[12.1761,55.9586],[12.1758,55.9584],[12.1755,55.9583],[12.1752,55.9581],[12.1747,55.9578],[12.1745,55.9577],[12.1742,55.9578],[12.1738,55.9575],[12.1732,55.9573],[12.1732,55.9572],[12.1724,55.9571],[12.1716,55.9571],[12.1715,55.9572],[12.171,55.9572],[12.1707,55.9574],[12.1706,55.9574],[12.1705,55.9575],[12.1705,55.9577],[12.1702,55.9579],[12.17,55.9582],[12.1698,55.9583],[12.1697,55.9586],[12.1694,55.959],[12.1691,55.9592],[12.1688,55.9592],[12.1688,55.9592],[12.1685,55.9594],[12.1684,55.9596],[12.1685,55.9597],[12.168,55.9601],[12.1679,55.9601],[12.1676,55.9599],[12.1674,55.9599],[12.1673,55.9601],[12.1672,55.9601],[12.167,55.9603],[12.1668,55.9604],[12.1666,55.9604],[12.1665,55.9604],[12.1662,55.9605],[12.1661,55.9606],[12.166,55.9606],[12.1659,55.9608],[12.166,55.9608],[12.1659,55.9609],[12.1655,55.9609],[12.1653,55.9609],[12.165,55.9609],[12.1647,55.961],[12.1645,55.9611],[12.164,55.9611],[12.1639,55.9611],[12.1637,55.9611],[12.1634,55.9611],[12.1633,55.9612],[12.1633,55.9612],[12.1632,55.9612],[12.1629,55.9612],[12.1628,55.9612],[12.162,55.9615],[12.161,55.9615],[12.1603,55.9617],[12.1598,55.9617],[12.1594,55.9618],[12.159,55.9618],[12.1585,55.9618],[12.1584,55.9617],[12.1578,55.9616],[12.1571,55.9614],[12.1569,55.9614],[12.1566,55.9613],[12.1563,55.9613],[12.156,55.9615],[12.1556,55.9616],[12.1552,55.9616],[12.1551,55.9617],[12.1547,55.962],[12.1544,55.9621],[12.1543,55.9621],[12.1536,55.9622],[12.1535,55.9623],[12.1533,55.9623],[12.1528,55.9626],[12.1525,55.9627],[12.1524,55.9628],[12.1516,55.963],[12.1513,55.963],[12.151,55.9628],[12.1507,55.9628],[12.1509,55.9626],[12.1507,55.9624],[12.1509,55.9619],[12.1511,55.9615],[12.1511,55.9609],[12.151,55.9604],[12.1508,55.9602],[12.1504,55.9595],[12.1503,55.9589],[12.1502,55.9585],[12.1502,55.9583],[12.1505,55.9581],[12.1505,55.9576],[12.1504,55.957],[12.1503,55.9568],[12.1502,55.9568],[12.15,55.9567],[12.1498,55.9566],[12.1496,55.9565],[12.1495,55.9563],[12.1497,55.9562],[12.1498,55.9561],[12.1496,55.9558],[12.1495,55.9557],[12.1493,55.9557],[12.1491,55.9557],[12.149,55.9554],[12.149,55.9552],[12.1488,55.955],[12.1486,55.955],[12.1485,55.955],[12.1484,55.955],[12.1482,55.9549],[12.1481,55.9548],[12.1471,55.9547],[12.1464,55.9547],[12.1457,55.9544],[12.145,55.9541],[12.1445,55.9539],[12.1439,55.9538],[12.1432,55.9537],[12.143,55.9533],[12.142,55.9528],[12.1416,55.9528],[12.1415,55.9525],[12.1409,55.9524],[12.1408,55.9523],[12.1406,55.9524],[12.1403,55.9524],[12.1401,55.9524],[12.14,55.9524],[12.1397,55.9525],[12.1392,55.9523],[12.1388,55.9521],[12.1381,55.952],[12.1377,55.9519],[12.1371,55.9515],[12.1365,55.9514],[12.1359,55.9513],[12.1352,55.951],[12.1344,55.9506],[12.1339,55.9502],[12.1334,55.95],[12.1327,55.9495],[12.1321,55.949],[12.1312,55.9487],[12.1304,55.9485],[12.1301,55.9484],[12.1301,55.9485],[12.1298,55.9484],[12.1288,55.9481],[12.1284,55.9476],[12.1274,55.9472],[12.1268,55.9468],[12.1261,55.9464],[12.1255,55.9461],[12.125,55.9458],[12.1242,55.9452],[12.1238,55.9451],[12.1236,55.945],[12.123,55.9447],[12.1227,55.9447],[12.1223,55.9446],[12.1221,55.9444],[12.1218,55.9443],[12.1215,55.9442],[12.1207,55.9439],[12.1203,55.9438],[12.12,55.9437],[12.1191,55.9434],[12.1183,55.9433],[12.1178,55.9431],[12.1174,55.943],[12.1163,55.943],[12.1154,55.9429],[12.115,55.9428],[12.1147,55.9428],[12.1145,55.9428],[12.1141,55.9429],[12.1137,55.9428],[12.1131,55.9429],[12.1128,55.943],[12.1124,55.943],[12.1121,55.9431],[12.1118,55.9433],[12.1113,55.9434],[12.1109,55.9436],[12.1107,55.9437],[12.1099,55.9438],[12.1096,55.944],[12.1094,55.9441],[12.1094,55.9444],[12.1091,55.9445],[12.1087,55.9446],[12.108,55.9446],[12.1074,55.9445],[12.1065,55.9443],[12.1058,55.9443],[12.1051,55.9444],[12.1045,55.9444],[12.104,55.9443],[12.1037,55.9443],[12.1031,55.9441],[12.1024,55.944],[12.1019,55.9437],[12.1018,55.9435],[12.1017,55.9435],[12.1014,55.9434],[12.1013,55.9433],[12.1009,55.9432],[12.1007,55.9432],[12.1004,55.943],[12.0999,55.9427],[12.0993,55.9426],[12.099,55.9425],[12.0985,55.9422],[12.0978,55.9421],[12.0975,55.9419],[12.0969,55.9417],[12.0968,55.9414],[12.0964,55.941],[12.0962,55.9408],[12.0966,55.9406],[12.0963,55.9405],[12.0962,55.9398],[12.0959,55.9394],[12.096,55.9392],[12.0959,55.9392],[12.0957,55.9392],[12.0957,55.9388],[12.0953,55.9385],[12.0951,55.9384],[12.095,55.9382],[12.0947,55.9378],[12.0945,55.9376],[12.0941,55.9374],[12.0938,55.9371],[12.0935,55.9369],[12.093,55.9367],[12.0928,55.9366],[12.0928,55.9366],[12.0928,55.9365],[12.0925,55.9363],[12.0923,55.9363],[12.0919,55.9362],[12.0912,55.9362],[12.0902,55.9362],[12.0898,55.9362],[12.0894,55.936],[12.089,55.936],[12.0889,55.9362],[12.0883,55.9361],[12.0879,55.936],[12.0876,55.936],[12.0873,55.9361],[12.0868,55.936],[12.0865,55.9359],[12.0863,55.9359],[12.0863,55.9363],[12.0862,55.9363],[12.0861,55.9364],[12.086,55.9364],[12.0858,55.9365],[12.0855,55.9366],[12.0854,55.9368],[12.0852,55.937],[12.085,55.9371],[12.0848,55.9373],[12.0845,55.9375],[12.0843,55.9376],[12.0842,55.9376],[12.0842,55.9375],[12.084,55.9374],[12.0839,55.9373],[12.0837,55.9374],[12.0835,55.9375],[12.0831,55.9376],[12.083,55.9377],[12.0825,55.9377],[12.0823,55.9378],[12.0822,55.9379],[12.082,55.938],[12.082,55.9379],[12.0818,55.9379],[12.0815,55.938],[12.0805,55.938],[12.0794,55.9383],[12.079,55.9384],[12.0788,55.9384],[12.0782,55.9388],[12.0778,55.9389],[12.0775,55.939],[12.0771,55.9391],[12.0763,55.9394],[12.0758,55.9397],[12.0751,55.9399],[12.0746,55.9402],[12.0738,55.9403],[12.0737,55.9404],[12.0735,55.9408],[12.0728,55.941],[12.0725,55.941],[12.0722,55.9411],[12.072,55.9412],[12.0719,55.9414],[12.0721,55.9416],[12.072,55.9419],[12.0716,55.9422],[12.0714,55.9423],[12.0711,55.9425],[12.0709,55.9428],[12.0707,55.943],[12.0706,55.9432],[12.0704,55.9434],[12.07,55.9439],[12.0698,55.9441],[12.0695,55.9443],[12.0692,55.9445],[12.0689,55.9446],[12.0683,55.9445],[12.0676,55.9445],[12.0668,55.9445],[12.0662,55.9446],[12.0658,55.9445],[12.0651,55.9445],[12.0645,55.9445],[12.0639,55.9446],[12.0635,55.9447],[12.0631,55.945],[12.0626,55.9455],[12.0621,55.9456],[12.0618,55.9457],[12.0615,55.9457],[12.0613,55.9456],[12.0612,55.9453],[12.0609,55.9453],[12.0603,55.9452],[12.0598,55.9454],[12.0589,55.9456],[12.0588,55.9457],[12.0585,55.9458],[12.0583,55.9458],[12.0582,55.9461],[12.0582,55.9465],[12.0585,55.9467],[12.0585,55.9469],[12.0589,55.9472],[12.0593,55.9477],[12.0596,55.9478],[12.0597,55.9481],[12.0599,55.9483],[12.06,55.9483],[12.0601,55.9485],[12.061,55.9488],[12.0615,55.9488],[12.0618,55.9491],[12.062,55.9493],[12.0622,55.9494],[12.0626,55.9499],[12.063,55.9504],[12.063,55.951],[12.0632,55.9514],[12.0631,55.9517],[12.0633,55.9519],[12.0628,55.9519],[12.0629,55.952],[12.0631,55.9522],[12.0632,55.9524],[12.0631,55.9527],[12.0633,55.953],[12.0636,55.9531],[12.0639,55.9532],[12.064,55.9534],[12.0642,55.9537],[12.0645,55.9541],[12.065,55.9545],[12.0659,55.9549],[12.0671,55.9552],[12.0672,55.9554],[12.0672,55.9557],[12.0673,55.9558],[12.0674,55.956],[12.0676,55.9561],[12.0679,55.9565],[12.0681,55.9567],[12.0683,55.9571],[12.0687,55.9576],[12.0691,55.958],[12.0695,55.9586],[12.0702,55.9591],[12.0707,55.9595],[12.0707,55.9596],[12.0712,55.96],[12.0717,55.9604],[12.0721,55.9608],[12.0724,55.961],[12.0727,55.9613],[12.0729,55.9614],[12.073,55.9617],[12.0732,55.9619],[12.074,55.9627],[12.0742,55.9628],[12.0744,55.9629],[12.0746,55.963],[12.0748,55.9632],[12.0751,55.9633],[12.0758,55.9634],[12.0763,55.9636],[12.0767,55.9638],[12.0771,55.9641],[12.0775,55.9645],[12.0778,55.9647],[12.0779,55.9649],[12.0792,55.966],[12.0796,55.9662],[12.08,55.9663],[12.0806,55.9666],[12.0808,55.967],[12.0812,55.967],[12.0813,55.9672],[12.0814,55.9674],[12.0815,55.9675],[12.0818,55.9677],[12.0819,55.9678],[12.0822,55.9677],[12.0823,55.9678],[12.0821,55.9679],[12.0824,55.968],[12.0825,55.9681],[12.0831,55.9681],[12.0834,55.9682],[12.0836,55.9683],[12.0838,55.9685],[12.0838,55.9687],[12.0836,55.9689],[12.0839,55.9692],[12.0838,55.9696],[12.0839,55.9698],[12.0843,55.9701],[12.0844,55.9703],[12.0844,55.9705],[12.0843,55.9709],[12.0844,55.9711],[12.0848,55.9716],[12.0853,55.9723],[12.0859,55.9727],[12.0863,55.9733],[12.0865,55.9738],[12.0866,55.9741],[12.0868,55.9744],[12.0872,55.9745],[12.0876,55.9747],[12.0883,55.9753],[12.0886,55.9759],[12.0885,55.9761],[12.0886,55.9765],[12.0889,55.9766],[12.089,55.9766],[12.0891,55.9768],[12.0897,55.9769],[12.0904,55.9772],[12.0908,55.9774],[12.091,55.9776],[12.0913,55.9781],[12.0915,55.9784],[12.092,55.9788],[12.0925,55.979],[12.0928,55.9791],[12.093,55.9793],[12.0934,55.9795],[12.0938,55.9798],[12.0944,55.98],[12.0949,55.9801],[12.0953,55.9803],[12.0957,55.9804],[12.0961,55.9804],[12.0965,55.9806],[12.097,55.9807],[12.0979,55.9809],[12.0984,55.9811],[12.0986,55.9811],[12.099,55.9812],[12.0993,55.9813],[12.0998,55.9815],[12.1003,55.9817],[12.1005,55.9819],[12.1007,55.982],[12.1011,55.9822],[12.1013,55.9824],[12.1013,55.9828],[12.1017,55.9833],[12.1017,55.9837],[12.1019,55.9838],[12.1021,55.9839],[12.102,55.9844],[12.1023,55.9848],[12.1024,55.9851],[12.1027,55.9851],[12.1034,55.9854],[12.1034,55.9856],[12.1034,55.9859],[12.1033,55.986],[12.1029,55.9863],[12.102,55.9864],[12.1007,55.9866],[12.1002,55.9865],[12.0994,55.9865],[12.0985,55.9867],[12.0984,55.9868],[12.0974,55.9871],[12.0969,55.9875],[12.0967,55.9876],[12.0964,55.9878],[12.0963,55.988],[12.0962,55.9881],[12.096,55.9883],[12.0958,55.9884],[12.0955,55.9887],[12.095,55.989],[12.0946,55.9891],[12.0939,55.989],[12.0933,55.989],[12.0929,55.9891],[12.0926,55.9892],[12.0922,55.9891],[12.0919,55.9891],[12.0911,55.9891],[12.0909,55.9891],[12.0907,55.9891],[12.0898,55.989],[12.0885,55.9888],[12.0874,55.9885],[12.0858,55.9884],[12.0849,55.9883],[12.0843,55.9884],[12.0841,55.9886],[12.0832,55.9887],[12.0831,55.989],[12.0827,55.9892],[12.0825,55.9892],[12.0821,55.9893],[12.0818,55.9893],[12.081,55.9894],[12.0806,55.9895],[12.0798,55.9897],[12.0789,55.9898],[12.0788,55.9897],[12.0786,55.9897],[12.078,55.9897],[12.0776,55.9898],[12.0773,55.9899],[12.0768,55.9899],[12.0765,55.9901],[12.0758,55.9903],[12.0754,55.9904],[12.0749,55.9904],[12.0746,55.9903],[12.0743,55.9901],[12.0739,55.9898],[12.0736,55.9897],[12.0732,55.9895],[12.073,55.9894],[12.0725,55.9891],[12.0724,55.9889],[12.0717,55.9886],[12.071,55.9881],[12.0704,55.988],[12.0701,55.9879],[12.0699,55.9878],[12.0696,55.9877],[12.069,55.9875],[12.0684,55.9873],[12.0677,55.9872],[12.0669,55.9871],[12.0666,55.9871],[12.0659,55.987],[12.0652,55.9863],[12.0649,55.9862],[12.0648,55.986],[12.0643,55.9857],[12.0627,55.9852],[12.0622,55.9849],[12.0619,55.9847],[12.0618,55.9845],[12.0615,55.984],[12.0612,55.9837],[12.0608,55.9834],[12.0606,55.9832],[12.0606,55.9832],[12.0603,55.983],[12.0598,55.9829],[12.0599,55.9828],[12.0606,55.9827],[12.061,55.9824],[12.0613,55.9821],[12.0615,55.9817],[12.0616,55.9814],[12.0615,55.9811],[12.0615,55.9807],[12.0617,55.9805],[12.0622,55.9802],[12.0631,55.9799],[12.0638,55.9798],[12.0643,55.9797],[12.0655,55.9795],[12.0652,55.9793],[12.0658,55.979],[12.066,55.979],[12.0664,55.9786],[12.0666,55.9785],[12.0666,55.9784],[12.0667,55.9784],[12.0662,55.9782],[12.0662,55.9779],[12.0661,55.9774],[12.0664,55.9773],[12.0665,55.9771],[12.0663,55.9766],[12.0661,55.9763],[12.0659,55.9759],[12.0655,55.9756],[12.0653,55.975],[12.065,55.9746],[12.0647,55.9742],[12.0646,55.9742],[12.0642,55.974],[12.0642,55.9739],[12.0639,55.9738],[12.0636,55.9737],[12.0633,55.9736],[12.063,55.9733],[12.0627,55.9733],[12.0619,55.9731],[12.0615,55.9728],[12.0609,55.9728],[12.0601,55.9724],[12.0598,55.972],[12.059,55.9718],[12.0584,55.9717],[12.0584,55.9717],[12.0578,55.9717],[12.0577,55.9715],[12.0572,55.9713],[12.0566,55.9711],[12.0558,55.9711],[12.0558,55.9711],[12.0549,55.9712],[12.0546,55.9712],[12.0542,55.9713],[12.054,55.9713],[12.0537,55.9713],[12.0532,55.9712],[12.0524,55.9714],[12.0521,55.9715],[12.0514,55.9718],[12.0509,55.9719],[12.0507,55.972],[12.0496,55.9722],[12.0491,55.9724],[12.0487,55.9725],[12.0479,55.9728],[12.047,55.9732],[12.0465,55.9736],[12.046,55.9739],[12.0452,55.9742],[12.0448,55.9745],[12.0444,55.9746],[12.0439,55.9747],[12.0435,55.9747],[12.0427,55.9751],[12.0419,55.9756],[12.0415,55.976],[12.0413,55.9765],[12.0411,55.9768],[12.0409,55.9771],[12.0408,55.9774],[12.0406,55.9776],[12.0404,55.9778],[12.0401,55.978],[12.0399,55.9783],[12.0392,55.9791],[12.039,55.9797],[12.0388,55.9803],[12.0386,55.9806],[12.0385,55.981],[12.0382,55.9815],[12.0382,55.9818],[12.0383,55.9822],[12.0384,55.9824],[12.0384,55.9827],[12.0384,55.9831],[12.0386,55.9837],[12.0387,55.9841],[12.0388,55.9842],[12.0388,55.9842],[12.0389,55.9844],[12.0389,55.9844],[12.0394,55.9849],[12.0394,55.985],[12.0395,55.9854],[12.0395,55.9855],[12.0398,55.9859],[12.0399,55.9865],[12.0402,55.9869],[12.0402,55.987],[12.0406,55.9872],[12.0409,55.9877],[12.0409,55.9877],[12.041,55.9879],[12.0411,55.9883],[12.0411,55.9884],[12.0413,55.9888],[12.0414,55.989],[12.0414,55.9891],[12.0415,55.9895],[12.0415,55.9897],[12.0418,55.9901],[12.0419,55.9904],[12.0421,55.9909],[12.0423,55.9912],[12.0425,55.9914],[12.0427,55.9918],[12.0429,55.9919],[12.0432,55.9924],[12.0432,55.9926],[12.0434,55.9928],[12.0438,55.9928],[12.044,55.9929],[12.0443,55.9931],[12.0447,55.9932],[12.0449,55.9934],[12.0448,55.9936],[12.0449,55.9937],[12.045,55.9938],[12.0454,55.9939],[12.0456,55.9941],[12.0459,55.9943],[12.0462,55.9943],[12.0465,55.9945],[12.0465,55.9945],[12.0473,55.9948],[12.0478,55.9948],[12.0482,55.9949],[12.0485,55.9951],[12.049,55.9954],[12.0491,55.9956],[12.0495,55.996],[12.0498,55.9962],[12.05,55.9964],[12.0502,55.9965],[12.0504,55.9966],[12.0508,55.9968],[12.0513,55.9971],[12.0514,55.9972],[12.0518,55.9973],[12.0525,55.9975],[12.053,55.9976],[12.0531,55.9976],[12.0532,55.9977],[12.0535,55.9977],[12.0538,55.9977],[12.0541,55.9977],[12.0544,55.9977],[12.0549,55.9977],[12.0553,55.9976],[12.0556,55.9976],[12.0562,55.9977],[12.0564,55.9976],[12.0568,55.9974],[12.057,55.9974],[12.0575,55.9977],[12.0578,55.9978],[12.0581,55.9978],[12.0587,55.9979],[12.059,55.9978],[12.0591,55.9979],[12.0596,55.9978],[12.0599,55.9979],[12.0605,55.998],[12.0606,55.9981],[12.0615,55.9979],[12.062,55.9979],[12.0625,55.9979],[12.0631,55.9979],[12.0637,55.998],[12.064,55.9979],[12.0645,55.9979],[12.065,55.998],[12.0651,55.9981],[12.0652,55.9982],[12.0652,55.9982],[12.0653,55.9984],[12.0655,55.9985],[12.0658,55.9988],[12.0659,55.9988],[12.0663,55.999],[12.0663,55.9991],[12.0664,55.9992],[12.0665,55.9993],[12.0668,55.9996],[12.0667,55.9997],[12.0668,55.9999],[12.067,56.0001],[12.0673,56.0003],[12.0678,56.0003],[12.068,56.0006],[12.068,56.0011],[12.068,56.0012],[12.0679,56.0013],[12.0678,56.0013],[12.0677,56.0015],[12.0674,56.002],[12.0674,56.0021],[12.0674,56.0021],[12.0674,56.0022],[12.0673,56.0025],[12.0672,56.0027],[12.067,56.0028],[12.067,56.003],[12.0669,56.0032],[12.0668,56.0033],[12.0665,56.0038],[12.0665,56.0039],[12.0665,56.0039],[12.0665,56.004],[12.0664,56.0041],[12.0664,56.0041],[12.0664,56.0041],[12.0668,56.0044],[12.067,56.0046],[12.0674,56.005],[12.0678,56.0055],[12.0678,56.0055],[12.0682,56.0056],[12.0687,56.0058],[12.0691,56.0064],[12.0691,56.0064],[12.0695,56.0068],[12.0696,56.0069],[12.0696,56.0069],[12.0707,56.0075],[12.0714,56.0078],[12.0715,56.0078],[12.0717,56.0083],[12.0716,56.0086],[12.0723,56.0088],[12.0722,56.009],[12.0721,56.0091],[12.0722,56.0094],[12.0727,56.0096],[12.0731,56.0097],[12.0736,56.0099],[12.0738,56.01],[12.0737,56.0102],[12.0738,56.0104],[12.074,56.0107],[12.0742,56.0111],[12.0741,56.0117],[12.074,56.0119],[12.0737,56.0122],[12.0733,56.0125],[12.073,56.0129],[12.0729,56.0132],[12.0731,56.0134],[12.0734,56.0135],[12.0732,56.0137],[12.0733,56.0139],[12.0734,56.014],[12.0735,56.0144],[12.0735,56.0149],[12.0735,56.0152],[12.0735,56.0154],[12.0737,56.0158],[12.0741,56.0162],[12.0744,56.0165],[12.0748,56.0167],[12.075,56.0168],[12.0749,56.0171],[12.0749,56.0173],[12.0752,56.0175],[12.076,56.0179],[12.0768,56.0181],[12.0779,56.0184],[12.0787,56.0184],[12.0792,56.0182],[12.0794,56.0182],[12.0799,56.018],[12.08,56.0178],[12.0803,56.0176],[12.0804,56.0174],[12.0805,56.0173],[12.0804,56.017],[12.0803,56.0169],[12.0805,56.0167],[12.0808,56.0165],[12.0814,56.0166],[12.0817,56.0163],[12.0821,56.0163],[12.0824,56.0163],[12.0828,56.0162],[12.0828,56.016],[12.0833,56.016],[12.0837,56.0159],[12.084,56.0159],[12.0842,56.0159],[12.0845,56.0159],[12.0847,56.0159],[12.085,56.0158],[12.0852,56.0157],[12.0854,56.0157],[12.0858,56.0156],[12.0861,56.0155],[12.0864,56.0153],[12.0869,56.015],[12.0872,56.0149],[12.0876,56.0148],[12.088,56.0148],[12.0882,56.0149],[12.0888,56.0148],[12.0893,56.0145],[12.0895,56.0144],[12.0898,56.0144],[12.0903,56.0143],[12.0905,56.0143],[12.0912,56.0143],[12.0919,56.0142],[12.093,56.0143],[12.0938,56.0141],[12.0948,56.014],[12.0957,56.0138],[12.0967,56.0133],[12.0972,56.0131],[12.0978,56.0128],[12.0987,56.0122],[12.0994,56.0119],[12.0999,56.0117],[12.1002,56.0115],[12.1003,56.0112],[12.1004,56.0111],[12.1008,56.0109],[12.1013,56.0106],[12.1019,56.0101],[12.1023,56.0097],[12.1023,56.0096],[12.1025,56.0092],[12.1026,56.009],[12.1025,56.0087],[12.1028,56.0083],[12.1028,56.0082],[12.1031,56.0077],[12.1033,56.0075],[12.1033,56.007],[12.1034,56.0065],[12.1035,56.0062],[12.1038,56.006],[12.1041,56.0057],[12.1044,56.0054],[12.1046,56.0052],[12.1051,56.0048],[12.1054,56.0046],[12.1058,56.0045],[12.1059,56.0043],[12.106,56.004],[12.1063,56.0036],[12.1065,56.0031],[12.1063,56.0027],[12.1065,56.0021],[12.1074,56.0019],[12.1075,56.0019],[12.1078,56.0017],[12.1085,56.0015],[12.1095,56.001],[12.1106,56.0008],[12.1107,56.0008],[12.111,56.0008],[12.1113,56.0007],[12.1117,56.0006],[12.1122,56.0006],[12.1126,56.0006],[12.1132,56.0007],[12.1135,56.0006],[12.1139,56.0006],[12.1143,56.0006],[12.1148,56.0006],[12.1155,56.0005],[12.116,56.0005],[12.1165,56.0004],[12.1168,56.0003],[12.1172,56.0003],[12.1174,56.0004],[12.1177,56.0003],[12.1176,56.0002],[12.1179,56.0002],[12.1184,56.0001],[12.1191,56],[12.1195,55.9999],[12.1199,55.9998],[12.1203,55.9998],[12.1204,55.9999],[12.1209,55.9999],[12.1212,55.9999],[12.1218,55.9998],[12.1226,55.9998],[12.1233,55.9995],[12.1239,55.9993],[12.1244,55.9989],[12.1244,55.9989],[12.1251,55.9987],[12.1255,55.9985],[12.1259,55.9985],[12.1269,55.9987],[12.1277,55.9989],[12.1282,55.9989],[12.1284,55.9989],[12.1286,55.9988],[12.1292,55.9986],[12.1293,55.9986],[12.13,55.9985],[12.1307,55.9982],[12.131,55.9979],[12.1315,55.9977],[12.1316,55.9974],[12.1316,55.9973],[12.1315,55.9967],[12.132,55.9965],[12.1323,55.9965],[12.1331,55.9964],[12.1339,55.9965],[12.134,55.9966],[12.1343,55.9967],[12.1349,55.9971],[12.1351,55.9972],[12.1355,55.9974],[12.1363,55.9976],[12.1363,55.9976],[12.1371,55.9979],[12.1377,55.9982],[12.1387,55.9984],[12.139,55.9984],[12.1392,55.9985],[12.1394,55.9986],[12.1395,55.9986],[12.1397,55.9985],[12.14,55.9984],[12.1405,55.9983],[12.1408,55.9981],[12.1415,55.9978],[12.1421,55.9976],[12.1425,55.9974],[12.1428,55.9975],[12.1433,55.9974],[12.1438,55.9972],[12.1448,55.9967],[12.1452,55.9965],[12.1456,55.996],[12.1461,55.9955],[12.1464,55.9953],[12.1466,55.9951],[12.1471,55.995],[12.1473,55.9948],[12.1476,55.9947],[12.148,55.9944],[12.1483,55.9942],[12.1488,55.9938],[12.1492,55.9933],[12.15,55.9928],[12.15,55.9926],[12.1502,55.9924],[12.1503,55.9921],[12.1502,55.992],[12.1505,55.9918],[12.1509,55.9915],[12.1511,55.9914],[12.1512,55.9912],[12.1515,55.9911],[12.1519,55.9909],[12.1518,55.9905],[12.152,55.9902],[12.1522,55.9899],[12.1522,55.9897],[12.1523,55.9895],[12.1524,55.9894],[12.1524,55.989],[12.1524,55.9887],[12.1523,55.9884],[12.1526,55.988],[12.153,55.9877],[12.1538,55.9876],[12.154,55.9874],[12.1538,55.9874],[12.1541,55.9872],[12.1545,55.987],[12.1548,55.9868],[12.1552,55.9861],[12.1554,55.9852],[12.1554,55.9845],[12.1555,55.9842],[12.1555,55.9842],[12.1552,55.9841],[12.155,55.984],[12.1548,55.9838],[12.1547,55.9837],[12.1547,55.9835],[12.1549,55.9834],[12.155,55.9833],[12.1551,55.9833],[12.1552,55.9832],[12.1554,55.9831],[12.1555,55.9829],[12.1556,55.9829],[12.1557,55.9829],[12.1557,55.9828],[12.1555,55.9827],[12.1554,55.9828],[12.1551,55.9829],[12.1549,55.9829],[12.1548,55.9827],[12.155,55.9827],[12.155,55.9826],[12.1548,55.9825],[12.1546,55.9823],[12.1546,55.9821],[12.1545,55.982],[12.1543,55.9818],[12.1544,55.9818],[12.1546,55.9818],[12.1545,55.9817],[12.1543,55.9816],[12.154,55.9816],[12.1539,55.9816],[12.1535,55.9817],[12.1533,55.9815],[12.1532,55.9814],[12.1533,55.9812],[12.153,55.9812],[12.1526,55.9812],[12.1525,55.9811],[12.1521,55.9809],[12.152,55.9808],[12.1522,55.9805],[12.1523,55.9803],[12.1521,55.9801],[12.1519,55.9801],[12.1516,55.98],[12.1514,55.9799],[12.1511,55.9798],[12.1509,55.9798],[12.1507,55.9798],[12.1504,55.9798],[12.1502,55.9797],[12.1502,55.9797],[12.1502,55.9795],[12.1504,55.9794],[12.1502,55.9787],[12.1502,55.9785],[12.1504,55.9783],[12.1504,55.9781],[12.1505,55.978],[12.1507,55.9779],[12.1509,55.9779],[12.151,55.9778],[12.1518,55.9777],[12.1524,55.9777],[12.1526,55.9777],[12.1531,55.9776],[12.1533,55.9775],[12.1535,55.9774],[12.1538,55.9775],[12.1539,55.9775],[12.154,55.9776],[12.1544,55.9776],[12.1552,55.9778],[12.1566,55.978],[12.1571,55.9782],[12.1582,55.9784],[12.1586,55.9785],[12.159,55.9785],[12.1593,55.9787],[12.1597,55.9788],[12.1602,55.9788],[12.1604,55.9789],[12.1609,55.9789],[12.1621,55.9791],[12.1625,55.9795],[12.1627,55.9795],[12.1631,55.9796],[12.1631,55.9797],[12.1634,55.9798],[12.1635,55.9799],[12.1637,55.98],[12.1641,55.9801],[12.1645,55.9801],[12.1653,55.9803],[12.1655,55.9804],[12.1657,55.9805],[12.1661,55.9805],[12.1662,55.9805],[12.1664,55.9804],[12.167,55.9802],[12.1674,55.98],[12.1676,55.9801],[12.1677,55.9801],[12.1678,55.98],[12.1679,55.98],[12.1682,55.98],[12.1687,55.9799],[12.1691,55.9798],[12.1696,55.9795],[12.1695,55.9793],[12.1697,55.979],[12.1699,55.9789],[12.1702,55.9788],[12.1703,55.9786],[12.1703,55.9784],[12.1705,55.9782],[12.1707,55.9781],[12.1711,55.9781],[12.1713,55.978],[12.1715,55.9776],[12.172,55.977],[12.1725,55.9767],[12.1728,55.9765],[12.1733,55.976],[12.1741,55.9756],[12.1752,55.9752],[12.176,55.975],[12.1766,55.975],[12.1772,55.9749],[12.1779,55.9749],[12.1783,55.975],[12.1787,55.9748],[12.179,55.9747],[12.1792,55.9746],[12.1801,55.9744],[12.1808,55.9742],[12.1809,55.9741],[12.1817,55.974],[12.182,55.9737],[12.1821,55.9736],[12.1819,55.9735],[12.1819,55.9734],[12.1822,55.9733],[12.1826,55.973],[12.1823,55.973],[12.1823,55.9728],[12.1823,55.9727],[12.1827,55.9726],[12.1829,55.9725],[12.1829,55.9723],[12.1828,55.9721],[12.1828,55.972],[12.1828,55.9717],[12.1828,55.9715],[12.1827,55.9713],[12.183,55.9712],[12.1829,55.9711],[12.1829,55.9711],[12.183,55.9711],[12.1831,55.971],[12.1834,55.9709],[12.1835,55.9707],[12.1837,55.9707],[12.1838,55.9705]]]},"properties":{"sourceId":"ais_par3.158828","a_type":5120,"hectares":3952.628}},{"type":"Feature","id":"ais_par3.159037","geometry":{"type":"Polygon","coordinates":[[[12.0838,55.8726],[12.0838,55.8726],[12.0839,55.8725],[12.0839,55.8725],[12.084,55.8725],[12.084,55.8725],[12.0839,55.8724],[12.0839,55.8724],[12.0838,55.8724],[12.0838,55.8724],[12.0837,55.8724],[12.0837,55.8724],[12.0837,55.8725],[12.0837,55.8725],[12.0837,55.8725],[12.0837,55.8725],[12.0838,55.8726]]]},"properties":{"sourceId":"ais_par3.159037","a_type":5120,"hectares":0.028}},{"type":"Feature","id":"ais_par3.159211","geometry":{"type":"Polygon","coordinates":[[[11.8934,55.9598],[11.8934,55.9598],[11.8935,55.9598],[11.8935,55.9597],[11.8934,55.9597],[11.8932,55.9598],[11.8934,55.9598]]]},"properties":{"sourceId":"ais_par3.159211","a_type":5120,"hectares":0.016}},{"type":"Feature","id":"ais_par3.159227","geometry":{"type":"Polygon","coordinates":[[[11.9651,55.969],[11.965,55.9691],[11.9651,55.9692],[11.9653,55.9692],[11.9654,55.969],[11.9656,55.9688],[11.9652,55.9687],[11.9651,55.969]]]},"properties":{"sourceId":"ais_par3.159227","a_type":5120,"hectares":0.088}},{"type":"Feature","id":"ais_par3.159232","geometry":{"type":"Polygon","coordinates":[[[11.8734,55.9794],[11.8734,55.9794],[11.8734,55.9795],[11.8735,55.9795],[11.8735,55.9795],[11.8736,55.9795],[11.8736,55.9795],[11.8737,55.9795],[11.8737,55.9794],[11.8737,55.9794],[11.8737,55.9794],[11.8736,55.9793],[11.8736,55.9793],[11.8735,55.9793],[11.8735,55.9793],[11.8734,55.9794],[11.8734,55.9794],[11.8734,55.9794]]]},"properties":{"sourceId":"ais_par3.159232","a_type":5120,"hectares":0.028}},{"type":"Feature","id":"ais_par3.159233","geometry":{"type":"Polygon","coordinates":[[[11.9217,55.9635],[11.9218,55.9634],[11.9218,55.9632],[11.9217,55.9631],[11.9216,55.9631],[11.9215,55.9631],[11.9214,55.9632],[11.9214,55.9633],[11.9214,55.9633],[11.9214,55.9635],[11.9217,55.9635]]]},"properties":{"sourceId":"ais_par3.159233","a_type":5120,"hectares":0.091}},{"type":"Feature","id":"ais_par3.159249","geometry":{"type":"Polygon","coordinates":[[[12.1138,56.0023],[12.1139,56.0026],[12.114,56.0027],[12.114,56.0027],[12.1139,56.0028],[12.114,56.0028],[12.1141,56.0028],[12.1141,56.0027],[12.1146,56.0027],[12.1146,56.0026],[12.1148,56.0024],[12.1148,56.0023],[12.1146,56.0021],[12.1143,56.0021],[12.114,56.0021],[12.1138,56.0021],[12.1138,56.0021],[12.1138,56.0023]]]},"properties":{"sourceId":"ais_par3.159249","a_type":5120,"hectares":0.386}},{"type":"Feature","id":"ais_par3.159250","geometry":{"type":"Polygon","coordinates":[[[11.8783,55.9621],[11.8784,55.9621],[11.8784,55.9621],[11.8785,55.9621],[11.8785,55.9621],[11.8785,55.962],[11.8785,55.962],[11.8784,55.962],[11.8784,55.962],[11.8783,55.962],[11.8783,55.962],[11.8782,55.962],[11.8782,55.9621],[11.8782,55.9621],[11.8782,55.9621],[11.8783,55.9621],[11.8783,55.9621]]]},"properties":{"sourceId":"ais_par3.159250","a_type":5120,"hectares":0.028}},{"type":"Feature","id":"ais_par3.159238","geometry":{"type":"Polygon","coordinates":[[[11.944,55.9825],[11.9442,55.9825],[11.9442,55.9825],[11.9443,55.9825],[11.9443,55.9824],[11.9442,55.9824],[11.9441,55.9824],[11.944,55.9824],[11.9439,55.9824],[11.9439,55.9825],[11.944,55.9825]]]},"properties":{"sourceId":"ais_par3.159238","a_type":5120,"hectares":0.038}},{"type":"Feature","id":"ais_par3.159239","geometry":{"type":"Polygon","coordinates":[[[11.8855,55.9673],[11.8855,55.9673],[11.8856,55.9673],[11.8856,55.9673],[11.8856,55.9672],[11.8856,55.9672],[11.8856,55.9672],[11.8856,55.9672],[11.8855,55.9671],[11.8855,55.9671],[11.8854,55.9672],[11.8854,55.9672],[11.8853,55.9672],[11.8853,55.9672],[11.8854,55.9673],[11.8854,55.9673],[11.8855,55.9673]]]},"properties":{"sourceId":"ais_par3.159239","a_type":5120,"hectares":0.028}},{"type":"Feature","id":"ais_par3.159240","geometry":{"type":"Polygon","coordinates":[[[12.0129,56.0182],[12.0129,56.0181],[12.013,56.018],[12.0129,56.0179],[12.0125,56.0179],[12.0125,56.0179],[12.0123,56.018],[12.0123,56.018],[12.0123,56.0181],[12.0129,56.0182]]]},"properties":{"sourceId":"ais_par3.159240","a_type":5120,"hectares":0.089}},{"type":"Feature","id":"ais_par3.159241","geometry":{"type":"Polygon","coordinates":[[[12.0855,55.9221],[12.0854,55.9221],[12.0853,55.9221],[12.0852,55.9222],[12.0853,55.9222],[12.0854,55.9223],[12.0855,55.9223],[12.0856,55.9222],[12.0856,55.9222],[12.0855,55.9221]]]},"properties":{"sourceId":"ais_par3.159241","a_type":5120,"hectares":0.032}},{"type":"Feature","id":"ais_par3.159242","geometry":{"type":"Polygon","coordinates":[[[12.0865,55.9083],[12.0865,55.9086],[12.0866,55.9087],[12.0868,55.9087],[12.0872,55.9087],[12.0875,55.9086],[12.0877,55.9085],[12.0878,55.9084],[12.0878,55.9082],[12.0877,55.9081],[12.0875,55.9081],[12.0873,55.9081],[12.0871,55.9082],[12.0869,55.9082],[12.0869,55.9081],[12.0868,55.908],[12.0866,55.9079],[12.0865,55.9079],[12.0864,55.9081],[12.0865,55.9082],[12.0865,55.9082],[12.0865,55.9083]]]},"properties":{"sourceId":"ais_par3.159242","a_type":5120,"hectares":0.523}},{"type":"Feature","id":"ais_par3.159243","geometry":{"type":"Polygon","coordinates":[[[12.1007,56.0272],[12.1008,56.0273],[12.1009,56.0273],[12.101,56.0272],[12.1011,56.0272],[12.101,56.0272],[12.1007,56.027],[12.1007,56.027],[12.1006,56.027],[12.1006,56.0271],[12.1007,56.0271],[12.1007,56.0271],[12.1007,56.0272]]]},"properties":{"sourceId":"ais_par3.159243","a_type":5120,"hectares":0.053}},{"type":"Feature","id":"ais_par3.159244","geometry":{"type":"Polygon","coordinates":[[[12.1044,56.0289],[12.1046,56.0289],[12.1049,56.0287],[12.1049,56.0286],[12.1048,56.0286],[12.1047,56.0286],[12.1045,56.0287],[12.1044,56.0287],[12.1042,56.0288],[12.1044,56.0289]]]},"properties":{"sourceId":"ais_par3.159244","a_type":5120,"hectares":0.085}},{"type":"Feature","id":"ais_par3.159245","geometry":{"type":"Polygon","coordinates":[[[12.1073,56.0353],[12.1075,56.0356],[12.1077,56.0356],[12.1074,56.0352],[12.1071,56.0345],[12.107,56.0345],[12.1069,56.0345],[12.1069,56.0348],[12.1071,56.0352],[12.1073,56.0353],[12.1073,56.0353]]]},"properties":{"sourceId":"ais_par3.159245","a_type":5120,"hectares":0.203}},{"type":"Feature","id":"ais_par3.159246","geometry":{"type":"Polygon","coordinates":[[[12.1104,56.0046],[12.1105,56.0046],[12.1107,56.0046],[12.1109,56.0046],[12.1112,56.0045],[12.1114,56.0045],[12.1115,56.0044],[12.1116,56.0044],[12.1117,56.0043],[12.1117,56.0042],[12.1106,56.0044],[12.1103,56.0045],[12.1104,56.0046]]]},"properties":{"sourceId":"ais_par3.159246","a_type":5120,"hectares":0.167}},{"type":"Feature","id":"ais_par3.159247","geometry":{"type":"Polygon","coordinates":[[[12.1107,56.0037],[12.1107,56.0036],[12.1107,56.0035],[12.1111,56.0034],[12.1112,56.0033],[12.1111,56.0033],[12.1105,56.0034],[12.1104,56.0034],[12.1104,56.0035],[12.1105,56.0036],[12.1106,56.0037],[12.1107,56.0037]]]},"properties":{"sourceId":"ais_par3.159247","a_type":5120,"hectares":0.108}},{"type":"Feature","id":"ais_par3.159248","geometry":{"type":"Polygon","coordinates":[[[12.1129,56.0031],[12.1133,56.0029],[12.1137,56.0028],[12.1137,56.0027],[12.1136,56.0026],[12.1135,56.0024],[12.1133,56.0024],[12.1128,56.0026],[12.1126,56.0027],[12.1125,56.0028],[12.1126,56.0029],[12.1128,56.003],[12.1129,56.0031]]]},"properties":{"sourceId":"ais_par3.159248","a_type":5120,"hectares":0.337}},{"type":"Feature","id":"ais_par3.159258","geometry":{"type":"Polygon","coordinates":[[[12.0531,56.0243],[12.0532,56.0242],[12.0534,56.0239],[12.0533,56.0237],[12.0528,56.0237],[12.0522,56.0237],[12.0522,56.0237],[12.0522,56.0242],[12.0523,56.0243],[12.0526,56.0243],[12.0531,56.0243]],[[12.0525,56.0241],[12.0525,56.024],[12.0525,56.0238],[12.0531,56.0238],[12.0531,56.0241],[12.0528,56.0241],[12.0525,56.0241]]]},"properties":{"sourceId":"ais_par3.159258","a_type":5120,"hectares":0.347}},{"type":"Feature","id":"ais_par3.159277","geometry":{"type":"Polygon","coordinates":[[[11.7047,56.1949],[11.7049,56.1949],[11.705,56.195],[11.7051,56.195],[11.7053,56.195],[11.7053,56.1948],[11.7052,56.1948],[11.7048,56.1948],[11.7047,56.1949]]]},"properties":{"sourceId":"ais_par3.159277","a_type":5120,"hectares":0.071}},{"type":"Feature","id":"ais_par3.159278","geometry":{"type":"Polygon","coordinates":[[[11.7031,56.1959],[11.7033,56.1959],[11.7034,56.1959],[11.7035,56.1958],[11.7037,56.1958],[11.7037,56.1957],[11.7035,56.1957],[11.7033,56.1957],[11.7031,56.1957],[11.703,56.1958],[11.703,56.1958],[11.7031,56.1959]]]},"properties":{"sourceId":"ais_par3.159278","a_type":5120,"hectares":0.063}},{"type":"Feature","id":"ais_par3.159279","geometry":{"type":"Polygon","coordinates":[[[11.7102,56.1951],[11.7103,56.195],[11.7104,56.1949],[11.7104,56.1948],[11.7104,56.1947],[11.7103,56.1947],[11.7099,56.1948],[11.7097,56.1949],[11.7098,56.1949],[11.7099,56.195],[11.71,56.1951],[11.7102,56.1951]]]},"properties":{"sourceId":"ais_par3.159279","a_type":5120,"hectares":0.109}},{"type":"Feature","id":"ais_par3.159280","geometry":{"type":"Polygon","coordinates":[[[11.7129,56.1952],[11.7132,56.1951],[11.7132,56.1951],[11.7129,56.1951],[11.7128,56.1951],[11.7128,56.1951],[11.7126,56.1951],[11.7126,56.1952],[11.7127,56.1953],[11.7128,56.1952],[11.7129,56.1952]]]},"properties":{"sourceId":"ais_par3.159280","a_type":5120,"hectares":0.045}},{"type":"Feature","id":"ais_par3.159282","geometry":{"type":"Polygon","coordinates":[[[11.9841,56.0006],[11.9842,56.0006],[11.9844,56.0006],[11.9844,56.0006],[11.9845,56.0005],[11.9844,56.0005],[11.9844,56.0004],[11.9842,56.0004],[11.9841,56.0005],[11.9841,56.0006],[11.9841,56.0006]]]},"properties":{"sourceId":"ais_par3.159282","a_type":5120,"hectares":0.036}},{"type":"Feature","id":"ais_par3.159355","geometry":{"type":"Polygon","coordinates":[[[12.0995,56.0688],[12.0996,56.0689],[12.0997,56.0689],[12.0998,56.0688],[12.1,56.0687],[12.1,56.0686],[12.1,56.0685],[12.0999,56.0685],[12.0998,56.0685],[12.0996,56.0686],[12.0995,56.0687],[12.0995,56.0687],[12.0995,56.0688]]]},"properties":{"sourceId":"ais_par3.159355","a_type":5120,"hectares":0.096}},{"type":"Feature","id":"ais_par3.159356","geometry":{"type":"Polygon","coordinates":[[[12.087,56.0632],[12.087,56.0633],[12.0871,56.0633],[12.0873,56.0634],[12.0874,56.0634],[12.0874,56.0634],[12.0875,56.0632],[12.0875,56.0631],[12.0875,56.0631],[12.0874,56.0631],[12.0873,56.0631],[12.0872,56.0631],[12.0871,56.063],[12.0871,56.0629],[12.0872,56.0628],[12.0872,56.0628],[12.0871,56.0628],[12.087,56.0628],[12.087,56.0629],[12.0869,56.063],[12.0869,56.063],[12.087,56.0631],[12.087,56.0632],[12.087,56.0632]]]},"properties":{"sourceId":"ais_par3.159356","a_type":5120,"hectares":0.14}},{"type":"Feature","id":"ais_par3.159927","geometry":{"type":"Polygon","coordinates":[[[12.0094,56.0297],[12.0094,56.0298],[12.0095,56.0298],[12.0096,56.0298],[12.0098,56.0298],[12.0103,56.0295],[12.0103,56.0294],[12.0101,56.0294],[12.0097,56.0294],[12.0094,56.0297]]]},"properties":{"sourceId":"ais_par3.159927","a_type":5120,"hectares":0.182}},{"type":"Feature","id":"ais_par3.159928","geometry":{"type":"Polygon","coordinates":[[[12.0236,56.0285],[12.0238,56.0287],[12.024,56.0289],[12.0242,56.0288],[12.0242,56.0286],[12.024,56.0285],[12.0242,56.0286],[12.0242,56.0285],[12.024,56.0284],[12.0237,56.0283],[12.0236,56.0282],[12.0237,56.0281],[12.0236,56.028],[12.0234,56.028],[12.0233,56.0281],[12.0232,56.0282],[12.0231,56.0283],[12.0233,56.0284],[12.0233,56.0284],[12.0236,56.0285]]]},"properties":{"sourceId":"ais_par3.159928","a_type":5120,"hectares":0.282}},{"type":"Feature","id":"ais_par3.159929","geometry":{"type":"Polygon","coordinates":[[[12.0537,56.0294],[12.0538,56.0294],[12.0541,56.0294],[12.0542,56.0293],[12.0541,56.0292],[12.054,56.0291],[12.0538,56.0291],[12.0537,56.0291],[12.0536,56.0291],[12.0536,56.0292],[12.0536,56.0293],[12.0537,56.0294],[12.0537,56.0294]]]},"properties":{"sourceId":"ais_par3.159929","a_type":5120,"hectares":0.115}},{"type":"Feature","id":"ais_par3.159930","geometry":{"type":"Polygon","coordinates":[[[12.0524,56.0482],[12.0526,56.0482],[12.0528,56.0483],[12.0529,56.0482],[12.053,56.0481],[12.053,56.048],[12.0526,56.0478],[12.0524,56.0478],[12.0522,56.0478],[12.052,56.0478],[12.0518,56.0479],[12.0518,56.0479],[12.0518,56.0481],[12.052,56.0482],[12.0521,56.0483],[12.0523,56.0483],[12.0524,56.0482]]]},"properties":{"sourceId":"ais_par3.159930","a_type":5120,"hectares":0.3}},{"type":"Feature","id":"ais_par3.159931","geometry":{"type":"Polygon","coordinates":[[[12.0507,56.0469],[12.0507,56.047],[12.0508,56.0471],[12.051,56.0471],[12.0512,56.0471],[12.0515,56.0469],[12.0517,56.0469],[12.0517,56.0468],[12.0517,56.0467],[12.0516,56.0466],[12.0511,56.0465],[12.051,56.0464],[12.0507,56.0464],[12.0506,56.0465],[12.0506,56.0465],[12.0506,56.0466],[12.0508,56.0466],[12.0508,56.0467],[12.0508,56.0468],[12.0507,56.0469]]]},"properties":{"sourceId":"ais_par3.159931","a_type":5120,"hectares":0.348}},{"type":"Feature","id":"ais_par3.159932","geometry":{"type":"Polygon","coordinates":[[[12.0565,56.0444],[12.0565,56.0441],[12.0564,56.0441],[12.0562,56.0441],[12.0561,56.0441],[12.056,56.0442],[12.056,56.0442],[12.056,56.0443],[12.0561,56.0444],[12.0562,56.0444],[12.0564,56.0444],[12.0565,56.0444]]]},"properties":{"sourceId":"ais_par3.159932","a_type":5120,"hectares":0.105}},{"type":"Feature","id":"ais_par3.159933","geometry":{"type":"Polygon","coordinates":[[[12.0917,56.0589],[12.0918,56.0587],[12.0917,56.0586],[12.0916,56.0586],[12.0914,56.0585],[12.0912,56.0586],[12.0912,56.0587],[12.0912,56.0589],[12.0912,56.059],[12.0914,56.059],[12.0915,56.059],[12.0916,56.059],[12.0917,56.059],[12.0917,56.0589]]]},"properties":{"sourceId":"ais_par3.159933","a_type":5120,"hectares":0.158}},{"type":"Feature","id":"ais_par3.159934","geometry":{"type":"Polygon","coordinates":[[[12.1221,56.0556],[12.1221,56.0553],[12.1219,56.0553],[12.1219,56.0556],[12.1221,56.0556]]]},"properties":{"sourceId":"ais_par3.159934","a_type":5120,"hectares":0.036}},{"type":"Feature","id":"ais_par3.159935","geometry":{"type":"Polygon","coordinates":[[[12.1226,56.0564],[12.1226,56.0561],[12.1226,56.0561],[12.1225,56.056],[12.1225,56.056],[12.1223,56.056],[12.1223,56.0564],[12.1226,56.0564]]]},"properties":{"sourceId":"ais_par3.159935","a_type":5120,"hectares":0.089}},{"type":"Feature","id":"ais_par3.159936","geometry":{"type":"Polygon","coordinates":[[[12.1006,56.0559],[12.1006,56.056],[12.1008,56.056],[12.1008,56.0561],[12.101,56.0562],[12.1012,56.0562],[12.1015,56.0562],[12.1018,56.0561],[12.1019,56.0561],[12.1019,56.056],[12.1018,56.0559],[12.1017,56.0559],[12.1017,56.0558],[12.1018,56.0558],[12.1017,56.0557],[12.1017,56.0557],[12.1018,56.0556],[12.1018,56.0555],[12.1017,56.0555],[12.1016,56.0555],[12.1016,56.0556],[12.1015,56.0556],[12.1014,56.0556],[12.1012,56.0556],[12.1011,56.0555],[12.101,56.0555],[12.1008,56.0555],[12.1008,56.0557],[12.1007,56.0557],[12.1006,56.0559]]]},"properties":{"sourceId":"ais_par3.159936","a_type":5120,"hectares":0.442}},{"type":"Feature","id":"ais_par3.159937","geometry":{"type":"Polygon","coordinates":[[[12.1018,56.0553],[12.1019,56.0553],[12.1018,56.0554],[12.1017,56.0554],[12.1017,56.0554],[12.1019,56.0554],[12.102,56.0554],[12.102,56.0553],[12.102,56.0553],[12.1019,56.0552],[12.102,56.0552],[12.1021,56.0552],[12.1023,56.055],[12.1023,56.0549],[12.102,56.0548],[12.1019,56.0549],[12.1019,56.055],[12.1018,56.0551],[12.1017,56.0551],[12.1015,56.055],[12.1015,56.055],[12.1013,56.055],[12.1013,56.0551],[12.1014,56.0552],[12.1015,56.0553],[12.1017,56.0553],[12.1018,56.0553],[12.1018,56.0553]]]},"properties":{"sourceId":"ais_par3.159937","a_type":5120,"hectares":0.212}},{"type":"Feature","id":"ais_par3.159938","geometry":{"type":"Polygon","coordinates":[[[12.1007,56.0551],[12.1006,56.0551],[12.1007,56.0552],[12.1008,56.0553],[12.1009,56.0553],[12.101,56.0553],[12.1011,56.0553],[12.1012,56.0553],[12.1012,56.055],[12.1011,56.0546],[12.1011,56.0546],[12.1009,56.0546],[12.1008,56.0547],[12.1007,56.0548],[12.1007,56.055],[12.1007,56.055],[12.1007,56.0551]]]},"properties":{"sourceId":"ais_par3.159938","a_type":5120,"hectares":0.212}},{"type":"Feature","id":"ais_par3.159939","geometry":{"type":"Polygon","coordinates":[[[12.105,56.0558],[12.1051,56.0559],[12.1053,56.0559],[12.1054,56.0558],[12.1054,56.0557],[12.1052,56.0555],[12.1051,56.0554],[12.1051,56.0553],[12.1052,56.0553],[12.1053,56.0554],[12.1056,56.0557],[12.1057,56.0557],[12.1058,56.0556],[12.1058,56.0554],[12.1056,56.0553],[12.1055,56.0552],[12.1054,56.0552],[12.1052,56.055],[12.1051,56.055],[12.105,56.0551],[12.1051,56.0552],[12.1052,56.0552],[12.105,56.0552],[12.1047,56.0552],[12.1046,56.0553],[12.1047,56.0554],[12.1048,56.0555],[12.1049,56.0556],[12.1049,56.0556],[12.105,56.0558]]]},"properties":{"sourceId":"ais_par3.159939","a_type":5120,"hectares":0.354}},{"type":"Feature","id":"ais_par3.159940","geometry":{"type":"Polygon","coordinates":[[[12.1045,56.055],[12.1046,56.055],[12.1047,56.055],[12.1048,56.0549],[12.1048,56.0549],[12.1049,56.0548],[12.105,56.0547],[12.105,56.0547],[12.1048,56.0545],[12.1046,56.0545],[12.1046,56.0546],[12.1046,56.0547],[12.1044,56.0547],[12.1043,56.0548],[12.1045,56.055]]]},"properties":{"sourceId":"ais_par3.159940","a_type":5120,"hectares":0.139}},{"type":"Feature","id":"ais_par3.159963","geometry":{"type":"Polygon","coordinates":[[[12.1258,56.0733],[12.1258,56.0734],[12.1259,56.0735],[12.126,56.0734],[12.126,56.0733],[12.1259,56.0731],[12.1257,56.0731],[12.1256,56.0732],[12.1256,56.0733],[12.1258,56.0733]]]},"properties":{"sourceId":"ais_par3.159963","a_type":5120,"hectares":0.057}},{"type":"Feature","id":"ais_par3.159941","geometry":{"type":"Polygon","coordinates":[[[12.1087,56.0541],[12.1091,56.0542],[12.1092,56.0541],[12.1092,56.0541],[12.1092,56.054],[12.1092,56.054],[12.1093,56.0539],[12.1093,56.054],[12.1093,56.0541],[12.1094,56.0542],[12.1099,56.0543],[12.1104,56.0543],[12.1103,56.0539],[12.11,56.0539],[12.1091,56.0539],[12.1088,56.0539],[12.1087,56.0539],[12.1086,56.054],[12.1087,56.054],[12.1087,56.0541]]]},"properties":{"sourceId":"ais_par3.159941","a_type":5120,"hectares":0.345}},{"type":"Feature","id":"ais_par3.159942","geometry":{"type":"Polygon","coordinates":[[[12.1079,56.0538],[12.1078,56.0539],[12.1079,56.0539],[12.1079,56.054],[12.1081,56.054],[12.1084,56.054],[12.1085,56.054],[12.1087,56.0539],[12.1085,56.0538],[12.1079,56.0538]]]},"properties":{"sourceId":"ais_par3.159942","a_type":5120,"hectares":0.099}},{"type":"Feature","id":"ais_par3.159943","geometry":{"type":"Polygon","coordinates":[[[12.109,56.0528],[12.1091,56.0528],[12.1092,56.0527],[12.1093,56.0527],[12.1093,56.0526],[12.1091,56.0525],[12.1089,56.0525],[12.1089,56.0526],[12.1088,56.0527],[12.1087,56.0528],[12.109,56.0528]]]},"properties":{"sourceId":"ais_par3.159943","a_type":5120,"hectares":0.082}},{"type":"Feature","id":"ais_par3.159944","geometry":{"type":"Polygon","coordinates":[[[12.109,56.0532],[12.109,56.0533],[12.11,56.0533],[12.1102,56.0532],[12.1102,56.0531],[12.1101,56.053],[12.1097,56.0529],[12.1091,56.0529],[12.1089,56.053],[12.1089,56.0531],[12.1089,56.0531],[12.109,56.0532]]]},"properties":{"sourceId":"ais_par3.159944","a_type":5120,"hectares":0.273}},{"type":"Feature","id":"ais_par3.159945","geometry":{"type":"Polygon","coordinates":[[[12.1064,56.0551],[12.1064,56.0551],[12.1065,56.0551],[12.1065,56.0551],[12.1065,56.055],[12.1065,56.055],[12.1065,56.055],[12.1065,56.0549],[12.1064,56.0549],[12.1064,56.0549],[12.1063,56.0549],[12.1063,56.055],[12.1062,56.055],[12.1062,56.055],[12.1063,56.0551],[12.1063,56.0551],[12.1064,56.0551]]]},"properties":{"sourceId":"ais_par3.159945","a_type":5120,"hectares":0.028}},{"type":"Feature","id":"ais_par3.159946","geometry":{"type":"Polygon","coordinates":[[[12.105,56.0545],[12.1051,56.0545],[12.1051,56.0545],[12.1052,56.0545],[12.1052,56.0545],[12.1052,56.0544],[12.1052,56.0544],[12.1051,56.0544],[12.1051,56.0544],[12.105,56.0544],[12.105,56.0544],[12.1049,56.0544],[12.1049,56.0545],[12.1049,56.0545],[12.1049,56.0545],[12.105,56.0545],[12.105,56.0545]]]},"properties":{"sourceId":"ais_par3.159946","a_type":5120,"hectares":0.028}},{"type":"Feature","id":"ais_par3.159947","geometry":{"type":"Polygon","coordinates":[[[12.1059,56.0549],[12.106,56.0549],[12.106,56.0549],[12.1061,56.0549],[12.1061,56.0548],[12.1061,56.0548],[12.1061,56.0548],[12.106,56.0547],[12.106,56.0547],[12.1059,56.0547],[12.1059,56.0547],[12.1058,56.0548],[12.1058,56.0548],[12.1058,56.0548],[12.1058,56.0549],[12.1059,56.0549],[12.1059,56.0549]]]},"properties":{"sourceId":"ais_par3.159947","a_type":5120,"hectares":0.028}},{"type":"Feature","id":"ais_par3.159948","geometry":{"type":"Polygon","coordinates":[[[12.1086,56.0533],[12.1087,56.0533],[12.1088,56.0533],[12.1088,56.0533],[12.1088,56.0532],[12.1088,56.0532],[12.1088,56.0532],[12.1087,56.0531],[12.1087,56.0531],[12.1086,56.0531],[12.1086,56.0531],[12.1085,56.0532],[12.1085,56.0532],[12.1085,56.0532],[12.1085,56.0533],[12.1086,56.0533],[12.1086,56.0533]]]},"properties":{"sourceId":"ais_par3.159948","a_type":5120,"hectares":0.028}},{"type":"Feature","id":"ais_par3.159949","geometry":{"type":"Polygon","coordinates":[[[12.1079,56.0528],[12.1079,56.0528],[12.108,56.0528],[12.108,56.0528],[12.108,56.0528],[12.108,56.0527],[12.108,56.0527],[12.108,56.0527],[12.1079,56.0527],[12.1079,56.0527],[12.1078,56.0527],[12.1078,56.0527],[12.1077,56.0528],[12.1077,56.0528],[12.1078,56.0528],[12.1078,56.0528],[12.1079,56.0528]]]},"properties":{"sourceId":"ais_par3.159949","a_type":5120,"hectares":0.028}},{"type":"Feature","id":"ais_par3.159950","geometry":{"type":"Polygon","coordinates":[[[12.1084,56.0553],[12.1085,56.0553],[12.1085,56.0552],[12.1086,56.0552],[12.1086,56.0552],[12.1086,56.0552],[12.1085,56.0551],[12.1085,56.0551],[12.1084,56.0551],[12.1084,56.0551],[12.1083,56.0551],[12.1083,56.0551],[12.1083,56.0552],[12.1083,56.0552],[12.1083,56.0552],[12.1083,56.0552],[12.1084,56.0553]]]},"properties":{"sourceId":"ais_par3.159950","a_type":5120,"hectares":0.028}},{"type":"Feature","id":"ais_par3.159951","geometry":{"type":"Polygon","coordinates":[[[12.1095,56.0475],[12.1096,56.0476],[12.1097,56.0476],[12.1098,56.0475],[12.1099,56.0474],[12.1099,56.0473],[12.1096,56.0473],[12.1095,56.0474],[12.1095,56.0475]]]},"properties":{"sourceId":"ais_par3.159951","a_type":5120,"hectares":0.05}},{"type":"Feature","id":"ais_par3.159952","geometry":{"type":"Polygon","coordinates":[[[12.1231,56.0561],[12.1231,56.0563],[12.1236,56.0567],[12.1237,56.0568],[12.1238,56.0568],[12.1241,56.0568],[12.1244,56.0569],[12.1247,56.0569],[12.1248,56.057],[12.1255,56.057],[12.1256,56.0569],[12.1258,56.0569],[12.1262,56.0569],[12.1265,56.0569],[12.1267,56.0568],[12.1269,56.0568],[12.1271,56.0567],[12.1274,56.0567],[12.1275,56.0566],[12.1279,56.0565],[12.1279,56.0564],[12.1279,56.0563],[12.1278,56.0562],[12.1278,56.0561],[12.1277,56.056],[12.1274,56.0558],[12.1271,56.0557],[12.1267,56.0557],[12.1264,56.0558],[12.1256,56.0559],[12.1247,56.0559],[12.1247,56.0559],[12.1246,56.056],[12.1243,56.056],[12.1241,56.056],[12.124,56.0561],[12.1232,56.056],[12.1227,56.056],[12.1226,56.056],[12.1231,56.0561]]]},"properties":{"sourceId":"ais_par3.159952","a_type":5120,"hectares":3.013}},{"type":"Feature","id":"ais_par3.159953","geometry":{"type":"Polygon","coordinates":[[[12.1276,56.0584],[12.128,56.0584],[12.1282,56.0585],[12.1285,56.0585],[12.1286,56.0584],[12.1285,56.0583],[12.1283,56.0582],[12.1279,56.0581],[12.1277,56.0581],[12.1271,56.0581],[12.1268,56.0581],[12.1266,56.058],[12.1264,56.058],[12.1263,56.0579],[12.1261,56.0578],[12.126,56.0577],[12.1258,56.0578],[12.1258,56.0578],[12.1258,56.0579],[12.1259,56.058],[12.126,56.058],[12.1261,56.058],[12.1265,56.0581],[12.1267,56.0582],[12.127,56.0583],[12.1274,56.0583],[12.1276,56.0584]]]},"properties":{"sourceId":"ais_par3.159953","a_type":5120,"hectares":0.41}},{"type":"Feature","id":"ais_par3.159954","geometry":{"type":"Polygon","coordinates":[[[12.1205,56.0633],[12.12,56.063],[12.1199,56.0629],[12.1198,56.0629],[12.1197,56.0628],[12.1197,56.0629],[12.1196,56.0631],[12.1196,56.0632],[12.1199,56.0633],[12.1204,56.0635],[12.1205,56.0633]]]},"properties":{"sourceId":"ais_par3.159954","a_type":5120,"hectares":0.178}},{"type":"Feature","id":"ais_par3.159955","geometry":{"type":"Polygon","coordinates":[[[12.1357,56.056],[12.1358,56.056],[12.1358,56.0559],[12.1357,56.0558],[12.1355,56.0559],[12.1354,56.056],[12.1355,56.056],[12.1357,56.056]]]},"properties":{"sourceId":"ais_par3.159955","a_type":5120,"hectares":0.042}},{"type":"Feature","id":"ais_par3.159956","geometry":{"type":"Polygon","coordinates":[[[12.1353,56.0545],[12.1356,56.0546],[12.1357,56.0544],[12.1355,56.0543],[12.1355,56.0541],[12.1353,56.0541],[12.1352,56.0541],[12.1351,56.0542],[12.1352,56.0543],[12.1353,56.0544],[12.1353,56.0545],[12.1353,56.0545]]]},"properties":{"sourceId":"ais_par3.159956","a_type":5120,"hectares":0.12}},{"type":"Feature","id":"ais_par3.159957","geometry":{"type":"Polygon","coordinates":[[[12.1388,56.057],[12.139,56.0571],[12.1395,56.0572],[12.14,56.0571],[12.1404,56.0571],[12.1407,56.0571],[12.141,56.0571],[12.1412,56.0571],[12.1413,56.057],[12.1414,56.057],[12.1412,56.0569],[12.1411,56.0568],[12.1408,56.0568],[12.1406,56.0567],[12.1404,56.0566],[12.1402,56.0567],[12.1401,56.0567],[12.1399,56.0568],[12.1398,56.0568],[12.1396,56.0568],[12.1393,56.0569],[12.1392,56.0569],[12.1391,56.0569],[12.139,56.0569],[12.1389,56.057],[12.1388,56.057]]]},"properties":{"sourceId":"ais_par3.159957","a_type":5120,"hectares":0.586}},{"type":"Feature","id":"ais_par3.159960","geometry":{"type":"Polygon","coordinates":[[[12.1371,56.0659],[12.1371,56.0659],[12.1372,56.0659],[12.1372,56.0658],[12.1372,56.0658],[12.1372,56.0658],[12.1372,56.0657],[12.1372,56.0657],[12.1371,56.0657],[12.1371,56.0657],[12.137,56.0657],[12.1369,56.0657],[12.1369,56.0658],[12.1369,56.0658],[12.1369,56.0658],[12.137,56.0659],[12.1371,56.0659]]]},"properties":{"sourceId":"ais_par3.159960","a_type":5120,"hectares":0.028}},{"type":"Feature","id":"ais_par3.159964","geometry":{"type":"Polygon","coordinates":[[[12.126,56.0727],[12.1261,56.0728],[12.1262,56.0727],[12.1261,56.0726],[12.1261,56.0725],[12.126,56.0724],[12.126,56.0723],[12.1258,56.0723],[12.1258,56.0724],[12.1259,56.0725],[12.1259,56.0725],[12.126,56.0726],[12.126,56.0726],[12.126,56.0727]]]},"properties":{"sourceId":"ais_par3.159964","a_type":5120,"hectares":0.042}},{"type":"Feature","id":"ais_par3.159965","geometry":{"type":"Polygon","coordinates":[[[12.1251,56.0709],[12.1253,56.071],[12.1254,56.0709],[12.1253,56.0708],[12.1254,56.0707],[12.1255,56.0709],[12.1254,56.0711],[12.1254,56.0712],[12.1253,56.0714],[12.1255,56.0715],[12.1255,56.0715],[12.1255,56.0716],[12.1254,56.0716],[12.1254,56.0717],[12.1255,56.0717],[12.1255,56.0718],[12.1256,56.0719],[12.1258,56.072],[12.1259,56.0719],[12.1259,56.0718],[12.126,56.0717],[12.1259,56.0716],[12.1258,56.0716],[12.1257,56.0716],[12.1256,56.0715],[12.1257,56.0714],[12.1257,56.0713],[12.1256,56.0713],[12.1256,56.0711],[12.1257,56.0709],[12.1257,56.0708],[12.1258,56.0706],[12.1258,56.0705],[12.1257,56.0705],[12.1257,56.0702],[12.1257,56.0701],[12.1256,56.0702],[12.1256,56.0702],[12.1256,56.0701],[12.1254,56.0701],[12.1253,56.0704],[12.1254,56.0706],[12.1252,56.0706],[12.1252,56.0707],[12.1251,56.0708],[12.125,56.0708],[12.1251,56.0709]]]},"properties":{"sourceId":"ais_par3.159965","a_type":5120,"hectares":0.444}},{"type":"Feature","id":"ais_par3.159966","geometry":{"type":"Polygon","coordinates":[[[12.1209,56.0715],[12.1213,56.0718],[12.1217,56.0718],[12.1219,56.0718],[12.1223,56.0718],[12.1224,56.0717],[12.1223,56.0716],[12.1219,56.0714],[12.1217,56.0712],[12.1215,56.0712],[12.1212,56.0712],[12.121,56.0713],[12.1208,56.0714],[12.1209,56.0715]]]},"properties":{"sourceId":"ais_par3.159966","a_type":5120,"hectares":0.418}},{"type":"Feature","id":"ais_par3.159967","geometry":{"type":"Polygon","coordinates":[[[12.1204,56.0706],[12.1206,56.0706],[12.1208,56.0705],[12.1209,56.0704],[12.1207,56.0703],[12.1204,56.0701],[12.1202,56.0701],[12.1199,56.0702],[12.1197,56.0702],[12.1197,56.0703],[12.1198,56.0705],[12.12,56.0705],[12.1202,56.0706],[12.1204,56.0706]]]},"properties":{"sourceId":"ais_par3.159967","a_type":5120,"hectares":0.291}},{"type":"Feature","id":"ais_par3.159968","geometry":{"type":"Polygon","coordinates":[[[12.1198,56.0695],[12.1201,56.0696],[12.1206,56.0696],[12.1207,56.0696],[12.1207,56.0696],[12.1207,56.0694],[12.1204,56.0693],[12.1204,56.0692],[12.1202,56.0692],[12.12,56.0691],[12.12,56.0692],[12.1197,56.0695],[12.1198,56.0695]]]},"properties":{"sourceId":"ais_par3.159968","a_type":5120,"hectares":0.211}},{"type":"Feature","id":"ais_par3.159969","geometry":{"type":"Polygon","coordinates":[[[12.1214,56.0695],[12.1216,56.0694],[12.1215,56.0692],[12.1214,56.0692],[12.1211,56.0692],[12.1211,56.0695],[12.1214,56.0695]]]},"properties":{"sourceId":"ais_par3.159969","a_type":5120,"hectares":0.078}},{"type":"Feature","id":"ais_par3.159970","geometry":{"type":"Polygon","coordinates":[[[12.1197,56.0698],[12.1198,56.0698],[12.1198,56.0698],[12.1199,56.0698],[12.1199,56.0697],[12.1199,56.0697],[12.1199,56.0697],[12.1198,56.0697],[12.1198,56.0697],[12.1197,56.0697],[12.1197,56.0697],[12.1196,56.0697],[12.1196,56.0697],[12.1196,56.0698],[12.1196,56.0698],[12.1197,56.0698],[12.1197,56.0698]]]},"properties":{"sourceId":"ais_par3.159970","a_type":5120,"hectares":0.028}},{"type":"Feature","id":"ais_par3.159971","geometry":{"type":"Polygon","coordinates":[[[12.125,56.0734],[12.125,56.0734],[12.1251,56.0734],[12.1251,56.0734],[12.1252,56.0734],[12.1252,56.0733],[12.1251,56.0733],[12.1251,56.0733],[12.125,56.0733],[12.125,56.0733],[12.1249,56.0733],[12.1249,56.0733],[12.1249,56.0733],[12.1249,56.0734],[12.1249,56.0734],[12.1249,56.0734],[12.125,56.0734]]]},"properties":{"sourceId":"ais_par3.159971","a_type":5120,"hectares":0.028}},{"type":"Feature","id":"ais_par3.159972","geometry":{"type":"Polygon","coordinates":[[[12.125,56.0732],[12.125,56.0732],[12.1251,56.0732],[12.1251,56.0732],[12.1251,56.0732],[12.1251,56.0731],[12.1251,56.0731],[12.1251,56.0731],[12.125,56.0731],[12.1249,56.0731],[12.1249,56.0731],[12.1248,56.0731],[12.1248,56.0732],[12.1248,56.0732],[12.1248,56.0732],[12.1249,56.0732],[12.125,56.0732]]]},"properties":{"sourceId":"ais_par3.159972","a_type":5120,"hectares":0.028}},{"type":"Feature","id":"ais_par3.159973","geometry":{"type":"Polygon","coordinates":[[[12.1253,56.0778],[12.1256,56.0779],[12.1258,56.0779],[12.1261,56.0777],[12.1264,56.0775],[12.1265,56.0774],[12.1265,56.0773],[12.1258,56.0767],[12.1257,56.0767],[12.1257,56.0767],[12.1253,56.0771],[12.1252,56.0771],[12.1251,56.0772],[12.1251,56.0774],[12.1252,56.0777],[12.1252,56.0778],[12.1253,56.0778]]]},"properties":{"sourceId":"ais_par3.159973","a_type":5120,"hectares":0.771}},{"type":"Feature","id":"ais_par3.159974","geometry":{"type":"Polygon","coordinates":[[[12.1439,56.0856],[12.144,56.0856],[12.144,56.0856],[12.1441,56.0856],[12.1441,56.0856],[12.1441,56.0855],[12.1441,56.0855],[12.144,56.0855],[12.144,56.0855],[12.1439,56.0855],[12.1438,56.0855],[12.1438,56.0855],[12.1438,56.0855],[12.1438,56.0856],[12.1438,56.0856],[12.1439,56.0856],[12.1439,56.0856]]]},"properties":{"sourceId":"ais_par3.159974","a_type":5120,"hectares":0.028}},{"type":"Feature","id":"ais_par3.159975","geometry":{"type":"Polygon","coordinates":[[[12.1447,56.0853],[12.1447,56.0853],[12.1448,56.0853],[12.1448,56.0852],[12.1449,56.0852],[12.1449,56.0852],[12.1448,56.0851],[12.1448,56.0851],[12.1447,56.0851],[12.1447,56.0851],[12.1446,56.0851],[12.1446,56.0851],[12.1446,56.0852],[12.1446,56.0852],[12.1446,56.0852],[12.1446,56.0853],[12.1447,56.0853]]]},"properties":{"sourceId":"ais_par3.159975","a_type":5120,"hectares":0.028}},{"type":"Feature","id":"ais_par3.159977","geometry":{"type":"Polygon","coordinates":[[[12.1446,56.0837],[12.1451,56.0837],[12.1451,56.0837],[12.1453,56.0837],[12.1453,56.0836],[12.1451,56.0836],[12.145,56.0836],[12.145,56.0835],[12.1449,56.0834],[12.1448,56.0834],[12.1447,56.0834],[12.1445,56.0835],[12.1444,56.0834],[12.1443,56.0835],[12.1443,56.0836],[12.1445,56.0836],[12.1446,56.0837]]]},"properties":{"sourceId":"ais_par3.159977","a_type":5120,"hectares":0.134}},{"type":"Feature","id":"ais_par3.159978","geometry":{"type":"Polygon","coordinates":[[[12.1426,56.0884],[12.143,56.0884],[12.1433,56.0884],[12.1435,56.0884],[12.1437,56.0882],[12.1435,56.088],[12.1432,56.088],[12.1429,56.0881],[12.1425,56.0882],[12.1425,56.0882],[12.1425,56.0882],[12.1426,56.0884]]]},"properties":{"sourceId":"ais_par3.159978","a_type":5120,"hectares":0.245}},{"type":"Feature","id":"ais_par3.160049","geometry":{"type":"Polygon","coordinates":[[[12.1282,56.0112],[12.1283,56.0111],[12.1282,56.011],[12.1282,56.0108],[12.1281,56.0108],[12.1279,56.0108],[12.1279,56.0109],[12.128,56.0111],[12.128,56.0111],[12.1282,56.0112]]]},"properties":{"sourceId":"ais_par3.160049","a_type":5120,"hectares":0.075}},{"type":"Feature","id":"ais_par3.160032","geometry":{"type":"Polygon","coordinates":[[[12.1274,56.0206],[12.1271,56.0204],[12.1269,56.0204],[12.1267,56.0204],[12.1267,56.0205],[12.1267,56.0206],[12.1267,56.0207],[12.127,56.0207],[12.1273,56.0208],[12.1274,56.0206]]]},"properties":{"sourceId":"ais_par3.160032","a_type":5120,"hectares":0.13}},{"type":"Feature","id":"ais_par3.160033","geometry":{"type":"Polygon","coordinates":[[[12.1349,56.0177],[12.1353,56.0176],[12.1354,56.0175],[12.1355,56.0174],[12.1354,56.0173],[12.1347,56.0177],[12.1346,56.0177],[12.1345,56.0178],[12.1345,56.0179],[12.1347,56.0179],[12.1348,56.0178],[12.1348,56.0178],[12.1349,56.0177]]]},"properties":{"sourceId":"ais_par3.160033","a_type":5120,"hectares":0.098}},{"type":"Feature","id":"ais_par3.160035","geometry":{"type":"Polygon","coordinates":[[[12.1288,56.0127],[12.1286,56.0127],[12.1283,56.0127],[12.1282,56.0128],[12.1283,56.013],[12.1286,56.0131],[12.1288,56.013],[12.1291,56.0129],[12.1292,56.0128],[12.129,56.0127],[12.1288,56.0127]]]},"properties":{"sourceId":"ais_par3.160035","a_type":5120,"hectares":0.198}},{"type":"Feature","id":"ais_par3.160036","geometry":{"type":"Polygon","coordinates":[[[12.1317,56.0138],[12.1318,56.0138],[12.1316,56.0135],[12.1314,56.0135],[12.1313,56.0136],[12.1312,56.0137],[12.1313,56.0138],[12.1315,56.0139],[12.1316,56.0139],[12.1317,56.0138]]]},"properties":{"sourceId":"ais_par3.160036","a_type":5120,"hectares":0.107}},{"type":"Feature","id":"ais_par3.160037","geometry":{"type":"Polygon","coordinates":[[[12.126,56.0119],[12.1259,56.012],[12.1263,56.0122],[12.1266,56.0123],[12.1268,56.0122],[12.127,56.0121],[12.1271,56.012],[12.1271,56.0118],[12.1269,56.0117],[12.1266,56.0117],[12.1261,56.0118],[12.126,56.0119]]]},"properties":{"sourceId":"ais_par3.160037","a_type":5120,"hectares":0.323}},{"type":"Feature","id":"ais_par3.160038","geometry":{"type":"Polygon","coordinates":[[[12.1317,56.0164],[12.1319,56.0165],[12.132,56.0166],[12.1321,56.0168],[12.1321,56.0168],[12.1322,56.0168],[12.1323,56.0166],[12.1322,56.0165],[12.132,56.0164],[12.1318,56.0163],[12.1316,56.0161],[12.1315,56.0162],[12.1317,56.0164]]]},"properties":{"sourceId":"ais_par3.160038","a_type":5120,"hectares":0.104}},{"type":"Feature","id":"ais_par3.160040","geometry":{"type":"Polygon","coordinates":[[[12.1351,56.0203],[12.1351,56.0203],[12.1352,56.0203],[12.1353,56.0203],[12.1353,56.0203],[12.1353,56.0202],[12.1353,56.0202],[12.1352,56.0202],[12.1351,56.0202],[12.1351,56.0202],[12.135,56.0202],[12.135,56.0202],[12.135,56.0202],[12.135,56.0203],[12.135,56.0203],[12.135,56.0203],[12.1351,56.0203]]]},"properties":{"sourceId":"ais_par3.160040","a_type":5120,"hectares":0.028}},{"type":"Feature","id":"ais_par3.160041","geometry":{"type":"Polygon","coordinates":[[[12.1243,56.0142],[12.1244,56.0142],[12.1245,56.0142],[12.1245,56.0142],[12.1245,56.0141],[12.1245,56.0141],[12.1245,56.0141],[12.1244,56.0141],[12.1244,56.0141],[12.1243,56.0141],[12.1243,56.0141],[12.1242,56.0141],[12.1242,56.0141],[12.1242,56.0142],[12.1242,56.0142],[12.1243,56.0142],[12.1243,56.0142]]]},"properties":{"sourceId":"ais_par3.160041","a_type":5120,"hectares":0.028}},{"type":"Feature","id":"ais_par3.160046","geometry":{"type":"Polygon","coordinates":[[[12.1299,56.0109],[12.13,56.0109],[12.13,56.0109],[12.1301,56.0109],[12.1301,56.0108],[12.1301,56.0108],[12.1301,56.0108],[12.13,56.0108],[12.13,56.0107],[12.1299,56.0107],[12.1299,56.0108],[12.1298,56.0108],[12.1298,56.0108],[12.1298,56.0108],[12.1298,56.0109],[12.1299,56.0109],[12.1299,56.0109]]]},"properties":{"sourceId":"ais_par3.160046","a_type":5120,"hectares":0.028}},{"type":"Feature","id":"ais_par3.160047","geometry":{"type":"Polygon","coordinates":[[[12.1287,56.0112],[12.1287,56.0112],[12.1288,56.0112],[12.1288,56.0112],[12.1288,56.0111],[12.1288,56.0111],[12.1288,56.0111],[12.1288,56.0111],[12.1287,56.011],[12.1287,56.011],[12.1286,56.0111],[12.1286,56.0111],[12.1285,56.0111],[12.1285,56.0111],[12.1286,56.0112],[12.1286,56.0112],[12.1287,56.0112]]]},"properties":{"sourceId":"ais_par3.160047","a_type":5120,"hectares":0.028}},{"type":"Feature","id":"ais_par3.160048","geometry":{"type":"Polygon","coordinates":[[[12.1295,56.0115],[12.1296,56.0113],[12.1296,56.0112],[12.1295,56.0111],[12.1293,56.0111],[12.1293,56.0113],[12.1293,56.0115],[12.1295,56.0115]]]},"properties":{"sourceId":"ais_par3.160048","a_type":5120,"hectares":0.068}},{"type":"Feature","id":"ais_par3.160051","geometry":{"type":"Polygon","coordinates":[[[12.1179,56.0063],[12.1181,56.0062],[12.1183,56.0062],[12.1184,56.0061],[12.1184,56.006],[12.1182,56.0059],[12.118,56.0058],[12.1179,56.0058],[12.1177,56.0059],[12.1177,56.006],[12.1178,56.0062],[12.1179,56.0063]]]},"properties":{"sourceId":"ais_par3.160051","a_type":5120,"hectares":0.156}},{"type":"Feature","id":"ais_par3.160052","geometry":{"type":"Polygon","coordinates":[[[12.087,56.0255],[12.0873,56.0255],[12.0869,56.0251],[12.0866,56.0252],[12.087,56.0255]]]},"properties":{"sourceId":"ais_par3.160052","a_type":5120,"hectares":0.103}},{"type":"Feature","id":"ais_par3.160053","geometry":{"type":"Polygon","coordinates":[[[12.0888,56.0257],[12.0894,56.0256],[12.0894,56.0255],[12.0892,56.0254],[12.0886,56.0255],[12.0888,56.0257]]]},"properties":{"sourceId":"ais_par3.160053","a_type":5120,"hectares":0.126}},{"type":"Feature","id":"ais_par3.160054","geometry":{"type":"Polygon","coordinates":[[[12.0895,56.0264],[12.0896,56.0265],[12.0897,56.0265],[12.0896,56.0262],[12.0895,56.0262],[12.0894,56.0262],[12.0894,56.0262],[12.0895,56.0263],[12.0894,56.0264],[12.0895,56.0264]]]},"properties":{"sourceId":"ais_par3.160054","a_type":5120,"hectares":0.033}},{"type":"Feature","id":"ais_par3.160055","geometry":{"type":"Polygon","coordinates":[[[12.0899,56.0281],[12.0901,56.0281],[12.0904,56.0283],[12.0906,56.0283],[12.0906,56.0283],[12.0905,56.0281],[12.0904,56.0281],[12.09,56.0276],[12.0896,56.0277],[12.0897,56.0278],[12.0899,56.0277],[12.09,56.0278],[12.0898,56.0279],[12.0899,56.0281]]]},"properties":{"sourceId":"ais_par3.160055","a_type":5120,"hectares":0.151}},{"type":"Feature","id":"ais_par3.160056","geometry":{"type":"Polygon","coordinates":[[[12.0881,56.0285],[12.0882,56.0285],[12.0883,56.0286],[12.0884,56.0286],[12.0885,56.0286],[12.0884,56.0285],[12.0883,56.0284],[12.0884,56.0284],[12.0884,56.0283],[12.0885,56.0283],[12.0886,56.0284],[12.0887,56.0284],[12.0887,56.0282],[12.0886,56.0281],[12.0883,56.0281],[12.0879,56.0281],[12.0878,56.0281],[12.0877,56.0281],[12.0881,56.0285]]]},"properties":{"sourceId":"ais_par3.160056","a_type":5120,"hectares":0.234}},{"type":"Feature","id":"ais_par3.160057","geometry":{"type":"Polygon","coordinates":[[[12.097,56.0276],[12.0972,56.0276],[12.0972,56.0275],[12.0973,56.0274],[12.0972,56.0273],[12.0973,56.0273],[12.0974,56.0273],[12.0974,56.0272],[12.0973,56.0272],[12.0972,56.0272],[12.0971,56.0272],[12.097,56.0272],[12.0969,56.0272],[12.0969,56.0275],[12.097,56.0276]]]},"properties":{"sourceId":"ais_par3.160057","a_type":5120,"hectares":0.099}},{"type":"Feature","id":"ais_par3.160058","geometry":{"type":"Polygon","coordinates":[[[12.095,56.0244],[12.0951,56.0243],[12.0952,56.0243],[12.0953,56.0243],[12.0953,56.0242],[12.0952,56.0242],[12.0951,56.0241],[12.095,56.024],[12.0949,56.024],[12.0948,56.0241],[12.0947,56.0241],[12.0947,56.0242],[12.0948,56.0244],[12.0948,56.0244],[12.095,56.0244]]]},"properties":{"sourceId":"ais_par3.160058","a_type":5120,"hectares":0.108}},{"type":"Feature","id":"ais_par3.160059","geometry":{"type":"Polygon","coordinates":[[[12.0924,56.025],[12.0927,56.025],[12.0927,56.0249],[12.0928,56.0249],[12.0928,56.0248],[12.0929,56.0247],[12.0928,56.0246],[12.0926,56.0247],[12.0926,56.0247],[12.0923,56.0248],[12.0924,56.025]]]},"properties":{"sourceId":"ais_par3.160059","a_type":5120,"hectares":0.095}},{"type":"Feature","id":"ais_par3.160060","geometry":{"type":"Polygon","coordinates":[[[12.105,56.0274],[12.1052,56.0274],[12.1053,56.0276],[12.1055,56.0276],[12.1056,56.0275],[12.1056,56.0273],[12.1056,56.0272],[12.1056,56.0271],[12.1054,56.027],[12.1053,56.0269],[12.1052,56.027],[12.1049,56.0273],[12.105,56.0274]]]},"properties":{"sourceId":"ais_par3.160060","a_type":5120,"hectares":0.218}},{"type":"Feature","id":"ais_par3.160061","geometry":{"type":"Polygon","coordinates":[[[12.1082,56.0264],[12.1082,56.0265],[12.1081,56.0266],[12.1081,56.0267],[12.1086,56.0267],[12.1086,56.0266],[12.1087,56.0265],[12.1087,56.0264],[12.1086,56.0263],[12.1084,56.0263],[12.1083,56.0264],[12.1082,56.0264],[12.1082,56.0264]]]},"properties":{"sourceId":"ais_par3.160061","a_type":5120,"hectares":0.126}},{"type":"Feature","id":"ais_par3.160062","geometry":{"type":"Polygon","coordinates":[[[12.1089,56.0267],[12.1088,56.0267],[12.1088,56.0268],[12.1089,56.0268],[12.1089,56.0268],[12.109,56.0269],[12.1092,56.0269],[12.1093,56.0268],[12.1095,56.0267],[12.1094,56.0266],[12.1094,56.0265],[12.1093,56.0265],[12.1091,56.0265],[12.1089,56.0266],[12.1089,56.0267]]]},"properties":{"sourceId":"ais_par3.160062","a_type":5120,"hectares":0.117}},{"type":"Feature","id":"ais_par3.160063","geometry":{"type":"Polygon","coordinates":[[[12.1084,56.0275],[12.1086,56.0274],[12.1088,56.0275],[12.109,56.0274],[12.109,56.0275],[12.1097,56.0272],[12.1095,56.0271],[12.1097,56.027],[12.1097,56.0269],[12.1098,56.0269],[12.1097,56.0267],[12.1083,56.0274],[12.1083,56.0274],[12.1084,56.0275]]]},"properties":{"sourceId":"ais_par3.160063","a_type":5120,"hectares":0.323}},{"type":"Feature","id":"ais_par3.160064","geometry":{"type":"Polygon","coordinates":[[[12.1096,56.0279],[12.1105,56.0276],[12.1104,56.0275],[12.1096,56.0278],[12.1095,56.0278],[12.1096,56.0279]]]},"properties":{"sourceId":"ais_par3.160064","a_type":5120,"hectares":0.073}},{"type":"Feature","id":"ais_par3.160065","geometry":{"type":"Polygon","coordinates":[[[12.1104,56.029],[12.1107,56.0289],[12.1115,56.0286],[12.1115,56.0285],[12.1115,56.0284],[12.1114,56.0283],[12.111,56.0284],[12.1109,56.0285],[12.1104,56.0286],[12.1104,56.0287],[12.1102,56.0287],[12.1103,56.0288],[12.1102,56.0289],[12.1104,56.029]]]},"properties":{"sourceId":"ais_par3.160065","a_type":5120,"hectares":0.341}},{"type":"Feature","id":"ais_par3.160066","geometry":{"type":"Polygon","coordinates":[[[12.1097,56.0293],[12.11,56.0292],[12.1101,56.0293],[12.111,56.029],[12.1117,56.0288],[12.1116,56.0287],[12.1104,56.0291],[12.1103,56.0291],[12.1102,56.0291],[12.1101,56.0291],[12.1096,56.0292],[12.1097,56.0293]]]},"properties":{"sourceId":"ais_par3.160066","a_type":5120,"hectares":0.191}},{"type":"Feature","id":"ais_par3.160067","geometry":{"type":"Polygon","coordinates":[[[12.111,56.0299],[12.1117,56.0296],[12.1118,56.0295],[12.1117,56.0294],[12.1115,56.0294],[12.1112,56.0295],[12.1108,56.0296],[12.1108,56.0297],[12.1108,56.0297],[12.1108,56.0298],[12.1109,56.0299],[12.111,56.0299]]]},"properties":{"sourceId":"ais_par3.160067","a_type":5120,"hectares":0.184}},{"type":"Feature","id":"ais_par3.160068","geometry":{"type":"Polygon","coordinates":[[[12.1088,56.0304],[12.1086,56.0304],[12.1085,56.0305],[12.1085,56.0305],[12.1086,56.0306],[12.1088,56.0307],[12.1089,56.0309],[12.109,56.0309],[12.1092,56.0309],[12.1092,56.0308],[12.1094,56.0308],[12.1096,56.0307],[12.1097,56.0307],[12.1097,56.0306],[12.1098,56.0306],[12.1096,56.0305],[12.1093,56.0304],[12.1092,56.0304],[12.109,56.0304],[12.1088,56.0304]]]},"properties":{"sourceId":"ais_par3.160068","a_type":5120,"hectares":0.273}},{"type":"Feature","id":"ais_par3.160069","geometry":{"type":"Polygon","coordinates":[[[12.1074,56.0319],[12.1082,56.0314],[12.1075,56.0309],[12.1074,56.0309],[12.1068,56.0312],[12.1071,56.0313],[12.1067,56.0317],[12.1074,56.0319]]]},"properties":{"sourceId":"ais_par3.160069","a_type":5120,"hectares":0.56}},{"type":"Feature","id":"ais_par3.160070","geometry":{"type":"Polygon","coordinates":[[[12.1098,56.032],[12.1099,56.0319],[12.11,56.032],[12.1099,56.032],[12.1101,56.0323],[12.1102,56.0323],[12.1102,56.0322],[12.1103,56.0322],[12.1103,56.0321],[12.1105,56.0321],[12.1104,56.032],[12.1104,56.0318],[12.1103,56.0317],[12.1102,56.0317],[12.1101,56.0316],[12.1101,56.0316],[12.11,56.0316],[12.1101,56.0315],[12.11,56.0314],[12.1099,56.0314],[12.1095,56.0315],[12.1096,56.0316],[12.1095,56.0317],[12.1098,56.032]]]},"properties":{"sourceId":"ais_par3.160070","a_type":5120,"hectares":0.337}},{"type":"Feature","id":"ais_par3.160071","geometry":{"type":"Polygon","coordinates":[[[12.114,56.0343],[12.1141,56.0344],[12.1143,56.0344],[12.1143,56.0344],[12.1141,56.0342],[12.1141,56.0342],[12.1139,56.0341],[12.114,56.0343]]]},"properties":{"sourceId":"ais_par3.160071","a_type":5120,"hectares":0.027}},{"type":"Feature","id":"ais_par3.160072","geometry":{"type":"Polygon","coordinates":[[[12.1136,56.0342],[12.1136,56.0342],[12.1136,56.0342],[12.1136,56.0343],[12.1138,56.0345],[12.1139,56.0346],[12.114,56.0346],[12.114,56.0346],[12.114,56.0346],[12.114,56.0345],[12.1139,56.0344],[12.1139,56.0343],[12.1138,56.0343],[12.1138,56.0342],[12.1136,56.0342],[12.1136,56.0342]]]},"properties":{"sourceId":"ais_par3.160072","a_type":5120,"hectares":0.064}},{"type":"Feature","id":"ais_par3.160073","geometry":{"type":"Polygon","coordinates":[[[12.1151,56.0348],[12.1151,56.035],[12.1152,56.0351],[12.1154,56.0351],[12.1157,56.035],[12.1158,56.035],[12.1157,56.0349],[12.1157,56.0348],[12.1155,56.0348],[12.1155,56.0347],[12.1154,56.0346],[12.1154,56.0345],[12.1153,56.0345],[12.1151,56.0345],[12.115,56.0346],[12.115,56.0347],[12.1151,56.0348]]]},"properties":{"sourceId":"ais_par3.160073","a_type":5120,"hectares":0.19}},{"type":"Feature","id":"ais_par3.160074","geometry":{"type":"Polygon","coordinates":[[[12.116,56.0358],[12.1161,56.0358],[12.1162,56.0358],[12.1166,56.0356],[12.1169,56.0353],[12.1171,56.0351],[12.117,56.035],[12.1159,56.0358],[12.116,56.0358]]]},"properties":{"sourceId":"ais_par3.160074","a_type":5120,"hectares":0.185}},{"type":"Feature","id":"ais_par3.160075","geometry":{"type":"Polygon","coordinates":[[[12.1168,56.0357],[12.1169,56.0357],[12.1169,56.0357],[12.1172,56.0356],[12.1175,56.0355],[12.1176,56.0355],[12.1176,56.0355],[12.1176,56.0354],[12.1175,56.0353],[12.1172,56.0352],[12.1167,56.0357],[12.1167,56.0357],[12.1168,56.0357]]]},"properties":{"sourceId":"ais_par3.160075","a_type":5120,"hectares":0.148}},{"type":"Feature","id":"ais_par3.160076","geometry":{"type":"Polygon","coordinates":[[[12.1137,56.0353],[12.1138,56.0353],[12.114,56.0353],[12.114,56.0352],[12.1139,56.0351],[12.1137,56.0351],[12.1136,56.0351],[12.1136,56.0353],[12.1136,56.0353],[12.1137,56.0353]]]},"properties":{"sourceId":"ais_par3.160076","a_type":5120,"hectares":0.049}},{"type":"Feature","id":"ais_par3.160077","geometry":{"type":"Polygon","coordinates":[[[12.1136,56.0358],[12.1139,56.0357],[12.1141,56.0356],[12.1141,56.0356],[12.114,56.0355],[12.1137,56.0356],[12.1134,56.0356],[12.1134,56.0357],[12.1134,56.0358],[12.1135,56.0358],[12.1136,56.0358]]]},"properties":{"sourceId":"ais_par3.160077","a_type":5120,"hectares":0.076}},{"type":"Feature","id":"ais_par3.160078","geometry":{"type":"Polygon","coordinates":[[[12.1122,56.0365],[12.1127,56.0364],[12.1129,56.0364],[12.1128,56.0363],[12.1125,56.0364],[12.1123,56.0364],[12.1121,56.0365],[12.1122,56.0365]]]},"properties":{"sourceId":"ais_par3.160078","a_type":5120,"hectares":0.047}},{"type":"Feature","id":"ais_par3.160079","geometry":{"type":"Polygon","coordinates":[[[12.1161,56.0392],[12.1161,56.039],[12.116,56.0389],[12.1158,56.0389],[12.1156,56.0389],[12.1152,56.0389],[12.1148,56.0389],[12.1147,56.0389],[12.1147,56.039],[12.115,56.039],[12.1151,56.0391],[12.1152,56.0393],[12.1153,56.0393],[12.1161,56.0392]]]},"properties":{"sourceId":"ais_par3.160079","a_type":5120,"hectares":0.301}},{"type":"Feature","id":"ais_par3.160080","geometry":{"type":"Polygon","coordinates":[[[12.0892,56.026],[12.0893,56.026],[12.0893,56.0259],[12.0894,56.0259],[12.0894,56.0259],[12.0894,56.0259],[12.0894,56.0258],[12.0893,56.0258],[12.0893,56.0258],[12.0892,56.0258],[12.0892,56.0258],[12.0891,56.0258],[12.0891,56.0259],[12.0891,56.0259],[12.0891,56.0259],[12.0892,56.0259],[12.0892,56.026]]]},"properties":{"sourceId":"ais_par3.160080","a_type":5120,"hectares":0.028}},{"type":"Feature","id":"ais_par3.160081","geometry":{"type":"Polygon","coordinates":[[[12.0929,56.028],[12.0929,56.028],[12.093,56.028],[12.093,56.028],[12.0931,56.0279],[12.0931,56.0279],[12.093,56.0279],[12.093,56.0278],[12.0929,56.0278],[12.0929,56.0278],[12.0928,56.0278],[12.0928,56.0279],[12.0928,56.0279],[12.0928,56.0279],[12.0928,56.028],[12.0928,56.028],[12.0929,56.028]]]},"properties":{"sourceId":"ais_par3.160081","a_type":5120,"hectares":0.028}},{"type":"Feature","id":"ais_par3.160082","geometry":{"type":"Polygon","coordinates":[[[12.0933,56.028],[12.0933,56.028],[12.0934,56.028],[12.0935,56.028],[12.0935,56.0279],[12.0935,56.0279],[12.0934,56.0279],[12.0934,56.0279],[12.0933,56.0278],[12.0933,56.0278],[12.0932,56.0279],[12.0932,56.0279],[12.0932,56.0279],[12.0932,56.0279],[12.0932,56.028],[12.0932,56.028],[12.0933,56.028]]]},"properties":{"sourceId":"ais_par3.160082","a_type":5120,"hectares":0.028}},{"type":"Feature","id":"ais_par3.160083","geometry":{"type":"Polygon","coordinates":[[[12.1,56.0275],[12.1001,56.0275],[12.1001,56.0275],[12.1002,56.0275],[12.1002,56.0274],[12.1002,56.0274],[12.1002,56.0274],[12.1001,56.0274],[12.1001,56.0273],[12.1,56.0273],[12.1,56.0274],[12.0999,56.0274],[12.0999,56.0274],[12.0999,56.0274],[12.0999,56.0275],[12.1,56.0275],[12.1,56.0275]]]},"properties":{"sourceId":"ais_par3.160083","a_type":5120,"hectares":0.028}},{"type":"Feature","id":"ais_par3.160084","geometry":{"type":"Polygon","coordinates":[[[12.1002,56.0271],[12.1003,56.0271],[12.1003,56.0271],[12.1004,56.0271],[12.1004,56.027],[12.1004,56.027],[12.1004,56.027],[12.1003,56.027],[12.1002,56.0269],[12.1002,56.0269],[12.1001,56.027],[12.1001,56.027],[12.1001,56.027],[12.1001,56.027],[12.1001,56.0271],[12.1001,56.0271],[12.1002,56.0271]]]},"properties":{"sourceId":"ais_par3.160084","a_type":5120,"hectares":0.028}},{"type":"Feature","id":"ais_par3.160085","geometry":{"type":"Polygon","coordinates":[[[12.1049,56.0277],[12.105,56.0277],[12.105,56.0277],[12.1051,56.0277],[12.1051,56.0276],[12.1051,56.0276],[12.1051,56.0276],[12.105,56.0276],[12.1049,56.0276],[12.1049,56.0276],[12.1048,56.0276],[12.1048,56.0276],[12.1048,56.0276],[12.1048,56.0276],[12.1048,56.0277],[12.1048,56.0277],[12.1049,56.0277]]]},"properties":{"sourceId":"ais_par3.160085","a_type":5120,"hectares":0.028}},{"type":"Feature","id":"ais_par3.160086","geometry":{"type":"Polygon","coordinates":[[[12.1077,56.0282],[12.1077,56.0282],[12.1078,56.0282],[12.1078,56.0282],[12.1078,56.0281],[12.1078,56.0281],[12.1078,56.0281],[12.1078,56.0281],[12.1077,56.0281],[12.1077,56.0281],[12.1076,56.0281],[12.1076,56.0281],[12.1075,56.0281],[12.1075,56.0282],[12.1076,56.0282],[12.1076,56.0282],[12.1077,56.0282]]]},"properties":{"sourceId":"ais_par3.160086","a_type":5120,"hectares":0.028}},{"type":"Feature","id":"ais_par3.160087","geometry":{"type":"Polygon","coordinates":[[[12.0791,56.0358],[12.0793,56.0359],[12.0795,56.0358],[12.0796,56.0357],[12.0795,56.0356],[12.0792,56.0356],[12.079,56.0356],[12.079,56.0357],[12.079,56.0357],[12.0791,56.0358]]]},"properties":{"sourceId":"ais_par3.160087","a_type":5120,"hectares":0.102}},{"type":"Feature","id":"ais_par3.160092","geometry":{"type":"Polygon","coordinates":[[[12.1064,56.0053],[12.1069,56.0052],[12.1072,56.0052],[12.1072,56.0051],[12.1071,56.0051],[12.107,56.0051],[12.1061,56.0054],[12.1061,56.0054],[12.1064,56.0053]]]},"properties":{"sourceId":"ais_par3.160092","a_type":5120,"hectares":0.07}},{"type":"Feature","id":"ais_par3.160093","geometry":{"type":"Polygon","coordinates":[[[12.1075,56.0049],[12.1075,56.005],[12.1076,56.0051],[12.1077,56.0051],[12.108,56.005],[12.1081,56.005],[12.1081,56.0049],[12.108,56.0049],[12.1077,56.0049],[12.1076,56.0049],[12.1075,56.0049]]]},"properties":{"sourceId":"ais_par3.160093","a_type":5120,"hectares":0.059}},{"type":"Feature","id":"ais_par3.160094","geometry":{"type":"Polygon","coordinates":[[[12.11,56.0047],[12.1099,56.0047],[12.1096,56.0046],[12.1094,56.0046],[12.1093,56.0046],[12.1092,56.0046],[12.1092,56.0045],[12.109,56.0045],[12.1089,56.0045],[12.1089,56.0046],[12.109,56.0047],[12.109,56.0047],[12.1092,56.0047],[12.1093,56.0047],[12.1094,56.0047],[12.1095,56.0048],[12.1096,56.0048],[12.1097,56.0048],[12.1098,56.0048],[12.1099,56.0048],[12.11,56.0048],[12.11,56.0047]]]},"properties":{"sourceId":"ais_par3.160094","a_type":5120,"hectares":0.12}},{"type":"Feature","id":"ais_par3.160095","geometry":{"type":"Polygon","coordinates":[[[12.1122,56.0039],[12.1122,56.0039],[12.1123,56.0039],[12.1124,56.0039],[12.1124,56.0038],[12.1124,56.0038],[12.1123,56.0038],[12.1123,56.0038],[12.1122,56.0038],[12.1122,56.0038],[12.1121,56.0038],[12.1121,56.0038],[12.1121,56.0038],[12.1121,56.0039],[12.1121,56.0039],[12.1121,56.0039],[12.1122,56.0039]]]},"properties":{"sourceId":"ais_par3.160095","a_type":5120,"hectares":0.028}},{"type":"Feature","id":"ais_par3.160096","geometry":{"type":"Polygon","coordinates":[[[12.1112,56.0036],[12.1112,56.0036],[12.1113,56.0036],[12.1113,56.0036],[12.1114,56.0036],[12.1114,56.0035],[12.1113,56.0035],[12.1113,56.0035],[12.1112,56.0035],[12.1112,56.0035],[12.1111,56.0035],[12.1111,56.0035],[12.1111,56.0036],[12.1111,56.0036],[12.1111,56.0036],[12.1111,56.0036],[12.1112,56.0036]]]},"properties":{"sourceId":"ais_par3.160096","a_type":5120,"hectares":0.028}},{"type":"Feature","id":"ais_par3.160149","geometry":{"type":"Polygon","coordinates":[[[12.0911,55.918],[12.0913,55.918],[12.0914,55.9179],[12.0912,55.9178],[12.091,55.9178],[12.0908,55.9179],[12.0908,55.918],[12.0911,55.918]]]},"properties":{"sourceId":"ais_par3.160149","a_type":5120,"hectares":0.066}},{"type":"Feature","id":"ais_par3.160109","geometry":{"type":"Polygon","coordinates":[[[12.1224,56.0022],[12.1224,56.0023],[12.1225,56.0023],[12.1227,56.0021],[12.1228,56.002],[12.1228,56.0019],[12.1226,56.0017],[12.1223,56.0017],[12.1222,56.0017],[12.1223,56.0018],[12.1222,56.002],[12.1223,56.002],[12.1224,56.0021],[12.1224,56.0022]]]},"properties":{"sourceId":"ais_par3.160109","a_type":5120,"hectares":0.175}},{"type":"Feature","id":"ais_par3.160110","geometry":{"type":"Polygon","coordinates":[[[12.1269,56.0024],[12.1272,56.0025],[12.1274,56.0024],[12.1275,56.0024],[12.1275,56.0022],[12.1274,56.0021],[12.1271,56.0021],[12.1267,56.0021],[12.1264,56.0021],[12.1262,56.0022],[12.1262,56.0023],[12.1264,56.0024],[12.1269,56.0024],[12.1269,56.0024]]]},"properties":{"sourceId":"ais_par3.160110","a_type":5120,"hectares":0.271}},{"type":"Feature","id":"ais_par3.160140","geometry":{"type":"Polygon","coordinates":[[[11.9576,55.996],[11.9577,55.996],[11.9578,55.996],[11.958,55.996],[11.9581,55.996],[11.9581,55.996],[11.9581,55.9959],[11.958,55.9959],[11.9578,55.9959],[11.9577,55.9958],[11.9575,55.9957],[11.9573,55.9957],[11.9572,55.9957],[11.9572,55.9958],[11.9571,55.9958],[11.9571,55.9959],[11.9571,55.9959],[11.9572,55.9959],[11.9574,55.9959],[11.9574,55.9959],[11.9574,55.996],[11.9575,55.996],[11.9575,55.996],[11.9575,55.996],[11.9576,55.996]]]},"properties":{"sourceId":"ais_par3.160140","a_type":5120,"hectares":0.138}},{"type":"Feature","id":"ais_par3.160141","geometry":{"type":"Polygon","coordinates":[[[12.0819,55.9879],[12.0821,55.9879],[12.0823,55.9879],[12.0822,55.9878],[12.0818,55.9878],[12.0816,55.9878],[12.0816,55.9878],[12.0816,55.9879],[12.0819,55.9879]]]},"properties":{"sourceId":"ais_par3.160141","a_type":5120,"hectares":0.042}},{"type":"Feature","id":"ais_par3.160142","geometry":{"type":"Polygon","coordinates":[[[12.0561,55.9618],[12.0561,55.9618],[12.0562,55.9618],[12.0562,55.9618],[12.0562,55.9617],[12.0562,55.9617],[12.0562,55.9617],[12.0562,55.9616],[12.0561,55.9616],[12.0561,55.9616],[12.056,55.9616],[12.0559,55.9617],[12.0559,55.9617],[12.0559,55.9617],[12.0559,55.9618],[12.056,55.9618],[12.0561,55.9618]]]},"properties":{"sourceId":"ais_par3.160142","a_type":5120,"hectares":0.028}},{"type":"Feature","id":"ais_par3.160143","geometry":{"type":"Polygon","coordinates":[[[12.0775,55.9321],[12.0775,55.9321],[12.0776,55.9321],[12.0777,55.9321],[12.0779,55.9321],[12.078,55.932],[12.078,55.932],[12.078,55.932],[12.0777,55.932],[12.0776,55.9319],[12.0775,55.9319],[12.0774,55.932],[12.0774,55.932],[12.0774,55.9321],[12.0775,55.9321]]]},"properties":{"sourceId":"ais_par3.160143","a_type":5120,"hectares":0.047}},{"type":"Feature","id":"ais_par3.160144","geometry":{"type":"Polygon","coordinates":[[[12.0859,55.9211],[12.0862,55.9211],[12.0863,55.9203],[12.0864,55.9199],[12.0862,55.9199],[12.0861,55.92],[12.086,55.92],[12.0857,55.92],[12.0856,55.92],[12.0854,55.92],[12.0853,55.9201],[12.0854,55.9202],[12.0855,55.9205],[12.0857,55.9205],[12.0858,55.9206],[12.0859,55.9207],[12.0857,55.9207],[12.0856,55.9207],[12.0859,55.9211]]]},"properties":{"sourceId":"ais_par3.160144","a_type":5120,"hectares":0.538}},{"type":"Feature","id":"ais_par3.160145","geometry":{"type":"Polygon","coordinates":[[[12.0877,55.923],[12.0877,55.9229],[12.0871,55.9229],[12.0871,55.9229],[12.0872,55.923],[12.0875,55.923],[12.0876,55.9231],[12.0877,55.923]]]},"properties":{"sourceId":"ais_par3.160145","a_type":5120,"hectares":0.057}},{"type":"Feature","id":"ais_par3.160146","geometry":{"type":"Polygon","coordinates":[[[12.0902,55.9211],[12.0903,55.921],[12.0903,55.9209],[12.0903,55.9208],[12.0902,55.9208],[12.0901,55.9208],[12.09,55.9209],[12.09,55.921],[12.09,55.9211],[12.09,55.9211],[12.0901,55.9211],[12.0902,55.9211]]]},"properties":{"sourceId":"ais_par3.160146","a_type":5120,"hectares":0.047}},{"type":"Feature","id":"ais_par3.160147","geometry":{"type":"Polygon","coordinates":[[[12.1068,55.904],[12.1068,55.904],[12.1068,55.9041],[12.1068,55.9042],[12.1069,55.9042],[12.1071,55.9042],[12.1072,55.9041],[12.1071,55.904],[12.1069,55.904],[12.1068,55.904]]]},"properties":{"sourceId":"ais_par3.160147","a_type":5120,"hectares":0.047}},{"type":"Feature","id":"ais_par3.160148","geometry":{"type":"Polygon","coordinates":[[[12.0925,55.9174],[12.0932,55.9172],[12.0936,55.9171],[12.0937,55.9169],[12.0936,55.9168],[12.0932,55.9167],[12.0932,55.9166],[12.0934,55.9165],[12.0933,55.9164],[12.0931,55.9164],[12.0931,55.9159],[12.0934,55.9159],[12.0935,55.9158],[12.0934,55.9157],[12.0929,55.9155],[12.0926,55.9155],[12.0926,55.9155],[12.0924,55.9156],[12.0924,55.9157],[12.0924,55.9157],[12.0923,55.9158],[12.0921,55.9159],[12.0922,55.916],[12.0924,55.9161],[12.0925,55.9161],[12.0924,55.9162],[12.0922,55.9163],[12.0922,55.9165],[12.0923,55.9166],[12.0924,55.9168],[12.0925,55.9168],[12.0924,55.917],[12.0922,55.9171],[12.0921,55.9172],[12.0925,55.9174]]]},"properties":{"sourceId":"ais_par3.160148","a_type":5120,"hectares":1.246}},{"type":"Feature","id":"ais_par3.160150","geometry":{"type":"Polygon","coordinates":[[[12.0977,55.9105],[12.098,55.9106],[12.098,55.9106],[12.0979,55.9106],[12.0977,55.9107],[12.0974,55.9107],[12.0975,55.9109],[12.0978,55.911],[12.0978,55.9111],[12.0978,55.9111],[12.0979,55.9111],[12.098,55.9111],[12.0981,55.9109],[12.0983,55.9109],[12.0984,55.9109],[12.0985,55.9109],[12.0986,55.9108],[12.0985,55.9108],[12.0984,55.9107],[12.0983,55.9107],[12.0982,55.9107],[12.0983,55.9106],[12.0983,55.9105],[12.0986,55.9104],[12.0988,55.9104],[12.0988,55.9103],[12.0989,55.9102],[12.0989,55.9101],[12.0988,55.9101],[12.0987,55.9101],[12.0985,55.9101],[12.0985,55.9102],[12.0984,55.9103],[12.0983,55.9103],[12.098,55.9102],[12.0978,55.9102],[12.0975,55.9105],[12.0977,55.9105]]]},"properties":{"sourceId":"ais_par3.160150","a_type":5120,"hectares":0.477}},{"type":"Feature","id":"ais_par3.160151","geometry":{"type":"Polygon","coordinates":[[[12.0989,55.9117],[12.0989,55.9117],[12.0989,55.9116],[12.099,55.9116],[12.099,55.9116],[12.099,55.9115],[12.0989,55.9115],[12.0985,55.9115],[12.0984,55.9115],[12.0983,55.9115],[12.0983,55.9116],[12.0984,55.9116],[12.0985,55.9117],[12.0985,55.9117],[12.0986,55.9117],[12.0989,55.9117]]]},"properties":{"sourceId":"ais_par3.160151","a_type":5120,"hectares":0.081}},{"type":"Feature","id":"ais_par3.160152","geometry":{"type":"Polygon","coordinates":[[[12.0952,55.9134],[12.095,55.9136],[12.0949,55.9137],[12.0948,55.914],[12.095,55.9144],[12.0953,55.9149],[12.0955,55.9149],[12.0959,55.9149],[12.0966,55.9146],[12.0967,55.9144],[12.0966,55.9143],[12.0964,55.9141],[12.0965,55.9139],[12.0967,55.9137],[12.0965,55.9136],[12.0961,55.9134],[12.0957,55.9134],[12.0954,55.9134],[12.0952,55.9134],[12.0952,55.9134]]]},"properties":{"sourceId":"ais_par3.160152","a_type":5120,"hectares":1.531}},{"type":"Feature","id":"ais_par3.160153","geometry":{"type":"Polygon","coordinates":[[[12.1004,55.9202],[12.1006,55.9202],[12.1008,55.9201],[12.1008,55.9199],[12.1006,55.9199],[12.1005,55.9199],[12.1003,55.92],[12.1003,55.9202],[12.1004,55.9202]]]},"properties":{"sourceId":"ais_par3.160153","a_type":5120,"hectares":0.064}},{"type":"Feature","id":"ais_par3.160154","geometry":{"type":"Polygon","coordinates":[[[12.1041,55.9204],[12.1044,55.9204],[12.1045,55.9203],[12.1046,55.9203],[12.1046,55.9202],[12.1045,55.9201],[12.1042,55.9201],[12.104,55.9201],[12.1039,55.9202],[12.1039,55.9203],[12.104,55.9204],[12.1041,55.9204]]]},"properties":{"sourceId":"ais_par3.160154","a_type":5120,"hectares":0.124}},{"type":"Feature","id":"ais_par3.160155","geometry":{"type":"Polygon","coordinates":[[[12.1063,55.915],[12.1064,55.9153],[12.1067,55.9153],[12.1071,55.9151],[12.1073,55.9151],[12.1079,55.9149],[12.1078,55.9147],[12.1075,55.9146],[12.1074,55.9146],[12.1063,55.915]]]},"properties":{"sourceId":"ais_par3.160155","a_type":5120,"hectares":0.408}},{"type":"Feature","id":"ais_par3.160156","geometry":{"type":"Polygon","coordinates":[[[12.1045,55.9159],[12.1046,55.9159],[12.1047,55.9159],[12.1048,55.9159],[12.1049,55.9155],[12.1049,55.9154],[12.1048,55.9154],[12.1047,55.9154],[12.1047,55.9155],[12.1045,55.9159],[12.1045,55.9159]]]},"properties":{"sourceId":"ais_par3.160156","a_type":5120,"hectares":0.082}},{"type":"Feature","id":"ais_par3.160157","geometry":{"type":"Polygon","coordinates":[[[12.105,55.916],[12.1051,55.916],[12.1052,55.9159],[12.1053,55.9155],[12.1054,55.9155],[12.1053,55.9155],[12.1052,55.9155],[12.1051,55.9155],[12.105,55.9158],[12.1049,55.9159],[12.1049,55.9159],[12.105,55.916]]]},"properties":{"sourceId":"ais_par3.160157","a_type":5120,"hectares":0.092}},{"type":"Feature","id":"ais_par3.160158","geometry":{"type":"Polygon","coordinates":[[[12.1053,55.9161],[12.1055,55.9161],[12.1055,55.9161],[12.1056,55.916],[12.1056,55.9158],[12.1058,55.9156],[12.1058,55.9156],[12.1056,55.9155],[12.1055,55.9156],[12.1054,55.9158],[12.1053,55.9161],[12.1053,55.9161]]]},"properties":{"sourceId":"ais_par3.160158","a_type":5120,"hectares":0.093}},{"type":"Feature","id":"ais_par3.160159","geometry":{"type":"Polygon","coordinates":[[[12.0868,55.9036],[12.0868,55.9037],[12.087,55.9037],[12.0872,55.9037],[12.0874,55.9036],[12.0872,55.9035],[12.087,55.9034],[12.0869,55.9034],[12.0868,55.9035],[12.0868,55.9036]]]},"properties":{"sourceId":"ais_par3.160159","a_type":5120,"hectares":0.105}},{"type":"Feature","id":"ais_par3.160160","geometry":{"type":"Polygon","coordinates":[[[12.0873,55.9031],[12.0873,55.9031],[12.0873,55.9032],[12.0872,55.9032],[12.0875,55.9033],[12.0877,55.9033],[12.088,55.903],[12.0878,55.9029],[12.0875,55.9029],[12.0873,55.9028],[12.0872,55.9028],[12.0871,55.9029],[12.0872,55.903],[12.0872,55.9031],[12.0873,55.9031]]]},"properties":{"sourceId":"ais_par3.160160","a_type":5120,"hectares":0.169}},{"type":"Feature","id":"ais_par3.160161","geometry":{"type":"Polygon","coordinates":[[[12.0881,55.9029],[12.0881,55.903],[12.0882,55.903],[12.0883,55.9029],[12.0883,55.9029],[12.0882,55.9028],[12.0881,55.9028],[12.088,55.9028],[12.088,55.9029],[12.0881,55.9029]]]},"properties":{"sourceId":"ais_par3.160161","a_type":5120,"hectares":0.029}},{"type":"Feature","id":"ais_par3.160162","geometry":{"type":"Polygon","coordinates":[[[12.0885,55.9025],[12.0886,55.9025],[12.0887,55.9024],[12.0887,55.9023],[12.0887,55.9023],[12.0885,55.9023],[12.0885,55.9024],[12.0884,55.9025],[12.0885,55.9025]]]},"properties":{"sourceId":"ais_par3.160162","a_type":5120,"hectares":0.025}},{"type":"Feature","id":"ais_par3.160163","geometry":{"type":"Polygon","coordinates":[[[12.0707,55.896],[12.0708,55.896],[12.0709,55.896],[12.0709,55.8959],[12.0708,55.8959],[12.0706,55.8959],[12.0705,55.8959],[12.0704,55.896],[12.0707,55.896]]]},"properties":{"sourceId":"ais_par3.160163","a_type":5120,"hectares":0.037}},{"type":"Feature","id":"ais_par3.160164","geometry":{"type":"Polygon","coordinates":[[[12.0665,55.8933],[12.0665,55.8934],[12.0667,55.8934],[12.0668,55.8934],[12.067,55.8932],[12.0669,55.893],[12.0667,55.893],[12.0666,55.893],[12.0664,55.8931],[12.0664,55.8932],[12.0665,55.8932],[12.0665,55.8933],[12.0665,55.8933]]]},"properties":{"sourceId":"ais_par3.160164","a_type":5120,"hectares":0.113}},{"type":"Feature","id":"ais_par3.160165","geometry":{"type":"Polygon","coordinates":[[[12.0638,55.8955],[12.0635,55.8959],[12.0636,55.8961],[12.0637,55.8962],[12.0638,55.8962],[12.064,55.8962],[12.0642,55.896],[12.0644,55.8958],[12.0647,55.8957],[12.0648,55.8957],[12.0649,55.8955],[12.0648,55.8952],[12.0648,55.8951],[12.0649,55.895],[12.0651,55.8949],[12.0655,55.8948],[12.0658,55.8946],[12.066,55.8945],[12.066,55.8943],[12.0658,55.8939],[12.0657,55.8937],[12.0654,55.8935],[12.0651,55.8935],[12.0649,55.8935],[12.0646,55.8935],[12.0643,55.8936],[12.0642,55.8938],[12.0641,55.894],[12.0641,55.8942],[12.064,55.8943],[12.0638,55.8944],[12.0637,55.8945],[12.0638,55.8947],[12.0639,55.8953],[12.0639,55.8954],[12.0638,55.8955]]]},"properties":{"sourceId":"ais_par3.160165","a_type":5120,"hectares":2.507}},{"type":"Feature","id":"ais_par3.160166","geometry":{"type":"Polygon","coordinates":[[[12.0592,55.8861],[12.0591,55.8862],[12.059,55.8863],[12.059,55.8863],[12.0591,55.8864],[12.0593,55.8865],[12.0595,55.8865],[12.0596,55.8864],[12.0596,55.8863],[12.0594,55.8861],[12.0593,55.886],[12.0593,55.886],[12.0593,55.886],[12.0592,55.8861]]]},"properties":{"sourceId":"ais_par3.160166","a_type":5120,"hectares":0.123}},{"type":"Feature","id":"ais_par3.160167","geometry":{"type":"Polygon","coordinates":[[[12.0665,55.9099],[12.0667,55.9099],[12.067,55.9099],[12.0671,55.9098],[12.0671,55.9096],[12.067,55.9096],[12.0666,55.9096],[12.0665,55.9096],[12.0663,55.9097],[12.0663,55.9098],[12.0665,55.9099]]]},"properties":{"sourceId":"ais_par3.160167","a_type":5120,"hectares":0.144}},{"type":"Feature","id":"ais_par3.160168","geometry":{"type":"Polygon","coordinates":[[[12.0539,55.9116],[12.0538,55.9116],[12.0536,55.9115],[12.0534,55.9115],[12.0533,55.9114],[12.0533,55.9114],[12.0533,55.9113],[12.0532,55.9113],[12.0531,55.9114],[12.0531,55.9115],[12.0532,55.9115],[12.0533,55.9116],[12.0534,55.9116],[12.0535,55.9116],[12.0537,55.9117],[12.0538,55.9117],[12.0539,55.9117],[12.054,55.9117],[12.0541,55.9116],[12.0541,55.9115],[12.0539,55.9116]]]},"properties":{"sourceId":"ais_par3.160168","a_type":5120,"hectares":0.104}},{"type":"Feature","id":"ais_par3.160169","geometry":{"type":"Polygon","coordinates":[[[12.0508,55.9169],[12.0509,55.9169],[12.0511,55.917],[12.0513,55.917],[12.0513,55.9169],[12.0512,55.9167],[12.0511,55.9166],[12.051,55.9165],[12.0509,55.9164],[12.0508,55.9165],[12.0507,55.9165],[12.0506,55.9166],[12.0506,55.9168],[12.0506,55.9168],[12.0506,55.9169],[12.0508,55.9169]]]},"properties":{"sourceId":"ais_par3.160169","a_type":5120,"hectares":0.199}},{"type":"Feature","id":"ais_par3.160170","geometry":{"type":"Polygon","coordinates":[[[12.0601,55.9164],[12.0602,55.9165],[12.0602,55.9166],[12.0604,55.9167],[12.0604,55.9167],[12.0605,55.9166],[12.0605,55.9165],[12.0604,55.9164],[12.0604,55.9163],[12.0604,55.9163],[12.0606,55.9163],[12.0606,55.9163],[12.0607,55.9162],[12.0606,55.9162],[12.0605,55.9162],[12.0604,55.9162],[12.0603,55.9162],[12.0603,55.9162],[12.0601,55.9161],[12.0601,55.9161],[12.0601,55.916],[12.0601,55.916],[12.06,55.9159],[12.0599,55.9159],[12.0599,55.916],[12.0599,55.916],[12.06,55.9162],[12.06,55.9162],[12.06,55.9162],[12.0601,55.9164]]]},"properties":{"sourceId":"ais_par3.160170","a_type":5120,"hectares":0.164}},{"type":"Feature","id":"ais_par3.160171","geometry":{"type":"Polygon","coordinates":[[[12.0678,55.9147],[12.068,55.9146],[12.0681,55.9145],[12.068,55.9143],[12.0679,55.9142],[12.0677,55.9142],[12.0674,55.9143],[12.0669,55.9145],[12.0665,55.9147],[12.0664,55.9148],[12.0664,55.9149],[12.0666,55.9149],[12.067,55.9149],[12.0675,55.9148],[12.0675,55.9148],[12.0678,55.9147]]]},"properties":{"sourceId":"ais_par3.160171","a_type":5120,"hectares":0.485}},{"type":"Feature","id":"ais_par3.160172","geometry":{"type":"Polygon","coordinates":[[[12.0698,55.9157],[12.0699,55.9158],[12.07,55.916],[12.0702,55.9161],[12.0703,55.9161],[12.0703,55.9161],[12.0705,55.9161],[12.0707,55.9161],[12.071,55.9159],[12.0712,55.9159],[12.071,55.9158],[12.0707,55.9157],[12.0707,55.9156],[12.0706,55.9155],[12.0704,55.9155],[12.0702,55.9155],[12.07,55.9155],[12.0698,55.9156],[12.0698,55.9157]]]},"properties":{"sourceId":"ais_par3.160172","a_type":5120,"hectares":0.392}},{"type":"Feature","id":"ais_par3.160173","geometry":{"type":"Polygon","coordinates":[[[12.0641,55.9211],[12.0643,55.9212],[12.0644,55.9212],[12.0646,55.9212],[12.0647,55.9211],[12.0647,55.921],[12.0646,55.921],[12.0644,55.9208],[12.0641,55.9208],[12.064,55.9208],[12.0639,55.9208],[12.0639,55.9209],[12.0639,55.921],[12.064,55.9211],[12.0641,55.9211]]]},"properties":{"sourceId":"ais_par3.160173","a_type":5120,"hectares":0.15}},{"type":"Feature","id":"ais_par3.160174","geometry":{"type":"Polygon","coordinates":[[[12.0559,55.937],[12.0565,55.937],[12.0568,55.937],[12.0569,55.937],[12.0569,55.9369],[12.0567,55.9369],[12.0566,55.9367],[12.0567,55.9367],[12.057,55.9366],[12.0567,55.9361],[12.0559,55.9361],[12.0559,55.9363],[12.0556,55.9363],[12.0554,55.9363],[12.0551,55.9363],[12.0551,55.9363],[12.0551,55.9364],[12.0551,55.9365],[12.0553,55.9366],[12.0555,55.9367],[12.0556,55.9367],[12.0554,55.9369],[12.0552,55.937],[12.0552,55.9371],[12.0553,55.9371],[12.0559,55.937]]]},"properties":{"sourceId":"ais_par3.160174","a_type":5120,"hectares":0.922}},{"type":"Feature","id":"ais_par3.160175","geometry":{"type":"Polygon","coordinates":[[[12.057,55.9374],[12.0573,55.9374],[12.0573,55.9372],[12.0571,55.9372],[12.0571,55.9371],[12.0563,55.9372],[12.057,55.9374]]]},"properties":{"sourceId":"ais_par3.160175","a_type":5120,"hectares":0.131}},{"type":"Feature","id":"ais_par3.160176","geometry":{"type":"Polygon","coordinates":[[[12.0594,55.9342],[12.0595,55.934],[12.0595,55.9339],[12.0595,55.9337],[12.0587,55.9337],[12.0586,55.9337],[12.0586,55.9337],[12.0586,55.9338],[12.0585,55.9338],[12.0584,55.9339],[12.0584,55.9339],[12.0585,55.9339],[12.0585,55.934],[12.0584,55.934],[12.0585,55.9341],[12.0584,55.9341],[12.0584,55.9341],[12.0584,55.9341],[12.0594,55.9342]]]},"properties":{"sourceId":"ais_par3.160176","a_type":5120,"hectares":0.351}},{"type":"Feature","id":"ais_par3.160177","geometry":{"type":"Polygon","coordinates":[[[12.0533,55.9414],[12.0534,55.9414],[12.0534,55.9413],[12.0533,55.9411],[12.0531,55.9411],[12.0529,55.941],[12.0528,55.9411],[12.0528,55.9412],[12.053,55.9413],[12.0531,55.9413],[12.0533,55.9414]]]},"properties":{"sourceId":"ais_par3.160177","a_type":5120,"hectares":0.083}},{"type":"Feature","id":"ais_par3.160178","geometry":{"type":"Polygon","coordinates":[[[12.054,55.9418],[12.0541,55.9418],[12.0543,55.9417],[12.0545,55.9417],[12.0552,55.9417],[12.0553,55.9417],[12.0553,55.9416],[12.0552,55.9413],[12.0552,55.9413],[12.055,55.9413],[12.0547,55.9413],[12.0544,55.9414],[12.0543,55.9413],[12.0542,55.9413],[12.0542,55.9412],[12.0545,55.9412],[12.0549,55.9412],[12.0551,55.9412],[12.0552,55.9412],[12.0555,55.9411],[12.0556,55.9411],[12.0556,55.941],[12.0555,55.9409],[12.0546,55.9411],[12.0544,55.9411],[12.0541,55.9411],[12.0539,55.9411],[12.0538,55.9411],[12.0538,55.9411],[12.0539,55.9412],[12.0537,55.9412],[12.0535,55.9413],[12.0535,55.9413],[12.0536,55.9414],[12.0536,55.9414],[12.054,55.9418]]]},"properties":{"sourceId":"ais_par3.160178","a_type":5120,"hectares":0.715}},{"type":"Feature","id":"ais_par3.160179","geometry":{"type":"Polygon","coordinates":[[[12.0542,55.9409],[12.0542,55.9409],[12.0545,55.941],[12.0546,55.941],[12.0555,55.9409],[12.0556,55.9408],[12.0557,55.9408],[12.0555,55.9407],[12.055,55.9408],[12.0546,55.9409],[12.0542,55.9408],[12.0542,55.9409]]]},"properties":{"sourceId":"ais_par3.160179","a_type":5120,"hectares":0.144}},{"type":"Feature","id":"ais_par3.160180","geometry":{"type":"Polygon","coordinates":[[[12.0552,55.9466],[12.0556,55.9466],[12.0559,55.9465],[12.0561,55.9465],[12.0563,55.9465],[12.0562,55.9462],[12.0561,55.9461],[12.056,55.9461],[12.0559,55.9461],[12.0559,55.9457],[12.0558,55.9456],[12.0557,55.9456],[12.0554,55.9456],[12.0553,55.9456],[12.0551,55.9458],[12.0551,55.9462],[12.0549,55.9462],[12.055,55.9466],[12.0552,55.9466]]]},"properties":{"sourceId":"ais_par3.160180","a_type":5120,"hectares":0.672}},{"type":"Feature","id":"ais_par3.160181","geometry":{"type":"Polygon","coordinates":[[[12.0551,55.9452],[12.0554,55.9455],[12.0563,55.9454],[12.0565,55.9454],[12.0564,55.9453],[12.0563,55.9452],[12.0564,55.945],[12.0569,55.9449],[12.0574,55.9448],[12.0577,55.9448],[12.0581,55.9447],[12.0582,55.9446],[12.0582,55.9444],[12.058,55.944],[12.0578,55.9438],[12.0574,55.9438],[12.0571,55.9438],[12.0567,55.9438],[12.0565,55.9438],[12.0565,55.9439],[12.0557,55.9441],[12.0557,55.9442],[12.0556,55.9443],[12.0556,55.9444],[12.0553,55.9444],[12.0551,55.9445],[12.055,55.9447],[12.055,55.945],[12.0551,55.9452]]]},"properties":{"sourceId":"ais_par3.160181","a_type":5120,"hectares":2.339}},{"type":"Feature","id":"ais_par3.160182","geometry":{"type":"Polygon","coordinates":[[[12.0589,55.9445],[12.0593,55.9445],[12.0601,55.9444],[12.0604,55.9444],[12.0606,55.9444],[12.0609,55.9444],[12.0609,55.9443],[12.0609,55.944],[12.0607,55.9437],[12.0606,55.9433],[12.0602,55.9434],[12.0592,55.9439],[12.0587,55.944],[12.0587,55.9441],[12.0589,55.9445]]]},"properties":{"sourceId":"ais_par3.160182","a_type":5120,"hectares":1.127}},{"type":"Feature","id":"ais_par3.160183","geometry":{"type":"Polygon","coordinates":[[[12.0616,55.9441],[12.0617,55.9441],[12.0623,55.944],[12.0627,55.9439],[12.0628,55.9439],[12.0628,55.9437],[12.0626,55.9436],[12.0626,55.9435],[12.0625,55.9437],[12.0623,55.9438],[12.0622,55.9438],[12.062,55.9438],[12.0618,55.9437],[12.0616,55.9436],[12.0612,55.9437],[12.0616,55.9441]]]},"properties":{"sourceId":"ais_par3.160183","a_type":5120,"hectares":0.331}},{"type":"Feature","id":"ais_par3.160184","geometry":{"type":"Polygon","coordinates":[[[12.0591,55.956],[12.0589,55.956],[12.0586,55.9562],[12.0585,55.9563],[12.0586,55.9564],[12.0587,55.9564],[12.0591,55.9563],[12.0595,55.9562],[12.0595,55.9561],[12.0594,55.956],[12.0592,55.956],[12.0591,55.956]]]},"properties":{"sourceId":"ais_par3.160184","a_type":5120,"hectares":0.161}},{"type":"Feature","id":"ais_par3.160185","geometry":{"type":"Polygon","coordinates":[[[12.0499,55.9537],[12.05,55.9538],[12.0501,55.9538],[12.0503,55.9539],[12.0505,55.9538],[12.0507,55.9537],[12.0509,55.9536],[12.0509,55.9536],[12.0507,55.9536],[12.0504,55.9535],[12.05,55.9534],[12.05,55.9534],[12.0499,55.9534],[12.0498,55.9535],[12.0499,55.9537]]]},"properties":{"sourceId":"ais_par3.160185","a_type":5120,"hectares":0.217}},{"type":"Feature","id":"ais_par3.160186","geometry":{"type":"Polygon","coordinates":[[[12.0304,55.9508],[12.0307,55.9505],[12.0308,55.9504],[12.0307,55.9503],[12.0303,55.95],[12.0302,55.95],[12.0301,55.95],[12.03,55.9505],[12.03,55.9507],[12.0301,55.9509],[12.0304,55.9508]]]},"properties":{"sourceId":"ais_par3.160186","a_type":5120,"hectares":0.338}},{"type":"Feature","id":"ais_par3.160187","geometry":{"type":"Polygon","coordinates":[[[12.0691,55.9595],[12.0691,55.9596],[12.0693,55.9597],[12.0695,55.9596],[12.0696,55.9595],[12.0695,55.9594],[12.0695,55.9593],[12.0694,55.9591],[12.0693,55.959],[12.0691,55.9591],[12.0691,55.9591],[12.0692,55.9592],[12.0692,55.9593],[12.0693,55.9594],[12.0692,55.9594],[12.0692,55.9594],[12.0693,55.9594],[12.0693,55.9594],[12.0695,55.9595],[12.0695,55.9595],[12.0695,55.9596],[12.0693,55.9596],[12.0692,55.9595],[12.0691,55.9595],[12.0691,55.9595]]]},"properties":{"sourceId":"ais_par3.160187","a_type":5120,"hectares":0.098}},{"type":"Feature","id":"ais_par3.160188","geometry":{"type":"Polygon","coordinates":[[[12.0626,55.9597],[12.063,55.9597],[12.0634,55.9597],[12.0635,55.9597],[12.0635,55.9596],[12.063,55.9594],[12.0627,55.9593],[12.0625,55.9592],[12.0621,55.9592],[12.062,55.9593],[12.0621,55.9595],[12.0622,55.9596],[12.0626,55.9597],[12.0626,55.9597]]]},"properties":{"sourceId":"ais_par3.160188","a_type":5120,"hectares":0.314}},{"type":"Feature","id":"ais_par3.160189","geometry":{"type":"Polygon","coordinates":[[[12.0611,55.9619],[12.0611,55.962],[12.0612,55.9621],[12.0614,55.9621],[12.0615,55.9621],[12.0616,55.962],[12.0616,55.9619],[12.0615,55.9618],[12.0614,55.9617],[12.0613,55.9616],[12.0612,55.9616],[12.0611,55.9618],[12.0611,55.9619]]]},"properties":{"sourceId":"ais_par3.160189","a_type":5120,"hectares":0.126}},{"type":"Feature","id":"ais_par3.160190","geometry":{"type":"Polygon","coordinates":[[[12.0547,55.9591],[12.0548,55.9591],[12.0549,55.9591],[12.0553,55.9589],[12.0553,55.9589],[12.0553,55.9588],[12.0552,55.9589],[12.0551,55.9589],[12.055,55.9589],[12.055,55.9588],[12.055,55.9588],[12.0552,55.9587],[12.0552,55.9587],[12.0552,55.9587],[12.0549,55.9587],[12.0546,55.9588],[12.0545,55.9588],[12.0545,55.9589],[12.0546,55.959],[12.0547,55.9591]]]},"properties":{"sourceId":"ais_par3.160190","a_type":5120,"hectares":0.139}},{"type":"Feature","id":"ais_par3.160191","geometry":{"type":"Polygon","coordinates":[[[12.053,55.9622],[12.053,55.9623],[12.053,55.9623],[12.0532,55.9623],[12.0536,55.9622],[12.054,55.962],[12.0541,55.962],[12.0541,55.9619],[12.0539,55.9618],[12.0537,55.9618],[12.0534,55.9619],[12.053,55.9621],[12.053,55.9622]]]},"properties":{"sourceId":"ais_par3.160191","a_type":5120,"hectares":0.228}},{"type":"Feature","id":"ais_par3.160192","geometry":{"type":"Polygon","coordinates":[[[12.0461,55.9611],[12.0464,55.9612],[12.0467,55.9612],[12.0472,55.9612],[12.0474,55.9609],[12.0474,55.9607],[12.0473,55.9604],[12.0469,55.9602],[12.0466,55.9601],[12.0462,55.9601],[12.0458,55.9602],[12.0455,55.9603],[12.0456,55.9607],[12.0458,55.9609],[12.0461,55.9611]]]},"properties":{"sourceId":"ais_par3.160192","a_type":5120,"hectares":1.156}},{"type":"Feature","id":"ais_par3.160193","geometry":{"type":"Polygon","coordinates":[[[12.0455,55.9636],[12.0455,55.9636],[12.0454,55.9636],[12.0453,55.9637],[12.0453,55.9637],[12.0453,55.9639],[12.0454,55.9641],[12.0455,55.9642],[12.0457,55.9642],[12.0458,55.9643],[12.0459,55.9643],[12.0461,55.9643],[12.0464,55.9643],[12.0466,55.9642],[12.0468,55.9642],[12.0469,55.964],[12.0469,55.9639],[12.0468,55.9639],[12.0467,55.964],[12.0466,55.964],[12.0466,55.9641],[12.0465,55.9642],[12.0463,55.9642],[12.0462,55.9642],[12.0461,55.9642],[12.0459,55.9642],[12.0457,55.9641],[12.0455,55.9641],[12.0454,55.9639],[12.0454,55.9638],[12.0455,55.9636]]]},"properties":{"sourceId":"ais_par3.160193","a_type":5120,"hectares":0.164}},{"type":"Feature","id":"ais_par3.160194","geometry":{"type":"Polygon","coordinates":[[[12.0291,55.9601],[12.0291,55.96],[12.0291,55.96],[12.029,55.9599],[12.0289,55.9599],[12.0288,55.96],[12.0288,55.96],[12.0288,55.9602],[12.0288,55.9602],[12.0289,55.9602],[12.029,55.9602],[12.0291,55.9601]]]},"properties":{"sourceId":"ais_par3.160194","a_type":5120,"hectares":0.06}},{"type":"Feature","id":"ais_par3.160195","geometry":{"type":"Polygon","coordinates":[[[12.063,55.9708],[12.0632,55.9708],[12.0633,55.9709],[12.0636,55.9711],[12.0646,55.9712],[12.0651,55.9712],[12.0655,55.9711],[12.0657,55.9709],[12.0659,55.9708],[12.0662,55.9705],[12.0663,55.9703],[12.0667,55.9703],[12.0669,55.97],[12.0666,55.9697],[12.066,55.9691],[12.0658,55.9689],[12.0653,55.9691],[12.0651,55.9693],[12.0648,55.9695],[12.0645,55.9697],[12.0639,55.9699],[12.0631,55.9705],[12.0629,55.9707],[12.0629,55.9708],[12.063,55.9708],[12.063,55.9708]]]},"properties":{"sourceId":"ais_par3.160195","a_type":5120,"hectares":3.501}},{"type":"Feature","id":"ais_par3.160196","geometry":{"type":"Polygon","coordinates":[[[12.0616,55.9715],[12.0614,55.9715],[12.0613,55.9716],[12.0613,55.9717],[12.0616,55.9717],[12.0618,55.9717],[12.0619,55.9717],[12.0621,55.9716],[12.0622,55.9715],[12.0623,55.9714],[12.0623,55.9713],[12.0621,55.9713],[12.0619,55.9713],[12.0619,55.9714],[12.0618,55.9714],[12.0616,55.9715]]]},"properties":{"sourceId":"ais_par3.160196","a_type":5120,"hectares":0.175}},{"type":"Feature","id":"ais_par3.160197","geometry":{"type":"Polygon","coordinates":[[[12.0559,55.9697],[12.0558,55.9698],[12.0558,55.9699],[12.0559,55.9699],[12.0561,55.9699],[12.0563,55.9698],[12.0565,55.9698],[12.0564,55.9697],[12.0563,55.9696],[12.0562,55.9696],[12.0561,55.9696],[12.0559,55.9697]]]},"properties":{"sourceId":"ais_par3.160197","a_type":5120,"hectares":0.102}},{"type":"Feature","id":"ais_par3.160198","geometry":{"type":"Polygon","coordinates":[[[12.06,55.9681],[12.0601,55.9682],[12.0601,55.9683],[12.0601,55.9683],[12.0602,55.9684],[12.0602,55.9685],[12.0601,55.9686],[12.0601,55.9686],[12.0603,55.9687],[12.0604,55.9687],[12.0605,55.9686],[12.0605,55.9686],[12.0607,55.9686],[12.0607,55.9685],[12.0606,55.9685],[12.0606,55.9684],[12.0606,55.9684],[12.0605,55.9682],[12.0604,55.9681],[12.0602,55.9681],[12.0601,55.968],[12.06,55.968],[12.06,55.9681]]]},"properties":{"sourceId":"ais_par3.160198","a_type":5120,"hectares":0.167}},{"type":"Feature","id":"ais_par3.160199","geometry":{"type":"Polygon","coordinates":[[[12.0604,55.9692],[12.0605,55.9692],[12.0605,55.969],[12.0606,55.9687],[12.0604,55.9687],[12.0602,55.9687],[12.0598,55.9689],[12.0597,55.969],[12.0597,55.9692],[12.0598,55.9693],[12.0604,55.9692]]]},"properties":{"sourceId":"ais_par3.160199","a_type":5120,"hectares":0.263}},{"type":"Feature","id":"ais_par3.160200","geometry":{"type":"Polygon","coordinates":[[[12.0594,55.9695],[12.0595,55.9695],[12.0596,55.9697],[12.0597,55.9698],[12.06,55.9698],[12.0602,55.9698],[12.0603,55.9697],[12.0606,55.9694],[12.0606,55.9693],[12.0605,55.9693],[12.0602,55.9693],[12.0598,55.9694],[12.0594,55.9694],[12.0593,55.9694],[12.0593,55.9694],[12.0594,55.9695],[12.0594,55.9695]]]},"properties":{"sourceId":"ais_par3.160200","a_type":5120,"hectares":0.3}},{"type":"Feature","id":"ais_par3.160201","geometry":{"type":"Polygon","coordinates":[[[12.0583,55.9701],[12.0584,55.9701],[12.0585,55.97],[12.0585,55.9699],[12.0586,55.9698],[12.0586,55.9697],[12.0586,55.9696],[12.0585,55.9696],[12.0584,55.9696],[12.0583,55.9697],[12.0582,55.9698],[12.0581,55.9699],[12.0582,55.9699],[12.0583,55.9701]]]},"properties":{"sourceId":"ais_par3.160201","a_type":5120,"hectares":0.107}},{"type":"Feature","id":"ais_par3.160202","geometry":{"type":"Polygon","coordinates":[[[12.0592,55.9693],[12.0594,55.9692],[12.0594,55.9691],[12.0596,55.969],[12.0596,55.9689],[12.0592,55.9689],[12.0589,55.9689],[12.0587,55.969],[12.0586,55.9692],[12.0586,55.9693],[12.0587,55.9693],[12.0588,55.9693],[12.0592,55.9693]]]},"properties":{"sourceId":"ais_par3.160202","a_type":5120,"hectares":0.218}},{"type":"Feature","id":"ais_par3.160203","geometry":{"type":"Polygon","coordinates":[[[12.076,55.974],[12.0759,55.9741],[12.076,55.9743],[12.0763,55.9743],[12.0766,55.9743],[12.0768,55.9742],[12.0768,55.974],[12.077,55.9739],[12.0773,55.9738],[12.0776,55.9737],[12.0778,55.9736],[12.0781,55.9736],[12.0782,55.9737],[12.0785,55.9737],[12.0783,55.9735],[12.0774,55.973],[12.0772,55.973],[12.0771,55.973],[12.0769,55.9733],[12.0768,55.9735],[12.0765,55.9737],[12.0762,55.9739],[12.076,55.974],[12.076,55.974],[12.076,55.974]]]},"properties":{"sourceId":"ais_par3.160203","a_type":5120,"hectares":0.85}},{"type":"Feature","id":"ais_par3.160204","geometry":{"type":"Polygon","coordinates":[[[12.0728,55.9776],[12.0729,55.9777],[12.0731,55.9777],[12.0732,55.9776],[12.0733,55.9775],[12.0734,55.9776],[12.0735,55.9776],[12.0738,55.9776],[12.0739,55.9776],[12.0739,55.9774],[12.0737,55.9774],[12.0733,55.9774],[12.073,55.9775],[12.0728,55.9776],[12.0728,55.9776]]]},"properties":{"sourceId":"ais_par3.160204","a_type":5120,"hectares":0.13}},{"type":"Feature","id":"ais_par3.160205","geometry":{"type":"Polygon","coordinates":[[[12.0845,55.9806],[12.0848,55.9806],[12.0851,55.9807],[12.0854,55.9807],[12.0858,55.9807],[12.0858,55.9806],[12.0858,55.9804],[12.0859,55.9803],[12.0858,55.9802],[12.0856,55.9802],[12.0855,55.9802],[12.0854,55.9802],[12.0853,55.9801],[12.0851,55.9801],[12.0849,55.9802],[12.0846,55.9802],[12.0843,55.9802],[12.084,55.9802],[12.0839,55.9803],[12.084,55.9804],[12.0841,55.9805],[12.0845,55.9806]]]},"properties":{"sourceId":"ais_par3.160205","a_type":5120,"hectares":0.541}},{"type":"Feature","id":"ais_par3.160206","geometry":{"type":"Polygon","coordinates":[[[12.0861,55.9799],[12.0863,55.9798],[12.0864,55.9797],[12.0864,55.9797],[12.0862,55.9797],[12.0861,55.9797],[12.0859,55.9798],[12.0859,55.9799],[12.0861,55.9799]]]},"properties":{"sourceId":"ais_par3.160206","a_type":5120,"hectares":0.054}},{"type":"Feature","id":"ais_par3.160207","geometry":{"type":"Polygon","coordinates":[[[12.0783,55.9861],[12.0786,55.9861],[12.079,55.9861],[12.0789,55.986],[12.0788,55.9858],[12.0788,55.9857],[12.0791,55.9856],[12.079,55.9855],[12.0784,55.9856],[12.0781,55.9857],[12.0778,55.9856],[12.0776,55.9855],[12.0773,55.9853],[12.0774,55.9858],[12.0781,55.9858],[12.0781,55.9861],[12.0783,55.9861]]]},"properties":{"sourceId":"ais_par3.160207","a_type":5120,"hectares":0.382}},{"type":"Feature","id":"ais_par3.160208","geometry":{"type":"Polygon","coordinates":[[[12.0804,55.986],[12.0806,55.986],[12.0807,55.986],[12.0808,55.9859],[12.0808,55.9857],[12.0806,55.9856],[12.0804,55.9856],[12.0801,55.9856],[12.08,55.9857],[12.0802,55.9858],[12.0803,55.9859],[12.0804,55.986]]]},"properties":{"sourceId":"ais_par3.160208","a_type":5120,"hectares":0.162}},{"type":"Feature","id":"ais_par3.160209","geometry":{"type":"Polygon","coordinates":[[[12.0293,55.9792],[12.0296,55.9793],[12.0299,55.9794],[12.0303,55.9793],[12.0306,55.9792],[12.0308,55.9789],[12.0308,55.9785],[12.0304,55.9782],[12.0302,55.9781],[12.0301,55.9781],[12.0298,55.9781],[12.0294,55.9785],[12.0292,55.9787],[12.0293,55.979],[12.0292,55.979],[12.0292,55.9791],[12.0293,55.9792]]]},"properties":{"sourceId":"ais_par3.160209","a_type":5120,"hectares":1.046}},{"type":"Feature","id":"ais_par3.160210","geometry":{"type":"Polygon","coordinates":[[[11.9743,55.9732],[11.9743,55.9732],[11.9744,55.9732],[11.9744,55.9732],[11.9745,55.9732],[11.9746,55.9732],[11.9746,55.9732],[11.9746,55.9732],[11.9746,55.9731],[11.9746,55.9731],[11.9745,55.9731],[11.9745,55.9731],[11.9744,55.9731],[11.9744,55.9731],[11.9743,55.9731],[11.9743,55.9732],[11.9743,55.9732]]]},"properties":{"sourceId":"ais_par3.160210","a_type":5120,"hectares":0.028}},{"type":"Feature","id":"ais_par3.160211","geometry":{"type":"Polygon","coordinates":[[[11.9623,55.9799],[11.9623,55.98],[11.9626,55.98],[11.9629,55.9799],[11.963,55.9799],[11.9631,55.9798],[11.9632,55.9796],[11.9632,55.9796],[11.963,55.9796],[11.9629,55.9796],[11.9629,55.9795],[11.9628,55.9795],[11.9625,55.9793],[11.9623,55.9794],[11.9623,55.9795],[11.9623,55.9797],[11.9623,55.9797],[11.9623,55.9798],[11.9623,55.9799]]]},"properties":{"sourceId":"ais_par3.160211","a_type":5120,"hectares":0.288}},{"type":"Feature","id":"ais_par3.160212","geometry":{"type":"Polygon","coordinates":[[[11.9703,55.9795],[11.9703,55.9795],[11.9704,55.9797],[11.9704,55.9798],[11.9705,55.9798],[11.9706,55.9798],[11.9707,55.9797],[11.9707,55.9796],[11.9708,55.9795],[11.9709,55.9795],[11.9711,55.9795],[11.9712,55.9796],[11.9713,55.9795],[11.9712,55.9794],[11.9711,55.9794],[11.9709,55.9794],[11.9706,55.9794],[11.9705,55.9793],[11.9703,55.9792],[11.9702,55.9792],[11.97,55.9792],[11.97,55.9792],[11.97,55.9793],[11.9701,55.9793],[11.9701,55.9794],[11.9703,55.9795]]]},"properties":{"sourceId":"ais_par3.160212","a_type":5120,"hectares":0.202}},{"type":"Feature","id":"ais_par3.160213","geometry":{"type":"Polygon","coordinates":[[[11.979,55.9815],[11.9791,55.9815],[11.9792,55.9815],[11.9793,55.9814],[11.9793,55.9813],[11.9792,55.9813],[11.9791,55.9812],[11.979,55.9813],[11.9789,55.9813],[11.9789,55.9814],[11.9789,55.9814],[11.9789,55.9814],[11.979,55.9815]]]},"properties":{"sourceId":"ais_par3.160213","a_type":5120,"hectares":0.058}},{"type":"Feature","id":"ais_par3.160214","geometry":{"type":"Polygon","coordinates":[[[11.9702,55.9861],[11.9703,55.9862],[11.9704,55.9862],[11.9706,55.9861],[11.9707,55.986],[11.9708,55.9859],[11.9708,55.9858],[11.9706,55.9858],[11.9705,55.9858],[11.9703,55.9858],[11.9702,55.9859],[11.9701,55.986],[11.9701,55.986],[11.9701,55.9861],[11.9702,55.9861]]]},"properties":{"sourceId":"ais_par3.160214","a_type":5120,"hectares":0.127}},{"type":"Feature","id":"ais_par3.160215","geometry":{"type":"Polygon","coordinates":[[[12.0297,55.9879],[12.0297,55.9879],[12.0297,55.988],[12.0298,55.988],[12.0299,55.9879],[12.0299,55.9879],[12.0299,55.9878],[12.0299,55.9878],[12.0299,55.9877],[12.0298,55.9877],[12.0296,55.9878],[12.0296,55.9878],[12.0297,55.9878],[12.0297,55.9879],[12.0297,55.9879],[12.0297,55.9879]]]},"properties":{"sourceId":"ais_par3.160215","a_type":5120,"hectares":0.038}},{"type":"Feature","id":"ais_par3.160216","geometry":{"type":"Polygon","coordinates":[[[12.0199,55.9911],[12.0201,55.9909],[12.0202,55.9909],[12.0201,55.9908],[12.02,55.9907],[12.0198,55.9908],[12.0197,55.9909],[12.0196,55.9909],[12.0196,55.991],[12.0197,55.9911],[12.0199,55.9911]]]},"properties":{"sourceId":"ais_par3.160216","a_type":5120,"hectares":0.098}},{"type":"Feature","id":"ais_par3.160217","geometry":{"type":"Polygon","coordinates":[[[11.9651,55.9931],[11.9653,55.9931],[11.9653,55.993],[11.9652,55.9929],[11.9651,55.9928],[11.965,55.9928],[11.9649,55.9929],[11.9649,55.9929],[11.9649,55.993],[11.9651,55.9931]]]},"properties":{"sourceId":"ais_par3.160217","a_type":5120,"hectares":0.053}},{"type":"Feature","id":"ais_par3.160218","geometry":{"type":"Polygon","coordinates":[[[11.9613,55.996],[11.9613,55.996],[11.9613,55.9958],[11.9613,55.9957],[11.9612,55.9956],[11.9611,55.9956],[11.961,55.9957],[11.961,55.9958],[11.9611,55.9959],[11.9613,55.996]]]},"properties":{"sourceId":"ais_par3.160218","a_type":5120,"hectares":0.06}},{"type":"Feature","id":"ais_par3.160219","geometry":{"type":"Polygon","coordinates":[[[11.9737,55.9954],[11.9737,55.9954],[11.9739,55.9954],[11.9739,55.9955],[11.9741,55.9955],[11.9742,55.9954],[11.9742,55.9954],[11.9743,55.9953],[11.9745,55.9952],[11.9747,55.9952],[11.9748,55.9951],[11.975,55.9949],[11.975,55.9947],[11.975,55.9946],[11.9751,55.9945],[11.9749,55.9944],[11.9747,55.9945],[11.9743,55.9948],[11.9742,55.9949],[11.974,55.995],[11.9738,55.9952],[11.9737,55.9953],[11.9737,55.9954]]]},"properties":{"sourceId":"ais_par3.160219","a_type":5120,"hectares":0.426}},{"type":"Feature","id":"ais_par3.160220","geometry":{"type":"Polygon","coordinates":[[[12.0316,55.9998],[12.0316,55.9999],[12.0317,55.9999],[12.0317,55.9999],[12.0318,55.9998],[12.0319,55.9998],[12.032,55.9998],[12.0321,55.9998],[12.0321,55.9998],[12.0321,55.9997],[12.032,55.9997],[12.032,55.9997],[12.0319,55.9997],[12.0318,55.9997],[12.0317,55.9996],[12.0317,55.9996],[12.0316,55.9996],[12.0316,55.9996],[12.0316,55.9997],[12.0317,55.9997],[12.0317,55.9998],[12.0316,55.9998]]]},"properties":{"sourceId":"ais_par3.160220","a_type":5120,"hectares":0.061}},{"type":"Feature","id":"ais_par3.160221","geometry":{"type":"Polygon","coordinates":[[[12.0297,55.9988],[12.0297,55.9987],[12.0296,55.9987],[12.0294,55.9987],[12.0293,55.9987],[12.0293,55.9988],[12.0294,55.9988],[12.0294,55.9988],[12.0296,55.9988],[12.0298,55.9988],[12.0297,55.9988]]]},"properties":{"sourceId":"ais_par3.160221","a_type":5120,"hectares":0.028}},{"type":"Feature","id":"ais_par3.160222","geometry":{"type":"Polygon","coordinates":[[[12.0302,55.9989],[12.0302,55.9989],[12.0303,55.9989],[12.0303,55.9989],[12.0303,55.9989],[12.0304,55.9989],[12.0305,55.9989],[12.0306,55.9988],[12.0306,55.9987],[12.0305,55.9987],[12.0304,55.9987],[12.0303,55.9987],[12.0303,55.9987],[12.0302,55.9987],[12.0301,55.9988],[12.0302,55.9989]]]},"properties":{"sourceId":"ais_par3.160222","a_type":5120,"hectares":0.057}},{"type":"Feature","id":"ais_par3.160223","geometry":{"type":"Polygon","coordinates":[[[12.0304,55.9953],[12.0305,55.9954],[12.0306,55.9954],[12.0307,55.9953],[12.0309,55.9952],[12.0309,55.9951],[12.0309,55.995],[12.0307,55.995],[12.0306,55.995],[12.0304,55.995],[12.0303,55.9951],[12.0303,55.9952],[12.0304,55.9953]]]},"properties":{"sourceId":"ais_par3.160223","a_type":5120,"hectares":0.133}},{"type":"Feature","id":"ais_par3.160303","geometry":{"type":"Polygon","coordinates":[[[12.0825,55.9009],[12.0824,55.901],[12.0823,55.901],[12.0822,55.9012],[12.0821,55.9015],[12.0823,55.9015],[12.0825,55.9015],[12.0826,55.9015],[12.0827,55.9014],[12.0828,55.9012],[12.0828,55.901],[12.0827,55.9009],[12.0827,55.9009],[12.0825,55.9009]]]},"properties":{"sourceId":"ais_par3.160303","a_type":5120,"hectares":0.213}},{"type":"Feature","id":"ais_par3.160951","geometry":{"type":"Polygon","coordinates":[[[12.1028,56.072],[12.1029,56.072],[12.1029,56.072],[12.103,56.072],[12.103,56.0719],[12.103,56.0719],[12.103,56.0719],[12.1029,56.0718],[12.1029,56.0718],[12.1028,56.0718],[12.1028,56.0718],[12.1027,56.0719],[12.1027,56.0719],[12.1027,56.0719],[12.1027,56.072],[12.1028,56.072],[12.1028,56.072]]]},"properties":{"sourceId":"ais_par3.160951","a_type":5120,"hectares":0.028}},{"type":"Feature","id":"ais_par3.160952","geometry":{"type":"Polygon","coordinates":[[[12.1132,56.0713],[12.1133,56.0713],[12.1133,56.0713],[12.1134,56.0713],[12.1134,56.0712],[12.1134,56.0712],[12.1134,56.0712],[12.1133,56.0712],[12.1133,56.0711],[12.1132,56.0711],[12.1132,56.0712],[12.1131,56.0712],[12.1131,56.0712],[12.1131,56.0712],[12.1131,56.0713],[12.1132,56.0713],[12.1132,56.0713]]]},"properties":{"sourceId":"ais_par3.160952","a_type":5120,"hectares":0.028}},{"type":"Feature","id":"ais_par3.160992","geometry":{"type":"Polygon","coordinates":[[[12.0903,56.0561],[12.0904,56.0562],[12.0905,56.0562],[12.0906,56.0562],[12.0906,56.056],[12.0905,56.0559],[12.0904,56.0559],[12.0904,56.0559],[12.0903,56.056],[12.0903,56.0561]]]},"properties":{"sourceId":"ais_par3.160992","a_type":5120,"hectares":0.048}},{"type":"Feature","id":"ais_par3.160993","geometry":{"type":"Polygon","coordinates":[[[12.1108,56.0491],[12.1108,56.0491],[12.111,56.0492],[12.1111,56.0491],[12.1113,56.0488],[12.1113,56.0487],[12.1113,56.0487],[12.1112,56.0487],[12.1109,56.049],[12.1108,56.049],[12.1108,56.0491]]]},"properties":{"sourceId":"ais_par3.160993","a_type":5120,"hectares":0.093}},{"type":"Feature","id":"ais_par3.160994","geometry":{"type":"Polygon","coordinates":[[[12.1183,56.0469],[12.1183,56.0469],[12.1184,56.0469],[12.1184,56.0468],[12.1184,56.0468],[12.1184,56.0468],[12.1184,56.0467],[12.1184,56.0467],[12.1183,56.0467],[12.1182,56.0467],[12.1182,56.0467],[12.1181,56.0467],[12.1181,56.0468],[12.1181,56.0468],[12.1181,56.0468],[12.1182,56.0469],[12.1183,56.0469]]]},"properties":{"sourceId":"ais_par3.160994","a_type":5120,"hectares":0.028}},{"type":"Feature","id":"ais_par3.160995","geometry":{"type":"Polygon","coordinates":[[[12.1207,56.0398],[12.1208,56.0398],[12.1208,56.0398],[12.1209,56.0398],[12.1209,56.0398],[12.1209,56.0397],[12.1209,56.0397],[12.1208,56.0397],[12.1208,56.0397],[12.1207,56.0397],[12.1207,56.0397],[12.1206,56.0397],[12.1206,56.0397],[12.1206,56.0398],[12.1206,56.0398],[12.1207,56.0398],[12.1207,56.0398]]]},"properties":{"sourceId":"ais_par3.160995","a_type":5120,"hectares":0.028}},{"type":"Feature","id":"ais_par3.160997","geometry":{"type":"Polygon","coordinates":[[[12.134,56.0451],[12.1343,56.045],[12.1343,56.0449],[12.134,56.0447],[12.1339,56.0447],[12.1337,56.0448],[12.1337,56.0448],[12.1338,56.045],[12.1338,56.0451],[12.134,56.0451]]]},"properties":{"sourceId":"ais_par3.160997","a_type":5120,"hectares":0.104}},{"type":"Feature","id":"ais_par3.161110","geometry":{"type":"Polygon","coordinates":[[[12.1362,56.0342],[12.1362,56.0342],[12.1363,56.0342],[12.1363,56.0342],[12.1363,56.0342],[12.1363,56.0341],[12.1363,56.0341],[12.1363,56.0341],[12.1362,56.0341],[12.1362,56.0341],[12.1361,56.0341],[12.1361,56.0341],[12.136,56.0341],[12.136,56.0342],[12.1361,56.0342],[12.1361,56.0342],[12.1362,56.0342]]]},"properties":{"sourceId":"ais_par3.161110","a_type":5120,"hectares":0.028}},{"type":"Feature","id":"ais_par3.161117","geometry":{"type":"Polygon","coordinates":[[[12.1373,56.0251],[12.1372,56.0251],[12.1371,56.0252],[12.137,56.0253],[12.1371,56.0253],[12.1373,56.0253],[12.1375,56.0252],[12.1373,56.0251],[12.1373,56.0251]]]},"properties":{"sourceId":"ais_par3.161117","a_type":5120,"hectares":0.042}},{"type":"Feature","id":"ais_par3.161118","geometry":{"type":"Polygon","coordinates":[[[12.1335,56.023],[12.1336,56.023],[12.1336,56.023],[12.1337,56.023],[12.1338,56.0229],[12.1338,56.0228],[12.1336,56.0227],[12.1335,56.0227],[12.1334,56.0227],[12.1333,56.0228],[12.1333,56.0229],[12.1334,56.0229],[12.1334,56.023],[12.1335,56.023]]]},"properties":{"sourceId":"ais_par3.161118","a_type":5120,"hectares":0.084}},{"type":"Feature","id":"ais_par3.161119","geometry":{"type":"Polygon","coordinates":[[[12.1373,56.0222],[12.1374,56.0222],[12.1374,56.0222],[12.1375,56.0222],[12.1375,56.0222],[12.1375,56.0222],[12.1375,56.0221],[12.1374,56.0221],[12.1374,56.0221],[12.1373,56.0221],[12.1372,56.0221],[12.1372,56.0221],[12.1372,56.0222],[12.1372,56.0222],[12.1372,56.0222],[12.1373,56.0222],[12.1373,56.0222]]]},"properties":{"sourceId":"ais_par3.161119","a_type":5120,"hectares":0.028}},{"type":"Feature","id":"ais_par3.161120","geometry":{"type":"Polygon","coordinates":[[[12.138,56.0224],[12.138,56.0224],[12.1381,56.0224],[12.1381,56.0223],[12.1382,56.0223],[12.1382,56.0223],[12.1381,56.0222],[12.1381,56.0222],[12.138,56.0222],[12.138,56.0222],[12.1379,56.0222],[12.1379,56.0223],[12.1379,56.0223],[12.1379,56.0223],[12.1379,56.0223],[12.1379,56.0224],[12.138,56.0224]]]},"properties":{"sourceId":"ais_par3.161120","a_type":5120,"hectares":0.028}},{"type":"Feature","id":"ais_par3.161122","geometry":{"type":"Polygon","coordinates":[[[12.1299,56.0198],[12.13,56.0199],[12.1301,56.0198],[12.1301,56.0196],[12.13,56.0196],[12.1298,56.0196],[12.1298,56.0197],[12.1298,56.0198],[12.1299,56.0198]]]},"properties":{"sourceId":"ais_par3.161122","a_type":5120,"hectares":0.047}},{"type":"Feature","id":"ais_par3.161123","geometry":{"type":"Polygon","coordinates":[[[12.1296,56.0194],[12.1298,56.0193],[12.1299,56.0192],[12.1299,56.0192],[12.1296,56.0191],[12.1294,56.019],[12.1292,56.0191],[12.1293,56.0192],[12.1293,56.0193],[12.1296,56.0194]]]},"properties":{"sourceId":"ais_par3.161123","a_type":5120,"hectares":0.102}},{"type":"Feature","id":"ais_par3.161124","geometry":{"type":"Polygon","coordinates":[[[12.1341,56.0266],[12.1341,56.0267],[12.1343,56.0267],[12.1344,56.0267],[12.1344,56.0266],[12.1344,56.0265],[12.1343,56.0264],[12.1342,56.0264],[12.1341,56.0265],[12.1341,56.0266]]]},"properties":{"sourceId":"ais_par3.161124","a_type":5120,"hectares":0.043}},{"type":"Feature","id":"ais_par3.161125","geometry":{"type":"Polygon","coordinates":[[[12.1187,56.03],[12.119,56.03],[12.119,56.0299],[12.119,56.0298],[12.1189,56.0298],[12.1186,56.0299],[12.1187,56.03]]]},"properties":{"sourceId":"ais_par3.161125","a_type":5120,"hectares":0.044}},{"type":"Feature","id":"ais_par3.161126","geometry":{"type":"Polygon","coordinates":[[[12.1166,56.0278],[12.1166,56.0278],[12.1166,56.0279],[12.1168,56.0279],[12.117,56.0279],[12.1171,56.0278],[12.1171,56.0278],[12.117,56.0277],[12.1169,56.0277],[12.1166,56.0277],[12.1166,56.0278]]]},"properties":{"sourceId":"ais_par3.161126","a_type":5120,"hectares":0.059}},{"type":"Feature","id":"ais_par3.161127","geometry":{"type":"Polygon","coordinates":[[[12.0874,56.0181],[12.0877,56.0179],[12.0876,56.0178],[12.0873,56.0179],[12.0874,56.0181]]]},"properties":{"sourceId":"ais_par3.161127","a_type":5120,"hectares":0.035}},{"type":"Feature","id":"ais_par3.161128","geometry":{"type":"Polygon","coordinates":[[[12.0565,56.0227],[12.0567,56.0228],[12.057,56.0228],[12.0571,56.0228],[12.0573,56.0226],[12.0573,56.0225],[12.057,56.0225],[12.0568,56.0225],[12.0566,56.0225],[12.0565,56.0225],[12.0564,56.0226],[12.0565,56.0227]]]},"properties":{"sourceId":"ais_par3.161128","a_type":5120,"hectares":0.134}},{"type":"Feature","id":"ais_par3.161129","geometry":{"type":"Polygon","coordinates":[[[12.0381,56.0346],[12.0383,56.0345],[12.0381,56.0344],[12.0379,56.0345],[12.0381,56.0346]]]},"properties":{"sourceId":"ais_par3.161129","a_type":5120,"hectares":0.036}},{"type":"Feature","id":"ais_par3.161130","geometry":{"type":"Polygon","coordinates":[[[12.0204,56.0286],[12.0203,56.0286],[12.0201,56.0286],[12.0201,56.0286],[12.0201,56.0288],[12.0202,56.029],[12.0205,56.0291],[12.0207,56.0291],[12.0209,56.0291],[12.021,56.0289],[12.0209,56.0289],[12.021,56.0288],[12.0209,56.0287],[12.0206,56.0286],[12.0204,56.0286]]]},"properties":{"sourceId":"ais_par3.161130","a_type":5120,"hectares":0.242}},{"type":"Feature","id":"ais_par3.161131","geometry":{"type":"Polygon","coordinates":[[[12.0975,56.0172],[12.0975,56.0171],[12.0976,56.0171],[12.0976,56.0171],[12.0977,56.0171],[12.0977,56.0171],[12.0976,56.017],[12.0976,56.017],[12.0975,56.017],[12.0975,56.017],[12.0974,56.017],[12.0974,56.017],[12.0974,56.0171],[12.0974,56.0171],[12.0974,56.0171],[12.0974,56.0171],[12.0975,56.0172]]]},"properties":{"sourceId":"ais_par3.161131","a_type":5120,"hectares":0.028}},{"type":"Feature","id":"ais_par3.161132","geometry":{"type":"Polygon","coordinates":[[[12.1225,56.019],[12.1226,56.019],[12.1226,56.019],[12.1227,56.019],[12.1227,56.0189],[12.1227,56.0189],[12.1227,56.0189],[12.1226,56.0188],[12.1226,56.0188],[12.1225,56.0188],[12.1224,56.0188],[12.1224,56.0189],[12.1224,56.0189],[12.1224,56.0189],[12.1224,56.019],[12.1225,56.019],[12.1225,56.019]]]},"properties":{"sourceId":"ais_par3.161132","a_type":5120,"hectares":0.028}},{"type":"Feature","id":"ais_par3.161133","geometry":{"type":"Polygon","coordinates":[[[12.1106,56.0144],[12.1108,56.0144],[12.111,56.0144],[12.1111,56.0142],[12.111,56.0142],[12.1108,56.0142],[12.1107,56.0142],[12.1106,56.0143],[12.1105,56.0143],[12.1106,56.0144]]]},"properties":{"sourceId":"ais_par3.161133","a_type":5120,"hectares":0.058}},{"type":"Feature","id":"ais_par3.161134","geometry":{"type":"Polygon","coordinates":[[[12.1244,56.0123],[12.1246,56.0125],[12.1247,56.0126],[12.1248,56.0125],[12.1248,56.0122],[12.1246,56.0121],[12.1244,56.0121],[12.1244,56.0122],[12.1244,56.0123]]]},"properties":{"sourceId":"ais_par3.161134","a_type":5120,"hectares":0.105}},{"type":"Feature","id":"ais_par3.161135","geometry":{"type":"Polygon","coordinates":[[[12.1217,56.0072],[12.1218,56.0072],[12.122,56.0072],[12.1222,56.0072],[12.1224,56.0071],[12.1225,56.0071],[12.1224,56.007],[12.1221,56.007],[12.1219,56.0071],[12.1215,56.0071],[12.1217,56.0072]]]},"properties":{"sourceId":"ais_par3.161135","a_type":5120,"hectares":0.086}},{"type":"Feature","id":"ais_par3.161136","geometry":{"type":"Polygon","coordinates":[[[12.1379,56.0113],[12.1378,56.0113],[12.1377,56.0113],[12.1375,56.0113],[12.1375,56.0114],[12.1375,56.0115],[12.1376,56.0115],[12.1378,56.0115],[12.138,56.0114],[12.1379,56.0113]]]},"properties":{"sourceId":"ais_par3.161136","a_type":5120,"hectares":0.065}},{"type":"Feature","id":"ais_par3.161137","geometry":{"type":"Polygon","coordinates":[[[12.1369,56.0109],[12.1369,56.0109],[12.137,56.0109],[12.137,56.0108],[12.1369,56.0107],[12.1369,56.0106],[12.1368,56.0106],[12.1367,56.0107],[12.1367,56.0107],[12.1367,56.0108],[12.1368,56.0109],[12.1369,56.0109]]]},"properties":{"sourceId":"ais_par3.161137","a_type":5120,"hectares":0.046}},{"type":"Feature","id":"ais_par3.161149","geometry":{"type":"Polygon","coordinates":[[[12.1357,56.0052],[12.1356,56.0053],[12.1356,56.0054],[12.1357,56.0054],[12.1358,56.0054],[12.1359,56.0052],[12.1358,56.0052],[12.1358,56.0051],[12.1357,56.0052]]]},"properties":{"sourceId":"ais_par3.161149","a_type":5120,"hectares":0.035}},{"type":"Feature","id":"ais_par3.161150","geometry":{"type":"Polygon","coordinates":[[[12.1359,56.0045],[12.1358,56.0046],[12.1358,56.0047],[12.1359,56.0047],[12.1361,56.0047],[12.1361,56.0046],[12.136,56.0045],[12.1359,56.0045]]]},"properties":{"sourceId":"ais_par3.161150","a_type":5120,"hectares":0.038}},{"type":"Feature","id":"ais_par3.161152","geometry":{"type":"Polygon","coordinates":[[[12.1329,56.0025],[12.133,56.0026],[12.1331,56.0027],[12.1332,56.0026],[12.1332,56.0025],[12.1332,56.0024],[12.1331,56.0024],[12.133,56.0024],[12.133,56.0024],[12.1329,56.0024],[12.1329,56.0025]]]},"properties":{"sourceId":"ais_par3.161152","a_type":5120,"hectares":0.045}},{"type":"Feature","id":"ais_par3.161197","geometry":{"type":"Polygon","coordinates":[[[12.1292,55.9993],[12.1292,55.9993],[12.1293,55.9993],[12.1294,55.9992],[12.1294,55.9992],[12.1294,55.9992],[12.1293,55.9991],[12.1293,55.9991],[12.1292,55.9991],[12.1292,55.9991],[12.1291,55.9991],[12.1291,55.9991],[12.1291,55.9992],[12.1291,55.9992],[12.1291,55.9992],[12.1291,55.9993],[12.1292,55.9993]]]},"properties":{"sourceId":"ais_par3.161197","a_type":5120,"hectares":0.028}},{"type":"Feature","id":"ais_par3.161253","geometry":{"type":"Polygon","coordinates":[[[12.0182,56.0124],[12.0182,56.0123],[12.0182,56.0122],[12.0181,56.0122],[12.018,56.0122],[12.018,56.0123],[12.018,56.0123],[12.018,56.0123],[12.0182,56.0124]]]},"properties":{"sourceId":"ais_par3.161253","a_type":5120,"hectares":0.025}},{"type":"Feature","id":"ais_par3.161254","geometry":{"type":"Polygon","coordinates":[[[12.0348,56.0077],[12.0349,56.0077],[12.035,56.0077],[12.0351,56.0078],[12.0351,56.0077],[12.0352,56.0077],[12.0354,56.0077],[12.0353,56.0077],[12.0352,56.0077],[12.0351,56.0077],[12.035,56.0076],[12.0349,56.0076],[12.0348,56.0077],[12.0348,56.0077]]]},"properties":{"sourceId":"ais_par3.161254","a_type":5120,"hectares":0.029}},{"type":"Feature","id":"ais_par3.161255","geometry":{"type":"Polygon","coordinates":[[[12.0348,56.006],[12.0348,56.0059],[12.0349,56.0058],[12.0351,56.0058],[12.0352,56.0059],[12.0351,56.0059],[12.0351,56.006],[12.0352,56.006],[12.0352,56.0059],[12.0353,56.0058],[12.0352,56.0058],[12.0349,56.0057],[12.0348,56.0058],[12.0348,56.0059],[12.0347,56.0059],[12.0346,56.006],[12.0348,56.006]]]},"properties":{"sourceId":"ais_par3.161255","a_type":5120,"hectares":0.05}},{"type":"Feature","id":"ais_par3.161256","geometry":{"type":"Polygon","coordinates":[[[12.0338,56.0054],[12.0339,56.0054],[12.034,56.0053],[12.034,56.0052],[12.034,56.0052],[12.0339,56.0051],[12.0338,56.0052],[12.0336,56.0053],[12.0338,56.0054]]]},"properties":{"sourceId":"ais_par3.161256","a_type":5120,"hectares":0.04}},{"type":"Feature","id":"ais_par3.161257","geometry":{"type":"Polygon","coordinates":[[[12.0472,56.0041],[12.0472,56.0041],[12.0471,56.0041],[12.0471,56.0041],[12.0471,56.0042],[12.0472,56.0042],[12.0473,56.0042],[12.0474,56.0042],[12.0474,56.0041],[12.0473,56.0041],[12.0472,56.0041]]]},"properties":{"sourceId":"ais_par3.161257","a_type":5120,"hectares":0.03}},{"type":"Feature","id":"ais_par3.161258","geometry":{"type":"Polygon","coordinates":[[[11.958,56.0054],[11.958,56.0054],[11.9581,56.0054],[11.9581,56.0053],[11.9581,56.0053],[11.9581,56.0053],[11.9581,56.0052],[11.9581,56.0052],[11.958,56.0052],[11.958,56.0052],[11.9579,56.0052],[11.9579,56.0052],[11.9578,56.0053],[11.9578,56.0053],[11.9579,56.0053],[11.9579,56.0054],[11.958,56.0054]]]},"properties":{"sourceId":"ais_par3.161258","a_type":5120,"hectares":0.028}},{"type":"Feature","id":"ais_par3.161259","geometry":{"type":"Polygon","coordinates":[[[11.9727,56.0029],[11.9727,56.0029],[11.9728,56.0028],[11.9728,56.0028],[11.9728,56.0028],[11.9728,56.0028],[11.9728,56.0027],[11.9728,56.0027],[11.9727,56.0027],[11.9727,56.0027],[11.9726,56.0027],[11.9726,56.0027],[11.9725,56.0028],[11.9725,56.0028],[11.9726,56.0028],[11.9726,56.0028],[11.9727,56.0029]]]},"properties":{"sourceId":"ais_par3.161259","a_type":5120,"hectares":0.028}},{"type":"Feature","id":"ais_par3.161260","geometry":{"type":"Polygon","coordinates":[[[11.967,55.9888],[11.9672,55.9889],[11.9673,55.989],[11.9674,55.989],[11.9675,55.9889],[11.9675,55.9889],[11.9672,55.9886],[11.9672,55.9886],[11.9671,55.9887],[11.967,55.9887],[11.967,55.9888]]]},"properties":{"sourceId":"ais_par3.161260","a_type":5120,"hectares":0.066}},{"type":"Feature","id":"ais_par3.161261","geometry":{"type":"Polygon","coordinates":[[[11.9741,55.987],[11.9741,55.9869],[11.9741,55.9869],[11.9736,55.9869],[11.9736,55.9869],[11.9736,55.987],[11.9741,55.987]]]},"properties":{"sourceId":"ais_par3.161261","a_type":5120,"hectares":0.041}},{"type":"Feature","id":"ais_par3.161262","geometry":{"type":"Polygon","coordinates":[[[11.9737,55.9891],[11.9738,55.9891],[11.9739,55.989],[11.9739,55.9889],[11.9738,55.9888],[11.9736,55.9888],[11.9735,55.9889],[11.9735,55.9889],[11.9735,55.9891],[11.9737,55.9891]]]},"properties":{"sourceId":"ais_par3.161262","a_type":5120,"hectares":0.074}},{"type":"Feature","id":"ais_par3.161263","geometry":{"type":"Polygon","coordinates":[[[11.9603,55.9903],[11.9605,55.9903],[11.9606,55.9903],[11.9606,55.9902],[11.9605,55.9901],[11.9603,55.9901],[11.9603,55.9901],[11.9602,55.9902],[11.9602,55.9902],[11.9603,55.9903]]]},"properties":{"sourceId":"ais_par3.161263","a_type":5120,"hectares":0.041}},{"type":"Feature","id":"ais_par3.161264","geometry":{"type":"Polygon","coordinates":[[[11.9934,55.995],[11.9939,55.995],[11.9938,55.9948],[11.9934,55.9949],[11.9933,55.9949],[11.9934,55.995]]]},"properties":{"sourceId":"ais_par3.161264","a_type":5120,"hectares":0.034}},{"type":"Feature","id":"ais_par3.161265","geometry":{"type":"Polygon","coordinates":[[[12.0186,56.0039],[12.0188,56.0039],[12.0189,56.0038],[12.0188,56.0037],[12.0186,56.0037],[12.0185,56.0037],[12.0184,56.0038],[12.0186,56.0039]]]},"properties":{"sourceId":"ais_par3.161265","a_type":5120,"hectares":0.051}},{"type":"Feature","id":"ais_par3.161266","geometry":{"type":"Polygon","coordinates":[[[12.0153,56.0046],[12.0154,56.0047],[12.0156,56.0046],[12.0157,56.0046],[12.0158,56.0045],[12.0157,56.0045],[12.0155,56.0045],[12.0153,56.0045],[12.0153,56.0046]]]},"properties":{"sourceId":"ais_par3.161266","a_type":5120,"hectares":0.046}},{"type":"Feature","id":"ais_par3.161267","geometry":{"type":"Polygon","coordinates":[[[12.0222,55.9975],[12.0223,55.9975],[12.0224,55.9975],[12.0224,55.9974],[12.0224,55.9974],[12.0224,55.9974],[12.0224,55.9973],[12.0223,55.9973],[12.0223,55.9973],[12.0222,55.9973],[12.0222,55.9973],[12.0221,55.9974],[12.0221,55.9974],[12.0221,55.9974],[12.0221,55.9974],[12.0222,55.9975],[12.0222,55.9975]]]},"properties":{"sourceId":"ais_par3.161267","a_type":5120,"hectares":0.028}},{"type":"Feature","id":"ais_par3.161268","geometry":{"type":"Polygon","coordinates":[[[12.0243,55.9979],[12.0244,55.9979],[12.0245,55.9979],[12.0245,55.9978],[12.0245,55.9978],[12.0245,55.9978],[12.0245,55.9977],[12.0244,55.9977],[12.0244,55.9977],[12.0243,55.9977],[12.0243,55.9977],[12.0242,55.9977],[12.0242,55.9978],[12.0242,55.9978],[12.0242,55.9978],[12.0243,55.9979],[12.0243,55.9979]]]},"properties":{"sourceId":"ais_par3.161268","a_type":5120,"hectares":0.028}},{"type":"Feature","id":"ais_par3.161269","geometry":{"type":"Polygon","coordinates":[[[12.022,55.9953],[12.022,55.9953],[12.0221,55.9953],[12.0222,55.9952],[12.0222,55.9952],[12.0222,55.9952],[12.0221,55.9952],[12.0221,55.9951],[12.022,55.9951],[12.022,55.9951],[12.0219,55.9951],[12.0219,55.9952],[12.0219,55.9952],[12.0219,55.9952],[12.0219,55.9953],[12.0219,55.9953],[12.022,55.9953]]]},"properties":{"sourceId":"ais_par3.161269","a_type":5120,"hectares":0.028}},{"type":"Feature","id":"ais_par3.161270","geometry":{"type":"Polygon","coordinates":[[[12.0326,55.9965],[12.0326,55.9965],[12.0327,55.9965],[12.0328,55.9965],[12.0328,55.9964],[12.0328,55.9964],[12.0328,55.9964],[12.0327,55.9963],[12.0326,55.9963],[12.0326,55.9963],[12.0325,55.9963],[12.0325,55.9964],[12.0325,55.9964],[12.0325,55.9964],[12.0325,55.9965],[12.0325,55.9965],[12.0326,55.9965]]]},"properties":{"sourceId":"ais_par3.161270","a_type":5120,"hectares":0.028}},{"type":"Feature","id":"ais_par3.161271","geometry":{"type":"Polygon","coordinates":[[[12.0283,55.9991],[12.0281,55.9991],[12.028,55.999],[12.0279,55.9989],[12.0278,55.9987],[12.0276,55.9986],[12.0272,55.9985],[12.0268,55.9985],[12.0266,55.9986],[12.0265,55.9987],[12.0265,55.9987],[12.0264,55.9989],[12.0264,55.999],[12.0264,55.9991],[12.0267,55.9993],[12.027,55.9992],[12.0275,55.9992],[12.0283,55.9991],[12.0284,55.9991],[12.0283,55.9991]]]},"properties":{"sourceId":"ais_par3.161271","a_type":5120,"hectares":0.647}},{"type":"Feature","id":"ais_par3.161272","geometry":{"type":"Polygon","coordinates":[[[12.0308,55.9982],[12.0309,55.9983],[12.031,55.9984],[12.0313,55.9984],[12.0316,55.9983],[12.0321,55.9981],[12.0324,55.998],[12.0324,55.9979],[12.0322,55.9978],[12.0319,55.9978],[12.0315,55.9979],[12.0309,55.998],[12.0308,55.9982]]]},"properties":{"sourceId":"ais_par3.161272","a_type":5120,"hectares":0.371}},{"type":"Feature","id":"ais_par3.161273","geometry":{"type":"Polygon","coordinates":[[[12.0385,56.0015],[12.0386,56.0015],[12.0387,56.0015],[12.0387,56.0015],[12.0387,56.0014],[12.0387,56.0014],[12.0387,56.0014],[12.0386,56.0013],[12.0386,56.0013],[12.0385,56.0013],[12.0385,56.0013],[12.0384,56.0014],[12.0384,56.0014],[12.0384,56.0014],[12.0384,56.0015],[12.0385,56.0015],[12.0385,56.0015]]]},"properties":{"sourceId":"ais_par3.161273","a_type":5120,"hectares":0.028}},{"type":"Feature","id":"ais_par3.161274","geometry":{"type":"Polygon","coordinates":[[[12.0422,56.0006],[12.0422,56.0006],[12.0423,56.0006],[12.0423,56.0005],[12.0423,56.0005],[12.0423,56.0005],[12.0423,56.0004],[12.0423,56.0004],[12.0422,56.0004],[12.0422,56.0004],[12.0421,56.0004],[12.0421,56.0004],[12.042,56.0005],[12.042,56.0005],[12.0421,56.0005],[12.0421,56.0006],[12.0422,56.0006]]]},"properties":{"sourceId":"ais_par3.161274","a_type":5120,"hectares":0.028}},{"type":"Feature","id":"ais_par3.161275","geometry":{"type":"Polygon","coordinates":[[[12.0754,55.9876],[12.0755,55.9876],[12.0756,55.9876],[12.0757,55.9875],[12.0757,55.9874],[12.0755,55.9874],[12.0753,55.9875],[12.0754,55.9876]]]},"properties":{"sourceId":"ais_par3.161275","a_type":5120,"hectares":0.038}},{"type":"Feature","id":"ais_par3.161276","geometry":{"type":"Polygon","coordinates":[[[12.0773,55.9869],[12.077,55.9869],[12.0768,55.987],[12.0765,55.987],[12.0765,55.9871],[12.0767,55.9871],[12.0768,55.9871],[12.0769,55.987],[12.0771,55.987],[12.0773,55.9869],[12.0775,55.987],[12.0777,55.987],[12.0778,55.987],[12.0781,55.987],[12.0781,55.9869],[12.0781,55.9868],[12.078,55.9867],[12.0779,55.9868],[12.0778,55.9868],[12.0775,55.9869],[12.0775,55.9869],[12.0773,55.9869]]]},"properties":{"sourceId":"ais_par3.161276","a_type":5120,"hectares":0.138}},{"type":"Feature","id":"ais_par3.161277","geometry":{"type":"Polygon","coordinates":[[[11.9583,55.9742],[11.9584,55.9742],[11.9587,55.9741],[11.959,55.974],[11.9591,55.974],[11.9591,55.9738],[11.959,55.9737],[11.9589,55.9737],[11.9586,55.9739],[11.9585,55.974],[11.9583,55.9742]]]},"properties":{"sourceId":"ais_par3.161277","a_type":5120,"hectares":0.125}},{"type":"Feature","id":"ais_par3.161278","geometry":{"type":"Polygon","coordinates":[[[11.96,55.9745],[11.96,55.9746],[11.9599,55.9747],[11.9599,55.9748],[11.96,55.9748],[11.9602,55.9747],[11.9602,55.9746],[11.9603,55.9746],[11.9603,55.9745],[11.9601,55.9744],[11.96,55.9745]]]},"properties":{"sourceId":"ais_par3.161278","a_type":5120,"hectares":0.057}},{"type":"Feature","id":"ais_par3.161279","geometry":{"type":"Polygon","coordinates":[[[11.9537,55.976],[11.9538,55.976],[11.9538,55.976],[11.9539,55.9759],[11.9539,55.9759],[11.9539,55.9759],[11.9539,55.9758],[11.9538,55.9758],[11.9538,55.9758],[11.9537,55.9758],[11.9537,55.9758],[11.9536,55.9759],[11.9536,55.9759],[11.9536,55.9759],[11.9536,55.9759],[11.9537,55.976],[11.9537,55.976]]]},"properties":{"sourceId":"ais_par3.161279","a_type":5120,"hectares":0.028}},{"type":"Feature","id":"ais_par3.161280","geometry":{"type":"Polygon","coordinates":[[[11.9535,55.9762],[11.9536,55.9762],[11.9536,55.9762],[11.9537,55.9761],[11.9537,55.9761],[11.9537,55.9761],[11.9537,55.976],[11.9536,55.976],[11.9535,55.976],[11.9535,55.976],[11.9534,55.976],[11.9534,55.976],[11.9534,55.9761],[11.9534,55.9761],[11.9534,55.9761],[11.9534,55.9762],[11.9535,55.9762]]]},"properties":{"sourceId":"ais_par3.161280","a_type":5120,"hectares":0.028}},{"type":"Feature","id":"ais_par3.161281","geometry":{"type":"Polygon","coordinates":[[[11.9535,55.9764],[11.9535,55.9764],[11.9536,55.9764],[11.9536,55.9764],[11.9536,55.9763],[11.9536,55.9763],[11.9536,55.9763],[11.9536,55.9763],[11.9535,55.9762],[11.9534,55.9762],[11.9534,55.9763],[11.9533,55.9763],[11.9533,55.9763],[11.9533,55.9763],[11.9533,55.9764],[11.9534,55.9764],[11.9535,55.9764]]]},"properties":{"sourceId":"ais_par3.161281","a_type":5120,"hectares":0.028}},{"type":"Feature","id":"ais_par3.161282","geometry":{"type":"Polygon","coordinates":[[[11.954,55.9819],[11.9541,55.9819],[11.9542,55.9819],[11.9542,55.9818],[11.9542,55.9818],[11.9542,55.9818],[11.9542,55.9817],[11.9541,55.9817],[11.9541,55.9817],[11.954,55.9817],[11.954,55.9817],[11.9539,55.9818],[11.9539,55.9818],[11.9539,55.9818],[11.9539,55.9818],[11.954,55.9819],[11.954,55.9819]]]},"properties":{"sourceId":"ais_par3.161282","a_type":5120,"hectares":0.028}},{"type":"Feature","id":"ais_par3.161283","geometry":{"type":"Polygon","coordinates":[[[11.9674,55.9846],[11.9672,55.9847],[11.9671,55.9847],[11.9671,55.9848],[11.9671,55.985],[11.9671,55.9851],[11.9672,55.9852],[11.9674,55.9851],[11.9675,55.985],[11.9676,55.9848],[11.9675,55.9847],[11.9675,55.9847],[11.9674,55.9846]]]},"properties":{"sourceId":"ais_par3.161283","a_type":5120,"hectares":0.129}},{"type":"Feature","id":"ais_par3.161284","geometry":{"type":"Polygon","coordinates":[[[11.9881,55.9839],[11.9879,55.984],[11.9879,55.9841],[11.988,55.9842],[11.9881,55.9842],[11.9883,55.9842],[11.9885,55.9841],[11.9886,55.9841],[11.9887,55.984],[11.9887,55.984],[11.9885,55.9839],[11.9881,55.9839],[11.9881,55.9839]]]},"properties":{"sourceId":"ais_par3.161284","a_type":5120,"hectares":0.105}},{"type":"Feature","id":"ais_par3.161285","geometry":{"type":"Polygon","coordinates":[[[11.9894,55.983],[11.9893,55.983],[11.9893,55.9831],[11.9893,55.9832],[11.9894,55.9832],[11.9895,55.9831],[11.9896,55.983],[11.9895,55.9829],[11.9894,55.983]]]},"properties":{"sourceId":"ais_par3.161285","a_type":5120,"hectares":0.035}},{"type":"Feature","id":"ais_par3.161286","geometry":{"type":"Polygon","coordinates":[[[12.0148,55.9916],[12.0149,55.9916],[12.0149,55.9916],[12.015,55.9916],[12.015,55.9915],[12.015,55.9915],[12.015,55.9915],[12.0149,55.9915],[12.0149,55.9914],[12.0148,55.9914],[12.0147,55.9915],[12.0147,55.9915],[12.0147,55.9915],[12.0147,55.9915],[12.0147,55.9916],[12.0148,55.9916],[12.0148,55.9916]]]},"properties":{"sourceId":"ais_par3.161286","a_type":5120,"hectares":0.028}},{"type":"Feature","id":"ais_par3.161287","geometry":{"type":"Polygon","coordinates":[[[12.0273,55.9815],[12.0272,55.9817],[12.0274,55.9817],[12.0278,55.9817],[12.0282,55.9816],[12.0283,55.9814],[12.029,55.9809],[12.0293,55.9806],[12.0293,55.9805],[12.0289,55.9803],[12.0286,55.9803],[12.0283,55.9806],[12.0279,55.9809],[12.0278,55.9811],[12.0277,55.9813],[12.0273,55.9815]],[[12.0279,55.9812],[12.028,55.981],[12.0283,55.9808],[12.0287,55.9804],[12.0288,55.9804],[12.0292,55.9806],[12.0289,55.9808],[12.0286,55.9811],[12.0283,55.9813],[12.0279,55.9812]],[[12.0275,55.9816],[12.0275,55.9815],[12.0277,55.9814],[12.0278,55.9813],[12.0281,55.9814],[12.0281,55.9814],[12.0278,55.9816],[12.0275,55.9816]]]},"properties":{"sourceId":"ais_par3.161287","a_type":5120,"hectares":0.377}},{"type":"Feature","id":"ais_par3.161288","geometry":{"type":"Polygon","coordinates":[[[12.0887,55.9831],[12.0884,55.9833],[12.0883,55.9834],[12.0884,55.9835],[12.0886,55.9836],[12.0889,55.9836],[12.0892,55.9836],[12.0895,55.9837],[12.0897,55.9837],[12.0895,55.9836],[12.0895,55.9836],[12.0896,55.9834],[12.0897,55.9832],[12.0895,55.9831],[12.0889,55.9831],[12.0887,55.9831]]]},"properties":{"sourceId":"ais_par3.161288","a_type":5120,"hectares":0.433}},{"type":"Feature","id":"ais_par3.161289","geometry":{"type":"Polygon","coordinates":[[[12.0923,55.9824],[12.0924,55.9825],[12.0925,55.9825],[12.0926,55.9825],[12.0926,55.9824],[12.0926,55.9823],[12.0924,55.9823],[12.0923,55.9824]]]},"properties":{"sourceId":"ais_par3.161289","a_type":5120,"hectares":0.037}},{"type":"Feature","id":"ais_par3.161290","geometry":{"type":"Polygon","coordinates":[[[12.0906,55.9801],[12.0907,55.9801],[12.0907,55.9801],[12.0905,55.98],[12.0905,55.98],[12.0906,55.9799],[12.0904,55.9799],[12.0903,55.9799],[12.0903,55.98],[12.0904,55.9801],[12.0906,55.9801]]]},"properties":{"sourceId":"ais_par3.161290","a_type":5120,"hectares":0.04}},{"type":"Feature","id":"ais_par3.161291","geometry":{"type":"Polygon","coordinates":[[[12.0805,55.9765],[12.0807,55.9765],[12.0809,55.9765],[12.081,55.9764],[12.081,55.9764],[12.0807,55.9764],[12.0804,55.9764],[12.0804,55.9765],[12.0805,55.9765]]]},"properties":{"sourceId":"ais_par3.161291","a_type":5120,"hectares":0.049}},{"type":"Feature","id":"ais_par3.161292","geometry":{"type":"Polygon","coordinates":[[[12.083,55.9762],[12.0835,55.9763],[12.0838,55.9764],[12.0842,55.9763],[12.0838,55.9762],[12.0831,55.9761],[12.0827,55.976],[12.0826,55.9761],[12.0827,55.9762],[12.083,55.9762],[12.083,55.9762]]]},"properties":{"sourceId":"ais_par3.161292","a_type":5120,"hectares":0.167}},{"type":"Feature","id":"ais_par3.161293","geometry":{"type":"Polygon","coordinates":[[[12.0848,55.9759],[12.0849,55.9759],[12.0849,55.9758],[12.0847,55.9757],[12.0845,55.9757],[12.0846,55.9758],[12.0847,55.9759],[12.0848,55.9759]]]},"properties":{"sourceId":"ais_par3.161293","a_type":5120,"hectares":0.039}},{"type":"Feature","id":"ais_par3.161294","geometry":{"type":"Polygon","coordinates":[[[12.0763,55.9748],[12.0763,55.9749],[12.0762,55.9751],[12.0764,55.9752],[12.0765,55.9752],[12.0769,55.975],[12.0765,55.9748],[12.0764,55.9748],[12.0763,55.9748]]]},"properties":{"sourceId":"ais_par3.161294","a_type":5120,"hectares":0.114}},{"type":"Feature","id":"ais_par3.161295","geometry":{"type":"Polygon","coordinates":[[[12.0704,55.9739],[12.0706,55.9739],[12.0707,55.9738],[12.0706,55.9738],[12.0704,55.9737],[12.0701,55.9737],[12.07,55.9738],[12.07,55.9738],[12.0702,55.9739],[12.0703,55.9739],[12.0704,55.9739]]]},"properties":{"sourceId":"ais_par3.161295","a_type":5120,"hectares":0.072}},{"type":"Feature","id":"ais_par3.161296","geometry":{"type":"Polygon","coordinates":[[[12.0672,55.9735],[12.0674,55.9735],[12.0675,55.9734],[12.0675,55.9733],[12.0672,55.9733],[12.067,55.9733],[12.0669,55.9734],[12.0669,55.9734],[12.0669,55.9735],[12.0672,55.9735]]]},"properties":{"sourceId":"ais_par3.161296","a_type":5120,"hectares":0.074}},{"type":"Feature","id":"ais_par3.161297","geometry":{"type":"Polygon","coordinates":[[[12.0608,55.9706],[12.0612,55.9706],[12.0613,55.9705],[12.0611,55.9703],[12.0608,55.9702],[12.0605,55.9701],[12.0603,55.9703],[12.0605,55.9705],[12.0606,55.9706],[12.0608,55.9706]]]},"properties":{"sourceId":"ais_par3.161297","a_type":5120,"hectares":0.215}},{"type":"Feature","id":"ais_par3.161298","geometry":{"type":"Polygon","coordinates":[[[12.0625,55.9705],[12.0628,55.9704],[12.0629,55.9702],[12.0626,55.9701],[12.0625,55.9702],[12.0623,55.9703],[12.0623,55.9704],[12.0625,55.9705]]]},"properties":{"sourceId":"ais_par3.161298","a_type":5120,"hectares":0.092}},{"type":"Feature","id":"ais_par3.161299","geometry":{"type":"Polygon","coordinates":[[[12.0778,55.9668],[12.078,55.9669],[12.0782,55.9669],[12.0783,55.9668],[12.0784,55.9667],[12.0783,55.9666],[12.0782,55.9665],[12.0779,55.9666],[12.0778,55.9667],[12.0778,55.9668]]]},"properties":{"sourceId":"ais_par3.161299","a_type":5120,"hectares":0.093}},{"type":"Feature","id":"ais_par3.161300","geometry":{"type":"Polygon","coordinates":[[[12.0765,55.9658],[12.0767,55.9658],[12.0768,55.9658],[12.0768,55.9657],[12.0767,55.9656],[12.0765,55.9656],[12.0764,55.9656],[12.0764,55.9656],[12.0765,55.9658]]]},"properties":{"sourceId":"ais_par3.161300","a_type":5120,"hectares":0.056}},{"type":"Feature","id":"ais_par3.161301","geometry":{"type":"Polygon","coordinates":[[[12.0657,55.9596],[12.0656,55.9597],[12.0656,55.9598],[12.0657,55.96],[12.0659,55.9601],[12.0662,55.9602],[12.0666,55.9602],[12.0659,55.9596],[12.0659,55.9596],[12.0657,55.9596]]]},"properties":{"sourceId":"ais_par3.161301","a_type":5120,"hectares":0.223}},{"type":"Feature","id":"ais_par3.161302","geometry":{"type":"Polygon","coordinates":[[[12.067,55.9582],[12.0669,55.9582],[12.0669,55.9582],[12.067,55.9583],[12.0672,55.9584],[12.0675,55.9585],[12.0675,55.9584],[12.0674,55.9583],[12.067,55.9582]]]},"properties":{"sourceId":"ais_par3.161302","a_type":5120,"hectares":0.068}},{"type":"Feature","id":"ais_par3.161303","geometry":{"type":"Polygon","coordinates":[[[12.0676,55.9582],[12.0677,55.9582],[12.0679,55.9582],[12.0682,55.9581],[12.0681,55.9581],[12.0679,55.9581],[12.0675,55.9581],[12.0676,55.9582]]]},"properties":{"sourceId":"ais_par3.161303","a_type":5120,"hectares":0.033}},{"type":"Feature","id":"ais_par3.161304","geometry":{"type":"Polygon","coordinates":[[[12.0576,55.9623],[12.0577,55.9623],[12.0577,55.9623],[12.0578,55.9623],[12.0578,55.9622],[12.0578,55.9622],[12.0578,55.9622],[12.0577,55.9622],[12.0577,55.9621],[12.0576,55.9621],[12.0576,55.9622],[12.0575,55.9622],[12.0575,55.9622],[12.0575,55.9622],[12.0575,55.9623],[12.0576,55.9623],[12.0576,55.9623]]]},"properties":{"sourceId":"ais_par3.161304","a_type":5120,"hectares":0.028}},{"type":"Feature","id":"ais_par3.161305","geometry":{"type":"Polygon","coordinates":[[[12.0469,55.9575],[12.0471,55.9575],[12.0474,55.9575],[12.0475,55.9574],[12.0475,55.9574],[12.0475,55.9573],[12.0474,55.9572],[12.0472,55.9573],[12.0471,55.9573],[12.0469,55.9574],[12.0469,55.9574],[12.0469,55.9575]]]},"properties":{"sourceId":"ais_par3.161305","a_type":5120,"hectares":0.072}},{"type":"Feature","id":"ais_par3.161306","geometry":{"type":"Polygon","coordinates":[[[12.043,55.9475],[12.043,55.9476],[12.043,55.9476],[12.0432,55.9476],[12.0434,55.9475],[12.0436,55.9474],[12.0437,55.9473],[12.0436,55.9471],[12.0435,55.9471],[12.0432,55.9472],[12.043,55.9473],[12.0429,55.9473],[12.043,55.9475],[12.043,55.9475]]]},"properties":{"sourceId":"ais_par3.161306","a_type":5120,"hectares":0.165}},{"type":"Feature","id":"ais_par3.161307","geometry":{"type":"Polygon","coordinates":[[[12.046,55.9382],[12.0462,55.9382],[12.0462,55.9381],[12.0462,55.938],[12.046,55.938],[12.0459,55.9381],[12.0459,55.9382],[12.0459,55.9382],[12.046,55.9382]]]},"properties":{"sourceId":"ais_par3.161307","a_type":5120,"hectares":0.046}},{"type":"Feature","id":"ais_par3.161308","geometry":{"type":"Polygon","coordinates":[[[12.0495,55.9351],[12.0496,55.935],[12.0495,55.9349],[12.0493,55.935],[12.0492,55.935],[12.0492,55.9351],[12.0491,55.9351],[12.0495,55.9351]]]},"properties":{"sourceId":"ais_par3.161308","a_type":5120,"hectares":0.041}},{"type":"Feature","id":"ais_par3.161309","geometry":{"type":"Polygon","coordinates":[[[12.0592,55.9318],[12.0592,55.9318],[12.059,55.9319],[12.059,55.932],[12.059,55.9321],[12.0591,55.9322],[12.0593,55.9322],[12.0595,55.9321],[12.0596,55.932],[12.0596,55.9319],[12.0596,55.9318],[12.0593,55.9318],[12.0592,55.9318]]]},"properties":{"sourceId":"ais_par3.161309","a_type":5120,"hectares":0.138}},{"type":"Feature","id":"ais_par3.161310","geometry":{"type":"Polygon","coordinates":[[[12.0803,55.9299],[12.0804,55.9299],[12.0805,55.93],[12.0807,55.93],[12.0809,55.9301],[12.081,55.93],[12.0809,55.9299],[12.0807,55.9299],[12.0805,55.9298],[12.0803,55.9298],[12.0802,55.9299],[12.0803,55.9299]]]},"properties":{"sourceId":"ais_par3.161310","a_type":5120,"hectares":0.069}},{"type":"Feature","id":"ais_par3.161311","geometry":{"type":"Polygon","coordinates":[[[12.0831,55.9272],[12.083,55.9271],[12.0829,55.927],[12.0827,55.927],[12.0825,55.9271],[12.0825,55.9272],[12.0826,55.9273],[12.0827,55.9273],[12.0829,55.9273],[12.083,55.9274],[12.0831,55.9274],[12.0831,55.9272]]]},"properties":{"sourceId":"ais_par3.161311","a_type":5120,"hectares":0.103}},{"type":"Feature","id":"ais_par3.161312","geometry":{"type":"Polygon","coordinates":[[[12.0839,55.9248],[12.084,55.9249],[12.0843,55.9249],[12.0847,55.9247],[12.0849,55.9246],[12.0849,55.9244],[12.0848,55.9243],[12.0848,55.9242],[12.0846,55.9243],[12.0841,55.9246],[12.0841,55.9246],[12.0839,55.9248]]]},"properties":{"sourceId":"ais_par3.161312","a_type":5120,"hectares":0.228}},{"type":"Feature","id":"ais_par3.161313","geometry":{"type":"Polygon","coordinates":[[[12.0793,55.9255],[12.0794,55.9255],[12.0796,55.9255],[12.0797,55.9255],[12.0797,55.9254],[12.0796,55.9253],[12.0793,55.9253],[12.0792,55.9254],[12.0792,55.9254],[12.0793,55.9255],[12.0793,55.9255]]]},"properties":{"sourceId":"ais_par3.161313","a_type":5120,"hectares":0.04}},{"type":"Feature","id":"ais_par3.161314","geometry":{"type":"Polygon","coordinates":[[[12.09,55.9176],[12.0901,55.9176],[12.0902,55.9176],[12.0903,55.9177],[12.0903,55.9176],[12.0904,55.9175],[12.0904,55.9174],[12.0903,55.9174],[12.0902,55.9175],[12.09,55.9175],[12.0899,55.9176],[12.09,55.9176]]]},"properties":{"sourceId":"ais_par3.161314","a_type":5120,"hectares":0.053}},{"type":"Feature","id":"ais_par3.161315","geometry":{"type":"Polygon","coordinates":[[[12.0768,55.9086],[12.077,55.9087],[12.0772,55.9087],[12.0774,55.9087],[12.0774,55.9086],[12.0772,55.9086],[12.0771,55.9084],[12.077,55.9083],[12.0768,55.9083],[12.0766,55.9083],[12.0765,55.9083],[12.0764,55.9084],[12.0765,55.9085],[12.0765,55.9086],[12.0768,55.9086]]]},"properties":{"sourceId":"ais_par3.161315","a_type":5120,"hectares":0.177}},{"type":"Feature","id":"ais_par3.161316","geometry":{"type":"Polygon","coordinates":[[[12.076,55.9077],[12.0761,55.9077],[12.0761,55.9078],[12.0761,55.9078],[12.0759,55.9078],[12.0758,55.9079],[12.076,55.9079],[12.0761,55.908],[12.0762,55.9081],[12.0763,55.9081],[12.0763,55.908],[12.0763,55.9078],[12.0762,55.9077],[12.0762,55.9076],[12.0762,55.9074],[12.0761,55.9074],[12.076,55.9074],[12.0759,55.9074],[12.0758,55.9074],[12.0757,55.9074],[12.0757,55.9075],[12.0758,55.9076],[12.0758,55.9076],[12.076,55.9077]]]},"properties":{"sourceId":"ais_par3.161316","a_type":5120,"hectares":0.157}},{"type":"Feature","id":"ais_par3.161317","geometry":{"type":"Polygon","coordinates":[[[12.0645,55.9116],[12.0645,55.9117],[12.0647,55.9118],[12.065,55.9118],[12.0651,55.9118],[12.0651,55.9115],[12.0651,55.9111],[12.0652,55.911],[12.0653,55.9108],[12.0653,55.9106],[12.0651,55.9105],[12.0647,55.9104],[12.0644,55.9104],[12.0642,55.9104],[12.0642,55.9104],[12.0638,55.9105],[12.0637,55.9106],[12.0637,55.9108],[12.0641,55.9109],[12.0643,55.9111],[12.0644,55.9112],[12.0644,55.9114],[12.0644,55.9116],[12.0644,55.9116],[12.0645,55.9116]]]},"properties":{"sourceId":"ais_par3.161317","a_type":5120,"hectares":0.978}},{"type":"Feature","id":"ais_par3.161318","geometry":{"type":"Polygon","coordinates":[[[12.0667,55.9042],[12.0668,55.9042],[12.0669,55.9042],[12.067,55.9042],[12.067,55.904],[12.0668,55.904],[12.0667,55.904],[12.0667,55.9042]]]},"properties":{"sourceId":"ais_par3.161318","a_type":5120,"hectares":0.047}},{"type":"Feature","id":"ais_par3.161319","geometry":{"type":"Polygon","coordinates":[[[12.0681,55.9034],[12.0679,55.9032],[12.0676,55.9032],[12.0676,55.9034],[12.0681,55.9034]]]},"properties":{"sourceId":"ais_par3.161319","a_type":5120,"hectares":0.067}},{"type":"Feature","id":"ais_par3.161320","geometry":{"type":"Polygon","coordinates":[[[12.0712,55.9054],[12.0713,55.9054],[12.0713,55.9053],[12.0713,55.9053],[12.0712,55.9052],[12.071,55.9053],[12.071,55.9053],[12.071,55.9054],[12.0712,55.9054],[12.0712,55.9054]]]},"properties":{"sourceId":"ais_par3.161320","a_type":5120,"hectares":0.024}},{"type":"Feature","id":"ais_par3.161321","geometry":{"type":"Polygon","coordinates":[[[12.0856,55.9017],[12.0856,55.9016],[12.0856,55.9015],[12.0856,55.9015],[12.0855,55.9014],[12.0853,55.9014],[12.0851,55.9014],[12.0849,55.9015],[12.0848,55.9016],[12.0848,55.9016],[12.0848,55.9017],[12.0849,55.9017],[12.085,55.9018],[12.0851,55.9018],[12.0853,55.9018],[12.0854,55.9018],[12.0855,55.9018],[12.0856,55.9017]]]},"properties":{"sourceId":"ais_par3.161321","a_type":5120,"hectares":0.172}},{"type":"Feature","id":"ais_par3.161322","geometry":{"type":"Polygon","coordinates":[[[12.0725,55.9033],[12.0726,55.9033],[12.0726,55.9033],[12.0727,55.9033],[12.0727,55.9032],[12.0727,55.9032],[12.0727,55.9032],[12.0726,55.9031],[12.0726,55.9031],[12.0725,55.9031],[12.0725,55.9031],[12.0724,55.9032],[12.0724,55.9032],[12.0724,55.9032],[12.0724,55.9033],[12.0725,55.9033],[12.0725,55.9033]]]},"properties":{"sourceId":"ais_par3.161322","a_type":5120,"hectares":0.028}},{"type":"Feature","id":"ais_par3.161569","geometry":{"type":"Polygon","coordinates":[[[11.9989,55.9127],[11.999,55.9127],[11.9991,55.9123],[11.9994,55.9122],[11.9993,55.9121],[11.9991,55.9123],[11.9987,55.9126],[11.9989,55.9127]]]},"properties":{"sourceId":"ais_par3.161569","a_type":5120,"hectares":0.074}},{"type":"Feature","id":"ais_par3.161323","geometry":{"type":"Polygon","coordinates":[[[12.0976,55.9017],[12.0978,55.9019],[12.0979,55.902],[12.098,55.902],[12.0981,55.9019],[12.0982,55.9018],[12.0988,55.9014],[12.0988,55.9013],[12.0987,55.9013],[12.0984,55.9012],[12.0977,55.9012],[12.0971,55.9012],[12.0969,55.9013],[12.097,55.9014],[12.0972,55.9016],[12.0974,55.9016],[12.0975,55.9017],[12.0976,55.9017]]]},"properties":{"sourceId":"ais_par3.161323","a_type":5120,"hectares":0.645}},{"type":"Feature","id":"ais_par3.161324","geometry":{"type":"Polygon","coordinates":[[[12.0947,55.9014],[12.0946,55.9015],[12.0946,55.9015],[12.0947,55.9016],[12.0948,55.9017],[12.095,55.9018],[12.0952,55.9018],[12.0954,55.9017],[12.0956,55.9017],[12.0956,55.9017],[12.0955,55.9016],[12.0954,55.9015],[12.0947,55.9014],[12.0947,55.9014]]]},"properties":{"sourceId":"ais_par3.161324","a_type":5120,"hectares":0.204}},{"type":"Feature","id":"ais_par3.161325","geometry":{"type":"Polygon","coordinates":[[[12.0676,55.8944],[12.0677,55.8945],[12.0678,55.8945],[12.0679,55.8944],[12.0679,55.8943],[12.0678,55.8943],[12.0676,55.8944]]]},"properties":{"sourceId":"ais_par3.161325","a_type":5120,"hectares":0.039}},{"type":"Feature","id":"ais_par3.161326","geometry":{"type":"Polygon","coordinates":[[[12.0604,55.8878],[12.0605,55.8877],[12.0605,55.8876],[12.0605,55.8875],[12.0604,55.8874],[12.0602,55.8875],[12.06,55.8876],[12.06,55.8877],[12.0601,55.8877],[12.0602,55.8878],[12.0604,55.8878]]]},"properties":{"sourceId":"ais_par3.161326","a_type":5120,"hectares":0.091}},{"type":"Feature","id":"ais_par3.161327","geometry":{"type":"Polygon","coordinates":[[[12.0623,55.8846],[12.0624,55.8847],[12.0625,55.8848],[12.0626,55.8848],[12.0627,55.8848],[12.0628,55.8846],[12.0625,55.8845],[12.0624,55.8844],[12.0623,55.8844],[12.0623,55.8845],[12.0623,55.8846]]]},"properties":{"sourceId":"ais_par3.161327","a_type":5120,"hectares":0.072}},{"type":"Feature","id":"ais_par3.161328","geometry":{"type":"Polygon","coordinates":[[[11.92,55.905],[11.9202,55.9049],[11.9203,55.9049],[11.9201,55.9049],[11.92,55.9047],[11.9198,55.9047],[11.92,55.905]]]},"properties":{"sourceId":"ais_par3.161328","a_type":5120,"hectares":0.044}},{"type":"Feature","id":"ais_par3.161329","geometry":{"type":"Polygon","coordinates":[[[11.9181,55.9091],[11.9184,55.9091],[11.9184,55.909],[11.9184,55.9089],[11.9181,55.9089],[11.9179,55.9089],[11.9179,55.9089],[11.918,55.909],[11.9181,55.9091],[11.9181,55.9091]]]},"properties":{"sourceId":"ais_par3.161329","a_type":5120,"hectares":0.061}},{"type":"Feature","id":"ais_par3.161330","geometry":{"type":"Polygon","coordinates":[[[11.9294,55.9204],[11.9295,55.9203],[11.9294,55.9202],[11.9291,55.9202],[11.9289,55.9202],[11.9288,55.9203],[11.9289,55.9204],[11.929,55.9204],[11.9294,55.9204]]]},"properties":{"sourceId":"ais_par3.161330","a_type":5120,"hectares":0.086}},{"type":"Feature","id":"ais_par3.161331","geometry":{"type":"Polygon","coordinates":[[[11.9286,55.9191],[11.9287,55.919],[11.929,55.919],[11.9292,55.9191],[11.9295,55.9191],[11.93,55.9191],[11.9302,55.919],[11.9304,55.9189],[11.9308,55.9188],[11.931,55.9187],[11.931,55.9187],[11.9309,55.9186],[11.9308,55.9185],[11.9306,55.9185],[11.9299,55.9185],[11.9296,55.9184],[11.9294,55.9183],[11.9291,55.9183],[11.929,55.9183],[11.929,55.9185],[11.9289,55.9186],[11.9288,55.9188],[11.9287,55.9189],[11.9286,55.9189],[11.9285,55.919],[11.9286,55.9191]]]},"properties":{"sourceId":"ais_par3.161331","a_type":5120,"hectares":0.832}},{"type":"Feature","id":"ais_par3.161332","geometry":{"type":"Polygon","coordinates":[[[11.9657,55.9278],[11.9659,55.9278],[11.9659,55.9277],[11.9659,55.9275],[11.9659,55.9275],[11.9658,55.9275],[11.9658,55.9275],[11.9657,55.9277],[11.9656,55.9277],[11.9657,55.9278],[11.9657,55.9278]]]},"properties":{"sourceId":"ais_par3.161332","a_type":5120,"hectares":0.051}},{"type":"Feature","id":"ais_par3.161333","geometry":{"type":"Polygon","coordinates":[[[11.9642,55.927],[11.9646,55.9269],[11.9647,55.9269],[11.9648,55.927],[11.9649,55.927],[11.9651,55.927],[11.9651,55.9269],[11.965,55.9269],[11.9649,55.9269],[11.9649,55.9268],[11.9648,55.9267],[11.9647,55.9265],[11.9648,55.9264],[11.9648,55.9263],[11.965,55.9262],[11.9651,55.9261],[11.9652,55.9261],[11.9652,55.9259],[11.9651,55.9258],[11.9649,55.9259],[11.9649,55.9259],[11.9648,55.926],[11.965,55.926],[11.965,55.9261],[11.9647,55.9262],[11.9647,55.9264],[11.9646,55.9265],[11.9647,55.9267],[11.9646,55.9268],[11.9644,55.9268],[11.9641,55.9269],[11.9642,55.927]]]},"properties":{"sourceId":"ais_par3.161333","a_type":5120,"hectares":0.206}},{"type":"Feature","id":"ais_par3.161543","geometry":{"type":"Polygon","coordinates":[[[11.9716,55.8939],[11.9715,55.8939],[11.9713,55.894],[11.9712,55.8941],[11.9713,55.8941],[11.9714,55.8942],[11.9716,55.8941],[11.9716,55.8939]]]},"properties":{"sourceId":"ais_par3.161543","a_type":5120,"hectares":0.048}},{"type":"Feature","id":"ais_par3.161397","geometry":{"type":"Polygon","coordinates":[[[11.9507,55.8736],[11.9508,55.8736],[11.9509,55.8736],[11.9509,55.8735],[11.9508,55.8735],[11.9506,55.8734],[11.9505,55.8734],[11.9505,55.8735],[11.9505,55.8735],[11.9506,55.8735],[11.9506,55.8736],[11.9507,55.8736]]]},"properties":{"sourceId":"ais_par3.161397","a_type":5120,"hectares":0.029}},{"type":"Feature","id":"ais_par3.161398","geometry":{"type":"Polygon","coordinates":[[[11.9468,55.8728],[11.9469,55.8727],[11.947,55.8726],[11.9469,55.8725],[11.9468,55.8725],[11.9468,55.8726],[11.9467,55.8726],[11.9467,55.8728],[11.9467,55.8728],[11.9468,55.8728]]]},"properties":{"sourceId":"ais_par3.161398","a_type":5120,"hectares":0.035}},{"type":"Feature","id":"ais_par3.161399","geometry":{"type":"Polygon","coordinates":[[[11.9375,55.8739],[11.9376,55.874],[11.9376,55.874],[11.9377,55.874],[11.9378,55.874],[11.9378,55.8739],[11.9378,55.8738],[11.9378,55.8737],[11.9378,55.8737],[11.9376,55.8737],[11.9376,55.8737],[11.9375,55.8738],[11.9375,55.8738],[11.9375,55.8739],[11.9375,55.8739]]]},"properties":{"sourceId":"ais_par3.161399","a_type":5120,"hectares":0.052}},{"type":"Feature","id":"ais_par3.161400","geometry":{"type":"Polygon","coordinates":[[[11.9464,55.8755],[11.9464,55.8755],[11.9465,55.8755],[11.9465,55.8755],[11.9465,55.8754],[11.9465,55.8754],[11.9465,55.8754],[11.9465,55.8753],[11.9464,55.8753],[11.9464,55.8753],[11.9463,55.8753],[11.9463,55.8754],[11.9462,55.8754],[11.9462,55.8754],[11.9463,55.8755],[11.9463,55.8755],[11.9464,55.8755]]]},"properties":{"sourceId":"ais_par3.161400","a_type":5120,"hectares":0.028}},{"type":"Feature","id":"ais_par3.161401","geometry":{"type":"Polygon","coordinates":[[[11.942,55.8741],[11.942,55.8741],[11.9421,55.874],[11.9421,55.874],[11.9421,55.874],[11.9421,55.874],[11.9421,55.8739],[11.9421,55.8739],[11.942,55.8739],[11.9419,55.8739],[11.9419,55.8739],[11.9418,55.8739],[11.9418,55.874],[11.9418,55.874],[11.9418,55.874],[11.9419,55.874],[11.942,55.8741]]]},"properties":{"sourceId":"ais_par3.161401","a_type":5120,"hectares":0.028}},{"type":"Feature","id":"ais_par3.161402","geometry":{"type":"Polygon","coordinates":[[[11.9381,55.8728],[11.9381,55.8728],[11.9382,55.8728],[11.9382,55.8728],[11.9383,55.8727],[11.9383,55.8727],[11.9382,55.8727],[11.9382,55.8727],[11.9381,55.8726],[11.9381,55.8726],[11.938,55.8727],[11.938,55.8727],[11.938,55.8727],[11.938,55.8727],[11.938,55.8728],[11.938,55.8728],[11.9381,55.8728]]]},"properties":{"sourceId":"ais_par3.161402","a_type":5120,"hectares":0.028}},{"type":"Feature","id":"ais_par3.161403","geometry":{"type":"Polygon","coordinates":[[[11.9363,55.8766],[11.9363,55.8766],[11.9364,55.8766],[11.9364,55.8766],[11.9364,55.8766],[11.9364,55.8765],[11.9364,55.8765],[11.9364,55.8765],[11.9363,55.8765],[11.9363,55.8765],[11.9362,55.8765],[11.9361,55.8765],[11.9361,55.8765],[11.9361,55.8766],[11.9361,55.8766],[11.9362,55.8766],[11.9363,55.8766]]]},"properties":{"sourceId":"ais_par3.161403","a_type":5120,"hectares":0.028}},{"type":"Feature","id":"ais_par3.161404","geometry":{"type":"Polygon","coordinates":[[[11.9347,55.877],[11.9347,55.877],[11.9348,55.8769],[11.9348,55.8769],[11.9348,55.8769],[11.9348,55.8769],[11.9348,55.8768],[11.9348,55.8768],[11.9347,55.8768],[11.9346,55.8768],[11.9346,55.8768],[11.9345,55.8768],[11.9345,55.8769],[11.9345,55.8769],[11.9345,55.8769],[11.9346,55.8769],[11.9347,55.877]]]},"properties":{"sourceId":"ais_par3.161404","a_type":5120,"hectares":0.028}},{"type":"Feature","id":"ais_par3.161405","geometry":{"type":"Polygon","coordinates":[[[11.9341,55.8771],[11.9342,55.8771],[11.9343,55.8771],[11.9343,55.8771],[11.9343,55.8771],[11.9343,55.877],[11.9343,55.877],[11.9342,55.877],[11.9342,55.877],[11.9341,55.877],[11.9341,55.877],[11.934,55.877],[11.934,55.877],[11.934,55.8771],[11.934,55.8771],[11.9341,55.8771],[11.9341,55.8771]]]},"properties":{"sourceId":"ais_par3.161405","a_type":5120,"hectares":0.028}},{"type":"Feature","id":"ais_par3.161406","geometry":{"type":"Polygon","coordinates":[[[11.942,55.877],[11.9421,55.877],[11.9421,55.877],[11.9422,55.8769],[11.9422,55.8769],[11.9422,55.8769],[11.9422,55.8768],[11.9421,55.8768],[11.9421,55.8768],[11.942,55.8768],[11.942,55.8768],[11.9419,55.8768],[11.9419,55.8769],[11.9419,55.8769],[11.9419,55.8769],[11.942,55.877],[11.942,55.877]]]},"properties":{"sourceId":"ais_par3.161406","a_type":5120,"hectares":0.028}},{"type":"Feature","id":"ais_par3.161407","geometry":{"type":"Polygon","coordinates":[[[11.9378,55.8755],[11.9379,55.8756],[11.938,55.8757],[11.938,55.8758],[11.9381,55.8757],[11.9382,55.8757],[11.9382,55.8754],[11.9381,55.8753],[11.938,55.8752],[11.9377,55.8751],[11.9376,55.8751],[11.9375,55.8752],[11.9374,55.8753],[11.9374,55.8755],[11.9375,55.8755],[11.9377,55.8755],[11.9378,55.8755]]]},"properties":{"sourceId":"ais_par3.161407","a_type":5120,"hectares":0.212}},{"type":"Feature","id":"ais_par3.161408","geometry":{"type":"Polygon","coordinates":[[[11.938,55.8789],[11.9381,55.879],[11.9382,55.879],[11.9383,55.8788],[11.9384,55.8787],[11.9383,55.8786],[11.9382,55.8786],[11.9381,55.8787],[11.938,55.8789],[11.938,55.8789]]]},"properties":{"sourceId":"ais_par3.161408","a_type":5120,"hectares":0.058}},{"type":"Feature","id":"ais_par3.161409","geometry":{"type":"Polygon","coordinates":[[[11.9387,55.8792],[11.9388,55.8793],[11.939,55.8793],[11.9391,55.8792],[11.9391,55.8791],[11.9389,55.879],[11.9388,55.879],[11.9387,55.8791],[11.9387,55.8792]]]},"properties":{"sourceId":"ais_par3.161409","a_type":5120,"hectares":0.049}},{"type":"Feature","id":"ais_par3.161410","geometry":{"type":"Polygon","coordinates":[[[11.9398,55.8783],[11.9398,55.8783],[11.9399,55.8782],[11.9401,55.8781],[11.9402,55.878],[11.9401,55.878],[11.94,55.878],[11.94,55.8779],[11.9399,55.8779],[11.9398,55.8779],[11.9398,55.878],[11.9398,55.8782],[11.9398,55.8783]]]},"properties":{"sourceId":"ais_par3.161410","a_type":5120,"hectares":0.068}},{"type":"Feature","id":"ais_par3.161411","geometry":{"type":"Polygon","coordinates":[[[11.9316,55.8798],[11.9316,55.8799],[11.9317,55.88],[11.9318,55.88],[11.9319,55.8799],[11.932,55.8798],[11.9322,55.8798],[11.9323,55.8798],[11.9324,55.8797],[11.9323,55.8797],[11.9323,55.8796],[11.9322,55.8796],[11.9321,55.8796],[11.9321,55.8796],[11.9319,55.8797],[11.9318,55.8797],[11.9317,55.8797],[11.9317,55.8796],[11.9317,55.8796],[11.9317,55.8795],[11.9316,55.8794],[11.9314,55.8794],[11.9313,55.8795],[11.9313,55.8796],[11.9314,55.8797],[11.9316,55.8797],[11.9316,55.8798]]]},"properties":{"sourceId":"ais_par3.161411","a_type":5120,"hectares":0.166}},{"type":"Feature","id":"ais_par3.161412","geometry":{"type":"Polygon","coordinates":[[[11.9369,55.8789],[11.9372,55.8789],[11.9372,55.8788],[11.9369,55.8786],[11.9367,55.8784],[11.9365,55.8783],[11.9364,55.8783],[11.9363,55.8783],[11.9363,55.8784],[11.9365,55.8786],[11.9365,55.8787],[11.9366,55.8788],[11.9369,55.8789]]]},"properties":{"sourceId":"ais_par3.161412","a_type":5120,"hectares":0.173}},{"type":"Feature","id":"ais_par3.161413","geometry":{"type":"Polygon","coordinates":[[[11.9494,55.8774],[11.9495,55.8774],[11.9496,55.8774],[11.9496,55.8774],[11.9496,55.8773],[11.9496,55.8772],[11.9495,55.8772],[11.9494,55.8772],[11.9493,55.8773],[11.9493,55.8773],[11.9494,55.8774]]]},"properties":{"sourceId":"ais_par3.161413","a_type":5120,"hectares":0.043}},{"type":"Feature","id":"ais_par3.161414","geometry":{"type":"Polygon","coordinates":[[[11.9456,55.8783],[11.9457,55.8783],[11.9458,55.8784],[11.9459,55.8784],[11.9459,55.8783],[11.9459,55.8782],[11.9459,55.8782],[11.9458,55.8781],[11.9457,55.8781],[11.9456,55.8782],[11.9456,55.8782],[11.9455,55.8782],[11.9454,55.8783],[11.9454,55.8783],[11.9456,55.8783]]]},"properties":{"sourceId":"ais_par3.161414","a_type":5120,"hectares":0.046}},{"type":"Feature","id":"ais_par3.161415","geometry":{"type":"Polygon","coordinates":[[[11.9476,55.8791],[11.9477,55.8792],[11.9478,55.8793],[11.9478,55.8793],[11.9479,55.8792],[11.948,55.8791],[11.948,55.879],[11.9479,55.8789],[11.9477,55.8789],[11.9476,55.8789],[11.9475,55.8789],[11.9475,55.879],[11.9475,55.879],[11.9476,55.8791]]]},"properties":{"sourceId":"ais_par3.161415","a_type":5120,"hectares":0.094}},{"type":"Feature","id":"ais_par3.161416","geometry":{"type":"Polygon","coordinates":[[[11.9464,55.8801],[11.9465,55.8801],[11.9466,55.8801],[11.9466,55.8801],[11.9467,55.88],[11.9466,55.8799],[11.9464,55.8799],[11.9463,55.8799],[11.9463,55.88],[11.9463,55.88],[11.9464,55.8801]]]},"properties":{"sourceId":"ais_par3.161416","a_type":5120,"hectares":0.037}},{"type":"Feature","id":"ais_par3.161417","geometry":{"type":"Polygon","coordinates":[[[11.9507,55.8822],[11.9509,55.8822],[11.951,55.8822],[11.9511,55.8821],[11.951,55.882],[11.951,55.8819],[11.9508,55.8819],[11.9507,55.8819],[11.9507,55.882],[11.9507,55.8821],[11.9507,55.8822]]]},"properties":{"sourceId":"ais_par3.161417","a_type":5120,"hectares":0.074}},{"type":"Feature","id":"ais_par3.161418","geometry":{"type":"Polygon","coordinates":[[[11.9497,55.8823],[11.9496,55.8825],[11.9496,55.8826],[11.9497,55.8826],[11.9498,55.8826],[11.95,55.8825],[11.9502,55.8823],[11.9504,55.8823],[11.9504,55.8822],[11.9503,55.8821],[11.9502,55.8821],[11.9501,55.8822],[11.9497,55.8823]]]},"properties":{"sourceId":"ais_par3.161418","a_type":5120,"hectares":0.128}},{"type":"Feature","id":"ais_par3.161419","geometry":{"type":"Polygon","coordinates":[[[11.9532,55.8827],[11.9533,55.8827],[11.9534,55.8826],[11.9533,55.8825],[11.9532,55.8825],[11.9531,55.8825],[11.953,55.8826],[11.953,55.8826],[11.9531,55.8827],[11.9532,55.8827]]]},"properties":{"sourceId":"ais_par3.161419","a_type":5120,"hectares":0.031}},{"type":"Feature","id":"ais_par3.161420","geometry":{"type":"Polygon","coordinates":[[[11.9498,55.8844],[11.9499,55.8844],[11.9502,55.8843],[11.9502,55.8842],[11.9501,55.8841],[11.95,55.8841],[11.9499,55.8842],[11.9498,55.8843],[11.9497,55.8843],[11.9498,55.8844],[11.9498,55.8844],[11.9498,55.8844]]]},"properties":{"sourceId":"ais_par3.161420","a_type":5120,"hectares":0.066}},{"type":"Feature","id":"ais_par3.161421","geometry":{"type":"Polygon","coordinates":[[[11.9474,55.8857],[11.9474,55.8857],[11.9473,55.8857],[11.9473,55.8857],[11.9473,55.8858],[11.9474,55.8859],[11.9475,55.8859],[11.9476,55.8859],[11.9476,55.8859],[11.9477,55.8858],[11.9477,55.8858],[11.9477,55.8857],[11.9475,55.8857],[11.9474,55.8857]]]},"properties":{"sourceId":"ais_par3.161421","a_type":5120,"hectares":0.045}},{"type":"Feature","id":"ais_par3.161422","geometry":{"type":"Polygon","coordinates":[[[11.9456,55.8844],[11.9457,55.8846],[11.9458,55.8846],[11.9459,55.8846],[11.9462,55.8846],[11.9463,55.8846],[11.9463,55.8841],[11.9463,55.8841],[11.946,55.884],[11.9457,55.8841],[11.9455,55.8841],[11.9455,55.8842],[11.9456,55.8844]]]},"properties":{"sourceId":"ais_par3.161422","a_type":5120,"hectares":0.287}},{"type":"Feature","id":"ais_par3.161423","geometry":{"type":"Polygon","coordinates":[[[11.9404,55.8815],[11.9406,55.8816],[11.9408,55.8816],[11.9409,55.8814],[11.9408,55.8813],[11.9406,55.8812],[11.9404,55.8812],[11.9402,55.8812],[11.9401,55.8813],[11.9401,55.8813],[11.9402,55.8814],[11.9403,55.8815],[11.9404,55.8815]]]},"properties":{"sourceId":"ais_par3.161423","a_type":5120,"hectares":0.135}},{"type":"Feature","id":"ais_par3.161424","geometry":{"type":"Polygon","coordinates":[[[11.9392,55.8841],[11.9392,55.8841],[11.9393,55.8842],[11.9394,55.8841],[11.9396,55.8841],[11.9398,55.8841],[11.9398,55.884],[11.9398,55.8839],[11.9398,55.8839],[11.9399,55.8838],[11.94,55.8838],[11.94,55.8836],[11.94,55.8835],[11.9399,55.8835],[11.9397,55.8835],[11.9396,55.8836],[11.9395,55.8837],[11.9394,55.8838],[11.9393,55.884],[11.9392,55.8841],[11.9392,55.8841]]]},"properties":{"sourceId":"ais_par3.161424","a_type":5120,"hectares":0.21}},{"type":"Feature","id":"ais_par3.161425","geometry":{"type":"Polygon","coordinates":[[[11.9357,55.8814],[11.9358,55.8814],[11.9358,55.8814],[11.9358,55.8813],[11.9358,55.8813],[11.9357,55.8813],[11.9356,55.8813],[11.9356,55.8814],[11.9356,55.8814],[11.9356,55.8814],[11.9357,55.8814]]]},"properties":{"sourceId":"ais_par3.161425","a_type":5120,"hectares":0.025}},{"type":"Feature","id":"ais_par3.161426","geometry":{"type":"Polygon","coordinates":[[[11.9355,55.8813],[11.9355,55.8812],[11.9354,55.8811],[11.9353,55.8811],[11.9352,55.8811],[11.9351,55.8811],[11.935,55.8812],[11.935,55.8813],[11.9355,55.8813]]]},"properties":{"sourceId":"ais_par3.161426","a_type":5120,"hectares":0.056}},{"type":"Feature","id":"ais_par3.161427","geometry":{"type":"Polygon","coordinates":[[[11.9312,55.8805],[11.9312,55.8805],[11.9313,55.8805],[11.9314,55.8804],[11.9314,55.8804],[11.9314,55.8804],[11.9313,55.8803],[11.9312,55.8803],[11.9312,55.8803],[11.9311,55.8803],[11.9311,55.8804],[11.9311,55.8804],[11.9312,55.8805]]]},"properties":{"sourceId":"ais_par3.161427","a_type":5120,"hectares":0.034}},{"type":"Feature","id":"ais_par3.161428","geometry":{"type":"Polygon","coordinates":[[[11.9365,55.884],[11.9367,55.8841],[11.9369,55.8842],[11.9372,55.8842],[11.9372,55.8841],[11.9373,55.884],[11.9375,55.8841],[11.9378,55.8841],[11.9379,55.8843],[11.9377,55.8843],[11.9376,55.8844],[11.9379,55.8844],[11.9383,55.8843],[11.9384,55.8843],[11.9384,55.8842],[11.9381,55.884],[11.9378,55.884],[11.9381,55.8838],[11.938,55.8838],[11.9378,55.8838],[11.9377,55.8837],[11.9375,55.8838],[11.9371,55.8837],[11.937,55.8837],[11.9369,55.8839],[11.9368,55.8838],[11.9367,55.8838],[11.9366,55.8838],[11.9364,55.8838],[11.9365,55.884]]]},"properties":{"sourceId":"ais_par3.161428","a_type":5120,"hectares":0.464}},{"type":"Feature","id":"ais_par3.161429","geometry":{"type":"Polygon","coordinates":[[[11.9369,55.8829],[11.9371,55.883],[11.9372,55.883],[11.9373,55.8831],[11.9373,55.8831],[11.9373,55.8831],[11.9374,55.883],[11.9373,55.8829],[11.9372,55.8828],[11.9371,55.8828],[11.937,55.8828],[11.9369,55.8828],[11.9369,55.8829],[11.9369,55.8829]]]},"properties":{"sourceId":"ais_par3.161429","a_type":5120,"hectares":0.054}},{"type":"Feature","id":"ais_par3.161430","geometry":{"type":"Polygon","coordinates":[[[11.9337,55.8831],[11.9338,55.8832],[11.934,55.8831],[11.934,55.8831],[11.9338,55.883],[11.9337,55.883],[11.9336,55.883],[11.9335,55.883],[11.9335,55.883],[11.9337,55.8831]]]},"properties":{"sourceId":"ais_par3.161430","a_type":5120,"hectares":0.035}},{"type":"Feature","id":"ais_par3.161431","geometry":{"type":"Polygon","coordinates":[[[11.9355,55.8873],[11.9356,55.8873],[11.9357,55.8872],[11.9359,55.8872],[11.936,55.8871],[11.9359,55.887],[11.9359,55.8869],[11.9359,55.8867],[11.9357,55.8868],[11.9356,55.8868],[11.9355,55.8869],[11.9355,55.887],[11.9356,55.887],[11.9356,55.887],[11.9356,55.8871],[11.9355,55.8871],[11.9355,55.8871],[11.9355,55.8871],[11.9354,55.8871],[11.9355,55.8873]]]},"properties":{"sourceId":"ais_par3.161431","a_type":5120,"hectares":0.137}},{"type":"Feature","id":"ais_par3.161432","geometry":{"type":"Polygon","coordinates":[[[11.9347,55.8836],[11.9347,55.8836],[11.9348,55.8836],[11.9348,55.8836],[11.9348,55.8835],[11.9348,55.8835],[11.9348,55.8835],[11.9347,55.8834],[11.9347,55.8834],[11.9346,55.8834],[11.9346,55.8834],[11.9345,55.8835],[11.9345,55.8835],[11.9345,55.8835],[11.9345,55.8836],[11.9346,55.8836],[11.9347,55.8836]]]},"properties":{"sourceId":"ais_par3.161432","a_type":5120,"hectares":0.028}},{"type":"Feature","id":"ais_par3.161433","geometry":{"type":"Polygon","coordinates":[[[11.9323,55.8853],[11.9323,55.8853],[11.9324,55.8852],[11.9324,55.8852],[11.9324,55.8852],[11.9324,55.8852],[11.9324,55.8851],[11.9324,55.8851],[11.9323,55.8851],[11.9322,55.8851],[11.9322,55.8851],[11.9321,55.8851],[11.9321,55.8852],[11.9321,55.8852],[11.9321,55.8852],[11.9322,55.8852],[11.9323,55.8853]]]},"properties":{"sourceId":"ais_par3.161433","a_type":5120,"hectares":0.028}},{"type":"Feature","id":"ais_par3.161434","geometry":{"type":"Polygon","coordinates":[[[11.9302,55.885],[11.9302,55.885],[11.9303,55.885],[11.9303,55.885],[11.9303,55.885],[11.9303,55.8849],[11.9303,55.8849],[11.9303,55.8849],[11.9302,55.8849],[11.9302,55.8849],[11.9301,55.8849],[11.9301,55.8849],[11.93,55.8849],[11.93,55.885],[11.9301,55.885],[11.9301,55.885],[11.9302,55.885]]]},"properties":{"sourceId":"ais_par3.161434","a_type":5120,"hectares":0.028}},{"type":"Feature","id":"ais_par3.161435","geometry":{"type":"Polygon","coordinates":[[[11.9296,55.8853],[11.9296,55.8853],[11.9297,55.8854],[11.9297,55.8854],[11.9298,55.8854],[11.9298,55.8854],[11.9299,55.8853],[11.9299,55.8853],[11.9299,55.8853],[11.9299,55.8852],[11.9298,55.8852],[11.9298,55.8852],[11.9297,55.8852],[11.9297,55.8852],[11.9296,55.8852],[11.9296,55.8853],[11.9296,55.8853]]]},"properties":{"sourceId":"ais_par3.161435","a_type":5120,"hectares":0.028}},{"type":"Feature","id":"ais_par3.161436","geometry":{"type":"Polygon","coordinates":[[[11.9319,55.887],[11.9319,55.887],[11.932,55.887],[11.9321,55.887],[11.9321,55.8869],[11.9321,55.8869],[11.932,55.8869],[11.932,55.8868],[11.9319,55.8868],[11.9319,55.8868],[11.9318,55.8868],[11.9318,55.8869],[11.9318,55.8869],[11.9318,55.8869],[11.9318,55.887],[11.9318,55.887],[11.9319,55.887]]]},"properties":{"sourceId":"ais_par3.161436","a_type":5120,"hectares":0.028}},{"type":"Feature","id":"ais_par3.161437","geometry":{"type":"Polygon","coordinates":[[[11.9316,55.8871],[11.9317,55.8871],[11.9317,55.8871],[11.9318,55.8871],[11.9318,55.887],[11.9318,55.887],[11.9318,55.887],[11.9317,55.8869],[11.9316,55.8869],[11.9316,55.8869],[11.9315,55.8869],[11.9315,55.887],[11.9315,55.887],[11.9315,55.887],[11.9315,55.8871],[11.9315,55.8871],[11.9316,55.8871]]]},"properties":{"sourceId":"ais_par3.161437","a_type":5120,"hectares":0.028}},{"type":"Feature","id":"ais_par3.161438","geometry":{"type":"Polygon","coordinates":[[[11.9316,55.8873],[11.9317,55.8873],[11.9317,55.8873],[11.9318,55.8873],[11.9318,55.8873],[11.9318,55.8872],[11.9318,55.8872],[11.9317,55.8872],[11.9317,55.8872],[11.9316,55.8872],[11.9316,55.8872],[11.9315,55.8872],[11.9315,55.8873],[11.9315,55.8873],[11.9315,55.8873],[11.9316,55.8873],[11.9316,55.8873]]]},"properties":{"sourceId":"ais_par3.161438","a_type":5120,"hectares":0.028}},{"type":"Feature","id":"ais_par3.161439","geometry":{"type":"Polygon","coordinates":[[[11.9324,55.8875],[11.9324,55.8875],[11.9325,55.8874],[11.9325,55.8874],[11.9325,55.8874],[11.9325,55.8874],[11.9325,55.8873],[11.9325,55.8873],[11.9324,55.8873],[11.9324,55.8873],[11.9323,55.8873],[11.9323,55.8873],[11.9322,55.8874],[11.9322,55.8874],[11.9323,55.8874],[11.9323,55.8874],[11.9324,55.8875]]]},"properties":{"sourceId":"ais_par3.161439","a_type":5120,"hectares":0.028}},{"type":"Feature","id":"ais_par3.161440","geometry":{"type":"Polygon","coordinates":[[[11.9323,55.8878],[11.9324,55.8878],[11.9324,55.8878],[11.9325,55.8878],[11.9325,55.8877],[11.9325,55.8877],[11.9325,55.8877],[11.9324,55.8876],[11.9324,55.8876],[11.9323,55.8876],[11.9323,55.8876],[11.9322,55.8877],[11.9322,55.8877],[11.9322,55.8877],[11.9322,55.8878],[11.9323,55.8878],[11.9323,55.8878]]]},"properties":{"sourceId":"ais_par3.161440","a_type":5120,"hectares":0.028}},{"type":"Feature","id":"ais_par3.161441","geometry":{"type":"Polygon","coordinates":[[[11.9339,55.8883],[11.9339,55.8883],[11.934,55.8883],[11.934,55.8883],[11.9341,55.8883],[11.9341,55.8883],[11.934,55.8882],[11.934,55.8882],[11.9339,55.8882],[11.9339,55.8882],[11.9338,55.8882],[11.9338,55.8882],[11.9338,55.8883],[11.9338,55.8883],[11.9338,55.8883],[11.9338,55.8883],[11.9339,55.8883]]]},"properties":{"sourceId":"ais_par3.161441","a_type":5120,"hectares":0.028}},{"type":"Feature","id":"ais_par3.161442","geometry":{"type":"Polygon","coordinates":[[[11.9335,55.8884],[11.9335,55.8884],[11.9336,55.8884],[11.9336,55.8883],[11.9336,55.8883],[11.9336,55.8883],[11.9336,55.8882],[11.9336,55.8882],[11.9335,55.8882],[11.9335,55.8882],[11.9334,55.8882],[11.9334,55.8882],[11.9333,55.8883],[11.9333,55.8883],[11.9334,55.8883],[11.9334,55.8884],[11.9335,55.8884]]]},"properties":{"sourceId":"ais_par3.161442","a_type":5120,"hectares":0.028}},{"type":"Feature","id":"ais_par3.161443","geometry":{"type":"Polygon","coordinates":[[[11.9335,55.8887],[11.9335,55.8887],[11.9336,55.8886],[11.9336,55.8886],[11.9337,55.8886],[11.9337,55.8886],[11.9336,55.8885],[11.9336,55.8885],[11.9335,55.8885],[11.9335,55.8885],[11.9334,55.8885],[11.9334,55.8885],[11.9334,55.8886],[11.9334,55.8886],[11.9334,55.8886],[11.9334,55.8886],[11.9335,55.8887]]]},"properties":{"sourceId":"ais_par3.161443","a_type":5120,"hectares":0.028}},{"type":"Feature","id":"ais_par3.161444","geometry":{"type":"Polygon","coordinates":[[[11.9342,55.8888],[11.9342,55.8888],[11.9343,55.8888],[11.9343,55.8888],[11.9343,55.8887],[11.9343,55.8887],[11.9343,55.8887],[11.9343,55.8887],[11.9342,55.8886],[11.9342,55.8886],[11.9341,55.8887],[11.9341,55.8887],[11.934,55.8887],[11.934,55.8887],[11.9341,55.8888],[11.9341,55.8888],[11.9342,55.8888]]]},"properties":{"sourceId":"ais_par3.161444","a_type":5120,"hectares":0.028}},{"type":"Feature","id":"ais_par3.161445","geometry":{"type":"Polygon","coordinates":[[[11.9347,55.889],[11.9347,55.889],[11.9348,55.889],[11.9348,55.889],[11.9348,55.8889],[11.9348,55.8889],[11.9348,55.8889],[11.9348,55.8889],[11.9347,55.8889],[11.9347,55.8889],[11.9346,55.8889],[11.9346,55.8889],[11.9345,55.8889],[11.9345,55.889],[11.9346,55.889],[11.9346,55.889],[11.9347,55.889]]]},"properties":{"sourceId":"ais_par3.161445","a_type":5120,"hectares":0.028}},{"type":"Feature","id":"ais_par3.161446","geometry":{"type":"Polygon","coordinates":[[[11.935,55.8894],[11.9351,55.8894],[11.9351,55.8894],[11.9352,55.8893],[11.9352,55.8893],[11.9352,55.8893],[11.9352,55.8892],[11.9351,55.8892],[11.935,55.8892],[11.935,55.8892],[11.9349,55.8892],[11.9349,55.8892],[11.9349,55.8893],[11.9349,55.8893],[11.9349,55.8893],[11.9349,55.8894],[11.935,55.8894]]]},"properties":{"sourceId":"ais_par3.161446","a_type":5120,"hectares":0.028}},{"type":"Feature","id":"ais_par3.161447","geometry":{"type":"Polygon","coordinates":[[[11.9343,55.8896],[11.9343,55.8896],[11.9344,55.8895],[11.9344,55.8895],[11.9344,55.8895],[11.9344,55.8895],[11.9344,55.8894],[11.9344,55.8894],[11.9343,55.8894],[11.9343,55.8894],[11.9342,55.8894],[11.9342,55.8894],[11.9341,55.8895],[11.9341,55.8895],[11.9342,55.8895],[11.9342,55.8896],[11.9343,55.8896]]]},"properties":{"sourceId":"ais_par3.161447","a_type":5120,"hectares":0.028}},{"type":"Feature","id":"ais_par3.161448","geometry":{"type":"Polygon","coordinates":[[[11.9332,55.8892],[11.9332,55.8892],[11.9333,55.8892],[11.9334,55.8892],[11.9334,55.8891],[11.9334,55.8891],[11.9333,55.8891],[11.9333,55.889],[11.9332,55.889],[11.9332,55.889],[11.9331,55.889],[11.9331,55.8891],[11.9331,55.8891],[11.9331,55.8891],[11.9331,55.8892],[11.9331,55.8892],[11.9332,55.8892]]]},"properties":{"sourceId":"ais_par3.161448","a_type":5120,"hectares":0.028}},{"type":"Feature","id":"ais_par3.161449","geometry":{"type":"Polygon","coordinates":[[[11.9339,55.8891],[11.934,55.8891],[11.934,55.889],[11.9341,55.889],[11.9341,55.889],[11.9341,55.889],[11.9341,55.8889],[11.934,55.8889],[11.9339,55.8889],[11.9339,55.8889],[11.9338,55.8889],[11.9338,55.8889],[11.9338,55.889],[11.9338,55.889],[11.9338,55.889],[11.9338,55.8891],[11.9339,55.8891]]]},"properties":{"sourceId":"ais_par3.161449","a_type":5120,"hectares":0.028}},{"type":"Feature","id":"ais_par3.161450","geometry":{"type":"Polygon","coordinates":[[[11.9337,55.89],[11.9338,55.89],[11.9338,55.89],[11.9339,55.8899],[11.9339,55.8899],[11.9339,55.8899],[11.9339,55.8898],[11.9338,55.8898],[11.9337,55.8898],[11.9337,55.8898],[11.9336,55.8898],[11.9336,55.8898],[11.9336,55.8899],[11.9336,55.8899],[11.9336,55.8899],[11.9336,55.89],[11.9337,55.89]]]},"properties":{"sourceId":"ais_par3.161450","a_type":5120,"hectares":0.028}},{"type":"Feature","id":"ais_par3.161451","geometry":{"type":"Polygon","coordinates":[[[11.952,55.9001],[11.9522,55.9001],[11.9525,55.9001],[11.9526,55.9],[11.9519,55.9],[11.952,55.9001]]]},"properties":{"sourceId":"ais_par3.161451","a_type":5120,"hectares":0.061}},{"type":"Feature","id":"ais_par3.161452","geometry":{"type":"Polygon","coordinates":[[[11.9511,55.9008],[11.9523,55.9007],[11.9522,55.9002],[11.951,55.9003],[11.951,55.9003],[11.951,55.9003],[11.9511,55.9008]]]},"properties":{"sourceId":"ais_par3.161452","a_type":5120,"hectares":0.426}},{"type":"Feature","id":"ais_par3.161453","geometry":{"type":"Polygon","coordinates":[[[11.9563,55.8985],[11.9565,55.8985],[11.9567,55.8984],[11.9566,55.8984],[11.9564,55.8983],[11.9563,55.8983],[11.9561,55.8983],[11.9559,55.8983],[11.9558,55.8984],[11.9557,55.8984],[11.9558,55.8985],[11.9559,55.8985],[11.9563,55.8985]]]},"properties":{"sourceId":"ais_par3.161453","a_type":5120,"hectares":0.09}},{"type":"Feature","id":"ais_par3.161454","geometry":{"type":"Polygon","coordinates":[[[11.948,55.8948],[11.9481,55.8948],[11.9482,55.8948],[11.9483,55.8947],[11.9485,55.8945],[11.9484,55.8944],[11.9484,55.8944],[11.9483,55.8944],[11.9483,55.8944],[11.9482,55.8945],[11.9481,55.8946],[11.948,55.8947],[11.948,55.8947],[11.948,55.8948]]]},"properties":{"sourceId":"ais_par3.161454","a_type":5120,"hectares":0.086}},{"type":"Feature","id":"ais_par3.161455","geometry":{"type":"Polygon","coordinates":[[[11.9389,55.8968],[11.939,55.8969],[11.9393,55.8969],[11.9394,55.8969],[11.9395,55.8967],[11.9395,55.8966],[11.9394,55.8965],[11.9393,55.8965],[11.9392,55.8966],[11.939,55.8967],[11.9389,55.8967],[11.9389,55.8968]]]},"properties":{"sourceId":"ais_par3.161455","a_type":5120,"hectares":0.127}},{"type":"Feature","id":"ais_par3.161456","geometry":{"type":"Polygon","coordinates":[[[11.9358,55.8994],[11.9358,55.8995],[11.9358,55.8996],[11.9359,55.8997],[11.9359,55.8997],[11.9361,55.8996],[11.9364,55.8995],[11.9364,55.8994],[11.9363,55.8994],[11.9361,55.8993],[11.9361,55.8993],[11.936,55.8993],[11.9359,55.8994],[11.9358,55.8994]]]},"properties":{"sourceId":"ais_par3.161456","a_type":5120,"hectares":0.102}},{"type":"Feature","id":"ais_par3.161457","geometry":{"type":"Polygon","coordinates":[[[11.9386,55.9008],[11.9391,55.9009],[11.9394,55.9004],[11.939,55.9003],[11.9387,55.9002],[11.9384,55.9007],[11.9384,55.9007],[11.9386,55.9008]]]},"properties":{"sourceId":"ais_par3.161457","a_type":5120,"hectares":0.269}},{"type":"Feature","id":"ais_par3.161458","geometry":{"type":"Polygon","coordinates":[[[11.9412,55.9026],[11.9413,55.9026],[11.9413,55.9025],[11.9412,55.9024],[11.941,55.9025],[11.941,55.9025],[11.941,55.9026],[11.941,55.9026],[11.9412,55.9026]]]},"properties":{"sourceId":"ais_par3.161458","a_type":5120,"hectares":0.031}},{"type":"Feature","id":"ais_par3.161459","geometry":{"type":"Polygon","coordinates":[[[11.9343,55.9017],[11.9345,55.9019],[11.9346,55.902],[11.9348,55.902],[11.9349,55.9019],[11.9347,55.9016],[11.9346,55.9016],[11.9344,55.9016],[11.9342,55.9015],[11.9341,55.9015],[11.934,55.9015],[11.9341,55.9016],[11.9341,55.9017],[11.9343,55.9017]]]},"properties":{"sourceId":"ais_par3.161459","a_type":5120,"hectares":0.138}},{"type":"Feature","id":"ais_par3.161460","geometry":{"type":"Polygon","coordinates":[[[11.9406,55.9035],[11.9407,55.9034],[11.9407,55.9034],[11.9406,55.9033],[11.9405,55.9033],[11.9404,55.9034],[11.9404,55.9034],[11.9405,55.9035],[11.9406,55.9035]]]},"properties":{"sourceId":"ais_par3.161460","a_type":5120,"hectares":0.031}},{"type":"Feature","id":"ais_par3.161461","geometry":{"type":"Polygon","coordinates":[[[11.937,55.9022],[11.9371,55.9022],[11.9371,55.9022],[11.9372,55.9022],[11.9372,55.9021],[11.9371,55.9021],[11.9369,55.9021],[11.9369,55.9021],[11.9368,55.9022],[11.9369,55.9022],[11.937,55.9022]]]},"properties":{"sourceId":"ais_par3.161461","a_type":5120,"hectares":0.031}},{"type":"Feature","id":"ais_par3.161462","geometry":{"type":"Polygon","coordinates":[[[11.9323,55.9019],[11.9324,55.9018],[11.9324,55.9017],[11.9322,55.9017],[11.9321,55.9017],[11.932,55.9017],[11.932,55.9018],[11.9321,55.9018],[11.9323,55.9019]]]},"properties":{"sourceId":"ais_par3.161462","a_type":5120,"hectares":0.039}},{"type":"Feature","id":"ais_par3.161463","geometry":{"type":"Polygon","coordinates":[[[11.9306,55.9028],[11.9308,55.9029],[11.9309,55.9029],[11.931,55.9028],[11.9312,55.9026],[11.9312,55.9025],[11.9311,55.9024],[11.9309,55.9024],[11.9308,55.9025],[11.9307,55.9026],[11.9307,55.9026],[11.9306,55.9027],[11.9306,55.9028]]]},"properties":{"sourceId":"ais_par3.161463","a_type":5120,"hectares":0.124}},{"type":"Feature","id":"ais_par3.161464","geometry":{"type":"Polygon","coordinates":[[[11.9276,55.9037],[11.9278,55.9038],[11.9278,55.9038],[11.9279,55.904],[11.9281,55.904],[11.9284,55.904],[11.9285,55.9038],[11.9286,55.9036],[11.9286,55.9035],[11.9286,55.9033],[11.9285,55.9032],[11.9282,55.9032],[11.928,55.9033],[11.9277,55.9034],[11.9276,55.9035],[11.9276,55.9037]]]},"properties":{"sourceId":"ais_par3.161464","a_type":5120,"hectares":0.403}},{"type":"Feature","id":"ais_par3.161465","geometry":{"type":"Polygon","coordinates":[[[11.9263,55.9011],[11.9262,55.9011],[11.9261,55.9012],[11.926,55.9012],[11.926,55.9013],[11.9261,55.9013],[11.9262,55.9013],[11.9266,55.9012],[11.9269,55.9012],[11.927,55.9011],[11.9269,55.9011],[11.9269,55.9011],[11.9267,55.9011],[11.9266,55.901],[11.9266,55.901],[11.9266,55.9011],[11.9265,55.9011],[11.9263,55.9011],[11.9263,55.9011]]]},"properties":{"sourceId":"ais_par3.161465","a_type":5120,"hectares":0.104}},{"type":"Feature","id":"ais_par3.161466","geometry":{"type":"Polygon","coordinates":[[[11.9296,55.9008],[11.9298,55.9009],[11.93,55.9009],[11.9302,55.9008],[11.9307,55.9006],[11.931,55.9006],[11.9311,55.9005],[11.9311,55.9004],[11.931,55.9002],[11.9309,55.9001],[11.9311,55.9],[11.9313,55.8999],[11.9316,55.8998],[11.9317,55.8997],[11.9318,55.8996],[11.9318,55.8995],[11.9316,55.8994],[11.9313,55.8995],[11.9308,55.8995],[11.9302,55.8995],[11.9299,55.8994],[11.9296,55.8995],[11.9294,55.8996],[11.9295,55.8997],[11.9297,55.9],[11.9296,55.9002],[11.9296,55.9005],[11.9296,55.9006],[11.9296,55.9006],[11.9296,55.9008]]]},"properties":{"sourceId":"ais_par3.161466","a_type":5120,"hectares":1.481}},{"type":"Feature","id":"ais_par3.161467","geometry":{"type":"Polygon","coordinates":[[[11.933,55.8997],[11.933,55.8997],[11.933,55.8997],[11.9331,55.8997],[11.9333,55.8997],[11.9334,55.8998],[11.9335,55.8999],[11.9335,55.9],[11.9335,55.9002],[11.9335,55.9004],[11.9336,55.9004],[11.9338,55.9005],[11.934,55.9005],[11.9342,55.9006],[11.9344,55.9006],[11.9344,55.9004],[11.9342,55.9003],[11.934,55.9003],[11.9339,55.9002],[11.9339,55.9001],[11.934,55.8999],[11.934,55.8998],[11.9338,55.8998],[11.9337,55.8997],[11.9337,55.8996],[11.9337,55.8995],[11.9338,55.8994],[11.9339,55.8992],[11.9338,55.8988],[11.9337,55.8987],[11.9335,55.8986],[11.9335,55.8986],[11.9334,55.8987],[11.9333,55.8989],[11.9332,55.8991],[11.9329,55.8992],[11.9327,55.8994],[11.9327,55.8995],[11.9328,55.8997],[11.9329,55.8997],[11.933,55.8997]]]},"properties":{"sourceId":"ais_par3.161467","a_type":5120,"hectares":0.866}},{"type":"Feature","id":"ais_par3.161516","geometry":{"type":"Polygon","coordinates":[[[11.9683,55.872],[11.9685,55.8721],[11.9685,55.872],[11.9686,55.8719],[11.9685,55.8719],[11.9683,55.8719],[11.9682,55.8719],[11.9681,55.8719],[11.9681,55.872],[11.9683,55.872]]]},"properties":{"sourceId":"ais_par3.161516","a_type":5120,"hectares":0.048}},{"type":"Feature","id":"ais_par3.161517","geometry":{"type":"Polygon","coordinates":[[[11.9671,55.8725],[11.9672,55.8725],[11.9672,55.8725],[11.9673,55.8724],[11.9674,55.8722],[11.9673,55.8722],[11.9672,55.8721],[11.9671,55.8722],[11.9671,55.8722],[11.967,55.8723],[11.967,55.8723],[11.9671,55.8725]]]},"properties":{"sourceId":"ais_par3.161517","a_type":5120,"hectares":0.062}},{"type":"Feature","id":"ais_par3.161518","geometry":{"type":"Polygon","coordinates":[[[11.9623,55.8745],[11.9624,55.8745],[11.9625,55.8745],[11.9626,55.8744],[11.9626,55.8743],[11.9625,55.8743],[11.9624,55.8743],[11.9623,55.8743],[11.9622,55.8744],[11.9622,55.8745],[11.9623,55.8745]]]},"properties":{"sourceId":"ais_par3.161518","a_type":5120,"hectares":0.049}},{"type":"Feature","id":"ais_par3.161520","geometry":{"type":"Polygon","coordinates":[[[11.9825,55.8719],[11.9826,55.8719],[11.9826,55.8719],[11.9827,55.8718],[11.9826,55.8718],[11.9825,55.8718],[11.9825,55.8718],[11.9824,55.8719],[11.9824,55.8719],[11.9825,55.8719]]]},"properties":{"sourceId":"ais_par3.161520","a_type":5120,"hectares":0.028}},{"type":"Feature","id":"ais_par3.161521","geometry":{"type":"Polygon","coordinates":[[[11.9851,55.8732],[11.9849,55.8732],[11.9848,55.8732],[11.9847,55.8733],[11.9848,55.8733],[11.9849,55.8733],[11.985,55.8733],[11.9851,55.8734],[11.9852,55.8734],[11.9852,55.8734],[11.9851,55.8732]]]},"properties":{"sourceId":"ais_par3.161521","a_type":5120,"hectares":0.038}},{"type":"Feature","id":"ais_par3.161522","geometry":{"type":"Polygon","coordinates":[[[11.9876,55.8737],[11.9877,55.8738],[11.9876,55.8739],[11.9875,55.874],[11.9875,55.8741],[11.9876,55.8742],[11.9877,55.8742],[11.9879,55.8742],[11.988,55.8741],[11.988,55.874],[11.988,55.8739],[11.988,55.8738],[11.9878,55.8736],[11.9878,55.8736],[11.9876,55.8736],[11.9876,55.8737]]]},"properties":{"sourceId":"ais_par3.161522","a_type":5120,"hectares":0.15}},{"type":"Feature","id":"ais_par3.161523","geometry":{"type":"Polygon","coordinates":[[[11.996,55.8734],[11.996,55.8734],[11.9961,55.8734],[11.9962,55.8734],[11.9962,55.8733],[11.996,55.8732],[11.9959,55.8732],[11.9958,55.8732],[11.9959,55.8733],[11.9959,55.8734],[11.996,55.8734]]]},"properties":{"sourceId":"ais_par3.161523","a_type":5120,"hectares":0.053}},{"type":"Feature","id":"ais_par3.161524","geometry":{"type":"Polygon","coordinates":[[[12.0102,55.877],[12.0103,55.8771],[12.0105,55.8771],[12.0106,55.877],[12.0107,55.877],[12.0107,55.8768],[12.0107,55.8767],[12.0106,55.8767],[12.0105,55.8767],[12.0103,55.8767],[12.0102,55.8768],[12.0101,55.8768],[12.0102,55.877]]]},"properties":{"sourceId":"ais_par3.161524","a_type":5120,"hectares":0.119}},{"type":"Feature","id":"ais_par3.161525","geometry":{"type":"Polygon","coordinates":[[[11.968,55.8771],[11.9681,55.8771],[11.9681,55.8771],[11.9681,55.877],[11.9681,55.8769],[11.968,55.8769],[11.9678,55.8769],[11.9678,55.8769],[11.9678,55.877],[11.9678,55.8771],[11.9678,55.8771],[11.968,55.8771]]]},"properties":{"sourceId":"ais_par3.161525","a_type":5120,"hectares":0.053}},{"type":"Feature","id":"ais_par3.161526","geometry":{"type":"Polygon","coordinates":[[[11.9633,55.8773],[11.9632,55.8774],[11.9632,55.8775],[11.9635,55.8775],[11.9637,55.8775],[11.9638,55.8774],[11.9638,55.8773],[11.9636,55.8773],[11.9633,55.8773],[11.9633,55.8773]]]},"properties":{"sourceId":"ais_par3.161526","a_type":5120,"hectares":0.065}},{"type":"Feature","id":"ais_par3.161527","geometry":{"type":"Polygon","coordinates":[[[11.964,55.8781],[11.9642,55.8781],[11.9642,55.878],[11.9642,55.8779],[11.9641,55.8778],[11.964,55.8778],[11.9639,55.8778],[11.9639,55.8779],[11.9639,55.878],[11.964,55.8781]]]},"properties":{"sourceId":"ais_par3.161527","a_type":5120,"hectares":0.049}},{"type":"Feature","id":"ais_par3.161528","geometry":{"type":"Polygon","coordinates":[[[11.9663,55.8794],[11.9664,55.8794],[11.9665,55.8794],[11.9665,55.8793],[11.9664,55.8792],[11.9663,55.8793],[11.9661,55.8793],[11.9659,55.8793],[11.966,55.8794],[11.966,55.8794],[11.9661,55.8794],[11.9663,55.8794]]]},"properties":{"sourceId":"ais_par3.161528","a_type":5120,"hectares":0.053}},{"type":"Feature","id":"ais_par3.161529","geometry":{"type":"Polygon","coordinates":[[[11.9768,55.8801],[11.9768,55.8803],[11.9769,55.8803],[11.977,55.8803],[11.977,55.8803],[11.9771,55.8803],[11.9772,55.8803],[11.9773,55.8803],[11.9774,55.8803],[11.9775,55.8803],[11.9775,55.8802],[11.9777,55.8802],[11.9777,55.8801],[11.9778,55.8801],[11.9777,55.88],[11.9775,55.8799],[11.9772,55.8798],[11.977,55.8797],[11.9769,55.8797],[11.9769,55.8797],[11.9768,55.88],[11.9768,55.8801]]]},"properties":{"sourceId":"ais_par3.161529","a_type":5120,"hectares":0.27}},{"type":"Feature","id":"ais_par3.161530","geometry":{"type":"Polygon","coordinates":[[[11.98,55.8797],[11.98,55.8798],[11.98,55.8799],[11.9801,55.8798],[11.9803,55.8798],[11.9804,55.8798],[11.9803,55.8797],[11.9804,55.8796],[11.9803,55.8795],[11.9802,55.8795],[11.98,55.8796],[11.9799,55.8796],[11.9798,55.8796],[11.9798,55.8797],[11.98,55.8797]]]},"properties":{"sourceId":"ais_par3.161530","a_type":5120,"hectares":0.078}},{"type":"Feature","id":"ais_par3.161531","geometry":{"type":"Polygon","coordinates":[[[11.9748,55.8892],[11.9748,55.8891],[11.9749,55.889],[11.9748,55.889],[11.9747,55.889],[11.9746,55.8891],[11.9746,55.8891],[11.9747,55.8892],[11.9748,55.8892]]]},"properties":{"sourceId":"ais_par3.161531","a_type":5120,"hectares":0.025}},{"type":"Feature","id":"ais_par3.161532","geometry":{"type":"Polygon","coordinates":[[[11.9716,55.8846],[11.9717,55.8847],[11.9717,55.8846],[11.9717,55.8845],[11.9716,55.8844],[11.9715,55.8845],[11.9714,55.8845],[11.9714,55.8845],[11.9716,55.8846]]]},"properties":{"sourceId":"ais_par3.161532","a_type":5120,"hectares":0.042}},{"type":"Feature","id":"ais_par3.161533","geometry":{"type":"Polygon","coordinates":[[[11.9599,55.8846],[11.9601,55.8846],[11.9601,55.8845],[11.96,55.8844],[11.9599,55.8844],[11.9597,55.8844],[11.9597,55.8844],[11.9597,55.8845],[11.9597,55.8845],[11.9599,55.8846]]]},"properties":{"sourceId":"ais_par3.161533","a_type":5120,"hectares":0.04}},{"type":"Feature","id":"ais_par3.161534","geometry":{"type":"Polygon","coordinates":[[[11.9591,55.8809],[11.9591,55.8809],[11.9592,55.8809],[11.9593,55.8809],[11.9593,55.8807],[11.9592,55.8806],[11.9591,55.8806],[11.959,55.8806],[11.959,55.8807],[11.959,55.8808],[11.9591,55.8809]]]},"properties":{"sourceId":"ais_par3.161534","a_type":5120,"hectares":0.044}},{"type":"Feature","id":"ais_par3.161535","geometry":{"type":"Polygon","coordinates":[[[11.9564,55.8808],[11.9565,55.8807],[11.9565,55.8806],[11.9564,55.8805],[11.9563,55.8806],[11.9562,55.8806],[11.9563,55.8807],[11.9563,55.8807],[11.9563,55.8807],[11.9564,55.8808]]]},"properties":{"sourceId":"ais_par3.161535","a_type":5120,"hectares":0.033}},{"type":"Feature","id":"ais_par3.161536","geometry":{"type":"Polygon","coordinates":[[[11.9691,55.8884],[11.9692,55.8884],[11.9693,55.8883],[11.9694,55.8882],[11.9694,55.8881],[11.9693,55.888],[11.9692,55.888],[11.9691,55.888],[11.9691,55.8881],[11.9691,55.8882],[11.9691,55.8882],[11.9691,55.8884]]]},"properties":{"sourceId":"ais_par3.161536","a_type":5120,"hectares":0.059}},{"type":"Feature","id":"ais_par3.161537","geometry":{"type":"Polygon","coordinates":[[[12.0022,55.8928],[12.0023,55.8929],[12.0024,55.893],[12.0025,55.893],[12.0027,55.893],[12.0029,55.8929],[12.0029,55.8928],[12.0028,55.8926],[12.0027,55.8925],[12.002,55.8926],[12.0022,55.8928]]]},"properties":{"sourceId":"ais_par3.161537","a_type":5120,"hectares":0.196}},{"type":"Feature","id":"ais_par3.161538","geometry":{"type":"Polygon","coordinates":[[[12.0044,55.8942],[12.0044,55.8941],[12.0044,55.8941],[12.0042,55.8941],[12.0041,55.8941],[12.0041,55.8941],[12.0041,55.8942],[12.0042,55.8942],[12.0044,55.8942]]]},"properties":{"sourceId":"ais_par3.161538","a_type":5120,"hectares":0.016}},{"type":"Feature","id":"ais_par3.161539","geometry":{"type":"Polygon","coordinates":[[[12.0058,55.8941],[12.006,55.8941],[12.0061,55.8941],[12.0061,55.894],[12.0058,55.8939],[12.0055,55.8939],[12.0055,55.894],[12.0056,55.8941],[12.0058,55.8941],[12.0058,55.8941]]]},"properties":{"sourceId":"ais_par3.161539","a_type":5120,"hectares":0.057}},{"type":"Feature","id":"ais_par3.161540","geometry":{"type":"Polygon","coordinates":[[[11.9891,55.8941],[11.9892,55.8941],[11.9893,55.894],[11.9893,55.894],[11.9892,55.894],[11.9891,55.894],[11.989,55.8941],[11.9891,55.8941]]]},"properties":{"sourceId":"ais_par3.161540","a_type":5120,"hectares":0.019}},{"type":"Feature","id":"ais_par3.161541","geometry":{"type":"Polygon","coordinates":[[[11.9797,55.8951],[11.9798,55.8951],[11.9798,55.8951],[11.9799,55.8951],[11.9799,55.895],[11.9799,55.895],[11.9799,55.895],[11.9798,55.8949],[11.9798,55.8949],[11.9797,55.8949],[11.9796,55.895],[11.9796,55.895],[11.9796,55.895],[11.9796,55.895],[11.9796,55.8951],[11.9797,55.8951],[11.9797,55.8951]]]},"properties":{"sourceId":"ais_par3.161541","a_type":5120,"hectares":0.028}},{"type":"Feature","id":"ais_par3.161542","geometry":{"type":"Polygon","coordinates":[[[11.9785,55.8951],[11.9785,55.8951],[11.9786,55.8951],[11.9786,55.8951],[11.9787,55.8951],[11.9787,55.895],[11.9786,55.895],[11.9786,55.895],[11.9785,55.895],[11.9785,55.895],[11.9784,55.895],[11.9784,55.895],[11.9784,55.895],[11.9784,55.8951],[11.9784,55.8951],[11.9784,55.8951],[11.9785,55.8951]]]},"properties":{"sourceId":"ais_par3.161542","a_type":5120,"hectares":0.028}},{"type":"Feature","id":"ais_par3.161544","geometry":{"type":"Polygon","coordinates":[[[11.9702,55.8949],[11.9702,55.8949],[11.9703,55.8949],[11.9704,55.8947],[11.9703,55.8946],[11.9701,55.8946],[11.9701,55.8946],[11.9701,55.8947],[11.9701,55.8947],[11.9702,55.8949]]]},"properties":{"sourceId":"ais_par3.161544","a_type":5120,"hectares":0.056}},{"type":"Feature","id":"ais_par3.161545","geometry":{"type":"Polygon","coordinates":[[[11.9641,55.8951],[11.9643,55.8951],[11.9643,55.8951],[11.9641,55.8948],[11.964,55.8949],[11.9639,55.895],[11.9641,55.8951]]]},"properties":{"sourceId":"ais_par3.161545","a_type":5120,"hectares":0.038}},{"type":"Feature","id":"ais_par3.161546","geometry":{"type":"Polygon","coordinates":[[[11.9629,55.8976],[11.9631,55.8979],[11.9635,55.8981],[11.9637,55.8981],[11.9636,55.8979],[11.9635,55.8977],[11.9636,55.8976],[11.9637,55.8974],[11.963,55.8972],[11.9626,55.8971],[11.9622,55.8971],[11.962,55.8972],[11.962,55.8973],[11.9623,55.8976],[11.9623,55.8976],[11.9629,55.8976]]]},"properties":{"sourceId":"ais_par3.161546","a_type":5120,"hectares":0.6}},{"type":"Feature","id":"ais_par3.161547","geometry":{"type":"Polygon","coordinates":[[[11.9581,55.8999],[11.9587,55.8999],[11.9588,55.8998],[11.9588,55.8997],[11.9584,55.8996],[11.9582,55.8996],[11.9581,55.8997],[11.9581,55.8999],[11.9581,55.8999]]]},"properties":{"sourceId":"ais_par3.161547","a_type":5120,"hectares":0.133}},{"type":"Feature","id":"ais_par3.161548","geometry":{"type":"Polygon","coordinates":[[[11.9795,55.9024],[11.9796,55.9024],[11.9798,55.9023],[11.9799,55.9023],[11.9799,55.9022],[11.9799,55.9021],[11.9798,55.9021],[11.9796,55.9021],[11.9796,55.9022],[11.9795,55.9023],[11.9794,55.9023],[11.9795,55.9024]]]},"properties":{"sourceId":"ais_par3.161548","a_type":5120,"hectares":0.078}},{"type":"Feature","id":"ais_par3.161549","geometry":{"type":"Polygon","coordinates":[[[11.994,55.9014],[11.9944,55.9015],[11.9946,55.9015],[11.995,55.9015],[11.9952,55.9013],[11.9953,55.9011],[11.9951,55.901],[11.9944,55.9009],[11.994,55.9008],[11.9938,55.9009],[11.9936,55.901],[11.9936,55.9012],[11.9937,55.9013],[11.9937,55.9014],[11.9937,55.9014],[11.994,55.9014]]]},"properties":{"sourceId":"ais_par3.161549","a_type":5120,"hectares":0.608}},{"type":"Feature","id":"ais_par3.161550","geometry":{"type":"Polygon","coordinates":[[[11.9965,55.9015],[11.9967,55.9015],[11.997,55.9015],[11.9971,55.9014],[11.9971,55.9012],[11.9968,55.9008],[11.9965,55.9006],[11.9962,55.9005],[11.9959,55.9006],[11.9959,55.9007],[11.9962,55.9009],[11.9962,55.9011],[11.9959,55.9012],[11.9957,55.9013],[11.9958,55.9014],[11.9959,55.9015],[11.9965,55.9015]]]},"properties":{"sourceId":"ais_par3.161550","a_type":5120,"hectares":0.604}},{"type":"Feature","id":"ais_par3.161551","geometry":{"type":"Polygon","coordinates":[[[11.9956,55.899],[11.9956,55.8991],[11.9957,55.8992],[11.9958,55.8994],[11.9959,55.8994],[11.9958,55.8992],[11.9958,55.8991],[11.9959,55.8989],[11.9957,55.8989],[11.9956,55.8989],[11.9954,55.8988],[11.9952,55.8988],[11.9953,55.8989],[11.9953,55.899],[11.9954,55.899],[11.9956,55.899]]]},"properties":{"sourceId":"ais_par3.161551","a_type":5120,"hectares":0.088}},{"type":"Feature","id":"ais_par3.161552","geometry":{"type":"Polygon","coordinates":[[[12.0023,55.8979],[12.0024,55.8978],[12.0024,55.8978],[12.0023,55.8978],[12.0022,55.8978],[12.0021,55.8979],[12.0021,55.8979],[12.0023,55.8979]]]},"properties":{"sourceId":"ais_par3.161552","a_type":5120,"hectares":0.022}},{"type":"Feature","id":"ais_par3.161553","geometry":{"type":"Polygon","coordinates":[[[12.0067,55.9005],[12.0069,55.9005],[12.0071,55.9003],[12.0072,55.9002],[12.0071,55.9001],[12.007,55.9001],[12.0069,55.9001],[12.0068,55.9003],[12.0067,55.9004],[12.0067,55.9005]]]},"properties":{"sourceId":"ais_par3.161553","a_type":5120,"hectares":0.077}},{"type":"Feature","id":"ais_par3.161554","geometry":{"type":"Polygon","coordinates":[[[12.009,55.8992],[12.0091,55.8993],[12.0093,55.8992],[12.0095,55.8992],[12.0096,55.8992],[12.0097,55.8992],[12.0097,55.8991],[12.0095,55.8989],[12.0094,55.8989],[12.0092,55.899],[12.0089,55.899],[12.0088,55.8991],[12.0088,55.8992],[12.009,55.8992]]]},"properties":{"sourceId":"ais_par3.161554","a_type":5120,"hectares":0.135}},{"type":"Feature","id":"ais_par3.161555","geometry":{"type":"Polygon","coordinates":[[[12.0109,55.9023],[12.011,55.9023],[12.011,55.9022],[12.0109,55.9022],[12.0109,55.9022],[12.0108,55.9022],[12.0108,55.9022],[12.0109,55.9023]]]},"properties":{"sourceId":"ais_par3.161555","a_type":5120,"hectares":0.012}},{"type":"Feature","id":"ais_par3.161556","geometry":{"type":"Polygon","coordinates":[[[12.0122,55.9022],[12.0121,55.9021],[12.012,55.9021],[12.0118,55.9021],[12.0118,55.9023],[12.012,55.9023],[12.0122,55.9022]]]},"properties":{"sourceId":"ais_par3.161556","a_type":5120,"hectares":0.042}},{"type":"Feature","id":"ais_par3.161557","geometry":{"type":"Polygon","coordinates":[[[12.0182,55.8991],[12.0184,55.8994],[12.0189,55.8997],[12.0189,55.8998],[12.019,55.8999],[12.0192,55.8999],[12.0191,55.8997],[12.0191,55.8995],[12.0192,55.8995],[12.0194,55.8995],[12.0197,55.8997],[12.02,55.8999],[12.0202,55.9],[12.0203,55.9001],[12.0204,55.9003],[12.0207,55.9003],[12.0209,55.9003],[12.0209,55.9002],[12.0206,55.9],[12.0204,55.8997],[12.0202,55.8996],[12.0201,55.8996],[12.0199,55.8995],[12.0199,55.8994],[12.0199,55.8993],[12.0198,55.8992],[12.0195,55.8993],[12.0194,55.8994],[12.0194,55.8994],[12.0192,55.8993],[12.0191,55.8993],[12.019,55.8991],[12.0188,55.899],[12.0183,55.899],[12.0182,55.8991]]]},"properties":{"sourceId":"ais_par3.161557","a_type":5120,"hectares":0.721}},{"type":"Feature","id":"ais_par3.161558","geometry":{"type":"Polygon","coordinates":[[[12.0182,55.8969],[12.0181,55.8971],[12.0181,55.8971],[12.0182,55.8971],[12.0183,55.8971],[12.0184,55.8971],[12.0185,55.8971],[12.0187,55.8971],[12.0188,55.8971],[12.0188,55.8971],[12.0189,55.897],[12.0189,55.8968],[12.0188,55.8968],[12.0187,55.8968],[12.0187,55.8969],[12.0185,55.8969],[12.0184,55.8969],[12.0183,55.8969],[12.0182,55.8969]]]},"properties":{"sourceId":"ais_par3.161558","a_type":5120,"hectares":0.127}},{"type":"Feature","id":"ais_par3.161559","geometry":{"type":"Polygon","coordinates":[[[12.0146,55.8954],[12.0146,55.8955],[12.0147,55.8956],[12.0148,55.8955],[12.0149,55.8954],[12.015,55.8954],[12.0152,55.8954],[12.0152,55.8953],[12.0152,55.8952],[12.015,55.8952],[12.0149,55.8952],[12.0149,55.8952],[12.0149,55.895],[12.0148,55.8949],[12.0146,55.8949],[12.0146,55.895],[12.0147,55.8951],[12.0147,55.8952],[12.0147,55.8953],[12.0146,55.8954]]]},"properties":{"sourceId":"ais_par3.161559","a_type":5120,"hectares":0.13}},{"type":"Feature","id":"ais_par3.161560","geometry":{"type":"Polygon","coordinates":[[[12.0126,55.895],[12.0126,55.895],[12.0127,55.895],[12.0127,55.895],[12.0127,55.8949],[12.0127,55.8949],[12.0127,55.8949],[12.0127,55.8949],[12.0126,55.8948],[12.0126,55.8948],[12.0125,55.8949],[12.0125,55.8949],[12.0124,55.8949],[12.0124,55.8949],[12.0125,55.895],[12.0125,55.895],[12.0126,55.895]]]},"properties":{"sourceId":"ais_par3.161560","a_type":5120,"hectares":0.028}},{"type":"Feature","id":"ais_par3.161561","geometry":{"type":"Polygon","coordinates":[[[12.0095,55.8941],[12.0096,55.8941],[12.0096,55.8941],[12.0097,55.8941],[12.0097,55.894],[12.0097,55.894],[12.0097,55.894],[12.0096,55.894],[12.0096,55.8939],[12.0095,55.8939],[12.0095,55.894],[12.0094,55.894],[12.0094,55.894],[12.0094,55.894],[12.0094,55.8941],[12.0095,55.8941],[12.0095,55.8941]]]},"properties":{"sourceId":"ais_par3.161561","a_type":5120,"hectares":0.028}},{"type":"Feature","id":"ais_par3.161562","geometry":{"type":"Polygon","coordinates":[[[11.9934,55.9039],[11.9934,55.9041],[11.9937,55.9042],[11.994,55.9042],[11.9943,55.904],[11.9944,55.9038],[11.9944,55.9038],[11.9943,55.9036],[11.9939,55.9036],[11.9936,55.9037],[11.9934,55.9039]]]},"properties":{"sourceId":"ais_par3.161562","a_type":5120,"hectares":0.327}},{"type":"Feature","id":"ais_par3.161563","geometry":{"type":"Polygon","coordinates":[[[11.9939,55.9035],[11.9941,55.9034],[11.994,55.9033],[11.9936,55.9033],[11.9934,55.9033],[11.9934,55.9035],[11.9935,55.9035],[11.9939,55.9035]]]},"properties":{"sourceId":"ais_par3.161563","a_type":5120,"hectares":0.075}},{"type":"Feature","id":"ais_par3.161564","geometry":{"type":"Polygon","coordinates":[[[11.994,55.9028],[11.9942,55.9029],[11.9943,55.9028],[11.9946,55.9026],[11.9945,55.9026],[11.9943,55.9026],[11.9941,55.9027],[11.9941,55.9027],[11.9941,55.9027],[11.994,55.9028]]]},"properties":{"sourceId":"ais_par3.161564","a_type":5120,"hectares":0.061}},{"type":"Feature","id":"ais_par3.161565","geometry":{"type":"Polygon","coordinates":[[[12.0224,55.9044],[12.0225,55.9044],[12.0226,55.9044],[12.0227,55.9044],[12.0228,55.9043],[12.0229,55.904],[12.0229,55.9039],[12.0228,55.9039],[12.0229,55.9038],[12.0229,55.9037],[12.0227,55.9039],[12.0227,55.904],[12.0226,55.9041],[12.0224,55.9043],[12.0223,55.9044],[12.0224,55.9044]]]},"properties":{"sourceId":"ais_par3.161565","a_type":5120,"hectares":0.117}},{"type":"Feature","id":"ais_par3.161566","geometry":{"type":"Polygon","coordinates":[[[12.0208,55.9068],[12.0211,55.9068],[12.0214,55.9068],[12.0214,55.9069],[12.0214,55.907],[12.0216,55.9069],[12.022,55.9068],[12.022,55.9067],[12.0216,55.9067],[12.0212,55.9067],[12.021,55.9067],[12.0208,55.9067],[12.0207,55.9067],[12.0207,55.9068],[12.0208,55.9068]]]},"properties":{"sourceId":"ais_par3.161566","a_type":5120,"hectares":0.111}},{"type":"Feature","id":"ais_par3.161567","geometry":{"type":"Polygon","coordinates":[[[12.0043,55.9139],[12.0048,55.9139],[12.0052,55.9138],[12.0053,55.9137],[12.0052,55.9135],[12.0051,55.9135],[12.005,55.9136],[12.0043,55.9138],[12.0043,55.9139]]]},"properties":{"sourceId":"ais_par3.161567","a_type":5120,"hectares":0.102}},{"type":"Feature","id":"ais_par3.161568","geometry":{"type":"Polygon","coordinates":[[[12.0019,55.9131],[12.002,55.9132],[12.0022,55.9132],[12.0023,55.9131],[12.0022,55.9129],[12.002,55.9127],[12.0019,55.9127],[12.0019,55.9131],[12.0019,55.9131]]]},"properties":{"sourceId":"ais_par3.161568","a_type":5120,"hectares":0.105}},{"type":"Feature","id":"ais_par3.161570","geometry":{"type":"Polygon","coordinates":[[[12.002,55.9144],[12.0021,55.9143],[12.0021,55.9142],[12.0023,55.9141],[12.0021,55.9141],[12.002,55.914],[12.0019,55.9142],[12.0018,55.9143],[12.002,55.9144]]]},"properties":{"sourceId":"ais_par3.161570","a_type":5120,"hectares":0.065}},{"type":"Feature","id":"ais_par3.161571","geometry":{"type":"Polygon","coordinates":[[[11.9903,55.9113],[11.9906,55.9115],[11.9908,55.9115],[11.991,55.9116],[11.9911,55.9115],[11.991,55.9114],[11.9908,55.9113],[11.9905,55.9112],[11.9903,55.9111],[11.9902,55.9111],[11.9903,55.9113]]]},"properties":{"sourceId":"ais_par3.161571","a_type":5120,"hectares":0.111}},{"type":"Feature","id":"ais_par3.161572","geometry":{"type":"Polygon","coordinates":[[[11.9036,55.9219],[11.9035,55.9219],[11.9038,55.9218],[11.9039,55.9217],[11.9039,55.9215],[11.9038,55.9214],[11.9038,55.9213],[11.9037,55.9212],[11.9035,55.9211],[11.9034,55.9211],[11.9033,55.921],[11.903,55.9209],[11.9028,55.9209],[11.9027,55.921],[11.9027,55.921],[11.9028,55.9212],[11.903,55.9212],[11.9031,55.9212],[11.9034,55.9213],[11.9033,55.9215],[11.9033,55.9215],[11.9032,55.9216],[11.9031,55.9218],[11.903,55.9221],[11.9036,55.9219]]]},"properties":{"sourceId":"ais_par3.161572","a_type":5120,"hectares":0.441}},{"type":"Feature","id":"ais_par3.161573","geometry":{"type":"Polygon","coordinates":[[[11.9083,55.9236],[11.9082,55.9235],[11.908,55.9233],[11.9079,55.9232],[11.9076,55.9231],[11.9073,55.9231],[11.9072,55.923],[11.9071,55.9231],[11.9072,55.9232],[11.9074,55.9234],[11.9075,55.9235],[11.9079,55.9236],[11.9081,55.9237],[11.9083,55.9236]]]},"properties":{"sourceId":"ais_par3.161573","a_type":5120,"hectares":0.278}},{"type":"Feature","id":"ais_par3.161574","geometry":{"type":"Polygon","coordinates":[[[11.909,55.9242],[11.909,55.9243],[11.9091,55.9243],[11.9092,55.9243],[11.9094,55.9245],[11.9096,55.9245],[11.9098,55.9244],[11.9099,55.9244],[11.9097,55.9243],[11.9095,55.9242],[11.9093,55.9242],[11.9092,55.9242],[11.9092,55.9241],[11.9091,55.9241],[11.909,55.9242],[11.909,55.9242],[11.909,55.9242]]]},"properties":{"sourceId":"ais_par3.161574","a_type":5120,"hectares":0.103}},{"type":"Feature","id":"ais_par3.161575","geometry":{"type":"Polygon","coordinates":[[[11.9034,55.9232],[11.9034,55.9233],[11.9036,55.9233],[11.9037,55.9231],[11.9037,55.9231],[11.9035,55.9231],[11.9034,55.9231],[11.9034,55.9232]]]},"properties":{"sourceId":"ais_par3.161575","a_type":5120,"hectares":0.033}},{"type":"Feature","id":"ais_par3.161576","geometry":{"type":"Polygon","coordinates":[[[11.909,55.9223],[11.9091,55.9223],[11.9091,55.9222],[11.9091,55.9222],[11.9092,55.9223],[11.9093,55.9223],[11.9095,55.9221],[11.9096,55.922],[11.9098,55.9219],[11.9098,55.9218],[11.9097,55.9217],[11.9093,55.9215],[11.9092,55.9215],[11.9089,55.9215],[11.9089,55.9216],[11.9088,55.9217],[11.9087,55.9218],[11.9087,55.922],[11.9087,55.9221],[11.9088,55.9222],[11.9088,55.9222],[11.909,55.9223]]]},"properties":{"sourceId":"ais_par3.161576","a_type":5120,"hectares":0.435}},{"type":"Feature","id":"ais_par3.161577","geometry":{"type":"Polygon","coordinates":[[[11.9164,55.927],[11.9164,55.9271],[11.9167,55.9271],[11.917,55.9271],[11.9172,55.9271],[11.9172,55.927],[11.9171,55.927],[11.9168,55.9269],[11.9164,55.9269],[11.9164,55.927]]]},"properties":{"sourceId":"ais_par3.161577","a_type":5120,"hectares":0.088}},{"type":"Feature","id":"ais_par3.161578","geometry":{"type":"Polygon","coordinates":[[[11.9195,55.9277],[11.9196,55.9277],[11.9197,55.9277],[11.9199,55.9276],[11.92,55.9276],[11.9199,55.9275],[11.9198,55.9274],[11.9197,55.9274],[11.9194,55.9274],[11.9193,55.9274],[11.9194,55.9276],[11.9194,55.9277],[11.9195,55.9277]]]},"properties":{"sourceId":"ais_par3.161578","a_type":5120,"hectares":0.118}},{"type":"Feature","id":"ais_par3.161579","geometry":{"type":"Polygon","coordinates":[[[11.9213,55.9283],[11.9214,55.9283],[11.9216,55.9283],[11.9217,55.9283],[11.9217,55.9282],[11.9217,55.9281],[11.9215,55.9281],[11.9213,55.9281],[11.9213,55.9282],[11.9212,55.9283],[11.9213,55.9283]]]},"properties":{"sourceId":"ais_par3.161579","a_type":5120,"hectares":0.061}},{"type":"Feature","id":"ais_par3.161580","geometry":{"type":"Polygon","coordinates":[[[11.9218,55.9253],[11.9218,55.9253],[11.9219,55.9254],[11.9221,55.9255],[11.9223,55.9255],[11.9225,55.9256],[11.9227,55.9256],[11.9227,55.9255],[11.9227,55.9255],[11.9226,55.9254],[11.9223,55.9253],[11.9219,55.9251],[11.9217,55.9251],[11.9216,55.9252],[11.9218,55.9253]]]},"properties":{"sourceId":"ais_par3.161580","a_type":5120,"hectares":0.153}},{"type":"Feature","id":"ais_par3.161581","geometry":{"type":"Polygon","coordinates":[[[11.921,55.9249],[11.9211,55.925],[11.9213,55.925],[11.9213,55.9249],[11.9213,55.9247],[11.921,55.9247],[11.9209,55.9246],[11.9208,55.9247],[11.921,55.9249]]]},"properties":{"sourceId":"ais_par3.161581","a_type":5120,"hectares":0.077}},{"type":"Feature","id":"ais_par3.161582","geometry":{"type":"Polygon","coordinates":[[[11.9236,55.928],[11.9237,55.9281],[11.924,55.9282],[11.9245,55.9282],[11.9247,55.9282],[11.9254,55.9283],[11.9258,55.9284],[11.9261,55.9284],[11.9262,55.9283],[11.9262,55.9282],[11.9257,55.928],[11.9254,55.9279],[11.9253,55.9278],[11.9254,55.9276],[11.9256,55.9275],[11.9255,55.9274],[11.9254,55.9274],[11.9252,55.9274],[11.925,55.9276],[11.9244,55.9278],[11.9241,55.9278],[11.9239,55.9278],[11.9237,55.9278],[11.9236,55.928]]]},"properties":{"sourceId":"ais_par3.161582","a_type":5120,"hectares":0.837}},{"type":"Feature","id":"ais_par3.161583","geometry":{"type":"Polygon","coordinates":[[[11.9325,55.9279],[11.9327,55.9279],[11.9328,55.9279],[11.9327,55.9277],[11.9325,55.9276],[11.9324,55.9276],[11.9323,55.9277],[11.9323,55.9278],[11.9325,55.9279]]]},"properties":{"sourceId":"ais_par3.161583","a_type":5120,"hectares":0.072}},{"type":"Feature","id":"ais_par3.161584","geometry":{"type":"Polygon","coordinates":[[[11.9274,55.9258],[11.9276,55.9257],[11.9277,55.9257],[11.9277,55.9256],[11.9276,55.9256],[11.9275,55.9256],[11.9273,55.9255],[11.9271,55.9255],[11.927,55.9255],[11.927,55.9256],[11.927,55.9257],[11.9271,55.9258],[11.9272,55.9258],[11.9274,55.9258]]]},"properties":{"sourceId":"ais_par3.161584","a_type":5120,"hectares":0.099}},{"type":"Feature","id":"ais_par3.161585","geometry":{"type":"Polygon","coordinates":[[[11.9338,55.9238],[11.9339,55.9239],[11.9341,55.9239],[11.9342,55.9238],[11.9341,55.9238],[11.9339,55.9237],[11.9337,55.9236],[11.9335,55.9236],[11.9335,55.9236],[11.9335,55.9237],[11.9336,55.9238],[11.9337,55.9238],[11.9337,55.9238],[11.9338,55.9238]]]},"properties":{"sourceId":"ais_par3.161585","a_type":5120,"hectares":0.073}},{"type":"Feature","id":"ais_par3.161586","geometry":{"type":"Polygon","coordinates":[[[11.924,55.9238],[11.9241,55.9243],[11.9245,55.9244],[11.9251,55.9245],[11.9254,55.9245],[11.9257,55.9243],[11.9262,55.9243],[11.9267,55.9243],[11.9267,55.9242],[11.9269,55.9241],[11.9269,55.9238],[11.9266,55.9236],[11.9261,55.9235],[11.9259,55.9235],[11.9251,55.9234],[11.9245,55.9232],[11.9242,55.9233],[11.9239,55.9234],[11.924,55.9238]]]},"properties":{"sourceId":"ais_par3.161586","a_type":5120,"hectares":1.909}},{"type":"Feature","id":"ais_par3.161587","geometry":{"type":"Polygon","coordinates":[[[11.9239,55.9231],[11.924,55.9231],[11.9241,55.923],[11.9241,55.923],[11.9241,55.9229],[11.9239,55.9229],[11.9238,55.923],[11.9238,55.9231],[11.9239,55.9231],[11.9239,55.9231],[11.9239,55.9231]]]},"properties":{"sourceId":"ais_par3.161587","a_type":5120,"hectares":0.032}},{"type":"Feature","id":"ais_par3.161588","geometry":{"type":"Polygon","coordinates":[[[11.9221,55.923],[11.9222,55.923],[11.9223,55.923],[11.9225,55.923],[11.9226,55.9229],[11.9225,55.9228],[11.9223,55.9228],[11.9222,55.9228],[11.9221,55.9229],[11.9221,55.923]]]},"properties":{"sourceId":"ais_par3.161588","a_type":5120,"hectares":0.059}},{"type":"Feature","id":"ais_par3.161589","geometry":{"type":"Polygon","coordinates":[[[11.9509,55.9208],[11.9509,55.9209],[11.9511,55.9209],[11.9512,55.9208],[11.9513,55.9208],[11.9513,55.9207],[11.9513,55.9206],[11.9511,55.9205],[11.9509,55.9205],[11.9509,55.9205],[11.9509,55.9207],[11.9508,55.9207],[11.9509,55.9208]]]},"properties":{"sourceId":"ais_par3.161589","a_type":5120,"hectares":0.088}},{"type":"Feature","id":"ais_par3.161590","geometry":{"type":"Polygon","coordinates":[[[11.9075,55.9175],[11.9071,55.9172],[11.907,55.9172],[11.9067,55.9171],[11.9065,55.9171],[11.9065,55.9171],[11.9064,55.9172],[11.9065,55.9173],[11.9068,55.9174],[11.9069,55.9175],[11.9071,55.9176],[11.9074,55.9176],[11.9076,55.9176],[11.9075,55.9175]]]},"properties":{"sourceId":"ais_par3.161590","a_type":5120,"hectares":0.203}},{"type":"Feature","id":"ais_par3.161591","geometry":{"type":"Polygon","coordinates":[[[11.9085,55.9175],[11.9089,55.9175],[11.9093,55.9175],[11.9093,55.9174],[11.9089,55.9174],[11.9087,55.9174],[11.9084,55.9174],[11.9085,55.9175],[11.9085,55.9175]]]},"properties":{"sourceId":"ais_par3.161591","a_type":5120,"hectares":0.082}},{"type":"Feature","id":"ais_par3.161592","geometry":{"type":"Polygon","coordinates":[[[11.91,55.9177],[11.9101,55.9181],[11.9104,55.9182],[11.9108,55.9183],[11.911,55.9184],[11.911,55.9185],[11.9112,55.9186],[11.9114,55.9185],[11.9115,55.9183],[11.9114,55.9182],[11.9114,55.9181],[11.9111,55.918],[11.9109,55.918],[11.9106,55.918],[11.9106,55.918],[11.9106,55.9178],[11.9103,55.9177],[11.9096,55.9173],[11.9095,55.9174],[11.9094,55.9176],[11.91,55.9177]]]},"properties":{"sourceId":"ais_par3.161592","a_type":5120,"hectares":0.49}},{"type":"Feature","id":"ais_par3.161593","geometry":{"type":"Polygon","coordinates":[[[11.9178,55.9194],[11.9178,55.9195],[11.9178,55.9196],[11.918,55.9196],[11.9181,55.9197],[11.9182,55.9197],[11.9184,55.9196],[11.9184,55.9195],[11.9185,55.9194],[11.9184,55.9192],[11.9184,55.919],[11.9184,55.9188],[11.9183,55.9187],[11.9181,55.9187],[11.918,55.9187],[11.9179,55.9188],[11.9178,55.9191],[11.9179,55.9192],[11.9178,55.9193],[11.9178,55.9194]]]},"properties":{"sourceId":"ais_par3.161593","a_type":5120,"hectares":0.363}},{"type":"Feature","id":"ais_par3.161594","geometry":{"type":"Polygon","coordinates":[[[11.9195,55.9133],[11.9196,55.9133],[11.9197,55.9132],[11.9198,55.9131],[11.9198,55.9131],[11.9197,55.913],[11.9195,55.913],[11.9194,55.9132],[11.9194,55.9132],[11.9194,55.9132],[11.9194,55.9133],[11.9195,55.9133]]]},"properties":{"sourceId":"ais_par3.161594","a_type":5120,"hectares":0.071}},{"type":"Feature","id":"ais_par3.161595","geometry":{"type":"Polygon","coordinates":[[[11.9228,55.9127],[11.923,55.9127],[11.9232,55.9127],[11.9234,55.9126],[11.924,55.9122],[11.9237,55.9121],[11.9233,55.9121],[11.9231,55.9122],[11.9226,55.9126],[11.9227,55.9126],[11.9228,55.9127]]]},"properties":{"sourceId":"ais_par3.161595","a_type":5120,"hectares":0.303}},{"type":"Feature","id":"ais_par3.161596","geometry":{"type":"Polygon","coordinates":[[[11.9265,55.91],[11.9265,55.91],[11.9266,55.91],[11.9268,55.9099],[11.9268,55.9098],[11.9266,55.9098],[11.9265,55.9099],[11.9264,55.91],[11.9264,55.91],[11.9265,55.91]]]},"properties":{"sourceId":"ais_par3.161596","a_type":5120,"hectares":0.033}},{"type":"Feature","id":"ais_par3.161597","geometry":{"type":"Polygon","coordinates":[[[11.9221,55.908],[11.9222,55.908],[11.9223,55.908],[11.9222,55.9078],[11.922,55.9077],[11.9218,55.9077],[11.9217,55.9077],[11.9217,55.9078],[11.9218,55.9079],[11.9219,55.908],[11.922,55.908],[11.9221,55.908]]]},"properties":{"sourceId":"ais_par3.161597","a_type":5120,"hectares":0.09}},{"type":"Feature","id":"ais_par3.161598","geometry":{"type":"Polygon","coordinates":[[[11.9315,55.9062],[11.9317,55.9062],[11.9319,55.9062],[11.9319,55.9061],[11.9319,55.906],[11.9317,55.906],[11.9316,55.906],[11.9315,55.906],[11.9313,55.906],[11.9312,55.906],[11.9311,55.906],[11.9312,55.9061],[11.9313,55.9062],[11.9314,55.9062],[11.9315,55.9062]]]},"properties":{"sourceId":"ais_par3.161598","a_type":5120,"hectares":0.121}},{"type":"Feature","id":"ais_par3.161599","geometry":{"type":"Polygon","coordinates":[[[11.9432,55.9121],[11.9432,55.9122],[11.9432,55.9123],[11.9432,55.9124],[11.9433,55.9124],[11.9435,55.9123],[11.9436,55.9123],[11.9436,55.9123],[11.9437,55.9123],[11.9438,55.9123],[11.9439,55.9123],[11.9441,55.9124],[11.9442,55.9124],[11.9445,55.9124],[11.9446,55.9122],[11.9446,55.9121],[11.9446,55.912],[11.9444,55.9118],[11.9443,55.9117],[11.9441,55.9117],[11.9439,55.9117],[11.9438,55.9118],[11.9435,55.9118],[11.9433,55.9118],[11.9432,55.9119],[11.9432,55.9121]]]},"properties":{"sourceId":"ais_par3.161599","a_type":5120,"hectares":0.535}},{"type":"Feature","id":"ais_par3.161600","geometry":{"type":"Polygon","coordinates":[[[11.9492,55.9116],[11.9492,55.9118],[11.9492,55.9119],[11.9493,55.9121],[11.9496,55.9122],[11.9496,55.9122],[11.9492,55.9116]]]},"properties":{"sourceId":"ais_par3.161600","a_type":5120,"hectares":0.068}},{"type":"Feature","id":"ais_par3.162239","geometry":{"type":"Polygon","coordinates":[[[12.1212,55.9152],[12.1212,55.9154],[12.1213,55.9155],[12.1213,55.9158],[12.1214,55.916],[12.1215,55.9161],[12.1216,55.9161],[12.1219,55.9161],[12.1219,55.916],[12.1217,55.9159],[12.1217,55.9159],[12.1218,55.9158],[12.1218,55.9154],[12.1218,55.9153],[12.1217,55.9152],[12.1215,55.9149],[12.1211,55.9151],[12.1212,55.9152]]]},"properties":{"sourceId":"ais_par3.162239","a_type":5120,"hectares":0.391}},{"type":"Feature","id":"ais_par3.162240","geometry":{"type":"Polygon","coordinates":[[[12.1194,55.9143],[12.1195,55.9145],[12.1198,55.9145],[12.1196,55.9143],[12.1194,55.9143]]]},"properties":{"sourceId":"ais_par3.162240","a_type":5120,"hectares":0.034}},{"type":"Feature","id":"ais_par3.162241","geometry":{"type":"Polygon","coordinates":[[[12.1241,55.9174],[12.1242,55.9173],[12.1242,55.9171],[12.1241,55.917],[12.1239,55.9171],[12.1239,55.9172],[12.1238,55.9173],[12.1241,55.9174]]]},"properties":{"sourceId":"ais_par3.162241","a_type":5120,"hectares":0.066}},{"type":"Feature","id":"ais_par3.162242","geometry":{"type":"Polygon","coordinates":[[[12.1243,55.9182],[12.1244,55.9183],[12.1246,55.9183],[12.1248,55.9182],[12.1248,55.9181],[12.1243,55.9181],[12.1243,55.9182]]]},"properties":{"sourceId":"ais_par3.162242","a_type":5120,"hectares":0.046}},{"type":"Feature","id":"ais_par3.162279","geometry":{"type":"Polygon","coordinates":[[[12.1257,55.881],[12.1258,55.881],[12.1258,55.881],[12.1259,55.8809],[12.1259,55.8809],[12.1259,55.8809],[12.1259,55.8808],[12.1258,55.8808],[12.1257,55.8808],[12.1257,55.8808],[12.1256,55.8808],[12.1256,55.8808],[12.1256,55.8809],[12.1256,55.8809],[12.1256,55.8809],[12.1256,55.881],[12.1257,55.881]]]},"properties":{"sourceId":"ais_par3.162279","a_type":5120,"hectares":0.028}},{"type":"Feature","id":"ais_par3.162282","geometry":{"type":"Polygon","coordinates":[[[12.1279,55.8884],[12.1278,55.8883],[12.1279,55.8883],[12.1279,55.8882],[12.1277,55.8882],[12.1276,55.8883],[12.1274,55.8884],[12.1274,55.8885],[12.1276,55.8885],[12.1278,55.8885],[12.1279,55.8884]]]},"properties":{"sourceId":"ais_par3.162282","a_type":5120,"hectares":0.057}},{"type":"Feature","id":"ais_par3.162283","geometry":{"type":"Polygon","coordinates":[[[12.1207,55.8961],[12.1207,55.896],[12.1205,55.8958],[12.1204,55.8959],[12.1203,55.896],[12.1204,55.8961],[12.1205,55.8962],[12.1207,55.8961]]]},"properties":{"sourceId":"ais_par3.162283","a_type":5120,"hectares":0.079}},{"type":"Feature","id":"ais_par3.162284","geometry":{"type":"Polygon","coordinates":[[[12.1209,55.8958],[12.1213,55.8958],[12.1216,55.8958],[12.1218,55.8958],[12.1218,55.8957],[12.1218,55.8955],[12.1217,55.8954],[12.1216,55.8955],[12.1215,55.8956],[12.1214,55.8957],[12.1209,55.8957],[12.1208,55.8957],[12.1207,55.8957],[12.1209,55.8958]]]},"properties":{"sourceId":"ais_par3.162284","a_type":5120,"hectares":0.113}},{"type":"Feature","id":"ais_par3.162285","geometry":{"type":"Polygon","coordinates":[[[12.1192,55.8983],[12.1192,55.8984],[12.1191,55.8985],[12.1191,55.8987],[12.119,55.8989],[12.119,55.8991],[12.1191,55.8993],[12.1194,55.8995],[12.1198,55.8998],[12.1198,55.8998],[12.12,55.8997],[12.1201,55.8997],[12.1203,55.8996],[12.1206,55.8995],[12.1208,55.8993],[12.1211,55.8993],[12.1214,55.8992],[12.1217,55.899],[12.1218,55.8988],[12.1219,55.8987],[12.1219,55.8986],[12.1218,55.8986],[12.1217,55.8985],[12.1216,55.8983],[12.1213,55.8982],[12.1211,55.8981],[12.1208,55.898],[12.1208,55.8979],[12.1205,55.8979],[12.1204,55.8979],[12.1196,55.8982],[12.1194,55.8983],[12.1193,55.8982],[12.1192,55.8983]]]},"properties":{"sourceId":"ais_par3.162285","a_type":5120,"hectares":2.511}},{"type":"Feature","id":"ais_par3.162286","geometry":{"type":"Polygon","coordinates":[[[12.1215,55.8972],[12.1211,55.8974],[12.1211,55.8977],[12.1215,55.898],[12.1222,55.8985],[12.1226,55.8985],[12.1229,55.8984],[12.1234,55.8984],[12.1238,55.8982],[12.1243,55.898],[12.1244,55.8978],[12.1241,55.8975],[12.124,55.8973],[12.1242,55.8971],[12.1248,55.8969],[12.1254,55.8968],[12.1256,55.8966],[12.1265,55.8959],[12.1267,55.8956],[12.127,55.8954],[12.1269,55.8952],[12.1273,55.895],[12.1277,55.8948],[12.1283,55.8946],[12.1287,55.8944],[12.1287,55.8941],[12.1286,55.894],[12.1284,55.8939],[12.1274,55.8936],[12.127,55.8937],[12.1267,55.8939],[12.126,55.8942],[12.1255,55.8944],[12.1251,55.8947],[12.1249,55.8949],[12.1245,55.8951],[12.1243,55.8952],[12.1239,55.8954],[12.1238,55.8955],[12.1238,55.8955],[12.1236,55.8956],[12.1234,55.8958],[12.1235,55.8959],[12.1232,55.896],[12.1229,55.8962],[12.1225,55.8965],[12.122,55.8967],[12.1217,55.8969],[12.1215,55.8972]]]},"properties":{"sourceId":"ais_par3.162286","a_type":5120,"hectares":9.34}},{"type":"Feature","id":"ais_par3.162290","geometry":{"type":"Polygon","coordinates":[[[12.1199,55.8887],[12.1197,55.8889],[12.1198,55.889],[12.1203,55.889],[12.1203,55.8889],[12.1202,55.8889],[12.1202,55.8888],[12.1203,55.8887],[12.1205,55.8888],[12.1206,55.8888],[12.1207,55.8887],[12.1208,55.8886],[12.1208,55.8885],[12.121,55.8885],[12.1211,55.8884],[12.1212,55.8883],[12.1205,55.8883],[12.12,55.8887],[12.1199,55.8887],[12.1199,55.8887]]]},"properties":{"sourceId":"ais_par3.162290","a_type":5120,"hectares":0.331}},{"type":"Feature","id":"ais_par3.162298","geometry":{"type":"Polygon","coordinates":[[[12.1185,55.9029],[12.1187,55.903],[12.119,55.903],[12.1193,55.903],[12.1194,55.9029],[12.1194,55.9028],[12.1193,55.9027],[12.119,55.9027],[12.1187,55.9027],[12.1185,55.9027],[12.1184,55.9029],[12.1185,55.9029]]]},"properties":{"sourceId":"ais_par3.162298","a_type":5120,"hectares":0.182}},{"type":"Feature","id":"ais_par3.162305","geometry":{"type":"Polygon","coordinates":[[[12.1012,55.9264],[12.1011,55.9258],[12.1005,55.9258],[12.1005,55.9264],[12.1005,55.9264],[12.1012,55.9264]]]},"properties":{"sourceId":"ais_par3.162305","a_type":5120,"hectares":0.292}},{"type":"Feature","id":"ais_par3.162306","geometry":{"type":"Polygon","coordinates":[[[12.1025,55.9224],[12.1026,55.9223],[12.1025,55.9223],[12.1024,55.9222],[12.1023,55.9223],[12.1022,55.9223],[12.1022,55.9224],[12.1025,55.9224],[12.1025,55.9224]]]},"properties":{"sourceId":"ais_par3.162306","a_type":5120,"hectares":0.036}},{"type":"Feature","id":"ais_par3.162307","geometry":{"type":"Polygon","coordinates":[[[12.105,55.9223],[12.105,55.9223],[12.1051,55.9223],[12.1051,55.9222],[12.105,55.9222],[12.105,55.9222],[12.105,55.9223],[12.105,55.9223]]]},"properties":{"sourceId":"ais_par3.162307","a_type":5120,"hectares":0.007}},{"type":"Feature","id":"ais_par3.162308","geometry":{"type":"Polygon","coordinates":[[[12.1021,55.9254],[12.1022,55.9254],[12.1021,55.9252],[12.1021,55.9252],[12.1015,55.9252],[12.1016,55.9255],[12.1021,55.9254]]]},"properties":{"sourceId":"ais_par3.162308","a_type":5120,"hectares":0.097}},{"type":"Feature","id":"ais_par3.162309","geometry":{"type":"Polygon","coordinates":[[[12.0953,55.9225],[12.0953,55.9224],[12.0952,55.9224],[12.0952,55.9224],[12.0951,55.9224],[12.0951,55.9223],[12.0949,55.9223],[12.0948,55.9224],[12.0949,55.9225],[12.0952,55.9225],[12.0953,55.9225],[12.0953,55.9225]]]},"properties":{"sourceId":"ais_par3.162309","a_type":5120,"hectares":0.042}},{"type":"Feature","id":"ais_par3.162310","geometry":{"type":"Polygon","coordinates":[[[12.0816,55.9335],[12.0819,55.9336],[12.0823,55.9333],[12.0825,55.9331],[12.0822,55.9329],[12.082,55.9329],[12.0817,55.9331],[12.0814,55.9332],[12.0814,55.9334],[12.0816,55.9335]],[[12.0816,55.9333],[12.0819,55.933],[12.0821,55.933],[12.0821,55.9332],[12.0819,55.9333],[12.0816,55.9333]]]},"properties":{"sourceId":"ais_par3.162310","a_type":5120,"hectares":0.209}},{"type":"Feature","id":"ais_par3.162317","geometry":{"type":"Polygon","coordinates":[[[12.1099,55.9236],[12.1101,55.9239],[12.1103,55.9239],[12.1104,55.9238],[12.1104,55.9237],[12.1103,55.9236],[12.1102,55.9236],[12.11,55.9236],[12.1099,55.9236]]]},"properties":{"sourceId":"ais_par3.162317","a_type":5120,"hectares":0.071}},{"type":"Feature","id":"ais_par3.162737","geometry":{"type":"Polygon","coordinates":[[[11.928,55.9289],[11.9281,55.9289],[11.9282,55.9288],[11.9281,55.9287],[11.928,55.9288],[11.9279,55.9288],[11.9279,55.9289],[11.928,55.9289]]]},"properties":{"sourceId":"ais_par3.162737","a_type":5120,"hectares":0.023}},{"type":"Feature","id":"ais_par3.162738","geometry":{"type":"Polygon","coordinates":[[[11.9233,55.9232],[11.9235,55.9232],[11.9235,55.9232],[11.9233,55.9232],[11.9232,55.9232],[11.9232,55.9232],[11.9233,55.9232]]]},"properties":{"sourceId":"ais_par3.162738","a_type":5120,"hectares":0.008}},{"type":"Feature","id":"ais_par3.162739","geometry":{"type":"Polygon","coordinates":[[[11.9717,55.9184],[11.9718,55.9186],[11.972,55.9185],[11.9722,55.9184],[11.9724,55.9185],[11.9722,55.9184],[11.9721,55.9183],[11.9718,55.9183],[11.9716,55.9183],[11.9715,55.9183],[11.9717,55.9184]]]},"properties":{"sourceId":"ais_par3.162739","a_type":5120,"hectares":0.082}},{"type":"Feature","id":"ais_par3.162740","geometry":{"type":"Polygon","coordinates":[[[11.9795,55.9138],[11.9796,55.9138],[11.9796,55.9139],[11.9797,55.9139],[11.9797,55.9138],[11.9796,55.9136],[11.9794,55.9136],[11.9792,55.9136],[11.9791,55.9136],[11.9792,55.9137],[11.9793,55.9138],[11.9794,55.9139],[11.9795,55.9138]]]},"properties":{"sourceId":"ais_par3.162740","a_type":5120,"hectares":0.076}},{"type":"Feature","id":"ais_par3.162741","geometry":{"type":"Polygon","coordinates":[[[11.9828,55.9123],[11.9829,55.9122],[11.9828,55.9121],[11.9828,55.912],[11.9827,55.912],[11.9826,55.9121],[11.9825,55.9122],[11.9825,55.9122],[11.9826,55.9122],[11.9828,55.9123]]]},"properties":{"sourceId":"ais_par3.162741","a_type":5120,"hectares":0.039}},{"type":"Feature","id":"ais_par3.162742","geometry":{"type":"Polygon","coordinates":[[[11.982,55.9101],[11.9819,55.9101],[11.9819,55.9102],[11.9819,55.9102],[11.9819,55.9103],[11.982,55.9103],[11.982,55.9102],[11.982,55.9101],[11.982,55.9101]]]},"properties":{"sourceId":"ais_par3.162742","a_type":5120,"hectares":0.016}},{"type":"Feature","id":"ais_par3.162743","geometry":{"type":"Polygon","coordinates":[[[11.9957,55.9107],[11.9958,55.9106],[11.9958,55.9105],[11.9956,55.9105],[11.9955,55.9105],[11.9955,55.9106],[11.9955,55.9107],[11.9955,55.9107],[11.9957,55.9107]]]},"properties":{"sourceId":"ais_par3.162743","a_type":5120,"hectares":0.029}},{"type":"Feature","id":"ais_par3.162744","geometry":{"type":"Polygon","coordinates":[[[11.9674,55.9053],[11.9673,55.9053],[11.967,55.9057],[11.9668,55.9057],[11.9666,55.9057],[11.9665,55.9058],[11.9664,55.9059],[11.9664,55.9059],[11.9664,55.906],[11.9665,55.9062],[11.9667,55.9063],[11.9669,55.9062],[11.9671,55.9062],[11.9671,55.9061],[11.9672,55.906],[11.9672,55.9059],[11.9672,55.9059],[11.9671,55.9057],[11.9674,55.9053]]]},"properties":{"sourceId":"ais_par3.162744","a_type":5120,"hectares":0.299}},{"type":"Feature","id":"ais_par3.162745","geometry":{"type":"Polygon","coordinates":[[[12.0132,55.9092],[12.0134,55.9092],[12.0134,55.9092],[12.0132,55.9091],[12.013,55.909],[12.013,55.909],[12.013,55.9091],[12.013,55.9091],[12.0132,55.9092]]]},"properties":{"sourceId":"ais_par3.162745","a_type":5120,"hectares":0.029}},{"type":"Feature","id":"ais_par3.162746","geometry":{"type":"Polygon","coordinates":[[[12.0162,55.9085],[12.0163,55.9084],[12.0163,55.9084],[12.0161,55.9081],[12.016,55.9082],[12.0159,55.9081],[12.0159,55.9081],[12.0157,55.9081],[12.0156,55.908],[12.0156,55.9081],[12.0158,55.9082],[12.0161,55.9083],[12.0162,55.9084],[12.0162,55.9085],[12.0162,55.9086],[12.0162,55.9085]]]},"properties":{"sourceId":"ais_par3.162746","a_type":5120,"hectares":0.07}},{"type":"Feature","id":"ais_par3.162747","geometry":{"type":"Polygon","coordinates":[[[11.9517,55.9102],[11.9518,55.9103],[11.952,55.9103],[11.9521,55.9103],[11.9523,55.9102],[11.9525,55.91],[11.9522,55.9097],[11.9522,55.9096],[11.9519,55.9096],[11.9517,55.9098],[11.9517,55.9102]]]},"properties":{"sourceId":"ais_par3.162747","a_type":5120,"hectares":0.276}},{"type":"Feature","id":"ais_par3.162748","geometry":{"type":"Polygon","coordinates":[[[11.9557,55.9077],[11.9557,55.9075],[11.9556,55.9074],[11.9555,55.9073],[11.9554,55.9073],[11.9554,55.9072],[11.9552,55.9071],[11.9549,55.907],[11.9549,55.9077],[11.9557,55.9077]]]},"properties":{"sourceId":"ais_par3.162748","a_type":5120,"hectares":0.28}},{"type":"Feature","id":"ais_par3.162749","geometry":{"type":"Polygon","coordinates":[[[11.9563,55.9127],[11.9565,55.9128],[11.9564,55.9129],[11.9565,55.913],[11.9564,55.913],[11.9564,55.9131],[11.9564,55.9132],[11.9566,55.9132],[11.9567,55.9131],[11.9567,55.9131],[11.9568,55.9131],[11.9568,55.913],[11.9567,55.913],[11.9569,55.9125],[11.9569,55.9124],[11.9569,55.9123],[11.9565,55.9124],[11.9564,55.9125],[11.9563,55.9126],[11.9563,55.9127]]]},"properties":{"sourceId":"ais_par3.162749","a_type":5120,"hectares":0.218}},{"type":"Feature","id":"ais_par3.162750","geometry":{"type":"Polygon","coordinates":[[[11.9508,55.9142],[11.9505,55.9141],[11.9503,55.9141],[11.9501,55.9142],[11.9502,55.9143],[11.9504,55.9143],[11.9506,55.9144],[11.9508,55.9142]]]},"properties":{"sourceId":"ais_par3.162750","a_type":5120,"hectares":0.098}},{"type":"Feature","id":"ais_par3.162751","geometry":{"type":"Polygon","coordinates":[[[11.9638,55.9175],[11.9635,55.9174],[11.9633,55.9174],[11.9632,55.9173],[11.9631,55.9173],[11.9632,55.9175],[11.9634,55.9176],[11.9635,55.9177],[11.9636,55.9178],[11.9638,55.9178],[11.9639,55.9179],[11.9642,55.9177],[11.9645,55.9175],[11.9644,55.9175],[11.9638,55.9175]]]},"properties":{"sourceId":"ais_par3.162751","a_type":5120,"hectares":0.226}},{"type":"Feature","id":"ais_par3.162752","geometry":{"type":"Polygon","coordinates":[[[11.9149,55.918],[11.9151,55.918],[11.9152,55.9179],[11.915,55.9179],[11.9148,55.9178],[11.9147,55.9179],[11.9148,55.918],[11.9149,55.918]]]},"properties":{"sourceId":"ais_par3.162752","a_type":5120,"hectares":0.039}},{"type":"Feature","id":"ais_par3.162753","geometry":{"type":"Polygon","coordinates":[[[11.9153,55.9159],[11.9154,55.9158],[11.9153,55.9157],[11.9152,55.9157],[11.9151,55.9158],[11.9152,55.9158],[11.9153,55.9159]]]},"properties":{"sourceId":"ais_par3.162753","a_type":5120,"hectares":0.021}},{"type":"Feature","id":"ais_par3.162754","geometry":{"type":"Polygon","coordinates":[[[11.9266,55.9185],[11.9268,55.9184],[11.9268,55.9183],[11.9266,55.9183],[11.9264,55.9183],[11.9264,55.9184],[11.9266,55.9185]]]},"properties":{"sourceId":"ais_par3.162754","a_type":5120,"hectares":0.047}},{"type":"Feature","id":"ais_par3.162755","geometry":{"type":"Polygon","coordinates":[[[11.9193,55.9077],[11.9193,55.9077],[11.9194,55.9077],[11.9194,55.9077],[11.9195,55.9077],[11.9195,55.9076],[11.9194,55.9076],[11.9194,55.9076],[11.9193,55.9076],[11.9193,55.9076],[11.9192,55.9076],[11.9192,55.9076],[11.9192,55.9077],[11.9192,55.9077],[11.9192,55.9077],[11.9192,55.9077],[11.9193,55.9077]]]},"properties":{"sourceId":"ais_par3.162755","a_type":5120,"hectares":0.028}},{"type":"Feature","id":"ais_par3.162756","geometry":{"type":"Polygon","coordinates":[[[11.9273,55.8964],[11.9276,55.8963],[11.9277,55.8962],[11.9278,55.896],[11.9279,55.8959],[11.9277,55.8958],[11.9275,55.8958],[11.9272,55.8958],[11.9271,55.896],[11.9269,55.8961],[11.9268,55.8962],[11.9269,55.8963],[11.927,55.8963],[11.927,55.8963],[11.9269,55.8962],[11.927,55.8961],[11.9273,55.896],[11.9275,55.8959],[11.9276,55.8959],[11.9277,55.896],[11.9275,55.8961],[11.9274,55.8962],[11.9273,55.8963],[11.927,55.8963],[11.927,55.8963],[11.9273,55.8964]]]},"properties":{"sourceId":"ais_par3.162756","a_type":5120,"hectares":0.193}},{"type":"Feature","id":"ais_par3.162757","geometry":{"type":"Polygon","coordinates":[[[11.9377,55.8907],[11.9376,55.8908],[11.9377,55.8909],[11.9378,55.8909],[11.938,55.8907],[11.9383,55.8907],[11.9384,55.8906],[11.9384,55.8904],[11.9382,55.8904],[11.9381,55.8904],[11.938,55.8905],[11.938,55.8906],[11.9377,55.8907]]]},"properties":{"sourceId":"ais_par3.162757","a_type":5120,"hectares":0.131}},{"type":"Feature","id":"ais_par3.162758","geometry":{"type":"Polygon","coordinates":[[[11.9542,55.8961],[11.9543,55.8959],[11.9546,55.8957],[11.9548,55.8956],[11.955,55.8955],[11.9551,55.8954],[11.9552,55.8952],[11.9555,55.8951],[11.9559,55.8948],[11.956,55.8948],[11.9563,55.8948],[11.9566,55.8948],[11.9568,55.8947],[11.957,55.8946],[11.9571,55.8945],[11.9571,55.8944],[11.9575,55.8941],[11.9577,55.894],[11.9578,55.8939],[11.9577,55.8938],[11.9566,55.8944],[11.9566,55.8945],[11.9569,55.8945],[11.9568,55.8946],[11.9566,55.8946],[11.9564,55.8947],[11.9561,55.8947],[11.9559,55.8947],[11.9558,55.8948],[11.9553,55.895],[11.9551,55.8951],[11.955,55.8953],[11.9549,55.8954],[11.9545,55.8956],[11.9544,55.8957],[11.9543,55.8958],[11.9541,55.8961],[11.9542,55.8961],[11.9542,55.8961]]]},"properties":{"sourceId":"ais_par3.162758","a_type":5120,"hectares":0.433}},{"type":"Feature","id":"ais_par3.162759","geometry":{"type":"Polygon","coordinates":[[[11.9585,55.8973],[11.9587,55.8974],[11.959,55.8974],[11.9592,55.8975],[11.9594,55.8977],[11.9596,55.8978],[11.9597,55.898],[11.9601,55.898],[11.9605,55.898],[11.9608,55.8979],[11.9609,55.8978],[11.9608,55.8976],[11.9607,55.8975],[11.9605,55.8976],[11.9605,55.8977],[11.9603,55.8979],[11.9601,55.8979],[11.9598,55.8978],[11.9597,55.8977],[11.9593,55.8974],[11.9592,55.8973],[11.959,55.8972],[11.9588,55.8971],[11.9585,55.8971],[11.9581,55.8973],[11.9585,55.8973]]]},"properties":{"sourceId":"ais_par3.162759","a_type":5120,"hectares":0.395}},{"type":"Feature","id":"ais_par3.162760","geometry":{"type":"Polygon","coordinates":[[[11.9719,55.9055],[11.9719,55.9055],[11.972,55.9055],[11.972,55.9055],[11.9721,55.9054],[11.9721,55.9054],[11.972,55.9054],[11.972,55.9053],[11.9719,55.9053],[11.9719,55.9053],[11.9718,55.9053],[11.9718,55.9054],[11.9718,55.9054],[11.9718,55.9054],[11.9718,55.9055],[11.9718,55.9055],[11.9719,55.9055]]]},"properties":{"sourceId":"ais_par3.162760","a_type":5120,"hectares":0.028}},{"type":"Feature","id":"ais_par3.162761","geometry":{"type":"Polygon","coordinates":[[[11.9736,55.9042],[11.9734,55.9041],[11.9733,55.904],[11.9732,55.9039],[11.9732,55.9042],[11.9736,55.9042]]]},"properties":{"sourceId":"ais_par3.162761","a_type":5120,"hectares":0.042}},{"type":"Feature","id":"ais_par3.162762","geometry":{"type":"Polygon","coordinates":[[[11.9833,55.904],[11.9834,55.904],[11.9834,55.9039],[11.9835,55.9039],[11.9835,55.9039],[11.9835,55.9039],[11.9835,55.9038],[11.9834,55.9038],[11.9834,55.9038],[11.9833,55.9038],[11.9832,55.9038],[11.9832,55.9038],[11.9832,55.9039],[11.9832,55.9039],[11.9832,55.9039],[11.9833,55.9039],[11.9833,55.904]]]},"properties":{"sourceId":"ais_par3.162762","a_type":5120,"hectares":0.028}},{"type":"Feature","id":"ais_par3.162763","geometry":{"type":"Polygon","coordinates":[[[11.98,55.9],[11.9802,55.9],[11.9804,55.9001],[11.9805,55.9],[11.9805,55.9],[11.9804,55.8998],[11.9802,55.8998],[11.98,55.8999],[11.98,55.9]]]},"properties":{"sourceId":"ais_par3.162763","a_type":5120,"hectares":0.069}},{"type":"Feature","id":"ais_par3.162764","geometry":{"type":"Polygon","coordinates":[[[11.9702,55.8903],[11.9704,55.8903],[11.9705,55.8903],[11.9707,55.8902],[11.9708,55.8901],[11.97,55.8902],[11.97,55.8902],[11.9702,55.8903]]]},"properties":{"sourceId":"ais_par3.162764","a_type":5120,"hectares":0.054}},{"type":"Feature","id":"ais_par3.162765","geometry":{"type":"Polygon","coordinates":[[[11.9811,55.8908],[11.9811,55.8908],[11.9812,55.8908],[11.9812,55.8907],[11.9812,55.8907],[11.9812,55.8907],[11.9812,55.8907],[11.9812,55.8906],[11.9811,55.8906],[11.9811,55.8906],[11.981,55.8906],[11.981,55.8907],[11.9809,55.8907],[11.9809,55.8907],[11.981,55.8908],[11.981,55.8908],[11.9811,55.8908]]]},"properties":{"sourceId":"ais_par3.162765","a_type":5120,"hectares":0.028}},{"type":"Feature","id":"ais_par3.162766","geometry":{"type":"Polygon","coordinates":[[[11.9708,55.8932],[11.9708,55.8932],[11.9709,55.8932],[11.9709,55.8931],[11.9708,55.8931],[11.9707,55.893],[11.9706,55.893],[11.9705,55.8931],[11.9705,55.8931],[11.9705,55.8932],[11.9705,55.8932],[11.9706,55.8932],[11.9708,55.8932]]]},"properties":{"sourceId":"ais_par3.162766","a_type":5120,"hectares":0.045}},{"type":"Feature","id":"ais_par3.162767","geometry":{"type":"Polygon","coordinates":[[[11.997,55.9043],[11.997,55.9043],[11.9971,55.9043],[11.9973,55.9043],[11.9975,55.9042],[11.9977,55.9042],[11.9976,55.9041],[11.9975,55.9042],[11.9972,55.9042],[11.997,55.9043],[11.9968,55.9043],[11.997,55.9043]]]},"properties":{"sourceId":"ais_par3.162767","a_type":5120,"hectares":0.035}},{"type":"Feature","id":"ais_par3.162768","geometry":{"type":"Polygon","coordinates":[[[11.9982,55.9035],[11.9983,55.9035],[11.9983,55.9035],[11.9984,55.9035],[11.9984,55.9034],[11.9984,55.9034],[11.9984,55.9034],[11.9983,55.9033],[11.9982,55.9033],[11.9982,55.9033],[11.9981,55.9033],[11.9981,55.9034],[11.9981,55.9034],[11.9981,55.9034],[11.9981,55.9035],[11.9981,55.9035],[11.9982,55.9035]]]},"properties":{"sourceId":"ais_par3.162768","a_type":5120,"hectares":0.028}},{"type":"Feature","id":"ais_par3.162769","geometry":{"type":"Polygon","coordinates":[[[12.0051,55.9011],[12.0051,55.9012],[12.0052,55.9013],[12.0053,55.9012],[12.0053,55.9012],[12.0052,55.901],[12.0052,55.901],[12.0051,55.9011]]]},"properties":{"sourceId":"ais_par3.162769","a_type":5120,"hectares":0.018}},{"type":"Feature","id":"ais_par3.162770","geometry":{"type":"Polygon","coordinates":[[[12.0051,55.9008],[12.0053,55.9008],[12.0056,55.9008],[12.0058,55.9007],[12.0057,55.9007],[12.0054,55.9007],[12.0052,55.9007],[12.0052,55.9007],[12.0051,55.9008]]]},"properties":{"sourceId":"ais_par3.162770","a_type":5120,"hectares":0.033}},{"type":"Feature","id":"ais_par3.162771","geometry":{"type":"Polygon","coordinates":[[[12.0078,55.8928],[12.0078,55.8928],[12.008,55.8927],[12.008,55.8926],[12.0079,55.8925],[12.0078,55.8926],[12.0077,55.8927],[12.0076,55.8928],[12.0078,55.8928]]]},"properties":{"sourceId":"ais_par3.162771","a_type":5120,"hectares":0.047}},{"type":"Feature","id":"ais_par3.162772","geometry":{"type":"Polygon","coordinates":[[[11.9779,55.8774],[11.9779,55.8774],[11.978,55.8774],[11.978,55.8774],[11.978,55.8773],[11.978,55.8773],[11.978,55.8773],[11.978,55.8772],[11.9779,55.8772],[11.9779,55.8772],[11.9778,55.8772],[11.9778,55.8773],[11.9777,55.8773],[11.9777,55.8773],[11.9778,55.8774],[11.9778,55.8774],[11.9779,55.8774]]]},"properties":{"sourceId":"ais_par3.162772","a_type":5120,"hectares":0.028}},{"type":"Feature","id":"ais_par3.162773","geometry":{"type":"Polygon","coordinates":[[[11.9443,55.8761],[11.9444,55.876],[11.9444,55.8759],[11.9445,55.8759],[11.9443,55.8759],[11.9441,55.8759],[11.9441,55.876],[11.9441,55.876],[11.9443,55.8761]]]},"properties":{"sourceId":"ais_par3.162773","a_type":5120,"hectares":0.032}},{"type":"Feature","id":"ais_par3.162774","geometry":{"type":"Polygon","coordinates":[[[11.9445,55.8756],[11.9444,55.8755],[11.9442,55.8754],[11.9441,55.8755],[11.9441,55.8756],[11.9442,55.8757],[11.9442,55.8757],[11.9445,55.8756]]]},"properties":{"sourceId":"ais_par3.162774","a_type":5120,"hectares":0.049}},{"type":"Feature","id":"ais_par3.162775","geometry":{"type":"Polygon","coordinates":[[[11.9451,55.8753],[11.9448,55.8754],[11.9447,55.8754],[11.9446,55.8756],[11.9448,55.8756],[11.945,55.8756],[11.9453,55.8756],[11.9451,55.8753]]]},"properties":{"sourceId":"ais_par3.162775","a_type":5120,"hectares":0.086}},{"type":"Feature","id":"ais_par3.162776","geometry":{"type":"Polygon","coordinates":[[[11.9515,55.8832],[11.9517,55.8831],[11.9518,55.8831],[11.952,55.883],[11.9521,55.883],[11.952,55.8829],[11.9517,55.8829],[11.9515,55.883],[11.9513,55.8831],[11.9515,55.8832]]]},"properties":{"sourceId":"ais_par3.162776","a_type":5120,"hectares":0.075}},{"type":"Feature","id":"ais_par3.162935","geometry":{"type":"Polygon","coordinates":[[[12.1236,55.9362],[12.1236,55.9359],[12.1235,55.9359],[12.1233,55.9359],[12.1233,55.936],[12.1233,55.9362],[12.1234,55.9362],[12.1235,55.9362],[12.1236,55.9362]]]},"properties":{"sourceId":"ais_par3.162935","a_type":5120,"hectares":0.071}},{"type":"Feature","id":"ais_par3.162936","geometry":{"type":"Polygon","coordinates":[[[12.0971,55.9349],[12.0972,55.9349],[12.0974,55.9349],[12.0974,55.9348],[12.0972,55.9348],[12.0971,55.9348],[12.097,55.9349],[12.0971,55.9349]]]},"properties":{"sourceId":"ais_par3.162936","a_type":5120,"hectares":0.038}},{"type":"Feature","id":"ais_par3.162937","geometry":{"type":"Polygon","coordinates":[[[12.0956,55.9344],[12.0955,55.9345],[12.0956,55.9346],[12.0959,55.9346],[12.0962,55.9347],[12.0964,55.9346],[12.0965,55.9345],[12.0963,55.9344],[12.096,55.9344],[12.0957,55.9343],[12.0956,55.9343],[12.0956,55.9344]]]},"properties":{"sourceId":"ais_par3.162937","a_type":5120,"hectares":0.139}},{"type":"Feature","id":"ais_par3.162938","geometry":{"type":"Polygon","coordinates":[[[12.1,55.9288],[12.1,55.9285],[12.0997,55.9285],[12.0997,55.9286],[12.0998,55.9286],[12.0998,55.9288],[12.1,55.9288]]]},"properties":{"sourceId":"ais_par3.162938","a_type":5120,"hectares":0.05}},{"type":"Feature","id":"ais_par3.162939","geometry":{"type":"Polygon","coordinates":[[[12.1038,55.9254],[12.1039,55.9253],[12.104,55.9253],[12.1041,55.9252],[12.104,55.9252],[12.1038,55.9253],[12.1037,55.9254],[12.1038,55.9254]]]},"properties":{"sourceId":"ais_par3.162939","a_type":5120,"hectares":0.023}},{"type":"Feature","id":"ais_par3.162940","geometry":{"type":"Polygon","coordinates":[[[12.1068,55.9235],[12.107,55.9235],[12.107,55.9234],[12.1069,55.9232],[12.1067,55.9233],[12.1066,55.9234],[12.1065,55.9234],[12.1066,55.9235],[12.1068,55.9235]]]},"properties":{"sourceId":"ais_par3.162940","a_type":5120,"hectares":0.077}},{"type":"Feature","id":"ais_par3.162941","geometry":{"type":"Polygon","coordinates":[[[12.1074,55.924],[12.1074,55.9239],[12.1076,55.9238],[12.1076,55.9237],[12.1068,55.9238],[12.1071,55.9241],[12.1074,55.924]]]},"properties":{"sourceId":"ais_par3.162941","a_type":5120,"hectares":0.115}},{"type":"Feature","id":"ais_par3.162942","geometry":{"type":"Polygon","coordinates":[[[12.1093,55.9252],[12.1093,55.9251],[12.1092,55.9251],[12.109,55.9251],[12.109,55.9252],[12.1091,55.9253],[12.1094,55.9253],[12.1096,55.9252],[12.1096,55.9252],[12.1094,55.9252],[12.1093,55.9252]]]},"properties":{"sourceId":"ais_par3.162942","a_type":5120,"hectares":0.061}},{"type":"Feature","id":"ais_par3.162943","geometry":{"type":"Polygon","coordinates":[[[12.0946,55.9289],[12.0947,55.9289],[12.0948,55.9287],[12.0947,55.9286],[12.0946,55.9286],[12.0945,55.9286],[12.0944,55.9288],[12.0944,55.9289],[12.0946,55.9289]]]},"properties":{"sourceId":"ais_par3.162943","a_type":5120,"hectares":0.053}},{"type":"Feature","id":"ais_par3.162944","geometry":{"type":"Polygon","coordinates":[[[12.0933,55.9319],[12.0934,55.9317],[12.0935,55.9313],[12.0933,55.9313],[12.0931,55.9314],[12.093,55.9315],[12.093,55.9317],[12.0932,55.9317],[12.0931,55.9319],[12.0933,55.9319]]]},"properties":{"sourceId":"ais_par3.162944","a_type":5120,"hectares":0.136}},{"type":"Feature","id":"ais_par3.162945","geometry":{"type":"Polygon","coordinates":[[[12.0886,55.9307],[12.0886,55.9307],[12.0887,55.9306],[12.0889,55.9305],[12.0887,55.9305],[12.0886,55.9306],[12.0884,55.9307],[12.0886,55.9307]]]},"properties":{"sourceId":"ais_par3.162945","a_type":5120,"hectares":0.021}},{"type":"Feature","id":"ais_par3.162946","geometry":{"type":"Polygon","coordinates":[[[12.0876,55.9297],[12.0876,55.9298],[12.0879,55.9297],[12.0877,55.9297],[12.0876,55.9297]]]},"properties":{"sourceId":"ais_par3.162946","a_type":5120,"hectares":0.008}},{"type":"Feature","id":"ais_par3.162947","geometry":{"type":"Polygon","coordinates":[[[12.0892,55.9296],[12.0892,55.9296],[12.0892,55.9295],[12.0888,55.9295],[12.0887,55.9294],[12.089,55.9291],[12.0886,55.9293],[12.0885,55.9296],[12.0891,55.9296],[12.0892,55.9296]]]},"properties":{"sourceId":"ais_par3.162947","a_type":5120,"hectares":0.089}},{"type":"Feature","id":"ais_par3.162954","geometry":{"type":"Polygon","coordinates":[[[12.1158,55.9339],[12.1159,55.9339],[12.1164,55.9337],[12.1158,55.9334],[12.1158,55.9339]]]},"properties":{"sourceId":"ais_par3.162954","a_type":5120,"hectares":0.096}},{"type":"Feature","id":"ais_par3.162955","geometry":{"type":"Polygon","coordinates":[[[12.1047,55.9336],[12.1047,55.9338],[12.1048,55.9338],[12.1049,55.9338],[12.1051,55.9338],[12.1052,55.9337],[12.1053,55.9336],[12.105,55.9336],[12.1046,55.9336],[12.1047,55.9336]]]},"properties":{"sourceId":"ais_par3.162955","a_type":5120,"hectares":0.101}},{"type":"Feature","id":"ais_par3.162956","geometry":{"type":"Polygon","coordinates":[[[12.1173,55.914],[12.1173,55.914],[12.1173,55.9139],[12.1171,55.9139],[12.1171,55.9139],[12.117,55.914],[12.1171,55.9141],[12.1173,55.914]]]},"properties":{"sourceId":"ais_par3.162956","a_type":5120,"hectares":0.022}},{"type":"Feature","id":"ais_par3.162957","geometry":{"type":"Polygon","coordinates":[[[12.1179,55.9141],[12.1178,55.914],[12.1175,55.914],[12.1175,55.9141],[12.1175,55.9141],[12.1179,55.9141]]]},"properties":{"sourceId":"ais_par3.162957","a_type":5120,"hectares":0.03}},{"type":"Feature","id":"ais_par3.162958","geometry":{"type":"Polygon","coordinates":[[[12.1156,55.9157],[12.1156,55.9154],[12.1155,55.9153],[12.1154,55.9153],[12.1153,55.9154],[12.1152,55.9154],[12.1152,55.9156],[12.1153,55.9156],[12.1154,55.9157],[12.1156,55.9157]]]},"properties":{"sourceId":"ais_par3.162958","a_type":5120,"hectares":0.077}},{"type":"Feature","id":"ais_par3.162959","geometry":{"type":"Polygon","coordinates":[[[12.1245,55.92],[12.1244,55.9197],[12.1243,55.9196],[12.1242,55.9196],[12.124,55.9196],[12.1238,55.9199],[12.1237,55.9199],[12.1236,55.92],[12.1238,55.92],[12.1239,55.92],[12.1238,55.92],[12.1239,55.9199],[12.1241,55.9199],[12.1241,55.9198],[12.1243,55.9198],[12.1243,55.9199],[12.1243,55.92],[12.1245,55.92]]]},"properties":{"sourceId":"ais_par3.162959","a_type":5120,"hectares":0.14}}]}
