{"type":"FeatureCollection","metadata":{"kommuneKode":"0492","kommuneNavn":"Ærø","source":"https://wfs2-miljoegis.mim.dk/natur/ows","layer":"natur:ais_par3","bbox":[10.204287309535038,54.81623177672234,10.546313587351134,54.97182382412367],"fetchedAt":"2026-06-12T20:55:40.975640+00:00"},"features":[{"type":"Feature","id":"ais_par3.137422","geometry":{"type":"Polygon","coordinates":[[[10.437,54.8535],[10.4354,54.8536],[10.4357,54.8527],[10.4358,54.852],[10.4347,54.8521],[10.4347,54.8522],[10.4347,54.8523],[10.4345,54.8528],[10.4346,54.8537],[10.4337,54.8537],[10.4334,54.8538],[10.4338,54.8543],[10.4341,54.8542],[10.4345,54.854],[10.4347,54.8539],[10.435,54.8539],[10.4351,54.8539],[10.4355,54.8543],[10.4356,54.8546],[10.4356,54.8546],[10.4356,54.8547],[10.4358,54.8548],[10.4358,54.8548],[10.436,54.8548],[10.4361,54.8547],[10.4361,54.8547],[10.4373,54.8542],[10.4377,54.8541],[10.438,54.8539],[10.4381,54.8539],[10.4382,54.8538],[10.4383,54.8537],[10.4384,54.8536],[10.4385,54.8535],[10.4386,54.8534],[10.4387,54.8534],[10.4386,54.8533],[10.437,54.8535]]]},"properties":{"sourceId":"ais_par3.137422","a_type":3210,"hectares":3.551}},{"type":"Feature","id":"ais_par3.137423","geometry":{"type":"Polygon","coordinates":[[[10.3802,54.8819],[10.3796,54.8821],[10.3792,54.8824],[10.3792,54.8827],[10.3792,54.8827],[10.3793,54.8828],[10.3793,54.8828],[10.3794,54.8828],[10.3796,54.8828],[10.3798,54.8828],[10.3799,54.8829],[10.3802,54.883],[10.3802,54.883],[10.3802,54.883],[10.3806,54.8832],[10.3813,54.8829],[10.3814,54.8829],[10.3815,54.883],[10.3816,54.883],[10.3818,54.8832],[10.3818,54.8835],[10.3819,54.8834],[10.3819,54.8833],[10.382,54.8831],[10.382,54.883],[10.382,54.8828],[10.3821,54.8826],[10.3822,54.8825],[10.3822,54.8824],[10.382,54.8822],[10.3819,54.8822],[10.3802,54.8819]],[[10.3812,54.8827],[10.3813,54.8827],[10.3813,54.8827],[10.3813,54.8827],[10.3814,54.8828],[10.3814,54.8828],[10.3814,54.8828],[10.3814,54.8828],[10.3814,54.8828],[10.3813,54.8828],[10.3813,54.8828],[10.3812,54.8828],[10.3812,54.8828],[10.3812,54.8827],[10.3812,54.8827]]]},"properties":{"sourceId":"ais_par3.137423","a_type":3210,"hectares":1.886}},{"type":"Feature","id":"ais_par3.137424","geometry":{"type":"Polygon","coordinates":[[[10.3119,54.905],[10.3118,54.9051],[10.3118,54.9051],[10.3117,54.9051],[10.3116,54.9052],[10.3116,54.9052],[10.3116,54.9052],[10.3117,54.9053],[10.312,54.9055],[10.3121,54.9056],[10.3123,54.9055],[10.3128,54.9052],[10.3132,54.905],[10.314,54.9047],[10.3144,54.905],[10.3145,54.905],[10.3152,54.9047],[10.3163,54.9042],[10.3165,54.9041],[10.3162,54.9039],[10.3159,54.9037],[10.3159,54.9037],[10.3154,54.904],[10.3145,54.9044],[10.314,54.9046],[10.314,54.9047],[10.3138,54.9045],[10.3137,54.9045],[10.3126,54.9049],[10.3122,54.905],[10.3119,54.905]]]},"properties":{"sourceId":"ais_par3.137424","a_type":3210,"hectares":1.507}},{"type":"Feature","id":"ais_par3.137425","geometry":{"type":"Polygon","coordinates":[[[10.2917,54.9042],[10.2912,54.9043],[10.2913,54.9043],[10.2918,54.9048],[10.2922,54.9047],[10.2917,54.9042]]]},"properties":{"sourceId":"ais_par3.137425","a_type":3210,"hectares":0.197}},{"type":"Feature","id":"ais_par3.137426","geometry":{"type":"Polygon","coordinates":[[[10.3045,54.8836],[10.3044,54.8836],[10.3042,54.8837],[10.3041,54.8837],[10.3039,54.8838],[10.3038,54.8838],[10.3037,54.8838],[10.3037,54.8838],[10.3035,54.8839],[10.3035,54.8839],[10.3034,54.8839],[10.3032,54.884],[10.3033,54.8841],[10.3033,54.8841],[10.3034,54.8842],[10.3035,54.8842],[10.3035,54.8842],[10.3037,54.8842],[10.3038,54.8843],[10.3038,54.8843],[10.3039,54.8843],[10.3039,54.8844],[10.3039,54.8844],[10.3039,54.8845],[10.3039,54.8846],[10.3044,54.8851],[10.3044,54.8851],[10.3047,54.8851],[10.3044,54.8848],[10.3043,54.8847],[10.3043,54.8846],[10.3043,54.8846],[10.3043,54.8846],[10.3042,54.8845],[10.3042,54.8845],[10.3042,54.8843],[10.3041,54.8842],[10.304,54.8842],[10.3039,54.8841],[10.3036,54.8841],[10.3036,54.884],[10.3035,54.8839],[10.3035,54.8839],[10.304,54.8839],[10.3043,54.8839],[10.3046,54.8838],[10.3049,54.8837],[10.3049,54.8837],[10.305,54.8837],[10.305,54.8837],[10.3051,54.8836],[10.3052,54.8836],[10.3053,54.8836],[10.3058,54.8836],[10.306,54.8835],[10.306,54.8835],[10.3062,54.8833],[10.3064,54.8832],[10.3065,54.8831],[10.3067,54.8831],[10.3073,54.8829],[10.3074,54.8829],[10.3077,54.8826],[10.3077,54.8826],[10.3078,54.8824],[10.3049,54.8835],[10.3045,54.8836]]]},"properties":{"sourceId":"ais_par3.137426","a_type":3210,"hectares":1.124}},{"type":"Feature","id":"ais_par3.137427","geometry":{"type":"Polygon","coordinates":[[[10.3245,54.874],[10.3242,54.874],[10.3238,54.8739],[10.3234,54.8739],[10.3234,54.8739],[10.3233,54.8742],[10.3233,54.8742],[10.3242,54.8743],[10.3248,54.8744],[10.3265,54.8745],[10.3272,54.8746],[10.3273,54.8745],[10.3274,54.8744],[10.3273,54.8743],[10.327,54.8742],[10.3267,54.8742],[10.3262,54.8741],[10.3257,54.874],[10.3251,54.874],[10.3245,54.874]]]},"properties":{"sourceId":"ais_par3.137427","a_type":3210,"hectares":1.078}},{"type":"Feature","id":"ais_par3.137428","geometry":{"type":"Polygon","coordinates":[[[10.3856,54.8508],[10.3856,54.851],[10.3856,54.851],[10.3856,54.851],[10.3857,54.851],[10.3858,54.8511],[10.3859,54.8512],[10.3858,54.8512],[10.3858,54.8512],[10.3857,54.8513],[10.3854,54.8513],[10.3852,54.8513],[10.3851,54.8513],[10.3852,54.8517],[10.3852,54.8517],[10.3853,54.8516],[10.3854,54.8516],[10.3855,54.8515],[10.3855,54.8515],[10.3856,54.8515],[10.3857,54.8514],[10.3859,54.8514],[10.386,54.8513],[10.3863,54.8512],[10.3863,54.8511],[10.3863,54.8511],[10.3862,54.8508],[10.3862,54.8505],[10.3862,54.8505],[10.3862,54.8505],[10.3862,54.8504],[10.3862,54.8504],[10.3864,54.8503],[10.3864,54.8503],[10.3865,54.8502],[10.3867,54.8501],[10.3869,54.85],[10.3869,54.8499],[10.3862,54.8502],[10.386,54.8503],[10.3857,54.8507],[10.3856,54.8508]]]},"properties":{"sourceId":"ais_par3.137428","a_type":3210,"hectares":0.533}},{"type":"Feature","id":"ais_par3.137429","geometry":{"type":"Polygon","coordinates":[[[10.2203,54.9643],[10.2202,54.9643],[10.2202,54.9643],[10.2202,54.9644],[10.2202,54.9644],[10.2202,54.9645],[10.2202,54.9646],[10.2201,54.9647],[10.22,54.9647],[10.2199,54.9648],[10.2198,54.9648],[10.2197,54.9649],[10.2197,54.965],[10.2196,54.9651],[10.2195,54.9652],[10.2195,54.9652],[10.2194,54.9652],[10.2194,54.9653],[10.2193,54.9654],[10.2192,54.9655],[10.2191,54.9655],[10.2193,54.9656],[10.2193,54.9656],[10.2194,54.9655],[10.2195,54.9655],[10.2196,54.9654],[10.22,54.9651],[10.2202,54.9649],[10.2206,54.9645],[10.2208,54.9643],[10.2209,54.9642],[10.221,54.964],[10.2211,54.9639],[10.2213,54.9638],[10.2213,54.9637],[10.2214,54.9637],[10.2216,54.9637],[10.2217,54.9635],[10.2217,54.9633],[10.2219,54.9631],[10.2219,54.963],[10.222,54.9629],[10.2221,54.9628],[10.2221,54.9627],[10.2221,54.9627],[10.2222,54.9626],[10.2223,54.9624],[10.2224,54.9623],[10.2225,54.9623],[10.2226,54.9622],[10.2226,54.9622],[10.2227,54.9622],[10.2227,54.9621],[10.2227,54.9621],[10.2227,54.9621],[10.2228,54.9621],[10.2229,54.962],[10.2229,54.962],[10.223,54.9619],[10.223,54.9619],[10.2231,54.9619],[10.2231,54.9619],[10.2232,54.9618],[10.2232,54.9618],[10.2232,54.9618],[10.223,54.9617],[10.223,54.9617],[10.2229,54.9618],[10.2227,54.9619],[10.2225,54.9621],[10.2223,54.9621],[10.2223,54.9622],[10.2223,54.9622],[10.2222,54.9623],[10.2221,54.9623],[10.2221,54.9624],[10.2219,54.9625],[10.2219,54.9625],[10.2218,54.9626],[10.2217,54.9626],[10.2216,54.9627],[10.2215,54.9628],[10.2216,54.9628],[10.2217,54.9629],[10.2217,54.963],[10.2217,54.9631],[10.2216,54.9632],[10.2215,54.9633],[10.2215,54.9633],[10.2214,54.9634],[10.2214,54.9634],[10.2213,54.9635],[10.2213,54.9635],[10.2213,54.9635],[10.2212,54.9635],[10.2212,54.9636],[10.2211,54.9636],[10.2211,54.9637],[10.221,54.9638],[10.2207,54.964],[10.2206,54.9641],[10.2205,54.9642],[10.2204,54.9642],[10.2203,54.9643]]]},"properties":{"sourceId":"ais_par3.137429","a_type":3210,"hectares":1.026}},{"type":"Feature","id":"ais_par3.137430","geometry":{"type":"Polygon","coordinates":[[[10.3288,54.895],[10.3287,54.8951],[10.3293,54.8952],[10.3294,54.8952],[10.3296,54.895],[10.3301,54.8947],[10.3301,54.8946],[10.3301,54.8946],[10.3302,54.8946],[10.3302,54.8946],[10.3302,54.8945],[10.3308,54.8941],[10.3304,54.8938],[10.3285,54.8947],[10.3288,54.8949],[10.3288,54.8949],[10.3288,54.895]]]},"properties":{"sourceId":"ais_par3.137430","a_type":3210,"hectares":0.968}},{"type":"Feature","id":"ais_par3.137431","geometry":{"type":"Polygon","coordinates":[[[10.3326,54.8917],[10.3323,54.8918],[10.332,54.8919],[10.3318,54.8919],[10.3316,54.892],[10.332,54.8924],[10.3324,54.8929],[10.3326,54.8929],[10.333,54.8927],[10.3333,54.8926],[10.3336,54.8924],[10.3337,54.8923],[10.3342,54.8922],[10.3345,54.8921],[10.3348,54.8919],[10.335,54.8918],[10.3352,54.8917],[10.3352,54.8917],[10.3351,54.8916],[10.3349,54.8916],[10.3345,54.8916],[10.334,54.8915],[10.3336,54.8915],[10.3331,54.8916],[10.3328,54.8917],[10.3326,54.8917]]]},"properties":{"sourceId":"ais_par3.137431","a_type":3210,"hectares":1.817}},{"type":"Feature","id":"ais_par3.137432","geometry":{"type":"Polygon","coordinates":[[[10.3346,54.8923],[10.3342,54.8925],[10.334,54.8925],[10.3344,54.8928],[10.3355,54.8924],[10.335,54.8921],[10.3349,54.8922],[10.3348,54.8922],[10.3347,54.8923],[10.3346,54.8923]]]},"properties":{"sourceId":"ais_par3.137432","a_type":3210,"hectares":0.318}},{"type":"Feature","id":"ais_par3.137433","geometry":{"type":"Polygon","coordinates":[[[10.3382,54.8944],[10.3381,54.8944],[10.3383,54.8945],[10.3385,54.8947],[10.3391,54.895],[10.3393,54.895],[10.3399,54.8946],[10.3397,54.8947],[10.3395,54.8947],[10.3394,54.8947],[10.3394,54.8943],[10.3394,54.8941],[10.3393,54.894],[10.3391,54.8938],[10.3391,54.8938],[10.3389,54.894],[10.3382,54.8944]]]},"properties":{"sourceId":"ais_par3.137433","a_type":3210,"hectares":0.675}},{"type":"Feature","id":"ais_par3.137434","geometry":{"type":"Polygon","coordinates":[[[10.2763,54.9022],[10.2761,54.9024],[10.276,54.9024],[10.2753,54.9023],[10.2754,54.9023],[10.2754,54.9023],[10.2754,54.9023],[10.2755,54.9023],[10.2758,54.9025],[10.2759,54.9025],[10.276,54.9026],[10.2761,54.9026],[10.2763,54.9026],[10.2764,54.9026],[10.2765,54.9026],[10.2767,54.9027],[10.2768,54.9027],[10.277,54.9027],[10.2773,54.9025],[10.2774,54.9024],[10.2771,54.9023],[10.2769,54.9025],[10.2767,54.9024],[10.2766,54.9023],[10.2765,54.9023],[10.2763,54.9022]]]},"properties":{"sourceId":"ais_par3.137434","a_type":3210,"hectares":0.313}},{"type":"Feature","id":"ais_par3.137435","geometry":{"type":"Polygon","coordinates":[[[10.3305,54.8796],[10.3304,54.8796],[10.3303,54.8797],[10.3303,54.8798],[10.3303,54.8798],[10.3304,54.8798],[10.3305,54.8797],[10.3307,54.8796],[10.3308,54.8795],[10.3312,54.8794],[10.3312,54.8794],[10.3311,54.8793],[10.3305,54.8796]]]},"properties":{"sourceId":"ais_par3.137435","a_type":3210,"hectares":0.08}},{"type":"Feature","id":"ais_par3.137436","geometry":{"type":"Polygon","coordinates":[[[10.3947,54.914],[10.3935,54.9143],[10.3934,54.9143],[10.3933,54.9143],[10.3932,54.9143],[10.3932,54.9143],[10.3932,54.9144],[10.3932,54.9144],[10.3933,54.9144],[10.3936,54.9144],[10.3938,54.9144],[10.3939,54.9144],[10.395,54.9142],[10.3951,54.9141],[10.3952,54.9141],[10.3954,54.914],[10.3956,54.9139],[10.3966,54.9133],[10.3969,54.9132],[10.3972,54.913],[10.3974,54.9128],[10.3974,54.9127],[10.3974,54.9127],[10.3987,54.9119],[10.3996,54.9114],[10.3997,54.9113],[10.3997,54.9113],[10.3999,54.9112],[10.4,54.9112],[10.4008,54.9106],[10.4011,54.9104],[10.4014,54.9101],[10.4009,54.9104],[10.4007,54.9105],[10.4006,54.9107],[10.4004,54.9108],[10.4003,54.9108],[10.3994,54.9114],[10.3986,54.9119],[10.3978,54.9123],[10.3971,54.9127],[10.3969,54.9129],[10.3967,54.913],[10.396,54.9134],[10.3959,54.9134],[10.3958,54.9135],[10.3957,54.9135],[10.3955,54.9136],[10.3954,54.9137],[10.3952,54.9138],[10.395,54.9139],[10.3948,54.914],[10.3947,54.914]]]},"properties":{"sourceId":"ais_par3.137436","a_type":3210,"hectares":1.068}},{"type":"Feature","id":"ais_par3.137437","geometry":{"type":"Polygon","coordinates":[[[10.3933,54.8936],[10.393,54.8939],[10.3934,54.894],[10.3936,54.894],[10.3938,54.894],[10.3941,54.894],[10.3942,54.894],[10.3943,54.894],[10.3946,54.894],[10.3948,54.8941],[10.3949,54.8941],[10.395,54.8941],[10.3952,54.894],[10.395,54.894],[10.3949,54.8939],[10.3947,54.8939],[10.3946,54.8938],[10.3945,54.8938],[10.3944,54.8939],[10.3944,54.8939],[10.3943,54.894],[10.3942,54.894],[10.3942,54.894],[10.3939,54.8937],[10.3937,54.8935],[10.3933,54.8936]]]},"properties":{"sourceId":"ais_par3.137437","a_type":3210,"hectares":0.352}},{"type":"Feature","id":"ais_par3.137438","geometry":{"type":"Polygon","coordinates":[[[10.3609,54.8956],[10.3607,54.8957],[10.3604,54.8957],[10.3603,54.8958],[10.3602,54.8958],[10.3601,54.8958],[10.3599,54.8959],[10.3598,54.8959],[10.3595,54.896],[10.3594,54.896],[10.3589,54.8962],[10.3588,54.8962],[10.3584,54.8963],[10.3581,54.8963],[10.3578,54.8964],[10.3572,54.8965],[10.3568,54.8965],[10.3565,54.8965],[10.3562,54.8965],[10.356,54.8964],[10.3559,54.8964],[10.3557,54.8964],[10.3557,54.8964],[10.3555,54.8964],[10.3549,54.8963],[10.3546,54.8963],[10.3543,54.8962],[10.3543,54.8962],[10.3542,54.8962],[10.3542,54.8962],[10.3541,54.8962],[10.354,54.8962],[10.3539,54.8962],[10.3535,54.8963],[10.3532,54.8962],[10.3531,54.8962],[10.3531,54.8963],[10.3532,54.8963],[10.3534,54.8963],[10.3537,54.8963],[10.354,54.8963],[10.3541,54.8963],[10.3543,54.8963],[10.3546,54.8964],[10.3549,54.8964],[10.3551,54.8964],[10.3554,54.8964],[10.3558,54.8965],[10.3563,54.8965],[10.3566,54.8966],[10.3572,54.8965],[10.3575,54.8965],[10.3577,54.8965],[10.358,54.8965],[10.3582,54.8964],[10.3585,54.8963],[10.3587,54.8963],[10.3588,54.8963],[10.3589,54.8963],[10.359,54.8962],[10.3592,54.8962],[10.3592,54.8962],[10.3593,54.8961],[10.3593,54.8961],[10.3595,54.8961],[10.3596,54.8961],[10.3598,54.896],[10.3601,54.8959],[10.3605,54.8958],[10.3608,54.8957],[10.3611,54.8957],[10.3614,54.8956],[10.3616,54.8955],[10.3618,54.8955],[10.362,54.8954],[10.3622,54.8954],[10.3624,54.8954],[10.3625,54.8953],[10.3628,54.8953],[10.3631,54.8952],[10.3633,54.8952],[10.3635,54.8951],[10.3636,54.8951],[10.3639,54.8949],[10.3642,54.8948],[10.3643,54.8947],[10.3645,54.8946],[10.3646,54.8945],[10.3648,54.8944],[10.3649,54.8943],[10.3651,54.894],[10.3652,54.8939],[10.3652,54.8937],[10.3653,54.8936],[10.3653,54.8935],[10.3653,54.8934],[10.3654,54.8933],[10.3654,54.8931],[10.3654,54.8931],[10.3653,54.8931],[10.3652,54.8931],[10.3652,54.8932],[10.3652,54.8933],[10.3651,54.8934],[10.365,54.8938],[10.3649,54.894],[10.3648,54.8941],[10.3647,54.8942],[10.3647,54.8942],[10.3646,54.8943],[10.3644,54.8945],[10.3639,54.8948],[10.3636,54.8949],[10.3633,54.8951],[10.3631,54.8951],[10.3628,54.8952],[10.3626,54.8952],[10.3624,54.8952],[10.3623,54.8953],[10.3622,54.8953],[10.362,54.8953],[10.362,54.8953],[10.3619,54.8953],[10.3618,54.8953],[10.3618,54.8954],[10.3616,54.8954],[10.3613,54.8955],[10.3609,54.8956]]]},"properties":{"sourceId":"ais_par3.137438","a_type":3210,"hectares":1.039}},{"type":"Feature","id":"ais_par3.137439","geometry":{"type":"Polygon","coordinates":[[[10.2047,54.967],[10.2046,54.9673],[10.2046,54.9674],[10.2046,54.9676],[10.2046,54.9677],[10.2046,54.9679],[10.2046,54.968],[10.2046,54.9681],[10.2046,54.9683],[10.2046,54.9684],[10.2044,54.9689],[10.2044,54.969],[10.2044,54.9692],[10.2044,54.9694],[10.2045,54.9695],[10.2045,54.9696],[10.2044,54.9699],[10.2044,54.97],[10.2044,54.97],[10.2044,54.97],[10.2044,54.9701],[10.2045,54.9701],[10.2045,54.9701],[10.2045,54.9702],[10.2045,54.9703],[10.2046,54.9704],[10.2046,54.9704],[10.2046,54.9704],[10.2047,54.9705],[10.2047,54.9705],[10.2047,54.9706],[10.2047,54.9706],[10.2047,54.9706],[10.2048,54.9707],[10.2048,54.9708],[10.2048,54.9708],[10.2049,54.9709],[10.2049,54.9709],[10.205,54.971],[10.205,54.971],[10.205,54.971],[10.205,54.9711],[10.2051,54.9712],[10.2052,54.9713],[10.2052,54.9713],[10.2053,54.9714],[10.2053,54.9714],[10.2054,54.9714],[10.2054,54.9715],[10.2056,54.9716],[10.2057,54.9716],[10.2058,54.9717],[10.2059,54.9717],[10.2061,54.9717],[10.2062,54.9717],[10.2063,54.9717],[10.2063,54.9717],[10.2064,54.9717],[10.2064,54.9717],[10.2065,54.9717],[10.2065,54.9717],[10.2066,54.9717],[10.2069,54.9716],[10.207,54.9717],[10.2071,54.9717],[10.2072,54.9716],[10.2072,54.9716],[10.2073,54.9716],[10.2074,54.9716],[10.2076,54.9716],[10.2076,54.9716],[10.2077,54.9715],[10.2078,54.9715],[10.2078,54.9715],[10.2079,54.9715],[10.2079,54.9715],[10.208,54.9715],[10.208,54.9715],[10.2081,54.9715],[10.2081,54.9715],[10.2082,54.9715],[10.2082,54.9715],[10.2083,54.9715],[10.2083,54.9715],[10.2084,54.9714],[10.2085,54.9714],[10.2086,54.9714],[10.2088,54.9714],[10.2089,54.9713],[10.209,54.9713],[10.2091,54.9712],[10.2092,54.9712],[10.2094,54.9712],[10.2096,54.9711],[10.2097,54.971],[10.2098,54.9709],[10.2099,54.9709],[10.21,54.9708],[10.2104,54.9707],[10.2104,54.9707],[10.2105,54.9706],[10.2106,54.9706],[10.2106,54.9706],[10.2105,54.9706],[10.2105,54.9706],[10.2105,54.9706],[10.2102,54.9707],[10.21,54.9708],[10.2098,54.9709],[10.2096,54.971],[10.2094,54.9711],[10.2091,54.9712],[10.209,54.9712],[10.2087,54.9713],[10.2085,54.9713],[10.2084,54.9713],[10.2083,54.9714],[10.2081,54.9714],[10.2079,54.9714],[10.2078,54.9715],[10.2077,54.9715],[10.2075,54.9715],[10.2074,54.9715],[10.2072,54.9716],[10.2072,54.9716],[10.207,54.9716],[10.2068,54.9716],[10.2066,54.9716],[10.2065,54.9716],[10.2063,54.9716],[10.2061,54.9716],[10.206,54.9716],[10.2058,54.9716],[10.2057,54.9715],[10.2056,54.9715],[10.2056,54.9714],[10.2052,54.9712],[10.2052,54.9711],[10.2051,54.971],[10.2049,54.9708],[10.2049,54.9708],[10.2049,54.9707],[10.205,54.9707],[10.205,54.9706],[10.205,54.9706],[10.2049,54.9705],[10.2048,54.9704],[10.2047,54.9704],[10.2047,54.9703],[10.2047,54.9702],[10.2046,54.9702],[10.2046,54.9702],[10.2046,54.9701],[10.2046,54.97],[10.2046,54.97],[10.2045,54.97],[10.2045,54.9699],[10.2046,54.9697],[10.2046,54.9696],[10.2046,54.9694],[10.2046,54.9693],[10.2046,54.9691],[10.2045,54.9689],[10.2046,54.9688],[10.2046,54.9687],[10.2047,54.9686],[10.2047,54.9685],[10.2047,54.9685],[10.2048,54.9684],[10.2048,54.9683],[10.2048,54.9682],[10.2048,54.9682],[10.2048,54.9682],[10.2048,54.968],[10.2048,54.9678],[10.2048,54.9677],[10.2048,54.9676],[10.2048,54.9674],[10.2048,54.9673],[10.2048,54.9672],[10.2048,54.9672],[10.2049,54.9671],[10.2049,54.9671],[10.2049,54.9671],[10.2049,54.967],[10.2049,54.9669],[10.2049,54.9668],[10.2049,54.9668],[10.205,54.9668],[10.205,54.9667],[10.205,54.9667],[10.2049,54.9667],[10.205,54.9666],[10.205,54.9665],[10.2051,54.9665],[10.2051,54.9664],[10.2052,54.9663],[10.2054,54.9661],[10.2055,54.9659],[10.2057,54.9658],[10.2058,54.9657],[10.2059,54.9656],[10.2059,54.9655],[10.206,54.9653],[10.2061,54.9652],[10.2062,54.9651],[10.2062,54.965],[10.2063,54.9649],[10.2063,54.9648],[10.2064,54.9646],[10.2065,54.9645],[10.2065,54.9643],[10.2065,54.9643],[10.2065,54.9642],[10.2065,54.9641],[10.2065,54.964],[10.2065,54.9638],[10.2064,54.9637],[10.2064,54.9636],[10.2065,54.9635],[10.2064,54.9635],[10.2063,54.9635],[10.2063,54.9636],[10.2064,54.9637],[10.2064,54.9639],[10.2064,54.964],[10.2064,54.9642],[10.2063,54.9643],[10.2063,54.9645],[10.2062,54.9646],[10.2061,54.9648],[10.206,54.965],[10.2058,54.9654],[10.2057,54.9655],[10.2055,54.9658],[10.2053,54.9659],[10.2052,54.966],[10.2051,54.9661],[10.2051,54.9662],[10.205,54.9663],[10.2049,54.9665],[10.2048,54.9667],[10.2047,54.9668],[10.2047,54.967]]]},"properties":{"sourceId":"ais_par3.137439","a_type":3210,"hectares":1.218}},{"type":"Feature","id":"ais_par3.137440","geometry":{"type":"Polygon","coordinates":[[[10.2162,54.9562],[10.216,54.9564],[10.2158,54.9565],[10.2153,54.9567],[10.2147,54.9569],[10.2144,54.9571],[10.214,54.9572],[10.2137,54.9573],[10.2135,54.9574],[10.2127,54.9576],[10.2124,54.9577],[10.2122,54.9579],[10.2119,54.958],[10.2118,54.9581],[10.2117,54.9581],[10.2117,54.9582],[10.2116,54.9582],[10.2116,54.9583],[10.2115,54.9584],[10.2115,54.9585],[10.2114,54.9585],[10.2113,54.9586],[10.2113,54.9587],[10.2112,54.9588],[10.2111,54.9589],[10.2111,54.9589],[10.2109,54.9591],[10.2109,54.9592],[10.2108,54.9594],[10.2107,54.9596],[10.2106,54.9597],[10.2105,54.9597],[10.2104,54.9598],[10.2103,54.9599],[10.2102,54.96],[10.2102,54.9601],[10.21,54.9603],[10.2097,54.9606],[10.2095,54.9607],[10.2094,54.9608],[10.2094,54.9608],[10.2091,54.961],[10.209,54.9611],[10.2089,54.9612],[10.2089,54.9612],[10.2088,54.9613],[10.2087,54.9614],[10.2086,54.9615],[10.2085,54.9616],[10.2083,54.9617],[10.2082,54.9618],[10.2081,54.9618],[10.2081,54.9618],[10.2081,54.9619],[10.2081,54.9619],[10.2082,54.9619],[10.2082,54.9619],[10.2083,54.9619],[10.2085,54.9618],[10.2086,54.9617],[10.2088,54.9617],[10.2088,54.9617],[10.209,54.9617],[10.209,54.9616],[10.209,54.9616],[10.209,54.9615],[10.209,54.9614],[10.2091,54.9614],[10.2092,54.9613],[10.2092,54.9613],[10.2093,54.9612],[10.2094,54.9611],[10.2094,54.9611],[10.2095,54.9611],[10.2096,54.961],[10.2096,54.961],[10.2097,54.9609],[10.2097,54.9609],[10.2097,54.9609],[10.2097,54.9608],[10.2098,54.9607],[10.2099,54.9606],[10.21,54.9606],[10.2101,54.9606],[10.2102,54.9606],[10.2102,54.9605],[10.2103,54.9605],[10.2103,54.9605],[10.2104,54.9604],[10.2105,54.9603],[10.2106,54.9602],[10.2107,54.9602],[10.2108,54.9601],[10.2109,54.9601],[10.2109,54.96],[10.211,54.9599],[10.2109,54.9598],[10.2109,54.9598],[10.211,54.9597],[10.2111,54.9596],[10.2112,54.9595],[10.2112,54.9593],[10.2113,54.9592],[10.2113,54.9591],[10.2114,54.9591],[10.2114,54.959],[10.2114,54.9589],[10.2115,54.9588],[10.2115,54.9587],[10.2116,54.9587],[10.2117,54.9586],[10.2117,54.9585],[10.2119,54.9583],[10.212,54.9582],[10.2121,54.9581],[10.2123,54.958],[10.2124,54.958],[10.2124,54.958],[10.2125,54.9579],[10.2127,54.9578],[10.2128,54.9578],[10.2129,54.9578],[10.213,54.9578],[10.2134,54.9578],[10.2136,54.9578],[10.2137,54.9578],[10.2139,54.9578],[10.214,54.9578],[10.2141,54.9577],[10.2142,54.9577],[10.2142,54.9576],[10.2143,54.9576],[10.2143,54.9575],[10.2144,54.9575],[10.2145,54.9575],[10.2145,54.9574],[10.2145,54.9574],[10.2145,54.9573],[10.2146,54.9573],[10.2146,54.9573],[10.2148,54.9572],[10.215,54.9572],[10.2152,54.9572],[10.2153,54.9572],[10.2154,54.9572],[10.2155,54.9572],[10.2156,54.9572],[10.2157,54.9571],[10.2158,54.9571],[10.2159,54.957],[10.216,54.957],[10.2162,54.9569],[10.2164,54.9569],[10.2165,54.9569],[10.2166,54.9568],[10.2168,54.9568],[10.217,54.9567],[10.2172,54.9566],[10.2173,54.9566],[10.2174,54.9565],[10.2174,54.9565],[10.2175,54.9565],[10.2175,54.9564],[10.2176,54.9562],[10.2176,54.9561],[10.2172,54.9559],[10.2176,54.9557],[10.2178,54.9558],[10.2179,54.9558],[10.218,54.9559],[10.218,54.9559],[10.2181,54.9559],[10.2181,54.9559],[10.2182,54.9559],[10.2184,54.9559],[10.2186,54.9558],[10.2188,54.9558],[10.2188,54.9558],[10.2189,54.9558],[10.2189,54.9557],[10.219,54.9556],[10.219,54.9556],[10.219,54.9555],[10.219,54.9554],[10.2191,54.9553],[10.2191,54.9552],[10.2192,54.9551],[10.2192,54.955],[10.2192,54.955],[10.2192,54.9549],[10.2192,54.9549],[10.2193,54.9548],[10.2194,54.9548],[10.2196,54.9548],[10.2196,54.9549],[10.2198,54.9549],[10.2203,54.9549],[10.2203,54.9549],[10.2203,54.9549],[10.2201,54.9548],[10.22,54.9547],[10.2198,54.9546],[10.2197,54.9545],[10.2196,54.9545],[10.2196,54.9544],[10.2196,54.9544],[10.2196,54.9544],[10.22,54.9541],[10.2201,54.9538],[10.2201,54.9538],[10.2201,54.9538],[10.2201,54.9537],[10.2201,54.9537],[10.22,54.9538],[10.2199,54.9539],[10.2199,54.954],[10.2198,54.9541],[10.2198,54.9541],[10.2198,54.9542],[10.2197,54.9542],[10.2196,54.9544],[10.2195,54.9544],[10.2195,54.9544],[10.2193,54.9545],[10.219,54.9547],[10.2189,54.9548],[10.2189,54.9548],[10.2188,54.9548],[10.2187,54.9549],[10.2186,54.9549],[10.2183,54.9551],[10.2181,54.9552],[10.2179,54.9553],[10.2174,54.9556],[10.2172,54.9557],[10.2171,54.9557],[10.217,54.9558],[10.2168,54.9559],[10.2167,54.9559],[10.2165,54.9561],[10.2162,54.9562]]]},"properties":{"sourceId":"ais_par3.137440","a_type":3210,"hectares":4.276}},{"type":"Feature","id":"ais_par3.137441","geometry":{"type":"Polygon","coordinates":[[[10.2251,54.9592],[10.225,54.9592],[10.2249,54.9594],[10.2249,54.9595],[10.2248,54.9595],[10.2247,54.9596],[10.2246,54.9597],[10.2245,54.9597],[10.2244,54.9598],[10.2243,54.9599],[10.2242,54.96],[10.2242,54.9601],[10.2242,54.9602],[10.2242,54.9603],[10.2241,54.9604],[10.2241,54.9605],[10.224,54.9606],[10.224,54.9606],[10.2239,54.9607],[10.2239,54.9607],[10.2239,54.9607],[10.2238,54.9608],[10.2237,54.9609],[10.2237,54.961],[10.2237,54.961],[10.2238,54.961],[10.2238,54.961],[10.2239,54.961],[10.2239,54.9611],[10.224,54.9611],[10.224,54.9611],[10.2241,54.961],[10.2241,54.961],[10.2241,54.9609],[10.2241,54.9609],[10.2243,54.9606],[10.2243,54.9605],[10.2244,54.9605],[10.2244,54.9604],[10.2244,54.9604],[10.2245,54.9603],[10.2245,54.9603],[10.2246,54.9602],[10.2246,54.9601],[10.2247,54.9601],[10.2249,54.96],[10.2249,54.96],[10.225,54.9599],[10.2251,54.9598],[10.2251,54.9598],[10.2252,54.9597],[10.2253,54.9597],[10.2254,54.9597],[10.2254,54.9597],[10.2255,54.9596],[10.2256,54.9595],[10.2257,54.9595],[10.2257,54.9595],[10.2257,54.9594],[10.2258,54.9594],[10.2259,54.9593],[10.2259,54.9593],[10.2259,54.9593],[10.226,54.9592],[10.2261,54.9592],[10.2262,54.9591],[10.2262,54.9591],[10.2262,54.9591],[10.2263,54.959],[10.2264,54.9589],[10.2264,54.9589],[10.2265,54.9589],[10.2266,54.9589],[10.2266,54.9588],[10.2267,54.9587],[10.2268,54.9586],[10.2269,54.9585],[10.2271,54.9582],[10.2272,54.9581],[10.2273,54.9581],[10.2275,54.958],[10.2276,54.9579],[10.2277,54.9579],[10.2278,54.9578],[10.2279,54.9578],[10.228,54.9577],[10.2282,54.9575],[10.2284,54.9574],[10.2285,54.9572],[10.2286,54.9572],[10.2287,54.9571],[10.2288,54.957],[10.2286,54.9569],[10.2286,54.9569],[10.2286,54.9569],[10.2286,54.9569],[10.2286,54.9569],[10.2286,54.957],[10.2286,54.957],[10.2285,54.957],[10.2284,54.9571],[10.2284,54.9571],[10.2283,54.9571],[10.2283,54.9571],[10.2281,54.9572],[10.228,54.9572],[10.228,54.9572],[10.228,54.9572],[10.228,54.9572],[10.2279,54.9573],[10.2278,54.9572],[10.2277,54.9572],[10.2277,54.9573],[10.2276,54.9573],[10.2276,54.9573],[10.2276,54.9573],[10.2275,54.9573],[10.2273,54.9573],[10.2273,54.9573],[10.2273,54.9574],[10.2272,54.9574],[10.2272,54.9574],[10.2271,54.9575],[10.2269,54.9576],[10.2267,54.9578],[10.2267,54.9578],[10.2267,54.9579],[10.2267,54.958],[10.2268,54.958],[10.2269,54.9581],[10.227,54.9581],[10.227,54.9581],[10.2269,54.9582],[10.2269,54.9582],[10.2269,54.9582],[10.2268,54.9583],[10.2268,54.9583],[10.2267,54.9583],[10.2267,54.9584],[10.2267,54.9584],[10.2267,54.9585],[10.2267,54.9585],[10.2267,54.9585],[10.2267,54.9586],[10.2266,54.9586],[10.2266,54.9586],[10.2266,54.9586],[10.2265,54.9586],[10.2265,54.9586],[10.2265,54.9586],[10.2264,54.9587],[10.2263,54.9587],[10.2263,54.9588],[10.2263,54.9588],[10.2263,54.9588],[10.2262,54.9588],[10.2262,54.9589],[10.2261,54.9589],[10.2261,54.9589],[10.226,54.9589],[10.226,54.9589],[10.2259,54.9589],[10.2259,54.959],[10.2259,54.959],[10.2259,54.959],[10.2259,54.959],[10.2258,54.959],[10.2258,54.959],[10.2257,54.959],[10.2255,54.9589],[10.2255,54.9589],[10.2255,54.9589],[10.2254,54.959],[10.2253,54.959],[10.2253,54.959],[10.2253,54.9591],[10.2252,54.9591],[10.2251,54.9591],[10.2251,54.9592]]]},"properties":{"sourceId":"ais_par3.137441","a_type":3210,"hectares":1.794}},{"type":"Feature","id":"ais_par3.137442","geometry":{"type":"Polygon","coordinates":[[[10.2315,54.9546],[10.2313,54.9547],[10.2312,54.9547],[10.2312,54.9548],[10.2311,54.9549],[10.2311,54.9549],[10.231,54.955],[10.2309,54.955],[10.2308,54.955],[10.2308,54.9553],[10.2307,54.9553],[10.2306,54.9554],[10.2306,54.9555],[10.2306,54.9556],[10.2305,54.9557],[10.2305,54.9558],[10.2304,54.9559],[10.2303,54.9559],[10.2303,54.9559],[10.2303,54.9559],[10.2304,54.956],[10.2304,54.9559],[10.2304,54.9559],[10.2305,54.9559],[10.2306,54.9558],[10.2307,54.9557],[10.2307,54.9557],[10.2308,54.9557],[10.2309,54.9556],[10.231,54.9554],[10.2311,54.9553],[10.2313,54.9552],[10.2313,54.9551],[10.2314,54.9551],[10.2314,54.9551],[10.2316,54.955],[10.2318,54.9549],[10.2319,54.9548],[10.232,54.9548],[10.232,54.9547],[10.232,54.9547],[10.2321,54.9547],[10.2321,54.9546],[10.2322,54.9546],[10.2324,54.9545],[10.2326,54.9544],[10.2327,54.9543],[10.2327,54.9543],[10.2328,54.9542],[10.2328,54.9542],[10.2328,54.9541],[10.2329,54.9541],[10.233,54.954],[10.2328,54.9539],[10.2328,54.9539],[10.2328,54.9539],[10.2328,54.9539],[10.2328,54.9539],[10.2328,54.954],[10.2326,54.9541],[10.2321,54.9544],[10.232,54.9545],[10.2319,54.9546],[10.2319,54.9546],[10.2318,54.9546],[10.2317,54.9546],[10.2316,54.9546],[10.2315,54.9546],[10.2315,54.9546],[10.2315,54.9546]]]},"properties":{"sourceId":"ais_par3.137442","a_type":3210,"hectares":0.579}},{"type":"Feature","id":"ais_par3.137443","geometry":{"type":"Polygon","coordinates":[[[10.2374,54.9508],[10.2373,54.9507],[10.2373,54.9507],[10.2372,54.9508],[10.2371,54.9508],[10.237,54.9509],[10.2367,54.9511],[10.2366,54.9512],[10.2365,54.9512],[10.2365,54.9512],[10.2365,54.9512],[10.2364,54.9512],[10.2365,54.9512],[10.2365,54.9513],[10.2366,54.9513],[10.2366,54.9514],[10.2366,54.9513],[10.2367,54.9513],[10.2367,54.9513],[10.2367,54.9513],[10.2367,54.9513],[10.2367,54.9512],[10.2369,54.9512],[10.237,54.9512],[10.2371,54.9512],[10.2371,54.9512],[10.2372,54.9511],[10.2373,54.9511],[10.2373,54.9511],[10.2373,54.9511],[10.2374,54.9511],[10.2374,54.9511],[10.2375,54.951],[10.2375,54.951],[10.2375,54.951],[10.2376,54.951],[10.2376,54.951],[10.2377,54.951],[10.2377,54.951],[10.2378,54.9509],[10.2379,54.9508],[10.2379,54.9508],[10.238,54.9508],[10.2381,54.9508],[10.2381,54.9508],[10.2382,54.9508],[10.2382,54.9508],[10.2382,54.9508],[10.2382,54.9508],[10.2383,54.9508],[10.2383,54.9508],[10.2384,54.9508],[10.2385,54.9507],[10.2386,54.9507],[10.2387,54.9507],[10.2388,54.9507],[10.2388,54.9507],[10.2389,54.9507],[10.239,54.9507],[10.2391,54.9507],[10.2392,54.9506],[10.2393,54.9506],[10.2393,54.9506],[10.2394,54.9506],[10.2394,54.9505],[10.2395,54.9505],[10.2396,54.9505],[10.2397,54.9504],[10.2397,54.9504],[10.2398,54.9504],[10.24,54.9504],[10.2401,54.9504],[10.2401,54.9504],[10.2401,54.9504],[10.2402,54.9504],[10.2402,54.9504],[10.2403,54.9504],[10.2403,54.9503],[10.2404,54.9503],[10.2405,54.9503],[10.2407,54.9503],[10.2407,54.9503],[10.2408,54.9503],[10.2408,54.9503],[10.2408,54.9503],[10.2409,54.9503],[10.2409,54.9503],[10.241,54.9502],[10.241,54.9502],[10.2411,54.9502],[10.2411,54.9502],[10.2413,54.9502],[10.2413,54.9502],[10.2414,54.9502],[10.2414,54.9502],[10.2416,54.9502],[10.2417,54.9502],[10.2417,54.9501],[10.2418,54.9501],[10.2419,54.9501],[10.2419,54.9501],[10.2419,54.9501],[10.242,54.9501],[10.242,54.95],[10.2421,54.95],[10.2421,54.95],[10.2422,54.9499],[10.2422,54.9499],[10.2423,54.9499],[10.2424,54.9499],[10.2424,54.9499],[10.2424,54.9498],[10.2424,54.9498],[10.2424,54.9498],[10.2425,54.9497],[10.2426,54.9497],[10.2426,54.9497],[10.2426,54.9497],[10.2427,54.9496],[10.2428,54.9496],[10.2428,54.9496],[10.2428,54.9496],[10.2429,54.9495],[10.2429,54.9495],[10.243,54.9494],[10.243,54.9494],[10.2431,54.9494],[10.2432,54.9493],[10.2432,54.9493],[10.2432,54.9493],[10.2433,54.9492],[10.2433,54.9492],[10.2434,54.9492],[10.2434,54.9492],[10.2434,54.9491],[10.2435,54.9491],[10.2435,54.9491],[10.2436,54.949],[10.2436,54.949],[10.2436,54.949],[10.2436,54.949],[10.2436,54.9489],[10.2437,54.9489],[10.2437,54.9489],[10.2438,54.9489],[10.2438,54.9488],[10.2439,54.9488],[10.2439,54.9488],[10.2438,54.9487],[10.2437,54.9487],[10.2437,54.9487],[10.2437,54.9487],[10.2437,54.9487],[10.2437,54.9487],[10.2436,54.9487],[10.2435,54.9488],[10.2435,54.9489],[10.2434,54.949],[10.2433,54.949],[10.2432,54.9491],[10.2432,54.9492],[10.2431,54.9492],[10.2429,54.9493],[10.2429,54.9494],[10.2428,54.9494],[10.2427,54.9495],[10.2427,54.9495],[10.2426,54.9496],[10.2425,54.9496],[10.2424,54.9496],[10.2423,54.9497],[10.2422,54.9498],[10.2421,54.9498],[10.242,54.9499],[10.242,54.9499],[10.242,54.9499],[10.2419,54.9499],[10.2419,54.9499],[10.2419,54.9499],[10.2418,54.95],[10.2418,54.95],[10.2418,54.95],[10.2417,54.95],[10.2416,54.9501],[10.2414,54.9501],[10.2413,54.9501],[10.2411,54.9501],[10.241,54.9501],[10.2408,54.9502],[10.2406,54.9502],[10.2404,54.9503],[10.2403,54.9503],[10.2402,54.9503],[10.2402,54.9503],[10.2401,54.9503],[10.2401,54.9503],[10.24,54.9503],[10.2398,54.9503],[10.2396,54.9504],[10.2395,54.9504],[10.2392,54.9505],[10.2391,54.9506],[10.239,54.9506],[10.2389,54.9506],[10.2387,54.9506],[10.2386,54.9506],[10.2385,54.9507],[10.2384,54.9507],[10.2382,54.9507],[10.2382,54.9507],[10.2381,54.9506],[10.2381,54.9506],[10.238,54.9507],[10.2379,54.9507],[10.2378,54.9508],[10.2376,54.9508],[10.2375,54.9508],[10.2374,54.9508]]]},"properties":{"sourceId":"ais_par3.137443","a_type":3210,"hectares":0.776}},{"type":"Feature","id":"ais_par3.137444","geometry":{"type":"Polygon","coordinates":[[[10.2494,54.9449],[10.2494,54.945],[10.2493,54.945],[10.2493,54.945],[10.2492,54.9451],[10.2492,54.9452],[10.2491,54.9452],[10.249,54.9452],[10.249,54.9452],[10.249,54.9453],[10.2489,54.9453],[10.2489,54.9453],[10.2488,54.9453],[10.2488,54.9454],[10.2487,54.9454],[10.2487,54.9454],[10.2486,54.9455],[10.2486,54.9455],[10.2485,54.9455],[10.2484,54.9455],[10.2483,54.9455],[10.2483,54.9456],[10.2482,54.9456],[10.2482,54.9456],[10.2482,54.9456],[10.2481,54.9457],[10.2481,54.9457],[10.2481,54.9457],[10.248,54.9457],[10.2479,54.9458],[10.2478,54.9458],[10.2477,54.9459],[10.2476,54.9459],[10.2476,54.946],[10.2475,54.946],[10.2474,54.9461],[10.2472,54.9462],[10.2472,54.9462],[10.2471,54.9463],[10.2469,54.9464],[10.2468,54.9464],[10.2468,54.9464],[10.2467,54.9465],[10.2467,54.9465],[10.2466,54.9466],[10.2466,54.9466],[10.2465,54.9467],[10.2464,54.9468],[10.2462,54.947],[10.246,54.947],[10.2459,54.9471],[10.2458,54.9472],[10.2457,54.9473],[10.2457,54.9473],[10.2456,54.9473],[10.2458,54.9474],[10.2458,54.9473],[10.2458,54.9473],[10.2459,54.9473],[10.246,54.9472],[10.246,54.9472],[10.2461,54.9471],[10.2462,54.9471],[10.2462,54.947],[10.2463,54.947],[10.2464,54.9469],[10.2465,54.9469],[10.2465,54.9469],[10.2466,54.9468],[10.2466,54.9468],[10.2466,54.9468],[10.2467,54.9467],[10.2467,54.9467],[10.2467,54.9467],[10.2468,54.9466],[10.2468,54.9466],[10.2469,54.9465],[10.247,54.9465],[10.247,54.9465],[10.247,54.9464],[10.2471,54.9464],[10.2471,54.9464],[10.2472,54.9463],[10.2472,54.9463],[10.2472,54.9463],[10.2473,54.9463],[10.2473,54.9462],[10.2474,54.9461],[10.2475,54.9461],[10.2476,54.946],[10.2476,54.946],[10.2477,54.946],[10.2477,54.946],[10.2477,54.9459],[10.2478,54.9459],[10.2479,54.9459],[10.2479,54.9458],[10.248,54.9458],[10.248,54.9457],[10.2481,54.9457],[10.2481,54.9457],[10.2482,54.9457],[10.2483,54.9456],[10.2483,54.9456],[10.2484,54.9456],[10.2485,54.9455],[10.2486,54.9455],[10.2486,54.9455],[10.2487,54.9454],[10.2488,54.9454],[10.2488,54.9454],[10.2489,54.9454],[10.2489,54.9454],[10.249,54.9453],[10.249,54.9453],[10.2491,54.9453],[10.2491,54.9452],[10.2492,54.9452],[10.2492,54.9452],[10.2493,54.9452],[10.2493,54.9451],[10.2494,54.9451],[10.2494,54.9451],[10.2495,54.9451],[10.2495,54.945],[10.2496,54.945],[10.2496,54.945],[10.2497,54.9449],[10.2497,54.9449],[10.2498,54.9449],[10.2498,54.9449],[10.2499,54.9449],[10.25,54.9448],[10.25,54.9448],[10.2501,54.9448],[10.2501,54.9447],[10.2502,54.9447],[10.2503,54.9447],[10.2503,54.9447],[10.2503,54.9447],[10.2504,54.9447],[10.2504,54.9446],[10.2505,54.9446],[10.2506,54.9445],[10.2507,54.9445],[10.2507,54.9445],[10.2507,54.9445],[10.2508,54.9444],[10.2508,54.9444],[10.2509,54.9444],[10.251,54.9443],[10.251,54.9443],[10.2511,54.9443],[10.2511,54.9443],[10.2512,54.9442],[10.2512,54.9442],[10.2512,54.9442],[10.2513,54.9442],[10.2513,54.9442],[10.2513,54.9442],[10.2514,54.9441],[10.2514,54.9441],[10.2514,54.9441],[10.2515,54.944],[10.2515,54.944],[10.2516,54.944],[10.2517,54.944],[10.2517,54.9439],[10.2517,54.9439],[10.2517,54.9439],[10.2518,54.9439],[10.2518,54.9439],[10.2518,54.9438],[10.2519,54.9438],[10.2519,54.9438],[10.252,54.9438],[10.2521,54.9438],[10.2522,54.9437],[10.2524,54.9436],[10.2529,54.9434],[10.253,54.9434],[10.253,54.9433],[10.2531,54.9433],[10.2531,54.9433],[10.2532,54.9433],[10.2533,54.9433],[10.2533,54.9433],[10.2533,54.9432],[10.2534,54.9432],[10.2537,54.9431],[10.2538,54.9431],[10.2538,54.9431],[10.2538,54.9431],[10.2538,54.943],[10.2539,54.943],[10.2539,54.943],[10.254,54.943],[10.254,54.9429],[10.2541,54.9429],[10.2542,54.9429],[10.2541,54.9429],[10.2541,54.9429],[10.2541,54.9429],[10.2541,54.9429],[10.254,54.9429],[10.2539,54.9429],[10.2538,54.943],[10.2537,54.943],[10.2537,54.943],[10.2537,54.943],[10.2536,54.943],[10.2535,54.9431],[10.2535,54.9431],[10.2533,54.9431],[10.2533,54.9431],[10.2532,54.9432],[10.2532,54.9432],[10.2531,54.9432],[10.2531,54.9433],[10.253,54.9433],[10.2529,54.9433],[10.2528,54.9434],[10.2528,54.9434],[10.2527,54.9434],[10.2525,54.9435],[10.2523,54.9436],[10.2521,54.9437],[10.2521,54.9437],[10.252,54.9437],[10.252,54.9437],[10.2519,54.9437],[10.2519,54.9437],[10.2519,54.9438],[10.2518,54.9438],[10.2517,54.9438],[10.2517,54.9438],[10.2517,54.9439],[10.2517,54.9439],[10.2516,54.9439],[10.2516,54.9439],[10.2516,54.9439],[10.2515,54.9439],[10.2515,54.9439],[10.2515,54.9439],[10.2514,54.944],[10.2513,54.9441],[10.2513,54.9441],[10.2512,54.9441],[10.2512,54.9441],[10.2511,54.9442],[10.2511,54.9442],[10.2511,54.9442],[10.251,54.9443],[10.251,54.9443],[10.2509,54.9443],[10.2509,54.9443],[10.2508,54.9443],[10.2508,54.9443],[10.2508,54.9444],[10.2507,54.9444],[10.2507,54.9444],[10.2507,54.9444],[10.2506,54.9444],[10.2506,54.9444],[10.2505,54.9445],[10.2504,54.9445],[10.2503,54.9446],[10.2503,54.9446],[10.2502,54.9446],[10.2502,54.9447],[10.2501,54.9447],[10.25,54.9447],[10.2499,54.9448],[10.2499,54.9448],[10.2498,54.9448],[10.2497,54.9448],[10.2497,54.9449],[10.2496,54.9449],[10.2494,54.9449]]]},"properties":{"sourceId":"ais_par3.137444","a_type":3210,"hectares":0.547}},{"type":"Feature","id":"ais_par3.137445","geometry":{"type":"Polygon","coordinates":[[[10.2652,54.9409],[10.265,54.9409],[10.2648,54.9409],[10.2648,54.9409],[10.2647,54.9409],[10.2646,54.9409],[10.2646,54.9409],[10.2644,54.9409],[10.2643,54.9409],[10.2642,54.9408],[10.2641,54.9408],[10.264,54.9408],[10.2638,54.9408],[10.2637,54.9408],[10.2637,54.9408],[10.2636,54.9409],[10.2634,54.9409],[10.2632,54.9409],[10.2631,54.9409],[10.2629,54.9409],[10.2627,54.9409],[10.2627,54.9409],[10.2625,54.9409],[10.2624,54.9409],[10.2624,54.941],[10.2625,54.941],[10.2627,54.941],[10.2628,54.941],[10.2629,54.941],[10.263,54.941],[10.2631,54.941],[10.2633,54.941],[10.2635,54.941],[10.2637,54.9409],[10.2639,54.9409],[10.264,54.9409],[10.2641,54.9409],[10.2641,54.9408],[10.2642,54.9409],[10.2642,54.9409],[10.2643,54.9409],[10.2644,54.9409],[10.2646,54.941],[10.2647,54.941],[10.2647,54.941],[10.2648,54.941],[10.2652,54.941],[10.2652,54.941],[10.2653,54.941],[10.2654,54.941],[10.2655,54.941],[10.2656,54.941],[10.2657,54.941],[10.2658,54.941],[10.266,54.9411],[10.2661,54.9411],[10.2662,54.9411],[10.2663,54.9411],[10.2664,54.9411],[10.2666,54.9412],[10.2668,54.9412],[10.2669,54.9412],[10.2671,54.9413],[10.2672,54.9413],[10.2673,54.9413],[10.2675,54.9413],[10.2676,54.9413],[10.2677,54.9413],[10.2678,54.9413],[10.2678,54.9413],[10.2679,54.9414],[10.268,54.9414],[10.2681,54.9414],[10.2682,54.9414],[10.2682,54.9414],[10.2683,54.9414],[10.2684,54.9414],[10.2686,54.9415],[10.2687,54.9415],[10.2688,54.9415],[10.2688,54.9415],[10.2689,54.9415],[10.2689,54.9415],[10.269,54.9415],[10.2691,54.9415],[10.2691,54.9415],[10.2691,54.9415],[10.2691,54.9415],[10.2691,54.9415],[10.269,54.9415],[10.2689,54.9414],[10.2687,54.9414],[10.2686,54.9414],[10.2684,54.9413],[10.2682,54.9413],[10.2679,54.9413],[10.2677,54.9413],[10.2674,54.9412],[10.2672,54.9412],[10.267,54.9411],[10.2668,54.9411],[10.2667,54.941],[10.2665,54.941],[10.2665,54.941],[10.2663,54.941],[10.2661,54.941],[10.2659,54.9409],[10.2657,54.9409],[10.2655,54.9409],[10.2653,54.9409],[10.2652,54.9409],[10.2652,54.9409],[10.2652,54.9409],[10.2652,54.9409]]]},"properties":{"sourceId":"ais_par3.137445","a_type":3210,"hectares":0.418}},{"type":"Feature","id":"ais_par3.137446","geometry":{"type":"Polygon","coordinates":[[[10.2838,54.9386],[10.2837,54.9386],[10.2836,54.9386],[10.2836,54.9387],[10.2835,54.9387],[10.2834,54.9388],[10.2833,54.9388],[10.2832,54.9389],[10.2831,54.939],[10.2831,54.939],[10.2831,54.9391],[10.2831,54.9392],[10.283,54.9393],[10.2829,54.9393],[10.2828,54.9394],[10.2827,54.9395],[10.2826,54.9395],[10.2825,54.9396],[10.2823,54.9396],[10.2822,54.9396],[10.2821,54.9396],[10.282,54.9396],[10.2819,54.9396],[10.2815,54.9397],[10.2814,54.9397],[10.2813,54.9397],[10.2812,54.9398],[10.281,54.9398],[10.2809,54.9398],[10.2808,54.9398],[10.2807,54.9398],[10.2806,54.9399],[10.2805,54.9399],[10.2805,54.9399],[10.2803,54.94],[10.2801,54.94],[10.28,54.94],[10.2798,54.9401],[10.2797,54.9401],[10.2797,54.9402],[10.2796,54.9402],[10.2795,54.9402],[10.2794,54.9402],[10.2793,54.9402],[10.2791,54.9403],[10.2788,54.9403],[10.2786,54.9404],[10.2784,54.9404],[10.2783,54.9404],[10.2781,54.9405],[10.278,54.9405],[10.2779,54.9405],[10.2778,54.9405],[10.2778,54.9405],[10.2778,54.9405],[10.2779,54.9405],[10.278,54.9405],[10.2781,54.9405],[10.2782,54.9405],[10.2783,54.9405],[10.2784,54.9405],[10.2788,54.9404],[10.2788,54.9404],[10.2789,54.9404],[10.279,54.9404],[10.279,54.9403],[10.2791,54.9403],[10.2792,54.9403],[10.2793,54.9403],[10.2794,54.9403],[10.2795,54.9403],[10.2795,54.9402],[10.2796,54.9402],[10.2797,54.9402],[10.2798,54.9402],[10.2799,54.9402],[10.28,54.9401],[10.2802,54.9401],[10.2802,54.9401],[10.2803,54.9401],[10.2804,54.9401],[10.2805,54.94],[10.2805,54.94],[10.2806,54.94],[10.2807,54.94],[10.2807,54.94],[10.2808,54.94],[10.2808,54.9399],[10.2809,54.9399],[10.281,54.9399],[10.2811,54.9399],[10.2812,54.9399],[10.2813,54.9399],[10.2814,54.9398],[10.2815,54.9398],[10.2818,54.9398],[10.282,54.9398],[10.2821,54.9397],[10.2823,54.9397],[10.2825,54.9397],[10.2825,54.9397],[10.2826,54.9396],[10.2828,54.9396],[10.2829,54.9396],[10.2829,54.9395],[10.283,54.9395],[10.2831,54.9394],[10.2834,54.9392],[10.2835,54.9391],[10.2835,54.9391],[10.2836,54.9391],[10.2836,54.939],[10.2838,54.939],[10.2838,54.9389],[10.2839,54.9389],[10.284,54.9389],[10.2841,54.9388],[10.2842,54.9388],[10.2842,54.9388],[10.2844,54.9387],[10.2845,54.9387],[10.2846,54.9387],[10.2847,54.9386],[10.2848,54.9386],[10.2849,54.9386],[10.2849,54.9385],[10.285,54.9385],[10.2851,54.9385],[10.2852,54.9384],[10.2852,54.9384],[10.2854,54.9383],[10.2856,54.9382],[10.2857,54.9382],[10.2857,54.9381],[10.2858,54.9381],[10.2859,54.9381],[10.2859,54.9381],[10.286,54.9381],[10.286,54.9381],[10.2861,54.9381],[10.2861,54.938],[10.2861,54.938],[10.2862,54.938],[10.2862,54.938],[10.2863,54.938],[10.2863,54.9379],[10.2864,54.9379],[10.2864,54.9379],[10.2864,54.9379],[10.2865,54.9378],[10.2865,54.9378],[10.2866,54.9378],[10.2866,54.9378],[10.2867,54.9377],[10.2868,54.9376],[10.2869,54.9376],[10.287,54.9376],[10.287,54.9376],[10.287,54.9375],[10.2871,54.9375],[10.2871,54.9375],[10.2872,54.9374],[10.2872,54.9374],[10.2873,54.9374],[10.2873,54.9373],[10.2873,54.9373],[10.2873,54.9372],[10.2874,54.9372],[10.2875,54.937],[10.2875,54.937],[10.2875,54.937],[10.2875,54.9369],[10.2876,54.9369],[10.2876,54.9369],[10.2877,54.9368],[10.2877,54.9368],[10.2877,54.9367],[10.2877,54.9367],[10.2878,54.9367],[10.2878,54.9367],[10.2878,54.9366],[10.2879,54.9366],[10.2879,54.9365],[10.2879,54.9365],[10.288,54.9364],[10.288,54.9364],[10.288,54.9364],[10.2881,54.9364],[10.2882,54.9362],[10.2883,54.9362],[10.2883,54.9362],[10.2883,54.9361],[10.2884,54.9361],[10.2884,54.9361],[10.2885,54.936],[10.2885,54.936],[10.2886,54.9359],[10.2886,54.9359],[10.2887,54.9359],[10.2888,54.9358],[10.2888,54.9358],[10.2889,54.9357],[10.2889,54.9357],[10.289,54.9357],[10.289,54.9357],[10.289,54.9357],[10.289,54.9357],[10.2891,54.9356],[10.2891,54.9356],[10.2893,54.9355],[10.2893,54.9354],[10.2894,54.9354],[10.2894,54.9353],[10.2896,54.9353],[10.2896,54.9352],[10.2897,54.9352],[10.2898,54.9351],[10.2899,54.9351],[10.2899,54.935],[10.29,54.935],[10.2904,54.9348],[10.2905,54.9347],[10.2908,54.9345],[10.2908,54.9345],[10.2909,54.9345],[10.2909,54.9345],[10.291,54.9344],[10.291,54.9344],[10.2911,54.9344],[10.2911,54.9344],[10.2911,54.9344],[10.2912,54.9343],[10.2913,54.9343],[10.2913,54.9342],[10.2914,54.9342],[10.2915,54.9341],[10.2915,54.9341],[10.2916,54.9341],[10.2916,54.934],[10.2915,54.934],[10.2914,54.9339],[10.2914,54.934],[10.2914,54.934],[10.2912,54.9341],[10.2912,54.9341],[10.291,54.9342],[10.2908,54.9343],[10.2907,54.9344],[10.2904,54.9346],[10.2901,54.9348],[10.29,54.9348],[10.2899,54.9348],[10.2898,54.9348],[10.2897,54.9349],[10.2896,54.9349],[10.2895,54.9349],[10.2895,54.935],[10.2896,54.935],[10.2896,54.9351],[10.2896,54.9351],[10.2893,54.9353],[10.289,54.9355],[10.2889,54.9355],[10.2888,54.9356],[10.2888,54.9356],[10.2888,54.9356],[10.2888,54.9357],[10.2887,54.9358],[10.2884,54.9359],[10.2884,54.9359],[10.2883,54.9359],[10.2882,54.936],[10.2881,54.9361],[10.2881,54.9362],[10.2879,54.9363],[10.2878,54.9364],[10.2877,54.9365],[10.2876,54.9365],[10.2876,54.9366],[10.2875,54.9367],[10.2874,54.9367],[10.2873,54.9368],[10.2873,54.9369],[10.2873,54.9369],[10.2873,54.937],[10.2873,54.9371],[10.2872,54.9372],[10.2871,54.9373],[10.287,54.9373],[10.2869,54.9374],[10.2869,54.9374],[10.2868,54.9374],[10.2867,54.9374],[10.2866,54.9374],[10.2865,54.9374],[10.2864,54.9374],[10.2865,54.9374],[10.2866,54.9375],[10.2866,54.9375],[10.2867,54.9376],[10.2866,54.9376],[10.2865,54.9377],[10.2864,54.9377],[10.2863,54.9377],[10.2862,54.9378],[10.2862,54.9378],[10.2861,54.9379],[10.286,54.9379],[10.2858,54.938],[10.2857,54.938],[10.2857,54.938],[10.2856,54.9381],[10.2855,54.9381],[10.2853,54.9383],[10.2852,54.9383],[10.2849,54.9384],[10.2848,54.9384],[10.2847,54.9385],[10.2845,54.9385],[10.2843,54.9385],[10.2841,54.9385],[10.284,54.9385],[10.2839,54.9386],[10.2838,54.9386]]]},"properties":{"sourceId":"ais_par3.137446","a_type":3210,"hectares":1.785}},{"type":"Feature","id":"ais_par3.137447","geometry":{"type":"Polygon","coordinates":[[[10.28,54.9234],[10.279,54.9235],[10.279,54.9236],[10.279,54.9236],[10.2791,54.9238],[10.2791,54.9239],[10.2792,54.9241],[10.2792,54.9244],[10.2793,54.9246],[10.2794,54.9246],[10.2793,54.9247],[10.2793,54.9247],[10.2797,54.9247],[10.2798,54.9247],[10.28,54.9247],[10.2806,54.9244],[10.2808,54.9244],[10.2809,54.9243],[10.2809,54.9243],[10.2811,54.9242],[10.2812,54.9242],[10.2813,54.9241],[10.2813,54.9241],[10.2812,54.9237],[10.2812,54.9235],[10.2811,54.9234],[10.2805,54.9235],[10.2805,54.9235],[10.2803,54.9235],[10.28,54.9234]]]},"properties":{"sourceId":"ais_par3.137447","a_type":3210,"hectares":1.618}},{"type":"Feature","id":"ais_par3.137448","geometry":{"type":"Polygon","coordinates":[[[10.2818,54.92],[10.2818,54.9199],[10.2817,54.9199],[10.2817,54.9198],[10.281,54.9196],[10.2809,54.9195],[10.2806,54.9197],[10.2804,54.9199],[10.2802,54.9199],[10.2802,54.9201],[10.2802,54.9201],[10.2802,54.9202],[10.2802,54.9204],[10.2803,54.9205],[10.2803,54.9206],[10.2804,54.9207],[10.2806,54.9208],[10.2809,54.9211],[10.2811,54.9212],[10.2814,54.9215],[10.2817,54.9218],[10.2816,54.9218],[10.2814,54.922],[10.2813,54.9221],[10.2812,54.9222],[10.2812,54.9223],[10.2812,54.9223],[10.2813,54.9231],[10.2813,54.9231],[10.2813,54.9234],[10.2813,54.9234],[10.2815,54.9234],[10.2815,54.9234],[10.2819,54.9233],[10.282,54.9232],[10.282,54.9232],[10.2825,54.9227],[10.2827,54.9224],[10.2828,54.9224],[10.2828,54.9223],[10.2828,54.9221],[10.2828,54.922],[10.2828,54.9218],[10.2827,54.9215],[10.2826,54.9212],[10.2827,54.9212],[10.2828,54.9211],[10.2827,54.9211],[10.2827,54.921],[10.2826,54.921],[10.2826,54.921],[10.2825,54.9208],[10.2824,54.9207],[10.2822,54.9204],[10.2819,54.92],[10.2818,54.92]]]},"properties":{"sourceId":"ais_par3.137448","a_type":3210,"hectares":3.855}},{"type":"Feature","id":"ais_par3.137449","geometry":{"type":"Polygon","coordinates":[[[10.3134,54.9203],[10.3132,54.9204],[10.3131,54.9204],[10.3129,54.9205],[10.3126,54.9205],[10.3125,54.9206],[10.3125,54.9207],[10.3123,54.9208],[10.3122,54.9208],[10.3121,54.9209],[10.3121,54.9209],[10.312,54.9209],[10.312,54.9209],[10.312,54.921],[10.312,54.9211],[10.3119,54.9212],[10.3117,54.9212],[10.3117,54.9213],[10.3116,54.9213],[10.3115,54.9214],[10.3114,54.9215],[10.3114,54.9215],[10.3113,54.9214],[10.3112,54.9215],[10.3111,54.9216],[10.3111,54.9217],[10.311,54.9217],[10.3109,54.9218],[10.3108,54.9218],[10.3107,54.922],[10.3106,54.922],[10.3109,54.9221],[10.311,54.922],[10.3111,54.9219],[10.3114,54.9217],[10.3115,54.9216],[10.3116,54.9215],[10.3118,54.9214],[10.3121,54.9211],[10.3122,54.921],[10.3123,54.9209],[10.3125,54.9208],[10.3127,54.9207],[10.3129,54.9206],[10.313,54.9205],[10.3136,54.9204],[10.3137,54.9204],[10.3139,54.9204],[10.3141,54.9203],[10.3142,54.9203],[10.3143,54.9202],[10.3144,54.9202],[10.3145,54.9201],[10.3147,54.92],[10.3148,54.92],[10.315,54.9199],[10.315,54.9198],[10.3152,54.9197],[10.3153,54.9196],[10.3154,54.9196],[10.3154,54.9195],[10.3155,54.9195],[10.3158,54.9193],[10.3159,54.9193],[10.316,54.9192],[10.3161,54.9191],[10.3163,54.919],[10.3165,54.9189],[10.3166,54.9188],[10.3167,54.9188],[10.3167,54.9187],[10.3169,54.9186],[10.317,54.9186],[10.317,54.9185],[10.3171,54.9185],[10.3172,54.9184],[10.3173,54.9184],[10.3173,54.9183],[10.3174,54.9183],[10.3174,54.9183],[10.3174,54.9183],[10.3174,54.9182],[10.3173,54.9183],[10.3172,54.9183],[10.3171,54.9184],[10.3169,54.9184],[10.3167,54.9186],[10.3167,54.9186],[10.3165,54.9187],[10.3164,54.9188],[10.3163,54.9189],[10.3162,54.919],[10.316,54.9191],[10.3158,54.9192],[10.3156,54.9194],[10.3155,54.9194],[10.3155,54.9194],[10.3154,54.9194],[10.3154,54.9195],[10.3152,54.9196],[10.3151,54.9196],[10.315,54.9197],[10.3149,54.9198],[10.3148,54.9198],[10.3147,54.9198],[10.3146,54.9199],[10.3145,54.9199],[10.3143,54.92],[10.3141,54.9201],[10.314,54.9201],[10.314,54.9202],[10.3137,54.9203],[10.3134,54.9203]]]},"properties":{"sourceId":"ais_par3.137449","a_type":3210,"hectares":0.777}},{"type":"Feature","id":"ais_par3.137450","geometry":{"type":"Polygon","coordinates":[[[10.3278,54.903],[10.3267,54.902],[10.3261,54.9016],[10.3254,54.9012],[10.3249,54.9014],[10.3248,54.9014],[10.3249,54.9015],[10.3253,54.9017],[10.3254,54.9018],[10.3256,54.902],[10.3257,54.902],[10.3258,54.9021],[10.3258,54.9021],[10.3259,54.9021],[10.3265,54.9024],[10.3266,54.9025],[10.3274,54.9031],[10.3274,54.9031],[10.327,54.9033],[10.3264,54.9028],[10.3263,54.9027],[10.3262,54.9027],[10.3256,54.9023],[10.3255,54.9023],[10.3253,54.9023],[10.3253,54.9023],[10.3251,54.9023],[10.3244,54.9026],[10.3244,54.9026],[10.3247,54.9027],[10.3251,54.9028],[10.3253,54.9029],[10.3255,54.9028],[10.3257,54.9028],[10.3258,54.9028],[10.3261,54.903],[10.3269,54.9035],[10.3274,54.9037],[10.3285,54.9043],[10.3296,54.9038],[10.3283,54.9027],[10.3278,54.903]]]},"properties":{"sourceId":"ais_par3.137450","a_type":3210,"hectares":3.225}},{"type":"Feature","id":"ais_par3.137451","geometry":{"type":"Polygon","coordinates":[[[10.3314,54.8962],[10.332,54.8966],[10.3321,54.8966],[10.3322,54.8965],[10.3325,54.8963],[10.3328,54.8961],[10.3332,54.896],[10.3326,54.8955],[10.3314,54.8962]]]},"properties":{"sourceId":"ais_par3.137451","a_type":3210,"hectares":0.644}},{"type":"Feature","id":"ais_par3.137452","geometry":{"type":"Polygon","coordinates":[[[10.3442,54.886],[10.3432,54.8868],[10.3423,54.8875],[10.3423,54.8875],[10.3428,54.8877],[10.3434,54.8872],[10.3437,54.887],[10.3444,54.8864],[10.3454,54.8856],[10.3464,54.8849],[10.3462,54.8849],[10.3461,54.8849],[10.346,54.8849],[10.3459,54.8849],[10.3459,54.8848],[10.3458,54.8848],[10.3442,54.886]]]},"properties":{"sourceId":"ais_par3.137452","a_type":3210,"hectares":1.333}},{"type":"Feature","id":"ais_par3.137453","geometry":{"type":"Polygon","coordinates":[[[10.3463,54.8859],[10.3452,54.8868],[10.3449,54.887],[10.3443,54.8875],[10.3436,54.888],[10.3439,54.8881],[10.3439,54.8881],[10.3442,54.8879],[10.3448,54.8875],[10.3453,54.8872],[10.3459,54.8867],[10.3465,54.8862],[10.347,54.8857],[10.3474,54.8854],[10.3472,54.8853],[10.3463,54.8859]]]},"properties":{"sourceId":"ais_par3.137453","a_type":3210,"hectares":0.907}},{"type":"Feature","id":"ais_par3.137454","geometry":{"type":"Polygon","coordinates":[[[10.2689,54.917],[10.2686,54.9171],[10.2682,54.9173],[10.268,54.9175],[10.2681,54.9177],[10.2683,54.9178],[10.2685,54.9177],[10.2689,54.9176],[10.2692,54.9175],[10.2695,54.9174],[10.2699,54.9172],[10.2702,54.9171],[10.2704,54.917],[10.2703,54.9168],[10.2702,54.9167],[10.2701,54.9166],[10.27,54.9164],[10.2698,54.9163],[10.2696,54.9163],[10.2694,54.9165],[10.2693,54.9166],[10.2692,54.9168],[10.2692,54.9169],[10.2689,54.917]]]},"properties":{"sourceId":"ais_par3.137454","a_type":3210,"hectares":1.008}},{"type":"Feature","id":"ais_par3.137457","geometry":{"type":"Polygon","coordinates":[[[10.2835,54.8932],[10.2833,54.8934],[10.2832,54.8935],[10.2828,54.8939],[10.2827,54.894],[10.2826,54.8941],[10.2825,54.8942],[10.2824,54.8943],[10.2823,54.8944],[10.2821,54.8945],[10.2818,54.8947],[10.2816,54.8947],[10.2813,54.8949],[10.2812,54.895],[10.2811,54.895],[10.281,54.895],[10.2808,54.8951],[10.2806,54.8952],[10.2804,54.8953],[10.2802,54.8954],[10.2799,54.8955],[10.2797,54.8956],[10.2796,54.8956],[10.2793,54.8957],[10.2792,54.8957],[10.279,54.8958],[10.2789,54.8959],[10.2788,54.8959],[10.2786,54.896],[10.2785,54.8961],[10.2785,54.8961],[10.2784,54.8961],[10.2783,54.8962],[10.2781,54.8963],[10.2784,54.8964],[10.2784,54.8964],[10.2785,54.8964],[10.2785,54.8964],[10.2786,54.8965],[10.2787,54.8965],[10.2787,54.8965],[10.2788,54.8965],[10.2793,54.8962],[10.2796,54.896],[10.2801,54.8958],[10.2803,54.8957],[10.2805,54.8956],[10.2808,54.8955],[10.2809,54.8954],[10.281,54.8954],[10.281,54.8953],[10.2811,54.8953],[10.2813,54.8952],[10.2814,54.8951],[10.2814,54.8951],[10.2815,54.895],[10.2816,54.8949],[10.2817,54.8949],[10.2818,54.8949],[10.2819,54.8949],[10.2819,54.8949],[10.282,54.8948],[10.2821,54.8947],[10.2821,54.8947],[10.2822,54.8947],[10.2824,54.8946],[10.2825,54.8945],[10.2826,54.8945],[10.2828,54.8945],[10.283,54.8945],[10.2832,54.8945],[10.2833,54.8944],[10.2833,54.8944],[10.2834,54.8944],[10.2835,54.8944],[10.2836,54.8944],[10.2836,54.8944],[10.2837,54.8944],[10.2837,54.8944],[10.2837,54.8943],[10.2838,54.8943],[10.2838,54.8943],[10.2839,54.8942],[10.284,54.8942],[10.284,54.8942],[10.284,54.8941],[10.2841,54.8941],[10.2842,54.894],[10.2842,54.8939],[10.2842,54.8939],[10.2843,54.8938],[10.2843,54.8937],[10.2843,54.8937],[10.2843,54.8936],[10.2842,54.8936],[10.2842,54.8935],[10.2842,54.8935],[10.2842,54.8934],[10.2842,54.8934],[10.2842,54.8933],[10.2842,54.8933],[10.2841,54.8933],[10.284,54.8932],[10.284,54.8932],[10.2841,54.8931],[10.2841,54.8931],[10.2842,54.8931],[10.2842,54.893],[10.2844,54.893],[10.2844,54.893],[10.2844,54.8929],[10.2845,54.8928],[10.2845,54.8927],[10.2845,54.8927],[10.2846,54.8927],[10.2847,54.8926],[10.2848,54.8926],[10.2849,54.8926],[10.285,54.8925],[10.2851,54.8924],[10.2852,54.8924],[10.2852,54.8924],[10.2852,54.8923],[10.2852,54.8923],[10.2853,54.8922],[10.2853,54.8921],[10.2854,54.892],[10.2855,54.8919],[10.2856,54.8918],[10.2857,54.8918],[10.2858,54.8917],[10.2859,54.8917],[10.2859,54.8916],[10.2859,54.8916],[10.2859,54.8916],[10.2859,54.8916],[10.2859,54.8915],[10.286,54.8915],[10.2862,54.8914],[10.2863,54.8914],[10.2864,54.8914],[10.2865,54.8914],[10.2866,54.8914],[10.2866,54.8914],[10.2867,54.8914],[10.2867,54.8913],[10.2867,54.8913],[10.2868,54.8912],[10.2868,54.8911],[10.2868,54.8911],[10.2868,54.891],[10.2868,54.891],[10.2869,54.8909],[10.2869,54.8909],[10.2869,54.8909],[10.2868,54.8907],[10.2867,54.8907],[10.2866,54.8906],[10.2866,54.8905],[10.2865,54.8904],[10.2865,54.8904],[10.2864,54.8903],[10.2864,54.8902],[10.2865,54.8901],[10.2865,54.89],[10.2865,54.89],[10.2864,54.8898],[10.2863,54.8899],[10.2863,54.8899],[10.2862,54.89],[10.2862,54.8901],[10.2861,54.8902],[10.2861,54.8903],[10.2861,54.8904],[10.2861,54.8905],[10.286,54.8906],[10.286,54.8906],[10.286,54.8907],[10.286,54.8908],[10.2859,54.891],[10.2858,54.8911],[10.2858,54.8911],[10.2857,54.8912],[10.2857,54.8913],[10.2856,54.8914],[10.2855,54.8914],[10.2855,54.8915],[10.2855,54.8916],[10.2854,54.8916],[10.2852,54.8918],[10.2851,54.8919],[10.2851,54.8919],[10.285,54.892],[10.2848,54.8921],[10.2848,54.8921],[10.2847,54.8922],[10.2846,54.8923],[10.2846,54.8923],[10.2845,54.8924],[10.2844,54.8924],[10.2843,54.8925],[10.2842,54.8926],[10.2841,54.8926],[10.284,54.8927],[10.284,54.8927],[10.2839,54.8928],[10.2838,54.8928],[10.2837,54.893],[10.2837,54.893],[10.2836,54.8931],[10.2835,54.8932]]]},"properties":{"sourceId":"ais_par3.137457","a_type":3210,"hectares":3.59}},{"type":"Feature","id":"ais_par3.137455","geometry":{"type":"Polygon","coordinates":[[[10.2612,54.9107],[10.2611,54.9106],[10.2609,54.9109],[10.2606,54.9112],[10.2605,54.9113],[10.2604,54.9113],[10.2604,54.9114],[10.2603,54.9115],[10.26,54.9118],[10.2597,54.9119],[10.2597,54.912],[10.2597,54.912],[10.2596,54.912],[10.2595,54.9121],[10.2594,54.9122],[10.2593,54.9123],[10.2591,54.9125],[10.2587,54.9127],[10.2585,54.9128],[10.2583,54.9129],[10.258,54.9131],[10.2574,54.9133],[10.2573,54.9134],[10.2572,54.9135],[10.2571,54.9135],[10.2569,54.9136],[10.2566,54.9138],[10.2564,54.9139],[10.2564,54.9139],[10.2563,54.9139],[10.2562,54.914],[10.2561,54.914],[10.2561,54.9141],[10.256,54.9141],[10.2559,54.9141],[10.2559,54.9142],[10.2558,54.9142],[10.2558,54.9142],[10.2557,54.9143],[10.2557,54.9143],[10.2556,54.9143],[10.2556,54.9143],[10.2555,54.9144],[10.2552,54.9145],[10.2551,54.9145],[10.2549,54.9146],[10.2548,54.9147],[10.2547,54.9147],[10.2546,54.9148],[10.2546,54.9148],[10.2544,54.9149],[10.2544,54.9149],[10.2542,54.915],[10.2541,54.915],[10.254,54.9151],[10.2539,54.9151],[10.2538,54.9151],[10.2538,54.9152],[10.2537,54.9152],[10.2536,54.9152],[10.2535,54.9153],[10.2533,54.9154],[10.2532,54.9154],[10.253,54.9155],[10.2529,54.9155],[10.2528,54.9156],[10.2527,54.9156],[10.2525,54.9158],[10.2524,54.9158],[10.2523,54.9159],[10.2522,54.9159],[10.252,54.916],[10.252,54.916],[10.2519,54.916],[10.2519,54.9161],[10.2518,54.9161],[10.2517,54.9161],[10.2517,54.9162],[10.2516,54.9162],[10.2512,54.9164],[10.2511,54.9166],[10.2509,54.9166],[10.2508,54.9167],[10.2507,54.9168],[10.2505,54.9169],[10.2502,54.9171],[10.2501,54.9171],[10.25,54.9172],[10.2499,54.9173],[10.2498,54.9174],[10.2496,54.9174],[10.2495,54.9175],[10.2493,54.9176],[10.2492,54.9177],[10.2491,54.9178],[10.249,54.9179],[10.2484,54.9182],[10.2482,54.9183],[10.2477,54.9185],[10.2477,54.9186],[10.2475,54.9186],[10.2474,54.9187],[10.2472,54.9188],[10.2471,54.9188],[10.2469,54.9189],[10.2468,54.9189],[10.2467,54.919],[10.2466,54.9191],[10.2466,54.9191],[10.2465,54.9192],[10.2465,54.9193],[10.2464,54.9193],[10.2464,54.9195],[10.2463,54.9196],[10.2463,54.9197],[10.2462,54.9198],[10.2461,54.9199],[10.246,54.92],[10.2458,54.9203],[10.2458,54.9203],[10.2457,54.9204],[10.2458,54.9205],[10.2458,54.9206],[10.2458,54.9207],[10.2457,54.9207],[10.2457,54.9207],[10.2457,54.9208],[10.2457,54.9209],[10.2457,54.921],[10.2456,54.9211],[10.2456,54.9211],[10.2455,54.9212],[10.2455,54.9213],[10.2454,54.9214],[10.2454,54.9214],[10.2454,54.9215],[10.2455,54.9216],[10.2455,54.9217],[10.2456,54.9218],[10.2457,54.9219],[10.2458,54.9219],[10.2458,54.922],[10.2459,54.922],[10.246,54.922],[10.2461,54.9221],[10.2462,54.9221],[10.2462,54.9221],[10.2463,54.9221],[10.2463,54.9221],[10.2463,54.922],[10.2464,54.922],[10.2464,54.922],[10.2464,54.9219],[10.2463,54.9217],[10.2462,54.9217],[10.2462,54.9216],[10.246,54.9214],[10.2461,54.9214],[10.2462,54.9214],[10.2463,54.9213],[10.2463,54.9211],[10.2463,54.921],[10.2463,54.9209],[10.2465,54.9206],[10.2466,54.9204],[10.2466,54.9203],[10.2465,54.9203],[10.2466,54.9202],[10.2466,54.9201],[10.2466,54.92],[10.2466,54.9199],[10.2467,54.9198],[10.2467,54.9197],[10.2468,54.9195],[10.2469,54.9194],[10.2469,54.9193],[10.2469,54.9192],[10.2469,54.9192],[10.247,54.9191],[10.247,54.9191],[10.2473,54.9189],[10.2475,54.9188],[10.2477,54.9188],[10.2479,54.9187],[10.2481,54.9187],[10.2481,54.9187],[10.2482,54.9186],[10.2483,54.9186],[10.2484,54.9186],[10.2485,54.9186],[10.2486,54.9186],[10.2488,54.9186],[10.2488,54.9186],[10.2489,54.9185],[10.249,54.9185],[10.2491,54.9184],[10.2491,54.9184],[10.2492,54.9183],[10.2492,54.9183],[10.2493,54.9182],[10.2493,54.9182],[10.2494,54.9182],[10.2495,54.9181],[10.2495,54.9181],[10.2495,54.918],[10.2495,54.918],[10.2496,54.9179],[10.2496,54.9178],[10.2498,54.9178],[10.2499,54.9178],[10.2501,54.9177],[10.2502,54.9177],[10.2503,54.9177],[10.2504,54.9176],[10.2505,54.9176],[10.2506,54.9175],[10.2507,54.9174],[10.2508,54.9173],[10.2509,54.9172],[10.2509,54.917],[10.2509,54.9169],[10.251,54.9169],[10.2513,54.9168],[10.2514,54.9167],[10.2515,54.9166],[10.2517,54.9165],[10.2518,54.9164],[10.252,54.9163],[10.2522,54.9162],[10.2525,54.9161],[10.2528,54.9159],[10.253,54.9158],[10.2532,54.9157],[10.2533,54.9156],[10.2535,54.9156],[10.2537,54.9155],[10.2538,54.9154],[10.2542,54.9153],[10.2543,54.9152],[10.2543,54.9152],[10.2543,54.9152],[10.2544,54.9152],[10.2545,54.9151],[10.2546,54.9151],[10.2547,54.9151],[10.2548,54.9151],[10.2549,54.9151],[10.255,54.9151],[10.2551,54.915],[10.2553,54.9149],[10.2554,54.9149],[10.2555,54.9148],[10.2555,54.9148],[10.2556,54.9148],[10.2557,54.9148],[10.2556,54.9147],[10.2556,54.9147],[10.2555,54.9146],[10.2555,54.9146],[10.2555,54.9146],[10.2556,54.9145],[10.2556,54.9145],[10.2557,54.9145],[10.2557,54.9145],[10.2558,54.9145],[10.2559,54.9145],[10.256,54.9145],[10.2561,54.9145],[10.2562,54.9145],[10.2563,54.9144],[10.2564,54.9144],[10.2565,54.9144],[10.2565,54.9144],[10.2566,54.9143],[10.2566,54.9142],[10.2568,54.9141],[10.2569,54.9141],[10.257,54.914],[10.257,54.914],[10.257,54.914],[10.257,54.914],[10.2571,54.9139],[10.2574,54.9137],[10.2579,54.9134],[10.2581,54.9134],[10.2581,54.9134],[10.2583,54.9132],[10.2584,54.9131],[10.2585,54.9131],[10.2586,54.913],[10.2587,54.913],[10.2589,54.9129],[10.2591,54.9128],[10.2592,54.9128],[10.2593,54.9128],[10.2593,54.9128],[10.2595,54.9127],[10.2596,54.9126],[10.26,54.9123],[10.2602,54.9121],[10.2604,54.912],[10.2606,54.9119],[10.2609,54.9116],[10.261,54.9116],[10.2611,54.9116],[10.2611,54.9116],[10.2612,54.9116],[10.2613,54.9117],[10.2614,54.9117],[10.2614,54.9118],[10.2615,54.9118],[10.2616,54.9118],[10.2619,54.9116],[10.2621,54.9117],[10.2623,54.9116],[10.2625,54.9116],[10.2625,54.9116],[10.2626,54.9115],[10.2623,54.9113],[10.2613,54.9108],[10.2613,54.9107],[10.2612,54.9107]]]},"properties":{"sourceId":"ais_par3.137455","a_type":3210,"hectares":6.134}},{"type":"Feature","id":"ais_par3.137456","geometry":{"type":"Polygon","coordinates":[[[10.2986,54.9045],[10.2984,54.9046],[10.2982,54.9047],[10.2984,54.9049],[10.2984,54.9049],[10.2985,54.9049],[10.2985,54.9049],[10.2993,54.9043],[10.299,54.9041],[10.2986,54.9045]]]},"properties":{"sourceId":"ais_par3.137456","a_type":3210,"hectares":0.215}},{"type":"Feature","id":"ais_par3.137458","geometry":{"type":"Polygon","coordinates":[[[10.292,54.8878],[10.2919,54.8878],[10.2917,54.8878],[10.2916,54.8879],[10.2914,54.8879],[10.2911,54.888],[10.2909,54.888],[10.2909,54.888],[10.2907,54.888],[10.2907,54.8881],[10.2906,54.8881],[10.2905,54.8881],[10.2903,54.8881],[10.2902,54.8882],[10.2901,54.8882],[10.29,54.8882],[10.2899,54.8882],[10.2899,54.8882],[10.2898,54.8883],[10.2894,54.8884],[10.2894,54.8884],[10.2893,54.8884],[10.2892,54.8884],[10.2891,54.8884],[10.289,54.8884],[10.2889,54.8884],[10.2888,54.8884],[10.2888,54.8884],[10.2887,54.8884],[10.2888,54.8885],[10.2889,54.8886],[10.2889,54.8886],[10.289,54.8886],[10.289,54.8886],[10.289,54.8886],[10.2892,54.8886],[10.2893,54.8886],[10.2895,54.8886],[10.2896,54.8886],[10.2897,54.8885],[10.2899,54.8885],[10.2899,54.8884],[10.29,54.8884],[10.2901,54.8884],[10.2902,54.8883],[10.2903,54.8883],[10.2903,54.8883],[10.2904,54.8883],[10.2906,54.8883],[10.2907,54.8883],[10.2908,54.8884],[10.2908,54.8884],[10.2909,54.8884],[10.291,54.8883],[10.291,54.8883],[10.291,54.8882],[10.291,54.8882],[10.2911,54.8881],[10.2912,54.8881],[10.2914,54.8881],[10.2915,54.8881],[10.2916,54.8881],[10.2917,54.8881],[10.2917,54.8881],[10.2918,54.8881],[10.292,54.8883],[10.2922,54.8884],[10.2922,54.8884],[10.2923,54.8884],[10.2925,54.8883],[10.2925,54.8883],[10.2926,54.8883],[10.2926,54.8882],[10.2926,54.8881],[10.2926,54.8881],[10.2926,54.888],[10.2926,54.8879],[10.2927,54.8879],[10.2927,54.8878],[10.2928,54.8878],[10.2929,54.8878],[10.293,54.8878],[10.293,54.8877],[10.293,54.8877],[10.2933,54.8876],[10.2935,54.8876],[10.2936,54.8875],[10.2937,54.8875],[10.2938,54.8875],[10.2938,54.8875],[10.2939,54.8874],[10.2941,54.8874],[10.2941,54.8874],[10.2942,54.8873],[10.2943,54.8872],[10.2944,54.8872],[10.2945,54.8871],[10.2946,54.8871],[10.2947,54.887],[10.2948,54.887],[10.2948,54.887],[10.2949,54.887],[10.295,54.887],[10.2951,54.887],[10.2952,54.887],[10.2952,54.887],[10.2952,54.8869],[10.2952,54.8868],[10.2952,54.8868],[10.2953,54.8868],[10.2954,54.8867],[10.2955,54.8866],[10.2957,54.8866],[10.2958,54.8866],[10.2959,54.8866],[10.2961,54.8866],[10.2962,54.8866],[10.2962,54.8867],[10.2962,54.8866],[10.2962,54.8865],[10.2962,54.8865],[10.2962,54.8865],[10.2963,54.8865],[10.2964,54.8864],[10.2965,54.8864],[10.2966,54.8863],[10.2967,54.8863],[10.2968,54.8862],[10.2969,54.8862],[10.2969,54.8862],[10.2969,54.8862],[10.2969,54.8862],[10.2969,54.8862],[10.2969,54.8861],[10.2968,54.8861],[10.2968,54.8861],[10.2967,54.8861],[10.2966,54.8862],[10.2964,54.8862],[10.2964,54.8862],[10.2962,54.8862],[10.2961,54.8863],[10.2959,54.8863],[10.2956,54.8864],[10.2954,54.8865],[10.2953,54.8865],[10.2951,54.8865],[10.295,54.8866],[10.2949,54.8866],[10.2949,54.8867],[10.2948,54.8867],[10.2947,54.8868],[10.2945,54.8869],[10.2945,54.8869],[10.2943,54.887],[10.2941,54.8871],[10.2939,54.8872],[10.2938,54.8872],[10.2936,54.8873],[10.2935,54.8873],[10.2933,54.8874],[10.2932,54.8874],[10.293,54.8875],[10.2928,54.8876],[10.2926,54.8876],[10.2925,54.8876],[10.2924,54.8877],[10.2922,54.8877],[10.292,54.8878]]]},"properties":{"sourceId":"ais_par3.137458","a_type":3210,"hectares":1.582}},{"type":"Feature","id":"ais_par3.137459","geometry":{"type":"Polygon","coordinates":[[[10.3075,54.8893],[10.3085,54.8908],[10.3091,54.8911],[10.3094,54.8912],[10.3098,54.8913],[10.3098,54.8912],[10.3086,54.8897],[10.3089,54.8892],[10.3088,54.8891],[10.3075,54.8893]]]},"properties":{"sourceId":"ais_par3.137459","a_type":3210,"hectares":1.364}},{"type":"Feature","id":"ais_par3.137460","geometry":{"type":"Polygon","coordinates":[[[10.3193,54.8773],[10.3185,54.8777],[10.3181,54.878],[10.3176,54.8782],[10.3174,54.8783],[10.3172,54.8784],[10.3168,54.8787],[10.3159,54.8791],[10.315,54.8796],[10.3137,54.8802],[10.3124,54.8808],[10.3126,54.8809],[10.3127,54.8808],[10.313,54.8807],[10.3131,54.8807],[10.3136,54.8804],[10.314,54.8802],[10.3145,54.88],[10.3151,54.8797],[10.3155,54.8796],[10.3158,54.8795],[10.316,54.8794],[10.3168,54.8794],[10.3169,54.8794],[10.3169,54.8794],[10.3172,54.8793],[10.3175,54.8793],[10.3177,54.8793],[10.3181,54.8791],[10.3182,54.879],[10.3187,54.8796],[10.3188,54.8795],[10.3191,54.879],[10.3196,54.8784],[10.3193,54.8782],[10.3191,54.8781],[10.3191,54.8781],[10.3189,54.8779],[10.3188,54.8778],[10.3188,54.8778],[10.3189,54.8777],[10.3195,54.8774],[10.3201,54.8769],[10.3198,54.877],[10.3193,54.8773]]]},"properties":{"sourceId":"ais_par3.137460","a_type":3210,"hectares":3.115}},{"type":"Feature","id":"ais_par3.137461","geometry":{"type":"Polygon","coordinates":[[[10.3233,54.877],[10.3224,54.877],[10.322,54.8769],[10.3216,54.8769],[10.3213,54.8769],[10.3215,54.877],[10.322,54.8773],[10.3223,54.8775],[10.3226,54.8777],[10.3227,54.8773],[10.3233,54.8773],[10.3234,54.8774],[10.3236,54.8774],[10.3241,54.8773],[10.3245,54.8773],[10.3251,54.8772],[10.3257,54.8771],[10.3255,54.8768],[10.3255,54.8768],[10.325,54.8769],[10.3247,54.8769],[10.3244,54.8769],[10.324,54.877],[10.3236,54.877],[10.3233,54.877]]]},"properties":{"sourceId":"ais_par3.137461","a_type":3210,"hectares":1.101}},{"type":"Feature","id":"ais_par3.137462","geometry":{"type":"Polygon","coordinates":[[[10.3529,54.853],[10.3527,54.853],[10.3527,54.853],[10.3523,54.8531],[10.3521,54.8532],[10.3532,54.8538],[10.3535,54.8539],[10.3538,54.854],[10.3543,54.8543],[10.3549,54.8545],[10.3557,54.8548],[10.3562,54.8549],[10.3567,54.8552],[10.3569,54.8551],[10.3581,54.8549],[10.3581,54.8548],[10.3574,54.8548],[10.357,54.8548],[10.3567,54.8548],[10.3564,54.8547],[10.3561,54.8546],[10.3559,54.8545],[10.3556,54.8544],[10.3552,54.8542],[10.3549,54.8541],[10.3548,54.8541],[10.3546,54.8539],[10.3543,54.8538],[10.3542,54.8536],[10.3541,54.8535],[10.3539,54.8534],[10.3537,54.8533],[10.3532,54.8532],[10.3529,54.853]]]},"properties":{"sourceId":"ais_par3.137462","a_type":3210,"hectares":1.626}},{"type":"Feature","id":"ais_par3.137463","geometry":{"type":"Polygon","coordinates":[[[10.3675,54.8416],[10.3675,54.8416],[10.3669,54.8418],[10.3668,54.8418],[10.3668,54.8418],[10.3667,54.8419],[10.3665,54.8419],[10.3664,54.842],[10.3663,54.842],[10.3662,54.8421],[10.3661,54.8421],[10.3659,54.8422],[10.3658,54.8422],[10.3657,54.8422],[10.3656,54.8423],[10.3654,54.8424],[10.3652,54.8424],[10.3651,54.8425],[10.3649,54.8426],[10.3648,54.8426],[10.3647,54.8427],[10.3647,54.8427],[10.3647,54.8427],[10.3648,54.8428],[10.3648,54.8428],[10.3649,54.8428],[10.365,54.8428],[10.3652,54.8427],[10.3657,54.8425],[10.3663,54.8422],[10.3666,54.8421],[10.367,54.842],[10.3672,54.8419],[10.3673,54.8418],[10.3674,54.842],[10.3675,54.8421],[10.3678,54.842],[10.3681,54.8419],[10.3682,54.8419],[10.3683,54.8419],[10.3681,54.8415],[10.3679,54.8413],[10.3679,54.8412],[10.3678,54.8412],[10.3678,54.8413],[10.3677,54.8413],[10.3677,54.8414],[10.3676,54.8415],[10.3675,54.8416]]]},"properties":{"sourceId":"ais_par3.137463","a_type":3210,"hectares":0.729}},{"type":"Feature","id":"ais_par3.137464","geometry":{"type":"Polygon","coordinates":[[[10.4274,54.8177],[10.427,54.8175],[10.4267,54.8173],[10.4266,54.8173],[10.4266,54.8173],[10.4266,54.8173],[10.4266,54.8173],[10.4265,54.8173],[10.4265,54.8173],[10.4266,54.8173],[10.4266,54.8173],[10.4266,54.8174],[10.4266,54.8175],[10.4266,54.8175],[10.4267,54.8176],[10.4267,54.8176],[10.4268,54.8177],[10.4268,54.8177],[10.4269,54.8177],[10.4269,54.8178],[10.4269,54.8178],[10.4269,54.8178],[10.427,54.8179],[10.4272,54.8181],[10.4274,54.8182],[10.4275,54.8182],[10.4275,54.8182],[10.4275,54.8182],[10.4276,54.8182],[10.4277,54.8182],[10.4278,54.8182],[10.4278,54.8182],[10.4279,54.8182],[10.4279,54.8182],[10.428,54.8182],[10.428,54.8182],[10.4282,54.8184],[10.4283,54.8184],[10.4284,54.8185],[10.4286,54.8186],[10.4286,54.8186],[10.4287,54.8186],[10.4287,54.8186],[10.4288,54.8186],[10.4288,54.8186],[10.4289,54.8187],[10.4289,54.8187],[10.429,54.8187],[10.429,54.8187],[10.4291,54.8188],[10.4291,54.8188],[10.4292,54.8188],[10.4292,54.8189],[10.4292,54.8189],[10.4293,54.8189],[10.4293,54.819],[10.4294,54.819],[10.4294,54.819],[10.4295,54.8191],[10.4297,54.8191],[10.4297,54.8191],[10.4297,54.8193],[10.4298,54.8193],[10.4299,54.8194],[10.4299,54.8194],[10.43,54.8196],[10.43,54.8196],[10.4301,54.8196],[10.4305,54.8197],[10.4306,54.8197],[10.4307,54.8198],[10.4307,54.8198],[10.4307,54.8198],[10.4308,54.8198],[10.4308,54.8199],[10.4309,54.82],[10.4311,54.8201],[10.4312,54.8202],[10.4313,54.8203],[10.4316,54.8203],[10.4316,54.8203],[10.4316,54.8203],[10.4317,54.8203],[10.4317,54.8203],[10.4317,54.8202],[10.4317,54.8202],[10.4312,54.8198],[10.4309,54.8196],[10.4305,54.8194],[10.4303,54.8193],[10.43,54.819],[10.4298,54.8189],[10.4294,54.8187],[10.4294,54.8187],[10.4294,54.8187],[10.4293,54.8187],[10.4293,54.8186],[10.4283,54.8182],[10.4279,54.818],[10.4276,54.8178],[10.4274,54.8177]]]},"properties":{"sourceId":"ais_par3.137464","a_type":3210,"hectares":1.131}},{"type":"Feature","id":"ais_par3.137567","geometry":{"type":"Polygon","coordinates":[[[10.3465,54.8547],[10.3458,54.8551],[10.3455,54.8553],[10.3447,54.8557],[10.3441,54.856],[10.3438,54.8562],[10.3436,54.8563],[10.3435,54.8564],[10.3432,54.8567],[10.343,54.8569],[10.3429,54.8572],[10.3427,54.8576],[10.3425,54.8579],[10.3419,54.8583],[10.3414,54.8587],[10.341,54.8589],[10.3407,54.8591],[10.3404,54.8594],[10.3404,54.8595],[10.3401,54.8599],[10.3399,54.8602],[10.3395,54.8605],[10.3392,54.8608],[10.3388,54.8611],[10.3384,54.8614],[10.338,54.8617],[10.3376,54.8619],[10.3375,54.862],[10.3374,54.862],[10.3373,54.8621],[10.3372,54.8622],[10.3371,54.8622],[10.3369,54.8624],[10.3365,54.8627],[10.3358,54.8632],[10.3353,54.8636],[10.3352,54.8637],[10.335,54.8639],[10.3346,54.8642],[10.3344,54.8642],[10.3344,54.8643],[10.3341,54.8647],[10.3341,54.8647],[10.3339,54.865],[10.3338,54.865],[10.3338,54.8651],[10.3338,54.8651],[10.3326,54.8659],[10.3324,54.8661],[10.3321,54.8663],[10.332,54.8664],[10.3317,54.8667],[10.3309,54.8672],[10.3307,54.8674],[10.3306,54.8675],[10.3305,54.8675],[10.3304,54.8677],[10.3303,54.8679],[10.3303,54.8679],[10.3303,54.8679],[10.33,54.8681],[10.3297,54.8684],[10.3294,54.8686],[10.3293,54.8687],[10.3291,54.869],[10.329,54.8691],[10.3289,54.8692],[10.3289,54.8692],[10.3288,54.8693],[10.3287,54.8693],[10.3286,54.8695],[10.3283,54.8697],[10.3282,54.8698],[10.3277,54.8701],[10.3277,54.8701],[10.3276,54.8702],[10.3274,54.8703],[10.3272,54.8704],[10.327,54.8705],[10.327,54.8706],[10.327,54.8706],[10.3269,54.8706],[10.327,54.8707],[10.3271,54.8707],[10.3271,54.8707],[10.3272,54.8707],[10.3272,54.8706],[10.3274,54.8705],[10.3275,54.8704],[10.3277,54.8703],[10.3277,54.8703],[10.3277,54.8703],[10.3277,54.8703],[10.328,54.8701],[10.3281,54.8701],[10.3282,54.8699],[10.3287,54.8696],[10.3288,54.8695],[10.329,54.8693],[10.3291,54.8692],[10.3292,54.8691],[10.3292,54.8691],[10.3293,54.8691],[10.3293,54.8691],[10.3294,54.8692],[10.3295,54.8692],[10.3295,54.8692],[10.3294,54.8693],[10.3293,54.8694],[10.3291,54.8696],[10.3288,54.8698],[10.3283,54.8701],[10.3282,54.8702],[10.3282,54.8703],[10.3281,54.8703],[10.3281,54.8704],[10.3281,54.8704],[10.3281,54.8705],[10.3279,54.8706],[10.3277,54.8708],[10.3275,54.871],[10.3271,54.8714],[10.327,54.8714],[10.3268,54.8715],[10.3267,54.8717],[10.3266,54.8718],[10.3265,54.8719],[10.3264,54.872],[10.3262,54.8721],[10.3262,54.8722],[10.3261,54.8723],[10.3261,54.8723],[10.3261,54.8723],[10.326,54.8725],[10.3262,54.8723],[10.3263,54.8722],[10.3264,54.8722],[10.3265,54.872],[10.3267,54.8719],[10.3268,54.8718],[10.3269,54.8717],[10.3274,54.8715],[10.3276,54.8714],[10.3277,54.8713],[10.3278,54.8712],[10.3279,54.8712],[10.3279,54.8712],[10.328,54.8711],[10.3282,54.871],[10.3283,54.8709],[10.3284,54.8708],[10.3287,54.8708],[10.3289,54.8708],[10.3289,54.8708],[10.3292,54.8708],[10.3294,54.8708],[10.3295,54.8708],[10.3295,54.8707],[10.3297,54.8707],[10.3298,54.8705],[10.3299,54.8704],[10.33,54.8703],[10.3303,54.8702],[10.3305,54.8701],[10.3308,54.87],[10.331,54.8699],[10.3312,54.8698],[10.3314,54.8697],[10.3315,54.8696],[10.3317,54.8696],[10.3319,54.8695],[10.332,54.8694],[10.3321,54.8694],[10.3324,54.8693],[10.3327,54.8691],[10.3328,54.8691],[10.3328,54.8691],[10.333,54.8689],[10.3329,54.8687],[10.3328,54.8685],[10.3328,54.8684],[10.333,54.8682],[10.3331,54.868],[10.3332,54.8679],[10.333,54.8678],[10.3331,54.8677],[10.3332,54.8676],[10.3335,54.8674],[10.3337,54.8673],[10.3338,54.8672],[10.334,54.8669],[10.3343,54.8667],[10.3343,54.8667],[10.3346,54.8665],[10.3349,54.8663],[10.335,54.8662],[10.335,54.8662],[10.335,54.8662],[10.3349,54.866],[10.3349,54.8659],[10.335,54.8658],[10.3352,54.8657],[10.3354,54.8656],[10.3355,54.8655],[10.3355,54.8653],[10.3355,54.8653],[10.3357,54.8651],[10.336,54.865],[10.3361,54.8647],[10.3363,54.8645],[10.3363,54.8644],[10.3363,54.8643],[10.3371,54.8642],[10.3378,54.8637],[10.3379,54.8631],[10.3377,54.8627],[10.3386,54.8622],[10.3385,54.8618],[10.3385,54.8617],[10.3387,54.8616],[10.339,54.8616],[10.3398,54.8615],[10.34,54.8614],[10.34,54.8613],[10.3403,54.8608],[10.3403,54.8607],[10.3402,54.8606],[10.3402,54.8604],[10.3403,54.8603],[10.3404,54.8604],[10.341,54.8599],[10.3415,54.8596],[10.3415,54.8595],[10.3415,54.8595],[10.3415,54.8595],[10.3416,54.8594],[10.3417,54.8593],[10.3418,54.8593],[10.3418,54.8592],[10.3418,54.8591],[10.3417,54.859],[10.3417,54.859],[10.3417,54.859],[10.3417,54.859],[10.3418,54.8589],[10.3419,54.8588],[10.342,54.8588],[10.3421,54.8587],[10.3421,54.8587],[10.3422,54.8586],[10.3427,54.8582],[10.3431,54.8578],[10.3432,54.8578],[10.3432,54.8577],[10.3432,54.8577],[10.3432,54.8576],[10.3433,54.8576],[10.3434,54.8574],[10.3434,54.8574],[10.3434,54.8573],[10.3434,54.8572],[10.3434,54.8571],[10.3434,54.8571],[10.3436,54.857],[10.3438,54.8569],[10.3439,54.8568],[10.344,54.8567],[10.344,54.8566],[10.344,54.8565],[10.344,54.8564],[10.344,54.8564],[10.3441,54.8563],[10.3441,54.8563],[10.3444,54.8561],[10.3449,54.8559],[10.345,54.8559],[10.3452,54.8558],[10.3453,54.8557],[10.3453,54.8557],[10.3454,54.8557],[10.3455,54.8556],[10.3461,54.8554],[10.3462,54.8552],[10.3464,54.8551],[10.3467,54.8549],[10.3468,54.8548],[10.3469,54.8548],[10.3469,54.8548],[10.3469,54.8548],[10.3469,54.8549],[10.3473,54.8551],[10.3483,54.8549],[10.3483,54.8549],[10.3483,54.8549],[10.3482,54.8548],[10.3482,54.8546],[10.3484,54.8545],[10.3486,54.8543],[10.3488,54.8542],[10.3491,54.8541],[10.3492,54.8541],[10.3492,54.854],[10.3496,54.8537],[10.3498,54.8535],[10.3499,54.8531],[10.3501,54.8528],[10.3505,54.8525],[10.3511,54.8527],[10.3511,54.8527],[10.3516,54.8523],[10.3507,54.852],[10.3504,54.8522],[10.3494,54.8528],[10.3484,54.8535],[10.3482,54.8537],[10.3475,54.8541],[10.3465,54.8547]],[[10.3298,54.8697],[10.33,54.8696],[10.3301,54.8696],[10.3303,54.8695],[10.3303,54.8695],[10.3304,54.8695],[10.3305,54.8696],[10.3307,54.8696],[10.3307,54.8696],[10.3308,54.8696],[10.3309,54.8697],[10.3309,54.8697],[10.3309,54.8697],[10.3295,54.8704],[10.3294,54.8703],[10.3293,54.8702],[10.3294,54.87],[10.3295,54.8699],[10.3296,54.8698],[10.3297,54.8698],[10.3298,54.8697]],[[10.3329,54.8681],[10.3328,54.8682],[10.3328,54.8683],[10.3327,54.8683],[10.3326,54.8684],[10.3326,54.8683],[10.3326,54.8682],[10.3326,54.8682],[10.3326,54.8682],[10.3325,54.8681],[10.3325,54.8681],[10.3326,54.868],[10.3326,54.868],[10.3327,54.868],[10.3329,54.8681],[10.3329,54.8681]],[[10.3319,54.8676],[10.3318,54.8676],[10.3319,54.8675],[10.3319,54.8675],[10.332,54.8676],[10.332,54.8677],[10.3319,54.8676]]]},"properties":{"sourceId":"ais_par3.137567","a_type":3210,"hectares":22.087}},{"type":"Feature","id":"ais_par3.138041","geometry":{"type":"Polygon","coordinates":[[[10.4899,54.8902],[10.4898,54.8903],[10.4896,54.8903],[10.4893,54.8903],[10.4892,54.8903],[10.4891,54.8904],[10.4887,54.8904],[10.4886,54.8905],[10.4885,54.8905],[10.4885,54.8905],[10.4892,54.8905],[10.4895,54.8904],[10.4897,54.8904],[10.4899,54.8904],[10.49,54.8903],[10.4904,54.8903],[10.4906,54.8903],[10.4907,54.8902],[10.491,54.8902],[10.4912,54.8902],[10.4914,54.8901],[10.4916,54.8901],[10.4918,54.8901],[10.4921,54.89],[10.493,54.8898],[10.4933,54.8897],[10.4939,54.8896],[10.4944,54.8895],[10.4945,54.8894],[10.4948,54.8894],[10.495,54.8893],[10.4953,54.8892],[10.4955,54.8892],[10.4956,54.8892],[10.4958,54.8891],[10.4961,54.889],[10.4968,54.8889],[10.4971,54.8889],[10.4974,54.8888],[10.4977,54.8888],[10.4977,54.8888],[10.498,54.8887],[10.4982,54.8887],[10.4985,54.8886],[10.4987,54.8885],[10.499,54.8884],[10.4992,54.8884],[10.4995,54.8883],[10.5001,54.8881],[10.5004,54.8881],[10.5013,54.8878],[10.5016,54.8878],[10.502,54.8877],[10.5023,54.8876],[10.5026,54.8876],[10.5031,54.8875],[10.5035,54.8874],[10.5037,54.8873],[10.504,54.8873],[10.5041,54.8873],[10.5043,54.8872],[10.5045,54.8872],[10.5049,54.8871],[10.5048,54.8871],[10.5047,54.8871],[10.5046,54.8871],[10.5045,54.887],[10.5041,54.8871],[10.504,54.8871],[10.5037,54.8872],[10.5036,54.8872],[10.5035,54.8872],[10.5033,54.8873],[10.503,54.8874],[10.5028,54.8874],[10.5026,54.8875],[10.5024,54.8875],[10.5023,54.8875],[10.5022,54.8875],[10.5019,54.8876],[10.5018,54.8876],[10.5017,54.8876],[10.5016,54.8876],[10.5015,54.8877],[10.5014,54.8877],[10.5013,54.8877],[10.5012,54.8877],[10.5011,54.8878],[10.501,54.8878],[10.5009,54.8878],[10.5006,54.8879],[10.5005,54.8879],[10.5002,54.888],[10.5,54.888],[10.4999,54.8881],[10.4998,54.8881],[10.4997,54.8881],[10.4995,54.8881],[10.4993,54.8882],[10.4985,54.8884],[10.4984,54.8885],[10.498,54.8886],[10.4978,54.8886],[10.4978,54.8886],[10.4976,54.8887],[10.4976,54.8887],[10.4976,54.8887],[10.4975,54.8887],[10.4972,54.8887],[10.4969,54.8888],[10.4965,54.8888],[10.4962,54.8889],[10.4959,54.8889],[10.4958,54.889],[10.4955,54.8891],[10.4953,54.8891],[10.495,54.8892],[10.4948,54.8892],[10.4945,54.8893],[10.4943,54.8893],[10.494,54.8894],[10.4939,54.8894],[10.4937,54.8895],[10.4936,54.8895],[10.4936,54.8895],[10.4933,54.8896],[10.4932,54.8896],[10.493,54.8896],[10.493,54.8897],[10.4928,54.8897],[10.4926,54.8897],[10.4925,54.8898],[10.4925,54.8898],[10.4925,54.8898],[10.4923,54.8898],[10.4921,54.8899],[10.4917,54.89],[10.4916,54.89],[10.4914,54.8901],[10.491,54.8901],[10.4908,54.8901],[10.4906,54.8901],[10.4904,54.8902],[10.4899,54.8902]]]},"properties":{"sourceId":"ais_par3.138041","a_type":3210,"hectares":1.506}},{"type":"Feature","id":"ais_par3.138042","geometry":{"type":"Polygon","coordinates":[[[10.4828,54.842],[10.4818,54.8419],[10.4818,54.8418],[10.4817,54.8418],[10.4817,54.8418],[10.4816,54.8418],[10.4816,54.8418],[10.4816,54.8418],[10.4815,54.8418],[10.4815,54.8418],[10.4807,54.8417],[10.4799,54.8417],[10.4797,54.8416],[10.4796,54.8416],[10.4792,54.8415],[10.4789,54.8415],[10.4787,54.8415],[10.4785,54.8415],[10.4783,54.8415],[10.4776,54.8414],[10.4775,54.8414],[10.4774,54.8414],[10.4768,54.8413],[10.4762,54.8413],[10.476,54.8413],[10.4756,54.8413],[10.4753,54.8413],[10.4752,54.8413],[10.475,54.8413],[10.4746,54.8413],[10.4741,54.8414],[10.474,54.8414],[10.4738,54.8414],[10.4737,54.8414],[10.4736,54.8414],[10.4734,54.8414],[10.4732,54.8413],[10.4731,54.8413],[10.4731,54.8414],[10.4739,54.8414],[10.4741,54.8414],[10.475,54.8414],[10.4751,54.8414],[10.4754,54.8414],[10.4756,54.8414],[10.4759,54.8414],[10.476,54.8414],[10.4761,54.8415],[10.477,54.8415],[10.4773,54.8415],[10.4776,54.8416],[10.4778,54.8416],[10.478,54.8417],[10.4781,54.8417],[10.4782,54.8417],[10.4784,54.8418],[10.4786,54.8419],[10.4794,54.8419],[10.4795,54.8419],[10.4796,54.8419],[10.4798,54.8419],[10.48,54.8419],[10.4807,54.842],[10.4808,54.842],[10.481,54.842],[10.4811,54.842],[10.4812,54.842],[10.4813,54.8421],[10.4815,54.8422],[10.4816,54.8422],[10.4817,54.8422],[10.4818,54.8422],[10.4819,54.8422],[10.482,54.8422],[10.4822,54.8422],[10.4823,54.8423],[10.4825,54.8423],[10.4826,54.8423],[10.4828,54.8422],[10.483,54.8422],[10.4831,54.8422],[10.4832,54.8422],[10.4834,54.8422],[10.4839,54.8421],[10.4846,54.8422],[10.4848,54.8422],[10.4848,54.8422],[10.4849,54.8423],[10.485,54.8423],[10.4851,54.8423],[10.4852,54.8423],[10.4852,54.8424],[10.4853,54.8423],[10.4854,54.8423],[10.486,54.8424],[10.4861,54.8424],[10.4863,54.8424],[10.4864,54.8425],[10.4865,54.8425],[10.4866,54.8425],[10.4868,54.8425],[10.4869,54.8425],[10.4871,54.8425],[10.4871,54.8425],[10.4872,54.8425],[10.4872,54.8425],[10.4864,54.8424],[10.4853,54.8423],[10.4852,54.8423],[10.4851,54.8422],[10.485,54.8422],[10.485,54.8422],[10.4838,54.8421],[10.4836,54.8421],[10.4835,54.842],[10.4832,54.842],[10.4828,54.842]]]},"properties":{"sourceId":"ais_par3.138042","a_type":3210,"hectares":1.722}},{"type":"Feature","id":"ais_par3.138336","geometry":{"type":"Polygon","coordinates":[[[10.4979,54.9703],[10.4969,54.9712],[10.4972,54.9716],[10.4975,54.9721],[10.4994,54.9718],[10.4995,54.9718],[10.4996,54.9716],[10.4997,54.9714],[10.4997,54.9714],[10.4996,54.9713],[10.4995,54.9712],[10.4993,54.9709],[10.4993,54.9709],[10.4991,54.9707],[10.4991,54.9706],[10.499,54.9706],[10.4989,54.9705],[10.4987,54.9705],[10.4985,54.9704],[10.4985,54.9704],[10.4983,54.9704],[10.4982,54.9704],[10.4979,54.9703]]]},"properties":{"sourceId":"ais_par3.138336","a_type":3210,"hectares":2.358}},{"type":"Feature","id":"ais_par3.138546","geometry":{"type":"Polygon","coordinates":[[[10.2406,54.9409],[10.2395,54.9419],[10.239,54.9422],[10.2382,54.9429],[10.2366,54.9439],[10.2366,54.9439],[10.2364,54.9441],[10.2362,54.9442],[10.236,54.9443],[10.2359,54.9444],[10.2358,54.9444],[10.2358,54.9444],[10.2357,54.9445],[10.2357,54.9445],[10.2356,54.9446],[10.2353,54.9447],[10.2351,54.9449],[10.2349,54.945],[10.2345,54.9452],[10.2343,54.9453],[10.2334,54.9458],[10.2333,54.9459],[10.2332,54.9459],[10.2331,54.946],[10.233,54.9461],[10.2329,54.9462],[10.2328,54.9462],[10.2327,54.9462],[10.2327,54.9462],[10.2326,54.9463],[10.2325,54.9464],[10.2325,54.9464],[10.2324,54.9464],[10.2324,54.9464],[10.2323,54.9465],[10.2321,54.9466],[10.2315,54.947],[10.231,54.9473],[10.2309,54.9474],[10.2308,54.9474],[10.2307,54.9474],[10.2307,54.9474],[10.2306,54.9474],[10.2305,54.9475],[10.2304,54.9475],[10.2303,54.9476],[10.2301,54.9476],[10.23,54.9477],[10.2298,54.9478],[10.2297,54.9478],[10.2296,54.9479],[10.2295,54.9479],[10.2293,54.948],[10.2291,54.9481],[10.229,54.9481],[10.2289,54.9482],[10.2288,54.9482],[10.2287,54.9483],[10.2286,54.9483],[10.2286,54.9483],[10.2285,54.9484],[10.2284,54.9484],[10.2283,54.9485],[10.2282,54.9485],[10.2281,54.9486],[10.228,54.9486],[10.2279,54.9487],[10.2278,54.9487],[10.2277,54.9488],[10.2276,54.9488],[10.2276,54.9488],[10.2275,54.9488],[10.2274,54.9489],[10.2273,54.9489],[10.2272,54.949],[10.2271,54.9491],[10.227,54.9493],[10.2269,54.9494],[10.2268,54.9495],[10.2267,54.9497],[10.2266,54.9499],[10.2266,54.9499],[10.2265,54.9499],[10.2265,54.95],[10.2265,54.95],[10.2265,54.95],[10.2265,54.9501],[10.2264,54.9501],[10.2264,54.9502],[10.2263,54.9503],[10.2262,54.9504],[10.2261,54.9505],[10.226,54.9506],[10.2259,54.9507],[10.2259,54.9507],[10.2258,54.9507],[10.2258,54.9508],[10.2257,54.9508],[10.2257,54.9508],[10.2256,54.9509],[10.2255,54.9509],[10.2254,54.951],[10.2253,54.9511],[10.2252,54.9511],[10.2251,54.9512],[10.225,54.9512],[10.2249,54.9512],[10.2247,54.9513],[10.2246,54.9514],[10.2244,54.9515],[10.2243,54.9515],[10.2241,54.9516],[10.224,54.9517],[10.2238,54.9518],[10.2237,54.9518],[10.2237,54.9518],[10.2236,54.9519],[10.2235,54.9519],[10.2234,54.952],[10.2233,54.952],[10.2232,54.9521],[10.2226,54.9524],[10.2224,54.9525],[10.222,54.9526],[10.2217,54.9528],[10.2216,54.9528],[10.2216,54.9529],[10.2215,54.9529],[10.2213,54.953],[10.2212,54.9531],[10.2215,54.9532],[10.2215,54.9531],[10.2215,54.9531],[10.2216,54.9531],[10.222,54.9531],[10.2222,54.9531],[10.2224,54.9531],[10.2225,54.9531],[10.2226,54.9531],[10.2228,54.953],[10.2229,54.9529],[10.223,54.9528],[10.2231,54.9528],[10.2231,54.9528],[10.2233,54.9526],[10.2235,54.9525],[10.2235,54.9524],[10.2236,54.9523],[10.2236,54.9522],[10.2236,54.9522],[10.2238,54.9521],[10.2239,54.952],[10.224,54.952],[10.2241,54.9519],[10.2243,54.9518],[10.2245,54.9518],[10.2247,54.9518],[10.2248,54.9518],[10.2249,54.9518],[10.225,54.9517],[10.2251,54.9516],[10.2252,54.9515],[10.2253,54.9514],[10.2254,54.9514],[10.2255,54.9514],[10.2256,54.9513],[10.2257,54.9514],[10.2258,54.9514],[10.2259,54.9514],[10.226,54.9514],[10.2261,54.9514],[10.2262,54.9515],[10.2263,54.9514],[10.2263,54.9514],[10.2264,54.9514],[10.2264,54.9513],[10.2265,54.9513],[10.2265,54.9513],[10.2267,54.9512],[10.2268,54.9512],[10.2269,54.9512],[10.227,54.9511],[10.2271,54.951],[10.2272,54.951],[10.2272,54.9509],[10.2272,54.9509],[10.2272,54.9508],[10.2271,54.9507],[10.227,54.9507],[10.2269,54.9506],[10.2269,54.9505],[10.2269,54.9505],[10.227,54.9505],[10.2271,54.9505],[10.2272,54.9505],[10.2272,54.9504],[10.2272,54.9504],[10.2272,54.9504],[10.2273,54.9504],[10.2273,54.9503],[10.2273,54.9503],[10.2271,54.9502],[10.2268,54.95],[10.2268,54.9499],[10.2267,54.9499],[10.2269,54.9498],[10.2269,54.9498],[10.2272,54.9498],[10.2273,54.9498],[10.2274,54.9498],[10.2275,54.9499],[10.2276,54.9499],[10.2277,54.9499],[10.2277,54.95],[10.2278,54.9501],[10.2278,54.9501],[10.2279,54.9501],[10.2279,54.9501],[10.2279,54.9501],[10.228,54.9501],[10.228,54.9501],[10.228,54.9501],[10.228,54.9501],[10.2279,54.95],[10.2278,54.95],[10.2278,54.9499],[10.2278,54.9499],[10.2277,54.9498],[10.2276,54.9497],[10.2276,54.9497],[10.2275,54.9497],[10.2274,54.9497],[10.2273,54.9496],[10.2273,54.9496],[10.2273,54.9495],[10.2274,54.9495],[10.2275,54.9494],[10.2276,54.9493],[10.2278,54.9492],[10.2278,54.9492],[10.2279,54.9492],[10.2279,54.9491],[10.2279,54.9491],[10.2279,54.949],[10.228,54.949],[10.2281,54.9489],[10.2282,54.9489],[10.2282,54.9488],[10.2283,54.9488],[10.2284,54.9487],[10.2286,54.9487],[10.2287,54.9487],[10.2293,54.9485],[10.2294,54.9485],[10.2294,54.9485],[10.2295,54.9485],[10.2296,54.9484],[10.2297,54.9484],[10.2298,54.9483],[10.2299,54.9483],[10.2299,54.9482],[10.23,54.9482],[10.23,54.9481],[10.2301,54.948],[10.2302,54.9479],[10.2303,54.9479],[10.2304,54.9479],[10.2306,54.9478],[10.2308,54.9478],[10.2309,54.9478],[10.2309,54.9478],[10.231,54.9478],[10.2311,54.9477],[10.2311,54.9477],[10.2311,54.9476],[10.2311,54.9475],[10.2311,54.9475],[10.2311,54.9475],[10.2312,54.9474],[10.2312,54.9474],[10.2313,54.9473],[10.2313,54.9473],[10.2315,54.9472],[10.2316,54.9472],[10.2317,54.9471],[10.2318,54.9471],[10.2319,54.947],[10.2321,54.9469],[10.2321,54.947],[10.2321,54.9469],[10.2321,54.9469],[10.2322,54.9468],[10.2324,54.9468],[10.2325,54.9467],[10.2326,54.9466],[10.2328,54.9466],[10.2329,54.9466],[10.233,54.9465],[10.2331,54.9465],[10.2332,54.9464],[10.2335,54.9465],[10.2337,54.9464],[10.2338,54.9464],[10.2339,54.9464],[10.2338,54.9464],[10.2338,54.9463],[10.2338,54.9463],[10.2338,54.9462],[10.2339,54.9462],[10.2339,54.9461],[10.2339,54.9461],[10.2339,54.946],[10.2339,54.9459],[10.234,54.9459],[10.2341,54.9458],[10.2344,54.9457],[10.2345,54.9456],[10.2346,54.9456],[10.2346,54.9455],[10.2347,54.9455],[10.2347,54.9455],[10.2348,54.9455],[10.2348,54.9455],[10.2348,54.9454],[10.2349,54.9454],[10.2351,54.9453],[10.2351,54.9453],[10.2352,54.9452],[10.2353,54.9451],[10.2354,54.9451],[10.2356,54.945],[10.2357,54.9449],[10.236,54.9448],[10.2361,54.9448],[10.2362,54.9447],[10.2363,54.9446],[10.2363,54.9446],[10.2364,54.9445],[10.2366,54.9444],[10.2368,54.9442],[10.2369,54.9442],[10.237,54.9442],[10.2371,54.9443],[10.2371,54.9442],[10.2371,54.9442],[10.2371,54.9442],[10.2372,54.9441],[10.2373,54.9441],[10.2375,54.944],[10.2375,54.944],[10.2375,54.9439],[10.2375,54.9439],[10.2375,54.9438],[10.2375,54.9437],[10.2375,54.9436],[10.2377,54.9435],[10.2379,54.9435],[10.2379,54.9435],[10.238,54.9435],[10.2379,54.9434],[10.2379,54.9434],[10.2379,54.9433],[10.238,54.9433],[10.2381,54.9432],[10.2382,54.9432],[10.2383,54.9431],[10.2383,54.9431],[10.2384,54.943],[10.2385,54.943],[10.2387,54.9429],[10.2388,54.9428],[10.2389,54.9428],[10.239,54.9427],[10.239,54.9426],[10.2391,54.9425],[10.2392,54.9424],[10.2392,54.9423],[10.2398,54.9418],[10.2401,54.9415],[10.2404,54.9412],[10.2406,54.9409]]]},"properties":{"sourceId":"ais_par3.138546","a_type":3210,"hectares":6.661}},{"type":"Feature","id":"ais_par3.138567","geometry":{"type":"Polygon","coordinates":[[[10.2419,54.9397],[10.2413,54.9402],[10.2406,54.9409],[10.2408,54.9409],[10.2408,54.9409],[10.2408,54.9409],[10.2409,54.9408],[10.2409,54.9408],[10.2409,54.9407],[10.241,54.9407],[10.2411,54.9406],[10.2412,54.9406],[10.2412,54.9405],[10.2413,54.9404],[10.2414,54.9403],[10.2416,54.9402],[10.2418,54.9401],[10.2419,54.94],[10.242,54.9399],[10.2421,54.9399],[10.2422,54.9398],[10.2424,54.9398],[10.2425,54.9397],[10.2426,54.9396],[10.2426,54.9396],[10.2426,54.9395],[10.2426,54.9394],[10.2426,54.9393],[10.2426,54.9392],[10.2427,54.9391],[10.2427,54.939],[10.2428,54.9389],[10.243,54.9387],[10.2432,54.9384],[10.2433,54.9384],[10.2433,54.9383],[10.2433,54.9383],[10.2436,54.9378],[10.2439,54.9375],[10.2445,54.9371],[10.2449,54.9367],[10.2443,54.937],[10.2434,54.9379],[10.2425,54.9391],[10.2419,54.9397]]]},"properties":{"sourceId":"ais_par3.138567","a_type":3210,"hectares":0.782}},{"type":"Feature","id":"ais_par3.138595","geometry":{"type":"Polygon","coordinates":[[[10.2488,54.9321],[10.2484,54.9322],[10.2481,54.9323],[10.2479,54.9324],[10.2477,54.9324],[10.2473,54.9325],[10.2474,54.9327],[10.2475,54.9327],[10.2477,54.9327],[10.2478,54.9327],[10.2479,54.9327],[10.2479,54.9327],[10.248,54.9327],[10.2481,54.9327],[10.2481,54.9327],[10.2482,54.9327],[10.2482,54.9327],[10.2483,54.9327],[10.2483,54.9328],[10.2482,54.9328],[10.249,54.9326],[10.2495,54.9326],[10.2493,54.9323],[10.2492,54.9321],[10.2491,54.9321],[10.2488,54.9321]]]},"properties":{"sourceId":"ais_par3.138595","a_type":3220,"hectares":0.587}},{"type":"Feature","id":"ais_par3.138607","geometry":{"type":"Polygon","coordinates":[[[10.3259,54.8959],[10.3257,54.8958],[10.326,54.8957],[10.3261,54.8956],[10.3255,54.8952],[10.3248,54.8955],[10.3237,54.896],[10.3237,54.896],[10.3251,54.8971],[10.3251,54.8972],[10.3255,54.8971],[10.3262,54.8977],[10.3267,54.8981],[10.3276,54.8987],[10.3284,54.8984],[10.3277,54.8979],[10.3272,54.8976],[10.3269,54.8973],[10.3272,54.8972],[10.3276,54.8969],[10.327,54.8966],[10.3267,54.8964],[10.3265,54.8963],[10.3263,54.8962],[10.3259,54.8959]],[[10.3258,54.8962],[10.3258,54.8962],[10.3258,54.8963],[10.3258,54.8963],[10.3258,54.8964],[10.3257,54.8964],[10.3256,54.8965],[10.3256,54.8965],[10.3255,54.8966],[10.3255,54.8966],[10.3254,54.8966],[10.3253,54.8966],[10.3253,54.8967],[10.3252,54.8967],[10.3252,54.8967],[10.325,54.8967],[10.325,54.8967],[10.3249,54.8967],[10.3248,54.8967],[10.3248,54.8967],[10.3247,54.8966],[10.3247,54.8966],[10.3246,54.8966],[10.3246,54.8965],[10.3247,54.8965],[10.3247,54.8965],[10.3249,54.8963],[10.325,54.8963],[10.3251,54.8963],[10.3252,54.8962],[10.3253,54.8962],[10.3253,54.8962],[10.3254,54.8962],[10.3255,54.8962],[10.3256,54.8962],[10.3257,54.8962],[10.3257,54.8962],[10.3258,54.8962]],[[10.3272,54.8968],[10.3272,54.8968],[10.3273,54.8968],[10.3273,54.8968],[10.3274,54.8968],[10.3274,54.8968],[10.3275,54.8969],[10.3275,54.8969],[10.3275,54.8969],[10.3274,54.897],[10.3274,54.897],[10.3273,54.897],[10.3272,54.8971],[10.3271,54.8971],[10.327,54.8971],[10.3269,54.8971],[10.3268,54.8971],[10.3268,54.897],[10.3269,54.897],[10.3269,54.8969],[10.3269,54.8969],[10.327,54.8969],[10.3271,54.8968],[10.3271,54.8968],[10.3272,54.8968]]]},"properties":{"sourceId":"ais_par3.138607","a_type":4110,"hectares":3.647}},{"type":"Feature","id":"ais_par3.138606","geometry":{"type":"Polygon","coordinates":[[[10.4644,54.8483],[10.4636,54.8479],[10.4626,54.8475],[10.4623,54.8474],[10.4622,54.8474],[10.4615,54.8471],[10.4613,54.847],[10.4603,54.8466],[10.4601,54.8465],[10.459,54.8461],[10.4582,54.8457],[10.4573,54.8454],[10.4569,54.8452],[10.4559,54.8448],[10.4553,54.8445],[10.4547,54.8443],[10.4536,54.8438],[10.4534,54.8437],[10.4534,54.8437],[10.4533,54.8437],[10.4522,54.8432],[10.4511,54.8427],[10.4509,54.8427],[10.4502,54.8424],[10.4494,54.842],[10.4486,54.8417],[10.4485,54.8417],[10.4485,54.8417],[10.4484,54.8416],[10.4474,54.8412],[10.447,54.8411],[10.447,54.841],[10.4436,54.8397],[10.4436,54.8396],[10.4414,54.8397],[10.4409,54.8401],[10.4404,54.8404],[10.4396,54.8408],[10.439,54.8408],[10.439,54.8409],[10.439,54.8409],[10.4391,54.8409],[10.4392,54.8409],[10.4393,54.8409],[10.4394,54.8409],[10.4395,54.841],[10.4397,54.8412],[10.4398,54.8413],[10.4399,54.8414],[10.4399,54.8414],[10.4399,54.8414],[10.44,54.8415],[10.4401,54.8415],[10.4401,54.8416],[10.4401,54.8417],[10.4402,54.8418],[10.4404,54.842],[10.4405,54.8421],[10.4406,54.8423],[10.4406,54.8423],[10.4407,54.8424],[10.4409,54.8425],[10.441,54.8426],[10.441,54.8427],[10.4411,54.8428],[10.4412,54.843],[10.4413,54.8431],[10.4414,54.8433],[10.4415,54.8434],[10.4416,54.8436],[10.4416,54.8436],[10.4416,54.8436],[10.4416,54.8437],[10.4417,54.8437],[10.4418,54.8438],[10.4419,54.8439],[10.442,54.8439],[10.4421,54.844],[10.4422,54.8441],[10.4422,54.8441],[10.4422,54.8442],[10.4423,54.8442],[10.4423,54.8443],[10.4424,54.8444],[10.4424,54.8446],[10.4425,54.8449],[10.4426,54.8452],[10.4427,54.8452],[10.4427,54.8452],[10.4427,54.8453],[10.4428,54.8456],[10.4428,54.8457],[10.4429,54.8458],[10.4429,54.8459],[10.4429,54.846],[10.4429,54.8461],[10.4429,54.8462],[10.4429,54.8464],[10.443,54.8467],[10.443,54.8468],[10.4431,54.8471],[10.4431,54.8472],[10.4431,54.8473],[10.4431,54.8473],[10.4431,54.8474],[10.4431,54.8474],[10.4432,54.8475],[10.4432,54.8476],[10.4432,54.8477],[10.4432,54.8478],[10.4432,54.8479],[10.4431,54.8481],[10.4431,54.8481],[10.443,54.8483],[10.443,54.8484],[10.443,54.8485],[10.4429,54.8486],[10.4429,54.8489],[10.4429,54.849],[10.4428,54.8491],[10.4427,54.8492],[10.4426,54.8495],[10.4425,54.8496],[10.4425,54.8497],[10.4424,54.8498],[10.4423,54.8499],[10.4422,54.8501],[10.4422,54.8502],[10.4421,54.8503],[10.442,54.8506],[10.4419,54.8507],[10.4418,54.8507],[10.4418,54.8507],[10.4418,54.8507],[10.4418,54.8507],[10.4416,54.8509],[10.4415,54.851],[10.4414,54.8511],[10.4413,54.8512],[10.4413,54.8512],[10.4411,54.8513],[10.441,54.8515],[10.4409,54.8515],[10.4408,54.8517],[10.4407,54.8518],[10.4405,54.852],[10.4405,54.8521],[10.4404,54.8522],[10.4404,54.8523],[10.4403,54.8523],[10.4403,54.8524],[10.4403,54.8524],[10.4403,54.8525],[10.4403,54.8525],[10.4403,54.8526],[10.4404,54.8527],[10.4404,54.853],[10.4405,54.8533],[10.4405,54.8534],[10.4406,54.8535],[10.4406,54.8535],[10.4407,54.8536],[10.4408,54.8537],[10.4409,54.8539],[10.441,54.854],[10.4411,54.8541],[10.4413,54.8542],[10.4415,54.8543],[10.4417,54.8545],[10.4418,54.8546],[10.4422,54.855],[10.4424,54.8551],[10.4425,54.8553],[10.4427,54.8554],[10.443,54.8557],[10.443,54.8558],[10.4432,54.8559],[10.4434,54.8559],[10.4436,54.856],[10.4438,54.8561],[10.4438,54.8561],[10.4439,54.8561],[10.444,54.8562],[10.444,54.8562],[10.4442,54.8563],[10.4444,54.8564],[10.4446,54.8565],[10.4447,54.8566],[10.4449,54.8567],[10.445,54.8568],[10.4453,54.857],[10.4454,54.8571],[10.4457,54.8574],[10.446,54.8576],[10.446,54.8577],[10.4461,54.8577],[10.4461,54.8577],[10.4463,54.8578],[10.4464,54.8579],[10.4469,54.8582],[10.447,54.8583],[10.4471,54.8584],[10.4471,54.8584],[10.4471,54.8584],[10.4472,54.8585],[10.4489,54.8599],[10.4496,54.8602],[10.4503,54.8605],[10.4506,54.8609],[10.4497,54.8615],[10.4499,54.8616],[10.4499,54.8616],[10.45,54.8616],[10.45,54.8616],[10.4501,54.8616],[10.4502,54.8615],[10.4503,54.8615],[10.4504,54.8615],[10.4505,54.8614],[10.4505,54.8614],[10.4506,54.8614],[10.4506,54.8614],[10.4507,54.8614],[10.4509,54.8614],[10.451,54.8613],[10.4511,54.8613],[10.4512,54.8613],[10.4513,54.8613],[10.4514,54.8613],[10.4515,54.8613],[10.4515,54.8614],[10.4516,54.8614],[10.4516,54.8614],[10.4516,54.8614],[10.4516,54.8614],[10.4522,54.861],[10.4524,54.8611],[10.4533,54.8614],[10.4533,54.8614],[10.4543,54.8609],[10.4549,54.8606],[10.4549,54.8606],[10.4557,54.8609],[10.4559,54.8608],[10.4581,54.8598],[10.4582,54.8599],[10.4582,54.8599],[10.4583,54.8599],[10.46,54.8597],[10.4603,54.8597],[10.4608,54.8596],[10.4608,54.8596],[10.4607,54.8592],[10.4612,54.8592],[10.4612,54.8591],[10.4612,54.8589],[10.4613,54.8587],[10.4614,54.8585],[10.4613,54.8581],[10.4613,54.8574],[10.4613,54.8568],[10.4612,54.856],[10.4612,54.8555],[10.4609,54.8555],[10.4606,54.856],[10.4605,54.8562],[10.4601,54.8568],[10.4601,54.8568],[10.4587,54.8566],[10.4587,54.8566],[10.4587,54.8566],[10.4588,54.8566],[10.4589,54.8566],[10.459,54.8567],[10.4591,54.8568],[10.4591,54.8568],[10.4591,54.8568],[10.4591,54.8568],[10.4591,54.8569],[10.4591,54.8569],[10.4591,54.8569],[10.459,54.8569],[10.4588,54.8568],[10.4588,54.8568],[10.4587,54.8568],[10.4587,54.8567],[10.4587,54.8567],[10.4587,54.8571],[10.4584,54.8572],[10.4575,54.8574],[10.4574,54.8569],[10.4574,54.8569],[10.4572,54.8564],[10.4571,54.8563],[10.457,54.8564],[10.4563,54.8565],[10.4561,54.8565],[10.4559,54.8557],[10.4556,54.8546],[10.4536,54.8563],[10.4526,54.8559],[10.4525,54.8555],[10.453,54.855],[10.4541,54.854],[10.4563,54.8518],[10.4569,54.8512],[10.4571,54.851],[10.4569,54.8509],[10.458,54.8501],[10.4585,54.8499],[10.4601,54.8493],[10.4601,54.8493],[10.4617,54.8488],[10.4631,54.8493],[10.462,54.8501],[10.4605,54.8495],[10.4593,54.8506],[10.4584,54.8515],[10.4595,54.852],[10.4596,54.8521],[10.4602,54.8517],[10.4603,54.8516],[10.462,54.8523],[10.4624,54.8525],[10.4608,54.853],[10.4608,54.8531],[10.4611,54.8531],[10.4621,54.8528],[10.4632,54.8524],[10.4646,54.8518],[10.4656,54.8513],[10.4655,54.8512],[10.4655,54.8512],[10.4656,54.8511],[10.4656,54.8511],[10.4657,54.8511],[10.4658,54.851],[10.4658,54.851],[10.4661,54.8509],[10.4661,54.8508],[10.4667,54.8505],[10.4672,54.8503],[10.4674,54.8501],[10.4676,54.85],[10.4679,54.85],[10.4681,54.8499],[10.4681,54.8499],[10.4682,54.8499],[10.4681,54.8498],[10.4681,54.8498],[10.467,54.8494],[10.4656,54.8488],[10.4646,54.8484],[10.4644,54.8483]],[[10.4474,54.8572],[10.4467,54.8569],[10.4521,54.8548],[10.4522,54.8553],[10.4474,54.8572]],[[10.449,54.8428],[10.4491,54.8428],[10.4492,54.8428],[10.4491,54.8429],[10.449,54.8429],[10.4489,54.8429],[10.4489,54.8429],[10.4489,54.8428],[10.4489,54.8428],[10.449,54.8428]],[[10.455,54.8593],[10.4551,54.8593],[10.4552,54.8593],[10.4552,54.8594],[10.4551,54.8594],[10.4551,54.8594],[10.455,54.8594],[10.455,54.8594],[10.455,54.8594],[10.4549,54.8594],[10.4549,54.8593],[10.455,54.8593]],[[10.4478,54.8582],[10.4479,54.8583],[10.4479,54.8583],[10.4478,54.8583],[10.4477,54.8583],[10.4476,54.8582],[10.4477,54.8582],[10.4478,54.8582]],[[10.4422,54.8538],[10.4423,54.8539],[10.4424,54.8539],[10.4424,54.854],[10.4422,54.854],[10.4421,54.8539],[10.4422,54.8538],[10.4422,54.8538]],[[10.4492,54.8597],[10.4493,54.8597],[10.4494,54.8597],[10.4494,54.8598],[10.4493,54.8598],[10.4492,54.8598],[10.4492,54.8597]],[[10.4434,54.8529],[10.4435,54.8529],[10.4435,54.853],[10.4434,54.853],[10.4433,54.853],[10.4433,54.8529],[10.4433,54.8529],[10.4434,54.8529]],[[10.4583,54.8492],[10.4584,54.8493],[10.4584,54.8493],[10.4584,54.8493],[10.4584,54.8494],[10.4584,54.8494],[10.4584,54.8494],[10.4583,54.8494],[10.4583,54.8493],[10.4583,54.8493],[10.4583,54.8493],[10.4583,54.8492],[10.4583,54.8492]]]},"properties":{"sourceId":"ais_par3.138606","a_type":4110,"hectares":214.846}},{"type":"Feature","id":"ais_par3.139649","geometry":{"type":"Polygon","coordinates":[[[10.4686,54.8831],[10.4685,54.8831],[10.4683,54.8832],[10.4683,54.8832],[10.4683,54.8832],[10.4683,54.8832],[10.4684,54.8832],[10.4684,54.8832],[10.4685,54.8832],[10.4685,54.8832],[10.4685,54.8833],[10.4686,54.8833],[10.4686,54.8833],[10.4685,54.8833],[10.4684,54.8834],[10.4684,54.8834],[10.4684,54.8834],[10.4683,54.8834],[10.468,54.8836],[10.4681,54.8836],[10.4691,54.8835],[10.4691,54.8832],[10.4692,54.8832],[10.4692,54.8832],[10.4691,54.883],[10.4686,54.8831]]]},"properties":{"sourceId":"ais_par3.139649","a_type":4110,"hectares":0.254}},{"type":"Feature","id":"ais_par3.139650","geometry":{"type":"Polygon","coordinates":[[[10.5013,54.8503],[10.501,54.8503],[10.5009,54.8512],[10.5013,54.8512],[10.5015,54.8503],[10.5013,54.8503]]]},"properties":{"sourceId":"ais_par3.139650","a_type":4110,"hectares":0.272}},{"type":"Feature","id":"ais_par3.139651","geometry":{"type":"Polygon","coordinates":[[[10.5,54.8512],[10.4999,54.852],[10.4999,54.8521],[10.4999,54.8521],[10.5001,54.8522],[10.5001,54.8521],[10.5001,54.852],[10.5003,54.8521],[10.5003,54.852],[10.5003,54.8512],[10.5003,54.8512],[10.5,54.8512]]]},"properties":{"sourceId":"ais_par3.139651","a_type":4110,"hectares":0.213}},{"type":"Feature","id":"ais_par3.139652","geometry":{"type":"Polygon","coordinates":[[[10.4953,54.8571],[10.4946,54.8571],[10.4948,54.8576],[10.4949,54.8582],[10.4956,54.8581],[10.4954,54.8575],[10.4953,54.8571]]]},"properties":{"sourceId":"ais_par3.139652","a_type":4110,"hectares":0.507}},{"type":"Feature","id":"ais_par3.139653","geometry":{"type":"Polygon","coordinates":[[[10.4963,54.8574],[10.4955,54.8582],[10.4952,54.8584],[10.4946,54.8593],[10.4959,54.8593],[10.4966,54.8593],[10.4967,54.8593],[10.4977,54.8593],[10.4977,54.8592],[10.4977,54.8592],[10.4971,54.8585],[10.497,54.8583],[10.4971,54.8583],[10.4975,54.8583],[10.4993,54.8586],[10.4999,54.8586],[10.4999,54.8575],[10.4975,54.8576],[10.4966,54.8576],[10.4965,54.8576],[10.4963,54.8573],[10.4963,54.8574]]]},"properties":{"sourceId":"ais_par3.139653","a_type":4110,"hectares":4.355}},{"type":"Feature","id":"ais_par3.139654","geometry":{"type":"Polygon","coordinates":[[[10.5178,54.8476],[10.5176,54.8477],[10.5174,54.8478],[10.5171,54.8479],[10.5169,54.8479],[10.5169,54.8479],[10.5169,54.848],[10.5169,54.848],[10.5171,54.8484],[10.5172,54.8484],[10.5173,54.8484],[10.5185,54.8483],[10.5182,54.8475],[10.5182,54.8475],[10.5181,54.8475],[10.518,54.8475],[10.5178,54.8476]]]},"properties":{"sourceId":"ais_par3.139654","a_type":4110,"hectares":0.662}},{"type":"Feature","id":"ais_par3.139655","geometry":{"type":"Polygon","coordinates":[[[10.509,54.8432],[10.5088,54.8432],[10.5086,54.8431],[10.5087,54.8432],[10.5088,54.8433],[10.5088,54.8435],[10.5087,54.8439],[10.5089,54.8439],[10.5089,54.8438],[10.5091,54.8438],[10.5092,54.8438],[10.5093,54.8438],[10.5096,54.8438],[10.5099,54.8437],[10.5099,54.8436],[10.51,54.8435],[10.5103,54.8432],[10.5103,54.8432],[10.5103,54.8431],[10.5103,54.8431],[10.509,54.8432]]]},"properties":{"sourceId":"ais_par3.139655","a_type":4110,"hectares":0.627}},{"type":"Feature","id":"ais_par3.139656","geometry":{"type":"Polygon","coordinates":[[[10.5146,54.8433],[10.5142,54.844],[10.5139,54.8445],[10.514,54.8445],[10.5141,54.8445],[10.5141,54.8445],[10.5146,54.8444],[10.5148,54.8443],[10.5152,54.8443],[10.5151,54.8444],[10.5155,54.8444],[10.5156,54.8443],[10.5158,54.8443],[10.517,54.8445],[10.5181,54.8446],[10.5186,54.8447],[10.5186,54.8443],[10.5186,54.8444],[10.5186,54.8443],[10.5181,54.8442],[10.5175,54.8442],[10.5157,54.844],[10.5153,54.8439],[10.5152,54.8439],[10.5153,54.8438],[10.5154,54.8436],[10.5155,54.8435],[10.5148,54.8433],[10.5146,54.8433]]]},"properties":{"sourceId":"ais_par3.139656","a_type":4110,"hectares":1.621}},{"type":"Feature","id":"ais_par3.139657","geometry":{"type":"Polygon","coordinates":[[[10.4789,54.8479],[10.4787,54.8482],[10.4788,54.8482],[10.481,54.8487],[10.4801,54.8501],[10.479,54.85],[10.4787,54.8506],[10.4795,54.8508],[10.4795,54.8509],[10.4809,54.8511],[10.4822,54.8513],[10.4822,54.8512],[10.4823,54.8509],[10.4824,54.8508],[10.4824,54.8505],[10.4826,54.8503],[10.4831,54.8499],[10.4832,54.8497],[10.4834,54.849],[10.4833,54.8489],[10.4825,54.8487],[10.4812,54.8484],[10.4817,54.8477],[10.4838,54.8483],[10.484,54.8483],[10.4845,54.8477],[10.4848,54.8473],[10.485,54.8472],[10.4854,54.8469],[10.486,54.8464],[10.4861,54.8464],[10.4832,54.8454],[10.4825,54.8451],[10.4822,54.8452],[10.4822,54.8453],[10.4823,54.8454],[10.4825,54.8455],[10.4824,54.8456],[10.4823,54.8456],[10.4823,54.8457],[10.4821,54.8457],[10.482,54.8458],[10.4817,54.846],[10.4816,54.846],[10.4815,54.8461],[10.4814,54.8462],[10.4816,54.8463],[10.4815,54.8464],[10.4813,54.8465],[10.4811,54.8466],[10.4809,54.8467],[10.4807,54.8469],[10.4804,54.8471],[10.4803,54.8472],[10.4802,54.8472],[10.4808,54.8474],[10.48,54.8482],[10.4789,54.8479]],[[10.4797,54.8502],[10.4797,54.8502],[10.4797,54.8502],[10.4799,54.8502],[10.4799,54.8502],[10.4799,54.8503],[10.4798,54.8503],[10.4797,54.8503],[10.4797,54.8502]]]},"properties":{"sourceId":"ais_par3.139657","a_type":4110,"hectares":13.339}},{"type":"Feature","id":"ais_par3.139658","geometry":{"type":"Polygon","coordinates":[[[10.503,54.9279],[10.5024,54.928],[10.5021,54.9281],[10.5019,54.9282],[10.5016,54.9283],[10.5019,54.9285],[10.5029,54.9294],[10.503,54.9294],[10.5038,54.9293],[10.5045,54.9292],[10.506,54.9291],[10.5055,54.9285],[10.5054,54.9285],[10.5054,54.9284],[10.5046,54.9276],[10.503,54.9279]]]},"properties":{"sourceId":"ais_par3.139658","a_type":4110,"hectares":3.383}},{"type":"Feature","id":"ais_par3.139659","geometry":{"type":"Polygon","coordinates":[[[10.4892,54.8744],[10.4883,54.8743],[10.4882,54.8743],[10.4873,54.8743],[10.4871,54.8743],[10.4874,54.8752],[10.4877,54.8759],[10.4882,54.8758],[10.4886,54.8756],[10.4892,54.8754],[10.4901,54.875],[10.4902,54.875],[10.4902,54.875],[10.4901,54.8747],[10.4899,54.8745],[10.4894,54.8745],[10.4893,54.8745],[10.4893,54.8744],[10.4892,54.8744]]]},"properties":{"sourceId":"ais_par3.139659","a_type":4110,"hectares":2.241}},{"type":"Feature","id":"ais_par3.139660","geometry":{"type":"Polygon","coordinates":[[[10.4874,54.8661],[10.487,54.8661],[10.487,54.8661],[10.4871,54.8666],[10.4871,54.8666],[10.4873,54.8666],[10.4876,54.8665],[10.4875,54.8662],[10.4874,54.8661]]]},"properties":{"sourceId":"ais_par3.139660","a_type":4110,"hectares":0.156}},{"type":"Feature","id":"ais_par3.139661","geometry":{"type":"Polygon","coordinates":[[[10.4781,54.8649],[10.4783,54.8653],[10.4793,54.865],[10.4805,54.8646],[10.4802,54.8642],[10.4781,54.8649]]]},"properties":{"sourceId":"ais_par3.139661","a_type":4110,"hectares":0.681}},{"type":"Feature","id":"ais_par3.140374","geometry":{"type":"Polygon","coordinates":[[[10.5507,54.9717],[10.5496,54.9716],[10.5499,54.9724],[10.5506,54.9724],[10.5505,54.9719],[10.5506,54.9719],[10.5507,54.9717]]]},"properties":{"sourceId":"ais_par3.140374","a_type":4110,"hectares":0.417}},{"type":"Feature","id":"ais_par3.140386","geometry":{"type":"Polygon","coordinates":[[[10.4938,54.9718],[10.4937,54.9718],[10.4936,54.9719],[10.4935,54.972],[10.4934,54.972],[10.4933,54.9721],[10.4933,54.972],[10.4932,54.972],[10.4932,54.9721],[10.4932,54.9721],[10.4931,54.9721],[10.4932,54.9722],[10.4932,54.9722],[10.4932,54.9724],[10.4931,54.9725],[10.4931,54.9725],[10.4931,54.9726],[10.493,54.9727],[10.493,54.9727],[10.4931,54.9728],[10.4934,54.9729],[10.4937,54.9731],[10.4938,54.9732],[10.4943,54.9731],[10.4947,54.973],[10.4953,54.9728],[10.495,54.972],[10.4948,54.9717],[10.4947,54.9715],[10.4948,54.9709],[10.4947,54.9709],[10.4946,54.9709],[10.4945,54.971],[10.4945,54.9711],[10.4945,54.9711],[10.4944,54.9712],[10.4942,54.9713],[10.4941,54.9714],[10.4941,54.9715],[10.4939,54.9716],[10.4938,54.9718]]]},"properties":{"sourceId":"ais_par3.140386","a_type":4110,"hectares":1.997}},{"type":"Feature","id":"ais_par3.140888","geometry":{"type":"Polygon","coordinates":[[[10.4285,54.873],[10.427,54.8736],[10.4271,54.8736],[10.4272,54.8736],[10.4273,54.8736],[10.4275,54.8736],[10.428,54.8735],[10.4283,54.8735],[10.4287,54.8734],[10.4288,54.8734],[10.4288,54.8734],[10.4289,54.8733],[10.429,54.8733],[10.4291,54.8733],[10.4292,54.8732],[10.4293,54.8732],[10.4293,54.8732],[10.4294,54.8732],[10.4294,54.8731],[10.4295,54.8731],[10.4296,54.873],[10.4298,54.8728],[10.43,54.8726],[10.43,54.8724],[10.43,54.8724],[10.4285,54.873]]]},"properties":{"sourceId":"ais_par3.140888","a_type":4110,"hectares":0.68}},{"type":"Feature","id":"ais_par3.140889","geometry":{"type":"Polygon","coordinates":[[[10.4602,54.8665],[10.4589,54.8668],[10.4589,54.8668],[10.4586,54.8668],[10.4586,54.8669],[10.4585,54.8669],[10.4585,54.8669],[10.4585,54.8669],[10.4584,54.867],[10.4584,54.867],[10.4584,54.8671],[10.4585,54.8671],[10.4585,54.8671],[10.4585,54.8671],[10.4586,54.8672],[10.4588,54.8676],[10.4588,54.8676],[10.4589,54.8676],[10.459,54.8676],[10.4591,54.8676],[10.4593,54.8676],[10.4595,54.8675],[10.4596,54.8675],[10.4597,54.8675],[10.4597,54.8676],[10.4597,54.8676],[10.4597,54.8677],[10.4597,54.8678],[10.4597,54.868],[10.4597,54.8681],[10.4597,54.8681],[10.4599,54.8681],[10.4601,54.868],[10.46,54.8675],[10.46,54.8674],[10.4602,54.8673],[10.4607,54.8672],[10.4606,54.8672],[10.4602,54.8665]]]},"properties":{"sourceId":"ais_par3.140889","a_type":4110,"hectares":1.256}},{"type":"Feature","id":"ais_par3.140890","geometry":{"type":"Polygon","coordinates":[[[10.4712,54.8414],[10.4711,54.8414],[10.471,54.8416],[10.4711,54.8417],[10.471,54.842],[10.4711,54.8421],[10.4711,54.8422],[10.4711,54.8424],[10.4725,54.8423],[10.4726,54.8423],[10.4727,54.8423],[10.4728,54.8422],[10.4728,54.842],[10.4728,54.842],[10.4725,54.842],[10.4725,54.8418],[10.4723,54.8417],[10.4723,54.8417],[10.4723,54.8415],[10.4718,54.8414],[10.4712,54.8414]]]},"properties":{"sourceId":"ais_par3.140890","a_type":4110,"hectares":0.937}},{"type":"Feature","id":"ais_par3.140891","geometry":{"type":"Polygon","coordinates":[[[10.4692,54.8473],[10.4688,54.8477],[10.47,54.8481],[10.47,54.8482],[10.4693,54.8488],[10.4694,54.8489],[10.4691,54.8492],[10.4694,54.8493],[10.4698,54.8492],[10.4699,54.8491],[10.4699,54.849],[10.47,54.849],[10.4701,54.8488],[10.4702,54.8486],[10.4704,54.8486],[10.4704,54.8485],[10.4706,54.8485],[10.4708,54.8485],[10.4709,54.8485],[10.4711,54.8485],[10.4712,54.8485],[10.4712,54.8485],[10.4716,54.8484],[10.4718,54.8484],[10.4719,54.8483],[10.4721,54.8483],[10.4709,54.8479],[10.4703,54.8477],[10.4698,54.8475],[10.4692,54.8473]]]},"properties":{"sourceId":"ais_par3.140891","a_type":4110,"hectares":1.502}},{"type":"Feature","id":"ais_par3.140892","geometry":{"type":"Polygon","coordinates":[[[10.4674,54.8472],[10.4679,54.8474],[10.468,54.847],[10.468,54.847],[10.468,54.847],[10.4676,54.847],[10.4679,54.8466],[10.469,54.8456],[10.4685,54.8453],[10.468,54.8456],[10.4665,54.8467],[10.4665,54.8467],[10.4665,54.8467],[10.4664,54.8468],[10.4674,54.8472]],[[10.4677,54.8471],[10.4678,54.8471],[10.4678,54.8471],[10.4679,54.8472],[10.4678,54.8472],[10.4677,54.8472],[10.4676,54.8472],[10.4677,54.8471],[10.4677,54.8471],[10.4677,54.8471]]]},"properties":{"sourceId":"ais_par3.140892","a_type":4110,"hectares":1.359}},{"type":"Feature","id":"ais_par3.140893","geometry":{"type":"Polygon","coordinates":[[[10.4768,54.8478],[10.4769,54.8474],[10.4761,54.8473],[10.4759,54.8474],[10.4741,54.8478],[10.474,54.8479],[10.4742,54.8479],[10.4759,54.8476],[10.476,54.8476],[10.4768,54.8478]]]},"properties":{"sourceId":"ais_par3.140893","a_type":4110,"hectares":0.42}},{"type":"Feature","id":"ais_par3.140894","geometry":{"type":"Polygon","coordinates":[[[10.3923,54.8857],[10.3917,54.8859],[10.3909,54.8862],[10.3901,54.8864],[10.3897,54.8866],[10.3889,54.8868],[10.389,54.8869],[10.3891,54.887],[10.3892,54.8871],[10.3892,54.8871],[10.3893,54.8871],[10.3893,54.8871],[10.3894,54.8871],[10.3894,54.887],[10.3904,54.8866],[10.3905,54.8865],[10.3907,54.8864],[10.3909,54.8864],[10.3911,54.8864],[10.3918,54.8862],[10.3925,54.8861],[10.3927,54.886],[10.3923,54.8857]]]},"properties":{"sourceId":"ais_par3.140894","a_type":4110,"hectares":0.773}},{"type":"Feature","id":"ais_par3.140895","geometry":{"type":"Polygon","coordinates":[[[10.3985,54.8826],[10.3977,54.8828],[10.3981,54.8832],[10.3982,54.8833],[10.399,54.883],[10.3995,54.8828],[10.3996,54.8828],[10.3996,54.8827],[10.3993,54.8824],[10.3985,54.8826]],[[10.3984,54.8827],[10.3984,54.8827],[10.3985,54.8828],[10.3985,54.8828],[10.3985,54.8829],[10.3984,54.8829],[10.3983,54.8829],[10.3983,54.8829],[10.3982,54.8829],[10.3982,54.8828],[10.3982,54.8828],[10.3983,54.8828],[10.3983,54.8827],[10.3983,54.8827],[10.3984,54.8827],[10.3984,54.8827]]]},"properties":{"sourceId":"ais_par3.140895","a_type":4110,"hectares":0.547}},{"type":"Feature","id":"ais_par3.140896","geometry":{"type":"Polygon","coordinates":[[[10.3924,54.8889],[10.3921,54.8889],[10.3919,54.889],[10.3916,54.889],[10.3905,54.8893],[10.3906,54.8894],[10.3906,54.8894],[10.391,54.8894],[10.391,54.8894],[10.3911,54.8893],[10.392,54.8891],[10.3925,54.889],[10.3927,54.889],[10.3929,54.889],[10.3931,54.889],[10.3932,54.889],[10.3932,54.889],[10.3931,54.8888],[10.3931,54.8888],[10.393,54.8888],[10.3926,54.8888],[10.3924,54.8889]]]},"properties":{"sourceId":"ais_par3.140896","a_type":4110,"hectares":0.296}},{"type":"Feature","id":"ais_par3.140897","geometry":{"type":"Polygon","coordinates":[[[10.374,54.8815],[10.3736,54.8818],[10.3734,54.882],[10.373,54.8823],[10.3728,54.8825],[10.3724,54.8828],[10.3719,54.8832],[10.3718,54.8834],[10.3764,54.8836],[10.3764,54.883],[10.3764,54.883],[10.3764,54.883],[10.3763,54.8827],[10.3763,54.8822],[10.3771,54.8822],[10.3771,54.8822],[10.3773,54.8822],[10.3775,54.8817],[10.3741,54.8814],[10.3741,54.8814],[10.374,54.8815]]]},"properties":{"sourceId":"ais_par3.140897","a_type":4110,"hectares":5.463}},{"type":"Feature","id":"ais_par3.140898","geometry":{"type":"Polygon","coordinates":[[[10.3826,54.8839],[10.3825,54.8841],[10.382,54.8842],[10.3821,54.8843],[10.3824,54.8846],[10.3824,54.8846],[10.3827,54.8849],[10.3829,54.8851],[10.383,54.8851],[10.3831,54.8852],[10.3832,54.8852],[10.3834,54.8851],[10.3835,54.8851],[10.3836,54.885],[10.3836,54.885],[10.3838,54.8848],[10.3839,54.8845],[10.3842,54.8841],[10.3843,54.8838],[10.3843,54.8838],[10.3838,54.8838],[10.3838,54.8838],[10.3835,54.8837],[10.3833,54.8838],[10.383,54.8838],[10.3826,54.8839]]]},"properties":{"sourceId":"ais_par3.140898","a_type":4110,"hectares":1.389}},{"type":"Feature","id":"ais_par3.140899","geometry":{"type":"Polygon","coordinates":[[[10.4019,54.8689],[10.4017,54.8689],[10.4012,54.8691],[10.4009,54.8691],[10.4009,54.8691],[10.4009,54.8688],[10.4005,54.8687],[10.3998,54.8689],[10.4002,54.8693],[10.4003,54.8693],[10.4003,54.8693],[10.4001,54.8693],[10.4001,54.8694],[10.4001,54.8694],[10.4004,54.8699],[10.4008,54.8697],[10.4023,54.8694],[10.402,54.8691],[10.4019,54.8689]]]},"properties":{"sourceId":"ais_par3.140899","a_type":4110,"hectares":1.059}},{"type":"Feature","id":"ais_par3.140900","geometry":{"type":"Polygon","coordinates":[[[10.3744,54.8798],[10.3748,54.8799],[10.3751,54.88],[10.3751,54.8801],[10.3752,54.8803],[10.3754,54.8791],[10.3754,54.8791],[10.3749,54.879],[10.3744,54.8798]]]},"properties":{"sourceId":"ais_par3.140900","a_type":4110,"hectares":0.449}},{"type":"Feature","id":"ais_par3.140901","geometry":{"type":"Polygon","coordinates":[[[10.4565,54.8618],[10.4552,54.8622],[10.4547,54.8624],[10.4545,54.8624],[10.4539,54.8621],[10.4529,54.8617],[10.4522,54.862],[10.4522,54.8621],[10.4522,54.8622],[10.4522,54.8623],[10.4522,54.8624],[10.4521,54.8625],[10.452,54.8627],[10.4519,54.8628],[10.4517,54.8632],[10.4516,54.8632],[10.4519,54.8634],[10.4522,54.8632],[10.4523,54.8633],[10.4529,54.8638],[10.4529,54.8638],[10.453,54.8638],[10.4536,54.8644],[10.4529,54.8647],[10.4532,54.8649],[10.4538,54.8655],[10.4539,54.8655],[10.4539,54.8656],[10.4541,54.8657],[10.4542,54.8657],[10.4542,54.8657],[10.4542,54.8657],[10.4543,54.8657],[10.4549,54.8659],[10.4549,54.8659],[10.4553,54.8658],[10.4557,54.8657],[10.4559,54.8657],[10.4562,54.8657],[10.4564,54.8657],[10.4568,54.8658],[10.4569,54.8657],[10.4569,54.8655],[10.4569,54.8649],[10.4569,54.8647],[10.4569,54.8647],[10.4569,54.8646],[10.4569,54.8645],[10.4566,54.8641],[10.4564,54.864],[10.4558,54.8637],[10.4558,54.8637],[10.4558,54.8636],[10.4558,54.8636],[10.4558,54.8633],[10.4558,54.8632],[10.4559,54.8631],[10.456,54.8631],[10.4563,54.8633],[10.4574,54.8637],[10.4581,54.864],[10.4583,54.8641],[10.4586,54.8642],[10.4589,54.8643],[10.4592,54.8644],[10.4594,54.8644],[10.4595,54.8644],[10.4592,54.8647],[10.4592,54.8647],[10.4591,54.8648],[10.4593,54.8648],[10.4594,54.8648],[10.4594,54.8648],[10.4595,54.8647],[10.4598,54.8647],[10.4598,54.8647],[10.46,54.8647],[10.4604,54.8646],[10.4609,54.8643],[10.4611,54.8642],[10.4612,54.8642],[10.4624,54.8644],[10.4632,54.8645],[10.4633,54.8645],[10.4634,54.8645],[10.4636,54.8647],[10.4637,54.8648],[10.4643,54.8645],[10.4642,54.8644],[10.4637,54.8639],[10.4635,54.864],[10.463,54.8641],[10.4625,54.8641],[10.4623,54.8641],[10.4622,54.8641],[10.462,54.8641],[10.4617,54.8639],[10.4613,54.8638],[10.4611,54.8637],[10.4611,54.8636],[10.461,54.8635],[10.4611,54.8634],[10.4611,54.8634],[10.4611,54.8633],[10.4614,54.8629],[10.4615,54.8628],[10.4615,54.8628],[10.4616,54.8627],[10.4617,54.8627],[10.4617,54.8627],[10.4618,54.8627],[10.4619,54.8627],[10.4619,54.8626],[10.4618,54.8626],[10.4618,54.8626],[10.4619,54.8625],[10.4619,54.8624],[10.462,54.8623],[10.462,54.8621],[10.4618,54.8615],[10.4617,54.8611],[10.4617,54.861],[10.4617,54.8608],[10.4617,54.8607],[10.4617,54.8606],[10.4618,54.8605],[10.4618,54.8604],[10.4618,54.8603],[10.4618,54.8603],[10.4617,54.8602],[10.4617,54.8602],[10.4614,54.8596],[10.4612,54.8596],[10.4611,54.8596],[10.4612,54.8602],[10.4612,54.8615],[10.4612,54.8624],[10.4612,54.8625],[10.4612,54.8626],[10.4612,54.8628],[10.4611,54.8628],[10.4608,54.8631],[10.4598,54.8627],[10.4584,54.8621],[10.4584,54.8621],[10.4584,54.8621],[10.4574,54.8617],[10.4573,54.8616],[10.4571,54.8616],[10.4571,54.8617],[10.4565,54.8618]],[[10.4586,54.8628],[10.4586,54.8628],[10.4586,54.8628],[10.4586,54.8628],[10.4587,54.8629],[10.4587,54.8629],[10.4587,54.863],[10.4585,54.863],[10.4585,54.8629],[10.4585,54.8629],[10.4585,54.8628],[10.4585,54.8628],[10.4586,54.8628],[10.4586,54.8628]]]},"properties":{"sourceId":"ais_par3.140901","a_type":4110,"hectares":18.452}},{"type":"Feature","id":"ais_par3.140902","geometry":{"type":"Polygon","coordinates":[[[10.4316,54.8567],[10.4313,54.8568],[10.4316,54.8572],[10.4319,54.8571],[10.4323,54.857],[10.4323,54.857],[10.4323,54.8569],[10.4323,54.8569],[10.4324,54.8569],[10.4334,54.8566],[10.4338,54.8563],[10.4345,54.8559],[10.4351,54.8556],[10.4354,54.8555],[10.436,54.8553],[10.436,54.8553],[10.4361,54.8548],[10.4361,54.8547],[10.436,54.8548],[10.4358,54.8548],[10.4358,54.8548],[10.4354,54.8549],[10.4346,54.8552],[10.4346,54.8552],[10.4339,54.8554],[10.4332,54.8556],[10.4332,54.8556],[10.4336,54.8561],[10.4319,54.8566],[10.4318,54.8567],[10.4317,54.8567],[10.4317,54.8567],[10.4316,54.8567]]]},"properties":{"sourceId":"ais_par3.140902","a_type":4110,"hectares":1.865}},{"type":"Feature","id":"ais_par3.140903","geometry":{"type":"Polygon","coordinates":[[[10.4308,54.8545],[10.4308,54.8546],[10.4307,54.8547],[10.4307,54.8548],[10.4307,54.8549],[10.431,54.8552],[10.4308,54.8553],[10.4307,54.8552],[10.4305,54.8551],[10.4304,54.855],[10.4302,54.8549],[10.4299,54.8548],[10.4298,54.8548],[10.4297,54.8547],[10.4296,54.8547],[10.43,54.855],[10.4303,54.8553],[10.4306,54.8556],[10.4311,54.8561],[10.4314,54.856],[10.4315,54.856],[10.4312,54.8557],[10.4321,54.8553],[10.4308,54.8545]],[[10.4315,54.8553],[10.4316,54.8553],[10.4315,54.8554],[10.4315,54.8554],[10.4314,54.8554],[10.4313,54.8554],[10.4312,54.8553],[10.4314,54.8553],[10.4315,54.8553]],[[10.4309,54.8555],[10.4309,54.8556],[10.4308,54.8555],[10.4308,54.8555],[10.4308,54.8555],[10.4308,54.8554],[10.4309,54.8555],[10.4309,54.8555],[10.4309,54.8555],[10.4309,54.8555]]]},"properties":{"sourceId":"ais_par3.140903","a_type":4110,"hectares":0.935}},{"type":"Feature","id":"ais_par3.140904","geometry":{"type":"Polygon","coordinates":[[[10.4127,54.8598],[10.4124,54.8606],[10.413,54.8611],[10.4138,54.8608],[10.4147,54.8606],[10.4152,54.8611],[10.4163,54.8607],[10.4163,54.8607],[10.4163,54.8607],[10.415,54.8595],[10.4158,54.8593],[10.4165,54.8591],[10.4165,54.8591],[10.4165,54.8591],[10.416,54.8573],[10.416,54.8573],[10.4154,54.8574],[10.4152,54.8562],[10.4146,54.8563],[10.4146,54.8575],[10.4143,54.8576],[10.414,54.8578],[10.4139,54.8581],[10.4139,54.8583],[10.414,54.8584],[10.414,54.8587],[10.414,54.8587],[10.4154,54.8584],[10.4155,54.8584],[10.4157,54.8589],[10.414,54.859],[10.414,54.859],[10.4141,54.8597],[10.4138,54.8597],[10.4127,54.8598]]]},"properties":{"sourceId":"ais_par3.140904","a_type":4110,"hectares":6.145}},{"type":"Feature","id":"ais_par3.140905","geometry":{"type":"Polygon","coordinates":[[[10.4104,54.8625],[10.4103,54.8626],[10.4102,54.8627],[10.4101,54.8627],[10.4101,54.8627],[10.4093,54.8631],[10.4089,54.8632],[10.4089,54.8632],[10.4089,54.8633],[10.4091,54.8634],[10.4091,54.8634],[10.4095,54.8632],[10.4104,54.8628],[10.4106,54.8627],[10.4107,54.8627],[10.4108,54.8626],[10.4114,54.8621],[10.4114,54.8621],[10.4111,54.862],[10.4111,54.862],[10.4107,54.8624],[10.4106,54.8624],[10.4105,54.8625],[10.4104,54.8625]]]},"properties":{"sourceId":"ais_par3.140905","a_type":4110,"hectares":0.433}},{"type":"Feature","id":"ais_par3.140906","geometry":{"type":"Polygon","coordinates":[[[10.4209,54.867],[10.4208,54.8671],[10.4213,54.8677],[10.4224,54.8673],[10.4218,54.8668],[10.4209,54.867]]]},"properties":{"sourceId":"ais_par3.140906","a_type":4110,"hectares":0.521}},{"type":"Feature","id":"ais_par3.140907","geometry":{"type":"Polygon","coordinates":[[[10.2285,54.9557],[10.2284,54.9556],[10.2284,54.9556],[10.2284,54.9555],[10.2279,54.9558],[10.2279,54.9558],[10.2288,54.9564],[10.2291,54.9565],[10.2291,54.9565],[10.2292,54.9565],[10.2293,54.9564],[10.2294,54.9563],[10.2294,54.9563],[10.2295,54.9563],[10.2296,54.9563],[10.2296,54.9562],[10.2295,54.9562],[10.2289,54.9558],[10.2287,54.9558],[10.2286,54.9557],[10.2285,54.9557]]]},"properties":{"sourceId":"ais_par3.140907","a_type":4110,"hectares":0.489}},{"type":"Feature","id":"ais_par3.140908","geometry":{"type":"Polygon","coordinates":[[[10.244,54.9413],[10.244,54.9413],[10.2446,54.9418],[10.246,54.9417],[10.246,54.9417],[10.2459,54.9416],[10.2457,54.9414],[10.2457,54.9414],[10.2455,54.9414],[10.2455,54.9414],[10.244,54.9413]],[[10.2445,54.9415],[10.2446,54.9415],[10.2446,54.9415],[10.2447,54.9415],[10.2447,54.9416],[10.2447,54.9416],[10.2446,54.9416],[10.2445,54.9416],[10.2445,54.9416],[10.2445,54.9415]],[[10.2456,54.9414],[10.2455,54.9415],[10.2454,54.9415],[10.2453,54.9414],[10.2454,54.9414],[10.2454,54.9414],[10.2455,54.9414],[10.2456,54.9414]],[[10.2452,54.9416],[10.2451,54.9416],[10.2451,54.9416],[10.2451,54.9416],[10.2451,54.9416],[10.2451,54.9416],[10.2451,54.9415],[10.2452,54.9415],[10.2452,54.9415],[10.2453,54.9416],[10.2453,54.9416],[10.2452,54.9416]]]},"properties":{"sourceId":"ais_par3.140908","a_type":4110,"hectares":0.439}},{"type":"Feature","id":"ais_par3.140924","geometry":{"type":"Polygon","coordinates":[[[10.4096,54.8493],[10.4093,54.8493],[10.4093,54.8494],[10.4092,54.8496],[10.4095,54.8497],[10.4096,54.8498],[10.4097,54.8499],[10.4096,54.85],[10.4101,54.8499],[10.4106,54.8499],[10.4106,54.8499],[10.4099,54.8492],[10.4096,54.8493]]]},"properties":{"sourceId":"ais_par3.140924","a_type":4110,"hectares":0.423}},{"type":"Feature","id":"ais_par3.140909","geometry":{"type":"Polygon","coordinates":[[[10.2517,54.9368],[10.2509,54.9363],[10.2506,54.9364],[10.2505,54.9364],[10.2506,54.9364],[10.251,54.9366],[10.2513,54.9369],[10.2513,54.937],[10.2508,54.9376],[10.2508,54.9376],[10.2507,54.9376],[10.2506,54.9377],[10.2505,54.9379],[10.2503,54.938],[10.2503,54.9381],[10.2502,54.9382],[10.2501,54.9383],[10.2501,54.9384],[10.2501,54.9384],[10.2501,54.9385],[10.2501,54.9385],[10.2502,54.9385],[10.2508,54.9387],[10.2508,54.9387],[10.2514,54.939],[10.2517,54.9386],[10.2517,54.9386],[10.2516,54.9385],[10.2515,54.9386],[10.2511,54.9385],[10.2511,54.9385],[10.251,54.9385],[10.2508,54.9385],[10.2506,54.9385],[10.2504,54.9384],[10.2504,54.9384],[10.2505,54.9382],[10.2506,54.9381],[10.2508,54.938],[10.2509,54.9379],[10.2509,54.9379],[10.2509,54.9378],[10.251,54.9377],[10.2511,54.9376],[10.2512,54.9376],[10.2513,54.9376],[10.2516,54.9375],[10.2517,54.9375],[10.2518,54.9376],[10.2518,54.9376],[10.2518,54.9376],[10.2518,54.9377],[10.2519,54.9377],[10.252,54.9378],[10.2521,54.9378],[10.2522,54.9379],[10.2522,54.9378],[10.2523,54.9378],[10.2523,54.9377],[10.2524,54.9377],[10.2524,54.9376],[10.2525,54.9375],[10.2526,54.9374],[10.2526,54.9374],[10.2526,54.9374],[10.2525,54.9373],[10.2517,54.9368]]]},"properties":{"sourceId":"ais_par3.140909","a_type":4110,"hectares":1.418}},{"type":"Feature","id":"ais_par3.140910","geometry":{"type":"Polygon","coordinates":[[[10.2541,54.9359],[10.2538,54.9359],[10.2542,54.9367],[10.2543,54.9367],[10.2546,54.9365],[10.2546,54.9364],[10.2543,54.9358],[10.2541,54.9359]]]},"properties":{"sourceId":"ais_par3.140910","a_type":4110,"hectares":0.293}},{"type":"Feature","id":"ais_par3.140911","geometry":{"type":"Polygon","coordinates":[[[10.2775,54.9315],[10.2764,54.9318],[10.2761,54.9319],[10.2758,54.932],[10.276,54.9322],[10.2761,54.9323],[10.2762,54.9322],[10.2761,54.9321],[10.2761,54.932],[10.2762,54.932],[10.2762,54.932],[10.2764,54.9319],[10.2765,54.932],[10.2766,54.9321],[10.277,54.932],[10.2777,54.9318],[10.2775,54.9315]]]},"properties":{"sourceId":"ais_par3.140911","a_type":4110,"hectares":0.363}},{"type":"Feature","id":"ais_par3.140912","geometry":{"type":"Polygon","coordinates":[[[10.276,54.9219],[10.2749,54.9223],[10.2753,54.9226],[10.2757,54.9229],[10.2759,54.9228],[10.2764,54.9227],[10.2767,54.9226],[10.2768,54.9225],[10.2766,54.9223],[10.2765,54.9221],[10.2762,54.9219],[10.2762,54.9219],[10.276,54.9219]]]},"properties":{"sourceId":"ais_par3.140912","a_type":4110,"hectares":0.751}},{"type":"Feature","id":"ais_par3.140913","geometry":{"type":"Polygon","coordinates":[[[10.2933,54.9176],[10.2924,54.9178],[10.2924,54.9178],[10.2924,54.918],[10.2924,54.9183],[10.2924,54.9184],[10.2925,54.9186],[10.2926,54.9187],[10.2928,54.9186],[10.2934,54.9185],[10.2937,54.9184],[10.2939,54.9184],[10.2939,54.9183],[10.294,54.9181],[10.2937,54.9176],[10.2937,54.9175],[10.2933,54.9176]]]},"properties":{"sourceId":"ais_par3.140913","a_type":4110,"hectares":0.982}},{"type":"Feature","id":"ais_par3.140914","geometry":{"type":"Polygon","coordinates":[[[10.2841,54.918],[10.2838,54.918],[10.2834,54.918],[10.2831,54.9181],[10.2828,54.9182],[10.2824,54.9184],[10.2824,54.9185],[10.2823,54.9186],[10.2819,54.9186],[10.281,54.9187],[10.2808,54.9187],[10.2809,54.919],[10.281,54.9191],[10.2812,54.9193],[10.2814,54.9195],[10.2816,54.9196],[10.2817,54.9196],[10.2823,54.9195],[10.2823,54.9194],[10.2821,54.9194],[10.2818,54.9191],[10.2824,54.919],[10.2827,54.9192],[10.2829,54.9193],[10.283,54.9194],[10.2832,54.9196],[10.2834,54.9199],[10.283,54.92],[10.2833,54.9204],[10.2837,54.9209],[10.2843,54.9208],[10.2848,54.9207],[10.2851,54.9207],[10.2852,54.9207],[10.2853,54.9207],[10.2848,54.9203],[10.2852,54.92],[10.2854,54.9198],[10.2854,54.9197],[10.2855,54.9193],[10.2855,54.919],[10.2853,54.9189],[10.2851,54.9189],[10.2849,54.9187],[10.2846,54.9185],[10.2844,54.9183],[10.2842,54.9181],[10.2841,54.918]]]},"properties":{"sourceId":"ais_par3.140914","a_type":4110,"hectares":4.97}},{"type":"Feature","id":"ais_par3.140915","geometry":{"type":"Polygon","coordinates":[[[10.2939,54.9118],[10.2939,54.9118],[10.2938,54.9118],[10.2938,54.9119],[10.2937,54.9119],[10.2937,54.9119],[10.2936,54.912],[10.2935,54.912],[10.2935,54.912],[10.2934,54.912],[10.2935,54.9121],[10.2935,54.9121],[10.2938,54.9124],[10.2938,54.9124],[10.2944,54.9122],[10.2944,54.9121],[10.2941,54.9118],[10.2939,54.9118],[10.2939,54.9118]]]},"properties":{"sourceId":"ais_par3.140915","a_type":4110,"hectares":0.241}},{"type":"Feature","id":"ais_par3.140916","geometry":{"type":"Polygon","coordinates":[[[10.2968,54.9147],[10.2967,54.9147],[10.2963,54.9149],[10.2962,54.915],[10.2962,54.9152],[10.2961,54.9152],[10.2959,54.9153],[10.2965,54.9158],[10.2976,54.9153],[10.298,54.9151],[10.2972,54.9145],[10.2969,54.9146],[10.2968,54.9147]]]},"properties":{"sourceId":"ais_par3.140916","a_type":4110,"hectares":0.982}},{"type":"Feature","id":"ais_par3.140917","geometry":{"type":"Polygon","coordinates":[[[10.3012,54.9162],[10.3006,54.9165],[10.3008,54.9167],[10.3016,54.9171],[10.3021,54.9166],[10.3033,54.9171],[10.3034,54.9155],[10.3028,54.9152],[10.3012,54.9162]],[[10.3017,54.9164],[10.3017,54.9163],[10.3017,54.9163],[10.3017,54.9162],[10.3018,54.9162],[10.3018,54.9162],[10.3019,54.9162],[10.3019,54.9163],[10.3019,54.9163],[10.3019,54.9164],[10.3017,54.9164]]]},"properties":{"sourceId":"ais_par3.140917","a_type":4110,"hectares":2.015}},{"type":"Feature","id":"ais_par3.140918","geometry":{"type":"Polygon","coordinates":[[[10.3142,54.8976],[10.3136,54.8978],[10.3131,54.898],[10.3132,54.8981],[10.3135,54.8983],[10.3142,54.8981],[10.315,54.8978],[10.3146,54.8975],[10.3142,54.8976]],[[10.3137,54.898],[10.3136,54.898],[10.3136,54.8979],[10.3136,54.8979],[10.3136,54.8979],[10.3137,54.8979],[10.3137,54.8979],[10.3138,54.8979],[10.3138,54.8979],[10.3139,54.8979],[10.3139,54.8979],[10.3139,54.8979],[10.3138,54.898],[10.3138,54.898],[10.3137,54.898],[10.3137,54.898]]]},"properties":{"sourceId":"ais_par3.140918","a_type":4110,"hectares":0.474}},{"type":"Feature","id":"ais_par3.140919","geometry":{"type":"Polygon","coordinates":[[[10.3839,54.8647],[10.3837,54.8647],[10.3835,54.8639],[10.3828,54.8639],[10.3828,54.864],[10.3831,54.864],[10.3832,54.8642],[10.3832,54.8642],[10.3833,54.8644],[10.3833,54.8644],[10.3834,54.8648],[10.3834,54.865],[10.3836,54.865],[10.384,54.8649],[10.3846,54.8649],[10.3852,54.8649],[10.3852,54.8648],[10.3852,54.8648],[10.3852,54.8647],[10.3852,54.8647],[10.3852,54.8646],[10.3852,54.8645],[10.3853,54.8645],[10.3852,54.8644],[10.3852,54.8644],[10.3851,54.8644],[10.3851,54.8644],[10.3849,54.8644],[10.3847,54.8645],[10.3845,54.8645],[10.3844,54.8646],[10.3842,54.8646],[10.3841,54.8647],[10.3839,54.8647]]]},"properties":{"sourceId":"ais_par3.140919","a_type":4110,"hectares":0.674}},{"type":"Feature","id":"ais_par3.140920","geometry":{"type":"Polygon","coordinates":[[[10.3292,54.9011],[10.3291,54.9011],[10.329,54.9012],[10.3288,54.9012],[10.3287,54.9013],[10.3286,54.9014],[10.329,54.9017],[10.3294,54.9021],[10.3298,54.9024],[10.3291,54.9027],[10.33,54.9035],[10.3301,54.9034],[10.3305,54.9036],[10.3308,54.9035],[10.3315,54.9038],[10.332,54.9041],[10.3321,54.904],[10.331,54.9034],[10.3313,54.9032],[10.3309,54.9029],[10.3309,54.9029],[10.3306,54.9026],[10.3304,54.9024],[10.3303,54.9022],[10.3292,54.9011]]]},"properties":{"sourceId":"ais_par3.140920","a_type":4110,"hectares":1.801}},{"type":"Feature","id":"ais_par3.140921","geometry":{"type":"Polygon","coordinates":[[[10.381,54.862],[10.3802,54.862],[10.3797,54.8621],[10.3794,54.8622],[10.3797,54.8624],[10.3806,54.8623],[10.381,54.8622],[10.3818,54.8622],[10.382,54.8622],[10.3822,54.8621],[10.3827,54.8621],[10.3833,54.8622],[10.3837,54.8623],[10.3842,54.8623],[10.3844,54.8623],[10.3846,54.8623],[10.3847,54.8623],[10.3849,54.8622],[10.3847,54.8621],[10.3847,54.8622],[10.3847,54.8622],[10.3845,54.8622],[10.3842,54.8623],[10.3838,54.8622],[10.3836,54.8622],[10.3834,54.8622],[10.3833,54.8622],[10.3833,54.8622],[10.3832,54.8621],[10.3832,54.862],[10.3832,54.862],[10.3832,54.8619],[10.3826,54.8619],[10.3817,54.862],[10.381,54.862]]]},"properties":{"sourceId":"ais_par3.140921","a_type":4110,"hectares":0.676}},{"type":"Feature","id":"ais_par3.140922","geometry":{"type":"Polygon","coordinates":[[[10.3963,54.856],[10.3952,54.8562],[10.3943,54.8564],[10.3947,54.8569],[10.3948,54.8569],[10.3954,54.8568],[10.3956,54.8568],[10.3958,54.8567],[10.396,54.8567],[10.3964,54.8566],[10.3967,54.8565],[10.3963,54.856],[10.3963,54.856]],[[10.3948,54.8567],[10.3947,54.8567],[10.3947,54.8567],[10.3947,54.8566],[10.3947,54.8566],[10.3948,54.8566],[10.3949,54.8565],[10.3949,54.8565],[10.395,54.8564],[10.3951,54.8564],[10.3952,54.8563],[10.3952,54.8563],[10.3952,54.8564],[10.3952,54.8564],[10.3952,54.8564],[10.3951,54.8565],[10.3951,54.8565],[10.3951,54.8565],[10.3951,54.8566],[10.3951,54.8566],[10.3951,54.8566],[10.395,54.8567],[10.3949,54.8567],[10.3948,54.8567],[10.3948,54.8567]]]},"properties":{"sourceId":"ais_par3.140922","a_type":4110,"hectares":0.828}},{"type":"Feature","id":"ais_par3.140923","geometry":{"type":"Polygon","coordinates":[[[10.4008,54.8443],[10.4009,54.8445],[10.4009,54.8446],[10.4013,54.8445],[10.4018,54.8443],[10.402,54.8443],[10.4019,54.8441],[10.4018,54.8441],[10.4016,54.844],[10.4015,54.8441],[10.4008,54.8443]]]},"properties":{"sourceId":"ais_par3.140923","a_type":4110,"hectares":0.233}},{"type":"Feature","id":"ais_par3.140925","geometry":{"type":"Polygon","coordinates":[[[10.4244,54.8489],[10.4244,54.8489],[10.4245,54.8496],[10.4246,54.85],[10.425,54.85],[10.4256,54.85],[10.426,54.85],[10.4262,54.85],[10.4263,54.8499],[10.426,54.8491],[10.4251,54.849],[10.4245,54.8489],[10.4244,54.8489]],[[10.4252,54.8492],[10.4252,54.8491],[10.4252,54.8491],[10.4253,54.8491],[10.4253,54.8491],[10.4254,54.8491],[10.4255,54.8492],[10.4255,54.8492],[10.4256,54.8492],[10.4256,54.8492],[10.4255,54.8492],[10.4254,54.8492],[10.4253,54.8492],[10.4252,54.8492],[10.4252,54.8492]]]},"properties":{"sourceId":"ais_par3.140925","a_type":4110,"hectares":1.149}},{"type":"Feature","id":"ais_par3.140926","geometry":{"type":"Polygon","coordinates":[[[10.2764,54.9203],[10.2764,54.9203],[10.276,54.9203],[10.2765,54.9208],[10.2774,54.9215],[10.2776,54.9216],[10.2777,54.9216],[10.2777,54.9216],[10.2778,54.9217],[10.2781,54.9219],[10.2784,54.9217],[10.2788,54.9215],[10.2791,54.9212],[10.2794,54.9209],[10.2796,54.9205],[10.2798,54.9203],[10.28,54.92],[10.28,54.9199],[10.28,54.9199],[10.2801,54.9199],[10.2803,54.9195],[10.2804,54.9192],[10.2806,54.919],[10.2807,54.9187],[10.2807,54.9186],[10.2807,54.9185],[10.2807,54.9184],[10.2807,54.9183],[10.2806,54.9183],[10.2805,54.9183],[10.2803,54.9184],[10.2802,54.9184],[10.2801,54.9184],[10.28,54.9184],[10.28,54.9184],[10.2799,54.9185],[10.2798,54.9185],[10.2796,54.9185],[10.2795,54.9185],[10.2793,54.9186],[10.2793,54.9186],[10.2792,54.9186],[10.2791,54.9186],[10.279,54.9186],[10.2789,54.9187],[10.2789,54.9187],[10.2788,54.9187],[10.2787,54.9187],[10.2787,54.9188],[10.2786,54.9188],[10.2784,54.9188],[10.2784,54.9189],[10.2783,54.9189],[10.2778,54.919],[10.2776,54.9191],[10.2775,54.9191],[10.2774,54.9192],[10.2773,54.9192],[10.2772,54.9192],[10.2771,54.9193],[10.277,54.9193],[10.2768,54.9194],[10.2767,54.9194],[10.2767,54.9194],[10.2766,54.9194],[10.2765,54.9195],[10.2764,54.9195],[10.2764,54.9195],[10.2763,54.9195],[10.2762,54.9196],[10.2761,54.9196],[10.2761,54.9196],[10.2764,54.9203]]]},"properties":{"sourceId":"ais_par3.140926","a_type":4110,"hectares":6.566}},{"type":"Feature","id":"ais_par3.140927","geometry":{"type":"Polygon","coordinates":[[[10.4458,54.8356],[10.4455,54.8354],[10.4453,54.8354],[10.4448,54.8351],[10.4442,54.8348],[10.444,54.8349],[10.4447,54.8353],[10.4452,54.8356],[10.4452,54.8356],[10.4453,54.8356],[10.4456,54.8363],[10.4458,54.8368],[10.4462,54.8368],[10.4465,54.8367],[10.4469,54.8367],[10.4473,54.8366],[10.4476,54.8366],[10.4482,54.8367],[10.4482,54.8367],[10.4481,54.8365],[10.4481,54.8365],[10.4481,54.8365],[10.4478,54.8364],[10.4476,54.8362],[10.4474,54.8362],[10.4471,54.8361],[10.4468,54.8359],[10.4467,54.8359],[10.4458,54.8356]],[[10.4465,54.836],[10.4466,54.836],[10.4466,54.836],[10.4466,54.8361],[10.4466,54.8361],[10.4466,54.8362],[10.4467,54.8362],[10.4467,54.8363],[10.4466,54.8363],[10.4465,54.8364],[10.4465,54.8364],[10.4465,54.8364],[10.4464,54.8364],[10.4463,54.8365],[10.4463,54.8365],[10.4463,54.8366],[10.4463,54.8366],[10.4463,54.8367],[10.4462,54.8367],[10.4462,54.8367],[10.4461,54.8366],[10.4461,54.8366],[10.4461,54.8366],[10.4461,54.8365],[10.4462,54.8363],[10.4462,54.8363],[10.4462,54.8363],[10.4464,54.836],[10.4465,54.836]]]},"properties":{"sourceId":"ais_par3.140927","a_type":4110,"hectares":1.517}},{"type":"Feature","id":"ais_par3.140928","geometry":{"type":"Polygon","coordinates":[[[10.4318,54.8242],[10.4317,54.8242],[10.4317,54.8242],[10.4316,54.8242],[10.4316,54.8242],[10.4316,54.8242],[10.4315,54.8242],[10.4313,54.8242],[10.4313,54.8242],[10.4312,54.8241],[10.4312,54.8241],[10.4312,54.8241],[10.4308,54.8242],[10.4308,54.8244],[10.4308,54.8247],[10.4308,54.8248],[10.4309,54.8247],[10.4311,54.8248],[10.4313,54.8248],[10.4315,54.8247],[10.4316,54.8247],[10.4318,54.8245],[10.4319,54.8245],[10.4319,54.8245],[10.4322,54.8243],[10.4324,54.8242],[10.4325,54.8242],[10.4326,54.8241],[10.4326,54.8241],[10.4325,54.8241],[10.4324,54.8242],[10.4322,54.8242],[10.432,54.8242],[10.4318,54.8242]],[[10.431,54.8246],[10.431,54.8246],[10.431,54.8245],[10.4309,54.8245],[10.4309,54.8245],[10.4309,54.8244],[10.4309,54.8244],[10.4309,54.8243],[10.4309,54.8243],[10.4309,54.8243],[10.431,54.8243],[10.431,54.8242],[10.431,54.8242],[10.4311,54.8242],[10.4311,54.8242],[10.4312,54.8242],[10.4312,54.8242],[10.4312,54.8242],[10.4313,54.8242],[10.4313,54.8242],[10.4314,54.8242],[10.4314,54.8242],[10.4315,54.8243],[10.4315,54.8243],[10.4315,54.8243],[10.4315,54.8243],[10.4316,54.8243],[10.4316,54.8244],[10.4316,54.8244],[10.4316,54.8244],[10.4316,54.8245],[10.4315,54.8246],[10.4314,54.8246],[10.4313,54.8246],[10.4312,54.8246],[10.4311,54.8247],[10.4311,54.8246],[10.431,54.8246]]]},"properties":{"sourceId":"ais_par3.140928","a_type":4110,"hectares":0.289}},{"type":"Feature","id":"ais_par3.140929","geometry":{"type":"Polygon","coordinates":[[[10.4329,54.8404],[10.432,54.8403],[10.4319,54.8407],[10.4318,54.841],[10.4328,54.8411],[10.4329,54.8405],[10.4329,54.8404]]]},"properties":{"sourceId":"ais_par3.140929","a_type":4110,"hectares":0.503}},{"type":"Feature","id":"ais_par3.140930","geometry":{"type":"Polygon","coordinates":[[[10.2587,54.9197],[10.2585,54.9197],[10.2583,54.9198],[10.2587,54.9202],[10.2595,54.921],[10.2607,54.9206],[10.2599,54.9198],[10.2603,54.9197],[10.2605,54.9198],[10.261,54.9196],[10.2607,54.9193],[10.2604,54.9194],[10.2597,54.9194],[10.2592,54.9195],[10.2587,54.9197]]]},"properties":{"sourceId":"ais_par3.140930","a_type":4110,"hectares":1.714}},{"type":"Feature","id":"ais_par3.140931","geometry":{"type":"Polygon","coordinates":[[[10.2878,54.9045],[10.2876,54.9043],[10.2875,54.9042],[10.2868,54.9044],[10.2867,54.9044],[10.2871,54.9049],[10.2874,54.9054],[10.2876,54.9057],[10.2876,54.9057],[10.2877,54.9057],[10.2879,54.9057],[10.2881,54.9057],[10.2882,54.9057],[10.2883,54.9057],[10.2884,54.9058],[10.2883,54.9059],[10.2883,54.906],[10.289,54.9058],[10.2884,54.9051],[10.2878,54.9045]]]},"properties":{"sourceId":"ais_par3.140931","a_type":4110,"hectares":1.243}},{"type":"Feature","id":"ais_par3.140932","geometry":{"type":"Polygon","coordinates":[[[10.2903,54.9041],[10.29,54.9042],[10.2896,54.9044],[10.2897,54.9045],[10.2899,54.9047],[10.2899,54.9047],[10.2905,54.9045],[10.291,54.9044],[10.2912,54.9043],[10.2913,54.9043],[10.2917,54.9042],[10.2913,54.9038],[10.2903,54.9041]]]},"properties":{"sourceId":"ais_par3.140932","a_type":4110,"hectares":0.569}},{"type":"Feature","id":"ais_par3.140933","geometry":{"type":"Polygon","coordinates":[[[10.2788,54.9031],[10.2781,54.9027],[10.278,54.9027],[10.2778,54.9028],[10.2777,54.9029],[10.2777,54.903],[10.2776,54.9031],[10.2778,54.9032],[10.2781,54.9033],[10.2782,54.9034],[10.2782,54.9034],[10.2782,54.9035],[10.2782,54.9036],[10.2782,54.9036],[10.2782,54.9037],[10.2782,54.9037],[10.2787,54.9039],[10.279,54.9041],[10.279,54.904],[10.2796,54.9035],[10.2792,54.9032],[10.2789,54.903],[10.2788,54.9031]]]},"properties":{"sourceId":"ais_par3.140933","a_type":4110,"hectares":0.925}},{"type":"Feature","id":"ais_par3.140934","geometry":{"type":"Polygon","coordinates":[[[10.2997,54.8976],[10.3004,54.8973],[10.3004,54.8973],[10.3004,54.8973],[10.3,54.897],[10.3008,54.8968],[10.3008,54.8967],[10.3009,54.8967],[10.3009,54.8967],[10.3004,54.8961],[10.3004,54.8961],[10.3004,54.8961],[10.3,54.8963],[10.2995,54.8965],[10.2994,54.8965],[10.2994,54.8965],[10.2993,54.8965],[10.2991,54.8966],[10.2988,54.8967],[10.2987,54.8967],[10.2987,54.8967],[10.2989,54.8969],[10.2997,54.8976]],[[10.3004,54.8967],[10.3005,54.8967],[10.3005,54.8968],[10.3005,54.8968],[10.3004,54.8968],[10.3004,54.8968],[10.3004,54.8968],[10.3003,54.8969],[10.3002,54.8969],[10.3001,54.8968],[10.3001,54.8968],[10.3002,54.8968],[10.3002,54.8967],[10.3003,54.8967],[10.3003,54.8966],[10.3004,54.8967],[10.3004,54.8967],[10.3004,54.8967]]]},"properties":{"sourceId":"ais_par3.140934","a_type":4110,"hectares":1.094}},{"type":"Feature","id":"ais_par3.140935","geometry":{"type":"Polygon","coordinates":[[[10.3044,54.8851],[10.3042,54.8852],[10.3037,54.8853],[10.3045,54.8863],[10.305,54.8862],[10.3055,54.886],[10.3055,54.886],[10.306,54.8858],[10.3063,54.8858],[10.3062,54.8857],[10.3062,54.8857],[10.3061,54.8857],[10.3055,54.8856],[10.3054,54.8856],[10.3053,54.8855],[10.3049,54.885],[10.3047,54.8851],[10.3044,54.8851]]]},"properties":{"sourceId":"ais_par3.140935","a_type":4110,"hectares":1.166}},{"type":"Feature","id":"ais_par3.140936","geometry":{"type":"Polygon","coordinates":[[[10.312,54.8901],[10.3116,54.8903],[10.3114,54.8904],[10.3114,54.8905],[10.3114,54.8905],[10.3115,54.8905],[10.3116,54.8905],[10.3118,54.8905],[10.3119,54.8905],[10.312,54.8905],[10.3123,54.8905],[10.3124,54.8906],[10.3125,54.8906],[10.3126,54.8906],[10.3127,54.8905],[10.313,54.8907],[10.3132,54.8905],[10.313,54.8904],[10.3129,54.8904],[10.3128,54.8904],[10.3126,54.8904],[10.3123,54.8903],[10.3121,54.89],[10.3121,54.89],[10.312,54.8901],[10.312,54.8901]]]},"properties":{"sourceId":"ais_par3.140936","a_type":4110,"hectares":0.346}},{"type":"Feature","id":"ais_par3.140937","geometry":{"type":"Polygon","coordinates":[[[10.3157,54.895],[10.3152,54.8945],[10.3148,54.8941],[10.3147,54.894],[10.3145,54.8939],[10.3141,54.8938],[10.3138,54.8939],[10.3139,54.8939],[10.3141,54.8939],[10.3142,54.8939],[10.3142,54.894],[10.3145,54.8942],[10.3148,54.8945],[10.3153,54.895],[10.3155,54.8952],[10.3157,54.8954],[10.3162,54.8957],[10.3163,54.8957],[10.3162,54.8957],[10.3164,54.8957],[10.3164,54.8957],[10.3165,54.8957],[10.3166,54.8957],[10.3166,54.8957],[10.3166,54.8956],[10.3166,54.8956],[10.3166,54.8955],[10.3166,54.8955],[10.3166,54.8955],[10.3165,54.8955],[10.3165,54.8954],[10.3165,54.8954],[10.3161,54.8952],[10.3157,54.895]]]},"properties":{"sourceId":"ais_par3.140937","a_type":4110,"hectares":0.654}},{"type":"Feature","id":"ais_par3.140938","geometry":{"type":"Polygon","coordinates":[[[10.3341,54.8746],[10.3339,54.8746],[10.3338,54.8747],[10.3336,54.8747],[10.3334,54.8747],[10.3332,54.8747],[10.3332,54.8747],[10.3331,54.8747],[10.3333,54.875],[10.3335,54.8753],[10.3338,54.8758],[10.3348,54.8755],[10.3356,54.8753],[10.3358,54.8752],[10.336,54.8752],[10.3372,54.8749],[10.337,54.8747],[10.3368,54.8745],[10.3365,54.8743],[10.3365,54.8743],[10.3365,54.8743],[10.3364,54.8743],[10.3363,54.8742],[10.3361,54.8742],[10.3358,54.8743],[10.3352,54.8745],[10.3351,54.8745],[10.335,54.8745],[10.3347,54.8745],[10.3346,54.8745],[10.3345,54.8746],[10.3341,54.8746]]]},"properties":{"sourceId":"ais_par3.140938","a_type":4110,"hectares":2.427}},{"type":"Feature","id":"ais_par3.140939","geometry":{"type":"Polygon","coordinates":[[[10.3322,54.8743],[10.3321,54.8743],[10.332,54.8743],[10.3319,54.8743],[10.3319,54.8743],[10.3318,54.8745],[10.3317,54.8746],[10.3316,54.8748],[10.3313,54.8751],[10.3312,54.8752],[10.3311,54.8752],[10.3312,54.8752],[10.3312,54.8754],[10.3315,54.8753],[10.3318,54.8751],[10.3319,54.875],[10.332,54.875],[10.332,54.875],[10.3321,54.8749],[10.3322,54.8749],[10.3323,54.8749],[10.3323,54.8749],[10.3324,54.8748],[10.3325,54.8748],[10.3326,54.8747],[10.3327,54.8747],[10.3328,54.8747],[10.3329,54.8747],[10.333,54.8747],[10.3331,54.8746],[10.3328,54.8742],[10.3335,54.8737],[10.3336,54.8736],[10.3336,54.8735],[10.3335,54.8733],[10.3332,54.8734],[10.3331,54.8734],[10.3331,54.8734],[10.3323,54.8738],[10.3322,54.8739],[10.3321,54.8739],[10.3321,54.8739],[10.332,54.874],[10.332,54.874],[10.3322,54.8739],[10.3327,54.8737],[10.3328,54.8737],[10.3329,54.8736],[10.333,54.8736],[10.3331,54.8736],[10.3331,54.8736],[10.3331,54.8736],[10.3332,54.8737],[10.3332,54.8737],[10.3332,54.8737],[10.3331,54.8739],[10.3327,54.8741],[10.3326,54.8742],[10.3325,54.8742],[10.3323,54.8742],[10.3322,54.8743]]]},"properties":{"sourceId":"ais_par3.140939","a_type":4110,"hectares":0.957}},{"type":"Feature","id":"ais_par3.140940","geometry":{"type":"Polygon","coordinates":[[[10.325,54.8736],[10.3246,54.8736],[10.3244,54.8735],[10.3242,54.8735],[10.3241,54.8736],[10.3238,54.8737],[10.3236,54.8738],[10.3235,54.8739],[10.3234,54.8739],[10.3238,54.8739],[10.3242,54.874],[10.3245,54.874],[10.3251,54.874],[10.3257,54.874],[10.3262,54.8741],[10.3267,54.8742],[10.327,54.8742],[10.3273,54.8743],[10.3274,54.8744],[10.3275,54.8741],[10.3274,54.874],[10.3271,54.8739],[10.3268,54.8738],[10.3265,54.8737],[10.3262,54.8736],[10.3259,54.8736],[10.3256,54.8736],[10.3254,54.8736],[10.325,54.8736]]]},"properties":{"sourceId":"ais_par3.140940","a_type":4110,"hectares":1.082}},{"type":"Feature","id":"ais_par3.140941","geometry":{"type":"Polygon","coordinates":[[[10.3473,54.8703],[10.3464,54.8705],[10.3464,54.8705],[10.3464,54.8706],[10.3463,54.8706],[10.3462,54.8707],[10.346,54.8707],[10.3459,54.8707],[10.3458,54.8707],[10.3457,54.8706],[10.3455,54.8706],[10.3454,54.8706],[10.346,54.8713],[10.3479,54.8713],[10.3482,54.8718],[10.3482,54.8718],[10.3488,54.8716],[10.3493,54.8715],[10.3499,54.8714],[10.3503,54.8713],[10.3505,54.8711],[10.3506,54.8711],[10.3506,54.8711],[10.3507,54.871],[10.3507,54.871],[10.3507,54.871],[10.3508,54.871],[10.3507,54.8709],[10.3507,54.8709],[10.3507,54.8709],[10.3506,54.8707],[10.3503,54.8705],[10.35,54.8703],[10.35,54.8703],[10.35,54.8703],[10.3499,54.8703],[10.3477,54.8709],[10.3473,54.8703],[10.3473,54.8703]],[[10.3468,54.8713],[10.3465,54.8713],[10.3464,54.8712],[10.3463,54.8712],[10.3463,54.8711],[10.3464,54.8711],[10.3466,54.871],[10.3466,54.871],[10.3467,54.871],[10.3468,54.8711],[10.3469,54.8711],[10.347,54.8711],[10.347,54.8712],[10.347,54.8712],[10.3468,54.8713]],[[10.3502,54.871],[10.3503,54.8709],[10.3504,54.8709],[10.3505,54.871],[10.3505,54.871],[10.3504,54.871],[10.3503,54.8711],[10.3502,54.8711],[10.3502,54.8711],[10.3502,54.8711],[10.3501,54.871],[10.3502,54.871]]]},"properties":{"sourceId":"ais_par3.140941","a_type":4110,"hectares":2.894}},{"type":"Feature","id":"ais_par3.140942","geometry":{"type":"Polygon","coordinates":[[[10.3711,54.8595],[10.3708,54.8596],[10.3701,54.8597],[10.3702,54.8602],[10.3721,54.8599],[10.3719,54.8596],[10.3719,54.8595],[10.3718,54.8594],[10.3711,54.8595]],[[10.3708,54.86],[10.3708,54.8599],[10.3709,54.8598],[10.371,54.8598],[10.3711,54.8598],[10.3712,54.8598],[10.3713,54.8598],[10.3713,54.8598],[10.3713,54.8598],[10.3713,54.8599],[10.3713,54.8599],[10.3712,54.8599],[10.3711,54.86],[10.371,54.86],[10.371,54.86],[10.3709,54.86],[10.3708,54.86],[10.3708,54.86]]]},"properties":{"sourceId":"ais_par3.140942","a_type":4110,"hectares":0.593}},{"type":"Feature","id":"ais_par3.140943","geometry":{"type":"Polygon","coordinates":[[[10.3859,54.8493],[10.3859,54.8493],[10.3854,54.8498],[10.3851,54.8501],[10.385,54.8502],[10.385,54.8503],[10.385,54.8503],[10.3849,54.8505],[10.3848,54.8509],[10.3847,54.8512],[10.3845,54.8517],[10.3846,54.8517],[10.3847,54.8517],[10.3849,54.8518],[10.3849,54.8518],[10.3849,54.8518],[10.3849,54.8518],[10.3849,54.8518],[10.3851,54.8517],[10.3852,54.8517],[10.3851,54.8513],[10.3851,54.8513],[10.3851,54.851],[10.3856,54.851],[10.3856,54.851],[10.3856,54.851],[10.3856,54.8508],[10.3857,54.8507],[10.386,54.8503],[10.3862,54.8502],[10.3869,54.85],[10.3869,54.8499],[10.3871,54.8499],[10.3872,54.8498],[10.3873,54.8497],[10.3874,54.8497],[10.3874,54.8497],[10.3875,54.8496],[10.3875,54.8496],[10.3875,54.8495],[10.3875,54.8495],[10.3875,54.8495],[10.3875,54.8495],[10.3874,54.8494],[10.3874,54.8494],[10.3872,54.8489],[10.3872,54.8489],[10.3871,54.8488],[10.3871,54.8488],[10.387,54.8488],[10.3869,54.8488],[10.3863,54.8488],[10.3859,54.8493]]]},"properties":{"sourceId":"ais_par3.140943","a_type":4110,"hectares":2.293}},{"type":"Feature","id":"ais_par3.140956","geometry":{"type":"Polygon","coordinates":[[[10.3516,54.8614],[10.3515,54.8615],[10.3513,54.8617],[10.3511,54.8618],[10.351,54.8618],[10.3514,54.8624],[10.3515,54.8625],[10.3518,54.8629],[10.3518,54.8629],[10.3519,54.8629],[10.3522,54.8629],[10.3524,54.8628],[10.3526,54.8627],[10.3526,54.8624],[10.3526,54.8623],[10.3527,54.8621],[10.3528,54.862],[10.3529,54.8619],[10.3531,54.8618],[10.3533,54.8619],[10.3535,54.8619],[10.3537,54.862],[10.3537,54.862],[10.3536,54.8617],[10.3535,54.8617],[10.3528,54.8611],[10.3521,54.8606],[10.3521,54.8605],[10.3519,54.8607],[10.352,54.8607],[10.3521,54.8607],[10.3522,54.8607],[10.3522,54.8608],[10.3523,54.8608],[10.3523,54.8608],[10.3523,54.8609],[10.3523,54.8609],[10.3522,54.8609],[10.3522,54.861],[10.3521,54.861],[10.3519,54.861],[10.3519,54.8611],[10.3518,54.8611],[10.3516,54.8611],[10.3516,54.8611],[10.3517,54.8612],[10.3517,54.8613],[10.3516,54.8614]],[[10.3522,54.8615],[10.3521,54.8614],[10.3522,54.8614],[10.3524,54.8613],[10.3525,54.8614],[10.3526,54.8614],[10.3526,54.8614],[10.3526,54.8615],[10.3525,54.8615],[10.3524,54.8615],[10.3522,54.8615]]]},"properties":{"sourceId":"ais_par3.140956","a_type":4110,"hectares":1.939}},{"type":"Feature","id":"ais_par3.140957","geometry":{"type":"Polygon","coordinates":[[[10.3851,54.8606],[10.3852,54.8608],[10.3853,54.8608],[10.3854,54.8609],[10.3854,54.8608],[10.3855,54.8607],[10.3856,54.8606],[10.3857,54.8606],[10.3858,54.8606],[10.3859,54.8605],[10.386,54.8605],[10.3861,54.8605],[10.3863,54.8604],[10.3863,54.8604],[10.3862,54.86],[10.386,54.8601],[10.3859,54.8604],[10.3854,54.8605],[10.3851,54.8606]]]},"properties":{"sourceId":"ais_par3.140957","a_type":4110,"hectares":0.206}},{"type":"Feature","id":"ais_par3.140944","geometry":{"type":"Polygon","coordinates":[[[10.2545,54.9276],[10.254,54.9277],[10.2538,54.9277],[10.2537,54.9276],[10.2529,54.9268],[10.2514,54.9274],[10.2513,54.9275],[10.2518,54.9276],[10.2524,54.9277],[10.2528,54.9277],[10.2531,54.9277],[10.2531,54.9277],[10.253,54.9279],[10.2529,54.9284],[10.2528,54.9289],[10.2528,54.9289],[10.2529,54.9291],[10.2529,54.9291],[10.2515,54.9296],[10.2502,54.93],[10.2501,54.9301],[10.2499,54.9302],[10.2493,54.9308],[10.249,54.9318],[10.2492,54.9321],[10.2493,54.9323],[10.2495,54.9326],[10.249,54.9326],[10.2482,54.9328],[10.2481,54.9328],[10.2481,54.9328],[10.248,54.9329],[10.2479,54.9329],[10.2477,54.9329],[10.2475,54.933],[10.2474,54.933],[10.2474,54.933],[10.2475,54.9331],[10.2464,54.9336],[10.2466,54.9336],[10.2467,54.9337],[10.2469,54.9336],[10.2474,54.9334],[10.2477,54.9335],[10.2486,54.933],[10.2488,54.9331],[10.2489,54.9331],[10.2499,54.9324],[10.2506,54.9317],[10.2506,54.9317],[10.2509,54.9316],[10.2511,54.9314],[10.2514,54.9314],[10.2517,54.9313],[10.252,54.9313],[10.2522,54.9313],[10.2529,54.9312],[10.253,54.9311],[10.2531,54.931],[10.2536,54.9307],[10.2536,54.9307],[10.2537,54.9306],[10.2538,54.9305],[10.2547,54.9302],[10.2549,54.93],[10.2559,54.9296],[10.2565,54.9293],[10.2566,54.9292],[10.2568,54.929],[10.257,54.9288],[10.2571,54.9287],[10.2574,54.9286],[10.2574,54.9286],[10.2574,54.9285],[10.2576,54.9285],[10.2577,54.9285],[10.258,54.9284],[10.2582,54.9283],[10.2585,54.9281],[10.2587,54.9279],[10.2587,54.9276],[10.2589,54.9274],[10.2589,54.9274],[10.2588,54.9274],[10.2586,54.9275],[10.2579,54.9269],[10.2581,54.9268],[10.2586,54.9269],[10.259,54.9267],[10.2593,54.9269],[10.2597,54.9267],[10.2597,54.9267],[10.26,54.9265],[10.2603,54.9266],[10.2605,54.9265],[10.2608,54.9263],[10.2611,54.9263],[10.2615,54.9263],[10.2621,54.9261],[10.2623,54.9261],[10.2624,54.9261],[10.2624,54.9261],[10.2627,54.9258],[10.2623,54.9255],[10.2623,54.9255],[10.2623,54.9253],[10.2624,54.9253],[10.2625,54.9252],[10.2627,54.9251],[10.2635,54.9251],[10.2642,54.9252],[10.2644,54.9252],[10.2647,54.9251],[10.265,54.9251],[10.2657,54.9249],[10.2657,54.9249],[10.266,54.9247],[10.2661,54.9246],[10.2663,54.9245],[10.2663,54.9244],[10.2664,54.9242],[10.2664,54.9239],[10.2665,54.9238],[10.2665,54.9238],[10.2665,54.9238],[10.2665,54.9238],[10.2665,54.9237],[10.2666,54.9236],[10.2667,54.9235],[10.2669,54.9235],[10.2671,54.9235],[10.2672,54.9235],[10.2674,54.9235],[10.2675,54.9234],[10.2676,54.9234],[10.2676,54.9234],[10.2677,54.9234],[10.2678,54.9234],[10.2679,54.9234],[10.268,54.9233],[10.2677,54.923],[10.2666,54.9234],[10.2657,54.9237],[10.2655,54.9238],[10.2653,54.9238],[10.2652,54.9238],[10.2651,54.9238],[10.2651,54.9238],[10.2643,54.923],[10.2642,54.923],[10.2641,54.9229],[10.2641,54.9229],[10.264,54.923],[10.2631,54.9233],[10.2629,54.9233],[10.2617,54.9238],[10.2616,54.9238],[10.2602,54.9243],[10.2598,54.9245],[10.2596,54.9246],[10.2594,54.9246],[10.2585,54.9252],[10.2585,54.9252],[10.2581,54.9249],[10.2565,54.9255],[10.2554,54.9259],[10.2562,54.9266],[10.2563,54.9267],[10.2553,54.9273],[10.255,54.9275],[10.2548,54.9275],[10.2545,54.9276]]]},"properties":{"sourceId":"ais_par3.140944","a_type":4110,"hectares":30.275}},{"type":"Feature","id":"ais_par3.140945","geometry":{"type":"Polygon","coordinates":[[[10.3963,54.8298],[10.3932,54.8305],[10.3932,54.8306],[10.3933,54.8308],[10.3933,54.8308],[10.3933,54.8308],[10.3959,54.8303],[10.3963,54.8307],[10.3966,54.8306],[10.397,54.8304],[10.3967,54.83],[10.3965,54.8298],[10.3963,54.8298]]]},"properties":{"sourceId":"ais_par3.140945","a_type":4110,"hectares":1.137}},{"type":"Feature","id":"ais_par3.140946","geometry":{"type":"Polygon","coordinates":[[[10.4069,54.8274],[10.4064,54.8272],[10.4062,54.8272],[10.4059,54.8271],[10.4058,54.8269],[10.4057,54.8268],[10.4055,54.8269],[10.4057,54.827],[10.4058,54.8271],[10.406,54.8272],[10.4061,54.8272],[10.4062,54.8272],[10.4062,54.8273],[10.4063,54.8273],[10.4065,54.8274],[10.4067,54.8275],[10.4068,54.8275],[10.4069,54.8275],[10.4069,54.8276],[10.4071,54.8276],[10.4073,54.8277],[10.4074,54.8276],[10.4074,54.8275],[10.4069,54.8274]]]},"properties":{"sourceId":"ais_par3.140946","a_type":4110,"hectares":0.188}},{"type":"Feature","id":"ais_par3.140947","geometry":{"type":"Polygon","coordinates":[[[10.4143,54.8222],[10.4141,54.8222],[10.414,54.8223],[10.4139,54.8223],[10.4138,54.8223],[10.412,54.8226],[10.4119,54.8226],[10.4119,54.8226],[10.4119,54.8226],[10.4118,54.8227],[10.4118,54.8227],[10.412,54.8226],[10.4132,54.8225],[10.4141,54.8224],[10.4142,54.8227],[10.4143,54.8227],[10.4147,54.8224],[10.4151,54.8223],[10.4151,54.8219],[10.415,54.822],[10.415,54.822],[10.415,54.822],[10.4149,54.822],[10.4149,54.822],[10.4148,54.822],[10.4144,54.8221],[10.4143,54.8222]]]},"properties":{"sourceId":"ais_par3.140947","a_type":4110,"hectares":0.483}},{"type":"Feature","id":"ais_par3.140948","geometry":{"type":"Polygon","coordinates":[[[10.2993,54.9196],[10.2982,54.9195],[10.2982,54.9196],[10.2983,54.9196],[10.2983,54.9198],[10.2991,54.9199],[10.2993,54.9196]]]},"properties":{"sourceId":"ais_par3.140948","a_type":4110,"hectares":0.196}},{"type":"Feature","id":"ais_par3.140949","geometry":{"type":"Polygon","coordinates":[[[10.299,54.9189],[10.2985,54.9188],[10.2981,54.9193],[10.2983,54.9193],[10.2987,54.9192],[10.2988,54.9192],[10.299,54.9189],[10.299,54.9189]]]},"properties":{"sourceId":"ais_par3.140949","a_type":4110,"hectares":0.174}},{"type":"Feature","id":"ais_par3.140950","geometry":{"type":"Polygon","coordinates":[[[10.3319,54.8932],[10.3318,54.8933],[10.3317,54.8934],[10.3316,54.8936],[10.3314,54.8938],[10.3312,54.8939],[10.3312,54.894],[10.3308,54.8942],[10.3308,54.8941],[10.3302,54.8945],[10.3302,54.8946],[10.3302,54.8946],[10.3304,54.8947],[10.3315,54.8941],[10.3319,54.8936],[10.332,54.8935],[10.3323,54.8933],[10.3332,54.8928],[10.334,54.8925],[10.3337,54.8923],[10.3336,54.8924],[10.3333,54.8926],[10.333,54.8927],[10.3326,54.8929],[10.3324,54.8929],[10.3322,54.893],[10.3321,54.8931],[10.3319,54.8932]]]},"properties":{"sourceId":"ais_par3.140950","a_type":4110,"hectares":0.788}},{"type":"Feature","id":"ais_par3.140951","geometry":{"type":"Polygon","coordinates":[[[10.3362,54.8916],[10.3349,54.892],[10.335,54.8921],[10.3355,54.8924],[10.3357,54.8923],[10.336,54.8922],[10.3362,54.8922],[10.3363,54.8921],[10.3364,54.8921],[10.3367,54.892],[10.3367,54.892],[10.3362,54.8916]]]},"properties":{"sourceId":"ais_par3.140951","a_type":4110,"hectares":0.481}},{"type":"Feature","id":"ais_par3.140952","geometry":{"type":"Polygon","coordinates":[[[10.3563,54.8793],[10.356,54.8795],[10.3559,54.8796],[10.3558,54.8797],[10.3558,54.8798],[10.3558,54.8799],[10.3561,54.8801],[10.3567,54.8805],[10.3567,54.8805],[10.3567,54.8805],[10.3572,54.8803],[10.3573,54.8801],[10.3573,54.8799],[10.3571,54.8793],[10.3568,54.8793],[10.3563,54.8793]]]},"properties":{"sourceId":"ais_par3.140952","a_type":4110,"hectares":0.929}},{"type":"Feature","id":"ais_par3.140953","geometry":{"type":"Polygon","coordinates":[[[10.3684,54.8851],[10.3679,54.8851],[10.3672,54.8851],[10.3668,54.885],[10.3667,54.8852],[10.3667,54.8852],[10.3667,54.8854],[10.3673,54.8854],[10.3674,54.8854],[10.3675,54.8854],[10.3679,54.8857],[10.3694,54.8859],[10.3692,54.8858],[10.3684,54.8851]]]},"properties":{"sourceId":"ais_par3.140953","a_type":4110,"hectares":0.776}},{"type":"Feature","id":"ais_par3.140954","geometry":{"type":"Polygon","coordinates":[[[10.3978,54.8474],[10.3971,54.8475],[10.3969,54.8476],[10.397,54.8478],[10.397,54.8478],[10.3971,54.8478],[10.3971,54.8478],[10.3971,54.8478],[10.3972,54.8478],[10.3974,54.8477],[10.3976,54.8477],[10.3977,54.8477],[10.3977,54.8477],[10.3978,54.8477],[10.398,54.8476],[10.398,54.8476],[10.398,54.8476],[10.398,54.8476],[10.3982,54.8476],[10.3984,54.8476],[10.3986,54.8475],[10.3987,54.8475],[10.3984,54.8472],[10.3978,54.8474]]]},"properties":{"sourceId":"ais_par3.140954","a_type":4110,"hectares":0.325}},{"type":"Feature","id":"ais_par3.140955","geometry":{"type":"Polygon","coordinates":[[[10.27,54.9174],[10.2692,54.9176],[10.2687,54.9178],[10.2688,54.9179],[10.2692,54.9184],[10.2694,54.9186],[10.2693,54.9186],[10.2698,54.9185],[10.2701,54.9185],[10.2704,54.9185],[10.271,54.9191],[10.2712,54.919],[10.2716,54.919],[10.2719,54.9189],[10.2716,54.9186],[10.2717,54.9186],[10.2721,54.9184],[10.2725,54.9183],[10.2725,54.9183],[10.2712,54.9171],[10.2712,54.9171],[10.2711,54.9171],[10.27,54.9174]]]},"properties":{"sourceId":"ais_par3.140955","a_type":4110,"hectares":2.829}},{"type":"Feature","id":"ais_par3.141232","geometry":{"type":"Polygon","coordinates":[[[10.489,54.8704],[10.489,54.8704],[10.4889,54.8705],[10.4889,54.8707],[10.4893,54.8708],[10.4895,54.8707],[10.4896,54.8707],[10.4897,54.8706],[10.4897,54.8705],[10.4897,54.8701],[10.4897,54.87],[10.4897,54.8699],[10.4896,54.8699],[10.4891,54.8699],[10.4891,54.87],[10.4891,54.8701],[10.489,54.8704]],[[10.4894,54.8703],[10.4894,54.8703],[10.4894,54.8703],[10.4895,54.8704],[10.4895,54.8704],[10.4895,54.8704],[10.4895,54.8704],[10.4895,54.8705],[10.4894,54.8705],[10.4894,54.8705],[10.4893,54.8705],[10.4893,54.8705],[10.4893,54.8704],[10.4893,54.8704],[10.4893,54.8704],[10.4893,54.8704],[10.4893,54.8704],[10.4893,54.8704],[10.4893,54.8703],[10.4894,54.8703]]]},"properties":{"sourceId":"ais_par3.141232","a_type":4110,"hectares":0.392}},{"type":"Feature","id":"ais_par3.141239","geometry":{"type":"Polygon","coordinates":[[[10.2687,54.9232],[10.2685,54.9232],[10.2683,54.9233],[10.2682,54.9233],[10.2682,54.9233],[10.2677,54.9235],[10.2678,54.9236],[10.2682,54.9237],[10.2684,54.9237],[10.2685,54.9238],[10.2688,54.9238],[10.269,54.9238],[10.2692,54.9238],[10.2692,54.9238],[10.2693,54.9236],[10.2693,54.9236],[10.2698,54.9233],[10.2703,54.9235],[10.2705,54.9236],[10.2707,54.9235],[10.27,54.9232],[10.2706,54.9229],[10.2708,54.9227],[10.2703,54.9224],[10.2703,54.9224],[10.27,54.9226],[10.2692,54.9229],[10.2687,54.9232]],[[10.2703,54.9228],[10.2703,54.9228],[10.2703,54.9229],[10.2703,54.9229],[10.2703,54.9229],[10.2702,54.9229],[10.2702,54.9229],[10.2701,54.9229],[10.2701,54.9229],[10.2701,54.9229],[10.2701,54.9229],[10.2702,54.9228],[10.2702,54.9228],[10.2702,54.9228],[10.2703,54.9228]]]},"properties":{"sourceId":"ais_par3.141239","a_type":4110,"hectares":1.21}},{"type":"Feature","id":"ais_par3.141245","geometry":{"type":"Polygon","coordinates":[[[10.3924,54.8773],[10.3924,54.8773],[10.3923,54.8773],[10.3923,54.8773],[10.3923,54.8772],[10.3923,54.8771],[10.3923,54.877],[10.3923,54.8769],[10.3923,54.8767],[10.3922,54.8765],[10.3922,54.8763],[10.3922,54.8761],[10.3921,54.8759],[10.3921,54.8757],[10.3921,54.8755],[10.392,54.8752],[10.392,54.8752],[10.3919,54.8751],[10.3919,54.875],[10.3918,54.8749],[10.3917,54.8749],[10.3916,54.8748],[10.3932,54.8744],[10.393,54.874],[10.3913,54.8745],[10.3904,54.8742],[10.3901,54.874],[10.3901,54.8739],[10.3899,54.8738],[10.3897,54.8736],[10.3896,54.8735],[10.3894,54.8735],[10.389,54.8735],[10.3883,54.8735],[10.3883,54.8736],[10.3875,54.8735],[10.3874,54.8735],[10.3873,54.8734],[10.3872,54.8728],[10.3871,54.8721],[10.3871,54.8721],[10.3871,54.8721],[10.3873,54.872],[10.3872,54.8718],[10.3872,54.8716],[10.3871,54.8709],[10.387,54.8709],[10.3864,54.871],[10.3865,54.8721],[10.3866,54.8727],[10.3867,54.8727],[10.3869,54.8728],[10.387,54.8729],[10.387,54.873],[10.387,54.8733],[10.3871,54.8737],[10.388,54.8737],[10.388,54.8737],[10.3879,54.8738],[10.3874,54.8739],[10.3873,54.8739],[10.3871,54.874],[10.3869,54.874],[10.3867,54.874],[10.3864,54.874],[10.3863,54.874],[10.3861,54.8739],[10.386,54.8739],[10.3859,54.8739],[10.3857,54.8738],[10.3854,54.8737],[10.3852,54.8736],[10.3849,54.8736],[10.3846,54.8736],[10.3843,54.8736],[10.3841,54.8736],[10.3839,54.8736],[10.3837,54.8736],[10.3834,54.8736],[10.3831,54.8736],[10.3827,54.8736],[10.3824,54.8736],[10.3823,54.8736],[10.3823,54.8736],[10.3822,54.8736],[10.3822,54.8736],[10.3822,54.8736],[10.3821,54.8736],[10.382,54.8736],[10.3818,54.8735],[10.3815,54.8735],[10.3813,54.8735],[10.381,54.8734],[10.3809,54.8734],[10.3809,54.8734],[10.3809,54.8734],[10.3809,54.8733],[10.3808,54.8727],[10.3807,54.8717],[10.3807,54.8716],[10.38,54.8715],[10.38,54.8725],[10.3792,54.8725],[10.3791,54.8726],[10.3789,54.8726],[10.3788,54.8726],[10.3786,54.8726],[10.3782,54.8727],[10.3779,54.8729],[10.3776,54.873],[10.3776,54.8731],[10.3774,54.8732],[10.3773,54.8733],[10.3772,54.8735],[10.3772,54.8736],[10.3772,54.8737],[10.3773,54.8739],[10.3774,54.8742],[10.3773,54.8745],[10.3772,54.8747],[10.3769,54.875],[10.3767,54.8753],[10.3764,54.8756],[10.3764,54.8756],[10.376,54.8761],[10.3758,54.8768],[10.3754,54.8775],[10.3757,54.8776],[10.3757,54.8776],[10.376,54.8776],[10.3762,54.8772],[10.3764,54.8769],[10.3766,54.8769],[10.3765,54.8768],[10.3767,54.8766],[10.3768,54.8765],[10.3769,54.8763],[10.377,54.8761],[10.3771,54.876],[10.3775,54.8757],[10.3775,54.8757],[10.3776,54.8757],[10.3789,54.8761],[10.38,54.8764],[10.3804,54.8759],[10.3825,54.8764],[10.3825,54.8764],[10.3825,54.8764],[10.3824,54.8766],[10.3821,54.877],[10.3821,54.877],[10.3814,54.8782],[10.3814,54.8783],[10.3792,54.8776],[10.3766,54.8769],[10.3765,54.8769],[10.3763,54.8778],[10.3759,54.8781],[10.3757,54.8783],[10.3757,54.8784],[10.3757,54.8785],[10.3773,54.8789],[10.3774,54.879],[10.3775,54.879],[10.3775,54.8791],[10.3775,54.8791],[10.3775,54.8792],[10.3775,54.8792],[10.3775,54.8793],[10.3774,54.8794],[10.3773,54.8794],[10.3772,54.8795],[10.3771,54.8796],[10.377,54.8796],[10.3777,54.8798],[10.378,54.8798],[10.3783,54.8799],[10.3786,54.88],[10.3786,54.8802],[10.3786,54.8803],[10.3786,54.8804],[10.3785,54.8805],[10.3784,54.8805],[10.3781,54.8805],[10.3777,54.8804],[10.3773,54.8803],[10.3768,54.8802],[10.3759,54.88],[10.3756,54.8799],[10.3756,54.8802],[10.3756,54.8803],[10.3755,54.8804],[10.3751,54.8807],[10.375,54.8808],[10.375,54.8808],[10.375,54.8808],[10.375,54.8809],[10.375,54.8809],[10.3751,54.8809],[10.3751,54.8809],[10.3759,54.8809],[10.377,54.881],[10.3776,54.881],[10.3776,54.8811],[10.3777,54.8811],[10.3787,54.8814],[10.3791,54.8815],[10.3792,54.8815],[10.3793,54.8815],[10.3794,54.8816],[10.3795,54.8816],[10.3795,54.8816],[10.3797,54.8816],[10.3798,54.8816],[10.3798,54.8816],[10.3799,54.8817],[10.38,54.8817],[10.38,54.8817],[10.3801,54.8817],[10.3804,54.8818],[10.3806,54.8817],[10.3806,54.8817],[10.3807,54.8816],[10.3807,54.8816],[10.3808,54.8815],[10.3809,54.8815],[10.381,54.8813],[10.3819,54.8806],[10.382,54.8806],[10.382,54.8806],[10.384,54.8814],[10.384,54.8814],[10.384,54.8815],[10.3832,54.8821],[10.3832,54.8822],[10.3831,54.8823],[10.3831,54.8824],[10.3831,54.8824],[10.3831,54.8825],[10.3846,54.8823],[10.3855,54.8822],[10.3856,54.8822],[10.3863,54.8821],[10.3863,54.8821],[10.3868,54.8819],[10.3873,54.8816],[10.3876,54.8814],[10.3878,54.8812],[10.3886,54.8807],[10.3888,54.8805],[10.3888,54.8805],[10.3889,54.8805],[10.3891,54.8803],[10.3896,54.8799],[10.3901,54.8794],[10.3903,54.8793],[10.3903,54.8792],[10.3904,54.8791],[10.3905,54.879],[10.3905,54.8789],[10.3906,54.8788],[10.3907,54.8786],[10.3908,54.8785],[10.3909,54.8785],[10.3909,54.8785],[10.3909,54.8785],[10.391,54.8784],[10.3911,54.8784],[10.3911,54.8784],[10.3913,54.8784],[10.3914,54.8784],[10.3915,54.8783],[10.3917,54.8783],[10.3918,54.8782],[10.3918,54.8782],[10.3919,54.8781],[10.392,54.878],[10.3921,54.8779],[10.3922,54.8778],[10.3924,54.8775],[10.3924,54.8773]],[[10.3861,54.8754],[10.3865,54.8752],[10.3869,54.8751],[10.3874,54.8751],[10.3878,54.8751],[10.3881,54.8752],[10.3883,54.8752],[10.3875,54.8759],[10.3874,54.876],[10.3873,54.8761],[10.3868,54.8765],[10.3867,54.8766],[10.3857,54.8763],[10.3852,54.8761],[10.3855,54.8758],[10.3858,54.8755],[10.3861,54.8754]],[[10.3881,54.8797],[10.3881,54.8798],[10.3879,54.88],[10.3878,54.8801],[10.3875,54.8803],[10.3874,54.8804],[10.3871,54.8806],[10.3869,54.8808],[10.3867,54.8809],[10.3865,54.881],[10.3858,54.8811],[10.3854,54.8812],[10.3851,54.8811],[10.385,54.8811],[10.3851,54.881],[10.3859,54.8803],[10.386,54.8802],[10.3862,54.8802],[10.3864,54.8803],[10.3866,54.8803],[10.3867,54.8802],[10.3869,54.88],[10.3871,54.8799],[10.3872,54.8798],[10.3875,54.8796],[10.3877,54.8795],[10.388,54.8795],[10.3882,54.8796],[10.3881,54.8797]],[[10.3826,54.8753],[10.3819,54.8751],[10.3824,54.8746],[10.3825,54.8746],[10.3833,54.8748],[10.3837,54.875],[10.3836,54.8751],[10.3833,54.8755],[10.3826,54.8753]],[[10.3897,54.8739],[10.3886,54.874],[10.3885,54.874],[10.3885,54.8738],[10.3885,54.8737],[10.3885,54.8737],[10.3885,54.8737],[10.3887,54.8737],[10.389,54.8737],[10.3892,54.8737],[10.3893,54.8737],[10.3894,54.8737],[10.3895,54.8738],[10.3896,54.8738],[10.3897,54.8739]]]},"properties":{"sourceId":"ais_par3.141245","a_type":4110,"hectares":74.794}},{"type":"Feature","id":"ais_par3.141275","geometry":{"type":"Polygon","coordinates":[[[10.3153,54.9025],[10.3176,54.9017],[10.3188,54.9014],[10.3187,54.9011],[10.3179,54.9013],[10.3174,54.9014],[10.3172,54.9014],[10.3173,54.9015],[10.3174,54.9015],[10.3175,54.9016],[10.3175,54.9017],[10.3174,54.9017],[10.3173,54.9017],[10.3171,54.9018],[10.3169,54.9018],[10.3168,54.9018],[10.3167,54.9018],[10.3167,54.9018],[10.3167,54.9018],[10.3167,54.9018],[10.3167,54.9018],[10.3162,54.9019],[10.3161,54.902],[10.316,54.902],[10.3159,54.9021],[10.3157,54.9022],[10.3156,54.9023],[10.3154,54.9023],[10.3152,54.9024],[10.3153,54.9025],[10.3153,54.9025]]]},"properties":{"sourceId":"ais_par3.141275","a_type":4110,"hectares":0.64}},{"type":"Feature","id":"ais_par3.141280","geometry":{"type":"Polygon","coordinates":[[[10.3181,54.9024],[10.3182,54.9023],[10.3183,54.9022],[10.3185,54.9021],[10.3189,54.902],[10.3191,54.9019],[10.3191,54.9019],[10.3192,54.9019],[10.3193,54.9019],[10.3195,54.902],[10.3196,54.9021],[10.3197,54.9021],[10.3201,54.9019],[10.3201,54.9017],[10.3198,54.9015],[10.3198,54.9015],[10.3182,54.9023],[10.3176,54.9024],[10.3165,54.9027],[10.3157,54.9029],[10.3153,54.9025],[10.3152,54.9026],[10.3148,54.9029],[10.314,54.903],[10.3128,54.9038],[10.3137,54.9045],[10.3138,54.9045],[10.314,54.9047],[10.314,54.9046],[10.3145,54.9044],[10.3154,54.904],[10.3159,54.9037],[10.3156,54.9034],[10.316,54.9032],[10.3172,54.9029],[10.3176,54.9028],[10.3176,54.9028],[10.3177,54.9027],[10.318,54.9025],[10.3181,54.9024]],[[10.3138,54.9042],[10.3137,54.9041],[10.3136,54.9041],[10.3135,54.904],[10.3134,54.904],[10.3133,54.9039],[10.3134,54.9038],[10.3134,54.9038],[10.3137,54.9036],[10.3139,54.9036],[10.314,54.9036],[10.3141,54.9037],[10.3142,54.9038],[10.3142,54.9039],[10.3142,54.9039],[10.3142,54.904],[10.314,54.9041],[10.3139,54.9041],[10.3139,54.9042],[10.3138,54.9042]]]},"properties":{"sourceId":"ais_par3.141280","a_type":4110,"hectares":3.077}},{"type":"Feature","id":"ais_par3.141482","geometry":{"type":"Polygon","coordinates":[[[10.2516,54.9385],[10.2517,54.9384],[10.2518,54.9383],[10.2518,54.9383],[10.2519,54.9382],[10.2519,54.9381],[10.2519,54.9381],[10.252,54.938],[10.2522,54.9379],[10.2521,54.9378],[10.252,54.9378],[10.2519,54.9377],[10.2518,54.9377],[10.2518,54.9376],[10.2518,54.9376],[10.2518,54.9376],[10.2517,54.9375],[10.2516,54.9375],[10.2513,54.9376],[10.2512,54.9376],[10.2511,54.9376],[10.251,54.9377],[10.2509,54.9378],[10.2509,54.9379],[10.2509,54.9379],[10.2508,54.938],[10.2506,54.9381],[10.2505,54.9382],[10.2504,54.9384],[10.2504,54.9384],[10.2506,54.9385],[10.2508,54.9385],[10.251,54.9385],[10.2511,54.9385],[10.2511,54.9385],[10.2515,54.9386],[10.2516,54.9385]],[[10.2512,54.9378],[10.2514,54.9378],[10.2515,54.9378],[10.2516,54.9379],[10.2516,54.9379],[10.2516,54.938],[10.2515,54.9381],[10.2515,54.9382],[10.2514,54.9382],[10.2514,54.9382],[10.2514,54.9382],[10.2513,54.9382],[10.2512,54.9382],[10.2511,54.9381],[10.251,54.9381],[10.251,54.9381],[10.251,54.938],[10.251,54.938],[10.251,54.9379],[10.251,54.9379],[10.2511,54.9378],[10.2512,54.9378]]]},"properties":{"sourceId":"ais_par3.141482","a_type":4120,"hectares":0.667}},{"type":"Feature","id":"ais_par3.145966","geometry":{"type":"Polygon","coordinates":[[[10.3885,54.8572],[10.3884,54.8572],[10.3884,54.8573],[10.3884,54.8573],[10.3884,54.8574],[10.3885,54.8574],[10.3886,54.8574],[10.3887,54.8573],[10.3887,54.8573],[10.3887,54.8573],[10.3886,54.8572],[10.3885,54.8572],[10.3885,54.8572]]]},"properties":{"sourceId":"ais_par3.145966","a_type":5120,"hectares":0.031}},{"type":"Feature","id":"ais_par3.144835","geometry":{"type":"Polygon","coordinates":[[[10.4353,54.8545],[10.4351,54.8546],[10.435,54.8546],[10.435,54.8547],[10.4351,54.8548],[10.4352,54.8549],[10.4354,54.8549],[10.4358,54.8548],[10.4356,54.8547],[10.4356,54.8546],[10.4356,54.8546],[10.4355,54.8546],[10.4354,54.8545],[10.4353,54.8545]]]},"properties":{"sourceId":"ais_par3.144835","a_type":4120,"hectares":0.145}},{"type":"Feature","id":"ais_par3.143916","geometry":{"type":"Polygon","coordinates":[[[10.4882,54.9596],[10.4881,54.9596],[10.4879,54.9597],[10.4879,54.9597],[10.4879,54.9597],[10.4879,54.9598],[10.4879,54.9598],[10.488,54.9599],[10.488,54.96],[10.488,54.96],[10.488,54.9601],[10.488,54.9602],[10.4881,54.9602],[10.4881,54.9603],[10.489,54.9602],[10.4889,54.9601],[10.4888,54.96],[10.4887,54.9599],[10.4886,54.9598],[10.4884,54.9597],[10.4883,54.9596],[10.4882,54.9596]]]},"properties":{"sourceId":"ais_par3.143916","a_type":4120,"hectares":0.327}},{"type":"Feature","id":"ais_par3.144834","geometry":{"type":"Polygon","coordinates":[[[10.4587,54.8566],[10.4574,54.8564],[10.4572,54.8564],[10.4574,54.8569],[10.4574,54.8569],[10.4575,54.8574],[10.4584,54.8572],[10.4587,54.8571],[10.4587,54.8567],[10.4587,54.8566],[10.4587,54.8566]]]},"properties":{"sourceId":"ais_par3.144834","a_type":4120,"hectares":0.702}},{"type":"Feature","id":"ais_par3.144836","geometry":{"type":"Polygon","coordinates":[[[10.4384,54.8536],[10.4383,54.8537],[10.4382,54.8538],[10.4381,54.8539],[10.438,54.8539],[10.4377,54.8541],[10.4373,54.8542],[10.4361,54.8547],[10.4361,54.8547],[10.4361,54.8548],[10.436,54.8553],[10.436,54.8553],[10.4366,54.8552],[10.4366,54.8551],[10.4368,54.8551],[10.437,54.855],[10.4372,54.8549],[10.4373,54.8549],[10.4375,54.8548],[10.4376,54.8547],[10.4379,54.8546],[10.4381,54.8545],[10.4383,54.8544],[10.4385,54.8543],[10.4386,54.8543],[10.4387,54.8543],[10.4388,54.8543],[10.439,54.8542],[10.4391,54.8541],[10.4392,54.8541],[10.4394,54.8539],[10.4397,54.8538],[10.4398,54.8537],[10.4398,54.8537],[10.4399,54.8536],[10.44,54.8536],[10.4401,54.8536],[10.4403,54.8537],[10.4405,54.8537],[10.4407,54.8538],[10.4409,54.8539],[10.441,54.854],[10.4409,54.8539],[10.4408,54.8537],[10.4407,54.8536],[10.4406,54.8535],[10.4406,54.8535],[10.4405,54.8534],[10.4405,54.8533],[10.4404,54.853],[10.4404,54.8527],[10.4403,54.8526],[10.4403,54.8525],[10.4403,54.8525],[10.4403,54.8524],[10.4403,54.8524],[10.4401,54.8524],[10.4397,54.8526],[10.4394,54.8528],[10.4389,54.8532],[10.4387,54.8533],[10.4387,54.8534],[10.4386,54.8534],[10.4385,54.8535],[10.4384,54.8536]],[[10.4377,54.8543],[10.4377,54.8544],[10.4377,54.8544],[10.4377,54.8544],[10.4376,54.8545],[10.4376,54.8545],[10.4375,54.8545],[10.4375,54.8546],[10.4374,54.8546],[10.4373,54.8546],[10.4373,54.8546],[10.4372,54.8546],[10.4371,54.8546],[10.4371,54.8546],[10.4371,54.8546],[10.4371,54.8545],[10.4371,54.8544],[10.4372,54.8544],[10.4372,54.8544],[10.4373,54.8544],[10.4373,54.8544],[10.4374,54.8543],[10.4374,54.8543],[10.4374,54.8543],[10.4375,54.8542],[10.4376,54.8542],[10.4376,54.8542],[10.4377,54.8543],[10.4377,54.8543],[10.4377,54.8543]],[[10.4402,54.8532],[10.4402,54.8532],[10.4403,54.8532],[10.4404,54.8532],[10.4404,54.8533],[10.4404,54.8533],[10.4403,54.8534],[10.4402,54.8535],[10.4401,54.8535],[10.44,54.8535],[10.44,54.8535],[10.4399,54.8534],[10.4399,54.8533],[10.44,54.8533],[10.4401,54.8533],[10.4402,54.8532],[10.4402,54.8532],[10.4402,54.8532]]]},"properties":{"sourceId":"ais_par3.144836","a_type":4120,"hectares":2.543}},{"type":"Feature","id":"ais_par3.144837","geometry":{"type":"Polygon","coordinates":[[[10.389,54.8737],[10.3887,54.8737],[10.3885,54.8737],[10.3885,54.8737],[10.3885,54.8738],[10.3885,54.874],[10.3886,54.874],[10.3897,54.8739],[10.3896,54.8738],[10.3895,54.8738],[10.3894,54.8737],[10.3893,54.8737],[10.3892,54.8737],[10.389,54.8737]]]},"properties":{"sourceId":"ais_par3.144837","a_type":4120,"hectares":0.211}},{"type":"Feature","id":"ais_par3.144838","geometry":{"type":"Polygon","coordinates":[[[10.3831,54.8835],[10.3829,54.8836],[10.3828,54.8837],[10.3826,54.8839],[10.383,54.8838],[10.3833,54.8838],[10.3835,54.8837],[10.3838,54.8838],[10.3838,54.8837],[10.3839,54.8835],[10.3838,54.8834],[10.3837,54.8835],[10.3836,54.8835],[10.3835,54.8835],[10.3834,54.8835],[10.3834,54.8834],[10.3833,54.8834],[10.3831,54.8835]]]},"properties":{"sourceId":"ais_par3.144838","a_type":4120,"hectares":0.225}},{"type":"Feature","id":"ais_par3.144839","geometry":{"type":"Polygon","coordinates":[[[10.3852,54.8734],[10.3848,54.8734],[10.384,54.8735],[10.3832,54.8735],[10.3823,54.8735],[10.3819,54.8735],[10.3817,54.8734],[10.3813,54.8733],[10.3809,54.8733],[10.3809,54.8733],[10.3809,54.8734],[10.3809,54.8734],[10.3809,54.8734],[10.381,54.8734],[10.3813,54.8735],[10.3815,54.8735],[10.3818,54.8735],[10.382,54.8736],[10.3821,54.8736],[10.3822,54.8736],[10.3822,54.8736],[10.3822,54.8736],[10.3823,54.8736],[10.3823,54.8736],[10.3824,54.8736],[10.3827,54.8736],[10.3831,54.8736],[10.3834,54.8736],[10.3837,54.8736],[10.3839,54.8736],[10.3841,54.8736],[10.3843,54.8736],[10.3846,54.8736],[10.3849,54.8736],[10.3852,54.8736],[10.3854,54.8737],[10.3857,54.8738],[10.3859,54.8739],[10.386,54.8739],[10.3861,54.8739],[10.3863,54.874],[10.3864,54.874],[10.3867,54.874],[10.3869,54.874],[10.3871,54.874],[10.3873,54.8739],[10.3874,54.8739],[10.3879,54.8738],[10.388,54.8737],[10.388,54.8737],[10.3871,54.8737],[10.3869,54.8738],[10.3863,54.8738],[10.3863,54.8737],[10.3856,54.8736],[10.3852,54.8734]]]},"properties":{"sourceId":"ais_par3.144839","a_type":4120,"hectares":0.758}},{"type":"Feature","id":"ais_par3.144840","geometry":{"type":"Polygon","coordinates":[[[10.4297,54.8546],[10.4296,54.8547],[10.4297,54.8547],[10.4298,54.8548],[10.4299,54.8548],[10.4302,54.8549],[10.4304,54.855],[10.4305,54.8551],[10.4307,54.8552],[10.4308,54.8553],[10.431,54.8552],[10.4307,54.8549],[10.4307,54.8548],[10.4307,54.8547],[10.4308,54.8546],[10.4308,54.8545],[10.4306,54.8544],[10.4297,54.8546]]]},"properties":{"sourceId":"ais_par3.144840","a_type":4120,"hectares":0.38}},{"type":"Feature","id":"ais_par3.144841","geometry":{"type":"Polygon","coordinates":[[[10.414,54.8587],[10.414,54.8587],[10.414,54.859],[10.414,54.859],[10.4157,54.8589],[10.4154,54.8584],[10.414,54.8587]]]},"properties":{"sourceId":"ais_par3.144841","a_type":4120,"hectares":0.441}},{"type":"Feature","id":"ais_par3.144842","geometry":{"type":"Polygon","coordinates":[[[10.2284,54.9555],[10.2284,54.9556],[10.2284,54.9556],[10.2285,54.9557],[10.2286,54.9557],[10.2287,54.9558],[10.2289,54.9558],[10.2286,54.9557],[10.2284,54.9555]]]},"properties":{"sourceId":"ais_par3.144842","a_type":4120,"hectares":0.032}},{"type":"Feature","id":"ais_par3.144843","geometry":{"type":"Polygon","coordinates":[[[10.2762,54.932],[10.2762,54.932],[10.2761,54.932],[10.2761,54.9321],[10.2762,54.9322],[10.2763,54.9322],[10.2766,54.9321],[10.2765,54.932],[10.2764,54.9319],[10.2762,54.932]]]},"properties":{"sourceId":"ais_par3.144843","a_type":4120,"hectares":0.062}},{"type":"Feature","id":"ais_par3.144844","geometry":{"type":"Polygon","coordinates":[[[10.2758,54.9197],[10.2756,54.9197],[10.2757,54.9197],[10.2757,54.9199],[10.2759,54.9199],[10.2761,54.9201],[10.2758,54.9202],[10.2758,54.9203],[10.276,54.9203],[10.2764,54.9203],[10.2764,54.9203],[10.2761,54.9196],[10.2761,54.9196],[10.276,54.9196],[10.2759,54.9196],[10.2758,54.9197]]]},"properties":{"sourceId":"ais_par3.144844","a_type":4120,"hectares":0.197}},{"type":"Feature","id":"ais_par3.144845","geometry":{"type":"Polygon","coordinates":[[[10.3103,54.9052],[10.3102,54.9052],[10.3102,54.9052],[10.3102,54.9053],[10.3101,54.9053],[10.31,54.9054],[10.31,54.9054],[10.3101,54.9054],[10.3102,54.9055],[10.3102,54.9056],[10.3102,54.9056],[10.3103,54.9057],[10.3101,54.9058],[10.3101,54.9058],[10.31,54.9058],[10.3099,54.9058],[10.3098,54.9058],[10.3096,54.9059],[10.3096,54.906],[10.3095,54.906],[10.3094,54.9061],[10.3094,54.9062],[10.3093,54.9062],[10.3092,54.9063],[10.3091,54.9063],[10.3089,54.9064],[10.3088,54.9064],[10.3087,54.9064],[10.3085,54.9065],[10.3085,54.9065],[10.3084,54.9066],[10.3084,54.9067],[10.3083,54.9068],[10.3083,54.9069],[10.3083,54.9069],[10.3083,54.907],[10.3084,54.907],[10.3085,54.9071],[10.3087,54.907],[10.3089,54.9069],[10.3092,54.9067],[10.3093,54.9066],[10.3097,54.9064],[10.31,54.9063],[10.3102,54.9062],[10.3102,54.9062],[10.3103,54.9061],[10.3109,54.9057],[10.3109,54.9057],[10.311,54.9056],[10.311,54.9056],[10.3108,54.9054],[10.3112,54.9052],[10.3114,54.905],[10.3116,54.9052],[10.3116,54.9052],[10.3117,54.9051],[10.3118,54.9051],[10.3118,54.9051],[10.3119,54.905],[10.3119,54.9049],[10.3119,54.9048],[10.3118,54.9047],[10.3117,54.9047],[10.3117,54.9046],[10.3116,54.9046],[10.3115,54.9045],[10.3114,54.9046],[10.3112,54.9046],[10.3112,54.9046],[10.3109,54.9048],[10.3108,54.9049],[10.3103,54.9052]],[[10.3117,54.905],[10.3116,54.905],[10.3115,54.905],[10.3114,54.905],[10.3115,54.9049],[10.3116,54.9049],[10.3117,54.9049],[10.3118,54.9049],[10.3117,54.905]]]},"properties":{"sourceId":"ais_par3.144845","a_type":4120,"hectares":1.467}},{"type":"Feature","id":"ais_par3.144846","geometry":{"type":"Polygon","coordinates":[[[10.3134,54.9038],[10.3134,54.9038],[10.3133,54.9039],[10.3134,54.904],[10.3135,54.904],[10.3136,54.9041],[10.3137,54.9041],[10.3138,54.9042],[10.3139,54.9042],[10.3139,54.9041],[10.314,54.9041],[10.3142,54.904],[10.3142,54.9039],[10.3142,54.9039],[10.3142,54.9038],[10.3141,54.9037],[10.314,54.9036],[10.3139,54.9036],[10.3137,54.9036],[10.3134,54.9038]]]},"properties":{"sourceId":"ais_par3.144846","a_type":4120,"hectares":0.22}},{"type":"Feature","id":"ais_par3.144847","geometry":{"type":"Polygon","coordinates":[[[10.3169,54.9011],[10.316,54.9013],[10.3161,54.9015],[10.3162,54.9016],[10.3161,54.9017],[10.316,54.9018],[10.3149,54.902],[10.315,54.9021],[10.3152,54.9024],[10.3154,54.9023],[10.3155,54.9022],[10.3155,54.9022],[10.3156,54.9021],[10.3157,54.9021],[10.3158,54.902],[10.316,54.9019],[10.3161,54.9019],[10.3162,54.9019],[10.3167,54.9018],[10.3167,54.9018],[10.3167,54.9018],[10.3167,54.9018],[10.3167,54.9018],[10.3168,54.9017],[10.3169,54.9016],[10.317,54.9016],[10.3171,54.9015],[10.3173,54.9015],[10.3172,54.9014],[10.3171,54.9013],[10.3169,54.9011]]]},"properties":{"sourceId":"ais_par3.144847","a_type":4120,"hectares":0.653}},{"type":"Feature","id":"ais_par3.144848","geometry":{"type":"Polygon","coordinates":[[[10.3196,54.9021],[10.3195,54.902],[10.3193,54.9019],[10.3193,54.9019],[10.3192,54.9019],[10.3191,54.9019],[10.3191,54.9019],[10.3189,54.902],[10.3185,54.9021],[10.3183,54.9022],[10.3182,54.9023],[10.3181,54.9024],[10.318,54.9025],[10.3177,54.9027],[10.3176,54.9028],[10.3188,54.9025],[10.3193,54.9023],[10.3197,54.9021],[10.3196,54.9021]],[[10.3192,54.9021],[10.3191,54.9021],[10.3191,54.9022],[10.319,54.9023],[10.3188,54.9024],[10.3188,54.9024],[10.3186,54.9025],[10.3185,54.9025],[10.3184,54.9025],[10.3183,54.9025],[10.3183,54.9025],[10.3182,54.9024],[10.3183,54.9024],[10.3183,54.9023],[10.3184,54.9022],[10.3186,54.9022],[10.3188,54.9021],[10.319,54.9021],[10.3191,54.902],[10.3191,54.9021],[10.3192,54.9021]]]},"properties":{"sourceId":"ais_par3.144848","a_type":4120,"hectares":0.301}},{"type":"Feature","id":"ais_par3.144849","geometry":{"type":"Polygon","coordinates":[[[10.3849,54.8618],[10.3848,54.8618],[10.3847,54.8617],[10.3845,54.8617],[10.3843,54.8618],[10.3845,54.8618],[10.3847,54.8618],[10.3848,54.8618],[10.3849,54.8618],[10.3849,54.8619],[10.3849,54.862],[10.3848,54.862],[10.3848,54.8621],[10.3847,54.8621],[10.3846,54.8621],[10.3844,54.8622],[10.3842,54.8622],[10.3841,54.8622],[10.384,54.8622],[10.3839,54.8621],[10.3837,54.8621],[10.3836,54.8621],[10.3835,54.8621],[10.3835,54.8621],[10.3835,54.8621],[10.3834,54.8621],[10.3834,54.862],[10.3834,54.862],[10.3835,54.862],[10.3836,54.8619],[10.3838,54.8619],[10.384,54.8618],[10.3842,54.8618],[10.384,54.8618],[10.3836,54.8619],[10.3833,54.8619],[10.3832,54.8619],[10.3832,54.862],[10.3832,54.862],[10.3832,54.8621],[10.3833,54.8622],[10.3833,54.8622],[10.3834,54.8622],[10.3836,54.8622],[10.3838,54.8622],[10.3842,54.8623],[10.3845,54.8622],[10.3847,54.8622],[10.3847,54.8622],[10.3847,54.8621],[10.3849,54.8621],[10.3851,54.862],[10.3851,54.8619],[10.3853,54.8619],[10.3853,54.8619],[10.3852,54.8618],[10.3851,54.8618],[10.3849,54.8618]]]},"properties":{"sourceId":"ais_par3.144849","a_type":4120,"hectares":0.234}},{"type":"Feature","id":"ais_par3.144850","geometry":{"type":"Polygon","coordinates":[[[10.2778,54.9032],[10.2776,54.9031],[10.2775,54.9032],[10.2774,54.9033],[10.2774,54.9033],[10.2781,54.9036],[10.2782,54.9037],[10.2782,54.9037],[10.2782,54.9036],[10.2782,54.9036],[10.2782,54.9035],[10.2782,54.9034],[10.2782,54.9034],[10.2781,54.9033],[10.2778,54.9032]]]},"properties":{"sourceId":"ais_par3.144850","a_type":4120,"hectares":0.159}},{"type":"Feature","id":"ais_par3.144851","geometry":{"type":"Polygon","coordinates":[[[10.2984,54.8968],[10.2982,54.8968],[10.2982,54.8968],[10.2984,54.8969],[10.2985,54.8969],[10.2986,54.8969],[10.2987,54.8969],[10.2989,54.8969],[10.2987,54.8967],[10.2987,54.8967],[10.2986,54.8967],[10.2984,54.8968]]]},"properties":{"sourceId":"ais_par3.144851","a_type":4120,"hectares":0.059}},{"type":"Feature","id":"ais_par3.144852","geometry":{"type":"Polygon","coordinates":[[[10.3003,54.8959],[10.3001,54.896],[10.3,54.8961],[10.3,54.8961],[10.2998,54.8962],[10.2997,54.8962],[10.2996,54.8962],[10.2995,54.8963],[10.2994,54.8963],[10.2995,54.8964],[10.2994,54.8965],[10.2994,54.8965],[10.2994,54.8965],[10.2995,54.8965],[10.3,54.8963],[10.3004,54.8961],[10.3004,54.8961],[10.301,54.8959],[10.3015,54.8958],[10.3022,54.8956],[10.3022,54.8956],[10.3022,54.8956],[10.3021,54.8955],[10.3021,54.8955],[10.302,54.8954],[10.302,54.8953],[10.302,54.8953],[10.3017,54.8953],[10.3015,54.8954],[10.3011,54.8955],[10.3008,54.8956],[10.3005,54.8958],[10.3003,54.8959]],[[10.3018,54.8955],[10.3017,54.8956],[10.3016,54.8957],[10.3014,54.8957],[10.3012,54.8958],[10.3009,54.8959],[10.3007,54.896],[10.3006,54.896],[10.3006,54.896],[10.3005,54.896],[10.3005,54.8959],[10.3006,54.8958],[10.3007,54.8957],[10.3008,54.8956],[10.3011,54.8955],[10.3012,54.8955],[10.3013,54.8955],[10.3013,54.8954],[10.3014,54.8954],[10.3014,54.8954],[10.3015,54.8954],[10.3016,54.8954],[10.3017,54.8954],[10.3018,54.8954],[10.3018,54.8955]],[[10.2995,54.8964],[10.2995,54.8964],[10.2995,54.8963],[10.2996,54.8963],[10.2996,54.8963],[10.2997,54.8963],[10.2998,54.8963],[10.2999,54.8963],[10.3,54.8962],[10.2999,54.8963],[10.2999,54.8963],[10.2997,54.8964],[10.2996,54.8964],[10.2996,54.8964],[10.2995,54.8964]]]},"properties":{"sourceId":"ais_par3.144852","a_type":4120,"hectares":0.346}},{"type":"Feature","id":"ais_par3.144853","geometry":{"type":"Polygon","coordinates":[[[10.2946,54.8984],[10.294,54.8987],[10.2938,54.8988],[10.2938,54.8989],[10.2934,54.8991],[10.2933,54.8991],[10.293,54.8993],[10.293,54.8993],[10.2932,54.8993],[10.2933,54.8992],[10.2935,54.8991],[10.2936,54.899],[10.2938,54.899],[10.294,54.899],[10.2941,54.8989],[10.2949,54.8988],[10.2953,54.8986],[10.2956,54.8986],[10.2957,54.8986],[10.2957,54.8986],[10.2958,54.8986],[10.2966,54.8983],[10.2966,54.8982],[10.2965,54.8981],[10.2964,54.8981],[10.2964,54.898],[10.2962,54.8981],[10.2959,54.8981],[10.2957,54.8982],[10.2956,54.8982],[10.2955,54.8982],[10.2955,54.8982],[10.2956,54.8981],[10.2957,54.8979],[10.2958,54.8979],[10.2957,54.8978],[10.2955,54.8978],[10.2954,54.8978],[10.2953,54.8978],[10.2951,54.8979],[10.295,54.898],[10.2949,54.898],[10.2949,54.898],[10.2948,54.8981],[10.2946,54.8982],[10.2945,54.8983],[10.2946,54.8984],[10.2946,54.8984]],[[10.2956,54.8979],[10.2956,54.8979],[10.2955,54.898],[10.2954,54.8981],[10.2953,54.8982],[10.2952,54.8983],[10.295,54.8983],[10.2949,54.8983],[10.2948,54.8983],[10.2948,54.8983],[10.2948,54.8982],[10.2949,54.8981],[10.2951,54.898],[10.2953,54.8979],[10.2954,54.8978],[10.2955,54.8979],[10.2956,54.8979]],[[10.2962,54.8982],[10.2963,54.8983],[10.2963,54.8983],[10.2962,54.8983],[10.2961,54.8984],[10.2959,54.8984],[10.2958,54.8985],[10.2955,54.8985],[10.2955,54.8985],[10.2954,54.8985],[10.2954,54.8985],[10.2954,54.8985],[10.2955,54.8984],[10.2956,54.8983],[10.2957,54.8982],[10.2957,54.8982],[10.2959,54.8983],[10.296,54.8983],[10.2961,54.8983],[10.2961,54.8983],[10.2962,54.8982]]]},"properties":{"sourceId":"ais_par3.144853","a_type":4120,"hectares":0.796}},{"type":"Feature","id":"ais_par3.144854","geometry":{"type":"Polygon","coordinates":[[[10.3131,54.8929],[10.3131,54.8928],[10.313,54.8928],[10.313,54.8927],[10.3129,54.8927],[10.3123,54.8925],[10.3122,54.8925],[10.3122,54.8925],[10.3121,54.8925],[10.3121,54.8925],[10.312,54.8925],[10.312,54.8926],[10.3121,54.8926],[10.3125,54.8929],[10.3126,54.8929],[10.3126,54.8929],[10.3126,54.8929],[10.3131,54.8933],[10.3131,54.8933],[10.3133,54.8935],[10.3134,54.8936],[10.3137,54.8939],[10.3138,54.8939],[10.3141,54.8938],[10.314,54.8937],[10.3139,54.8937],[10.3138,54.8937],[10.3137,54.8936],[10.3135,54.8933],[10.3131,54.8929]],[[10.3127,54.8928],[10.3126,54.8928],[10.3126,54.8928],[10.3126,54.8927],[10.3126,54.8927],[10.3127,54.8927],[10.3127,54.8927],[10.3128,54.8927],[10.3128,54.8927],[10.3128,54.8927],[10.3129,54.8927],[10.3129,54.8927],[10.313,54.8928],[10.313,54.8928],[10.313,54.8928],[10.3131,54.8928],[10.3131,54.8929],[10.3131,54.8929],[10.3131,54.893],[10.3131,54.893],[10.3131,54.893],[10.3129,54.893],[10.3129,54.893],[10.3128,54.893],[10.3128,54.8929],[10.3127,54.8929],[10.3127,54.8929],[10.3127,54.8928],[10.3127,54.8928]]]},"properties":{"sourceId":"ais_par3.144854","a_type":4120,"hectares":0.375}},{"type":"Feature","id":"ais_par3.144855","geometry":{"type":"Polygon","coordinates":[[[10.332,54.874],[10.332,54.874],[10.332,54.874],[10.332,54.8742],[10.3319,54.8743],[10.332,54.8743],[10.3321,54.8743],[10.3322,54.8743],[10.3323,54.8742],[10.3325,54.8742],[10.3326,54.8742],[10.3327,54.8741],[10.3331,54.8739],[10.3332,54.8737],[10.3332,54.8737],[10.3332,54.8737],[10.3331,54.8736],[10.3331,54.8736],[10.3331,54.8736],[10.333,54.8736],[10.3329,54.8736],[10.3328,54.8737],[10.3327,54.8737],[10.3322,54.8739],[10.332,54.874]]]},"properties":{"sourceId":"ais_par3.144855","a_type":4120,"hectares":0.299}},{"type":"Feature","id":"ais_par3.144856","geometry":{"type":"Polygon","coordinates":[[[10.3856,54.851],[10.3851,54.851],[10.3851,54.8513],[10.3851,54.8513],[10.3852,54.8513],[10.3854,54.8513],[10.3857,54.8513],[10.3858,54.8512],[10.3858,54.8512],[10.3859,54.8512],[10.3858,54.8511],[10.3857,54.851],[10.3856,54.851],[10.3856,54.851],[10.3856,54.851]]]},"properties":{"sourceId":"ais_par3.144856","a_type":4120,"hectares":0.144}},{"type":"Feature","id":"ais_par3.144857","geometry":{"type":"Polygon","coordinates":[[[10.3963,54.8307],[10.3966,54.831],[10.3968,54.8309],[10.3966,54.8306],[10.3963,54.8307]]]},"properties":{"sourceId":"ais_par3.144857","a_type":4120,"hectares":0.072}},{"type":"Feature","id":"ais_par3.144858","geometry":{"type":"Polygon","coordinates":[[[10.4147,54.8224],[10.4143,54.8227],[10.4142,54.8227],[10.4144,54.823],[10.4145,54.823],[10.4147,54.823],[10.4148,54.823],[10.4149,54.823],[10.415,54.823],[10.4152,54.823],[10.4153,54.823],[10.4153,54.823],[10.4152,54.8225],[10.4152,54.8225],[10.4152,54.8225],[10.4156,54.8225],[10.4158,54.8225],[10.416,54.8225],[10.4158,54.8222],[10.4151,54.8223],[10.4147,54.8224]]]},"properties":{"sourceId":"ais_par3.144858","a_type":4120,"hectares":0.492}},{"type":"Feature","id":"ais_par3.144859","geometry":{"type":"Polygon","coordinates":[[[10.3642,54.8928],[10.3642,54.8928],[10.364,54.8928],[10.3639,54.8929],[10.3639,54.8929],[10.3638,54.8929],[10.3636,54.8929],[10.3634,54.893],[10.3633,54.8931],[10.3634,54.8932],[10.3635,54.8932],[10.3636,54.8932],[10.3639,54.8932],[10.3642,54.8932],[10.3651,54.8931],[10.3651,54.8931],[10.3651,54.8931],[10.3651,54.893],[10.3651,54.893],[10.3651,54.8929],[10.3651,54.8928],[10.3651,54.8928],[10.3651,54.8927],[10.365,54.8927],[10.365,54.8926],[10.365,54.8926],[10.3643,54.8928],[10.3642,54.8928]]]},"properties":{"sourceId":"ais_par3.144859","a_type":4120,"hectares":0.435}},{"type":"Feature","id":"ais_par3.144860","geometry":{"type":"Polygon","coordinates":[[[10.3871,54.8887],[10.387,54.8888],[10.3869,54.8888],[10.3868,54.8888],[10.3868,54.8888],[10.3868,54.8889],[10.3868,54.8889],[10.3868,54.8889],[10.3868,54.889],[10.3869,54.889],[10.387,54.889],[10.3871,54.889],[10.3872,54.889],[10.3872,54.889],[10.3873,54.889],[10.3874,54.889],[10.3876,54.889],[10.3876,54.8889],[10.3876,54.8889],[10.3876,54.8888],[10.3875,54.8888],[10.3875,54.8888],[10.3874,54.8888],[10.3873,54.8887],[10.3873,54.8887],[10.3871,54.8887]],[[10.3869,54.889],[10.3868,54.8889],[10.3869,54.8889],[10.387,54.8888],[10.3871,54.8889],[10.3872,54.8889],[10.3872,54.8889],[10.3873,54.8889],[10.3873,54.8889],[10.3872,54.889],[10.3869,54.889]]]},"properties":{"sourceId":"ais_par3.144860","a_type":4120,"hectares":0.09}},{"type":"Feature","id":"ais_par3.144861","geometry":{"type":"Polygon","coordinates":[[[10.2246,54.9571],[10.2244,54.957],[10.2243,54.957],[10.2241,54.9571],[10.224,54.9571],[10.2239,54.9572],[10.2242,54.9574],[10.2243,54.9575],[10.2243,54.9575],[10.2243,54.9576],[10.2242,54.9577],[10.2242,54.9579],[10.224,54.958],[10.224,54.958],[10.2239,54.958],[10.2239,54.958],[10.2239,54.958],[10.2242,54.9582],[10.2247,54.9586],[10.2249,54.9588],[10.225,54.9588],[10.2251,54.9587],[10.2252,54.9587],[10.2252,54.9586],[10.2252,54.9586],[10.2252,54.9585],[10.2251,54.9585],[10.2251,54.9585],[10.2251,54.9584],[10.2251,54.9584],[10.2251,54.9584],[10.225,54.9583],[10.2249,54.9582],[10.2248,54.9581],[10.2248,54.958],[10.2248,54.9579],[10.2248,54.9579],[10.2252,54.9576],[10.2253,54.9576],[10.2253,54.9575],[10.2253,54.9575],[10.2252,54.9575],[10.2252,54.9574],[10.2251,54.9573],[10.2251,54.9573],[10.2251,54.9573],[10.225,54.9573],[10.2249,54.9573],[10.2249,54.9573],[10.2247,54.9572],[10.2246,54.9571]],[[10.2248,54.9584],[10.2248,54.9585],[10.2247,54.9585],[10.2246,54.9584],[10.2245,54.9584],[10.2244,54.9583],[10.2243,54.9583],[10.2243,54.9582],[10.2242,54.9582],[10.2241,54.9581],[10.2241,54.958],[10.2242,54.958],[10.2243,54.9579],[10.2243,54.9579],[10.2244,54.9578],[10.2244,54.9578],[10.2245,54.9578],[10.2245,54.9578],[10.2245,54.9579],[10.2247,54.9581],[10.2248,54.9583],[10.2248,54.9584]]]},"properties":{"sourceId":"ais_par3.144861","a_type":4120,"hectares":0.735}},{"type":"Feature","id":"ais_par3.144862","geometry":{"type":"Polygon","coordinates":[[[10.2484,54.9418],[10.2483,54.9419],[10.2482,54.942],[10.2483,54.942],[10.2483,54.9421],[10.2484,54.9421],[10.2486,54.9422],[10.2488,54.9422],[10.249,54.9421],[10.2491,54.942],[10.249,54.9419],[10.249,54.9418],[10.2489,54.9417],[10.2487,54.9417],[10.2486,54.9417],[10.2486,54.9417],[10.2484,54.9418]]]},"properties":{"sourceId":"ais_par3.144862","a_type":4120,"hectares":0.194}},{"type":"Feature","id":"ais_par3.144863","geometry":{"type":"Polygon","coordinates":[[[10.2464,54.9373],[10.2464,54.9375],[10.2464,54.9376],[10.2464,54.9377],[10.2466,54.9377],[10.2467,54.9377],[10.2467,54.9376],[10.2469,54.9376],[10.2473,54.9375],[10.2472,54.9374],[10.2469,54.9372],[10.2464,54.9373]]]},"properties":{"sourceId":"ais_par3.144863","a_type":4120,"hectares":0.188}},{"type":"Feature","id":"ais_par3.144864","geometry":{"type":"Polygon","coordinates":[[[10.255,54.9393],[10.2546,54.9392],[10.2546,54.9394],[10.2549,54.9394],[10.2551,54.9394],[10.2551,54.9394],[10.2553,54.9394],[10.2552,54.9394],[10.2552,54.9393],[10.2551,54.9393],[10.2551,54.9393],[10.255,54.9393]]]},"properties":{"sourceId":"ais_par3.144864","a_type":4120,"hectares":0.071}},{"type":"Feature","id":"ais_par3.144865","geometry":{"type":"Polygon","coordinates":[[[10.2578,54.9338],[10.2572,54.9334],[10.2575,54.9336],[10.2573,54.9337],[10.2571,54.9337],[10.2571,54.9337],[10.257,54.9336],[10.2571,54.9337],[10.2576,54.9339],[10.2577,54.9339],[10.2578,54.9338]]]},"properties":{"sourceId":"ais_par3.144865","a_type":4120,"hectares":0.092}},{"type":"Feature","id":"ais_par3.144866","geometry":{"type":"Polygon","coordinates":[[[10.2738,54.9273],[10.2737,54.9273],[10.2735,54.9274],[10.2735,54.9274],[10.2735,54.9274],[10.2736,54.9275],[10.2736,54.9276],[10.2736,54.9276],[10.2736,54.9276],[10.2736,54.9277],[10.2735,54.9277],[10.2733,54.9278],[10.2736,54.928],[10.2736,54.928],[10.2737,54.928],[10.2737,54.928],[10.2738,54.9279],[10.2738,54.9279],[10.2738,54.9278],[10.2738,54.9278],[10.2738,54.9277],[10.2738,54.9277],[10.2738,54.9277],[10.2739,54.9276],[10.2739,54.9276],[10.274,54.9276],[10.2741,54.9276],[10.2743,54.9276],[10.2745,54.9275],[10.2745,54.9275],[10.2747,54.9275],[10.2748,54.9274],[10.275,54.9273],[10.2751,54.9272],[10.2752,54.9272],[10.2752,54.9271],[10.2753,54.9271],[10.2754,54.927],[10.2754,54.927],[10.2754,54.9269],[10.2754,54.9269],[10.2754,54.9268],[10.2755,54.9268],[10.2756,54.9268],[10.2756,54.9267],[10.2757,54.9267],[10.2757,54.9267],[10.2755,54.9267],[10.2753,54.9268],[10.2751,54.9269],[10.2749,54.927],[10.2748,54.927],[10.2748,54.927],[10.2747,54.9271],[10.2747,54.9271],[10.2746,54.9271],[10.2746,54.9272],[10.2745,54.9272],[10.2745,54.9272],[10.2744,54.9272],[10.2744,54.9272],[10.2744,54.9272],[10.2744,54.9273],[10.2743,54.9273],[10.2742,54.9273],[10.274,54.9273],[10.2739,54.9273],[10.2738,54.9273]]]},"properties":{"sourceId":"ais_par3.144866","a_type":4120,"hectares":0.52}},{"type":"Feature","id":"ais_par3.144867","geometry":{"type":"Polygon","coordinates":[[[10.3001,54.9215],[10.3,54.9215],[10.3001,54.9216],[10.3003,54.9216],[10.3004,54.9216],[10.3005,54.9216],[10.3006,54.9215],[10.3006,54.9214],[10.3006,54.9213],[10.3006,54.9213],[10.3006,54.9213],[10.3005,54.9212],[10.3005,54.9212],[10.3001,54.9215]]]},"properties":{"sourceId":"ais_par3.144867","a_type":4120,"hectares":0.099}},{"type":"Feature","id":"ais_par3.144868","geometry":{"type":"Polygon","coordinates":[[[10.2999,54.918],[10.2997,54.918],[10.2996,54.9181],[10.2995,54.9181],[10.2995,54.9181],[10.2992,54.918],[10.2986,54.9183],[10.2988,54.9184],[10.2985,54.9188],[10.299,54.9189],[10.299,54.9189],[10.2992,54.9187],[10.2995,54.9189],[10.2997,54.9187],[10.3,54.9185],[10.3002,54.9185],[10.3002,54.9185],[10.3002,54.9185],[10.3002,54.9184],[10.3003,54.9183],[10.3003,54.9182],[10.3004,54.9181],[10.3005,54.918],[10.3006,54.918],[10.3006,54.9179],[10.3006,54.9178],[10.3005,54.9177],[10.3004,54.9177],[10.3004,54.9177],[10.3002,54.9177],[10.3,54.9179],[10.2999,54.918]],[[10.3003,54.9178],[10.3004,54.9178],[10.3005,54.9178],[10.3004,54.9178],[10.3004,54.9179],[10.3002,54.9179],[10.3001,54.9179],[10.3002,54.9178],[10.3003,54.9178]],[[10.299,54.9184],[10.2991,54.9184],[10.2992,54.9185],[10.2991,54.9186],[10.2991,54.9186],[10.2991,54.9186],[10.299,54.9186],[10.299,54.9186],[10.2989,54.9186],[10.2989,54.9187],[10.2989,54.9187],[10.2989,54.9187],[10.2989,54.9188],[10.2989,54.9188],[10.2988,54.9188],[10.2987,54.9188],[10.2987,54.9188],[10.2987,54.9187],[10.2987,54.9187],[10.2988,54.9186],[10.2988,54.9186],[10.2988,54.9186],[10.2988,54.9185],[10.2989,54.9185],[10.2989,54.9184],[10.2989,54.9184],[10.299,54.9184]],[[10.2995,54.9183],[10.2994,54.9184],[10.2993,54.9184],[10.2992,54.9184],[10.2992,54.9184],[10.2992,54.9184],[10.2991,54.9183],[10.2992,54.9183],[10.2993,54.9183],[10.2993,54.9183],[10.2994,54.9182],[10.2995,54.9182],[10.2996,54.9182],[10.2996,54.9182],[10.2996,54.9183],[10.2995,54.9183]]]},"properties":{"sourceId":"ais_par3.144868","a_type":4120,"hectares":0.759}},{"type":"Feature","id":"ais_par3.144869","geometry":{"type":"Polygon","coordinates":[[[10.2987,54.9192],[10.2983,54.9193],[10.2981,54.9193],[10.298,54.9194],[10.2982,54.9195],[10.2993,54.9196],[10.2994,54.9194],[10.2993,54.9193],[10.2988,54.9192],[10.2987,54.9192]],[[10.2986,54.9194],[10.2987,54.9194],[10.2987,54.9194],[10.2986,54.9194],[10.2986,54.9194],[10.2985,54.9194],[10.2985,54.9194],[10.2986,54.9194]]]},"properties":{"sourceId":"ais_par3.144869","a_type":4120,"hectares":0.254}},{"type":"Feature","id":"ais_par3.144886","geometry":{"type":"Polygon","coordinates":[[[10.3633,54.8778],[10.3632,54.8778],[10.3631,54.8778],[10.3633,54.8781],[10.3635,54.878],[10.3641,54.8783],[10.3642,54.8783],[10.3643,54.8784],[10.3644,54.8785],[10.3644,54.8785],[10.3654,54.879],[10.3655,54.8791],[10.3657,54.8791],[10.366,54.8791],[10.3661,54.8792],[10.3669,54.8795],[10.3669,54.8795],[10.367,54.8795],[10.3671,54.8794],[10.3671,54.8794],[10.3671,54.8794],[10.3669,54.8794],[10.3668,54.8794],[10.3664,54.8792],[10.3663,54.8792],[10.3661,54.879],[10.366,54.879],[10.3659,54.879],[10.3656,54.879],[10.3655,54.879],[10.3654,54.8789],[10.3651,54.8787],[10.3644,54.8783],[10.3637,54.8778],[10.3637,54.8778],[10.3637,54.8778],[10.3637,54.8777],[10.3636,54.8777],[10.3635,54.8777],[10.3634,54.8777],[10.3633,54.8778]]]},"properties":{"sourceId":"ais_par3.144886","a_type":4120,"hectares":0.427}},{"type":"Feature","id":"ais_par3.144870","geometry":{"type":"Polygon","coordinates":[[[10.3002,54.9101],[10.3002,54.9102],[10.3,54.9103],[10.2997,54.9106],[10.2996,54.9107],[10.2994,54.9109],[10.2993,54.911],[10.2989,54.9112],[10.2978,54.9116],[10.2986,54.912],[10.2986,54.912],[10.2988,54.9119],[10.2991,54.9117],[10.2992,54.9117],[10.2994,54.9116],[10.2996,54.9115],[10.2996,54.9115],[10.2997,54.9114],[10.2999,54.9114],[10.3001,54.9114],[10.3004,54.9114],[10.3004,54.9113],[10.3005,54.9113],[10.3005,54.9113],[10.3007,54.9112],[10.3008,54.9111],[10.3009,54.911],[10.301,54.9109],[10.301,54.9108],[10.3011,54.9107],[10.3012,54.9106],[10.3014,54.9105],[10.3015,54.9104],[10.3017,54.9103],[10.3019,54.9103],[10.302,54.9102],[10.3021,54.9101],[10.3023,54.9101],[10.3022,54.91],[10.302,54.9099],[10.3019,54.9098],[10.3016,54.9099],[10.3015,54.9099],[10.3013,54.9099],[10.3012,54.9099],[10.301,54.9099],[10.3009,54.9098],[10.3002,54.9101]],[[10.3003,54.9102],[10.3004,54.9102],[10.3004,54.9103],[10.3004,54.9104],[10.3004,54.9104],[10.3004,54.9105],[10.3003,54.9106],[10.3002,54.9107],[10.3002,54.9107],[10.3001,54.9107],[10.3001,54.9107],[10.3001,54.9106],[10.3001,54.9105],[10.3001,54.9104],[10.3001,54.9104],[10.3001,54.9103],[10.3002,54.9102],[10.3002,54.9102],[10.3003,54.9102]],[[10.2998,54.911],[10.2998,54.911],[10.2997,54.9109],[10.2997,54.9109],[10.2997,54.9109],[10.2997,54.9109],[10.2998,54.9109],[10.2998,54.9109],[10.2999,54.9109],[10.2999,54.9109],[10.3,54.9109],[10.3,54.9109],[10.3001,54.911],[10.3,54.911],[10.3,54.911],[10.2999,54.911],[10.2998,54.911],[10.2998,54.9111],[10.2998,54.911]]]},"properties":{"sourceId":"ais_par3.144870","a_type":4120,"hectares":2.183}},{"type":"Feature","id":"ais_par3.144871","geometry":{"type":"Polygon","coordinates":[[[10.3042,54.9084],[10.3041,54.9084],[10.3039,54.9085],[10.3038,54.9085],[10.3037,54.9085],[10.3036,54.9086],[10.3035,54.9086],[10.3033,54.9086],[10.303,54.9087],[10.3028,54.9087],[10.3026,54.9088],[10.3025,54.9089],[10.3025,54.9089],[10.3025,54.909],[10.3026,54.9091],[10.3026,54.9092],[10.3026,54.9092],[10.3027,54.9093],[10.303,54.9094],[10.3031,54.9095],[10.3036,54.9094],[10.3041,54.9094],[10.3045,54.9093],[10.3047,54.9091],[10.3049,54.9091],[10.3053,54.9087],[10.3054,54.9086],[10.3055,54.9085],[10.3055,54.9083],[10.3054,54.9082],[10.3054,54.9082],[10.3054,54.9082],[10.3053,54.9083],[10.3052,54.9082],[10.3051,54.9082],[10.3051,54.9081],[10.305,54.9081],[10.3048,54.9082],[10.3047,54.9082],[10.3046,54.9082],[10.3042,54.9084]],[[10.3039,54.9089],[10.3039,54.9089],[10.3039,54.9089],[10.3039,54.9088],[10.304,54.9088],[10.304,54.9088],[10.3041,54.9088],[10.3041,54.9088],[10.3041,54.9088],[10.3041,54.9088],[10.3041,54.9089],[10.304,54.9089],[10.304,54.9089],[10.304,54.9089],[10.3039,54.9089]]]},"properties":{"sourceId":"ais_par3.144871","a_type":4120,"hectares":1.665}},{"type":"Feature","id":"ais_par3.144872","geometry":{"type":"Polygon","coordinates":[[[10.3133,54.9175],[10.3133,54.9175],[10.3133,54.9175],[10.313,54.9178],[10.3133,54.9179],[10.3135,54.9178],[10.3136,54.9178],[10.3137,54.9176],[10.3136,54.9176],[10.3135,54.9175],[10.3133,54.9175],[10.3133,54.9175]],[[10.3133,54.9178],[10.3133,54.9178],[10.3132,54.9178],[10.3132,54.9177],[10.3132,54.9177],[10.3133,54.9176],[10.3133,54.9176],[10.3133,54.9176],[10.3134,54.9176],[10.3135,54.9176],[10.3135,54.9176],[10.3136,54.9176],[10.3136,54.9177],[10.3135,54.9177],[10.3134,54.9178],[10.3133,54.9178]]]},"properties":{"sourceId":"ais_par3.144872","a_type":4120,"hectares":0.067}},{"type":"Feature","id":"ais_par3.144873","geometry":{"type":"Polygon","coordinates":[[[10.313,54.8988],[10.3129,54.8989],[10.3129,54.8989],[10.3128,54.8989],[10.3128,54.899],[10.3128,54.899],[10.3129,54.899],[10.313,54.8991],[10.313,54.8991],[10.3131,54.8991],[10.3131,54.8992],[10.3131,54.8992],[10.3132,54.8992],[10.3133,54.8992],[10.3134,54.8992],[10.3136,54.8992],[10.3136,54.8992],[10.3137,54.8992],[10.3138,54.8991],[10.3138,54.8991],[10.3137,54.8991],[10.3137,54.8991],[10.3135,54.899],[10.3134,54.899],[10.3134,54.899],[10.3133,54.8989],[10.3134,54.8988],[10.3135,54.8987],[10.3135,54.8987],[10.3134,54.8987],[10.3133,54.8987],[10.3133,54.8987],[10.3132,54.8988],[10.313,54.8988]]]},"properties":{"sourceId":"ais_par3.144873","a_type":4120,"hectares":0.179}},{"type":"Feature","id":"ais_par3.144874","geometry":{"type":"Polygon","coordinates":[[[10.3145,54.8987],[10.3145,54.8986],[10.3144,54.8986],[10.3143,54.8986],[10.3143,54.8986],[10.3143,54.8986],[10.3142,54.8986],[10.3142,54.8987],[10.3142,54.8987],[10.3142,54.8988],[10.3141,54.8989],[10.3141,54.8989],[10.3141,54.899],[10.3142,54.8991],[10.3142,54.8991],[10.3142,54.8992],[10.3141,54.8993],[10.314,54.8993],[10.314,54.8994],[10.3141,54.8994],[10.3142,54.8993],[10.3144,54.8993],[10.3145,54.8992],[10.3146,54.8992],[10.3147,54.8991],[10.3147,54.8991],[10.3147,54.899],[10.3147,54.8989],[10.3147,54.8988],[10.3147,54.8987],[10.3146,54.8987],[10.3146,54.8987],[10.3145,54.8987]],[[10.3144,54.8989],[10.3144,54.8989],[10.3144,54.8989],[10.3143,54.8989],[10.3143,54.8989],[10.3143,54.8989],[10.3143,54.8988],[10.3143,54.8988],[10.3143,54.8988],[10.3143,54.8987],[10.3144,54.8987],[10.3144,54.8987],[10.3144,54.8987],[10.3145,54.8987],[10.3145,54.8987],[10.3146,54.8987],[10.3146,54.8987],[10.3146,54.8988],[10.3146,54.8988],[10.3146,54.8988],[10.3146,54.8988],[10.3146,54.8989],[10.3145,54.8989],[10.3144,54.8989]]]},"properties":{"sourceId":"ais_par3.144874","a_type":4120,"hectares":0.2}},{"type":"Feature","id":"ais_par3.144875","geometry":{"type":"Polygon","coordinates":[[[10.3388,54.8982],[10.3378,54.8984],[10.3379,54.899],[10.3379,54.899],[10.3384,54.8987],[10.3384,54.8987],[10.3391,54.8984],[10.3391,54.8984],[10.3388,54.8982]]]},"properties":{"sourceId":"ais_par3.144875","a_type":4120,"hectares":0.339}},{"type":"Feature","id":"ais_par3.144876","geometry":{"type":"Polygon","coordinates":[[[10.3344,54.8973],[10.3344,54.8973],[10.3344,54.8973],[10.3344,54.8973],[10.3343,54.8974],[10.3343,54.8974],[10.3343,54.8975],[10.3344,54.8975],[10.3344,54.8975],[10.3353,54.8977],[10.3353,54.8977],[10.3353,54.8977],[10.335,54.8976],[10.3344,54.8973]]]},"properties":{"sourceId":"ais_par3.144876","a_type":4120,"hectares":0.082}},{"type":"Feature","id":"ais_par3.144877","geometry":{"type":"Polygon","coordinates":[[[10.3394,54.8979],[10.3392,54.8981],[10.3395,54.8983],[10.3399,54.898],[10.3401,54.898],[10.3401,54.8979],[10.3401,54.8979],[10.34,54.8979],[10.34,54.8978],[10.3399,54.8978],[10.3398,54.8978],[10.3397,54.8978],[10.3396,54.8978],[10.3395,54.8978],[10.3394,54.8979]],[[10.3396,54.8978],[10.3397,54.8979],[10.3397,54.8979],[10.3397,54.8979],[10.3396,54.8979],[10.3395,54.8979],[10.3396,54.8978],[10.3396,54.8978]]]},"properties":{"sourceId":"ais_par3.144877","a_type":4120,"hectares":0.156}},{"type":"Feature","id":"ais_par3.144887","geometry":{"type":"Polygon","coordinates":[[[10.3684,54.879],[10.3683,54.8791],[10.3682,54.879],[10.3682,54.8791],[10.3679,54.8792],[10.3678,54.8793],[10.3678,54.8793],[10.3679,54.8793],[10.368,54.8793],[10.3682,54.8792],[10.3684,54.8791],[10.369,54.8791],[10.3691,54.8791],[10.3691,54.8791],[10.3692,54.8791],[10.3692,54.8791],[10.3693,54.879],[10.3693,54.879],[10.3692,54.8789],[10.369,54.8789],[10.3689,54.8789],[10.3688,54.8789],[10.3684,54.879]]]},"properties":{"sourceId":"ais_par3.144887","a_type":4120,"hectares":0.152}},{"type":"Feature","id":"ais_par3.144888","geometry":{"type":"Polygon","coordinates":[[[10.3883,54.857],[10.3883,54.8571],[10.3883,54.8571],[10.3883,54.8571],[10.3882,54.8572],[10.3882,54.8572],[10.3882,54.8573],[10.3883,54.8574],[10.3883,54.8574],[10.3883,54.8574],[10.3885,54.8574],[10.3886,54.8574],[10.3888,54.8574],[10.3889,54.8574],[10.389,54.8574],[10.389,54.8573],[10.3889,54.8572],[10.3888,54.8572],[10.3887,54.8572],[10.3886,54.8571],[10.3885,54.8571],[10.3884,54.8571],[10.3883,54.857]],[[10.3884,54.8574],[10.3884,54.8573],[10.3884,54.8573],[10.3884,54.8572],[10.3885,54.8572],[10.3885,54.8572],[10.3886,54.8572],[10.3887,54.8573],[10.3887,54.8573],[10.3887,54.8573],[10.3886,54.8574],[10.3885,54.8574],[10.3884,54.8574]]]},"properties":{"sourceId":"ais_par3.144888","a_type":4120,"hectares":0.107}},{"type":"Feature","id":"ais_par3.144889","geometry":{"type":"Polygon","coordinates":[[[10.3901,54.8576],[10.3901,54.8577],[10.3903,54.8577],[10.3905,54.8576],[10.3908,54.8574],[10.391,54.8573],[10.3912,54.8572],[10.3915,54.8571],[10.3917,54.8571],[10.3918,54.857],[10.3919,54.857],[10.3919,54.8569],[10.3919,54.8568],[10.3918,54.8567],[10.3917,54.8567],[10.3915,54.8567],[10.3911,54.8568],[10.3908,54.8568],[10.3905,54.8569],[10.3903,54.857],[10.3901,54.8571],[10.3901,54.8572],[10.39,54.8574],[10.39,54.8575],[10.39,54.8576],[10.39,54.8576],[10.3901,54.8576]],[[10.3902,54.8574],[10.3901,54.8573],[10.3901,54.8572],[10.3902,54.8571],[10.3903,54.8571],[10.3904,54.857],[10.3906,54.8569],[10.3908,54.8569],[10.3911,54.8568],[10.3913,54.8568],[10.3915,54.8568],[10.3917,54.8568],[10.3917,54.8569],[10.3918,54.8569],[10.3917,54.857],[10.3917,54.857],[10.3916,54.8571],[10.3914,54.8571],[10.3912,54.8572],[10.3909,54.8573],[10.3907,54.8574],[10.3906,54.8574],[10.3904,54.8575],[10.3903,54.8575],[10.3902,54.8575],[10.3902,54.8574]]]},"properties":{"sourceId":"ais_par3.144889","a_type":4120,"hectares":0.259}},{"type":"Feature","id":"ais_par3.144878","geometry":{"type":"Polygon","coordinates":[[[10.3371,54.8924],[10.3371,54.8924],[10.337,54.8924],[10.3369,54.8924],[10.3366,54.8923],[10.3364,54.8922],[10.3363,54.8921],[10.3362,54.8922],[10.336,54.8922],[10.336,54.8923],[10.3362,54.8924],[10.3365,54.8926],[10.3367,54.8926],[10.3368,54.8927],[10.337,54.8927],[10.3373,54.8926],[10.3374,54.8926],[10.3375,54.8926],[10.3376,54.8927],[10.3377,54.8927],[10.3379,54.8928],[10.338,54.8929],[10.338,54.8929],[10.338,54.8929],[10.338,54.8929],[10.3383,54.8933],[10.3391,54.8938],[10.3391,54.8938],[10.3393,54.894],[10.3394,54.8941],[10.3394,54.8943],[10.3394,54.8947],[10.3395,54.8947],[10.3397,54.8947],[10.3399,54.8946],[10.3393,54.895],[10.3391,54.895],[10.3385,54.8947],[10.3384,54.8948],[10.3384,54.8948],[10.3385,54.8949],[10.3385,54.8949],[10.3386,54.895],[10.3387,54.895],[10.3388,54.895],[10.3389,54.895],[10.339,54.8951],[10.3389,54.8951],[10.3396,54.8952],[10.3396,54.8952],[10.3399,54.8952],[10.3402,54.8953],[10.3404,54.8954],[10.3405,54.8954],[10.3406,54.8955],[10.3406,54.8956],[10.3406,54.8958],[10.3405,54.8959],[10.3405,54.8961],[10.3405,54.8962],[10.3405,54.8962],[10.3406,54.8962],[10.3407,54.8963],[10.3409,54.8965],[10.341,54.8965],[10.341,54.8966],[10.3411,54.8966],[10.3411,54.8967],[10.3415,54.8967],[10.342,54.8964],[10.3422,54.8963],[10.3429,54.897],[10.3432,54.8969],[10.3438,54.8968],[10.3434,54.8963],[10.3432,54.896],[10.3432,54.8959],[10.343,54.8956],[10.3429,54.8956],[10.3428,54.8955],[10.3428,54.8955],[10.3428,54.8954],[10.3424,54.895],[10.3424,54.8949],[10.3423,54.8948],[10.3422,54.8947],[10.342,54.8944],[10.3418,54.8942],[10.3414,54.8946],[10.3414,54.8946],[10.3414,54.8947],[10.3414,54.8948],[10.3415,54.895],[10.3416,54.8951],[10.3416,54.8951],[10.3416,54.8951],[10.3415,54.8951],[10.3413,54.8951],[10.3412,54.8951],[10.3411,54.895],[10.341,54.895],[10.3409,54.8949],[10.3408,54.8948],[10.3407,54.8948],[10.3406,54.8947],[10.3405,54.8947],[10.3405,54.8947],[10.3404,54.8947],[10.3403,54.8946],[10.3401,54.8946],[10.3401,54.8946],[10.34,54.8945],[10.3399,54.8945],[10.3399,54.8944],[10.3398,54.8943],[10.3398,54.8943],[10.3398,54.8942],[10.3398,54.8941],[10.3398,54.894],[10.3398,54.894],[10.3396,54.8938],[10.3394,54.8937],[10.3393,54.8936],[10.3392,54.8935],[10.3391,54.8934],[10.339,54.8933],[10.339,54.8932],[10.3389,54.8932],[10.3387,54.8931],[10.3386,54.893],[10.3385,54.893],[10.3384,54.8929],[10.3383,54.8928],[10.3381,54.8925],[10.3379,54.8924],[10.3378,54.8923],[10.3377,54.8923],[10.3375,54.8923],[10.3373,54.8923],[10.3371,54.8924]],[[10.3412,54.8965],[10.3412,54.8963],[10.3411,54.8963],[10.341,54.8962],[10.341,54.8962],[10.341,54.8962],[10.341,54.8961],[10.3411,54.8961],[10.3411,54.896],[10.3412,54.896],[10.3412,54.8961],[10.3412,54.896],[10.3413,54.896],[10.3414,54.896],[10.3415,54.896],[10.3416,54.8959],[10.3416,54.8959],[10.3417,54.8959],[10.3418,54.8959],[10.3419,54.896],[10.342,54.8961],[10.3419,54.8961],[10.3419,54.8962],[10.3419,54.8962],[10.3419,54.8962],[10.3419,54.8963],[10.3419,54.8964],[10.3418,54.8964],[10.3417,54.8965],[10.3416,54.8966],[10.3415,54.8966],[10.3414,54.8966],[10.3413,54.8965],[10.3412,54.8965],[10.3412,54.8965]]]},"properties":{"sourceId":"ais_par3.144878","a_type":4120,"hectares":4.832}},{"type":"Feature","id":"ais_par3.144879","geometry":{"type":"Polygon","coordinates":[[[10.3389,54.8883],[10.3388,54.8884],[10.3387,54.8885],[10.3386,54.8886],[10.3384,54.8887],[10.3382,54.8888],[10.3381,54.8889],[10.338,54.889],[10.338,54.889],[10.3381,54.889],[10.3383,54.8891],[10.3385,54.8891],[10.3388,54.8891],[10.3391,54.8891],[10.3397,54.889],[10.3399,54.889],[10.34,54.8891],[10.3402,54.8892],[10.3402,54.8893],[10.3403,54.8894],[10.3403,54.8894],[10.3403,54.8894],[10.3403,54.8892],[10.34,54.8889],[10.3398,54.8887],[10.3396,54.8885],[10.3395,54.8885],[10.3401,54.8879],[10.34,54.8878],[10.3398,54.8878],[10.3397,54.8877],[10.3397,54.8878],[10.3395,54.8879],[10.3392,54.8881],[10.3392,54.8881],[10.3392,54.8881],[10.3389,54.8883]],[[10.3386,54.8889],[10.3386,54.8889],[10.3387,54.8888],[10.3387,54.8887],[10.3387,54.8887],[10.3387,54.8887],[10.3387,54.8887],[10.3388,54.8886],[10.3388,54.8886],[10.3389,54.8886],[10.3389,54.8887],[10.339,54.8887],[10.3391,54.8888],[10.3392,54.8888],[10.3393,54.8889],[10.3392,54.8889],[10.3391,54.889],[10.339,54.889],[10.3389,54.8891],[10.3388,54.889],[10.3388,54.889],[10.3387,54.889],[10.3386,54.8889]]]},"properties":{"sourceId":"ais_par3.144879","a_type":4120,"hectares":0.901}},{"type":"Feature","id":"ais_par3.144880","geometry":{"type":"Polygon","coordinates":[[[10.3507,54.8917],[10.3507,54.8917],[10.3506,54.8917],[10.3505,54.8917],[10.3504,54.8918],[10.3502,54.8919],[10.3501,54.892],[10.35,54.8921],[10.3499,54.8922],[10.3499,54.8923],[10.3499,54.8924],[10.35,54.8924],[10.35,54.8925],[10.3501,54.8925],[10.3502,54.8924],[10.3503,54.8923],[10.3505,54.8921],[10.3506,54.892],[10.3507,54.8919],[10.3508,54.8919],[10.3508,54.8918],[10.3507,54.8918],[10.3507,54.8917]],[[10.3501,54.8924],[10.3501,54.8924],[10.35,54.8923],[10.35,54.8923],[10.35,54.8922],[10.3501,54.8922],[10.3502,54.892],[10.3503,54.8919],[10.3504,54.8918],[10.3505,54.8918],[10.3505,54.8918],[10.3506,54.8918],[10.3506,54.8918],[10.3507,54.8918],[10.3507,54.8919],[10.3506,54.892],[10.3503,54.8922],[10.3503,54.8922],[10.3502,54.8923],[10.3502,54.8924],[10.3501,54.8924]]]},"properties":{"sourceId":"ais_par3.144880","a_type":4120,"hectares":0.118}},{"type":"Feature","id":"ais_par3.144881","geometry":{"type":"Polygon","coordinates":[[[10.3538,54.8883],[10.3536,54.8884],[10.3535,54.8885],[10.3534,54.8887],[10.3534,54.8888],[10.3536,54.8887],[10.3539,54.8886],[10.3543,54.8885],[10.3548,54.8883],[10.3551,54.8879],[10.3549,54.8878],[10.3548,54.8878],[10.3547,54.8878],[10.3546,54.8879],[10.3545,54.888],[10.3543,54.888],[10.3542,54.8881],[10.354,54.8882],[10.3538,54.8883]],[[10.3548,54.8879],[10.3548,54.888],[10.3547,54.8881],[10.3546,54.8882],[10.3545,54.8882],[10.3545,54.8882],[10.3544,54.8882],[10.3544,54.8881],[10.3545,54.8881],[10.3546,54.888],[10.3547,54.8879],[10.3548,54.8879],[10.3548,54.8879]]]},"properties":{"sourceId":"ais_par3.144881","a_type":4120,"hectares":0.403}},{"type":"Feature","id":"ais_par3.144882","geometry":{"type":"Polygon","coordinates":[[[10.3567,54.8852],[10.3559,54.8849],[10.3559,54.8849],[10.3558,54.8849],[10.3557,54.8849],[10.3556,54.8848],[10.3555,54.8848],[10.3553,54.8847],[10.355,54.8846],[10.3549,54.8845],[10.3547,54.8844],[10.3545,54.8843],[10.3544,54.8842],[10.3542,54.8842],[10.354,54.8841],[10.3536,54.8841],[10.3535,54.8841],[10.3536,54.8842],[10.3541,54.8844],[10.3546,54.8846],[10.3552,54.8849],[10.3561,54.8853],[10.3565,54.8855],[10.3569,54.8856],[10.3577,54.8859],[10.3582,54.8861],[10.3585,54.886],[10.3578,54.8857],[10.3575,54.8855],[10.3571,54.8854],[10.3567,54.8852]]]},"properties":{"sourceId":"ais_par3.144882","a_type":4120,"hectares":0.901}},{"type":"Feature","id":"ais_par3.144883","geometry":{"type":"Polygon","coordinates":[[[10.3552,54.8805],[10.3552,54.8806],[10.3546,54.881],[10.3546,54.8812],[10.3545,54.8813],[10.3544,54.8814],[10.3543,54.8814],[10.354,54.8817],[10.3547,54.8817],[10.3547,54.8815],[10.3548,54.8813],[10.3549,54.8812],[10.3554,54.8809],[10.356,54.8808],[10.3567,54.8805],[10.3567,54.8805],[10.3567,54.8805],[10.3561,54.8801],[10.3552,54.8805]]]},"properties":{"sourceId":"ais_par3.144883","a_type":4120,"hectares":0.778}},{"type":"Feature","id":"ais_par3.144884","geometry":{"type":"Polygon","coordinates":[[[10.3615,54.8851],[10.3605,54.8855],[10.3605,54.8855],[10.3604,54.8855],[10.3603,54.8856],[10.3606,54.8858],[10.361,54.8861],[10.3622,54.8858],[10.3621,54.8856],[10.3634,54.8853],[10.3634,54.8852],[10.3635,54.8852],[10.3639,54.8852],[10.3641,54.8851],[10.3645,54.8851],[10.3647,54.8851],[10.3655,54.8852],[10.3657,54.8852],[10.3667,54.8854],[10.3667,54.8852],[10.3667,54.8852],[10.3653,54.8849],[10.3643,54.8848],[10.3633,54.8851],[10.3625,54.8853],[10.3615,54.8851]]]},"properties":{"sourceId":"ais_par3.144884","a_type":4120,"hectares":1.483}},{"type":"Feature","id":"ais_par3.144885","geometry":{"type":"Polygon","coordinates":[[[10.3626,54.8809],[10.3625,54.8809],[10.3625,54.8809],[10.362,54.8811],[10.362,54.8812],[10.362,54.8813],[10.362,54.8813],[10.362,54.8813],[10.362,54.8813],[10.3621,54.8813],[10.3623,54.8813],[10.3624,54.8813],[10.3625,54.8812],[10.3627,54.8809],[10.3626,54.8809]],[[10.3621,54.8813],[10.3621,54.8813],[10.3621,54.8813],[10.3621,54.8812],[10.3621,54.8812],[10.3621,54.8812],[10.3621,54.8812],[10.3621,54.8811],[10.3622,54.8811],[10.3622,54.8811],[10.3623,54.8811],[10.3623,54.881],[10.3623,54.881],[10.3624,54.881],[10.3624,54.881],[10.3625,54.881],[10.3625,54.881],[10.3625,54.881],[10.3625,54.881],[10.3625,54.881],[10.3625,54.881],[10.3625,54.8811],[10.3625,54.8811],[10.3625,54.8811],[10.3625,54.8811],[10.3624,54.8812],[10.3624,54.8812],[10.3624,54.8812],[10.3623,54.8813],[10.3623,54.8813],[10.3622,54.8813],[10.3622,54.8813],[10.3621,54.8813]]]},"properties":{"sourceId":"ais_par3.144885","a_type":4120,"hectares":0.056}},{"type":"Feature","id":"ais_par3.144890","geometry":{"type":"Polygon","coordinates":[[[10.3854,54.8557],[10.3843,54.856],[10.3843,54.856],[10.385,54.8567],[10.385,54.8567],[10.385,54.8567],[10.3861,54.8564],[10.3864,54.8563],[10.3866,54.8563],[10.3866,54.8563],[10.3866,54.8563],[10.3865,54.8557],[10.3868,54.8557],[10.3868,54.8557],[10.387,54.8557],[10.3873,54.8556],[10.3875,54.8555],[10.3872,54.8551],[10.387,54.8551],[10.3868,54.8552],[10.3864,54.8553],[10.3863,54.8553],[10.3861,54.8553],[10.3859,54.8553],[10.3857,54.8554],[10.3857,54.8554],[10.3855,54.8554],[10.3854,54.8555],[10.3854,54.8556],[10.3854,54.8557]]]},"properties":{"sourceId":"ais_par3.144890","a_type":4120,"hectares":1.652}},{"type":"Feature","id":"ais_par3.144891","geometry":{"type":"Polygon","coordinates":[[[10.3991,54.847],[10.3984,54.8472],[10.3987,54.8475],[10.3988,54.8476],[10.3989,54.8477],[10.399,54.8477],[10.3991,54.8478],[10.3991,54.8478],[10.3994,54.8478],[10.3994,54.8478],[10.3996,54.8477],[10.3993,54.8475],[10.3994,54.8475],[10.3995,54.8474],[10.3996,54.8474],[10.3998,54.8474],[10.3999,54.8474],[10.3999,54.8474],[10.4,54.8474],[10.4,54.8474],[10.4,54.8473],[10.4,54.8473],[10.4001,54.8473],[10.4001,54.8472],[10.4001,54.8472],[10.4001,54.8471],[10.4002,54.8471],[10.4003,54.8471],[10.4004,54.8471],[10.4006,54.847],[10.4009,54.8469],[10.401,54.8469],[10.4011,54.8469],[10.4011,54.8469],[10.4011,54.8468],[10.4011,54.8468],[10.4011,54.8468],[10.401,54.8467],[10.401,54.8467],[10.401,54.8466],[10.401,54.8466],[10.401,54.8465],[10.4009,54.8465],[10.4009,54.8464],[10.4009,54.8464],[10.4009,54.8463],[10.4009,54.8463],[10.4006,54.8464],[10.3999,54.8467],[10.3998,54.8468],[10.3996,54.8469],[10.3995,54.8469],[10.3991,54.847]]]},"properties":{"sourceId":"ais_par3.144891","a_type":4120,"hectares":1.063}},{"type":"Feature","id":"ais_par3.144892","geometry":{"type":"Polygon","coordinates":[[[10.3911,54.8515],[10.3911,54.8516],[10.391,54.8516],[10.3909,54.8517],[10.3909,54.8519],[10.3909,54.852],[10.391,54.8521],[10.3911,54.8521],[10.3911,54.8522],[10.3912,54.8522],[10.3913,54.8521],[10.3913,54.8521],[10.3913,54.8519],[10.3913,54.8518],[10.3913,54.8517],[10.3912,54.8516],[10.3912,54.8516],[10.3911,54.8515],[10.3911,54.8515]],[[10.3912,54.8519],[10.3911,54.8519],[10.3911,54.8519],[10.391,54.8518],[10.391,54.8518],[10.391,54.8518],[10.3911,54.8517],[10.3911,54.8517],[10.3911,54.8517],[10.3912,54.8518],[10.3912,54.8518],[10.3912,54.8519],[10.3912,54.8519]]]},"properties":{"sourceId":"ais_par3.144892","a_type":4120,"hectares":0.118}},{"type":"Feature","id":"ais_par3.144893","geometry":{"type":"Polygon","coordinates":[[[10.3891,54.8513],[10.3892,54.8514],[10.3892,54.8515],[10.3891,54.8516],[10.389,54.8517],[10.3889,54.8518],[10.3889,54.8518],[10.3889,54.8519],[10.3887,54.852],[10.3886,54.852],[10.3885,54.8521],[10.3884,54.8522],[10.3885,54.8523],[10.3886,54.8523],[10.3887,54.8523],[10.3889,54.8523],[10.389,54.8523],[10.3892,54.8522],[10.3893,54.8521],[10.3895,54.8519],[10.3896,54.8518],[10.3897,54.8517],[10.3899,54.8516],[10.39,54.8516],[10.3901,54.8515],[10.39,54.8514],[10.3896,54.8514],[10.3895,54.8512],[10.3891,54.8513]],[[10.3886,54.8522],[10.3886,54.8522],[10.3886,54.8521],[10.389,54.8519],[10.3892,54.8518],[10.3892,54.8517],[10.3893,54.8516],[10.3894,54.8516],[10.3895,54.8515],[10.3897,54.8515],[10.3898,54.8516],[10.3898,54.8516],[10.3897,54.8517],[10.3896,54.8517],[10.3895,54.8518],[10.3894,54.8518],[10.3894,54.8519],[10.3891,54.8521],[10.3889,54.8522],[10.3887,54.8523],[10.3887,54.8522],[10.3886,54.8522]]]},"properties":{"sourceId":"ais_par3.144893","a_type":4120,"hectares":0.331}},{"type":"Feature","id":"ais_par3.144894","geometry":{"type":"Polygon","coordinates":[[[10.2676,54.9183],[10.2672,54.9184],[10.2667,54.9184],[10.2665,54.9184],[10.2659,54.9184],[10.2658,54.9184],[10.2655,54.9184],[10.2654,54.9183],[10.2651,54.918],[10.2647,54.9182],[10.2647,54.9184],[10.2648,54.9187],[10.265,54.9186],[10.2654,54.9186],[10.2656,54.9185],[10.2658,54.9185],[10.2659,54.9186],[10.2662,54.9187],[10.2664,54.9188],[10.2667,54.9188],[10.2672,54.9188],[10.2674,54.9188],[10.2675,54.9188],[10.2677,54.9188],[10.2679,54.9188],[10.2682,54.9188],[10.2684,54.9187],[10.2688,54.9187],[10.2693,54.9186],[10.2694,54.9186],[10.2692,54.9184],[10.2688,54.9179],[10.2687,54.9178],[10.2685,54.9179],[10.2684,54.9181],[10.2682,54.9182],[10.2677,54.9183],[10.2676,54.9183]]]},"properties":{"sourceId":"ais_par3.144894","a_type":4120,"hectares":1.521}},{"type":"Feature","id":"ais_par3.144895","geometry":{"type":"Polygon","coordinates":[[[10.2723,54.917],[10.2714,54.9171],[10.2712,54.9171],[10.2712,54.9171],[10.2725,54.9183],[10.2725,54.9183],[10.2727,54.9182],[10.2733,54.918],[10.2735,54.9178],[10.2733,54.9176],[10.2728,54.9172],[10.2727,54.917],[10.2727,54.9169],[10.2723,54.917]]]},"properties":{"sourceId":"ais_par3.144895","a_type":4120,"hectares":1.171}},{"type":"Feature","id":"ais_par3.144896","geometry":{"type":"Polygon","coordinates":[[[10.2814,54.9074],[10.2812,54.9074],[10.2811,54.9075],[10.2811,54.9076],[10.281,54.9075],[10.281,54.9075],[10.281,54.9076],[10.2809,54.9077],[10.2808,54.9077],[10.2808,54.9078],[10.2809,54.9079],[10.2811,54.9081],[10.2812,54.9081],[10.2814,54.9081],[10.2816,54.908],[10.2818,54.9081],[10.2821,54.908],[10.2822,54.908],[10.2824,54.9078],[10.2823,54.9077],[10.2823,54.9077],[10.2822,54.9076],[10.2822,54.9075],[10.2822,54.9074],[10.2821,54.9074],[10.2821,54.9074],[10.282,54.9074],[10.2818,54.9073],[10.2817,54.9073],[10.2814,54.9074]]]},"properties":{"sourceId":"ais_par3.144896","a_type":4120,"hectares":0.616}},{"type":"Feature","id":"ais_par3.144897","geometry":{"type":"Polygon","coordinates":[[[10.2826,54.8962],[10.2826,54.8962],[10.2825,54.8963],[10.2825,54.8963],[10.2824,54.8963],[10.2824,54.8963],[10.2823,54.8964],[10.2823,54.8965],[10.2824,54.8967],[10.2824,54.8967],[10.2825,54.8968],[10.2825,54.8968],[10.2826,54.8969],[10.2827,54.8969],[10.2827,54.897],[10.2828,54.897],[10.2828,54.897],[10.2829,54.8969],[10.2829,54.8969],[10.2828,54.8967],[10.2828,54.8965],[10.2828,54.8964],[10.2828,54.8963],[10.2827,54.8962],[10.2826,54.8962]],[[10.2827,54.8969],[10.2827,54.8969],[10.2826,54.8968],[10.2826,54.8968],[10.2826,54.8968],[10.2825,54.8967],[10.2825,54.8967],[10.2824,54.8967],[10.2824,54.8966],[10.2824,54.8966],[10.2824,54.8965],[10.2824,54.8965],[10.2824,54.8964],[10.2824,54.8964],[10.2824,54.8964],[10.2824,54.8963],[10.2825,54.8963],[10.2825,54.8963],[10.2826,54.8963],[10.2827,54.8963],[10.2827,54.8963],[10.2827,54.8963],[10.2827,54.8964],[10.2827,54.8964],[10.2826,54.8964],[10.2826,54.8965],[10.2827,54.8965],[10.2827,54.8966],[10.2827,54.8966],[10.2827,54.8967],[10.2827,54.8967],[10.2827,54.8968],[10.2828,54.8969],[10.2828,54.8969],[10.2828,54.8969],[10.2827,54.8969],[10.2827,54.8969]]]},"properties":{"sourceId":"ais_par3.144897","a_type":4120,"hectares":0.091}},{"type":"Feature","id":"ais_par3.144898","geometry":{"type":"Polygon","coordinates":[[[10.294,54.898],[10.2939,54.898],[10.2938,54.8981],[10.2937,54.8981],[10.2936,54.8981],[10.2933,54.8982],[10.2931,54.8982],[10.293,54.8983],[10.2929,54.8983],[10.2928,54.8984],[10.2927,54.8985],[10.2928,54.8985],[10.2928,54.8986],[10.2929,54.8986],[10.2929,54.8986],[10.293,54.8986],[10.2931,54.8986],[10.2933,54.8985],[10.2935,54.8984],[10.2937,54.8983],[10.2938,54.8983],[10.2938,54.8983],[10.294,54.8982],[10.2941,54.8981],[10.2941,54.8981],[10.2941,54.898],[10.294,54.898],[10.294,54.898]],[[10.2929,54.8985],[10.2928,54.8985],[10.2929,54.8984],[10.293,54.8983],[10.2931,54.8983],[10.2933,54.8982],[10.2935,54.8982],[10.2936,54.8982],[10.2937,54.8982],[10.2937,54.8982],[10.2937,54.8983],[10.2937,54.8983],[10.2936,54.8983],[10.2935,54.8984],[10.2935,54.8984],[10.2934,54.8984],[10.2932,54.8985],[10.2931,54.8985],[10.293,54.8985],[10.2929,54.8985]]]},"properties":{"sourceId":"ais_par3.144898","a_type":4120,"hectares":0.145}},{"type":"Feature","id":"ais_par3.144899","geometry":{"type":"Polygon","coordinates":[[[10.291,54.8997],[10.2908,54.8998],[10.2907,54.8999],[10.2907,54.9],[10.2906,54.9],[10.2903,54.9003],[10.2903,54.9004],[10.2905,54.9006],[10.2908,54.9008],[10.2915,54.9006],[10.2915,54.9006],[10.2916,54.9006],[10.2918,54.9005],[10.292,54.9004],[10.2922,54.9003],[10.2923,54.9002],[10.2924,54.9001],[10.2926,54.9],[10.2924,54.8998],[10.2924,54.8998],[10.2924,54.8997],[10.2924,54.8996],[10.2924,54.8996],[10.2923,54.8996],[10.2922,54.8996],[10.292,54.8996],[10.2918,54.8996],[10.2918,54.8996],[10.2918,54.8997],[10.2919,54.8998],[10.2915,54.9],[10.2912,54.8998],[10.2912,54.8997],[10.2911,54.8997],[10.291,54.8997]]]},"properties":{"sourceId":"ais_par3.144899","a_type":4120,"hectares":1.108}},{"type":"Feature","id":"ais_par3.144909","geometry":{"type":"Polygon","coordinates":[[[10.3749,54.841],[10.3738,54.8411],[10.3738,54.8412],[10.3737,54.8415],[10.3737,54.8416],[10.3738,54.8417],[10.3738,54.8418],[10.3739,54.8419],[10.3739,54.842],[10.3741,54.8421],[10.375,54.8419],[10.3754,54.8418],[10.3754,54.8418],[10.3751,54.8414],[10.3749,54.841],[10.3749,54.841],[10.3749,54.841]],[[10.3741,54.8417],[10.3741,54.8416],[10.3741,54.8415],[10.3741,54.8415],[10.374,54.8414],[10.3741,54.8413],[10.3741,54.8413],[10.3742,54.8413],[10.3743,54.8413],[10.3744,54.8413],[10.3745,54.8413],[10.3745,54.8413],[10.3745,54.8414],[10.3746,54.8414],[10.3745,54.8415],[10.3745,54.8416],[10.3744,54.8417],[10.3743,54.8417],[10.3742,54.8418],[10.3741,54.8417]]]},"properties":{"sourceId":"ais_par3.144909","a_type":4120,"hectares":0.821}},{"type":"Feature","id":"ais_par3.144900","geometry":{"type":"Polygon","coordinates":[[[10.3198,54.8849],[10.3197,54.8849],[10.3197,54.8849],[10.3197,54.8848],[10.3195,54.885],[10.3193,54.8853],[10.3192,54.8854],[10.3192,54.8858],[10.3191,54.8859],[10.3191,54.8859],[10.319,54.8859],[10.3192,54.8861],[10.3196,54.886],[10.3198,54.8859],[10.3199,54.8858],[10.32,54.8856],[10.3201,54.8856],[10.3201,54.8855],[10.3204,54.8853],[10.3201,54.8849],[10.32,54.8849],[10.32,54.8849],[10.32,54.8849],[10.3199,54.8849],[10.3198,54.8849],[10.3198,54.8849]],[[10.3195,54.8859],[10.3195,54.8859],[10.3195,54.8859],[10.3194,54.8859],[10.3194,54.8858],[10.3194,54.8858],[10.3193,54.8858],[10.3193,54.8857],[10.3193,54.8857],[10.3193,54.8856],[10.3193,54.8856],[10.3193,54.8856],[10.3193,54.8855],[10.3193,54.8855],[10.3193,54.8854],[10.3194,54.8854],[10.3194,54.8853],[10.3195,54.8853],[10.3195,54.8852],[10.3196,54.8852],[10.3197,54.8851],[10.3198,54.8851],[10.3198,54.8851],[10.3199,54.8851],[10.3199,54.8851],[10.3199,54.8851],[10.32,54.8852],[10.32,54.8852],[10.3199,54.8852],[10.3199,54.8853],[10.3199,54.8853],[10.3199,54.8853],[10.32,54.8854],[10.32,54.8854],[10.32,54.8854],[10.32,54.8855],[10.3199,54.8855],[10.3199,54.8855],[10.3199,54.8855],[10.3198,54.8855],[10.3198,54.8855],[10.3198,54.8856],[10.3197,54.8856],[10.3197,54.8857],[10.3197,54.8857],[10.3197,54.8857],[10.3197,54.8857],[10.3197,54.8858],[10.3197,54.8858],[10.3197,54.8858],[10.3196,54.8858],[10.3196,54.8859],[10.3195,54.8859]]]},"properties":{"sourceId":"ais_par3.144900","a_type":4120,"hectares":0.417}},{"type":"Feature","id":"ais_par3.144901","geometry":{"type":"Polygon","coordinates":[[[10.3273,54.8815],[10.3271,54.8816],[10.327,54.8816],[10.3269,54.8817],[10.3269,54.8817],[10.3269,54.8817],[10.3268,54.8818],[10.3269,54.8819],[10.3269,54.8819],[10.3271,54.8819],[10.3272,54.8819],[10.3272,54.8818],[10.3273,54.8817],[10.3274,54.8817],[10.3276,54.8817],[10.3278,54.8817],[10.328,54.8817],[10.3282,54.8816],[10.3281,54.8815],[10.3281,54.8815],[10.3281,54.8815],[10.328,54.8814],[10.3279,54.8814],[10.3278,54.8814],[10.3277,54.8814],[10.3275,54.8815],[10.3273,54.8815]]]},"properties":{"sourceId":"ais_par3.144901","a_type":4120,"hectares":0.245}},{"type":"Feature","id":"ais_par3.144902","geometry":{"type":"Polygon","coordinates":[[[10.3292,54.8779],[10.329,54.8778],[10.329,54.8779],[10.3289,54.878],[10.3289,54.878],[10.3288,54.8782],[10.3288,54.8782],[10.3287,54.8783],[10.3287,54.8784],[10.3287,54.8784],[10.3288,54.8785],[10.3289,54.8785],[10.3289,54.8786],[10.329,54.8786],[10.329,54.8786],[10.3291,54.8786],[10.3291,54.8785],[10.3292,54.8785],[10.3292,54.8779]],[[10.329,54.8784],[10.329,54.8784],[10.3289,54.8784],[10.3289,54.8783],[10.3289,54.8783],[10.3289,54.8783],[10.3289,54.8782],[10.3289,54.8782],[10.3289,54.8782],[10.3289,54.8781],[10.329,54.8781],[10.329,54.8781],[10.3291,54.8781],[10.3291,54.8781],[10.3291,54.8782],[10.3291,54.8782],[10.3291,54.8783],[10.329,54.8784]]]},"properties":{"sourceId":"ais_par3.144902","a_type":4120,"hectares":0.141}},{"type":"Feature","id":"ais_par3.144903","geometry":{"type":"Polygon","coordinates":[[[10.3367,54.876],[10.3366,54.876],[10.3365,54.8759],[10.3365,54.8759],[10.3364,54.8759],[10.3363,54.8758],[10.3357,54.8753],[10.3361,54.8757],[10.3364,54.8762],[10.3362,54.8762],[10.3364,54.8764],[10.3365,54.8764],[10.3366,54.8764],[10.3367,54.8764],[10.3368,54.8764],[10.337,54.8764],[10.337,54.8764],[10.3371,54.8764],[10.3372,54.8765],[10.3372,54.8765],[10.3373,54.8766],[10.3374,54.8766],[10.3375,54.8767],[10.338,54.8769],[10.3382,54.877],[10.3382,54.877],[10.3383,54.8771],[10.3384,54.8772],[10.3385,54.8772],[10.3385,54.8773],[10.3386,54.8775],[10.3386,54.8777],[10.3386,54.8777],[10.3386,54.8777],[10.3387,54.8777],[10.3388,54.8779],[10.3389,54.8781],[10.3389,54.8782],[10.339,54.8782],[10.3392,54.8783],[10.3398,54.8788],[10.3402,54.8786],[10.3406,54.8784],[10.3405,54.8784],[10.3404,54.8784],[10.3404,54.8784],[10.3403,54.8784],[10.3401,54.8784],[10.3399,54.8784],[10.3396,54.8783],[10.3395,54.8782],[10.3394,54.8782],[10.3393,54.8782],[10.3392,54.8782],[10.3392,54.8781],[10.3393,54.878],[10.3394,54.8779],[10.3396,54.8779],[10.3396,54.8778],[10.3396,54.8778],[10.3395,54.8778],[10.3393,54.8778],[10.3392,54.8778],[10.3391,54.8778],[10.339,54.8777],[10.3389,54.8777],[10.3389,54.8776],[10.3388,54.8773],[10.3388,54.877],[10.3387,54.877],[10.3387,54.8769],[10.3386,54.8768],[10.3384,54.8767],[10.3382,54.8766],[10.3379,54.8764],[10.3377,54.8763],[10.3375,54.8763],[10.337,54.8761],[10.3367,54.876]]]},"properties":{"sourceId":"ais_par3.144903","a_type":4120,"hectares":1.301}},{"type":"Feature","id":"ais_par3.144904","geometry":{"type":"Polygon","coordinates":[[[10.3304,54.8798],[10.3303,54.8798],[10.3303,54.8798],[10.3302,54.8798],[10.3302,54.88],[10.3302,54.88],[10.3302,54.88],[10.3302,54.8801],[10.3302,54.8801],[10.3302,54.8801],[10.3303,54.8801],[10.3303,54.8801],[10.3304,54.8801],[10.3304,54.8801],[10.3305,54.8801],[10.3308,54.88],[10.3308,54.88],[10.3314,54.8796],[10.3314,54.8796],[10.3313,54.8795],[10.3312,54.8794],[10.3312,54.8794],[10.3308,54.8795],[10.3307,54.8796],[10.3305,54.8797],[10.3304,54.8798]]]},"properties":{"sourceId":"ais_par3.144904","a_type":4120,"hectares":0.299}},{"type":"Feature","id":"ais_par3.144905","geometry":{"type":"Polygon","coordinates":[[[10.3409,54.8687],[10.341,54.8686],[10.3419,54.8683],[10.342,54.8683],[10.3423,54.8683],[10.3426,54.8682],[10.3428,54.8681],[10.3428,54.8681],[10.3428,54.8681],[10.3427,54.8681],[10.3426,54.868],[10.3424,54.868],[10.3423,54.868],[10.3421,54.868],[10.3419,54.868],[10.3417,54.868],[10.3416,54.868],[10.3414,54.8681],[10.3413,54.8681],[10.3411,54.8682],[10.3409,54.8682],[10.3408,54.8683],[10.3407,54.8684],[10.3406,54.8685],[10.3406,54.8686],[10.3407,54.8686],[10.3407,54.8687],[10.3408,54.8687],[10.3409,54.8687],[10.3409,54.8687]],[[10.3424,54.8681],[10.3424,54.8681],[10.3423,54.8681],[10.3422,54.8682],[10.3421,54.8682],[10.342,54.8683],[10.3419,54.8683],[10.3417,54.8683],[10.3416,54.8684],[10.3414,54.8685],[10.3412,54.8685],[10.3411,54.8686],[10.341,54.8686],[10.3408,54.8686],[10.3407,54.8686],[10.3407,54.8686],[10.3407,54.8685],[10.3408,54.8684],[10.3408,54.8684],[10.341,54.8683],[10.3411,54.8682],[10.3412,54.8682],[10.3414,54.8681],[10.3415,54.8681],[10.3417,54.8681],[10.3419,54.8681],[10.3421,54.868],[10.3423,54.868],[10.3424,54.868],[10.3425,54.868],[10.3424,54.8681]]]},"properties":{"sourceId":"ais_par3.144905","a_type":4120,"hectares":0.167}},{"type":"Feature","id":"ais_par3.144906","geometry":{"type":"Polygon","coordinates":[[[10.3376,54.8707],[10.3375,54.8708],[10.3374,54.8708],[10.3374,54.8708],[10.3373,54.8708],[10.3373,54.8708],[10.3373,54.8709],[10.3373,54.8709],[10.3373,54.871],[10.3373,54.871],[10.3373,54.871],[10.3372,54.871],[10.3372,54.871],[10.3372,54.8711],[10.3373,54.8711],[10.3373,54.8711],[10.3374,54.8711],[10.3374,54.8711],[10.3375,54.8711],[10.3376,54.8711],[10.3377,54.871],[10.3378,54.871],[10.3379,54.871],[10.3381,54.871],[10.3382,54.8709],[10.3384,54.8709],[10.3385,54.8708],[10.3386,54.8708],[10.3387,54.8707],[10.3388,54.8707],[10.3389,54.8706],[10.339,54.8705],[10.339,54.8705],[10.339,54.8704],[10.339,54.8704],[10.339,54.8704],[10.3389,54.8704],[10.3385,54.8704],[10.3383,54.8704],[10.3383,54.8704],[10.3379,54.8704],[10.3378,54.8705],[10.3377,54.8706],[10.3376,54.8707]],[[10.3386,54.8705],[10.3386,54.8704],[10.3387,54.8705],[10.3387,54.8705],[10.3386,54.8705],[10.3386,54.8705],[10.3386,54.8705]],[[10.3384,54.8707],[10.3383,54.8707],[10.3383,54.8707],[10.3383,54.8707],[10.3383,54.8707],[10.3384,54.8707],[10.3384,54.8707]]]},"properties":{"sourceId":"ais_par3.144906","a_type":4120,"hectares":0.493}},{"type":"Feature","id":"ais_par3.144907","geometry":{"type":"Polygon","coordinates":[[[10.3525,54.8614],[10.3524,54.8613],[10.3522,54.8614],[10.3521,54.8614],[10.3522,54.8615],[10.3524,54.8615],[10.3525,54.8615],[10.3526,54.8615],[10.3526,54.8614],[10.3526,54.8614],[10.3525,54.8614]]]},"properties":{"sourceId":"ais_par3.144907","a_type":4120,"hectares":0.054}},{"type":"Feature","id":"ais_par3.144908","geometry":{"type":"Polygon","coordinates":[[[10.3533,54.8625],[10.3536,54.8624],[10.3537,54.8623],[10.3538,54.8622],[10.3537,54.862],[10.3535,54.8619],[10.3533,54.8619],[10.3531,54.8618],[10.3529,54.8619],[10.3528,54.862],[10.3527,54.8621],[10.3526,54.8623],[10.3526,54.8624],[10.3526,54.8627],[10.3524,54.8628],[10.3522,54.8629],[10.3519,54.8629],[10.3518,54.8629],[10.3518,54.8629],[10.3521,54.8633],[10.3527,54.8629],[10.3528,54.8628],[10.3529,54.8627],[10.3531,54.8626],[10.3533,54.8625]],[[10.3527,54.8624],[10.3527,54.8623],[10.3527,54.8623],[10.3527,54.8623],[10.3527,54.8622],[10.3527,54.8622],[10.3527,54.8622],[10.3527,54.8621],[10.3528,54.8621],[10.3529,54.862],[10.3529,54.862],[10.353,54.8619],[10.353,54.8619],[10.3531,54.8619],[10.3531,54.8618],[10.3533,54.8619],[10.3534,54.8619],[10.3534,54.8619],[10.3534,54.8619],[10.3535,54.862],[10.3536,54.862],[10.3537,54.8621],[10.3537,54.8621],[10.3537,54.8621],[10.3536,54.8621],[10.3536,54.8622],[10.3534,54.8623],[10.3534,54.8624],[10.3533,54.8624],[10.3533,54.8624],[10.3531,54.8624],[10.353,54.8624],[10.3527,54.8624]]]},"properties":{"sourceId":"ais_par3.144908","a_type":4120,"hectares":0.435}},{"type":"Feature","id":"ais_par3.144910","geometry":{"type":"Polygon","coordinates":[[[10.2729,54.9017],[10.2727,54.9017],[10.2726,54.9017],[10.2726,54.9017],[10.2726,54.9018],[10.2725,54.9018],[10.2725,54.9018],[10.2725,54.9019],[10.2726,54.9019],[10.2728,54.9019],[10.273,54.9019],[10.2732,54.902],[10.2733,54.9021],[10.2735,54.9021],[10.2736,54.9022],[10.2737,54.9022],[10.2738,54.9022],[10.2739,54.9022],[10.274,54.9022],[10.2741,54.9023],[10.2742,54.9023],[10.2742,54.9023],[10.2743,54.9023],[10.2744,54.9023],[10.2745,54.9023],[10.2749,54.9024],[10.2751,54.9025],[10.2752,54.9025],[10.2754,54.9026],[10.2755,54.9026],[10.2757,54.9026],[10.2759,54.9027],[10.2761,54.9027],[10.2762,54.9027],[10.2762,54.9027],[10.2763,54.9027],[10.2764,54.9027],[10.2764,54.9027],[10.2765,54.9027],[10.2765,54.9027],[10.2765,54.9027],[10.2765,54.9026],[10.2764,54.9026],[10.2763,54.9026],[10.2761,54.9026],[10.276,54.9026],[10.2759,54.9025],[10.2758,54.9025],[10.2755,54.9023],[10.2754,54.9023],[10.2754,54.9023],[10.2754,54.9023],[10.2753,54.9023],[10.2753,54.9023],[10.2752,54.9022],[10.2751,54.9022],[10.2749,54.9022],[10.2748,54.9021],[10.2747,54.9021],[10.2746,54.9021],[10.2745,54.9021],[10.2744,54.9021],[10.2743,54.9021],[10.2743,54.9021],[10.2742,54.9021],[10.2736,54.902],[10.2735,54.9019],[10.2733,54.9018],[10.2732,54.9018],[10.2731,54.9018],[10.273,54.9018],[10.2729,54.9017]]]},"properties":{"sourceId":"ais_par3.144910","a_type":4120,"hectares":0.593}},{"type":"Feature","id":"ais_par3.144911","geometry":{"type":"Polygon","coordinates":[[[10.2804,54.9048],[10.2803,54.9048],[10.2803,54.9048],[10.2801,54.9049],[10.28,54.9049],[10.2801,54.905],[10.2802,54.905],[10.2803,54.9051],[10.2804,54.9051],[10.2804,54.9052],[10.2806,54.9052],[10.2806,54.9052],[10.2807,54.9052],[10.2807,54.9051],[10.2807,54.905],[10.2808,54.9049],[10.2808,54.9049],[10.2809,54.9048],[10.2809,54.9047],[10.2809,54.9046],[10.281,54.9045],[10.281,54.9044],[10.2811,54.9044],[10.2811,54.9044],[10.2811,54.9043],[10.2811,54.9043],[10.2812,54.9042],[10.2813,54.9041],[10.2815,54.904],[10.2817,54.904],[10.2819,54.904],[10.2821,54.9039],[10.2823,54.9039],[10.2823,54.9039],[10.2823,54.9038],[10.2823,54.9038],[10.2822,54.9037],[10.2822,54.9035],[10.2822,54.9034],[10.2822,54.9034],[10.2821,54.9034],[10.2821,54.9035],[10.2821,54.9035],[10.2821,54.9036],[10.2821,54.9037],[10.282,54.9038],[10.2818,54.9039],[10.2816,54.9039],[10.2814,54.904],[10.2813,54.904],[10.2812,54.9041],[10.2812,54.9042],[10.2811,54.9043],[10.281,54.9044],[10.281,54.9044],[10.2808,54.9046],[10.2807,54.9047],[10.2806,54.9048],[10.2804,54.9048],[10.2804,54.9048]]]},"properties":{"sourceId":"ais_par3.144911","a_type":4120,"hectares":0.327}},{"type":"Feature","id":"ais_par3.144912","geometry":{"type":"Polygon","coordinates":[[[10.2466,54.9385],[10.2463,54.9384],[10.2461,54.9384],[10.2458,54.9384],[10.2455,54.9383],[10.2454,54.9383],[10.2453,54.9383],[10.2451,54.9382],[10.2449,54.9382],[10.2448,54.9383],[10.2447,54.9384],[10.2446,54.9385],[10.2446,54.9385],[10.2443,54.9385],[10.244,54.9385],[10.2437,54.9386],[10.2436,54.9386],[10.2437,54.9387],[10.2438,54.9387],[10.2441,54.9388],[10.2443,54.9388],[10.2444,54.9388],[10.2445,54.9387],[10.2446,54.9386],[10.2447,54.9385],[10.2448,54.9385],[10.2449,54.9385],[10.2451,54.9385],[10.2452,54.9385],[10.2453,54.9386],[10.2455,54.9386],[10.2457,54.9387],[10.2462,54.9387],[10.2463,54.9387],[10.2464,54.9388],[10.2466,54.9388],[10.2467,54.9389],[10.2468,54.9389],[10.2469,54.9389],[10.2469,54.939],[10.2473,54.9386],[10.2471,54.9385],[10.2469,54.9385],[10.2466,54.9385]],[[10.2464,54.9386],[10.2465,54.9386],[10.2464,54.9386],[10.2462,54.9386],[10.2461,54.9386],[10.2459,54.9386],[10.2458,54.9386],[10.2456,54.9386],[10.2455,54.9385],[10.2454,54.9385],[10.2453,54.9385],[10.2453,54.9384],[10.2453,54.9384],[10.2454,54.9384],[10.2457,54.9384],[10.2461,54.9385],[10.2463,54.9385],[10.2464,54.9385],[10.2464,54.9385],[10.2465,54.9385],[10.2466,54.9385],[10.2466,54.9385],[10.2466,54.9385],[10.2466,54.9386],[10.2465,54.9386],[10.2464,54.9386]]]},"properties":{"sourceId":"ais_par3.144912","a_type":4120,"hectares":0.567}},{"type":"Feature","id":"ais_par3.144913","geometry":{"type":"Polygon","coordinates":[[[10.3253,54.9023],[10.3255,54.9023],[10.3256,54.9023],[10.3262,54.9027],[10.3263,54.9027],[10.3264,54.9028],[10.327,54.9033],[10.3274,54.9031],[10.3274,54.9031],[10.3266,54.9025],[10.3265,54.9024],[10.3259,54.9021],[10.3258,54.9021],[10.3258,54.9021],[10.3253,54.9023]]]},"properties":{"sourceId":"ais_par3.144913","a_type":4120,"hectares":0.483}},{"type":"Feature","id":"ais_par3.144914","geometry":{"type":"Polygon","coordinates":[[[10.3214,54.8765],[10.321,54.8765],[10.3207,54.8764],[10.3204,54.8766],[10.3208,54.8766],[10.3208,54.8766],[10.3211,54.8768],[10.3213,54.8769],[10.3216,54.8769],[10.322,54.8769],[10.3224,54.877],[10.3233,54.877],[10.3236,54.877],[10.324,54.877],[10.3244,54.8769],[10.3247,54.8769],[10.325,54.8769],[10.3255,54.8768],[10.3255,54.8768],[10.3254,54.8766],[10.3249,54.8765],[10.3247,54.8766],[10.3244,54.8767],[10.3242,54.8768],[10.3239,54.8768],[10.3235,54.8768],[10.3232,54.8768],[10.3226,54.8769],[10.3223,54.8768],[10.3221,54.8767],[10.3219,54.8766],[10.3214,54.8765]]]},"properties":{"sourceId":"ais_par3.144914","a_type":4120,"hectares":0.79}},{"type":"Feature","id":"ais_par3.144915","geometry":{"type":"Polygon","coordinates":[[[10.3298,54.8697],[10.3297,54.8698],[10.3296,54.8698],[10.3295,54.8699],[10.3294,54.87],[10.3293,54.8702],[10.3294,54.8703],[10.3295,54.8704],[10.3309,54.8697],[10.3309,54.8697],[10.3309,54.8697],[10.3308,54.8696],[10.3307,54.8696],[10.3307,54.8696],[10.3305,54.8696],[10.3304,54.8695],[10.3303,54.8695],[10.3303,54.8695],[10.3301,54.8696],[10.33,54.8696],[10.3298,54.8697]]]},"properties":{"sourceId":"ais_par3.144915","a_type":4120,"hectares":0.44}},{"type":"Feature","id":"ais_par3.144916","geometry":{"type":"Polygon","coordinates":[[[10.3325,54.8681],[10.3325,54.8681],[10.3326,54.8682],[10.3326,54.8682],[10.3326,54.8682],[10.3326,54.8683],[10.3326,54.8684],[10.3327,54.8683],[10.3328,54.8683],[10.3328,54.8682],[10.3329,54.8681],[10.3329,54.8681],[10.3327,54.868],[10.3326,54.868],[10.3326,54.868],[10.3325,54.8681]],[[10.3327,54.8681],[10.3326,54.8681],[10.3326,54.8681],[10.3326,54.8681],[10.3327,54.8681],[10.3327,54.8681]]]},"properties":{"sourceId":"ais_par3.144916","a_type":4120,"hectares":0.041}},{"type":"Feature","id":"ais_par3.144917","geometry":{"type":"Polygon","coordinates":[[[10.3512,54.8518],[10.3509,54.8518],[10.3508,54.8519],[10.3507,54.852],[10.3516,54.8523],[10.3511,54.8527],[10.3511,54.8527],[10.3512,54.8527],[10.3517,54.8529],[10.3517,54.8529],[10.352,54.8526],[10.3525,54.8527],[10.3527,54.8528],[10.3527,54.8529],[10.3527,54.853],[10.3529,54.853],[10.3532,54.8532],[10.3537,54.8533],[10.3539,54.8534],[10.3541,54.8535],[10.3542,54.8536],[10.3543,54.8538],[10.3546,54.8539],[10.3548,54.8541],[10.3549,54.8541],[10.3552,54.8542],[10.3556,54.8544],[10.3559,54.8545],[10.3561,54.8546],[10.3564,54.8547],[10.3567,54.8548],[10.357,54.8548],[10.3574,54.8548],[10.3581,54.8548],[10.3585,54.8548],[10.3587,54.8547],[10.3582,54.8546],[10.3572,54.8545],[10.3562,54.8542],[10.356,54.8541],[10.3554,54.8539],[10.3552,54.8541],[10.3545,54.8537],[10.3546,54.8536],[10.3539,54.8533],[10.3531,54.8529],[10.3531,54.8529],[10.3531,54.8529],[10.3532,54.8528],[10.3531,54.8527],[10.3523,54.8524],[10.3519,54.8522],[10.3512,54.8518]]]},"properties":{"sourceId":"ais_par3.144917","a_type":4120,"hectares":1.863}},{"type":"Feature","id":"ais_par3.144918","geometry":{"type":"Polygon","coordinates":[[[10.3236,54.8974],[10.3232,54.8975],[10.3232,54.8976],[10.3232,54.8976],[10.3232,54.8976],[10.3232,54.8977],[10.3233,54.8978],[10.3233,54.8978],[10.3233,54.8978],[10.3235,54.8977],[10.3235,54.8977],[10.3238,54.8976],[10.3237,54.8976],[10.3237,54.8976],[10.3236,54.8976],[10.3235,54.8976],[10.3235,54.8976],[10.3234,54.8975],[10.3234,54.8975],[10.3235,54.8975],[10.3236,54.8974],[10.3236,54.8974]]]},"properties":{"sourceId":"ais_par3.144918","a_type":4120,"hectares":0.06}},{"type":"Feature","id":"ais_par3.145303","geometry":{"type":"Polygon","coordinates":[[[10.4221,54.9687],[10.4219,54.9687],[10.422,54.9687],[10.4221,54.9687]]]},"properties":{"sourceId":"ais_par3.145303","a_type":4120,"hectares":1}},{"type":"Feature","id":"ais_par3.145304","geometry":{"type":"Polygon","coordinates":[[[10.4235,54.9685],[10.4221,54.9687],[10.4226,54.9686],[10.4227,54.9687],[10.4228,54.9687],[10.4228,54.9687],[10.4227,54.9688],[10.4226,54.9688],[10.4226,54.9689],[10.4226,54.9689],[10.4226,54.969],[10.4226,54.9691],[10.4227,54.9692],[10.4228,54.9692],[10.4228,54.9693],[10.4227,54.9694],[10.4227,54.9694],[10.4226,54.9695],[10.4225,54.9695],[10.4224,54.9695],[10.4223,54.9695],[10.422,54.9694],[10.422,54.9695],[10.4222,54.9695],[10.4223,54.9695],[10.4227,54.9695],[10.4227,54.9695],[10.4228,54.9694],[10.4229,54.9694],[10.423,54.9694],[10.4232,54.9693],[10.4234,54.9692],[10.4235,54.9692],[10.4236,54.9692],[10.4235,54.9685]]]},"properties":{"sourceId":"ais_par3.145304","a_type":4120,"hectares":0.478}},{"type":"Feature","id":"ais_par3.145309","geometry":{"type":"Polygon","coordinates":[[[10.3481,54.8829],[10.3483,54.8829],[10.3482,54.8829],[10.3481,54.8829]]]},"properties":{"sourceId":"ais_par3.145309","a_type":4120,"hectares":3}},{"type":"Feature","id":"ais_par3.145310","geometry":{"type":"Polygon","coordinates":[[[10.3481,54.8828],[10.3481,54.8828],[10.3481,54.8829],[10.3481,54.8828]]]},"properties":{"sourceId":"ais_par3.145310","a_type":4120,"hectares":0}},{"type":"Feature","id":"ais_par3.145311","geometry":{"type":"Polygon","coordinates":[[[10.3483,54.8829],[10.3485,54.883],[10.3486,54.8831],[10.3488,54.8832],[10.3489,54.8833],[10.3491,54.8834],[10.3492,54.8834],[10.3493,54.8832],[10.3493,54.8831],[10.349,54.883],[10.3489,54.883],[10.3488,54.883],[10.3487,54.8829],[10.3485,54.8828],[10.3483,54.8827],[10.348,54.8826],[10.3477,54.8826],[10.3474,54.8825],[10.3471,54.8824],[10.3469,54.8823],[10.3468,54.8822],[10.3466,54.882],[10.3465,54.882],[10.3464,54.882],[10.3465,54.8823],[10.3467,54.8824],[10.3471,54.8825],[10.3471,54.8826],[10.3475,54.8826],[10.3478,54.8827],[10.3479,54.8828],[10.348,54.8828],[10.3481,54.8828],[10.3481,54.8828],[10.3481,54.8828],[10.3482,54.8828],[10.3483,54.8828],[10.3483,54.8828],[10.3483,54.8829],[10.3483,54.8829]]]},"properties":{"sourceId":"ais_par3.145311","a_type":4120,"hectares":0.416}},{"type":"Feature","id":"ais_par3.145595","geometry":{"type":"Polygon","coordinates":[[[10.5457,54.8588],[10.5456,54.8588],[10.5455,54.8587],[10.5453,54.8586],[10.5451,54.8585],[10.545,54.8585],[10.545,54.8586],[10.5456,54.8589],[10.546,54.859],[10.546,54.859],[10.546,54.859],[10.5465,54.8589],[10.5466,54.8588],[10.5466,54.8588],[10.5467,54.8587],[10.5467,54.8586],[10.5468,54.8586],[10.5468,54.8585],[10.5468,54.8584],[10.5467,54.8584],[10.5464,54.8588],[10.5463,54.8588],[10.5462,54.8588],[10.546,54.8588],[10.5459,54.8588],[10.5459,54.8588],[10.5458,54.8588],[10.5457,54.8588]]]},"properties":{"sourceId":"ais_par3.145595","a_type":4210,"hectares":0.212}},{"type":"Feature","id":"ais_par3.145340","geometry":{"type":"Polygon","coordinates":[[[10.4525,54.8637],[10.4525,54.8638],[10.4524,54.8638],[10.4523,54.8638],[10.4524,54.8639],[10.4522,54.8639],[10.452,54.864],[10.4519,54.864],[10.4522,54.8643],[10.4527,54.8647],[10.4535,54.8655],[10.4539,54.8657],[10.4541,54.8658],[10.4542,54.8658],[10.4544,54.8659],[10.4559,54.8664],[10.4559,54.8664],[10.4559,54.8664],[10.456,54.8664],[10.4561,54.8665],[10.4561,54.8665],[10.4562,54.8665],[10.4562,54.8665],[10.4562,54.8665],[10.4563,54.8666],[10.4563,54.8666],[10.4565,54.8666],[10.4569,54.867],[10.457,54.867],[10.457,54.867],[10.4571,54.8669],[10.4571,54.8669],[10.4571,54.8668],[10.4572,54.8668],[10.4573,54.8668],[10.4574,54.8668],[10.4574,54.8668],[10.4576,54.8669],[10.4577,54.8669],[10.458,54.867],[10.4582,54.8671],[10.4582,54.8671],[10.4582,54.8671],[10.4582,54.8671],[10.4584,54.8671],[10.4584,54.867],[10.4584,54.867],[10.4585,54.8669],[10.4585,54.8669],[10.4585,54.8669],[10.4586,54.8669],[10.4586,54.8668],[10.4589,54.8668],[10.4589,54.8668],[10.4585,54.8662],[10.4585,54.8661],[10.4585,54.8661],[10.4585,54.866],[10.459,54.8649],[10.4591,54.8648],[10.4592,54.8647],[10.4592,54.8647],[10.4595,54.8644],[10.4594,54.8644],[10.4592,54.8644],[10.4589,54.8643],[10.4586,54.8642],[10.4583,54.8641],[10.4581,54.864],[10.4574,54.8637],[10.4563,54.8633],[10.456,54.8631],[10.4559,54.8631],[10.4558,54.8632],[10.4558,54.8633],[10.4558,54.8636],[10.4558,54.8636],[10.4558,54.8637],[10.4558,54.8637],[10.4564,54.864],[10.4566,54.8641],[10.4569,54.8645],[10.4569,54.8646],[10.4569,54.8647],[10.4569,54.8647],[10.4569,54.8649],[10.4569,54.8655],[10.4569,54.8657],[10.4568,54.8658],[10.4564,54.8657],[10.4562,54.8657],[10.4559,54.8657],[10.4557,54.8657],[10.4553,54.8658],[10.4549,54.8659],[10.4549,54.8659],[10.4543,54.8657],[10.4542,54.8657],[10.4542,54.8657],[10.4542,54.8657],[10.4541,54.8657],[10.4539,54.8656],[10.4539,54.8655],[10.4538,54.8655],[10.4532,54.8649],[10.4529,54.8647],[10.4536,54.8644],[10.453,54.8638],[10.4529,54.8638],[10.4529,54.8638],[10.4523,54.8633],[10.4522,54.8632],[10.4519,54.8634],[10.4521,54.8636],[10.4521,54.8635],[10.4521,54.8635],[10.4521,54.8634],[10.4522,54.8634],[10.4522,54.8634],[10.4523,54.8634],[10.4523,54.8634],[10.4523,54.8634],[10.4524,54.8634],[10.4525,54.8635],[10.4526,54.8636],[10.4526,54.8636],[10.4527,54.8637],[10.4525,54.8637]],[[10.4583,54.8643],[10.4583,54.8643],[10.4582,54.8644],[10.4582,54.8644],[10.4582,54.8645],[10.4581,54.8645],[10.4581,54.8646],[10.458,54.8646],[10.4579,54.8647],[10.4579,54.8647],[10.4579,54.8648],[10.4579,54.8648],[10.4579,54.8649],[10.4579,54.8649],[10.4579,54.865],[10.458,54.865],[10.458,54.8651],[10.458,54.8651],[10.458,54.8652],[10.458,54.8653],[10.458,54.8653],[10.4579,54.8654],[10.4579,54.8654],[10.4579,54.8654],[10.4579,54.8654],[10.458,54.8654],[10.4581,54.8654],[10.4581,54.8654],[10.4581,54.8654],[10.4582,54.8654],[10.4582,54.8654],[10.4582,54.8654],[10.4582,54.8655],[10.4581,54.8655],[10.4581,54.8655],[10.4581,54.8656],[10.4581,54.8656],[10.4581,54.8657],[10.4581,54.8658],[10.4581,54.8658],[10.4581,54.8659],[10.4581,54.866],[10.458,54.866],[10.458,54.8661],[10.458,54.8661],[10.4579,54.8662],[10.4579,54.8662],[10.4578,54.8663],[10.4578,54.8663],[10.4577,54.8663],[10.4577,54.8663],[10.4576,54.8662],[10.4576,54.8662],[10.4576,54.8661],[10.4576,54.8661],[10.4576,54.8661],[10.4576,54.866],[10.4576,54.866],[10.4576,54.8659],[10.4576,54.8659],[10.4576,54.8658],[10.4575,54.8658],[10.4574,54.8658],[10.4574,54.8658],[10.4574,54.8658],[10.4573,54.8658],[10.4573,54.8658],[10.4573,54.8657],[10.4573,54.8657],[10.4573,54.8656],[10.4574,54.8655],[10.4574,54.8655],[10.4574,54.8655],[10.4574,54.8654],[10.4575,54.8653],[10.4575,54.8652],[10.4575,54.8651],[10.4575,54.8651],[10.4575,54.865],[10.4576,54.8649],[10.4576,54.8648],[10.4576,54.8647],[10.4576,54.8647],[10.4576,54.8647],[10.4576,54.8646],[10.4577,54.8646],[10.4577,54.8645],[10.4578,54.8644],[10.4578,54.8644],[10.4579,54.8644],[10.4579,54.8644],[10.458,54.8643],[10.4581,54.8643],[10.4582,54.8643],[10.4583,54.8642],[10.4583,54.8643],[10.4584,54.8643],[10.4584,54.8643],[10.4583,54.8643]],[[10.4582,54.8662],[10.4583,54.8662],[10.4583,54.8663],[10.4583,54.8663],[10.4582,54.8664],[10.4582,54.8664],[10.4582,54.8665],[10.4584,54.8666],[10.4585,54.8667],[10.4584,54.8667],[10.4583,54.8668],[10.4582,54.8667],[10.458,54.8667],[10.458,54.8666],[10.4579,54.8666],[10.4578,54.8665],[10.4577,54.8665],[10.4582,54.8662],[10.4582,54.8662]],[[10.4561,54.8658],[10.4562,54.8658],[10.4562,54.8658],[10.4563,54.8658],[10.4564,54.8659],[10.4564,54.8659],[10.4564,54.866],[10.4564,54.8661],[10.4562,54.8661],[10.4561,54.866],[10.4561,54.8658],[10.4561,54.8658],[10.4561,54.8658]]]},"properties":{"sourceId":"ais_par3.145340","a_type":4210,"hectares":5.768}},{"type":"Feature","id":"ais_par3.145341","geometry":{"type":"Polygon","coordinates":[[[10.4553,54.8676],[10.4553,54.8676],[10.4552,54.8676],[10.4551,54.8677],[10.4538,54.8685],[10.4535,54.8686],[10.4535,54.8686],[10.4534,54.8686],[10.4534,54.8686],[10.4529,54.8686],[10.4528,54.8689],[10.4528,54.8691],[10.4528,54.8692],[10.4528,54.8694],[10.4527,54.8695],[10.4527,54.8696],[10.4527,54.8696],[10.4527,54.8697],[10.4527,54.8698],[10.4527,54.8699],[10.4526,54.87],[10.4526,54.8702],[10.4524,54.8707],[10.452,54.8709],[10.4514,54.8714],[10.4514,54.8714],[10.4515,54.8714],[10.4515,54.8714],[10.4516,54.8714],[10.4516,54.8714],[10.4517,54.8714],[10.4518,54.8714],[10.4518,54.8714],[10.4518,54.8714],[10.4519,54.8714],[10.452,54.8714],[10.452,54.8714],[10.4521,54.8714],[10.4522,54.8714],[10.4522,54.8714],[10.4523,54.8714],[10.4523,54.8713],[10.4524,54.8713],[10.4525,54.8713],[10.4526,54.8713],[10.4526,54.8713],[10.4527,54.8713],[10.4527,54.8713],[10.4528,54.8712],[10.4529,54.8711],[10.453,54.8711],[10.453,54.871],[10.4531,54.871],[10.4532,54.871],[10.4533,54.871],[10.4534,54.8709],[10.4535,54.8709],[10.4536,54.8709],[10.4538,54.871],[10.4538,54.871],[10.4539,54.871],[10.454,54.871],[10.454,54.871],[10.4541,54.871],[10.4543,54.871],[10.4544,54.871],[10.4544,54.871],[10.4546,54.871],[10.4549,54.8711],[10.455,54.8711],[10.4551,54.8711],[10.4552,54.8712],[10.4552,54.8712],[10.4554,54.8712],[10.4555,54.8712],[10.4557,54.8712],[10.4558,54.8712],[10.4559,54.8712],[10.456,54.8713],[10.456,54.8713],[10.4561,54.8713],[10.4562,54.8713],[10.4562,54.8713],[10.4563,54.8713],[10.4564,54.8713],[10.4566,54.8713],[10.4566,54.8713],[10.4567,54.8713],[10.4568,54.8712],[10.4569,54.8712],[10.457,54.8712],[10.4571,54.8712],[10.4571,54.8712],[10.4572,54.8711],[10.4573,54.8711],[10.4574,54.8711],[10.4575,54.871],[10.4576,54.871],[10.4577,54.8709],[10.4578,54.8709],[10.4579,54.8709],[10.4579,54.8708],[10.4579,54.8708],[10.458,54.8708],[10.458,54.8708],[10.4582,54.8707],[10.4582,54.8707],[10.4583,54.8707],[10.4583,54.8707],[10.4584,54.8707],[10.4585,54.8707],[10.4586,54.8706],[10.4586,54.8706],[10.4587,54.8706],[10.4587,54.8705],[10.4587,54.8705],[10.4587,54.8703],[10.4587,54.8703],[10.4586,54.8703],[10.4586,54.8702],[10.4585,54.8701],[10.4585,54.8701],[10.4585,54.8701],[10.4585,54.87],[10.4586,54.87],[10.4586,54.8699],[10.4586,54.8698],[10.4586,54.8697],[10.4586,54.8696],[10.4586,54.8696],[10.4584,54.8695],[10.4584,54.8695],[10.4584,54.8694],[10.4583,54.8694],[10.4583,54.8694],[10.4581,54.8693],[10.458,54.8692],[10.458,54.8692],[10.458,54.8692],[10.458,54.8692],[10.458,54.8691],[10.458,54.8691],[10.4579,54.8691],[10.4579,54.869],[10.458,54.869],[10.458,54.8689],[10.458,54.8688],[10.458,54.8687],[10.458,54.8686],[10.458,54.8686],[10.4579,54.8685],[10.4578,54.8684],[10.4578,54.8684],[10.4577,54.8683],[10.4577,54.8683],[10.4577,54.8682],[10.4576,54.8682],[10.4576,54.8682],[10.4575,54.8682],[10.4575,54.8682],[10.4574,54.8681],[10.4574,54.868],[10.4573,54.8679],[10.4572,54.8679],[10.4572,54.8678],[10.4572,54.8678],[10.4571,54.8678],[10.4571,54.8678],[10.4571,54.8678],[10.457,54.8677],[10.4569,54.8677],[10.4569,54.8677],[10.4569,54.8676],[10.4568,54.8675],[10.4567,54.8675],[10.4567,54.8675],[10.4566,54.8674],[10.4566,54.8674],[10.4566,54.8673],[10.4565,54.8673],[10.4566,54.8672],[10.4566,54.8672],[10.4566,54.8671],[10.4566,54.8671],[10.4567,54.8671],[10.4565,54.867],[10.4563,54.8671],[10.4557,54.8674],[10.4553,54.8676]],[[10.4561,54.8695],[10.456,54.8696],[10.456,54.8696],[10.4559,54.8697],[10.4558,54.8697],[10.4557,54.8697],[10.4555,54.8696],[10.4555,54.8696],[10.4554,54.8696],[10.4554,54.8696],[10.4554,54.8695],[10.4555,54.8695],[10.4555,54.8695],[10.4555,54.8695],[10.4556,54.8695],[10.4557,54.8694],[10.4558,54.8694],[10.4559,54.8694],[10.456,54.8694],[10.456,54.8694],[10.4561,54.8694],[10.4561,54.8694],[10.4561,54.8695]],[[10.4545,54.8685],[10.4546,54.8685],[10.4546,54.8685],[10.4546,54.8685],[10.4546,54.8686],[10.4546,54.8686],[10.4546,54.8687],[10.4546,54.8687],[10.4546,54.8687],[10.4545,54.8687],[10.4544,54.8687],[10.4544,54.8687],[10.4544,54.8687],[10.4543,54.8687],[10.4543,54.8686],[10.4544,54.8686],[10.4545,54.8685],[10.4545,54.8685],[10.4545,54.8685]]]},"properties":{"sourceId":"ais_par3.145341","a_type":4210,"hectares":12.79}},{"type":"Feature","id":"ais_par3.145342","geometry":{"type":"Polygon","coordinates":[[[10.4602,54.8684],[10.4601,54.8683],[10.4599,54.8683],[10.4598,54.8682],[10.4598,54.8682],[10.4598,54.8682],[10.4597,54.8681],[10.4597,54.8681],[10.4596,54.8681],[10.4596,54.8681],[10.4595,54.8681],[10.4596,54.8682],[10.4598,54.8684],[10.46,54.8684],[10.4602,54.8685],[10.4608,54.8685],[10.4609,54.8685],[10.4611,54.8685],[10.4612,54.8683],[10.4614,54.8682],[10.4608,54.8683],[10.4605,54.8684],[10.4604,54.8684],[10.4602,54.8684]]]},"properties":{"sourceId":"ais_par3.145342","a_type":4210,"hectares":0.178}},{"type":"Feature","id":"ais_par3.145351","geometry":{"type":"Polygon","coordinates":[[[10.4244,54.8948],[10.4242,54.8947],[10.4241,54.8946],[10.4239,54.8945],[10.4238,54.8943],[10.4236,54.8942],[10.4235,54.8941],[10.4235,54.8942],[10.4236,54.8942],[10.4237,54.8943],[10.4238,54.8944],[10.4239,54.8945],[10.424,54.8946],[10.4241,54.8948],[10.4241,54.8949],[10.4243,54.8953],[10.4243,54.8955],[10.4244,54.8957],[10.4244,54.8961],[10.4244,54.8962],[10.4244,54.8963],[10.4244,54.8963],[10.4242,54.8967],[10.4242,54.8967],[10.4242,54.8968],[10.4242,54.8968],[10.4241,54.8969],[10.424,54.8969],[10.4239,54.897],[10.4236,54.8971],[10.4233,54.8972],[10.4231,54.8973],[10.4229,54.8973],[10.4227,54.8973],[10.4226,54.8973],[10.4225,54.8973],[10.4225,54.8973],[10.4222,54.8972],[10.4221,54.8972],[10.4221,54.8971],[10.4219,54.8971],[10.4218,54.8971],[10.4217,54.8971],[10.4215,54.8971],[10.4214,54.8971],[10.4213,54.8972],[10.4212,54.8973],[10.4211,54.8974],[10.4211,54.8975],[10.421,54.8976],[10.4211,54.8977],[10.4211,54.8979],[10.4212,54.8981],[10.4214,54.8983],[10.4215,54.8984],[10.4215,54.8984],[10.4216,54.8986],[10.4217,54.8988],[10.4219,54.8989],[10.4223,54.8993],[10.4224,54.8994],[10.4225,54.8995],[10.4227,54.8996],[10.4229,54.8996],[10.4231,54.8997],[10.4234,54.8998],[10.4236,54.8999],[10.4236,54.8999],[10.4237,54.8999],[10.4238,54.9],[10.4238,54.9],[10.4239,54.9],[10.424,54.9],[10.424,54.9],[10.4241,54.9],[10.4242,54.9],[10.4242,54.9],[10.4243,54.9],[10.4244,54.9],[10.4244,54.9],[10.4245,54.9],[10.4246,54.9],[10.4248,54.9],[10.4249,54.9],[10.4252,54.9],[10.4252,54.9],[10.4253,54.9],[10.4255,54.9],[10.4256,54.8999],[10.4261,54.8998],[10.4261,54.8998],[10.4262,54.8997],[10.4263,54.8997],[10.4264,54.8997],[10.4264,54.8996],[10.4264,54.8996],[10.4265,54.8995],[10.4265,54.8994],[10.4265,54.8994],[10.4265,54.8994],[10.4266,54.8993],[10.4266,54.8993],[10.4266,54.8992],[10.4267,54.8991],[10.4267,54.899],[10.4267,54.8989],[10.4268,54.8988],[10.4269,54.8987],[10.4269,54.8985],[10.427,54.8983],[10.4272,54.8981],[10.4272,54.898],[10.4273,54.898],[10.4274,54.8978],[10.4275,54.8977],[10.4276,54.8976],[10.4279,54.8972],[10.428,54.8971],[10.4281,54.897],[10.4282,54.8968],[10.4282,54.8967],[10.4282,54.8966],[10.4282,54.8965],[10.4282,54.8964],[10.428,54.8963],[10.4279,54.8962],[10.4278,54.8962],[10.4276,54.896],[10.4274,54.8959],[10.4272,54.8958],[10.4269,54.8957],[10.4268,54.8957],[10.4265,54.8956],[10.4263,54.8956],[10.4262,54.8955],[10.426,54.8956],[10.4258,54.8955],[10.4257,54.8955],[10.4255,54.8955],[10.4253,54.8954],[10.425,54.8952],[10.4248,54.8951],[10.4246,54.895],[10.4244,54.8948]],[[10.4268,54.8961],[10.4265,54.8963],[10.4263,54.8963],[10.426,54.8963],[10.4259,54.8962],[10.4258,54.896],[10.4257,54.8959],[10.4257,54.8958],[10.4259,54.8957],[10.426,54.8957],[10.4262,54.8957],[10.4263,54.8957],[10.4265,54.8958],[10.4266,54.8959],[10.4267,54.8959],[10.4269,54.896],[10.4269,54.896],[10.4268,54.8961]],[[10.4231,54.8986],[10.423,54.8986],[10.423,54.8986],[10.423,54.8986],[10.423,54.8985],[10.4231,54.8985],[10.4232,54.8985],[10.4233,54.8985],[10.4233,54.8985],[10.4234,54.8986],[10.4234,54.8986],[10.4234,54.8986],[10.4233,54.8987],[10.4233,54.8987],[10.4232,54.8987],[10.4232,54.8987],[10.4231,54.8987],[10.4231,54.8987],[10.4231,54.8986]]]},"properties":{"sourceId":"ais_par3.145351","a_type":4210,"hectares":14.463}},{"type":"Feature","id":"ais_par3.145596","geometry":{"type":"Polygon","coordinates":[[[10.4596,54.871],[10.4598,54.871],[10.4598,54.871],[10.4605,54.871],[10.4607,54.871],[10.4609,54.871],[10.4609,54.8709],[10.4609,54.8708],[10.461,54.8706],[10.461,54.8705],[10.461,54.8705],[10.4609,54.8704],[10.4609,54.8705],[10.4609,54.8705],[10.4608,54.8706],[10.4608,54.8706],[10.4608,54.8706],[10.4607,54.8706],[10.4607,54.8707],[10.4607,54.8707],[10.4606,54.8707],[10.46,54.8708],[10.4599,54.8707],[10.4597,54.8708],[10.4596,54.871]]]},"properties":{"sourceId":"ais_par3.145596","a_type":4210,"hectares":0.267}},{"type":"Feature","id":"ais_par3.145343","geometry":{"type":"Polygon","coordinates":[[[10.458,54.8405],[10.4576,54.8404],[10.4573,54.8403],[10.4567,54.8402],[10.4564,54.8402],[10.4562,54.8401],[10.4561,54.84],[10.4556,54.8398],[10.4552,54.8397],[10.455,54.8397],[10.4548,54.8397],[10.4546,54.8397],[10.4544,54.8398],[10.4542,54.8398],[10.4541,54.8398],[10.4539,54.8398],[10.4538,54.8398],[10.4533,54.8396],[10.4529,54.8395],[10.4528,54.8395],[10.4526,54.8394],[10.4525,54.8394],[10.4524,54.8394],[10.4523,54.8393],[10.452,54.8391],[10.4515,54.8388],[10.4513,54.8386],[10.4511,54.8386],[10.4508,54.8385],[10.4506,54.8385],[10.4504,54.8384],[10.4503,54.8384],[10.4501,54.8383],[10.45,54.8382],[10.4493,54.8378],[10.4489,54.8375],[10.4488,54.8375],[10.4487,54.8374],[10.4476,54.8369],[10.4475,54.8369],[10.4463,54.837],[10.4458,54.8371],[10.4453,54.8373],[10.4444,54.8377],[10.4438,54.838],[10.4433,54.8382],[10.4429,54.8385],[10.4425,54.8387],[10.4424,54.8388],[10.4424,54.8388],[10.4424,54.8388],[10.4423,54.8389],[10.4426,54.839],[10.4435,54.8396],[10.4436,54.8396],[10.4436,54.8397],[10.447,54.841],[10.447,54.8411],[10.4474,54.8412],[10.4484,54.8416],[10.4485,54.8417],[10.4486,54.8417],[10.4494,54.842],[10.4502,54.8424],[10.4509,54.8427],[10.4511,54.8427],[10.4522,54.8432],[10.4533,54.8437],[10.4534,54.8437],[10.4534,54.8437],[10.4536,54.8438],[10.4547,54.8443],[10.4553,54.8445],[10.4559,54.8448],[10.4569,54.8452],[10.4573,54.8454],[10.4582,54.8457],[10.459,54.8461],[10.4601,54.8465],[10.4603,54.8466],[10.4613,54.847],[10.4615,54.8471],[10.4622,54.8474],[10.4623,54.8474],[10.4626,54.8475],[10.4627,54.8475],[10.4637,54.8467],[10.4655,54.8454],[10.4669,54.8443],[10.467,54.8442],[10.4675,54.8447],[10.4685,54.8453],[10.469,54.8456],[10.4704,54.8457],[10.4697,54.8463],[10.4693,54.8467],[10.469,54.8471],[10.4689,54.8472],[10.4689,54.8472],[10.4692,54.8473],[10.4692,54.8473],[10.4698,54.8475],[10.4703,54.8477],[10.4709,54.8479],[10.4721,54.8483],[10.4722,54.8483],[10.4724,54.8483],[10.4727,54.8483],[10.473,54.8482],[10.4739,54.8479],[10.474,54.8479],[10.4737,54.8474],[10.4734,54.8472],[10.4732,54.8471],[10.4728,54.847],[10.4724,54.8469],[10.4721,54.8468],[10.4721,54.8468],[10.472,54.8467],[10.4714,54.8457],[10.4714,54.8457],[10.4713,54.8456],[10.471,54.8453],[10.4709,54.8452],[10.4707,54.845],[10.4705,54.8448],[10.4705,54.8448],[10.4705,54.8447],[10.4705,54.8447],[10.4705,54.8446],[10.4705,54.8445],[10.4707,54.8441],[10.4709,54.8438],[10.4709,54.8437],[10.471,54.8436],[10.4711,54.8435],[10.4712,54.8433],[10.4712,54.8433],[10.4712,54.8433],[10.4713,54.8432],[10.4713,54.8432],[10.4712,54.8431],[10.4712,54.843],[10.4712,54.8429],[10.4712,54.8428],[10.4711,54.8427],[10.4711,54.8426],[10.4711,54.8425],[10.4711,54.8424],[10.4711,54.8422],[10.4711,54.8421],[10.4709,54.8421],[10.4694,54.842],[10.4686,54.8419],[10.4685,54.8419],[10.4679,54.8419],[10.4672,54.8418],[10.4672,54.8419],[10.4664,54.8419],[10.4664,54.8419],[10.4664,54.842],[10.4662,54.842],[10.4662,54.8419],[10.4659,54.8419],[10.4659,54.8419],[10.4656,54.8419],[10.4656,54.8419],[10.4647,54.8418],[10.4636,54.8412],[10.4633,54.841],[10.4628,54.8409],[10.4624,54.8408],[10.462,54.8407],[10.4616,54.8406],[10.4613,54.8406],[10.461,54.8406],[10.4605,54.8406],[10.4602,54.8407],[10.4601,54.8407],[10.4601,54.8407],[10.4599,54.8407],[10.4597,54.8407],[10.4593,54.8408],[10.4591,54.8408],[10.459,54.8408],[10.4589,54.8408],[10.4588,54.8408],[10.4584,54.8406],[10.458,54.8405]],[[10.4606,54.8409],[10.4606,54.8409],[10.4606,54.8409],[10.4607,54.8409],[10.4607,54.8409],[10.4608,54.8409],[10.4609,54.8409],[10.4609,54.8409],[10.4608,54.841],[10.4608,54.841],[10.4608,54.841],[10.4608,54.841],[10.4607,54.841],[10.4607,54.841],[10.4606,54.841],[10.4606,54.841],[10.4606,54.8409],[10.4606,54.8409]],[[10.4707,54.8439],[10.4707,54.8439],[10.4707,54.8439],[10.4707,54.844],[10.4706,54.844],[10.4706,54.8441],[10.4705,54.844],[10.4704,54.844],[10.4704,54.844],[10.4705,54.8439],[10.4706,54.8439],[10.4707,54.8439]],[[10.4706,54.8467],[10.4706,54.8467],[10.4706,54.8467],[10.4707,54.8467],[10.4708,54.8467],[10.4709,54.8468],[10.4708,54.8468],[10.4707,54.8468],[10.4706,54.8468],[10.4706,54.8467],[10.4706,54.8467]],[[10.4716,54.8475],[10.4717,54.8475],[10.4717,54.8475],[10.4718,54.8475],[10.4718,54.8475],[10.4718,54.8476],[10.4718,54.8476],[10.4717,54.8476],[10.4717,54.8476],[10.4716,54.8476],[10.4716,54.8476],[10.4716,54.8476],[10.4716,54.8475],[10.4716,54.8475],[10.4716,54.8475]],[[10.4627,54.8411],[10.4627,54.8411],[10.4628,54.8411],[10.4628,54.8411],[10.4628,54.8411],[10.4629,54.8411],[10.4629,54.8412],[10.4629,54.8412],[10.4628,54.8412],[10.4628,54.8412],[10.4627,54.8412],[10.4627,54.8412],[10.4627,54.8412],[10.4627,54.8411]]]},"properties":{"sourceId":"ais_par3.145343","a_type":4210,"hectares":89.851}},{"type":"Feature","id":"ais_par3.145344","geometry":{"type":"Polygon","coordinates":[[[10.3869,54.8751],[10.3865,54.8752],[10.3861,54.8754],[10.3858,54.8755],[10.3855,54.8758],[10.3852,54.8761],[10.3857,54.8763],[10.3867,54.8766],[10.3868,54.8765],[10.3873,54.8761],[10.3874,54.876],[10.3875,54.8759],[10.3883,54.8752],[10.3881,54.8752],[10.3878,54.8751],[10.3874,54.8751],[10.3869,54.8751]]]},"properties":{"sourceId":"ais_par3.145344","a_type":4210,"hectares":1.79}},{"type":"Feature","id":"ais_par3.145345","geometry":{"type":"Polygon","coordinates":[[[10.3833,54.8748],[10.3825,54.8746],[10.3824,54.8746],[10.3819,54.8751],[10.3826,54.8753],[10.3833,54.8755],[10.3836,54.8751],[10.3837,54.875],[10.3833,54.8748]]]},"properties":{"sourceId":"ais_par3.145345","a_type":4210,"hectares":0.633}},{"type":"Feature","id":"ais_par3.145346","geometry":{"type":"Polygon","coordinates":[[[10.3804,54.8759],[10.38,54.8764],[10.3799,54.8766],[10.3792,54.8776],[10.3814,54.8783],[10.3814,54.8782],[10.3821,54.877],[10.3821,54.877],[10.3824,54.8766],[10.3825,54.8764],[10.3825,54.8764],[10.3825,54.8764],[10.3804,54.8759]]]},"properties":{"sourceId":"ais_par3.145346","a_type":4210,"hectares":3.254}},{"type":"Feature","id":"ais_par3.145347","geometry":{"type":"Polygon","coordinates":[[[10.3864,54.8803],[10.3862,54.8802],[10.386,54.8802],[10.3859,54.8803],[10.3851,54.881],[10.385,54.8811],[10.3851,54.8811],[10.3854,54.8812],[10.3858,54.8811],[10.3865,54.881],[10.3867,54.8809],[10.3869,54.8808],[10.3871,54.8806],[10.3874,54.8804],[10.3875,54.8803],[10.3878,54.8801],[10.3879,54.88],[10.3881,54.8798],[10.3881,54.8797],[10.3882,54.8796],[10.388,54.8795],[10.3877,54.8795],[10.3875,54.8796],[10.3872,54.8798],[10.3871,54.8799],[10.3869,54.88],[10.3867,54.8802],[10.3866,54.8803],[10.3864,54.8803]]]},"properties":{"sourceId":"ais_par3.145347","a_type":4210,"hectares":1.419}},{"type":"Feature","id":"ais_par3.145348","geometry":{"type":"Polygon","coordinates":[[[10.3831,54.8825],[10.3824,54.8827],[10.3823,54.8839],[10.3826,54.8839],[10.3828,54.8837],[10.3829,54.8836],[10.3831,54.8835],[10.3833,54.8834],[10.3836,54.8833],[10.3838,54.8834],[10.3839,54.8835],[10.3838,54.8837],[10.3838,54.8838],[10.3843,54.8838],[10.3843,54.8838],[10.3844,54.8837],[10.3845,54.8836],[10.3849,54.8831],[10.3851,54.8829],[10.3853,54.8828],[10.3855,54.8828],[10.3855,54.8827],[10.3854,54.8827],[10.3854,54.8826],[10.3854,54.8825],[10.3855,54.8824],[10.3855,54.8823],[10.3856,54.8822],[10.3855,54.8822],[10.3846,54.8823],[10.3831,54.8825]]]},"properties":{"sourceId":"ais_par3.145348","a_type":4210,"hectares":2.289}},{"type":"Feature","id":"ais_par3.145349","geometry":{"type":"Polygon","coordinates":[[[10.3929,54.9103],[10.3915,54.9105],[10.3911,54.9107],[10.3908,54.9109],[10.3907,54.9112],[10.3907,54.9114],[10.3906,54.9117],[10.3905,54.912],[10.3903,54.9122],[10.3903,54.9122],[10.3903,54.9122],[10.3906,54.912],[10.3908,54.9117],[10.391,54.9115],[10.3912,54.9114],[10.3913,54.9114],[10.3914,54.9113],[10.3914,54.9113],[10.3915,54.9113],[10.3915,54.9112],[10.3929,54.9109],[10.3938,54.9107],[10.3944,54.9105],[10.395,54.9103],[10.3953,54.9103],[10.3956,54.9102],[10.3959,54.9101],[10.3963,54.91],[10.3963,54.91],[10.3951,54.9101],[10.3939,54.9101],[10.3934,54.9102],[10.3929,54.9103]]]},"properties":{"sourceId":"ais_par3.145349","a_type":4210,"hectares":1.891}},{"type":"Feature","id":"ais_par3.145350","geometry":{"type":"Polygon","coordinates":[[[10.4042,54.8957],[10.4041,54.8957],[10.404,54.8957],[10.4038,54.8958],[10.4034,54.8958],[10.4032,54.8958],[10.4032,54.8958],[10.4031,54.8958],[10.403,54.8958],[10.4029,54.8957],[10.4025,54.8956],[10.4023,54.8956],[10.4018,54.8958],[10.4017,54.8958],[10.4016,54.8957],[10.4005,54.8961],[10.4014,54.8967],[10.4018,54.8969],[10.4028,54.8975],[10.403,54.8976],[10.4031,54.8977],[10.4033,54.8978],[10.4033,54.8978],[10.4039,54.8981],[10.4046,54.8984],[10.4048,54.8986],[10.4049,54.8987],[10.405,54.8987],[10.4052,54.8989],[10.4058,54.8999],[10.4062,54.8998],[10.4066,54.9001],[10.4071,54.8999],[10.4076,54.8997],[10.4087,54.8994],[10.4094,54.8991],[10.4093,54.899],[10.4094,54.899],[10.4096,54.899],[10.4101,54.899],[10.4102,54.899],[10.4105,54.8989],[10.4114,54.8988],[10.4113,54.899],[10.4111,54.8993],[10.4109,54.8995],[10.4109,54.8995],[10.4108,54.8996],[10.4107,54.8997],[10.4107,54.8998],[10.4099,54.9001],[10.4096,54.9002],[10.4094,54.9003],[10.4085,54.9007],[10.408,54.9008],[10.4074,54.901],[10.4072,54.9011],[10.4071,54.9011],[10.4069,54.9011],[10.4067,54.9011],[10.4066,54.9011],[10.4068,54.9021],[10.4068,54.9021],[10.4068,54.9021],[10.4069,54.9023],[10.4069,54.9024],[10.407,54.9026],[10.407,54.9027],[10.407,54.9028],[10.407,54.9029],[10.4071,54.9031],[10.4071,54.9033],[10.4072,54.9034],[10.4072,54.9036],[10.4072,54.9036],[10.4072,54.9036],[10.4072,54.9037],[10.4073,54.9038],[10.4073,54.9039],[10.4073,54.904],[10.4073,54.9041],[10.4073,54.9042],[10.4072,54.9044],[10.4072,54.9045],[10.4071,54.9048],[10.407,54.905],[10.4069,54.9051],[10.4069,54.9052],[10.4067,54.9054],[10.4065,54.9056],[10.4064,54.9057],[10.4062,54.9058],[10.406,54.906],[10.4058,54.9061],[10.4055,54.9062],[10.4054,54.9063],[10.4052,54.9064],[10.4051,54.9064],[10.4051,54.9064],[10.4049,54.9065],[10.4047,54.9067],[10.4042,54.907],[10.4035,54.9075],[10.4026,54.908],[10.4023,54.9082],[10.4021,54.9083],[10.4019,54.9083],[10.4017,54.9084],[10.4014,54.9085],[10.4003,54.9088],[10.4001,54.9089],[10.3999,54.909],[10.3995,54.9091],[10.3993,54.9092],[10.3992,54.9093],[10.3992,54.9093],[10.3994,54.9093],[10.3995,54.9093],[10.3999,54.9091],[10.3999,54.9092],[10.3999,54.9092],[10.4001,54.9094],[10.4001,54.9094],[10.4005,54.9093],[10.4009,54.9097],[10.4014,54.9101],[10.4014,54.9101],[10.4014,54.9101],[10.4015,54.9101],[10.4016,54.91],[10.4016,54.9099],[10.4017,54.9099],[10.4019,54.9098],[10.4021,54.9098],[10.4028,54.9093],[10.4032,54.9089],[10.4038,54.9085],[10.4044,54.9081],[10.4049,54.9076],[10.405,54.9075],[10.405,54.9075],[10.4051,54.9074],[10.4055,54.9071],[10.4058,54.9068],[10.406,54.9068],[10.4065,54.9064],[10.4072,54.9058],[10.4073,54.9058],[10.4079,54.9054],[10.4081,54.9053],[10.4083,54.9052],[10.4083,54.9051],[10.4085,54.905],[10.409,54.9047],[10.4093,54.9046],[10.4095,54.9045],[10.4097,54.9043],[10.4098,54.9043],[10.4099,54.9042],[10.41,54.9042],[10.41,54.9041],[10.4103,54.904],[10.4108,54.9038],[10.411,54.9037],[10.4111,54.9036],[10.4113,54.9035],[10.4115,54.9034],[10.4118,54.9032],[10.412,54.9031],[10.4122,54.903],[10.4124,54.9029],[10.4126,54.9028],[10.4128,54.9027],[10.4129,54.9026],[10.4131,54.9025],[10.4132,54.9024],[10.4133,54.9024],[10.4133,54.9023],[10.4133,54.9023],[10.4133,54.9023],[10.4132,54.9022],[10.4132,54.9022],[10.4131,54.9021],[10.413,54.9021],[10.413,54.9021],[10.4128,54.902],[10.4127,54.9019],[10.4125,54.9018],[10.4123,54.9017],[10.4121,54.9016],[10.4119,54.9015],[10.4118,54.9015],[10.4118,54.9014],[10.4117,54.9014],[10.4116,54.9013],[10.4116,54.9013],[10.4115,54.9013],[10.4114,54.9012],[10.4114,54.9012],[10.4113,54.9011],[10.4112,54.9011],[10.411,54.901],[10.4108,54.9007],[10.4108,54.9007],[10.4108,54.9007],[10.4108,54.9005],[10.4108,54.9002],[10.4108,54.9001],[10.4108,54.9],[10.4109,54.8999],[10.411,54.8996],[10.4111,54.8995],[10.4111,54.8995],[10.4111,54.8994],[10.4114,54.8988],[10.4115,54.8988],[10.4115,54.8987],[10.4116,54.8986],[10.4117,54.8985],[10.4118,54.8984],[10.4119,54.8981],[10.412,54.8981],[10.412,54.8981],[10.412,54.8981],[10.4119,54.8981],[10.4118,54.898],[10.4117,54.898],[10.4116,54.898],[10.4115,54.898],[10.4113,54.8981],[10.4112,54.8981],[10.411,54.8982],[10.4109,54.8982],[10.4108,54.8983],[10.4108,54.8984],[10.4108,54.8984],[10.4109,54.8984],[10.411,54.8984],[10.411,54.8983],[10.4111,54.8983],[10.4112,54.8984],[10.4112,54.8984],[10.4113,54.8984],[10.4112,54.8985],[10.4111,54.8985],[10.4111,54.8985],[10.4111,54.8986],[10.411,54.8988],[10.4108,54.8988],[10.4092,54.899],[10.4088,54.899],[10.4082,54.8988],[10.4082,54.8988],[10.4076,54.8989],[10.4073,54.8989],[10.4069,54.8987],[10.4068,54.8986],[10.4066,54.8985],[10.4064,54.8983],[10.4056,54.8982],[10.4056,54.8979],[10.4057,54.8978],[10.4059,54.8978],[10.406,54.8977],[10.4053,54.8972],[10.4053,54.8969],[10.4052,54.8966],[10.4053,54.8962],[10.4055,54.8959],[10.4062,54.8952],[10.4065,54.895],[10.4067,54.8949],[10.4068,54.8947],[10.4073,54.8944],[10.4078,54.894],[10.4078,54.894],[10.4076,54.894],[10.4071,54.8943],[10.4063,54.8947],[10.4063,54.8947],[10.4061,54.8948],[10.4058,54.895],[10.4054,54.8951],[10.4048,54.8954],[10.4043,54.8956],[10.4042,54.8957]],[[10.412,54.9029],[10.412,54.9029],[10.4119,54.903],[10.4118,54.9031],[10.4117,54.9031],[10.4116,54.9032],[10.4114,54.9032],[10.4113,54.9032],[10.4112,54.9032],[10.4111,54.9032],[10.411,54.9032],[10.4109,54.9033],[10.4109,54.9033],[10.4108,54.9033],[10.4108,54.9033],[10.4107,54.9033],[10.4107,54.9033],[10.4106,54.9033],[10.4106,54.9034],[10.4105,54.9034],[10.4104,54.9034],[10.4104,54.9034],[10.4104,54.9033],[10.4104,54.9033],[10.4103,54.9033],[10.4103,54.9033],[10.4102,54.9033],[10.4101,54.9033],[10.4101,54.9033],[10.4101,54.9034],[10.4101,54.9034],[10.4099,54.9036],[10.4098,54.9036],[10.4092,54.9035],[10.409,54.9032],[10.4089,54.9031],[10.4088,54.9031],[10.4086,54.903],[10.4086,54.903],[10.4086,54.9029],[10.4085,54.9029],[10.4085,54.9028],[10.4083,54.9027],[10.4083,54.9027],[10.4082,54.9026],[10.4082,54.9026],[10.4082,54.9025],[10.4082,54.9024],[10.4082,54.9024],[10.4082,54.9023],[10.4082,54.9023],[10.4084,54.9024],[10.4085,54.9025],[10.4085,54.9025],[10.4086,54.9026],[10.4087,54.9026],[10.4087,54.9027],[10.4088,54.9027],[10.4089,54.9027],[10.409,54.9028],[10.409,54.9028],[10.4091,54.9029],[10.4091,54.9029],[10.4092,54.903],[10.4092,54.9029],[10.4093,54.9029],[10.4093,54.903],[10.4094,54.903],[10.4095,54.9031],[10.4096,54.9031],[10.4097,54.9031],[10.4098,54.9032],[10.4098,54.9032],[10.4099,54.9031],[10.4099,54.9031],[10.41,54.9031],[10.4101,54.9031],[10.4101,54.9032],[10.4101,54.9032],[10.4102,54.9032],[10.4102,54.9032],[10.4103,54.9031],[10.4102,54.9031],[10.4102,54.903],[10.4101,54.903],[10.4101,54.9029],[10.41,54.9029],[10.4099,54.9028],[10.4099,54.9028],[10.4098,54.9028],[10.4096,54.9027],[10.4096,54.9027],[10.4096,54.9027],[10.4094,54.9024],[10.4094,54.9022],[10.4096,54.902],[10.4096,54.9018],[10.4098,54.9017],[10.4098,54.9017],[10.4099,54.9016],[10.4099,54.9015],[10.4099,54.9014],[10.4098,54.9013],[10.4098,54.9012],[10.4097,54.9011],[10.4097,54.9011],[10.4097,54.9011],[10.4097,54.9011],[10.4097,54.9009],[10.41,54.9007],[10.4102,54.9007],[10.4103,54.9008],[10.4103,54.901],[10.4103,54.901],[10.4103,54.901],[10.4104,54.9011],[10.4105,54.9011],[10.4106,54.9011],[10.4107,54.9011],[10.4107,54.9011],[10.4108,54.9012],[10.4108,54.9013],[10.4108,54.9013],[10.4108,54.9013],[10.4108,54.9014],[10.4108,54.9014],[10.4108,54.9014],[10.4106,54.9016],[10.4106,54.9017],[10.4106,54.9017],[10.4106,54.9018],[10.4106,54.9019],[10.4107,54.902],[10.4108,54.9022],[10.4108,54.9022],[10.4107,54.9023],[10.4107,54.9025],[10.4108,54.9026],[10.4109,54.9027],[10.4115,54.9027],[10.4115,54.9027],[10.4115,54.9028],[10.4116,54.9028],[10.4117,54.9028],[10.4118,54.9028],[10.4119,54.9028],[10.412,54.9029]],[[10.4026,54.8959],[10.4026,54.8959],[10.4027,54.896],[10.4027,54.896],[10.4027,54.896],[10.4028,54.896],[10.4028,54.896],[10.4029,54.8961],[10.4029,54.8961],[10.403,54.8962],[10.403,54.8962],[10.403,54.8962],[10.4031,54.8962],[10.4031,54.8963],[10.4031,54.8963],[10.4031,54.8964],[10.4031,54.8964],[10.403,54.8964],[10.403,54.8964],[10.4029,54.8964],[10.4028,54.8964],[10.4026,54.8965],[10.4025,54.8965],[10.4024,54.8965],[10.4023,54.8965],[10.4023,54.8964],[10.4022,54.8964],[10.4021,54.8964],[10.4021,54.8963],[10.4021,54.8963],[10.4022,54.8963],[10.4022,54.8963],[10.4022,54.8962],[10.4022,54.8962],[10.4022,54.8962],[10.4021,54.8962],[10.402,54.8962],[10.402,54.8962],[10.4019,54.8962],[10.4018,54.8962],[10.4018,54.8962],[10.4017,54.8962],[10.4016,54.8962],[10.4016,54.8962],[10.4016,54.8962],[10.4016,54.8961],[10.4016,54.8961],[10.4017,54.896],[10.4017,54.896],[10.4018,54.896],[10.4019,54.896],[10.402,54.896],[10.4021,54.8959],[10.4022,54.8959],[10.4023,54.8959],[10.4024,54.8959],[10.4025,54.8959],[10.4025,54.8959],[10.4026,54.8959]],[[10.4082,54.8991],[10.4082,54.8991],[10.4081,54.8992],[10.408,54.8993],[10.4078,54.8993],[10.4076,54.8994],[10.4073,54.8995],[10.4072,54.8995],[10.4073,54.8994],[10.4073,54.8994],[10.4075,54.8992],[10.4076,54.8991],[10.4079,54.8991],[10.4081,54.899],[10.4082,54.899],[10.4082,54.8991]],[[10.4064,54.8987],[10.4065,54.8987],[10.4065,54.8987],[10.4066,54.8987],[10.4066,54.8987],[10.4066,54.8988],[10.4067,54.8988],[10.4067,54.8988],[10.4068,54.8989],[10.4069,54.8989],[10.4069,54.8989],[10.407,54.8989],[10.407,54.899],[10.4069,54.899],[10.4068,54.8991],[10.4068,54.8991],[10.4067,54.8991],[10.4065,54.8991],[10.4064,54.8991],[10.4064,54.8991],[10.4063,54.899],[10.4063,54.899],[10.4063,54.899],[10.4063,54.8989],[10.4063,54.8989],[10.4063,54.8989],[10.4063,54.8988],[10.4063,54.8988],[10.4063,54.8987],[10.4063,54.8987],[10.4064,54.8987],[10.4064,54.8987]],[[10.4001,54.9093],[10.4001,54.9093],[10.4001,54.9093],[10.4,54.9093],[10.4,54.9093],[10.4,54.9093],[10.4,54.9092],[10.4001,54.9092],[10.4001,54.9092],[10.4001,54.9092],[10.4002,54.9092],[10.4002,54.9092],[10.4003,54.9093],[10.4003,54.9093],[10.4002,54.9093],[10.4002,54.9093],[10.4001,54.9093]]]},"properties":{"sourceId":"ais_par3.145350","a_type":4210,"hectares":27.255}},{"type":"Feature","id":"ais_par3.145352","geometry":{"type":"Polygon","coordinates":[[[10.4313,54.8809],[10.4311,54.881],[10.4309,54.8812],[10.4306,54.8813],[10.4304,54.8814],[10.4302,54.8815],[10.4302,54.8815],[10.4301,54.8815],[10.4298,54.8816],[10.4296,54.8817],[10.4294,54.8818],[10.4289,54.8819],[10.4287,54.882],[10.4284,54.8821],[10.4284,54.8821],[10.4283,54.8821],[10.4273,54.8822],[10.4269,54.8822],[10.4268,54.8822],[10.4266,54.8822],[10.4263,54.8822],[10.4261,54.8821],[10.4259,54.8821],[10.4256,54.8821],[10.4248,54.8821],[10.4243,54.8821],[10.4245,54.8822],[10.4245,54.8822],[10.4248,54.8822],[10.425,54.8823],[10.4252,54.8823],[10.4255,54.8823],[10.4258,54.8824],[10.4261,54.8824],[10.4268,54.8824],[10.427,54.8824],[10.4272,54.8824],[10.4274,54.8824],[10.4276,54.8824],[10.4278,54.8824],[10.428,54.8823],[10.4282,54.8824],[10.4284,54.8824],[10.4286,54.8824],[10.4287,54.8824],[10.4289,54.8824],[10.4291,54.8824],[10.4293,54.8824],[10.4294,54.8824],[10.4296,54.8824],[10.4297,54.8824],[10.4301,54.8824],[10.4303,54.8824],[10.4304,54.8824],[10.4305,54.8824],[10.4306,54.8824],[10.4314,54.8821],[10.4316,54.8821],[10.432,54.8819],[10.4336,54.8812],[10.4348,54.8806],[10.4359,54.8801],[10.4365,54.8797],[10.4371,54.8791],[10.4371,54.8787],[10.4367,54.8785],[10.4365,54.8785],[10.4364,54.8785],[10.4364,54.8786],[10.4365,54.8788],[10.4365,54.8788],[10.4365,54.8789],[10.4364,54.8789],[10.4364,54.8789],[10.4362,54.8791],[10.4361,54.8793],[10.436,54.8793],[10.436,54.8793],[10.4359,54.8794],[10.4359,54.8794],[10.4358,54.8794],[10.4357,54.8794],[10.4356,54.8794],[10.4349,54.8795],[10.4348,54.8795],[10.4336,54.88],[10.4331,54.8802],[10.4323,54.8805],[10.4323,54.8805],[10.432,54.8807],[10.4316,54.8808],[10.4316,54.8808],[10.4315,54.8809],[10.4313,54.8809]]]},"properties":{"sourceId":"ais_par3.145352","a_type":4210,"hectares":6.642}},{"type":"Feature","id":"ais_par3.145353","geometry":{"type":"Polygon","coordinates":[[[10.3816,54.8842],[10.3807,54.8843],[10.3795,54.8843],[10.3784,54.8843],[10.3788,54.8843],[10.3797,54.8844],[10.3805,54.8846],[10.3811,54.8847],[10.3821,54.8851],[10.3836,54.8863],[10.3837,54.8864],[10.3838,54.8863],[10.383,54.8854],[10.383,54.8854],[10.383,54.8854],[10.3828,54.8852],[10.3826,54.885],[10.3819,54.8843],[10.3817,54.8843],[10.3816,54.8842],[10.3816,54.8842],[10.3816,54.8842]]]},"properties":{"sourceId":"ais_par3.145353","a_type":4210,"hectares":1.354}},{"type":"Feature","id":"ais_par3.145354","geometry":{"type":"Polygon","coordinates":[[[10.2173,54.967],[10.2173,54.967],[10.2171,54.9671],[10.2169,54.9672],[10.2168,54.9674],[10.2167,54.9674],[10.2167,54.9674],[10.2167,54.9674],[10.2166,54.9675],[10.2157,54.9678],[10.2155,54.9679],[10.2154,54.968],[10.2148,54.9682],[10.2146,54.9684],[10.2145,54.9685],[10.2144,54.9685],[10.2143,54.9685],[10.2141,54.9686],[10.2139,54.9688],[10.2137,54.969],[10.2136,54.9691],[10.2135,54.9692],[10.2134,54.9693],[10.2135,54.9693],[10.2135,54.9693],[10.2135,54.9692],[10.2136,54.9692],[10.2136,54.9691],[10.2137,54.9691],[10.2137,54.969],[10.2138,54.969],[10.214,54.9689],[10.2143,54.9687],[10.2145,54.9687],[10.2147,54.9686],[10.2149,54.9686],[10.2151,54.9685],[10.2152,54.9685],[10.2152,54.9685],[10.2153,54.9685],[10.2166,54.9687],[10.2171,54.9686],[10.2182,54.9685],[10.2184,54.9685],[10.2184,54.9685],[10.2181,54.9685],[10.2175,54.9683],[10.2173,54.9683],[10.2172,54.9683],[10.2172,54.9683],[10.2172,54.9683],[10.2171,54.9682],[10.2171,54.9682],[10.2171,54.9681],[10.2171,54.9681],[10.2172,54.9681],[10.2172,54.968],[10.2173,54.968],[10.2174,54.9681],[10.2175,54.9681],[10.2175,54.9681],[10.2176,54.9681],[10.2177,54.9681],[10.2177,54.9681],[10.2177,54.9681],[10.2178,54.9681],[10.2178,54.9681],[10.2179,54.9682],[10.218,54.9682],[10.2184,54.9684],[10.2187,54.9681],[10.2189,54.9681],[10.2189,54.9681],[10.219,54.9681],[10.2188,54.9681],[10.2189,54.968],[10.2189,54.968],[10.2187,54.9681],[10.2186,54.9681],[10.2186,54.968],[10.2188,54.9679],[10.2189,54.9679],[10.219,54.9679],[10.2191,54.9679],[10.2192,54.968],[10.2192,54.9679],[10.2192,54.9678],[10.219,54.9677],[10.219,54.9677],[10.2187,54.9675],[10.2185,54.9675],[10.2184,54.9673],[10.2185,54.9672],[10.2189,54.9671],[10.2192,54.9671],[10.22,54.9674],[10.2202,54.9675],[10.2203,54.9675],[10.2203,54.9675],[10.2204,54.9675],[10.2204,54.9676],[10.2204,54.9677],[10.2203,54.9677],[10.2201,54.9677],[10.2199,54.9679],[10.2198,54.968],[10.2198,54.9681],[10.2198,54.9682],[10.2197,54.9682],[10.2195,54.9682],[10.2195,54.9683],[10.2191,54.9683],[10.2189,54.9685],[10.2187,54.9686],[10.2188,54.9686],[10.2198,54.9685],[10.2209,54.9686],[10.221,54.9686],[10.221,54.9685],[10.2211,54.9685],[10.2211,54.9685],[10.2212,54.9684],[10.2212,54.9684],[10.2213,54.9684],[10.2213,54.9684],[10.2213,54.9685],[10.2213,54.9685],[10.2214,54.9686],[10.2215,54.9686],[10.2215,54.9686],[10.2215,54.9687],[10.2216,54.9687],[10.2216,54.9688],[10.2216,54.9689],[10.2218,54.9689],[10.2216,54.9685],[10.2209,54.967],[10.221,54.9656],[10.221,54.9656],[10.2211,54.9655],[10.2211,54.9654],[10.2211,54.9653],[10.2211,54.9651],[10.2211,54.965],[10.2212,54.9647],[10.2213,54.9645],[10.2214,54.964],[10.2215,54.9638],[10.2216,54.9637],[10.2214,54.9637],[10.2213,54.9637],[10.2213,54.9638],[10.2211,54.9639],[10.221,54.964],[10.2209,54.9642],[10.2208,54.9643],[10.2206,54.9645],[10.2202,54.9649],[10.22,54.9651],[10.2196,54.9654],[10.2195,54.9655],[10.2194,54.9655],[10.2193,54.9656],[10.2193,54.9656],[10.2192,54.9657],[10.2191,54.9658],[10.2187,54.966],[10.2185,54.9662],[10.2185,54.9662],[10.2184,54.9663],[10.2183,54.9664],[10.2182,54.9664],[10.2182,54.9665],[10.2181,54.9666],[10.2176,54.9668],[10.2173,54.967]],[[10.2204,54.9655],[10.2204,54.9656],[10.2204,54.9656],[10.2204,54.9656],[10.2205,54.9657],[10.2205,54.9657],[10.2205,54.9658],[10.2206,54.9658],[10.2206,54.9658],[10.2206,54.9658],[10.2207,54.9658],[10.2207,54.9659],[10.2207,54.9659],[10.2207,54.9659],[10.2207,54.966],[10.2207,54.966],[10.2206,54.9661],[10.2207,54.9661],[10.2207,54.9661],[10.2208,54.9662],[10.2208,54.9662],[10.2208,54.9663],[10.2208,54.9663],[10.2208,54.9663],[10.2208,54.9664],[10.2208,54.9664],[10.2208,54.9665],[10.2208,54.9665],[10.2208,54.9666],[10.2208,54.9666],[10.2207,54.9666],[10.2207,54.9667],[10.2207,54.9667],[10.2207,54.9668],[10.2207,54.9668],[10.2207,54.9668],[10.2208,54.9669],[10.2207,54.9669],[10.2207,54.9669],[10.2207,54.9669],[10.2198,54.9671],[10.2198,54.9671],[10.2198,54.9671],[10.2198,54.9671],[10.2198,54.9671],[10.2198,54.9671],[10.2198,54.967],[10.2198,54.967],[10.2197,54.967],[10.2197,54.967],[10.2196,54.9671],[10.2196,54.9671],[10.2195,54.9671],[10.2194,54.967],[10.2194,54.967],[10.2193,54.967],[10.2192,54.967],[10.2191,54.967],[10.2191,54.967],[10.2189,54.967],[10.2189,54.967],[10.2189,54.9668],[10.2189,54.9668],[10.2191,54.9667],[10.2192,54.9666],[10.2192,54.9666],[10.2192,54.9665],[10.2192,54.9665],[10.2193,54.9665],[10.2193,54.9664],[10.2193,54.9664],[10.2193,54.9664],[10.2193,54.9663],[10.2194,54.9663],[10.2195,54.9662],[10.2194,54.9662],[10.2194,54.9662],[10.2195,54.9662],[10.2196,54.9662],[10.2196,54.9662],[10.2197,54.9662],[10.2197,54.9661],[10.2196,54.9661],[10.2196,54.9661],[10.2196,54.9661],[10.2196,54.966],[10.2196,54.9661],[10.2197,54.9661],[10.2197,54.966],[10.2197,54.966],[10.2197,54.966],[10.2197,54.9659],[10.2197,54.9659],[10.2198,54.9659],[10.2198,54.9659],[10.2198,54.9659],[10.2198,54.9658],[10.2199,54.9658],[10.2199,54.9658],[10.22,54.9658],[10.22,54.9658],[10.2201,54.9658],[10.2201,54.9658],[10.2201,54.9658],[10.2201,54.9656],[10.2202,54.9656],[10.2203,54.9655],[10.2203,54.9655],[10.2204,54.9655]]]},"properties":{"sourceId":"ais_par3.145354","a_type":4210,"hectares":7.271}},{"type":"Feature","id":"ais_par3.145355","geometry":{"type":"Polygon","coordinates":[[[10.2194,54.9681],[10.2194,54.9681],[10.2193,54.968],[10.2194,54.9681]]]},"properties":{"sourceId":"ais_par3.145355","a_type":4210,"hectares":0.001}},{"type":"Feature","id":"ais_par3.145356","geometry":{"type":"Polygon","coordinates":[[[10.4059,54.8245],[10.4059,54.8245],[10.4058,54.8246],[10.4056,54.8247],[10.4055,54.8247],[10.4053,54.8249],[10.405,54.8251],[10.4049,54.8251],[10.4047,54.8252],[10.4045,54.8253],[10.4044,54.8254],[10.4041,54.8256],[10.4037,54.8259],[10.4031,54.8261],[10.4017,54.8269],[10.4014,54.8271],[10.4013,54.8271],[10.4012,54.8272],[10.4007,54.8275],[10.4003,54.8276],[10.4001,54.8277],[10.4,54.8277],[10.3997,54.8278],[10.3995,54.828],[10.3994,54.828],[10.3993,54.8281],[10.3992,54.8282],[10.399,54.8282],[10.3989,54.8283],[10.3987,54.8284],[10.3985,54.8284],[10.3981,54.8286],[10.3978,54.8288],[10.3975,54.8289],[10.3961,54.8294],[10.3956,54.8296],[10.3953,54.8297],[10.395,54.8298],[10.3942,54.8301],[10.3936,54.8302],[10.3927,54.8304],[10.3926,54.8305],[10.3922,54.8306],[10.3916,54.8308],[10.3911,54.8309],[10.3907,54.8311],[10.3905,54.8311],[10.3898,54.8314],[10.39,54.8314],[10.3908,54.8312],[10.3912,54.8312],[10.3916,54.8311],[10.393,54.8308],[10.3933,54.8308],[10.3933,54.8308],[10.3932,54.8306],[10.3932,54.8305],[10.3963,54.8298],[10.3965,54.8298],[10.3967,54.83],[10.3985,54.8296],[10.3988,54.8295],[10.4013,54.8287],[10.4009,54.8279],[10.4019,54.8274],[10.4022,54.8278],[10.4025,54.8278],[10.4027,54.8277],[10.4029,54.8276],[10.4031,54.8275],[10.4037,54.8273],[10.4043,54.8271],[10.4049,54.8269],[10.4051,54.8269],[10.4053,54.8269],[10.4055,54.8269],[10.4055,54.8269],[10.4057,54.8268],[10.4062,54.8267],[10.4065,54.8266],[10.4067,54.8265],[10.4069,54.8263],[10.4073,54.8259],[10.4074,54.8258],[10.4076,54.8257],[10.4078,54.8256],[10.408,54.8256],[10.4082,54.8256],[10.4085,54.8254],[10.4088,54.8252],[10.409,54.825],[10.4093,54.8247],[10.4098,54.8244],[10.4104,54.824],[10.4109,54.8237],[10.4109,54.8236],[10.4116,54.823],[10.4118,54.8227],[10.4118,54.8227],[10.4118,54.8227],[10.4119,54.8226],[10.4119,54.8226],[10.4119,54.8226],[10.4119,54.822],[10.412,54.8208],[10.412,54.8206],[10.4119,54.8203],[10.4119,54.8201],[10.4131,54.8196],[10.4126,54.8197],[10.4123,54.8198],[10.4118,54.82],[10.4115,54.8201],[10.4113,54.8202],[10.411,54.8203],[10.411,54.8204],[10.411,54.8205],[10.411,54.8206],[10.4109,54.8207],[10.4109,54.8207],[10.4109,54.8209],[10.4108,54.821],[10.4107,54.8211],[10.4105,54.8212],[10.4104,54.8214],[10.4104,54.8215],[10.4102,54.8215],[10.4099,54.8217],[10.4092,54.8219],[10.409,54.822],[10.4088,54.8221],[10.4087,54.8221],[10.4087,54.8222],[10.4087,54.8222],[10.4083,54.8224],[10.4081,54.8224],[10.408,54.8224],[10.4078,54.8224],[10.4076,54.8224],[10.4075,54.8225],[10.4073,54.8225],[10.4071,54.8227],[10.407,54.8229],[10.4069,54.8231],[10.4067,54.8235],[10.4065,54.8237],[10.4062,54.8241],[10.4062,54.8242],[10.4062,54.8242],[10.406,54.8243],[10.4059,54.8245]]]},"properties":{"sourceId":"ais_par3.145356","a_type":4210,"hectares":22.802}},{"type":"Feature","id":"ais_par3.145365","geometry":{"type":"Polygon","coordinates":[[[10.3756,54.8799],[10.3759,54.88],[10.3768,54.8802],[10.3773,54.8803],[10.3777,54.8804],[10.3781,54.8805],[10.3784,54.8805],[10.3785,54.8805],[10.3786,54.8804],[10.3786,54.8803],[10.3786,54.8802],[10.3786,54.88],[10.3783,54.8799],[10.378,54.8798],[10.3777,54.8798],[10.377,54.8796],[10.3771,54.8796],[10.3772,54.8795],[10.3773,54.8794],[10.3774,54.8794],[10.3775,54.8793],[10.3775,54.8792],[10.3775,54.8792],[10.3775,54.8791],[10.3775,54.8791],[10.3775,54.879],[10.3774,54.879],[10.3773,54.8789],[10.3757,54.8785],[10.3757,54.8784],[10.3757,54.8783],[10.3759,54.8781],[10.3763,54.8778],[10.3765,54.8769],[10.3766,54.8769],[10.3764,54.8769],[10.3762,54.8772],[10.376,54.8776],[10.3757,54.8776],[10.3757,54.8776],[10.3757,54.8778],[10.3753,54.8781],[10.375,54.8786],[10.3749,54.879],[10.3754,54.8791],[10.3754,54.8791],[10.3752,54.8803],[10.3746,54.8807],[10.3744,54.8808],[10.3746,54.8809],[10.3739,54.8814],[10.3733,54.8818],[10.3728,54.8819],[10.3728,54.8819],[10.3728,54.8819],[10.3728,54.882],[10.3727,54.882],[10.3725,54.8823],[10.3721,54.8827],[10.3719,54.8829],[10.3718,54.883],[10.3717,54.8831],[10.3713,54.8834],[10.3712,54.8836],[10.3711,54.8837],[10.3707,54.8842],[10.3705,54.8844],[10.3704,54.8845],[10.3703,54.8847],[10.37,54.8852],[10.3699,54.8854],[10.3696,54.8858],[10.3695,54.886],[10.3695,54.8861],[10.3694,54.8863],[10.3694,54.8865],[10.3694,54.8867],[10.3693,54.8871],[10.3693,54.8875],[10.3693,54.8875],[10.3693,54.8876],[10.3693,54.8876],[10.3692,54.8879],[10.3693,54.888],[10.3695,54.888],[10.3698,54.8878],[10.3701,54.8876],[10.3701,54.8876],[10.3702,54.8876],[10.3702,54.8875],[10.3702,54.8875],[10.3701,54.8875],[10.37,54.8874],[10.37,54.8874],[10.37,54.8874],[10.3699,54.8872],[10.3699,54.8871],[10.3698,54.8871],[10.3698,54.8871],[10.3699,54.8871],[10.3699,54.887],[10.3698,54.887],[10.3698,54.887],[10.3698,54.887],[10.3698,54.8869],[10.3698,54.8869],[10.3698,54.8869],[10.3698,54.8869],[10.3698,54.8868],[10.3698,54.8868],[10.3698,54.8867],[10.3698,54.8867],[10.3699,54.8867],[10.3702,54.8864],[10.3702,54.8864],[10.3702,54.8864],[10.3702,54.8863],[10.3702,54.8863],[10.3702,54.8862],[10.3703,54.8862],[10.3703,54.8862],[10.3705,54.886],[10.3705,54.8859],[10.3705,54.8859],[10.3705,54.8858],[10.3705,54.8858],[10.3705,54.8858],[10.3705,54.8857],[10.3706,54.8857],[10.3706,54.8857],[10.3706,54.8856],[10.371,54.8854],[10.3712,54.885],[10.3711,54.8849],[10.3711,54.8849],[10.3709,54.8848],[10.3709,54.8848],[10.3709,54.8847],[10.371,54.8847],[10.3709,54.8846],[10.371,54.8846],[10.371,54.8846],[10.371,54.8846],[10.3711,54.8846],[10.3711,54.8846],[10.3712,54.8846],[10.3716,54.8845],[10.3716,54.8844],[10.3719,54.8843],[10.3714,54.8843],[10.3712,54.8843],[10.3712,54.8842],[10.3713,54.8842],[10.3724,54.8842],[10.3732,54.8842],[10.3739,54.8842],[10.3746,54.8842],[10.3754,54.8842],[10.376,54.8842],[10.3766,54.8842],[10.3767,54.8841],[10.3775,54.8841],[10.3781,54.8841],[10.3786,54.8841],[10.3797,54.8841],[10.3804,54.8841],[10.3804,54.8839],[10.3803,54.8838],[10.3803,54.8837],[10.3802,54.8837],[10.3801,54.8837],[10.38,54.8836],[10.3799,54.8836],[10.3798,54.8836],[10.3796,54.8835],[10.3795,54.8834],[10.3794,54.8834],[10.3794,54.8832],[10.3794,54.8832],[10.3796,54.8831],[10.3798,54.883],[10.38,54.883],[10.3802,54.883],[10.3799,54.8829],[10.3798,54.8828],[10.3796,54.8828],[10.3794,54.8828],[10.3793,54.8828],[10.3793,54.8828],[10.3792,54.8827],[10.379,54.8828],[10.379,54.883],[10.379,54.883],[10.3791,54.883],[10.3791,54.8831],[10.3791,54.8831],[10.3792,54.8831],[10.3792,54.8831],[10.3792,54.8832],[10.3792,54.8833],[10.3792,54.8833],[10.3791,54.8833],[10.379,54.8833],[10.3788,54.8832],[10.3786,54.8832],[10.3787,54.8833],[10.3787,54.8833],[10.3788,54.8834],[10.3789,54.8834],[10.3789,54.8835],[10.379,54.8839],[10.3765,54.8839],[10.3764,54.8836],[10.3718,54.8834],[10.3719,54.8832],[10.3724,54.8828],[10.3728,54.8825],[10.373,54.8823],[10.3734,54.882],[10.3736,54.8818],[10.374,54.8815],[10.3741,54.8814],[10.3741,54.8814],[10.3743,54.8812],[10.3746,54.8811],[10.3746,54.881],[10.3747,54.881],[10.3747,54.881],[10.3747,54.881],[10.3751,54.8809],[10.375,54.8809],[10.375,54.8809],[10.375,54.8808],[10.375,54.8808],[10.375,54.8808],[10.3751,54.8807],[10.3755,54.8804],[10.3756,54.8803],[10.3756,54.8802],[10.3756,54.8799]]]},"properties":{"sourceId":"ais_par3.145365","a_type":4210,"hectares":10.458}},{"type":"Feature","id":"ais_par3.145597","geometry":{"type":"Polygon","coordinates":[[[10.4506,54.8719],[10.4506,54.8719],[10.4507,54.872],[10.4508,54.872],[10.4509,54.872],[10.4509,54.872],[10.451,54.8719],[10.4511,54.8719],[10.4512,54.8719],[10.4512,54.8719],[10.4512,54.8719],[10.4513,54.8718],[10.4513,54.8718],[10.4514,54.8718],[10.4514,54.8717],[10.4514,54.8717],[10.4514,54.8717],[10.4513,54.8716],[10.4512,54.8717],[10.4506,54.8719]]]},"properties":{"sourceId":"ais_par3.145597","a_type":4210,"hectares":0.086}},{"type":"Feature","id":"ais_par3.145598","geometry":{"type":"Polygon","coordinates":[[[10.5346,54.8484],[10.5345,54.8485],[10.5345,54.8485],[10.5343,54.8487],[10.534,54.8488],[10.5338,54.8487],[10.5336,54.8488],[10.5335,54.8489],[10.5335,54.8489],[10.5334,54.8489],[10.5333,54.8489],[10.5332,54.849],[10.5326,54.849],[10.5325,54.849],[10.5324,54.849],[10.5323,54.849],[10.5323,54.849],[10.5318,54.8492],[10.5318,54.8492],[10.5318,54.8492],[10.5317,54.8492],[10.5316,54.8492],[10.5314,54.8492],[10.5314,54.8492],[10.5314,54.8492],[10.5314,54.8491],[10.5315,54.8491],[10.5317,54.8489],[10.5316,54.8489],[10.5316,54.8489],[10.5316,54.8489],[10.5315,54.8489],[10.5315,54.8489],[10.5313,54.8491],[10.5312,54.8492],[10.5311,54.8492],[10.5311,54.8492],[10.531,54.8492],[10.531,54.8492],[10.5308,54.8492],[10.5308,54.8493],[10.5307,54.8492],[10.5307,54.8492],[10.5306,54.8493],[10.5305,54.8493],[10.5305,54.8493],[10.5305,54.8493],[10.5304,54.8493],[10.5303,54.8494],[10.5303,54.8494],[10.5302,54.8494],[10.5301,54.8495],[10.5301,54.8495],[10.5299,54.8495],[10.5294,54.8496],[10.5291,54.8497],[10.5291,54.8497],[10.5291,54.8497],[10.529,54.8497],[10.529,54.8497],[10.5289,54.8498],[10.5288,54.8499],[10.5288,54.8499],[10.5289,54.8499],[10.5289,54.85],[10.5289,54.85],[10.5288,54.85],[10.5288,54.85],[10.5288,54.8501],[10.5287,54.8502],[10.5285,54.8502],[10.5282,54.8502],[10.5282,54.8502],[10.5285,54.8503],[10.5287,54.8503],[10.5288,54.8503],[10.5289,54.8503],[10.5292,54.8502],[10.5292,54.8502],[10.5293,54.8502],[10.5294,54.8501],[10.5296,54.8501],[10.5304,54.8499],[10.5305,54.8499],[10.5305,54.85],[10.5304,54.85],[10.5301,54.8501],[10.5301,54.8501],[10.5291,54.8504],[10.5282,54.8508],[10.528,54.8508],[10.5279,54.8509],[10.5277,54.8511],[10.5274,54.8511],[10.5273,54.8511],[10.5273,54.8511],[10.5273,54.851],[10.5273,54.851],[10.5272,54.851],[10.5268,54.8508],[10.5268,54.8508],[10.5268,54.8508],[10.5268,54.8508],[10.5267,54.8507],[10.5267,54.8507],[10.5267,54.8507],[10.5266,54.8507],[10.5266,54.8507],[10.5266,54.8506],[10.5266,54.8506],[10.5266,54.8505],[10.5266,54.8504],[10.5266,54.8504],[10.5266,54.8504],[10.5266,54.8503],[10.5266,54.8503],[10.5266,54.8503],[10.5266,54.8502],[10.5266,54.8502],[10.5267,54.8502],[10.5267,54.8502],[10.5267,54.8502],[10.5267,54.8502],[10.5268,54.8502],[10.5268,54.8501],[10.5268,54.8501],[10.5269,54.8501],[10.5269,54.8501],[10.5269,54.85],[10.5269,54.8499],[10.5269,54.8499],[10.5269,54.8499],[10.5269,54.8499],[10.527,54.8498],[10.5268,54.8497],[10.5268,54.8497],[10.5268,54.8496],[10.5261,54.8508],[10.5261,54.8508],[10.5261,54.8508],[10.526,54.8508],[10.5259,54.8508],[10.5259,54.8508],[10.5258,54.8508],[10.5258,54.8512],[10.5258,54.8512],[10.5257,54.8512],[10.5256,54.8513],[10.5255,54.8513],[10.5255,54.8513],[10.5255,54.8513],[10.5257,54.8515],[10.5258,54.8516],[10.5258,54.8517],[10.5258,54.8517],[10.5259,54.8514],[10.526,54.8512],[10.526,54.8512],[10.526,54.8511],[10.5262,54.8511],[10.5265,54.8511],[10.5267,54.8512],[10.5267,54.8512],[10.5268,54.8512],[10.5269,54.8512],[10.527,54.8512],[10.527,54.8512],[10.5271,54.8512],[10.5271,54.8513],[10.5272,54.8513],[10.5272,54.8513],[10.5267,54.8515],[10.5267,54.8515],[10.5266,54.8515],[10.5266,54.8516],[10.5266,54.8516],[10.5266,54.8516],[10.5265,54.8517],[10.5262,54.8517],[10.5261,54.8517],[10.5261,54.8517],[10.5262,54.8518],[10.5262,54.8518],[10.5262,54.8519],[10.5262,54.8519],[10.5262,54.8519],[10.5262,54.8519],[10.5262,54.8519],[10.5262,54.852],[10.5262,54.852],[10.5262,54.852],[10.5262,54.8522],[10.5263,54.8522],[10.5263,54.8525],[10.5263,54.8526],[10.5263,54.8527],[10.5263,54.8529],[10.5264,54.8531],[10.5264,54.8532],[10.5263,54.8532],[10.5265,54.8535],[10.5265,54.8535],[10.5265,54.8534],[10.5265,54.8533],[10.5266,54.8533],[10.5266,54.8533],[10.5267,54.8531],[10.5267,54.8531],[10.5267,54.853],[10.5267,54.853],[10.5267,54.8525],[10.5271,54.8518],[10.5274,54.8515],[10.5277,54.8513],[10.5278,54.8512],[10.5278,54.8512],[10.5279,54.8511],[10.5283,54.8509],[10.5291,54.8505],[10.5291,54.8505],[10.5291,54.8505],[10.5292,54.8505],[10.5293,54.8505],[10.5295,54.8505],[10.5296,54.8505],[10.5297,54.8505],[10.5299,54.8505],[10.5304,54.8503],[10.5303,54.8503],[10.5302,54.8503],[10.5302,54.8503],[10.5301,54.8503],[10.5301,54.8503],[10.53,54.8503],[10.53,54.8503],[10.53,54.8503],[10.53,54.8503],[10.5301,54.8502],[10.5301,54.8502],[10.5302,54.8502],[10.5302,54.8502],[10.5303,54.8502],[10.5304,54.8501],[10.5304,54.8501],[10.5305,54.8501],[10.5305,54.8501],[10.5307,54.8501],[10.5307,54.8501],[10.5308,54.8501],[10.531,54.8501],[10.5311,54.8501],[10.5311,54.8501],[10.531,54.8501],[10.531,54.8501],[10.5309,54.8501],[10.5309,54.8501],[10.5309,54.8502],[10.5308,54.8502],[10.5308,54.8502],[10.5307,54.8502],[10.5307,54.8503],[10.5306,54.8503],[10.5305,54.8503],[10.5315,54.8501],[10.532,54.8501],[10.5325,54.85],[10.533,54.85],[10.5344,54.8495],[10.5348,54.8492],[10.5349,54.8492],[10.5351,54.849],[10.5353,54.8489],[10.5355,54.8487],[10.5356,54.8486],[10.5357,54.8485],[10.5357,54.8485],[10.5363,54.8481],[10.5363,54.8481],[10.5364,54.8479],[10.5364,54.8479],[10.537,54.8471],[10.5371,54.8468],[10.537,54.8467],[10.5368,54.8466],[10.5362,54.8466],[10.5352,54.8466],[10.5339,54.8465],[10.5323,54.8461],[10.5308,54.8457],[10.5302,54.8455],[10.5298,54.8453],[10.5299,54.8451],[10.5299,54.8451],[10.5298,54.8453],[10.5297,54.8453],[10.5291,54.845],[10.5287,54.8448],[10.5287,54.8448],[10.5286,54.8448],[10.5286,54.8448],[10.5285,54.8448],[10.528,54.8447],[10.528,54.8447],[10.5279,54.8447],[10.5279,54.8447],[10.5278,54.8447],[10.5269,54.8446],[10.5261,54.8445],[10.5256,54.8445],[10.5251,54.8444],[10.5251,54.8443],[10.5251,54.8443],[10.525,54.8443],[10.5249,54.8443],[10.5245,54.8441],[10.5244,54.8441],[10.5243,54.8441],[10.5241,54.8441],[10.5227,54.844],[10.5221,54.8439],[10.522,54.8438],[10.522,54.8438],[10.5218,54.8438],[10.5218,54.8438],[10.5216,54.8437],[10.5215,54.8437],[10.5214,54.8437],[10.5213,54.8437],[10.521,54.8439],[10.5202,54.8446],[10.5203,54.8445],[10.5204,54.8444],[10.5212,54.8444],[10.5213,54.8443],[10.5215,54.8442],[10.5216,54.8442],[10.5216,54.8442],[10.5216,54.8442],[10.5216,54.8442],[10.5218,54.8441],[10.522,54.8441],[10.5223,54.8441],[10.523,54.8442],[10.5231,54.8442],[10.5233,54.8443],[10.5254,54.8447],[10.5266,54.8448],[10.5267,54.8448],[10.5271,54.8448],[10.5273,54.8448],[10.5274,54.8448],[10.5275,54.8448],[10.5277,54.8449],[10.5279,54.845],[10.5281,54.8451],[10.5284,54.8452],[10.5285,54.8451],[10.5287,54.8451],[10.5287,54.8451],[10.5289,54.8451],[10.529,54.8451],[10.5291,54.8452],[10.5292,54.8452],[10.5299,54.8458],[10.53,54.8458],[10.5301,54.8458],[10.5302,54.8458],[10.5303,54.8458],[10.5304,54.8458],[10.5305,54.8458],[10.5306,54.8459],[10.5313,54.846],[10.5313,54.846],[10.5324,54.8463],[10.5328,54.8464],[10.5328,54.8464],[10.5328,54.8464],[10.5329,54.8464],[10.5329,54.8465],[10.5329,54.8466],[10.5327,54.8471],[10.5327,54.8471],[10.5327,54.8472],[10.5326,54.8473],[10.5326,54.8473],[10.5325,54.8475],[10.5324,54.8476],[10.5323,54.8476],[10.5323,54.8477],[10.5322,54.8477],[10.5321,54.8478],[10.5321,54.8478],[10.532,54.8479],[10.5316,54.848],[10.5316,54.848],[10.5316,54.848],[10.5316,54.8481],[10.5315,54.8481],[10.5315,54.8481],[10.5315,54.8482],[10.5314,54.8482],[10.5314,54.8482],[10.5308,54.8483],[10.5303,54.8483],[10.5303,54.8483],[10.5303,54.8484],[10.5304,54.8484],[10.5305,54.8484],[10.5306,54.8484],[10.5307,54.8484],[10.5307,54.8484],[10.531,54.8484],[10.5311,54.8484],[10.5312,54.8484],[10.5313,54.8484],[10.5313,54.8484],[10.5315,54.8484],[10.5315,54.8484],[10.5316,54.8484],[10.5317,54.8484],[10.5318,54.8483],[10.5318,54.8483],[10.5319,54.8483],[10.5326,54.8483],[10.5327,54.8483],[10.5327,54.8483],[10.5328,54.8483],[10.5328,54.8484],[10.5328,54.8484],[10.5328,54.8484],[10.5329,54.8484],[10.533,54.8484],[10.5345,54.8482],[10.5347,54.8482],[10.5347,54.8483],[10.5348,54.8483],[10.5348,54.8483],[10.5348,54.8483],[10.5347,54.8484],[10.5347,54.8484],[10.5346,54.8484],[10.5346,54.8484]],[[10.5347,54.8469],[10.5348,54.8469],[10.5349,54.8469],[10.535,54.8469],[10.5351,54.8469],[10.5352,54.8469],[10.5353,54.8469],[10.5353,54.8469],[10.5354,54.8468],[10.5354,54.8468],[10.5355,54.8468],[10.5356,54.8468],[10.5357,54.8468],[10.5357,54.8468],[10.5358,54.8467],[10.5358,54.8467],[10.536,54.8467],[10.536,54.8467],[10.5361,54.8467],[10.5362,54.8467],[10.5363,54.8467],[10.5364,54.8467],[10.5364,54.8468],[10.5363,54.8468],[10.5363,54.8469],[10.5362,54.8469],[10.5362,54.847],[10.536,54.8471],[10.536,54.8471],[10.5359,54.8471],[10.5358,54.8472],[10.5357,54.8472],[10.5356,54.8473],[10.5355,54.8473],[10.5352,54.8474],[10.5351,54.8474],[10.5349,54.8474],[10.5348,54.8474],[10.5346,54.8474],[10.5345,54.8474],[10.5343,54.8475],[10.5342,54.8475],[10.5341,54.8475],[10.534,54.8475],[10.5338,54.8475],[10.5337,54.8475],[10.5336,54.8475],[10.5335,54.8476],[10.5332,54.8477],[10.5327,54.8479],[10.5326,54.8479],[10.5325,54.8479],[10.5324,54.8479],[10.5323,54.8478],[10.5326,54.8477],[10.533,54.8475],[10.5329,54.8474],[10.5329,54.8473],[10.5329,54.8473],[10.5328,54.8472],[10.5328,54.8471],[10.5329,54.847],[10.533,54.8466],[10.5332,54.8465],[10.5333,54.8465],[10.5334,54.8465],[10.5335,54.8465],[10.534,54.8466],[10.5341,54.8466],[10.534,54.8466],[10.534,54.8466],[10.5339,54.8467],[10.5339,54.8467],[10.534,54.8467],[10.5341,54.8467],[10.5342,54.8467],[10.5343,54.8468],[10.5344,54.8468],[10.5345,54.8468],[10.5346,54.8469],[10.5347,54.8469]],[[10.5308,54.8496],[10.5309,54.8495],[10.5309,54.8495],[10.531,54.8495],[10.531,54.8495],[10.5311,54.8494],[10.5312,54.8494],[10.5313,54.8494],[10.5313,54.8494],[10.5314,54.8494],[10.5315,54.8494],[10.5315,54.8494],[10.5316,54.8493],[10.5316,54.8493],[10.5317,54.8493],[10.5317,54.8493],[10.5317,54.8493],[10.5318,54.8493],[10.5319,54.8493],[10.5319,54.8493],[10.5319,54.8493],[10.5319,54.8493],[10.5319,54.8493],[10.5318,54.8494],[10.5318,54.8494],[10.5317,54.8494],[10.5316,54.8494],[10.5316,54.8495],[10.5315,54.8495],[10.5315,54.8495],[10.5314,54.8495],[10.5314,54.8495],[10.5313,54.8495],[10.5312,54.8496],[10.5312,54.8496],[10.5311,54.8496],[10.5311,54.8496],[10.531,54.8496],[10.531,54.8496],[10.5309,54.8496],[10.5309,54.8496],[10.5308,54.8496],[10.5308,54.8496],[10.5308,54.8496]],[[10.5363,54.8476],[10.5363,54.8476],[10.5361,54.8477],[10.536,54.8477],[10.536,54.8477],[10.536,54.8477],[10.536,54.8477],[10.536,54.8476],[10.536,54.8476],[10.536,54.8475],[10.5361,54.8475],[10.5361,54.8475],[10.5362,54.8474],[10.5362,54.8474],[10.5362,54.8474],[10.5363,54.8473],[10.5363,54.8473],[10.5364,54.8473],[10.5364,54.8473],[10.5365,54.8473],[10.5365,54.8473],[10.5365,54.8473],[10.5366,54.8473],[10.5366,54.8473],[10.5365,54.8473],[10.5365,54.8473],[10.5365,54.8474],[10.5365,54.8474],[10.5365,54.8474],[10.5364,54.8475],[10.5364,54.8475],[10.5364,54.8475],[10.5363,54.8476]],[[10.5315,54.8497],[10.5314,54.8498],[10.5314,54.8498],[10.5313,54.8498],[10.5312,54.8498],[10.5312,54.8498],[10.5311,54.8498],[10.5311,54.8497],[10.5312,54.8497],[10.5312,54.8497],[10.5313,54.8497],[10.5313,54.8496],[10.5314,54.8496],[10.5314,54.8496],[10.5314,54.8496],[10.5315,54.8496],[10.5316,54.8495],[10.5317,54.8495],[10.5317,54.8495],[10.5317,54.8495],[10.5318,54.8495],[10.5318,54.8496],[10.5317,54.8496],[10.5317,54.8497],[10.5316,54.8497],[10.5316,54.8497],[10.5315,54.8497],[10.5315,54.8497]]]},"properties":{"sourceId":"ais_par3.145598","a_type":4210,"hectares":12.227}},{"type":"Feature","id":"ais_par3.145599","geometry":{"type":"Polygon","coordinates":[[[10.4715,54.8849],[10.4714,54.8849],[10.471,54.8851],[10.4704,54.8854],[10.4701,54.8855],[10.4693,54.8857],[10.4691,54.8858],[10.4681,54.8862],[10.468,54.8863],[10.4678,54.8865],[10.4677,54.8866],[10.4673,54.8868],[10.4669,54.887],[10.4667,54.8871],[10.4664,54.8872],[10.4662,54.8873],[10.4659,54.8874],[10.4655,54.8874],[10.4653,54.8874],[10.4649,54.8874],[10.4644,54.8876],[10.4641,54.8877],[10.4631,54.8879],[10.4629,54.8879],[10.4617,54.8878],[10.4606,54.8877],[10.4593,54.8877],[10.4589,54.8878],[10.4579,54.8879],[10.4579,54.8879],[10.4575,54.8877],[10.4568,54.888],[10.4563,54.8881],[10.4555,54.8884],[10.4555,54.8884],[10.4554,54.8884],[10.4553,54.8884],[10.4553,54.8884],[10.4543,54.8887],[10.4528,54.8891],[10.4515,54.8892],[10.4504,54.8894],[10.4494,54.8896],[10.4492,54.8897],[10.4492,54.8898],[10.4492,54.8899],[10.4492,54.8902],[10.4492,54.8904],[10.4495,54.8903],[10.4498,54.8903],[10.4499,54.8903],[10.451,54.8901],[10.4513,54.89],[10.4517,54.8899],[10.4533,54.8895],[10.4541,54.8893],[10.4544,54.8892],[10.455,54.8891],[10.4556,54.889],[10.457,54.8889],[10.458,54.8888],[10.4589,54.8887],[10.4596,54.8888],[10.4596,54.8888],[10.4596,54.8888],[10.4597,54.8891],[10.4597,54.8892],[10.4596,54.8893],[10.4593,54.8899],[10.4593,54.89],[10.4592,54.89],[10.4589,54.8903],[10.4588,54.8904],[10.4587,54.8905],[10.4585,54.8906],[10.4583,54.8907],[10.4582,54.8908],[10.458,54.8909],[10.4574,54.891],[10.4557,54.8915],[10.4537,54.892],[10.4518,54.8925],[10.4526,54.8925],[10.4527,54.8925],[10.4536,54.8926],[10.4541,54.8926],[10.4546,54.8926],[10.4552,54.8926],[10.4556,54.8925],[10.4558,54.8925],[10.456,54.8925],[10.457,54.8925],[10.457,54.8925],[10.4571,54.8925],[10.4572,54.8924],[10.4578,54.8925],[10.4579,54.8925],[10.458,54.8925],[10.4582,54.8925],[10.4584,54.8925],[10.4589,54.8926],[10.4593,54.8926],[10.4594,54.8926],[10.4598,54.8926],[10.4599,54.8926],[10.46,54.8926],[10.4602,54.8927],[10.4603,54.8927],[10.4604,54.8927],[10.4605,54.8927],[10.4605,54.8927],[10.4616,54.8927],[10.4622,54.8928],[10.4636,54.8931],[10.4645,54.8933],[10.4646,54.8933],[10.4646,54.8933],[10.4654,54.8932],[10.4659,54.8932],[10.4663,54.8932],[10.4667,54.8932],[10.467,54.8932],[10.4673,54.8932],[10.468,54.8933],[10.4681,54.8933],[10.4684,54.8933],[10.4694,54.8935],[10.4696,54.8935],[10.4702,54.8934],[10.471,54.8932],[10.471,54.8931],[10.4705,54.8931],[10.4703,54.8931],[10.4702,54.8931],[10.4701,54.8931],[10.47,54.8931],[10.4699,54.8931],[10.4696,54.8932],[10.4696,54.8932],[10.4695,54.8932],[10.4695,54.8932],[10.4694,54.8932],[10.4694,54.8932],[10.4694,54.8931],[10.4693,54.8931],[10.4693,54.8931],[10.4693,54.8931],[10.4692,54.8931],[10.4692,54.8931],[10.4691,54.8931],[10.4691,54.8931],[10.4691,54.893],[10.4691,54.893],[10.4691,54.893],[10.4692,54.893],[10.4692,54.893],[10.4693,54.893],[10.4693,54.8929],[10.4693,54.8929],[10.4692,54.8929],[10.4692,54.8929],[10.4692,54.8929],[10.4691,54.8929],[10.4691,54.8929],[10.4691,54.8928],[10.4692,54.8928],[10.4692,54.8928],[10.4693,54.8928],[10.4696,54.8928],[10.4696,54.8928],[10.47,54.8928],[10.4703,54.8927],[10.4703,54.8927],[10.4703,54.8927],[10.4704,54.8927],[10.4715,54.8925],[10.4715,54.8924],[10.4716,54.8924],[10.4717,54.8924],[10.4717,54.8923],[10.4717,54.8923],[10.4717,54.8923],[10.4717,54.8922],[10.4716,54.8922],[10.4715,54.8922],[10.4714,54.8921],[10.4714,54.8921],[10.4708,54.8921],[10.4707,54.8921],[10.4706,54.8921],[10.4703,54.892],[10.4702,54.892],[10.4696,54.892],[10.4683,54.8924],[10.4681,54.8924],[10.4681,54.8924],[10.468,54.8923],[10.4674,54.8922],[10.4669,54.8924],[10.4666,54.8926],[10.4665,54.8926],[10.4663,54.8927],[10.4659,54.8928],[10.4657,54.8928],[10.4656,54.8928],[10.4651,54.8928],[10.465,54.8929],[10.465,54.8929],[10.4649,54.8929],[10.4646,54.8929],[10.4641,54.893],[10.4639,54.893],[10.4624,54.8927],[10.4611,54.8925],[10.4607,54.8922],[10.4603,54.8917],[10.4602,54.8916],[10.4597,54.8915],[10.4587,54.8914],[10.4587,54.8914],[10.4585,54.8914],[10.4581,54.8913],[10.4581,54.8911],[10.4581,54.8911],[10.4581,54.891],[10.4581,54.891],[10.4581,54.891],[10.4582,54.8909],[10.4583,54.8908],[10.4583,54.8908],[10.4584,54.8907],[10.4587,54.8906],[10.459,54.8904],[10.459,54.8903],[10.4591,54.8902],[10.4593,54.8901],[10.4594,54.89],[10.4594,54.89],[10.4594,54.89],[10.4599,54.889],[10.4599,54.8889],[10.4598,54.8889],[10.4598,54.8888],[10.4598,54.8887],[10.4595,54.8887],[10.4594,54.8887],[10.4593,54.8886],[10.459,54.8886],[10.459,54.8886],[10.4589,54.8886],[10.4588,54.8886],[10.4588,54.8886],[10.4587,54.8886],[10.4587,54.8885],[10.4586,54.8885],[10.4586,54.8885],[10.4586,54.8885],[10.4585,54.8885],[10.4584,54.8885],[10.4583,54.8885],[10.4579,54.8884],[10.4577,54.8882],[10.4579,54.8881],[10.4581,54.888],[10.4581,54.888],[10.4582,54.888],[10.4582,54.888],[10.4588,54.8879],[10.4589,54.8879],[10.459,54.8879],[10.4592,54.8879],[10.4604,54.8879],[10.461,54.8879],[10.4614,54.888],[10.4617,54.888],[10.462,54.8881],[10.4624,54.8881],[10.4628,54.8881],[10.4648,54.8877],[10.465,54.8876],[10.4652,54.8877],[10.4652,54.8877],[10.4652,54.8877],[10.4657,54.8878],[10.4658,54.8878],[10.4659,54.8878],[10.466,54.8878],[10.4662,54.8877],[10.4664,54.8876],[10.4666,54.8875],[10.4668,54.8874],[10.467,54.8872],[10.467,54.8872],[10.4671,54.8871],[10.4672,54.887],[10.4673,54.8869],[10.4681,54.8866],[10.4682,54.8866],[10.4683,54.8866],[10.4683,54.8865],[10.4684,54.8865],[10.4685,54.8864],[10.4687,54.8863],[10.4688,54.8863],[10.4689,54.8863],[10.4689,54.8862],[10.469,54.8862],[10.469,54.8862],[10.4691,54.8862],[10.4692,54.8862],[10.4692,54.8862],[10.4693,54.8862],[10.4694,54.8862],[10.4694,54.8862],[10.4695,54.8862],[10.4695,54.8862],[10.4698,54.8864],[10.47,54.8867],[10.4702,54.8869],[10.4704,54.887],[10.4707,54.887],[10.4708,54.887],[10.4711,54.8871],[10.4716,54.8871],[10.4717,54.8871],[10.4718,54.887],[10.4718,54.887],[10.4719,54.887],[10.4722,54.8865],[10.4723,54.8861],[10.4725,54.8859],[10.4726,54.8858],[10.4727,54.8857],[10.4731,54.8852],[10.4732,54.8851],[10.4733,54.885],[10.4734,54.885],[10.4735,54.8849],[10.4735,54.8849],[10.4736,54.8849],[10.4736,54.8848],[10.4737,54.8848],[10.474,54.8847],[10.474,54.8846],[10.4741,54.8846],[10.4746,54.8844],[10.4747,54.8844],[10.4747,54.8844],[10.4747,54.8843],[10.4748,54.8843],[10.4748,54.8843],[10.4758,54.8839],[10.4763,54.8836],[10.4766,54.8834],[10.4769,54.8831],[10.4769,54.8831],[10.4769,54.883],[10.477,54.883],[10.4771,54.8829],[10.4773,54.8827],[10.4775,54.8825],[10.4778,54.8824],[10.4779,54.8822],[10.4781,54.8822],[10.4781,54.8822],[10.4782,54.8821],[10.4783,54.8821],[10.4785,54.882],[10.4787,54.8819],[10.4789,54.8818],[10.479,54.8818],[10.4792,54.8817],[10.4792,54.8817],[10.4793,54.8817],[10.4794,54.8817],[10.4796,54.8816],[10.4799,54.8815],[10.48,54.8815],[10.4802,54.8815],[10.4808,54.8813],[10.481,54.8812],[10.4811,54.8811],[10.4812,54.8811],[10.4813,54.881],[10.4814,54.881],[10.4813,54.881],[10.4813,54.881],[10.481,54.8807],[10.4807,54.8805],[10.4798,54.881],[10.4798,54.881],[10.479,54.8815],[10.4785,54.8818],[10.4784,54.8818],[10.4776,54.8823],[10.4776,54.8823],[10.4775,54.8822],[10.4775,54.8822],[10.4768,54.8826],[10.4769,54.8827],[10.4764,54.8831],[10.476,54.8835],[10.4759,54.8834],[10.4756,54.8835],[10.4758,54.8838],[10.4758,54.8838],[10.4758,54.8838],[10.4757,54.8839],[10.4756,54.8839],[10.4748,54.8842],[10.4746,54.884],[10.4737,54.8843],[10.4715,54.8849]],[[10.471,54.8869],[10.4709,54.8869],[10.4709,54.8869],[10.4709,54.8868],[10.4709,54.8868],[10.4709,54.8868],[10.4709,54.8868],[10.4709,54.8868],[10.4709,54.8867],[10.471,54.8867],[10.471,54.8867],[10.471,54.8867],[10.4711,54.8867],[10.4711,54.8867],[10.4711,54.8867],[10.4711,54.8866],[10.4711,54.8866],[10.4712,54.8866],[10.4712,54.8866],[10.4712,54.8866],[10.4713,54.8866],[10.4713,54.8866],[10.4713,54.8866],[10.4714,54.8866],[10.4714,54.8866],[10.4714,54.8866],[10.4714,54.8866],[10.4715,54.8866],[10.4715,54.8866],[10.4715,54.8866],[10.4715,54.8866],[10.4716,54.8866],[10.4716,54.8866],[10.4716,54.8866],[10.4716,54.8866],[10.4717,54.8866],[10.4717,54.8866],[10.4717,54.8866],[10.4717,54.8866],[10.4718,54.8867],[10.4718,54.8867],[10.4718,54.8867],[10.4717,54.8867],[10.4717,54.8867],[10.4717,54.8868],[10.4717,54.8868],[10.4717,54.8868],[10.4717,54.8868],[10.4717,54.8868],[10.4717,54.8868],[10.4717,54.8869],[10.4716,54.8869],[10.4716,54.8869],[10.4715,54.8869],[10.4715,54.8869],[10.4715,54.8869],[10.4714,54.8869],[10.4714,54.8869],[10.4713,54.8869],[10.4713,54.8869],[10.4712,54.8869],[10.4711,54.8869],[10.4711,54.8869],[10.471,54.8869],[10.471,54.8869]],[[10.4699,54.8863],[10.47,54.8863],[10.4701,54.8863],[10.4702,54.8863],[10.4702,54.8862],[10.4702,54.8861],[10.4703,54.8861],[10.4705,54.8861],[10.4705,54.8862],[10.4705,54.8862],[10.4704,54.8863],[10.4703,54.8864],[10.4702,54.8864],[10.47,54.8865],[10.4699,54.8865],[10.4698,54.8864],[10.4699,54.8864],[10.4699,54.8864],[10.4699,54.8863]],[[10.4711,54.8854],[10.4713,54.8855],[10.4713,54.8855],[10.4713,54.8856],[10.4712,54.8856],[10.4711,54.8856],[10.471,54.8856],[10.4709,54.8855],[10.471,54.8855],[10.471,54.8854],[10.4711,54.8854],[10.4711,54.8854]],[[10.4557,54.8919],[10.4559,54.8918],[10.456,54.8918],[10.456,54.8919],[10.4559,54.892],[10.4558,54.892],[10.4557,54.892],[10.4556,54.8919],[10.4557,54.8919]],[[10.4576,54.8915],[10.4575,54.8916],[10.4574,54.8916],[10.4573,54.8917],[10.4572,54.8917],[10.4571,54.8917],[10.4571,54.8917],[10.4571,54.8916],[10.4573,54.8916],[10.4575,54.8915],[10.4576,54.8915]]]},"properties":{"sourceId":"ais_par3.145599","a_type":4210,"hectares":22.854}},{"type":"Feature","id":"ais_par3.145378","geometry":{"type":"Polygon","coordinates":[[[10.5102,54.9313],[10.5109,54.9307],[10.5109,54.9307],[10.5113,54.9305],[10.5117,54.9301],[10.5121,54.9298],[10.5124,54.9297],[10.5129,54.9294],[10.5136,54.929],[10.514,54.9288],[10.5148,54.9287],[10.5156,54.9287],[10.516,54.9285],[10.5165,54.9281],[10.5174,54.9276],[10.518,54.9273],[10.5185,54.9272],[10.5193,54.927],[10.5197,54.9269],[10.5199,54.9268],[10.5208,54.9261],[10.5211,54.9257],[10.5236,54.9243],[10.5243,54.924],[10.5244,54.9239],[10.5245,54.9236],[10.5241,54.9235],[10.524,54.9236],[10.5233,54.9242],[10.5225,54.9247],[10.5214,54.9254],[10.5204,54.9259],[10.5202,54.926],[10.5201,54.926],[10.52,54.926],[10.5197,54.926],[10.5196,54.9261],[10.5189,54.9261],[10.5182,54.9263],[10.5178,54.9265],[10.5173,54.9266],[10.517,54.9266],[10.5168,54.9267],[10.5166,54.9267],[10.5161,54.9267],[10.5151,54.9268],[10.5145,54.9269],[10.5137,54.9271],[10.5133,54.9273],[10.5126,54.9274],[10.5116,54.9275],[10.5109,54.9276],[10.5102,54.9276],[10.5096,54.9276],[10.5091,54.9277],[10.5088,54.9277],[10.5079,54.9276],[10.5068,54.9277],[10.5063,54.9277],[10.5059,54.9276],[10.5056,54.9275],[10.5054,54.9275],[10.5052,54.9274],[10.5049,54.9274],[10.5041,54.9276],[10.5032,54.9278],[10.503,54.9278],[10.5027,54.9278],[10.5019,54.9277],[10.5018,54.9277],[10.5016,54.9277],[10.5015,54.9276],[10.5007,54.9278],[10.5005,54.9278],[10.5003,54.9278],[10.5002,54.9278],[10.5,54.9279],[10.4998,54.9278],[10.4996,54.9278],[10.4993,54.9278],[10.4991,54.9278],[10.4989,54.9279],[10.4987,54.9277],[10.498,54.9287],[10.4977,54.9295],[10.4974,54.93],[10.4963,54.9313],[10.4962,54.9315],[10.4959,54.9322],[10.4957,54.9325],[10.4956,54.9333],[10.4956,54.9334],[10.4955,54.9342],[10.496,54.9355],[10.4967,54.9362],[10.4967,54.9362],[10.4971,54.9367],[10.4976,54.9371],[10.4982,54.9377],[10.4986,54.9382],[10.4988,54.9384],[10.499,54.9385],[10.4992,54.9386],[10.4995,54.9388],[10.5003,54.9395],[10.5003,54.9384],[10.5004,54.9377],[10.5005,54.9376],[10.5007,54.9373],[10.5011,54.9365],[10.5016,54.9359],[10.5019,54.9357],[10.5022,54.9353],[10.5026,54.935],[10.5033,54.9346],[10.5038,54.9343],[10.5045,54.9342],[10.5041,54.9338],[10.5034,54.934],[10.5025,54.9343],[10.5018,54.9346],[10.5011,54.9348],[10.5007,54.9349],[10.5006,54.9349],[10.4991,54.9349],[10.499,54.9348],[10.4986,54.9344],[10.4977,54.9333],[10.4976,54.9331],[10.4974,54.9325],[10.4974,54.9322],[10.4984,54.9313],[10.4987,54.9311],[10.499,54.931],[10.4995,54.9308],[10.4999,54.9303],[10.4988,54.9295],[10.501,54.9286],[10.501,54.9286],[10.501,54.9286],[10.5006,54.9282],[10.5006,54.9282],[10.5009,54.9283],[10.5012,54.9284],[10.5014,54.9285],[10.5016,54.9283],[10.5019,54.9282],[10.5021,54.9281],[10.5024,54.928],[10.503,54.9279],[10.5046,54.9276],[10.5054,54.9284],[10.5054,54.9285],[10.5055,54.9285],[10.5068,54.9283],[10.5068,54.9284],[10.5079,54.9283],[10.5078,54.9281],[10.5079,54.9281],[10.5086,54.9281],[10.5089,54.9282],[10.5105,54.9277],[10.511,54.9277],[10.5123,54.9275],[10.5129,54.9275],[10.5131,54.9275],[10.5132,54.9276],[10.5136,54.9275],[10.514,54.9281],[10.5138,54.9281],[10.5104,54.929],[10.5104,54.9291],[10.5091,54.9294],[10.5078,54.9297],[10.507,54.93],[10.5068,54.93],[10.5067,54.93],[10.5069,54.9303],[10.5071,54.9306],[10.5073,54.9321],[10.5072,54.9322],[10.5072,54.9323],[10.507,54.9323],[10.5066,54.9324],[10.5067,54.9326],[10.5074,54.9332],[10.5074,54.9333],[10.508,54.933],[10.5081,54.9329],[10.5084,54.9328],[10.5085,54.9327],[10.5096,54.9317],[10.5102,54.9313]],[[10.5087,54.9303],[10.5086,54.9303],[10.5086,54.9302],[10.5086,54.9301],[10.5087,54.93],[10.5089,54.93],[10.509,54.9301],[10.509,54.9301],[10.509,54.9303],[10.5089,54.9303],[10.5088,54.9303],[10.5087,54.9303],[10.5087,54.9303]],[[10.507,54.9327],[10.507,54.9326],[10.5071,54.9326],[10.5073,54.9326],[10.5074,54.9326],[10.5074,54.9327],[10.5074,54.9327],[10.5074,54.9328],[10.5072,54.9328],[10.5071,54.9328],[10.507,54.9327]],[[10.5107,54.9304],[10.5107,54.9304],[10.5106,54.9304],[10.5106,54.9304],[10.5105,54.9304],[10.5105,54.9304],[10.5105,54.9303],[10.5105,54.9303],[10.5105,54.9303],[10.5105,54.9303],[10.5105,54.9303],[10.5105,54.9302],[10.5105,54.9302],[10.5105,54.9302],[10.5105,54.9302],[10.5106,54.9302],[10.5106,54.9302],[10.5106,54.9302],[10.5107,54.9302],[10.5107,54.9302],[10.5108,54.9302],[10.5108,54.9302],[10.5108,54.9303],[10.5108,54.9303],[10.5108,54.9303],[10.5107,54.9304]],[[10.4975,54.9333],[10.4975,54.9333],[10.4976,54.9333],[10.4977,54.9334],[10.4977,54.9335],[10.4975,54.9334],[10.4975,54.9334],[10.4975,54.9333]]]},"properties":{"sourceId":"ais_par3.145378","a_type":4210,"hectares":43.108}},{"type":"Feature","id":"ais_par3.145600","geometry":{"type":"Polygon","coordinates":[[[10.5209,54.8481],[10.5209,54.848],[10.5206,54.8471],[10.5205,54.8469],[10.5205,54.8469],[10.5205,54.8469],[10.5204,54.8468],[10.5201,54.8467],[10.52,54.8467],[10.5199,54.8467],[10.5199,54.8467],[10.5198,54.8467],[10.5196,54.8468],[10.5195,54.8468],[10.5194,54.8468],[10.5194,54.8469],[10.5194,54.8469],[10.5193,54.8469],[10.5191,54.8471],[10.519,54.8471],[10.5189,54.8471],[10.5189,54.8471],[10.5188,54.8472],[10.5186,54.8473],[10.5184,54.8473],[10.5185,54.8474],[10.5188,54.8482],[10.5188,54.8483],[10.519,54.8483],[10.5195,54.8482],[10.52,54.8481],[10.5204,54.8481],[10.5207,54.8481],[10.5207,54.8481],[10.5207,54.8481],[10.5209,54.8481]],[[10.5205,54.8475],[10.5204,54.8475],[10.5203,54.8475],[10.5203,54.8475],[10.5204,54.8474],[10.5205,54.8474],[10.5205,54.8475],[10.5205,54.8475],[10.5205,54.8475]]]},"properties":{"sourceId":"ais_par3.145600","a_type":4210,"hectares":1.897}},{"type":"Feature","id":"ais_par3.145967","geometry":{"type":"Polygon","coordinates":[[[10.3908,54.8569],[10.3906,54.8569],[10.3904,54.857],[10.3903,54.8571],[10.3902,54.8571],[10.3901,54.8572],[10.3901,54.8573],[10.3902,54.8574],[10.3902,54.8575],[10.3903,54.8575],[10.3904,54.8575],[10.3906,54.8574],[10.3907,54.8574],[10.3909,54.8573],[10.3912,54.8572],[10.3914,54.8571],[10.3916,54.8571],[10.3917,54.857],[10.3917,54.857],[10.3918,54.8569],[10.3917,54.8569],[10.3917,54.8568],[10.3915,54.8568],[10.3913,54.8568],[10.3911,54.8568],[10.3908,54.8569]]]},"properties":{"sourceId":"ais_par3.145967","a_type":5120,"hectares":0.451}},{"type":"Feature","id":"ais_par3.145968","geometry":{"type":"Polygon","coordinates":[[[10.3911,54.8517],[10.3911,54.8517],[10.391,54.8518],[10.391,54.8518],[10.391,54.8518],[10.3911,54.8519],[10.3911,54.8519],[10.3912,54.8519],[10.3912,54.8519],[10.3912,54.8518],[10.3912,54.8518],[10.3911,54.8517],[10.3911,54.8517]]]},"properties":{"sourceId":"ais_par3.145968","a_type":5120,"hectares":0.021}},{"type":"Feature","id":"ais_par3.145969","geometry":{"type":"Polygon","coordinates":[[[10.3893,54.8516],[10.3892,54.8517],[10.3892,54.8518],[10.389,54.8519],[10.3886,54.8521],[10.3886,54.8522],[10.3886,54.8522],[10.3887,54.8522],[10.3887,54.8523],[10.3889,54.8522],[10.3891,54.8521],[10.3894,54.8519],[10.3894,54.8518],[10.3895,54.8518],[10.3896,54.8517],[10.3897,54.8517],[10.3898,54.8516],[10.3898,54.8516],[10.3897,54.8515],[10.3895,54.8515],[10.3894,54.8516],[10.3893,54.8516]]]},"properties":{"sourceId":"ais_par3.145969","a_type":5120,"hectares":0.202}},{"type":"Feature","id":"ais_par3.145996","geometry":{"type":"Polygon","coordinates":[[[10.2891,54.9136],[10.289,54.9136],[10.2889,54.9136],[10.2888,54.9137],[10.2889,54.9137],[10.2889,54.9138],[10.2889,54.9138],[10.289,54.9139],[10.289,54.9139],[10.2891,54.914],[10.2891,54.914],[10.2892,54.914],[10.2893,54.914],[10.2893,54.9141],[10.2894,54.914],[10.2894,54.914],[10.2895,54.9139],[10.2896,54.9138],[10.2896,54.9137],[10.2895,54.9137],[10.2894,54.9136],[10.2893,54.9136],[10.2892,54.9136],[10.2891,54.9136]]]},"properties":{"sourceId":"ais_par3.145996","a_type":5120,"hectares":0.166}},{"type":"Feature","id":"ais_par3.145997","geometry":{"type":"Polygon","coordinates":[[[10.3109,54.9203],[10.3111,54.9203],[10.3113,54.9202],[10.3112,54.9201],[10.3109,54.9203]]]},"properties":{"sourceId":"ais_par3.145997","a_type":5120,"hectares":0.027}},{"type":"Feature","id":"ais_par3.146018","geometry":{"type":"Polygon","coordinates":[[[10.2861,54.9094],[10.2861,54.9095],[10.286,54.9095],[10.2859,54.9096],[10.2859,54.9096],[10.2859,54.9097],[10.286,54.9097],[10.2862,54.9096],[10.2863,54.9096],[10.2865,54.9096],[10.2866,54.9095],[10.2867,54.9095],[10.2867,54.9095],[10.2867,54.9094],[10.2865,54.9095],[10.2863,54.9095],[10.2861,54.9094]]]},"properties":{"sourceId":"ais_par3.146018","a_type":5120,"hectares":0.075}},{"type":"Feature","id":"ais_par3.145970","geometry":{"type":"Polygon","coordinates":[[[10.2825,54.8963],[10.2825,54.8963],[10.2824,54.8963],[10.2824,54.8964],[10.2824,54.8964],[10.2824,54.8964],[10.2824,54.8965],[10.2824,54.8965],[10.2824,54.8966],[10.2824,54.8966],[10.2824,54.8967],[10.2825,54.8967],[10.2825,54.8967],[10.2826,54.8968],[10.2826,54.8968],[10.2826,54.8968],[10.2827,54.8969],[10.2827,54.8969],[10.2827,54.8969],[10.2828,54.8969],[10.2828,54.8969],[10.2828,54.8969],[10.2827,54.8968],[10.2827,54.8967],[10.2827,54.8967],[10.2827,54.8966],[10.2827,54.8966],[10.2827,54.8965],[10.2826,54.8965],[10.2826,54.8964],[10.2827,54.8964],[10.2827,54.8964],[10.2827,54.8963],[10.2827,54.8963],[10.2827,54.8963],[10.2826,54.8963],[10.2825,54.8963]]]},"properties":{"sourceId":"ais_par3.145970","a_type":5120,"hectares":0.11}},{"type":"Feature","id":"ais_par3.145971","geometry":{"type":"Polygon","coordinates":[[[10.2935,54.8982],[10.2933,54.8982],[10.2931,54.8983],[10.293,54.8983],[10.2929,54.8984],[10.2928,54.8985],[10.2929,54.8985],[10.293,54.8985],[10.2931,54.8985],[10.2932,54.8985],[10.2934,54.8984],[10.2935,54.8984],[10.2935,54.8984],[10.2936,54.8983],[10.2937,54.8983],[10.2937,54.8983],[10.2937,54.8982],[10.2937,54.8982],[10.2936,54.8982],[10.2935,54.8982]]]},"properties":{"sourceId":"ais_par3.145971","a_type":5120,"hectares":0.119}},{"type":"Feature","id":"ais_par3.145990","geometry":{"type":"Polygon","coordinates":[[[10.207,54.9667],[10.2068,54.9668],[10.207,54.9669],[10.2072,54.9668],[10.207,54.9667],[10.207,54.9667]]]},"properties":{"sourceId":"ais_par3.145990","a_type":5120,"hectares":0.035}},{"type":"Feature","id":"ais_par3.145591","geometry":{"type":"Polygon","coordinates":[[[10.4795,54.8702],[10.4794,54.8702],[10.4795,54.8703],[10.4796,54.8704],[10.4796,54.8705],[10.4796,54.8705],[10.4796,54.8706],[10.4794,54.8711],[10.4794,54.8711],[10.4794,54.8713],[10.4788,54.872],[10.4781,54.8731],[10.4781,54.8731],[10.4781,54.8731],[10.4779,54.8733],[10.4778,54.8733],[10.4775,54.8736],[10.4775,54.8736],[10.4775,54.8737],[10.4775,54.8737],[10.4775,54.8737],[10.4775,54.8737],[10.4775,54.8737],[10.4776,54.8737],[10.4777,54.8737],[10.4779,54.8736],[10.4779,54.8735],[10.4785,54.8728],[10.4786,54.8725],[10.4788,54.8723],[10.4789,54.8723],[10.4797,54.8717],[10.4798,54.8716],[10.4798,54.8716],[10.4795,54.8714],[10.4799,54.8709],[10.4803,54.8711],[10.4806,54.8709],[10.4805,54.8708],[10.4808,54.8706],[10.4807,54.8706],[10.4806,54.8705],[10.4803,54.8703],[10.4802,54.8704],[10.48,54.8703],[10.4799,54.8703],[10.4795,54.8702]],[[10.4794,54.8716],[10.4795,54.8716],[10.4796,54.8716],[10.4794,54.8718],[10.4793,54.8718],[10.4794,54.8716]]]},"properties":{"sourceId":"ais_par3.145591","a_type":4210,"hectares":1.097}},{"type":"Feature","id":"ais_par3.145592","geometry":{"type":"Polygon","coordinates":[[[10.4811,54.8699],[10.4816,54.8701],[10.4823,54.8697],[10.4829,54.8695],[10.4836,54.8691],[10.4846,54.8685],[10.4845,54.8685],[10.4845,54.8684],[10.4835,54.869],[10.4814,54.8698],[10.4811,54.8699]]]},"properties":{"sourceId":"ais_par3.145592","a_type":4210,"hectares":0.549}},{"type":"Feature","id":"ais_par3.145991","geometry":{"type":"Polygon","coordinates":[[[10.2117,54.9684],[10.2116,54.9684],[10.2116,54.9684],[10.2115,54.9685],[10.2115,54.9685],[10.2116,54.9685],[10.2116,54.9686],[10.2116,54.9686],[10.2117,54.9686],[10.2118,54.9685],[10.2118,54.9685],[10.2119,54.9685],[10.2119,54.9685],[10.2117,54.9684]]]},"properties":{"sourceId":"ais_par3.145991","a_type":5120,"hectares":0.032}},{"type":"Feature","id":"ais_par3.145579","geometry":{"type":"Polygon","coordinates":[[[10.5164,54.8435],[10.5163,54.8435],[10.5162,54.8435],[10.5161,54.8435],[10.516,54.8435],[10.5159,54.8435],[10.5158,54.8435],[10.5158,54.8435],[10.5157,54.8435],[10.5155,54.8435],[10.5154,54.8436],[10.5153,54.8438],[10.5152,54.8439],[10.5153,54.8439],[10.5157,54.844],[10.5175,54.8442],[10.5181,54.8442],[10.5186,54.8443],[10.5186,54.8444],[10.5186,54.8443],[10.5188,54.8443],[10.5201,54.8442],[10.5204,54.8439],[10.5204,54.8438],[10.5199,54.8438],[10.5195,54.8438],[10.5195,54.8439],[10.5194,54.8439],[10.5192,54.8439],[10.5186,54.8438],[10.5185,54.8438],[10.5184,54.8438],[10.518,54.8438],[10.5179,54.8438],[10.5178,54.8438],[10.5177,54.8438],[10.5176,54.8438],[10.5175,54.8438],[10.5171,54.8437],[10.517,54.8436],[10.517,54.8436],[10.517,54.8436],[10.5169,54.8435],[10.5168,54.8435],[10.5167,54.8435],[10.5165,54.8435],[10.5164,54.8435]]]},"properties":{"sourceId":"ais_par3.145579","a_type":4210,"hectares":1.658}},{"type":"Feature","id":"ais_par3.145581","geometry":{"type":"Polygon","coordinates":[[[10.482,54.9167],[10.4817,54.9167],[10.4816,54.9167],[10.4815,54.9167],[10.4808,54.9167],[10.4803,54.9166],[10.4797,54.9165],[10.479,54.9163],[10.4789,54.9163],[10.4788,54.9163],[10.4788,54.9164],[10.4787,54.9164],[10.4787,54.9164],[10.4785,54.9166],[10.4781,54.9167],[10.4781,54.9167],[10.478,54.9167],[10.4779,54.9167],[10.4779,54.9168],[10.4778,54.9168],[10.4778,54.9168],[10.4778,54.9168],[10.4777,54.9168],[10.4775,54.9169],[10.477,54.9171],[10.4764,54.9171],[10.4756,54.9171],[10.4755,54.9171],[10.4754,54.917],[10.4753,54.917],[10.4753,54.9169],[10.4752,54.9169],[10.4752,54.9168],[10.4753,54.9168],[10.4753,54.9168],[10.4752,54.9166],[10.4753,54.9166],[10.4755,54.9166],[10.4755,54.9165],[10.4754,54.9165],[10.4753,54.9165],[10.4752,54.9165],[10.4747,54.9169],[10.4745,54.9175],[10.4742,54.9179],[10.4742,54.9179],[10.4747,54.9186],[10.4747,54.9186],[10.4747,54.9187],[10.4751,54.919],[10.4751,54.9191],[10.4752,54.9192],[10.4753,54.9193],[10.4755,54.9194],[10.476,54.9199],[10.4764,54.9205],[10.4767,54.9209],[10.4771,54.9217],[10.4772,54.922],[10.4774,54.9223],[10.4776,54.9225],[10.4777,54.9226],[10.4781,54.923],[10.4782,54.9231],[10.4786,54.9233],[10.4791,54.9236],[10.4809,54.9244],[10.4811,54.9245],[10.4812,54.9245],[10.4812,54.9245],[10.482,54.9245],[10.4824,54.9245],[10.4828,54.9244],[10.4835,54.9243],[10.4837,54.9242],[10.484,54.9242],[10.4842,54.9242],[10.4843,54.9242],[10.4846,54.924],[10.4847,54.924],[10.4848,54.924],[10.4853,54.9239],[10.4856,54.9237],[10.4858,54.9236],[10.486,54.9235],[10.486,54.9234],[10.486,54.9234],[10.4855,54.9235],[10.4852,54.9237],[10.4849,54.9238],[10.4845,54.9239],[10.4842,54.9239],[10.484,54.924],[10.4837,54.9241],[10.4834,54.9242],[10.4832,54.9241],[10.4832,54.9241],[10.4832,54.9241],[10.4831,54.9241],[10.4831,54.924],[10.4831,54.9239],[10.4831,54.9239],[10.4831,54.9239],[10.4832,54.9238],[10.4834,54.9238],[10.4835,54.9237],[10.4836,54.9237],[10.4838,54.9237],[10.484,54.9237],[10.4841,54.9235],[10.4841,54.9234],[10.4841,54.9232],[10.4842,54.9231],[10.4843,54.923],[10.4845,54.9226],[10.4847,54.9219],[10.4847,54.9219],[10.4847,54.9218],[10.4847,54.9217],[10.4848,54.9211],[10.4848,54.921],[10.4849,54.9209],[10.485,54.9207],[10.4851,54.9206],[10.4851,54.9203],[10.485,54.9202],[10.485,54.9201],[10.4853,54.9194],[10.4854,54.9192],[10.4855,54.9191],[10.4856,54.9191],[10.4856,54.919],[10.4858,54.919],[10.4859,54.919],[10.486,54.919],[10.4861,54.919],[10.4868,54.9186],[10.4871,54.9185],[10.4873,54.9185],[10.4876,54.9184],[10.4877,54.9184],[10.4878,54.9184],[10.4879,54.9185],[10.488,54.9185],[10.4881,54.9185],[10.4882,54.9185],[10.4886,54.9185],[10.4891,54.9184],[10.4891,54.9183],[10.4892,54.9183],[10.4892,54.9182],[10.4893,54.9181],[10.4893,54.9178],[10.4895,54.9174],[10.4897,54.917],[10.4899,54.9167],[10.49,54.9165],[10.4903,54.9163],[10.4907,54.9162],[10.4909,54.9161],[10.4911,54.916],[10.4912,54.9159],[10.4913,54.9155],[10.4913,54.9154],[10.4913,54.9153],[10.4913,54.9153],[10.4913,54.9152],[10.4912,54.9152],[10.4912,54.9151],[10.4914,54.9144],[10.4914,54.9143],[10.4914,54.9142],[10.4914,54.9142],[10.4914,54.9142],[10.4902,54.9146],[10.4897,54.9147],[10.4897,54.9147],[10.4892,54.9149],[10.4889,54.9149],[10.4887,54.915],[10.4884,54.915],[10.4873,54.9152],[10.4868,54.9152],[10.4863,54.9153],[10.4856,54.9154],[10.4854,54.9155],[10.4854,54.9155],[10.4842,54.916],[10.4841,54.9161],[10.484,54.9161],[10.4839,54.9161],[10.4839,54.9161],[10.4831,54.9163],[10.482,54.9167]],[[10.4758,54.9191],[10.4762,54.9191],[10.4767,54.9191],[10.4769,54.9189],[10.4773,54.9189],[10.4775,54.9187],[10.4778,54.9186],[10.478,54.9185],[10.4781,54.9184],[10.4783,54.9183],[10.4784,54.9183],[10.4787,54.9182],[10.4789,54.9182],[10.479,54.9183],[10.479,54.9183],[10.4788,54.9184],[10.4787,54.9184],[10.4785,54.9185],[10.4784,54.9186],[10.4784,54.9186],[10.4782,54.9187],[10.4781,54.9188],[10.478,54.9189],[10.4778,54.919],[10.4777,54.9191],[10.4776,54.9192],[10.4775,54.9194],[10.4774,54.9195],[10.4774,54.9197],[10.4775,54.9198],[10.4776,54.9199],[10.4779,54.9199],[10.4781,54.9199],[10.4784,54.9199],[10.4786,54.9199],[10.4789,54.9199],[10.479,54.9199],[10.4792,54.9198],[10.4793,54.9197],[10.4795,54.9197],[10.4798,54.9197],[10.4801,54.9197],[10.4803,54.9197],[10.4805,54.9197],[10.4807,54.9197],[10.481,54.9198],[10.4813,54.9198],[10.4814,54.9199],[10.4816,54.92],[10.4816,54.92],[10.4814,54.9201],[10.4812,54.9202],[10.4808,54.9204],[10.4805,54.9205],[10.4803,54.9206],[10.48,54.9208],[10.4798,54.9209],[10.4797,54.9211],[10.4795,54.9213],[10.4794,54.9215],[10.4793,54.9216],[10.4792,54.9218],[10.4789,54.922],[10.4789,54.922],[10.4787,54.9221],[10.4786,54.922],[10.4783,54.922],[10.4782,54.9219],[10.4782,54.9218],[10.4782,54.9217],[10.4782,54.9216],[10.4782,54.9215],[10.4782,54.9215],[10.4782,54.9215],[10.4782,54.9215],[10.4782,54.9214],[10.4781,54.9214],[10.4781,54.9214],[10.4781,54.9214],[10.4781,54.9214],[10.478,54.9214],[10.478,54.9214],[10.478,54.9214],[10.4779,54.9214],[10.4776,54.9213],[10.4773,54.9209],[10.4773,54.9208],[10.4773,54.9207],[10.4772,54.9205],[10.477,54.9204],[10.4766,54.9201],[10.4764,54.92],[10.4762,54.9198],[10.4759,54.9194],[10.4758,54.9191]],[[10.484,54.9217],[10.4839,54.9217],[10.4837,54.9216],[10.4835,54.9216],[10.4834,54.9216],[10.4832,54.9215],[10.4832,54.9215],[10.4831,54.9214],[10.483,54.9214],[10.483,54.9214],[10.4829,54.9214],[10.4827,54.9214],[10.4824,54.9214],[10.4822,54.9214],[10.4821,54.9215],[10.4819,54.9215],[10.4816,54.9216],[10.4816,54.9216],[10.4814,54.9216],[10.4812,54.9216],[10.481,54.9217],[10.4808,54.9217],[10.4807,54.9217],[10.4805,54.9217],[10.4805,54.9216],[10.4805,54.9215],[10.4807,54.9214],[10.481,54.9214],[10.4812,54.9213],[10.4815,54.9212],[10.482,54.921],[10.4823,54.921],[10.4824,54.9209],[10.4827,54.9208],[10.483,54.9207],[10.4834,54.9207],[10.4836,54.9207],[10.4839,54.9207],[10.4841,54.9206],[10.4842,54.9205],[10.4844,54.9204],[10.4844,54.9204],[10.4844,54.9204],[10.4845,54.9204],[10.4847,54.9204],[10.4847,54.9204],[10.4848,54.9204],[10.4848,54.9204],[10.4848,54.9204],[10.4849,54.9204],[10.485,54.9205],[10.485,54.9205],[10.4848,54.9206],[10.4848,54.9207],[10.4847,54.9208],[10.4845,54.9209],[10.4844,54.9211],[10.4843,54.9211],[10.4842,54.9211],[10.4839,54.9211],[10.4835,54.921],[10.4834,54.9211],[10.4835,54.9212],[10.4837,54.9213],[10.4841,54.9216],[10.484,54.9217],[10.484,54.9217]],[[10.4908,54.9152],[10.4909,54.9152],[10.4909,54.9153],[10.4909,54.9154],[10.4909,54.9154],[10.4911,54.9156],[10.4911,54.9156],[10.4898,54.9164],[10.4895,54.9163],[10.4894,54.9162],[10.4893,54.9162],[10.4892,54.9161],[10.4893,54.9161],[10.4893,54.9161],[10.4893,54.9161],[10.4893,54.9161],[10.4893,54.9161],[10.4894,54.9161],[10.4895,54.9161],[10.4896,54.916],[10.4897,54.9159],[10.4898,54.9158],[10.4898,54.9158],[10.4899,54.9158],[10.4899,54.9158],[10.4899,54.9157],[10.4899,54.9157],[10.4899,54.9157],[10.4899,54.9156],[10.4899,54.9156],[10.4899,54.9156],[10.4899,54.9155],[10.4899,54.9155],[10.4901,54.9155],[10.4902,54.9155],[10.4904,54.9155],[10.4905,54.9155],[10.4905,54.9154],[10.4906,54.9154],[10.4906,54.9154],[10.4906,54.9154],[10.4906,54.9153],[10.4906,54.9153],[10.4907,54.9152],[10.4908,54.9152],[10.4908,54.9152],[10.4908,54.9152]],[[10.4841,54.9229],[10.4841,54.923],[10.484,54.923],[10.4839,54.9231],[10.4839,54.9231],[10.4839,54.9231],[10.4839,54.9231],[10.4839,54.9232],[10.4839,54.9232],[10.4839,54.9232],[10.4839,54.9232],[10.484,54.9233],[10.484,54.9233],[10.484,54.9233],[10.484,54.9234],[10.484,54.9234],[10.484,54.9235],[10.484,54.9235],[10.484,54.9236],[10.4839,54.9236],[10.4839,54.9236],[10.4839,54.9236],[10.4838,54.9236],[10.4838,54.9236],[10.4838,54.9236],[10.4837,54.9236],[10.4836,54.9236],[10.4836,54.9236],[10.4835,54.9236],[10.4835,54.9236],[10.4835,54.9237],[10.4834,54.9237],[10.4834,54.9237],[10.4834,54.9237],[10.4833,54.9237],[10.4833,54.9237],[10.4833,54.9237],[10.4832,54.9236],[10.4832,54.9236],[10.4832,54.9236],[10.4832,54.9236],[10.4832,54.9235],[10.4832,54.9235],[10.4831,54.9235],[10.4831,54.9234],[10.4831,54.9234],[10.4831,54.9233],[10.4832,54.9232],[10.4832,54.9232],[10.4832,54.9232],[10.4833,54.9232],[10.4833,54.9231],[10.4834,54.9231],[10.4834,54.9231],[10.4835,54.9231],[10.4835,54.923],[10.4836,54.923],[10.4836,54.923],[10.4837,54.923],[10.4838,54.923],[10.4838,54.923],[10.4838,54.923],[10.4839,54.9229],[10.4839,54.9229],[10.4839,54.9229],[10.484,54.9229],[10.484,54.9229],[10.4841,54.9229],[10.4841,54.9229],[10.4841,54.9229],[10.4841,54.9229],[10.4841,54.9229]],[[10.488,54.9183],[10.4878,54.9182],[10.4877,54.9182],[10.4877,54.9181],[10.4877,54.9181],[10.4878,54.918],[10.4879,54.918],[10.4879,54.918],[10.4882,54.918],[10.4885,54.9181],[10.4886,54.918],[10.4886,54.918],[10.4886,54.918],[10.4886,54.918],[10.4886,54.918],[10.4887,54.9179],[10.4887,54.9179],[10.4888,54.9178],[10.4888,54.9178],[10.4889,54.9178],[10.4889,54.9178],[10.489,54.9177],[10.489,54.9177],[10.4891,54.9177],[10.4891,54.9177],[10.4891,54.9178],[10.4892,54.9179],[10.4892,54.9179],[10.4891,54.918],[10.4891,54.918],[10.4891,54.918],[10.489,54.918],[10.489,54.918],[10.4889,54.918],[10.4889,54.918],[10.4888,54.918],[10.4888,54.918],[10.4887,54.918],[10.4887,54.9181],[10.4887,54.9181],[10.4887,54.9181],[10.4887,54.9181],[10.4887,54.9181],[10.4888,54.9182],[10.4888,54.9182],[10.4888,54.9182],[10.4889,54.9182],[10.4889,54.9183],[10.4889,54.9183],[10.4889,54.9183],[10.4889,54.9183],[10.4889,54.9183],[10.4888,54.9183],[10.4888,54.9184],[10.4887,54.9184],[10.4886,54.9184],[10.4884,54.9184],[10.4882,54.9183],[10.488,54.9183],[10.488,54.9183]],[[10.4859,54.9189],[10.4858,54.9189],[10.4857,54.9188],[10.4857,54.9188],[10.4856,54.9187],[10.4855,54.9187],[10.4853,54.9186],[10.4853,54.9185],[10.4854,54.9184],[10.4855,54.9185],[10.4856,54.9185],[10.4856,54.9186],[10.4858,54.9186],[10.4859,54.9186],[10.4861,54.9186],[10.4861,54.9186],[10.4862,54.9186],[10.4862,54.9186],[10.4863,54.9187],[10.4863,54.9187],[10.4863,54.9187],[10.4863,54.9187],[10.4862,54.9187],[10.4862,54.9188],[10.4862,54.9188],[10.4862,54.9188],[10.4862,54.9188],[10.4862,54.9188],[10.4861,54.9189],[10.4861,54.9189],[10.4861,54.9189],[10.486,54.9189],[10.486,54.9189],[10.486,54.9189],[10.4859,54.9189],[10.4859,54.9189]],[[10.4789,54.9177],[10.4789,54.9177],[10.479,54.9177],[10.479,54.9177],[10.4791,54.9177],[10.4791,54.9178],[10.4791,54.9178],[10.4791,54.9178],[10.479,54.9179],[10.479,54.9179],[10.4789,54.9179],[10.4789,54.9179],[10.4788,54.9179],[10.4788,54.9178],[10.4787,54.9178],[10.4787,54.9177],[10.4788,54.9177],[10.4788,54.9177],[10.4789,54.9177]]]},"properties":{"sourceId":"ais_par3.145581","a_type":4210,"hectares":51.094}},{"type":"Feature","id":"ais_par3.145582","geometry":{"type":"Polygon","coordinates":[[[10.4662,54.9153],[10.4661,54.9153],[10.466,54.9154],[10.466,54.9154],[10.4659,54.9154],[10.4659,54.9155],[10.466,54.9157],[10.466,54.9157],[10.466,54.9157],[10.4664,54.9158],[10.4666,54.916],[10.4667,54.9162],[10.467,54.9168],[10.4671,54.917],[10.4673,54.9173],[10.4673,54.9173],[10.4674,54.9174],[10.4675,54.9174],[10.4675,54.9174],[10.4676,54.9175],[10.4678,54.9175],[10.4679,54.9175],[10.4681,54.9175],[10.4682,54.9174],[10.4682,54.9174],[10.4682,54.9173],[10.4681,54.9173],[10.4681,54.9173],[10.4681,54.9173],[10.468,54.9173],[10.468,54.9173],[10.468,54.9173],[10.4679,54.9173],[10.4679,54.9173],[10.4679,54.9172],[10.4678,54.9172],[10.4678,54.9172],[10.4678,54.9172],[10.4678,54.9171],[10.4677,54.9171],[10.4677,54.9171],[10.4677,54.9171],[10.4677,54.9171],[10.4676,54.917],[10.4676,54.917],[10.4673,54.9169],[10.467,54.9163],[10.467,54.9159],[10.4671,54.9158],[10.4671,54.9157],[10.4673,54.9156],[10.4675,54.9154],[10.4676,54.9154],[10.4676,54.9154],[10.4677,54.9154],[10.4678,54.9154],[10.4678,54.9154],[10.4678,54.9154],[10.4679,54.9154],[10.4679,54.9154],[10.468,54.9154],[10.468,54.9154],[10.4681,54.9154],[10.4681,54.9155],[10.4681,54.9155],[10.4682,54.9155],[10.4682,54.9155],[10.4682,54.9156],[10.4682,54.9156],[10.4682,54.9157],[10.4682,54.9157],[10.4682,54.9157],[10.4683,54.9157],[10.4683,54.9157],[10.4683,54.9157],[10.4684,54.9157],[10.4684,54.9157],[10.4684,54.9157],[10.4685,54.9156],[10.4686,54.9155],[10.4686,54.9155],[10.4688,54.9154],[10.4688,54.9154],[10.4687,54.9153],[10.4687,54.9153],[10.4687,54.9153],[10.4686,54.9153],[10.4686,54.9153],[10.4686,54.9153],[10.4685,54.9153],[10.4685,54.9153],[10.4685,54.9153],[10.4685,54.9153],[10.4685,54.9153],[10.4684,54.9153],[10.4683,54.9151],[10.4683,54.9148],[10.4684,54.9147],[10.4684,54.9147],[10.4684,54.9147],[10.4684,54.9146],[10.4684,54.9146],[10.4684,54.9146],[10.4684,54.9146],[10.4684,54.9146],[10.4684,54.9146],[10.4684,54.9145],[10.4685,54.9145],[10.4685,54.9145],[10.4685,54.9144],[10.4685,54.9144],[10.4686,54.9144],[10.4686,54.9143],[10.4686,54.9143],[10.4686,54.9143],[10.4687,54.9142],[10.4687,54.9142],[10.4687,54.9142],[10.4687,54.9142],[10.4688,54.9141],[10.4688,54.9141],[10.4688,54.9141],[10.4689,54.9141],[10.4689,54.914],[10.4689,54.914],[10.4689,54.914],[10.469,54.9139],[10.469,54.9139],[10.469,54.9139],[10.4691,54.9138],[10.4691,54.9138],[10.4692,54.9138],[10.4692,54.9137],[10.4692,54.9137],[10.4693,54.9137],[10.4693,54.9137],[10.4693,54.9136],[10.4693,54.9136],[10.4693,54.9136],[10.4694,54.9136],[10.4694,54.9135],[10.4694,54.9135],[10.4695,54.9135],[10.4695,54.9134],[10.4696,54.9134],[10.4696,54.9134],[10.4696,54.9134],[10.4697,54.9133],[10.4698,54.9133],[10.4698,54.9133],[10.4699,54.9132],[10.47,54.9132],[10.47,54.9132],[10.4701,54.9132],[10.4701,54.9132],[10.4702,54.9131],[10.4703,54.9131],[10.4703,54.9131],[10.4703,54.9131],[10.4704,54.9131],[10.4704,54.9131],[10.4704,54.9131],[10.4705,54.9131],[10.4705,54.9131],[10.4706,54.9131],[10.4706,54.913],[10.4707,54.913],[10.4708,54.913],[10.4709,54.913],[10.4709,54.913],[10.471,54.913],[10.471,54.9129],[10.4711,54.9129],[10.4711,54.9129],[10.4712,54.9129],[10.4712,54.9129],[10.4713,54.9129],[10.4713,54.9128],[10.4713,54.9128],[10.4713,54.9128],[10.4713,54.9128],[10.4713,54.9128],[10.4712,54.9128],[10.4712,54.9128],[10.4712,54.9128],[10.4712,54.9127],[10.4709,54.9129],[10.4705,54.913],[10.4704,54.913],[10.4704,54.913],[10.4704,54.913],[10.4702,54.913],[10.4702,54.9131],[10.4701,54.913],[10.4694,54.9132],[10.4694,54.9132],[10.4694,54.9132],[10.4693,54.9133],[10.4693,54.9133],[10.4691,54.9135],[10.469,54.9135],[10.469,54.9136],[10.469,54.9137],[10.4689,54.9137],[10.4689,54.9138],[10.4689,54.9138],[10.4689,54.9138],[10.4688,54.9138],[10.4688,54.9139],[10.4688,54.9139],[10.4687,54.9139],[10.4687,54.9139],[10.4687,54.914],[10.4686,54.914],[10.4686,54.914],[10.4686,54.914],[10.4681,54.9146],[10.4676,54.9152],[10.4675,54.9153],[10.4674,54.9153],[10.4672,54.9154],[10.4671,54.9154],[10.4669,54.9154],[10.4668,54.9154],[10.4667,54.9154],[10.4662,54.9153]]]},"properties":{"sourceId":"ais_par3.145582","a_type":4210,"hectares":1.812}},{"type":"Feature","id":"ais_par3.145583","geometry":{"type":"Polygon","coordinates":[[[10.4961,54.9108],[10.496,54.9111],[10.4958,54.9113],[10.4956,54.9115],[10.4952,54.9117],[10.495,54.9118],[10.495,54.9119],[10.495,54.9119],[10.4949,54.9121],[10.4947,54.9123],[10.4946,54.9124],[10.4943,54.9129],[10.4942,54.9131],[10.4943,54.9131],[10.4954,54.913],[10.4954,54.913],[10.4955,54.913],[10.4955,54.913],[10.4956,54.913],[10.4958,54.913],[10.4961,54.9129],[10.4962,54.9129],[10.4964,54.9128],[10.4966,54.9128],[10.4968,54.9128],[10.497,54.9129],[10.4972,54.9129],[10.4973,54.9129],[10.4973,54.9129],[10.4976,54.9128],[10.4977,54.9128],[10.4977,54.9128],[10.4977,54.9128],[10.4976,54.9128],[10.4976,54.9127],[10.4976,54.9127],[10.4977,54.9127],[10.4977,54.9127],[10.4977,54.9126],[10.4978,54.9126],[10.4978,54.9126],[10.4978,54.9126],[10.4979,54.9126],[10.4979,54.9125],[10.4982,54.9126],[10.4985,54.9127],[10.4986,54.9127],[10.4986,54.9127],[10.4986,54.9127],[10.4986,54.9126],[10.4986,54.9123],[10.4986,54.9122],[10.4988,54.9116],[10.4987,54.9114],[10.4986,54.9113],[10.4976,54.9112],[10.4967,54.9111],[10.4965,54.911],[10.4963,54.9109],[10.4962,54.9108],[10.4961,54.9107],[10.4961,54.9107],[10.4961,54.9107],[10.4961,54.9108]],[[10.4977,54.9119],[10.4977,54.9119],[10.4977,54.9119],[10.4977,54.9121],[10.4977,54.9122],[10.4976,54.9122],[10.4976,54.9122],[10.4975,54.9122],[10.4975,54.9122],[10.497,54.9122],[10.4968,54.9122],[10.4968,54.9122],[10.4968,54.9122],[10.4967,54.9122],[10.4967,54.9122],[10.4966,54.9122],[10.4966,54.9122],[10.4965,54.9122],[10.4965,54.9122],[10.4964,54.9121],[10.4964,54.9121],[10.4963,54.9121],[10.4963,54.9121],[10.4963,54.9121],[10.4962,54.9121],[10.4962,54.9121],[10.4962,54.9121],[10.4961,54.9121],[10.4961,54.9121],[10.4961,54.912],[10.4961,54.912],[10.4961,54.912],[10.4961,54.912],[10.4961,54.9119],[10.4961,54.9119],[10.4962,54.9119],[10.4962,54.9119],[10.4962,54.9119],[10.4963,54.9119],[10.4963,54.9119],[10.4964,54.9119],[10.4964,54.9119],[10.4964,54.9119],[10.4965,54.9119],[10.4965,54.9119],[10.4966,54.9118],[10.4966,54.9118],[10.4967,54.9118],[10.4967,54.9118],[10.4967,54.9118],[10.4967,54.9119],[10.4968,54.9119],[10.4968,54.9119],[10.4968,54.9119],[10.4969,54.9119],[10.4969,54.9119],[10.497,54.9119],[10.497,54.9119],[10.4971,54.9119],[10.4971,54.9119],[10.4972,54.9119],[10.4972,54.9119],[10.4973,54.9119],[10.4973,54.9119],[10.4973,54.9119],[10.4974,54.9119],[10.4974,54.9119],[10.4976,54.9119],[10.4976,54.9119],[10.4976,54.9119],[10.4977,54.9119]]]},"properties":{"sourceId":"ais_par3.145583","a_type":4210,"hectares":4.183}},{"type":"Feature","id":"ais_par3.145593","geometry":{"type":"Polygon","coordinates":[[[10.4762,54.8658],[10.4751,54.8671],[10.4749,54.8673],[10.4726,54.8689],[10.4712,54.8702],[10.4714,54.8703],[10.4708,54.8713],[10.4702,54.8713],[10.4688,54.8719],[10.4672,54.8729],[10.4665,54.8732],[10.4641,54.8738],[10.4631,54.8742],[10.4607,54.8745],[10.4593,54.8745],[10.4595,54.8748],[10.4598,54.875],[10.46,54.875],[10.4616,54.8753],[10.4618,54.8753],[10.4622,54.8752],[10.4624,54.875],[10.4637,54.8748],[10.4645,54.8743],[10.4658,54.8738],[10.4671,54.8735],[10.4673,54.8733],[10.4678,54.8731],[10.4684,54.8724],[10.4691,54.8721],[10.4699,54.8719],[10.4709,54.8715],[10.4718,54.8708],[10.4725,54.87],[10.473,54.8693],[10.4734,54.869],[10.4739,54.8687],[10.4745,54.8683],[10.4755,54.8679],[10.4759,54.8677],[10.4761,54.8674],[10.4761,54.8673],[10.4769,54.867],[10.4772,54.8668],[10.4772,54.8666],[10.4773,54.8665],[10.4773,54.8664],[10.4773,54.8664],[10.4774,54.8663],[10.478,54.8661],[10.4782,54.866],[10.4783,54.8658],[10.4786,54.8657],[10.4791,54.8655],[10.4791,54.8655],[10.4791,54.8655],[10.4792,54.8655],[10.4797,54.8654],[10.4802,54.8653],[10.4807,54.8651],[10.4817,54.8648],[10.4821,54.8646],[10.4821,54.8644],[10.4821,54.8644],[10.4821,54.8644],[10.482,54.8642],[10.4821,54.8641],[10.4822,54.8641],[10.4823,54.8641],[10.4823,54.8642],[10.483,54.8642],[10.4831,54.8642],[10.4831,54.8643],[10.4833,54.8644],[10.4843,54.8647],[10.4852,54.8649],[10.4854,54.865],[10.4855,54.8651],[10.4861,54.8654],[10.4862,54.8656],[10.4865,54.8658],[10.4865,54.8658],[10.4865,54.8659],[10.4868,54.8662],[10.4869,54.8665],[10.4869,54.8667],[10.4869,54.8667],[10.4869,54.8667],[10.4869,54.8668],[10.4868,54.8669],[10.4867,54.8671],[10.4858,54.8677],[10.4857,54.8678],[10.4857,54.8678],[10.4858,54.8678],[10.4859,54.8678],[10.486,54.8677],[10.4863,54.8676],[10.4864,54.8676],[10.4865,54.8675],[10.4868,54.8672],[10.487,54.8672],[10.4872,54.867],[10.4872,54.8669],[10.4871,54.8666],[10.487,54.8661],[10.487,54.8661],[10.4865,54.8654],[10.486,54.8649],[10.4849,54.8643],[10.4837,54.864],[10.4832,54.8639],[10.4831,54.8638],[10.4826,54.8634],[10.4824,54.8633],[10.4821,54.8632],[10.4821,54.8636],[10.4817,54.8637],[10.4818,54.8642],[10.4805,54.8646],[10.4793,54.865],[10.4783,54.8653],[10.4765,54.8659],[10.4762,54.8658]]]},"properties":{"sourceId":"ais_par3.145593","a_type":4210,"hectares":13.306}},{"type":"Feature","id":"ais_par3.145584","geometry":{"type":"Polygon","coordinates":[[[10.4811,54.8906],[10.4811,54.8906],[10.4809,54.8906],[10.4808,54.8906],[10.4807,54.8906],[10.4806,54.8906],[10.4805,54.8906],[10.4801,54.8906],[10.4796,54.8904],[10.4792,54.8901],[10.4792,54.8899],[10.4792,54.8899],[10.4792,54.8899],[10.4792,54.8899],[10.4792,54.8898],[10.4798,54.8888],[10.48,54.8887],[10.48,54.8887],[10.4802,54.8885],[10.4804,54.8883],[10.4805,54.8883],[10.4805,54.8882],[10.4806,54.8881],[10.4806,54.8881],[10.4807,54.888],[10.4808,54.888],[10.4808,54.888],[10.4808,54.888],[10.4807,54.8879],[10.4806,54.8879],[10.4806,54.8879],[10.4805,54.8879],[10.4802,54.8881],[10.4796,54.8888],[10.4796,54.8888],[10.4796,54.8889],[10.4796,54.889],[10.4795,54.8891],[10.4794,54.8891],[10.4793,54.8892],[10.4787,54.8902],[10.4786,54.8904],[10.4785,54.8905],[10.4784,54.8907],[10.4784,54.8907],[10.4784,54.8907],[10.4783,54.8908],[10.4783,54.8908],[10.4784,54.8909],[10.4785,54.891],[10.4787,54.891],[10.4789,54.8911],[10.4791,54.8911],[10.4793,54.8911],[10.4794,54.8912],[10.4796,54.8912],[10.4797,54.8912],[10.48,54.8912],[10.4802,54.8912],[10.4807,54.8911],[10.4811,54.8911],[10.4813,54.8911],[10.4815,54.8911],[10.4819,54.8911],[10.4821,54.8911],[10.4823,54.891],[10.4825,54.891],[10.4827,54.891],[10.4828,54.891],[10.4828,54.891],[10.4834,54.891],[10.4836,54.891],[10.4838,54.8909],[10.4839,54.8909],[10.4844,54.8909],[10.4846,54.8909],[10.4848,54.8909],[10.4851,54.8908],[10.4853,54.8908],[10.4856,54.8908],[10.4862,54.8907],[10.4865,54.8907],[10.4866,54.8907],[10.4866,54.8907],[10.4866,54.8906],[10.4863,54.89],[10.4861,54.89],[10.486,54.8897],[10.4859,54.8896],[10.4859,54.8895],[10.4859,54.8895],[10.4859,54.8894],[10.4859,54.8894],[10.486,54.8892],[10.4862,54.8891],[10.4864,54.8889],[10.4867,54.8888],[10.4869,54.8888],[10.4871,54.8887],[10.4879,54.8885],[10.4881,54.8885],[10.489,54.8884],[10.4901,54.8884],[10.4911,54.8883],[10.4915,54.8882],[10.4915,54.8883],[10.4916,54.8883],[10.4917,54.8882],[10.4917,54.8882],[10.4918,54.8882],[10.4918,54.8883],[10.4918,54.8883],[10.4918,54.8884],[10.4918,54.8884],[10.4917,54.8885],[10.4917,54.8885],[10.4916,54.8886],[10.4916,54.8886],[10.4916,54.8887],[10.4916,54.8887],[10.4916,54.8887],[10.4925,54.8884],[10.4933,54.8882],[10.4933,54.8882],[10.4951,54.8878],[10.4952,54.8878],[10.4949,54.8878],[10.4946,54.8877],[10.4943,54.8877],[10.4942,54.8877],[10.4939,54.8877],[10.4937,54.8877],[10.4935,54.8878],[10.4934,54.8878],[10.4932,54.8878],[10.4931,54.8878],[10.4929,54.8878],[10.4928,54.8878],[10.4925,54.8879],[10.4925,54.8879],[10.4922,54.8879],[10.4917,54.8881],[10.4915,54.8881],[10.4913,54.8882],[10.4911,54.8882],[10.4909,54.8882],[10.4907,54.8882],[10.4906,54.8882],[10.4903,54.8882],[10.4902,54.8882],[10.49,54.8882],[10.4899,54.8882],[10.4895,54.8882],[10.4894,54.8882],[10.4892,54.8883],[10.489,54.8883],[10.4888,54.8883],[10.4887,54.8883],[10.4885,54.8883],[10.4882,54.8882],[10.488,54.8882],[10.4879,54.8882],[10.4876,54.8882],[10.4875,54.8882],[10.4873,54.8882],[10.4871,54.8882],[10.487,54.8882],[10.4869,54.8882],[10.4869,54.8883],[10.4868,54.8883],[10.4868,54.8883],[10.4868,54.8883],[10.4865,54.8885],[10.4865,54.8885],[10.4865,54.8885],[10.4865,54.8885],[10.4865,54.8885],[10.4856,54.889],[10.4855,54.8891],[10.4855,54.8891],[10.4855,54.8891],[10.485,54.8892],[10.484,54.8894],[10.4836,54.8896],[10.4829,54.8898],[10.4825,54.8901],[10.4821,54.8903],[10.4812,54.8905],[10.4811,54.8906]],[[10.485,54.8904],[10.4849,54.8905],[10.4848,54.8905],[10.4845,54.8906],[10.4843,54.8907],[10.484,54.8908],[10.4837,54.8908],[10.4834,54.8909],[10.4833,54.8909],[10.4833,54.8909],[10.4832,54.8909],[10.4831,54.8909],[10.4831,54.8909],[10.483,54.8909],[10.4829,54.8909],[10.4828,54.8909],[10.4827,54.8909],[10.4826,54.8909],[10.4826,54.8909],[10.4825,54.8909],[10.4826,54.8908],[10.4828,54.8907],[10.4828,54.8907],[10.483,54.8907],[10.4837,54.8906],[10.4839,54.8905],[10.484,54.8905],[10.4842,54.8904],[10.4844,54.8904],[10.4846,54.8904],[10.4848,54.8903],[10.4848,54.8903],[10.485,54.8904],[10.485,54.8904],[10.485,54.8904]],[[10.4806,54.8907],[10.4803,54.8908],[10.4801,54.8909],[10.4798,54.891],[10.4796,54.891],[10.4795,54.891],[10.4794,54.891],[10.4793,54.891],[10.4791,54.8909],[10.4791,54.8909],[10.479,54.8908],[10.479,54.8908],[10.4789,54.8907],[10.4789,54.8907],[10.479,54.8906],[10.4791,54.8905],[10.4792,54.8905],[10.4794,54.8905],[10.4795,54.8905],[10.4796,54.8905],[10.4796,54.8906],[10.4797,54.8906],[10.4798,54.8907],[10.4799,54.8907],[10.48,54.8907],[10.48,54.8907],[10.4801,54.8907],[10.4801,54.8907],[10.4802,54.8907],[10.4803,54.8907],[10.4804,54.8907],[10.4805,54.8906],[10.4806,54.8906],[10.4806,54.8907],[10.4807,54.8907],[10.4808,54.8907],[10.4806,54.8907]],[[10.4847,54.8894],[10.4847,54.8894],[10.4848,54.8894],[10.4848,54.8893],[10.4849,54.8893],[10.485,54.8893],[10.485,54.8893],[10.4851,54.8893],[10.4852,54.8893],[10.4852,54.8893],[10.4852,54.8893],[10.4852,54.8894],[10.4852,54.8894],[10.4851,54.8894],[10.485,54.8894],[10.485,54.8894],[10.485,54.8894],[10.4849,54.8894],[10.4849,54.8894],[10.4849,54.8894],[10.4848,54.8894],[10.4848,54.8894],[10.4848,54.8894],[10.4848,54.8894],[10.4848,54.8894],[10.4847,54.8894],[10.4847,54.8894],[10.4847,54.8894]]]},"properties":{"sourceId":"ais_par3.145584","a_type":4210,"hectares":7.599}},{"type":"Feature","id":"ais_par3.145585","geometry":{"type":"Polygon","coordinates":[[[10.4894,54.8896],[10.4894,54.8896],[10.4892,54.8898],[10.4893,54.8898],[10.4895,54.8898],[10.4896,54.8898],[10.49,54.8897],[10.4902,54.8895],[10.4902,54.8895],[10.4901,54.8895],[10.4901,54.8895],[10.4901,54.8895],[10.4901,54.8894],[10.4902,54.8894],[10.4902,54.8894],[10.4903,54.8894],[10.4903,54.8894],[10.4903,54.8893],[10.4904,54.8893],[10.4904,54.8892],[10.4905,54.889],[10.4905,54.889],[10.4903,54.8889],[10.4899,54.8889],[10.4898,54.8889],[10.4897,54.8889],[10.4897,54.889],[10.4897,54.8891],[10.4898,54.8893],[10.4899,54.8893],[10.4898,54.8894],[10.4896,54.8895],[10.4894,54.8896]]]},"properties":{"sourceId":"ais_par3.145585","a_type":4210,"hectares":0.388}},{"type":"Feature","id":"ais_par3.145589","geometry":{"type":"Polygon","coordinates":[[[10.4886,54.8756],[10.4882,54.8758],[10.4877,54.8759],[10.4877,54.876],[10.4877,54.8761],[10.4878,54.8762],[10.4861,54.8771],[10.486,54.8771],[10.4858,54.8772],[10.4858,54.8773],[10.4848,54.8779],[10.4839,54.8786],[10.4839,54.8786],[10.4828,54.8792],[10.4826,54.8791],[10.4816,54.8796],[10.4815,54.8796],[10.4821,54.8801],[10.4823,54.8803],[10.4825,54.8804],[10.4826,54.8803],[10.4835,54.8797],[10.4835,54.8797],[10.4835,54.8797],[10.4836,54.8797],[10.4836,54.8796],[10.4836,54.8796],[10.4836,54.8796],[10.4837,54.8795],[10.4837,54.8795],[10.4837,54.8795],[10.4837,54.8795],[10.4837,54.8795],[10.4837,54.8795],[10.4838,54.8794],[10.4839,54.8794],[10.4839,54.8794],[10.4839,54.8793],[10.4839,54.8793],[10.484,54.8792],[10.484,54.8792],[10.4841,54.8792],[10.4841,54.8792],[10.4842,54.8792],[10.4842,54.8791],[10.4842,54.8791],[10.4843,54.8791],[10.4843,54.879],[10.4845,54.879],[10.4845,54.879],[10.4846,54.8789],[10.4847,54.8789],[10.4847,54.8789],[10.4849,54.8788],[10.4849,54.8788],[10.485,54.8788],[10.485,54.8788],[10.485,54.8788],[10.4851,54.8788],[10.4851,54.8788],[10.4851,54.8788],[10.4852,54.8788],[10.4854,54.8788],[10.4855,54.8787],[10.4855,54.8787],[10.4855,54.8787],[10.4855,54.8786],[10.4857,54.8786],[10.486,54.8785],[10.486,54.8785],[10.486,54.8785],[10.486,54.8784],[10.486,54.8784],[10.486,54.8784],[10.486,54.8783],[10.486,54.8783],[10.4861,54.8783],[10.4861,54.8782],[10.4861,54.8782],[10.4862,54.8782],[10.4862,54.8781],[10.4862,54.8781],[10.4862,54.8781],[10.4862,54.8781],[10.4862,54.878],[10.4862,54.8779],[10.4862,54.8779],[10.4863,54.8778],[10.4863,54.8778],[10.4863,54.8778],[10.4863,54.8777],[10.4864,54.8777],[10.4864,54.8776],[10.4864,54.8776],[10.4864,54.8775],[10.4865,54.8775],[10.4865,54.8775],[10.4865,54.8774],[10.4866,54.8774],[10.4866,54.8773],[10.4867,54.8773],[10.4867,54.8772],[10.4868,54.8772],[10.4869,54.8772],[10.4869,54.8771],[10.487,54.8771],[10.487,54.877],[10.4871,54.877],[10.4871,54.877],[10.4871,54.877],[10.4873,54.8769],[10.4873,54.8769],[10.4873,54.8769],[10.4874,54.8768],[10.4876,54.8768],[10.4876,54.8767],[10.4877,54.8767],[10.4879,54.8766],[10.4881,54.8765],[10.4883,54.8765],[10.4884,54.8764],[10.4891,54.8762],[10.4892,54.8762],[10.4892,54.8761],[10.4893,54.8761],[10.4894,54.8761],[10.4894,54.876],[10.4895,54.876],[10.4896,54.876],[10.4896,54.876],[10.4897,54.876],[10.4898,54.8759],[10.4899,54.8759],[10.49,54.8759],[10.49,54.8758],[10.4901,54.8758],[10.4902,54.8758],[10.4903,54.8758],[10.4904,54.8758],[10.4909,54.8754],[10.491,54.8753],[10.4902,54.875],[10.4902,54.875],[10.4901,54.875],[10.4892,54.8754],[10.4886,54.8756]],[[10.4833,54.8791],[10.4833,54.879],[10.4833,54.879],[10.4833,54.8789],[10.4834,54.8789],[10.4835,54.8789],[10.4835,54.8789],[10.4837,54.8789],[10.4837,54.879],[10.4836,54.879],[10.4836,54.8791],[10.4835,54.8791],[10.4834,54.8791],[10.4833,54.8791],[10.4833,54.8791]]]},"properties":{"sourceId":"ais_par3.145589","a_type":4210,"hectares":5.255}},{"type":"Feature","id":"ais_par3.145586","geometry":{"type":"Polygon","coordinates":[[[10.5054,54.887],[10.5049,54.8871],[10.5045,54.8872],[10.5043,54.8872],[10.5041,54.8873],[10.504,54.8873],[10.5037,54.8873],[10.5035,54.8874],[10.5031,54.8875],[10.5026,54.8876],[10.5023,54.8876],[10.502,54.8877],[10.5016,54.8878],[10.5013,54.8878],[10.5004,54.8881],[10.5001,54.8881],[10.4995,54.8883],[10.4992,54.8884],[10.499,54.8884],[10.4987,54.8885],[10.4985,54.8886],[10.4982,54.8887],[10.498,54.8887],[10.4977,54.8888],[10.4977,54.8888],[10.4974,54.8888],[10.4971,54.8889],[10.4968,54.8889],[10.4961,54.889],[10.4958,54.8891],[10.4956,54.8892],[10.4955,54.8892],[10.4953,54.8892],[10.495,54.8893],[10.4948,54.8894],[10.4945,54.8894],[10.4944,54.8895],[10.4939,54.8896],[10.4933,54.8897],[10.493,54.8898],[10.4921,54.89],[10.4918,54.8901],[10.4916,54.8901],[10.4914,54.8901],[10.4912,54.8902],[10.491,54.8902],[10.4907,54.8902],[10.4906,54.8903],[10.4904,54.8903],[10.49,54.8903],[10.4899,54.8904],[10.4897,54.8904],[10.4895,54.8904],[10.4892,54.8905],[10.4885,54.8905],[10.4886,54.8907],[10.4886,54.8907],[10.4889,54.8906],[10.4892,54.8906],[10.4896,54.8905],[10.49,54.8905],[10.4903,54.8904],[10.4907,54.8904],[10.4908,54.8904],[10.491,54.8903],[10.4912,54.8903],[10.4914,54.8903],[10.4916,54.8903],[10.4919,54.8902],[10.4926,54.89],[10.493,54.8899],[10.4934,54.8898],[10.4938,54.8897],[10.4941,54.8896],[10.4948,54.8895],[10.4952,54.8894],[10.4959,54.8892],[10.4962,54.8892],[10.4964,54.8891],[10.4967,54.8891],[10.4971,54.889],[10.4974,54.8889],[10.4976,54.8889],[10.4977,54.8889],[10.4979,54.8889],[10.498,54.8889],[10.4983,54.8888],[10.4987,54.8887],[10.4987,54.8886],[10.4989,54.8886],[10.4992,54.8885],[10.4996,54.8884],[10.4999,54.8883],[10.5003,54.8882],[10.5004,54.8882],[10.5005,54.8882],[10.5006,54.8882],[10.5006,54.8881],[10.5006,54.8881],[10.5009,54.8881],[10.501,54.888],[10.5011,54.888],[10.5012,54.888],[10.5014,54.888],[10.5015,54.8879],[10.5018,54.8879],[10.5018,54.8879],[10.5021,54.8878],[10.5024,54.8877],[10.5025,54.8877],[10.5026,54.8877],[10.5028,54.8876],[10.503,54.8876],[10.5033,54.8876],[10.5035,54.8875],[10.5037,54.8875],[10.5041,54.8874],[10.5042,54.8874],[10.5042,54.8873],[10.5046,54.8873],[10.5048,54.8873],[10.5049,54.8872],[10.5052,54.8872],[10.5054,54.8872],[10.5056,54.8872],[10.5057,54.8872],[10.5057,54.8872],[10.506,54.8872],[10.5061,54.8872],[10.5062,54.8872],[10.5063,54.8872],[10.5064,54.8872],[10.5065,54.8873],[10.5067,54.8873],[10.5068,54.8874],[10.5069,54.8874],[10.507,54.8874],[10.5071,54.8874],[10.5072,54.8874],[10.5073,54.8874],[10.5074,54.8874],[10.5075,54.8874],[10.5075,54.8874],[10.5076,54.8873],[10.5067,54.8872],[10.5066,54.8871],[10.5068,54.887],[10.5071,54.8869],[10.5071,54.887],[10.5078,54.8872],[10.5078,54.8872],[10.5079,54.8871],[10.508,54.887],[10.5081,54.8868],[10.5083,54.8867],[10.5084,54.8865],[10.5084,54.8865],[10.5084,54.8864],[10.5076,54.8866],[10.5069,54.8867],[10.506,54.8869],[10.5054,54.887]],[[10.5078,54.8868],[10.5075,54.8868],[10.5074,54.8868],[10.5073,54.8868],[10.5071,54.8869],[10.507,54.8869],[10.5066,54.887],[10.5065,54.887],[10.5064,54.887],[10.5064,54.887],[10.5063,54.887],[10.5064,54.887],[10.5065,54.8869],[10.5066,54.8869],[10.5067,54.8869],[10.5068,54.8869],[10.5071,54.8868],[10.5072,54.8868],[10.5073,54.8867],[10.5075,54.8867],[10.5076,54.8867],[10.5078,54.8866],[10.5079,54.8866],[10.5082,54.8865],[10.5082,54.8866],[10.5082,54.8866],[10.5082,54.8867],[10.5082,54.8867],[10.5081,54.8867],[10.5081,54.8868],[10.508,54.8868],[10.5079,54.8868],[10.5079,54.8868],[10.5078,54.8868]]]},"properties":{"sourceId":"ais_par3.145586","a_type":4210,"hectares":2.242}},{"type":"Feature","id":"ais_par3.145587","geometry":{"type":"Polygon","coordinates":[[[10.4995,54.8867],[10.4995,54.8868],[10.4997,54.8868],[10.5,54.8867],[10.5004,54.8865],[10.5007,54.8864],[10.5011,54.8863],[10.5014,54.8863],[10.5017,54.8862],[10.5024,54.886],[10.503,54.8859],[10.5038,54.8857],[10.5039,54.8857],[10.5048,54.8855],[10.5061,54.8851],[10.5072,54.8849],[10.5076,54.8848],[10.5076,54.8848],[10.5073,54.8848],[10.5064,54.8847],[10.5063,54.8847],[10.5061,54.8846],[10.5059,54.8846],[10.5052,54.8846],[10.5035,54.8849],[10.5024,54.8852],[10.5021,54.8853],[10.5017,54.8855],[10.5002,54.8862],[10.4998,54.8865],[10.4995,54.8867]],[[10.5033,54.8854],[10.5033,54.8854],[10.5033,54.8855],[10.5033,54.8856],[10.5032,54.8856],[10.5031,54.8857],[10.5031,54.8858],[10.503,54.8858],[10.503,54.8858],[10.5029,54.8858],[10.5028,54.8858],[10.5026,54.8859],[10.5025,54.8859],[10.5023,54.8859],[10.5022,54.8859],[10.5021,54.886],[10.502,54.886],[10.5019,54.886],[10.5018,54.886],[10.5016,54.8859],[10.5016,54.8859],[10.5015,54.8859],[10.5014,54.8858],[10.5015,54.8858],[10.5019,54.8856],[10.502,54.8855],[10.5022,54.8855],[10.5023,54.8854],[10.5025,54.8853],[10.5026,54.8853],[10.5027,54.8853],[10.5027,54.8853],[10.5028,54.8853],[10.5028,54.8852],[10.5029,54.8852],[10.503,54.8852],[10.5031,54.8851],[10.5032,54.8851],[10.5033,54.8851],[10.5034,54.8852],[10.5034,54.8852],[10.5034,54.8852],[10.5033,54.8853],[10.5033,54.8853],[10.5033,54.8854]]]},"properties":{"sourceId":"ais_par3.145587","a_type":4210,"hectares":2.847}},{"type":"Feature","id":"ais_par3.145588","geometry":{"type":"Polygon","coordinates":[[[10.5448,54.857],[10.5442,54.8573],[10.5441,54.8573],[10.5436,54.8576],[10.5432,54.8579],[10.5427,54.858],[10.5426,54.858],[10.5424,54.858],[10.542,54.8581],[10.5419,54.8581],[10.5418,54.8581],[10.5414,54.8583],[10.5411,54.8583],[10.5409,54.8584],[10.5408,54.8584],[10.5402,54.8585],[10.5392,54.8587],[10.5391,54.8587],[10.5391,54.8587],[10.5389,54.8588],[10.5389,54.8588],[10.5389,54.8589],[10.5391,54.859],[10.5401,54.8588],[10.5404,54.8587],[10.5404,54.8587],[10.5405,54.8586],[10.5408,54.8585],[10.5412,54.8585],[10.5414,54.8584],[10.5418,54.8583],[10.5419,54.8582],[10.5423,54.8582],[10.5431,54.858],[10.5437,54.8578],[10.5439,54.8576],[10.544,54.8576],[10.5441,54.8576],[10.5442,54.8576],[10.5443,54.8576],[10.5443,54.8576],[10.5449,54.8577],[10.545,54.8576],[10.5452,54.8576],[10.5453,54.8576],[10.5453,54.8577],[10.5456,54.8579],[10.5457,54.8579],[10.5457,54.8579],[10.546,54.8581],[10.546,54.8581],[10.5461,54.858],[10.5461,54.858],[10.5461,54.8579],[10.5456,54.8575],[10.5456,54.8575],[10.5455,54.8574],[10.5455,54.8573],[10.5455,54.857],[10.5453,54.8569],[10.5448,54.857]]]},"properties":{"sourceId":"ais_par3.145588","a_type":4210,"hectares":1.417}},{"type":"Feature","id":"ais_par3.145590","geometry":{"type":"Polygon","coordinates":[[[10.4702,54.8777],[10.47,54.8787],[10.4699,54.8787],[10.4698,54.879],[10.4697,54.8791],[10.4701,54.8789],[10.4702,54.879],[10.471,54.8786],[10.4714,54.8783],[10.4712,54.8781],[10.4714,54.878],[10.472,54.8776],[10.472,54.8775],[10.4729,54.8771],[10.4729,54.877],[10.4753,54.8759],[10.4752,54.8758],[10.4758,54.8754],[10.4769,54.8752],[10.4768,54.8752],[10.4764,54.8749],[10.4761,54.8749],[10.4756,54.8749],[10.4749,54.8754],[10.4745,54.8756],[10.4742,54.8758],[10.4742,54.8758],[10.4742,54.8758],[10.4736,54.8759],[10.4723,54.8763],[10.472,54.8763],[10.4716,54.8762],[10.471,54.8765],[10.4708,54.8766],[10.4702,54.8777]],[[10.4722,54.8765],[10.4722,54.8765],[10.4723,54.8765],[10.4723,54.8764],[10.4724,54.8764],[10.4724,54.8764],[10.4726,54.8764],[10.4726,54.8764],[10.4727,54.8764],[10.4728,54.8764],[10.4728,54.8764],[10.4729,54.8764],[10.4729,54.8764],[10.473,54.8764],[10.4731,54.8764],[10.4731,54.8764],[10.4732,54.8764],[10.4732,54.8765],[10.4733,54.8765],[10.4732,54.8766],[10.4729,54.8766],[10.4727,54.8766],[10.4726,54.8766],[10.4726,54.8767],[10.4725,54.8767],[10.4725,54.8767],[10.4724,54.8767],[10.4723,54.8767],[10.4722,54.8767],[10.4722,54.8767],[10.4721,54.8767],[10.4721,54.8767],[10.472,54.8767],[10.472,54.8766],[10.472,54.8766],[10.4721,54.8766],[10.4721,54.8766],[10.4721,54.8765],[10.4722,54.8765],[10.4722,54.8765]],[[10.4736,54.8764],[10.4735,54.8764],[10.4733,54.8764],[10.4732,54.8764],[10.4732,54.8764],[10.4732,54.8764],[10.4732,54.8764],[10.4732,54.8764],[10.4732,54.8763],[10.4732,54.8763],[10.4732,54.8763],[10.4732,54.8763],[10.4732,54.8763],[10.4732,54.8762],[10.4732,54.8762],[10.4732,54.8762],[10.4732,54.8762],[10.4733,54.8762],[10.4734,54.8762],[10.4738,54.8762],[10.4739,54.8762],[10.474,54.8762],[10.474,54.8763],[10.474,54.8763],[10.474,54.8763],[10.474,54.8763],[10.4739,54.8763],[10.4739,54.8764],[10.4737,54.8764],[10.4736,54.8764]]]},"properties":{"sourceId":"ais_par3.145590","a_type":4210,"hectares":4.477}},{"type":"Feature","id":"ais_par3.145594","geometry":{"type":"Polygon","coordinates":[[[10.5301,54.8478],[10.5301,54.8478],[10.53,54.8478],[10.53,54.8478],[10.5299,54.848],[10.53,54.8481],[10.5302,54.8481],[10.5303,54.8481],[10.5304,54.8481],[10.5304,54.8481],[10.5305,54.8481],[10.5305,54.8481],[10.5306,54.8481],[10.5307,54.8481],[10.5307,54.8481],[10.5308,54.8481],[10.5309,54.8481],[10.531,54.8481],[10.5311,54.848],[10.5312,54.848],[10.5313,54.8479],[10.5313,54.8478],[10.5313,54.8477],[10.5312,54.8477],[10.5305,54.8477],[10.5303,54.8478],[10.5301,54.8478]]]},"properties":{"sourceId":"ais_par3.145594","a_type":4210,"hectares":0.337}},{"type":"Feature","id":"ais_par3.145728","geometry":{"type":"Polygon","coordinates":[[[10.5344,54.9128],[10.5343,54.9127],[10.5343,54.9127],[10.5343,54.9128],[10.5345,54.9133],[10.5352,54.9139],[10.5352,54.9138],[10.5352,54.9138],[10.5352,54.9137],[10.5352,54.9135],[10.5352,54.9134],[10.5352,54.9132],[10.5351,54.9131],[10.5352,54.913],[10.5351,54.9128],[10.5351,54.9127],[10.5351,54.9125],[10.5351,54.9125],[10.5349,54.9126],[10.5349,54.9126],[10.5348,54.9127],[10.5346,54.9128],[10.5344,54.9128]]]},"properties":{"sourceId":"ais_par3.145728","a_type":4210,"hectares":0.499}},{"type":"Feature","id":"ais_par3.145729","geometry":{"type":"Polygon","coordinates":[[[10.5331,54.9106],[10.5331,54.9106],[10.5332,54.9107],[10.5332,54.9107],[10.5332,54.9106],[10.5333,54.9106],[10.5333,54.9105],[10.5333,54.9105],[10.5332,54.9105],[10.5331,54.9106]]]},"properties":{"sourceId":"ais_par3.145729","a_type":4210,"hectares":0.018}},{"type":"Feature","id":"ais_par3.145730","geometry":{"type":"Polygon","coordinates":[[[10.5408,54.904],[10.5408,54.904],[10.5399,54.9048],[10.5397,54.9049],[10.5397,54.9049],[10.5396,54.9051],[10.5395,54.9051],[10.5391,54.9054],[10.5389,54.9055],[10.5387,54.9057],[10.5379,54.9067],[10.5379,54.9073],[10.5377,54.9076],[10.5378,54.9079],[10.5379,54.908],[10.5385,54.9079],[10.5393,54.9082],[10.5395,54.9082],[10.5397,54.9082],[10.54,54.9082],[10.5402,54.9081],[10.5406,54.9081],[10.5406,54.9081],[10.5409,54.908],[10.541,54.908],[10.5411,54.908],[10.5412,54.9079],[10.5412,54.9079],[10.5413,54.9079],[10.5412,54.9079],[10.5415,54.9078],[10.5416,54.9079],[10.5426,54.9078],[10.5439,54.9077],[10.5445,54.9078],[10.5462,54.9082],[10.5465,54.9082],[10.5466,54.9082],[10.5467,54.9081],[10.5467,54.9081],[10.5467,54.9081],[10.5467,54.908],[10.5469,54.9078],[10.5475,54.9072],[10.5478,54.9069],[10.5479,54.9065],[10.5479,54.9062],[10.5479,54.906],[10.5479,54.906],[10.5478,54.906],[10.5477,54.9059],[10.5477,54.9059],[10.5477,54.9058],[10.5477,54.9056],[10.5477,54.9054],[10.5478,54.9052],[10.5477,54.9051],[10.5477,54.9051],[10.5477,54.905],[10.5478,54.905],[10.5479,54.905],[10.5479,54.905],[10.548,54.905],[10.5481,54.9049],[10.5482,54.9049],[10.5482,54.9048],[10.5482,54.9047],[10.5482,54.9047],[10.548,54.9047],[10.5478,54.9047],[10.5476,54.9048],[10.5475,54.9048],[10.5473,54.9048],[10.5471,54.9048],[10.5469,54.9048],[10.5468,54.9048],[10.5464,54.9049],[10.5462,54.9049],[10.546,54.9049],[10.5458,54.905],[10.5456,54.9049],[10.5454,54.9049],[10.5452,54.9048],[10.545,54.9048],[10.5449,54.9048],[10.5447,54.9048],[10.5446,54.9048],[10.5445,54.9048],[10.5443,54.9047],[10.5442,54.9046],[10.5442,54.9045],[10.5442,54.9044],[10.5443,54.9043],[10.5444,54.9042],[10.5444,54.9042],[10.5445,54.9041],[10.5446,54.904],[10.5447,54.904],[10.5448,54.9039],[10.5449,54.9039],[10.545,54.9039],[10.5451,54.9039],[10.5453,54.9039],[10.5453,54.9038],[10.5454,54.9037],[10.5455,54.9036],[10.5457,54.9034],[10.5458,54.9033],[10.5459,54.9032],[10.546,54.9031],[10.5462,54.903],[10.5465,54.9029],[10.5466,54.9028],[10.5468,54.9027],[10.5469,54.9026],[10.5471,54.9024],[10.5472,54.9022],[10.5474,54.902],[10.5474,54.9019],[10.5474,54.9018],[10.5474,54.9018],[10.5473,54.9018],[10.5473,54.9018],[10.5472,54.9018],[10.5471,54.9018],[10.5471,54.9017],[10.5471,54.9017],[10.5471,54.9016],[10.5472,54.9015],[10.5473,54.9014],[10.5475,54.9013],[10.5478,54.9013],[10.5482,54.9012],[10.5484,54.9013],[10.5484,54.9013],[10.5481,54.9012],[10.5474,54.9013],[10.5468,54.9014],[10.5468,54.9014],[10.5468,54.9014],[10.5465,54.9015],[10.5459,54.9015],[10.5458,54.9015],[10.545,54.9017],[10.5449,54.9018],[10.5434,54.9024],[10.5431,54.9025],[10.543,54.9025],[10.5408,54.904]],[[10.5398,54.9078],[10.5398,54.9077],[10.5398,54.9077],[10.5398,54.9076],[10.5398,54.9075],[10.5399,54.9075],[10.5399,54.9074],[10.5398,54.9074],[10.5398,54.9074],[10.5396,54.9074],[10.5396,54.9074],[10.5395,54.9073],[10.5394,54.9073],[10.5394,54.9073],[10.5393,54.9073],[10.5393,54.9072],[10.5393,54.9072],[10.5392,54.9072],[10.5391,54.9072],[10.5391,54.9072],[10.539,54.9072],[10.5389,54.9072],[10.5388,54.9072],[10.5388,54.9071],[10.5388,54.9071],[10.5387,54.907],[10.5387,54.907],[10.5387,54.9069],[10.5388,54.9069],[10.539,54.9069],[10.539,54.9068],[10.5391,54.9068],[10.5391,54.9067],[10.539,54.9067],[10.539,54.9067],[10.539,54.9067],[10.5389,54.9066],[10.5389,54.9066],[10.5389,54.9065],[10.539,54.9064],[10.5391,54.9064],[10.5392,54.9064],[10.5393,54.9063],[10.5394,54.9064],[10.5394,54.9065],[10.5394,54.9065],[10.5394,54.9066],[10.5394,54.9067],[10.5394,54.9068],[10.5394,54.9069],[10.5394,54.907],[10.5394,54.9071],[10.5395,54.9072],[10.5395,54.9072],[10.5395,54.9073],[10.5396,54.9073],[10.5397,54.9073],[10.5399,54.9073],[10.5399,54.9073],[10.54,54.9073],[10.5401,54.9073],[10.5403,54.9073],[10.5404,54.9074],[10.5405,54.9074],[10.5406,54.9074],[10.5407,54.9074],[10.5408,54.9074],[10.5409,54.9075],[10.5409,54.9075],[10.5409,54.9075],[10.5409,54.9075],[10.5409,54.9075],[10.541,54.9076],[10.5408,54.9076],[10.5407,54.9076],[10.5407,54.9076],[10.5408,54.9076],[10.5409,54.9077],[10.541,54.9077],[10.541,54.9077],[10.5409,54.9078],[10.5409,54.9078],[10.5408,54.9078],[10.5407,54.9078],[10.5405,54.9078],[10.5404,54.9077],[10.5402,54.9077],[10.5401,54.9077],[10.54,54.9077],[10.5399,54.9078],[10.5398,54.9078]],[[10.546,54.9074],[10.5461,54.9074],[10.5461,54.9074],[10.546,54.9075],[10.546,54.9076],[10.5461,54.9076],[10.5462,54.9076],[10.5464,54.9076],[10.5465,54.9075],[10.5465,54.9075],[10.5466,54.9077],[10.5466,54.9078],[10.5466,54.9079],[10.5465,54.908],[10.5464,54.908],[10.5463,54.908],[10.5462,54.908],[10.5461,54.908],[10.546,54.908],[10.5459,54.9079],[10.5458,54.9078],[10.5457,54.9078],[10.5456,54.9078],[10.5456,54.9079],[10.5456,54.908],[10.5456,54.908],[10.5454,54.908],[10.5453,54.9079],[10.5452,54.9079],[10.5452,54.9078],[10.5452,54.9078],[10.5452,54.9077],[10.5452,54.9076],[10.5453,54.9075],[10.5452,54.9075],[10.5453,54.9074],[10.5456,54.9074],[10.5459,54.9074],[10.546,54.9074]],[[10.5465,54.9018],[10.5465,54.9019],[10.5464,54.9019],[10.5463,54.902],[10.5461,54.902],[10.546,54.902],[10.5459,54.902],[10.5458,54.9021],[10.5456,54.9021],[10.5456,54.9021],[10.5455,54.9021],[10.5454,54.902],[10.5454,54.902],[10.5453,54.902],[10.5452,54.9019],[10.5452,54.9019],[10.5453,54.9018],[10.5454,54.9017],[10.5455,54.9017],[10.5455,54.9017],[10.5456,54.9017],[10.5456,54.9017],[10.5456,54.9016],[10.5457,54.9016],[10.5458,54.9016],[10.546,54.9016],[10.5462,54.9016],[10.5464,54.9016],[10.5464,54.9016],[10.5465,54.9017],[10.5465,54.9017],[10.5465,54.9018]],[[10.546,54.9053],[10.546,54.9052],[10.5461,54.9052],[10.5462,54.9053],[10.5462,54.9053],[10.5463,54.9053],[10.5462,54.9054],[10.5462,54.9054],[10.5462,54.9055],[10.5461,54.9055],[10.546,54.9054],[10.5459,54.9054],[10.5459,54.9054],[10.5459,54.9053],[10.5459,54.9053],[10.546,54.9053]]]},"properties":{"sourceId":"ais_par3.145730","a_type":4210,"hectares":28.001}},{"type":"Feature","id":"ais_par3.145992","geometry":{"type":"Polygon","coordinates":[[[10.2226,54.9533],[10.2224,54.9533],[10.2222,54.9534],[10.2221,54.9534],[10.2221,54.9534],[10.2222,54.9534],[10.2223,54.9535],[10.2224,54.9535],[10.2225,54.9536],[10.2226,54.9536],[10.2229,54.9537],[10.2229,54.9538],[10.2231,54.9538],[10.2234,54.9537],[10.2235,54.9537],[10.2235,54.9537],[10.2234,54.9536],[10.2234,54.9536],[10.2234,54.9535],[10.2234,54.9534],[10.2234,54.9533],[10.2233,54.9532],[10.2233,54.9532],[10.2232,54.9532],[10.223,54.9532],[10.2228,54.9532],[10.2226,54.9533]]]},"properties":{"sourceId":"ais_par3.145992","a_type":5120,"hectares":0.351}},{"type":"Feature","id":"ais_par3.145993","geometry":{"type":"Polygon","coordinates":[[[10.2699,54.9389],[10.2699,54.9389],[10.2699,54.9389],[10.2699,54.939],[10.2699,54.939],[10.2699,54.939],[10.27,54.939],[10.27,54.9391],[10.27,54.939],[10.2701,54.939],[10.2701,54.939],[10.27,54.9389],[10.27,54.9389],[10.2699,54.9389]]]},"properties":{"sourceId":"ais_par3.145993","a_type":5120,"hectares":0.018}},{"type":"Feature","id":"ais_par3.145911","geometry":{"type":"Polygon","coordinates":[[[10.3457,54.8701],[10.345,54.8703],[10.345,54.8704],[10.3451,54.8706],[10.3454,54.8706],[10.3455,54.8706],[10.3457,54.8706],[10.3458,54.8707],[10.3459,54.8707],[10.346,54.8707],[10.3462,54.8707],[10.3463,54.8706],[10.3464,54.8706],[10.3464,54.8705],[10.3464,54.8705],[10.3464,54.8705],[10.3463,54.8705],[10.3461,54.8705],[10.3457,54.8701]]]},"properties":{"sourceId":"ais_par3.145911","a_type":5120,"hectares":0.33}},{"type":"Feature","id":"ais_par3.145994","geometry":{"type":"Polygon","coordinates":[[[10.2479,54.9365],[10.2479,54.9365],[10.2479,54.9365],[10.2479,54.9366],[10.248,54.9365],[10.248,54.9365],[10.248,54.9365],[10.2479,54.9365]]]},"properties":{"sourceId":"ais_par3.145994","a_type":5120,"hectares":0.004}},{"type":"Feature","id":"ais_par3.145912","geometry":{"type":"Polygon","coordinates":[[[10.3466,54.871],[10.3466,54.871],[10.3464,54.8711],[10.3463,54.8711],[10.3463,54.8712],[10.3464,54.8712],[10.3465,54.8713],[10.3468,54.8713],[10.347,54.8712],[10.347,54.8712],[10.347,54.8711],[10.3469,54.8711],[10.3468,54.8711],[10.3467,54.871],[10.3466,54.871]]]},"properties":{"sourceId":"ais_par3.145912","a_type":5120,"hectares":0.088}},{"type":"Feature","id":"ais_par3.145913","geometry":{"type":"Polygon","coordinates":[[[10.3503,54.8709],[10.3502,54.871],[10.3501,54.871],[10.3502,54.8711],[10.3502,54.8711],[10.3502,54.8711],[10.3503,54.8711],[10.3504,54.871],[10.3505,54.871],[10.3505,54.871],[10.3504,54.8709],[10.3503,54.8709]]]},"properties":{"sourceId":"ais_par3.145913","a_type":5120,"hectares":0.026}},{"type":"Feature","id":"ais_par3.145914","geometry":{"type":"Polygon","coordinates":[[[10.371,54.8598],[10.3709,54.8598],[10.3708,54.8599],[10.3708,54.86],[10.3708,54.86],[10.3709,54.86],[10.371,54.86],[10.371,54.86],[10.3711,54.86],[10.3712,54.8599],[10.3713,54.8599],[10.3713,54.8599],[10.3713,54.8598],[10.3713,54.8598],[10.3713,54.8598],[10.3712,54.8598],[10.3711,54.8598],[10.371,54.8598]]]},"properties":{"sourceId":"ais_par3.145914","a_type":5120,"hectares":0.059}},{"type":"Feature","id":"ais_par3.145915","geometry":{"type":"Polygon","coordinates":[[[10.2703,54.9228],[10.2702,54.9228],[10.2702,54.9228],[10.2702,54.9228],[10.2701,54.9229],[10.2701,54.9229],[10.2701,54.9229],[10.2701,54.9229],[10.2702,54.9229],[10.2702,54.9229],[10.2703,54.9229],[10.2703,54.9229],[10.2703,54.9229],[10.2703,54.9228],[10.2703,54.9228]]]},"properties":{"sourceId":"ais_par3.145915","a_type":5120,"hectares":0.013}},{"type":"Feature","id":"ais_par3.145784","geometry":{"type":"Polygon","coordinates":[[[10.3814,54.9768],[10.3812,54.9767],[10.3808,54.9765],[10.3806,54.9764],[10.3803,54.9763],[10.3799,54.9761],[10.3798,54.9761],[10.3792,54.9759],[10.3781,54.9753],[10.378,54.9751],[10.378,54.9751],[10.3779,54.975],[10.3777,54.9748],[10.3771,54.9745],[10.3767,54.9741],[10.3762,54.9739],[10.3762,54.9739],[10.3759,54.9737],[10.3746,54.9729],[10.3743,54.9726],[10.3743,54.9725],[10.3742,54.9724],[10.3742,54.9724],[10.3742,54.9722],[10.374,54.9718],[10.3731,54.9712],[10.373,54.9712],[10.3725,54.971],[10.3721,54.9708],[10.3717,54.9707],[10.3713,54.9707],[10.3709,54.9707],[10.3707,54.9707],[10.3706,54.9707],[10.3702,54.9707],[10.3696,54.9708],[10.369,54.9709],[10.369,54.9709],[10.3689,54.9709],[10.3684,54.9709],[10.368,54.971],[10.3679,54.9711],[10.3678,54.9711],[10.3675,54.9712],[10.3673,54.9712],[10.3671,54.9712],[10.3673,54.9716],[10.3663,54.9719],[10.3665,54.9722],[10.3673,54.972],[10.3679,54.972],[10.3678,54.9727],[10.3674,54.9727],[10.3674,54.9731],[10.368,54.9731],[10.3687,54.9731],[10.3688,54.9732],[10.3689,54.9732],[10.3691,54.9732],[10.3693,54.9731],[10.3693,54.973],[10.3694,54.9729],[10.3698,54.9729],[10.37,54.9728],[10.3704,54.9727],[10.3707,54.9727],[10.371,54.9727],[10.3712,54.9727],[10.3712,54.9725],[10.3711,54.9719],[10.3722,54.9715],[10.3727,54.9719],[10.3726,54.972],[10.3722,54.9723],[10.3722,54.9726],[10.3724,54.9729],[10.3728,54.9731],[10.3736,54.9729],[10.3735,54.9728],[10.3735,54.9727],[10.3736,54.9725],[10.3749,54.9735],[10.3752,54.9738],[10.3755,54.974],[10.3757,54.9741],[10.377,54.975],[10.3772,54.9751],[10.3769,54.9755],[10.3766,54.9759],[10.3761,54.9764],[10.3751,54.9772],[10.3749,54.9772],[10.3738,54.9774],[10.3745,54.9775],[10.375,54.9773],[10.3745,54.978],[10.3743,54.978],[10.3741,54.9779],[10.3737,54.9778],[10.3732,54.9778],[10.3728,54.9778],[10.3725,54.9778],[10.3725,54.9777],[10.3706,54.9779],[10.3707,54.9784],[10.3702,54.9785],[10.3694,54.9789],[10.3692,54.979],[10.3684,54.9792],[10.3686,54.9793],[10.3687,54.9793],[10.369,54.9795],[10.3691,54.9794],[10.3691,54.9793],[10.3694,54.9792],[10.3694,54.9791],[10.3695,54.9791],[10.3698,54.9789],[10.3702,54.9789],[10.3714,54.9788],[10.3718,54.9787],[10.372,54.9786],[10.372,54.9786],[10.3716,54.9786],[10.3716,54.9782],[10.3718,54.9781],[10.3719,54.9781],[10.3719,54.9781],[10.3722,54.978],[10.3725,54.978],[10.3727,54.9779],[10.3728,54.9779],[10.3733,54.9779],[10.374,54.978],[10.3745,54.978],[10.375,54.9782],[10.3754,54.9783],[10.3756,54.9785],[10.3759,54.9786],[10.376,54.9786],[10.3762,54.9787],[10.3762,54.9787],[10.3763,54.9788],[10.3764,54.9788],[10.3764,54.9788],[10.3765,54.9789],[10.3767,54.979],[10.3771,54.9792],[10.3772,54.9792],[10.3772,54.9793],[10.3773,54.9793],[10.3775,54.9794],[10.3776,54.9795],[10.3776,54.9795],[10.3779,54.9797],[10.378,54.9798],[10.3781,54.9798],[10.3786,54.9802],[10.3794,54.981],[10.3798,54.9813],[10.3803,54.9816],[10.3807,54.9819],[10.3812,54.9821],[10.3814,54.9822],[10.3815,54.9823],[10.3816,54.9823],[10.3818,54.9823],[10.3825,54.9823],[10.3827,54.9823],[10.3829,54.9823],[10.3831,54.9823],[10.3844,54.9826],[10.3849,54.9826],[10.3852,54.9826],[10.3856,54.9827],[10.3858,54.9827],[10.387,54.9827],[10.3878,54.9829],[10.3878,54.9829],[10.3881,54.9829],[10.3885,54.983],[10.3888,54.9829],[10.3891,54.9829],[10.3891,54.9829],[10.3891,54.9827],[10.3889,54.9827],[10.3887,54.9827],[10.3883,54.9828],[10.388,54.9828],[10.3873,54.9826],[10.3871,54.9825],[10.387,54.9825],[10.3868,54.9825],[10.3866,54.9824],[10.3861,54.9824],[10.3858,54.9822],[10.3857,54.982],[10.3857,54.9819],[10.3857,54.9819],[10.3857,54.9819],[10.3856,54.9816],[10.3856,54.9814],[10.3855,54.9812],[10.3853,54.981],[10.3853,54.981],[10.3853,54.981],[10.3853,54.9808],[10.3853,54.9808],[10.3853,54.9804],[10.3854,54.9803],[10.3854,54.9803],[10.3854,54.9803],[10.3854,54.9802],[10.3857,54.9802],[10.3858,54.9802],[10.3859,54.9802],[10.3858,54.9801],[10.386,54.98],[10.3861,54.9799],[10.3861,54.9797],[10.3862,54.9793],[10.3862,54.9789],[10.386,54.9788],[10.386,54.9787],[10.386,54.9786],[10.386,54.9785],[10.3861,54.9784],[10.3862,54.9784],[10.3862,54.9784],[10.3864,54.9783],[10.3868,54.9784],[10.387,54.9784],[10.3872,54.9783],[10.3882,54.9784],[10.3883,54.9784],[10.3884,54.9784],[10.3887,54.9785],[10.3891,54.9786],[10.3891,54.9786],[10.3891,54.9786],[10.3894,54.9788],[10.3895,54.9788],[10.3896,54.9788],[10.3895,54.9787],[10.3895,54.9785],[10.3895,54.9783],[10.3896,54.9782],[10.3897,54.9781],[10.3897,54.978],[10.3899,54.978],[10.3901,54.9779],[10.3902,54.9779],[10.3905,54.9778],[10.3911,54.9778],[10.3913,54.9777],[10.3915,54.9777],[10.3918,54.9777],[10.3924,54.9777],[10.3928,54.9777],[10.3933,54.9778],[10.3939,54.978],[10.3944,54.9781],[10.3949,54.9782],[10.3955,54.9783],[10.3956,54.9783],[10.3958,54.9784],[10.3961,54.9783],[10.3963,54.9782],[10.3967,54.9781],[10.3971,54.9781],[10.3976,54.978],[10.3976,54.978],[10.3978,54.978],[10.3978,54.9779],[10.3978,54.9779],[10.3978,54.978],[10.3987,54.9779],[10.4004,54.9779],[10.4008,54.9777],[10.401,54.9776],[10.401,54.9776],[10.4014,54.9773],[10.4017,54.9771],[10.4024,54.9771],[10.4041,54.9772],[10.4051,54.9776],[10.4055,54.9778],[10.4061,54.9779],[10.4065,54.978],[10.4074,54.9785],[10.4083,54.9786],[10.4088,54.9788],[10.4088,54.9789],[10.4089,54.9789],[10.4089,54.9789],[10.4089,54.9789],[10.4101,54.979],[10.41,54.9789],[10.41,54.9789],[10.4099,54.9788],[10.4097,54.9788],[10.4096,54.9787],[10.4095,54.9787],[10.4095,54.9787],[10.4093,54.9786],[10.4093,54.9786],[10.4092,54.9785],[10.4091,54.9785],[10.4089,54.9784],[10.4088,54.9782],[10.4092,54.9777],[10.4095,54.9775],[10.4095,54.9774],[10.4096,54.9773],[10.4097,54.9773],[10.4098,54.9771],[10.4098,54.9771],[10.4101,54.9767],[10.4102,54.9767],[10.4102,54.9767],[10.4102,54.9766],[10.4102,54.9766],[10.4102,54.9766],[10.4105,54.9766],[10.4105,54.9766],[10.4106,54.9765],[10.4106,54.9765],[10.4107,54.9764],[10.4107,54.9764],[10.4108,54.9763],[10.4108,54.9763],[10.4109,54.9762],[10.4109,54.9762],[10.4109,54.9762],[10.4109,54.9761],[10.411,54.9761],[10.411,54.976],[10.4111,54.976],[10.4111,54.976],[10.4112,54.9759],[10.4113,54.9759],[10.4114,54.9759],[10.4114,54.9759],[10.4115,54.9758],[10.4115,54.9758],[10.4115,54.9758],[10.4115,54.9757],[10.4115,54.9757],[10.4115,54.9757],[10.4115,54.9756],[10.4116,54.9756],[10.4117,54.9755],[10.4117,54.9755],[10.4118,54.9755],[10.4118,54.9755],[10.4118,54.9755],[10.4118,54.9754],[10.4119,54.9754],[10.4119,54.9754],[10.4119,54.9753],[10.4122,54.9753],[10.4122,54.9753],[10.4122,54.9752],[10.4123,54.9751],[10.4123,54.9751],[10.4124,54.9751],[10.4124,54.9751],[10.4125,54.9751],[10.4125,54.975],[10.4125,54.9749],[10.4125,54.9749],[10.4126,54.9749],[10.4126,54.9749],[10.4127,54.9748],[10.413,54.9749],[10.413,54.9749],[10.413,54.9748],[10.4131,54.9747],[10.4132,54.9747],[10.4132,54.9746],[10.4133,54.9746],[10.4133,54.9746],[10.4134,54.9745],[10.414,54.9746],[10.4142,54.9745],[10.415,54.9745],[10.4157,54.9746],[10.4157,54.9746],[10.4159,54.9746],[10.4159,54.9746],[10.4168,54.9747],[10.4181,54.9745],[10.4182,54.9745],[10.4185,54.9745],[10.4188,54.9745],[10.4189,54.9745],[10.4191,54.9745],[10.4193,54.9745],[10.4193,54.9745],[10.4193,54.9745],[10.4194,54.9745],[10.4194,54.9745],[10.4195,54.9745],[10.4196,54.9746],[10.4199,54.9747],[10.4201,54.9748],[10.4201,54.9748],[10.4201,54.9747],[10.42,54.9747],[10.42,54.9745],[10.4198,54.9744],[10.4191,54.9744],[10.4189,54.9744],[10.4184,54.9744],[10.4181,54.9745],[10.4178,54.9746],[10.4174,54.9746],[10.4171,54.9746],[10.417,54.9746],[10.4167,54.9739],[10.416,54.9739],[10.4156,54.9739],[10.4151,54.9739],[10.4145,54.974],[10.4134,54.974],[10.4125,54.9741],[10.4121,54.9742],[10.4116,54.9743],[10.4111,54.9744],[10.4103,54.9745],[10.4096,54.9746],[10.4095,54.9747],[10.4096,54.9749],[10.4082,54.9757],[10.407,54.9763],[10.4066,54.9765],[10.4063,54.9766],[10.406,54.9767],[10.4049,54.977],[10.4043,54.9772],[10.4028,54.9771],[10.4027,54.9769],[10.4025,54.9769],[10.4021,54.9769],[10.4019,54.977],[10.4016,54.977],[10.4013,54.9771],[10.4012,54.9771],[10.4004,54.9773],[10.3998,54.9773],[10.3995,54.9775],[10.3991,54.9776],[10.399,54.9776],[10.3989,54.9776],[10.3985,54.9777],[10.3981,54.9777],[10.3978,54.9777],[10.3975,54.9778],[10.3973,54.9778],[10.3968,54.9779],[10.3957,54.9782],[10.3947,54.978],[10.3945,54.9778],[10.3943,54.9776],[10.3942,54.9775],[10.3933,54.9774],[10.3929,54.977],[10.3933,54.9768],[10.3923,54.977],[10.3917,54.9766],[10.3919,54.9764],[10.3922,54.976],[10.3923,54.9759],[10.3917,54.9763],[10.3915,54.9764],[10.3914,54.9765],[10.3913,54.9766],[10.3912,54.9766],[10.3909,54.9768],[10.3907,54.9769],[10.3901,54.9771],[10.39,54.9771],[10.3899,54.9771],[10.3892,54.9773],[10.3887,54.9773],[10.3887,54.9773],[10.3878,54.9775],[10.3865,54.9775],[10.3853,54.9775],[10.3843,54.9774],[10.3826,54.9771],[10.3817,54.9769],[10.3815,54.9768],[10.3814,54.9768]],[[10.3798,54.9806],[10.3795,54.9804],[10.3794,54.9804],[10.3791,54.9803],[10.3789,54.9801],[10.3786,54.9799],[10.3789,54.9792],[10.3791,54.9791],[10.3801,54.9789],[10.3806,54.9789],[10.3813,54.9793],[10.3814,54.9794],[10.3815,54.9796],[10.3815,54.9796],[10.3816,54.9797],[10.3816,54.9797],[10.3817,54.9797],[10.3818,54.9797],[10.3818,54.9797],[10.3817,54.9799],[10.3815,54.9802],[10.3813,54.9804],[10.3813,54.981],[10.3802,54.9811],[10.3799,54.981],[10.3798,54.9806]],[[10.3828,54.9807],[10.3828,54.9807],[10.3825,54.9804],[10.383,54.9798],[10.3815,54.9794],[10.3829,54.9786],[10.3852,54.9794],[10.3847,54.9806],[10.3828,54.9807]],[[10.3773,54.9789],[10.3773,54.9788],[10.3771,54.9787],[10.3771,54.9786],[10.377,54.9786],[10.3769,54.9785],[10.377,54.9784],[10.377,54.9784],[10.3771,54.9785],[10.3771,54.9786],[10.3772,54.9787],[10.3773,54.9786],[10.3774,54.9785],[10.3774,54.9784],[10.3774,54.9782],[10.3773,54.9781],[10.3772,54.9781],[10.3771,54.9781],[10.3769,54.9782],[10.3769,54.9783],[10.3769,54.9784],[10.3768,54.9784],[10.3766,54.9784],[10.3765,54.9784],[10.3765,54.9783],[10.3764,54.9783],[10.3763,54.9783],[10.3762,54.9782],[10.3761,54.9782],[10.3761,54.9781],[10.376,54.978],[10.3759,54.9779],[10.376,54.9779],[10.3761,54.9778],[10.3762,54.9778],[10.3764,54.9777],[10.3766,54.9776],[10.3768,54.9776],[10.377,54.9776],[10.3773,54.9775],[10.3775,54.9775],[10.3776,54.9776],[10.3777,54.9776],[10.3778,54.9776],[10.378,54.9777],[10.3781,54.9778],[10.3783,54.9778],[10.3784,54.9778],[10.3785,54.9777],[10.3787,54.9778],[10.3791,54.978],[10.3792,54.9781],[10.3796,54.978],[10.3798,54.978],[10.3799,54.978],[10.3807,54.978],[10.3808,54.9781],[10.381,54.9781],[10.3811,54.9783],[10.381,54.9784],[10.3808,54.9786],[10.3807,54.9787],[10.3803,54.9788],[10.3797,54.9788],[10.3794,54.9788],[10.3792,54.9788],[10.3788,54.9788],[10.3787,54.9788],[10.3785,54.9788],[10.3783,54.9788],[10.378,54.9788],[10.3777,54.9788],[10.3777,54.9789],[10.3775,54.979],[10.3773,54.9789]],[[10.3814,54.982],[10.3813,54.982],[10.3813,54.9819],[10.3814,54.9819],[10.3814,54.9819],[10.3815,54.9818],[10.3816,54.9817],[10.3818,54.9816],[10.3818,54.9814],[10.3819,54.9813],[10.3819,54.9811],[10.3819,54.981],[10.3819,54.9809],[10.3819,54.9808],[10.382,54.9807],[10.3821,54.9806],[10.382,54.9805],[10.382,54.9804],[10.3819,54.9804],[10.382,54.9804],[10.3821,54.9804],[10.3821,54.9804],[10.3822,54.9805],[10.3822,54.9805],[10.3822,54.9805],[10.3823,54.9806],[10.3824,54.9806],[10.3824,54.9807],[10.3825,54.9807],[10.3825,54.9807],[10.3826,54.9807],[10.3828,54.9808],[10.3828,54.9808],[10.3829,54.9809],[10.3829,54.981],[10.383,54.9811],[10.383,54.9812],[10.3831,54.9812],[10.3832,54.9813],[10.3832,54.9813],[10.3834,54.9814],[10.3835,54.9814],[10.3835,54.9814],[10.3836,54.9815],[10.3835,54.9817],[10.3835,54.9818],[10.3834,54.9818],[10.3834,54.9818],[10.3833,54.9818],[10.3831,54.9818],[10.383,54.9818],[10.3829,54.9818],[10.3828,54.9817],[10.3827,54.9818],[10.3827,54.9818],[10.3827,54.9818],[10.3828,54.9819],[10.3828,54.9819],[10.3829,54.9819],[10.3829,54.9819],[10.3829,54.982],[10.3828,54.982],[10.3827,54.982],[10.3826,54.982],[10.3826,54.9819],[10.3825,54.9819],[10.3824,54.982],[10.3824,54.982],[10.3823,54.982],[10.3823,54.982],[10.3823,54.9819],[10.3824,54.9819],[10.3824,54.9818],[10.3824,54.9818],[10.3823,54.9818],[10.3821,54.9817],[10.382,54.9818],[10.3819,54.9818],[10.3818,54.9818],[10.3817,54.9818],[10.3816,54.9818],[10.3816,54.9819],[10.3815,54.982],[10.3814,54.982]],[[10.371,54.9709],[10.3714,54.971],[10.372,54.9713],[10.3714,54.9714],[10.371,54.9714],[10.3709,54.9715],[10.3707,54.9715],[10.3706,54.9715],[10.3704,54.9716],[10.3703,54.9716],[10.3701,54.9715],[10.3699,54.9715],[10.3698,54.9715],[10.3695,54.9716],[10.3694,54.9716],[10.3692,54.9715],[10.3692,54.9714],[10.3691,54.9714],[10.369,54.971],[10.3691,54.971],[10.3693,54.9709],[10.3695,54.9709],[10.3697,54.9709],[10.3698,54.9709],[10.3699,54.9709],[10.37,54.9709],[10.3702,54.9709],[10.3703,54.9709],[10.3704,54.9708],[10.3705,54.9708],[10.3706,54.9708],[10.3708,54.9708],[10.371,54.9709]],[[10.3832,54.9776],[10.3833,54.9777],[10.3834,54.9777],[10.3835,54.9777],[10.3835,54.9777],[10.3836,54.9777],[10.3836,54.9777],[10.3836,54.9777],[10.3837,54.9777],[10.3837,54.9777],[10.3837,54.9777],[10.3838,54.9777],[10.3838,54.9777],[10.3839,54.9777],[10.3839,54.9777],[10.3841,54.9777],[10.3844,54.9778],[10.3844,54.9779],[10.3845,54.9779],[10.3845,54.978],[10.3845,54.978],[10.3845,54.978],[10.3846,54.978],[10.3846,54.978],[10.3847,54.9781],[10.3847,54.9781],[10.3848,54.9781],[10.3849,54.978],[10.3849,54.978],[10.385,54.9779],[10.3851,54.9779],[10.3851,54.978],[10.3852,54.978],[10.3853,54.978],[10.3854,54.978],[10.3855,54.9781],[10.3856,54.9781],[10.3857,54.9781],[10.3858,54.9781],[10.3859,54.9781],[10.3856,54.9781],[10.3855,54.9781],[10.3853,54.9781],[10.3851,54.9781],[10.385,54.9782],[10.3849,54.9782],[10.3848,54.9782],[10.3847,54.9782],[10.3846,54.9782],[10.3845,54.9782],[10.3844,54.9782],[10.3843,54.9782],[10.3841,54.9782],[10.3839,54.9782],[10.3838,54.9782],[10.3837,54.9782],[10.3837,54.9782],[10.3836,54.9782],[10.3835,54.9781],[10.3834,54.9781],[10.3832,54.978],[10.383,54.978],[10.3829,54.9779],[10.3828,54.9778],[10.3827,54.9778],[10.3824,54.9777],[10.3825,54.9776],[10.3825,54.9775],[10.3824,54.9775],[10.3825,54.9775],[10.3825,54.9775],[10.3825,54.9775],[10.3826,54.9775],[10.3826,54.9775],[10.3826,54.9774],[10.3826,54.9774],[10.3826,54.9774],[10.3827,54.9774],[10.3827,54.9774],[10.3827,54.9774],[10.3827,54.9773],[10.3829,54.9773],[10.383,54.9774],[10.3832,54.9775],[10.3832,54.9776]],[[10.3709,54.9723],[10.3709,54.9725],[10.3708,54.9726],[10.3706,54.9726],[10.3703,54.9726],[10.3701,54.9727],[10.37,54.9728],[10.3698,54.9728],[10.3696,54.9727],[10.3696,54.9727],[10.3697,54.9726],[10.3697,54.9725],[10.3697,54.9724],[10.3696,54.9723],[10.3696,54.9721],[10.3696,54.972],[10.3696,54.972],[10.3697,54.9719],[10.3697,54.9718],[10.3697,54.9718],[10.3697,54.9718],[10.3696,54.9718],[10.3696,54.9717],[10.3697,54.9717],[10.3698,54.9717],[10.3698,54.9717],[10.3699,54.9717],[10.3699,54.9716],[10.3701,54.9716],[10.3701,54.9716],[10.3703,54.9717],[10.3704,54.9717],[10.3705,54.9718],[10.3706,54.972],[10.3707,54.9721],[10.3709,54.9722],[10.3709,54.9723]],[[10.3976,54.9779],[10.3975,54.9779],[10.3975,54.9779],[10.3976,54.9778],[10.3977,54.9778],[10.3979,54.9778],[10.398,54.9778],[10.3981,54.9778],[10.398,54.9779],[10.3979,54.9779],[10.3977,54.9779],[10.3977,54.9779],[10.3976,54.9779]],[[10.3819,54.9797],[10.3818,54.9797],[10.3817,54.9797],[10.3816,54.9797],[10.3816,54.9796],[10.3816,54.9796],[10.3816,54.9795],[10.3817,54.9795],[10.3819,54.9796],[10.3819,54.9796],[10.382,54.9796],[10.3819,54.9796],[10.3819,54.9797]]]},"properties":{"sourceId":"ais_par3.145784","a_type":4210,"hectares":53.759}},{"type":"Feature","id":"ais_par3.145916","geometry":{"type":"Polygon","coordinates":[[[10.3752,54.856],[10.3751,54.8561],[10.3751,54.8561],[10.3752,54.8562],[10.3753,54.8561],[10.3753,54.8561],[10.3753,54.856],[10.3753,54.856],[10.3752,54.856]]]},"properties":{"sourceId":"ais_par3.145916","a_type":5120,"hectares":0.014}},{"type":"Feature","id":"ais_par3.145796","geometry":{"type":"Polygon","coordinates":[[[10.4165,54.9649],[10.416,54.9652],[10.4155,54.9653],[10.4151,54.9655],[10.4146,54.9658],[10.4141,54.9659],[10.4137,54.966],[10.4131,54.9661],[10.4128,54.966],[10.4124,54.966],[10.412,54.9666],[10.4113,54.967],[10.411,54.9671],[10.4106,54.9674],[10.4105,54.9674],[10.4103,54.9676],[10.4097,54.9679],[10.4095,54.968],[10.409,54.9683],[10.4086,54.9685],[10.4082,54.9687],[10.4077,54.9689],[10.407,54.9693],[10.4058,54.9699],[10.4057,54.9699],[10.4057,54.9699],[10.4044,54.9705],[10.4033,54.9709],[10.4024,54.9713],[10.4016,54.9716],[10.3988,54.9725],[10.3985,54.9726],[10.3992,54.9725],[10.4003,54.9722],[10.4005,54.9722],[10.4007,54.9721],[10.401,54.9722],[10.4058,54.9714],[10.4062,54.9711],[10.4064,54.9711],[10.4083,54.9702],[10.4097,54.9695],[10.411,54.9689],[10.4102,54.9683],[10.4108,54.968],[10.4112,54.9679],[10.4116,54.9678],[10.4118,54.9678],[10.4119,54.9679],[10.4121,54.9681],[10.4121,54.9683],[10.4126,54.9691],[10.4126,54.9688],[10.4127,54.9687],[10.4123,54.9679],[10.4139,54.9678],[10.4139,54.9675],[10.4148,54.9669],[10.4151,54.9667],[10.4155,54.9666],[10.4158,54.9665],[10.4164,54.9664],[10.417,54.9664],[10.4173,54.9663],[10.418,54.9664],[10.4181,54.9662],[10.4183,54.9662],[10.4185,54.9662],[10.4187,54.9663],[10.4188,54.9665],[10.4188,54.9667],[10.4189,54.9668],[10.4193,54.9669],[10.4195,54.9667],[10.4202,54.9668],[10.4203,54.9665],[10.4202,54.9663],[10.4199,54.9664],[10.4197,54.9661],[10.4194,54.966],[10.419,54.9659],[10.418,54.966],[10.4178,54.9659],[10.4177,54.9658],[10.4177,54.9656],[10.4178,54.9655],[10.4178,54.9654],[10.4178,54.9651],[10.4184,54.9649],[10.4189,54.9647],[10.4194,54.9646],[10.4199,54.9645],[10.4203,54.9645],[10.4212,54.9647],[10.4219,54.9648],[10.4221,54.965],[10.4221,54.9653],[10.423,54.9654],[10.4241,54.9656],[10.4247,54.9657],[10.4252,54.9656],[10.4258,54.9656],[10.426,54.9655],[10.4264,54.9653],[10.4266,54.9652],[10.4268,54.965],[10.4269,54.9648],[10.427,54.9647],[10.427,54.9645],[10.427,54.9643],[10.427,54.9642],[10.4275,54.964],[10.4278,54.9639],[10.429,54.9648],[10.4293,54.9648],[10.4301,54.9653],[10.4307,54.9657],[10.4314,54.9661],[10.4321,54.9663],[10.4336,54.967],[10.4342,54.9673],[10.4348,54.9674],[10.4352,54.967],[10.435,54.967],[10.435,54.9671],[10.4343,54.967],[10.4333,54.9666],[10.4332,54.9665],[10.4324,54.9662],[10.4313,54.9657],[10.4305,54.9652],[10.4299,54.9647],[10.4293,54.9643],[10.4286,54.9637],[10.428,54.9632],[10.4276,54.9629],[10.4275,54.9628],[10.4272,54.9627],[10.4263,54.9625],[10.4258,54.9624],[10.425,54.9624],[10.4242,54.9625],[10.4238,54.9625],[10.4233,54.9626],[10.4229,54.9627],[10.4226,54.9627],[10.4224,54.9627],[10.4227,54.9631],[10.4233,54.9633],[10.4237,54.9633],[10.424,54.9633],[10.4227,54.9639],[10.4219,54.9639],[10.4215,54.964],[10.4211,54.9641],[10.4205,54.9642],[10.4202,54.9643],[10.42,54.9643],[10.4197,54.9643],[10.4185,54.9644],[10.4175,54.9645],[10.417,54.9646],[10.4165,54.9649]],[[10.4118,54.9674],[10.4115,54.9672],[10.4124,54.9666],[10.4125,54.9666],[10.4127,54.9666],[10.4129,54.9666],[10.4131,54.9666],[10.4133,54.9666],[10.4134,54.9666],[10.4141,54.9662],[10.4143,54.9662],[10.415,54.9661],[10.4153,54.966],[10.4156,54.966],[10.4159,54.966],[10.4164,54.966],[10.4168,54.966],[10.417,54.966],[10.4171,54.966],[10.417,54.9661],[10.417,54.9661],[10.4169,54.9661],[10.4164,54.9662],[10.4156,54.9664],[10.4151,54.9664],[10.4145,54.9666],[10.4144,54.9665],[10.4142,54.9666],[10.414,54.9667],[10.4138,54.9667],[10.4136,54.9668],[10.4133,54.9669],[10.4132,54.9669],[10.413,54.967],[10.4128,54.9672],[10.4127,54.9672],[10.4127,54.9672],[10.4126,54.9672],[10.4123,54.9672],[10.4121,54.9673],[10.412,54.9673],[10.4118,54.9674]],[[10.4247,54.9653],[10.4242,54.9653],[10.4231,54.9651],[10.423,54.965],[10.423,54.965],[10.423,54.9649],[10.4233,54.9649],[10.4242,54.9648],[10.4247,54.9649],[10.4251,54.9649],[10.4252,54.965],[10.4247,54.9653]],[[10.4091,54.9687],[10.4092,54.9686],[10.4093,54.9687],[10.4094,54.9687],[10.4096,54.9687],[10.4097,54.9688],[10.4098,54.9689],[10.4098,54.969],[10.4097,54.969],[10.4096,54.9691],[10.4094,54.9691],[10.4093,54.969],[10.4092,54.9691],[10.409,54.969],[10.4088,54.969],[10.4086,54.9691],[10.4085,54.9691],[10.4085,54.969],[10.4086,54.969],[10.4086,54.9689],[10.4087,54.9689],[10.4088,54.9689],[10.4088,54.9688],[10.409,54.9688],[10.409,54.9687],[10.4091,54.9687]]]},"properties":{"sourceId":"ais_par3.145796","a_type":4210,"hectares":28.888}},{"type":"Feature","id":"ais_par3.145797","geometry":{"type":"Polygon","coordinates":[[[10.4704,54.9675],[10.4702,54.9675],[10.4699,54.9676],[10.4699,54.9676],[10.4701,54.9676],[10.4703,54.9677],[10.4711,54.9676],[10.4717,54.9676],[10.4717,54.9676],[10.4718,54.9675],[10.4721,54.9676],[10.4722,54.9675],[10.4719,54.9675],[10.4718,54.9675],[10.4716,54.9675],[10.4714,54.9674],[10.4713,54.9674],[10.4712,54.9674],[10.4712,54.9674],[10.4712,54.9674],[10.4711,54.9674],[10.4711,54.9674],[10.471,54.9674],[10.4709,54.9674],[10.4708,54.9674],[10.4707,54.9674],[10.4706,54.9674],[10.4704,54.9675]]]},"properties":{"sourceId":"ais_par3.145797","a_type":4210,"hectares":0.232}},{"type":"Feature","id":"ais_par3.145798","geometry":{"type":"Polygon","coordinates":[[[10.4705,54.9656],[10.4701,54.9659],[10.4699,54.966],[10.4697,54.9661],[10.4693,54.9663],[10.4689,54.9666],[10.4683,54.9669],[10.4681,54.967],[10.4676,54.9673],[10.4673,54.9675],[10.4671,54.9677],[10.4669,54.9678],[10.4667,54.9679],[10.4666,54.968],[10.4665,54.9681],[10.4664,54.9682],[10.4665,54.9685],[10.4665,54.9685],[10.4673,54.9686],[10.4673,54.9686],[10.4674,54.9685],[10.4675,54.9684],[10.4675,54.9683],[10.4674,54.9684],[10.4671,54.9684],[10.4669,54.9681],[10.4672,54.9681],[10.4674,54.9678],[10.4676,54.9678],[10.4676,54.9677],[10.4676,54.9677],[10.4676,54.9676],[10.4676,54.9675],[10.4678,54.9674],[10.4678,54.9673],[10.4679,54.9673],[10.4682,54.9671],[10.4685,54.967],[10.4687,54.967],[10.4688,54.967],[10.4689,54.967],[10.4692,54.967],[10.4692,54.967],[10.4694,54.9669],[10.4695,54.9669],[10.4695,54.9669],[10.4697,54.9669],[10.47,54.9669],[10.4702,54.9668],[10.4704,54.9666],[10.471,54.9663],[10.471,54.966],[10.4714,54.966],[10.4721,54.9657],[10.4726,54.9657],[10.4734,54.9654],[10.4749,54.9651],[10.475,54.965],[10.475,54.9649],[10.475,54.9649],[10.475,54.9648],[10.4758,54.9648],[10.4758,54.9647],[10.476,54.9647],[10.4765,54.9647],[10.4769,54.9646],[10.4772,54.9646],[10.4774,54.9646],[10.4776,54.9647],[10.4778,54.9648],[10.4779,54.9649],[10.4781,54.9651],[10.4781,54.9652],[10.478,54.9653],[10.4778,54.9655],[10.4777,54.9656],[10.4774,54.9658],[10.4772,54.9658],[10.4771,54.9659],[10.4771,54.966],[10.477,54.9661],[10.4768,54.9662],[10.4767,54.9663],[10.4767,54.9663],[10.4765,54.9665],[10.4765,54.9665],[10.4764,54.9666],[10.4762,54.9669],[10.4762,54.967],[10.4762,54.967],[10.4763,54.967],[10.4764,54.9669],[10.4766,54.9669],[10.4767,54.9669],[10.4773,54.9668],[10.4777,54.9668],[10.4781,54.9667],[10.4792,54.9665],[10.4802,54.9663],[10.4815,54.9661],[10.4824,54.9661],[10.483,54.9663],[10.4833,54.9664],[10.4845,54.9665],[10.4855,54.9665],[10.486,54.9665],[10.4871,54.9662],[10.4874,54.9661],[10.4875,54.9661],[10.4876,54.966],[10.4879,54.966],[10.4879,54.966],[10.4884,54.9659],[10.4886,54.9659],[10.4889,54.9659],[10.4892,54.9658],[10.4894,54.9658],[10.4896,54.9658],[10.49,54.9657],[10.4905,54.9658],[10.491,54.966],[10.4917,54.9662],[10.4916,54.9664],[10.4918,54.9663],[10.4914,54.966],[10.49,54.9656],[10.488,54.9658],[10.4879,54.9659],[10.4878,54.9659],[10.4876,54.9659],[10.4873,54.966],[10.487,54.9661],[10.4866,54.9663],[10.4865,54.9663],[10.4862,54.9664],[10.4858,54.9664],[10.4855,54.9665],[10.4852,54.9664],[10.485,54.9664],[10.4848,54.9664],[10.4845,54.9663],[10.4843,54.9663],[10.484,54.9663],[10.4837,54.9663],[10.4833,54.9663],[10.4831,54.9662],[10.4828,54.9661],[10.4826,54.966],[10.4822,54.966],[10.4819,54.966],[10.4814,54.9661],[10.4808,54.9661],[10.4806,54.9662],[10.48,54.9663],[10.4795,54.9664],[10.4787,54.9665],[10.4777,54.9666],[10.4773,54.9667],[10.4773,54.9667],[10.4772,54.9666],[10.4771,54.9663],[10.4773,54.966],[10.4776,54.9658],[10.4778,54.9656],[10.478,54.9654],[10.4781,54.9653],[10.4782,54.9653],[10.4782,54.9651],[10.4782,54.9649],[10.4783,54.9648],[10.4788,54.9647],[10.4787,54.9647],[10.478,54.9648],[10.4778,54.9647],[10.4776,54.9645],[10.4774,54.9645],[10.4771,54.9645],[10.4769,54.9645],[10.4765,54.9638],[10.4776,54.9634],[10.4778,54.9634],[10.4793,54.9628],[10.481,54.9622],[10.4809,54.9621],[10.4809,54.962],[10.4809,54.9619],[10.481,54.9619],[10.4812,54.9619],[10.4815,54.9618],[10.4818,54.9617],[10.4806,54.9607],[10.4806,54.9605],[10.4805,54.9604],[10.4802,54.9601],[10.4802,54.9601],[10.4804,54.9599],[10.4805,54.9599],[10.4806,54.9598],[10.4808,54.9598],[10.481,54.9597],[10.4812,54.9596],[10.4814,54.9595],[10.482,54.9592],[10.4823,54.9591],[10.4826,54.9591],[10.4829,54.959],[10.4833,54.9589],[10.4837,54.9589],[10.4846,54.9588],[10.4849,54.9588],[10.4852,54.9588],[10.4859,54.9589],[10.4864,54.9589],[10.4869,54.9591],[10.4872,54.9592],[10.4875,54.9592],[10.4878,54.9594],[10.4881,54.9595],[10.4883,54.9596],[10.4884,54.9597],[10.4886,54.9598],[10.4887,54.9599],[10.4888,54.96],[10.4889,54.9601],[10.489,54.9602],[10.4891,54.9603],[10.4892,54.9604],[10.4895,54.9608],[10.4899,54.9612],[10.4901,54.9614],[10.4903,54.9616],[10.4905,54.9618],[10.4907,54.962],[10.4908,54.9622],[10.491,54.9623],[10.4912,54.9626],[10.4918,54.9632],[10.4922,54.963],[10.4923,54.963],[10.4923,54.963],[10.4922,54.963],[10.4922,54.963],[10.492,54.963],[10.4919,54.9629],[10.4918,54.9628],[10.4916,54.9628],[10.4916,54.9627],[10.4915,54.9626],[10.4913,54.9625],[10.4912,54.9624],[10.491,54.9622],[10.4909,54.9621],[10.4907,54.9619],[10.4906,54.9617],[10.4904,54.9615],[10.4903,54.9614],[10.4902,54.9612],[10.4901,54.9611],[10.4901,54.961],[10.4899,54.961],[10.4899,54.9609],[10.4898,54.9607],[10.4897,54.9607],[10.4896,54.9606],[10.4895,54.9604],[10.4894,54.9602],[10.4894,54.9602],[10.4894,54.9602],[10.489,54.9598],[10.4891,54.9595],[10.4893,54.9595],[10.4895,54.9594],[10.4896,54.9595],[10.4897,54.9594],[10.4897,54.9594],[10.4896,54.9593],[10.4896,54.9592],[10.4895,54.9591],[10.4893,54.959],[10.4892,54.9589],[10.4878,54.9586],[10.4872,54.9585],[10.4872,54.9585],[10.487,54.9585],[10.4868,54.9585],[10.4864,54.9585],[10.486,54.9585],[10.4857,54.9585],[10.4855,54.9585],[10.4852,54.9585],[10.4849,54.9585],[10.4847,54.9585],[10.4845,54.9585],[10.484,54.9586],[10.4837,54.9586],[10.4836,54.9586],[10.4835,54.9586],[10.4834,54.9586],[10.4832,54.9587],[10.483,54.9587],[10.4828,54.9587],[10.4827,54.9587],[10.4826,54.9587],[10.4825,54.9587],[10.4824,54.9588],[10.4823,54.9588],[10.4822,54.9588],[10.4821,54.9588],[10.482,54.9589],[10.482,54.9589],[10.4819,54.9589],[10.4818,54.9589],[10.4818,54.959],[10.4817,54.959],[10.4814,54.9591],[10.4812,54.9592],[10.481,54.9593],[10.481,54.9594],[10.4809,54.9594],[10.4808,54.9595],[10.4807,54.9595],[10.4805,54.9597],[10.4804,54.9598],[10.4801,54.96],[10.48,54.9601],[10.4799,54.9602],[10.4797,54.9604],[10.4796,54.9604],[10.4796,54.9605],[10.4793,54.9607],[10.4792,54.9608],[10.4791,54.9608],[10.479,54.9609],[10.4788,54.9611],[10.4787,54.9612],[10.4786,54.9612],[10.4784,54.9614],[10.4784,54.9614],[10.4783,54.9615],[10.4781,54.9616],[10.478,54.9616],[10.478,54.9617],[10.478,54.9617],[10.4778,54.9618],[10.4778,54.9618],[10.4777,54.9618],[10.4776,54.9619],[10.4776,54.962],[10.4774,54.9621],[10.4773,54.9621],[10.4773,54.9622],[10.4772,54.9622],[10.477,54.9623],[10.4769,54.9623],[10.4769,54.9624],[10.4768,54.9624],[10.4767,54.9625],[10.4766,54.9625],[10.4765,54.9625],[10.4764,54.9626],[10.4764,54.9626],[10.4763,54.9627],[10.4763,54.9627],[10.4762,54.9628],[10.4761,54.9628],[10.476,54.9629],[10.4759,54.9629],[10.4759,54.963],[10.4758,54.963],[10.4757,54.963],[10.4756,54.9631],[10.4753,54.9632],[10.4751,54.9633],[10.475,54.9633],[10.4749,54.9634],[10.4747,54.9634],[10.4746,54.9634],[10.4745,54.9635],[10.4742,54.9636],[10.4741,54.9637],[10.4741,54.9637],[10.474,54.9638],[10.474,54.9638],[10.4738,54.9639],[10.4737,54.964],[10.4733,54.9641],[10.4732,54.9642],[10.4731,54.9642],[10.4729,54.9643],[10.4728,54.9643],[10.4728,54.9643],[10.4726,54.9644],[10.4725,54.9645],[10.4724,54.9645],[10.4721,54.9647],[10.472,54.9648],[10.4719,54.9649],[10.4718,54.9649],[10.4717,54.9649],[10.4716,54.965],[10.4714,54.9651],[10.4712,54.9652],[10.4705,54.9656]]]},"properties":{"sourceId":"ais_par3.145798","a_type":4210,"hectares":18.968}},{"type":"Feature","id":"ais_par3.145799","geometry":{"type":"Polygon","coordinates":[[[10.4956,54.9681],[10.4955,54.9681],[10.4954,54.9681],[10.4952,54.968],[10.495,54.9679],[10.4947,54.9678],[10.4944,54.9676],[10.4937,54.9672],[10.4927,54.9666],[10.4924,54.9664],[10.4923,54.9665],[10.4928,54.9668],[10.4941,54.9676],[10.4949,54.9679],[10.4959,54.9684],[10.4959,54.9681],[10.4959,54.9681],[10.4959,54.968],[10.4959,54.9678],[10.496,54.9678],[10.496,54.9678],[10.496,54.9677],[10.496,54.9677],[10.4962,54.9675],[10.4964,54.9673],[10.497,54.9671],[10.4971,54.9671],[10.4971,54.967],[10.4971,54.9669],[10.4972,54.9668],[10.4972,54.9667],[10.4972,54.9666],[10.4972,54.9665],[10.4973,54.9664],[10.4973,54.9663],[10.4973,54.9662],[10.4972,54.9661],[10.4972,54.9661],[10.4972,54.966],[10.4971,54.9658],[10.497,54.9657],[10.4969,54.9656],[10.4968,54.9655],[10.4968,54.9654],[10.4967,54.9654],[10.4967,54.9653],[10.4967,54.9653],[10.4965,54.9652],[10.4965,54.9651],[10.4964,54.9651],[10.4962,54.965],[10.4961,54.9649],[10.4962,54.965],[10.4963,54.9651],[10.4964,54.9651],[10.4965,54.9652],[10.4965,54.9653],[10.4968,54.9656],[10.4968,54.9656],[10.4968,54.9657],[10.4969,54.9657],[10.497,54.9658],[10.497,54.9659],[10.497,54.9659],[10.497,54.966],[10.4971,54.9662],[10.4972,54.9663],[10.4972,54.9664],[10.4972,54.9665],[10.4971,54.9667],[10.497,54.9668],[10.497,54.9669],[10.497,54.9669],[10.497,54.967],[10.4969,54.9671],[10.4966,54.9672],[10.4962,54.9673],[10.4961,54.9674],[10.496,54.9675],[10.4959,54.9676],[10.4957,54.9679],[10.4957,54.968],[10.4957,54.9681],[10.4956,54.9681]]]},"properties":{"sourceId":"ais_par3.145799","a_type":4210,"hectares":0.542}},{"type":"Feature","id":"ais_par3.145800","geometry":{"type":"Polygon","coordinates":[[[10.498,54.9701],[10.4978,54.97],[10.4977,54.9699],[10.4977,54.9699],[10.4977,54.9698],[10.4976,54.9698],[10.4975,54.9698],[10.4974,54.9698],[10.4973,54.9698],[10.4972,54.9698],[10.4969,54.9699],[10.4968,54.9699],[10.4966,54.97],[10.4966,54.97],[10.4965,54.97],[10.4964,54.9701],[10.4964,54.9701],[10.4963,54.9702],[10.4962,54.9703],[10.4959,54.9704],[10.4955,54.9706],[10.4954,54.9707],[10.4949,54.9708],[10.4946,54.9708],[10.4944,54.9709],[10.4944,54.9709],[10.4943,54.9709],[10.4943,54.971],[10.4943,54.9712],[10.4941,54.9713],[10.4938,54.9716],[10.4936,54.9718],[10.4936,54.9718],[10.4935,54.9718],[10.4935,54.9718],[10.4936,54.9718],[10.4935,54.9719],[10.4935,54.9719],[10.4934,54.972],[10.4933,54.972],[10.4932,54.972],[10.4931,54.972],[10.493,54.972],[10.493,54.9721],[10.493,54.9722],[10.493,54.9723],[10.493,54.9723],[10.4929,54.9725],[10.4929,54.9725],[10.4929,54.9726],[10.493,54.9728],[10.4933,54.973],[10.494,54.9733],[10.4951,54.9736],[10.4958,54.974],[10.4969,54.9748],[10.4977,54.9758],[10.498,54.9763],[10.4984,54.9765],[10.4994,54.9762],[10.4993,54.976],[10.4992,54.976],[10.4992,54.9758],[10.4993,54.9757],[10.4995,54.9755],[10.4996,54.9754],[10.4999,54.9753],[10.5,54.9752],[10.4998,54.975],[10.4997,54.9749],[10.4996,54.9749],[10.4995,54.9749],[10.4995,54.9749],[10.4995,54.9748],[10.4995,54.9747],[10.4995,54.9746],[10.4995,54.9745],[10.4996,54.9744],[10.4995,54.9743],[10.4994,54.9742],[10.4994,54.9741],[10.4993,54.9737],[10.4993,54.9732],[10.4993,54.9729],[10.4994,54.9723],[10.4996,54.9718],[10.4998,54.9716],[10.4999,54.9715],[10.5,54.9714],[10.5001,54.9712],[10.5,54.9712],[10.4999,54.9712],[10.4999,54.9711],[10.4999,54.9711],[10.4998,54.9711],[10.4997,54.9711],[10.4997,54.9711],[10.4996,54.9709],[10.4995,54.9708],[10.4994,54.9707],[10.4993,54.9707],[10.4992,54.9706],[10.4991,54.9705],[10.4989,54.9704],[10.4987,54.9704],[10.4984,54.9703],[10.4982,54.9703],[10.498,54.9701]],[[10.4981,54.9758],[10.498,54.9758],[10.4979,54.9758],[10.4978,54.9756],[10.4977,54.9756],[10.4977,54.9755],[10.4977,54.9755],[10.4977,54.9754],[10.4977,54.9754],[10.4977,54.9754],[10.4976,54.9754],[10.4976,54.9753],[10.4976,54.9753],[10.4976,54.9753],[10.4976,54.9753],[10.4976,54.9752],[10.4976,54.9752],[10.4976,54.9752],[10.4976,54.9752],[10.4975,54.9751],[10.4975,54.9751],[10.4975,54.975],[10.4975,54.975],[10.4975,54.975],[10.4975,54.975],[10.4975,54.9749],[10.4976,54.9749],[10.4976,54.9749],[10.4977,54.9749],[10.4977,54.9748],[10.4977,54.9748],[10.4977,54.9748],[10.4977,54.9748],[10.4976,54.9748],[10.4977,54.9747],[10.4977,54.9747],[10.4978,54.9747],[10.4979,54.9747],[10.498,54.9747],[10.498,54.9747],[10.498,54.9746],[10.4981,54.9746],[10.4981,54.9746],[10.4982,54.9747],[10.4982,54.9747],[10.4983,54.9747],[10.4983,54.9747],[10.4984,54.9746],[10.4984,54.9747],[10.4984,54.9747],[10.4984,54.9747],[10.4984,54.9747],[10.4985,54.9748],[10.4986,54.9748],[10.4987,54.9749],[10.4987,54.975],[10.4988,54.975],[10.4988,54.975],[10.4988,54.9751],[10.4988,54.9751],[10.4988,54.9751],[10.4988,54.9752],[10.4988,54.9752],[10.4987,54.9752],[10.4987,54.9753],[10.4986,54.9753],[10.4986,54.9754],[10.4985,54.9754],[10.4984,54.9754],[10.4984,54.9754],[10.4983,54.9754],[10.4983,54.9754],[10.4983,54.9755],[10.4984,54.9755],[10.4984,54.9755],[10.4984,54.9755],[10.4984,54.9755],[10.4984,54.9755],[10.4985,54.9756],[10.4985,54.9756],[10.4986,54.9756],[10.4987,54.9756],[10.4988,54.9756],[10.4988,54.9756],[10.4988,54.9756],[10.4988,54.9757],[10.4987,54.9757],[10.4986,54.9757],[10.4985,54.9758],[10.4985,54.9758],[10.4984,54.9758],[10.4984,54.9758],[10.4982,54.9758],[10.4981,54.9758]],[[10.4968,54.9725],[10.4954,54.9728],[10.4953,54.9728],[10.4947,54.973],[10.4943,54.9731],[10.4938,54.9732],[10.4937,54.9731],[10.4934,54.9729],[10.4931,54.9728],[10.493,54.9727],[10.493,54.9727],[10.4931,54.9726],[10.4931,54.9725],[10.4931,54.9725],[10.4932,54.9724],[10.4932,54.9722],[10.4932,54.9722],[10.4931,54.9721],[10.4932,54.9721],[10.4932,54.9721],[10.4932,54.972],[10.4933,54.972],[10.4933,54.9721],[10.4934,54.972],[10.4935,54.972],[10.4936,54.9719],[10.4937,54.9718],[10.4938,54.9718],[10.4939,54.9716],[10.4941,54.9715],[10.4941,54.9714],[10.4942,54.9713],[10.4944,54.9712],[10.4945,54.9711],[10.4945,54.9711],[10.4945,54.971],[10.4946,54.9709],[10.4947,54.9709],[10.4948,54.9709],[10.4947,54.9715],[10.4948,54.9717],[10.495,54.972],[10.4972,54.9716],[10.4969,54.9712],[10.4979,54.9703],[10.4982,54.9704],[10.4983,54.9704],[10.4985,54.9704],[10.4985,54.9704],[10.4987,54.9705],[10.4989,54.9705],[10.499,54.9706],[10.4991,54.9706],[10.4991,54.9707],[10.4993,54.9709],[10.4993,54.9709],[10.4995,54.9712],[10.4996,54.9713],[10.4997,54.9714],[10.4997,54.9714],[10.4996,54.9716],[10.4994,54.9718],[10.4994,54.9719],[10.4993,54.9722],[10.4992,54.9724],[10.4992,54.9726],[10.4988,54.9727],[10.4987,54.9728],[10.4986,54.9728],[10.4977,54.9726],[10.4971,54.9725],[10.4968,54.9725]]]},"properties":{"sourceId":"ais_par3.145800","a_type":4210,"hectares":11.02}},{"type":"Feature","id":"ais_par3.145801","geometry":{"type":"Polygon","coordinates":[[[10.5144,54.9625],[10.5143,54.9625],[10.5142,54.9625],[10.5141,54.9625],[10.514,54.9625],[10.5139,54.9625],[10.5138,54.9625],[10.5137,54.9624],[10.5136,54.9625],[10.5134,54.9625],[10.5132,54.9626],[10.5128,54.9628],[10.5127,54.9628],[10.5127,54.9628],[10.5128,54.9629],[10.513,54.9629],[10.5131,54.9629],[10.5131,54.9629],[10.5133,54.9629],[10.5133,54.9629],[10.5134,54.9629],[10.5144,54.9636],[10.5148,54.9638],[10.5149,54.9638],[10.515,54.9639],[10.5158,54.9641],[10.5161,54.9639],[10.5161,54.9638],[10.5162,54.9637],[10.5169,54.9637],[10.5168,54.9637],[10.5168,54.9637],[10.5168,54.9636],[10.5167,54.9636],[10.5166,54.9636],[10.5165,54.9636],[10.5163,54.9636],[10.5161,54.9636],[10.516,54.9635],[10.5159,54.9635],[10.5159,54.9635],[10.5158,54.9635],[10.5157,54.9635],[10.5155,54.9635],[10.5154,54.9634],[10.5154,54.9634],[10.5153,54.9634],[10.5153,54.9633],[10.5153,54.9627],[10.5157,54.9625],[10.5156,54.9624],[10.5155,54.9624],[10.5153,54.9624],[10.5152,54.9624],[10.5151,54.9624],[10.515,54.9624],[10.5149,54.9624],[10.5148,54.9624],[10.5147,54.9624],[10.5145,54.9624],[10.5144,54.9625]]]},"properties":{"sourceId":"ais_par3.145801","a_type":4210,"hectares":1.974}},{"type":"Feature","id":"ais_par3.145806","geometry":{"type":"Polygon","coordinates":[[[10.5228,54.9602],[10.5227,54.9602],[10.5226,54.9602],[10.5225,54.9602],[10.5222,54.9601],[10.522,54.9601],[10.5218,54.96],[10.5217,54.9599],[10.5216,54.9599],[10.5215,54.9599],[10.5215,54.9599],[10.5214,54.9599],[10.5214,54.9598],[10.5214,54.9598],[10.5213,54.9598],[10.5213,54.9598],[10.5211,54.9597],[10.521,54.9597],[10.5209,54.9597],[10.5208,54.9596],[10.5207,54.9596],[10.5207,54.9596],[10.5206,54.9596],[10.5204,54.9596],[10.5203,54.9596],[10.5201,54.9595],[10.52,54.9595],[10.5197,54.9595],[10.5196,54.9595],[10.5195,54.9595],[10.5195,54.9595],[10.5194,54.9595],[10.5194,54.9595],[10.5193,54.9595],[10.5191,54.9595],[10.519,54.9596],[10.5187,54.9596],[10.5186,54.9597],[10.5186,54.9597],[10.5186,54.9597],[10.5185,54.9597],[10.5185,54.9598],[10.5185,54.9598],[10.5185,54.9598],[10.5185,54.9598],[10.5184,54.9598],[10.5184,54.9598],[10.5184,54.9599],[10.5184,54.9599],[10.5184,54.9599],[10.5184,54.96],[10.5184,54.96],[10.5184,54.9602],[10.5183,54.9602],[10.5183,54.9604],[10.5182,54.9604],[10.5182,54.9605],[10.5182,54.9605],[10.5184,54.9605],[10.5184,54.9605],[10.519,54.9606],[10.5197,54.961],[10.5198,54.961],[10.5198,54.961],[10.5201,54.961],[10.521,54.9608],[10.5212,54.961],[10.5216,54.9613],[10.5217,54.9613],[10.5218,54.9614],[10.5218,54.9614],[10.5223,54.9617],[10.5224,54.9618],[10.5225,54.9618],[10.5225,54.9618],[10.5226,54.9619],[10.5227,54.962],[10.5228,54.962],[10.5229,54.9621],[10.523,54.9621],[10.5231,54.9622],[10.5233,54.9623],[10.5234,54.9623],[10.5235,54.9624],[10.5242,54.9627],[10.5244,54.9627],[10.5246,54.9626],[10.525,54.9625],[10.5258,54.9626],[10.5264,54.9629],[10.5263,54.9625],[10.5262,54.9625],[10.5261,54.9624],[10.5261,54.9624],[10.5261,54.9624],[10.526,54.9623],[10.5259,54.9623],[10.5259,54.9623],[10.5259,54.9622],[10.5258,54.9622],[10.5258,54.9622],[10.5257,54.9621],[10.5257,54.9621],[10.5256,54.962],[10.5256,54.962],[10.5256,54.962],[10.5256,54.9619],[10.5256,54.9619],[10.5255,54.9619],[10.5255,54.9619],[10.5255,54.9619],[10.5255,54.9618],[10.5254,54.9618],[10.5254,54.9618],[10.5254,54.9618],[10.5253,54.9618],[10.5253,54.9617],[10.5252,54.9616],[10.5251,54.9616],[10.5251,54.9616],[10.5251,54.9616],[10.5251,54.9615],[10.525,54.9615],[10.525,54.9615],[10.5249,54.9615],[10.5248,54.9614],[10.5247,54.9614],[10.5247,54.9613],[10.5246,54.9613],[10.5245,54.9612],[10.5243,54.9611],[10.5242,54.9611],[10.5242,54.961],[10.524,54.9609],[10.5238,54.9609],[10.5237,54.9608],[10.5236,54.9607],[10.5235,54.9607],[10.5234,54.9606],[10.5234,54.9606],[10.5234,54.9606],[10.5233,54.9605],[10.5233,54.9605],[10.5232,54.9604],[10.5232,54.9604],[10.5231,54.9604],[10.5229,54.9602],[10.5228,54.9602]],[[10.5209,54.96],[10.5209,54.96],[10.5209,54.96],[10.5209,54.9601],[10.5209,54.9601],[10.5209,54.9601],[10.5209,54.9602],[10.5208,54.9602],[10.5207,54.9601],[10.5206,54.9601],[10.5206,54.9601],[10.5206,54.9601],[10.5206,54.9602],[10.5206,54.9602],[10.5206,54.9602],[10.5206,54.9603],[10.5206,54.9603],[10.5206,54.9603],[10.5206,54.9603],[10.5206,54.9603],[10.5206,54.9604],[10.5206,54.9604],[10.5206,54.9604],[10.5206,54.9604],[10.5206,54.9604],[10.5206,54.9604],[10.5206,54.9604],[10.5206,54.9604],[10.5206,54.9604],[10.5206,54.9605],[10.5206,54.9605],[10.5206,54.9605],[10.5206,54.9605],[10.5207,54.9605],[10.5207,54.9605],[10.5208,54.9605],[10.5208,54.9605],[10.5208,54.9606],[10.5207,54.9606],[10.5206,54.9607],[10.5206,54.9607],[10.5205,54.9608],[10.5205,54.9607],[10.5203,54.9607],[10.5203,54.9607],[10.5202,54.9607],[10.5203,54.9607],[10.5203,54.9606],[10.5204,54.9606],[10.5205,54.9606],[10.5205,54.9605],[10.5205,54.9605],[10.5205,54.9605],[10.5204,54.9604],[10.5203,54.9604],[10.5203,54.9604],[10.5202,54.9604],[10.5199,54.9604],[10.5199,54.9604],[10.52,54.9604],[10.52,54.9604],[10.5201,54.9604],[10.5202,54.9603],[10.5203,54.9603],[10.5203,54.9603],[10.5203,54.9603],[10.5202,54.9603],[10.5202,54.9603],[10.5202,54.9602],[10.5202,54.9602],[10.5202,54.9602],[10.5202,54.9601],[10.5202,54.9601],[10.5202,54.9601],[10.5202,54.9601],[10.5203,54.96],[10.5203,54.96],[10.5203,54.96],[10.5203,54.96],[10.5202,54.96],[10.5201,54.96],[10.5201,54.9599],[10.5201,54.9599],[10.52,54.9599],[10.52,54.9599],[10.5199,54.9599],[10.5199,54.9598],[10.5198,54.9598],[10.5198,54.9598],[10.5199,54.9598],[10.5199,54.9598],[10.52,54.9597],[10.5201,54.9597],[10.5201,54.9597],[10.5201,54.9597],[10.5201,54.9597],[10.5202,54.9597],[10.5202,54.9597],[10.5203,54.9597],[10.5205,54.9597],[10.5205,54.9597],[10.5206,54.9598],[10.5207,54.9598],[10.5208,54.9598],[10.5208,54.9599],[10.5208,54.9599],[10.5209,54.96]]]},"properties":{"sourceId":"ais_par3.145806","a_type":4210,"hectares":6.877}},{"type":"Feature","id":"ais_par3.145807","geometry":{"type":"Polygon","coordinates":[[[10.5525,54.9593],[10.5512,54.9594],[10.5512,54.9585],[10.5512,54.9584],[10.5506,54.9576],[10.5505,54.9575],[10.5504,54.9574],[10.5504,54.9574],[10.5504,54.9573],[10.5502,54.957],[10.5498,54.9565],[10.5492,54.9559],[10.549,54.9557],[10.5489,54.9555],[10.5488,54.9554],[10.5488,54.9551],[10.5488,54.955],[10.5488,54.9548],[10.5486,54.9543],[10.5486,54.9542],[10.5486,54.9538],[10.5484,54.9539],[10.5484,54.9541],[10.5484,54.9543],[10.5484,54.9545],[10.5484,54.9546],[10.5485,54.955],[10.5485,54.9552],[10.5486,54.9555],[10.5486,54.9555],[10.549,54.956],[10.5497,54.9568],[10.5498,54.9571],[10.55,54.9573],[10.5502,54.9576],[10.5505,54.958],[10.5506,54.9582],[10.5508,54.9586],[10.5508,54.9586],[10.5508,54.9586],[10.5509,54.959],[10.5511,54.9594],[10.5511,54.9595],[10.5512,54.9597],[10.5513,54.9605],[10.5513,54.9605],[10.5513,54.9609],[10.5509,54.9616],[10.5509,54.9616],[10.5508,54.9617],[10.5508,54.9618],[10.5507,54.9619],[10.5506,54.962],[10.5504,54.9622],[10.5503,54.9623],[10.5502,54.9624],[10.55,54.9625],[10.5502,54.9626],[10.5507,54.9624],[10.551,54.9619],[10.5516,54.9614],[10.5519,54.9614],[10.5521,54.9614],[10.5534,54.9612],[10.5538,54.9611],[10.5552,54.9618],[10.5554,54.9619],[10.5555,54.9622],[10.5556,54.9622],[10.5553,54.9611],[10.5548,54.9611],[10.5547,54.9611],[10.5546,54.9611],[10.5546,54.961],[10.5545,54.9609],[10.5543,54.9606],[10.5543,54.9605],[10.5542,54.96],[10.5542,54.96],[10.5541,54.9595],[10.5541,54.9592],[10.5538,54.9592],[10.5525,54.9593]],[[10.5543,54.9609],[10.554,54.961],[10.5538,54.9609],[10.5536,54.9609],[10.5533,54.9608],[10.5532,54.9608],[10.5537,54.9607],[10.5541,54.9607],[10.5542,54.9606],[10.5543,54.9607],[10.5544,54.9609],[10.5543,54.9609]]]},"properties":{"sourceId":"ais_par3.145807","a_type":4210,"hectares":6.277}},{"type":"Feature","id":"ais_par3.145808","geometry":{"type":"Polygon","coordinates":[[[10.5672,54.9469],[10.567,54.9469],[10.5669,54.9468],[10.5667,54.9468],[10.5665,54.9467],[10.5662,54.9465],[10.5657,54.9463],[10.5655,54.9462],[10.5652,54.9461],[10.565,54.946],[10.5647,54.9458],[10.5643,54.9456],[10.5635,54.9452],[10.5633,54.9451],[10.5632,54.9451],[10.5631,54.9451],[10.5626,54.945],[10.5622,54.9449],[10.5619,54.9448],[10.5615,54.9447],[10.5612,54.9446],[10.561,54.9446],[10.5609,54.9446],[10.5607,54.9447],[10.5601,54.9448],[10.5598,54.9448],[10.5594,54.9448],[10.559,54.9448],[10.5586,54.9447],[10.5584,54.9446],[10.5582,54.9445],[10.5581,54.9443],[10.558,54.9443],[10.5579,54.9442],[10.5578,54.9441],[10.5574,54.9439],[10.5574,54.9438],[10.5573,54.9437],[10.5572,54.9436],[10.557,54.9434],[10.5568,54.9433],[10.5566,54.9432],[10.5564,54.9431],[10.5561,54.943],[10.5559,54.943],[10.5556,54.943],[10.5553,54.943],[10.555,54.943],[10.5546,54.943],[10.5544,54.943],[10.5543,54.9431],[10.5541,54.9432],[10.5539,54.9434],[10.5538,54.9436],[10.5538,54.9437],[10.5537,54.9441],[10.5537,54.9444],[10.5538,54.9445],[10.5538,54.9446],[10.5538,54.9446],[10.5539,54.9447],[10.5538,54.9447],[10.5539,54.9448],[10.5541,54.9455],[10.5546,54.9462],[10.5549,54.9467],[10.555,54.9468],[10.555,54.9469],[10.5551,54.947],[10.556,54.9477],[10.5569,54.948],[10.5575,54.9484],[10.5579,54.9487],[10.5581,54.9487],[10.5595,54.9492],[10.5596,54.9491],[10.5595,54.9491],[10.5594,54.9491],[10.5594,54.9491],[10.5589,54.9488],[10.5589,54.9488],[10.559,54.9488],[10.5592,54.9488],[10.5592,54.9488],[10.5592,54.9488],[10.5593,54.9488],[10.5595,54.9488],[10.5597,54.9489],[10.5599,54.949],[10.5599,54.9489],[10.5599,54.9489],[10.5596,54.9487],[10.5593,54.9487],[10.5593,54.9486],[10.5594,54.9486],[10.5594,54.9486],[10.5596,54.9486],[10.5597,54.9485],[10.5599,54.9485],[10.5601,54.9485],[10.5602,54.9485],[10.5604,54.9485],[10.5605,54.9485],[10.5608,54.9485],[10.5613,54.9486],[10.5618,54.9488],[10.5623,54.9489],[10.5629,54.9489],[10.5635,54.9494],[10.5636,54.9495],[10.5638,54.9496],[10.5638,54.9496],[10.5639,54.9497],[10.5639,54.9497],[10.564,54.9498],[10.5641,54.9502],[10.5641,54.9502],[10.5641,54.9503],[10.5641,54.9503],[10.564,54.9504],[10.564,54.9504],[10.564,54.9505],[10.5639,54.9505],[10.5639,54.9506],[10.5639,54.9506],[10.5639,54.9508],[10.5643,54.9509],[10.5648,54.9512],[10.5648,54.9512],[10.5649,54.9512],[10.565,54.9511],[10.5651,54.9511],[10.5652,54.9511],[10.5652,54.9512],[10.5652,54.9513],[10.5651,54.9513],[10.565,54.9514],[10.5649,54.9514],[10.5647,54.9515],[10.5646,54.9515],[10.5644,54.9515],[10.5643,54.9514],[10.5642,54.9514],[10.5641,54.9514],[10.5641,54.9515],[10.5641,54.9515],[10.5641,54.9515],[10.5641,54.9516],[10.564,54.9517],[10.564,54.9517],[10.564,54.9518],[10.5639,54.9518],[10.5639,54.9519],[10.5637,54.952],[10.5635,54.9521],[10.5634,54.9523],[10.5635,54.9523],[10.5633,54.9526],[10.5632,54.9527],[10.5632,54.9527],[10.5631,54.9528],[10.5629,54.953],[10.5625,54.9532],[10.5623,54.9534],[10.562,54.9534],[10.5619,54.9535],[10.5617,54.9535],[10.5615,54.9536],[10.5613,54.9536],[10.5612,54.9536],[10.5611,54.9535],[10.561,54.9535],[10.561,54.9535],[10.5608,54.9535],[10.5606,54.9534],[10.5604,54.9534],[10.5602,54.9534],[10.56,54.9533],[10.5597,54.9533],[10.5595,54.9533],[10.5595,54.9533],[10.5594,54.9533],[10.5593,54.9533],[10.5592,54.9534],[10.5591,54.9534],[10.5586,54.9534],[10.5584,54.9535],[10.5583,54.9534],[10.5582,54.9534],[10.5581,54.9534],[10.5581,54.9534],[10.5581,54.9534],[10.5579,54.9535],[10.5579,54.9535],[10.5577,54.9536],[10.5576,54.9536],[10.5575,54.9536],[10.5572,54.9537],[10.5569,54.9538],[10.5567,54.9538],[10.5565,54.9538],[10.5562,54.9538],[10.5561,54.9537],[10.556,54.9537],[10.5559,54.9537],[10.5558,54.9536],[10.5557,54.9535],[10.5556,54.9534],[10.5555,54.9533],[10.5554,54.9533],[10.5554,54.9532],[10.5553,54.9531],[10.5552,54.9531],[10.5552,54.9531],[10.5551,54.953],[10.5551,54.953],[10.5551,54.953],[10.5551,54.9529],[10.5551,54.9529],[10.5551,54.9529],[10.555,54.9528],[10.555,54.9528],[10.5549,54.9528],[10.5549,54.9527],[10.5548,54.9527],[10.5548,54.9527],[10.5547,54.9526],[10.5546,54.9525],[10.5546,54.9525],[10.5546,54.9524],[10.5546,54.9523],[10.5545,54.9521],[10.5543,54.9521],[10.5543,54.952],[10.5544,54.952],[10.5543,54.9519],[10.5542,54.9519],[10.5541,54.9518],[10.554,54.9518],[10.5539,54.9518],[10.5539,54.9518],[10.5538,54.9518],[10.5537,54.9518],[10.5536,54.9518],[10.5536,54.9517],[10.5535,54.9517],[10.5535,54.9517],[10.5534,54.9516],[10.553,54.9514],[10.5529,54.9515],[10.5528,54.9515],[10.5528,54.9515],[10.5527,54.9516],[10.5526,54.9516],[10.5525,54.9516],[10.5524,54.9516],[10.5522,54.9516],[10.5515,54.9517],[10.5505,54.9518],[10.5503,54.9519],[10.553,54.9516],[10.5534,54.9526],[10.5538,54.9524],[10.5543,54.9527],[10.5546,54.9529],[10.5553,54.9535],[10.5555,54.9543],[10.5563,54.954],[10.5566,54.9539],[10.5568,54.9539],[10.557,54.9539],[10.5571,54.9538],[10.5574,54.9538],[10.5579,54.9536],[10.558,54.9536],[10.5592,54.9535],[10.5596,54.9534],[10.56,54.954],[10.5608,54.9556],[10.5629,54.9549],[10.563,54.9548],[10.5627,54.9541],[10.5641,54.9539],[10.5671,54.9534],[10.5673,54.9552],[10.5678,54.9553],[10.5708,54.9561],[10.576,54.9574],[10.5773,54.9554],[10.5795,54.9556],[10.5805,54.9557],[10.5809,54.9552],[10.5815,54.9554],[10.5819,54.9554],[10.5829,54.9556],[10.5834,54.9556],[10.5847,54.9557],[10.5867,54.9555],[10.5871,54.9553],[10.5869,54.9554],[10.5866,54.9554],[10.5864,54.9555],[10.5861,54.9555],[10.5859,54.9555],[10.5856,54.9554],[10.5853,54.9554],[10.5851,54.9553],[10.585,54.9552],[10.5849,54.9552],[10.5848,54.9552],[10.5847,54.9552],[10.5846,54.9552],[10.5845,54.9553],[10.5846,54.9554],[10.5844,54.9555],[10.5837,54.9556],[10.5832,54.9555],[10.5827,54.9555],[10.5822,54.9554],[10.5817,54.9553],[10.5814,54.9553],[10.5813,54.9552],[10.5811,54.9552],[10.5809,54.9551],[10.5805,54.9551],[10.5804,54.9551],[10.5804,54.9551],[10.5803,54.955],[10.5802,54.955],[10.5802,54.955],[10.5801,54.955],[10.58,54.955],[10.5799,54.9549],[10.5799,54.9548],[10.58,54.9547],[10.58,54.9546],[10.58,54.9546],[10.58,54.9546],[10.5803,54.9545],[10.5803,54.9545],[10.5804,54.9545],[10.5805,54.9545],[10.5806,54.9544],[10.5806,54.9544],[10.5805,54.9543],[10.5804,54.9543],[10.5802,54.9544],[10.58,54.9543],[10.5799,54.9543],[10.5797,54.9543],[10.5796,54.9544],[10.5794,54.9547],[10.5792,54.9548],[10.5791,54.9549],[10.5791,54.955],[10.5791,54.9552],[10.579,54.9552],[10.5788,54.9551],[10.5786,54.955],[10.5784,54.9549],[10.5782,54.9549],[10.578,54.9549],[10.5778,54.955],[10.5776,54.955],[10.5776,54.9549],[10.5775,54.9549],[10.5774,54.9548],[10.5773,54.9547],[10.5772,54.9547],[10.577,54.9547],[10.5769,54.9547],[10.5769,54.9548],[10.5768,54.9548],[10.5765,54.9549],[10.5764,54.9549],[10.5762,54.9549],[10.5762,54.9549],[10.576,54.9549],[10.5761,54.9547],[10.5761,54.9547],[10.5761,54.9546],[10.5762,54.9546],[10.5762,54.9546],[10.5762,54.9545],[10.5766,54.9545],[10.5769,54.9546],[10.5777,54.9546],[10.5778,54.9544],[10.5778,54.9544],[10.5779,54.9543],[10.5777,54.9542],[10.5776,54.9542],[10.5773,54.9542],[10.5769,54.9541],[10.5768,54.9541],[10.5766,54.954],[10.5767,54.954],[10.5767,54.954],[10.5767,54.9539],[10.5769,54.9539],[10.5778,54.9541],[10.5783,54.9541],[10.5785,54.9543],[10.5789,54.9544],[10.5789,54.9544],[10.5789,54.9543],[10.5788,54.9542],[10.5788,54.9541],[10.5789,54.954],[10.5789,54.954],[10.5792,54.9539],[10.5796,54.9538],[10.5796,54.9538],[10.5797,54.9538],[10.5799,54.9538],[10.58,54.9538],[10.5805,54.9537],[10.5805,54.9536],[10.5805,54.9535],[10.5806,54.9535],[10.5808,54.9537],[10.581,54.9536],[10.5811,54.9536],[10.5811,54.9536],[10.5812,54.9533],[10.5812,54.9531],[10.5812,54.9531],[10.5811,54.953],[10.581,54.9529],[10.5808,54.9529],[10.5808,54.953],[10.5804,54.953],[10.58,54.953],[10.5799,54.953],[10.5799,54.9529],[10.5798,54.9529],[10.5799,54.9528],[10.5799,54.9528],[10.5797,54.9528],[10.5795,54.9528],[10.5795,54.9527],[10.5795,54.9526],[10.5793,54.9524],[10.5793,54.9524],[10.5792,54.9523],[10.5793,54.9523],[10.5794,54.9522],[10.5794,54.9522],[10.5794,54.9521],[10.5794,54.952],[10.5792,54.952],[10.5792,54.9519],[10.5793,54.9518],[10.5794,54.9516],[10.5795,54.9515],[10.5795,54.9515],[10.5796,54.9514],[10.5796,54.9514],[10.5797,54.9514],[10.5798,54.9513],[10.5806,54.9513],[10.5808,54.9512],[10.5806,54.9512],[10.5805,54.9512],[10.5804,54.9511],[10.5803,54.951],[10.5804,54.9509],[10.5805,54.9509],[10.5805,54.9508],[10.5806,54.9508],[10.5807,54.9508],[10.5808,54.9508],[10.5809,54.9508],[10.5809,54.9508],[10.581,54.9509],[10.5812,54.9509],[10.5812,54.951],[10.5815,54.9511],[10.5815,54.9511],[10.5814,54.9511],[10.5813,54.9512],[10.5812,54.9512],[10.581,54.9512],[10.581,54.9512],[10.582,54.9513],[10.5827,54.9512],[10.5836,54.9509],[10.5841,54.9505],[10.5842,54.9504],[10.5844,54.9501],[10.5844,54.9499],[10.5844,54.9499],[10.5846,54.9497],[10.5847,54.9496],[10.5848,54.9494],[10.5849,54.9492],[10.585,54.9492],[10.585,54.9492],[10.5852,54.9491],[10.5853,54.9491],[10.5854,54.949],[10.586,54.9488],[10.5871,54.9485],[10.5872,54.9484],[10.5874,54.9482],[10.5875,54.948],[10.5877,54.9479],[10.5877,54.9479],[10.5877,54.9479],[10.5877,54.9479],[10.5879,54.9478],[10.588,54.9477],[10.588,54.9477],[10.5884,54.9475],[10.5885,54.9474],[10.5885,54.9474],[10.5884,54.9474],[10.588,54.9474],[10.5876,54.9475],[10.5869,54.9476],[10.5867,54.9475],[10.5865,54.9475],[10.5863,54.9474],[10.5859,54.9476],[10.5851,54.948],[10.5846,54.9482],[10.5842,54.9483],[10.5836,54.9486],[10.5831,54.9488],[10.5827,54.9489],[10.5821,54.9491],[10.5816,54.9491],[10.5812,54.9491],[10.5808,54.9491],[10.5806,54.949],[10.5803,54.9488],[10.5801,54.9486],[10.5799,54.9483],[10.5798,54.9483],[10.5796,54.9482],[10.5795,54.9483],[10.5786,54.9484],[10.5781,54.9484],[10.5778,54.9484],[10.5774,54.9484],[10.5771,54.9484],[10.5766,54.9484],[10.5763,54.9485],[10.5758,54.9485],[10.5752,54.9486],[10.5745,54.9487],[10.5739,54.9488],[10.5731,54.9488],[10.5724,54.9488],[10.572,54.9488],[10.5718,54.9488],[10.5716,54.9487],[10.5714,54.9487],[10.5712,54.9487],[10.571,54.9487],[10.5709,54.9487],[10.5707,54.9487],[10.5706,54.9486],[10.5705,54.9486],[10.5703,54.9485],[10.5702,54.9485],[10.5701,54.9484],[10.57,54.9484],[10.5698,54.9483],[10.5697,54.9483],[10.5696,54.9482],[10.5693,54.948],[10.5691,54.9479],[10.569,54.9477],[10.5684,54.9473],[10.5682,54.9472],[10.5681,54.9471],[10.568,54.947],[10.5678,54.947],[10.5676,54.947],[10.5674,54.9469],[10.5672,54.9469]],[[10.5657,54.953],[10.5656,54.9531],[10.5655,54.9531],[10.5653,54.9531],[10.5652,54.9531],[10.5651,54.9531],[10.5651,54.953],[10.5651,54.9529],[10.5653,54.9528],[10.5655,54.9528],[10.5656,54.9528],[10.5657,54.9529],[10.5658,54.9529],[10.5658,54.953],[10.5657,54.953]],[[10.5719,54.9514],[10.5722,54.9515],[10.5722,54.9517],[10.5717,54.9517],[10.5716,54.9515],[10.5719,54.9514],[10.5719,54.9514]],[[10.5624,54.9542],[10.5623,54.9543],[10.5621,54.9544],[10.562,54.9545],[10.5619,54.9545],[10.5619,54.9545],[10.5618,54.9545],[10.5618,54.9544],[10.5619,54.9543],[10.5622,54.9542],[10.5624,54.9541],[10.5624,54.9541],[10.5625,54.9541],[10.5624,54.9542]],[[10.5643,54.9536],[10.5644,54.9536],[10.5645,54.9535],[10.5647,54.9535],[10.5648,54.9535],[10.5648,54.9536],[10.5648,54.9537],[10.5647,54.9537],[10.5645,54.9538],[10.5644,54.9538],[10.5644,54.9538],[10.5643,54.9537],[10.5643,54.9536]]]},"properties":{"sourceId":"ais_par3.145808","a_type":4210,"hectares":131.983}},{"type":"Feature","id":"ais_par3.145917","geometry":{"type":"Polygon","coordinates":[[[10.376,54.8548],[10.3759,54.8549],[10.3758,54.8549],[10.3757,54.855],[10.3758,54.855],[10.3759,54.855],[10.3761,54.855],[10.3762,54.8549],[10.3762,54.8549],[10.3762,54.8549],[10.3762,54.8549],[10.3761,54.8548],[10.376,54.8548],[10.376,54.8548]]]},"properties":{"sourceId":"ais_par3.145917","a_type":5120,"hectares":0.032}},{"type":"Feature","id":"ais_par3.145918","geometry":{"type":"Polygon","coordinates":[[[10.4001,54.9092],[10.4001,54.9092],[10.4001,54.9092],[10.4,54.9092],[10.4,54.9093],[10.4,54.9093],[10.4,54.9093],[10.4001,54.9093],[10.4001,54.9093],[10.4001,54.9093],[10.4002,54.9093],[10.4002,54.9093],[10.4003,54.9093],[10.4003,54.9093],[10.4002,54.9092],[10.4002,54.9092],[10.4001,54.9092]]]},"properties":{"sourceId":"ais_par3.145918","a_type":5120,"hectares":0.019}},{"type":"Feature","id":"ais_par3.145995","geometry":{"type":"Polygon","coordinates":[[[10.2913,54.9271],[10.2912,54.9271],[10.2912,54.9272],[10.2912,54.9272],[10.2912,54.9272],[10.2913,54.9273],[10.2913,54.9273],[10.2913,54.9273],[10.2913,54.9273],[10.2913,54.9273],[10.2913,54.9274],[10.2913,54.9274],[10.2914,54.9274],[10.2914,54.9273],[10.2914,54.9273],[10.2915,54.9273],[10.2915,54.9273],[10.2915,54.9272],[10.2915,54.9272],[10.2915,54.9272],[10.2914,54.9272],[10.2914,54.9271],[10.2914,54.9271],[10.2913,54.9271],[10.2913,54.9271]]]},"properties":{"sourceId":"ais_par3.145995","a_type":5120,"hectares":0.035}},{"type":"Feature","id":"ais_par3.145956","geometry":{"type":"Polygon","coordinates":[[[10.304,54.9088],[10.304,54.9088],[10.3039,54.9088],[10.3039,54.9089],[10.3039,54.9089],[10.3039,54.9089],[10.304,54.9089],[10.304,54.9089],[10.304,54.9089],[10.3041,54.9089],[10.3041,54.9088],[10.3041,54.9088],[10.3041,54.9088],[10.3041,54.9088],[10.304,54.9088]]]},"properties":{"sourceId":"ais_par3.145956","a_type":5120,"hectares":0.014}},{"type":"Feature","id":"ais_par3.145957","geometry":{"type":"Polygon","coordinates":[[[10.3134,54.9176],[10.3133,54.9176],[10.3133,54.9176],[10.3133,54.9176],[10.3132,54.9177],[10.3132,54.9177],[10.3132,54.9178],[10.3133,54.9178],[10.3133,54.9178],[10.3134,54.9178],[10.3135,54.9177],[10.3136,54.9177],[10.3136,54.9176],[10.3135,54.9176],[10.3135,54.9176],[10.3134,54.9176]]]},"properties":{"sourceId":"ais_par3.145957","a_type":5120,"hectares":0.05}},{"type":"Feature","id":"ais_par3.145958","geometry":{"type":"Polygon","coordinates":[[[10.3144,54.8987],[10.3144,54.8987],[10.3144,54.8987],[10.3143,54.8987],[10.3143,54.8988],[10.3143,54.8988],[10.3143,54.8988],[10.3143,54.8989],[10.3143,54.8989],[10.3143,54.8989],[10.3144,54.8989],[10.3144,54.8989],[10.3144,54.8989],[10.3145,54.8989],[10.3146,54.8989],[10.3146,54.8988],[10.3146,54.8988],[10.3146,54.8988],[10.3146,54.8988],[10.3146,54.8987],[10.3146,54.8987],[10.3145,54.8987],[10.3145,54.8987],[10.3144,54.8987]]]},"properties":{"sourceId":"ais_par3.145958","a_type":5120,"hectares":0.039}},{"type":"Feature","id":"ais_par3.145959","geometry":{"type":"Polygon","coordinates":[[[10.3396,54.8978],[10.3395,54.8979],[10.3396,54.8979],[10.3397,54.8979],[10.3397,54.8979],[10.3397,54.8979],[10.3396,54.8978],[10.3396,54.8978]]]},"properties":{"sourceId":"ais_par3.145959","a_type":5120,"hectares":0.008}},{"type":"Feature","id":"ais_par3.145960","geometry":{"type":"Polygon","coordinates":[[[10.3413,54.896],[10.3412,54.896],[10.3412,54.8961],[10.3412,54.896],[10.3411,54.896],[10.3411,54.8961],[10.341,54.8961],[10.341,54.8962],[10.341,54.8962],[10.341,54.8962],[10.3411,54.8963],[10.3412,54.8963],[10.3412,54.8965],[10.3412,54.8965],[10.3413,54.8965],[10.3414,54.8966],[10.3415,54.8966],[10.3416,54.8966],[10.3417,54.8965],[10.3418,54.8964],[10.3419,54.8964],[10.3419,54.8963],[10.3419,54.8962],[10.3419,54.8962],[10.3419,54.8962],[10.3419,54.8961],[10.342,54.8961],[10.3419,54.896],[10.3418,54.8959],[10.3417,54.8959],[10.3416,54.8959],[10.3416,54.8959],[10.3415,54.896],[10.3414,54.896],[10.3413,54.896]]]},"properties":{"sourceId":"ais_par3.145960","a_type":5120,"hectares":0.322}},{"type":"Feature","id":"ais_par3.145961","geometry":{"type":"Polygon","coordinates":[[[10.3388,54.8886],[10.3388,54.8886],[10.3387,54.8887],[10.3387,54.8887],[10.3387,54.8887],[10.3387,54.8887],[10.3387,54.8888],[10.3386,54.8889],[10.3386,54.8889],[10.3387,54.889],[10.3388,54.889],[10.3388,54.889],[10.3389,54.8891],[10.339,54.889],[10.3391,54.889],[10.3392,54.8889],[10.3393,54.8889],[10.3392,54.8888],[10.3391,54.8888],[10.339,54.8887],[10.3389,54.8887],[10.3389,54.8886],[10.3388,54.8886]]]},"properties":{"sourceId":"ais_par3.145961","a_type":5120,"hectares":0.125}},{"type":"Feature","id":"ais_par3.145891","geometry":{"type":"Polygon","coordinates":[[[10.239,54.9422],[10.2389,54.9422],[10.2389,54.9423],[10.2388,54.9423],[10.2386,54.9425],[10.2383,54.9428],[10.2381,54.9429],[10.2379,54.943],[10.2378,54.9431],[10.2377,54.9432],[10.2376,54.9432],[10.2376,54.9432],[10.2375,54.9433],[10.2374,54.9434],[10.2372,54.9435],[10.2371,54.9435],[10.237,54.9436],[10.2369,54.9437],[10.2367,54.9438],[10.2366,54.9439],[10.2382,54.9429],[10.239,54.9422]]]},"properties":{"sourceId":"ais_par3.145891","a_type":4210,"hectares":0.113}},{"type":"Feature","id":"ais_par3.145892","geometry":{"type":"Polygon","coordinates":[[[10.2531,54.9277],[10.2531,54.9277],[10.2528,54.9277],[10.2524,54.9277],[10.2518,54.9276],[10.2513,54.9275],[10.2502,54.9272],[10.2497,54.9272],[10.2497,54.9272],[10.2495,54.9271],[10.2493,54.927],[10.2491,54.9269],[10.2491,54.9269],[10.2485,54.9264],[10.2477,54.9256],[10.2476,54.9254],[10.2475,54.9253],[10.2473,54.9252],[10.2472,54.9251],[10.2471,54.9251],[10.2471,54.925],[10.2472,54.9249],[10.2472,54.9248],[10.2472,54.9248],[10.2471,54.9247],[10.2468,54.9247],[10.2465,54.9246],[10.2462,54.9246],[10.246,54.9245],[10.2459,54.9245],[10.246,54.9244],[10.2459,54.9243],[10.2458,54.9242],[10.2458,54.9241],[10.2458,54.924],[10.2467,54.9241],[10.247,54.9244],[10.2472,54.9246],[10.2473,54.9246],[10.2477,54.9247],[10.2481,54.9247],[10.2481,54.9248],[10.2482,54.9247],[10.2483,54.9247],[10.2485,54.9247],[10.2486,54.9248],[10.2486,54.9247],[10.2485,54.9246],[10.2484,54.9245],[10.2483,54.9243],[10.2481,54.9242],[10.2482,54.9241],[10.2486,54.9241],[10.2483,54.9236],[10.2478,54.9232],[10.2476,54.9229],[10.2473,54.9226],[10.2469,54.9222],[10.2466,54.9223],[10.2458,54.9224],[10.2452,54.9225],[10.2447,54.9226],[10.2441,54.9227],[10.2441,54.9227],[10.2441,54.9229],[10.2441,54.9229],[10.2441,54.923],[10.244,54.9233],[10.244,54.9236],[10.244,54.9237],[10.2439,54.9239],[10.2437,54.9241],[10.2437,54.9241],[10.2436,54.9242],[10.2434,54.9243],[10.243,54.9246],[10.2431,54.9249],[10.2433,54.9254],[10.2439,54.9261],[10.2442,54.9271],[10.2443,54.9278],[10.2441,54.9298],[10.2441,54.9308],[10.2439,54.9324],[10.2437,54.933],[10.2431,54.9348],[10.2411,54.9393],[10.241,54.9397],[10.2403,54.9405],[10.2398,54.9409],[10.2399,54.941],[10.2399,54.941],[10.2399,54.9411],[10.2398,54.9412],[10.2397,54.9414],[10.2395,54.9418],[10.2394,54.9419],[10.2392,54.942],[10.239,54.9422],[10.239,54.9422],[10.2395,54.9419],[10.2406,54.9409],[10.2413,54.9402],[10.2419,54.9397],[10.2425,54.9391],[10.2434,54.9379],[10.2443,54.937],[10.2449,54.9367],[10.2449,54.9366],[10.2448,54.9366],[10.2444,54.9365],[10.2437,54.9363],[10.2437,54.9363],[10.2435,54.9362],[10.2437,54.936],[10.2439,54.9354],[10.244,54.9351],[10.2442,54.9347],[10.2443,54.9343],[10.2443,54.9339],[10.2444,54.9339],[10.2444,54.9337],[10.2445,54.9336],[10.2446,54.9334],[10.2447,54.9332],[10.2447,54.9329],[10.245,54.9329],[10.2453,54.9331],[10.2455,54.9331],[10.2456,54.9332],[10.246,54.9334],[10.2464,54.9336],[10.2475,54.9331],[10.2474,54.933],[10.2474,54.933],[10.2473,54.933],[10.2472,54.933],[10.2471,54.933],[10.2468,54.933],[10.2465,54.933],[10.2463,54.933],[10.2461,54.933],[10.2459,54.933],[10.2457,54.9329],[10.2456,54.9328],[10.2457,54.9328],[10.2456,54.9326],[10.2456,54.9325],[10.2456,54.9324],[10.2456,54.9323],[10.2456,54.9323],[10.2456,54.9321],[10.2456,54.932],[10.2456,54.9319],[10.2456,54.9318],[10.2456,54.9318],[10.2457,54.9318],[10.2457,54.9318],[10.2457,54.9319],[10.2457,54.932],[10.2457,54.9321],[10.2458,54.9322],[10.2459,54.9323],[10.246,54.9323],[10.2462,54.9323],[10.2464,54.9324],[10.2465,54.9324],[10.2466,54.9324],[10.2468,54.9324],[10.2469,54.9324],[10.247,54.9324],[10.247,54.9325],[10.2468,54.9325],[10.2466,54.9326],[10.2467,54.9326],[10.2469,54.9326],[10.247,54.9327],[10.2471,54.9327],[10.2472,54.9327],[10.2473,54.9327],[10.2474,54.9327],[10.2475,54.9328],[10.2476,54.9328],[10.2476,54.9327],[10.2477,54.9327],[10.2478,54.9327],[10.2479,54.9327],[10.2478,54.9327],[10.2477,54.9327],[10.2475,54.9327],[10.2474,54.9327],[10.2473,54.9325],[10.2477,54.9324],[10.2479,54.9324],[10.2481,54.9323],[10.2484,54.9322],[10.2488,54.9321],[10.2491,54.9321],[10.2492,54.9321],[10.249,54.9318],[10.2493,54.9308],[10.2499,54.9302],[10.2501,54.9301],[10.2502,54.93],[10.2515,54.9296],[10.2529,54.9291],[10.2529,54.9291],[10.2528,54.9289],[10.2528,54.9289],[10.2529,54.9284],[10.253,54.9279],[10.2531,54.9277]],[[10.2449,54.9264],[10.2449,54.9262],[10.2449,54.926],[10.245,54.9259],[10.245,54.9258],[10.2449,54.9257],[10.2448,54.9256],[10.2448,54.9256],[10.2449,54.9255],[10.245,54.9255],[10.2451,54.9256],[10.2452,54.9257],[10.2453,54.9256],[10.2453,54.9255],[10.2454,54.9254],[10.2455,54.9254],[10.2456,54.9254],[10.2457,54.9254],[10.2458,54.9256],[10.2459,54.9257],[10.2478,54.9259],[10.2479,54.926],[10.2481,54.9261],[10.2482,54.9263],[10.2486,54.9267],[10.2488,54.9268],[10.2489,54.927],[10.249,54.9271],[10.2491,54.9271],[10.2492,54.9271],[10.2494,54.9272],[10.2495,54.9272],[10.2497,54.9273],[10.2473,54.928],[10.2472,54.9279],[10.247,54.9277],[10.2468,54.9276],[10.2466,54.9274],[10.2463,54.9273],[10.246,54.9273],[10.2455,54.9273],[10.2452,54.9273],[10.2451,54.9274],[10.2449,54.9264]],[[10.2456,54.9284],[10.2456,54.9283],[10.2455,54.9283],[10.2454,54.9282],[10.2455,54.9281],[10.2455,54.928],[10.2455,54.928],[10.2454,54.9279],[10.2454,54.9279],[10.2454,54.9278],[10.2454,54.9278],[10.2454,54.9278],[10.2454,54.9277],[10.2454,54.9277],[10.2454,54.9276],[10.2455,54.9276],[10.2455,54.9276],[10.2455,54.9276],[10.2456,54.9275],[10.2456,54.9275],[10.2457,54.9275],[10.2457,54.9275],[10.2458,54.9275],[10.2459,54.9275],[10.2459,54.9275],[10.246,54.9275],[10.2462,54.9275],[10.2463,54.9276],[10.2463,54.9276],[10.2464,54.9276],[10.2464,54.9276],[10.2464,54.9276],[10.2464,54.9276],[10.2464,54.9276],[10.2465,54.9277],[10.2466,54.9277],[10.2467,54.9278],[10.247,54.928],[10.2471,54.9281],[10.2472,54.9283],[10.2473,54.9283],[10.2474,54.9284],[10.2475,54.9285],[10.2475,54.9285],[10.2478,54.9286],[10.2478,54.9286],[10.2478,54.9287],[10.2479,54.9287],[10.2479,54.9288],[10.2479,54.9289],[10.2479,54.9289],[10.2479,54.929],[10.2478,54.929],[10.2478,54.929],[10.2477,54.9289],[10.2476,54.9289],[10.2475,54.9289],[10.2474,54.9289],[10.2473,54.9288],[10.2472,54.9288],[10.2471,54.9288],[10.2471,54.9288],[10.2469,54.9288],[10.2467,54.9287],[10.2465,54.9286],[10.2461,54.9284],[10.246,54.9284],[10.2459,54.9284],[10.2458,54.9285],[10.2457,54.9285],[10.2458,54.9285],[10.2458,54.9285],[10.2459,54.9286],[10.246,54.9286],[10.2462,54.9287],[10.2463,54.9287],[10.2463,54.9288],[10.2464,54.9289],[10.2463,54.9289],[10.2462,54.9289],[10.246,54.9289],[10.2459,54.9289],[10.2457,54.9288],[10.2457,54.9288],[10.2456,54.9287],[10.2456,54.9287],[10.2456,54.9287],[10.2456,54.9287],[10.2456,54.9286],[10.2456,54.9286],[10.2456,54.9285],[10.2456,54.9285],[10.2456,54.9285],[10.2456,54.9284],[10.2456,54.9284]],[[10.2512,54.9279],[10.2511,54.9281],[10.251,54.9282],[10.2508,54.9282],[10.2507,54.9283],[10.2504,54.9282],[10.2501,54.9282],[10.25,54.9281],[10.2499,54.928],[10.2498,54.928],[10.2494,54.9281],[10.249,54.9278],[10.2491,54.9277],[10.2491,54.9276],[10.2493,54.9275],[10.2494,54.9275],[10.2497,54.9274],[10.2499,54.9274],[10.2502,54.9274],[10.2505,54.9275],[10.251,54.9275],[10.2511,54.9276],[10.2512,54.9276],[10.2513,54.9277],[10.2512,54.9279]],[[10.2502,54.9293],[10.2502,54.9293],[10.2501,54.9293],[10.2501,54.9292],[10.2501,54.9292],[10.25,54.9292],[10.25,54.9292],[10.2499,54.9291],[10.2499,54.9291],[10.2499,54.929],[10.2499,54.929],[10.2499,54.929],[10.2498,54.9289],[10.2498,54.9288],[10.2498,54.9288],[10.2497,54.9288],[10.2497,54.9287],[10.2497,54.9287],[10.2497,54.9287],[10.2497,54.9287],[10.2497,54.9288],[10.2496,54.9288],[10.2496,54.9288],[10.2496,54.9288],[10.2497,54.9289],[10.2497,54.9289],[10.2497,54.929],[10.2498,54.929],[10.2497,54.9291],[10.2497,54.9291],[10.2496,54.9291],[10.2496,54.9291],[10.2495,54.9291],[10.2494,54.929],[10.2494,54.929],[10.2493,54.9289],[10.2492,54.9289],[10.2492,54.9289],[10.2491,54.9289],[10.2491,54.9289],[10.2491,54.9289],[10.2491,54.929],[10.2491,54.929],[10.2491,54.929],[10.2491,54.929],[10.2491,54.9291],[10.2492,54.9291],[10.2492,54.9291],[10.2491,54.9292],[10.2491,54.9292],[10.2491,54.9292],[10.249,54.9291],[10.2489,54.929],[10.2489,54.929],[10.2488,54.9289],[10.2488,54.9289],[10.2488,54.9288],[10.2488,54.9288],[10.2488,54.9288],[10.2487,54.9288],[10.2486,54.9287],[10.2486,54.9287],[10.2486,54.9286],[10.2487,54.9286],[10.2488,54.9287],[10.2488,54.9287],[10.2489,54.9288],[10.249,54.9288],[10.249,54.9288],[10.2491,54.9288],[10.2491,54.9288],[10.2491,54.9287],[10.2491,54.9287],[10.2492,54.9287],[10.2492,54.9287],[10.2491,54.9287],[10.249,54.9286],[10.249,54.9286],[10.249,54.9285],[10.2489,54.9285],[10.2489,54.9285],[10.2489,54.9285],[10.249,54.9284],[10.2492,54.9284],[10.2493,54.9283],[10.2493,54.9283],[10.2494,54.9283],[10.2494,54.9283],[10.2495,54.9284],[10.2496,54.9284],[10.2497,54.9285],[10.2498,54.9285],[10.2498,54.9286],[10.2498,54.9286],[10.2499,54.9286],[10.2499,54.9286],[10.2499,54.9286],[10.2503,54.9288],[10.2503,54.9288],[10.2504,54.9288],[10.2506,54.9289],[10.2506,54.929],[10.2506,54.929],[10.2507,54.9291],[10.2507,54.9291],[10.2507,54.9292],[10.2507,54.9292],[10.2507,54.9292],[10.2507,54.9293],[10.2506,54.9292],[10.2506,54.9292],[10.2505,54.9292],[10.2504,54.9291],[10.2503,54.929],[10.2503,54.9289],[10.2502,54.9289],[10.2502,54.9289],[10.2502,54.9289],[10.25,54.9288],[10.25,54.9288],[10.25,54.9288],[10.2501,54.929],[10.2502,54.9291],[10.2503,54.9292],[10.2503,54.9292],[10.2503,54.9293],[10.2503,54.9293],[10.2502,54.9293],[10.2502,54.9293]],[[10.2493,54.9282],[10.2492,54.9282],[10.2492,54.9283],[10.2491,54.9283],[10.2489,54.9284],[10.2489,54.9284],[10.2489,54.9284],[10.2489,54.9284],[10.2488,54.9284],[10.2488,54.9284],[10.2487,54.9284],[10.2486,54.9285],[10.2485,54.9285],[10.2485,54.9285],[10.2484,54.9285],[10.2484,54.9285],[10.2483,54.9285],[10.2482,54.9284],[10.2482,54.9284],[10.2481,54.9283],[10.248,54.9282],[10.248,54.9282],[10.2479,54.9282],[10.2479,54.9281],[10.248,54.9281],[10.248,54.928],[10.2481,54.928],[10.2482,54.928],[10.2482,54.928],[10.2483,54.928],[10.2483,54.9279],[10.2484,54.9279],[10.2485,54.9279],[10.2486,54.9279],[10.2486,54.9278],[10.2487,54.9278],[10.2488,54.9278],[10.2489,54.9277],[10.2489,54.9278],[10.2489,54.9278],[10.249,54.9279],[10.249,54.9279],[10.249,54.9279],[10.2491,54.9279],[10.2491,54.928],[10.2492,54.9281],[10.2493,54.9281],[10.2493,54.9282],[10.2493,54.9282],[10.2493,54.9282],[10.2493,54.9282]],[[10.2467,54.9305],[10.2465,54.9305],[10.2463,54.9304],[10.2461,54.9304],[10.2459,54.9304],[10.2457,54.9304],[10.2455,54.9303],[10.2455,54.9302],[10.2456,54.9301],[10.2457,54.9301],[10.2459,54.9301],[10.2462,54.9302],[10.2463,54.9302],[10.2465,54.9303],[10.2467,54.9303],[10.2469,54.9304],[10.247,54.9304],[10.2471,54.9304],[10.2473,54.9304],[10.2474,54.9304],[10.2474,54.9303],[10.2474,54.9303],[10.2474,54.9302],[10.2475,54.9301],[10.2477,54.9301],[10.2477,54.9301],[10.2478,54.9302],[10.2477,54.9303],[10.2477,54.9304],[10.2477,54.9305],[10.2476,54.9306],[10.2475,54.9306],[10.2475,54.9306],[10.2474,54.9306],[10.2472,54.9306],[10.2472,54.9306],[10.2471,54.9306],[10.2471,54.9305],[10.247,54.9305],[10.2468,54.9305],[10.2467,54.9305]],[[10.2447,54.9244],[10.2453,54.9245],[10.245,54.9252],[10.2448,54.9251],[10.2447,54.9244]]]},"properties":{"sourceId":"ais_par3.145892","a_type":4210,"hectares":38.977}},{"type":"Feature","id":"ais_par3.145900","geometry":{"type":"Polygon","coordinates":[[[10.4486,54.8622],[10.4497,54.8627],[10.45,54.8629],[10.4501,54.8629],[10.4502,54.863],[10.4502,54.863],[10.4502,54.863],[10.4506,54.8632],[10.4508,54.8633],[10.4514,54.8636],[10.4514,54.8636],[10.4514,54.8636],[10.4514,54.8635],[10.4515,54.8635],[10.4515,54.8634],[10.4516,54.8633],[10.4516,54.8632],[10.4517,54.8632],[10.4519,54.8628],[10.452,54.8627],[10.4521,54.8625],[10.4522,54.8624],[10.4522,54.8623],[10.4522,54.8622],[10.4522,54.8621],[10.4522,54.862],[10.4522,54.862],[10.4522,54.8619],[10.4521,54.8618],[10.452,54.8617],[10.4518,54.8615],[10.4517,54.8615],[10.4516,54.8614],[10.4516,54.8614],[10.4516,54.8614],[10.4516,54.8614],[10.4515,54.8613],[10.4514,54.8613],[10.4513,54.8613],[10.4512,54.8613],[10.4511,54.8613],[10.451,54.8613],[10.4509,54.8614],[10.4507,54.8614],[10.4506,54.8614],[10.4506,54.8614],[10.4505,54.8614],[10.4505,54.8614],[10.4504,54.8615],[10.4503,54.8615],[10.4502,54.8615],[10.4501,54.8616],[10.45,54.8616],[10.45,54.8616],[10.4499,54.8616],[10.4499,54.8616],[10.449,54.862],[10.4486,54.8622]],[[10.4508,54.8632],[10.4508,54.8632],[10.4508,54.8631],[10.4508,54.8631],[10.4509,54.863],[10.4509,54.8629],[10.451,54.8628],[10.451,54.8628],[10.4511,54.8628],[10.4511,54.8629],[10.4511,54.8629],[10.4512,54.8629],[10.4512,54.863],[10.4511,54.863],[10.4511,54.8631],[10.451,54.8632],[10.451,54.8632],[10.451,54.8632],[10.451,54.8632],[10.4509,54.8632],[10.4509,54.8632],[10.4508,54.8632]],[[10.4502,54.8629],[10.4502,54.8629],[10.4501,54.8629],[10.4502,54.8628],[10.4503,54.8628],[10.4503,54.8627],[10.4504,54.8627],[10.4505,54.8627],[10.4506,54.8628],[10.4506,54.8628],[10.4505,54.8628],[10.4505,54.8629],[10.4505,54.8629],[10.4504,54.863],[10.4504,54.863],[10.4503,54.863],[10.4503,54.863],[10.4502,54.8629],[10.4502,54.8629]],[[10.4513,54.8634],[10.4513,54.8634],[10.4512,54.8634],[10.4513,54.8633],[10.4513,54.8632],[10.4514,54.8632],[10.4514,54.8631],[10.4516,54.8631],[10.4516,54.8631],[10.4516,54.8631],[10.4516,54.8632],[10.4516,54.8632],[10.4516,54.8633],[10.4515,54.8633],[10.4514,54.8633],[10.4514,54.8634],[10.4513,54.8634],[10.4513,54.8634]]]},"properties":{"sourceId":"ais_par3.145900","a_type":4210,"hectares":3.081}},{"type":"Feature","id":"ais_par3.145902","geometry":{"type":"Polygon","coordinates":[[[10.4463,54.8638],[10.4466,54.8637],[10.4467,54.8637],[10.4468,54.8636],[10.4469,54.8635],[10.4469,54.8635],[10.447,54.8635],[10.447,54.8634],[10.447,54.8634],[10.4471,54.8634],[10.4471,54.8634],[10.4471,54.8634],[10.4471,54.8633],[10.4472,54.8632],[10.4473,54.8631],[10.4474,54.8629],[10.4474,54.8629],[10.4474,54.8628],[10.4475,54.8627],[10.4475,54.8627],[10.4476,54.8627],[10.4477,54.8626],[10.4478,54.8625],[10.4479,54.8625],[10.4479,54.8625],[10.4482,54.8623],[10.4476,54.8623],[10.4476,54.8624],[10.4476,54.8624],[10.4474,54.8625],[10.4473,54.8626],[10.4471,54.8628],[10.4468,54.863],[10.4463,54.8633],[10.4448,54.8638],[10.445,54.864],[10.4448,54.8641],[10.4445,54.8641],[10.4437,54.8642],[10.4439,54.8643],[10.4439,54.8643],[10.4438,54.8643],[10.4437,54.8643],[10.4437,54.8644],[10.4438,54.8644],[10.4439,54.8644],[10.4441,54.8644],[10.4443,54.8644],[10.4444,54.8643],[10.4445,54.8643],[10.4446,54.8643],[10.4447,54.8643],[10.4449,54.8642],[10.4453,54.8641],[10.4454,54.864],[10.4455,54.864],[10.4457,54.8639],[10.4457,54.8639],[10.4459,54.8639],[10.446,54.8638],[10.4461,54.8638],[10.4463,54.8638]],[[10.4473,54.8629],[10.4472,54.863],[10.4471,54.8631],[10.447,54.863],[10.447,54.863],[10.4471,54.8629],[10.4472,54.8629],[10.4473,54.8629],[10.4473,54.8629]]]},"properties":{"sourceId":"ais_par3.145902","a_type":4210,"hectares":1.12}},{"type":"Feature","id":"ais_par3.145903","geometry":{"type":"Polygon","coordinates":[[[10.4483,54.8623],[10.4486,54.8622],[10.4484,54.8623],[10.4483,54.8623]]]},"properties":{"sourceId":"ais_par3.145903","a_type":4210,"hectares":0.002}},{"type":"Feature","id":"ais_par3.145906","geometry":{"type":"Polygon","coordinates":[[[10.2985,54.8975],[10.2984,54.8975],[10.2984,54.8976],[10.2984,54.8976],[10.2984,54.8977],[10.2984,54.8978],[10.2985,54.8979],[10.2986,54.8979],[10.2986,54.8979],[10.2987,54.8979],[10.2987,54.8978],[10.2988,54.8978],[10.2988,54.8978],[10.2988,54.8977],[10.2989,54.8976],[10.2989,54.8976],[10.2988,54.8976],[10.2988,54.8975],[10.2987,54.8975],[10.2986,54.8975],[10.2985,54.8975]]]},"properties":{"sourceId":"ais_par3.145906","a_type":5120,"hectares":0.121}},{"type":"Feature","id":"ais_par3.145907","geometry":{"type":"Polygon","coordinates":[[[10.3002,54.8967],[10.3002,54.8968],[10.3001,54.8968],[10.3001,54.8968],[10.3002,54.8969],[10.3003,54.8969],[10.3004,54.8968],[10.3004,54.8968],[10.3004,54.8968],[10.3005,54.8968],[10.3005,54.8968],[10.3005,54.8967],[10.3004,54.8967],[10.3004,54.8967],[10.3004,54.8967],[10.3003,54.8966],[10.3003,54.8967],[10.3002,54.8967]]]},"properties":{"sourceId":"ais_par3.145907","a_type":5120,"hectares":0.037}},{"type":"Feature","id":"ais_par3.145908","geometry":{"type":"Polygon","coordinates":[[[10.2997,54.8963],[10.2996,54.8963],[10.2996,54.8963],[10.2995,54.8963],[10.2995,54.8964],[10.2995,54.8964],[10.2996,54.8964],[10.2996,54.8964],[10.2997,54.8964],[10.2999,54.8963],[10.2999,54.8963],[10.3,54.8962],[10.2999,54.8963],[10.2998,54.8963],[10.2997,54.8963]]]},"properties":{"sourceId":"ais_par3.145908","a_type":5120,"hectares":0.027}},{"type":"Feature","id":"ais_par3.145909","geometry":{"type":"Polygon","coordinates":[[[10.3012,54.8955],[10.3011,54.8955],[10.3008,54.8956],[10.3007,54.8957],[10.3006,54.8958],[10.3005,54.8959],[10.3005,54.896],[10.3006,54.896],[10.3006,54.896],[10.3007,54.896],[10.3009,54.8959],[10.3012,54.8958],[10.3014,54.8957],[10.3016,54.8957],[10.3017,54.8956],[10.3018,54.8955],[10.3018,54.8954],[10.3017,54.8954],[10.3016,54.8954],[10.3015,54.8954],[10.3014,54.8954],[10.3014,54.8954],[10.3013,54.8954],[10.3013,54.8955],[10.3012,54.8955]]]},"properties":{"sourceId":"ais_par3.145909","a_type":5120,"hectares":0.243}},{"type":"Feature","id":"ais_par3.145910","geometry":{"type":"Polygon","coordinates":[[[10.3128,54.8927],[10.3128,54.8927],[10.3127,54.8927],[10.3127,54.8927],[10.3126,54.8927],[10.3126,54.8927],[10.3126,54.8928],[10.3126,54.8928],[10.3127,54.8928],[10.3127,54.8928],[10.3127,54.8929],[10.3127,54.8929],[10.3128,54.8929],[10.3128,54.893],[10.3129,54.893],[10.3129,54.893],[10.3131,54.893],[10.3131,54.893],[10.3131,54.893],[10.3131,54.8929],[10.3131,54.8929],[10.3131,54.8928],[10.313,54.8928],[10.313,54.8928],[10.313,54.8928],[10.3129,54.8927],[10.3129,54.8927],[10.3128,54.8927],[10.3128,54.8927]]]},"properties":{"sourceId":"ais_par3.145910","a_type":5120,"hectares":0.075}},{"type":"Feature","id":"ais_par3.145919","geometry":{"type":"Polygon","coordinates":[[[10.4102,54.9007],[10.41,54.9007],[10.4097,54.9009],[10.4097,54.9011],[10.4097,54.9011],[10.4097,54.9011],[10.4097,54.9011],[10.4098,54.9012],[10.4098,54.9013],[10.4099,54.9014],[10.4099,54.9015],[10.4099,54.9016],[10.4098,54.9017],[10.4098,54.9017],[10.4096,54.9018],[10.4096,54.902],[10.4094,54.9022],[10.4094,54.9024],[10.4096,54.9027],[10.4096,54.9027],[10.4096,54.9027],[10.4098,54.9028],[10.4099,54.9028],[10.4099,54.9028],[10.41,54.9029],[10.4101,54.9029],[10.4101,54.903],[10.4102,54.903],[10.4102,54.9031],[10.4103,54.9031],[10.4102,54.9032],[10.4102,54.9032],[10.4101,54.9032],[10.4101,54.9032],[10.4101,54.9031],[10.41,54.9031],[10.4099,54.9031],[10.4099,54.9031],[10.4098,54.9032],[10.4098,54.9032],[10.4097,54.9031],[10.4096,54.9031],[10.4095,54.9031],[10.4094,54.903],[10.4093,54.903],[10.4093,54.9029],[10.4092,54.9029],[10.4092,54.903],[10.4091,54.9029],[10.4091,54.9029],[10.409,54.9028],[10.409,54.9028],[10.4089,54.9027],[10.4088,54.9027],[10.4087,54.9027],[10.4087,54.9026],[10.4086,54.9026],[10.4085,54.9025],[10.4085,54.9025],[10.4084,54.9024],[10.4082,54.9023],[10.4082,54.9023],[10.4082,54.9024],[10.4082,54.9024],[10.4082,54.9025],[10.4082,54.9026],[10.4082,54.9026],[10.4083,54.9027],[10.4083,54.9027],[10.4085,54.9028],[10.4085,54.9029],[10.4086,54.9029],[10.4086,54.903],[10.4086,54.903],[10.4088,54.9031],[10.4089,54.9031],[10.409,54.9032],[10.4092,54.9035],[10.4098,54.9036],[10.4099,54.9036],[10.4101,54.9034],[10.4101,54.9034],[10.4101,54.9033],[10.4101,54.9033],[10.4102,54.9033],[10.4103,54.9033],[10.4103,54.9033],[10.4104,54.9033],[10.4104,54.9033],[10.4104,54.9034],[10.4104,54.9034],[10.4105,54.9034],[10.4106,54.9034],[10.4106,54.9033],[10.4107,54.9033],[10.4107,54.9033],[10.4108,54.9033],[10.4108,54.9033],[10.4109,54.9033],[10.4109,54.9033],[10.411,54.9032],[10.4111,54.9032],[10.4112,54.9032],[10.4113,54.9032],[10.4114,54.9032],[10.4116,54.9032],[10.4117,54.9031],[10.4118,54.9031],[10.4119,54.903],[10.412,54.9029],[10.412,54.9029],[10.4119,54.9028],[10.4118,54.9028],[10.4117,54.9028],[10.4116,54.9028],[10.4115,54.9028],[10.4115,54.9027],[10.4115,54.9027],[10.4109,54.9027],[10.4108,54.9026],[10.4107,54.9025],[10.4107,54.9023],[10.4108,54.9022],[10.4108,54.9022],[10.4107,54.902],[10.4106,54.9019],[10.4106,54.9018],[10.4106,54.9017],[10.4106,54.9017],[10.4106,54.9016],[10.4108,54.9014],[10.4108,54.9014],[10.4108,54.9014],[10.4108,54.9013],[10.4108,54.9013],[10.4108,54.9013],[10.4108,54.9012],[10.4107,54.9011],[10.4107,54.9011],[10.4106,54.9011],[10.4105,54.9011],[10.4104,54.9011],[10.4103,54.901],[10.4103,54.901],[10.4103,54.901],[10.4103,54.9008],[10.4102,54.9007]]]},"properties":{"sourceId":"ais_par3.145919","a_type":5120,"hectares":2.658}},{"type":"Feature","id":"ais_par3.145920","geometry":{"type":"Polygon","coordinates":[[[10.411,54.8984],[10.4109,54.8984],[10.4111,54.8984],[10.4111,54.8985],[10.4111,54.8985],[10.4112,54.8985],[10.4113,54.8984],[10.4112,54.8984],[10.4112,54.8984],[10.4111,54.8983],[10.411,54.8983],[10.411,54.8984]]]},"properties":{"sourceId":"ais_par3.145920","a_type":5120,"hectares":0.023}},{"type":"Feature","id":"ais_par3.145921","geometry":{"type":"Polygon","coordinates":[[[10.4076,54.8991],[10.4075,54.8992],[10.4073,54.8994],[10.4073,54.8994],[10.4072,54.8995],[10.4073,54.8995],[10.4076,54.8994],[10.4078,54.8993],[10.408,54.8993],[10.4081,54.8992],[10.4082,54.8991],[10.4082,54.8991],[10.4082,54.899],[10.4081,54.899],[10.4079,54.8991],[10.4076,54.8991]]]},"properties":{"sourceId":"ais_par3.145921","a_type":5120,"hectares":0.149}},{"type":"Feature","id":"ais_par3.145922","geometry":{"type":"Polygon","coordinates":[[[10.4065,54.8987],[10.4064,54.8987],[10.4064,54.8987],[10.4063,54.8987],[10.4063,54.8987],[10.4063,54.8988],[10.4063,54.8988],[10.4063,54.8989],[10.4063,54.8989],[10.4063,54.8989],[10.4063,54.899],[10.4063,54.899],[10.4063,54.899],[10.4064,54.8991],[10.4064,54.8991],[10.4065,54.8991],[10.4067,54.8991],[10.4068,54.8991],[10.4068,54.8991],[10.4069,54.899],[10.407,54.899],[10.407,54.8989],[10.4069,54.8989],[10.4069,54.8989],[10.4068,54.8989],[10.4067,54.8988],[10.4067,54.8988],[10.4066,54.8988],[10.4066,54.8987],[10.4066,54.8987],[10.4065,54.8987],[10.4065,54.8987]]]},"properties":{"sourceId":"ais_par3.145922","a_type":5120,"hectares":0.145}},{"type":"Feature","id":"ais_par3.145923","geometry":{"type":"Polygon","coordinates":[[[10.4022,54.8959],[10.4021,54.8959],[10.402,54.896],[10.4019,54.896],[10.4018,54.896],[10.4017,54.896],[10.4017,54.896],[10.4016,54.8961],[10.4016,54.8961],[10.4016,54.8962],[10.4016,54.8962],[10.4016,54.8962],[10.4017,54.8962],[10.4018,54.8962],[10.4018,54.8962],[10.4019,54.8962],[10.402,54.8962],[10.402,54.8962],[10.4021,54.8962],[10.4022,54.8962],[10.4022,54.8962],[10.4022,54.8962],[10.4022,54.8963],[10.4022,54.8963],[10.4021,54.8963],[10.4021,54.8963],[10.4021,54.8964],[10.4022,54.8964],[10.4023,54.8964],[10.4023,54.8965],[10.4024,54.8965],[10.4025,54.8965],[10.4026,54.8965],[10.4028,54.8964],[10.4029,54.8964],[10.403,54.8964],[10.403,54.8964],[10.4031,54.8964],[10.4031,54.8964],[10.4031,54.8963],[10.4031,54.8963],[10.4031,54.8962],[10.403,54.8962],[10.403,54.8962],[10.403,54.8962],[10.4029,54.8961],[10.4029,54.8961],[10.4028,54.896],[10.4028,54.896],[10.4027,54.896],[10.4027,54.896],[10.4027,54.896],[10.4026,54.8959],[10.4026,54.8959],[10.4025,54.8959],[10.4025,54.8959],[10.4024,54.8959],[10.4023,54.8959],[10.4022,54.8959]]]},"properties":{"sourceId":"ais_par3.145923","a_type":5120,"hectares":0.394}},{"type":"Feature","id":"ais_par3.145924","geometry":{"type":"Polygon","coordinates":[[[10.4232,54.8985],[10.4231,54.8985],[10.423,54.8985],[10.423,54.8986],[10.423,54.8986],[10.423,54.8986],[10.4231,54.8986],[10.4231,54.8987],[10.4231,54.8987],[10.4232,54.8987],[10.4232,54.8987],[10.4233,54.8987],[10.4233,54.8987],[10.4234,54.8986],[10.4234,54.8986],[10.4234,54.8986],[10.4233,54.8985],[10.4233,54.8985],[10.4232,54.8985]]]},"properties":{"sourceId":"ais_par3.145924","a_type":5120,"hectares":0.042}},{"type":"Feature","id":"ais_par3.145925","geometry":{"type":"Polygon","coordinates":[[[10.426,54.8957],[10.4259,54.8957],[10.4257,54.8958],[10.4257,54.8959],[10.4258,54.896],[10.4259,54.8962],[10.426,54.8963],[10.4263,54.8963],[10.4265,54.8963],[10.4268,54.8961],[10.4269,54.896],[10.4269,54.896],[10.4267,54.8959],[10.4266,54.8959],[10.4265,54.8958],[10.4263,54.8957],[10.4262,54.8957],[10.426,54.8957]]]},"properties":{"sourceId":"ais_par3.145925","a_type":5120,"hectares":0.359}},{"type":"Feature","id":"ais_par3.145926","geometry":{"type":"Polygon","coordinates":[[[10.2176,54.9681],[10.2175,54.9681],[10.2175,54.9681],[10.2177,54.9681],[10.2177,54.9681],[10.2176,54.9681]]]},"properties":{"sourceId":"ais_par3.145926","a_type":5120,"hectares":0.001}},{"type":"Feature","id":"ais_par3.145927","geometry":{"type":"Polygon","coordinates":[[[10.2172,54.9681],[10.2171,54.9681],[10.2171,54.9681],[10.2171,54.9682],[10.2171,54.9682],[10.2172,54.9683],[10.2172,54.9683],[10.2172,54.9683],[10.2173,54.9683],[10.2172,54.9683],[10.2172,54.9681]]]},"properties":{"sourceId":"ais_par3.145927","a_type":5120,"hectares":0.013}},{"type":"Feature","id":"ais_par3.145928","geometry":{"type":"Polygon","coordinates":[[[10.2179,54.9682],[10.2178,54.9681],[10.2178,54.9681],[10.2177,54.9681],[10.2179,54.9682]]]},"properties":{"sourceId":"ais_par3.145928","a_type":5120,"hectares":0.001}},{"type":"Feature","id":"ais_par3.145929","geometry":{"type":"Polygon","coordinates":[[[10.2191,54.9679],[10.219,54.9679],[10.2189,54.9679],[10.2191,54.9679]]]},"properties":{"sourceId":"ais_par3.145929","a_type":5120,"hectares":0.001}},{"type":"Feature","id":"ais_par3.145930","geometry":{"type":"Polygon","coordinates":[[[10.2189,54.968],[10.2189,54.968],[10.2188,54.9681],[10.219,54.9681],[10.219,54.9681],[10.2189,54.968],[10.2189,54.968]]]},"properties":{"sourceId":"ais_par3.145930","a_type":5120,"hectares":0.006}},{"type":"Feature","id":"ais_par3.145931","geometry":{"type":"Polygon","coordinates":[[[10.2189,54.9681],[10.2189,54.9681],[10.2189,54.9682],[10.2189,54.9681]]]},"properties":{"sourceId":"ais_par3.145931","a_type":5120,"hectares":0.001}},{"type":"Feature","id":"ais_par3.145932","geometry":{"type":"Polygon","coordinates":[[[10.2192,54.9671],[10.2189,54.9671],[10.2185,54.9672],[10.2184,54.9673],[10.2185,54.9675],[10.2187,54.9675],[10.219,54.9677],[10.219,54.9677],[10.2192,54.9678],[10.2192,54.9677],[10.2195,54.9677],[10.2197,54.9674],[10.2202,54.9675],[10.22,54.9674],[10.2192,54.9671]]]},"properties":{"sourceId":"ais_par3.145932","a_type":5120,"hectares":0.415}},{"type":"Feature","id":"ais_par3.145933","geometry":{"type":"Polygon","coordinates":[[[10.2194,54.9681],[10.2194,54.9681],[10.2195,54.9682],[10.2195,54.9682],[10.2197,54.9682],[10.2198,54.9682],[10.2198,54.9681],[10.2198,54.968],[10.2199,54.9679],[10.2201,54.9677],[10.2203,54.9677],[10.2204,54.9677],[10.2204,54.9676],[10.2204,54.9675],[10.2203,54.9675],[10.2203,54.9676],[10.22,54.9676],[10.2197,54.968],[10.2196,54.9681],[10.2194,54.9681]]]},"properties":{"sourceId":"ais_par3.145933","a_type":5120,"hectares":0.127}},{"type":"Feature","id":"ais_par3.145934","geometry":{"type":"Polygon","coordinates":[[[10.2211,54.9685],[10.2211,54.9685],[10.221,54.9685],[10.221,54.9686],[10.2209,54.9686],[10.2216,54.9689],[10.2216,54.9688],[10.2216,54.9687],[10.2215,54.9687],[10.2215,54.9686],[10.2215,54.9686],[10.2214,54.9686],[10.2213,54.9685],[10.2213,54.9685],[10.2213,54.9684],[10.2213,54.9684],[10.2212,54.9684],[10.2212,54.9684],[10.2211,54.9685]]]},"properties":{"sourceId":"ais_par3.145934","a_type":5120,"hectares":0.116}},{"type":"Feature","id":"ais_par3.145935","geometry":{"type":"Polygon","coordinates":[[[10.2199,54.9658],[10.2199,54.9658],[10.2198,54.9658],[10.2198,54.9659],[10.2198,54.9659],[10.2198,54.9659],[10.2197,54.9659],[10.2197,54.9659],[10.2197,54.966],[10.2197,54.966],[10.2197,54.966],[10.2197,54.9661],[10.2196,54.9661],[10.2196,54.966],[10.2196,54.9661],[10.2196,54.9661],[10.2196,54.9661],[10.2197,54.9661],[10.2197,54.9662],[10.2196,54.9662],[10.2196,54.9662],[10.2195,54.9662],[10.2194,54.9662],[10.2194,54.9662],[10.2195,54.9662],[10.2194,54.9663],[10.2193,54.9663],[10.2193,54.9664],[10.2193,54.9664],[10.2193,54.9664],[10.2193,54.9665],[10.2192,54.9665],[10.2192,54.9665],[10.2192,54.9666],[10.2192,54.9666],[10.2191,54.9667],[10.2189,54.9668],[10.2189,54.9668],[10.2189,54.9668],[10.2189,54.967],[10.2189,54.967],[10.2191,54.967],[10.2191,54.967],[10.2192,54.967],[10.2193,54.967],[10.2194,54.967],[10.2194,54.967],[10.2195,54.9671],[10.2196,54.9671],[10.2196,54.9671],[10.2197,54.967],[10.2197,54.967],[10.2198,54.967],[10.2198,54.967],[10.2198,54.9671],[10.2198,54.9671],[10.2198,54.9671],[10.2198,54.9671],[10.2198,54.9671],[10.2198,54.9671],[10.2207,54.9669],[10.2207,54.9669],[10.2207,54.9669],[10.2208,54.9669],[10.2207,54.9668],[10.2207,54.9668],[10.2207,54.9668],[10.2207,54.9667],[10.2207,54.9667],[10.2207,54.9666],[10.2208,54.9666],[10.2208,54.9666],[10.2208,54.9665],[10.2208,54.9665],[10.2208,54.9664],[10.2208,54.9664],[10.2208,54.9663],[10.2208,54.9663],[10.2208,54.9663],[10.2208,54.9662],[10.2208,54.9662],[10.2207,54.9661],[10.2207,54.9661],[10.2206,54.9661],[10.2207,54.966],[10.2207,54.966],[10.2207,54.9659],[10.2207,54.9659],[10.2207,54.9659],[10.2207,54.9658],[10.2206,54.9658],[10.2206,54.9658],[10.2206,54.9658],[10.2205,54.9658],[10.2205,54.9657],[10.2205,54.9657],[10.2204,54.9656],[10.2204,54.9656],[10.2204,54.9656],[10.2204,54.9655],[10.2203,54.9655],[10.2203,54.9655],[10.2202,54.9656],[10.2201,54.9656],[10.2201,54.9658],[10.2201,54.9658],[10.2201,54.9658],[10.22,54.9658],[10.22,54.9658],[10.2199,54.9658]]]},"properties":{"sourceId":"ais_par3.145935","a_type":5120,"hectares":1.305}},{"type":"Feature","id":"ais_par3.145936","geometry":{"type":"Polygon","coordinates":[[[10.246,54.9323],[10.2459,54.9323],[10.2458,54.9322],[10.2457,54.9321],[10.2457,54.932],[10.2457,54.9319],[10.2457,54.9318],[10.2457,54.9318],[10.2456,54.9318],[10.2456,54.9318],[10.2456,54.9319],[10.2456,54.932],[10.2456,54.9321],[10.2456,54.9323],[10.2456,54.9323],[10.2456,54.9324],[10.2456,54.9325],[10.2456,54.9326],[10.2457,54.9328],[10.2456,54.9328],[10.2457,54.9329],[10.2459,54.933],[10.2461,54.933],[10.2463,54.933],[10.2465,54.933],[10.2468,54.933],[10.2471,54.933],[10.2472,54.933],[10.2473,54.933],[10.2474,54.933],[10.2475,54.933],[10.2477,54.9329],[10.2479,54.9329],[10.248,54.9329],[10.2481,54.9328],[10.2481,54.9328],[10.2482,54.9328],[10.2483,54.9328],[10.2483,54.9327],[10.2482,54.9327],[10.2482,54.9327],[10.2481,54.9327],[10.2481,54.9327],[10.248,54.9327],[10.2479,54.9327],[10.2479,54.9327],[10.2478,54.9327],[10.2477,54.9327],[10.2476,54.9327],[10.2476,54.9328],[10.2475,54.9328],[10.2474,54.9327],[10.2473,54.9327],[10.2472,54.9327],[10.2471,54.9327],[10.247,54.9327],[10.2469,54.9326],[10.2467,54.9326],[10.2466,54.9326],[10.2468,54.9325],[10.247,54.9325],[10.247,54.9324],[10.2469,54.9324],[10.2468,54.9324],[10.2466,54.9324],[10.2465,54.9324],[10.2464,54.9324],[10.2462,54.9323],[10.246,54.9323]]]},"properties":{"sourceId":"ais_par3.145936","a_type":5120,"hectares":0.791}},{"type":"Feature","id":"ais_par3.145937","geometry":{"type":"Polygon","coordinates":[[[10.2457,54.9301],[10.2456,54.9301],[10.2455,54.9302],[10.2455,54.9303],[10.2457,54.9304],[10.2459,54.9304],[10.2461,54.9304],[10.2463,54.9304],[10.2465,54.9305],[10.2467,54.9305],[10.2468,54.9305],[10.247,54.9305],[10.2471,54.9305],[10.2471,54.9306],[10.2472,54.9306],[10.2472,54.9306],[10.2474,54.9306],[10.2475,54.9306],[10.2475,54.9306],[10.2476,54.9306],[10.2477,54.9305],[10.2477,54.9304],[10.2477,54.9303],[10.2478,54.9302],[10.2477,54.9301],[10.2477,54.9301],[10.2475,54.9301],[10.2474,54.9302],[10.2474,54.9303],[10.2474,54.9303],[10.2474,54.9304],[10.2473,54.9304],[10.2471,54.9304],[10.247,54.9304],[10.2469,54.9304],[10.2467,54.9303],[10.2465,54.9303],[10.2463,54.9302],[10.2462,54.9302],[10.2459,54.9301],[10.2457,54.9301]]]},"properties":{"sourceId":"ais_par3.145937","a_type":5120,"hectares":0.352}},{"type":"Feature","id":"ais_par3.145938","geometry":{"type":"Polygon","coordinates":[[[10.246,54.9275],[10.2459,54.9275],[10.2459,54.9275],[10.2458,54.9275],[10.2457,54.9275],[10.2457,54.9275],[10.2456,54.9275],[10.2456,54.9275],[10.2455,54.9276],[10.2455,54.9276],[10.2455,54.9276],[10.2454,54.9276],[10.2454,54.9277],[10.2454,54.9277],[10.2454,54.9278],[10.2454,54.9278],[10.2454,54.9278],[10.2454,54.9279],[10.2454,54.9279],[10.2455,54.928],[10.2455,54.928],[10.2455,54.9281],[10.2454,54.9282],[10.2455,54.9283],[10.2456,54.9283],[10.2456,54.9284],[10.2456,54.9284],[10.2456,54.9285],[10.2456,54.9285],[10.2456,54.9285],[10.2456,54.9286],[10.2456,54.9286],[10.2456,54.9287],[10.2456,54.9287],[10.2456,54.9287],[10.2456,54.9287],[10.2457,54.9288],[10.2457,54.9288],[10.2459,54.9289],[10.246,54.9289],[10.2462,54.9289],[10.2463,54.9289],[10.2464,54.9289],[10.2463,54.9288],[10.2463,54.9287],[10.2462,54.9287],[10.246,54.9286],[10.2459,54.9286],[10.2458,54.9285],[10.2458,54.9285],[10.2457,54.9285],[10.2458,54.9285],[10.2459,54.9284],[10.246,54.9284],[10.2461,54.9284],[10.2465,54.9286],[10.2467,54.9287],[10.2469,54.9288],[10.2471,54.9288],[10.2471,54.9288],[10.2472,54.9288],[10.2473,54.9288],[10.2474,54.9289],[10.2475,54.9289],[10.2476,54.9289],[10.2477,54.9289],[10.2478,54.929],[10.2478,54.929],[10.2479,54.929],[10.2479,54.9289],[10.2479,54.9289],[10.2479,54.9288],[10.2479,54.9287],[10.2478,54.9287],[10.2478,54.9286],[10.2478,54.9286],[10.2475,54.9285],[10.2475,54.9285],[10.2474,54.9284],[10.2473,54.9283],[10.2472,54.9283],[10.2471,54.9281],[10.247,54.928],[10.2467,54.9278],[10.2466,54.9277],[10.2465,54.9277],[10.2464,54.9276],[10.2464,54.9276],[10.2464,54.9276],[10.2464,54.9276],[10.2464,54.9276],[10.2463,54.9276],[10.2463,54.9276],[10.2462,54.9275],[10.246,54.9275]]]},"properties":{"sourceId":"ais_par3.145938","a_type":5120,"hectares":1.471}},{"type":"Feature","id":"ais_par3.145939","geometry":{"type":"Polygon","coordinates":[[[10.2483,54.9279],[10.2483,54.928],[10.2482,54.928],[10.2482,54.928],[10.2481,54.928],[10.248,54.928],[10.248,54.9281],[10.2479,54.9281],[10.2479,54.9282],[10.248,54.9282],[10.248,54.9282],[10.2481,54.9283],[10.2482,54.9284],[10.2482,54.9284],[10.2483,54.9285],[10.2484,54.9285],[10.2484,54.9285],[10.2485,54.9285],[10.2485,54.9285],[10.2486,54.9285],[10.2487,54.9284],[10.2488,54.9284],[10.2488,54.9284],[10.2489,54.9284],[10.2489,54.9284],[10.2489,54.9284],[10.2489,54.9284],[10.2491,54.9283],[10.2492,54.9283],[10.2492,54.9282],[10.2493,54.9282],[10.2493,54.9282],[10.2493,54.9282],[10.2493,54.9282],[10.2493,54.9281],[10.2492,54.9281],[10.2491,54.928],[10.2491,54.9279],[10.249,54.9279],[10.249,54.9279],[10.249,54.9279],[10.2489,54.9278],[10.2489,54.9278],[10.2489,54.9277],[10.2488,54.9278],[10.2487,54.9278],[10.2486,54.9278],[10.2486,54.9279],[10.2485,54.9279],[10.2484,54.9279],[10.2483,54.9279]]]},"properties":{"sourceId":"ais_par3.145939","a_type":5120,"hectares":0.435}},{"type":"Feature","id":"ais_par3.145962","geometry":{"type":"Polygon","coordinates":[[[10.3504,54.8918],[10.3503,54.8919],[10.3502,54.892],[10.3501,54.8922],[10.35,54.8922],[10.35,54.8923],[10.35,54.8923],[10.3501,54.8924],[10.3501,54.8924],[10.3502,54.8924],[10.3502,54.8923],[10.3503,54.8922],[10.3503,54.8922],[10.3506,54.892],[10.3507,54.8919],[10.3507,54.8918],[10.3506,54.8918],[10.3506,54.8918],[10.3505,54.8918],[10.3505,54.8918],[10.3504,54.8918]]]},"properties":{"sourceId":"ais_par3.145962","a_type":5120,"hectares":0.111}},{"type":"Feature","id":"ais_par3.145963","geometry":{"type":"Polygon","coordinates":[[[10.3546,54.888],[10.3545,54.8881],[10.3544,54.8881],[10.3544,54.8882],[10.3545,54.8882],[10.3545,54.8882],[10.3546,54.8882],[10.3547,54.8881],[10.3548,54.888],[10.3548,54.8879],[10.3548,54.8879],[10.3547,54.8879],[10.3546,54.888]]]},"properties":{"sourceId":"ais_par3.145963","a_type":5120,"hectares":0.044}},{"type":"Feature","id":"ais_par3.145964","geometry":{"type":"Polygon","coordinates":[[[10.3481,54.8828],[10.3481,54.8828],[10.3481,54.8828],[10.3482,54.8829],[10.3483,54.8829],[10.3483,54.8829],[10.3483,54.8828],[10.3483,54.8828],[10.3482,54.8828],[10.3481,54.8828]]]},"properties":{"sourceId":"ais_par3.145964","a_type":5120,"hectares":0.011}},{"type":"Feature","id":"ais_par3.145965","geometry":{"type":"Polygon","coordinates":[[[10.3622,54.8811],[10.3622,54.8811],[10.3621,54.8811],[10.3621,54.8812],[10.3621,54.8812],[10.3621,54.8812],[10.3621,54.8812],[10.3621,54.8813],[10.3621,54.8813],[10.3621,54.8813],[10.3622,54.8813],[10.3622,54.8813],[10.3623,54.8813],[10.3623,54.8813],[10.3624,54.8812],[10.3624,54.8812],[10.3624,54.8812],[10.3625,54.8811],[10.3625,54.8811],[10.3625,54.8811],[10.3625,54.8811],[10.3625,54.881],[10.3625,54.881],[10.3625,54.881],[10.3625,54.881],[10.3625,54.881],[10.3625,54.881],[10.3624,54.881],[10.3624,54.881],[10.3623,54.881],[10.3623,54.881],[10.3623,54.8811],[10.3622,54.8811]]]},"properties":{"sourceId":"ais_par3.145965","a_type":5120,"hectares":0.059}},{"type":"Feature","id":"ais_par3.145940","geometry":{"type":"Polygon","coordinates":[[[10.2488,54.9287],[10.2488,54.9287],[10.2487,54.9286],[10.2486,54.9286],[10.2486,54.9287],[10.2486,54.9287],[10.2487,54.9288],[10.2488,54.9288],[10.2488,54.9288],[10.2488,54.9288],[10.2488,54.9289],[10.2488,54.9289],[10.2489,54.929],[10.2489,54.929],[10.249,54.9291],[10.2491,54.9292],[10.2491,54.9292],[10.2491,54.9292],[10.2492,54.9291],[10.2492,54.9291],[10.2491,54.9291],[10.2491,54.929],[10.2491,54.929],[10.2491,54.929],[10.2491,54.929],[10.2491,54.9289],[10.2491,54.9289],[10.2491,54.9289],[10.2492,54.9289],[10.2492,54.9289],[10.2493,54.9289],[10.2494,54.929],[10.2494,54.929],[10.2495,54.9291],[10.2496,54.9291],[10.2496,54.9291],[10.2497,54.9291],[10.2497,54.9291],[10.2498,54.929],[10.2497,54.929],[10.2497,54.9289],[10.2497,54.9289],[10.2496,54.9288],[10.2496,54.9288],[10.2496,54.9288],[10.2497,54.9288],[10.2497,54.9287],[10.2497,54.9287],[10.2497,54.9287],[10.2497,54.9287],[10.2497,54.9288],[10.2498,54.9288],[10.2498,54.9288],[10.2498,54.9289],[10.2499,54.929],[10.2499,54.929],[10.2499,54.929],[10.2499,54.9291],[10.2499,54.9291],[10.25,54.9292],[10.25,54.9292],[10.2501,54.9292],[10.2501,54.9292],[10.2501,54.9293],[10.2502,54.9293],[10.2502,54.9293],[10.2502,54.9293],[10.2503,54.9293],[10.2503,54.9293],[10.2503,54.9292],[10.2503,54.9292],[10.2502,54.9291],[10.2501,54.929],[10.25,54.9288],[10.25,54.9288],[10.25,54.9288],[10.2502,54.9289],[10.2502,54.9289],[10.2502,54.9289],[10.2503,54.9289],[10.2503,54.929],[10.2504,54.9291],[10.2505,54.9292],[10.2506,54.9292],[10.2506,54.9292],[10.2507,54.9293],[10.2507,54.9292],[10.2507,54.9292],[10.2507,54.9292],[10.2507,54.9291],[10.2507,54.9291],[10.2506,54.929],[10.2506,54.929],[10.2506,54.9289],[10.2504,54.9288],[10.2503,54.9288],[10.2503,54.9288],[10.2499,54.9286],[10.2499,54.9286],[10.2499,54.9286],[10.2498,54.9286],[10.2498,54.9286],[10.2498,54.9285],[10.2497,54.9285],[10.2496,54.9284],[10.2495,54.9284],[10.2494,54.9283],[10.2494,54.9283],[10.2493,54.9283],[10.2493,54.9283],[10.2492,54.9284],[10.249,54.9284],[10.2489,54.9285],[10.2489,54.9285],[10.2489,54.9285],[10.249,54.9285],[10.249,54.9286],[10.249,54.9286],[10.2491,54.9287],[10.2492,54.9287],[10.2492,54.9287],[10.2491,54.9287],[10.2491,54.9287],[10.2491,54.9288],[10.2491,54.9288],[10.249,54.9288],[10.249,54.9288],[10.2489,54.9288],[10.2488,54.9287]]]},"properties":{"sourceId":"ais_par3.145940","a_type":5120,"hectares":0.595}},{"type":"Feature","id":"ais_par3.145941","geometry":{"type":"Polygon","coordinates":[[[10.2499,54.9274],[10.2497,54.9274],[10.2494,54.9275],[10.2493,54.9275],[10.2491,54.9276],[10.2491,54.9277],[10.249,54.9278],[10.2494,54.9281],[10.2498,54.928],[10.2499,54.928],[10.25,54.9281],[10.2501,54.9282],[10.2504,54.9282],[10.2507,54.9283],[10.2508,54.9282],[10.251,54.9282],[10.2511,54.9281],[10.2512,54.9279],[10.2513,54.9277],[10.2512,54.9276],[10.2511,54.9276],[10.251,54.9275],[10.2505,54.9275],[10.2502,54.9274],[10.2499,54.9274]]]},"properties":{"sourceId":"ais_par3.145941","a_type":5120,"hectares":0.977}},{"type":"Feature","id":"ais_par3.145942","geometry":{"type":"Polygon","coordinates":[[[10.2459,54.9257],[10.2458,54.9256],[10.2457,54.9254],[10.2456,54.9254],[10.2455,54.9254],[10.2454,54.9254],[10.2453,54.9255],[10.2453,54.9256],[10.2452,54.9257],[10.2451,54.9256],[10.245,54.9255],[10.2449,54.9255],[10.2448,54.9256],[10.2448,54.9256],[10.2449,54.9257],[10.245,54.9258],[10.245,54.9259],[10.2449,54.926],[10.2449,54.9262],[10.2449,54.9264],[10.2451,54.9274],[10.2452,54.9273],[10.2455,54.9273],[10.246,54.9273],[10.2463,54.9273],[10.2466,54.9274],[10.2468,54.9276],[10.247,54.9277],[10.2472,54.9279],[10.2473,54.928],[10.2497,54.9273],[10.2495,54.9272],[10.2494,54.9272],[10.2492,54.9271],[10.2491,54.9271],[10.249,54.9271],[10.2489,54.927],[10.2488,54.9268],[10.2486,54.9267],[10.2482,54.9263],[10.2481,54.9261],[10.2479,54.926],[10.2478,54.9259],[10.2459,54.9257]]]},"properties":{"sourceId":"ais_par3.145942","a_type":5120,"hectares":4.828}},{"type":"Feature","id":"ais_par3.145943","geometry":{"type":"Polygon","coordinates":[[[10.2453,54.9245],[10.2447,54.9244],[10.2448,54.9251],[10.245,54.9252],[10.2453,54.9245]]]},"properties":{"sourceId":"ais_par3.145943","a_type":5120,"hectares":0.225}},{"type":"Feature","id":"ais_par3.145944","geometry":{"type":"Polygon","coordinates":[[[10.2629,54.9258],[10.2627,54.9258],[10.2624,54.9261],[10.2624,54.9261],[10.2625,54.9261],[10.2631,54.926],[10.2633,54.926],[10.2633,54.926],[10.2629,54.9258]]]},"properties":{"sourceId":"ais_par3.145944","a_type":5120,"hectares":0.104}},{"type":"Feature","id":"ais_par3.145945","geometry":{"type":"Polygon","coordinates":[[[10.3869,54.8889],[10.3868,54.8889],[10.3869,54.889],[10.3872,54.889],[10.3873,54.8889],[10.3873,54.8889],[10.3872,54.8889],[10.3872,54.8889],[10.3871,54.8889],[10.387,54.8888],[10.3869,54.8889]]]},"properties":{"sourceId":"ais_par3.145945","a_type":5120,"hectares":0.029}},{"type":"Feature","id":"ais_par3.145946","geometry":{"type":"Polygon","coordinates":[[[10.2243,54.9579],[10.2243,54.9579],[10.2242,54.958],[10.2241,54.958],[10.2241,54.9581],[10.2242,54.9582],[10.2243,54.9582],[10.2243,54.9583],[10.2244,54.9583],[10.2245,54.9584],[10.2246,54.9584],[10.2247,54.9585],[10.2248,54.9585],[10.2248,54.9584],[10.2248,54.9583],[10.2247,54.9581],[10.2245,54.9579],[10.2245,54.9578],[10.2245,54.9578],[10.2244,54.9578],[10.2244,54.9578],[10.2243,54.9579]]]},"properties":{"sourceId":"ais_par3.145946","a_type":5120,"hectares":0.172}},{"type":"Feature","id":"ais_par3.145947","geometry":{"type":"Polygon","coordinates":[[[10.2454,54.9384],[10.2453,54.9384],[10.2453,54.9384],[10.2453,54.9385],[10.2454,54.9385],[10.2455,54.9385],[10.2456,54.9386],[10.2458,54.9386],[10.2459,54.9386],[10.2461,54.9386],[10.2462,54.9386],[10.2464,54.9386],[10.2465,54.9386],[10.2464,54.9386],[10.2465,54.9386],[10.2466,54.9386],[10.2466,54.9385],[10.2466,54.9385],[10.2466,54.9385],[10.2465,54.9385],[10.2464,54.9385],[10.2464,54.9385],[10.2463,54.9385],[10.2461,54.9385],[10.2457,54.9384],[10.2454,54.9384]]]},"properties":{"sourceId":"ais_par3.145947","a_type":5120,"hectares":0.108}},{"type":"Feature","id":"ais_par3.145948","geometry":{"type":"Polygon","coordinates":[[[10.2545,54.9392],[10.2544,54.9392],[10.2545,54.9394],[10.2546,54.9394],[10.2546,54.9394],[10.2546,54.9392],[10.2546,54.9392],[10.2545,54.9392]]]},"properties":{"sourceId":"ais_par3.145948","a_type":5120,"hectares":0.028}},{"type":"Feature","id":"ais_par3.145949","geometry":{"type":"Polygon","coordinates":[[[10.2572,54.9334],[10.257,54.9336],[10.2571,54.9337],[10.2571,54.9337],[10.2573,54.9337],[10.2575,54.9336],[10.2572,54.9334]]]},"properties":{"sourceId":"ais_par3.145949","a_type":5120,"hectares":0.043}},{"type":"Feature","id":"ais_par3.145950","geometry":{"type":"Polygon","coordinates":[[[10.3003,54.9178],[10.3002,54.9178],[10.3001,54.9179],[10.3002,54.9179],[10.3004,54.9179],[10.3004,54.9178],[10.3005,54.9178],[10.3004,54.9178],[10.3003,54.9178]]]},"properties":{"sourceId":"ais_par3.145950","a_type":5120,"hectares":0.024}},{"type":"Feature","id":"ais_par3.145951","geometry":{"type":"Polygon","coordinates":[[[10.2992,54.9183],[10.2991,54.9183],[10.2992,54.9184],[10.2992,54.9184],[10.2992,54.9184],[10.2993,54.9184],[10.2994,54.9184],[10.2995,54.9183],[10.2996,54.9183],[10.2996,54.9182],[10.2996,54.9182],[10.2995,54.9182],[10.2994,54.9182],[10.2993,54.9183],[10.2993,54.9183],[10.2992,54.9183]]]},"properties":{"sourceId":"ais_par3.145951","a_type":5120,"hectares":0.034}},{"type":"Feature","id":"ais_par3.145952","geometry":{"type":"Polygon","coordinates":[[[10.2989,54.9184],[10.2989,54.9184],[10.2989,54.9185],[10.2988,54.9185],[10.2988,54.9186],[10.2988,54.9186],[10.2988,54.9186],[10.2987,54.9187],[10.2987,54.9187],[10.2987,54.9188],[10.2987,54.9188],[10.2988,54.9188],[10.2989,54.9188],[10.2989,54.9188],[10.2989,54.9187],[10.2989,54.9187],[10.2989,54.9187],[10.2989,54.9186],[10.299,54.9186],[10.299,54.9186],[10.2991,54.9186],[10.2991,54.9186],[10.2991,54.9186],[10.2992,54.9185],[10.2991,54.9184],[10.299,54.9184],[10.2989,54.9184]]]},"properties":{"sourceId":"ais_par3.145952","a_type":5120,"hectares":0.073}},{"type":"Feature","id":"ais_par3.145953","geometry":{"type":"Polygon","coordinates":[[[10.2985,54.9194],[10.2985,54.9194],[10.2986,54.9194],[10.2986,54.9194],[10.2987,54.9194],[10.2987,54.9194],[10.2986,54.9194],[10.2985,54.9194]]]},"properties":{"sourceId":"ais_par3.145953","a_type":5120,"hectares":0.006}},{"type":"Feature","id":"ais_par3.145954","geometry":{"type":"Polygon","coordinates":[[[10.2998,54.9109],[10.2997,54.9109],[10.2997,54.9109],[10.2997,54.9109],[10.2997,54.9109],[10.2998,54.911],[10.2998,54.911],[10.2998,54.9111],[10.2998,54.911],[10.2999,54.911],[10.3,54.911],[10.3,54.911],[10.3001,54.911],[10.3,54.9109],[10.3,54.9109],[10.2999,54.9109],[10.2999,54.9109],[10.2998,54.9109],[10.2998,54.9109]]]},"properties":{"sourceId":"ais_par3.145954","a_type":5120,"hectares":0.031}},{"type":"Feature","id":"ais_par3.145955","geometry":{"type":"Polygon","coordinates":[[[10.3001,54.9103],[10.3001,54.9104],[10.3001,54.9104],[10.3001,54.9105],[10.3001,54.9106],[10.3001,54.9107],[10.3001,54.9107],[10.3002,54.9107],[10.3002,54.9107],[10.3003,54.9106],[10.3004,54.9105],[10.3004,54.9104],[10.3004,54.9104],[10.3004,54.9103],[10.3004,54.9102],[10.3003,54.9102],[10.3002,54.9102],[10.3002,54.9102],[10.3001,54.9103]]]},"properties":{"sourceId":"ais_par3.145955","a_type":5120,"hectares":0.079}},{"type":"Feature","id":"ais_par3.145972","geometry":{"type":"Polygon","coordinates":[[[10.3195,54.8852],[10.3195,54.8853],[10.3194,54.8853],[10.3194,54.8854],[10.3193,54.8854],[10.3193,54.8855],[10.3193,54.8855],[10.3193,54.8856],[10.3193,54.8856],[10.3193,54.8856],[10.3193,54.8857],[10.3193,54.8857],[10.3193,54.8858],[10.3194,54.8858],[10.3194,54.8858],[10.3194,54.8859],[10.3195,54.8859],[10.3195,54.8859],[10.3195,54.8859],[10.3196,54.8859],[10.3196,54.8858],[10.3197,54.8858],[10.3197,54.8858],[10.3197,54.8858],[10.3197,54.8857],[10.3197,54.8857],[10.3197,54.8857],[10.3197,54.8857],[10.3197,54.8856],[10.3198,54.8856],[10.3198,54.8855],[10.3198,54.8855],[10.3199,54.8855],[10.3199,54.8855],[10.3199,54.8855],[10.32,54.8855],[10.32,54.8854],[10.32,54.8854],[10.32,54.8854],[10.3199,54.8853],[10.3199,54.8853],[10.3199,54.8853],[10.3199,54.8852],[10.32,54.8852],[10.32,54.8852],[10.3199,54.8851],[10.3199,54.8851],[10.3199,54.8851],[10.3198,54.8851],[10.3198,54.8851],[10.3197,54.8851],[10.3196,54.8852],[10.3195,54.8852]]]},"properties":{"sourceId":"ais_par3.145972","a_type":5120,"hectares":0.242}},{"type":"Feature","id":"ais_par3.145973","geometry":{"type":"Polygon","coordinates":[[[10.32,54.8844],[10.3199,54.8845],[10.3199,54.8845],[10.3199,54.8845],[10.3198,54.8845],[10.3198,54.8846],[10.3198,54.8846],[10.3197,54.8847],[10.3197,54.8847],[10.3197,54.8848],[10.3197,54.8848],[10.3197,54.8849],[10.3197,54.8849],[10.3198,54.8849],[10.3198,54.8849],[10.3199,54.8849],[10.32,54.8849],[10.32,54.8849],[10.32,54.8849],[10.3201,54.8848],[10.3201,54.8848],[10.3202,54.8847],[10.3202,54.8847],[10.3202,54.8847],[10.3203,54.8847],[10.3203,54.8846],[10.3203,54.8846],[10.3203,54.8846],[10.3203,54.8846],[10.3203,54.8845],[10.3203,54.8845],[10.3203,54.8845],[10.3202,54.8845],[10.3202,54.8844],[10.3201,54.8844],[10.3201,54.8844],[10.32,54.8844],[10.32,54.8844]]]},"properties":{"sourceId":"ais_par3.145973","a_type":5120,"hectares":0.152}},{"type":"Feature","id":"ais_par3.145974","geometry":{"type":"Polygon","coordinates":[[[10.329,54.8781],[10.3289,54.8781],[10.3289,54.8782],[10.3289,54.8782],[10.3289,54.8782],[10.3289,54.8783],[10.3289,54.8783],[10.3289,54.8783],[10.3289,54.8784],[10.329,54.8784],[10.329,54.8784],[10.3291,54.8783],[10.3291,54.8782],[10.3291,54.8782],[10.3291,54.8781],[10.3291,54.8781],[10.329,54.8781],[10.329,54.8781]]]},"properties":{"sourceId":"ais_par3.145974","a_type":5120,"hectares":0.04}},{"type":"Feature","id":"ais_par3.145975","geometry":{"type":"Polygon","coordinates":[[[10.3412,54.8682],[10.3411,54.8682],[10.341,54.8683],[10.3408,54.8684],[10.3408,54.8684],[10.3407,54.8685],[10.3407,54.8686],[10.3407,54.8686],[10.3408,54.8686],[10.341,54.8686],[10.3411,54.8686],[10.3412,54.8685],[10.3414,54.8685],[10.3416,54.8684],[10.3417,54.8683],[10.3419,54.8683],[10.342,54.8683],[10.3421,54.8682],[10.3422,54.8682],[10.3423,54.8681],[10.3424,54.8681],[10.3424,54.8681],[10.3425,54.868],[10.3424,54.868],[10.3423,54.868],[10.3421,54.868],[10.3419,54.8681],[10.3417,54.8681],[10.3415,54.8681],[10.3414,54.8681],[10.3412,54.8682]]]},"properties":{"sourceId":"ais_par3.145975","a_type":5120,"hectares":0.314}},{"type":"Feature","id":"ais_par3.145976","geometry":{"type":"Polygon","coordinates":[[[10.3383,54.8707],[10.3383,54.8707],[10.3383,54.8707],[10.3384,54.8707],[10.3384,54.8707],[10.3383,54.8707],[10.3383,54.8707]]]},"properties":{"sourceId":"ais_par3.145976","a_type":5120,"hectares":0.002}},{"type":"Feature","id":"ais_par3.145977","geometry":{"type":"Polygon","coordinates":[[[10.3386,54.8704],[10.3386,54.8705],[10.3386,54.8705],[10.3386,54.8705],[10.3387,54.8705],[10.3387,54.8705],[10.3386,54.8704]]]},"properties":{"sourceId":"ais_par3.145977","a_type":5120,"hectares":0.007}},{"type":"Feature","id":"ais_par3.145978","geometry":{"type":"Polygon","coordinates":[[[10.3529,54.862],[10.3528,54.8621],[10.3527,54.8621],[10.3527,54.8622],[10.3527,54.8622],[10.3527,54.8622],[10.3527,54.8623],[10.3527,54.8623],[10.3527,54.8623],[10.3527,54.8624],[10.353,54.8624],[10.3531,54.8624],[10.3533,54.8624],[10.3533,54.8624],[10.3534,54.8624],[10.3534,54.8623],[10.3536,54.8622],[10.3536,54.8621],[10.3537,54.8621],[10.3537,54.8621],[10.3537,54.8621],[10.3536,54.862],[10.3535,54.862],[10.3534,54.8619],[10.3534,54.8619],[10.3534,54.8619],[10.3533,54.8619],[10.3531,54.8618],[10.3531,54.8619],[10.353,54.8619],[10.353,54.8619],[10.3529,54.862],[10.3529,54.862]]]},"properties":{"sourceId":"ais_par3.145978","a_type":5120,"hectares":0.278}},{"type":"Feature","id":"ais_par3.145979","geometry":{"type":"Polygon","coordinates":[[[10.3518,54.8607],[10.3518,54.8607],[10.3517,54.8608],[10.3517,54.8608],[10.3516,54.8609],[10.3516,54.861],[10.3516,54.861],[10.3516,54.861],[10.3516,54.8611],[10.3518,54.8611],[10.3519,54.8611],[10.3519,54.861],[10.3521,54.861],[10.3522,54.861],[10.3522,54.8609],[10.3523,54.8609],[10.3523,54.8609],[10.3523,54.8608],[10.3523,54.8608],[10.3522,54.8608],[10.3522,54.8607],[10.3521,54.8607],[10.352,54.8607],[10.3519,54.8607],[10.3518,54.8607],[10.3518,54.8607]]]},"properties":{"sourceId":"ais_par3.145979","a_type":5120,"hectares":0.148}},{"type":"Feature","id":"ais_par3.145980","geometry":{"type":"Polygon","coordinates":[[[10.3743,54.8413],[10.3742,54.8413],[10.3741,54.8413],[10.3741,54.8413],[10.374,54.8414],[10.3741,54.8415],[10.3741,54.8415],[10.3741,54.8416],[10.3741,54.8417],[10.3742,54.8418],[10.3743,54.8417],[10.3744,54.8417],[10.3745,54.8416],[10.3745,54.8415],[10.3746,54.8414],[10.3745,54.8414],[10.3745,54.8413],[10.3745,54.8413],[10.3744,54.8413],[10.3743,54.8413]]]},"properties":{"sourceId":"ais_par3.145980","a_type":5120,"hectares":0.125}},{"type":"Feature","id":"ais_par3.145981","geometry":{"type":"Polygon","coordinates":[[[10.3449,54.8868],[10.3449,54.8868],[10.3448,54.8868],[10.3447,54.8869],[10.3447,54.8869],[10.3448,54.887],[10.3449,54.887],[10.3452,54.8868],[10.3451,54.8868],[10.3449,54.8868]]]},"properties":{"sourceId":"ais_par3.145981","a_type":5120,"hectares":0.045}},{"type":"Feature","id":"ais_par3.145982","geometry":{"type":"Polygon","coordinates":[[[10.3319,54.8675],[10.3318,54.8676],[10.3319,54.8676],[10.332,54.8677],[10.332,54.8676],[10.3319,54.8675],[10.3319,54.8675]]]},"properties":{"sourceId":"ais_par3.145982","a_type":5120,"hectares":0.009}},{"type":"Feature","id":"ais_par3.145983","geometry":{"type":"Polygon","coordinates":[[[10.3327,54.8681],[10.3326,54.8681],[10.3326,54.8681],[10.3326,54.8681],[10.3327,54.8681],[10.3327,54.8681]]]},"properties":{"sourceId":"ais_par3.145983","a_type":5120,"hectares":0.004}},{"type":"Feature","id":"ais_par3.145984","geometry":{"type":"Polygon","coordinates":[[[10.4128,54.8898],[10.4128,54.8898],[10.4127,54.8899],[10.4127,54.89],[10.4128,54.8901],[10.4128,54.8902],[10.4129,54.8903],[10.4129,54.8903],[10.413,54.8903],[10.413,54.8903],[10.4131,54.8902],[10.4132,54.89],[10.4132,54.8899],[10.4132,54.8899],[10.4132,54.8898],[10.4132,54.8898],[10.4131,54.8898],[10.413,54.8898],[10.413,54.8898],[10.4128,54.8898]]]},"properties":{"sourceId":"ais_par3.145984","a_type":5120,"hectares":0.13}},{"type":"Feature","id":"ais_par3.145985","geometry":{"type":"Polygon","coordinates":[[[10.3639,54.8885],[10.3639,54.8885],[10.3638,54.8886],[10.3638,54.8886],[10.3638,54.8886],[10.3638,54.8886],[10.3638,54.8887],[10.3638,54.8887],[10.3638,54.8887],[10.3638,54.8888],[10.3639,54.8888],[10.3639,54.8888],[10.3639,54.8888],[10.364,54.8888],[10.364,54.8888],[10.3641,54.8888],[10.3641,54.8888],[10.3641,54.8888],[10.3642,54.8888],[10.3642,54.8888],[10.3642,54.8888],[10.3642,54.8888],[10.3644,54.8887],[10.3644,54.8887],[10.3644,54.8887],[10.3644,54.8886],[10.3645,54.8886],[10.3645,54.8886],[10.3645,54.8886],[10.3645,54.8886],[10.3646,54.8885],[10.3646,54.8885],[10.3646,54.8885],[10.3646,54.8885],[10.3646,54.8885],[10.3646,54.8884],[10.3646,54.8884],[10.3646,54.8884],[10.3646,54.8884],[10.3645,54.8884],[10.3645,54.8884],[10.3645,54.8884],[10.3644,54.8884],[10.3644,54.8884],[10.3644,54.8884],[10.3643,54.8884],[10.3643,54.8884],[10.3642,54.8884],[10.3642,54.8884],[10.3642,54.8884],[10.3641,54.8884],[10.3641,54.8884],[10.3641,54.8884],[10.364,54.8884],[10.364,54.8885],[10.364,54.8885],[10.364,54.8885],[10.3639,54.8885]]]},"properties":{"sourceId":"ais_par3.145985","a_type":5120,"hectares":0.187}},{"type":"Feature","id":"ais_par3.145986","geometry":{"type":"Polygon","coordinates":[[[10.3982,54.8838],[10.3982,54.8839],[10.3982,54.8839],[10.3983,54.884],[10.3984,54.8839],[10.3984,54.8839],[10.3985,54.8839],[10.3984,54.8838],[10.3984,54.8838],[10.3983,54.8838],[10.3982,54.8838]]]},"properties":{"sourceId":"ais_par3.145986","a_type":5120,"hectares":0.023}},{"type":"Feature","id":"ais_par3.145987","geometry":{"type":"Polygon","coordinates":[[[10.3979,54.8877],[10.3978,54.8878],[10.3978,54.8878],[10.3978,54.8879],[10.3978,54.888],[10.3979,54.8879],[10.398,54.8879],[10.3982,54.8879],[10.3982,54.8878],[10.3981,54.8878],[10.398,54.8877],[10.3979,54.8877]]]},"properties":{"sourceId":"ais_par3.145987","a_type":5120,"hectares":0.053}},{"type":"Feature","id":"ais_par3.145988","geometry":{"type":"Polygon","coordinates":[[[10.4271,54.8575],[10.4271,54.8575],[10.427,54.8575],[10.427,54.8575],[10.427,54.8575],[10.427,54.8576],[10.4271,54.8576],[10.4272,54.8576],[10.4272,54.8575],[10.4272,54.8575],[10.4271,54.8575]]]},"properties":{"sourceId":"ais_par3.145988","a_type":5120,"hectares":0.016}},{"type":"Feature","id":"ais_par3.145989","geometry":{"type":"Polygon","coordinates":[[[10.4207,54.8672],[10.4207,54.8672],[10.4206,54.8671],[10.4206,54.8672],[10.4206,54.8672],[10.4206,54.8672],[10.4206,54.8672],[10.4206,54.8673],[10.4206,54.8673],[10.4207,54.8673],[10.4207,54.8673],[10.4207,54.8673],[10.4207,54.8673],[10.4208,54.8673],[10.4208,54.8673],[10.4207,54.8672],[10.4207,54.8672]]]},"properties":{"sourceId":"ais_par3.145989","a_type":5120,"hectares":0.015}},{"type":"Feature","id":"ais_par3.145998","geometry":{"type":"Polygon","coordinates":[[[10.3237,54.8973],[10.3236,54.8974],[10.3236,54.8974],[10.3236,54.8974],[10.3235,54.8975],[10.3234,54.8975],[10.3234,54.8975],[10.3235,54.8976],[10.3235,54.8976],[10.3236,54.8976],[10.3237,54.8976],[10.3237,54.8976],[10.3238,54.8976],[10.324,54.8975],[10.3241,54.8975],[10.3242,54.8974],[10.3242,54.8974],[10.3243,54.8974],[10.3243,54.8974],[10.3244,54.8973],[10.3244,54.8973],[10.3244,54.8973],[10.3244,54.8972],[10.3244,54.8972],[10.3244,54.8971],[10.3244,54.8971],[10.3244,54.8971],[10.3244,54.897],[10.3243,54.897],[10.3243,54.897],[10.3242,54.897],[10.3241,54.8971],[10.3241,54.8971],[10.3237,54.8973]]]},"properties":{"sourceId":"ais_par3.145998","a_type":5120,"hectares":0.215}},{"type":"Feature","id":"ais_par3.145999","geometry":{"type":"Polygon","coordinates":[[[10.3342,54.8994],[10.3341,54.8995],[10.334,54.8995],[10.334,54.8996],[10.3339,54.8996],[10.3339,54.8997],[10.3339,54.8998],[10.334,54.8998],[10.3341,54.8998],[10.3342,54.8998],[10.3344,54.8997],[10.3344,54.8996],[10.3344,54.8995],[10.3344,54.8995],[10.3343,54.8994],[10.3343,54.8994],[10.3342,54.8994]]]},"properties":{"sourceId":"ais_par3.145999","a_type":5120,"hectares":0.093}},{"type":"Feature","id":"ais_par3.146000","geometry":{"type":"Polygon","coordinates":[[[10.3412,54.8863],[10.3412,54.8864],[10.3411,54.8864],[10.3411,54.8864],[10.3411,54.8865],[10.3412,54.8865],[10.3412,54.8865],[10.3413,54.8864],[10.3413,54.8864],[10.3414,54.8863],[10.3414,54.8863],[10.3414,54.8863],[10.3414,54.8863],[10.3413,54.8863],[10.3413,54.8863],[10.3412,54.8863]]]},"properties":{"sourceId":"ais_par3.146000","a_type":5120,"hectares":0.024}},{"type":"Feature","id":"ais_par3.146001","geometry":{"type":"Polygon","coordinates":[[[10.3372,54.8842],[10.3372,54.8842],[10.3372,54.8842],[10.3372,54.8843],[10.3372,54.8843],[10.3373,54.8843],[10.3373,54.8842],[10.3373,54.8842],[10.3373,54.8842],[10.3373,54.8842],[10.3372,54.8842]]]},"properties":{"sourceId":"ais_par3.146001","a_type":5120,"hectares":0.008}},{"type":"Feature","id":"ais_par3.146002","geometry":{"type":"Polygon","coordinates":[[[10.3434,54.8835],[10.3433,54.8835],[10.3432,54.8835],[10.3431,54.8836],[10.3431,54.8836],[10.3431,54.8837],[10.3432,54.8837],[10.3433,54.8837],[10.3434,54.8837],[10.3435,54.8836],[10.3435,54.8836],[10.3436,54.8836],[10.3436,54.8835],[10.3436,54.8835],[10.3436,54.8834],[10.3435,54.8834],[10.3435,54.8835],[10.3434,54.8835]]]},"properties":{"sourceId":"ais_par3.146002","a_type":5120,"hectares":0.056}},{"type":"Feature","id":"ais_par3.146003","geometry":{"type":"Polygon","coordinates":[[[10.3505,54.8892],[10.3504,54.8892],[10.3503,54.8894],[10.3502,54.8894],[10.3502,54.8895],[10.3503,54.8895],[10.3503,54.8896],[10.3504,54.8896],[10.3505,54.8897],[10.3506,54.8897],[10.3506,54.8896],[10.3507,54.8896],[10.3507,54.8896],[10.3509,54.8894],[10.3509,54.8894],[10.3509,54.8893],[10.3509,54.8892],[10.3509,54.8891],[10.3508,54.8891],[10.3507,54.8891],[10.3507,54.8891],[10.3506,54.8891],[10.3505,54.8892]]]},"properties":{"sourceId":"ais_par3.146003","a_type":5120,"hectares":0.195}},{"type":"Feature","id":"ais_par3.146004","geometry":{"type":"Polygon","coordinates":[[[10.3557,54.8867],[10.3556,54.8868],[10.3555,54.8868],[10.3555,54.8869],[10.3555,54.8869],[10.3555,54.8869],[10.3556,54.8869],[10.3557,54.8868],[10.3558,54.8868],[10.3559,54.8868],[10.3558,54.8867],[10.3558,54.8867],[10.3557,54.8867]]]},"properties":{"sourceId":"ais_par3.146004","a_type":5120,"hectares":0.023}},{"type":"Feature","id":"ais_par3.146005","geometry":{"type":"Polygon","coordinates":[[[10.3414,54.8808],[10.3414,54.8808],[10.3413,54.8809],[10.3413,54.8809],[10.3413,54.8809],[10.3414,54.881],[10.3414,54.881],[10.3415,54.881],[10.3415,54.881],[10.3416,54.881],[10.3416,54.881],[10.3415,54.8809],[10.3415,54.8809],[10.3414,54.8808]]]},"properties":{"sourceId":"ais_par3.146005","a_type":5120,"hectares":0.022}},{"type":"Feature","id":"ais_par3.146006","geometry":{"type":"Polygon","coordinates":[[[10.3593,54.882],[10.3592,54.8821],[10.3592,54.8821],[10.3591,54.8821],[10.3591,54.8822],[10.3591,54.8822],[10.3592,54.8822],[10.3592,54.8823],[10.3593,54.8823],[10.3593,54.8822],[10.3594,54.8822],[10.3594,54.8821],[10.3595,54.8821],[10.3595,54.8821],[10.3594,54.882],[10.3594,54.882],[10.3593,54.882]]]},"properties":{"sourceId":"ais_par3.146006","a_type":5120,"hectares":0.04}},{"type":"Feature","id":"ais_par3.146007","geometry":{"type":"Polygon","coordinates":[[[10.362,54.8828],[10.3619,54.8828],[10.3619,54.8828],[10.3619,54.8828],[10.3619,54.8828],[10.3618,54.8828],[10.3618,54.8828],[10.3618,54.8828],[10.3619,54.8829],[10.3619,54.8829],[10.3619,54.8829],[10.3619,54.8829],[10.3621,54.8829],[10.3621,54.8829],[10.3621,54.8828],[10.3621,54.8828],[10.3621,54.8828],[10.362,54.8828],[10.362,54.8828]]]},"properties":{"sourceId":"ais_par3.146007","a_type":5120,"hectares":0.02}},{"type":"Feature","id":"ais_par3.146008","geometry":{"type":"Polygon","coordinates":[[[10.36,54.8863],[10.3599,54.8864],[10.3599,54.8865],[10.36,54.8865],[10.3601,54.8866],[10.3601,54.8865],[10.3602,54.8865],[10.3601,54.8864],[10.36,54.8863]]]},"properties":{"sourceId":"ais_par3.146008","a_type":5120,"hectares":0.03}},{"type":"Feature","id":"ais_par3.146009","geometry":{"type":"Polygon","coordinates":[[[10.3627,54.8857],[10.3626,54.8858],[10.3626,54.8859],[10.3627,54.8859],[10.3629,54.8859],[10.363,54.8858],[10.3631,54.8858],[10.3631,54.8857],[10.3629,54.8857],[10.3627,54.8857]]]},"properties":{"sourceId":"ais_par3.146009","a_type":5120,"hectares":0.046}},{"type":"Feature","id":"ais_par3.146010","geometry":{"type":"Polygon","coordinates":[[[10.3841,54.8609],[10.3841,54.861],[10.384,54.861],[10.3841,54.861],[10.3841,54.8611],[10.3841,54.8611],[10.3842,54.8611],[10.3842,54.8611],[10.3844,54.8611],[10.3845,54.8611],[10.3846,54.8611],[10.3848,54.861],[10.3849,54.8609],[10.3849,54.8609],[10.3849,54.8609],[10.3848,54.8609],[10.3848,54.8608],[10.3847,54.8608],[10.3846,54.8608],[10.3846,54.8608],[10.3845,54.8609],[10.3844,54.8609],[10.3844,54.8609],[10.3843,54.8609],[10.3843,54.8609],[10.3842,54.8609],[10.3841,54.8609]]]},"properties":{"sourceId":"ais_par3.146010","a_type":5120,"hectares":0.116}},{"type":"Feature","id":"ais_par3.146011","geometry":{"type":"Polygon","coordinates":[[[10.3863,54.8604],[10.3861,54.8605],[10.386,54.8605],[10.3859,54.8605],[10.3858,54.8606],[10.3857,54.8606],[10.3856,54.8606],[10.3855,54.8607],[10.3854,54.8608],[10.3854,54.8609],[10.3855,54.8609],[10.3857,54.8609],[10.3858,54.8609],[10.3859,54.8609],[10.386,54.8608],[10.3862,54.8608],[10.3863,54.8608],[10.3865,54.8608],[10.3866,54.8608],[10.3867,54.8607],[10.3868,54.8607],[10.3868,54.8606],[10.3869,54.8605],[10.3869,54.8604],[10.387,54.8604],[10.3873,54.8602],[10.3873,54.8602],[10.3874,54.8602],[10.3874,54.8602],[10.3873,54.86],[10.3872,54.86],[10.3871,54.86],[10.3869,54.86],[10.3868,54.8601],[10.3867,54.8602],[10.3867,54.8603],[10.3866,54.8604],[10.3865,54.8604],[10.3864,54.8604],[10.3863,54.8604],[10.3863,54.8604]]]},"properties":{"sourceId":"ais_par3.146011","a_type":5120,"hectares":0.455}},{"type":"Feature","id":"ais_par3.146012","geometry":{"type":"Polygon","coordinates":[[[10.391,54.8561],[10.3909,54.8561],[10.3909,54.8561],[10.391,54.8562],[10.391,54.8562],[10.3911,54.8562],[10.3912,54.8562],[10.3913,54.8563],[10.3915,54.8563],[10.3916,54.8562],[10.3917,54.8562],[10.3918,54.8561],[10.3918,54.8561],[10.3918,54.856],[10.3917,54.856],[10.3916,54.856],[10.3915,54.8559],[10.3913,54.856],[10.3912,54.856],[10.3911,54.856],[10.391,54.8561]]]},"properties":{"sourceId":"ais_par3.146012","a_type":5120,"hectares":0.142}},{"type":"Feature","id":"ais_par3.146013","geometry":{"type":"Polygon","coordinates":[[[10.3999,54.858],[10.3999,54.858],[10.3998,54.858],[10.3998,54.858],[10.3997,54.8581],[10.3997,54.8581],[10.3997,54.8581],[10.3997,54.8581],[10.3998,54.8582],[10.3998,54.8582],[10.3998,54.8581],[10.3998,54.8581],[10.3998,54.8581],[10.4,54.8581],[10.4002,54.8581],[10.4002,54.8581],[10.4003,54.858],[10.4002,54.858],[10.4002,54.8579],[10.4001,54.8579],[10.4,54.8579],[10.4,54.8579],[10.3999,54.8579],[10.3999,54.858]]]},"properties":{"sourceId":"ais_par3.146013","a_type":5120,"hectares":0.068}},{"type":"Feature","id":"ais_par3.146014","geometry":{"type":"Polygon","coordinates":[[[10.4036,54.8472],[10.4036,54.8473],[10.4035,54.8473],[10.4035,54.8473],[10.4035,54.8474],[10.4035,54.8474],[10.4036,54.8474],[10.4036,54.8475],[10.4037,54.8475],[10.4037,54.8474],[10.4038,54.8474],[10.4038,54.8474],[10.4038,54.8473],[10.4038,54.8473],[10.4037,54.8473],[10.4037,54.8473],[10.4036,54.8472]]]},"properties":{"sourceId":"ais_par3.146014","a_type":5120,"hectares":0.034}},{"type":"Feature","id":"ais_par3.146015","geometry":{"type":"Polygon","coordinates":[[[10.4131,54.8351],[10.413,54.8351],[10.413,54.8351],[10.4131,54.8352],[10.4132,54.8352],[10.4132,54.8351],[10.4133,54.8351],[10.4132,54.8351],[10.4131,54.8351]]]},"properties":{"sourceId":"ais_par3.146015","a_type":5120,"hectares":0.013}},{"type":"Feature","id":"ais_par3.146016","geometry":{"type":"Polygon","coordinates":[[[10.2668,54.9139],[10.2667,54.914],[10.2667,54.914],[10.2667,54.914],[10.2667,54.9141],[10.2667,54.9141],[10.2667,54.9141],[10.2667,54.9142],[10.2669,54.9142],[10.2669,54.9142],[10.2669,54.9142],[10.267,54.9142],[10.267,54.9142],[10.2671,54.9142],[10.2671,54.9141],[10.2672,54.9141],[10.2672,54.9141],[10.2672,54.914],[10.2672,54.914],[10.2671,54.914],[10.267,54.9139],[10.2669,54.9139],[10.2668,54.9139]]]},"properties":{"sourceId":"ais_par3.146016","a_type":5120,"hectares":0.091}},{"type":"Feature","id":"ais_par3.146017","geometry":{"type":"Polygon","coordinates":[[[10.2614,54.9129],[10.2613,54.913],[10.2613,54.913],[10.2614,54.9131],[10.2615,54.9131],[10.2616,54.913],[10.2616,54.913],[10.2615,54.9129],[10.2614,54.9129]]]},"properties":{"sourceId":"ais_par3.146017","a_type":5120,"hectares":0.022}},{"type":"Feature","id":"ais_par3.146019","geometry":{"type":"Polygon","coordinates":[[[10.2866,54.9067],[10.2866,54.9067],[10.2865,54.9068],[10.2865,54.9068],[10.2865,54.9069],[10.2865,54.9069],[10.2865,54.9069],[10.2865,54.9069],[10.2865,54.907],[10.2865,54.9071],[10.2865,54.9071],[10.2865,54.9072],[10.2866,54.9072],[10.2866,54.9073],[10.2866,54.9073],[10.2867,54.9073],[10.2867,54.9073],[10.2867,54.9073],[10.2867,54.9073],[10.2868,54.9073],[10.2869,54.9073],[10.2869,54.9073],[10.287,54.9073],[10.287,54.9072],[10.2871,54.9072],[10.2872,54.9072],[10.2873,54.9071],[10.2873,54.9071],[10.2873,54.9071],[10.2874,54.907],[10.2874,54.907],[10.2873,54.907],[10.2873,54.9069],[10.2872,54.9069],[10.2872,54.9069],[10.2871,54.9068],[10.287,54.9068],[10.2869,54.9068],[10.2869,54.9068],[10.2868,54.9068],[10.2867,54.9068],[10.2867,54.9068],[10.2866,54.9067]]]},"properties":{"sourceId":"ais_par3.146019","a_type":5120,"hectares":0.253}},{"type":"Feature","id":"ais_par3.146020","geometry":{"type":"Polygon","coordinates":[[[10.3095,54.8881],[10.3095,54.8881],[10.3094,54.8881],[10.3093,54.8881],[10.3093,54.8881],[10.3093,54.8881],[10.3093,54.8882],[10.3093,54.8882],[10.3094,54.8883],[10.3094,54.8883],[10.3095,54.8883],[10.3096,54.8884],[10.3097,54.8884],[10.3097,54.8884],[10.3098,54.8883],[10.3099,54.8883],[10.3099,54.8882],[10.3099,54.8882],[10.3098,54.8882],[10.3098,54.8881],[10.3097,54.8881],[10.3097,54.8881],[10.3096,54.8881],[10.3096,54.8881],[10.3095,54.8881]]]},"properties":{"sourceId":"ais_par3.146020","a_type":5120,"hectares":0.097}},{"type":"Feature","id":"ais_par3.146021","geometry":{"type":"Polygon","coordinates":[[[10.3141,54.8871],[10.314,54.8871],[10.3139,54.8871],[10.3139,54.8872],[10.3138,54.8872],[10.3138,54.8872],[10.3139,54.8872],[10.3139,54.8873],[10.314,54.8873],[10.3141,54.8873],[10.3141,54.8873],[10.3142,54.8873],[10.3142,54.8873],[10.3143,54.8872],[10.3143,54.8872],[10.3143,54.8872],[10.3143,54.8872],[10.3143,54.8872],[10.3142,54.8871],[10.3142,54.8871],[10.3142,54.8871],[10.3141,54.8871]]]},"properties":{"sourceId":"ais_par3.146021","a_type":5120,"hectares":0.053}},{"type":"Feature","id":"ais_par3.146022","geometry":{"type":"Polygon","coordinates":[[[10.3227,54.8823],[10.3226,54.8823],[10.3225,54.8825],[10.3225,54.8827],[10.3225,54.8827],[10.3225,54.8827],[10.3225,54.8827],[10.3225,54.8827],[10.3226,54.8827],[10.3226,54.8828],[10.3229,54.8827],[10.3229,54.8827],[10.323,54.8827],[10.3231,54.8826],[10.3232,54.8824],[10.3232,54.8823],[10.3231,54.8823],[10.3231,54.8823],[10.323,54.8822],[10.3228,54.8822],[10.3227,54.8823]]]},"properties":{"sourceId":"ais_par3.146022","a_type":5120,"hectares":0.19}},{"type":"Feature","id":"ais_par3.146023","geometry":{"type":"Polygon","coordinates":[[[10.3278,54.8807],[10.3276,54.8808],[10.3276,54.8809],[10.3276,54.881],[10.3276,54.881],[10.3277,54.881],[10.3279,54.881],[10.328,54.881],[10.3281,54.8809],[10.3282,54.8809],[10.3283,54.8808],[10.3284,54.8807],[10.3285,54.8806],[10.3285,54.8806],[10.3285,54.8806],[10.3285,54.8805],[10.3285,54.8805],[10.3284,54.8805],[10.3282,54.8805],[10.3281,54.8805],[10.3278,54.8807]]]},"properties":{"sourceId":"ais_par3.146023","a_type":5120,"hectares":0.197}},{"type":"Feature","id":"ais_par3.146024","geometry":{"type":"Polygon","coordinates":[[[10.3485,54.8718],[10.3483,54.8719],[10.3483,54.8719],[10.3484,54.872],[10.3485,54.872],[10.3486,54.8719],[10.3487,54.8719],[10.3487,54.8718],[10.3485,54.8718]]]},"properties":{"sourceId":"ais_par3.146024","a_type":5120,"hectares":0.032}},{"type":"Feature","id":"ais_par3.146025","geometry":{"type":"Polygon","coordinates":[[[10.3487,54.8703],[10.3487,54.8703],[10.3487,54.8704],[10.3487,54.8704],[10.3488,54.8705],[10.3489,54.8705],[10.349,54.8705],[10.349,54.8704],[10.3491,54.8703],[10.349,54.8703],[10.3489,54.8703],[10.3487,54.8703]]]},"properties":{"sourceId":"ais_par3.146025","a_type":5120,"hectares":0.046}},{"type":"Feature","id":"ais_par3.146026","geometry":{"type":"Polygon","coordinates":[[[10.3515,54.8689],[10.3515,54.8689],[10.3514,54.8689],[10.3514,54.869],[10.3515,54.869],[10.3515,54.869],[10.3515,54.8691],[10.3516,54.8691],[10.3517,54.8691],[10.3517,54.8691],[10.3518,54.869],[10.3519,54.869],[10.3519,54.8689],[10.3519,54.8689],[10.3519,54.8688],[10.3518,54.8688],[10.3517,54.8688],[10.3515,54.8689]]]},"properties":{"sourceId":"ais_par3.146026","a_type":5120,"hectares":0.066}},{"type":"Feature","id":"ais_par3.146027","geometry":{"type":"Polygon","coordinates":[[[10.3483,54.8654],[10.3482,54.8655],[10.3482,54.8655],[10.3481,54.8656],[10.348,54.8656],[10.3481,54.8657],[10.3482,54.8657],[10.3482,54.8657],[10.3483,54.8657],[10.3484,54.8656],[10.3485,54.8656],[10.3486,54.8655],[10.3486,54.8655],[10.3485,54.8654],[10.3485,54.8654],[10.3484,54.8654],[10.3483,54.8654],[10.3483,54.8654]]]},"properties":{"sourceId":"ais_par3.146027","a_type":5120,"hectares":0.06}},{"type":"Feature","id":"ais_par3.146028","geometry":{"type":"Polygon","coordinates":[[[10.3364,54.8713],[10.3363,54.8713],[10.3363,54.8714],[10.3363,54.8714],[10.3364,54.8714],[10.3365,54.8714],[10.3366,54.8714],[10.3365,54.8713],[10.3365,54.8713],[10.3364,54.8713]]]},"properties":{"sourceId":"ais_par3.146028","a_type":5120,"hectares":0.028}},{"type":"Feature","id":"ais_par3.146029","geometry":{"type":"Polygon","coordinates":[[[10.3364,54.8705],[10.3363,54.8705],[10.3362,54.8705],[10.3363,54.8706],[10.3364,54.8706],[10.3365,54.8706],[10.3366,54.8706],[10.3367,54.8705],[10.3366,54.8704],[10.3365,54.8704],[10.3364,54.8705]]]},"properties":{"sourceId":"ais_par3.146029","a_type":5120,"hectares":0.05}},{"type":"Feature","id":"ais_par3.146030","geometry":{"type":"Polygon","coordinates":[[[10.3457,54.8595],[10.3456,54.8595],[10.3456,54.8596],[10.3455,54.8596],[10.3455,54.8597],[10.3455,54.8597],[10.3456,54.8597],[10.3457,54.8597],[10.3457,54.8597],[10.3458,54.8596],[10.3459,54.8596],[10.3459,54.8596],[10.3459,54.8595],[10.3458,54.8595],[10.3458,54.8595],[10.3457,54.8595]]]},"properties":{"sourceId":"ais_par3.146030","a_type":5120,"hectares":0.041}},{"type":"Feature","id":"ais_par3.146031","geometry":{"type":"Polygon","coordinates":[[[10.3801,54.8545],[10.38,54.8545],[10.38,54.8546],[10.38,54.8546],[10.3799,54.8547],[10.3802,54.8546],[10.3804,54.8546],[10.3804,54.8546],[10.3804,54.8545],[10.3803,54.8545],[10.3801,54.8545]]]},"properties":{"sourceId":"ais_par3.146031","a_type":5120,"hectares":0.047}},{"type":"Feature","id":"ais_par3.146032","geometry":{"type":"Polygon","coordinates":[[[10.3631,54.8468],[10.3631,54.8468],[10.363,54.8468],[10.3631,54.8469],[10.3631,54.8469],[10.3632,54.8469],[10.3632,54.8469],[10.3632,54.8469],[10.3632,54.8468],[10.3631,54.8468]]]},"properties":{"sourceId":"ais_par3.146032","a_type":5120,"hectares":0.01}},{"type":"Feature","id":"ais_par3.146033","geometry":{"type":"Polygon","coordinates":[[[10.3675,54.8424],[10.3674,54.8425],[10.3672,54.8426],[10.3672,54.8426],[10.3672,54.8427],[10.3672,54.8427],[10.3673,54.8427],[10.3676,54.8426],[10.3678,54.8426],[10.3677,54.8425],[10.3677,54.8424],[10.3676,54.8423],[10.3675,54.8424]]]},"properties":{"sourceId":"ais_par3.146033","a_type":5120,"hectares":0.075}},{"type":"Feature","id":"ais_par3.146034","geometry":{"type":"Polygon","coordinates":[[[10.3758,54.8419],[10.3757,54.842],[10.3757,54.842],[10.3757,54.8421],[10.3758,54.8421],[10.3758,54.8421],[10.3759,54.8421],[10.376,54.8421],[10.3761,54.8421],[10.3761,54.842],[10.3761,54.842],[10.3761,54.842],[10.3761,54.8419],[10.376,54.8419],[10.376,54.8419],[10.3759,54.8419],[10.3758,54.8419]]]},"properties":{"sourceId":"ais_par3.146034","a_type":5120,"hectares":0.046}},{"type":"Feature","id":"ais_par3.146035","geometry":{"type":"Polygon","coordinates":[[[10.3811,54.8438],[10.381,54.8438],[10.3809,54.8438],[10.381,54.8439],[10.381,54.8439],[10.3811,54.844],[10.3812,54.844],[10.3812,54.8439],[10.3813,54.8439],[10.3812,54.8439],[10.3812,54.8438],[10.3811,54.8438],[10.3811,54.8438]]]},"properties":{"sourceId":"ais_par3.146035","a_type":5120,"hectares":0.028}},{"type":"Feature","id":"ais_par3.146036","geometry":{"type":"Polygon","coordinates":[[[10.4072,54.8284],[10.4071,54.8284],[10.407,54.8285],[10.407,54.8285],[10.4072,54.8285],[10.4073,54.8286],[10.4075,54.8287],[10.4074,54.8286],[10.4074,54.8285],[10.4073,54.8284],[10.4072,54.8284]]]},"properties":{"sourceId":"ais_par3.146036","a_type":5120,"hectares":0.036}},{"type":"Feature","id":"ais_par3.146831","geometry":{"type":"Polygon","coordinates":[[[10.5205,54.8475],[10.5205,54.8474],[10.5204,54.8474],[10.5203,54.8475],[10.5203,54.8475],[10.5204,54.8475],[10.5205,54.8475],[10.5205,54.8475],[10.5205,54.8475]]]},"properties":{"sourceId":"ais_par3.146831","a_type":5120,"hectares":0.017}},{"type":"Feature","id":"ais_par3.150162","geometry":{"type":"Polygon","coordinates":[[[10.483,54.8907],[10.4828,54.8907],[10.4828,54.8907],[10.4827,54.8908],[10.4826,54.8908],[10.4825,54.8909],[10.4826,54.8909],[10.4826,54.8909],[10.4827,54.8909],[10.4828,54.8909],[10.4829,54.8909],[10.483,54.8909],[10.4831,54.8909],[10.4831,54.8909],[10.4832,54.8909],[10.4833,54.8909],[10.4833,54.8909],[10.4834,54.8909],[10.4837,54.8908],[10.484,54.8908],[10.4843,54.8907],[10.4845,54.8906],[10.4848,54.8905],[10.4849,54.8905],[10.485,54.8904],[10.485,54.8904],[10.485,54.8904],[10.4848,54.8903],[10.4848,54.8903],[10.4846,54.8904],[10.4844,54.8904],[10.4842,54.8904],[10.484,54.8905],[10.4839,54.8905],[10.4837,54.8906],[10.483,54.8907]]]},"properties":{"sourceId":"ais_par3.150162","a_type":5120,"hectares":0.395}},{"type":"Feature","id":"ais_par3.150142","geometry":{"type":"Polygon","coordinates":[[[10.4683,54.8832],[10.4683,54.8832],[10.4682,54.8832],[10.4682,54.8833],[10.4681,54.8833],[10.4681,54.8833],[10.4681,54.8833],[10.4682,54.8834],[10.4682,54.8834],[10.4682,54.8834],[10.4683,54.8834],[10.4684,54.8834],[10.4684,54.8834],[10.4684,54.8834],[10.4685,54.8833],[10.4686,54.8833],[10.4686,54.8833],[10.4685,54.8833],[10.4685,54.8832],[10.4685,54.8832],[10.4684,54.8832],[10.4684,54.8832],[10.4683,54.8832],[10.4683,54.8832]]]},"properties":{"sourceId":"ais_par3.150142","a_type":5120,"hectares":0.041}},{"type":"Feature","id":"ais_par3.150143","geometry":{"type":"Polygon","coordinates":[[[10.4894,54.8703],[10.4893,54.8703],[10.4893,54.8704],[10.4893,54.8704],[10.4893,54.8704],[10.4893,54.8704],[10.4893,54.8704],[10.4893,54.8704],[10.4893,54.8705],[10.4893,54.8705],[10.4894,54.8705],[10.4894,54.8705],[10.4895,54.8705],[10.4895,54.8704],[10.4895,54.8704],[10.4895,54.8704],[10.4895,54.8704],[10.4894,54.8703],[10.4894,54.8703],[10.4894,54.8703]]]},"properties":{"sourceId":"ais_par3.150143","a_type":5120,"hectares":0.02}},{"type":"Feature","id":"ais_par3.150144","geometry":{"type":"Polygon","coordinates":[[[10.4797,54.8502],[10.4797,54.8502],[10.4797,54.8502],[10.4797,54.8503],[10.4798,54.8503],[10.4799,54.8503],[10.4799,54.8502],[10.4799,54.8502],[10.4797,54.8502]]]},"properties":{"sourceId":"ais_par3.150144","a_type":5120,"hectares":0.021}},{"type":"Feature","id":"ais_par3.150145","geometry":{"type":"Polygon","coordinates":[[[10.5001,54.9342],[10.5,54.9342],[10.5,54.9342],[10.5,54.9343],[10.5,54.9344],[10.5001,54.9344],[10.5002,54.9344],[10.5003,54.9343],[10.5003,54.9343],[10.5002,54.9342],[10.5002,54.9342],[10.5002,54.9342],[10.5001,54.9341],[10.5001,54.9342],[10.5001,54.9342]]]},"properties":{"sourceId":"ais_par3.150145","a_type":5120,"hectares":0.045}},{"type":"Feature","id":"ais_par3.150146","geometry":{"type":"Polygon","coordinates":[[[10.5071,54.9326],[10.507,54.9326],[10.507,54.9327],[10.5071,54.9328],[10.5072,54.9328],[10.5074,54.9328],[10.5074,54.9327],[10.5074,54.9327],[10.5074,54.9326],[10.5073,54.9326],[10.5071,54.9326]]]},"properties":{"sourceId":"ais_par3.150146","a_type":5120,"hectares":0.047}},{"type":"Feature","id":"ais_par3.150147","geometry":{"type":"Polygon","coordinates":[[[10.5049,54.931],[10.5049,54.931],[10.5049,54.931],[10.5048,54.931],[10.5048,54.931],[10.5048,54.931],[10.5048,54.931],[10.5048,54.931],[10.5048,54.9311],[10.5048,54.9311],[10.5048,54.9311],[10.5048,54.9311],[10.5049,54.9312],[10.5049,54.9312],[10.5049,54.9312],[10.505,54.9312],[10.505,54.9312],[10.5051,54.9312],[10.5051,54.9312],[10.5051,54.9312],[10.5051,54.9311],[10.5052,54.9311],[10.505,54.931],[10.505,54.931],[10.505,54.931],[10.505,54.931],[10.5049,54.931]]]},"properties":{"sourceId":"ais_par3.150147","a_type":5120,"hectares":0.044}},{"type":"Feature","id":"ais_par3.150148","geometry":{"type":"Polygon","coordinates":[[[10.5019,54.9296],[10.5019,54.9296],[10.5018,54.9296],[10.5018,54.9296],[10.5018,54.9297],[10.5018,54.9297],[10.5019,54.9297],[10.5019,54.9297],[10.5019,54.9297],[10.5019,54.9297],[10.502,54.9297],[10.502,54.9297],[10.502,54.9297],[10.502,54.9296],[10.502,54.9296],[10.502,54.9296],[10.5019,54.9296],[10.5019,54.9296]]]},"properties":{"sourceId":"ais_par3.150148","a_type":5120,"hectares":0.012}},{"type":"Feature","id":"ais_par3.150149","geometry":{"type":"Polygon","coordinates":[[[10.5086,54.9301],[10.5086,54.9302],[10.5086,54.9303],[10.5087,54.9303],[10.5087,54.9303],[10.5088,54.9303],[10.5089,54.9303],[10.509,54.9303],[10.509,54.9301],[10.509,54.9301],[10.5089,54.93],[10.5087,54.93],[10.5086,54.9301]]]},"properties":{"sourceId":"ais_par3.150149","a_type":5120,"hectares":0.071}},{"type":"Feature","id":"ais_par3.150150","geometry":{"type":"Polygon","coordinates":[[[10.5106,54.9302],[10.5106,54.9302],[10.5106,54.9302],[10.5105,54.9302],[10.5105,54.9302],[10.5105,54.9302],[10.5105,54.9302],[10.5105,54.9303],[10.5105,54.9303],[10.5105,54.9303],[10.5105,54.9303],[10.5105,54.9303],[10.5105,54.9304],[10.5105,54.9304],[10.5106,54.9304],[10.5106,54.9304],[10.5107,54.9304],[10.5107,54.9304],[10.5108,54.9303],[10.5108,54.9303],[10.5108,54.9303],[10.5108,54.9302],[10.5108,54.9302],[10.5107,54.9302],[10.5107,54.9302],[10.5106,54.9302]]]},"properties":{"sourceId":"ais_par3.150150","a_type":5120,"hectares":0.034}},{"type":"Feature","id":"ais_par3.150151","geometry":{"type":"Polygon","coordinates":[[[10.5111,54.9285],[10.511,54.9286],[10.5109,54.9286],[10.5109,54.9287],[10.511,54.9287],[10.511,54.9287],[10.5112,54.9287],[10.5113,54.9286],[10.5113,54.9286],[10.5112,54.9285],[10.5111,54.9285]]]},"properties":{"sourceId":"ais_par3.150151","a_type":5120,"hectares":0.036}},{"type":"Feature","id":"ais_par3.150152","geometry":{"type":"Polygon","coordinates":[[[10.4975,54.9333],[10.4975,54.9333],[10.4975,54.9334],[10.4975,54.9334],[10.4977,54.9335],[10.4977,54.9334],[10.4976,54.9333],[10.4975,54.9333]]]},"properties":{"sourceId":"ais_par3.150152","a_type":5120,"hectares":0.023}},{"type":"Feature","id":"ais_par3.150153","geometry":{"type":"Polygon","coordinates":[[[10.4834,54.9231],[10.4833,54.9231],[10.4833,54.9232],[10.4832,54.9232],[10.4832,54.9232],[10.4832,54.9232],[10.4831,54.9233],[10.4831,54.9234],[10.4831,54.9234],[10.4831,54.9235],[10.4832,54.9235],[10.4832,54.9235],[10.4832,54.9236],[10.4832,54.9236],[10.4832,54.9236],[10.4832,54.9236],[10.4833,54.9237],[10.4833,54.9237],[10.4833,54.9237],[10.4834,54.9237],[10.4834,54.9237],[10.4834,54.9237],[10.4835,54.9237],[10.4835,54.9236],[10.4835,54.9236],[10.4836,54.9236],[10.4836,54.9236],[10.4837,54.9236],[10.4838,54.9236],[10.4838,54.9236],[10.4838,54.9236],[10.4839,54.9236],[10.4839,54.9236],[10.4839,54.9236],[10.484,54.9236],[10.484,54.9235],[10.484,54.9235],[10.484,54.9234],[10.484,54.9234],[10.484,54.9233],[10.484,54.9233],[10.484,54.9233],[10.4839,54.9232],[10.4839,54.9232],[10.4839,54.9232],[10.4839,54.9232],[10.4839,54.9231],[10.4839,54.9231],[10.4839,54.9231],[10.4839,54.9231],[10.484,54.923],[10.4841,54.923],[10.4841,54.9229],[10.4841,54.9229],[10.4841,54.9229],[10.4841,54.9229],[10.4841,54.9229],[10.484,54.9229],[10.484,54.9229],[10.4839,54.9229],[10.4839,54.9229],[10.4839,54.9229],[10.4838,54.923],[10.4838,54.923],[10.4838,54.923],[10.4837,54.923],[10.4836,54.923],[10.4836,54.923],[10.4835,54.923],[10.4835,54.9231],[10.4834,54.9231],[10.4834,54.9231]]]},"properties":{"sourceId":"ais_par3.150153","a_type":5120,"hectares":0.349}},{"type":"Feature","id":"ais_par3.150163","geometry":{"type":"Polygon","coordinates":[[[10.4849,54.8893],[10.4848,54.8893],[10.4848,54.8894],[10.4847,54.8894],[10.4847,54.8894],[10.4847,54.8894],[10.4847,54.8894],[10.4848,54.8894],[10.4848,54.8894],[10.4848,54.8894],[10.4848,54.8894],[10.4848,54.8894],[10.4849,54.8894],[10.4849,54.8894],[10.4849,54.8894],[10.485,54.8894],[10.485,54.8894],[10.485,54.8894],[10.4851,54.8894],[10.4852,54.8894],[10.4852,54.8894],[10.4852,54.8893],[10.4852,54.8893],[10.4852,54.8893],[10.4851,54.8893],[10.485,54.8893],[10.485,54.8893],[10.4849,54.8893]]]},"properties":{"sourceId":"ais_par3.150163","a_type":5120,"hectares":0.037}},{"type":"Feature","id":"ais_par3.150154","geometry":{"type":"Polygon","coordinates":[[[10.4823,54.921],[10.482,54.921],[10.4815,54.9212],[10.4812,54.9213],[10.481,54.9214],[10.4807,54.9214],[10.4805,54.9215],[10.4805,54.9216],[10.4805,54.9217],[10.4807,54.9217],[10.4808,54.9217],[10.481,54.9217],[10.4812,54.9216],[10.4814,54.9216],[10.4816,54.9216],[10.4816,54.9216],[10.4819,54.9215],[10.4821,54.9215],[10.4822,54.9214],[10.4824,54.9214],[10.4827,54.9214],[10.4829,54.9214],[10.483,54.9214],[10.483,54.9214],[10.4831,54.9214],[10.4832,54.9215],[10.4832,54.9215],[10.4834,54.9216],[10.4835,54.9216],[10.4837,54.9216],[10.4839,54.9217],[10.484,54.9217],[10.484,54.9217],[10.4841,54.9216],[10.4837,54.9213],[10.4835,54.9212],[10.4834,54.9211],[10.4835,54.921],[10.4839,54.9211],[10.4842,54.9211],[10.4843,54.9211],[10.4844,54.9211],[10.4845,54.9209],[10.4847,54.9208],[10.4848,54.9207],[10.4848,54.9206],[10.485,54.9205],[10.485,54.9205],[10.4849,54.9204],[10.4848,54.9204],[10.4848,54.9204],[10.4848,54.9204],[10.4847,54.9204],[10.4847,54.9204],[10.4845,54.9204],[10.4844,54.9204],[10.4844,54.9204],[10.4844,54.9204],[10.4842,54.9205],[10.4841,54.9206],[10.4839,54.9207],[10.4836,54.9207],[10.4834,54.9207],[10.483,54.9207],[10.4827,54.9208],[10.4824,54.9209],[10.4823,54.921]]]},"properties":{"sourceId":"ais_par3.150154","a_type":5120,"hectares":1.566}},{"type":"Feature","id":"ais_par3.150155","geometry":{"type":"Polygon","coordinates":[[[10.4781,54.9199],[10.4779,54.9199],[10.4776,54.9199],[10.4775,54.9198],[10.4774,54.9197],[10.4774,54.9195],[10.4775,54.9194],[10.4776,54.9192],[10.4777,54.9191],[10.4778,54.919],[10.478,54.9189],[10.4781,54.9188],[10.4782,54.9187],[10.4784,54.9186],[10.4784,54.9186],[10.4785,54.9185],[10.4787,54.9184],[10.4788,54.9184],[10.479,54.9183],[10.479,54.9183],[10.4789,54.9182],[10.4787,54.9182],[10.4784,54.9183],[10.4783,54.9183],[10.4781,54.9184],[10.478,54.9185],[10.4778,54.9186],[10.4775,54.9187],[10.4773,54.9189],[10.4769,54.9189],[10.4767,54.9191],[10.4762,54.9191],[10.4758,54.9191],[10.4759,54.9194],[10.4762,54.9198],[10.4764,54.92],[10.4766,54.9201],[10.477,54.9204],[10.4772,54.9205],[10.4773,54.9207],[10.4773,54.9208],[10.4773,54.9209],[10.4776,54.9213],[10.4779,54.9214],[10.478,54.9214],[10.478,54.9214],[10.478,54.9214],[10.4781,54.9214],[10.4781,54.9214],[10.4781,54.9214],[10.4781,54.9214],[10.4782,54.9214],[10.4782,54.9215],[10.4782,54.9215],[10.4782,54.9215],[10.4782,54.9215],[10.4782,54.9216],[10.4782,54.9217],[10.4782,54.9218],[10.4782,54.9219],[10.4783,54.922],[10.4786,54.922],[10.4787,54.9221],[10.4789,54.922],[10.4789,54.922],[10.4792,54.9218],[10.4793,54.9216],[10.4794,54.9215],[10.4795,54.9213],[10.4797,54.9211],[10.4798,54.9209],[10.48,54.9208],[10.4803,54.9206],[10.4805,54.9205],[10.4808,54.9204],[10.4812,54.9202],[10.4814,54.9201],[10.4816,54.92],[10.4816,54.92],[10.4814,54.9199],[10.4813,54.9198],[10.481,54.9198],[10.4807,54.9197],[10.4805,54.9197],[10.4803,54.9197],[10.4801,54.9197],[10.4798,54.9197],[10.4795,54.9197],[10.4793,54.9197],[10.4792,54.9198],[10.479,54.9199],[10.4789,54.9199],[10.4786,54.9199],[10.4784,54.9199],[10.4781,54.9199]]]},"properties":{"sourceId":"ais_par3.150155","a_type":5120,"hectares":5.471}},{"type":"Feature","id":"ais_par3.150156","geometry":{"type":"Polygon","coordinates":[[[10.4789,54.9177],[10.4788,54.9177],[10.4788,54.9177],[10.4787,54.9177],[10.4787,54.9178],[10.4788,54.9178],[10.4788,54.9179],[10.4789,54.9179],[10.4789,54.9179],[10.479,54.9179],[10.479,54.9179],[10.4791,54.9178],[10.4791,54.9178],[10.4791,54.9178],[10.4791,54.9177],[10.479,54.9177],[10.479,54.9177],[10.4789,54.9177],[10.4789,54.9177]]]},"properties":{"sourceId":"ais_par3.150156","a_type":5120,"hectares":0.048}},{"type":"Feature","id":"ais_par3.150157","geometry":{"type":"Polygon","coordinates":[[[10.4901,54.9155],[10.4899,54.9155],[10.4899,54.9155],[10.4899,54.9156],[10.4899,54.9156],[10.4899,54.9156],[10.4899,54.9157],[10.4899,54.9157],[10.4899,54.9157],[10.4899,54.9158],[10.4899,54.9158],[10.4898,54.9158],[10.4898,54.9158],[10.4897,54.9159],[10.4896,54.916],[10.4895,54.9161],[10.4894,54.9161],[10.4893,54.9161],[10.4893,54.9161],[10.4893,54.9161],[10.4893,54.9161],[10.4893,54.9161],[10.4892,54.9161],[10.4893,54.9162],[10.4894,54.9162],[10.4895,54.9163],[10.4898,54.9164],[10.4911,54.9156],[10.4911,54.9156],[10.4909,54.9154],[10.4909,54.9154],[10.4909,54.9153],[10.4909,54.9152],[10.4908,54.9152],[10.4908,54.9152],[10.4908,54.9152],[10.4907,54.9152],[10.4906,54.9153],[10.4906,54.9153],[10.4906,54.9154],[10.4906,54.9154],[10.4906,54.9154],[10.4905,54.9154],[10.4905,54.9155],[10.4904,54.9155],[10.4902,54.9155],[10.4901,54.9155]]]},"properties":{"sourceId":"ais_par3.150157","a_type":5120,"hectares":0.608}},{"type":"Feature","id":"ais_par3.150158","geometry":{"type":"Polygon","coordinates":[[[10.4879,54.918],[10.4879,54.918],[10.4878,54.918],[10.4877,54.9181],[10.4877,54.9181],[10.4877,54.9182],[10.4878,54.9182],[10.488,54.9183],[10.488,54.9183],[10.4882,54.9183],[10.4884,54.9184],[10.4886,54.9184],[10.4887,54.9184],[10.4888,54.9184],[10.4888,54.9183],[10.4889,54.9183],[10.4889,54.9183],[10.4889,54.9183],[10.4889,54.9183],[10.4889,54.9183],[10.4889,54.9182],[10.4888,54.9182],[10.4888,54.9182],[10.4888,54.9182],[10.4887,54.9181],[10.4887,54.9181],[10.4887,54.9181],[10.4887,54.9181],[10.4887,54.9181],[10.4887,54.918],[10.4888,54.918],[10.4888,54.918],[10.4889,54.918],[10.4889,54.918],[10.489,54.918],[10.489,54.918],[10.4891,54.918],[10.4891,54.918],[10.4891,54.918],[10.4892,54.9179],[10.4892,54.9179],[10.4891,54.9178],[10.4891,54.9177],[10.4891,54.9177],[10.489,54.9177],[10.489,54.9177],[10.4889,54.9178],[10.4889,54.9178],[10.4888,54.9178],[10.4888,54.9178],[10.4887,54.9179],[10.4887,54.9179],[10.4886,54.918],[10.4886,54.918],[10.4886,54.918],[10.4886,54.918],[10.4886,54.918],[10.4886,54.9181],[10.4885,54.9181],[10.4882,54.918],[10.4879,54.918]]]},"properties":{"sourceId":"ais_par3.150158","a_type":5120,"hectares":0.281}},{"type":"Feature","id":"ais_par3.150159","geometry":{"type":"Polygon","coordinates":[[[10.4858,54.9186],[10.4856,54.9186],[10.4856,54.9185],[10.4855,54.9185],[10.4854,54.9184],[10.4853,54.9185],[10.4853,54.9186],[10.4855,54.9187],[10.4856,54.9187],[10.4857,54.9188],[10.4857,54.9188],[10.4858,54.9189],[10.4859,54.9189],[10.4859,54.9189],[10.486,54.9189],[10.486,54.9189],[10.486,54.9189],[10.4861,54.9189],[10.4861,54.9189],[10.4861,54.9189],[10.4862,54.9188],[10.4862,54.9188],[10.4862,54.9188],[10.4862,54.9188],[10.4862,54.9188],[10.4862,54.9187],[10.4863,54.9187],[10.4863,54.9187],[10.4863,54.9187],[10.4863,54.9187],[10.4862,54.9186],[10.4862,54.9186],[10.4861,54.9186],[10.4861,54.9186],[10.4859,54.9186],[10.4858,54.9186]]]},"properties":{"sourceId":"ais_par3.150159","a_type":5120,"hectares":0.154}},{"type":"Feature","id":"ais_par3.150160","geometry":{"type":"Polygon","coordinates":[[[10.4966,54.9118],[10.4965,54.9119],[10.4965,54.9119],[10.4964,54.9119],[10.4964,54.9119],[10.4964,54.9119],[10.4963,54.9119],[10.4963,54.9119],[10.4962,54.9119],[10.4962,54.9119],[10.4962,54.9119],[10.4961,54.9119],[10.4961,54.9119],[10.4961,54.912],[10.4961,54.912],[10.4961,54.912],[10.4961,54.912],[10.4961,54.9121],[10.4961,54.9121],[10.4962,54.9121],[10.4962,54.9121],[10.4962,54.9121],[10.4963,54.9121],[10.4963,54.9121],[10.4963,54.9121],[10.4964,54.9121],[10.4964,54.9121],[10.4965,54.9122],[10.4965,54.9122],[10.4966,54.9122],[10.4966,54.9122],[10.4967,54.9122],[10.4967,54.9122],[10.4968,54.9122],[10.4968,54.9122],[10.4968,54.9122],[10.497,54.9122],[10.4975,54.9122],[10.4975,54.9122],[10.4976,54.9122],[10.4976,54.9122],[10.4977,54.9122],[10.4977,54.9121],[10.4977,54.9119],[10.4977,54.9119],[10.4977,54.9119],[10.4976,54.9119],[10.4976,54.9119],[10.4976,54.9119],[10.4974,54.9119],[10.4974,54.9119],[10.4973,54.9119],[10.4973,54.9119],[10.4973,54.9119],[10.4972,54.9119],[10.4972,54.9119],[10.4971,54.9119],[10.4971,54.9119],[10.497,54.9119],[10.497,54.9119],[10.4969,54.9119],[10.4969,54.9119],[10.4968,54.9119],[10.4968,54.9119],[10.4968,54.9119],[10.4967,54.9119],[10.4967,54.9118],[10.4967,54.9118],[10.4967,54.9118],[10.4966,54.9118],[10.4966,54.9118]]]},"properties":{"sourceId":"ais_par3.150160","a_type":5120,"hectares":0.338}},{"type":"Feature","id":"ais_par3.150161","geometry":{"type":"Polygon","coordinates":[[[10.4794,54.8905],[10.4792,54.8905],[10.4791,54.8905],[10.479,54.8906],[10.4789,54.8907],[10.4789,54.8907],[10.479,54.8908],[10.479,54.8908],[10.4791,54.8909],[10.4791,54.8909],[10.4793,54.891],[10.4794,54.891],[10.4795,54.891],[10.4796,54.891],[10.4798,54.891],[10.4801,54.8909],[10.4803,54.8908],[10.4806,54.8907],[10.4808,54.8907],[10.4807,54.8907],[10.4806,54.8907],[10.4806,54.8906],[10.4805,54.8906],[10.4804,54.8907],[10.4803,54.8907],[10.4802,54.8907],[10.4801,54.8907],[10.4801,54.8907],[10.48,54.8907],[10.48,54.8907],[10.4799,54.8907],[10.4798,54.8907],[10.4797,54.8906],[10.4796,54.8906],[10.4796,54.8905],[10.4795,54.8905],[10.4794,54.8905]]]},"properties":{"sourceId":"ais_par3.150161","a_type":5120,"hectares":0.368}},{"type":"Feature","id":"ais_par3.150164","geometry":{"type":"Polygon","coordinates":[[[10.4908,54.8887],[10.4907,54.8888],[10.4906,54.8889],[10.4906,54.8889],[10.4905,54.8889],[10.4905,54.889],[10.4905,54.889],[10.4904,54.8892],[10.4904,54.8893],[10.4903,54.8893],[10.4903,54.8894],[10.4903,54.8894],[10.4902,54.8894],[10.4902,54.8894],[10.4901,54.8894],[10.4901,54.8895],[10.4901,54.8895],[10.4901,54.8895],[10.4902,54.8895],[10.4902,54.8895],[10.4903,54.8895],[10.4904,54.8894],[10.4905,54.8894],[10.4906,54.8893],[10.4907,54.8893],[10.4908,54.8892],[10.4909,54.8892],[10.4909,54.8891],[10.491,54.889],[10.4911,54.889],[10.4912,54.8889],[10.4912,54.8888],[10.4914,54.8888],[10.4915,54.8887],[10.4915,54.8887],[10.4916,54.8887],[10.4916,54.8887],[10.4916,54.8887],[10.4916,54.8886],[10.4916,54.8886],[10.4917,54.8885],[10.4917,54.8885],[10.4918,54.8884],[10.4918,54.8884],[10.4918,54.8883],[10.4918,54.8883],[10.4918,54.8882],[10.4917,54.8882],[10.4917,54.8882],[10.4916,54.8883],[10.4915,54.8883],[10.4915,54.8884],[10.4914,54.8884],[10.4914,54.8884],[10.4914,54.8884],[10.4912,54.8885],[10.4912,54.8886],[10.4908,54.8887]]]},"properties":{"sourceId":"ais_par3.150164","a_type":5120,"hectares":0.379}},{"type":"Feature","id":"ais_par3.150165","geometry":{"type":"Polygon","coordinates":[[[10.5082,54.8865],[10.5079,54.8866],[10.5078,54.8866],[10.5076,54.8867],[10.5075,54.8867],[10.5073,54.8867],[10.5072,54.8868],[10.5071,54.8868],[10.5068,54.8869],[10.5067,54.8869],[10.5066,54.8869],[10.5065,54.8869],[10.5064,54.887],[10.5063,54.887],[10.5064,54.887],[10.5064,54.887],[10.5065,54.887],[10.5066,54.887],[10.507,54.8869],[10.5071,54.8869],[10.5073,54.8868],[10.5074,54.8868],[10.5075,54.8868],[10.5078,54.8868],[10.5079,54.8868],[10.5079,54.8868],[10.508,54.8868],[10.5081,54.8868],[10.5081,54.8867],[10.5082,54.8867],[10.5082,54.8867],[10.5082,54.8866],[10.5082,54.8866],[10.5082,54.8865]]]},"properties":{"sourceId":"ais_par3.150165","a_type":5120,"hectares":0.167}},{"type":"Feature","id":"ais_par3.150166","geometry":{"type":"Polygon","coordinates":[[[10.5022,54.8855],[10.502,54.8855],[10.5019,54.8856],[10.5015,54.8858],[10.5014,54.8858],[10.5015,54.8859],[10.5016,54.8859],[10.5016,54.8859],[10.5018,54.886],[10.5019,54.886],[10.502,54.886],[10.5021,54.886],[10.5022,54.8859],[10.5023,54.8859],[10.5025,54.8859],[10.5026,54.8859],[10.5028,54.8858],[10.5029,54.8858],[10.503,54.8858],[10.503,54.8858],[10.5031,54.8858],[10.5031,54.8857],[10.5032,54.8856],[10.5033,54.8856],[10.5033,54.8855],[10.5033,54.8854],[10.5033,54.8854],[10.5033,54.8853],[10.5033,54.8853],[10.5034,54.8852],[10.5034,54.8852],[10.5034,54.8852],[10.5033,54.8851],[10.5032,54.8851],[10.5031,54.8851],[10.503,54.8852],[10.5029,54.8852],[10.5028,54.8852],[10.5028,54.8853],[10.5027,54.8853],[10.5027,54.8853],[10.5026,54.8853],[10.5025,54.8853],[10.5023,54.8854],[10.5022,54.8855]]]},"properties":{"sourceId":"ais_par3.150166","a_type":5120,"hectares":0.617}},{"type":"Feature","id":"ais_par3.150167","geometry":{"type":"Polygon","coordinates":[[[10.4711,54.8866],[10.4711,54.8866],[10.4711,54.8867],[10.4711,54.8867],[10.4711,54.8867],[10.471,54.8867],[10.471,54.8867],[10.471,54.8867],[10.4709,54.8867],[10.4709,54.8868],[10.4709,54.8868],[10.4709,54.8868],[10.4709,54.8868],[10.4709,54.8868],[10.4709,54.8869],[10.4709,54.8869],[10.471,54.8869],[10.471,54.8869],[10.4711,54.8869],[10.4711,54.8869],[10.4712,54.8869],[10.4713,54.8869],[10.4713,54.8869],[10.4714,54.8869],[10.4714,54.8869],[10.4715,54.8869],[10.4715,54.8869],[10.4715,54.8869],[10.4716,54.8869],[10.4716,54.8869],[10.4717,54.8869],[10.4717,54.8868],[10.4717,54.8868],[10.4717,54.8868],[10.4717,54.8868],[10.4717,54.8868],[10.4717,54.8868],[10.4717,54.8867],[10.4717,54.8867],[10.4718,54.8867],[10.4718,54.8867],[10.4718,54.8867],[10.4717,54.8866],[10.4717,54.8866],[10.4717,54.8866],[10.4717,54.8866],[10.4716,54.8866],[10.4716,54.8866],[10.4716,54.8866],[10.4716,54.8866],[10.4715,54.8866],[10.4715,54.8866],[10.4715,54.8866],[10.4715,54.8866],[10.4714,54.8866],[10.4714,54.8866],[10.4714,54.8866],[10.4714,54.8866],[10.4713,54.8866],[10.4713,54.8866],[10.4713,54.8866],[10.4712,54.8866],[10.4712,54.8866],[10.4712,54.8866],[10.4711,54.8866]]]},"properties":{"sourceId":"ais_par3.150167","a_type":5120,"hectares":0.145}},{"type":"Feature","id":"ais_par3.150168","geometry":{"type":"Polygon","coordinates":[[[10.4703,54.8861],[10.4702,54.8861],[10.4702,54.8862],[10.4702,54.8863],[10.4701,54.8863],[10.47,54.8863],[10.4699,54.8863],[10.4699,54.8864],[10.4699,54.8864],[10.4698,54.8864],[10.4699,54.8865],[10.47,54.8865],[10.4702,54.8864],[10.4703,54.8864],[10.4704,54.8863],[10.4705,54.8862],[10.4705,54.8862],[10.4705,54.8861],[10.4703,54.8861]]]},"properties":{"sourceId":"ais_par3.150168","a_type":5120,"hectares":0.078}},{"type":"Feature","id":"ais_par3.150169","geometry":{"type":"Polygon","coordinates":[[[10.4711,54.8854],[10.4711,54.8854],[10.471,54.8854],[10.471,54.8855],[10.4709,54.8855],[10.471,54.8856],[10.4711,54.8856],[10.4712,54.8856],[10.4713,54.8856],[10.4713,54.8855],[10.4713,54.8855],[10.4711,54.8854]]]},"properties":{"sourceId":"ais_par3.150169","a_type":5120,"hectares":0.052}},{"type":"Feature","id":"ais_par3.150170","geometry":{"type":"Polygon","coordinates":[[[10.4835,54.8789],[10.4835,54.8789],[10.4834,54.8789],[10.4833,54.8789],[10.4833,54.879],[10.4833,54.879],[10.4833,54.8791],[10.4833,54.8791],[10.4834,54.8791],[10.4835,54.8791],[10.4836,54.8791],[10.4836,54.879],[10.4837,54.879],[10.4837,54.8789],[10.4835,54.8789]]]},"properties":{"sourceId":"ais_par3.150170","a_type":5120,"hectares":0.056}},{"type":"Feature","id":"ais_par3.150171","geometry":{"type":"Polygon","coordinates":[[[10.4724,54.8764],[10.4723,54.8764],[10.4723,54.8765],[10.4722,54.8765],[10.4722,54.8765],[10.4722,54.8765],[10.4721,54.8765],[10.4721,54.8766],[10.4721,54.8766],[10.472,54.8766],[10.472,54.8766],[10.472,54.8767],[10.4721,54.8767],[10.4721,54.8767],[10.4722,54.8767],[10.4722,54.8767],[10.4723,54.8767],[10.4724,54.8767],[10.4725,54.8767],[10.4725,54.8767],[10.4726,54.8767],[10.4726,54.8766],[10.4727,54.8766],[10.4729,54.8766],[10.4732,54.8766],[10.4733,54.8765],[10.4732,54.8765],[10.4732,54.8764],[10.4731,54.8764],[10.4731,54.8764],[10.473,54.8764],[10.4729,54.8764],[10.4729,54.8764],[10.4728,54.8764],[10.4728,54.8764],[10.4727,54.8764],[10.4726,54.8764],[10.4726,54.8764],[10.4724,54.8764],[10.4724,54.8764]]]},"properties":{"sourceId":"ais_par3.150171","a_type":5120,"hectares":0.184}},{"type":"Feature","id":"ais_par3.150172","geometry":{"type":"Polygon","coordinates":[[[10.4733,54.8762],[10.4732,54.8762],[10.4732,54.8762],[10.4732,54.8762],[10.4732,54.8762],[10.4732,54.8763],[10.4732,54.8763],[10.4732,54.8763],[10.4732,54.8763],[10.4732,54.8763],[10.4732,54.8764],[10.4732,54.8764],[10.4732,54.8764],[10.4732,54.8764],[10.4732,54.8764],[10.4733,54.8764],[10.4735,54.8764],[10.4736,54.8764],[10.4737,54.8764],[10.4739,54.8764],[10.4739,54.8763],[10.474,54.8763],[10.474,54.8763],[10.474,54.8763],[10.474,54.8763],[10.474,54.8762],[10.4739,54.8762],[10.4738,54.8762],[10.4734,54.8762],[10.4733,54.8762]]]},"properties":{"sourceId":"ais_par3.150172","a_type":5120,"hectares":0.138}},{"type":"Feature","id":"ais_par3.150173","geometry":{"type":"Polygon","coordinates":[[[10.4794,54.8716],[10.4793,54.8718],[10.4794,54.8718],[10.4796,54.8716],[10.4795,54.8716],[10.4794,54.8716]]]},"properties":{"sourceId":"ais_par3.150173","a_type":5120,"hectares":0.014}},{"type":"Feature","id":"ais_par3.150174","geometry":{"type":"Polygon","coordinates":[[[10.5335,54.8465],[10.5334,54.8465],[10.5333,54.8465],[10.5332,54.8465],[10.533,54.8466],[10.5329,54.847],[10.5328,54.8471],[10.5328,54.8472],[10.5329,54.8473],[10.5329,54.8473],[10.5329,54.8474],[10.533,54.8475],[10.5326,54.8477],[10.5323,54.8478],[10.5324,54.8479],[10.5325,54.8479],[10.5326,54.8479],[10.5327,54.8479],[10.5332,54.8477],[10.5335,54.8476],[10.5336,54.8475],[10.5337,54.8475],[10.5338,54.8475],[10.534,54.8475],[10.5341,54.8475],[10.5342,54.8475],[10.5343,54.8475],[10.5345,54.8474],[10.5346,54.8474],[10.5348,54.8474],[10.5349,54.8474],[10.5351,54.8474],[10.5352,54.8474],[10.5355,54.8473],[10.5356,54.8473],[10.5357,54.8472],[10.5358,54.8472],[10.5359,54.8471],[10.536,54.8471],[10.536,54.8471],[10.5362,54.847],[10.5362,54.8469],[10.5363,54.8469],[10.5363,54.8468],[10.5364,54.8468],[10.5364,54.8467],[10.5363,54.8467],[10.5362,54.8467],[10.5361,54.8467],[10.536,54.8467],[10.536,54.8467],[10.5358,54.8467],[10.5358,54.8467],[10.5357,54.8468],[10.5357,54.8468],[10.5356,54.8468],[10.5355,54.8468],[10.5354,54.8468],[10.5354,54.8468],[10.5353,54.8469],[10.5353,54.8469],[10.5352,54.8469],[10.5351,54.8469],[10.535,54.8469],[10.5349,54.8469],[10.5348,54.8469],[10.5347,54.8469],[10.5346,54.8469],[10.5345,54.8468],[10.5344,54.8468],[10.5343,54.8468],[10.5342,54.8467],[10.5341,54.8467],[10.534,54.8467],[10.5339,54.8467],[10.5339,54.8467],[10.534,54.8466],[10.534,54.8466],[10.5341,54.8466],[10.534,54.8466],[10.5335,54.8465]]]},"properties":{"sourceId":"ais_par3.150174","a_type":5120,"hectares":1.792}},{"type":"Feature","id":"ais_par3.150175","geometry":{"type":"Polygon","coordinates":[[[10.5362,54.8474],[10.5362,54.8474],[10.5361,54.8475],[10.5361,54.8475],[10.536,54.8475],[10.536,54.8476],[10.536,54.8476],[10.536,54.8477],[10.536,54.8477],[10.536,54.8477],[10.536,54.8477],[10.5361,54.8477],[10.5363,54.8476],[10.5363,54.8476],[10.5364,54.8475],[10.5364,54.8475],[10.5364,54.8475],[10.5365,54.8474],[10.5365,54.8474],[10.5365,54.8474],[10.5365,54.8473],[10.5365,54.8473],[10.5366,54.8473],[10.5366,54.8473],[10.5365,54.8473],[10.5365,54.8473],[10.5365,54.8473],[10.5364,54.8473],[10.5364,54.8473],[10.5363,54.8473],[10.5363,54.8473],[10.5362,54.8474],[10.5362,54.8474]]]},"properties":{"sourceId":"ais_par3.150175","a_type":5120,"hectares":0.082}},{"type":"Feature","id":"ais_par3.150176","geometry":{"type":"Polygon","coordinates":[[[10.5315,54.8496],[10.5314,54.8496],[10.5314,54.8496],[10.5314,54.8496],[10.5313,54.8496],[10.5313,54.8497],[10.5312,54.8497],[10.5312,54.8497],[10.5311,54.8497],[10.5311,54.8498],[10.5312,54.8498],[10.5312,54.8498],[10.5313,54.8498],[10.5314,54.8498],[10.5314,54.8498],[10.5315,54.8497],[10.5315,54.8497],[10.5316,54.8497],[10.5316,54.8497],[10.5317,54.8497],[10.5317,54.8496],[10.5318,54.8496],[10.5318,54.8495],[10.5317,54.8495],[10.5317,54.8495],[10.5317,54.8495],[10.5316,54.8495],[10.5315,54.8496]]]},"properties":{"sourceId":"ais_par3.150176","a_type":5120,"hectares":0.056}},{"type":"Feature","id":"ais_par3.150177","geometry":{"type":"Polygon","coordinates":[[[10.5315,54.8494],[10.5315,54.8494],[10.5314,54.8494],[10.5313,54.8494],[10.5313,54.8494],[10.5312,54.8494],[10.5311,54.8494],[10.531,54.8495],[10.531,54.8495],[10.5309,54.8495],[10.5309,54.8495],[10.5308,54.8496],[10.5308,54.8496],[10.5308,54.8496],[10.5309,54.8496],[10.5309,54.8496],[10.531,54.8496],[10.531,54.8496],[10.5311,54.8496],[10.5311,54.8496],[10.5312,54.8496],[10.5312,54.8496],[10.5313,54.8495],[10.5314,54.8495],[10.5314,54.8495],[10.5315,54.8495],[10.5315,54.8495],[10.5316,54.8495],[10.5316,54.8494],[10.5317,54.8494],[10.5318,54.8494],[10.5318,54.8494],[10.5319,54.8493],[10.5319,54.8493],[10.5319,54.8493],[10.5319,54.8493],[10.5319,54.8493],[10.5318,54.8493],[10.5317,54.8493],[10.5317,54.8493],[10.5317,54.8493],[10.5316,54.8493],[10.5316,54.8493],[10.5315,54.8494]]]},"properties":{"sourceId":"ais_par3.150177","a_type":5120,"hectares":0.088}},{"type":"Feature","id":"ais_par3.150178","geometry":{"type":"Polygon","coordinates":[[[10.5305,54.8501],[10.5305,54.8501],[10.5304,54.8501],[10.5304,54.8501],[10.5303,54.8502],[10.5302,54.8502],[10.5302,54.8502],[10.5301,54.8502],[10.5301,54.8502],[10.53,54.8503],[10.53,54.8503],[10.53,54.8503],[10.53,54.8503],[10.5301,54.8503],[10.5301,54.8503],[10.5302,54.8503],[10.5302,54.8503],[10.5303,54.8503],[10.5304,54.8503],[10.5304,54.8503],[10.5305,54.8503],[10.5306,54.8503],[10.5307,54.8503],[10.5307,54.8502],[10.5308,54.8502],[10.5308,54.8502],[10.5309,54.8502],[10.5309,54.8501],[10.5309,54.8501],[10.531,54.8501],[10.531,54.8501],[10.5311,54.8501],[10.5311,54.8501],[10.531,54.8501],[10.5308,54.8501],[10.5307,54.8501],[10.5307,54.8501],[10.5305,54.8501]]]},"properties":{"sourceId":"ais_par3.150178","a_type":5120,"hectares":0.12}},{"type":"Feature","id":"ais_par3.150179","geometry":{"type":"Polygon","coordinates":[[[10.4812,54.8798],[10.4812,54.8798],[10.4811,54.8798],[10.4811,54.8798],[10.4811,54.8798],[10.481,54.8798],[10.481,54.8799],[10.481,54.8799],[10.481,54.8799],[10.481,54.8799],[10.481,54.88],[10.481,54.88],[10.481,54.88],[10.481,54.88],[10.481,54.88],[10.481,54.88],[10.481,54.88],[10.481,54.8801],[10.481,54.8801],[10.481,54.8801],[10.481,54.8801],[10.481,54.8801],[10.481,54.8801],[10.481,54.8801],[10.481,54.8801],[10.4811,54.8801],[10.4811,54.8801],[10.4811,54.8801],[10.4812,54.8801],[10.4812,54.8801],[10.4813,54.8801],[10.4813,54.8801],[10.4814,54.88],[10.4814,54.88],[10.4814,54.88],[10.4814,54.88],[10.4815,54.8799],[10.4815,54.8799],[10.4814,54.8799],[10.4814,54.8799],[10.4814,54.8798],[10.4813,54.8798],[10.4813,54.8798],[10.4812,54.8798],[10.4812,54.8798]]]},"properties":{"sourceId":"ais_par3.150179","a_type":5120,"hectares":0.082}},{"type":"Feature","id":"ais_par3.150180","geometry":{"type":"Polygon","coordinates":[[[10.4658,54.8574],[10.4658,54.8575],[10.4659,54.8575],[10.466,54.8575],[10.4661,54.8574],[10.4661,54.8574],[10.4661,54.8571],[10.466,54.8571],[10.4658,54.8574]]]},"properties":{"sourceId":"ais_par3.150180","a_type":5120,"hectares":0.05}},{"type":"Feature","id":"ais_par3.150181","geometry":{"type":"Polygon","coordinates":[[[10.4683,54.8577],[10.4682,54.8578],[10.4681,54.8578],[10.4681,54.8578],[10.4681,54.8578],[10.4681,54.8579],[10.4685,54.8579],[10.4686,54.8579],[10.4687,54.8579],[10.4687,54.8578],[10.4686,54.8577],[10.4686,54.8577],[10.4685,54.8577],[10.4684,54.8577],[10.4683,54.8577]]]},"properties":{"sourceId":"ais_par3.150181","a_type":5120,"hectares":0.06}},{"type":"Feature","id":"ais_par3.150182","geometry":{"type":"Polygon","coordinates":[[[10.4734,54.8572],[10.4734,54.8572],[10.4733,54.8573],[10.4733,54.8573],[10.4734,54.8573],[10.4734,54.8573],[10.4735,54.8573],[10.4735,54.8573],[10.4736,54.8573],[10.4736,54.8573],[10.4737,54.8572],[10.4737,54.8572],[10.4736,54.8572],[10.4736,54.8572],[10.4736,54.8572],[10.4735,54.8572],[10.4735,54.8572],[10.4734,54.8572]]]},"properties":{"sourceId":"ais_par3.150182","a_type":5120,"hectares":0.017}},{"type":"Feature","id":"ais_par3.150183","geometry":{"type":"Polygon","coordinates":[[[10.4783,54.8527],[10.4783,54.8527],[10.4783,54.8527],[10.4782,54.8527],[10.4782,54.8527],[10.4782,54.8527],[10.4782,54.8527],[10.4782,54.8527],[10.4782,54.8528],[10.4782,54.8528],[10.4782,54.8528],[10.4782,54.8528],[10.4782,54.8528],[10.4782,54.8528],[10.4783,54.8528],[10.4783,54.8528],[10.4784,54.8528],[10.4784,54.8528],[10.4784,54.8528],[10.4785,54.8528],[10.4785,54.8527],[10.4785,54.8527],[10.4785,54.8527],[10.4785,54.8527],[10.4785,54.8527],[10.4783,54.8527],[10.4783,54.8527]]]},"properties":{"sourceId":"ais_par3.150183","a_type":5120,"hectares":0.029}},{"type":"Feature","id":"ais_par3.150184","geometry":{"type":"Polygon","coordinates":[[[10.4777,54.8505],[10.4776,54.8504],[10.4775,54.8504],[10.4774,54.8505],[10.4775,54.8506],[10.4776,54.8507],[10.4777,54.8509],[10.4778,54.8509],[10.4778,54.8507],[10.4778,54.8506],[10.4777,54.8505],[10.4777,54.8505]]]},"properties":{"sourceId":"ais_par3.150184","a_type":5120,"hectares":0.077}},{"type":"Feature","id":"ais_par3.150185","geometry":{"type":"Polygon","coordinates":[[[10.4898,54.8475],[10.4898,54.8475],[10.4897,54.8475],[10.4897,54.8476],[10.4897,54.8476],[10.4897,54.8476],[10.4898,54.8476],[10.4898,54.8476],[10.4898,54.8476],[10.4899,54.8476],[10.4899,54.8476],[10.49,54.8476],[10.49,54.8476],[10.49,54.8475],[10.49,54.8475],[10.4899,54.8475],[10.4899,54.8475],[10.4898,54.8475],[10.4898,54.8475]]]},"properties":{"sourceId":"ais_par3.150185","a_type":5120,"hectares":0.017}},{"type":"Feature","id":"ais_par3.150186","geometry":{"type":"Polygon","coordinates":[[[10.4927,54.847],[10.4927,54.847],[10.4926,54.847],[10.4926,54.847],[10.4926,54.847],[10.4925,54.847],[10.4925,54.847],[10.4925,54.847],[10.4925,54.847],[10.4925,54.8471],[10.4925,54.8471],[10.4925,54.8471],[10.4925,54.8471],[10.4925,54.8471],[10.4925,54.8472],[10.4925,54.8472],[10.4925,54.8472],[10.4925,54.8472],[10.4925,54.8472],[10.4925,54.8473],[10.4925,54.8473],[10.4925,54.8473],[10.4925,54.8473],[10.4926,54.8473],[10.4926,54.8474],[10.4926,54.8474],[10.4926,54.8474],[10.4926,54.8474],[10.4926,54.8474],[10.4926,54.8475],[10.4926,54.8475],[10.4926,54.8475],[10.4927,54.8475],[10.4928,54.8475],[10.4929,54.8475],[10.4929,54.8474],[10.4929,54.8474],[10.4929,54.8474],[10.4929,54.8474],[10.4929,54.8474],[10.4929,54.8473],[10.4929,54.8472],[10.4929,54.8472],[10.4929,54.8472],[10.4929,54.8472],[10.4928,54.8471],[10.4928,54.8471],[10.4928,54.8471],[10.4928,54.8471],[10.4928,54.8471],[10.4928,54.847],[10.4928,54.847],[10.4928,54.847],[10.4928,54.847],[10.4928,54.847],[10.4927,54.847]]]},"properties":{"sourceId":"ais_par3.150186","a_type":5120,"hectares":0.123}},{"type":"Feature","id":"ais_par3.150187","geometry":{"type":"Polygon","coordinates":[[[10.4985,54.8606],[10.4984,54.8606],[10.4982,54.8606],[10.4984,54.8608],[10.4986,54.8607],[10.4986,54.8606],[10.4985,54.8606]]]},"properties":{"sourceId":"ais_par3.150187","a_type":5120,"hectares":0.052}},{"type":"Feature","id":"ais_par3.150188","geometry":{"type":"Polygon","coordinates":[[[10.4994,54.8614],[10.4991,54.8615],[10.4993,54.8617],[10.4997,54.8616],[10.4997,54.8615],[10.4996,54.8614],[10.4995,54.8614],[10.4994,54.8614]]]},"properties":{"sourceId":"ais_par3.150188","a_type":5120,"hectares":0.077}},{"type":"Feature","id":"ais_par3.150189","geometry":{"type":"Polygon","coordinates":[[[10.4939,54.8583],[10.4937,54.8583],[10.4937,54.8584],[10.494,54.8585],[10.4942,54.8585],[10.4943,54.8585],[10.4942,54.8584],[10.4942,54.8584],[10.4939,54.8583]]]},"properties":{"sourceId":"ais_par3.150189","a_type":5120,"hectares":0.04}},{"type":"Feature","id":"ais_par3.150190","geometry":{"type":"Polygon","coordinates":[[[10.5023,54.8593],[10.5023,54.8593],[10.5023,54.8593],[10.5022,54.8593],[10.5022,54.8593],[10.5022,54.8594],[10.5022,54.8594],[10.5022,54.8594],[10.5023,54.8594],[10.5023,54.8594],[10.5023,54.8594],[10.5024,54.8594],[10.5024,54.8594],[10.5024,54.8595],[10.5025,54.8594],[10.5025,54.8594],[10.5025,54.8594],[10.5024,54.8594],[10.5024,54.8594],[10.5024,54.8593],[10.5023,54.8593]]]},"properties":{"sourceId":"ais_par3.150190","a_type":5120,"hectares":0.017}},{"type":"Feature","id":"ais_par3.150191","geometry":{"type":"Polygon","coordinates":[[[10.505,54.85],[10.505,54.85],[10.505,54.85],[10.505,54.85],[10.505,54.85],[10.5049,54.85],[10.5049,54.85],[10.5049,54.8501],[10.5049,54.8501],[10.5049,54.8501],[10.5049,54.8501],[10.5049,54.8501],[10.5049,54.8501],[10.5049,54.8502],[10.5049,54.8502],[10.5049,54.8502],[10.505,54.8502],[10.505,54.8502],[10.505,54.8502],[10.505,54.8502],[10.5051,54.8502],[10.5051,54.8502],[10.5051,54.8502],[10.5051,54.8502],[10.5052,54.8502],[10.5052,54.8502],[10.5052,54.8502],[10.5052,54.8502],[10.5052,54.8502],[10.5052,54.8502],[10.5052,54.8501],[10.5052,54.8501],[10.5052,54.8501],[10.5052,54.8501],[10.5052,54.8501],[10.5052,54.8501],[10.5052,54.8501],[10.5051,54.85],[10.5051,54.85],[10.5051,54.85],[10.5051,54.85],[10.505,54.85]]]},"properties":{"sourceId":"ais_par3.150191","a_type":5120,"hectares":0.036}},{"type":"Feature","id":"ais_par3.150192","geometry":{"type":"Polygon","coordinates":[[[10.4703,54.8653],[10.4702,54.8653],[10.4702,54.8653],[10.4701,54.8654],[10.4701,54.8654],[10.4701,54.8655],[10.4701,54.8655],[10.4702,54.8655],[10.4703,54.8655],[10.4704,54.8655],[10.4706,54.8654],[10.4705,54.8653],[10.4705,54.8653],[10.4704,54.8653],[10.4704,54.8653],[10.4703,54.8653]]]},"properties":{"sourceId":"ais_par3.150192","a_type":5120,"hectares":0.048}},{"type":"Feature","id":"ais_par3.150193","geometry":{"type":"Polygon","coordinates":[[[10.4559,54.8918],[10.4557,54.8919],[10.4556,54.8919],[10.4557,54.892],[10.4558,54.892],[10.4559,54.892],[10.456,54.8919],[10.456,54.8918],[10.4559,54.8918]]]},"properties":{"sourceId":"ais_par3.150193","a_type":5120,"hectares":0.025}},{"type":"Feature","id":"ais_par3.150194","geometry":{"type":"Polygon","coordinates":[[[10.4573,54.8916],[10.4571,54.8916],[10.4571,54.8917],[10.4571,54.8917],[10.4572,54.8917],[10.4573,54.8917],[10.4574,54.8916],[10.4575,54.8916],[10.4576,54.8915],[10.4575,54.8915],[10.4573,54.8916]]]},"properties":{"sourceId":"ais_par3.150194","a_type":5120,"hectares":0.025}},{"type":"Feature","id":"ais_par3.152053","geometry":{"type":"Polygon","coordinates":[[[10.54,54.9073],[10.5399,54.9073],[10.5399,54.9073],[10.5397,54.9073],[10.5396,54.9073],[10.5395,54.9073],[10.5395,54.9072],[10.5395,54.9072],[10.5394,54.9071],[10.5394,54.907],[10.5394,54.9069],[10.5394,54.9068],[10.5394,54.9067],[10.5394,54.9066],[10.5394,54.9065],[10.5394,54.9065],[10.5394,54.9064],[10.5393,54.9063],[10.5392,54.9064],[10.5391,54.9064],[10.539,54.9064],[10.5389,54.9065],[10.5389,54.9066],[10.5389,54.9066],[10.539,54.9067],[10.539,54.9067],[10.539,54.9067],[10.5391,54.9067],[10.5391,54.9068],[10.539,54.9068],[10.539,54.9069],[10.5388,54.9069],[10.5387,54.9069],[10.5387,54.907],[10.5387,54.907],[10.5388,54.9071],[10.5388,54.9071],[10.5388,54.9072],[10.5389,54.9072],[10.539,54.9072],[10.5391,54.9072],[10.5391,54.9072],[10.5392,54.9072],[10.5393,54.9072],[10.5393,54.9072],[10.5393,54.9073],[10.5394,54.9073],[10.5394,54.9073],[10.5395,54.9073],[10.5396,54.9074],[10.5396,54.9074],[10.5398,54.9074],[10.5398,54.9074],[10.5399,54.9074],[10.5399,54.9075],[10.5398,54.9075],[10.5398,54.9076],[10.5398,54.9077],[10.5398,54.9077],[10.5398,54.9078],[10.5399,54.9078],[10.54,54.9077],[10.5401,54.9077],[10.5402,54.9077],[10.5404,54.9077],[10.5405,54.9078],[10.5407,54.9078],[10.5408,54.9078],[10.5408,54.9078],[10.5409,54.9078],[10.5409,54.9078],[10.541,54.9077],[10.541,54.9077],[10.5409,54.9077],[10.5408,54.9076],[10.5407,54.9076],[10.5407,54.9076],[10.5408,54.9076],[10.541,54.9076],[10.5409,54.9075],[10.5409,54.9075],[10.5409,54.9075],[10.5409,54.9075],[10.5409,54.9075],[10.5408,54.9074],[10.5407,54.9074],[10.5406,54.9074],[10.5405,54.9074],[10.5404,54.9074],[10.5403,54.9073],[10.5401,54.9073],[10.54,54.9073]]]},"properties":{"sourceId":"ais_par3.152053","a_type":5120,"hectares":0.632}},{"type":"Feature","id":"ais_par3.152054","geometry":{"type":"Polygon","coordinates":[[[10.5453,54.9074],[10.5452,54.9075],[10.5453,54.9075],[10.5452,54.9076],[10.5452,54.9077],[10.5452,54.9078],[10.5452,54.9078],[10.5452,54.9079],[10.5453,54.9079],[10.5454,54.908],[10.5456,54.908],[10.5456,54.908],[10.5456,54.9079],[10.5456,54.9078],[10.5457,54.9078],[10.5458,54.9078],[10.5459,54.9079],[10.546,54.908],[10.5461,54.908],[10.5462,54.908],[10.5463,54.908],[10.5464,54.908],[10.5465,54.908],[10.5466,54.9079],[10.5466,54.9078],[10.5466,54.9077],[10.5465,54.9075],[10.5465,54.9075],[10.5464,54.9076],[10.5462,54.9076],[10.5461,54.9076],[10.546,54.9076],[10.546,54.9075],[10.5461,54.9074],[10.5461,54.9074],[10.546,54.9074],[10.5459,54.9074],[10.5456,54.9074],[10.5453,54.9074]]]},"properties":{"sourceId":"ais_par3.152054","a_type":5120,"hectares":0.486}},{"type":"Feature","id":"ais_par3.152055","geometry":{"type":"Polygon","coordinates":[[[10.546,54.9052],[10.546,54.9053],[10.5459,54.9053],[10.5459,54.9053],[10.5459,54.9054],[10.5459,54.9054],[10.546,54.9054],[10.5461,54.9055],[10.5462,54.9055],[10.5462,54.9054],[10.5462,54.9054],[10.5463,54.9053],[10.5462,54.9053],[10.5462,54.9053],[10.5461,54.9052],[10.546,54.9052]]]},"properties":{"sourceId":"ais_par3.152055","a_type":5120,"hectares":0.044}},{"type":"Feature","id":"ais_par3.152056","geometry":{"type":"Polygon","coordinates":[[[10.5456,54.9016],[10.5456,54.9017],[10.5456,54.9017],[10.5455,54.9017],[10.5455,54.9017],[10.5454,54.9017],[10.5453,54.9018],[10.5452,54.9019],[10.5452,54.9019],[10.5453,54.902],[10.5454,54.902],[10.5454,54.902],[10.5455,54.9021],[10.5456,54.9021],[10.5456,54.9021],[10.5458,54.9021],[10.5459,54.902],[10.546,54.902],[10.5461,54.902],[10.5463,54.902],[10.5464,54.9019],[10.5465,54.9019],[10.5465,54.9018],[10.5465,54.9017],[10.5465,54.9017],[10.5464,54.9016],[10.5464,54.9016],[10.5462,54.9016],[10.546,54.9016],[10.5458,54.9016],[10.5457,54.9016],[10.5456,54.9016]]]},"properties":{"sourceId":"ais_par3.152056","a_type":5120,"hectares":0.337}},{"type":"Feature","id":"ais_par3.152482","geometry":{"type":"Polygon","coordinates":[[[10.3699,54.9716],[10.3699,54.9717],[10.3698,54.9717],[10.3698,54.9717],[10.3697,54.9717],[10.3696,54.9717],[10.3696,54.9718],[10.3697,54.9718],[10.3697,54.9718],[10.3697,54.9718],[10.3697,54.9719],[10.3696,54.972],[10.3696,54.972],[10.3696,54.9721],[10.3696,54.9723],[10.3697,54.9724],[10.3697,54.9725],[10.3697,54.9726],[10.3696,54.9727],[10.3696,54.9727],[10.3698,54.9728],[10.37,54.9728],[10.3701,54.9727],[10.3703,54.9726],[10.3706,54.9726],[10.3708,54.9726],[10.3709,54.9725],[10.3709,54.9723],[10.3709,54.9722],[10.3707,54.9721],[10.3706,54.972],[10.3705,54.9718],[10.3704,54.9717],[10.3703,54.9717],[10.3701,54.9716],[10.3701,54.9716],[10.3699,54.9716]]]},"properties":{"sourceId":"ais_par3.152482","a_type":5120,"hectares":0.776}},{"type":"Feature","id":"ais_par3.152489","geometry":{"type":"Polygon","coordinates":[[[10.4088,54.9688],[10.4088,54.9689],[10.4087,54.9689],[10.4086,54.9689],[10.4086,54.969],[10.4085,54.969],[10.4085,54.9691],[10.4086,54.9691],[10.4088,54.969],[10.409,54.969],[10.4092,54.9691],[10.4093,54.969],[10.4094,54.9691],[10.4096,54.9691],[10.4097,54.969],[10.4098,54.969],[10.4098,54.9689],[10.4097,54.9688],[10.4096,54.9687],[10.4094,54.9687],[10.4093,54.9687],[10.4092,54.9686],[10.4091,54.9687],[10.409,54.9687],[10.409,54.9688],[10.4088,54.9688]]]},"properties":{"sourceId":"ais_par3.152489","a_type":5120,"hectares":0.265}},{"type":"Feature","id":"ais_par3.152490","geometry":{"type":"Polygon","coordinates":[[[10.4242,54.9648],[10.4233,54.9649],[10.423,54.9649],[10.423,54.965],[10.423,54.965],[10.4231,54.9651],[10.4242,54.9653],[10.4247,54.9653],[10.4252,54.965],[10.4251,54.9649],[10.4247,54.9649],[10.4242,54.9648]]]},"properties":{"sourceId":"ais_par3.152490","a_type":5120,"hectares":0.507}},{"type":"Feature","id":"ais_par3.152492","geometry":{"type":"Polygon","coordinates":[[[10.4968,54.9722],[10.4968,54.9722],[10.4968,54.9722],[10.4968,54.9723],[10.4968,54.9723],[10.4969,54.9724],[10.497,54.9724],[10.497,54.9723],[10.4971,54.9723],[10.4971,54.9723],[10.4971,54.9722],[10.4971,54.9722],[10.497,54.9722],[10.497,54.9722],[10.4969,54.9722],[10.4968,54.9722]]]},"properties":{"sourceId":"ais_par3.152492","a_type":5120,"hectares":0.032}},{"type":"Feature","id":"ais_par3.152493","geometry":{"type":"Polygon","coordinates":[[[10.5203,54.9597],[10.5202,54.9597],[10.5202,54.9597],[10.5201,54.9597],[10.5201,54.9597],[10.5201,54.9597],[10.5201,54.9597],[10.52,54.9597],[10.5199,54.9598],[10.5199,54.9598],[10.5198,54.9598],[10.5198,54.9598],[10.5199,54.9598],[10.5199,54.9599],[10.52,54.9599],[10.52,54.9599],[10.5201,54.9599],[10.5201,54.9599],[10.5201,54.96],[10.5202,54.96],[10.5203,54.96],[10.5203,54.96],[10.5203,54.96],[10.5203,54.96],[10.5202,54.9601],[10.5202,54.9601],[10.5202,54.9601],[10.5202,54.9601],[10.5202,54.9602],[10.5202,54.9602],[10.5202,54.9602],[10.5202,54.9603],[10.5202,54.9603],[10.5203,54.9603],[10.5203,54.9603],[10.5203,54.9603],[10.5202,54.9603],[10.5201,54.9604],[10.52,54.9604],[10.52,54.9604],[10.5199,54.9604],[10.5199,54.9604],[10.5202,54.9604],[10.5203,54.9604],[10.5203,54.9604],[10.5204,54.9604],[10.5205,54.9605],[10.5205,54.9605],[10.5205,54.9605],[10.5205,54.9606],[10.5204,54.9606],[10.5203,54.9606],[10.5203,54.9607],[10.5202,54.9607],[10.5203,54.9607],[10.5203,54.9607],[10.5205,54.9607],[10.5205,54.9608],[10.5206,54.9607],[10.5206,54.9607],[10.5207,54.9606],[10.5208,54.9606],[10.5208,54.9605],[10.5208,54.9605],[10.5207,54.9605],[10.5207,54.9605],[10.5206,54.9605],[10.5206,54.9605],[10.5206,54.9605],[10.5206,54.9605],[10.5206,54.9604],[10.5206,54.9604],[10.5206,54.9604],[10.5206,54.9604],[10.5206,54.9604],[10.5206,54.9604],[10.5206,54.9604],[10.5206,54.9604],[10.5206,54.9604],[10.5206,54.9603],[10.5206,54.9603],[10.5206,54.9603],[10.5206,54.9603],[10.5206,54.9603],[10.5206,54.9602],[10.5206,54.9602],[10.5206,54.9602],[10.5206,54.9601],[10.5206,54.9601],[10.5206,54.9601],[10.5207,54.9601],[10.5208,54.9602],[10.5209,54.9602],[10.5209,54.9601],[10.5209,54.9601],[10.5209,54.9601],[10.5209,54.96],[10.5209,54.96],[10.5209,54.96],[10.5208,54.9599],[10.5208,54.9599],[10.5208,54.9598],[10.5207,54.9598],[10.5206,54.9598],[10.5205,54.9597],[10.5205,54.9597],[10.5203,54.9597]]]},"properties":{"sourceId":"ais_par3.152493","a_type":5120,"hectares":0.383}},{"type":"Feature","id":"ais_par3.152558","geometry":{"type":"Polygon","coordinates":[[[10.4219,54.9687],[10.4219,54.9687],[10.4218,54.9687],[10.4218,54.9688],[10.4217,54.9688],[10.4217,54.9689],[10.4217,54.969],[10.4218,54.969],[10.4218,54.9691],[10.4218,54.9691],[10.4218,54.9692],[10.4217,54.9692],[10.4217,54.9692],[10.4216,54.9693],[10.4217,54.9693],[10.4217,54.9693],[10.4218,54.9694],[10.4219,54.9694],[10.422,54.9694],[10.4223,54.9695],[10.4224,54.9695],[10.4225,54.9695],[10.4226,54.9695],[10.4227,54.9694],[10.4227,54.9694],[10.4228,54.9693],[10.4228,54.9692],[10.4227,54.9692],[10.4226,54.9691],[10.4226,54.969],[10.4226,54.9689],[10.4226,54.9689],[10.4226,54.9688],[10.4227,54.9688],[10.4228,54.9687],[10.4228,54.9687],[10.4227,54.9687],[10.4226,54.9686],[10.422,54.9687],[10.4219,54.9687]]]},"properties":{"sourceId":"ais_par3.152558","a_type":5120,"hectares":0.522}},{"type":"Feature","id":"ais_par3.152837","geometry":{"type":"Polygon","coordinates":[[[10.4776,54.9663],[10.4775,54.9663],[10.4774,54.9663],[10.4774,54.9664],[10.4775,54.9665],[10.4775,54.9665],[10.4777,54.9665],[10.4777,54.9665],[10.4778,54.9665],[10.4779,54.9665],[10.4779,54.9664],[10.4779,54.9664],[10.4778,54.9663],[10.4778,54.9663],[10.4777,54.9663],[10.4776,54.9663]]]},"properties":{"sourceId":"ais_par3.152837","a_type":5120,"hectares":0.069}},{"type":"Feature","id":"ais_par3.152838","geometry":{"type":"Polygon","coordinates":[[[10.483,54.9657],[10.4828,54.9657],[10.4826,54.9658],[10.4826,54.9659],[10.4827,54.966],[10.483,54.966],[10.4831,54.9661],[10.4833,54.966],[10.4834,54.966],[10.4834,54.9659],[10.4833,54.9658],[10.4833,54.9657],[10.483,54.9657]]]},"properties":{"sourceId":"ais_par3.152838","a_type":5120,"hectares":0.177}},{"type":"Feature","id":"ais_par3.152839","geometry":{"type":"Polygon","coordinates":[[[10.4799,54.9641],[10.4799,54.9641],[10.4798,54.9642],[10.4798,54.9642],[10.4799,54.9642],[10.4799,54.9643],[10.48,54.9642],[10.48,54.9642],[10.48,54.9642],[10.48,54.9642],[10.48,54.9641],[10.4799,54.9641]]]},"properties":{"sourceId":"ais_par3.152839","a_type":5120,"hectares":0.014}},{"type":"Feature","id":"ais_par3.152840","geometry":{"type":"Polygon","coordinates":[[[10.4907,54.9639],[10.4905,54.9639],[10.4905,54.964],[10.4909,54.9642],[10.4909,54.9641],[10.4909,54.9641],[10.4909,54.964],[10.4909,54.9639],[10.4909,54.9639],[10.4908,54.9639],[10.4907,54.9639]]]},"properties":{"sourceId":"ais_par3.152840","a_type":5120,"hectares":0.061}},{"type":"Feature","id":"ais_par3.152841","geometry":{"type":"Polygon","coordinates":[[[10.4933,54.9648],[10.4932,54.9648],[10.4931,54.9649],[10.4931,54.965],[10.4931,54.9651],[10.4933,54.9651],[10.4933,54.9651],[10.4934,54.9651],[10.4935,54.965],[10.4936,54.965],[10.4936,54.9649],[10.4936,54.9648],[10.4935,54.9648],[10.4935,54.9648],[10.4933,54.9648]]]},"properties":{"sourceId":"ais_par3.152841","a_type":5120,"hectares":0.098}},{"type":"Feature","id":"ais_par3.152842","geometry":{"type":"Polygon","coordinates":[[[10.5508,54.9716],[10.5508,54.9717],[10.5507,54.9718],[10.5507,54.9719],[10.5507,54.9719],[10.5508,54.9719],[10.551,54.9718],[10.5511,54.9717],[10.5512,54.9717],[10.5512,54.9716],[10.551,54.9716],[10.5508,54.9716]]]},"properties":{"sourceId":"ais_par3.152842","a_type":5120,"hectares":0.07}},{"type":"Feature","id":"ais_par3.152843","geometry":{"type":"Polygon","coordinates":[[[10.5497,54.9651],[10.5495,54.9651],[10.5494,54.9651],[10.5493,54.9652],[10.5494,54.9653],[10.5504,54.9653],[10.5509,54.9653],[10.5511,54.9652],[10.5512,54.9652],[10.5511,54.9652],[10.5509,54.9651],[10.5505,54.9651],[10.5503,54.9651],[10.55,54.9651],[10.5497,54.9651]]]},"properties":{"sourceId":"ais_par3.152843","a_type":5120,"hectares":0.242}},{"type":"Feature","id":"ais_par3.152848","geometry":{"type":"Polygon","coordinates":[[[10.5471,54.9651],[10.547,54.9651],[10.5471,54.9652],[10.5472,54.9651],[10.5475,54.965],[10.5475,54.965],[10.5474,54.965],[10.5473,54.965],[10.5471,54.9651]]]},"properties":{"sourceId":"ais_par3.152848","a_type":5120,"hectares":0.03}},{"type":"Feature","id":"ais_par3.152867","geometry":{"type":"Polygon","coordinates":[[[10.4847,54.961],[10.4846,54.9611],[10.4846,54.9611],[10.4847,54.9611],[10.4848,54.9612],[10.4848,54.9612],[10.4849,54.9612],[10.4849,54.9611],[10.485,54.9611],[10.485,54.9611],[10.4849,54.961],[10.4849,54.961],[10.4848,54.961],[10.4847,54.961]]]},"properties":{"sourceId":"ais_par3.152867","a_type":5120,"hectares":0.032}},{"type":"Feature","id":"ais_par3.152874","geometry":{"type":"Polygon","coordinates":[[[10.551,54.9532],[10.5509,54.9532],[10.5509,54.9532],[10.5508,54.9533],[10.5508,54.9533],[10.5508,54.9534],[10.5508,54.9535],[10.5509,54.9535],[10.551,54.9535],[10.5511,54.9535],[10.5511,54.9534],[10.5512,54.9534],[10.5512,54.9533],[10.5511,54.9532],[10.551,54.9532]]]},"properties":{"sourceId":"ais_par3.152874","a_type":5120,"hectares":0.063}},{"type":"Feature","id":"ais_par3.154675","geometry":{"type":"Polygon","coordinates":[[[10.4439,54.8643],[10.4437,54.8642],[10.4437,54.8643],[10.4436,54.8643],[10.4437,54.8643],[10.4438,54.8643],[10.4439,54.8643],[10.4439,54.8643]]]},"properties":{"sourceId":"ais_par3.154675","a_type":5120,"hectares":0.017}},{"type":"Feature","id":"ais_par3.154676","geometry":{"type":"Polygon","coordinates":[[[10.4471,54.8629],[10.447,54.863],[10.447,54.863],[10.4471,54.8631],[10.4472,54.863],[10.4473,54.8629],[10.4473,54.8629],[10.4472,54.8629],[10.4471,54.8629]]]},"properties":{"sourceId":"ais_par3.154676","a_type":5120,"hectares":0.022}},{"type":"Feature","id":"ais_par3.154677","geometry":{"type":"Polygon","coordinates":[[[10.4503,54.8627],[10.4503,54.8628],[10.4502,54.8628],[10.4501,54.8629],[10.4502,54.8629],[10.4502,54.8629],[10.4502,54.8629],[10.4503,54.863],[10.4503,54.863],[10.4504,54.863],[10.4504,54.863],[10.4505,54.8629],[10.4505,54.8629],[10.4505,54.8628],[10.4506,54.8628],[10.4506,54.8628],[10.4505,54.8627],[10.4504,54.8627],[10.4503,54.8627]]]},"properties":{"sourceId":"ais_par3.154677","a_type":5120,"hectares":0.056}},{"type":"Feature","id":"ais_par3.154678","geometry":{"type":"Polygon","coordinates":[[[10.4511,54.8628],[10.451,54.8628],[10.451,54.8628],[10.4509,54.8629],[10.4509,54.863],[10.4508,54.8631],[10.4508,54.8631],[10.4508,54.8632],[10.4508,54.8632],[10.4509,54.8632],[10.4509,54.8632],[10.451,54.8632],[10.451,54.8632],[10.451,54.8632],[10.451,54.8632],[10.4511,54.8631],[10.4511,54.863],[10.4512,54.863],[10.4512,54.8629],[10.4511,54.8629],[10.4511,54.8629],[10.4511,54.8628]]]},"properties":{"sourceId":"ais_par3.154678","a_type":5120,"hectares":0.068}},{"type":"Feature","id":"ais_par3.154679","geometry":{"type":"Polygon","coordinates":[[[10.4514,54.8631],[10.4514,54.8632],[10.4513,54.8632],[10.4513,54.8633],[10.4512,54.8634],[10.4513,54.8634],[10.4513,54.8634],[10.4513,54.8634],[10.4514,54.8634],[10.4514,54.8633],[10.4515,54.8633],[10.4516,54.8633],[10.4516,54.8632],[10.4516,54.8632],[10.4516,54.8631],[10.4516,54.8631],[10.4516,54.8631],[10.4514,54.8631]]]},"properties":{"sourceId":"ais_par3.154679","a_type":5120,"hectares":0.051}},{"type":"Feature","id":"ais_par3.154680","geometry":{"type":"Polygon","coordinates":[[[10.455,54.8593],[10.4549,54.8593],[10.4549,54.8594],[10.455,54.8594],[10.455,54.8594],[10.455,54.8594],[10.4551,54.8594],[10.4551,54.8594],[10.4552,54.8594],[10.4552,54.8593],[10.4551,54.8593],[10.455,54.8593]]]},"properties":{"sourceId":"ais_par3.154680","a_type":5120,"hectares":0.02}},{"type":"Feature","id":"ais_par3.154681","geometry":{"type":"Polygon","coordinates":[[[10.4588,54.8566],[10.4587,54.8566],[10.4587,54.8566],[10.4587,54.8567],[10.4587,54.8567],[10.4587,54.8568],[10.4588,54.8568],[10.4588,54.8568],[10.459,54.8569],[10.4591,54.8569],[10.4591,54.8569],[10.4591,54.8569],[10.4591,54.8568],[10.4591,54.8568],[10.4591,54.8568],[10.4591,54.8568],[10.459,54.8567],[10.4589,54.8566],[10.4588,54.8566]]]},"properties":{"sourceId":"ais_par3.154681","a_type":5120,"hectares":0.052}},{"type":"Feature","id":"ais_par3.154682","geometry":{"type":"Polygon","coordinates":[[[10.4586,54.8628],[10.4585,54.8628],[10.4585,54.8628],[10.4585,54.8629],[10.4585,54.8629],[10.4585,54.863],[10.4587,54.863],[10.4587,54.8629],[10.4587,54.8629],[10.4586,54.8628],[10.4586,54.8628],[10.4586,54.8628],[10.4586,54.8628],[10.4586,54.8628]]]},"properties":{"sourceId":"ais_par3.154682","a_type":5120,"hectares":0.024}},{"type":"Feature","id":"ais_par3.154683","geometry":{"type":"Polygon","coordinates":[[[10.4562,54.8658],[10.4562,54.8658],[10.4561,54.8658],[10.4561,54.8658],[10.4561,54.8658],[10.4561,54.866],[10.4562,54.8661],[10.4564,54.8661],[10.4564,54.866],[10.4564,54.8659],[10.4564,54.8659],[10.4563,54.8658],[10.4562,54.8658]]]},"properties":{"sourceId":"ais_par3.154683","a_type":5120,"hectares":0.049}},{"type":"Feature","id":"ais_par3.154704","geometry":{"type":"Polygon","coordinates":[[[10.4657,54.8511],[10.4656,54.8511],[10.4656,54.8511],[10.4657,54.8512],[10.4657,54.8511],[10.4659,54.8511],[10.4658,54.851],[10.4658,54.851],[10.4657,54.8511]]]},"properties":{"sourceId":"ais_par3.154704","a_type":5120,"hectares":0.015}},{"type":"Feature","id":"ais_par3.154684","geometry":{"type":"Polygon","coordinates":[[[10.4575,54.8653],[10.4574,54.8654],[10.4574,54.8655],[10.4574,54.8655],[10.4574,54.8655],[10.4573,54.8656],[10.4573,54.8657],[10.4573,54.8657],[10.4573,54.8658],[10.4573,54.8658],[10.4574,54.8658],[10.4574,54.8658],[10.4574,54.8658],[10.4575,54.8658],[10.4576,54.8658],[10.4576,54.8659],[10.4576,54.8659],[10.4576,54.866],[10.4576,54.866],[10.4576,54.8661],[10.4576,54.8661],[10.4576,54.8661],[10.4576,54.8662],[10.4576,54.8662],[10.4577,54.8663],[10.4577,54.8663],[10.4578,54.8663],[10.4578,54.8663],[10.4579,54.8662],[10.4579,54.8662],[10.458,54.8661],[10.458,54.8661],[10.458,54.866],[10.4581,54.866],[10.4581,54.8659],[10.4581,54.8658],[10.4581,54.8658],[10.4581,54.8657],[10.4581,54.8656],[10.4581,54.8656],[10.4581,54.8655],[10.4581,54.8655],[10.4582,54.8655],[10.4582,54.8654],[10.4582,54.8654],[10.4582,54.8654],[10.4581,54.8654],[10.4581,54.8654],[10.4581,54.8654],[10.458,54.8654],[10.4579,54.8654],[10.4579,54.8654],[10.4579,54.8654],[10.4579,54.8654],[10.458,54.8653],[10.458,54.8653],[10.458,54.8652],[10.458,54.8651],[10.458,54.8651],[10.458,54.865],[10.4579,54.865],[10.4579,54.8649],[10.4579,54.8649],[10.4579,54.8648],[10.4579,54.8648],[10.4579,54.8647],[10.4579,54.8647],[10.458,54.8646],[10.4581,54.8646],[10.4581,54.8645],[10.4582,54.8645],[10.4582,54.8644],[10.4582,54.8644],[10.4583,54.8643],[10.4583,54.8643],[10.4584,54.8643],[10.4584,54.8643],[10.4583,54.8643],[10.4583,54.8642],[10.4582,54.8643],[10.4581,54.8643],[10.458,54.8643],[10.4579,54.8644],[10.4579,54.8644],[10.4578,54.8644],[10.4578,54.8644],[10.4577,54.8645],[10.4577,54.8646],[10.4576,54.8646],[10.4576,54.8647],[10.4576,54.8647],[10.4576,54.8647],[10.4576,54.8648],[10.4576,54.8649],[10.4575,54.865],[10.4575,54.8651],[10.4575,54.8651],[10.4575,54.8652],[10.4575,54.8653]]]},"properties":{"sourceId":"ais_par3.154684","a_type":5120,"hectares":0.696}},{"type":"Feature","id":"ais_par3.154685","geometry":{"type":"Polygon","coordinates":[[[10.4577,54.8665],[10.4578,54.8665],[10.4579,54.8666],[10.458,54.8666],[10.458,54.8667],[10.4582,54.8667],[10.4583,54.8668],[10.4584,54.8667],[10.4585,54.8667],[10.4584,54.8666],[10.4582,54.8665],[10.4582,54.8664],[10.4582,54.8664],[10.4583,54.8663],[10.4583,54.8663],[10.4583,54.8662],[10.4582,54.8662],[10.4582,54.8662],[10.4577,54.8665]]]},"properties":{"sourceId":"ais_par3.154685","a_type":5120,"hectares":0.148}},{"type":"Feature","id":"ais_par3.154686","geometry":{"type":"Polygon","coordinates":[[[10.4523,54.8634],[10.4523,54.8634],[10.4523,54.8634],[10.4522,54.8634],[10.4522,54.8634],[10.4521,54.8634],[10.4521,54.8635],[10.4521,54.8635],[10.4521,54.8636],[10.4522,54.8636],[10.4523,54.8638],[10.4524,54.8638],[10.4525,54.8638],[10.4525,54.8637],[10.4527,54.8637],[10.4526,54.8636],[10.4526,54.8636],[10.4525,54.8635],[10.4524,54.8634],[10.4523,54.8634]]]},"properties":{"sourceId":"ais_par3.154686","a_type":5120,"hectares":0.096}},{"type":"Feature","id":"ais_par3.154687","geometry":{"type":"Polygon","coordinates":[[[10.4545,54.8685],[10.4545,54.8685],[10.4545,54.8685],[10.4544,54.8686],[10.4543,54.8686],[10.4543,54.8687],[10.4544,54.8687],[10.4544,54.8687],[10.4544,54.8687],[10.4545,54.8687],[10.4546,54.8687],[10.4546,54.8687],[10.4546,54.8687],[10.4546,54.8686],[10.4546,54.8686],[10.4546,54.8685],[10.4546,54.8685],[10.4546,54.8685],[10.4545,54.8685]]]},"properties":{"sourceId":"ais_par3.154687","a_type":5120,"hectares":0.039}},{"type":"Feature","id":"ais_par3.154688","geometry":{"type":"Polygon","coordinates":[[[10.4558,54.8694],[10.4557,54.8694],[10.4556,54.8695],[10.4555,54.8695],[10.4555,54.8695],[10.4555,54.8695],[10.4554,54.8695],[10.4554,54.8696],[10.4554,54.8696],[10.4555,54.8696],[10.4555,54.8696],[10.4557,54.8697],[10.4558,54.8697],[10.4559,54.8697],[10.456,54.8696],[10.456,54.8696],[10.4561,54.8695],[10.4561,54.8694],[10.4561,54.8694],[10.456,54.8694],[10.456,54.8694],[10.4559,54.8694],[10.4558,54.8694]]]},"properties":{"sourceId":"ais_par3.154688","a_type":5120,"hectares":0.091}},{"type":"Feature","id":"ais_par3.154689","geometry":{"type":"Polygon","coordinates":[[[10.46,54.8674],[10.46,54.8675],[10.4603,54.8674],[10.4603,54.8674],[10.4603,54.8674],[10.4602,54.8673],[10.46,54.8674]]]},"properties":{"sourceId":"ais_par3.154689","a_type":5120,"hectares":0.023}},{"type":"Feature","id":"ais_par3.154690","geometry":{"type":"Polygon","coordinates":[[[10.4492,54.8597],[10.4492,54.8598],[10.4493,54.8598],[10.4494,54.8598],[10.4494,54.8597],[10.4493,54.8597],[10.4492,54.8597]]]},"properties":{"sourceId":"ais_par3.154690","a_type":5120,"hectares":0.016}},{"type":"Feature","id":"ais_par3.154691","geometry":{"type":"Polygon","coordinates":[[[10.4478,54.8582],[10.4477,54.8582],[10.4476,54.8582],[10.4477,54.8583],[10.4478,54.8583],[10.4479,54.8583],[10.4479,54.8583],[10.4478,54.8582]]]},"properties":{"sourceId":"ais_par3.154691","a_type":5120,"hectares":0.02}},{"type":"Feature","id":"ais_par3.154692","geometry":{"type":"Polygon","coordinates":[[[10.4422,54.8538],[10.4422,54.8538],[10.4421,54.8539],[10.4422,54.854],[10.4424,54.854],[10.4424,54.8539],[10.4423,54.8539],[10.4422,54.8538]]]},"properties":{"sourceId":"ais_par3.154692","a_type":5120,"hectares":0.017}},{"type":"Feature","id":"ais_par3.154693","geometry":{"type":"Polygon","coordinates":[[[10.4434,54.8529],[10.4433,54.8529],[10.4433,54.8529],[10.4433,54.853],[10.4434,54.853],[10.4435,54.853],[10.4435,54.8529],[10.4434,54.8529]]]},"properties":{"sourceId":"ais_par3.154693","a_type":5120,"hectares":0.015}},{"type":"Feature","id":"ais_par3.154694","geometry":{"type":"Polygon","coordinates":[[[10.4401,54.8533],[10.44,54.8533],[10.4399,54.8533],[10.4399,54.8534],[10.44,54.8535],[10.44,54.8535],[10.4401,54.8535],[10.4402,54.8535],[10.4403,54.8534],[10.4404,54.8533],[10.4404,54.8533],[10.4404,54.8532],[10.4403,54.8532],[10.4402,54.8532],[10.4402,54.8532],[10.4402,54.8532],[10.4402,54.8532],[10.4401,54.8533]]]},"properties":{"sourceId":"ais_par3.154694","a_type":5120,"hectares":0.071}},{"type":"Feature","id":"ais_par3.154695","geometry":{"type":"Polygon","coordinates":[[[10.4374,54.8543],[10.4374,54.8543],[10.4374,54.8543],[10.4373,54.8544],[10.4373,54.8544],[10.4372,54.8544],[10.4372,54.8544],[10.4371,54.8544],[10.4371,54.8545],[10.4371,54.8546],[10.4371,54.8546],[10.4371,54.8546],[10.4372,54.8546],[10.4373,54.8546],[10.4373,54.8546],[10.4374,54.8546],[10.4375,54.8546],[10.4375,54.8545],[10.4376,54.8545],[10.4376,54.8545],[10.4377,54.8544],[10.4377,54.8544],[10.4377,54.8544],[10.4377,54.8543],[10.4377,54.8543],[10.4377,54.8543],[10.4376,54.8542],[10.4376,54.8542],[10.4375,54.8542],[10.4374,54.8543]]]},"properties":{"sourceId":"ais_par3.154695","a_type":5120,"hectares":0.113}},{"type":"Feature","id":"ais_par3.154696","geometry":{"type":"Polygon","coordinates":[[[10.449,54.8428],[10.4489,54.8428],[10.4489,54.8428],[10.4489,54.8429],[10.4489,54.8429],[10.449,54.8429],[10.4491,54.8429],[10.4492,54.8428],[10.4491,54.8428],[10.449,54.8428]]]},"properties":{"sourceId":"ais_par3.154696","a_type":5120,"hectares":0.023}},{"type":"Feature","id":"ais_par3.154697","geometry":{"type":"Polygon","coordinates":[[[10.4583,54.8492],[10.4583,54.8492],[10.4583,54.8493],[10.4583,54.8493],[10.4583,54.8493],[10.4583,54.8494],[10.4584,54.8494],[10.4584,54.8494],[10.4584,54.8494],[10.4584,54.8493],[10.4584,54.8493],[10.4584,54.8493],[10.4583,54.8492]]]},"properties":{"sourceId":"ais_par3.154697","a_type":5120,"hectares":0.01}},{"type":"Feature","id":"ais_par3.154698","geometry":{"type":"Polygon","coordinates":[[[10.4607,54.8409],[10.4607,54.8409],[10.4606,54.8409],[10.4606,54.8409],[10.4606,54.8409],[10.4606,54.8409],[10.4606,54.841],[10.4606,54.841],[10.4607,54.841],[10.4607,54.841],[10.4608,54.841],[10.4608,54.841],[10.4608,54.841],[10.4608,54.841],[10.4609,54.8409],[10.4609,54.8409],[10.4608,54.8409],[10.4607,54.8409]]]},"properties":{"sourceId":"ais_par3.154698","a_type":5120,"hectares":0.027}},{"type":"Feature","id":"ais_par3.154699","geometry":{"type":"Polygon","coordinates":[[[10.4628,54.8411],[10.4627,54.8411],[10.4627,54.8411],[10.4627,54.8412],[10.4627,54.8412],[10.4627,54.8412],[10.4628,54.8412],[10.4628,54.8412],[10.4629,54.8412],[10.4629,54.8412],[10.4629,54.8411],[10.4628,54.8411],[10.4628,54.8411],[10.4628,54.8411]]]},"properties":{"sourceId":"ais_par3.154699","a_type":5120,"hectares":0.01}},{"type":"Feature","id":"ais_par3.154700","geometry":{"type":"Polygon","coordinates":[[[10.4707,54.8467],[10.4706,54.8467],[10.4706,54.8467],[10.4706,54.8467],[10.4706,54.8467],[10.4706,54.8468],[10.4707,54.8468],[10.4708,54.8468],[10.4709,54.8468],[10.4708,54.8467],[10.4707,54.8467]]]},"properties":{"sourceId":"ais_par3.154700","a_type":5120,"hectares":0.016}},{"type":"Feature","id":"ais_par3.154701","geometry":{"type":"Polygon","coordinates":[[[10.4716,54.8475],[10.4716,54.8475],[10.4716,54.8475],[10.4716,54.8476],[10.4716,54.8476],[10.4716,54.8476],[10.4717,54.8476],[10.4717,54.8476],[10.4718,54.8476],[10.4718,54.8476],[10.4718,54.8475],[10.4718,54.8475],[10.4717,54.8475],[10.4717,54.8475],[10.4716,54.8475]]]},"properties":{"sourceId":"ais_par3.154701","a_type":5120,"hectares":0.014}},{"type":"Feature","id":"ais_par3.154702","geometry":{"type":"Polygon","coordinates":[[[10.4677,54.8471],[10.4677,54.8471],[10.4677,54.8471],[10.4676,54.8472],[10.4677,54.8472],[10.4678,54.8472],[10.4679,54.8472],[10.4678,54.8471],[10.4678,54.8471],[10.4677,54.8471]]]},"properties":{"sourceId":"ais_par3.154702","a_type":5120,"hectares":0.014}},{"type":"Feature","id":"ais_par3.154703","geometry":{"type":"Polygon","coordinates":[[[10.4705,54.8439],[10.4704,54.844],[10.4704,54.844],[10.4705,54.844],[10.4706,54.8441],[10.4706,54.844],[10.4707,54.844],[10.4707,54.8439],[10.4707,54.8439],[10.4707,54.8439],[10.4706,54.8439],[10.4705,54.8439]]]},"properties":{"sourceId":"ais_par3.154703","a_type":5120,"hectares":0.02}},{"type":"Feature","id":"ais_par3.154705","geometry":{"type":"Polygon","coordinates":[[[10.3813,54.8827],[10.3812,54.8827],[10.3812,54.8827],[10.3812,54.8828],[10.3812,54.8828],[10.3813,54.8828],[10.3813,54.8828],[10.3814,54.8828],[10.3814,54.8828],[10.3814,54.8828],[10.3814,54.8828],[10.3814,54.8828],[10.3813,54.8827],[10.3813,54.8827],[10.3813,54.8827]]]},"properties":{"sourceId":"ais_par3.154705","a_type":5120,"hectares":0.01}},{"type":"Feature","id":"ais_par3.154706","geometry":{"type":"Polygon","coordinates":[[[10.3836,54.8833],[10.3833,54.8834],[10.3834,54.8834],[10.3834,54.8835],[10.3835,54.8835],[10.3836,54.8835],[10.3837,54.8835],[10.3838,54.8834],[10.3836,54.8833]]]},"properties":{"sourceId":"ais_par3.154706","a_type":5120,"hectares":0.034}},{"type":"Feature","id":"ais_par3.154707","geometry":{"type":"Polygon","coordinates":[[[10.3794,54.8832],[10.3794,54.8832],[10.3794,54.8834],[10.3795,54.8834],[10.3796,54.8835],[10.3798,54.8836],[10.3799,54.8836],[10.38,54.8836],[10.3801,54.8837],[10.3802,54.8837],[10.3801,54.8835],[10.3801,54.8834],[10.3801,54.8833],[10.3801,54.8833],[10.3802,54.8833],[10.3802,54.8833],[10.3802,54.8832],[10.3803,54.8832],[10.3803,54.8832],[10.3803,54.8832],[10.3806,54.8832],[10.3802,54.883],[10.38,54.883],[10.3798,54.883],[10.3796,54.8831],[10.3794,54.8832]]]},"properties":{"sourceId":"ais_par3.154707","a_type":5120,"hectares":0.307}},{"type":"Feature","id":"ais_par3.154708","geometry":{"type":"Polygon","coordinates":[[[10.4314,54.8553],[10.4312,54.8553],[10.4313,54.8554],[10.4314,54.8554],[10.4315,54.8554],[10.4315,54.8554],[10.4316,54.8553],[10.4315,54.8553],[10.4314,54.8553]]]},"properties":{"sourceId":"ais_par3.154708","a_type":5120,"hectares":0.026}},{"type":"Feature","id":"ais_par3.154709","geometry":{"type":"Polygon","coordinates":[[[10.4308,54.8554],[10.4308,54.8555],[10.4308,54.8555],[10.4308,54.8555],[10.4309,54.8556],[10.4309,54.8555],[10.4309,54.8555],[10.4309,54.8555],[10.4309,54.8555],[10.4308,54.8554]]]},"properties":{"sourceId":"ais_par3.154709","a_type":5120,"hectares":0.011}},{"type":"Feature","id":"ais_par3.154710","geometry":{"type":"Polygon","coordinates":[[[10.2452,54.9415],[10.2451,54.9415],[10.2451,54.9416],[10.2451,54.9416],[10.2451,54.9416],[10.2451,54.9416],[10.2451,54.9416],[10.2452,54.9416],[10.2453,54.9416],[10.2453,54.9416],[10.2452,54.9415],[10.2452,54.9415]]]},"properties":{"sourceId":"ais_par3.154710","a_type":5120,"hectares":0.007}},{"type":"Feature","id":"ais_par3.154711","geometry":{"type":"Polygon","coordinates":[[[10.2455,54.9414],[10.2454,54.9414],[10.2454,54.9414],[10.2453,54.9414],[10.2454,54.9415],[10.2455,54.9415],[10.2456,54.9414],[10.2455,54.9414]]]},"properties":{"sourceId":"ais_par3.154711","a_type":5120,"hectares":0.008}},{"type":"Feature","id":"ais_par3.154712","geometry":{"type":"Polygon","coordinates":[[[10.2446,54.9415],[10.2445,54.9415],[10.2445,54.9416],[10.2445,54.9416],[10.2446,54.9416],[10.2447,54.9416],[10.2447,54.9416],[10.2447,54.9415],[10.2446,54.9415],[10.2446,54.9415]]]},"properties":{"sourceId":"ais_par3.154712","a_type":5120,"hectares":0.013}},{"type":"Feature","id":"ais_par3.154713","geometry":{"type":"Polygon","coordinates":[[[10.2512,54.9378],[10.2511,54.9378],[10.251,54.9379],[10.251,54.9379],[10.251,54.938],[10.251,54.938],[10.251,54.9381],[10.251,54.9381],[10.2511,54.9381],[10.2512,54.9382],[10.2513,54.9382],[10.2514,54.9382],[10.2514,54.9382],[10.2514,54.9382],[10.2515,54.9382],[10.2515,54.9381],[10.2516,54.938],[10.2516,54.9379],[10.2516,54.9379],[10.2515,54.9378],[10.2514,54.9378],[10.2512,54.9378]]]},"properties":{"sourceId":"ais_par3.154713","a_type":5120,"hectares":0.134}},{"type":"Feature","id":"ais_par3.154714","geometry":{"type":"Polygon","coordinates":[[[10.2934,54.9116],[10.2933,54.9116],[10.2932,54.9116],[10.2932,54.9117],[10.2932,54.9117],[10.2932,54.9118],[10.2932,54.9118],[10.2931,54.9118],[10.2931,54.9119],[10.2932,54.9119],[10.2932,54.9119],[10.2933,54.912],[10.2933,54.912],[10.2934,54.912],[10.2935,54.912],[10.2935,54.912],[10.2936,54.912],[10.2937,54.9119],[10.2937,54.9119],[10.2938,54.9119],[10.2938,54.9118],[10.2939,54.9118],[10.2939,54.9118],[10.2939,54.9118],[10.2938,54.9117],[10.2937,54.9117],[10.2937,54.9117],[10.2937,54.9116],[10.2936,54.9116],[10.2935,54.9116],[10.2934,54.9116]]]},"properties":{"sourceId":"ais_par3.154714","a_type":5120,"hectares":0.161}},{"type":"Feature","id":"ais_par3.154715","geometry":{"type":"Polygon","coordinates":[[[10.3018,54.9162],[10.3017,54.9162],[10.3017,54.9163],[10.3017,54.9163],[10.3017,54.9164],[10.3019,54.9164],[10.3019,54.9163],[10.3019,54.9163],[10.3019,54.9162],[10.3018,54.9162],[10.3018,54.9162]]]},"properties":{"sourceId":"ais_par3.154715","a_type":5120,"hectares":0.029}},{"type":"Feature","id":"ais_par3.154716","geometry":{"type":"Polygon","coordinates":[[[10.3116,54.9049],[10.3115,54.9049],[10.3114,54.905],[10.3115,54.905],[10.3116,54.905],[10.3117,54.905],[10.3118,54.9049],[10.3117,54.9049],[10.3116,54.9049]]]},"properties":{"sourceId":"ais_par3.154716","a_type":5120,"hectares":0.02}},{"type":"Feature","id":"ais_par3.154717","geometry":{"type":"Polygon","coordinates":[[[10.3147,54.9026],[10.3146,54.9026],[10.3144,54.9027],[10.3144,54.9028],[10.3144,54.9028],[10.3145,54.9028],[10.3145,54.9028],[10.3145,54.9028],[10.3146,54.9028],[10.3148,54.9027],[10.3149,54.9027],[10.3149,54.9026],[10.3149,54.9025],[10.3148,54.9026],[10.3147,54.9026]]]},"properties":{"sourceId":"ais_par3.154717","a_type":5120,"hectares":0.05}},{"type":"Feature","id":"ais_par3.154718","geometry":{"type":"Polygon","coordinates":[[[10.3158,54.902],[10.3157,54.9021],[10.3156,54.9021],[10.3155,54.9022],[10.3155,54.9022],[10.3154,54.9023],[10.3156,54.9023],[10.3157,54.9022],[10.3159,54.9021],[10.316,54.902],[10.3161,54.902],[10.3162,54.9019],[10.3161,54.9019],[10.316,54.9019],[10.3158,54.902]]]},"properties":{"sourceId":"ais_par3.154718","a_type":5120,"hectares":0.062}},{"type":"Feature","id":"ais_par3.154719","geometry":{"type":"Polygon","coordinates":[[[10.3173,54.9015],[10.3171,54.9015],[10.317,54.9016],[10.3169,54.9016],[10.3168,54.9017],[10.3167,54.9018],[10.3167,54.9018],[10.3167,54.9018],[10.3168,54.9018],[10.3169,54.9018],[10.3171,54.9018],[10.3173,54.9017],[10.3174,54.9017],[10.3175,54.9017],[10.3175,54.9016],[10.3174,54.9015],[10.3173,54.9015]]]},"properties":{"sourceId":"ais_par3.154719","a_type":5120,"hectares":0.111}},{"type":"Feature","id":"ais_par3.154720","geometry":{"type":"Polygon","coordinates":[[[10.3188,54.9021],[10.3186,54.9022],[10.3184,54.9022],[10.3183,54.9023],[10.3183,54.9024],[10.3182,54.9024],[10.3183,54.9025],[10.3183,54.9025],[10.3184,54.9025],[10.3185,54.9025],[10.3186,54.9025],[10.3188,54.9024],[10.3188,54.9024],[10.319,54.9023],[10.3191,54.9022],[10.3191,54.9021],[10.3192,54.9021],[10.3191,54.9021],[10.3191,54.902],[10.319,54.9021],[10.3188,54.9021]]]},"properties":{"sourceId":"ais_par3.154720","a_type":5120,"hectares":0.152}},{"type":"Feature","id":"ais_par3.154721","geometry":{"type":"Polygon","coordinates":[[[10.3137,54.8979],[10.3136,54.8979],[10.3136,54.8979],[10.3136,54.8979],[10.3136,54.898],[10.3137,54.898],[10.3137,54.898],[10.3138,54.898],[10.3138,54.898],[10.3139,54.8979],[10.3139,54.8979],[10.3139,54.8979],[10.3138,54.8979],[10.3138,54.8979],[10.3137,54.8979],[10.3137,54.8979]]]},"properties":{"sourceId":"ais_par3.154721","a_type":5120,"hectares":0.021}},{"type":"Feature","id":"ais_par3.154722","geometry":{"type":"Polygon","coordinates":[[[10.3249,54.8963],[10.3247,54.8965],[10.3247,54.8965],[10.3246,54.8965],[10.3246,54.8966],[10.3247,54.8966],[10.3247,54.8966],[10.3248,54.8967],[10.3248,54.8967],[10.3249,54.8967],[10.325,54.8967],[10.325,54.8967],[10.3252,54.8967],[10.3252,54.8967],[10.3253,54.8967],[10.3253,54.8966],[10.3254,54.8966],[10.3255,54.8966],[10.3255,54.8966],[10.3256,54.8965],[10.3256,54.8965],[10.3257,54.8964],[10.3258,54.8964],[10.3258,54.8963],[10.3258,54.8963],[10.3258,54.8962],[10.3258,54.8962],[10.3257,54.8962],[10.3257,54.8962],[10.3256,54.8962],[10.3255,54.8962],[10.3254,54.8962],[10.3253,54.8962],[10.3253,54.8962],[10.3252,54.8962],[10.3251,54.8963],[10.325,54.8963],[10.3249,54.8963]]]},"properties":{"sourceId":"ais_par3.154722","a_type":5120,"hectares":0.279}},{"type":"Feature","id":"ais_par3.154723","geometry":{"type":"Polygon","coordinates":[[[10.3272,54.8968],[10.3271,54.8968],[10.3271,54.8968],[10.327,54.8969],[10.3269,54.8969],[10.3269,54.8969],[10.3269,54.897],[10.3268,54.897],[10.3268,54.8971],[10.3269,54.8971],[10.327,54.8971],[10.3271,54.8971],[10.3272,54.8971],[10.3273,54.897],[10.3274,54.897],[10.3274,54.897],[10.3275,54.8969],[10.3275,54.8969],[10.3275,54.8969],[10.3274,54.8968],[10.3274,54.8968],[10.3273,54.8968],[10.3273,54.8968],[10.3272,54.8968],[10.3272,54.8968]]]},"properties":{"sourceId":"ais_par3.154723","a_type":5120,"hectares":0.112}},{"type":"Feature","id":"ais_par3.154724","geometry":{"type":"Polygon","coordinates":[[[10.3831,54.864],[10.3828,54.864],[10.3828,54.8642],[10.3829,54.8643],[10.3831,54.8643],[10.3832,54.8642],[10.3832,54.8642],[10.3831,54.864]]]},"properties":{"sourceId":"ais_par3.154724","a_type":5120,"hectares":0.059}},{"type":"Feature","id":"ais_par3.154725","geometry":{"type":"Polygon","coordinates":[[[10.384,54.8618],[10.3838,54.8619],[10.3836,54.8619],[10.3835,54.862],[10.3834,54.862],[10.3834,54.862],[10.3834,54.8621],[10.3835,54.8621],[10.3835,54.8621],[10.3835,54.8621],[10.3836,54.8621],[10.3837,54.8621],[10.3839,54.8621],[10.384,54.8622],[10.3841,54.8622],[10.3842,54.8622],[10.3844,54.8622],[10.3846,54.8621],[10.3847,54.8621],[10.3848,54.8621],[10.3848,54.862],[10.3849,54.862],[10.3849,54.8619],[10.3849,54.8618],[10.3848,54.8618],[10.3847,54.8618],[10.3845,54.8618],[10.3843,54.8618],[10.3842,54.8618],[10.384,54.8618]]]},"properties":{"sourceId":"ais_par3.154725","a_type":5120,"hectares":0.283}},{"type":"Feature","id":"ais_par3.154726","geometry":{"type":"Polygon","coordinates":[[[10.386,54.8619],[10.386,54.8619],[10.386,54.862],[10.3861,54.862],[10.3861,54.8621],[10.3862,54.8621],[10.3862,54.8621],[10.3863,54.8621],[10.3865,54.8621],[10.3866,54.8621],[10.3866,54.862],[10.3867,54.862],[10.3867,54.862],[10.3867,54.8619],[10.3867,54.8619],[10.3866,54.8619],[10.3865,54.8618],[10.3864,54.8618],[10.3863,54.8618],[10.3862,54.8618],[10.3861,54.8618],[10.386,54.8619]]]},"properties":{"sourceId":"ais_par3.154726","a_type":5120,"hectares":0.119}},{"type":"Feature","id":"ais_par3.154727","geometry":{"type":"Polygon","coordinates":[[[10.3949,54.8565],[10.3949,54.8565],[10.3948,54.8566],[10.3947,54.8566],[10.3947,54.8566],[10.3947,54.8567],[10.3947,54.8567],[10.3948,54.8567],[10.3948,54.8567],[10.3949,54.8567],[10.395,54.8567],[10.3951,54.8566],[10.3951,54.8566],[10.3951,54.8566],[10.3951,54.8565],[10.3951,54.8565],[10.3951,54.8565],[10.3952,54.8564],[10.3952,54.8564],[10.3952,54.8564],[10.3952,54.8563],[10.3952,54.8563],[10.3951,54.8564],[10.395,54.8564],[10.3949,54.8565]]]},"properties":{"sourceId":"ais_par3.154727","a_type":5120,"hectares":0.06}},{"type":"Feature","id":"ais_par3.154728","geometry":{"type":"Polygon","coordinates":[[[10.4253,54.8491],[10.4252,54.8491],[10.4252,54.8491],[10.4252,54.8492],[10.4252,54.8492],[10.4253,54.8492],[10.4254,54.8492],[10.4255,54.8492],[10.4256,54.8492],[10.4256,54.8492],[10.4255,54.8492],[10.4255,54.8492],[10.4254,54.8491],[10.4253,54.8491],[10.4253,54.8491]]]},"properties":{"sourceId":"ais_par3.154728","a_type":5120,"hectares":0.023}},{"type":"Feature","id":"ais_par3.154729","geometry":{"type":"Polygon","coordinates":[[[10.4464,54.836],[10.4462,54.8363],[10.4462,54.8363],[10.4462,54.8363],[10.4461,54.8365],[10.4461,54.8366],[10.4461,54.8366],[10.4461,54.8366],[10.4462,54.8367],[10.4462,54.8367],[10.4463,54.8367],[10.4463,54.8366],[10.4463,54.8366],[10.4463,54.8365],[10.4463,54.8365],[10.4464,54.8364],[10.4465,54.8364],[10.4465,54.8364],[10.4465,54.8364],[10.4466,54.8363],[10.4467,54.8363],[10.4467,54.8362],[10.4466,54.8362],[10.4466,54.8361],[10.4466,54.8361],[10.4466,54.836],[10.4466,54.836],[10.4465,54.836],[10.4464,54.836]]]},"properties":{"sourceId":"ais_par3.154729","a_type":5120,"hectares":0.12}},{"type":"Feature","id":"ais_par3.154730","geometry":{"type":"Polygon","coordinates":[[[10.431,54.8242],[10.431,54.8242],[10.431,54.8243],[10.4309,54.8243],[10.4309,54.8243],[10.4309,54.8243],[10.4309,54.8244],[10.4309,54.8244],[10.4309,54.8245],[10.4309,54.8245],[10.431,54.8245],[10.431,54.8246],[10.431,54.8246],[10.4311,54.8246],[10.4311,54.8247],[10.4312,54.8246],[10.4313,54.8246],[10.4314,54.8246],[10.4315,54.8246],[10.4316,54.8245],[10.4316,54.8244],[10.4316,54.8244],[10.4316,54.8244],[10.4316,54.8243],[10.4315,54.8243],[10.4315,54.8243],[10.4315,54.8243],[10.4315,54.8243],[10.4314,54.8242],[10.4314,54.8242],[10.4313,54.8242],[10.4313,54.8242],[10.4312,54.8242],[10.4312,54.8242],[10.4312,54.8242],[10.4311,54.8242],[10.4311,54.8242],[10.431,54.8242]]]},"properties":{"sourceId":"ais_par3.154730","a_type":5120,"hectares":0.185}},{"type":"Feature","id":"ais_par3.154731","geometry":{"type":"Polygon","coordinates":[[[10.2877,54.9057],[10.2876,54.9057],[10.2876,54.9057],[10.2875,54.9057],[10.2874,54.9058],[10.2874,54.9059],[10.2874,54.906],[10.2875,54.906],[10.2876,54.9061],[10.2877,54.9061],[10.2878,54.9061],[10.2879,54.906],[10.2881,54.906],[10.2882,54.906],[10.2883,54.906],[10.2883,54.9059],[10.2884,54.9058],[10.2883,54.9057],[10.2882,54.9057],[10.2881,54.9057],[10.2879,54.9057],[10.2877,54.9057]]]},"properties":{"sourceId":"ais_par3.154731","a_type":5120,"hectares":0.218}},{"type":"Feature","id":"ais_par3.154732","geometry":{"type":"Polygon","coordinates":[[[10.2957,54.8982],[10.2956,54.8983],[10.2955,54.8984],[10.2954,54.8985],[10.2954,54.8985],[10.2954,54.8985],[10.2955,54.8985],[10.2955,54.8985],[10.2958,54.8985],[10.2959,54.8984],[10.2961,54.8984],[10.2962,54.8983],[10.2963,54.8983],[10.2963,54.8983],[10.2962,54.8982],[10.2961,54.8983],[10.2961,54.8983],[10.296,54.8983],[10.2959,54.8983],[10.2957,54.8982],[10.2957,54.8982]]]},"properties":{"sourceId":"ais_par3.154732","a_type":5120,"hectares":0.08}},{"type":"Feature","id":"ais_par3.154733","geometry":{"type":"Polygon","coordinates":[[[10.2949,54.8981],[10.2948,54.8982],[10.2948,54.8983],[10.2948,54.8983],[10.2949,54.8983],[10.295,54.8983],[10.2952,54.8983],[10.2953,54.8982],[10.2954,54.8981],[10.2955,54.898],[10.2956,54.8979],[10.2956,54.8979],[10.2955,54.8979],[10.2954,54.8978],[10.2953,54.8979],[10.2951,54.898],[10.2949,54.8981]]]},"properties":{"sourceId":"ais_par3.154733","a_type":5120,"hectares":0.131}}]}
