{"type":"FeatureCollection","metadata":{"kommuneKode":"0607","kommuneNavn":"Fredericia","source":"https://wfs2-miljoegis.mim.dk/natur/ows","layer":"natur:ais_par3","bbox":[9.557710969185155,55.5090579941266,9.859755939778529,55.628259420817365],"fetchedAt":"2026-06-12T20:55:43.525869+00:00"},"features":[{"type":"Feature","id":"ais_par3.61690","geometry":{"type":"Polygon","coordinates":[[[9.6636,55.6257],[9.664,55.6259],[9.665,55.6257],[9.6649,55.6254],[9.6642,55.6253],[9.664,55.6251],[9.6635,55.6251],[9.664,55.6256],[9.6634,55.6256],[9.6636,55.6257]]]},"properties":{"sourceId":"ais_par3.61690","a_type":3210,"hectares":0.477}},{"type":"Feature","id":"ais_par3.61692","geometry":{"type":"Polygon","coordinates":[[[9.7763,55.6231],[9.7762,55.6233],[9.7762,55.6234],[9.7762,55.6235],[9.7765,55.6235],[9.7766,55.6235],[9.7771,55.6236],[9.7773,55.6236],[9.7777,55.6237],[9.7779,55.6237],[9.7781,55.6237],[9.7788,55.6238],[9.7791,55.6238],[9.7793,55.6238],[9.7794,55.6238],[9.7795,55.6239],[9.7797,55.6239],[9.7802,55.624],[9.7814,55.6241],[9.7815,55.6242],[9.7817,55.6242],[9.782,55.6242],[9.7823,55.6242],[9.7824,55.6242],[9.7827,55.6242],[9.783,55.6243],[9.7832,55.6243],[9.7834,55.6243],[9.7836,55.6241],[9.7836,55.624],[9.7836,55.6238],[9.7834,55.6237],[9.7831,55.6238],[9.7829,55.6239],[9.7825,55.6239],[9.7821,55.6239],[9.7818,55.6239],[9.7815,55.6238],[9.7813,55.6238],[9.7811,55.6238],[9.7809,55.6237],[9.7807,55.6237],[9.7805,55.6236],[9.7802,55.6235],[9.78,55.6235],[9.779,55.6235],[9.7774,55.6232],[9.7763,55.6231]]]},"properties":{"sourceId":"ais_par3.61692","a_type":3210,"hectares":1.904}},{"type":"Feature","id":"ais_par3.61693","geometry":{"type":"Polygon","coordinates":[[[9.6598,55.6226],[9.6571,55.6232],[9.6575,55.624],[9.6583,55.6239],[9.6587,55.6241],[9.6578,55.6247],[9.6583,55.625],[9.6599,55.6243],[9.6598,55.6235],[9.6598,55.6226]]]},"properties":{"sourceId":"ais_par3.61693","a_type":3210,"hectares":2.697}},{"type":"Feature","id":"ais_par3.61694","geometry":{"type":"Polygon","coordinates":[[[9.7732,55.6226],[9.7732,55.6227],[9.773,55.6228],[9.7729,55.6229],[9.7729,55.623],[9.7744,55.6232],[9.7744,55.623],[9.7744,55.6229],[9.7743,55.6228],[9.774,55.6227],[9.7737,55.6227],[9.7735,55.6226],[9.7732,55.6226]]]},"properties":{"sourceId":"ais_par3.61694","a_type":3210,"hectares":0.403}},{"type":"Feature","id":"ais_par3.61695","geometry":{"type":"Polygon","coordinates":[[[9.7997,55.6226],[9.7998,55.6211],[9.7995,55.6209],[9.7997,55.6205],[9.7999,55.6201],[9.8002,55.6197],[9.8003,55.6195],[9.8003,55.6192],[9.8001,55.6188],[9.7998,55.6184],[9.7996,55.6182],[9.7993,55.6181],[9.7989,55.6179],[9.7985,55.6178],[9.7986,55.6179],[9.7988,55.6181],[9.799,55.6183],[9.7991,55.6184],[9.7994,55.6186],[9.7974,55.6186],[9.7966,55.6199],[9.7976,55.62],[9.7974,55.6201],[9.797,55.6205],[9.7967,55.6209],[9.7962,55.6217],[9.796,55.6224],[9.7962,55.6224],[9.7964,55.6224],[9.7968,55.6223],[9.7971,55.6221],[9.7973,55.6221],[9.7976,55.6221],[9.7981,55.6221],[9.7982,55.6221],[9.7984,55.6222],[9.7986,55.6223],[9.7988,55.6225],[9.7992,55.6226],[9.7994,55.6226],[9.7997,55.6226]]]},"properties":{"sourceId":"ais_par3.61695","a_type":3210,"hectares":8.452}},{"type":"Feature","id":"ais_par3.61682","geometry":{"type":"Polygon","coordinates":[[[9.7424,55.6263],[9.7427,55.6263],[9.7429,55.6264],[9.7431,55.6264],[9.7432,55.6265],[9.7436,55.6267],[9.7438,55.6268],[9.7439,55.6268],[9.7442,55.6269],[9.7444,55.627],[9.7447,55.6271],[9.7449,55.6271],[9.7452,55.6272],[9.7455,55.6273],[9.7457,55.6273],[9.7459,55.6273],[9.7462,55.6273],[9.7464,55.6271],[9.7468,55.627],[9.7477,55.6267],[9.7482,55.6266],[9.7488,55.6264],[9.7491,55.6263],[9.7495,55.6261],[9.7499,55.6259],[9.7503,55.6257],[9.7507,55.6255],[9.7512,55.6253],[9.7514,55.6251],[9.7474,55.6254],[9.7469,55.6247],[9.7481,55.6239],[9.7471,55.6234],[9.745,55.6246],[9.7428,55.6257],[9.742,55.6261],[9.7424,55.6263]]]},"properties":{"sourceId":"ais_par3.61682","a_type":3210,"hectares":10.516}},{"type":"Feature","id":"ais_par3.61684","geometry":{"type":"Polygon","coordinates":[[[9.8487,55.6243],[9.8485,55.6243],[9.8483,55.6243],[9.8481,55.6244],[9.8481,55.6245],[9.8482,55.6246],[9.8482,55.6246],[9.8488,55.6247],[9.8494,55.6248],[9.8504,55.6249],[9.8512,55.6249],[9.852,55.6251],[9.853,55.6252],[9.8532,55.6252],[9.8538,55.6252],[9.8547,55.6254],[9.8555,55.6257],[9.8558,55.6258],[9.8559,55.6258],[9.857,55.626],[9.8573,55.6262],[9.8575,55.6262],[9.8577,55.6261],[9.8578,55.6261],[9.8578,55.6261],[9.8581,55.626],[9.8581,55.6259],[9.8579,55.6259],[9.8577,55.6259],[9.8573,55.6258],[9.8571,55.6258],[9.8567,55.6256],[9.8564,55.6255],[9.8568,55.6252],[9.8567,55.6251],[9.8568,55.625],[9.8569,55.6249],[9.8571,55.6248],[9.8573,55.6245],[9.8567,55.6243],[9.8562,55.6244],[9.8561,55.6246],[9.8559,55.6248],[9.8557,55.6249],[9.8555,55.6249],[9.8553,55.6248],[9.855,55.6248],[9.8548,55.6248],[9.8542,55.6247],[9.8537,55.6247],[9.8533,55.6246],[9.8531,55.6246],[9.8529,55.6245],[9.8523,55.6246],[9.8521,55.6246],[9.8518,55.6246],[9.8506,55.6245],[9.8498,55.6244],[9.8491,55.6244],[9.849,55.6243],[9.8487,55.6243]]]},"properties":{"sourceId":"ais_par3.61684","a_type":3210,"hectares":4.067}},{"type":"Feature","id":"ais_par3.61686","geometry":{"type":"Polygon","coordinates":[[[9.7974,55.6248],[9.7967,55.6248],[9.7956,55.6249],[9.7946,55.625],[9.7942,55.6251],[9.7944,55.6254],[9.7951,55.6254],[9.7957,55.6254],[9.7963,55.6255],[9.7976,55.6256],[9.7982,55.6256],[9.799,55.6257],[9.7986,55.6256],[9.7983,55.6255],[9.7979,55.6253],[9.7975,55.6252],[9.7974,55.6248]]]},"properties":{"sourceId":"ais_par3.61686","a_type":3210,"hectares":1.431}},{"type":"Feature","id":"ais_par3.61688","geometry":{"type":"Polygon","coordinates":[[[9.6618,55.6262],[9.6611,55.6254],[9.6607,55.6251],[9.6603,55.625],[9.6603,55.6251],[9.6603,55.6253],[9.6606,55.6259],[9.6609,55.6263],[9.6618,55.6262]]]},"properties":{"sourceId":"ais_par3.61688","a_type":3210,"hectares":0.65}},{"type":"Feature","id":"ais_par3.61696","geometry":{"type":"Polygon","coordinates":[[[9.806,55.6213],[9.806,55.6215],[9.806,55.6216],[9.8059,55.6218],[9.8059,55.622],[9.806,55.6222],[9.8062,55.6224],[9.8063,55.6224],[9.8065,55.6224],[9.8067,55.6224],[9.8069,55.6224],[9.8073,55.6224],[9.8075,55.6224],[9.8078,55.6223],[9.8079,55.6218],[9.8077,55.6218],[9.8074,55.6217],[9.8072,55.6216],[9.807,55.6215],[9.8067,55.6215],[9.8066,55.6214],[9.8064,55.6214],[9.806,55.6213]]]},"properties":{"sourceId":"ais_par3.61696","a_type":3210,"hectares":1.126}},{"type":"Feature","id":"ais_par3.61699","geometry":{"type":"Polygon","coordinates":[[[9.6647,55.6223],[9.666,55.6205],[9.6661,55.6199],[9.6654,55.6199],[9.6651,55.6201],[9.6648,55.6205],[9.6642,55.6211],[9.6638,55.6213],[9.6635,55.6215],[9.664,55.6219],[9.6644,55.6221],[9.6647,55.6223]]]},"properties":{"sourceId":"ais_par3.61699","a_type":3210,"hectares":1.969}},{"type":"Feature","id":"ais_par3.61702","geometry":{"type":"Polygon","coordinates":[[[9.7929,55.6173],[9.7927,55.6175],[9.7925,55.6177],[9.7923,55.6179],[9.7922,55.618],[9.792,55.6181],[9.7919,55.6182],[9.7917,55.6184],[9.7916,55.6185],[9.7915,55.6186],[9.7913,55.6188],[9.7912,55.619],[9.7909,55.6194],[9.7907,55.6197],[9.7913,55.6198],[9.7918,55.6191],[9.792,55.6188],[9.7921,55.6186],[9.7922,55.6184],[9.7923,55.6182],[9.7924,55.6181],[9.7926,55.618],[9.7927,55.6179],[9.793,55.6178],[9.7931,55.6177],[9.7934,55.6173],[9.7929,55.6173]]]},"properties":{"sourceId":"ais_par3.61702","a_type":3210,"hectares":1.02}},{"type":"Feature","id":"ais_par3.61704","geometry":{"type":"Polygon","coordinates":[[[9.7402,55.6167],[9.74,55.6168],[9.7398,55.6168],[9.74,55.6171],[9.7405,55.6172],[9.7406,55.6172],[9.7408,55.6173],[9.7409,55.6174],[9.741,55.6175],[9.741,55.6177],[9.7409,55.6178],[9.7406,55.6179],[9.7404,55.6179],[9.7402,55.6181],[9.7404,55.6183],[9.7405,55.6185],[9.7408,55.6187],[9.741,55.6189],[9.7417,55.6194],[9.7423,55.6197],[9.7425,55.6195],[9.7423,55.6194],[9.7421,55.6192],[9.7419,55.6191],[9.7417,55.619],[9.7415,55.6189],[9.7413,55.6187],[9.7411,55.6186],[9.7409,55.6184],[9.7408,55.6182],[9.7419,55.6169],[9.7402,55.6167]]]},"properties":{"sourceId":"ais_par3.61704","a_type":3210,"hectares":1.336}},{"type":"Feature","id":"ais_par3.61705","geometry":{"type":"Polygon","coordinates":[[[9.7866,55.616],[9.7854,55.6189],[9.7863,55.6191],[9.7877,55.6162],[9.7866,55.616]]]},"properties":{"sourceId":"ais_par3.61705","a_type":3210,"hectares":2.15}},{"type":"Feature","id":"ais_par3.61707","geometry":{"type":"Polygon","coordinates":[[[9.7501,55.6183],[9.7498,55.6182],[9.7495,55.618],[9.7493,55.6179],[9.749,55.618],[9.7488,55.6181],[9.7481,55.6183],[9.7478,55.6185],[9.7476,55.6186],[9.7475,55.6187],[9.7475,55.6188],[9.7475,55.619],[9.7475,55.619],[9.7477,55.6189],[9.7479,55.6189],[9.7481,55.6188],[9.7485,55.6188],[9.7487,55.6187],[9.7488,55.6187],[9.749,55.6186],[9.7491,55.6185],[9.7493,55.6185],[9.7494,55.6184],[9.7496,55.6183],[9.7498,55.6183],[9.7501,55.6183]]]},"properties":{"sourceId":"ais_par3.61707","a_type":3210,"hectares":0.785}},{"type":"Feature","id":"ais_par3.61710","geometry":{"type":"Polygon","coordinates":[[[9.7607,55.6162],[9.7598,55.6162],[9.7594,55.6163],[9.7592,55.6164],[9.7593,55.6166],[9.7595,55.6167],[9.7597,55.6169],[9.7595,55.6171],[9.7593,55.617],[9.7592,55.6168],[9.759,55.6168],[9.7588,55.6167],[9.7585,55.6165],[9.7583,55.6165],[9.758,55.6166],[9.7576,55.6172],[9.7591,55.6174],[9.7592,55.6177],[9.76,55.6177],[9.7603,55.6173],[9.7599,55.6172],[9.7607,55.6162]]]},"properties":{"sourceId":"ais_par3.61710","a_type":3210,"hectares":1.654}},{"type":"Feature","id":"ais_par3.61712","geometry":{"type":"Polygon","coordinates":[[[9.6579,55.6157],[9.6571,55.6161],[9.6566,55.6163],[9.656,55.6165],[9.6558,55.6164],[9.6553,55.6164],[9.6553,55.6166],[9.6559,55.6167],[9.6565,55.6167],[9.657,55.6165],[9.6576,55.6162],[9.6579,55.616],[9.6579,55.6157]]]},"properties":{"sourceId":"ais_par3.61712","a_type":3210,"hectares":0.576}},{"type":"Feature","id":"ais_par3.61729","geometry":{"type":"Polygon","coordinates":[[[9.6551,55.6094],[9.6538,55.6096],[9.6541,55.61],[9.655,55.61],[9.6551,55.6094]]]},"properties":{"sourceId":"ais_par3.61729","a_type":3210,"hectares":0.374}},{"type":"Feature","id":"ais_par3.61730","geometry":{"type":"Polygon","coordinates":[[[9.641,55.6063],[9.6411,55.6066],[9.6431,55.6068],[9.6431,55.6063],[9.641,55.6063]]]},"properties":{"sourceId":"ais_par3.61730","a_type":3210,"hectares":0.538}},{"type":"Feature","id":"ais_par3.61731","geometry":{"type":"Polygon","coordinates":[[[9.6783,55.6055],[9.6773,55.6054],[9.6763,55.6053],[9.6763,55.606],[9.6773,55.6061],[9.6779,55.6064],[9.6783,55.6055]]]},"properties":{"sourceId":"ais_par3.61731","a_type":3210,"hectares":0.995}},{"type":"Feature","id":"ais_par3.61714","geometry":{"type":"Polygon","coordinates":[[[9.7386,55.615],[9.7387,55.6152],[9.7387,55.6153],[9.7387,55.6154],[9.7387,55.6155],[9.7387,55.6156],[9.7388,55.6159],[9.739,55.6158],[9.739,55.6157],[9.7391,55.6156],[9.7392,55.6155],[9.7393,55.6153],[9.7396,55.6154],[9.7397,55.6155],[9.7398,55.6154],[9.74,55.6154],[9.7401,55.6154],[9.7402,55.6153],[9.7404,55.6152],[9.7405,55.6152],[9.7405,55.615],[9.7404,55.6149],[9.7402,55.6149],[9.7399,55.6149],[9.7396,55.6148],[9.7395,55.6147],[9.7397,55.6145],[9.741,55.6146],[9.7411,55.6144],[9.7411,55.6143],[9.7412,55.6141],[9.7411,55.614],[9.7403,55.6139],[9.7402,55.6137],[9.7402,55.6132],[9.7418,55.6134],[9.7418,55.6132],[9.7415,55.6131],[9.7403,55.6127],[9.7396,55.6125],[9.7392,55.6123],[9.7389,55.6121],[9.7386,55.612],[9.7384,55.6123],[9.7381,55.6128],[9.7378,55.613],[9.7373,55.613],[9.7371,55.613],[9.7368,55.6129],[9.7365,55.6129],[9.7364,55.6132],[9.7366,55.6133],[9.7367,55.6134],[9.7369,55.6133],[9.7371,55.6132],[9.7373,55.6133],[9.7375,55.6133],[9.7378,55.6132],[9.7381,55.6133],[9.7386,55.615]]]},"properties":{"sourceId":"ais_par3.61714","a_type":3210,"hectares":5.248}},{"type":"Feature","id":"ais_par3.61715","geometry":{"type":"Polygon","coordinates":[[[9.7536,55.6141],[9.7528,55.6146],[9.753,55.6158],[9.7532,55.6157],[9.7534,55.6154],[9.7536,55.6153],[9.7538,55.6153],[9.7538,55.6152],[9.7536,55.6141]]]},"properties":{"sourceId":"ais_par3.61715","a_type":3210,"hectares":0.7}},{"type":"Feature","id":"ais_par3.61717","geometry":{"type":"Polygon","coordinates":[[[9.6324,55.615],[9.6329,55.6157],[9.6332,55.6158],[9.6334,55.6157],[9.6336,55.6157],[9.6324,55.6138],[9.6318,55.6129],[9.6316,55.6128],[9.6313,55.6133],[9.6316,55.6135],[9.6324,55.615]]]},"properties":{"sourceId":"ais_par3.61717","a_type":3210,"hectares":1.378}},{"type":"Feature","id":"ais_par3.61718","geometry":{"type":"Polygon","coordinates":[[[9.6582,55.6149],[9.6593,55.6151],[9.6591,55.6147],[9.6589,55.6147],[9.6587,55.6147],[9.6582,55.6149]]]},"properties":{"sourceId":"ais_par3.61718","a_type":3210,"hectares":0.171}},{"type":"Feature","id":"ais_par3.61719","geometry":{"type":"Polygon","coordinates":[[[9.6921,55.6106],[9.6913,55.6109],[9.6909,55.6111],[9.6902,55.6114],[9.6898,55.6117],[9.6896,55.6121],[9.6893,55.6124],[9.6881,55.6137],[9.6877,55.6137],[9.688,55.6143],[9.6884,55.6141],[9.69,55.6128],[9.6899,55.6126],[9.6929,55.6108],[9.6921,55.6106]]]},"properties":{"sourceId":"ais_par3.61719","a_type":3210,"hectares":2.779}},{"type":"Feature","id":"ais_par3.61722","geometry":{"type":"Polygon","coordinates":[[[9.7408,55.6119],[9.74,55.6124],[9.7408,55.6127],[9.7415,55.6129],[9.7422,55.6132],[9.7423,55.613],[9.7425,55.6128],[9.7425,55.6127],[9.7425,55.6124],[9.7408,55.6119]]]},"properties":{"sourceId":"ais_par3.61722","a_type":3210,"hectares":1.133}},{"type":"Feature","id":"ais_par3.61723","geometry":{"type":"Polygon","coordinates":[[[9.6886,55.6119],[9.6886,55.6117],[9.6887,55.6115],[9.6889,55.6113],[9.6889,55.6112],[9.6887,55.611],[9.6884,55.6108],[9.688,55.6107],[9.6876,55.6106],[9.687,55.611],[9.6877,55.6118],[9.6879,55.6128],[9.6874,55.6129],[9.6876,55.6135],[9.6882,55.613],[9.6886,55.6127],[9.6886,55.6122],[9.6886,55.6119]]]},"properties":{"sourceId":"ais_par3.61723","a_type":3210,"hectares":1.865}},{"type":"Feature","id":"ais_par3.61724","geometry":{"type":"Polygon","coordinates":[[[9.7348,55.6112],[9.7344,55.6115],[9.7341,55.6116],[9.7339,55.6117],[9.7336,55.6118],[9.7335,55.6118],[9.7333,55.6119],[9.7332,55.612],[9.733,55.6121],[9.7331,55.6123],[9.7332,55.6124],[9.7334,55.6124],[9.7336,55.6124],[9.7339,55.6124],[9.7342,55.6124],[9.7344,55.6123],[9.7343,55.6124],[9.7342,55.6125],[9.7343,55.6126],[9.7346,55.6126],[9.7348,55.6125],[9.735,55.6126],[9.7352,55.6126],[9.7356,55.6125],[9.7359,55.6125],[9.7362,55.6126],[9.7365,55.6126],[9.7367,55.6126],[9.7369,55.6124],[9.7367,55.6124],[9.7365,55.6123],[9.7362,55.6123],[9.7357,55.6121],[9.7351,55.6119],[9.7346,55.6118],[9.7347,55.6116],[9.7347,55.6114],[9.7348,55.6112]]]},"properties":{"sourceId":"ais_par3.61724","a_type":3210,"hectares":1.536}},{"type":"Feature","id":"ais_par3.61725","geometry":{"type":"Polygon","coordinates":[[[9.7284,55.6123],[9.7288,55.6123],[9.7291,55.6121],[9.7293,55.612],[9.7295,55.6119],[9.7295,55.6118],[9.7296,55.6116],[9.7298,55.6115],[9.73,55.6113],[9.7301,55.6112],[9.7303,55.6113],[9.7302,55.6114],[9.7301,55.6115],[9.7299,55.6116],[9.7298,55.6117],[9.7298,55.6118],[9.7298,55.6119],[9.7298,55.6121],[9.7299,55.6123],[9.73,55.6124],[9.7303,55.6123],[9.7305,55.6122],[9.7308,55.6123],[9.731,55.6123],[9.7313,55.6123],[9.7315,55.6122],[9.7316,55.6123],[9.7317,55.6124],[9.7319,55.6125],[9.7321,55.6125],[9.7323,55.6124],[9.7326,55.6121],[9.733,55.6119],[9.7329,55.6118],[9.7331,55.6117],[9.7336,55.6114],[9.7337,55.6113],[9.7339,55.6111],[9.7341,55.6111],[9.7345,55.611],[9.7347,55.611],[9.735,55.6109],[9.7353,55.6109],[9.7356,55.6108],[9.7358,55.6107],[9.736,55.6106],[9.7351,55.6105],[9.7348,55.6107],[9.7345,55.6107],[9.7339,55.6107],[9.7336,55.6108],[9.7334,55.6109],[9.733,55.611],[9.7327,55.6111],[9.7321,55.6111],[9.7316,55.6111],[9.7316,55.611],[9.7314,55.6108],[9.731,55.6109],[9.7308,55.6109],[9.7305,55.6109],[9.7301,55.6109],[9.7298,55.6108],[9.7296,55.6109],[9.7294,55.611],[9.7291,55.6113],[9.7294,55.6113],[9.7295,55.6114],[9.7294,55.6115],[9.7293,55.6116],[9.7291,55.6117],[9.7289,55.6118],[9.7287,55.612],[9.7283,55.612],[9.7281,55.612],[9.7279,55.612],[9.7276,55.6119],[9.7274,55.6119],[9.7272,55.6118],[9.727,55.6118],[9.7269,55.6116],[9.7265,55.6114],[9.7262,55.6115],[9.7258,55.6115],[9.7255,55.6115],[9.7254,55.6115],[9.725,55.6114],[9.7248,55.6113],[9.7247,55.6112],[9.7246,55.611],[9.7246,55.6109],[9.725,55.6108],[9.7252,55.6107],[9.7254,55.6106],[9.7257,55.6105],[9.7259,55.6103],[9.7261,55.6101],[9.7261,55.6099],[9.7258,55.6096],[9.7257,55.6093],[9.7252,55.609],[9.7251,55.609],[9.7261,55.6084],[9.7257,55.6083],[9.725,55.6086],[9.7244,55.609],[9.7248,55.6091],[9.7249,55.6093],[9.7248,55.6094],[9.7246,55.6096],[9.7243,55.6097],[9.7243,55.6098],[9.7244,55.6099],[9.7247,55.6099],[9.725,55.6099],[9.7253,55.61],[9.7253,55.6101],[9.7252,55.6102],[9.7251,55.6104],[9.7249,55.6104],[9.7247,55.6105],[9.7245,55.6105],[9.7242,55.6106],[9.7239,55.6119],[9.7243,55.6119],[9.7247,55.612],[9.725,55.6121],[9.7252,55.6121],[9.7257,55.612],[9.7258,55.612],[9.7261,55.6119],[9.7263,55.612],[9.7268,55.612],[9.727,55.6121],[9.7273,55.6122],[9.7277,55.6122],[9.728,55.6123],[9.7284,55.6123]]]},"properties":{"sourceId":"ais_par3.61725","a_type":3210,"hectares":7.317}},{"type":"Feature","id":"ais_par3.61728","geometry":{"type":"Polygon","coordinates":[[[9.6856,55.6094],[9.6845,55.6098],[9.6832,55.6101],[9.6837,55.6106],[9.6848,55.6102],[9.6861,55.6096],[9.6856,55.6094]]]},"properties":{"sourceId":"ais_par3.61728","a_type":3210,"hectares":0.817}},{"type":"Feature","id":"ais_par3.61732","geometry":{"type":"Polygon","coordinates":[[[9.7112,55.6047],[9.7109,55.6047],[9.7107,55.6046],[9.71,55.6046],[9.7104,55.6047],[9.7107,55.605],[9.7109,55.6051],[9.7112,55.605],[9.7115,55.6049],[9.7118,55.605],[9.7119,55.6049],[9.712,55.6048],[9.7121,55.6047],[9.712,55.6044],[9.7119,55.6042],[9.7115,55.6044],[9.7112,55.6047]]]},"properties":{"sourceId":"ais_par3.61732","a_type":3210,"hectares":0.554}},{"type":"Feature","id":"ais_par3.61733","geometry":{"type":"Polygon","coordinates":[[[9.6564,55.6002],[9.6552,55.6003],[9.6536,55.6005],[9.6524,55.6007],[9.6528,55.6014],[9.6534,55.6012],[9.654,55.6012],[9.6556,55.6012],[9.6567,55.6012],[9.6564,55.6002]]]},"properties":{"sourceId":"ais_par3.61733","a_type":3210,"hectares":2.134}},{"type":"Feature","id":"ais_par3.61736","geometry":{"type":"Polygon","coordinates":[[[9.6481,55.5969],[9.6477,55.5968],[9.6474,55.5969],[9.6471,55.5971],[9.6465,55.5971],[9.6468,55.5968],[9.6474,55.5967],[9.648,55.5965],[9.6482,55.5963],[9.6473,55.5964],[9.6468,55.5965],[9.6461,55.5967],[9.6453,55.5972],[9.6466,55.5978],[9.6481,55.5969]]]},"properties":{"sourceId":"ais_par3.61736","a_type":3210,"hectares":1.263}},{"type":"Feature","id":"ais_par3.61740","geometry":{"type":"Polygon","coordinates":[[[9.7894,55.5917],[9.7891,55.5917],[9.7834,55.5918],[9.7833,55.5922],[9.7833,55.5932],[9.7834,55.5934],[9.7837,55.5934],[9.7866,55.5933],[9.7871,55.5928],[9.7882,55.593],[9.7887,55.5923],[9.7899,55.5928],[9.7902,55.5934],[9.7911,55.5934],[9.792,55.5935],[9.7919,55.5933],[9.7919,55.5931],[9.7918,55.5928],[9.7914,55.5924],[9.7911,55.592],[9.7907,55.5917],[9.7901,55.5916],[9.7894,55.5917]]]},"properties":{"sourceId":"ais_par3.61740","a_type":3210,"hectares":8.219}},{"type":"Feature","id":"ais_par3.61741","geometry":{"type":"Polygon","coordinates":[[[9.7816,55.59],[9.777,55.5902],[9.7769,55.5916],[9.7776,55.5916],[9.7776,55.5932],[9.7804,55.5933],[9.7805,55.5932],[9.7807,55.5931],[9.7809,55.5929],[9.781,55.5927],[9.7812,55.5925],[9.7813,55.5923],[9.7814,55.5921],[9.7816,55.5918],[9.7817,55.5916],[9.782,55.5912],[9.7821,55.5909],[9.7821,55.5908],[9.7821,55.5906],[9.7821,55.5903],[9.782,55.5902],[9.7818,55.5901],[9.7816,55.59]]]},"properties":{"sourceId":"ais_par3.61741","a_type":3210,"hectares":9.356}},{"type":"Feature","id":"ais_par3.61742","geometry":{"type":"Polygon","coordinates":[[[9.5764,55.5921],[9.5756,55.5923],[9.5743,55.5933],[9.5736,55.5937],[9.5744,55.5934],[9.5749,55.5933],[9.5754,55.5932],[9.5759,55.5933],[9.577,55.5922],[9.5764,55.5921]]]},"properties":{"sourceId":"ais_par3.61742","a_type":3210,"hectares":1.177}},{"type":"Feature","id":"ais_par3.61744","geometry":{"type":"Polygon","coordinates":[[[9.7843,55.59],[9.7847,55.5902],[9.785,55.5902],[9.7853,55.5903],[9.7855,55.5904],[9.7857,55.5904],[9.786,55.5905],[9.7861,55.5905],[9.7863,55.5906],[9.7867,55.5907],[9.7869,55.5907],[9.7873,55.5908],[9.7876,55.5908],[9.7879,55.5908],[9.788,55.5906],[9.7882,55.5905],[9.7883,55.5904],[9.7887,55.5903],[9.7889,55.5902],[9.7891,55.5902],[9.7898,55.5902],[9.7901,55.5902],[9.7904,55.59],[9.7904,55.5898],[9.7904,55.5897],[9.7904,55.5895],[9.7902,55.5892],[9.79,55.5891],[9.79,55.589],[9.7901,55.5889],[9.7902,55.5888],[9.7903,55.5887],[9.7903,55.5886],[9.7902,55.5884],[9.7901,55.5883],[9.79,55.5882],[9.7898,55.5881],[9.7893,55.5881],[9.7893,55.5879],[9.7881,55.5879],[9.788,55.5883],[9.7884,55.5883],[9.7886,55.5884],[9.7886,55.5893],[9.7891,55.5894],[9.789,55.5897],[9.7888,55.5898],[9.7834,55.5892],[9.7835,55.59],[9.784,55.59],[9.7843,55.59]]]},"properties":{"sourceId":"ais_par3.61744","a_type":3210,"hectares":5.74}},{"type":"Feature","id":"ais_par3.61745","geometry":{"type":"Polygon","coordinates":[[[9.6096,55.5885],[9.6092,55.5887],[9.6087,55.5888],[9.6071,55.5889],[9.6064,55.5887],[9.6053,55.5889],[9.6049,55.5891],[9.6067,55.5895],[9.6068,55.5893],[9.6071,55.5892],[9.6075,55.5891],[9.6079,55.5892],[9.6083,55.5891],[9.6087,55.5889],[9.6087,55.5892],[9.6095,55.5894],[9.6104,55.5896],[9.6115,55.5899],[9.6127,55.5901],[9.6138,55.5902],[9.6148,55.5904],[9.6146,55.5896],[9.6138,55.5896],[9.6132,55.5895],[9.6131,55.5893],[9.6133,55.5892],[9.6134,55.5891],[9.6133,55.5889],[9.6129,55.5888],[9.6124,55.5889],[9.6125,55.5892],[9.6124,55.5894],[9.6117,55.5892],[9.6108,55.589],[9.6099,55.5887],[9.61,55.5885],[9.6096,55.5885]]]},"properties":{"sourceId":"ais_par3.61745","a_type":3210,"hectares":4.144}},{"type":"Feature","id":"ais_par3.61746","geometry":{"type":"Polygon","coordinates":[[[9.6201,55.5876],[9.6189,55.5873],[9.6188,55.5878],[9.6186,55.5881],[9.6178,55.5885],[9.615,55.5885],[9.6145,55.5883],[9.6143,55.5882],[9.614,55.5879],[9.6142,55.5884],[9.6143,55.5886],[9.6145,55.5888],[9.6151,55.589],[9.6157,55.5891],[9.6163,55.5891],[9.6169,55.5891],[9.6176,55.5891],[9.6181,55.5891],[9.6186,55.589],[9.619,55.5888],[9.6196,55.5886],[9.6199,55.5884],[9.62,55.588],[9.6201,55.5876]]]},"properties":{"sourceId":"ais_par3.61746","a_type":3210,"hectares":3.074}},{"type":"Feature","id":"ais_par3.61747","geometry":{"type":"Polygon","coordinates":[[[9.5866,55.587],[9.5863,55.5873],[9.5859,55.5874],[9.5853,55.5876],[9.5847,55.5878],[9.5838,55.5884],[9.5841,55.5891],[9.5845,55.5889],[9.5848,55.5888],[9.5852,55.5888],[9.5857,55.5888],[9.586,55.5887],[9.5866,55.5876],[9.5874,55.5879],[9.588,55.5881],[9.5888,55.5883],[9.5895,55.5884],[9.5899,55.5884],[9.59,55.5882],[9.5896,55.5876],[9.5894,55.5874],[9.5866,55.587]]]},"properties":{"sourceId":"ais_par3.61747","a_type":3210,"hectares":3.815}},{"type":"Feature","id":"ais_par3.61749","geometry":{"type":"Polygon","coordinates":[[[9.7862,55.583],[9.7854,55.583],[9.7841,55.583],[9.7833,55.5831],[9.7829,55.5832],[9.7827,55.5832],[9.7827,55.5834],[9.7831,55.5844],[9.7833,55.5853],[9.7836,55.5856],[9.784,55.5856],[9.7844,55.5857],[9.7851,55.5856],[9.7856,55.5856],[9.7858,55.5858],[9.7857,55.5859],[9.7855,55.586],[9.7853,55.586],[9.7851,55.586],[9.7847,55.586],[9.7842,55.5861],[9.7838,55.5862],[9.784,55.5867],[9.7882,55.5871],[9.7881,55.5868],[9.7879,55.5868],[9.7877,55.5868],[9.7875,55.5865],[9.7877,55.5864],[9.7876,55.5863],[9.7874,55.5862],[9.7873,55.5862],[9.7868,55.5861],[9.7865,55.5861],[9.7863,55.586],[9.7862,55.5858],[9.7862,55.5856],[9.7864,55.5854],[9.7865,55.5853],[9.7867,55.5852],[9.7867,55.585],[9.7866,55.5848],[9.7866,55.5847],[9.7865,55.5844],[9.7864,55.5842],[9.7864,55.584],[9.7865,55.5839],[9.7869,55.5837],[9.7871,55.5837],[9.7873,55.5836],[9.7873,55.5835],[9.7873,55.5834],[9.7871,55.5832],[9.787,55.5831],[9.7867,55.583],[9.7865,55.583],[9.7862,55.583]]]},"properties":{"sourceId":"ais_par3.61749","a_type":3210,"hectares":8.97}},{"type":"Feature","id":"ais_par3.61750","geometry":{"type":"Polygon","coordinates":[[[9.6329,55.5838],[9.6346,55.5822],[9.6335,55.5817],[9.6329,55.5816],[9.6328,55.5829],[9.6311,55.5829],[9.6316,55.5833],[9.6313,55.5833],[9.6307,55.5833],[9.6303,55.5833],[9.63,55.5835],[9.6296,55.5834],[9.6291,55.5834],[9.6284,55.5836],[9.6278,55.5837],[9.6271,55.5838],[9.6265,55.5837],[9.6259,55.5836],[9.6258,55.5843],[9.6255,55.5843],[9.6254,55.5839],[9.6251,55.5836],[9.6247,55.5833],[9.624,55.583],[9.6235,55.5827],[9.6234,55.5822],[9.623,55.5826],[9.6224,55.5828],[9.6234,55.5834],[9.6238,55.5834],[9.6242,55.5837],[9.6245,55.584],[9.6247,55.5844],[9.6245,55.5853],[9.6228,55.5855],[9.6225,55.5853],[9.6217,55.5855],[9.6213,55.5856],[9.621,55.5859],[9.621,55.5862],[9.6211,55.5866],[9.6211,55.5868],[9.6208,55.587],[9.6204,55.5869],[9.6195,55.5863],[9.6193,55.5861],[9.6194,55.5872],[9.6197,55.5873],[9.6203,55.5875],[9.6209,55.5877],[9.6215,55.5877],[9.6219,55.5876],[9.622,55.5875],[9.6222,55.5873],[9.6223,55.5869],[9.6229,55.5867],[9.6232,55.5865],[9.6236,55.5862],[9.6242,55.5859],[9.6249,55.5858],[9.6256,55.5857],[9.6265,55.5857],[9.6261,55.5855],[9.6265,55.5853],[9.6267,55.5852],[9.6269,55.585],[9.6268,55.5848],[9.6269,55.5847],[9.6273,55.5846],[9.6276,55.5845],[9.6281,55.5844],[9.6284,55.5842],[9.6286,55.5841],[9.629,55.584],[9.6295,55.5838],[9.6301,55.5837],[9.6304,55.5836],[9.6307,55.5837],[9.6309,55.5839],[9.6311,55.5838],[9.6313,55.5837],[9.6315,55.5837],[9.6316,55.5837],[9.6318,55.5838],[9.6329,55.5838]]]},"properties":{"sourceId":"ais_par3.61750","a_type":3210,"hectares":12.254}},{"type":"Feature","id":"ais_par3.61752","geometry":{"type":"Polygon","coordinates":[[[9.7445,55.5838],[9.7443,55.5838],[9.7441,55.5839],[9.7441,55.5849],[9.7449,55.5848],[9.7455,55.5847],[9.746,55.5848],[9.7461,55.5846],[9.7458,55.5844],[9.7454,55.5842],[9.7451,55.5838],[9.7448,55.5838],[9.7445,55.5838]]]},"properties":{"sourceId":"ais_par3.61752","a_type":3210,"hectares":1.065}},{"type":"Feature","id":"ais_par3.61755","geometry":{"type":"Polygon","coordinates":[[[9.7887,55.5817],[9.7885,55.5817],[9.7881,55.5818],[9.7878,55.582],[9.7874,55.5822],[9.7875,55.5823],[9.7876,55.5824],[9.7877,55.5825],[9.7878,55.5827],[9.7878,55.5828],[9.788,55.5831],[9.7881,55.5832],[9.7883,55.5832],[9.7886,55.5831],[9.789,55.5832],[9.7894,55.5832],[9.79,55.5832],[9.7903,55.5832],[9.7903,55.5831],[9.7902,55.583],[9.7902,55.5829],[9.7901,55.5828],[9.79,55.5827],[9.7899,55.5825],[9.7898,55.5824],[9.7896,55.5823],[9.7895,55.5822],[9.7893,55.5821],[9.7892,55.582],[9.789,55.5819],[9.7887,55.5817]]]},"properties":{"sourceId":"ais_par3.61755","a_type":3210,"hectares":1.934}},{"type":"Feature","id":"ais_par3.61761","geometry":{"type":"Polygon","coordinates":[[[9.6425,55.5814],[9.6428,55.5815],[9.6433,55.5816],[9.6439,55.5816],[9.645,55.5813],[9.6443,55.5799],[9.6436,55.58],[9.6417,55.5807],[9.6418,55.5809],[9.6421,55.5811],[9.6425,55.5814]]]},"properties":{"sourceId":"ais_par3.61761","a_type":3210,"hectares":2.619}},{"type":"Feature","id":"ais_par3.61762","geometry":{"type":"Polygon","coordinates":[[[9.5963,55.5725],[9.5956,55.5726],[9.5955,55.5727],[9.5958,55.5729],[9.5963,55.5731],[9.5978,55.5734],[9.5979,55.5736],[9.5971,55.5742],[9.5962,55.5749],[9.5955,55.5756],[9.595,55.5761],[9.5945,55.5761],[9.5935,55.5765],[9.5928,55.577],[9.5921,55.577],[9.5915,55.5771],[9.591,55.5772],[9.5907,55.5774],[9.5904,55.5777],[9.5903,55.5782],[9.5902,55.579],[9.59,55.5793],[9.5897,55.5794],[9.5893,55.5796],[9.5891,55.5803],[9.5899,55.58],[9.5903,55.5797],[9.5908,55.5794],[9.5909,55.579],[9.5909,55.5787],[9.5922,55.5789],[9.5924,55.578],[9.5935,55.5781],[9.5941,55.5776],[9.5949,55.5772],[9.5954,55.5769],[9.5959,55.5766],[9.5957,55.5764],[9.5963,55.5757],[9.597,55.5751],[9.5976,55.5747],[9.5993,55.573],[9.5989,55.5729],[9.5978,55.5729],[9.5971,55.5727],[9.5963,55.5725]]]},"properties":{"sourceId":"ais_par3.61762","a_type":3210,"hectares":9.112}},{"type":"Feature","id":"ais_par3.61764","geometry":{"type":"Polygon","coordinates":[[[9.7357,55.5727],[9.7352,55.5727],[9.735,55.5728],[9.7346,55.5728],[9.7346,55.5733],[9.7345,55.5736],[9.7345,55.5739],[9.7355,55.5739],[9.736,55.5744],[9.7362,55.5747],[9.7369,55.5748],[9.737,55.575],[9.7372,55.5752],[9.7373,55.5753],[9.7376,55.5755],[9.7377,55.5757],[9.7379,55.5759],[9.7382,55.5759],[9.7391,55.5761],[9.7394,55.5756],[9.7396,55.5752],[9.74,55.5746],[9.7403,55.574],[9.7401,55.5741],[9.74,55.5742],[9.7398,55.5743],[9.7396,55.5744],[9.7392,55.5746],[9.7389,55.5747],[9.7385,55.5747],[9.7383,55.5746],[9.738,55.5745],[9.7377,55.5744],[9.7375,55.5742],[9.7376,55.574],[9.7372,55.5739],[9.7369,55.5736],[9.7371,55.5735],[9.7365,55.5732],[9.7361,55.5729],[9.7357,55.5727]]]},"properties":{"sourceId":"ais_par3.61764","a_type":3210,"hectares":4.968}},{"type":"Feature","id":"ais_par3.61765","geometry":{"type":"Polygon","coordinates":[[[9.6135,55.57],[9.6133,55.5706],[9.6132,55.5711],[9.6133,55.5714],[9.6136,55.5717],[9.6126,55.5721],[9.6113,55.5714],[9.6108,55.5714],[9.6099,55.5713],[9.6091,55.5714],[9.6088,55.5717],[9.6076,55.5713],[9.6075,55.5717],[9.6076,55.572],[9.6081,55.5723],[9.6087,55.5726],[9.6085,55.5729],[9.6076,55.5728],[9.6065,55.5726],[9.6055,55.5725],[9.6047,55.5725],[9.6045,55.5727],[9.6038,55.5727],[9.6031,55.5728],[9.6029,55.5727],[9.6026,55.5724],[9.6024,55.5723],[9.6022,55.5721],[9.6021,55.5717],[9.602,55.5721],[9.602,55.5723],[9.6021,55.5727],[9.602,55.573],[9.6004,55.5732],[9.6001,55.5735],[9.5992,55.5736],[9.5989,55.5738],[9.5991,55.5739],[9.599,55.5741],[9.6036,55.5741],[9.6037,55.5737],[9.6051,55.5738],[9.6054,55.5735],[9.6062,55.5737],[9.606,55.5742],[9.6093,55.5744],[9.6104,55.573],[9.6116,55.573],[9.6116,55.5733],[9.6118,55.5735],[9.6121,55.5738],[9.6126,55.574],[9.6143,55.5732],[9.6144,55.5728],[9.6146,55.5723],[9.6147,55.5718],[9.6146,55.5715],[9.6141,55.5708],[9.6138,55.5703],[9.6135,55.57]]]},"properties":{"sourceId":"ais_par3.61765","a_type":3210,"hectares":17.897}},{"type":"Feature","id":"ais_par3.61770","geometry":{"type":"Polygon","coordinates":[[[9.6175,55.571],[9.617,55.571],[9.6164,55.5711],[9.6161,55.5719],[9.6167,55.5719],[9.6173,55.5719],[9.6177,55.5719],[9.6181,55.5711],[9.6175,55.571]]]},"properties":{"sourceId":"ais_par3.61770","a_type":3210,"hectares":1.043}},{"type":"Feature","id":"ais_par3.61772","geometry":{"type":"Polygon","coordinates":[[[9.6231,55.5707],[9.6232,55.5705],[9.6233,55.5704],[9.6235,55.5702],[9.6231,55.5701],[9.6229,55.5701],[9.6229,55.5699],[9.6222,55.5702],[9.6217,55.5704],[9.6212,55.5705],[9.6208,55.5706],[9.6211,55.5707],[9.6213,55.5708],[9.6214,55.571],[9.6215,55.5712],[9.6218,55.5713],[9.6222,55.5711],[9.6225,55.571],[9.6231,55.5707]]]},"properties":{"sourceId":"ais_par3.61772","a_type":3210,"hectares":1.203}},{"type":"Feature","id":"ais_par3.61777","geometry":{"type":"Polygon","coordinates":[[[9.622,55.5667],[9.6212,55.567],[9.6207,55.5671],[9.6202,55.5672],[9.6198,55.5674],[9.6194,55.5675],[9.6191,55.5675],[9.6187,55.5675],[9.6185,55.5679],[9.6189,55.5678],[9.6193,55.5678],[9.6198,55.5677],[9.6205,55.5676],[9.6212,55.5674],[9.6218,55.5672],[9.6224,55.567],[9.622,55.5667]]]},"properties":{"sourceId":"ais_par3.61777","a_type":3210,"hectares":0.955}},{"type":"Feature","id":"ais_par3.61778","geometry":{"type":"Polygon","coordinates":[[[9.6405,55.5668],[9.6402,55.5668],[9.639,55.567],[9.639,55.5673],[9.6393,55.5674],[9.6397,55.5674],[9.64,55.5673],[9.6402,55.5675],[9.6409,55.5674],[9.6407,55.567],[9.6405,55.5668]]]},"properties":{"sourceId":"ais_par3.61778","a_type":3210,"hectares":0.581}},{"type":"Feature","id":"ais_par3.61781","geometry":{"type":"Polygon","coordinates":[[[9.6171,55.5641],[9.6168,55.5639],[9.6163,55.5631],[9.614,55.5638],[9.6142,55.564],[9.6146,55.5641],[9.6148,55.5642],[9.615,55.5644],[9.6151,55.5646],[9.6171,55.5641]]]},"properties":{"sourceId":"ais_par3.61781","a_type":3210,"hectares":1.595}},{"type":"Feature","id":"ais_par3.61782","geometry":{"type":"Polygon","coordinates":[[[9.6158,55.5622],[9.6154,55.5618],[9.6152,55.5615],[9.6148,55.561],[9.6145,55.561],[9.6139,55.5612],[9.6144,55.5617],[9.6148,55.5616],[9.6152,55.5624],[9.6158,55.5622]]]},"properties":{"sourceId":"ais_par3.61782","a_type":3210,"hectares":0.73}},{"type":"Feature","id":"ais_par3.61783","geometry":{"type":"Polygon","coordinates":[[[9.6139,55.5609],[9.6138,55.5605],[9.6133,55.5606],[9.6127,55.5608],[9.6121,55.5609],[9.6112,55.5609],[9.6106,55.5611],[9.6099,55.5613],[9.6096,55.5614],[9.6094,55.5616],[9.6096,55.5617],[9.6099,55.5616],[9.6102,55.5615],[9.6106,55.5616],[9.611,55.5616],[9.6113,55.5617],[9.6113,55.562],[9.6116,55.562],[9.6121,55.5619],[9.6125,55.5617],[9.6127,55.5615],[9.6129,55.5613],[9.6133,55.561],[9.6139,55.5609]]]},"properties":{"sourceId":"ais_par3.61783","a_type":3210,"hectares":2.013}},{"type":"Feature","id":"ais_par3.61784","geometry":{"type":"Polygon","coordinates":[[[9.6122,55.5591],[9.6114,55.5591],[9.6106,55.5591],[9.6108,55.5595],[9.6112,55.5599],[9.6114,55.5602],[9.6116,55.5606],[9.6128,55.5605],[9.6129,55.5603],[9.6133,55.5602],[9.6135,55.5601],[9.6135,55.56],[9.6134,55.5599],[9.6131,55.5598],[9.6127,55.5598],[9.6128,55.5596],[9.6125,55.5595],[9.6121,55.5595],[9.6119,55.5594],[9.6119,55.5593],[9.6122,55.5591]]]},"properties":{"sourceId":"ais_par3.61784","a_type":3210,"hectares":1.662}},{"type":"Feature","id":"ais_par3.61791","geometry":{"type":"Polygon","coordinates":[[[9.6079,55.5544],[9.6078,55.5542],[9.6077,55.554],[9.6077,55.5539],[9.6072,55.5536],[9.6069,55.5535],[9.6064,55.5534],[9.6059,55.5532],[9.6054,55.553],[9.6051,55.553],[9.6043,55.553],[9.6039,55.5534],[9.6047,55.5534],[9.6052,55.5535],[9.6056,55.5538],[9.6059,55.5541],[9.6065,55.5544],[9.6062,55.5548],[9.6068,55.555],[9.6072,55.5548],[9.6076,55.5547],[9.6079,55.5544]]]},"properties":{"sourceId":"ais_par3.61791","a_type":3210,"hectares":2.188}},{"type":"Feature","id":"ais_par3.61792","geometry":{"type":"Polygon","coordinates":[[[9.7017,55.5545],[9.7017,55.5535],[9.7038,55.5534],[9.7036,55.5528],[9.7027,55.5529],[9.7019,55.553],[9.7014,55.5531],[9.7002,55.5531],[9.6992,55.5531],[9.6974,55.5531],[9.6993,55.5536],[9.6989,55.5541],[9.7011,55.5545],[9.7017,55.5545]]]},"properties":{"sourceId":"ais_par3.61792","a_type":3210,"hectares":3.252}},{"type":"Feature","id":"ais_par3.61796","geometry":{"type":"Polygon","coordinates":[[[9.7123,55.5507],[9.7121,55.5507],[9.7123,55.5512],[9.7126,55.5509],[9.7129,55.551],[9.713,55.5512],[9.7129,55.5513],[9.7129,55.5515],[9.7128,55.5518],[9.7131,55.5521],[9.7133,55.5521],[9.7136,55.552],[9.7138,55.5515],[9.7139,55.5514],[9.7142,55.5513],[9.714,55.5509],[9.7137,55.5509],[9.7127,55.5507],[9.7123,55.5507]]]},"properties":{"sourceId":"ais_par3.61796","a_type":3210,"hectares":1.033}},{"type":"Feature","id":"ais_par3.61800","geometry":{"type":"Polygon","coordinates":[[[9.6131,55.5496],[9.6155,55.5489],[9.6152,55.5485],[9.6148,55.5481],[9.6143,55.5475],[9.6139,55.5471],[9.6133,55.5472],[9.6134,55.5477],[9.6121,55.5479],[9.6119,55.5476],[9.6117,55.5475],[9.6112,55.5475],[9.6107,55.5475],[9.6097,55.5475],[9.6095,55.5473],[9.6089,55.5473],[9.6089,55.548],[9.6099,55.5481],[9.6109,55.5482],[9.6113,55.5479],[9.6114,55.5482],[9.6115,55.5483],[9.6117,55.5485],[9.6121,55.5486],[9.6124,55.5487],[9.6127,55.5488],[9.613,55.5486],[9.6131,55.5484],[9.6134,55.5484],[9.6135,55.5484],[9.6136,55.5486],[9.6125,55.5489],[9.6131,55.5496]]]},"properties":{"sourceId":"ais_par3.61800","a_type":3210,"hectares":4.73}},{"type":"Feature","id":"ais_par3.61803","geometry":{"type":"Polygon","coordinates":[[[9.5901,55.5458],[9.5896,55.5458],[9.5894,55.5462],[9.5893,55.5466],[9.5891,55.547],[9.5885,55.5474],[9.5878,55.5478],[9.5875,55.5479],[9.5881,55.548],[9.5887,55.548],[9.5897,55.5475],[9.5905,55.5469],[9.5901,55.5458]]]},"properties":{"sourceId":"ais_par3.61803","a_type":3210,"hectares":1.742}},{"type":"Feature","id":"ais_par3.61804","geometry":{"type":"Polygon","coordinates":[[[9.683,55.5447],[9.6826,55.5447],[9.6824,55.5449],[9.6824,55.5453],[9.6827,55.5459],[9.6829,55.5465],[9.6829,55.5468],[9.6827,55.5471],[9.6823,55.5473],[9.6838,55.5473],[9.6836,55.5471],[9.6834,55.5469],[9.6834,55.5467],[9.6833,55.5459],[9.6831,55.5455],[9.6828,55.5452],[9.6826,55.5449],[9.683,55.5447]]]},"properties":{"sourceId":"ais_par3.61804","a_type":3210,"hectares":1.056}},{"type":"Feature","id":"ais_par3.61806","geometry":{"type":"Polygon","coordinates":[[[9.6052,55.5436],[9.6029,55.5438],[9.6026,55.544],[9.6026,55.5442],[9.603,55.5444],[9.6034,55.5447],[9.6042,55.5451],[9.6052,55.5436]]]},"properties":{"sourceId":"ais_par3.61806","a_type":3210,"hectares":1.495}},{"type":"Feature","id":"ais_par3.61809","geometry":{"type":"Polygon","coordinates":[[[9.6007,55.5427],[9.6,55.5431],[9.6002,55.5433],[9.6006,55.5435],[9.6009,55.5436],[9.6012,55.5436],[9.6017,55.5437],[9.6023,55.544],[9.6031,55.5428],[9.6007,55.5427]]]},"properties":{"sourceId":"ais_par3.61809","a_type":3210,"hectares":1.609}},{"type":"Feature","id":"ais_par3.61811","geometry":{"type":"Polygon","coordinates":[[[9.7294,55.5411],[9.7293,55.5415],[9.7305,55.5415],[9.7307,55.5413],[9.7294,55.5411]]]},"properties":{"sourceId":"ais_par3.61811","a_type":3210,"hectares":0.264}},{"type":"Feature","id":"ais_par3.61817","geometry":{"type":"Polygon","coordinates":[[[9.5901,55.5357],[9.5897,55.5359],[9.5909,55.5365],[9.5905,55.5367],[9.5912,55.5372],[9.5922,55.5366],[9.5901,55.5357]]]},"properties":{"sourceId":"ais_par3.61817","a_type":3210,"hectares":0.962}},{"type":"Feature","id":"ais_par3.61821","geometry":{"type":"Polygon","coordinates":[[[9.5767,55.5338],[9.5761,55.5344],[9.5779,55.5346],[9.5781,55.5339],[9.5767,55.5338]]]},"properties":{"sourceId":"ais_par3.61821","a_type":3210,"hectares":0.74}},{"type":"Feature","id":"ais_par3.61823","geometry":{"type":"Polygon","coordinates":[[[9.5836,55.5326],[9.5829,55.5327],[9.5823,55.5328],[9.582,55.533],[9.582,55.5332],[9.5824,55.5335],[9.5828,55.5333],[9.5831,55.5331],[9.5836,55.5326]]]},"properties":{"sourceId":"ais_par3.61823","a_type":3210,"hectares":0.521}},{"type":"Feature","id":"ais_par3.61825","geometry":{"type":"Polygon","coordinates":[[[9.6779,55.5292],[9.6776,55.5295],[9.6774,55.5299],[9.677,55.5301],[9.677,55.5306],[9.678,55.5306],[9.6781,55.5303],[9.6782,55.5301],[9.6784,55.5298],[9.6789,55.5298],[9.679,55.5295],[9.6779,55.5292]]]},"properties":{"sourceId":"ais_par3.61825","a_type":3210,"hectares":0.999}},{"type":"Feature","id":"ais_par3.61830","geometry":{"type":"Polygon","coordinates":[[[9.7071,55.5244],[9.7073,55.5242],[9.7073,55.5241],[9.7073,55.524],[9.7074,55.5238],[9.7074,55.5237],[9.7074,55.5235],[9.7072,55.5234],[9.707,55.5233],[9.7069,55.5232],[9.7067,55.5233],[9.7064,55.5232],[9.7057,55.5232],[9.7058,55.5238],[9.7058,55.5246],[9.7059,55.5249],[9.7061,55.5253],[9.7061,55.5255],[9.7065,55.5256],[9.7067,55.5257],[9.7068,55.5258],[9.7072,55.5258],[9.7073,55.5256],[9.7073,55.5255],[9.7073,55.5254],[9.7072,55.5252],[9.7071,55.5251],[9.7071,55.525],[9.7072,55.5248],[9.7072,55.5247],[9.7071,55.5246],[9.7071,55.5244]]]},"properties":{"sourceId":"ais_par3.61830","a_type":3210,"hectares":2.353}},{"type":"Feature","id":"ais_par3.61831","geometry":{"type":"Polygon","coordinates":[[[9.6131,55.5256],[9.6127,55.5259],[9.6128,55.5262],[9.6141,55.526],[9.615,55.5259],[9.6155,55.5257],[9.6154,55.5254],[9.6149,55.5252],[9.6139,55.5254],[9.6131,55.5256]]]},"properties":{"sourceId":"ais_par3.61831","a_type":3210,"hectares":1.063}},{"type":"Feature","id":"ais_par3.61833","geometry":{"type":"Polygon","coordinates":[[[9.5874,55.5254],[9.5878,55.5252],[9.5877,55.5249],[9.5876,55.5247],[9.5873,55.5246],[9.5868,55.5248],[9.5862,55.525],[9.5862,55.5253],[9.5862,55.5254],[9.5869,55.5254],[9.5874,55.5254]]]},"properties":{"sourceId":"ais_par3.61833","a_type":3210,"hectares":0.66}},{"type":"Feature","id":"ais_par3.61835","geometry":{"type":"Polygon","coordinates":[[[9.6209,55.5214],[9.6193,55.522],[9.618,55.5227],[9.6165,55.5234],[9.6169,55.5237],[9.6164,55.5241],[9.616,55.5247],[9.6162,55.525],[9.6165,55.5245],[9.6168,55.5242],[9.6175,55.524],[9.6176,55.5233],[9.6183,55.5231],[9.6192,55.5228],[9.6201,55.5224],[9.6207,55.5222],[9.6214,55.522],[9.6214,55.5217],[9.6209,55.5214]]]},"properties":{"sourceId":"ais_par3.61835","a_type":3210,"hectares":2.549}},{"type":"Feature","id":"ais_par3.61838","geometry":{"type":"Polygon","coordinates":[[[9.593,55.5214],[9.593,55.5217],[9.5933,55.5224],[9.5942,55.5223],[9.5953,55.5222],[9.5963,55.5221],[9.5965,55.5217],[9.5964,55.5212],[9.5962,55.5208],[9.5959,55.5204],[9.5951,55.5207],[9.5946,55.5208],[9.5937,55.5212],[9.593,55.5214]]]},"properties":{"sourceId":"ais_par3.61838","a_type":3210,"hectares":3.069}},{"type":"Feature","id":"ais_par3.61839","geometry":{"type":"Polygon","coordinates":[[[9.622,55.5197],[9.621,55.5209],[9.6217,55.521],[9.6219,55.5209],[9.6223,55.5208],[9.623,55.5208],[9.6231,55.5203],[9.6227,55.5201],[9.6224,55.5199],[9.622,55.5197]]]},"properties":{"sourceId":"ais_par3.61839","a_type":3210,"hectares":1.063}},{"type":"Feature","id":"ais_par3.61856","geometry":{"type":"Polygon","coordinates":[[[9.6382,55.5099],[9.6369,55.5106],[9.638,55.5122],[9.6395,55.5113],[9.6382,55.5099]]]},"properties":{"sourceId":"ais_par3.61856","a_type":3210,"hectares":2.122}},{"type":"Feature","id":"ais_par3.61919","geometry":{"type":"Polygon","coordinates":[[[9.6268,55.6208],[9.6261,55.6197],[9.6256,55.6194],[9.624,55.619],[9.6235,55.6189],[9.6233,55.619],[9.6234,55.6191],[9.6237,55.6193],[9.6241,55.6194],[9.6251,55.6208],[9.6268,55.6208]],[[9.6257,55.6202],[9.6259,55.6203],[9.6261,55.6205],[9.6261,55.6206],[9.6257,55.6207],[9.6255,55.6203],[9.6255,55.6202],[9.6257,55.6202]]]},"properties":{"sourceId":"ais_par3.61919","a_type":3210,"hectares":1.956}},{"type":"Feature","id":"ais_par3.61920","geometry":{"type":"Polygon","coordinates":[[[9.6081,55.5133],[9.6073,55.5133],[9.606,55.5134],[9.6057,55.5135],[9.6053,55.5136],[9.6051,55.5137],[9.605,55.514],[9.6051,55.5142],[9.6083,55.5142],[9.6083,55.5136],[9.6081,55.5133]],[[9.607,55.5135],[9.6069,55.5137],[9.6068,55.5138],[9.6067,55.5139],[9.6067,55.514],[9.6065,55.514],[9.6064,55.5138],[9.6065,55.5137],[9.6065,55.5135],[9.607,55.5135]]]},"properties":{"sourceId":"ais_par3.61920","a_type":3210,"hectares":1.658}},{"type":"Feature","id":"ais_par3.62611","geometry":{"type":"Polygon","coordinates":[[[9.6985,55.6233],[9.6978,55.6235],[9.6973,55.6236],[9.6966,55.6237],[9.6964,55.624],[9.6957,55.6241],[9.6949,55.6241],[9.6952,55.625],[9.6948,55.625],[9.6931,55.6251],[9.6926,55.6253],[9.6916,55.6261],[9.6913,55.6268],[9.6911,55.6271],[9.6925,55.6271],[9.6925,55.6278],[9.692,55.6287],[9.6922,55.6289],[9.6919,55.6292],[9.6916,55.63],[9.6909,55.6306],[9.6918,55.6313],[9.6926,55.6303],[9.6925,55.6301],[9.6925,55.6299],[9.6929,55.6297],[9.6932,55.6296],[9.6931,55.6294],[9.6931,55.6291],[9.6934,55.6289],[9.6938,55.6287],[9.6943,55.6283],[9.6943,55.628],[9.6942,55.6276],[9.6943,55.6273],[9.6937,55.6268],[9.6936,55.6267],[9.6933,55.6265],[9.6932,55.6263],[9.6929,55.6262],[9.6931,55.6259],[9.6935,55.6256],[9.6939,55.6256],[9.6949,55.6255],[9.6958,55.6255],[9.6965,55.6254],[9.6967,55.6251],[9.6967,55.6247],[9.6968,55.6244],[9.6969,55.6241],[9.6973,55.624],[9.6986,55.6236],[9.6985,55.6233]]]},"properties":{"sourceId":"ais_par3.62611","a_type":3210,"hectares":9.025}},{"type":"Feature","id":"ais_par3.62613","geometry":{"type":"Polygon","coordinates":[[[9.6599,55.6283],[9.6595,55.6284],[9.6584,55.6289],[9.6574,55.6287],[9.657,55.6283],[9.6566,55.6281],[9.6566,55.6278],[9.6555,55.6275],[9.6549,55.6277],[9.6543,55.6277],[9.6537,55.6276],[9.653,55.6275],[9.6529,55.6278],[9.654,55.6281],[9.6553,55.6283],[9.6554,55.6285],[9.6565,55.6284],[9.6569,55.6288],[9.6574,55.629],[9.658,55.6293],[9.6586,55.6292],[9.6591,55.6291],[9.6595,55.6289],[9.6612,55.6288],[9.6618,55.6296],[9.6613,55.6296],[9.6617,55.6302],[9.6628,55.631],[9.6626,55.63],[9.6619,55.6285],[9.6616,55.6286],[9.6604,55.6284],[9.6602,55.6281],[9.6599,55.6283]]]},"properties":{"sourceId":"ais_par3.62613","a_type":3210,"hectares":4.225}},{"type":"Feature","id":"ais_par3.62614","geometry":{"type":"Polygon","coordinates":[[[9.6654,55.63],[9.6688,55.63],[9.6687,55.6296],[9.6665,55.6295],[9.6662,55.6289],[9.6659,55.6291],[9.6657,55.6293],[9.6656,55.6294],[9.6654,55.63]]]},"properties":{"sourceId":"ais_par3.62614","a_type":3210,"hectares":1.404}},{"type":"Feature","id":"ais_par3.62616","geometry":{"type":"Polygon","coordinates":[[[9.802,55.6263],[9.8017,55.6263],[9.8017,55.6265],[9.8018,55.6266],[9.8022,55.6268],[9.8028,55.6269],[9.8042,55.6274],[9.8056,55.6278],[9.8065,55.628],[9.8074,55.6281],[9.8082,55.628],[9.8087,55.6278],[9.8092,55.6276],[9.8097,55.6275],[9.8103,55.6275],[9.8103,55.6275],[9.8104,55.6273],[9.8101,55.6273],[9.8089,55.6273],[9.8081,55.6272],[9.8079,55.6273],[9.8077,55.6273],[9.8073,55.6273],[9.8062,55.6272],[9.8054,55.6271],[9.8043,55.627],[9.8035,55.6269],[9.8027,55.6267],[9.802,55.6263]]]},"properties":{"sourceId":"ais_par3.62616","a_type":3210,"hectares":3.028}},{"type":"Feature","id":"ais_par3.62617","geometry":{"type":"Polygon","coordinates":[[[9.6651,55.6273],[9.6652,55.6277],[9.6652,55.6279],[9.665,55.6281],[9.6651,55.6283],[9.6652,55.6284],[9.6654,55.6287],[9.6656,55.6289],[9.6667,55.6275],[9.6651,55.6273]]]},"properties":{"sourceId":"ais_par3.62617","a_type":3210,"hectares":1.064}},{"type":"Feature","id":"ais_par3.62618","geometry":{"type":"Polygon","coordinates":[[[9.8273,55.6269],[9.8263,55.6269],[9.8261,55.6271],[9.8249,55.6272],[9.8246,55.6273],[9.8247,55.6275],[9.8248,55.6275],[9.8255,55.6275],[9.8264,55.6274],[9.8272,55.6273],[9.8279,55.6274],[9.8285,55.6274],[9.8293,55.6274],[9.8299,55.6273],[9.8298,55.627],[9.8295,55.627],[9.8292,55.627],[9.829,55.627],[9.8288,55.6271],[9.8285,55.6271],[9.8283,55.6271],[9.8281,55.6271],[9.8279,55.6271],[9.8274,55.6271],[9.8272,55.627],[9.8273,55.6269]]]},"properties":{"sourceId":"ais_par3.62618","a_type":3210,"hectares":1.18}},{"type":"Feature","id":"ais_par3.62620","geometry":{"type":"Polygon","coordinates":[[[9.66,55.6251],[9.6599,55.6257],[9.66,55.6264],[9.66,55.6277],[9.6602,55.6281],[9.661,55.6281],[9.6617,55.6281],[9.6611,55.6272],[9.6609,55.6267],[9.6605,55.6259],[9.6602,55.6254],[9.66,55.6251]]]},"properties":{"sourceId":"ais_par3.62620","a_type":3210,"hectares":1.749}},{"type":"Feature","id":"ais_par3.62621","geometry":{"type":"Polygon","coordinates":[[[9.7532,55.6245],[9.7529,55.6246],[9.7526,55.6248],[9.7523,55.625],[9.752,55.6251],[9.752,55.6252],[9.7519,55.6253],[9.7513,55.6256],[9.7509,55.6258],[9.7498,55.6263],[9.7497,55.6264],[9.7496,55.6265],[9.7493,55.6266],[9.7491,55.6267],[9.7488,55.6268],[9.7487,55.6269],[9.7487,55.6271],[9.7488,55.6272],[9.749,55.6273],[9.7492,55.6274],[9.7494,55.6275],[9.7498,55.6274],[9.7502,55.6271],[9.7509,55.6265],[9.7515,55.626],[9.752,55.6256],[9.7525,55.6252],[9.7529,55.6249],[9.7532,55.6245]]]},"properties":{"sourceId":"ais_par3.62621","a_type":3210,"hectares":1.894}},{"type":"Feature","id":"ais_par3.63154","geometry":{"type":"Polygon","coordinates":[[[9.6595,55.5212],[9.6596,55.5209],[9.6598,55.5206],[9.6601,55.5206],[9.6603,55.5206],[9.6602,55.5209],[9.66,55.5214],[9.6598,55.5217],[9.6598,55.5219],[9.6599,55.5221],[9.6602,55.522],[9.6608,55.5214],[9.6611,55.521],[9.6611,55.5209],[9.6607,55.5207],[9.6606,55.5205],[9.66,55.5202],[9.66,55.5202],[9.6594,55.52],[9.6589,55.5196],[9.6584,55.5192],[9.658,55.5187],[9.6578,55.5183],[9.6573,55.5183],[9.6568,55.5183],[9.657,55.5185],[9.6572,55.5186],[9.6572,55.5187],[9.6571,55.5189],[9.6573,55.5191],[9.6579,55.5196],[9.6582,55.52],[9.6582,55.5203],[9.6582,55.5206],[9.658,55.5208],[9.658,55.5212],[9.6581,55.5215],[9.6585,55.5214],[9.6587,55.5213],[9.659,55.5212],[9.6593,55.5213],[9.6595,55.5212]],[[9.6589,55.5205],[9.659,55.5206],[9.659,55.5207],[9.6587,55.5208],[9.6585,55.5207],[9.6586,55.5205],[9.6589,55.5205]]]},"properties":{"sourceId":"ais_par3.63154","a_type":4110,"hectares":3.519}},{"type":"Feature","id":"ais_par3.63175","geometry":{"type":"Polygon","coordinates":[[[9.6879,55.6067],[9.6874,55.6063],[9.6866,55.6064],[9.6862,55.6064],[9.686,55.607],[9.6867,55.6074],[9.6879,55.6067]]]},"properties":{"sourceId":"ais_par3.63175","a_type":4110,"hectares":0.924}},{"type":"Feature","id":"ais_par3.63176","geometry":{"type":"Polygon","coordinates":[[[9.7042,55.6242],[9.7048,55.6238],[9.7088,55.6223],[9.7092,55.6224],[9.7097,55.6224],[9.7096,55.6221],[9.7113,55.6213],[9.7121,55.6207],[9.7109,55.6206],[9.71,55.62],[9.7075,55.6215],[9.7042,55.6225],[9.7038,55.6228],[9.7029,55.6242],[9.7026,55.6244],[9.7021,55.6244],[9.7024,55.6248],[9.7042,55.6242]],[[9.7043,55.6236],[9.7042,55.6238],[9.7042,55.6239],[9.7041,55.6239],[9.7037,55.6239],[9.7038,55.6237],[9.7039,55.6236],[9.7041,55.6236],[9.7043,55.6236]]]},"properties":{"sourceId":"ais_par3.63176","a_type":4110,"hectares":8.568}},{"type":"Feature","id":"ais_par3.64267","geometry":{"type":"Polygon","coordinates":[[[9.7362,55.6295],[9.7364,55.63],[9.7396,55.6297],[9.7396,55.6293],[9.7399,55.6292],[9.7399,55.629],[9.7362,55.6295]]]},"properties":{"sourceId":"ais_par3.64267","a_type":4110,"hectares":1.425}},{"type":"Feature","id":"ais_par3.64268","geometry":{"type":"Polygon","coordinates":[[[9.6654,55.63],[9.6656,55.6294],[9.6656,55.6289],[9.6654,55.6287],[9.6652,55.6284],[9.6651,55.6283],[9.665,55.6281],[9.6652,55.6279],[9.6652,55.6277],[9.6651,55.6273],[9.6652,55.627],[9.665,55.6269],[9.6646,55.6269],[9.6645,55.6267],[9.6644,55.6266],[9.6641,55.6265],[9.664,55.6264],[9.6641,55.6263],[9.6643,55.6262],[9.6624,55.6266],[9.6627,55.627],[9.6631,55.627],[9.6633,55.6273],[9.6631,55.6274],[9.6639,55.6283],[9.6641,55.6301],[9.6653,55.6302],[9.6654,55.63]]]},"properties":{"sourceId":"ais_par3.64268","a_type":4110,"hectares":4.336}},{"type":"Feature","id":"ais_par3.64269","geometry":{"type":"Polygon","coordinates":[[[9.7214,55.6285],[9.7211,55.6288],[9.7217,55.6296],[9.7235,55.6296],[9.7233,55.6292],[9.722,55.6289],[9.7214,55.6285]]]},"properties":{"sourceId":"ais_par3.64269","a_type":4110,"hectares":0.982}},{"type":"Feature","id":"ais_par3.64270","geometry":{"type":"Polygon","coordinates":[[[9.7354,55.6282],[9.7365,55.628],[9.7367,55.6275],[9.7372,55.6273],[9.7372,55.6269],[9.7382,55.6267],[9.7383,55.6269],[9.7391,55.6269],[9.739,55.6265],[9.74,55.6265],[9.7396,55.6263],[9.7394,55.6259],[9.7389,55.625],[9.7383,55.624],[9.7381,55.6236],[9.7376,55.623],[9.7353,55.624],[9.736,55.6246],[9.7359,55.6263],[9.7353,55.6273],[9.7354,55.6282]]]},"properties":{"sourceId":"ais_par3.64270","a_type":4110,"hectares":8.771}},{"type":"Feature","id":"ais_par3.64271","geometry":{"type":"Polygon","coordinates":[[[9.8238,55.6245],[9.8235,55.6245],[9.8232,55.6247],[9.8232,55.6247],[9.823,55.6248],[9.8226,55.6249],[9.8224,55.625],[9.8224,55.6251],[9.8223,55.6253],[9.8222,55.6254],[9.822,55.6255],[9.8218,55.6257],[9.8215,55.6258],[9.8212,55.6259],[9.8211,55.626],[9.8207,55.626],[9.8204,55.6261],[9.82,55.6261],[9.8198,55.6262],[9.8197,55.6262],[9.8196,55.6264],[9.8194,55.6266],[9.8192,55.6268],[9.819,55.6269],[9.8186,55.6269],[9.8182,55.6269],[9.8175,55.627],[9.8171,55.6271],[9.817,55.6272],[9.8177,55.6274],[9.8181,55.6274],[9.8187,55.6273],[9.8192,55.6273],[9.8196,55.6273],[9.82,55.6273],[9.8204,55.6274],[9.8209,55.6274],[9.8217,55.627],[9.8217,55.6269],[9.8217,55.6268],[9.8217,55.6265],[9.8218,55.6264],[9.8218,55.6262],[9.8218,55.6261],[9.822,55.626],[9.8221,55.6258],[9.8222,55.6257],[9.8223,55.6256],[9.8226,55.6256],[9.8228,55.6255],[9.8232,55.6254],[9.8236,55.6253],[9.8239,55.6252],[9.824,55.6251],[9.824,55.625],[9.824,55.6249],[9.8239,55.6248],[9.8241,55.6247],[9.8243,55.6247],[9.8244,55.6246],[9.824,55.6245],[9.8238,55.6245]]]},"properties":{"sourceId":"ais_par3.64271","a_type":4110,"hectares":3.761}},{"type":"Feature","id":"ais_par3.64273","geometry":{"type":"Polygon","coordinates":[[[9.8114,55.6242],[9.8109,55.6245],[9.8107,55.625],[9.8102,55.6249],[9.8095,55.6258],[9.8099,55.6259],[9.8099,55.6261],[9.8111,55.6262],[9.8132,55.6264],[9.8135,55.6264],[9.8142,55.6265],[9.8147,55.6266],[9.815,55.6268],[9.8153,55.6268],[9.8157,55.627],[9.816,55.627],[9.8164,55.6264],[9.8124,55.6256],[9.8124,55.6254],[9.8125,55.6252],[9.8125,55.625],[9.8124,55.6249],[9.8115,55.6249],[9.8116,55.6247],[9.8115,55.6243],[9.8114,55.6242]]]},"properties":{"sourceId":"ais_par3.64273","a_type":4110,"hectares":4.174}},{"type":"Feature","id":"ais_par3.64274","geometry":{"type":"Polygon","coordinates":[[[9.7334,55.6333],[9.7316,55.6336],[9.7311,55.6325],[9.7305,55.632],[9.7295,55.6308],[9.7305,55.6303],[9.7306,55.6307],[9.7327,55.6303],[9.7333,55.6315],[9.7351,55.6308],[9.7345,55.6283],[9.7351,55.6283],[9.7351,55.6278],[9.7342,55.6278],[9.7339,55.6283],[9.7336,55.6284],[9.7332,55.6285],[9.7327,55.6286],[9.732,55.6286],[9.7312,55.6288],[9.7304,55.6287],[9.7295,55.6285],[9.7293,55.6286],[9.7289,55.6288],[9.7283,55.629],[9.7276,55.629],[9.7268,55.6289],[9.7262,55.6288],[9.7248,55.6285],[9.7258,55.63],[9.7258,55.6303],[9.7255,55.6305],[9.7245,55.6306],[9.7246,55.6309],[9.7255,55.631],[9.7277,55.6308],[9.7283,55.631],[9.7294,55.6322],[9.7278,55.6326],[9.7248,55.6335],[9.7214,55.634],[9.7214,55.6343],[9.719,55.6345],[9.7189,55.6348],[9.7215,55.6348],[9.7217,55.6351],[9.7231,55.6351],[9.7232,55.6348],[9.7253,55.6345],[9.7246,55.6355],[9.7256,55.6358],[9.726,55.6345],[9.7286,55.634],[9.729,55.6343],[9.7299,55.6341],[9.7298,55.6338],[9.7306,55.6337],[9.7307,55.6339],[9.7307,55.634],[9.7305,55.6342],[9.7303,55.6346],[9.7304,55.6351],[9.7304,55.6354],[9.731,55.6354],[9.7317,55.6353],[9.7322,55.6353],[9.733,55.6353],[9.7335,55.6353],[9.7339,55.6353],[9.7337,55.6368],[9.7352,55.6367],[9.7354,55.6366],[9.7364,55.6354],[9.7353,55.6353],[9.7345,55.633],[9.7334,55.6333]]]},"properties":{"sourceId":"ais_par3.64274","a_type":4110,"hectares":35.089}},{"type":"Feature","id":"ais_par3.64275","geometry":{"type":"Polygon","coordinates":[[[9.7936,55.6242],[9.7934,55.6243],[9.7934,55.6245],[9.7938,55.6247],[9.7941,55.6247],[9.7945,55.6246],[9.795,55.6245],[9.7956,55.6243],[9.7959,55.6243],[9.7959,55.6248],[9.7974,55.6246],[9.7977,55.6238],[9.7979,55.6238],[9.7986,55.6238],[9.7995,55.6238],[9.8003,55.6237],[9.8009,55.6238],[9.8008,55.6245],[9.8021,55.6246],[9.8023,55.6247],[9.8027,55.6248],[9.8031,55.6249],[9.8036,55.625],[9.8045,55.6251],[9.8048,55.6253],[9.8049,55.6255],[9.8069,55.6258],[9.8075,55.6248],[9.8058,55.6244],[9.8024,55.624],[9.8026,55.6229],[9.8022,55.6229],[9.8018,55.6228],[9.8014,55.6228],[9.8007,55.6226],[9.8003,55.6226],[9.8,55.6226],[9.7997,55.6226],[9.7994,55.6226],[9.7992,55.6226],[9.7988,55.6225],[9.7986,55.6223],[9.7984,55.6222],[9.7982,55.6221],[9.7981,55.6221],[9.7976,55.6221],[9.7973,55.6221],[9.7971,55.6221],[9.7968,55.6223],[9.7964,55.6224],[9.7962,55.6224],[9.796,55.6224],[9.7957,55.6224],[9.7953,55.6225],[9.795,55.6225],[9.7948,55.6231],[9.7948,55.6235],[9.7942,55.6237],[9.7941,55.6239],[9.794,55.624],[9.7939,55.6241],[9.7936,55.6242]]]},"properties":{"sourceId":"ais_par3.64275","a_type":4110,"hectares":13.421}},{"type":"Feature","id":"ais_par3.64276","geometry":{"type":"Polygon","coordinates":[[[9.826,55.6242],[9.8254,55.6251],[9.8267,55.6256],[9.8279,55.6255],[9.828,55.6254],[9.8281,55.6252],[9.8282,55.6251],[9.8285,55.6249],[9.8286,55.6247],[9.8288,55.6245],[9.8289,55.6243],[9.8291,55.6242],[9.826,55.6242]]]},"properties":{"sourceId":"ais_par3.64276","a_type":4110,"hectares":2.492}},{"type":"Feature","id":"ais_par3.64277","geometry":{"type":"Polygon","coordinates":[[[9.6636,55.6257],[9.6634,55.6256],[9.664,55.6256],[9.6635,55.6251],[9.663,55.625],[9.6625,55.6245],[9.6623,55.6238],[9.6624,55.6233],[9.6629,55.622],[9.6632,55.6216],[9.6635,55.6215],[9.6638,55.6213],[9.6642,55.6211],[9.6648,55.6205],[9.6651,55.6201],[9.6654,55.6199],[9.6661,55.6199],[9.666,55.6195],[9.6649,55.6191],[9.664,55.6203],[9.663,55.6212],[9.6618,55.6229],[9.6611,55.6229],[9.6611,55.6234],[9.6614,55.6235],[9.6616,55.6238],[9.6604,55.6237],[9.6604,55.6239],[9.6604,55.6241],[9.6604,55.6244],[9.6603,55.6247],[9.6603,55.625],[9.6607,55.6251],[9.6611,55.6254],[9.6618,55.6262],[9.6636,55.6257]]]},"properties":{"sourceId":"ais_par3.64277","a_type":4110,"hectares":6.749}},{"type":"Feature","id":"ais_par3.64278","geometry":{"type":"Polygon","coordinates":[[[9.7915,55.6233],[9.7921,55.6224],[9.792,55.6224],[9.7918,55.6224],[9.7915,55.6223],[9.7913,55.6223],[9.7912,55.6222],[9.791,55.6221],[9.7908,55.622],[9.7907,55.6219],[9.7907,55.6218],[9.7908,55.6216],[9.7907,55.6215],[9.7904,55.6214],[9.7901,55.6214],[9.7898,55.6213],[9.7894,55.6213],[9.7893,55.6215],[9.7891,55.6216],[9.7888,55.6216],[9.7886,55.6215],[9.7883,55.6216],[9.7885,55.6219],[9.7888,55.6229],[9.7882,55.6229],[9.7874,55.6215],[9.7872,55.6217],[9.7869,55.6218],[9.7865,55.6219],[9.786,55.622],[9.7855,55.622],[9.7859,55.6227],[9.7848,55.6228],[9.7849,55.623],[9.7851,55.6232],[9.7854,55.6233],[9.7857,55.6234],[9.7866,55.6236],[9.7869,55.6236],[9.7871,55.6236],[9.7874,55.6236],[9.7879,55.6235],[9.788,55.6234],[9.7883,55.6234],[9.7885,55.6234],[9.7887,55.6234],[9.7892,55.6234],[9.7899,55.6235],[9.7903,55.6236],[9.7903,55.623],[9.7915,55.6233]]]},"properties":{"sourceId":"ais_par3.64278","a_type":4110,"hectares":6.751}},{"type":"Feature","id":"ais_par3.64279","geometry":{"type":"Polygon","coordinates":[[[9.7374,55.6228],[9.7373,55.6225],[9.7349,55.6236],[9.7351,55.6238],[9.7374,55.6228]]]},"properties":{"sourceId":"ais_par3.64279","a_type":4110,"hectares":0.451}},{"type":"Feature","id":"ais_par3.64280","geometry":{"type":"Polygon","coordinates":[[[9.7372,55.6223],[9.7371,55.6209],[9.7329,55.6221],[9.7346,55.6234],[9.7372,55.6223]]]},"properties":{"sourceId":"ais_par3.64280","a_type":4110,"hectares":3.991}},{"type":"Feature","id":"ais_par3.64283","geometry":{"type":"Polygon","coordinates":[[[9.7492,55.6219],[9.7497,55.6218],[9.7498,55.6217],[9.7499,55.6216],[9.7498,55.6215],[9.7498,55.6213],[9.7498,55.6211],[9.7496,55.6208],[9.7495,55.6207],[9.7494,55.6206],[9.7493,55.6204],[9.7492,55.6202],[9.7492,55.6201],[9.7493,55.62],[9.7494,55.6198],[9.7489,55.6194],[9.7495,55.6188],[9.75,55.6186],[9.7501,55.6183],[9.7498,55.6183],[9.7496,55.6183],[9.7494,55.6184],[9.7493,55.6185],[9.7491,55.6185],[9.749,55.6186],[9.7488,55.6187],[9.7487,55.6187],[9.7485,55.6188],[9.7481,55.6188],[9.7479,55.6189],[9.7477,55.6189],[9.7475,55.619],[9.7475,55.619],[9.7472,55.6191],[9.747,55.6192],[9.7469,55.6193],[9.7468,55.6193],[9.7465,55.6196],[9.7464,55.6199],[9.7464,55.62],[9.7462,55.6202],[9.746,55.6208],[9.7472,55.6207],[9.748,55.6206],[9.7484,55.6208],[9.7481,55.6218],[9.7492,55.6219]]]},"properties":{"sourceId":"ais_par3.64283","a_type":4110,"hectares":5.01}},{"type":"Feature","id":"ais_par3.64284","geometry":{"type":"Polygon","coordinates":[[[9.6444,55.621],[9.643,55.6207],[9.6413,55.621],[9.6412,55.6215],[9.6429,55.6212],[9.6436,55.6212],[9.6443,55.6215],[9.6447,55.6217],[9.6452,55.622],[9.6462,55.6221],[9.6465,55.6216],[9.646,55.6216],[9.6444,55.621]]]},"properties":{"sourceId":"ais_par3.64284","a_type":4110,"hectares":1.949}},{"type":"Feature","id":"ais_par3.64286","geometry":{"type":"Polygon","coordinates":[[[9.6237,55.6179],[9.6221,55.6174],[9.6211,55.6173],[9.6205,55.6173],[9.6203,55.6174],[9.6217,55.6184],[9.6231,55.6184],[9.6233,55.6184],[9.6237,55.6179]]]},"properties":{"sourceId":"ais_par3.64286","a_type":4110,"hectares":1.548}},{"type":"Feature","id":"ais_par3.64288","geometry":{"type":"Polygon","coordinates":[[[9.6579,55.6157],[9.6574,55.6157],[9.6558,55.6164],[9.656,55.6165],[9.6566,55.6163],[9.6571,55.6161],[9.6579,55.6157]]]},"properties":{"sourceId":"ais_par3.64288","a_type":4110,"hectares":0.295}},{"type":"Feature","id":"ais_par3.64289","geometry":{"type":"Polygon","coordinates":[[[9.6582,55.6149],[9.658,55.615],[9.6581,55.6153],[9.6579,55.6156],[9.6581,55.6157],[9.6587,55.6156],[9.6593,55.6155],[9.6593,55.6151],[9.6582,55.6149]]]},"properties":{"sourceId":"ais_par3.64289","a_type":4110,"hectares":0.532}},{"type":"Feature","id":"ais_par3.64291","geometry":{"type":"Polygon","coordinates":[[[9.7489,55.6125],[9.7487,55.6127],[9.7488,55.6135],[9.7503,55.6142],[9.7504,55.6138],[9.7502,55.6138],[9.7498,55.6136],[9.7496,55.6135],[9.7493,55.6132],[9.7491,55.6129],[9.7489,55.6125]]]},"properties":{"sourceId":"ais_par3.64291","a_type":4110,"hectares":0.663}},{"type":"Feature","id":"ais_par3.64295","geometry":{"type":"Polygon","coordinates":[[[9.6893,55.6124],[9.6896,55.6121],[9.6898,55.6117],[9.6902,55.6114],[9.6909,55.6111],[9.6913,55.6109],[9.6921,55.6106],[9.6911,55.6104],[9.6893,55.6118],[9.6889,55.6119],[9.6886,55.6119],[9.6886,55.6122],[9.6893,55.6124]]]},"properties":{"sourceId":"ais_par3.64295","a_type":4110,"hectares":0.973}},{"type":"Feature","id":"ais_par3.64296","geometry":{"type":"Polygon","coordinates":[[[9.7226,55.6107],[9.7239,55.6104],[9.7238,55.61],[9.7238,55.6099],[9.7238,55.6098],[9.7239,55.6096],[9.724,55.6095],[9.7241,55.6094],[9.7242,55.6092],[9.7243,55.6091],[9.7244,55.609],[9.725,55.6086],[9.7257,55.6083],[9.7262,55.6081],[9.7259,55.608],[9.7254,55.608],[9.725,55.6081],[9.7247,55.6082],[9.7244,55.6083],[9.7241,55.6083],[9.7238,55.6083],[9.7237,55.6083],[9.7235,55.6082],[9.7232,55.6082],[9.7232,55.6083],[9.7231,55.6085],[9.7228,55.6088],[9.7226,55.6089],[9.7225,55.6091],[9.7224,55.6093],[9.7224,55.6095],[9.7223,55.6096],[9.7223,55.6097],[9.7224,55.6099],[9.7225,55.6102],[9.7225,55.6103],[9.7225,55.6104],[9.7226,55.6107]]]},"properties":{"sourceId":"ais_par3.64296","a_type":4110,"hectares":2.842}},{"type":"Feature","id":"ais_par3.64298","geometry":{"type":"Polygon","coordinates":[[[9.7533,55.6088],[9.7527,55.6093],[9.7527,55.6095],[9.7527,55.6096],[9.7528,55.6098],[9.754,55.61],[9.7546,55.6092],[9.7533,55.6088]]]},"properties":{"sourceId":"ais_par3.64298","a_type":4110,"hectares":1.052}},{"type":"Feature","id":"ais_par3.64300","geometry":{"type":"Polygon","coordinates":[[[9.6622,55.6069],[9.6618,55.6074],[9.6612,55.6082],[9.661,55.6084],[9.6606,55.6085],[9.6603,55.6087],[9.6601,55.6088],[9.66,55.609],[9.6601,55.6091],[9.6602,55.6092],[9.6612,55.6092],[9.6611,55.61],[9.661,55.6104],[9.6611,55.6109],[9.6608,55.6112],[9.6608,55.6116],[9.6606,55.6122],[9.6602,55.6126],[9.6595,55.613],[9.6595,55.6136],[9.6593,55.614],[9.6598,55.6154],[9.6603,55.6157],[9.6607,55.6159],[9.6609,55.6163],[9.6606,55.6166],[9.6617,55.6165],[9.6616,55.6161],[9.6616,55.6159],[9.6625,55.6161],[9.6627,55.6146],[9.6625,55.6143],[9.6625,55.6141],[9.6626,55.6138],[9.6619,55.6137],[9.6619,55.6136],[9.6627,55.6133],[9.6625,55.6127],[9.6626,55.6118],[9.6627,55.6114],[9.663,55.611],[9.6637,55.6103],[9.6644,55.6099],[9.6651,55.6096],[9.6648,55.6094],[9.6635,55.6091],[9.6646,55.6084],[9.6648,55.6082],[9.6645,55.6076],[9.6646,55.6074],[9.6655,55.6071],[9.6656,55.6069],[9.6665,55.6067],[9.6646,55.605],[9.6644,55.6057],[9.664,55.606],[9.6635,55.6062],[9.663,55.6063],[9.6627,55.6064],[9.6622,55.6069]]]},"properties":{"sourceId":"ais_par3.64300","a_type":4110,"hectares":21.115}},{"type":"Feature","id":"ais_par3.64301","geometry":{"type":"Polygon","coordinates":[[[9.5646,55.6076],[9.5637,55.6075],[9.5629,55.6075],[9.5631,55.6078],[9.5661,55.6084],[9.5679,55.6095],[9.5678,55.6098],[9.5683,55.6097],[9.5681,55.6094],[9.5674,55.6088],[9.5646,55.6076]]]},"properties":{"sourceId":"ais_par3.64301","a_type":4110,"hectares":1.319}},{"type":"Feature","id":"ais_par3.64302","geometry":{"type":"Polygon","coordinates":[[[9.6913,55.6071],[9.6907,55.607],[9.6895,55.6078],[9.689,55.6082],[9.6895,55.6085],[9.6896,55.6088],[9.6902,55.6084],[9.6907,55.6078],[9.6913,55.6071]]]},"properties":{"sourceId":"ais_par3.64302","a_type":4110,"hectares":1.156}},{"type":"Feature","id":"ais_par3.64303","geometry":{"type":"Polygon","coordinates":[[[9.7258,55.6072],[9.7255,55.6079],[9.7263,55.6078],[9.7259,55.608],[9.7264,55.6081],[9.727,55.6079],[9.7272,55.6079],[9.7274,55.6079],[9.7277,55.6078],[9.7279,55.6078],[9.7291,55.6075],[9.7306,55.6071],[9.7312,55.6066],[9.7303,55.6065],[9.7278,55.6068],[9.7273,55.6057],[9.7264,55.606],[9.7259,55.6063],[9.7261,55.607],[9.7258,55.6072]]]},"properties":{"sourceId":"ais_par3.64303","a_type":4110,"hectares":4.438}},{"type":"Feature","id":"ais_par3.64305","geometry":{"type":"Polygon","coordinates":[[[9.7148,55.6056],[9.7141,55.6058],[9.7139,55.6056],[9.7139,55.6054],[9.7141,55.6053],[9.7143,55.6052],[9.7145,55.6051],[9.7147,55.605],[9.7149,55.6047],[9.714,55.6046],[9.714,55.6047],[9.7135,55.6048],[9.7131,55.6049],[9.713,55.605],[9.713,55.6052],[9.7132,55.6053],[9.7134,55.6053],[9.7136,55.6056],[9.7138,55.6062],[9.714,55.6063],[9.7143,55.6063],[9.7144,55.6065],[9.7146,55.6067],[9.7148,55.6066],[9.7149,55.6062],[9.7147,55.6059],[9.7148,55.6056]]]},"properties":{"sourceId":"ais_par3.64305","a_type":4110,"hectares":1.229}},{"type":"Feature","id":"ais_par3.64308","geometry":{"type":"Polygon","coordinates":[[[9.7851,55.6017],[9.783,55.6027],[9.7847,55.6039],[9.7848,55.6043],[9.7848,55.6049],[9.7853,55.6051],[9.7875,55.6039],[9.7851,55.6017]]]},"properties":{"sourceId":"ais_par3.64308","a_type":4110,"hectares":5.043}},{"type":"Feature","id":"ais_par3.64309","geometry":{"type":"Polygon","coordinates":[[[9.6677,55.6069],[9.6677,55.6063],[9.6687,55.6055],[9.6691,55.6054],[9.6693,55.6053],[9.6694,55.6047],[9.6704,55.6041],[9.6716,55.6041],[9.6718,55.6044],[9.6736,55.6049],[9.6741,55.6048],[9.6748,55.605],[9.6756,55.6051],[9.6763,55.6053],[9.6773,55.6054],[9.6783,55.6055],[9.6794,55.6056],[9.6846,55.6057],[9.6846,55.606],[9.6845,55.6062],[9.685,55.6061],[9.685,55.6059],[9.6852,55.6057],[9.6857,55.6056],[9.6865,55.6057],[9.6871,55.6046],[9.6871,55.6045],[9.6869,55.6044],[9.6865,55.6043],[9.6858,55.6042],[9.6842,55.6041],[9.6822,55.6039],[9.682,55.6037],[9.6802,55.6029],[9.6802,55.6028],[9.6786,55.6025],[9.6779,55.6023],[9.6776,55.6021],[9.6769,55.6011],[9.6764,55.6009],[9.6743,55.6001],[9.673,55.6033],[9.6716,55.603],[9.6713,55.6028],[9.6713,55.6024],[9.6718,55.6021],[9.6705,55.6019],[9.6697,55.6017],[9.6682,55.6022],[9.6681,55.6023],[9.6675,55.6022],[9.6668,55.6019],[9.6659,55.6016],[9.6653,55.6013],[9.6647,55.6013],[9.6637,55.6012],[9.6648,55.6021],[9.6655,55.6021],[9.6657,55.6024],[9.6642,55.6026],[9.6641,55.6032],[9.6646,55.6032],[9.6649,55.6037],[9.665,55.6041],[9.6652,55.6047],[9.6648,55.6048],[9.6649,55.605],[9.6648,55.605],[9.6666,55.6066],[9.6669,55.6069],[9.6675,55.6072],[9.6677,55.6069]]]},"properties":{"sourceId":"ais_par3.64309","a_type":4110,"hectares":45.661}},{"type":"Feature","id":"ais_par3.64315","geometry":{"type":"Polygon","coordinates":[[[9.7142,55.6041],[9.7141,55.6038],[9.7146,55.6034],[9.7149,55.6035],[9.7148,55.6033],[9.7146,55.603],[9.7142,55.6028],[9.7139,55.6026],[9.7128,55.6034],[9.7128,55.6036],[9.7128,55.604],[9.7142,55.6041]]]},"properties":{"sourceId":"ais_par3.64315","a_type":4110,"hectares":1.34}},{"type":"Feature","id":"ais_par3.64318","geometry":{"type":"Polygon","coordinates":[[[9.716,55.597],[9.7152,55.5979],[9.7137,55.5991],[9.7136,55.5994],[9.7135,55.5996],[9.7136,55.5999],[9.7139,55.6002],[9.7144,55.6003],[9.7151,55.6003],[9.716,55.6005],[9.7165,55.6007],[9.717,55.601],[9.7174,55.6014],[9.7175,55.6018],[9.7164,55.6027],[9.717,55.6031],[9.7174,55.6031],[9.7179,55.603],[9.7183,55.6028],[9.7186,55.6026],[9.7188,55.6024],[9.719,55.6021],[9.7191,55.6019],[9.7175,55.6008],[9.7161,55.6],[9.7148,55.5995],[9.7147,55.5994],[9.7156,55.5984],[9.7159,55.5983],[9.7159,55.5981],[9.7167,55.5971],[9.717,55.5969],[9.7164,55.5968],[9.716,55.597]]]},"properties":{"sourceId":"ais_par3.64318","a_type":4110,"hectares":5.723}},{"type":"Feature","id":"ais_par3.64319","geometry":{"type":"Polygon","coordinates":[[[9.5671,55.6017],[9.5675,55.6015],[9.5668,55.6009],[9.566,55.6012],[9.5659,55.6013],[9.5657,55.6015],[9.5655,55.6018],[9.5649,55.6021],[9.5643,55.6022],[9.5636,55.6034],[9.5627,55.6046],[9.5632,55.6047],[9.5643,55.6038],[9.5648,55.6032],[9.5651,55.6033],[9.5655,55.6032],[9.566,55.6028],[9.5663,55.6027],[9.5679,55.6023],[9.5671,55.6017]]]},"properties":{"sourceId":"ais_par3.64319","a_type":4110,"hectares":4.107}},{"type":"Feature","id":"ais_par3.64320","geometry":{"type":"Polygon","coordinates":[[[9.7037,55.6017],[9.7042,55.6021],[9.7058,55.6014],[9.7061,55.6012],[9.7059,55.6011],[9.7053,55.6009],[9.7052,55.6006],[9.7041,55.5999],[9.7016,55.599],[9.7025,55.5979],[9.7027,55.5976],[9.7029,55.5972],[9.7032,55.597],[9.7037,55.5966],[9.7044,55.5964],[9.704,55.5961],[9.7045,55.5958],[9.7042,55.5957],[9.7035,55.596],[9.7027,55.5963],[9.7024,55.5965],[9.7021,55.5968],[9.7016,55.5972],[9.7014,55.5973],[9.7004,55.5982],[9.6998,55.5991],[9.6996,55.5995],[9.6993,55.5997],[9.7005,55.6009],[9.7019,55.6014],[9.7017,55.6015],[9.7031,55.6022],[9.7037,55.6017]]]},"properties":{"sourceId":"ais_par3.64320","a_type":4110,"hectares":11.786}},{"type":"Feature","id":"ais_par3.64326","geometry":{"type":"Polygon","coordinates":[[[9.5706,55.5971],[9.5704,55.5972],[9.5701,55.5973],[9.5698,55.5974],[9.5698,55.5976],[9.5699,55.5977],[9.5701,55.598],[9.57,55.5982],[9.57,55.5984],[9.5701,55.5986],[9.5702,55.5988],[9.5703,55.5991],[9.5704,55.5993],[9.5709,55.5994],[9.5708,55.5998],[9.5711,55.5999],[9.5716,55.5988],[9.5711,55.5987],[9.5709,55.5988],[9.5707,55.5988],[9.5705,55.5986],[9.5706,55.5981],[9.5708,55.5975],[9.5708,55.5973],[9.5706,55.5971]]]},"properties":{"sourceId":"ais_par3.64326","a_type":4110,"hectares":1.366}},{"type":"Feature","id":"ais_par3.64329","geometry":{"type":"Polygon","coordinates":[[[9.5598,55.5949],[9.5595,55.5948],[9.5593,55.5947],[9.5591,55.5946],[9.5588,55.5941],[9.5581,55.5938],[9.5571,55.5936],[9.5564,55.5936],[9.5565,55.5939],[9.5567,55.594],[9.5575,55.5944],[9.5582,55.5947],[9.5585,55.5948],[9.5589,55.595],[9.5591,55.5952],[9.5594,55.5958],[9.5596,55.5962],[9.5597,55.597],[9.5595,55.5972],[9.5599,55.5978],[9.5603,55.5977],[9.5602,55.597],[9.5603,55.597],[9.5598,55.5949]]]},"properties":{"sourceId":"ais_par3.64329","a_type":4110,"hectares":2.554}},{"type":"Feature","id":"ais_par3.64331","geometry":{"type":"Polygon","coordinates":[[[9.7789,55.5933],[9.7791,55.5962],[9.7799,55.5957],[9.7798,55.5956],[9.7808,55.5957],[9.7805,55.5933],[9.7789,55.5933]]]},"properties":{"sourceId":"ais_par3.64331","a_type":4110,"hectares":2.994}},{"type":"Feature","id":"ais_par3.64333","geometry":{"type":"Polygon","coordinates":[[[9.7063,55.5929],[9.7054,55.5936],[9.7053,55.5938],[9.7045,55.5936],[9.7042,55.5937],[9.7047,55.5939],[9.7049,55.594],[9.7051,55.5942],[9.7052,55.5945],[9.7054,55.5947],[9.7056,55.5948],[9.7059,55.5951],[9.7062,55.5953],[9.7066,55.5954],[9.707,55.5954],[9.7075,55.5954],[9.7077,55.5953],[9.7078,55.5952],[9.708,55.595],[9.7082,55.5949],[9.7082,55.5947],[9.7081,55.5945],[9.708,55.5943],[9.7077,55.5945],[9.7074,55.5946],[9.7071,55.5946],[9.7069,55.5946],[9.7063,55.5945],[9.7057,55.5939],[9.706,55.5936],[9.7064,55.5932],[9.7063,55.5929]]]},"properties":{"sourceId":"ais_par3.64333","a_type":4110,"hectares":2.146}},{"type":"Feature","id":"ais_par3.64334","geometry":{"type":"Polygon","coordinates":[[[9.5744,55.594],[9.5741,55.5941],[9.5739,55.5942],[9.5736,55.5943],[9.5734,55.5945],[9.5731,55.5947],[9.5729,55.5949],[9.5729,55.595],[9.5731,55.5951],[9.5734,55.595],[9.5736,55.5949],[9.5737,55.5947],[9.5741,55.5945],[9.5743,55.5942],[9.5744,55.594]]]},"properties":{"sourceId":"ais_par3.64334","a_type":4110,"hectares":0.373}},{"type":"Feature","id":"ais_par3.64336","geometry":{"type":"Polygon","coordinates":[[[9.7107,55.5923],[9.7107,55.5924],[9.7105,55.5925],[9.7104,55.5926],[9.7102,55.5928],[9.71,55.593],[9.71,55.5931],[9.71,55.5932],[9.7103,55.5934],[9.7105,55.5934],[9.7107,55.5933],[9.7108,55.5933],[9.7107,55.5931],[9.7111,55.5924],[9.7107,55.5923]]]},"properties":{"sourceId":"ais_par3.64336","a_type":4110,"hectares":0.467}},{"type":"Feature","id":"ais_par3.64353","geometry":{"type":"Polygon","coordinates":[[[9.6318,55.5838],[9.6316,55.5837],[9.6315,55.5837],[9.6313,55.5837],[9.6311,55.5838],[9.6309,55.5839],[9.6307,55.5837],[9.6304,55.5836],[9.6301,55.5837],[9.6295,55.5838],[9.629,55.584],[9.6286,55.5841],[9.6284,55.5842],[9.6281,55.5844],[9.6276,55.5845],[9.6273,55.5846],[9.6269,55.5847],[9.6268,55.5848],[9.6269,55.585],[9.6267,55.5852],[9.6265,55.5853],[9.6261,55.5855],[9.6265,55.5857],[9.6272,55.5853],[9.6274,55.5852],[9.6277,55.5851],[9.6283,55.5849],[9.6287,55.5847],[9.6291,55.5844],[9.6296,55.5842],[9.63,55.5843],[9.6304,55.5842],[9.6309,55.5841],[9.6318,55.5838]]]},"properties":{"sourceId":"ais_par3.64353","a_type":4110,"hectares":1.827}},{"type":"Feature","id":"ais_par3.64392","geometry":{"type":"Polygon","coordinates":[[[9.5918,55.5607],[9.5913,55.5608],[9.5912,55.561],[9.5911,55.561],[9.5909,55.5611],[9.5902,55.5612],[9.5906,55.5623],[9.5907,55.5626],[9.591,55.5626],[9.5912,55.5628],[9.5914,55.5629],[9.5917,55.563],[9.5918,55.5633],[9.593,55.5631],[9.5918,55.5607]]]},"properties":{"sourceId":"ais_par3.64392","a_type":4110,"hectares":2.727}},{"type":"Feature","id":"ais_par3.64342","geometry":{"type":"Polygon","coordinates":[[[9.6557,55.5949],[9.652,55.5954],[9.6519,55.5957],[9.6518,55.5958],[9.6514,55.596],[9.651,55.5959],[9.6504,55.5957],[9.6497,55.5955],[9.6492,55.5952],[9.6488,55.5952],[9.6486,55.5954],[9.6483,55.5956],[9.6479,55.5956],[9.6474,55.5957],[9.6474,55.596],[9.6478,55.596],[9.648,55.5961],[9.6482,55.5963],[9.648,55.5965],[9.6474,55.5967],[9.6468,55.5968],[9.6465,55.5971],[9.6471,55.5971],[9.6474,55.5969],[9.6477,55.5968],[9.6481,55.5969],[9.6485,55.5969],[9.6489,55.5971],[9.6493,55.5974],[9.6497,55.5975],[9.65,55.5976],[9.65,55.5977],[9.6499,55.5978],[9.6496,55.598],[9.6492,55.5981],[9.6485,55.5984],[9.6479,55.5987],[9.6478,55.5989],[9.648,55.599],[9.6484,55.599],[9.6488,55.599],[9.6492,55.5988],[9.6496,55.5985],[9.65,55.5983],[9.6504,55.5982],[9.6509,55.5981],[9.6513,55.5979],[9.6519,55.5978],[9.652,55.5975],[9.6534,55.5971],[9.6539,55.5972],[9.6546,55.5973],[9.6552,55.5974],[9.6559,55.5973],[9.6565,55.5974],[9.6571,55.5976],[9.6575,55.5977],[9.6579,55.598],[9.6583,55.5983],[9.6595,55.598],[9.6608,55.5996],[9.6617,55.5994],[9.6627,55.5993],[9.6629,55.6002],[9.663,55.6005],[9.6643,55.5993],[9.664,55.599],[9.6635,55.5991],[9.6632,55.5991],[9.663,55.5984],[9.6628,55.598],[9.6626,55.5975],[9.6628,55.5974],[9.6633,55.5973],[9.6622,55.5951],[9.6631,55.5937],[9.6622,55.5937],[9.6617,55.5938],[9.6605,55.5939],[9.6595,55.5941],[9.6582,55.5943],[9.6573,55.5943],[9.6564,55.5945],[9.6563,55.5942],[9.6567,55.594],[9.6569,55.5939],[9.6571,55.5937],[9.6572,55.5934],[9.6578,55.5936],[9.6583,55.5937],[9.6589,55.5938],[9.6586,55.5935],[9.6581,55.5933],[9.6577,55.593],[9.6576,55.5928],[9.6572,55.5927],[9.6567,55.5927],[9.6564,55.5924],[9.6559,55.5925],[9.6551,55.5919],[9.6545,55.5914],[9.6541,55.5909],[9.6528,55.5907],[9.652,55.5906],[9.6513,55.5905],[9.6501,55.5904],[9.6486,55.5907],[9.649,55.5911],[9.6496,55.591],[9.6506,55.5911],[9.6511,55.5912],[9.6501,55.592],[9.6509,55.5927],[9.6516,55.5924],[9.6509,55.5919],[9.6522,55.5922],[9.6536,55.5937],[9.6537,55.5939],[9.654,55.5942],[9.6552,55.5938],[9.6557,55.5949]],[[9.6553,55.5952],[9.6556,55.5952],[9.6558,55.5953],[9.6558,55.5954],[9.6556,55.5954],[9.6554,55.5955],[9.6552,55.5954],[9.6552,55.5953],[9.6552,55.5952],[9.6553,55.5952]],[[9.6511,55.5962],[9.6524,55.5962],[9.6526,55.5966],[9.6518,55.5971],[9.6506,55.597],[9.6511,55.5962]]]},"properties":{"sourceId":"ais_par3.64342","a_type":4110,"hectares":44.745}},{"type":"Feature","id":"ais_par3.64346","geometry":{"type":"Polygon","coordinates":[[[9.6909,55.5899],[9.6889,55.59],[9.6888,55.5903],[9.6909,55.5904],[9.6909,55.5899]]]},"properties":{"sourceId":"ais_par3.64346","a_type":4110,"hectares":0.61}},{"type":"Feature","id":"ais_par3.64347","geometry":{"type":"Polygon","coordinates":[[[9.6504,55.5881],[9.6496,55.5886],[9.6482,55.5893],[9.6465,55.5902],[9.6472,55.5905],[9.6476,55.5902],[9.6479,55.5901],[9.6482,55.5902],[9.6484,55.5904],[9.6497,55.5894],[9.6505,55.5887],[9.6506,55.5883],[9.6504,55.5881]]]},"properties":{"sourceId":"ais_par3.64347","a_type":4110,"hectares":2.255}},{"type":"Feature","id":"ais_par3.64348","geometry":{"type":"Polygon","coordinates":[[[9.6508,55.5887],[9.6505,55.5891],[9.6501,55.5895],[9.6494,55.5899],[9.6502,55.59],[9.6512,55.5901],[9.6523,55.5904],[9.6521,55.5898],[9.6519,55.5894],[9.6514,55.589],[9.6508,55.5887]]]},"properties":{"sourceId":"ais_par3.64348","a_type":4110,"hectares":1.607}},{"type":"Feature","id":"ais_par3.64349","geometry":{"type":"Polygon","coordinates":[[[9.6201,55.5876],[9.62,55.588],[9.6199,55.5884],[9.6196,55.5886],[9.619,55.5888],[9.6186,55.589],[9.6181,55.5891],[9.6176,55.5891],[9.6179,55.5895],[9.618,55.5896],[9.6184,55.5897],[9.6189,55.5897],[9.6193,55.5898],[9.6198,55.5899],[9.6202,55.5899],[9.6213,55.5888],[9.6214,55.5891],[9.6215,55.5893],[9.6218,55.5893],[9.622,55.5893],[9.6224,55.5892],[9.6226,55.5889],[9.6228,55.5885],[9.6235,55.5876],[9.6239,55.5875],[9.6242,55.5873],[9.6243,55.587],[9.624,55.587],[9.6237,55.5871],[9.6233,55.5874],[9.6225,55.5872],[9.6224,55.5874],[9.6222,55.5877],[9.6219,55.5878],[9.6215,55.5879],[9.6212,55.5882],[9.6205,55.5881],[9.6207,55.5878],[9.6201,55.5876]]]},"properties":{"sourceId":"ais_par3.64349","a_type":4110,"hectares":4.915}},{"type":"Feature","id":"ais_par3.64355","geometry":{"type":"Polygon","coordinates":[[[9.5737,55.5831],[9.5737,55.5835],[9.5735,55.5838],[9.5721,55.5845],[9.5719,55.5842],[9.5719,55.584],[9.5717,55.5839],[9.5714,55.5839],[9.5712,55.584],[9.5711,55.585],[9.5715,55.5851],[9.5722,55.5852],[9.5733,55.5849],[9.5735,55.5843],[9.5738,55.5841],[9.5742,55.5841],[9.5747,55.5842],[9.5751,55.5842],[9.5754,55.5842],[9.5757,55.5845],[9.5756,55.584],[9.5748,55.5836],[9.5743,55.5834],[9.5737,55.5831]]]},"properties":{"sourceId":"ais_par3.64355","a_type":4110,"hectares":2.413}},{"type":"Feature","id":"ais_par3.64356","geometry":{"type":"Polygon","coordinates":[[[9.5686,55.5832],[9.5682,55.583],[9.5677,55.5829],[9.5673,55.5827],[9.5669,55.5843],[9.5673,55.5846],[9.5676,55.5846],[9.568,55.5845],[9.5683,55.5846],[9.5685,55.5843],[9.5686,55.5838],[9.5686,55.5832]]]},"properties":{"sourceId":"ais_par3.64356","a_type":4110,"hectares":1.639}},{"type":"Feature","id":"ais_par3.64363","geometry":{"type":"Polygon","coordinates":[[[9.6383,55.5769],[9.638,55.577],[9.6382,55.5772],[9.6386,55.5774],[9.6392,55.5776],[9.6397,55.5777],[9.64,55.5781],[9.6404,55.5785],[9.6407,55.5789],[9.6407,55.5794],[9.6411,55.5794],[9.6411,55.5791],[9.6409,55.5787],[9.6407,55.5782],[9.6404,55.5777],[9.6401,55.5775],[9.6397,55.5772],[9.639,55.577],[9.6383,55.5769]]]},"properties":{"sourceId":"ais_par3.64363","a_type":4110,"hectares":1.205}},{"type":"Feature","id":"ais_par3.64364","geometry":{"type":"Polygon","coordinates":[[[9.6484,55.577],[9.648,55.5765],[9.6475,55.5761],[9.6467,55.5757],[9.6458,55.5753],[9.645,55.575],[9.6442,55.5748],[9.645,55.5746],[9.6444,55.5744],[9.644,55.5744],[9.6431,55.5742],[9.6417,55.575],[9.6428,55.5754],[9.6436,55.5757],[9.6443,55.576],[9.6452,55.5763],[9.6455,55.5765],[9.6456,55.5768],[9.6458,55.5772],[9.646,55.5776],[9.6484,55.577]]]},"properties":{"sourceId":"ais_par3.64364","a_type":4110,"hectares":5.707}},{"type":"Feature","id":"ais_par3.64365","geometry":{"type":"Polygon","coordinates":[[[9.7152,55.5736],[9.716,55.5738],[9.717,55.5743],[9.7176,55.5745],[9.7179,55.5746],[9.7182,55.5748],[9.7184,55.5749],[9.7188,55.5751],[9.7192,55.5753],[9.7195,55.5754],[9.7197,55.5755],[9.72,55.5754],[9.7203,55.5755],[9.7205,55.5758],[9.7207,55.5759],[9.721,55.5759],[9.7214,55.576],[9.722,55.576],[9.7225,55.5759],[9.7229,55.5758],[9.7247,55.5742],[9.7242,55.5743],[9.724,55.5743],[9.7238,55.5745],[9.7235,55.5746],[9.7233,55.5748],[9.7232,55.575],[9.723,55.5752],[9.7228,55.5754],[9.7224,55.5755],[9.7222,55.5756],[9.7219,55.5756],[9.7216,55.5756],[9.7209,55.5754],[9.72,55.5751],[9.7194,55.5748],[9.719,55.5747],[9.7188,55.5745],[9.7174,55.574],[9.7165,55.5737],[9.7154,55.5735],[9.7152,55.5736]]]},"properties":{"sourceId":"ais_par3.64365","a_type":4110,"hectares":2.838}},{"type":"Feature","id":"ais_par3.64368","geometry":{"type":"Polygon","coordinates":[[[9.7044,55.5726],[9.7037,55.5723],[9.703,55.5721],[9.7025,55.5722],[9.7019,55.5722],[9.7011,55.5723],[9.7007,55.5724],[9.7001,55.5722],[9.6997,55.5719],[9.6994,55.5716],[9.699,55.5712],[9.6986,55.5707],[9.6977,55.57],[9.6972,55.5696],[9.6968,55.5697],[9.697,55.5699],[9.6973,55.5701],[9.6976,55.5704],[9.6979,55.5707],[9.6982,55.5712],[9.6982,55.5715],[9.6984,55.5718],[9.6986,55.5719],[9.699,55.5722],[9.6998,55.5724],[9.6997,55.5726],[9.6995,55.5728],[9.6991,55.5732],[9.6988,55.5735],[9.6987,55.5739],[9.6979,55.5739],[9.6968,55.574],[9.6955,55.5741],[9.6947,55.574],[9.6939,55.5739],[9.6932,55.5736],[9.6926,55.5734],[9.6918,55.5733],[9.6911,55.5734],[9.6913,55.5737],[9.6917,55.574],[9.6922,55.574],[9.693,55.5742],[9.6936,55.5743],[9.6942,55.5743],[9.6957,55.5746],[9.6962,55.5745],[9.6972,55.5745],[9.6979,55.5745],[9.6984,55.5748],[9.6998,55.5743],[9.7009,55.5735],[9.703,55.5731],[9.7045,55.573],[9.7049,55.573],[9.7051,55.573],[9.7053,55.573],[9.7054,55.573],[9.7057,55.5731],[9.7062,55.573],[9.7065,55.573],[9.7067,55.573],[9.707,55.573],[9.7073,55.5731],[9.7075,55.5731],[9.7078,55.5731],[9.708,55.5731],[9.7087,55.5733],[9.7089,55.5725],[9.7086,55.5724],[9.7083,55.5724],[9.7081,55.5723],[9.7079,55.5723],[9.7077,55.5722],[9.7075,55.5722],[9.7074,55.5723],[9.707,55.5723],[9.7067,55.5723],[9.7064,55.5723],[9.7062,55.5723],[9.7059,55.5722],[9.7056,55.5724],[9.7053,55.5726],[9.705,55.5726],[9.7049,55.5727],[9.7044,55.5726]]]},"properties":{"sourceId":"ais_par3.64368","a_type":4110,"hectares":11.313}},{"type":"Feature","id":"ais_par3.64369","geometry":{"type":"Polygon","coordinates":[[[9.6397,55.574],[9.6396,55.5744],[9.6413,55.5748],[9.6425,55.5741],[9.642,55.5741],[9.6418,55.5742],[9.6414,55.5742],[9.641,55.5741],[9.6405,55.5741],[9.6397,55.574]]]},"properties":{"sourceId":"ais_par3.64369","a_type":4110,"hectares":0.822}},{"type":"Feature","id":"ais_par3.64376","geometry":{"type":"Polygon","coordinates":[[[9.6231,55.5707],[9.6225,55.571],[9.6222,55.5711],[9.6218,55.5713],[9.622,55.5716],[9.6229,55.5715],[9.6231,55.5713],[9.6235,55.5713],[9.6238,55.5713],[9.6244,55.5713],[9.6262,55.571],[9.6257,55.5704],[9.6249,55.5704],[9.6238,55.5706],[9.6231,55.5707]]]},"properties":{"sourceId":"ais_par3.64376","a_type":4110,"hectares":1.943}},{"type":"Feature","id":"ais_par3.64388","geometry":{"type":"Polygon","coordinates":[[[9.5739,55.5666],[9.574,55.5665],[9.5741,55.5664],[9.5742,55.5662],[9.5744,55.5662],[9.5745,55.5663],[9.5746,55.5665],[9.5754,55.5662],[9.5749,55.5655],[9.5748,55.5655],[9.574,55.566],[9.5732,55.5661],[9.5726,55.5662],[9.572,55.5672],[9.5739,55.5666]]]},"properties":{"sourceId":"ais_par3.64388","a_type":4110,"hectares":1.388}},{"type":"Feature","id":"ais_par3.64390","geometry":{"type":"Polygon","coordinates":[[[9.6277,55.5616],[9.6265,55.5616],[9.6267,55.5618],[9.6268,55.5621],[9.6268,55.5624],[9.6268,55.5628],[9.6268,55.5633],[9.6273,55.5635],[9.6276,55.5637],[9.6278,55.564],[9.6281,55.5644],[9.6283,55.5649],[9.6291,55.5644],[9.6298,55.5641],[9.6296,55.5637],[9.6295,55.5635],[9.6291,55.5634],[9.6288,55.5633],[9.6285,55.5632],[9.6284,55.5629],[9.6284,55.5624],[9.6285,55.5616],[9.6277,55.5616]]]},"properties":{"sourceId":"ais_par3.64390","a_type":4110,"hectares":3.626}},{"type":"Feature","id":"ais_par3.64391","geometry":{"type":"Polygon","coordinates":[[[9.6324,55.5634],[9.6305,55.5639],[9.6303,55.5645],[9.6318,55.5641],[9.6324,55.5634]]]},"properties":{"sourceId":"ais_par3.64391","a_type":4110,"hectares":0.658}},{"type":"Feature","id":"ais_par3.64393","geometry":{"type":"Polygon","coordinates":[[[9.7074,55.5588],[9.7073,55.5591],[9.7071,55.5595],[9.7067,55.5598],[9.7063,55.5599],[9.7058,55.56],[9.7054,55.56],[9.705,55.56],[9.7049,55.5602],[9.7052,55.5602],[9.7054,55.5602],[9.7059,55.5602],[9.7061,55.5602],[9.7063,55.5603],[9.7064,55.5604],[9.7064,55.5605],[9.7064,55.5606],[9.7063,55.5609],[9.7063,55.561],[9.7062,55.5611],[9.7058,55.5615],[9.7056,55.5617],[9.7055,55.5618],[9.7054,55.5619],[9.7054,55.5622],[9.7055,55.5623],[9.7056,55.5624],[9.7057,55.5625],[9.7061,55.5626],[9.7063,55.5625],[9.7062,55.5624],[9.7062,55.5623],[9.706,55.5621],[9.706,55.562],[9.7059,55.5618],[9.7061,55.5617],[9.7064,55.5615],[9.707,55.5612],[9.7071,55.5611],[9.7073,55.5611],[9.7073,55.561],[9.7073,55.5609],[9.7073,55.5607],[9.7072,55.5606],[9.7071,55.5605],[9.7071,55.5603],[9.7072,55.5602],[9.7072,55.5601],[9.7075,55.56],[9.7077,55.5599],[9.7079,55.5598],[9.708,55.5596],[9.7083,55.559],[9.7085,55.5588],[9.7074,55.5588]]]},"properties":{"sourceId":"ais_par3.64393","a_type":4110,"hectares":2.466}},{"type":"Feature","id":"ais_par3.64401","geometry":{"type":"Polygon","coordinates":[[[9.7048,55.5542],[9.7035,55.5545],[9.7024,55.5545],[9.7016,55.5554],[9.702,55.5556],[9.7023,55.5557],[9.7038,55.5557],[9.7047,55.5555],[9.7047,55.5553],[9.7051,55.5552],[9.7064,55.5551],[9.7077,55.5551],[9.7078,55.5544],[9.7081,55.5544],[9.708,55.5551],[9.7087,55.5552],[9.7094,55.5553],[9.7097,55.555],[9.7099,55.5549],[9.7101,55.5546],[9.7104,55.5543],[9.7106,55.5542],[9.711,55.554],[9.7113,55.5538],[9.7117,55.5536],[9.7116,55.5534],[9.7113,55.5534],[9.7106,55.5534],[9.7099,55.5534],[9.7091,55.5534],[9.7082,55.5534],[9.7075,55.5535],[9.7069,55.5537],[9.7048,55.5542]]]},"properties":{"sourceId":"ais_par3.64401","a_type":4110,"hectares":8.5}},{"type":"Feature","id":"ais_par3.64402","geometry":{"type":"Polygon","coordinates":[[[9.6989,55.5541],[9.6993,55.5536],[9.6974,55.5531],[9.696,55.5528],[9.6952,55.5527],[9.695,55.5525],[9.695,55.5521],[9.6944,55.5521],[9.6944,55.5525],[9.6941,55.5526],[9.6939,55.5527],[9.694,55.5531],[9.6946,55.5531],[9.6949,55.5528],[9.6956,55.553],[9.6955,55.5536],[9.6947,55.5542],[9.6953,55.5544],[9.6959,55.5546],[9.6964,55.5549],[9.6969,55.5552],[9.6973,55.5552],[9.6977,55.5551],[9.698,55.5549],[9.6989,55.5541]]]},"properties":{"sourceId":"ais_par3.64402","a_type":4110,"hectares":5.094}},{"type":"Feature","id":"ais_par3.64403","geometry":{"type":"Polygon","coordinates":[[[9.7168,55.5535],[9.7166,55.5532],[9.7161,55.553],[9.7152,55.5528],[9.7133,55.5525],[9.7134,55.5527],[9.7135,55.5528],[9.714,55.5533],[9.7145,55.5536],[9.7148,55.5538],[9.7151,55.554],[9.7154,55.5539],[9.7156,55.5538],[9.7158,55.5537],[9.716,55.5536],[9.7162,55.5536],[9.7165,55.5535],[9.7168,55.5535]]]},"properties":{"sourceId":"ais_par3.64403","a_type":4110,"hectares":1.739}},{"type":"Feature","id":"ais_par3.64408","geometry":{"type":"Polygon","coordinates":[[[9.6911,55.5517],[9.6904,55.5513],[9.688,55.5522],[9.6888,55.5524],[9.69,55.5526],[9.6911,55.5529],[9.6914,55.5526],[9.6904,55.5521],[9.6911,55.5517]]]},"properties":{"sourceId":"ais_par3.64408","a_type":4110,"hectares":1.769}},{"type":"Feature","id":"ais_par3.66499","geometry":{"type":"Polygon","coordinates":[[[9.6229,55.6235],[9.6209,55.6246],[9.6222,55.6253],[9.6233,55.6251],[9.624,55.6248],[9.6246,55.6242],[9.6229,55.6235]]]},"properties":{"sourceId":"ais_par3.66499","a_type":4120,"hectares":2.643}},{"type":"Feature","id":"ais_par3.64411","geometry":{"type":"Polygon","coordinates":[[[9.6161,55.5628],[9.6161,55.5623],[9.6161,55.5618],[9.6161,55.5614],[9.6163,55.561],[9.6173,55.5608],[9.6172,55.5606],[9.617,55.5604],[9.6165,55.5601],[9.6162,55.5598],[9.6156,55.5593],[9.6162,55.5593],[9.6167,55.5593],[9.6169,55.5592],[9.6171,55.5592],[9.6176,55.5593],[9.6178,55.5585],[9.6164,55.5583],[9.6166,55.5578],[9.616,55.5577],[9.6161,55.5572],[9.6152,55.557],[9.6146,55.5569],[9.6142,55.5566],[9.6139,55.5565],[9.6136,55.5562],[9.6132,55.556],[9.6132,55.5558],[9.6129,55.5556],[9.6125,55.5551],[9.6122,55.5547],[9.6119,55.5542],[9.6116,55.5535],[9.6113,55.5532],[9.611,55.5531],[9.6104,55.5528],[9.6097,55.5524],[9.609,55.552],[9.6083,55.5518],[9.6076,55.5517],[9.607,55.5517],[9.6071,55.5519],[9.6079,55.5524],[9.6083,55.5526],[9.6086,55.553],[9.609,55.5533],[9.6086,55.5536],[9.6079,55.5537],[9.6072,55.5536],[9.6077,55.5539],[9.6077,55.554],[9.6078,55.5542],[9.6079,55.5544],[9.608,55.5544],[9.6082,55.5545],[9.6093,55.5541],[9.61,55.5542],[9.6106,55.5545],[9.6111,55.5547],[9.6115,55.555],[9.6119,55.5552],[9.6122,55.5556],[9.6126,55.5563],[9.6129,55.5567],[9.6131,55.5571],[9.6129,55.5574],[9.6127,55.5575],[9.6123,55.5575],[9.6118,55.5576],[9.6117,55.5577],[9.6119,55.5578],[9.6122,55.5578],[9.6126,55.5578],[9.613,55.5577],[9.6133,55.5581],[9.6134,55.5585],[9.6136,55.5591],[9.6128,55.5591],[9.6122,55.5591],[9.6119,55.5593],[9.6119,55.5594],[9.6121,55.5595],[9.6125,55.5595],[9.6128,55.5596],[9.6137,55.5593],[9.6139,55.5597],[9.6142,55.56],[9.6143,55.5603],[9.6138,55.5605],[9.6139,55.5609],[9.6142,55.5609],[9.6145,55.561],[9.6148,55.561],[9.6152,55.5615],[9.6154,55.5618],[9.6158,55.5622],[9.6161,55.5628]]]},"properties":{"sourceId":"ais_par3.64411","a_type":4110,"hectares":16.732}},{"type":"Feature","id":"ais_par3.64412","geometry":{"type":"Polygon","coordinates":[[[9.6836,55.5449],[9.6842,55.5461],[9.6847,55.5473],[9.6848,55.5477],[9.6849,55.5479],[9.6851,55.548],[9.6854,55.5483],[9.6857,55.5486],[9.6848,55.5485],[9.6846,55.5488],[9.6857,55.5492],[9.6859,55.5501],[9.686,55.5504],[9.686,55.5506],[9.6861,55.5508],[9.6859,55.551],[9.6858,55.5513],[9.6858,55.5515],[9.6863,55.5518],[9.6872,55.5523],[9.689,55.5515],[9.6891,55.551],[9.6883,55.5509],[9.6879,55.5506],[9.6893,55.5505],[9.6893,55.55],[9.6889,55.5498],[9.6885,55.5496],[9.688,55.5492],[9.6875,55.5488],[9.6872,55.5483],[9.6869,55.5477],[9.6866,55.5472],[9.6858,55.5472],[9.6855,55.5468],[9.6853,55.5463],[9.6851,55.5455],[9.685,55.5448],[9.6837,55.5447],[9.6836,55.5449]]]},"properties":{"sourceId":"ais_par3.64412","a_type":4110,"hectares":10.596}},{"type":"Feature","id":"ais_par3.64417","geometry":{"type":"Polygon","coordinates":[[[9.6451,55.5459],[9.6448,55.5464],[9.6446,55.5465],[9.6443,55.5468],[9.6443,55.547],[9.6444,55.5473],[9.6445,55.5476],[9.6448,55.5478],[9.645,55.5482],[9.6465,55.5484],[9.6464,55.5478],[9.6462,55.5473],[9.6459,55.5469],[9.6457,55.5462],[9.6451,55.5459]]]},"properties":{"sourceId":"ais_par3.64417","a_type":4110,"hectares":2.276}},{"type":"Feature","id":"ais_par3.64421","geometry":{"type":"Polygon","coordinates":[[[9.5981,55.5475],[9.6001,55.5464],[9.6003,55.5466],[9.6007,55.547],[9.6044,55.5453],[9.6037,55.5451],[9.6032,55.5449],[9.6027,55.5445],[9.6022,55.5442],[9.6015,55.544],[9.6007,55.5443],[9.6001,55.5447],[9.6008,55.5451],[9.6005,55.5454],[9.5998,55.545],[9.5994,55.5451],[9.5993,55.5453],[9.5992,55.5455],[9.599,55.5457],[9.5987,55.5457],[9.5983,55.5455],[9.5963,55.5465],[9.5972,55.547],[9.5981,55.5475]]]},"properties":{"sourceId":"ais_par3.64421","a_type":4110,"hectares":8.27}},{"type":"Feature","id":"ais_par3.64424","geometry":{"type":"Polygon","coordinates":[[[9.5979,55.5434],[9.5977,55.5432],[9.5957,55.5438],[9.5964,55.5445],[9.5984,55.5437],[9.5979,55.5434]]]},"properties":{"sourceId":"ais_par3.64424","a_type":4110,"hectares":1.15}},{"type":"Feature","id":"ais_par3.64426","geometry":{"type":"Polygon","coordinates":[[[9.6365,55.5413],[9.6354,55.5415],[9.6356,55.5417],[9.6358,55.542],[9.6362,55.5422],[9.6369,55.5425],[9.6375,55.5425],[9.6365,55.5413]]]},"properties":{"sourceId":"ais_par3.64426","a_type":4110,"hectares":0.849}},{"type":"Feature","id":"ais_par3.64435","geometry":{"type":"Polygon","coordinates":[[[9.5605,55.5336],[9.56,55.5342],[9.5606,55.5342],[9.5612,55.5343],[9.5617,55.5348],[9.5632,55.5351],[9.5635,55.5348],[9.564,55.5349],[9.5645,55.5342],[9.5617,55.5337],[9.5605,55.5336]]]},"properties":{"sourceId":"ais_par3.64435","a_type":4110,"hectares":2.507}},{"type":"Feature","id":"ais_par3.64441","geometry":{"type":"Polygon","coordinates":[[[9.6037,55.5299],[9.6034,55.53],[9.6029,55.5302],[9.6024,55.5302],[9.6014,55.5302],[9.6002,55.5314],[9.6007,55.5316],[9.6014,55.5318],[9.6028,55.5321],[9.6033,55.5311],[9.6037,55.5305],[9.6037,55.5299]]]},"properties":{"sourceId":"ais_par3.64441","a_type":4110,"hectares":3.102}},{"type":"Feature","id":"ais_par3.64446","geometry":{"type":"Polygon","coordinates":[[[9.6024,55.5293],[9.6032,55.5293],[9.603,55.5288],[9.6021,55.5289],[9.6024,55.5293]]]},"properties":{"sourceId":"ais_par3.64446","a_type":4110,"hectares":0.248}},{"type":"Feature","id":"ais_par3.64447","geometry":{"type":"Polygon","coordinates":[[[9.6627,55.5254],[9.6617,55.5257],[9.6609,55.5259],[9.6613,55.5267],[9.6618,55.5266],[9.6624,55.5264],[9.6639,55.5261],[9.6648,55.526],[9.6656,55.526],[9.6661,55.5263],[9.6667,55.5265],[9.6674,55.5267],[9.668,55.5268],[9.6683,55.5271],[9.6681,55.5275],[9.6678,55.5278],[9.6671,55.5282],[9.6668,55.5286],[9.6672,55.5285],[9.6675,55.5283],[9.6681,55.5282],[9.6688,55.5274],[9.6692,55.5274],[9.6696,55.5276],[9.6693,55.5282],[9.6693,55.5284],[9.6698,55.5286],[9.6703,55.5289],[9.6705,55.5288],[9.6703,55.5286],[9.6701,55.5283],[9.67,55.5279],[9.6702,55.5274],[9.6695,55.5271],[9.6686,55.5269],[9.6684,55.5265],[9.6678,55.5261],[9.6673,55.5254],[9.6666,55.5247],[9.6659,55.5251],[9.6653,55.5241],[9.6643,55.5248],[9.6634,55.5251],[9.6627,55.5254]]]},"properties":{"sourceId":"ais_par3.64447","a_type":4110,"hectares":7.788}},{"type":"Feature","id":"ais_par3.64453","geometry":{"type":"Polygon","coordinates":[[[9.6131,55.5256],[9.6136,55.5252],[9.6132,55.5249],[9.6108,55.5252],[9.6098,55.5252],[9.6092,55.525],[9.609,55.5246],[9.6093,55.5242],[9.61,55.5238],[9.6106,55.5235],[9.6109,55.523],[9.6115,55.5226],[9.6127,55.5221],[9.6137,55.5217],[9.614,55.5215],[9.6141,55.5212],[9.6147,55.521],[9.614,55.5202],[9.6147,55.5197],[9.6152,55.52],[9.6161,55.5192],[9.619,55.5211],[9.6184,55.5216],[9.6189,55.5219],[9.6207,55.5213],[9.621,55.5209],[9.622,55.5197],[9.6206,55.5189],[9.6189,55.5196],[9.6171,55.5185],[9.6166,55.5181],[9.6163,55.5179],[9.6161,55.5178],[9.616,55.518],[9.6161,55.5182],[9.6163,55.5184],[9.6136,55.5199],[9.613,55.5202],[9.6134,55.5207],[9.6133,55.5211],[9.613,55.5214],[9.6125,55.5216],[9.6121,55.5216],[9.6115,55.5215],[9.611,55.5217],[9.6107,55.5221],[9.6104,55.5225],[9.6102,55.5228],[9.61,55.5228],[9.6098,55.5234],[9.6094,55.5237],[9.6089,55.5239],[9.6087,55.5243],[9.6089,55.5249],[9.6091,55.5255],[9.6102,55.5268],[9.6101,55.5273],[9.6099,55.5277],[9.6102,55.5277],[9.6106,55.5277],[9.6108,55.5275],[9.6109,55.5273],[9.6108,55.527],[9.613,55.5267],[9.6128,55.5262],[9.6127,55.5259],[9.6131,55.5256]]]},"properties":{"sourceId":"ais_par3.64453","a_type":4110,"hectares":16.544}},{"type":"Feature","id":"ais_par3.64454","geometry":{"type":"Polygon","coordinates":[[[9.658,55.5264],[9.6566,55.5263],[9.6563,55.526],[9.6555,55.5258],[9.6554,55.5255],[9.6544,55.5257],[9.6543,55.526],[9.6539,55.5263],[9.6532,55.5264],[9.6524,55.5262],[9.6517,55.526],[9.6507,55.5258],[9.6493,55.5255],[9.6484,55.5255],[9.6478,55.5256],[9.6481,55.5257],[9.6487,55.5257],[9.6495,55.5257],[9.6505,55.526],[9.6514,55.5262],[9.6521,55.5265],[9.6528,55.5268],[9.6528,55.5269],[9.6531,55.5271],[9.6537,55.5271],[9.6547,55.5272],[9.6561,55.5273],[9.6582,55.5274],[9.6585,55.5272],[9.658,55.5264]]]},"properties":{"sourceId":"ais_par3.64454","a_type":4110,"hectares":5.212}},{"type":"Feature","id":"ais_par3.64455","geometry":{"type":"Polygon","coordinates":[[[9.5885,55.5256],[9.5887,55.5262],[9.5884,55.5266],[9.5888,55.5275],[9.5891,55.5263],[9.5895,55.525],[9.589,55.5254],[9.5885,55.5256]]]},"properties":{"sourceId":"ais_par3.64455","a_type":4110,"hectares":0.77}},{"type":"Feature","id":"ais_par3.64458","geometry":{"type":"Polygon","coordinates":[[[9.563,55.5229],[9.5628,55.5228],[9.5625,55.5228],[9.5621,55.5228],[9.562,55.5224],[9.562,55.522],[9.5616,55.5221],[9.5602,55.5222],[9.5601,55.5225],[9.5604,55.5232],[9.5602,55.5237],[9.5595,55.5241],[9.5605,55.5249],[9.5606,55.5247],[9.5627,55.5247],[9.5629,55.5255],[9.5638,55.5254],[9.5635,55.5252],[9.5632,55.5248],[9.563,55.5229]]]},"properties":{"sourceId":"ais_par3.64458","a_type":4110,"hectares":5.276}},{"type":"Feature","id":"ais_par3.64471","geometry":{"type":"Polygon","coordinates":[[[9.6175,55.5154],[9.6167,55.5152],[9.6162,55.5157],[9.616,55.5162],[9.6159,55.5166],[9.616,55.5168],[9.6163,55.517],[9.6168,55.5171],[9.6168,55.5165],[9.617,55.516],[9.6169,55.5159],[9.6171,55.5157],[9.6175,55.5154]]]},"properties":{"sourceId":"ais_par3.64471","a_type":4110,"hectares":1.07}},{"type":"Feature","id":"ais_par3.64474","geometry":{"type":"Polygon","coordinates":[[[9.5574,55.5147],[9.5585,55.5141],[9.5575,55.5137],[9.5559,55.513],[9.5552,55.5126],[9.5549,55.5128],[9.5536,55.5149],[9.5533,55.515],[9.5517,55.5151],[9.5512,55.5154],[9.5498,55.5154],[9.5494,55.5153],[9.5493,55.5156],[9.5511,55.5157],[9.5514,55.5159],[9.5532,55.516],[9.5539,55.5159],[9.555,55.5158],[9.5558,55.5144],[9.5574,55.5147]]]},"properties":{"sourceId":"ais_par3.64474","a_type":4110,"hectares":6.883}},{"type":"Feature","id":"ais_par3.64558","geometry":{"type":"Polygon","coordinates":[[[9.5441,55.5326],[9.5408,55.5329],[9.5395,55.5338],[9.5401,55.5341],[9.541,55.5345],[9.5425,55.535],[9.5441,55.5353],[9.5465,55.5357],[9.5475,55.536],[9.5483,55.5361],[9.5494,55.532],[9.5503,55.532],[9.5541,55.5331],[9.5545,55.5349],[9.5552,55.5347],[9.5556,55.5346],[9.556,55.5342],[9.5572,55.5338],[9.5583,55.5334],[9.5595,55.5329],[9.5605,55.5331],[9.5621,55.5333],[9.5636,55.5335],[9.5639,55.5335],[9.5643,55.5335],[9.565,55.5336],[9.5651,55.5334],[9.5565,55.5325],[9.5553,55.5325],[9.5542,55.5326],[9.5494,55.5313],[9.5443,55.5301],[9.544,55.5305],[9.5438,55.5308],[9.5438,55.531],[9.5441,55.5326]],[[9.546,55.5328],[9.5464,55.5329],[9.5465,55.5331],[9.5464,55.5333],[9.5458,55.5334],[9.5453,55.5334],[9.5451,55.5333],[9.5438,55.5332],[9.5439,55.5329],[9.546,55.5328]],[[9.5423,55.5342],[9.5433,55.5345],[9.5446,55.5346],[9.5444,55.5351],[9.5434,55.5349],[9.543,55.5349],[9.5429,55.5348],[9.5421,55.5344],[9.5423,55.5342]]]},"properties":{"sourceId":"ais_par3.64558","a_type":4110,"hectares":29.513}},{"type":"Feature","id":"ais_par3.64568","geometry":{"type":"Polygon","coordinates":[[[9.643,55.582],[9.6425,55.5822],[9.6422,55.5823],[9.6419,55.5826],[9.6412,55.5825],[9.6395,55.5824],[9.639,55.5822],[9.6386,55.582],[9.6383,55.582],[9.6379,55.5822],[9.6375,55.5825],[9.6371,55.5824],[9.6367,55.5823],[9.6361,55.5823],[9.6356,55.5821],[9.6352,55.5821],[9.6346,55.5822],[9.6329,55.5838],[9.6332,55.5838],[9.6332,55.5841],[9.6335,55.5843],[9.6345,55.584],[9.6349,55.5836],[9.6354,55.5833],[9.6361,55.5832],[9.6366,55.5833],[9.6371,55.5835],[9.6379,55.5834],[9.6383,55.5835],[9.639,55.5837],[9.64,55.5838],[9.6409,55.5838],[9.6415,55.5836],[9.642,55.5834],[9.6431,55.5829],[9.643,55.582]]]},"properties":{"sourceId":"ais_par3.64568","a_type":4110,"hectares":8.537}},{"type":"Feature","id":"ais_par3.64569","geometry":{"type":"Polygon","coordinates":[[[9.643,55.582],[9.6432,55.582],[9.6438,55.5821],[9.6445,55.5821],[9.6457,55.5822],[9.6468,55.5823],[9.6479,55.5825],[9.6489,55.5826],[9.6491,55.5835],[9.6478,55.5834],[9.6468,55.5832],[9.6457,55.5833],[9.6453,55.583],[9.6448,55.5829],[9.6431,55.5829],[9.6435,55.5834],[9.6442,55.5834],[9.6444,55.5839],[9.6445,55.584],[9.6448,55.5842],[9.6448,55.5845],[9.6448,55.5848],[9.6452,55.5853],[9.6456,55.5856],[9.6456,55.586],[9.6457,55.5864],[9.6458,55.5866],[9.6458,55.5871],[9.6457,55.5875],[9.6458,55.5875],[9.6461,55.5875],[9.6462,55.5878],[9.6459,55.5879],[9.6458,55.588],[9.6459,55.5882],[9.6461,55.5884],[9.6463,55.5887],[9.6481,55.5885],[9.6481,55.588],[9.648,55.5876],[9.6478,55.5872],[9.6476,55.5865],[9.6478,55.5861],[9.6491,55.5861],[9.6492,55.5852],[9.6505,55.5851],[9.6506,55.5854],[9.6517,55.5854],[9.6517,55.585],[9.6518,55.5849],[9.6521,55.5847],[9.6509,55.5848],[9.6509,55.5842],[9.6529,55.5841],[9.6532,55.5836],[9.6523,55.5837],[9.652,55.5831],[9.652,55.5827],[9.6518,55.5821],[9.6517,55.5814],[9.6514,55.5812],[9.6509,55.5805],[9.6504,55.58],[9.648,55.5804],[9.6469,55.5801],[9.6459,55.5798],[9.6446,55.5796],[9.6435,55.5794],[9.6436,55.58],[9.6443,55.5799],[9.645,55.5813],[9.6439,55.5816],[9.6433,55.5816],[9.6428,55.5815],[9.6425,55.5814],[9.6423,55.5817],[9.643,55.582]]]},"properties":{"sourceId":"ais_par3.64569","a_type":4110,"hectares":29.949}},{"type":"Feature","id":"ais_par3.64595","geometry":{"type":"Polygon","coordinates":[[[9.6026,55.5493],[9.6014,55.5501],[9.6025,55.5506],[9.6033,55.5508],[9.6041,55.5501],[9.6034,55.5499],[9.6031,55.5498],[9.6027,55.5496],[9.6026,55.5493]]]},"properties":{"sourceId":"ais_par3.64595","a_type":4110,"hectares":1.326}},{"type":"Feature","id":"ais_par3.64603","geometry":{"type":"Polygon","coordinates":[[[9.6082,55.5479],[9.6068,55.5478],[9.6067,55.5474],[9.6053,55.5474],[9.6024,55.5484],[9.6026,55.5493],[9.6042,55.5487],[9.6044,55.5496],[9.6051,55.5493],[9.6048,55.5486],[9.6056,55.5483],[9.6062,55.5485],[9.6068,55.5485],[9.6076,55.5483],[9.6082,55.5479]]]},"properties":{"sourceId":"ais_par3.64603","a_type":4110,"hectares":3.755}},{"type":"Feature","id":"ais_par3.64679","geometry":{"type":"Polygon","coordinates":[[[9.6093,55.6296],[9.6101,55.6305],[9.6103,55.6306],[9.6108,55.6306],[9.611,55.6305],[9.6113,55.6305],[9.6112,55.6303],[9.6108,55.6299],[9.6105,55.6298],[9.6093,55.6296]],[[9.6103,55.6298],[9.6106,55.6298],[9.6107,55.63],[9.6107,55.6301],[9.6105,55.6302],[9.6103,55.6302],[9.6101,55.6301],[9.6099,55.63],[9.6099,55.6299],[9.6101,55.6298],[9.6103,55.6298]]]},"properties":{"sourceId":"ais_par3.64679","a_type":4120,"hectares":0.594}},{"type":"Feature","id":"ais_par3.64685","geometry":{"type":"Polygon","coordinates":[[[9.6413,55.5748],[9.6396,55.5744],[9.6397,55.574],[9.6391,55.5739],[9.6384,55.5738],[9.6383,55.5741],[9.638,55.574],[9.6376,55.5738],[9.6379,55.5736],[9.6376,55.5734],[9.6374,55.5731],[9.6374,55.5728],[9.6375,55.5725],[9.6368,55.5726],[9.6366,55.5722],[9.6374,55.5719],[9.6374,55.5715],[9.6361,55.5716],[9.6357,55.5717],[9.6354,55.5719],[9.6355,55.572],[9.6357,55.5722],[9.6354,55.5724],[9.635,55.5721],[9.6347,55.5718],[9.6346,55.5715],[9.6349,55.5715],[9.6346,55.5709],[9.6343,55.5704],[9.634,55.5703],[9.6338,55.5702],[9.6337,55.57],[9.6336,55.5698],[9.6331,55.57],[9.6328,55.5698],[9.6324,55.5694],[9.6323,55.5691],[9.6319,55.5693],[9.6321,55.5697],[9.6318,55.5697],[9.6315,55.5698],[9.6312,55.5699],[9.631,55.5697],[9.6309,55.5695],[9.6306,55.5697],[9.6332,55.5712],[9.6335,55.5714],[9.6333,55.5717],[9.634,55.5717],[9.6343,55.5718],[9.6345,55.5721],[9.6346,55.5722],[9.633,55.5719],[9.633,55.5723],[9.6318,55.5725],[9.6313,55.5731],[9.6315,55.5734],[9.6315,55.5737],[9.6317,55.5741],[9.6321,55.5742],[9.6326,55.5742],[9.6331,55.5743],[9.6338,55.5745],[9.6348,55.5751],[9.6348,55.5753],[9.6351,55.5756],[9.6355,55.5759],[9.636,55.576],[9.6358,55.5764],[9.6374,55.5768],[9.6395,55.5757],[9.6413,55.5748]],[[9.634,55.5726],[9.6348,55.5728],[9.6343,55.5733],[9.6334,55.5733],[9.6334,55.5731],[9.6333,55.573],[9.6335,55.5729],[9.6337,55.573],[9.634,55.5726]]]},"properties":{"sourceId":"ais_par3.64685","a_type":4120,"hectares":20.075}},{"type":"Feature","id":"ais_par3.64686","geometry":{"type":"Polygon","coordinates":[[[9.629,55.5681],[9.6291,55.568],[9.6297,55.5681],[9.6304,55.5682],[9.6311,55.5685],[9.6317,55.5687],[9.6321,55.5689],[9.6327,55.5689],[9.6334,55.5688],[9.6333,55.5684],[9.6329,55.5681],[9.6322,55.5676],[9.6318,55.5671],[9.6319,55.5667],[9.6318,55.5664],[9.6315,55.5661],[9.6306,55.5662],[9.6309,55.5666],[9.631,55.5669],[9.6309,55.5672],[9.6298,55.5675],[9.6297,55.5668],[9.6296,55.5664],[9.6294,55.566],[9.629,55.566],[9.6289,55.5664],[9.6287,55.5667],[9.6285,55.5666],[9.6284,55.5662],[9.6275,55.5661],[9.6274,55.5666],[9.6272,55.5668],[9.6268,55.5668],[9.6265,55.5666],[9.6261,55.5664],[9.6257,55.566],[9.6255,55.5658],[9.6253,55.5656],[9.625,55.5657],[9.6244,55.5665],[9.6239,55.5669],[9.6245,55.567],[9.625,55.5672],[9.6255,55.5674],[9.626,55.5677],[9.6265,55.568],[9.627,55.5684],[9.6274,55.5683],[9.6277,55.5682],[9.628,55.5684],[9.629,55.5681]],[[9.6306,55.5679],[9.6311,55.5679],[9.6314,55.5681],[9.6316,55.5682],[9.6315,55.5683],[9.631,55.5682],[9.6308,55.5682],[9.6306,55.5681],[9.6306,55.5679]]]},"properties":{"sourceId":"ais_par3.64686","a_type":4120,"hectares":9.514}},{"type":"Feature","id":"ais_par3.64689","geometry":{"type":"Polygon","coordinates":[[[9.7305,55.5181],[9.73,55.5186],[9.7292,55.519],[9.7284,55.5198],[9.7284,55.5199],[9.7285,55.5201],[9.7286,55.5202],[9.7288,55.5201],[9.7288,55.5199],[9.7288,55.5198],[9.7289,55.5197],[9.7292,55.5194],[9.7297,55.5192],[9.7304,55.5189],[9.7308,55.5187],[9.7311,55.5186],[9.7315,55.5184],[9.7317,55.5182],[9.7305,55.5181]],[[9.731,55.5182],[9.7312,55.5183],[9.7312,55.5184],[9.7297,55.519],[9.7296,55.5189],[9.7305,55.5186],[9.7305,55.5185],[9.7305,55.5184],[9.7306,55.5183],[9.7308,55.5183],[9.731,55.5182]]]},"properties":{"sourceId":"ais_par3.64689","a_type":4120,"hectares":0.889}},{"type":"Feature","id":"ais_par3.66500","geometry":{"type":"Polygon","coordinates":[[[9.7936,55.6242],[9.7939,55.6241],[9.794,55.624],[9.7941,55.6239],[9.7942,55.6237],[9.7941,55.6237],[9.7938,55.6236],[9.7935,55.6236],[9.7932,55.6236],[9.7928,55.6236],[9.7927,55.6238],[9.7927,55.624],[9.7929,55.624],[9.7931,55.6241],[9.7934,55.6242],[9.7936,55.6242]]]},"properties":{"sourceId":"ais_par3.66500","a_type":4120,"hectares":0.471}},{"type":"Feature","id":"ais_par3.66502","geometry":{"type":"Polygon","coordinates":[[[9.7921,55.6224],[9.7915,55.6233],[9.7913,55.6238],[9.7921,55.6238],[9.7923,55.6235],[9.7929,55.6235],[9.7937,55.6224],[9.7928,55.6225],[9.7925,55.6225],[9.7921,55.6224]]]},"properties":{"sourceId":"ais_par3.66502","a_type":4120,"hectares":1.335}},{"type":"Feature","id":"ais_par3.66546","geometry":{"type":"Polygon","coordinates":[[[9.6635,55.6091],[9.6648,55.6094],[9.6654,55.609],[9.6659,55.6088],[9.666,55.6084],[9.6659,55.6079],[9.666,55.6077],[9.6663,55.6075],[9.6669,55.6076],[9.6675,55.6077],[9.6668,55.6072],[9.6666,55.6068],[9.6665,55.6067],[9.6656,55.6069],[9.6655,55.6071],[9.6646,55.6074],[9.6645,55.6076],[9.6648,55.6082],[9.6646,55.6084],[9.6635,55.6091]]]},"properties":{"sourceId":"ais_par3.66546","a_type":4120,"hectares":2.754}},{"type":"Feature","id":"ais_par3.66480","geometry":{"type":"Polygon","coordinates":[[[9.7353,55.6353],[9.7364,55.6354],[9.737,55.6351],[9.7375,55.635],[9.7364,55.6329],[9.7382,55.6327],[9.7385,55.6326],[9.7375,55.6311],[9.7369,55.6312],[9.7369,55.6317],[9.7364,55.6318],[9.7357,55.6307],[9.7365,55.6305],[9.7364,55.63],[9.7362,55.6295],[9.736,55.6291],[9.7365,55.628],[9.7354,55.6282],[9.7351,55.6283],[9.7345,55.6283],[9.7351,55.6308],[9.7333,55.6315],[9.7327,55.6303],[9.7306,55.6307],[9.7305,55.6303],[9.7295,55.6308],[9.7305,55.632],[9.7311,55.6325],[9.7316,55.6336],[9.7334,55.6333],[9.7345,55.633],[9.7353,55.6353]]]},"properties":{"sourceId":"ais_par3.66480","a_type":4120,"hectares":17.417}},{"type":"Feature","id":"ais_par3.66485","geometry":{"type":"Polygon","coordinates":[[[9.5854,55.6269],[9.5848,55.627],[9.5848,55.6273],[9.5848,55.6275],[9.585,55.6278],[9.5852,55.628],[9.5854,55.6284],[9.5856,55.628],[9.5854,55.6269]]]},"properties":{"sourceId":"ais_par3.66485","a_type":4120,"hectares":0.495}},{"type":"Feature","id":"ais_par3.66487","geometry":{"type":"Polygon","coordinates":[[[9.5665,55.6269],[9.5663,55.627],[9.5662,55.627],[9.566,55.6272],[9.5658,55.6274],[9.5659,55.6276],[9.5661,55.6277],[9.5665,55.6276],[9.5667,55.6275],[9.5668,55.6273],[9.5668,55.6271],[9.5667,55.6269],[9.5665,55.6269]]]},"properties":{"sourceId":"ais_par3.66487","a_type":4120,"hectares":0.385}},{"type":"Feature","id":"ais_par3.66489","geometry":{"type":"Polygon","coordinates":[[[9.74,55.6265],[9.7418,55.6263],[9.7413,55.6252],[9.7407,55.6233],[9.74,55.6218],[9.7376,55.623],[9.7381,55.6236],[9.7383,55.624],[9.7389,55.625],[9.7394,55.6259],[9.7396,55.6263],[9.74,55.6265]]]},"properties":{"sourceId":"ais_par3.66489","a_type":4120,"hectares":6.954}},{"type":"Feature","id":"ais_par3.66490","geometry":{"type":"Polygon","coordinates":[[[9.7182,55.6251],[9.7178,55.6252],[9.7176,55.6258],[9.7159,55.6258],[9.7149,55.6255],[9.7144,55.6261],[9.7167,55.6261],[9.7182,55.6263],[9.7187,55.6265],[9.7196,55.6261],[9.7185,55.6256],[9.7182,55.6251]]]},"properties":{"sourceId":"ais_par3.66490","a_type":4120,"hectares":1.882}},{"type":"Feature","id":"ais_par3.66492","geometry":{"type":"Polygon","coordinates":[[[9.7428,55.6257],[9.7428,55.6256],[9.7427,55.6254],[9.7426,55.6252],[9.7425,55.6252],[9.7423,55.6251],[9.7423,55.625],[9.7423,55.6249],[9.7422,55.6247],[9.7421,55.6246],[9.7421,55.6245],[9.7419,55.6243],[9.7414,55.6246],[9.742,55.6261],[9.7428,55.6257]]]},"properties":{"sourceId":"ais_par3.66492","a_type":4120,"hectares":0.802}},{"type":"Feature","id":"ais_par3.66493","geometry":{"type":"Polygon","coordinates":[[[9.8202,55.6238],[9.8201,55.6238],[9.8201,55.6242],[9.8203,55.6244],[9.8204,55.6245],[9.8204,55.6246],[9.8203,55.6248],[9.8202,55.6249],[9.82,55.625],[9.8199,55.6252],[9.8199,55.6254],[9.8201,55.6255],[9.8203,55.6255],[9.8203,55.6254],[9.8204,55.6253],[9.8204,55.6251],[9.8205,55.625],[9.8206,55.6249],[9.8207,55.6248],[9.8213,55.6247],[9.8217,55.6239],[9.8215,55.624],[9.8212,55.624],[9.8209,55.624],[9.8206,55.6239],[9.8202,55.6238]]]},"properties":{"sourceId":"ais_par3.66493","a_type":4120,"hectares":0.912}},{"type":"Feature","id":"ais_par3.66497","geometry":{"type":"Polygon","coordinates":[[[9.5609,55.6252],[9.5604,55.6252],[9.5594,55.6254],[9.5593,55.6255],[9.5597,55.6256],[9.5601,55.6258],[9.5606,55.6261],[9.5614,55.6262],[9.5617,55.6253],[9.5613,55.6252],[9.5609,55.6252]]]},"properties":{"sourceId":"ais_par3.66497","a_type":4120,"hectares":1.048}},{"type":"Feature","id":"ais_par3.66505","geometry":{"type":"Polygon","coordinates":[[[9.6987,55.6236],[9.6986,55.6236],[9.6987,55.6239],[9.6998,55.6236],[9.7014,55.6235],[9.7034,55.6228],[9.7034,55.6222],[9.703,55.6223],[9.7023,55.622],[9.7022,55.6222],[9.7028,55.6225],[9.7013,55.623],[9.6987,55.6236]]]},"properties":{"sourceId":"ais_par3.66505","a_type":4120,"hectares":1.763}},{"type":"Feature","id":"ais_par3.66506","geometry":{"type":"Polygon","coordinates":[[[9.7374,55.6228],[9.7399,55.6215],[9.7397,55.6213],[9.7373,55.6225],[9.7374,55.6228]]]},"properties":{"sourceId":"ais_par3.66506","a_type":4120,"hectares":0.532}},{"type":"Feature","id":"ais_par3.66507","geometry":{"type":"Polygon","coordinates":[[[9.7492,55.6219],[9.7481,55.6218],[9.7478,55.6225],[9.7481,55.6227],[9.7483,55.6226],[9.7492,55.6222],[9.7492,55.6219]]]},"properties":{"sourceId":"ais_par3.66507","a_type":4120,"hectares":0.574}},{"type":"Feature","id":"ais_par3.66509","geometry":{"type":"Polygon","coordinates":[[[9.7243,55.6204],[9.7246,55.6214],[9.724,55.6218],[9.7243,55.6219],[9.7253,55.6214],[9.7246,55.6205],[9.7243,55.6204]]]},"properties":{"sourceId":"ais_par3.66509","a_type":4120,"hectares":0.567}},{"type":"Feature","id":"ais_par3.66510","geometry":{"type":"Polygon","coordinates":[[[9.6032,55.6219],[9.6028,55.6219],[9.6028,55.6223],[9.6035,55.6221],[9.6034,55.622],[9.6032,55.6219]]]},"properties":{"sourceId":"ais_par3.66510","a_type":4120,"hectares":0.146}},{"type":"Feature","id":"ais_par3.66511","geometry":{"type":"Polygon","coordinates":[[[9.7425,55.6197],[9.7422,55.6199],[9.7418,55.6202],[9.7415,55.6204],[9.7412,55.6206],[9.7401,55.6211],[9.7403,55.6213],[9.7411,55.6209],[9.7422,55.6203],[9.7428,55.62],[9.7425,55.6197]]]},"properties":{"sourceId":"ais_par3.66511","a_type":4120,"hectares":0.541}},{"type":"Feature","id":"ais_par3.66512","geometry":{"type":"Polygon","coordinates":[[[9.7462,55.6202],[9.7458,55.6202],[9.7454,55.6201],[9.745,55.62],[9.7447,55.62],[9.7444,55.6199],[9.7442,55.6198],[9.744,55.6197],[9.7434,55.6201],[9.7438,55.6205],[9.746,55.6208],[9.7462,55.6202]]]},"properties":{"sourceId":"ais_par3.66512","a_type":4120,"hectares":1.09}},{"type":"Feature","id":"ais_par3.66516","geometry":{"type":"Polygon","coordinates":[[[9.6171,55.6169],[9.6165,55.6171],[9.6151,55.6172],[9.6154,55.6177],[9.6171,55.6178],[9.6177,55.6174],[9.6171,55.6169]]]},"properties":{"sourceId":"ais_par3.66516","a_type":4120,"hectares":0.943}},{"type":"Feature","id":"ais_par3.66518","geometry":{"type":"Polygon","coordinates":[[[9.7386,55.615],[9.7381,55.6133],[9.7378,55.6132],[9.7375,55.6133],[9.7373,55.6133],[9.7371,55.6132],[9.7369,55.6133],[9.7367,55.6134],[9.7366,55.6133],[9.7364,55.6132],[9.7361,55.6132],[9.7359,55.6132],[9.7357,55.6132],[9.7355,55.6132],[9.7352,55.6132],[9.7348,55.6132],[9.7345,55.6132],[9.7342,55.6132],[9.7339,55.6132],[9.7337,55.6131],[9.7335,55.6131],[9.7331,55.613],[9.7328,55.6129],[9.732,55.6129],[9.7317,55.6128],[9.7314,55.6127],[9.7311,55.6126],[9.7308,55.6126],[9.7307,55.6127],[9.7303,55.6127],[9.7298,55.6127],[9.7294,55.6125],[9.7291,55.6125],[9.7289,55.6124],[9.7288,55.6123],[9.7284,55.6123],[9.7284,55.6125],[9.7285,55.6126],[9.7286,55.6127],[9.7288,55.6127],[9.729,55.6128],[9.7293,55.6129],[9.7297,55.6128],[9.73,55.6128],[9.7303,55.6129],[9.7307,55.6129],[9.731,55.613],[9.7312,55.6132],[9.7314,55.6134],[9.7317,55.6136],[9.7319,55.6136],[9.7323,55.6136],[9.7325,55.6137],[9.7327,55.6136],[9.733,55.6137],[9.7332,55.6137],[9.7334,55.6137],[9.734,55.6138],[9.7345,55.6138],[9.7347,55.6138],[9.7351,55.6138],[9.7354,55.6139],[9.7357,55.614],[9.7357,55.6141],[9.7356,55.6142],[9.7354,55.6142],[9.7352,55.6142],[9.7349,55.6144],[9.7347,55.6146],[9.7348,55.6147],[9.7349,55.6148],[9.7353,55.6149],[9.7356,55.6149],[9.7357,55.615],[9.7356,55.6151],[9.7352,55.6151],[9.7348,55.6151],[9.7346,55.6151],[9.7344,55.6151],[9.734,55.6151],[9.7337,55.6152],[9.7334,55.6153],[9.7331,55.6154],[9.7328,55.6155],[9.7326,55.6155],[9.7324,55.6156],[9.7322,55.6157],[9.7321,55.6158],[9.7319,55.6159],[9.7317,55.616],[9.7315,55.6162],[9.7315,55.6163],[9.7334,55.6168],[9.7341,55.617],[9.735,55.6165],[9.7359,55.616],[9.737,55.6155],[9.7379,55.6151],[9.7386,55.615]]]},"properties":{"sourceId":"ais_par3.66518","a_type":4120,"hectares":11.018}},{"type":"Feature","id":"ais_par3.66522","geometry":{"type":"Polygon","coordinates":[[[9.6281,55.6213],[9.6274,55.6223],[9.6265,55.6222],[9.626,55.623],[9.6247,55.6242],[9.6252,55.6244],[9.6262,55.6236],[9.6276,55.6231],[9.6277,55.623],[9.6276,55.6228],[9.6278,55.6228],[9.6277,55.6227],[9.6279,55.6226],[9.6283,55.622],[9.6287,55.622],[9.629,55.6213],[9.6286,55.6213],[9.6285,55.621],[9.6283,55.6207],[9.6281,55.6203],[9.6274,55.6197],[9.6265,55.6191],[9.6252,55.6184],[9.6237,55.6179],[9.6233,55.6184],[9.6256,55.6194],[9.6261,55.6197],[9.6268,55.6208],[9.6271,55.6213],[9.6281,55.6213]]]},"properties":{"sourceId":"ais_par3.66522","a_type":4120,"hectares":5.988}},{"type":"Feature","id":"ais_par3.66526","geometry":{"type":"Polygon","coordinates":[[[9.7735,55.6126],[9.7733,55.6129],[9.7728,55.6129],[9.7718,55.6132],[9.7713,55.6146],[9.771,55.615],[9.7716,55.6148],[9.7719,55.6141],[9.7722,55.6137],[9.7725,55.6135],[9.7728,55.6132],[9.7736,55.6132],[9.7739,55.6127],[9.774,55.6124],[9.7735,55.6126]]]},"properties":{"sourceId":"ais_par3.66526","a_type":4120,"hectares":1.124}},{"type":"Feature","id":"ais_par3.66530","geometry":{"type":"Polygon","coordinates":[[[9.7619,55.6114],[9.7615,55.6115],[9.7612,55.6115],[9.7609,55.6116],[9.7607,55.6117],[9.7605,55.6117],[9.7604,55.6118],[9.7602,55.6119],[9.7601,55.6121],[9.7599,55.6123],[9.7598,55.6125],[9.7598,55.6126],[9.7598,55.6128],[9.7601,55.6129],[9.7604,55.6129],[9.7606,55.6129],[9.7609,55.6128],[9.7611,55.6128],[9.7612,55.6127],[9.7614,55.6128],[9.7614,55.6131],[9.7616,55.6132],[9.7618,55.6133],[9.762,55.6134],[9.7623,55.6135],[9.7625,55.6136],[9.7628,55.6137],[9.764,55.6121],[9.7619,55.6114]]]},"properties":{"sourceId":"ais_par3.66530","a_type":4120,"hectares":3.874}},{"type":"Feature","id":"ais_par3.66531","geometry":{"type":"Polygon","coordinates":[[[9.6619,55.6137],[9.6626,55.6138],[9.6636,55.6139],[9.6644,55.6139],[9.6643,55.6138],[9.664,55.6137],[9.6631,55.6135],[9.6628,55.6134],[9.6627,55.6133],[9.6619,55.6136],[9.6619,55.6137]]]},"properties":{"sourceId":"ais_par3.66531","a_type":4120,"hectares":0.579}},{"type":"Feature","id":"ais_par3.66533","geometry":{"type":"Polygon","coordinates":[[[9.714,55.6063],[9.7144,55.6068],[9.7143,55.6069],[9.7145,55.607],[9.7147,55.6072],[9.7149,55.6076],[9.715,55.6077],[9.7149,55.6078],[9.7148,55.6079],[9.7148,55.6081],[9.7149,55.6083],[9.7151,55.6084],[9.7151,55.6085],[9.7151,55.6086],[9.7148,55.6088],[9.7148,55.609],[9.7148,55.6091],[9.7146,55.6092],[9.7143,55.6096],[9.7143,55.6097],[9.7145,55.61],[9.7144,55.6102],[9.7145,55.6102],[9.7146,55.6103],[9.7148,55.6103],[9.7153,55.6105],[9.7157,55.6106],[9.7158,55.6109],[9.7159,55.611],[9.7162,55.6112],[9.7168,55.6115],[9.7169,55.6116],[9.717,55.6117],[9.7172,55.6118],[9.7176,55.6119],[9.7179,55.6119],[9.7181,55.6119],[9.7183,55.612],[9.7186,55.6121],[9.7187,55.6122],[9.719,55.6122],[9.7191,55.6123],[9.7193,55.6124],[9.7195,55.6125],[9.7197,55.6126],[9.7201,55.6127],[9.7203,55.6125],[9.7205,55.6125],[9.7207,55.6125],[9.721,55.6125],[9.7213,55.6124],[9.7221,55.6125],[9.7225,55.6124],[9.7227,55.6124],[9.723,55.6125],[9.7233,55.6126],[9.7236,55.6126],[9.7239,55.6127],[9.7242,55.6127],[9.7244,55.6127],[9.7247,55.6126],[9.7251,55.6126],[9.7255,55.6126],[9.7257,55.6125],[9.726,55.6124],[9.7263,55.6123],[9.7273,55.6122],[9.7269,55.6122],[9.7267,55.6122],[9.7264,55.6121],[9.7262,55.6121],[9.726,55.6122],[9.7252,55.6122],[9.7248,55.6123],[9.7246,55.6123],[9.7243,55.6122],[9.724,55.6121],[9.7239,55.6119],[9.7242,55.6106],[9.7242,55.6104],[9.7239,55.6104],[9.7226,55.6107],[9.7224,55.6107],[9.722,55.6109],[9.7218,55.6111],[9.7214,55.6112],[9.7211,55.6113],[9.7208,55.6114],[9.7205,55.6116],[9.7202,55.6117],[9.7197,55.6117],[9.719,55.6115],[9.718,55.6114],[9.7177,55.6113],[9.7174,55.6113],[9.7171,55.6111],[9.7168,55.611],[9.7167,55.6109],[9.7166,55.6107],[9.7163,55.6104],[9.7162,55.6102],[9.7161,55.61],[9.716,55.6097],[9.7158,55.6094],[9.7158,55.6092],[9.7159,55.6091],[9.716,55.6089],[9.7163,55.6088],[9.7167,55.6087],[9.7172,55.6087],[9.7182,55.6085],[9.719,55.6079],[9.7191,55.6078],[9.7188,55.6078],[9.7185,55.6079],[9.7182,55.6079],[9.7177,55.6081],[9.7174,55.6082],[9.7171,55.6082],[9.7169,55.6081],[9.7166,55.608],[9.7164,55.6079],[9.716,55.6076],[9.716,55.6073],[9.7162,55.6068],[9.7165,55.6065],[9.7166,55.6063],[9.7165,55.606],[9.7164,55.6062],[9.7164,55.6063],[9.7162,55.6064],[9.716,55.6065],[9.7155,55.6066],[9.7151,55.6066],[9.7149,55.6062],[9.7148,55.6066],[9.7146,55.6067],[9.7144,55.6065],[9.7143,55.6063],[9.714,55.6063]]]},"properties":{"sourceId":"ais_par3.66533","a_type":4120,"hectares":12.276}},{"type":"Feature","id":"ais_par3.66535","geometry":{"type":"Polygon","coordinates":[[[9.7586,55.6114],[9.7579,55.6119],[9.7588,55.6121],[9.7593,55.6115],[9.7586,55.6114]]]},"properties":{"sourceId":"ais_par3.66535","a_type":4120,"hectares":0.328}},{"type":"Feature","id":"ais_par3.66547","geometry":{"type":"Polygon","coordinates":[[[9.6806,55.6076],[9.6804,55.6076],[9.68,55.6078],[9.6797,55.6079],[9.6794,55.6081],[9.6792,55.6082],[9.6791,55.6085],[9.6792,55.6087],[9.6797,55.6086],[9.6799,55.6085],[9.6801,55.6082],[9.6804,55.6081],[9.6807,55.6078],[9.6806,55.6076]]]},"properties":{"sourceId":"ais_par3.66547","a_type":4120,"hectares":0.572}},{"type":"Feature","id":"ais_par3.66536","geometry":{"type":"Polygon","coordinates":[[[9.7371,55.6209],[9.7372,55.6223],[9.7396,55.6212],[9.7385,55.6196],[9.7373,55.6182],[9.7368,55.6179],[9.7353,55.6175],[9.7335,55.6169],[9.7315,55.6165],[9.7314,55.6165],[9.7312,55.6164],[9.7304,55.6162],[9.7293,55.6159],[9.7286,55.6159],[9.7281,55.616],[9.7275,55.616],[9.7265,55.6159],[9.7252,55.6162],[9.7252,55.6165],[9.7244,55.6166],[9.7234,55.617],[9.7225,55.6175],[9.7221,55.6177],[9.7214,55.6178],[9.7207,55.6176],[9.719,55.6179],[9.7178,55.618],[9.7168,55.6177],[9.7157,55.6173],[9.7146,55.6169],[9.7133,55.6159],[9.7127,55.6155],[9.7122,55.6153],[9.7117,55.6152],[9.7107,55.6146],[9.7105,55.6143],[9.7102,55.6139],[9.7092,55.6138],[9.7086,55.6136],[9.7079,55.6136],[9.7074,55.6136],[9.7069,55.6134],[9.7067,55.613],[9.7064,55.613],[9.7063,55.6128],[9.706,55.6127],[9.7058,55.6124],[9.7049,55.6122],[9.7045,55.6122],[9.7038,55.6121],[9.7036,55.612],[9.7026,55.6115],[9.702,55.6114],[9.7018,55.6111],[9.7014,55.6103],[9.7009,55.61],[9.7001,55.6098],[9.6996,55.6098],[9.699,55.6098],[9.6986,55.6097],[9.698,55.6096],[9.6975,55.6095],[9.6965,55.6092],[9.6961,55.6091],[9.6958,55.609],[9.6951,55.6088],[9.6944,55.6087],[9.6941,55.6085],[9.694,55.6083],[9.694,55.608],[9.694,55.6078],[9.6942,55.6074],[9.6945,55.6072],[9.6951,55.607],[9.6951,55.6067],[9.6949,55.6066],[9.6944,55.6065],[9.6938,55.6063],[9.6933,55.6061],[9.6925,55.606],[9.6916,55.6056],[9.6906,55.6053],[9.6901,55.6051],[9.689,55.6048],[9.6879,55.6046],[9.6871,55.6046],[9.6865,55.6057],[9.6857,55.6056],[9.6852,55.6057],[9.685,55.6059],[9.685,55.6061],[9.6858,55.6062],[9.6862,55.6064],[9.6866,55.6064],[9.6874,55.6063],[9.6879,55.6067],[9.6882,55.6068],[9.6883,55.6071],[9.6885,55.6074],[9.6885,55.6077],[9.689,55.6078],[9.6895,55.6078],[9.6907,55.607],[9.6913,55.6071],[9.6918,55.607],[9.692,55.6069],[9.6924,55.607],[9.6921,55.6072],[9.6922,55.6078],[9.6922,55.608],[9.6922,55.6082],[9.6919,55.6084],[9.6917,55.6084],[9.6913,55.6083],[9.691,55.6082],[9.6908,55.608],[9.6907,55.6078],[9.6902,55.6084],[9.6908,55.6088],[9.6914,55.6093],[9.6915,55.6095],[9.6906,55.6099],[9.6903,55.61],[9.6899,55.6105],[9.6897,55.6109],[9.6893,55.6112],[9.6889,55.6113],[9.6887,55.6115],[9.6886,55.6117],[9.6886,55.6119],[9.6889,55.6119],[9.6893,55.6118],[9.6911,55.6104],[9.6912,55.6102],[9.6915,55.61],[9.6919,55.6097],[9.6919,55.6095],[9.6921,55.6093],[9.6933,55.6092],[9.6939,55.6091],[9.6943,55.6093],[9.6947,55.6096],[9.6948,55.6097],[9.696,55.6094],[9.6964,55.6094],[9.6964,55.6097],[9.6963,55.6099],[9.6965,55.61],[9.6969,55.6103],[9.6969,55.6106],[9.6963,55.6114],[9.6968,55.6117],[9.6961,55.6125],[9.6944,55.613],[9.6943,55.6137],[9.6969,55.6125],[9.6978,55.6122],[9.6988,55.6119],[9.6996,55.6117],[9.7005,55.6118],[9.7014,55.6119],[9.702,55.6122],[9.7022,55.6126],[9.7029,55.6126],[9.7043,55.6126],[9.7052,55.6134],[9.7051,55.6138],[9.7047,55.614],[9.7041,55.6141],[9.7038,55.6142],[9.7029,55.6147],[9.7019,55.615],[9.7012,55.6153],[9.7008,55.6156],[9.7006,55.6159],[9.6988,55.6163],[9.6989,55.6166],[9.7008,55.6162],[9.7006,55.6159],[9.7012,55.6156],[9.7023,55.6152],[9.7038,55.6149],[9.7046,55.6147],[9.7054,55.6146],[9.7059,55.6144],[9.7064,55.6141],[9.7076,55.614],[9.7083,55.6138],[9.7091,55.6139],[9.7095,55.6143],[9.7097,55.6148],[9.7095,55.6151],[9.7092,55.6155],[9.7083,55.6155],[9.7076,55.6158],[9.7077,55.616],[9.7077,55.6161],[9.7089,55.6162],[9.7102,55.616],[9.7105,55.616],[9.7107,55.6162],[9.7112,55.6161],[9.712,55.6163],[9.7134,55.6168],[9.7147,55.6172],[9.7155,55.6175],[9.7154,55.6177],[9.7151,55.6179],[9.7151,55.618],[9.7164,55.6188],[9.7175,55.6192],[9.7176,55.6193],[9.7183,55.6192],[9.7186,55.6191],[9.7196,55.6189],[9.7204,55.6189],[9.7218,55.6187],[9.7226,55.6183],[9.7232,55.6178],[9.7241,55.6174],[9.725,55.6171],[9.7259,55.6171],[9.7277,55.6168],[9.7284,55.6171],[9.7289,55.6177],[9.7293,55.618],[9.7296,55.6176],[9.73,55.6175],[9.7326,55.6193],[9.7339,55.6202],[9.7345,55.6207],[9.7348,55.6211],[9.7337,55.6214],[9.7325,55.6217],[9.7329,55.6221],[9.7371,55.6209]]]},"properties":{"sourceId":"ais_par3.66536","a_type":4120,"hectares":67.191}},{"type":"Feature","id":"ais_par3.66543","geometry":{"type":"Polygon","coordinates":[[[9.7135,55.6091],[9.7136,55.609],[9.7134,55.6088],[9.7131,55.6085],[9.7128,55.6085],[9.7127,55.6085],[9.7125,55.6084],[9.7124,55.6083],[9.7122,55.6082],[9.7115,55.6084],[9.7112,55.6084],[9.7112,55.6085],[9.7113,55.6087],[9.7111,55.6088],[9.7109,55.6088],[9.711,55.6089],[9.7111,55.6091],[9.7113,55.6093],[9.7117,55.6094],[9.7119,55.6095],[9.712,55.6096],[9.7124,55.6096],[9.7127,55.6097],[9.7131,55.6096],[9.7133,55.6096],[9.7136,55.6096],[9.7136,55.6095],[9.7139,55.6092],[9.7136,55.6092],[9.7135,55.6091]]]},"properties":{"sourceId":"ais_par3.66543","a_type":4120,"hectares":1.924}},{"type":"Feature","id":"ais_par3.66544","geometry":{"type":"Polygon","coordinates":[[[9.6851,55.6086],[9.6838,55.6095],[9.6842,55.6096],[9.6845,55.6095],[9.685,55.6094],[9.6857,55.609],[9.6851,55.6086]]]},"properties":{"sourceId":"ais_par3.66544","a_type":4120,"hectares":0.562}},{"type":"Feature","id":"ais_par3.66551","geometry":{"type":"Polygon","coordinates":[[[9.6085,55.6065],[9.6076,55.6066],[9.6077,55.6067],[9.6083,55.6067],[9.6087,55.6066],[9.6085,55.6065]]]},"properties":{"sourceId":"ais_par3.66551","a_type":4120,"hectares":0.119}},{"type":"Feature","id":"ais_par3.66552","geometry":{"type":"Polygon","coordinates":[[[9.7024,55.6055],[9.7015,55.6058],[9.7008,55.6058],[9.7001,55.6057],[9.6997,55.6056],[9.6992,55.6054],[9.6988,55.6051],[9.6987,55.6048],[9.6987,55.6045],[9.6987,55.6042],[9.6982,55.604],[9.6979,55.6039],[9.697,55.6038],[9.6953,55.6036],[9.694,55.6035],[9.6929,55.6034],[9.6921,55.6033],[9.6911,55.6032],[9.6903,55.6032],[9.6898,55.6046],[9.6893,55.6045],[9.6889,55.6045],[9.6881,55.6046],[9.6901,55.605],[9.6911,55.6053],[9.6923,55.6057],[9.6947,55.6064],[9.6953,55.6065],[9.6958,55.6066],[9.6959,55.6064],[9.6956,55.6061],[9.6951,55.6061],[9.6945,55.6059],[9.6938,55.6059],[9.6936,55.6057],[9.6932,55.6056],[9.6928,55.6056],[9.6926,55.6054],[9.6924,55.6053],[9.6923,55.605],[9.692,55.6046],[9.6911,55.6042],[9.6912,55.6041],[9.6912,55.604],[9.6915,55.6039],[9.692,55.6039],[9.6929,55.6039],[9.6934,55.6038],[9.694,55.6039],[9.6948,55.604],[9.6952,55.604],[9.6956,55.604],[9.696,55.6039],[9.6963,55.6041],[9.697,55.6043],[9.6976,55.6046],[9.6977,55.6049],[9.6978,55.6052],[9.6985,55.6055],[9.6991,55.6059],[9.6995,55.606],[9.6998,55.6061],[9.7004,55.6061],[9.7008,55.6062],[9.7015,55.6062],[9.7024,55.6062],[9.7028,55.6061],[9.7037,55.6058],[9.7043,55.6056],[9.7045,55.6055],[9.705,55.6056],[9.7051,55.6058],[9.7053,55.6058],[9.7055,55.6056],[9.7059,55.6057],[9.7062,55.6058],[9.7065,55.6059],[9.707,55.6061],[9.7075,55.6062],[9.7077,55.6062],[9.7081,55.606],[9.7081,55.6059],[9.7081,55.6058],[9.7081,55.6056],[9.7078,55.6056],[9.7075,55.6059],[9.7072,55.606],[9.7067,55.6058],[9.7061,55.6052],[9.706,55.6045],[9.7061,55.6039],[9.7064,55.6033],[9.7065,55.603],[9.7068,55.6029],[9.7071,55.6029],[9.7074,55.603],[9.7077,55.6033],[9.7079,55.6035],[9.7083,55.6034],[9.7079,55.6027],[9.7076,55.6021],[9.7074,55.6014],[9.7073,55.601],[9.7073,55.6007],[9.7067,55.6011],[9.7062,55.6015],[9.7058,55.6014],[9.7042,55.6021],[9.7037,55.6017],[9.7031,55.6022],[9.7035,55.6025],[9.7038,55.6028],[9.704,55.6033],[9.7041,55.6035],[9.7042,55.604],[9.7042,55.6043],[9.7041,55.6045],[9.704,55.6047],[9.7036,55.605],[9.703,55.6052],[9.7024,55.6055]]]},"properties":{"sourceId":"ais_par3.66552","a_type":4120,"hectares":17.86}},{"type":"Feature","id":"ais_par3.66560","geometry":{"type":"Polygon","coordinates":[[[9.5696,55.6046],[9.57,55.6051],[9.5701,55.6053],[9.5708,55.6049],[9.5704,55.6049],[9.5704,55.6046],[9.5696,55.6046]]]},"properties":{"sourceId":"ais_par3.66560","a_type":4120,"hectares":0.249}},{"type":"Feature","id":"ais_par3.66563","geometry":{"type":"Polygon","coordinates":[[[9.673,55.6033],[9.6743,55.6001],[9.6731,55.5997],[9.6726,55.5993],[9.6721,55.599],[9.6722,55.5986],[9.6723,55.5981],[9.6725,55.5976],[9.6723,55.5972],[9.6718,55.5971],[9.6714,55.5971],[9.6712,55.5976],[9.671,55.5982],[9.671,55.5989],[9.6714,55.5996],[9.6717,55.6001],[9.6715,55.6004],[9.671,55.6005],[9.6702,55.6005],[9.6694,55.6004],[9.6693,55.6007],[9.669,55.6009],[9.6685,55.6011],[9.6677,55.6011],[9.6669,55.601],[9.6661,55.6007],[9.6654,55.6001],[9.6646,55.6006],[9.6637,55.6012],[9.6647,55.6013],[9.6653,55.6013],[9.6659,55.6016],[9.6668,55.6019],[9.6675,55.6022],[9.6681,55.6023],[9.6682,55.6022],[9.6697,55.6017],[9.6705,55.6019],[9.6718,55.6021],[9.6713,55.6024],[9.6713,55.6028],[9.6716,55.603],[9.673,55.6033]]]},"properties":{"sourceId":"ais_par3.66563","a_type":4120,"hectares":13.468}},{"type":"Feature","id":"ais_par3.66567","geometry":{"type":"Polygon","coordinates":[[[9.7137,55.6065],[9.7135,55.6065],[9.7134,55.6064],[9.7132,55.6063],[9.713,55.6065],[9.7128,55.6065],[9.713,55.6066],[9.7123,55.6065],[9.7124,55.6065],[9.7126,55.6064],[9.7129,55.6064],[9.713,55.6063],[9.7131,55.6061],[9.713,55.6061],[9.7134,55.6062],[9.7138,55.6062],[9.7136,55.6056],[9.7134,55.6053],[9.7132,55.6053],[9.713,55.6052],[9.713,55.605],[9.7131,55.6049],[9.7135,55.6048],[9.714,55.6047],[9.714,55.6046],[9.7149,55.6047],[9.7159,55.6043],[9.716,55.6039],[9.7153,55.6036],[9.7149,55.6035],[9.7146,55.6034],[9.7141,55.6038],[9.7142,55.6041],[9.7128,55.604],[9.7119,55.6042],[9.712,55.6044],[9.7121,55.6047],[9.712,55.6048],[9.7119,55.6049],[9.7118,55.605],[9.7116,55.6052],[9.7115,55.6053],[9.7113,55.6054],[9.7112,55.6055],[9.7109,55.6055],[9.7107,55.6055],[9.7104,55.6054],[9.71,55.6053],[9.7096,55.6051],[9.7093,55.605],[9.7091,55.6048],[9.709,55.6051],[9.7095,55.6053],[9.7097,55.6055],[9.7103,55.6057],[9.7105,55.6059],[9.7111,55.6061],[9.7115,55.6062],[9.7116,55.6064],[9.7118,55.6066],[9.7123,55.6068],[9.7129,55.607],[9.7136,55.6073],[9.7139,55.6074],[9.7142,55.6075],[9.7143,55.6073],[9.7143,55.6074],[9.7145,55.6073],[9.7144,55.6073],[9.7143,55.6072],[9.7142,55.6071],[9.7141,55.607],[9.7139,55.607],[9.7139,55.6069],[9.714,55.6068],[9.714,55.6067],[9.7137,55.6065]]]},"properties":{"sourceId":"ais_par3.66567","a_type":4120,"hectares":5.862}},{"type":"Feature","id":"ais_par3.66569","geometry":{"type":"Polygon","coordinates":[[[9.5671,55.6017],[9.5679,55.6023],[9.5685,55.6026],[9.5688,55.6027],[9.5694,55.6029],[9.5698,55.603],[9.5702,55.6032],[9.57,55.6027],[9.5696,55.6025],[9.569,55.6024],[9.5685,55.6022],[9.5681,55.6018],[9.5679,55.6013],[9.5675,55.6015],[9.5671,55.6017]]]},"properties":{"sourceId":"ais_par3.66569","a_type":4120,"hectares":0.953}},{"type":"Feature","id":"ais_par3.66575","geometry":{"type":"Polygon","coordinates":[[[9.6617,55.5994],[9.6608,55.5996],[9.6595,55.598],[9.6583,55.5983],[9.6587,55.5987],[9.6584,55.5991],[9.658,55.5994],[9.6574,55.5998],[9.658,55.6003],[9.6585,55.6003],[9.6595,55.6002],[9.6605,55.6003],[9.6612,55.6004],[9.6623,55.6003],[9.6629,55.6002],[9.6627,55.5993],[9.6617,55.5994]]]},"properties":{"sourceId":"ais_par3.66575","a_type":4120,"hectares":4.668}},{"type":"Feature","id":"ais_par3.66579","geometry":{"type":"Polygon","coordinates":[[[9.6631,55.5979],[9.6628,55.5974],[9.6626,55.5975],[9.6628,55.598],[9.663,55.5984],[9.6632,55.5991],[9.6635,55.5991],[9.6633,55.5986],[9.6632,55.5984],[9.6631,55.5979]]]},"properties":{"sourceId":"ais_par3.66579","a_type":4120,"hectares":0.359}},{"type":"Feature","id":"ais_par3.66581","geometry":{"type":"Polygon","coordinates":[[[9.5598,55.5949],[9.5603,55.597],[9.5602,55.597],[9.5603,55.5977],[9.5614,55.5975],[9.5614,55.597],[9.5634,55.597],[9.5625,55.5962],[9.5618,55.5959],[9.5612,55.5957],[9.5601,55.5951],[9.5598,55.5949]]]},"properties":{"sourceId":"ais_par3.66581","a_type":4120,"hectares":3.041}},{"type":"Feature","id":"ais_par3.66582","geometry":{"type":"Polygon","coordinates":[[[9.6557,55.5949],[9.6552,55.5938],[9.654,55.5942],[9.6537,55.5939],[9.6525,55.5942],[9.6525,55.5946],[9.6519,55.5948],[9.652,55.5954],[9.6557,55.5949]]]},"properties":{"sourceId":"ais_par3.66582","a_type":4120,"hectares":2.561}},{"type":"Feature","id":"ais_par3.66583","geometry":{"type":"Polygon","coordinates":[[[9.6563,55.5942],[9.6564,55.5945],[9.6573,55.5943],[9.6582,55.5943],[9.6595,55.5941],[9.6589,55.5938],[9.6583,55.5937],[9.6578,55.5936],[9.6572,55.5934],[9.6571,55.5937],[9.6569,55.5939],[9.6567,55.594],[9.6563,55.5942]]]},"properties":{"sourceId":"ais_par3.66583","a_type":4120,"hectares":1.125}},{"type":"Feature","id":"ais_par3.66584","geometry":{"type":"Polygon","coordinates":[[[9.6536,55.5937],[9.6522,55.5922],[9.6509,55.5919],[9.6516,55.5924],[9.6509,55.5927],[9.6509,55.5929],[9.6513,55.5933],[9.6516,55.5936],[9.652,55.5938],[9.6521,55.5938],[9.6523,55.594],[9.6536,55.5937]]]},"properties":{"sourceId":"ais_par3.66584","a_type":4120,"hectares":2.048}},{"type":"Feature","id":"ais_par3.66587","geometry":{"type":"Polygon","coordinates":[[[9.7107,55.5923],[9.7111,55.5924],[9.7113,55.5922],[9.7113,55.5919],[9.7113,55.5918],[9.7112,55.5917],[9.7111,55.5915],[9.711,55.5914],[9.7108,55.5912],[9.7104,55.5911],[9.7104,55.5913],[9.7107,55.5917],[9.7108,55.5922],[9.7107,55.5923]]]},"properties":{"sourceId":"ais_par3.66587","a_type":4120,"hectares":0.463}},{"type":"Feature","id":"ais_par3.66589","geometry":{"type":"Polygon","coordinates":[[[9.6501,55.592],[9.6511,55.5912],[9.6506,55.5911],[9.6496,55.591],[9.649,55.5911],[9.6494,55.5918],[9.6501,55.592]]]},"properties":{"sourceId":"ais_par3.66589","a_type":4120,"hectares":0.95}},{"type":"Feature","id":"ais_par3.66592","geometry":{"type":"Polygon","coordinates":[[[9.5676,55.5907],[9.5671,55.5908],[9.5671,55.591],[9.5672,55.5912],[9.5676,55.5912],[9.5676,55.5919],[9.5679,55.5919],[9.568,55.5911],[9.5676,55.5907]]]},"properties":{"sourceId":"ais_par3.66592","a_type":4120,"hectares":0.38}},{"type":"Feature","id":"ais_par3.66593","geometry":{"type":"Polygon","coordinates":[[[9.6478,55.5861],[9.6476,55.5865],[9.6478,55.5872],[9.648,55.5876],[9.6481,55.588],[9.6481,55.5885],[9.6463,55.5887],[9.6465,55.589],[9.6464,55.5894],[9.6462,55.5897],[9.6459,55.5902],[9.6515,55.5872],[9.6514,55.5867],[9.6513,55.5864],[9.6506,55.586],[9.6506,55.5854],[9.6505,55.5851],[9.6492,55.5852],[9.6491,55.5861],[9.6478,55.5861]]]},"properties":{"sourceId":"ais_par3.66593","a_type":4120,"hectares":7.256}},{"type":"Feature","id":"ais_par3.66599","geometry":{"type":"Polygon","coordinates":[[[9.5677,55.5861],[9.5665,55.5861],[9.5659,55.5864],[9.5657,55.5866],[9.5653,55.5868],[9.5651,55.587],[9.5651,55.5871],[9.5652,55.5872],[9.5657,55.5873],[9.5663,55.5874],[9.5669,55.5874],[9.5676,55.5872],[9.5683,55.587],[9.568,55.5865],[9.5678,55.5862],[9.5677,55.5861]]]},"properties":{"sourceId":"ais_par3.66599","a_type":4120,"hectares":2.063}},{"type":"Feature","id":"ais_par3.66603","geometry":{"type":"Polygon","coordinates":[[[9.5711,55.585],[9.5712,55.584],[9.5714,55.5839],[9.5717,55.5839],[9.5719,55.584],[9.5719,55.5842],[9.5721,55.5845],[9.5735,55.5838],[9.5737,55.5835],[9.5737,55.5831],[9.5735,55.5827],[9.5725,55.5827],[9.5716,55.5831],[9.5711,55.5833],[9.5705,55.5834],[9.5698,55.5834],[9.5686,55.5832],[9.5686,55.5838],[9.5685,55.5843],[9.5683,55.5846],[9.5687,55.5847],[9.569,55.5848],[9.5694,55.5849],[9.5699,55.5848],[9.5702,55.5848],[9.5706,55.5849],[9.5711,55.585]]]},"properties":{"sourceId":"ais_par3.66603","a_type":4120,"hectares":4.907}},{"type":"Feature","id":"ais_par3.66615","geometry":{"type":"Polygon","coordinates":[[[9.6408,55.5754],[9.6386,55.5766],[9.6397,55.5769],[9.6404,55.5767],[9.6408,55.5754]]]},"properties":{"sourceId":"ais_par3.66615","a_type":4120,"hectares":0.994}},{"type":"Feature","id":"ais_par3.66617","geometry":{"type":"Polygon","coordinates":[[[9.7275,55.5748],[9.7275,55.5747],[9.7271,55.5746],[9.7269,55.5746],[9.7267,55.5746],[9.7265,55.5745],[9.7263,55.5745],[9.7263,55.5744],[9.7265,55.5742],[9.7265,55.5741],[9.7267,55.574],[9.7269,55.5741],[9.7271,55.5742],[9.7273,55.5742],[9.7276,55.5743],[9.7279,55.5743],[9.7281,55.5741],[9.7285,55.5742],[9.7291,55.5743],[9.7297,55.5743],[9.7303,55.5744],[9.7302,55.574],[9.7302,55.5737],[9.7303,55.5735],[9.7294,55.5738],[9.7287,55.5739],[9.7272,55.5739],[9.7265,55.5739],[9.7257,55.574],[9.7257,55.5747],[9.7265,55.5748],[9.7271,55.5749],[9.7272,55.5749],[9.7275,55.5748]]]},"properties":{"sourceId":"ais_par3.66617","a_type":4120,"hectares":1.66}},{"type":"Feature","id":"ais_par3.66634","geometry":{"type":"Polygon","coordinates":[[[9.622,55.5667],[9.622,55.5666],[9.6218,55.5665],[9.6213,55.5665],[9.621,55.5666],[9.6206,55.5668],[9.6202,55.567],[9.6202,55.5672],[9.6207,55.5671],[9.6212,55.567],[9.622,55.5667]]]},"properties":{"sourceId":"ais_par3.66634","a_type":4120,"hectares":0.425}},{"type":"Feature","id":"ais_par3.66635","geometry":{"type":"Polygon","coordinates":[[[9.6163,55.5631],[9.6168,55.5639],[9.6171,55.5641],[9.6177,55.5644],[9.6181,55.5647],[9.6185,55.5649],[9.6191,55.5652],[9.6196,55.5653],[9.6204,55.5655],[9.6211,55.5657],[9.6213,55.5655],[9.6217,55.5655],[9.622,55.5656],[9.6224,55.5658],[9.6227,55.5659],[9.6231,55.5658],[9.6233,55.5657],[9.623,55.5655],[9.623,55.5653],[9.623,55.565],[9.6229,55.5648],[9.6224,55.5646],[9.6219,55.5643],[9.6212,55.5641],[9.6205,55.5638],[9.6199,55.5634],[9.6195,55.563],[9.6192,55.5626],[9.6189,55.5621],[9.6189,55.5617],[9.6187,55.5614],[9.6184,55.561],[9.6179,55.5605],[9.6176,55.5601],[9.6176,55.5593],[9.6171,55.5592],[9.6169,55.5592],[9.6167,55.5593],[9.6162,55.5593],[9.6156,55.5593],[9.6162,55.5598],[9.6165,55.5601],[9.617,55.5604],[9.6172,55.5606],[9.6173,55.5608],[9.6163,55.561],[9.6161,55.5614],[9.6161,55.5618],[9.6161,55.5623],[9.6161,55.5628],[9.6163,55.5631]]]},"properties":{"sourceId":"ais_par3.66635","a_type":4120,"hectares":12.622}},{"type":"Feature","id":"ais_par3.66636","geometry":{"type":"Polygon","coordinates":[[[9.6324,55.5634],[9.6318,55.5641],[9.6324,55.564],[9.6328,55.5638],[9.6331,55.5636],[9.6335,55.5632],[9.6347,55.5618],[9.6337,55.562],[9.6324,55.5634]]]},"properties":{"sourceId":"ais_par3.66636","a_type":4120,"hectares":1.319}},{"type":"Feature","id":"ais_par3.66642","geometry":{"type":"Polygon","coordinates":[[[9.6277,55.5616],[9.6285,55.5616],[9.6285,55.5614],[9.6278,55.5613],[9.6277,55.5616]]]},"properties":{"sourceId":"ais_par3.66642","a_type":4120,"hectares":0.127}},{"type":"Feature","id":"ais_par3.66643","geometry":{"type":"Polygon","coordinates":[[[9.6413,55.5553],[9.6411,55.5554],[9.6408,55.5556],[9.6405,55.5557],[9.6402,55.5559],[9.6403,55.5563],[9.6407,55.5569],[9.6411,55.5576],[9.641,55.558],[9.6405,55.5582],[9.6398,55.5584],[9.6393,55.5589],[9.6387,55.5589],[9.6385,55.5594],[9.638,55.5596],[9.6376,55.5599],[9.6372,55.5601],[9.6368,55.5604],[9.6368,55.5607],[9.6371,55.5608],[9.6386,55.5599],[9.6389,55.5598],[9.6395,55.5598],[9.6399,55.5596],[9.6403,55.5595],[9.641,55.559],[9.6413,55.5587],[9.6415,55.5585],[9.6417,55.5582],[9.6418,55.5578],[9.6417,55.5575],[9.642,55.5573],[9.6421,55.5572],[9.6421,55.5571],[9.6418,55.5571],[9.6416,55.5572],[9.6413,55.5571],[9.6412,55.5569],[9.6411,55.5566],[9.6408,55.5561],[9.6408,55.5559],[9.6411,55.5558],[9.6413,55.5556],[9.6415,55.5555],[9.6413,55.5553]]]},"properties":{"sourceId":"ais_par3.66643","a_type":4120,"hectares":4.024}},{"type":"Feature","id":"ais_par3.66646","geometry":{"type":"Polygon","coordinates":[[[9.5617,55.5592],[9.5608,55.5594],[9.5606,55.56],[9.5613,55.5604],[9.562,55.5598],[9.5617,55.5592]]]},"properties":{"sourceId":"ais_par3.66646","a_type":4120,"hectares":0.726}},{"type":"Feature","id":"ais_par3.66648","geometry":{"type":"Polygon","coordinates":[[[9.6129,55.5556],[9.6132,55.5558],[9.6132,55.556],[9.6136,55.5562],[9.6139,55.5565],[9.6142,55.5566],[9.6146,55.5569],[9.6152,55.557],[9.6161,55.5572],[9.616,55.5577],[9.6166,55.5578],[9.6177,55.5579],[9.6182,55.5579],[9.6188,55.5578],[9.6195,55.5577],[9.6205,55.5575],[9.6209,55.5572],[9.6205,55.5565],[9.6206,55.5562],[9.6207,55.5556],[9.62,55.5554],[9.6192,55.5552],[9.6186,55.5548],[9.6177,55.5543],[9.6169,55.5539],[9.6162,55.5535],[9.6158,55.5532],[9.6155,55.5527],[9.6153,55.5522],[9.6151,55.5516],[9.6147,55.5511],[9.6143,55.5507],[9.6138,55.5506],[9.6136,55.5504],[9.6133,55.5501],[9.6131,55.5496],[9.6125,55.5489],[9.6136,55.5486],[9.6135,55.5484],[9.6134,55.5484],[9.6131,55.5484],[9.613,55.5486],[9.6127,55.5488],[9.6124,55.5487],[9.6121,55.5486],[9.6117,55.5485],[9.6115,55.5483],[9.6114,55.5482],[9.6113,55.5479],[9.6109,55.5482],[9.6099,55.5481],[9.6089,55.548],[9.6082,55.5479],[9.6076,55.5483],[9.6068,55.5485],[9.6062,55.5485],[9.6056,55.5483],[9.6048,55.5486],[9.6051,55.5493],[9.6044,55.5496],[9.6042,55.5487],[9.6026,55.5493],[9.6027,55.5496],[9.6031,55.5498],[9.6034,55.5499],[9.6041,55.5501],[9.6056,55.5505],[9.605,55.551],[9.6054,55.5512],[9.6056,55.5513],[9.6062,55.5513],[9.6063,55.5512],[9.6069,55.5513],[9.6069,55.5515],[9.607,55.5517],[9.6076,55.5517],[9.6083,55.5518],[9.609,55.552],[9.6097,55.5524],[9.6104,55.5528],[9.611,55.5531],[9.6113,55.5532],[9.6116,55.5535],[9.6119,55.5542],[9.6122,55.5547],[9.6125,55.5551],[9.6129,55.5556]]]},"properties":{"sourceId":"ais_par3.66648","a_type":4120,"hectares":46.65}},{"type":"Feature","id":"ais_par3.66652","geometry":{"type":"Polygon","coordinates":[[[9.7024,55.5545],[9.7024,55.5545],[9.7017,55.5545],[9.7011,55.5545],[9.7001,55.5554],[9.7004,55.5555],[9.7006,55.5555],[9.7011,55.5555],[9.7016,55.5554],[9.7024,55.5545]]]},"properties":{"sourceId":"ais_par3.66652","a_type":4120,"hectares":1.02}},{"type":"Feature","id":"ais_par3.66654","geometry":{"type":"Polygon","coordinates":[[[9.6939,55.5527],[9.6932,55.5527],[9.6924,55.5525],[9.6918,55.5522],[9.6911,55.5517],[9.6904,55.5521],[9.6914,55.5526],[9.692,55.5528],[9.6923,55.5531],[9.6926,55.5533],[9.6941,55.5538],[9.694,55.5541],[9.6937,55.5544],[9.6933,55.5547],[9.6932,55.555],[9.6936,55.5549],[9.6938,55.5547],[9.6942,55.5546],[9.6947,55.5542],[9.6955,55.5536],[9.6956,55.553],[9.6949,55.5528],[9.6946,55.5531],[9.694,55.5531],[9.6939,55.5527]]]},"properties":{"sourceId":"ais_par3.66654","a_type":4120,"hectares":3.218}},{"type":"Feature","id":"ais_par3.66656","geometry":{"type":"Polygon","coordinates":[[[9.7168,55.5535],[9.719,55.5535],[9.7192,55.5527],[9.7189,55.5526],[9.7166,55.5526],[9.7166,55.5517],[9.7156,55.5517],[9.7149,55.5517],[9.7148,55.5519],[9.7144,55.5522],[9.7142,55.5523],[9.714,55.5525],[9.7137,55.5525],[9.7133,55.5525],[9.7152,55.5528],[9.7161,55.553],[9.7166,55.5532],[9.7168,55.5535]]]},"properties":{"sourceId":"ais_par3.66656","a_type":4120,"hectares":3.318}},{"type":"Feature","id":"ais_par3.66657","geometry":{"type":"Polygon","coordinates":[[[9.7124,55.5527],[9.7124,55.5525],[9.7124,55.5525],[9.7124,55.5523],[9.7123,55.5522],[9.7123,55.5521],[9.7121,55.552],[9.7119,55.5519],[9.7116,55.5517],[9.7112,55.5516],[9.7108,55.5515],[9.7107,55.5513],[9.7102,55.5514],[9.7098,55.5515],[9.7094,55.5515],[9.7088,55.5515],[9.7088,55.5517],[9.7086,55.5518],[9.7079,55.5518],[9.7069,55.5518],[9.7062,55.5519],[9.7058,55.5519],[9.7052,55.5521],[9.7047,55.5521],[9.7048,55.5523],[9.7046,55.5525],[9.7046,55.5528],[9.7045,55.5531],[9.7045,55.5533],[9.7048,55.5535],[9.7048,55.5539],[9.7048,55.5542],[9.7069,55.5537],[9.7075,55.5535],[9.7082,55.5534],[9.7091,55.5534],[9.7099,55.5534],[9.7106,55.5534],[9.7113,55.5534],[9.7116,55.5534],[9.7117,55.5536],[9.7113,55.5538],[9.711,55.554],[9.7106,55.5542],[9.7104,55.5543],[9.7101,55.5546],[9.7099,55.5549],[9.7097,55.555],[9.7094,55.5553],[9.7095,55.5553],[9.7096,55.5555],[9.7097,55.5557],[9.7099,55.5559],[9.7101,55.5561],[9.7105,55.5559],[9.711,55.5557],[9.7113,55.5556],[9.7112,55.555],[9.7122,55.5546],[9.7124,55.5548],[9.7127,55.5548],[9.713,55.5547],[9.713,55.5546],[9.7131,55.5545],[9.7133,55.5545],[9.7134,55.5542],[9.7135,55.5541],[9.7136,55.5541],[9.7139,55.5542],[9.7143,55.5543],[9.7145,55.5543],[9.7145,55.5542],[9.7141,55.5539],[9.714,55.5538],[9.7137,55.5537],[9.7132,55.5533],[9.713,55.5531],[9.7129,55.553],[9.7127,55.5528],[9.7124,55.5527]],[[9.7103,55.5551],[9.7104,55.5553],[9.7106,55.5552],[9.7108,55.5556],[9.7105,55.5557],[9.7102,55.5558],[9.71,55.5558],[9.7099,55.5557],[9.7098,55.5556],[9.7103,55.5551]]]},"properties":{"sourceId":"ais_par3.66657","a_type":4120,"hectares":13.805}},{"type":"Feature","id":"ais_par3.66667","geometry":{"type":"Polygon","coordinates":[[[9.6033,55.5508],[9.6025,55.5506],[9.6023,55.5509],[9.6021,55.5511],[9.6024,55.5512],[9.6026,55.5511],[9.6029,55.5511],[9.6033,55.5508]]]},"properties":{"sourceId":"ais_par3.66667","a_type":4120,"hectares":0.254}},{"type":"Feature","id":"ais_par3.66668","geometry":{"type":"Polygon","coordinates":[[[9.7225,55.5492],[9.7214,55.5493],[9.7212,55.5493],[9.7209,55.5494],[9.7211,55.5497],[9.7215,55.5498],[9.7217,55.55],[9.7222,55.5499],[9.7224,55.5497],[9.7225,55.5494],[9.7225,55.5492]]]},"properties":{"sourceId":"ais_par3.66668","a_type":4120,"hectares":0.587}},{"type":"Feature","id":"ais_par3.66671","geometry":{"type":"Polygon","coordinates":[[[9.6044,55.5453],[9.6007,55.547],[9.6003,55.5466],[9.6001,55.5464],[9.5981,55.5475],[9.5986,55.5479],[9.599,55.5482],[9.5993,55.5485],[9.5996,55.5488],[9.5999,55.5491],[9.6003,55.5493],[9.6006,55.5496],[9.6011,55.5491],[9.6014,55.5488],[9.6017,55.5485],[9.6024,55.5482],[9.6023,55.5481],[9.602,55.5476],[9.6014,55.5474],[9.6031,55.5467],[9.603,55.5466],[9.6052,55.5457],[9.6044,55.5453]]]},"properties":{"sourceId":"ais_par3.66671","a_type":4120,"hectares":6.477}},{"type":"Feature","id":"ais_par3.66714","geometry":{"type":"Polygon","coordinates":[[[9.5885,55.5256],[9.5878,55.5255],[9.588,55.5261],[9.588,55.5265],[9.5878,55.527],[9.5873,55.5277],[9.5868,55.5285],[9.5861,55.5294],[9.5854,55.5301],[9.5852,55.5314],[9.5861,55.5315],[9.5862,55.5306],[9.5868,55.53],[9.5874,55.5294],[9.5879,55.5286],[9.5884,55.5276],[9.5888,55.5275],[9.5884,55.5266],[9.5887,55.5262],[9.5885,55.5256]]]},"properties":{"sourceId":"ais_par3.66714","a_type":4120,"hectares":4.052}},{"type":"Feature","id":"ais_par3.66673","geometry":{"type":"Polygon","coordinates":[[[9.6504,55.58],[9.6505,55.5796],[9.6506,55.5789],[9.6507,55.5785],[9.6505,55.578],[9.6498,55.5776],[9.6491,55.5773],[9.6484,55.577],[9.646,55.5776],[9.6458,55.5772],[9.6456,55.5768],[9.6455,55.5765],[9.6452,55.5763],[9.6443,55.576],[9.6436,55.5757],[9.6428,55.5754],[9.6417,55.575],[9.6409,55.5754],[9.641,55.5759],[9.6419,55.576],[9.6418,55.5765],[9.6417,55.5771],[9.6422,55.5775],[9.6428,55.578],[9.6431,55.5787],[9.6435,55.5794],[9.6446,55.5796],[9.6459,55.5798],[9.6469,55.5801],[9.648,55.5804],[9.6504,55.58]],[[9.649,55.5781],[9.6494,55.5783],[9.6494,55.5785],[9.6495,55.5787],[9.6498,55.5788],[9.6497,55.5788],[9.6494,55.5789],[9.649,55.5789],[9.6485,55.5786],[9.6488,55.5782],[9.6488,55.5781],[9.649,55.5781]]]},"properties":{"sourceId":"ais_par3.66673","a_type":4120,"hectares":18.314}},{"type":"Feature","id":"ais_par3.66678","geometry":{"type":"Polygon","coordinates":[[[9.5733,55.5477],[9.572,55.548],[9.5725,55.5487],[9.5738,55.5485],[9.5733,55.5477]]]},"properties":{"sourceId":"ais_par3.66678","a_type":4120,"hectares":0.777}},{"type":"Feature","id":"ais_par3.66680","geometry":{"type":"Polygon","coordinates":[[[9.6847,55.5473],[9.6842,55.5461],[9.6836,55.5449],[9.6835,55.5449],[9.6833,55.5448],[9.683,55.5447],[9.6826,55.5449],[9.6828,55.5452],[9.6831,55.5455],[9.6833,55.5459],[9.6834,55.5467],[9.6834,55.5469],[9.6836,55.5471],[9.6838,55.5473],[9.6847,55.5473]]]},"properties":{"sourceId":"ais_par3.66680","a_type":4120,"hectares":1.624}},{"type":"Feature","id":"ais_par3.66681","geometry":{"type":"Polygon","coordinates":[[[9.5901,55.5458],[9.5905,55.5469],[9.5911,55.5466],[9.5915,55.5459],[9.5918,55.5456],[9.5914,55.5453],[9.5901,55.5458]]]},"properties":{"sourceId":"ais_par3.66681","a_type":4120,"hectares":1.027}},{"type":"Feature","id":"ais_par3.66683","geometry":{"type":"Polygon","coordinates":[[[9.6406,55.5456],[9.6403,55.5458],[9.6401,55.5461],[9.6405,55.5462],[9.6408,55.5463],[9.6408,55.5461],[9.6408,55.5459],[9.6406,55.5456]]]},"properties":{"sourceId":"ais_par3.66683","a_type":4120,"hectares":0.203}},{"type":"Feature","id":"ais_par3.66684","geometry":{"type":"Polygon","coordinates":[[[9.595,55.5453],[9.5959,55.5459],[9.5969,55.5456],[9.5973,55.5455],[9.5978,55.5455],[9.5983,55.5455],[9.5987,55.5457],[9.599,55.5457],[9.5992,55.5455],[9.5993,55.5453],[9.5994,55.5451],[9.5998,55.545],[9.6005,55.5454],[9.6008,55.5451],[9.6001,55.5447],[9.6007,55.5443],[9.6004,55.5441],[9.6002,55.5438],[9.5996,55.5437],[9.5991,55.5436],[9.5986,55.5433],[9.5982,55.5431],[9.5976,55.5429],[9.5969,55.5428],[9.5959,55.5427],[9.5949,55.5428],[9.5942,55.5427],[9.5939,55.5429],[9.5973,55.543],[9.5977,55.5431],[9.5977,55.5432],[9.5979,55.5434],[9.5984,55.5437],[9.5964,55.5445],[9.5968,55.5448],[9.595,55.5453]]]},"properties":{"sourceId":"ais_par3.66684","a_type":4120,"hectares":5.843}},{"type":"Feature","id":"ais_par3.66689","geometry":{"type":"Polygon","coordinates":[[[9.5954,55.5415],[9.5954,55.5413],[9.5954,55.5409],[9.5949,55.5409],[9.5947,55.541],[9.5949,55.5416],[9.595,55.5421],[9.5955,55.5421],[9.5954,55.5415]]]},"properties":{"sourceId":"ais_par3.66689","a_type":4120,"hectares":0.466}},{"type":"Feature","id":"ais_par3.66697","geometry":{"type":"Polygon","coordinates":[[[9.5886,55.54],[9.5881,55.5397],[9.587,55.5386],[9.5866,55.5384],[9.5869,55.5382],[9.5871,55.5379],[9.5872,55.5377],[9.587,55.5376],[9.5871,55.5373],[9.5875,55.5372],[9.5877,55.537],[9.5881,55.5368],[9.5885,55.5368],[9.589,55.5371],[9.5896,55.5368],[9.5893,55.5365],[9.5889,55.5362],[9.5881,55.5359],[9.5875,55.5362],[9.5866,55.5359],[9.5865,55.5357],[9.5853,55.5354],[9.5839,55.5351],[9.5835,55.5349],[9.5828,55.535],[9.5821,55.5353],[9.5811,55.5355],[9.581,55.5358],[9.581,55.5361],[9.5813,55.5361],[9.5816,55.5359],[9.5828,55.5362],[9.5826,55.5374],[9.5819,55.5373],[9.5819,55.537],[9.5818,55.5369],[9.5815,55.5367],[9.5812,55.5366],[9.5809,55.5366],[9.5811,55.5376],[9.5816,55.5378],[9.5818,55.5376],[9.5822,55.5376],[9.5821,55.5379],[9.5824,55.538],[9.5829,55.5377],[9.5835,55.5378],[9.5831,55.5382],[9.5832,55.5383],[9.5835,55.5384],[9.584,55.5385],[9.5846,55.5386],[9.5854,55.5388],[9.5852,55.5389],[9.5861,55.5394],[9.5863,55.5397],[9.5861,55.5399],[9.5864,55.54],[9.5875,55.5405],[9.5879,55.5408],[9.5882,55.5407],[9.5885,55.5411],[9.5883,55.5412],[9.5884,55.5415],[9.5889,55.5417],[9.5897,55.542],[9.5909,55.542],[9.5918,55.542],[9.5918,55.5418],[9.592,55.5416],[9.5923,55.5415],[9.5924,55.5408],[9.5924,55.5402],[9.5926,55.5397],[9.593,55.5392],[9.5923,55.5386],[9.5918,55.5383],[9.591,55.5381],[9.5908,55.5384],[9.5908,55.5388],[9.5905,55.5391],[9.5899,55.5394],[9.5892,55.5397],[9.5886,55.54]]]},"properties":{"sourceId":"ais_par3.66697","a_type":4120,"hectares":23.335}},{"type":"Feature","id":"ais_par3.66711","geometry":{"type":"Polygon","coordinates":[[[9.5765,55.5327],[9.5764,55.5329],[9.5758,55.5336],[9.5764,55.5335],[9.5771,55.5327],[9.5771,55.5324],[9.5771,55.5319],[9.5768,55.5313],[9.5767,55.5319],[9.5764,55.5317],[9.5767,55.5311],[9.5766,55.531],[9.5763,55.531],[9.5758,55.5311],[9.5757,55.5314],[9.5751,55.5323],[9.5747,55.5329],[9.5743,55.533],[9.5736,55.5335],[9.5753,55.5335],[9.5754,55.5334],[9.5756,55.5333],[9.5757,55.5332],[9.576,55.5328],[9.5765,55.5327]]]},"properties":{"sourceId":"ais_par3.66711","a_type":4120,"hectares":2.945}},{"type":"Feature","id":"ais_par3.66715","geometry":{"type":"Polygon","coordinates":[[[9.574,55.5341],[9.5734,55.534],[9.5733,55.5341],[9.5735,55.5343],[9.5732,55.5345],[9.573,55.5347],[9.5724,55.5348],[9.5718,55.5349],[9.5709,55.5349],[9.5702,55.5348],[9.5697,55.5349],[9.5694,55.535],[9.5671,55.5345],[9.5666,55.5345],[9.566,55.5345],[9.5656,55.5344],[9.5651,55.5343],[9.5648,55.5342],[9.5643,55.5348],[9.5648,55.535],[9.5654,55.5356],[9.5655,55.5359],[9.5653,55.5362],[9.566,55.5363],[9.5665,55.5356],[9.5672,55.5357],[9.5669,55.5365],[9.5661,55.5365],[9.5659,55.5367],[9.5691,55.537],[9.5691,55.5365],[9.5692,55.5362],[9.5704,55.5362],[9.571,55.5361],[9.5716,55.5364],[9.572,55.5366],[9.5723,55.5363],[9.5726,55.5361],[9.5728,55.5356],[9.5734,55.5355],[9.574,55.5352],[9.5744,55.5348],[9.5745,55.5344],[9.5748,55.5342],[9.5752,55.5341],[9.5756,55.534],[9.5761,55.5337],[9.5752,55.5336],[9.5749,55.5339],[9.574,55.5341]]]},"properties":{"sourceId":"ais_par3.66715","a_type":4120,"hectares":10.779}},{"type":"Feature","id":"ais_par3.66718","geometry":{"type":"Polygon","coordinates":[[[9.6024,55.5302],[9.6029,55.5302],[9.6034,55.53],[9.6037,55.5299],[9.6038,55.5298],[9.6037,55.5297],[9.6031,55.5296],[9.6032,55.5293],[9.6024,55.5293],[9.6024,55.5299],[9.6024,55.5302]]]},"properties":{"sourceId":"ais_par3.66718","a_type":4120,"hectares":0.618}},{"type":"Feature","id":"ais_par3.66720","geometry":{"type":"Polygon","coordinates":[[[9.685,55.5269],[9.6848,55.5269],[9.6847,55.5269],[9.6842,55.527],[9.6841,55.5271],[9.6837,55.5271],[9.6833,55.5271],[9.683,55.5274],[9.6829,55.5277],[9.6831,55.5279],[9.6832,55.5282],[9.6835,55.5282],[9.6838,55.528],[9.6839,55.5278],[9.6839,55.5275],[9.6842,55.5273],[9.6846,55.5272],[9.6851,55.5272],[9.6856,55.5273],[9.686,55.5275],[9.6861,55.5277],[9.686,55.5281],[9.686,55.5284],[9.6863,55.5287],[9.6867,55.5287],[9.6869,55.5285],[9.687,55.5282],[9.688,55.5281],[9.6876,55.5278],[9.687,55.5278],[9.6866,55.5273],[9.6867,55.5271],[9.6879,55.527],[9.6878,55.5267],[9.6867,55.5267],[9.6859,55.5267],[9.685,55.5269]]]},"properties":{"sourceId":"ais_par3.66720","a_type":4120,"hectares":2.767}},{"type":"Feature","id":"ais_par3.66721","geometry":{"type":"Polygon","coordinates":[[[9.6748,55.5278],[9.6746,55.5281],[9.6749,55.5282],[9.6753,55.5283],[9.676,55.5284],[9.6763,55.5279],[9.6758,55.5278],[9.6756,55.5278],[9.6748,55.5278]]]},"properties":{"sourceId":"ais_par3.66721","a_type":4120,"hectares":0.499}},{"type":"Feature","id":"ais_par3.66722","geometry":{"type":"Polygon","coordinates":[[[9.6946,55.5256],[9.6932,55.5258],[9.6931,55.5261],[9.6928,55.5265],[9.6929,55.5268],[9.694,55.5275],[9.694,55.5272],[9.6941,55.527],[9.6942,55.5264],[9.6946,55.5256]]]},"properties":{"sourceId":"ais_par3.66722","a_type":4120,"hectares":1.29}},{"type":"Feature","id":"ais_par3.66723","geometry":{"type":"Polygon","coordinates":[[[9.658,55.5264],[9.6585,55.5272],[9.6592,55.5271],[9.6598,55.527],[9.6605,55.527],[9.6602,55.5261],[9.6609,55.5259],[9.6617,55.5257],[9.6627,55.5254],[9.6625,55.5252],[9.662,55.5251],[9.6616,55.5252],[9.6611,55.5252],[9.6607,55.525],[9.6593,55.5253],[9.6593,55.5258],[9.659,55.526],[9.6587,55.5262],[9.658,55.5264]]]},"properties":{"sourceId":"ais_par3.66723","a_type":4120,"hectares":3.132}},{"type":"Feature","id":"ais_par3.66725","geometry":{"type":"Polygon","coordinates":[[[9.7071,55.5244],[9.7071,55.5246],[9.7072,55.5247],[9.7072,55.5248],[9.7071,55.525],[9.7071,55.5251],[9.7072,55.5252],[9.7073,55.5254],[9.7073,55.5255],[9.7073,55.5256],[9.7072,55.5258],[9.7071,55.5261],[9.7072,55.5263],[9.7073,55.5263],[9.7075,55.5262],[9.7076,55.5261],[9.7076,55.526],[9.7077,55.5257],[9.7078,55.5256],[9.7079,55.5255],[9.7081,55.5254],[9.708,55.5252],[9.7081,55.525],[9.7086,55.5249],[9.709,55.5247],[9.7093,55.5245],[9.7094,55.5243],[9.7094,55.5242],[9.7092,55.5241],[9.7089,55.5243],[9.7085,55.5245],[9.7079,55.5246],[9.7077,55.5246],[9.7074,55.5245],[9.7073,55.5244],[9.7071,55.5244]]]},"properties":{"sourceId":"ais_par3.66725","a_type":4120,"hectares":1.276}},{"type":"Feature","id":"ais_par3.66726","geometry":{"type":"Polygon","coordinates":[[[9.697,55.5248],[9.6971,55.5257],[9.6972,55.5257],[9.6973,55.5255],[9.6978,55.5254],[9.6979,55.5256],[9.6982,55.5256],[9.6985,55.5255],[9.699,55.5257],[9.6992,55.5259],[9.6996,55.5262],[9.6998,55.5258],[9.6996,55.5257],[9.6993,55.5255],[9.6993,55.5251],[9.6991,55.525],[9.6987,55.5249],[9.6983,55.5248],[9.6979,55.5247],[9.6975,55.5247],[9.697,55.5248]]]},"properties":{"sourceId":"ais_par3.66726","a_type":4120,"hectares":1.39}},{"type":"Feature","id":"ais_par3.66729","geometry":{"type":"Polygon","coordinates":[[[9.6653,55.5241],[9.6659,55.5251],[9.6666,55.5247],[9.6662,55.5245],[9.666,55.5243],[9.6653,55.5241]]]},"properties":{"sourceId":"ais_par3.66729","a_type":4120,"hectares":0.358}},{"type":"Feature","id":"ais_par3.66733","geometry":{"type":"Polygon","coordinates":[[[9.61,55.5228],[9.6102,55.5228],[9.6104,55.5225],[9.6107,55.5221],[9.611,55.5217],[9.6115,55.5215],[9.6121,55.5216],[9.6125,55.5216],[9.613,55.5214],[9.6133,55.5211],[9.6134,55.5207],[9.613,55.5202],[9.6136,55.5199],[9.6131,55.5195],[9.6129,55.5191],[9.6129,55.5186],[9.6127,55.5184],[9.6123,55.518],[9.6121,55.518],[9.6119,55.5183],[9.6119,55.5186],[9.612,55.5197],[9.612,55.52],[9.6117,55.5203],[9.6109,55.5206],[9.6102,55.521],[9.6094,55.5213],[9.6087,55.5214],[9.609,55.5216],[9.6096,55.522],[9.6094,55.5222],[9.6097,55.5225],[9.61,55.5228]]]},"properties":{"sourceId":"ais_par3.66733","a_type":4120,"hectares":5.434}},{"type":"Feature","id":"ais_par3.66735","geometry":{"type":"Polygon","coordinates":[[[9.7178,55.5199],[9.7176,55.5199],[9.7174,55.5199],[9.7172,55.5199],[9.7169,55.52],[9.7169,55.5203],[9.7169,55.5205],[9.7167,55.5207],[9.7165,55.5208],[9.7163,55.521],[9.7163,55.5212],[9.7165,55.5212],[9.7168,55.5212],[9.717,55.5212],[9.7172,55.5212],[9.7174,55.5211],[9.7176,55.5207],[9.7177,55.5206],[9.7178,55.5204],[9.7178,55.5199]]]},"properties":{"sourceId":"ais_par3.66735","a_type":4120,"hectares":0.886}},{"type":"Feature","id":"ais_par3.66736","geometry":{"type":"Polygon","coordinates":[[[9.66,55.5214],[9.6602,55.5209],[9.6603,55.5206],[9.6601,55.5206],[9.6598,55.5206],[9.6596,55.5209],[9.6595,55.5212],[9.66,55.5214]]]},"properties":{"sourceId":"ais_par3.66736","a_type":4120,"hectares":0.26}},{"type":"Feature","id":"ais_par3.66738","geometry":{"type":"Polygon","coordinates":[[[9.6573,55.5191],[9.6572,55.5194],[9.6569,55.5197],[9.6565,55.52],[9.656,55.5202],[9.6555,55.5203],[9.6546,55.5205],[9.6541,55.5207],[9.654,55.5208],[9.6544,55.5208],[9.655,55.5208],[9.6557,55.5207],[9.6565,55.5205],[9.657,55.5205],[9.6575,55.5204],[9.6577,55.5206],[9.6576,55.5209],[9.6578,55.5209],[9.658,55.5208],[9.6582,55.5206],[9.6582,55.5203],[9.6582,55.52],[9.6579,55.5196],[9.6573,55.5191]]]},"properties":{"sourceId":"ais_par3.66738","a_type":4120,"hectares":1.845}},{"type":"Feature","id":"ais_par3.66741","geometry":{"type":"Polygon","coordinates":[[[9.6568,55.5183],[9.6564,55.5184],[9.6571,55.5189],[9.6572,55.5187],[9.6572,55.5186],[9.657,55.5185],[9.6568,55.5183]]]},"properties":{"sourceId":"ais_par3.66741","a_type":4120,"hectares":0.136}},{"type":"Feature","id":"ais_par3.66745","geometry":{"type":"Polygon","coordinates":[[[9.6171,55.5157],[9.6169,55.5159],[9.617,55.516],[9.6168,55.5165],[9.6168,55.5171],[9.617,55.517],[9.6175,55.5168],[9.6178,55.5167],[9.6182,55.5165],[9.6184,55.5161],[9.6183,55.5158],[9.6181,55.5156],[9.6175,55.5154],[9.6171,55.5157]]]},"properties":{"sourceId":"ais_par3.66745","a_type":4120,"hectares":1.241}},{"type":"Feature","id":"ais_par3.66746","geometry":{"type":"Polygon","coordinates":[[[9.5574,55.5148],[9.5574,55.5147],[9.5558,55.5144],[9.555,55.5158],[9.5554,55.5158],[9.5558,55.5161],[9.5562,55.5164],[9.5572,55.5168],[9.558,55.5163],[9.558,55.5162],[9.5573,55.515],[9.5573,55.5148],[9.5574,55.5148]]]},"properties":{"sourceId":"ais_par3.66746","a_type":4120,"hectares":2.925}},{"type":"Feature","id":"ais_par3.66995","geometry":{"type":"Polygon","coordinates":[[[9.6087,55.5214],[9.6094,55.5213],[9.6102,55.521],[9.6109,55.5206],[9.6102,55.5191],[9.6096,55.5193],[9.6089,55.5194],[9.6084,55.5191],[9.6079,55.5186],[9.6077,55.5189],[9.6077,55.5191],[9.6076,55.5194],[9.6072,55.5193],[9.6067,55.5191],[9.6064,55.5191],[9.606,55.5192],[9.6057,55.5192],[9.6055,55.519],[9.6055,55.5187],[9.6057,55.5184],[9.606,55.518],[9.6062,55.5177],[9.6059,55.5172],[9.6058,55.5168],[9.606,55.5165],[9.6064,55.5162],[9.6071,55.516],[9.6066,55.5159],[9.6063,55.5157],[9.6062,55.5155],[9.6062,55.5152],[9.6061,55.5149],[9.6052,55.5147],[9.6053,55.5149],[9.6055,55.5154],[9.6057,55.5158],[9.6057,55.5159],[9.6057,55.5161],[9.6057,55.5168],[9.6055,55.5173],[9.6054,55.5176],[9.6053,55.5176],[9.6053,55.5176],[9.6053,55.5176],[9.6053,55.5178],[9.6051,55.5183],[9.605,55.5184],[9.605,55.5185],[9.6046,55.519],[9.6045,55.5193],[9.6046,55.5193],[9.6046,55.5193],[9.6047,55.5193],[9.6053,55.5193],[9.6056,55.5194],[9.6056,55.5195],[9.6054,55.5197],[9.6053,55.5198],[9.6046,55.5198],[9.6044,55.5198],[9.6043,55.5199],[9.604,55.5199],[9.6038,55.52],[9.6035,55.52],[9.6034,55.52],[9.603,55.52],[9.6027,55.52],[9.6021,55.52],[9.6019,55.52],[9.6018,55.5198],[9.6017,55.5197],[9.6017,55.5196],[9.6017,55.5193],[9.602,55.5192],[9.6022,55.5191],[9.6022,55.5191],[9.6022,55.5191],[9.6023,55.5191],[9.6026,55.5191],[9.6027,55.5191],[9.6027,55.5191],[9.6028,55.5191],[9.6024,55.5189],[9.6022,55.5188],[9.6015,55.5189],[9.6014,55.5189],[9.6013,55.519],[9.6014,55.5191],[9.6012,55.5192],[9.6009,55.5194],[9.6008,55.5194],[9.6009,55.5204],[9.6027,55.5205],[9.6024,55.5214],[9.604,55.5216],[9.6049,55.5208],[9.6059,55.5209],[9.6052,55.5216],[9.6059,55.5217],[9.6063,55.5213],[9.6065,55.5213],[9.6069,55.5214],[9.6073,55.5214],[9.6077,55.5213],[9.6081,55.5213],[9.6084,55.5213],[9.6087,55.5214]],[[9.6058,55.5195],[9.6068,55.5195],[9.607,55.5196],[9.6071,55.5198],[9.6075,55.5198],[9.6077,55.5198],[9.608,55.5197],[9.6083,55.5196],[9.6084,55.5198],[9.6084,55.52],[9.608,55.52],[9.6078,55.52],[9.6074,55.5201],[9.6072,55.5203],[9.6069,55.5202],[9.6065,55.5202],[9.6064,55.5201],[9.6062,55.5199],[9.6059,55.5199],[9.6054,55.5199],[9.6058,55.5195]]]},"properties":{"sourceId":"ais_par3.66995","a_type":4210,"hectares":13.14}},{"type":"Feature","id":"ais_par3.67039","geometry":{"type":"Polygon","coordinates":[[[9.7412,55.6267],[9.7412,55.6268],[9.7415,55.6271],[9.7415,55.6268],[9.7414,55.6267],[9.7412,55.6267]]]},"properties":{"sourceId":"ais_par3.67039","a_type":4210,"hectares":0.045}},{"type":"Feature","id":"ais_par3.67040","geometry":{"type":"Polygon","coordinates":[[[9.7418,55.6273],[9.7419,55.6273],[9.7417,55.6268],[9.7417,55.6268],[9.7417,55.627],[9.7418,55.6273],[9.7418,55.6273]]]},"properties":{"sourceId":"ais_par3.67040","a_type":4210,"hectares":0.036}},{"type":"Feature","id":"ais_par3.67041","geometry":{"type":"Polygon","coordinates":[[[9.7411,55.6295],[9.7432,55.6296],[9.7431,55.6294],[9.7445,55.6293],[9.7446,55.6292],[9.7452,55.6291],[9.7452,55.629],[9.746,55.629],[9.7464,55.6289],[9.7468,55.629],[9.7469,55.6289],[9.7468,55.6287],[9.7466,55.6285],[9.7469,55.6283],[9.7472,55.6282],[9.7475,55.6282],[9.7476,55.6278],[9.7481,55.6278],[9.7477,55.6287],[9.7488,55.6289],[9.7488,55.6288],[9.749,55.6287],[9.7495,55.6279],[9.7495,55.6276],[9.7494,55.6276],[9.7494,55.6276],[9.749,55.6275],[9.7487,55.6274],[9.7486,55.6274],[9.7486,55.6274],[9.7483,55.6273],[9.7477,55.6275],[9.7473,55.6277],[9.747,55.6279],[9.7467,55.6282],[9.7464,55.6284],[9.7464,55.6284],[9.7463,55.6285],[9.7461,55.6285],[9.7465,55.6287],[9.7465,55.6288],[9.7462,55.629],[9.7459,55.6289],[9.7454,55.6288],[9.7454,55.6286],[9.7458,55.6285],[9.7455,55.6285],[9.745,55.6285],[9.7447,55.6287],[9.7439,55.6289],[9.7434,55.6289],[9.7423,55.6287],[9.742,55.6285],[9.7419,55.6284],[9.7417,55.6283],[9.7415,55.6285],[9.7409,55.6285],[9.7408,55.6282],[9.7404,55.6278],[9.7401,55.6276],[9.74,55.6272],[9.7399,55.6269],[9.74,55.6269],[9.7399,55.6269],[9.7399,55.6268],[9.7402,55.6267],[9.74,55.6267],[9.74,55.6266],[9.7402,55.6266],[9.7402,55.6267],[9.7406,55.6267],[9.7407,55.6269],[9.7407,55.6269],[9.7408,55.6271],[9.7408,55.6272],[9.7409,55.6273],[9.7413,55.6275],[9.7413,55.6274],[9.7409,55.6267],[9.7412,55.6267],[9.7414,55.6266],[9.7418,55.6265],[9.7418,55.6264],[9.7418,55.6264],[9.7418,55.6263],[9.74,55.6265],[9.7399,55.6271],[9.74,55.6283],[9.7411,55.6295]]]},"properties":{"sourceId":"ais_par3.67041","a_type":4210,"hectares":5.352}},{"type":"Feature","id":"ais_par3.67042","geometry":{"type":"Polygon","coordinates":[[[9.7424,55.6263],[9.7424,55.6264],[9.7424,55.6265],[9.7425,55.6265],[9.7425,55.6268],[9.7425,55.6269],[9.7426,55.627],[9.7427,55.6271],[9.7427,55.6272],[9.743,55.6276],[9.7434,55.6279],[9.7444,55.628],[9.7449,55.6279],[9.7455,55.6279],[9.7457,55.6279],[9.7464,55.6276],[9.7464,55.6275],[9.7464,55.6274],[9.7462,55.6273],[9.7459,55.6273],[9.7457,55.6273],[9.7455,55.6273],[9.7452,55.6272],[9.7449,55.6271],[9.7447,55.6271],[9.7444,55.627],[9.7442,55.6269],[9.7439,55.6268],[9.7438,55.6268],[9.7436,55.6267],[9.7432,55.6265],[9.7431,55.6264],[9.7429,55.6264],[9.7427,55.6263],[9.7424,55.6263]]]},"properties":{"sourceId":"ais_par3.67042","a_type":4210,"hectares":2.426}},{"type":"Feature","id":"ais_par3.67043","geometry":{"type":"Polygon","coordinates":[[[9.5766,55.5258],[9.5764,55.5256],[9.5761,55.5258],[9.5752,55.5263],[9.5747,55.5268],[9.5737,55.5273],[9.5735,55.5274],[9.5735,55.5275],[9.5739,55.5275],[9.574,55.5276],[9.5739,55.5276],[9.5737,55.5275],[9.5735,55.5277],[9.5733,55.5277],[9.5733,55.5275],[9.5731,55.5274],[9.5725,55.5274],[9.5718,55.5273],[9.5716,55.5273],[9.5713,55.5271],[9.5711,55.5272],[9.5704,55.5276],[9.57,55.5277],[9.5685,55.5274],[9.5674,55.527],[9.567,55.5267],[9.5667,55.5258],[9.5664,55.5255],[9.5661,55.5255],[9.5649,55.5251],[9.5645,55.5248],[9.5646,55.5247],[9.5643,55.5242],[9.564,55.5241],[9.564,55.524],[9.5642,55.524],[9.5643,55.5239],[9.5644,55.5238],[9.5644,55.5236],[9.5657,55.5235],[9.566,55.5234],[9.566,55.5234],[9.5657,55.523],[9.5658,55.5229],[9.5661,55.5222],[9.5662,55.522],[9.5663,55.5219],[9.5666,55.5212],[9.5667,55.5209],[9.5672,55.5207],[9.5677,55.5202],[9.568,55.5202],[9.5686,55.5196],[9.5692,55.5189],[9.57,55.5187],[9.5699,55.5179],[9.5715,55.5171],[9.5724,55.5171],[9.5731,55.5168],[9.5748,55.5168],[9.5749,55.5168],[9.5749,55.5167],[9.5754,55.5165],[9.576,55.5165],[9.5764,55.5167],[9.5778,55.5169],[9.5782,55.517],[9.5786,55.5171],[9.5793,55.5175],[9.5805,55.5178],[9.5808,55.5184],[9.5812,55.5186],[9.5824,55.5195],[9.5828,55.5191],[9.5833,55.5187],[9.5837,55.5185],[9.5844,55.5181],[9.5856,55.5181],[9.5857,55.5182],[9.5858,55.5182],[9.587,55.5186],[9.5872,55.5187],[9.5877,55.5188],[9.5878,55.5185],[9.5869,55.5183],[9.5869,55.518],[9.5868,55.5177],[9.5868,55.5174],[9.5864,55.5168],[9.5859,55.5169],[9.585,55.5174],[9.5846,55.5175],[9.584,55.5179],[9.5836,55.5183],[9.5822,55.519],[9.5819,55.5188],[9.5815,55.5186],[9.5811,55.5183],[9.5808,55.518],[9.5806,55.5177],[9.5804,55.5176],[9.5807,55.5175],[9.581,55.5175],[9.5814,55.5172],[9.5814,55.5162],[9.5804,55.5161],[9.5802,55.5168],[9.58,55.5175],[9.5797,55.5175],[9.5793,55.5174],[9.5791,55.5172],[9.579,55.5169],[9.5792,55.5167],[9.5794,55.5165],[9.5794,55.5162],[9.5792,55.5156],[9.5789,55.5155],[9.5784,55.5157],[9.5782,55.516],[9.5778,55.5167],[9.5772,55.5166],[9.5771,55.5163],[9.5773,55.5161],[9.5772,55.5156],[9.5767,55.5155],[9.5757,55.5163],[9.5732,55.5162],[9.5707,55.5169],[9.5698,55.5172],[9.5691,55.518],[9.5689,55.5184],[9.5686,55.5187],[9.5681,55.519],[9.5679,55.5194],[9.5672,55.5195],[9.5672,55.5198],[9.5671,55.5199],[9.5665,55.52],[9.5657,55.5207],[9.5655,55.5209],[9.5653,55.5214],[9.5657,55.5215],[9.565,55.5223],[9.565,55.5224],[9.5647,55.5226],[9.5638,55.5229],[9.563,55.5229],[9.5632,55.5248],[9.5635,55.5252],[9.5638,55.5254],[9.564,55.5258],[9.5644,55.5261],[9.5656,55.5262],[9.5658,55.5264],[9.566,55.5267],[9.5667,55.5269],[9.5697,55.5283],[9.5695,55.5295],[9.57,55.5294],[9.5709,55.5294],[9.5721,55.5296],[9.5735,55.5296],[9.5747,55.5295],[9.5758,55.5292],[9.5759,55.5291],[9.5759,55.5289],[9.5763,55.5289],[9.5771,55.5288],[9.5778,55.5285],[9.5783,55.528],[9.5789,55.5275],[9.5796,55.527],[9.5794,55.5268],[9.5798,55.5267],[9.58,55.5268],[9.5807,55.5265],[9.5823,55.5261],[9.5842,55.5256],[9.5862,55.525],[9.5868,55.5248],[9.5873,55.5246],[9.5876,55.5247],[9.5877,55.5249],[9.5878,55.5252],[9.5874,55.5254],[9.5878,55.5255],[9.5885,55.5256],[9.589,55.5254],[9.5895,55.525],[9.5896,55.5246],[9.5896,55.5242],[9.59,55.5236],[9.5903,55.5234],[9.5904,55.5233],[9.59,55.5231],[9.5905,55.5227],[9.5911,55.5224],[9.5917,55.5222],[9.5924,55.5219],[9.593,55.5217],[9.593,55.5214],[9.5929,55.5215],[9.5925,55.5217],[9.5922,55.5218],[9.5919,55.5218],[9.5913,55.5219],[9.5913,55.522],[9.591,55.5222],[9.5905,55.5224],[9.5898,55.5229],[9.5896,55.523],[9.5896,55.5233],[9.5897,55.5234],[9.5897,55.5236],[9.5895,55.5237],[9.5894,55.5236],[9.5892,55.5236],[9.5884,55.5237],[9.5883,55.5237],[9.5878,55.5237],[9.5876,55.5236],[9.5875,55.5237],[9.5871,55.5238],[9.5871,55.5238],[9.5871,55.5238],[9.5869,55.5238],[9.5868,55.5239],[9.5867,55.5238],[9.5866,55.5237],[9.5867,55.5235],[9.5863,55.5235],[9.5859,55.5236],[9.5858,55.5235],[9.5858,55.5235],[9.5854,55.5234],[9.5851,55.5234],[9.5842,55.5236],[9.5832,55.5234],[9.5829,55.5234],[9.5818,55.524],[9.5815,55.524],[9.5814,55.5243],[9.5806,55.525],[9.58,55.5251],[9.5795,55.5251],[9.5791,55.5253],[9.5788,55.5254],[9.5783,55.5255],[9.5783,55.5256],[9.5782,55.5256],[9.5779,55.5256],[9.5778,55.5253],[9.5776,55.5253],[9.5775,55.5253],[9.5775,55.5252],[9.5775,55.5252],[9.5772,55.5255],[9.5769,55.5257],[9.5766,55.5258],[9.5766,55.5258]],[[9.5758,55.5262],[9.5759,55.5261],[9.5762,55.5259],[9.5764,55.5259],[9.5758,55.5262]]]},"properties":{"sourceId":"ais_par3.67043","a_type":4210,"hectares":50.004}},{"type":"Feature","id":"ais_par3.67044","geometry":{"type":"Polygon","coordinates":[[[9.5574,55.5147],[9.5574,55.5148],[9.5584,55.5142],[9.5585,55.5141],[9.5598,55.5142],[9.5599,55.5142],[9.5603,55.5142],[9.5609,55.514],[9.562,55.514],[9.5629,55.5139],[9.5632,55.5138],[9.5633,55.5138],[9.5633,55.5138],[9.5635,55.5137],[9.564,55.5137],[9.5643,55.5139],[9.5644,55.5141],[9.5647,55.5143],[9.565,55.5144],[9.5656,55.5145],[9.5662,55.5145],[9.5665,55.5144],[9.5665,55.5141],[9.5665,55.5141],[9.5665,55.5141],[9.5677,55.5136],[9.568,55.5134],[9.5687,55.513],[9.5693,55.5127],[9.5694,55.5125],[9.5695,55.5125],[9.5702,55.5118],[9.5704,55.5115],[9.571,55.5114],[9.572,55.511],[9.5726,55.5109],[9.5732,55.5107],[9.5733,55.5107],[9.5733,55.5107],[9.5736,55.5107],[9.5741,55.5107],[9.5743,55.5108],[9.5744,55.5109],[9.5758,55.5104],[9.5759,55.5103],[9.5759,55.5103],[9.576,55.5103],[9.5765,55.5102],[9.5766,55.5102],[9.5766,55.5102],[9.5766,55.5102],[9.5768,55.5102],[9.5773,55.5105],[9.5773,55.5105],[9.5774,55.5103],[9.5775,55.5102],[9.5775,55.5102],[9.5778,55.5098],[9.5788,55.5096],[9.5791,55.5097],[9.5792,55.5098],[9.5792,55.5098],[9.5793,55.51],[9.5793,55.51],[9.5796,55.5101],[9.5806,55.5099],[9.5809,55.5098],[9.5809,55.5098],[9.5811,55.5096],[9.5815,55.509],[9.5815,55.509],[9.5807,55.5089],[9.58,55.509],[9.5796,55.5088],[9.5793,55.5087],[9.5789,55.5086],[9.578,55.5088],[9.5773,55.5091],[9.5771,55.5095],[9.577,55.5098],[9.5741,55.5104],[9.5732,55.5105],[9.571,55.5112],[9.5704,55.5113],[9.5701,55.5115],[9.5698,55.5119],[9.5692,55.5123],[9.5686,55.5128],[9.568,55.5131],[9.5671,55.5135],[9.5652,55.5137],[9.5647,55.5136],[9.5638,55.5136],[9.5628,55.5137],[9.5617,55.5138],[9.5608,55.5139],[9.56,55.514],[9.559,55.514],[9.5585,55.5141],[9.5574,55.5147]]]},"properties":{"sourceId":"ais_par3.67044","a_type":4210,"hectares":7.266}},{"type":"Feature","id":"ais_par3.67045","geometry":{"type":"Polygon","coordinates":[[[9.5587,55.5168],[9.559,55.517],[9.5599,55.5173],[9.5608,55.5173],[9.5623,55.5171],[9.5656,55.5164],[9.5682,55.516],[9.5703,55.5157],[9.5711,55.5154],[9.5718,55.5151],[9.5726,55.5145],[9.5732,55.5141],[9.5741,55.5135],[9.5756,55.5128],[9.5761,55.5126],[9.5775,55.5126],[9.5778,55.5128],[9.5782,55.5131],[9.5787,55.5134],[9.5792,55.5137],[9.5802,55.5141],[9.5817,55.5144],[9.5828,55.5147],[9.5837,55.515],[9.5837,55.515],[9.5828,55.5146],[9.5809,55.514],[9.5803,55.5139],[9.5797,55.5136],[9.5791,55.5133],[9.5789,55.5131],[9.5786,55.5129],[9.5779,55.5124],[9.5778,55.5123],[9.5773,55.5121],[9.5772,55.5121],[9.5771,55.5123],[9.5752,55.5125],[9.5748,55.5127],[9.5748,55.5128],[9.5748,55.5129],[9.5741,55.5134],[9.5734,55.5137],[9.5718,55.5145],[9.5708,55.5154],[9.5704,55.5156],[9.5698,55.5157],[9.5697,55.5156],[9.5697,55.5156],[9.5693,55.5157],[9.5695,55.5157],[9.5694,55.5157],[9.5687,55.5158],[9.567,55.516],[9.5669,55.5161],[9.5664,55.5161],[9.5656,55.5163],[9.565,55.5164],[9.5624,55.5169],[9.5619,55.517],[9.5596,55.5171],[9.5591,55.517],[9.5587,55.5168]]]},"properties":{"sourceId":"ais_par3.67045","a_type":4210,"hectares":3.946}},{"type":"Feature","id":"ais_par3.67046","geometry":{"type":"Polygon","coordinates":[[[9.5946,55.51],[9.5947,55.5099],[9.5942,55.5101],[9.5943,55.5103],[9.5942,55.5113],[9.5943,55.5114],[9.5948,55.5113],[9.5953,55.5111],[9.5958,55.511],[9.5956,55.5109],[9.5951,55.5108],[9.5949,55.511],[9.5947,55.5111],[9.5944,55.5111],[9.5945,55.5106],[9.5946,55.5102],[9.5946,55.51],[9.5945,55.5101],[9.5945,55.5102],[9.5945,55.5102],[9.5945,55.5101],[9.5946,55.51]]]},"properties":{"sourceId":"ais_par3.67046","a_type":4210,"hectares":0.501}},{"type":"Feature","id":"ais_par3.67072","geometry":{"type":"Polygon","coordinates":[[[9.6257,55.6202],[9.6255,55.6202],[9.6255,55.6203],[9.6257,55.6207],[9.6261,55.6206],[9.6261,55.6205],[9.6259,55.6203],[9.6257,55.6202]]]},"properties":{"sourceId":"ais_par3.67072","a_type":5120,"hectares":0.144}},{"type":"Feature","id":"ais_par3.67078","geometry":{"type":"Polygon","coordinates":[[[9.7273,55.6122],[9.7263,55.6123],[9.726,55.6124],[9.7257,55.6125],[9.7255,55.6126],[9.7251,55.6126],[9.7247,55.6126],[9.7244,55.6127],[9.7242,55.6127],[9.7239,55.6127],[9.7236,55.6126],[9.7233,55.6126],[9.723,55.6125],[9.7227,55.6124],[9.7225,55.6124],[9.7221,55.6125],[9.7213,55.6124],[9.721,55.6125],[9.7207,55.6125],[9.7205,55.6125],[9.7203,55.6125],[9.7201,55.6127],[9.7197,55.6126],[9.7195,55.6125],[9.7193,55.6124],[9.7191,55.6123],[9.719,55.6122],[9.7187,55.6122],[9.7186,55.6121],[9.7183,55.612],[9.7181,55.6119],[9.7179,55.6119],[9.7176,55.6119],[9.7172,55.6118],[9.717,55.6117],[9.7169,55.6116],[9.7168,55.6115],[9.7162,55.6112],[9.7159,55.611],[9.7158,55.6109],[9.7157,55.6106],[9.7153,55.6105],[9.7148,55.6103],[9.7146,55.6103],[9.7145,55.6102],[9.7144,55.6102],[9.7145,55.61],[9.7143,55.6097],[9.7143,55.6096],[9.7146,55.6092],[9.7148,55.6091],[9.7148,55.609],[9.7148,55.6088],[9.7151,55.6086],[9.7151,55.6085],[9.7151,55.6084],[9.7149,55.6083],[9.7148,55.6081],[9.7148,55.6079],[9.7149,55.6078],[9.715,55.6077],[9.7149,55.6076],[9.7147,55.6072],[9.7145,55.607],[9.7143,55.6069],[9.7144,55.6068],[9.714,55.6063],[9.7138,55.6062],[9.7134,55.6062],[9.713,55.6061],[9.7131,55.6061],[9.713,55.6063],[9.7129,55.6064],[9.7126,55.6064],[9.7124,55.6065],[9.7123,55.6065],[9.713,55.6066],[9.7128,55.6065],[9.713,55.6065],[9.7132,55.6063],[9.7134,55.6064],[9.7135,55.6065],[9.7137,55.6065],[9.714,55.6067],[9.714,55.6068],[9.7139,55.6069],[9.7139,55.607],[9.7141,55.607],[9.7142,55.6071],[9.7143,55.6072],[9.7144,55.6073],[9.7145,55.6073],[9.7143,55.6074],[9.7143,55.6073],[9.7142,55.6075],[9.7143,55.6077],[9.7144,55.6079],[9.7143,55.6081],[9.7141,55.6081],[9.7141,55.6087],[9.7138,55.6088],[9.7136,55.609],[9.7135,55.6091],[9.7136,55.6092],[9.7139,55.6092],[9.7136,55.6095],[9.7136,55.6096],[9.7133,55.6096],[9.7131,55.6096],[9.7127,55.6097],[9.7124,55.6096],[9.712,55.6096],[9.7119,55.6095],[9.7117,55.6094],[9.7113,55.6093],[9.7111,55.6091],[9.711,55.6089],[9.7109,55.6088],[9.7103,55.6083],[9.71,55.6081],[9.7097,55.6077],[9.7098,55.6074],[9.7098,55.6071],[9.7096,55.6071],[9.7092,55.607],[9.7089,55.6067],[9.7087,55.6064],[9.7082,55.6063],[9.7075,55.6062],[9.707,55.6061],[9.7065,55.6059],[9.7062,55.6058],[9.7059,55.6057],[9.7055,55.6056],[9.7053,55.6058],[9.7051,55.6058],[9.705,55.6056],[9.7045,55.6055],[9.7043,55.6056],[9.7037,55.6058],[9.7028,55.6061],[9.7024,55.6062],[9.7015,55.6062],[9.7008,55.6062],[9.7004,55.6061],[9.6998,55.6061],[9.6995,55.606],[9.6991,55.6059],[9.6985,55.6055],[9.6978,55.6052],[9.6977,55.6049],[9.6976,55.6046],[9.697,55.6043],[9.6963,55.6041],[9.696,55.6039],[9.6956,55.604],[9.6952,55.604],[9.6948,55.604],[9.694,55.6039],[9.6934,55.6038],[9.6929,55.6039],[9.692,55.6039],[9.6915,55.6039],[9.6912,55.604],[9.6912,55.6041],[9.6913,55.6041],[9.6911,55.6042],[9.692,55.6046],[9.6923,55.605],[9.6924,55.6053],[9.6926,55.6054],[9.6928,55.6056],[9.6932,55.6056],[9.6936,55.6057],[9.6938,55.6059],[9.6945,55.6059],[9.6951,55.6061],[9.6956,55.6061],[9.6959,55.6064],[9.6958,55.6066],[9.6953,55.6065],[9.6951,55.6067],[9.6951,55.607],[9.6945,55.6072],[9.6942,55.6074],[9.694,55.6078],[9.694,55.608],[9.694,55.6083],[9.6941,55.6085],[9.6944,55.6087],[9.6951,55.6088],[9.6958,55.609],[9.6961,55.6091],[9.6965,55.6092],[9.6975,55.6095],[9.698,55.6096],[9.6986,55.6097],[9.699,55.6098],[9.6996,55.6098],[9.7001,55.6098],[9.7009,55.61],[9.7014,55.6103],[9.7018,55.6111],[9.702,55.6114],[9.7026,55.6115],[9.7036,55.612],[9.7038,55.6121],[9.7045,55.6122],[9.7049,55.6122],[9.7058,55.6124],[9.706,55.6127],[9.7063,55.6128],[9.7064,55.613],[9.7067,55.613],[9.7069,55.6134],[9.7074,55.6136],[9.7079,55.6136],[9.7086,55.6136],[9.7092,55.6138],[9.7102,55.6139],[9.7105,55.6143],[9.7107,55.6146],[9.7117,55.6152],[9.7122,55.6153],[9.7127,55.6155],[9.7133,55.6159],[9.7146,55.6169],[9.7157,55.6173],[9.7168,55.6177],[9.7178,55.618],[9.719,55.6179],[9.7207,55.6176],[9.7214,55.6178],[9.7221,55.6177],[9.7225,55.6175],[9.7234,55.617],[9.7244,55.6166],[9.7252,55.6165],[9.7252,55.6162],[9.7265,55.6159],[9.7275,55.616],[9.7281,55.616],[9.7286,55.6159],[9.7293,55.6159],[9.7304,55.6162],[9.7312,55.6164],[9.7314,55.6165],[9.7315,55.6163],[9.7315,55.6162],[9.7317,55.616],[9.7319,55.6159],[9.7321,55.6158],[9.7322,55.6157],[9.7324,55.6156],[9.7326,55.6155],[9.7328,55.6155],[9.7331,55.6154],[9.7334,55.6153],[9.7337,55.6152],[9.734,55.6151],[9.7344,55.6151],[9.7346,55.6151],[9.7348,55.6151],[9.7352,55.6151],[9.7356,55.6151],[9.7357,55.615],[9.7356,55.6149],[9.7353,55.6149],[9.7349,55.6148],[9.7348,55.6147],[9.7347,55.6146],[9.7349,55.6144],[9.7352,55.6142],[9.7354,55.6142],[9.7356,55.6142],[9.7357,55.6141],[9.7357,55.614],[9.7354,55.6139],[9.7351,55.6138],[9.7347,55.6138],[9.7345,55.6138],[9.734,55.6138],[9.7334,55.6137],[9.7332,55.6137],[9.733,55.6137],[9.7327,55.6136],[9.7325,55.6137],[9.7323,55.6136],[9.7319,55.6136],[9.7317,55.6136],[9.7314,55.6134],[9.7312,55.6132],[9.731,55.613],[9.7307,55.6129],[9.7303,55.6129],[9.73,55.6128],[9.7297,55.6128],[9.7293,55.6129],[9.729,55.6128],[9.7288,55.6127],[9.7286,55.6127],[9.7285,55.6126],[9.7284,55.6125],[9.7284,55.6123],[9.728,55.6123],[9.7277,55.6122],[9.7273,55.6122]]]},"properties":{"sourceId":"ais_par3.67078","a_type":5120,"hectares":144.422}},{"type":"Feature","id":"ais_par3.67082","geometry":{"type":"Polygon","coordinates":[[[9.7131,55.6085],[9.7134,55.6084],[9.7133,55.6082],[9.7133,55.6081],[9.7133,55.608],[9.7135,55.6079],[9.7133,55.6076],[9.7131,55.6076],[9.7128,55.6076],[9.7125,55.6073],[9.7123,55.6072],[9.7121,55.6071],[9.7117,55.6071],[9.7116,55.607],[9.7116,55.6069],[9.7113,55.6068],[9.711,55.6068],[9.7108,55.6069],[9.7105,55.607],[9.7104,55.607],[9.7113,55.6075],[9.7115,55.6076],[9.7117,55.6077],[9.7118,55.6077],[9.712,55.6079],[9.712,55.608],[9.7122,55.6082],[9.7124,55.6083],[9.7125,55.6084],[9.7127,55.6085],[9.7128,55.6085],[9.7131,55.6085]]]},"properties":{"sourceId":"ais_par3.67082","a_type":5120,"hectares":1.474}},{"type":"Feature","id":"ais_par3.67085","geometry":{"type":"Polygon","coordinates":[[[9.6433,55.6067],[9.6433,55.6068],[9.644,55.6069],[9.6441,55.6067],[9.6433,55.6067]]]},"properties":{"sourceId":"ais_par3.67085","a_type":5120,"hectares":0.072}},{"type":"Feature","id":"ais_par3.67094","geometry":{"type":"Polygon","coordinates":[[[9.5651,55.6033],[9.5648,55.6032],[9.5643,55.6038],[9.5646,55.6039],[9.5649,55.6038],[9.565,55.6036],[9.5651,55.6035],[9.5651,55.6033]]]},"properties":{"sourceId":"ais_par3.67094","a_type":5120,"hectares":0.215}},{"type":"Feature","id":"ais_par3.67095","geometry":{"type":"Polygon","coordinates":[[[9.6042,55.602],[9.6038,55.6021],[9.6043,55.6024],[9.6042,55.6025],[9.6043,55.6029],[9.6045,55.6032],[9.6047,55.6034],[9.605,55.6036],[9.6051,55.6034],[9.6051,55.6032],[9.605,55.6029],[9.605,55.6027],[9.6049,55.6025],[9.6045,55.6024],[9.6046,55.6021],[9.6042,55.602]]]},"properties":{"sourceId":"ais_par3.67095","a_type":5120,"hectares":0.596}},{"type":"Feature","id":"ais_par3.67096","geometry":{"type":"Polygon","coordinates":[[[9.6866,55.6019],[9.6861,55.6019],[9.6861,55.6021],[9.6864,55.6022],[9.6869,55.6023],[9.6873,55.6023],[9.6876,55.6022],[9.6873,55.6021],[9.6866,55.6019]]]},"properties":{"sourceId":"ais_par3.67096","a_type":5120,"hectares":0.263}},{"type":"Feature","id":"ais_par3.67104","geometry":{"type":"Polygon","coordinates":[[[9.6628,55.5974],[9.6631,55.5979],[9.6634,55.5978],[9.6634,55.5976],[9.6633,55.5973],[9.6628,55.5974]]]},"properties":{"sourceId":"ais_par3.67104","a_type":5120,"hectares":0.144}},{"type":"Feature","id":"ais_par3.67105","geometry":{"type":"Polygon","coordinates":[[[9.6171,55.5971],[9.6165,55.5973],[9.617,55.5977],[9.6175,55.5975],[9.6171,55.5971]]]},"properties":{"sourceId":"ais_par3.67105","a_type":5120,"hectares":0.228}},{"type":"Feature","id":"ais_par3.67107","geometry":{"type":"Polygon","coordinates":[[[9.6553,55.5952],[9.6552,55.5952],[9.6552,55.5953],[9.6552,55.5954],[9.6554,55.5955],[9.6556,55.5954],[9.6558,55.5954],[9.6558,55.5953],[9.6556,55.5952],[9.6553,55.5952]]]},"properties":{"sourceId":"ais_par3.67107","a_type":5120,"hectares":0.104}},{"type":"Feature","id":"ais_par3.67110","geometry":{"type":"Polygon","coordinates":[[[9.7843,55.59],[9.7843,55.5901],[9.7845,55.5903],[9.7846,55.5904],[9.7846,55.5905],[9.7849,55.5906],[9.785,55.5907],[9.7852,55.5907],[9.7854,55.5907],[9.7856,55.5907],[9.7858,55.5906],[9.7861,55.5905],[9.786,55.5905],[9.7857,55.5904],[9.7855,55.5904],[9.7853,55.5903],[9.785,55.5902],[9.7847,55.5902],[9.7843,55.59]]]},"properties":{"sourceId":"ais_par3.67110","a_type":5120,"hectares":0.34}},{"type":"Feature","id":"ais_par3.67141","geometry":{"type":"Polygon","coordinates":[[[9.6304,55.5686],[9.6301,55.5691],[9.6304,55.569],[9.6309,55.569],[9.6314,55.569],[9.6316,55.5689],[9.6313,55.5688],[9.631,55.5687],[9.6304,55.5686]]]},"properties":{"sourceId":"ais_par3.67141","a_type":5120,"hectares":0.265}},{"type":"Feature","id":"ais_par3.67119","geometry":{"type":"Polygon","coordinates":[[[9.7468,55.5833],[9.7466,55.5833],[9.7466,55.5838],[9.7473,55.5838],[9.7477,55.5837],[9.7481,55.5836],[9.7484,55.5835],[9.7483,55.5834],[9.748,55.5833],[9.7477,55.5833],[9.7472,55.5833],[9.7468,55.5833]]]},"properties":{"sourceId":"ais_par3.67119","a_type":5120,"hectares":0.53}},{"type":"Feature","id":"ais_par3.67121","geometry":{"type":"Polygon","coordinates":[[[9.7377,55.5799],[9.7376,55.5799],[9.7373,55.58],[9.7373,55.5801],[9.737,55.5802],[9.737,55.5803],[9.7373,55.5804],[9.7374,55.5805],[9.7377,55.5807],[9.7378,55.5808],[9.738,55.5809],[9.7383,55.581],[9.7385,55.581],[9.7388,55.581],[9.7392,55.5809],[9.7392,55.5808],[9.7392,55.5806],[9.7391,55.5804],[9.7389,55.5803],[9.7388,55.5802],[9.7386,55.5801],[9.7384,55.58],[9.7381,55.58],[9.7379,55.5799],[9.7377,55.5799]]]},"properties":{"sourceId":"ais_par3.67121","a_type":5120,"hectares":1.082}},{"type":"Feature","id":"ais_par3.67124","geometry":{"type":"Polygon","coordinates":[[[9.649,55.5781],[9.6488,55.5781],[9.6488,55.5782],[9.6485,55.5786],[9.649,55.5789],[9.6494,55.5789],[9.6497,55.5788],[9.6498,55.5788],[9.6495,55.5787],[9.6494,55.5785],[9.6494,55.5783],[9.649,55.5781]]]},"properties":{"sourceId":"ais_par3.67124","a_type":5120,"hectares":0.427}},{"type":"Feature","id":"ais_par3.67125","geometry":{"type":"Polygon","coordinates":[[[9.7275,55.5748],[9.7277,55.5749],[9.7282,55.5751],[9.729,55.5751],[9.7295,55.5753],[9.7299,55.5755],[9.7304,55.5756],[9.7309,55.5755],[9.7314,55.5755],[9.7315,55.5753],[9.7318,55.5753],[9.732,55.5755],[9.7319,55.5757],[9.7319,55.576],[9.732,55.5763],[9.7323,55.5765],[9.7325,55.5762],[9.7323,55.5758],[9.7322,55.5753],[9.7325,55.5749],[9.7327,55.5747],[9.7329,55.5747],[9.733,55.5746],[9.7329,55.5745],[9.7321,55.574],[9.7318,55.5739],[9.7315,55.5738],[9.7316,55.5737],[9.7318,55.5735],[9.732,55.5734],[9.7322,55.5733],[9.7323,55.5732],[9.7323,55.573],[9.7325,55.573],[9.7327,55.5729],[9.7327,55.5728],[9.7326,55.5727],[9.7324,55.5727],[9.7322,55.5728],[9.7319,55.573],[9.7316,55.5731],[9.7313,55.5732],[9.731,55.5732],[9.7305,55.5733],[9.7302,55.5737],[9.7302,55.574],[9.7303,55.5744],[9.7297,55.5743],[9.7291,55.5743],[9.7285,55.5742],[9.7281,55.5741],[9.7279,55.5743],[9.7276,55.5743],[9.7273,55.5742],[9.7271,55.5742],[9.7269,55.5741],[9.7267,55.574],[9.7265,55.5741],[9.7265,55.5742],[9.7263,55.5744],[9.7263,55.5745],[9.7265,55.5745],[9.7267,55.5746],[9.7269,55.5746],[9.7271,55.5746],[9.7275,55.5747],[9.7275,55.5748]]]},"properties":{"sourceId":"ais_par3.67125","a_type":5120,"hectares":5.713}},{"type":"Feature","id":"ais_par3.67126","geometry":{"type":"Polygon","coordinates":[[[9.7118,55.5729],[9.7111,55.5727],[9.7108,55.5728],[9.7105,55.5728],[9.7103,55.5729],[9.7101,55.5729],[9.7101,55.5731],[9.7104,55.5733],[9.7106,55.5734],[9.711,55.5735],[9.7113,55.5737],[9.7115,55.5738],[9.7118,55.5739],[9.7124,55.5739],[9.7127,55.5738],[9.713,55.5737],[9.7131,55.5736],[9.7131,55.5734],[9.7131,55.5733],[9.713,55.5731],[9.7125,55.5731],[9.7121,55.573],[9.7118,55.5729]]]},"properties":{"sourceId":"ais_par3.67126","a_type":5120,"hectares":1.535}},{"type":"Feature","id":"ais_par3.67127","geometry":{"type":"Polygon","coordinates":[[[9.634,55.5726],[9.6337,55.573],[9.6335,55.5729],[9.6333,55.573],[9.6334,55.5731],[9.6334,55.5733],[9.6343,55.5733],[9.6348,55.5728],[9.634,55.5726]]]},"properties":{"sourceId":"ais_par3.67127","a_type":5120,"hectares":0.48}},{"type":"Feature","id":"ais_par3.67128","geometry":{"type":"Polygon","coordinates":[[[9.7599,55.5704],[9.7597,55.5706],[9.7611,55.5719],[9.7629,55.5711],[9.7635,55.571],[9.764,55.571],[9.7658,55.5719],[9.767,55.5711],[9.767,55.571],[9.7667,55.571],[9.7658,55.5717],[9.7641,55.5708],[9.7637,55.5707],[9.7633,55.5708],[9.763,55.5708],[9.7612,55.5716],[9.7599,55.5704]]]},"properties":{"sourceId":"ais_par3.67128","a_type":5120,"hectares":1.504}},{"type":"Feature","id":"ais_par3.67130","geometry":{"type":"Polygon","coordinates":[[[9.6215,55.5716],[9.6208,55.5717],[9.621,55.5719],[9.6216,55.5718],[9.6215,55.5716]]]},"properties":{"sourceId":"ais_par3.67130","a_type":5120,"hectares":0.092}},{"type":"Feature","id":"ais_par3.67131","geometry":{"type":"Polygon","coordinates":[[[9.7677,55.5706],[9.7677,55.5708],[9.7693,55.5708],[9.7693,55.5706],[9.7677,55.5706]]]},"properties":{"sourceId":"ais_par3.67131","a_type":5120,"hectares":0.22}},{"type":"Feature","id":"ais_par3.67132","geometry":{"type":"Polygon","coordinates":[[[9.6193,55.5714],[9.6194,55.5716],[9.6201,55.5716],[9.6206,55.5717],[9.6206,55.5715],[9.6203,55.5714],[9.6193,55.5714]]]},"properties":{"sourceId":"ais_par3.67132","a_type":5120,"hectares":0.214}},{"type":"Feature","id":"ais_par3.67133","geometry":{"type":"Polygon","coordinates":[[[9.7524,55.5682],[9.7521,55.5682],[9.7525,55.5697],[9.7553,55.5694],[9.7555,55.5695],[9.7567,55.5709],[9.7592,55.5704],[9.7591,55.5701],[9.7568,55.5706],[9.7556,55.5691],[9.7529,55.5694],[9.7524,55.5682]]]},"properties":{"sourceId":"ais_par3.67133","a_type":5120,"hectares":1.684}},{"type":"Feature","id":"ais_par3.67134","geometry":{"type":"Polygon","coordinates":[[[9.6212,55.5713],[9.6209,55.5713],[9.6206,55.5713],[9.6206,55.5714],[9.6208,55.5716],[9.6215,55.5714],[9.6212,55.5713]]]},"properties":{"sourceId":"ais_par3.67134","a_type":5120,"hectares":0.117}},{"type":"Feature","id":"ais_par3.67135","geometry":{"type":"Polygon","coordinates":[[[9.7377,55.5692],[9.7376,55.5693],[9.7375,55.5694],[9.7373,55.5696],[9.7372,55.5697],[9.7375,55.5702],[9.7378,55.5703],[9.7382,55.5703],[9.7385,55.5702],[9.7387,55.5698],[9.7386,55.5695],[9.7385,55.5693],[9.7377,55.5692]]]},"properties":{"sourceId":"ais_par3.67135","a_type":5120,"hectares":0.833}},{"type":"Feature","id":"ais_par3.67137","geometry":{"type":"Polygon","coordinates":[[[9.6302,55.5692],[9.6297,55.5693],[9.6292,55.5695],[9.629,55.5697],[9.6291,55.5698],[9.6291,55.57],[9.6292,55.5703],[9.6295,55.5702],[9.6298,55.5702],[9.6299,55.57],[9.6299,55.5699],[9.63,55.5697],[9.6302,55.5696],[9.6305,55.5696],[9.6305,55.5693],[9.6302,55.5692]]]},"properties":{"sourceId":"ais_par3.67137","a_type":5120,"hectares":0.662}},{"type":"Feature","id":"ais_par3.67138","geometry":{"type":"Polygon","coordinates":[[[9.6319,55.5693],[9.6316,55.5693],[9.6312,55.5693],[9.6309,55.5695],[9.631,55.5697],[9.6312,55.5699],[9.6315,55.5698],[9.6318,55.5697],[9.6321,55.5697],[9.6319,55.5693]]]},"properties":{"sourceId":"ais_par3.67138","a_type":5120,"hectares":0.348}},{"type":"Feature","id":"ais_par3.67139","geometry":{"type":"Polygon","coordinates":[[[9.6331,55.569],[9.6326,55.5692],[9.6326,55.5694],[9.6328,55.5695],[9.633,55.5697],[9.6333,55.5697],[9.6336,55.5696],[9.6336,55.5694],[9.6334,55.5692],[9.6331,55.569]]]},"properties":{"sourceId":"ais_par3.67139","a_type":5120,"hectares":0.328}},{"type":"Feature","id":"ais_par3.67140","geometry":{"type":"Polygon","coordinates":[[[9.629,55.5681],[9.628,55.5684],[9.6278,55.5687],[9.6278,55.5688],[9.6279,55.569],[9.6283,55.5691],[9.6288,55.5691],[9.6292,55.569],[9.6297,55.5689],[9.6299,55.5688],[9.6303,55.5685],[9.629,55.5681]]]},"properties":{"sourceId":"ais_par3.67140","a_type":5120,"hectares":1.156}},{"type":"Feature","id":"ais_par3.67142","geometry":{"type":"Polygon","coordinates":[[[9.7471,55.5643],[9.7462,55.5654],[9.7462,55.5656],[9.7465,55.5657],[9.7487,55.5661],[9.7489,55.5662],[9.749,55.5664],[9.7487,55.5677],[9.7488,55.5679],[9.7504,55.5679],[9.7504,55.5678],[9.7491,55.5677],[9.7494,55.5662],[9.7492,55.566],[9.7489,55.5659],[9.7467,55.5654],[9.7476,55.5643],[9.7471,55.5643]]]},"properties":{"sourceId":"ais_par3.67142","a_type":5120,"hectares":1.593}},{"type":"Feature","id":"ais_par3.67143","geometry":{"type":"Polygon","coordinates":[[[9.6306,55.5679],[9.6306,55.5681],[9.6308,55.5682],[9.631,55.5682],[9.6315,55.5683],[9.6316,55.5682],[9.6314,55.5681],[9.6311,55.5679],[9.6306,55.5679]]]},"properties":{"sourceId":"ais_par3.67143","a_type":5120,"hectares":0.188}},{"type":"Feature","id":"ais_par3.67144","geometry":{"type":"Polygon","coordinates":[[[9.5746,55.5665],[9.5745,55.5663],[9.5744,55.5662],[9.5742,55.5662],[9.5741,55.5664],[9.574,55.5665],[9.5739,55.5666],[9.574,55.5668],[9.574,55.5669],[9.5742,55.567],[9.5744,55.567],[9.5745,55.567],[9.5747,55.5669],[9.5745,55.5668],[9.5744,55.5667],[9.5746,55.5665]]]},"properties":{"sourceId":"ais_par3.67144","a_type":5120,"hectares":0.257}},{"type":"Feature","id":"ais_par3.67145","geometry":{"type":"Polygon","coordinates":[[[9.7451,55.5629],[9.745,55.5631],[9.7467,55.5636],[9.7469,55.5635],[9.7451,55.5629]]]},"properties":{"sourceId":"ais_par3.67145","a_type":5120,"hectares":0.275}},{"type":"Feature","id":"ais_par3.67149","geometry":{"type":"Polygon","coordinates":[[[9.6898,55.5609],[9.6895,55.561],[9.6893,55.5611],[9.6889,55.5612],[9.6886,55.5614],[9.689,55.5614],[9.6892,55.5613],[9.6897,55.5612],[9.6898,55.5611],[9.6898,55.5609]]]},"properties":{"sourceId":"ais_par3.67149","a_type":5120,"hectares":0.151}},{"type":"Feature","id":"ais_par3.67152","geometry":{"type":"Polygon","coordinates":[[[9.7095,55.5558],[9.7085,55.5559],[9.7086,55.5564],[9.7088,55.5567],[9.709,55.5568],[9.7092,55.5567],[9.7094,55.5567],[9.7095,55.5565],[9.7095,55.5564],[9.7095,55.5563],[9.7095,55.5562],[9.7095,55.5561],[9.7095,55.556],[9.7095,55.5558]]]},"properties":{"sourceId":"ais_par3.67152","a_type":5120,"hectares":0.54}},{"type":"Feature","id":"ais_par3.67153","geometry":{"type":"Polygon","coordinates":[[[9.7103,55.5551],[9.7098,55.5556],[9.7099,55.5557],[9.71,55.5558],[9.7102,55.5558],[9.7105,55.5557],[9.7108,55.5556],[9.7106,55.5552],[9.7104,55.5553],[9.7103,55.5551]]]},"properties":{"sourceId":"ais_par3.67153","a_type":5120,"hectares":0.273}},{"type":"Feature","id":"ais_par3.67154","geometry":{"type":"Polygon","coordinates":[[[9.7232,55.5547],[9.7233,55.5548],[9.7234,55.555],[9.7235,55.5551],[9.7236,55.5552],[9.7237,55.5553],[9.7237,55.5554],[9.7237,55.5556],[9.7238,55.5557],[9.7241,55.5555],[9.7241,55.5554],[9.7241,55.5553],[9.724,55.5552],[9.7239,55.5551],[9.7238,55.555],[9.7236,55.5549],[9.7235,55.5547],[9.7232,55.5547]]]},"properties":{"sourceId":"ais_par3.67154","a_type":5120,"hectares":0.252}},{"type":"Feature","id":"ais_par3.67158","geometry":{"type":"Polygon","coordinates":[[[9.717,55.5493],[9.7173,55.5495],[9.7177,55.5497],[9.7182,55.5499],[9.7187,55.5499],[9.7191,55.5498],[9.7189,55.5497],[9.7188,55.5496],[9.7186,55.5496],[9.7182,55.5496],[9.7178,55.5495],[9.7174,55.5493],[9.7172,55.5491],[9.717,55.5493]]]},"properties":{"sourceId":"ais_par3.67158","a_type":5120,"hectares":0.409}},{"type":"Feature","id":"ais_par3.67159","geometry":{"type":"Polygon","coordinates":[[[9.6374,55.5474],[9.6372,55.5475],[9.6371,55.5477],[9.6373,55.548],[9.6379,55.5483],[9.6385,55.5484],[9.6392,55.5485],[9.6401,55.5484],[9.6403,55.5482],[9.6402,55.548],[9.6399,55.5478],[9.6389,55.5476],[9.6374,55.5474]]]},"properties":{"sourceId":"ais_par3.67159","a_type":5120,"hectares":1.616}},{"type":"Feature","id":"ais_par3.67163","geometry":{"type":"Polygon","coordinates":[[[9.6833,55.5437],[9.6832,55.544],[9.6837,55.5443],[9.6841,55.5442],[9.6836,55.5438],[9.6833,55.5437]]]},"properties":{"sourceId":"ais_par3.67163","a_type":5120,"hectares":0.197}},{"type":"Feature","id":"ais_par3.67166","geometry":{"type":"Polygon","coordinates":[[[9.7032,55.5374],[9.7029,55.5374],[9.7027,55.5375],[9.7027,55.5377],[9.7029,55.5379],[9.703,55.5381],[9.7031,55.5382],[9.7031,55.5383],[9.7029,55.5385],[9.7032,55.5386],[9.7034,55.5386],[9.7032,55.5387],[9.7033,55.5389],[9.7036,55.5389],[9.704,55.5389],[9.7046,55.5389],[9.705,55.5389],[9.7048,55.5387],[9.7046,55.5385],[9.7047,55.5382],[9.7045,55.5378],[9.7042,55.5376],[9.7039,55.5375],[9.7032,55.5374]]]},"properties":{"sourceId":"ais_par3.67166","a_type":5120,"hectares":1.615}},{"type":"Feature","id":"ais_par3.67174","geometry":{"type":"Polygon","coordinates":[[[9.5758,55.5311],[9.5763,55.531],[9.5766,55.531],[9.5767,55.5311],[9.5768,55.531],[9.5766,55.5306],[9.5763,55.5306],[9.5758,55.5307],[9.5755,55.5308],[9.5756,55.5309],[9.5758,55.5311]]]},"properties":{"sourceId":"ais_par3.67174","a_type":5120,"hectares":0.308}},{"type":"Feature","id":"ais_par3.67177","geometry":{"type":"Polygon","coordinates":[[[9.6446,55.5282],[9.6445,55.5283],[9.6444,55.5285],[9.6443,55.5288],[9.6445,55.5289],[9.6447,55.5288],[9.6448,55.5286],[9.6446,55.5282]]]},"properties":{"sourceId":"ais_par3.67177","a_type":5120,"hectares":0.127}},{"type":"Feature","id":"ais_par3.67182","geometry":{"type":"Polygon","coordinates":[[[9.7018,55.5244],[9.7016,55.5245],[9.7018,55.5248],[9.702,55.5249],[9.7023,55.5249],[9.7025,55.5247],[9.7024,55.5246],[9.7018,55.5244]]]},"properties":{"sourceId":"ais_par3.67182","a_type":5120,"hectares":0.202}},{"type":"Feature","id":"ais_par3.67183","geometry":{"type":"Polygon","coordinates":[[[9.7071,55.5244],[9.7073,55.5244],[9.7074,55.5245],[9.7077,55.5246],[9.7079,55.5246],[9.7085,55.5245],[9.7089,55.5243],[9.7092,55.5241],[9.709,55.524],[9.7088,55.5239],[9.7086,55.5238],[9.7085,55.5237],[9.7086,55.5235],[9.7087,55.5234],[9.7086,55.5233],[9.7081,55.5231],[9.7079,55.5228],[9.7077,55.5229],[9.7074,55.5229],[9.7073,55.523],[9.7071,55.523],[9.7069,55.5231],[9.7069,55.5232],[9.707,55.5233],[9.7072,55.5234],[9.7074,55.5235],[9.7074,55.5237],[9.7074,55.5238],[9.7073,55.524],[9.7073,55.5241],[9.7073,55.5242],[9.7071,55.5244]]]},"properties":{"sourceId":"ais_par3.67183","a_type":5120,"hectares":1.611}},{"type":"Feature","id":"ais_par3.67189","geometry":{"type":"Polygon","coordinates":[[[9.6058,55.5195],[9.6054,55.5199],[9.6059,55.5199],[9.6062,55.5199],[9.6064,55.5201],[9.6065,55.5202],[9.6069,55.5202],[9.6072,55.5203],[9.6074,55.5201],[9.6078,55.52],[9.608,55.52],[9.6084,55.52],[9.6084,55.5198],[9.6083,55.5196],[9.608,55.5197],[9.6077,55.5198],[9.6075,55.5198],[9.6071,55.5198],[9.607,55.5196],[9.6068,55.5195],[9.6058,55.5195]]]},"properties":{"sourceId":"ais_par3.67189","a_type":5120,"hectares":0.837}},{"type":"Feature","id":"ais_par3.67192","geometry":{"type":"Polygon","coordinates":[[[9.731,55.5182],[9.7308,55.5183],[9.7306,55.5183],[9.7305,55.5184],[9.7305,55.5185],[9.7305,55.5186],[9.7296,55.5189],[9.7297,55.519],[9.7312,55.5184],[9.7312,55.5183],[9.731,55.5182]]]},"properties":{"sourceId":"ais_par3.67192","a_type":5120,"hectares":0.216}},{"type":"Feature","id":"ais_par3.67198","geometry":{"type":"Polygon","coordinates":[[[9.6507,55.5153],[9.6504,55.5157],[9.6503,55.5161],[9.651,55.5161],[9.6514,55.5158],[9.6512,55.5155],[9.6507,55.5153]]]},"properties":{"sourceId":"ais_par3.67198","a_type":5120,"hectares":0.414}},{"type":"Feature","id":"ais_par3.67200","geometry":{"type":"Polygon","coordinates":[[[9.5767,55.5155],[9.5772,55.5156],[9.578,55.5149],[9.5789,55.5142],[9.5793,55.5138],[9.5789,55.5137],[9.5781,55.5145],[9.5774,55.5149],[9.5767,55.5155]]]},"properties":{"sourceId":"ais_par3.67200","a_type":5120,"hectares":0.67}},{"type":"Feature","id":"ais_par3.67201","geometry":{"type":"Polygon","coordinates":[[[9.607,55.5135],[9.6065,55.5135],[9.6065,55.5137],[9.6064,55.5138],[9.6065,55.514],[9.6067,55.514],[9.6067,55.5139],[9.6068,55.5138],[9.6069,55.5137],[9.607,55.5135]]]},"properties":{"sourceId":"ais_par3.67201","a_type":5120,"hectares":0.129}},{"type":"Feature","id":"ais_par3.67203","geometry":{"type":"Polygon","coordinates":[[[9.5945,55.5106],[9.5944,55.5111],[9.5947,55.5111],[9.5949,55.511],[9.5951,55.5108],[9.5948,55.5106],[9.5945,55.5106]]]},"properties":{"sourceId":"ais_par3.67203","a_type":5120,"hectares":0.169}},{"type":"Feature","id":"ais_par3.67277","geometry":{"type":"Polygon","coordinates":[[[9.5792,55.557],[9.5792,55.5571],[9.5795,55.5569],[9.5797,55.5567],[9.5799,55.5566],[9.5802,55.5563],[9.5798,55.5563],[9.5795,55.5565],[9.5791,55.5567],[9.579,55.5569],[9.5792,55.557]]]},"properties":{"sourceId":"ais_par3.67277","a_type":5120,"hectares":0.262}},{"type":"Feature","id":"ais_par3.67278","geometry":{"type":"Polygon","coordinates":[[[9.716,55.6065],[9.7162,55.6064],[9.7164,55.6063],[9.7164,55.6062],[9.7165,55.606],[9.7167,55.6059],[9.7167,55.6058],[9.7167,55.6058],[9.7167,55.6058],[9.7165,55.6057],[9.7164,55.6057],[9.7163,55.6055],[9.7162,55.6055],[9.7158,55.6056],[9.7154,55.6057],[9.7152,55.6058],[9.715,55.606],[9.7149,55.6062],[9.7151,55.6066],[9.7155,55.6066],[9.716,55.6065]]]},"properties":{"sourceId":"ais_par3.67278","a_type":5120,"hectares":0.914}},{"type":"Feature","id":"ais_par3.67279","geometry":{"type":"Polygon","coordinates":[[[9.7043,55.6236],[9.7041,55.6236],[9.7039,55.6236],[9.7038,55.6237],[9.7037,55.6239],[9.7041,55.6239],[9.7042,55.6239],[9.7042,55.6238],[9.7043,55.6236]]]},"properties":{"sourceId":"ais_par3.67279","a_type":5120,"hectares":0.094}},{"type":"Feature","id":"ais_par3.67280","geometry":{"type":"Polygon","coordinates":[[[9.6533,55.603],[9.653,55.603],[9.6528,55.6031],[9.6526,55.6034],[9.6528,55.6037],[9.6531,55.604],[9.6537,55.6042],[9.6541,55.6041],[9.6537,55.6036],[9.6536,55.6036],[9.6534,55.6033],[9.6536,55.6031],[9.6533,55.603]]]},"properties":{"sourceId":"ais_par3.67280","a_type":5120,"hectares":0.681}},{"type":"Feature","id":"ais_par3.138062","geometry":{"type":"Polygon","coordinates":[[[9.8053,55.5506],[9.8049,55.5507],[9.8056,55.551],[9.806,55.551],[9.8062,55.5509],[9.8064,55.5509],[9.8065,55.5506],[9.8065,55.5503],[9.8064,55.5501],[9.8059,55.5503],[9.8053,55.5506]]]},"properties":{"sourceId":"ais_par3.138062","a_type":3210,"hectares":0.564}},{"type":"Feature","id":"ais_par3.138063","geometry":{"type":"Polygon","coordinates":[[[9.7926,55.541],[9.7913,55.5413],[9.7905,55.5427],[9.7905,55.5428],[9.7917,55.543],[9.7924,55.5416],[9.7938,55.5416],[9.7944,55.5402],[9.7933,55.5403],[9.7924,55.5408],[9.7926,55.541]]]},"properties":{"sourceId":"ais_par3.138063","a_type":3210,"hectares":2.916}},{"type":"Feature","id":"ais_par3.138078","geometry":{"type":"Polygon","coordinates":[[[9.776,55.5418],[9.7758,55.5418],[9.776,55.5425],[9.7761,55.5424],[9.7771,55.5424],[9.7772,55.5423],[9.7773,55.542],[9.777,55.5418],[9.7766,55.5418],[9.776,55.5418]]]},"properties":{"sourceId":"ais_par3.138078","a_type":3210,"hectares":0.596}},{"type":"Feature","id":"ais_par3.138043","geometry":{"type":"Polygon","coordinates":[[[9.8373,55.5245],[9.8372,55.5246],[9.8372,55.5246],[9.837,55.5246],[9.837,55.5247],[9.8369,55.5248],[9.8371,55.525],[9.8371,55.525],[9.8374,55.5251],[9.8378,55.5251],[9.8382,55.5251],[9.8387,55.5251],[9.839,55.525],[9.839,55.525],[9.8388,55.5246],[9.8388,55.5245],[9.8387,55.5244],[9.8387,55.5244],[9.8385,55.5244],[9.8381,55.5244],[9.8377,55.5245],[9.8373,55.5245]]]},"properties":{"sourceId":"ais_par3.138043","a_type":3210,"hectares":0.788}},{"type":"Feature","id":"ais_par3.138044","geometry":{"type":"Polygon","coordinates":[[[9.838,55.5239],[9.8376,55.5239],[9.8376,55.524],[9.8375,55.5241],[9.8376,55.5242],[9.8378,55.5242],[9.8381,55.5242],[9.8383,55.5242],[9.8385,55.5242],[9.8384,55.5241],[9.838,55.5239]]]},"properties":{"sourceId":"ais_par3.138044","a_type":3210,"hectares":0.148}},{"type":"Feature","id":"ais_par3.138046","geometry":{"type":"Polygon","coordinates":[[[9.8031,55.5495],[9.801,55.5492],[9.8009,55.5492],[9.7993,55.549],[9.7993,55.549],[9.7991,55.5492],[9.7991,55.5492],[9.8006,55.5499],[9.8008,55.55],[9.8014,55.5503],[9.8012,55.5504],[9.8012,55.5504],[9.8012,55.5504],[9.8012,55.5504],[9.8013,55.5504],[9.8013,55.5504],[9.8014,55.5504],[9.8014,55.5505],[9.8014,55.5505],[9.8015,55.5505],[9.8015,55.5505],[9.8015,55.5505],[9.8018,55.5506],[9.802,55.5507],[9.8023,55.5508],[9.8025,55.5509],[9.8027,55.5503],[9.8029,55.5498],[9.8031,55.5495]]]},"properties":{"sourceId":"ais_par3.138046","a_type":3210,"hectares":2.291}},{"type":"Feature","id":"ais_par3.138048","geometry":{"type":"Polygon","coordinates":[[[9.8605,55.5109],[9.8602,55.5097],[9.8589,55.5098],[9.859,55.5111],[9.859,55.5112],[9.859,55.5112],[9.8591,55.5112],[9.8592,55.5112],[9.8594,55.5111],[9.8595,55.5111],[9.8597,55.5111],[9.8598,55.511],[9.86,55.511],[9.8602,55.5109],[9.8602,55.5109],[9.8603,55.5109],[9.8604,55.5109],[9.8605,55.5109],[9.8605,55.5109]]]},"properties":{"sourceId":"ais_par3.138048","a_type":3210,"hectares":1.265}},{"type":"Feature","id":"ais_par3.138049","geometry":{"type":"Polygon","coordinates":[[[9.8596,55.5118],[9.8593,55.5119],[9.8593,55.512],[9.8596,55.5123],[9.861,55.5126],[9.8608,55.5119],[9.8608,55.5119],[9.8605,55.512],[9.8596,55.512],[9.8596,55.5118]]]},"properties":{"sourceId":"ais_par3.138049","a_type":3210,"hectares":0.491}},{"type":"Feature","id":"ais_par3.138058","geometry":{"type":"Polygon","coordinates":[[[9.788,55.5399],[9.7876,55.5405],[9.7876,55.5405],[9.7878,55.5404],[9.7887,55.5403],[9.789,55.5401],[9.7892,55.5399],[9.7889,55.5398],[9.7888,55.5399],[9.7885,55.54],[9.788,55.5399]]]},"properties":{"sourceId":"ais_par3.138058","a_type":3210,"hectares":0.364}},{"type":"Feature","id":"ais_par3.138059","geometry":{"type":"Polygon","coordinates":[[[9.8413,55.5396],[9.8409,55.5396],[9.8407,55.5395],[9.8404,55.5394],[9.8403,55.5393],[9.8402,55.5391],[9.8398,55.5391],[9.8396,55.5395],[9.8406,55.5397],[9.8417,55.5399],[9.842,55.54],[9.8422,55.5402],[9.8422,55.5403],[9.8427,55.5404],[9.8428,55.5401],[9.8427,55.54],[9.8424,55.5398],[9.8417,55.5395],[9.8415,55.5396],[9.8413,55.5396]]]},"properties":{"sourceId":"ais_par3.138059","a_type":3210,"hectares":0.703}},{"type":"Feature","id":"ais_par3.138060","geometry":{"type":"Polygon","coordinates":[[[9.7813,55.518],[9.7807,55.5185],[9.7807,55.5187],[9.7807,55.5187],[9.782,55.5185],[9.7817,55.5177],[9.7813,55.518]]]},"properties":{"sourceId":"ais_par3.138060","a_type":3210,"hectares":0.502}},{"type":"Feature","id":"ais_par3.138061","geometry":{"type":"Polygon","coordinates":[[[9.8066,55.5514],[9.8064,55.5514],[9.8062,55.5514],[9.806,55.5513],[9.8058,55.5513],[9.8057,55.5513],[9.8057,55.5513],[9.8057,55.5513],[9.8055,55.5512],[9.8054,55.5512],[9.8053,55.5511],[9.8052,55.5512],[9.8051,55.5512],[9.805,55.5512],[9.805,55.5512],[9.805,55.5512],[9.805,55.5512],[9.8048,55.5511],[9.8047,55.5511],[9.8046,55.5511],[9.8044,55.5511],[9.8044,55.5511],[9.8043,55.551],[9.8042,55.551],[9.804,55.551],[9.8039,55.551],[9.8038,55.5511],[9.8038,55.5511],[9.8038,55.5512],[9.804,55.5512],[9.8043,55.5513],[9.8045,55.5514],[9.8049,55.5515],[9.8049,55.5515],[9.8049,55.5515],[9.805,55.5516],[9.8051,55.5516],[9.8051,55.5516],[9.8051,55.5516],[9.8052,55.5516],[9.8057,55.5519],[9.806,55.5519],[9.8063,55.552],[9.8065,55.5521],[9.8067,55.5522],[9.8069,55.5522],[9.8074,55.5522],[9.8077,55.5522],[9.808,55.5522],[9.8085,55.5522],[9.8086,55.5522],[9.8088,55.5522],[9.8091,55.5522],[9.8093,55.5522],[9.8096,55.5522],[9.8097,55.5522],[9.8097,55.5521],[9.8095,55.5519],[9.8092,55.5518],[9.8092,55.5518],[9.8092,55.5518],[9.8091,55.5518],[9.8091,55.5517],[9.808,55.5516],[9.8078,55.5516],[9.8076,55.5516],[9.8074,55.5516],[9.8073,55.5515],[9.8071,55.5515],[9.8066,55.5514]]]},"properties":{"sourceId":"ais_par3.138061","a_type":3210,"hectares":2.06}},{"type":"Feature","id":"ais_par3.138064","geometry":{"type":"Polygon","coordinates":[[[9.7892,55.5441],[9.7884,55.5439],[9.7878,55.5437],[9.7866,55.5435],[9.7864,55.5436],[9.787,55.5438],[9.787,55.5438],[9.7873,55.5439],[9.7889,55.5444],[9.7898,55.5448],[9.7901,55.5445],[9.7898,55.5443],[9.7901,55.5441],[9.7895,55.5439],[9.7892,55.5441]]]},"properties":{"sourceId":"ais_par3.138064","a_type":3210,"hectares":0.973}},{"type":"Feature","id":"ais_par3.138065","geometry":{"type":"Polygon","coordinates":[[[9.838,55.549],[9.8377,55.549],[9.8376,55.5494],[9.8377,55.5494],[9.8378,55.5494],[9.8381,55.5494],[9.8387,55.5494],[9.839,55.5495],[9.8391,55.5496],[9.8392,55.5496],[9.8393,55.5498],[9.8394,55.5499],[9.8395,55.5501],[9.8395,55.5502],[9.8395,55.5503],[9.8396,55.5504],[9.8395,55.5505],[9.8394,55.5506],[9.8392,55.5506],[9.8393,55.5509],[9.8395,55.5509],[9.8399,55.5509],[9.8399,55.5505],[9.8399,55.5503],[9.8399,55.5502],[9.84,55.5501],[9.8401,55.55],[9.8401,55.5499],[9.84,55.5497],[9.84,55.5496],[9.8399,55.5495],[9.8396,55.5494],[9.8394,55.5493],[9.8391,55.5492],[9.8386,55.5492],[9.8383,55.5492],[9.8381,55.5491],[9.838,55.549]]]},"properties":{"sourceId":"ais_par3.138065","a_type":3210,"hectares":0.944}},{"type":"Feature","id":"ais_par3.138066","geometry":{"type":"Polygon","coordinates":[[[9.8401,55.5488],[9.8398,55.5488],[9.8398,55.5489],[9.8399,55.549],[9.8401,55.5491],[9.8403,55.5492],[9.8405,55.5491],[9.8405,55.549],[9.8405,55.5489],[9.8403,55.5489],[9.8401,55.5488]]]},"properties":{"sourceId":"ais_par3.138066","a_type":3210,"hectares":0.13}},{"type":"Feature","id":"ais_par3.138067","geometry":{"type":"Polygon","coordinates":[[[9.8205,55.5508],[9.8209,55.5508],[9.8217,55.5493],[9.8214,55.5485],[9.8212,55.5485],[9.8205,55.5508]]]},"properties":{"sourceId":"ais_par3.138067","a_type":3210,"hectares":0.914}},{"type":"Feature","id":"ais_par3.138068","geometry":{"type":"Polygon","coordinates":[[[9.8439,55.5504],[9.8431,55.5506],[9.843,55.5507],[9.843,55.5507],[9.843,55.5507],[9.843,55.5507],[9.843,55.5508],[9.8429,55.551],[9.8429,55.5512],[9.8429,55.5513],[9.8428,55.5514],[9.8428,55.5515],[9.8427,55.5516],[9.8426,55.5517],[9.8426,55.5518],[9.8425,55.5519],[9.8424,55.552],[9.8424,55.552],[9.8426,55.552],[9.8427,55.552],[9.8427,55.5521],[9.8428,55.5522],[9.8428,55.5522],[9.8428,55.5523],[9.8429,55.5524],[9.8429,55.5524],[9.8429,55.5525],[9.843,55.5524],[9.8431,55.5524],[9.8432,55.5524],[9.8433,55.5523],[9.8434,55.5523],[9.8435,55.5522],[9.8436,55.5522],[9.8437,55.5521],[9.8438,55.5521],[9.8439,55.5522],[9.844,55.5521],[9.8442,55.5521],[9.8443,55.552],[9.8443,55.5519],[9.8444,55.5518],[9.8444,55.5517],[9.8445,55.5516],[9.8446,55.5516],[9.8445,55.5516],[9.8443,55.5516],[9.8442,55.5516],[9.8442,55.5515],[9.8442,55.5515],[9.8442,55.5514],[9.8442,55.5513],[9.8443,55.5511],[9.8443,55.5511],[9.8436,55.5511],[9.8434,55.5511],[9.8434,55.5511],[9.8434,55.551],[9.8434,55.5509],[9.8435,55.5508],[9.8435,55.5507],[9.8435,55.5507],[9.8435,55.5507],[9.8435,55.5507],[9.8435,55.5507],[9.8435,55.5507],[9.8435,55.5506],[9.8435,55.5506],[9.8436,55.5505],[9.8437,55.5505],[9.8438,55.5504],[9.8439,55.5504]]]},"properties":{"sourceId":"ais_par3.138068","a_type":3210,"hectares":1.47}},{"type":"Feature","id":"ais_par3.138069","geometry":{"type":"Polygon","coordinates":[[[9.8463,55.5499],[9.8462,55.5501],[9.8462,55.5502],[9.8467,55.5503],[9.847,55.5504],[9.8472,55.5505],[9.8471,55.5506],[9.8468,55.5507],[9.8467,55.5508],[9.846,55.5513],[9.8466,55.5514],[9.8466,55.5515],[9.8469,55.5512],[9.8472,55.5509],[9.8476,55.5509],[9.8482,55.5505],[9.8491,55.5498],[9.85,55.5489],[9.8499,55.5488],[9.8495,55.5487],[9.8494,55.5487],[9.8482,55.55],[9.8479,55.5501],[9.8463,55.5499]]]},"properties":{"sourceId":"ais_par3.138069","a_type":3210,"hectares":1.854}},{"type":"Feature","id":"ais_par3.138070","geometry":{"type":"Polygon","coordinates":[[[9.849,55.545],[9.8488,55.5452],[9.8486,55.5456],[9.8483,55.5459],[9.8484,55.5462],[9.8486,55.5463],[9.8487,55.5463],[9.8487,55.5464],[9.8497,55.5464],[9.8497,55.5462],[9.8501,55.5459],[9.85,55.5454],[9.8498,55.545],[9.8499,55.5448],[9.85,55.5446],[9.8497,55.5446],[9.8495,55.5447],[9.849,55.545]]]},"properties":{"sourceId":"ais_par3.138070","a_type":3210,"hectares":1.469}},{"type":"Feature","id":"ais_par3.138071","geometry":{"type":"Polygon","coordinates":[[[9.8425,55.5467],[9.8423,55.5478],[9.8424,55.548],[9.8427,55.548],[9.843,55.5481],[9.8435,55.5482],[9.8443,55.5483],[9.8425,55.5467]],[[9.8428,55.5477],[9.8426,55.5475],[9.8427,55.5474],[9.8428,55.5473],[9.8431,55.5475],[9.8436,55.5479],[9.8437,55.5481],[9.8435,55.5481],[9.8432,55.548],[9.8428,55.5477]]]},"properties":{"sourceId":"ais_par3.138071","a_type":3210,"hectares":0.711}},{"type":"Feature","id":"ais_par3.138072","geometry":{"type":"Polygon","coordinates":[[[9.8323,55.5374],[9.832,55.5374],[9.8317,55.5374],[9.8314,55.5374],[9.8311,55.5373],[9.8308,55.5372],[9.8308,55.5372],[9.8308,55.5372],[9.8307,55.5372],[9.8307,55.5372],[9.8306,55.5371],[9.8306,55.5371],[9.8306,55.5371],[9.8305,55.5371],[9.8305,55.5371],[9.8305,55.5371],[9.8302,55.537],[9.8304,55.5371],[9.8304,55.5371],[9.8304,55.5371],[9.8304,55.5371],[9.8304,55.5371],[9.8304,55.5371],[9.8304,55.5371],[9.8304,55.5372],[9.8304,55.5372],[9.8306,55.5373],[9.8309,55.5374],[9.8311,55.5374],[9.8313,55.5375],[9.8316,55.5378],[9.8318,55.5381],[9.8318,55.5381],[9.832,55.5381],[9.8321,55.5381],[9.8322,55.5381],[9.8326,55.5381],[9.833,55.5382],[9.8331,55.5382],[9.8334,55.5382],[9.834,55.5382],[9.834,55.5382],[9.8341,55.5378],[9.8342,55.5374],[9.8341,55.5374],[9.8338,55.5373],[9.8335,55.5374],[9.8332,55.5374],[9.833,55.5374],[9.8328,55.5375],[9.8323,55.5374]]]},"properties":{"sourceId":"ais_par3.138072","a_type":3210,"hectares":1.471}},{"type":"Feature","id":"ais_par3.138073","geometry":{"type":"Polygon","coordinates":[[[9.8482,55.5409],[9.8459,55.5409],[9.8458,55.5409],[9.8467,55.5416],[9.8489,55.5417],[9.8491,55.541],[9.8482,55.5409]]]},"properties":{"sourceId":"ais_par3.138073","a_type":3210,"hectares":1.453}},{"type":"Feature","id":"ais_par3.138074","geometry":{"type":"Polygon","coordinates":[[[9.8473,55.532],[9.8471,55.532],[9.847,55.5321],[9.847,55.5321],[9.8469,55.5321],[9.8469,55.5321],[9.8469,55.5321],[9.8469,55.5321],[9.8469,55.5321],[9.8469,55.5321],[9.8468,55.5321],[9.8468,55.5321],[9.8468,55.5321],[9.8466,55.5321],[9.8465,55.532],[9.8465,55.532],[9.8464,55.5319],[9.8464,55.5318],[9.8463,55.5318],[9.8463,55.5318],[9.8463,55.5318],[9.8463,55.5318],[9.8458,55.5327],[9.8454,55.5336],[9.8454,55.5336],[9.846,55.5337],[9.8463,55.5338],[9.8466,55.5339],[9.8467,55.534],[9.8467,55.534],[9.8468,55.534],[9.8468,55.534],[9.8468,55.534],[9.8468,55.534],[9.8468,55.534],[9.8472,55.5341],[9.8477,55.5342],[9.8482,55.5343],[9.8487,55.5344],[9.8489,55.5335],[9.8489,55.5335],[9.849,55.5334],[9.849,55.5333],[9.8491,55.5332],[9.8491,55.5332],[9.8489,55.5331],[9.8489,55.5332],[9.8486,55.5332],[9.8486,55.533],[9.8486,55.533],[9.8486,55.5329],[9.8486,55.5328],[9.8486,55.5327],[9.8486,55.5327],[9.8486,55.5327],[9.8486,55.5327],[9.8486,55.5327],[9.8485,55.5326],[9.8484,55.5326],[9.8484,55.5325],[9.8484,55.5324],[9.8487,55.5323],[9.8488,55.5322],[9.8489,55.5322],[9.8487,55.5321],[9.8485,55.5322],[9.8482,55.5322],[9.848,55.5322],[9.8479,55.5322],[9.8478,55.5321],[9.8477,55.532],[9.8475,55.532],[9.8473,55.532]]]},"properties":{"sourceId":"ais_par3.138074","a_type":3210,"hectares":4.153}},{"type":"Feature","id":"ais_par3.138075","geometry":{"type":"Polygon","coordinates":[[[9.8466,55.5307],[9.8465,55.5307],[9.8465,55.5312],[9.8464,55.5316],[9.8464,55.5317],[9.8464,55.5317],[9.8463,55.5317],[9.8467,55.5318],[9.8468,55.5318],[9.8468,55.5318],[9.8469,55.5318],[9.8469,55.5318],[9.8469,55.5318],[9.8469,55.5318],[9.8472,55.5317],[9.8473,55.5316],[9.8472,55.5315],[9.8472,55.5314],[9.8474,55.5313],[9.8477,55.5313],[9.8479,55.5314],[9.8481,55.5313],[9.8481,55.5313],[9.8485,55.5312],[9.8488,55.5311],[9.849,55.5312],[9.8491,55.5313],[9.8492,55.5313],[9.8494,55.5312],[9.8493,55.531],[9.849,55.531],[9.8483,55.5311],[9.8481,55.5311],[9.8479,55.5311],[9.8476,55.5312],[9.8475,55.5312],[9.8473,55.531],[9.8473,55.531],[9.8475,55.5309],[9.8474,55.5308],[9.8474,55.5307],[9.8472,55.5307],[9.8471,55.5307],[9.847,55.5307],[9.847,55.5308],[9.847,55.5308],[9.847,55.5308],[9.8469,55.5308],[9.8469,55.5308],[9.8469,55.5308],[9.8469,55.5308],[9.8468,55.5308],[9.8468,55.5308],[9.8466,55.5307]]]},"properties":{"sourceId":"ais_par3.138075","a_type":3210,"hectares":0.832}},{"type":"Feature","id":"ais_par3.138079","geometry":{"type":"Polygon","coordinates":[[[9.7743,55.5346],[9.7746,55.5347],[9.7749,55.5348],[9.775,55.535],[9.7752,55.5356],[9.7754,55.536],[9.7757,55.5365],[9.7761,55.5373],[9.7765,55.5371],[9.7765,55.5371],[9.7758,55.5362],[9.7755,55.5357],[9.7753,55.5345],[9.7755,55.5339],[9.7756,55.5338],[9.7758,55.5334],[9.7758,55.5334],[9.7754,55.5333],[9.7743,55.5346]]]},"properties":{"sourceId":"ais_par3.138079","a_type":3210,"hectares":1.284}},{"type":"Feature","id":"ais_par3.138553","geometry":{"type":"Polygon","coordinates":[[[9.8451,55.5367],[9.8453,55.5361],[9.845,55.536],[9.8449,55.536],[9.8447,55.5361],[9.8446,55.5361],[9.8445,55.536],[9.8444,55.536],[9.8443,55.5359],[9.8442,55.5358],[9.844,55.5357],[9.843,55.5353],[9.8429,55.5359],[9.8432,55.5359],[9.844,55.5363],[9.8439,55.5367],[9.8439,55.5367],[9.8441,55.5365],[9.8451,55.5367]]]},"properties":{"sourceId":"ais_par3.138553","a_type":3210,"hectares":0.989}},{"type":"Feature","id":"ais_par3.138556","geometry":{"type":"Polygon","coordinates":[[[9.7805,55.5174],[9.7811,55.5174],[9.7816,55.5174],[9.7823,55.5172],[9.7822,55.5167],[9.7818,55.5168],[9.7815,55.5169],[9.781,55.5169],[9.7806,55.5168],[9.7802,55.5165],[9.7803,55.5169],[9.7806,55.5172],[9.7805,55.5174]]]},"properties":{"sourceId":"ais_par3.138556","a_type":3210,"hectares":0.702}},{"type":"Feature","id":"ais_par3.138563","geometry":{"type":"Polygon","coordinates":[[[9.8464,55.5366],[9.8461,55.5366],[9.8458,55.5366],[9.8454,55.5366],[9.8452,55.5367],[9.8451,55.5367],[9.8451,55.5372],[9.8451,55.5372],[9.8453,55.5373],[9.8461,55.5373],[9.8474,55.5372],[9.8473,55.5368],[9.8471,55.5368],[9.8469,55.5367],[9.8468,55.5367],[9.8468,55.5367],[9.8468,55.5367],[9.8468,55.5366],[9.8467,55.5366],[9.8467,55.5366],[9.8467,55.5366],[9.8467,55.5366],[9.8467,55.5366],[9.8466,55.5366],[9.8466,55.5366],[9.8464,55.5366]]]},"properties":{"sourceId":"ais_par3.138563","a_type":3210,"hectares":0.959}},{"type":"Feature","id":"ais_par3.138564","geometry":{"type":"Polygon","coordinates":[[[9.7797,55.5179],[9.7796,55.5177],[9.7796,55.5176],[9.7799,55.5176],[9.7803,55.5177],[9.7805,55.5176],[9.7805,55.5174],[9.7781,55.5174],[9.7791,55.5183],[9.7796,55.5183],[9.7798,55.5181],[9.7797,55.5179]]]},"properties":{"sourceId":"ais_par3.138564","a_type":3210,"hectares":0.861}},{"type":"Feature","id":"ais_par3.139662","geometry":{"type":"Polygon","coordinates":[[[9.8148,55.5489],[9.8133,55.549],[9.8129,55.5501],[9.8128,55.5512],[9.8128,55.5512],[9.8132,55.5512],[9.8132,55.551],[9.8133,55.5508],[9.8135,55.5495],[9.8138,55.5495],[9.814,55.5492],[9.8147,55.5492],[9.8148,55.5489]]]},"properties":{"sourceId":"ais_par3.139662","a_type":4110,"hectares":1.002}},{"type":"Feature","id":"ais_par3.139663","geometry":{"type":"Polygon","coordinates":[[[9.796,55.5433],[9.7959,55.5434],[9.7941,55.5432],[9.7939,55.5437],[9.7958,55.5439],[9.7957,55.5442],[9.7985,55.5445],[9.7986,55.5441],[9.8003,55.5443],[9.8003,55.5438],[9.7992,55.5437],[9.796,55.5433]]]},"properties":{"sourceId":"ais_par3.139663","a_type":4110,"hectares":3.002}},{"type":"Feature","id":"ais_par3.139664","geometry":{"type":"Polygon","coordinates":[[[9.8362,55.5523],[9.8347,55.5514],[9.8344,55.5514],[9.8341,55.5514],[9.8336,55.5512],[9.8335,55.5511],[9.8335,55.5511],[9.8333,55.5513],[9.8333,55.5513],[9.8334,55.5513],[9.8335,55.5515],[9.8342,55.5518],[9.8341,55.5519],[9.8338,55.5519],[9.8335,55.552],[9.8332,55.5523],[9.8332,55.5523],[9.8333,55.5524],[9.8344,55.5528],[9.835,55.5529],[9.8357,55.553],[9.8362,55.5523]]]},"properties":{"sourceId":"ais_par3.139664","a_type":4110,"hectares":2.017}},{"type":"Feature","id":"ais_par3.139665","geometry":{"type":"Polygon","coordinates":[[[9.8218,55.534],[9.823,55.534],[9.8232,55.5329],[9.822,55.5327],[9.822,55.5327],[9.8222,55.533],[9.8223,55.533],[9.8224,55.533],[9.8225,55.5331],[9.8225,55.5332],[9.8223,55.5332],[9.8223,55.5332],[9.8222,55.5332],[9.8225,55.5336],[9.8215,55.5337],[9.8215,55.5337],[9.8216,55.5338],[9.8218,55.534]],[[9.822,55.5338],[9.8219,55.5338],[9.8219,55.5337],[9.8219,55.5337],[9.822,55.5337],[9.8221,55.5337],[9.8221,55.5337],[9.8221,55.5337],[9.8222,55.5337],[9.8222,55.5337],[9.8222,55.5337],[9.8222,55.5337],[9.8222,55.5338],[9.8221,55.5338],[9.822,55.5338],[9.822,55.5338]]]},"properties":{"sourceId":"ais_par3.139665","a_type":4110,"hectares":0.864}},{"type":"Feature","id":"ais_par3.139666","geometry":{"type":"Polygon","coordinates":[[[9.7751,55.52],[9.7749,55.5202],[9.7748,55.5202],[9.7746,55.5203],[9.7744,55.5204],[9.7744,55.5205],[9.7744,55.5205],[9.7745,55.5205],[9.7746,55.5205],[9.7751,55.5207],[9.7757,55.5203],[9.7757,55.5203],[9.7758,55.5203],[9.776,55.5202],[9.7764,55.52],[9.7768,55.5197],[9.7775,55.5193],[9.7773,55.5192],[9.7772,55.519],[9.777,55.5191],[9.7765,55.5194],[9.7762,55.5196],[9.7759,55.5196],[9.7759,55.5197],[9.7759,55.5197],[9.7759,55.5197],[9.7759,55.5197],[9.7757,55.5198],[9.7755,55.5198],[9.7751,55.52]],[[9.7751,55.5204],[9.7752,55.5204],[9.7753,55.5204],[9.7754,55.5204],[9.7754,55.5203],[9.7755,55.5203],[9.7755,55.5203],[9.7755,55.5204],[9.7754,55.5205],[9.7754,55.5205],[9.7753,55.5206],[9.7752,55.5206],[9.7751,55.5206],[9.775,55.5205],[9.775,55.5206],[9.7749,55.5206],[9.7749,55.5205],[9.775,55.5205],[9.7751,55.5205],[9.7751,55.5205],[9.7751,55.5204]]]},"properties":{"sourceId":"ais_par3.139666","a_type":4110,"hectares":0.972}},{"type":"Feature","id":"ais_par3.139667","geometry":{"type":"Polygon","coordinates":[[[9.8037,55.5144],[9.8035,55.5145],[9.8035,55.5145],[9.8034,55.5145],[9.8034,55.5146],[9.8034,55.5146],[9.8033,55.5146],[9.8033,55.5146],[9.8033,55.5146],[9.8032,55.5146],[9.803,55.5147],[9.8026,55.5147],[9.8026,55.5148],[9.8026,55.5148],[9.8025,55.5148],[9.8024,55.5148],[9.8024,55.5149],[9.8023,55.5149],[9.8022,55.5149],[9.8022,55.515],[9.8019,55.515],[9.8017,55.5151],[9.8015,55.5152],[9.8014,55.5153],[9.801,55.5156],[9.8009,55.5156],[9.8008,55.5157],[9.8008,55.5157],[9.8009,55.5158],[9.8009,55.5158],[9.8009,55.5158],[9.801,55.5159],[9.8011,55.5159],[9.8016,55.5158],[9.8022,55.5157],[9.8031,55.5156],[9.8035,55.5155],[9.8037,55.5155],[9.8039,55.5154],[9.8044,55.5152],[9.8049,55.515],[9.8054,55.5149],[9.806,55.5147],[9.8057,55.5144],[9.8054,55.5141],[9.8051,55.5138],[9.8049,55.5139],[9.8048,55.514],[9.8046,55.5141],[9.8044,55.5141],[9.8042,55.5142],[9.8037,55.5144]],[[9.8024,55.5154],[9.8023,55.5154],[9.8023,55.5153],[9.8023,55.5153],[9.8023,55.5152],[9.8023,55.5152],[9.8024,55.5152],[9.8024,55.5152],[9.8025,55.5152],[9.8026,55.5152],[9.8026,55.5153],[9.8026,55.5153],[9.8026,55.5154],[9.8026,55.5154],[9.8025,55.5154],[9.8024,55.5154],[9.8024,55.5154]]]},"properties":{"sourceId":"ais_par3.139667","a_type":4110,"hectares":2.855}},{"type":"Feature","id":"ais_par3.139668","geometry":{"type":"Polygon","coordinates":[[[9.8092,55.5117],[9.8089,55.5118],[9.8086,55.5119],[9.8085,55.512],[9.8083,55.5121],[9.8082,55.5122],[9.8081,55.5122],[9.8084,55.5128],[9.8103,55.5124],[9.8099,55.5117],[9.8105,55.5115],[9.8103,55.5114],[9.8103,55.5114],[9.8094,55.5116],[9.8092,55.5117]]]},"properties":{"sourceId":"ais_par3.139668","a_type":4110,"hectares":1.23}},{"type":"Feature","id":"ais_par3.139669","geometry":{"type":"Polygon","coordinates":[[[9.7863,55.5143],[9.7861,55.5146],[9.7859,55.5146],[9.7857,55.5147],[9.787,55.515],[9.7876,55.5146],[9.7877,55.5146],[9.7863,55.5143]],[[9.7868,55.5148],[9.7868,55.5148],[9.7868,55.5148],[9.7868,55.5147],[9.7869,55.5147],[9.787,55.5147],[9.787,55.5147],[9.7871,55.5147],[9.7871,55.5146],[9.7872,55.5146],[9.7873,55.5146],[9.7874,55.5145],[9.7874,55.5146],[9.7875,55.5146],[9.7875,55.5146],[9.7874,55.5147],[9.7873,55.5147],[9.7872,55.5148],[9.7872,55.5148],[9.7871,55.5148],[9.787,55.5149],[9.7869,55.5149],[9.7869,55.5149],[9.7868,55.5149],[9.7868,55.5148]]]},"properties":{"sourceId":"ais_par3.139669","a_type":4110,"hectares":0.393}},{"type":"Feature","id":"ais_par3.139670","geometry":{"type":"Polygon","coordinates":[[[9.8194,55.5115],[9.8195,55.5117],[9.8198,55.5119],[9.8204,55.5118],[9.821,55.5117],[9.822,55.5114],[9.824,55.5113],[9.824,55.5112],[9.8238,55.5112],[9.8237,55.511],[9.8235,55.5109],[9.8226,55.5111],[9.8225,55.511],[9.821,55.5114],[9.8206,55.5115],[9.8203,55.5114],[9.8202,55.5112],[9.8194,55.5115]]]},"properties":{"sourceId":"ais_par3.139670","a_type":4110,"hectares":1.003}},{"type":"Feature","id":"ais_par3.139671","geometry":{"type":"Polygon","coordinates":[[[9.8319,55.5127],[9.8308,55.5129],[9.8302,55.5131],[9.8299,55.5132],[9.8305,55.5136],[9.831,55.514],[9.8311,55.5141],[9.8317,55.5139],[9.8318,55.5138],[9.8319,55.5138],[9.832,55.5138],[9.832,55.5138],[9.8321,55.5137],[9.8321,55.5137],[9.8322,55.5136],[9.8325,55.5134],[9.8327,55.5134],[9.8327,55.5133],[9.8329,55.5133],[9.833,55.5132],[9.8336,55.513],[9.8338,55.513],[9.8341,55.513],[9.8344,55.513],[9.8347,55.513],[9.835,55.513],[9.8356,55.5132],[9.8358,55.5132],[9.8358,55.5132],[9.8358,55.5132],[9.8365,55.5129],[9.8362,55.5126],[9.8358,55.5123],[9.8353,55.5119],[9.8353,55.5118],[9.8353,55.5118],[9.8343,55.5121],[9.8335,55.5123],[9.833,55.5124],[9.8319,55.5127]]]},"properties":{"sourceId":"ais_par3.139671","a_type":4110,"hectares":4.026}},{"type":"Feature","id":"ais_par3.139672","geometry":{"type":"Polygon","coordinates":[[[9.8387,55.5136],[9.8396,55.5138],[9.8405,55.514],[9.8411,55.5142],[9.8419,55.5139],[9.8405,55.5128],[9.8387,55.5136]]]},"properties":{"sourceId":"ais_par3.139672","a_type":4110,"hectares":1.448}},{"type":"Feature","id":"ais_par3.139673","geometry":{"type":"Polygon","coordinates":[[[9.8277,55.5248],[9.8278,55.525],[9.829,55.5249],[9.8313,55.5249],[9.8312,55.5246],[9.8317,55.5245],[9.8318,55.5245],[9.8317,55.5243],[9.831,55.5244],[9.8311,55.5246],[9.8294,55.5247],[9.829,55.5247],[9.8289,55.5246],[9.8277,55.5248]]]},"properties":{"sourceId":"ais_par3.139673","a_type":4110,"hectares":0.695}},{"type":"Feature","id":"ais_par3.139674","geometry":{"type":"Polygon","coordinates":[[[9.8369,55.5253],[9.8368,55.5252],[9.8368,55.5252],[9.8368,55.5252],[9.8365,55.5252],[9.8362,55.5252],[9.8359,55.5252],[9.8355,55.5251],[9.8353,55.5251],[9.8354,55.5252],[9.8357,55.5253],[9.8363,55.5254],[9.8365,55.5255],[9.8366,55.5256],[9.8366,55.5258],[9.8366,55.5258],[9.8366,55.5258],[9.8365,55.5259],[9.8365,55.5259],[9.8367,55.526],[9.8367,55.5261],[9.8367,55.5261],[9.8368,55.526],[9.8371,55.526],[9.8373,55.526],[9.8374,55.5259],[9.8376,55.5258],[9.8378,55.5258],[9.8382,55.5258],[9.8384,55.5257],[9.8386,55.5256],[9.8389,55.5254],[9.8391,55.5253],[9.8395,55.5253],[9.8396,55.5254],[9.8397,55.5255],[9.8398,55.5254],[9.8399,55.5253],[9.8398,55.5252],[9.8397,55.5251],[9.8392,55.5251],[9.839,55.5252],[9.8389,55.5252],[9.8386,55.5253],[9.8384,55.5253],[9.838,55.5254],[9.8377,55.5255],[9.8374,55.5255],[9.8371,55.5256],[9.8371,55.5255],[9.837,55.5254],[9.8369,55.5253]]]},"properties":{"sourceId":"ais_par3.139674","a_type":4110,"hectares":1.059}},{"type":"Feature","id":"ais_par3.139675","geometry":{"type":"Polygon","coordinates":[[[9.8378,55.5242],[9.8376,55.5242],[9.8375,55.5241],[9.8375,55.5242],[9.8373,55.5242],[9.8371,55.5242],[9.8371,55.5243],[9.8371,55.5243],[9.8371,55.5245],[9.8372,55.5246],[9.8373,55.5245],[9.8377,55.5245],[9.8381,55.5244],[9.8385,55.5244],[9.8387,55.5244],[9.8387,55.5244],[9.8388,55.5245],[9.839,55.5245],[9.8393,55.5245],[9.8397,55.5246],[9.84,55.5246],[9.8403,55.5246],[9.8403,55.5246],[9.8401,55.5245],[9.8399,55.5244],[9.8397,55.5243],[9.8395,55.5243],[9.8395,55.5242],[9.8392,55.5243],[9.8388,55.5243],[9.8387,55.5243],[9.8386,55.5243],[9.8385,55.5242],[9.8383,55.5242],[9.8381,55.5242],[9.8378,55.5242]]]},"properties":{"sourceId":"ais_par3.139675","a_type":4110,"hectares":0.528}},{"type":"Feature","id":"ais_par3.139679","geometry":{"type":"Polygon","coordinates":[[[9.8368,55.5096],[9.8381,55.5111],[9.8401,55.5106],[9.8368,55.5096]]]},"properties":{"sourceId":"ais_par3.139679","a_type":4110,"hectares":1.259}},{"type":"Feature","id":"ais_par3.139680","geometry":{"type":"Polygon","coordinates":[[[9.8397,55.5054],[9.8379,55.5053],[9.8371,55.5053],[9.8363,55.5048],[9.8362,55.5051],[9.8365,55.5055],[9.8365,55.5062],[9.8369,55.5069],[9.8381,55.5073],[9.8398,55.5076],[9.8425,55.5082],[9.8434,55.5058],[9.8429,55.5059],[9.8421,55.5061],[9.8412,55.5058],[9.8397,55.5054]]]},"properties":{"sourceId":"ais_par3.139680","a_type":4110,"hectares":9.108}},{"type":"Feature","id":"ais_par3.139681","geometry":{"type":"Polygon","coordinates":[[[9.8454,55.5057],[9.8444,55.5056],[9.8435,55.5085],[9.8486,55.5092],[9.8479,55.5119],[9.8498,55.5122],[9.8498,55.5122],[9.8499,55.5118],[9.8506,55.5116],[9.8514,55.5113],[9.8525,55.5108],[9.8537,55.5102],[9.8544,55.5099],[9.8549,55.5101],[9.8552,55.5094],[9.8553,55.5087],[9.8539,55.5084],[9.8532,55.5079],[9.8521,55.5078],[9.8508,55.5076],[9.8504,55.5072],[9.8492,55.5068],[9.8471,55.5065],[9.8454,55.5057]]]},"properties":{"sourceId":"ais_par3.139681","a_type":4110,"hectares":25.082}},{"type":"Feature","id":"ais_par3.139692","geometry":{"type":"Polygon","coordinates":[[[9.7887,55.5403],[9.7878,55.5404],[9.7876,55.5405],[9.7876,55.5405],[9.7872,55.541],[9.7872,55.5411],[9.7871,55.5414],[9.7872,55.5414],[9.7873,55.5416],[9.7871,55.5418],[9.7873,55.5419],[9.7876,55.5421],[9.7879,55.5421],[9.7883,55.5409],[9.7894,55.5409],[9.7899,55.5402],[9.7893,55.5399],[9.7892,55.5399],[9.789,55.5401],[9.7887,55.5403]]]},"properties":{"sourceId":"ais_par3.139692","a_type":4110,"hectares":1.76}},{"type":"Feature","id":"ais_par3.139693","geometry":{"type":"Polygon","coordinates":[[[9.8406,55.5391],[9.8403,55.5392],[9.8402,55.5391],[9.8403,55.5393],[9.8404,55.5394],[9.8407,55.5395],[9.8409,55.5396],[9.8413,55.5396],[9.8415,55.5396],[9.8417,55.5395],[9.8415,55.5394],[9.8414,55.5393],[9.8411,55.5392],[9.8409,55.5391],[9.8406,55.5391]]]},"properties":{"sourceId":"ais_par3.139693","a_type":4110,"hectares":0.302}},{"type":"Feature","id":"ais_par3.139694","geometry":{"type":"Polygon","coordinates":[[[9.8437,55.5403],[9.8438,55.5404],[9.8438,55.5407],[9.8436,55.5411],[9.8436,55.5414],[9.8435,55.5415],[9.8435,55.5416],[9.8439,55.5417],[9.844,55.5417],[9.8441,55.5415],[9.8442,55.5412],[9.8443,55.5409],[9.8444,55.5406],[9.844,55.5404],[9.8437,55.5403]]]},"properties":{"sourceId":"ais_par3.139694","a_type":4110,"hectares":0.479}},{"type":"Feature","id":"ais_par3.139695","geometry":{"type":"Polygon","coordinates":[[[9.8416,55.5421],[9.8408,55.5422],[9.8413,55.5425],[9.8421,55.5424],[9.8424,55.5424],[9.8432,55.5423],[9.8436,55.5423],[9.8439,55.5421],[9.8439,55.542],[9.8438,55.542],[9.8435,55.542],[9.8428,55.5422],[9.8424,55.5422],[9.8422,55.5423],[9.8421,55.5423],[9.8421,55.5423],[9.842,55.5422],[9.8423,55.5421],[9.8424,55.542],[9.8425,55.542],[9.8426,55.5419],[9.8426,55.5418],[9.8422,55.5418],[9.8419,55.542],[9.8416,55.5421]]]},"properties":{"sourceId":"ais_par3.139695","a_type":4110,"hectares":0.633}},{"type":"Feature","id":"ais_par3.139696","geometry":{"type":"Polygon","coordinates":[[[9.7733,55.5274],[9.773,55.5275],[9.773,55.5275],[9.7735,55.5283],[9.7738,55.5282],[9.7742,55.528],[9.7743,55.528],[9.7743,55.528],[9.774,55.5278],[9.7742,55.5276],[9.7744,55.5274],[9.7742,55.5272],[9.7736,55.5271],[9.7734,55.5271],[9.7733,55.5271],[9.7734,55.5271],[9.7734,55.5273],[9.7733,55.5274]]]},"properties":{"sourceId":"ais_par3.139696","a_type":4110,"hectares":0.697}},{"type":"Feature","id":"ais_par3.139698","geometry":{"type":"Polygon","coordinates":[[[9.8058,55.55],[9.8046,55.5505],[9.8045,55.5507],[9.8046,55.5509],[9.8049,55.5507],[9.8053,55.5506],[9.8059,55.5503],[9.8064,55.5501],[9.8066,55.5501],[9.8067,55.5498],[9.8067,55.5498],[9.8063,55.5499],[9.8058,55.55]]]},"properties":{"sourceId":"ais_par3.139698","a_type":4110,"hectares":0.47}},{"type":"Feature","id":"ais_par3.139699","geometry":{"type":"Polygon","coordinates":[[[9.795,55.5394],[9.7938,55.5392],[9.7933,55.5402],[9.7933,55.5402],[9.7938,55.5401],[9.7944,55.54],[9.7947,55.5399],[9.7947,55.5399],[9.7963,55.5399],[9.797,55.5399],[9.7971,55.5394],[9.7952,55.5393],[9.795,55.5394]]]},"properties":{"sourceId":"ais_par3.139699","a_type":4110,"hectares":1.529}},{"type":"Feature","id":"ais_par3.139700","geometry":{"type":"Polygon","coordinates":[[[9.7905,55.5428],[9.7903,55.5432],[9.7914,55.5434],[9.7927,55.5435],[9.793,55.5431],[9.7925,55.5431],[9.7917,55.543],[9.7905,55.5428]]]},"properties":{"sourceId":"ais_par3.139700","a_type":4110,"hectares":0.714}},{"type":"Feature","id":"ais_par3.139701","geometry":{"type":"Polygon","coordinates":[[[9.8431,55.5485],[9.843,55.5486],[9.8431,55.5486],[9.8431,55.5486],[9.8431,55.5487],[9.8431,55.5487],[9.843,55.5487],[9.8429,55.5487],[9.8428,55.549],[9.8437,55.5491],[9.8437,55.5491],[9.8443,55.5483],[9.8435,55.5482],[9.8431,55.5485]]]},"properties":{"sourceId":"ais_par3.139701","a_type":4110,"hectares":0.596}},{"type":"Feature","id":"ais_par3.139702","geometry":{"type":"Polygon","coordinates":[[[9.7756,55.5338],[9.7755,55.5339],[9.7753,55.5345],[9.7755,55.5357],[9.7758,55.5362],[9.7765,55.5371],[9.7765,55.5371],[9.7771,55.5369],[9.7763,55.5362],[9.7759,55.5355],[9.7758,55.5346],[9.7761,55.5339],[9.776,55.5339],[9.7756,55.5338]]]},"properties":{"sourceId":"ais_par3.139702","a_type":4110,"hectares":1.207}},{"type":"Feature","id":"ais_par3.141438","geometry":{"type":"Polygon","coordinates":[[[9.8325,55.552],[9.8332,55.5523],[9.8332,55.5523],[9.8335,55.552],[9.8338,55.5519],[9.8341,55.5519],[9.8342,55.5518],[9.8335,55.5515],[9.8334,55.5513],[9.8333,55.5513],[9.8333,55.5513],[9.8329,55.5516],[9.8325,55.552]],[[9.8338,55.5516],[9.8339,55.5517],[9.8339,55.5517],[9.834,55.5517],[9.8341,55.5517],[9.8341,55.5518],[9.8341,55.5518],[9.8341,55.5518],[9.8341,55.5518],[9.834,55.5519],[9.834,55.5519],[9.8339,55.5519],[9.8339,55.5518],[9.8338,55.5518],[9.8337,55.5518],[9.8336,55.5518],[9.8335,55.5517],[9.8335,55.5517],[9.8335,55.5517],[9.8335,55.5516],[9.8335,55.5516],[9.8335,55.5516],[9.8335,55.5515],[9.8335,55.5515],[9.8336,55.5515],[9.8337,55.5516],[9.8338,55.5516],[9.8338,55.5516]]]},"properties":{"sourceId":"ais_par3.141438","a_type":4120,"hectares":0.491}},{"type":"Feature","id":"ais_par3.141488","geometry":{"type":"Polygon","coordinates":[[[9.771,55.5245],[9.7692,55.5249],[9.77,55.5262],[9.7702,55.5264],[9.7706,55.5264],[9.7715,55.5265],[9.7724,55.5267],[9.7729,55.5269],[9.7733,55.5271],[9.7734,55.5271],[9.7736,55.5271],[9.7742,55.5272],[9.7744,55.5274],[9.7742,55.5276],[9.774,55.5278],[9.7743,55.528],[9.7743,55.528],[9.7744,55.5279],[9.7748,55.5279],[9.7752,55.5278],[9.7756,55.5276],[9.7761,55.5276],[9.7769,55.5275],[9.7775,55.5275],[9.7777,55.5275],[9.7779,55.5274],[9.7779,55.5272],[9.778,55.5271],[9.7783,55.5271],[9.7787,55.527],[9.7791,55.5268],[9.779,55.5267],[9.7789,55.5266],[9.7786,55.5264],[9.7787,55.5263],[9.7792,55.5262],[9.7795,55.5262],[9.7798,55.5261],[9.7803,55.526],[9.7808,55.5258],[9.7812,55.5256],[9.7816,55.5254],[9.7818,55.5252],[9.782,55.525],[9.7818,55.5248],[9.7816,55.5245],[9.7811,55.5246],[9.7806,55.5248],[9.7802,55.5249],[9.7793,55.5252],[9.7788,55.5254],[9.7783,55.5256],[9.7779,55.5257],[9.7775,55.5259],[9.7769,55.526],[9.7766,55.5261],[9.7762,55.5262],[9.7754,55.5264],[9.7751,55.5265],[9.7747,55.5265],[9.7742,55.5265],[9.7738,55.5265],[9.7737,55.5264],[9.7737,55.5262],[9.774,55.5261],[9.7744,55.5259],[9.775,55.5257],[9.775,55.5255],[9.7745,55.5254],[9.7739,55.5254],[9.7735,55.5253],[9.7734,55.5253],[9.7732,55.525],[9.7731,55.5247],[9.7732,55.5245],[9.7733,55.5245],[9.7735,55.5245],[9.7737,55.5245],[9.7737,55.5245],[9.7738,55.5245],[9.7739,55.5245],[9.7739,55.5245],[9.7741,55.5245],[9.7741,55.5245],[9.7742,55.5245],[9.7744,55.5244],[9.7745,55.5244],[9.7746,55.5245],[9.7747,55.5245],[9.7748,55.5245],[9.7747,55.5246],[9.7747,55.5246],[9.7747,55.5246],[9.7749,55.5246],[9.7749,55.5246],[9.7753,55.5244],[9.7751,55.5243],[9.7747,55.5243],[9.7745,55.5242],[9.7742,55.5242],[9.7738,55.5241],[9.7735,55.524],[9.7735,55.5239],[9.7737,55.5239],[9.7742,55.5237],[9.7744,55.5235],[9.7747,55.5233],[9.7747,55.5232],[9.7747,55.5231],[9.7748,55.5229],[9.7749,55.5228],[9.775,55.5227],[9.775,55.5225],[9.7747,55.5223],[9.7744,55.5223],[9.7741,55.5223],[9.7738,55.5224],[9.7731,55.5227],[9.7728,55.5227],[9.7726,55.5226],[9.7727,55.5224],[9.7727,55.5221],[9.7727,55.5219],[9.7727,55.5216],[9.7728,55.5214],[9.7728,55.5211],[9.7728,55.5211],[9.7727,55.5207],[9.7724,55.5205],[9.772,55.5207],[9.7717,55.5209],[9.7715,55.5211],[9.7714,55.5217],[9.7709,55.522],[9.7702,55.5221],[9.7702,55.5222],[9.7708,55.5226],[9.7708,55.5229],[9.7705,55.5231],[9.7704,55.5234],[9.7709,55.5243],[9.771,55.5245]],[[9.7735,55.5236],[9.7735,55.5235],[9.7735,55.5235],[9.7735,55.5234],[9.7735,55.5234],[9.7737,55.5234],[9.7737,55.5234],[9.7737,55.5234],[9.7737,55.5234],[9.7738,55.5234],[9.7739,55.5234],[9.7739,55.5234],[9.7739,55.5234],[9.774,55.5234],[9.774,55.5234],[9.7741,55.5233],[9.7742,55.5232],[9.7742,55.5232],[9.7741,55.5232],[9.7741,55.5231],[9.774,55.5231],[9.774,55.5231],[9.774,55.523],[9.7741,55.523],[9.7742,55.523],[9.7742,55.5231],[9.7742,55.5231],[9.7743,55.5231],[9.7743,55.5231],[9.7744,55.5231],[9.7744,55.5232],[9.7744,55.5232],[9.7744,55.5233],[9.7744,55.5233],[9.7743,55.5234],[9.7743,55.5234],[9.7743,55.5234],[9.7742,55.5234],[9.7742,55.5234],[9.7742,55.5234],[9.7742,55.5235],[9.7741,55.5235],[9.7741,55.5236],[9.774,55.5236],[9.774,55.5237],[9.774,55.5237],[9.7739,55.5237],[9.7738,55.5238],[9.7737,55.5238],[9.7737,55.5237],[9.7737,55.5237],[9.7736,55.5236],[9.7736,55.5236],[9.7735,55.5236]]]},"properties":{"sourceId":"ais_par3.141488","a_type":4120,"hectares":20.419}},{"type":"Feature","id":"ais_par3.150317","geometry":{"type":"Polygon","coordinates":[[[9.7981,55.5475],[9.798,55.5476],[9.7982,55.5477],[9.7984,55.5477],[9.7984,55.5476],[9.7983,55.5475],[9.7981,55.5475]]]},"properties":{"sourceId":"ais_par3.150317","a_type":5120,"hectares":0.044}},{"type":"Feature","id":"ais_par3.143135","geometry":{"type":"Polygon","coordinates":[[[9.7719,55.5282],[9.7716,55.5282],[9.7716,55.5282],[9.7718,55.5287],[9.7721,55.5287],[9.7723,55.5288],[9.7736,55.5285],[9.7735,55.5283],[9.773,55.5275],[9.773,55.5275],[9.7729,55.5275],[9.7728,55.5276],[9.7726,55.5278],[9.7723,55.528],[9.7719,55.5282]]]},"properties":{"sourceId":"ais_par3.143135","a_type":4120,"hectares":0.985}},{"type":"Feature","id":"ais_par3.143118","geometry":{"type":"Polygon","coordinates":[[[9.799,55.5489],[9.7988,55.5489],[9.7986,55.549],[9.7985,55.549],[9.7991,55.5492],[9.7991,55.5492],[9.7991,55.5492],[9.7993,55.549],[9.7993,55.549],[9.7991,55.5489],[9.799,55.5489]]]},"properties":{"sourceId":"ais_par3.143118","a_type":4120,"hectares":0.093}},{"type":"Feature","id":"ais_par3.143109","geometry":{"type":"Polygon","coordinates":[[[9.8347,55.5514],[9.8338,55.5509],[9.8336,55.551],[9.8335,55.5511],[9.8335,55.5511],[9.8336,55.5512],[9.8341,55.5514],[9.8344,55.5514],[9.8347,55.5514]]]},"properties":{"sourceId":"ais_par3.143109","a_type":4120,"hectares":0.181}},{"type":"Feature","id":"ais_par3.143110","geometry":{"type":"Polygon","coordinates":[[[9.821,55.5328],[9.8212,55.5334],[9.8215,55.5337],[9.8215,55.5337],[9.8225,55.5336],[9.8222,55.5332],[9.8222,55.533],[9.822,55.5327],[9.821,55.5328]]]},"properties":{"sourceId":"ais_par3.143110","a_type":4120,"hectares":0.649}},{"type":"Feature","id":"ais_par3.143111","geometry":{"type":"Polygon","coordinates":[[[9.8357,55.526],[9.8357,55.5261],[9.8358,55.5262],[9.836,55.5262],[9.8362,55.5262],[9.8364,55.5262],[9.8365,55.5263],[9.8366,55.5262],[9.8367,55.5261],[9.8367,55.5261],[9.8367,55.5261],[9.8367,55.526],[9.8365,55.5259],[9.8365,55.5259],[9.8366,55.5258],[9.8366,55.5258],[9.8363,55.5258],[9.8361,55.5258],[9.8361,55.5259],[9.836,55.5259],[9.8357,55.526]]]},"properties":{"sourceId":"ais_par3.143111","a_type":4120,"hectares":0.209}},{"type":"Feature","id":"ais_par3.143112","geometry":{"type":"Polygon","coordinates":[[[9.8374,55.5251],[9.8371,55.525],[9.8371,55.525],[9.8369,55.525],[9.8368,55.5251],[9.8368,55.5252],[9.8368,55.5252],[9.8369,55.5253],[9.837,55.5254],[9.8371,55.5255],[9.8371,55.5256],[9.8374,55.5255],[9.8377,55.5255],[9.838,55.5254],[9.8384,55.5253],[9.8386,55.5253],[9.8389,55.5252],[9.839,55.5252],[9.839,55.5251],[9.839,55.525],[9.839,55.525],[9.8387,55.5251],[9.8382,55.5251],[9.8378,55.5251],[9.8374,55.5251]]]},"properties":{"sourceId":"ais_par3.143112","a_type":4120,"hectares":0.494}},{"type":"Feature","id":"ais_par3.143113","geometry":{"type":"Polygon","coordinates":[[[9.836,55.5244],[9.8356,55.5245],[9.8352,55.5246],[9.8348,55.5245],[9.8348,55.5246],[9.8349,55.5248],[9.8351,55.5248],[9.8354,55.5251],[9.8356,55.525],[9.8356,55.5249],[9.8357,55.5247],[9.836,55.5247],[9.8368,55.5247],[9.837,55.5247],[9.837,55.5246],[9.8372,55.5246],[9.8371,55.5245],[9.8371,55.5243],[9.8371,55.5243],[9.8371,55.5242],[9.8368,55.5243],[9.8364,55.5243],[9.836,55.5244]]]},"properties":{"sourceId":"ais_par3.143113","a_type":4120,"hectares":0.539}},{"type":"Feature","id":"ais_par3.143114","geometry":{"type":"Polygon","coordinates":[[[9.8403,55.524],[9.8396,55.5242],[9.8395,55.5242],[9.8395,55.5243],[9.8397,55.5243],[9.8399,55.5244],[9.8401,55.5245],[9.8403,55.5246],[9.8403,55.5246],[9.8403,55.5246],[9.841,55.5247],[9.8413,55.5248],[9.8415,55.5247],[9.8417,55.5245],[9.8416,55.5243],[9.8415,55.5242],[9.8412,55.5242],[9.8409,55.5242],[9.8408,55.5242],[9.8405,55.524],[9.8403,55.524]]]},"properties":{"sourceId":"ais_par3.143114","a_type":4120,"hectares":0.647}},{"type":"Feature","id":"ais_par3.143123","geometry":{"type":"Polygon","coordinates":[[[9.8091,55.5443],[9.8089,55.5444],[9.8087,55.5444],[9.8101,55.5446],[9.811,55.5446],[9.811,55.5447],[9.8113,55.5447],[9.8114,55.5445],[9.8112,55.5444],[9.8107,55.5444],[9.8098,55.5443],[9.8091,55.5443]]]},"properties":{"sourceId":"ais_par3.143123","a_type":4120,"hectares":0.368}},{"type":"Feature","id":"ais_par3.143124","geometry":{"type":"Polygon","coordinates":[[[9.8348,55.5506],[9.8352,55.5508],[9.8356,55.5507],[9.8356,55.5508],[9.8358,55.5507],[9.8361,55.5507],[9.8362,55.5506],[9.836,55.5505],[9.8357,55.5503],[9.8356,55.5502],[9.8348,55.5506]]]},"properties":{"sourceId":"ais_par3.143124","a_type":4120,"hectares":0.311}},{"type":"Feature","id":"ais_par3.143125","geometry":{"type":"Polygon","coordinates":[[[9.8313,55.5503],[9.831,55.5509],[9.8314,55.5509],[9.8315,55.5502],[9.8313,55.5503]]]},"properties":{"sourceId":"ais_par3.143125","a_type":4120,"hectares":0.116}},{"type":"Feature","id":"ais_par3.143126","geometry":{"type":"Polygon","coordinates":[[[9.8288,55.5444],[9.8288,55.5444],[9.8282,55.5445],[9.8283,55.5449],[9.829,55.5448],[9.8288,55.5444]],[[9.8285,55.5448],[9.8284,55.5448],[9.8284,55.5447],[9.8284,55.5447],[9.8284,55.5446],[9.8284,55.5446],[9.8285,55.5445],[9.8287,55.5445],[9.8287,55.5445],[9.8288,55.5446],[9.8288,55.5446],[9.8288,55.5447],[9.8287,55.5447],[9.8287,55.5448],[9.8286,55.5448],[9.8285,55.5448]]]},"properties":{"sourceId":"ais_par3.143126","a_type":4120,"hectares":0.116}},{"type":"Feature","id":"ais_par3.143127","geometry":{"type":"Polygon","coordinates":[[[9.8236,55.5421],[9.8239,55.5421],[9.8241,55.5422],[9.8241,55.5422],[9.8242,55.5421],[9.8242,55.542],[9.8242,55.5419],[9.8242,55.5418],[9.8241,55.5417],[9.824,55.5416],[9.824,55.5416],[9.824,55.5416],[9.8237,55.5415],[9.8234,55.5415],[9.823,55.5416],[9.823,55.5416],[9.8229,55.5417],[9.8229,55.5417],[9.8229,55.5417],[9.8229,55.5417],[9.823,55.5417],[9.823,55.5418],[9.823,55.5418],[9.823,55.5418],[9.823,55.5418],[9.823,55.5418],[9.823,55.5418],[9.823,55.5418],[9.8231,55.5419],[9.8233,55.542],[9.8234,55.542],[9.8236,55.5421]],[[9.8238,55.5419],[9.8237,55.5419],[9.8237,55.5419],[9.8236,55.5419],[9.8235,55.5419],[9.8234,55.5419],[9.8234,55.5419],[9.8233,55.5418],[9.8232,55.5418],[9.8232,55.5417],[9.8232,55.5417],[9.8232,55.5416],[9.8233,55.5416],[9.8234,55.5416],[9.8235,55.5417],[9.8236,55.5417],[9.8237,55.5417],[9.8238,55.5417],[9.8239,55.5417],[9.8239,55.5418],[9.824,55.5419],[9.8239,55.5419],[9.8239,55.5419],[9.8238,55.5419]]]},"properties":{"sourceId":"ais_par3.143127","a_type":4120,"hectares":0.285}},{"type":"Feature","id":"ais_par3.143128","geometry":{"type":"Polygon","coordinates":[[[9.825,55.541],[9.8253,55.541],[9.8254,55.541],[9.8255,55.5409],[9.8255,55.5409],[9.8255,55.5409],[9.8255,55.5409],[9.8255,55.5406],[9.8255,55.5404],[9.8255,55.5404],[9.8255,55.5403],[9.8255,55.5403],[9.8254,55.5403],[9.8253,55.5403],[9.8252,55.5403],[9.8251,55.5403],[9.825,55.5403],[9.8249,55.5403],[9.8248,55.5403],[9.8247,55.5404],[9.8247,55.5404],[9.8247,55.5405],[9.8247,55.5406],[9.8247,55.5406],[9.8247,55.5407],[9.8247,55.5408],[9.8247,55.5409],[9.8247,55.5409],[9.8247,55.541],[9.8247,55.541],[9.8248,55.541],[9.8248,55.541],[9.8248,55.541],[9.825,55.541]],[[9.825,55.5407],[9.8249,55.5407],[9.8249,55.5406],[9.8249,55.5406],[9.8249,55.5405],[9.8249,55.5405],[9.825,55.5404],[9.8251,55.5404],[9.8252,55.5404],[9.8253,55.5404],[9.8253,55.5405],[9.8253,55.5405],[9.8252,55.5406],[9.8252,55.5406],[9.8253,55.5407],[9.8253,55.5407],[9.8253,55.5408],[9.8252,55.5408],[9.8251,55.5408],[9.825,55.5408],[9.825,55.5407]]]},"properties":{"sourceId":"ais_par3.143128","a_type":4120,"hectares":0.294}},{"type":"Feature","id":"ais_par3.143129","geometry":{"type":"Polygon","coordinates":[[[9.8182,55.5418],[9.8186,55.5433],[9.8199,55.5432],[9.8199,55.5432],[9.8202,55.5428],[9.8203,55.5428],[9.8203,55.5428],[9.8203,55.5427],[9.8203,55.5427],[9.8203,55.5426],[9.8203,55.5426],[9.8202,55.5424],[9.8202,55.5424],[9.8203,55.5424],[9.8203,55.5423],[9.8203,55.5423],[9.8203,55.5423],[9.8204,55.5423],[9.8205,55.5423],[9.8205,55.5423],[9.8206,55.5424],[9.8206,55.5424],[9.8206,55.5425],[9.8206,55.5425],[9.8207,55.5425],[9.8207,55.5425],[9.8206,55.5421],[9.8204,55.5421],[9.8202,55.5421],[9.8182,55.5418]]]},"properties":{"sourceId":"ais_par3.143129","a_type":4120,"hectares":1.649}},{"type":"Feature","id":"ais_par3.143130","geometry":{"type":"Polygon","coordinates":[[[9.7819,55.5403],[9.7815,55.5406],[9.7809,55.5406],[9.7798,55.5405],[9.7795,55.5405],[9.7794,55.5396],[9.7791,55.5395],[9.7788,55.5391],[9.7786,55.5391],[9.7784,55.5386],[9.778,55.5385],[9.7779,55.5385],[9.7777,55.5391],[9.7777,55.5394],[9.7778,55.5395],[9.7784,55.5395],[9.7785,55.5398],[9.7781,55.5399],[9.7782,55.5401],[9.7785,55.5402],[9.7784,55.5411],[9.7767,55.5413],[9.7767,55.541],[9.7763,55.5411],[9.7763,55.5415],[9.7768,55.5416],[9.7774,55.5419],[9.7788,55.5421],[9.7803,55.5423],[9.782,55.5422],[9.7837,55.5424],[9.7849,55.5428],[9.7858,55.543],[9.7868,55.5429],[9.7894,55.5434],[9.7896,55.5429],[9.7893,55.5428],[9.7893,55.5426],[9.7879,55.5421],[9.7876,55.5421],[9.7873,55.5419],[9.7871,55.5418],[9.7873,55.5416],[9.7872,55.5414],[9.7871,55.5414],[9.7872,55.5411],[9.7872,55.541],[9.7876,55.5405],[9.7869,55.5409],[9.7861,55.5413],[9.7846,55.5414],[9.7834,55.5415],[9.7827,55.5414],[9.7824,55.5412],[9.7825,55.541],[9.7828,55.5407],[9.7827,55.5403],[9.7832,55.5397],[9.7831,55.5396],[9.7828,55.5396],[9.7823,55.5398],[9.7819,55.5403]]]},"properties":{"sourceId":"ais_par3.143130","a_type":4120,"hectares":13.695}},{"type":"Feature","id":"ais_par3.143131","geometry":{"type":"Polygon","coordinates":[[[9.789,55.538],[9.7884,55.5381],[9.788,55.5384],[9.7896,55.5382],[9.7896,55.538],[9.789,55.538]]]},"properties":{"sourceId":"ais_par3.143131","a_type":4120,"hectares":0.231}},{"type":"Feature","id":"ais_par3.143132","geometry":{"type":"Polygon","coordinates":[[[9.8438,55.5396],[9.8431,55.5396],[9.8426,55.5396],[9.8422,55.5395],[9.8421,55.5395],[9.8419,55.5394],[9.8419,55.5392],[9.8417,55.5391],[9.8415,55.5391],[9.8413,55.5392],[9.8411,55.5392],[9.8414,55.5393],[9.8415,55.5394],[9.8417,55.5395],[9.8424,55.5398],[9.8427,55.54],[9.8428,55.5401],[9.8433,55.5402],[9.8437,55.5403],[9.844,55.5404],[9.8444,55.5406],[9.8444,55.5405],[9.8445,55.5402],[9.8445,55.5398],[9.8438,55.5396]]]},"properties":{"sourceId":"ais_par3.143132","a_type":4120,"hectares":1.064}},{"type":"Feature","id":"ais_par3.143133","geometry":{"type":"Polygon","coordinates":[[[9.8428,55.5419],[9.8426,55.5419],[9.8425,55.542],[9.8424,55.542],[9.8423,55.5421],[9.842,55.5422],[9.8421,55.5423],[9.8421,55.5423],[9.8422,55.5423],[9.8424,55.5422],[9.8428,55.5422],[9.8435,55.542],[9.8438,55.542],[9.8439,55.542],[9.844,55.5418],[9.844,55.5417],[9.8439,55.5417],[9.8439,55.5417],[9.8438,55.5418],[9.8436,55.5418],[9.8433,55.5418],[9.8428,55.5419]]]},"properties":{"sourceId":"ais_par3.143133","a_type":4120,"hectares":0.339}},{"type":"Feature","id":"ais_par3.143134","geometry":{"type":"Polygon","coordinates":[[[9.6984,55.5158],[9.6982,55.5159],[9.698,55.516],[9.6981,55.5161],[9.6981,55.5161],[9.6981,55.5162],[9.6983,55.5162],[9.6987,55.5161],[9.6989,55.5161],[9.6992,55.5158],[9.6991,55.5156],[9.6989,55.5153],[9.6988,55.515],[9.6987,55.5147],[9.6987,55.5144],[9.6986,55.5144],[9.6983,55.5145],[9.698,55.5144],[9.6979,55.5145],[9.6981,55.5146],[9.6983,55.5148],[9.6984,55.5149],[9.6985,55.515],[9.6985,55.5152],[9.6985,55.5153],[9.6983,55.5156],[9.6984,55.5157],[9.6984,55.5158]]]},"properties":{"sourceId":"ais_par3.143134","a_type":4120,"hectares":0.745}},{"type":"Feature","id":"ais_par3.143136","geometry":{"type":"Polygon","coordinates":[[[9.783,55.5203],[9.783,55.5203],[9.7829,55.5204],[9.7828,55.5205],[9.7827,55.5205],[9.7827,55.5205],[9.7826,55.5205],[9.7825,55.5205],[9.7826,55.5206],[9.783,55.5208],[9.783,55.5208],[9.783,55.5207],[9.783,55.5207],[9.7831,55.5207],[9.7832,55.5206],[9.7833,55.5206],[9.7833,55.5206],[9.7834,55.5206],[9.7836,55.5206],[9.7837,55.5206],[9.7838,55.5206],[9.7839,55.5206],[9.784,55.5206],[9.784,55.5206],[9.7839,55.5206],[9.7839,55.5205],[9.7838,55.5205],[9.7838,55.5204],[9.7837,55.5204],[9.7837,55.5204],[9.7836,55.5203],[9.7836,55.5203],[9.7836,55.5202],[9.7836,55.5202],[9.7836,55.5201],[9.7836,55.5201],[9.7837,55.5201],[9.7835,55.52],[9.7834,55.5199],[9.7832,55.5199],[9.7832,55.5201],[9.7831,55.5202],[9.783,55.5203]]]},"properties":{"sourceId":"ais_par3.143136","a_type":4120,"hectares":0.371}},{"type":"Feature","id":"ais_par3.143137","geometry":{"type":"Polygon","coordinates":[[[9.7791,55.5183],[9.7796,55.5188],[9.7807,55.5187],[9.7807,55.5187],[9.7807,55.5185],[9.7813,55.518],[9.7817,55.5177],[9.7816,55.5174],[9.7811,55.5174],[9.7812,55.5173],[9.781,55.5169],[9.7806,55.5168],[9.7802,55.5165],[9.7803,55.5169],[9.7806,55.5172],[9.7805,55.5174],[9.7781,55.5174],[9.7791,55.5183]]]},"properties":{"sourceId":"ais_par3.143137","a_type":4120,"hectares":2.555}},{"type":"Feature","id":"ais_par3.143138","geometry":{"type":"Polygon","coordinates":[[[9.7592,55.5107],[9.7594,55.5108],[9.7594,55.5108],[9.7595,55.5109],[9.7597,55.5109],[9.7599,55.5109],[9.76,55.5108],[9.7601,55.5109],[9.7601,55.5109],[9.76,55.5109],[9.76,55.511],[9.7599,55.511],[9.7599,55.5111],[9.7598,55.5111],[9.7606,55.5109],[9.7605,55.5106],[9.76,55.5106],[9.7592,55.5107]]]},"properties":{"sourceId":"ais_par3.143138","a_type":4120,"hectares":0.268}},{"type":"Feature","id":"ais_par3.143139","geometry":{"type":"Polygon","coordinates":[[[9.8019,55.5178],[9.8009,55.5177],[9.8009,55.5182],[9.8015,55.5181],[9.8019,55.5178]]]},"properties":{"sourceId":"ais_par3.143139","a_type":4120,"hectares":0.221}},{"type":"Feature","id":"ais_par3.143140","geometry":{"type":"Polygon","coordinates":[[[9.8132,55.5195],[9.813,55.5194],[9.8129,55.5194],[9.8129,55.5193],[9.8123,55.5193],[9.8123,55.5192],[9.8122,55.5192],[9.8121,55.5192],[9.812,55.5192],[9.8119,55.5192],[9.8118,55.5192],[9.8117,55.5191],[9.8116,55.5191],[9.8115,55.5191],[9.8115,55.5191],[9.8115,55.5191],[9.8115,55.5192],[9.8115,55.5192],[9.8115,55.5192],[9.8115,55.5192],[9.8117,55.5192],[9.812,55.5193],[9.8122,55.5194],[9.8123,55.5194],[9.8125,55.5195],[9.8126,55.5195],[9.8126,55.5195],[9.8126,55.5195],[9.8128,55.5196],[9.8132,55.5198],[9.8134,55.5199],[9.8135,55.52],[9.8137,55.52],[9.8138,55.5201],[9.8138,55.52],[9.8138,55.52],[9.8138,55.5199],[9.8137,55.5198],[9.8135,55.5197],[9.8134,55.5196],[9.8132,55.5195]]]},"properties":{"sourceId":"ais_par3.143140","a_type":4120,"hectares":0.323}},{"type":"Feature","id":"ais_par3.143141","geometry":{"type":"Polygon","coordinates":[[[9.8347,55.5272],[9.8344,55.5273],[9.8343,55.5273],[9.8343,55.5274],[9.8343,55.5275],[9.8343,55.5276],[9.8342,55.5276],[9.834,55.5277],[9.8338,55.5278],[9.8336,55.5278],[9.8335,55.5279],[9.8334,55.528],[9.8334,55.5281],[9.8334,55.5281],[9.8334,55.5282],[9.8334,55.5282],[9.8334,55.5282],[9.8334,55.5282],[9.8334,55.5282],[9.8333,55.5284],[9.8334,55.5285],[9.8334,55.5284],[9.8335,55.5283],[9.8336,55.5282],[9.8336,55.5282],[9.8336,55.5281],[9.8336,55.5281],[9.8336,55.5281],[9.8337,55.5281],[9.8337,55.5281],[9.8339,55.5279],[9.8343,55.5278],[9.8345,55.5276],[9.8347,55.5275],[9.835,55.5274],[9.835,55.5274],[9.835,55.5274],[9.8351,55.5273],[9.8352,55.5273],[9.8352,55.5273],[9.8352,55.5273],[9.8352,55.5273],[9.8355,55.5273],[9.8357,55.5272],[9.836,55.5271],[9.8362,55.5271],[9.8359,55.5269],[9.8359,55.527],[9.8354,55.5271],[9.8351,55.5271],[9.8351,55.5271],[9.8351,55.5271],[9.835,55.5271],[9.835,55.5271],[9.835,55.5271],[9.8347,55.5272]]]},"properties":{"sourceId":"ais_par3.143141","a_type":4120,"hectares":0.497}},{"type":"Feature","id":"ais_par3.143142","geometry":{"type":"Polygon","coordinates":[[[9.6853,55.5091],[9.6852,55.509],[9.685,55.5089],[9.6849,55.5089],[9.6849,55.509],[9.6848,55.509],[9.6847,55.5091],[9.6846,55.5091],[9.6847,55.5091],[9.6847,55.5092],[9.6849,55.5092],[9.6851,55.5093],[9.6851,55.5093],[9.6852,55.5093],[9.6852,55.5093],[9.6852,55.5092],[9.6853,55.5093],[9.6858,55.5094],[9.6858,55.5094],[9.6858,55.5094],[9.6858,55.5094],[9.6858,55.5095],[9.6859,55.5095],[9.6859,55.5095],[9.6859,55.5095],[9.6859,55.5095],[9.686,55.5095],[9.686,55.5095],[9.686,55.5095],[9.686,55.5095],[9.686,55.5095],[9.686,55.5094],[9.686,55.5094],[9.6858,55.5093],[9.6855,55.5092],[9.6853,55.5091]]]},"properties":{"sourceId":"ais_par3.143142","a_type":4120,"hectares":0.149}},{"type":"Feature","id":"ais_par3.143147","geometry":{"type":"Polygon","coordinates":[[[9.8237,55.5069],[9.8229,55.5065],[9.8217,55.5058],[9.8214,55.5057],[9.8211,55.5057],[9.8209,55.5055],[9.8209,55.5055],[9.8209,55.5062],[9.8209,55.5062],[9.8214,55.5067],[9.8217,55.5069],[9.8223,55.5073],[9.8224,55.508],[9.8224,55.508],[9.8228,55.508],[9.8229,55.5083],[9.8232,55.5084],[9.8233,55.5084],[9.8251,55.5065],[9.825,55.5065],[9.8245,55.5066],[9.824,55.5069],[9.8237,55.5069]]]},"properties":{"sourceId":"ais_par3.143147","a_type":4120,"hectares":3.119}},{"type":"Feature","id":"ais_par3.143164","geometry":{"type":"Polygon","coordinates":[[[9.7947,55.5399],[9.7944,55.54],[9.7938,55.5401],[9.7933,55.5402],[9.7933,55.5402],[9.793,55.5402],[9.7929,55.5403],[9.7933,55.5403],[9.7944,55.5402],[9.7945,55.5402],[9.7963,55.54],[9.7964,55.5399],[9.7963,55.5399],[9.7947,55.5399],[9.7947,55.5399]]]},"properties":{"sourceId":"ais_par3.143164","a_type":4120,"hectares":0.533}},{"type":"Feature","id":"ais_par3.143165","geometry":{"type":"Polygon","coordinates":[[[9.8436,55.5479],[9.8431,55.5475],[9.8428,55.5473],[9.8427,55.5474],[9.8426,55.5475],[9.8428,55.5477],[9.8432,55.548],[9.8435,55.5481],[9.8437,55.5481],[9.8436,55.5479]]]},"properties":{"sourceId":"ais_par3.143165","a_type":4120,"hectares":0.262}},{"type":"Feature","id":"ais_par3.143166","geometry":{"type":"Polygon","coordinates":[[[9.8321,55.5381],[9.832,55.5381],[9.8318,55.5381],[9.8318,55.5381],[9.8319,55.5383],[9.832,55.5385],[9.832,55.5386],[9.832,55.5386],[9.8319,55.5387],[9.8319,55.5387],[9.832,55.5388],[9.832,55.5388],[9.832,55.5387],[9.8321,55.5387],[9.8322,55.5386],[9.8323,55.5386],[9.8324,55.5385],[9.8326,55.5384],[9.8327,55.5383],[9.8329,55.5382],[9.833,55.5382],[9.8326,55.5381],[9.8322,55.5381],[9.8321,55.5381]],[[9.8323,55.5384],[9.8322,55.5383],[9.8324,55.5383],[9.8325,55.5383],[9.8324,55.5383],[9.8324,55.5384],[9.8323,55.5384]]]},"properties":{"sourceId":"ais_par3.143166","a_type":4120,"hectares":0.252}},{"type":"Feature","id":"ais_par3.143167","geometry":{"type":"Polygon","coordinates":[[[9.6978,55.515],[9.6976,55.5149],[9.6975,55.515],[9.6975,55.5152],[9.6974,55.5154],[9.6979,55.5153],[9.6978,55.5152],[9.6978,55.515]]]},"properties":{"sourceId":"ais_par3.143167","a_type":4120,"hectares":0.086}},{"type":"Feature","id":"ais_par3.145601","geometry":{"type":"Polygon","coordinates":[[[9.7973,55.5483],[9.7972,55.5483],[9.7972,55.5482],[9.7972,55.5482],[9.7962,55.5477],[9.796,55.5476],[9.796,55.5476],[9.796,55.5476],[9.7959,55.5476],[9.7958,55.5475],[9.7957,55.5475],[9.7956,55.5475],[9.7955,55.5474],[9.7954,55.5474],[9.7953,55.5474],[9.7952,55.5474],[9.7951,55.5473],[9.795,55.5472],[9.7949,55.5472],[9.7948,55.5471],[9.7947,55.547],[9.7946,55.547],[9.7945,55.5469],[9.7945,55.5468],[9.7943,55.5468],[9.7942,55.5467],[9.7942,55.5467],[9.7942,55.5466],[9.7941,55.5466],[9.794,55.5465],[9.7939,55.5465],[9.7939,55.5465],[9.7938,55.5464],[9.7937,55.5463],[9.7935,55.5463],[9.7934,55.5462],[9.7932,55.5461],[9.793,55.546],[9.7928,55.5459],[9.7926,55.5459],[9.7925,55.5458],[9.7924,55.5457],[9.7923,55.5457],[9.7922,55.5456],[9.7921,55.5456],[9.792,55.5455],[9.792,55.5455],[9.7919,55.5454],[9.7918,55.5454],[9.7917,55.5454],[9.7917,55.5454],[9.7915,55.5452],[9.7914,55.5452],[9.7912,55.5452],[9.7911,55.5453],[9.7912,55.5454],[9.7915,55.5455],[9.7915,55.5455],[9.7915,55.5456],[9.7916,55.5456],[9.7916,55.5456],[9.7916,55.5456],[9.7917,55.5456],[9.7917,55.5457],[9.7917,55.5457],[9.7917,55.5457],[9.7917,55.5457],[9.7917,55.5457],[9.7918,55.5457],[9.7918,55.5458],[9.7918,55.5458],[9.7919,55.5458],[9.7919,55.5458],[9.792,55.5459],[9.7922,55.546],[9.7923,55.5461],[9.7924,55.5462],[9.7925,55.5463],[9.7926,55.5463],[9.7927,55.5464],[9.7931,55.5466],[9.7932,55.5467],[9.7934,55.5467],[9.7935,55.5468],[9.7937,55.5469],[9.7938,55.547],[9.7938,55.5471],[9.7938,55.5471],[9.7939,55.5471],[9.7939,55.5471],[9.7941,55.5472],[9.7942,55.5474],[9.7945,55.5475],[9.7946,55.5476],[9.7947,55.5477],[9.795,55.5479],[9.7952,55.548],[9.7954,55.5481],[9.7955,55.5482],[9.7955,55.5482],[9.7956,55.5482],[9.7956,55.5483],[9.7957,55.5483],[9.796,55.5485],[9.7962,55.5486],[9.7964,55.5487],[9.7965,55.5487],[9.7966,55.5489],[9.7966,55.5489],[9.7967,55.549],[9.7968,55.5491],[9.797,55.5491],[9.7973,55.5492],[9.7979,55.5494],[9.7984,55.5496],[9.7987,55.5497],[9.799,55.5498],[9.799,55.5498],[9.799,55.5498],[9.7991,55.5498],[9.7991,55.5498],[9.7991,55.5498],[9.7992,55.5499],[9.7992,55.5499],[9.7992,55.5499],[9.7992,55.5499],[9.7995,55.55],[9.7999,55.5501],[9.8002,55.5501],[9.8005,55.5502],[9.8009,55.5503],[9.8012,55.5504],[9.8012,55.5504],[9.8014,55.5503],[9.8008,55.55],[9.8006,55.5499],[9.7991,55.5492],[9.7991,55.5492],[9.7986,55.549],[9.7985,55.549],[9.7982,55.5488],[9.7981,55.5488],[9.7981,55.5488],[9.798,55.5487],[9.7979,55.5487],[9.7978,55.5486],[9.7977,55.5485],[9.7976,55.5485],[9.7976,55.5485],[9.7975,55.5484],[9.7974,55.5484],[9.7973,55.5483]]]},"properties":{"sourceId":"ais_par3.145601","a_type":4210,"hectares":4.364}},{"type":"Feature","id":"ais_par3.145602","geometry":{"type":"Polygon","coordinates":[[[9.6802,55.5161],[9.68,55.516],[9.6797,55.5162],[9.679,55.5159],[9.679,55.5163],[9.6794,55.5167],[9.6799,55.5169],[9.6812,55.5174],[9.6819,55.5177],[9.6825,55.518],[9.683,55.5183],[9.6836,55.5185],[9.6843,55.5186],[9.6849,55.5187],[9.6859,55.5185],[9.6862,55.5186],[9.6876,55.5186],[9.689,55.5185],[9.6893,55.5185],[9.6901,55.5185],[9.6905,55.5185],[9.6899,55.5181],[9.6895,55.5177],[9.6888,55.5176],[9.6896,55.5184],[9.6887,55.5185],[9.6879,55.5185],[9.6874,55.5185],[9.6867,55.5185],[9.6861,55.5185],[9.6854,55.5184],[9.685,55.5184],[9.6843,55.5182],[9.6836,55.518],[9.6833,55.5179],[9.6827,55.5177],[9.6821,55.5174],[9.6821,55.5172],[9.6819,55.5172],[9.6813,55.517],[9.6809,55.5168],[9.6806,55.5166],[9.6804,55.5165],[9.6804,55.5163],[9.6802,55.5161]],[[9.6841,55.5185],[9.6835,55.5183],[9.6835,55.5182],[9.6838,55.5182],[9.6844,55.5184],[9.6844,55.5185],[9.6841,55.5185]]]},"properties":{"sourceId":"ais_par3.145602","a_type":4210,"hectares":2.865}},{"type":"Feature","id":"ais_par3.145603","geometry":{"type":"Polygon","coordinates":[[[9.8654,55.5124],[9.8633,55.5127],[9.8632,55.5127],[9.8628,55.5124],[9.8626,55.5123],[9.8626,55.5123],[9.8622,55.5123],[9.861,55.5126],[9.8596,55.5123],[9.8593,55.512],[9.8593,55.5119],[9.8592,55.5118],[9.859,55.5114],[9.859,55.5112],[9.859,55.5111],[9.8589,55.5098],[9.8602,55.5097],[9.8603,55.5097],[9.8602,55.5093],[9.8593,55.5091],[9.8585,55.5089],[9.8581,55.5089],[9.8571,55.5093],[9.8565,55.5095],[9.8559,55.5094],[9.8552,55.5104],[9.8558,55.5107],[9.857,55.5111],[9.8576,55.5115],[9.8581,55.5117],[9.8573,55.5127],[9.8583,55.5129],[9.8587,55.5123],[9.8589,55.5127],[9.8592,55.5128],[9.8603,55.513],[9.8613,55.5129],[9.8619,55.5126],[9.8623,55.5125],[9.8628,55.5128],[9.8629,55.513],[9.8618,55.5136],[9.8617,55.5136],[9.8619,55.5137],[9.8629,55.5139],[9.863,55.5141],[9.8617,55.5149],[9.8605,55.5155],[9.8596,55.5153],[9.8594,55.5154],[9.8592,55.5154],[9.8592,55.5152],[9.8584,55.515],[9.858,55.5155],[9.8596,55.5159],[9.8587,55.5164],[9.8565,55.5159],[9.8558,55.5169],[9.8573,55.5173],[9.8567,55.5178],[9.8545,55.5192],[9.8523,55.5211],[9.8505,55.5228],[9.8493,55.5243],[9.8486,55.5256],[9.8486,55.5268],[9.8487,55.5268],[9.8489,55.5267],[9.8488,55.5258],[9.8492,55.525],[9.8492,55.525],[9.8497,55.5241],[9.8511,55.5226],[9.8531,55.5207],[9.8537,55.5201],[9.8564,55.5182],[9.8583,55.5169],[9.86,55.5158],[9.8615,55.5151],[9.8632,55.5142],[9.8632,55.5142],[9.8648,55.5136],[9.8682,55.5127],[9.8714,55.5119],[9.8713,55.5109],[9.8694,55.5109],[9.8695,55.5119],[9.8683,55.5121],[9.8665,55.5124],[9.8665,55.5125],[9.8656,55.5126],[9.8655,55.5125],[9.8654,55.5124]],[[9.8575,55.5109],[9.8575,55.5109],[9.8575,55.5108],[9.8576,55.5108],[9.8576,55.5107],[9.8575,55.5106],[9.8575,55.5105],[9.8574,55.5104],[9.8573,55.5104],[9.8573,55.5104],[9.8572,55.5104],[9.8571,55.5104],[9.8571,55.5104],[9.8571,55.5105],[9.8571,55.5105],[9.857,55.5105],[9.857,55.5105],[9.8569,55.5105],[9.8569,55.5105],[9.8569,55.5106],[9.8569,55.5106],[9.8569,55.5105],[9.8569,55.5105],[9.857,55.5105],[9.857,55.5105],[9.8571,55.5105],[9.8571,55.5104],[9.857,55.5104],[9.8571,55.5104],[9.8572,55.5104],[9.8573,55.5103],[9.8573,55.5104],[9.8574,55.5104],[9.8575,55.5104],[9.8575,55.5105],[9.8576,55.5105],[9.8576,55.5106],[9.8577,55.5107],[9.8577,55.5108],[9.8576,55.5109],[9.8576,55.5109],[9.8575,55.5109]]]},"properties":{"sourceId":"ais_par3.145603","a_type":4210,"hectares":18.794}},{"type":"Feature","id":"ais_par3.145605","geometry":{"type":"Polygon","coordinates":[[[9.6824,55.5064],[9.682,55.5065],[9.6825,55.5067],[9.6829,55.5069],[9.6832,55.5072],[9.683,55.5076],[9.6825,55.5078],[9.6818,55.5078],[9.6812,55.5076],[9.6811,55.5081],[9.6811,55.5088],[9.6805,55.5101],[9.6802,55.5104],[9.6807,55.5104],[9.6827,55.5097],[9.6835,55.5091],[9.6852,55.508],[9.6861,55.5074],[9.6863,55.5069],[9.6865,55.5066],[9.6858,55.506],[9.6849,55.5055],[9.6847,55.5056],[9.6842,55.5059],[9.6838,55.5061],[9.6835,55.5061],[9.6828,55.5063],[9.6827,55.5063],[9.6824,55.5064]]]},"properties":{"sourceId":"ais_par3.145605","a_type":4210,"hectares":9.173}},{"type":"Feature","id":"ais_par3.145622","geometry":{"type":"Polygon","coordinates":[[[9.7631,55.5438],[9.7617,55.5436],[9.7608,55.5437],[9.7602,55.5437],[9.7596,55.5434],[9.7584,55.5432],[9.7572,55.543],[9.757,55.5431],[9.7572,55.5432],[9.7581,55.5434],[9.7584,55.5434],[9.7593,55.5435],[9.7596,55.5437],[9.7596,55.5437],[9.7597,55.5437],[9.7602,55.5439],[9.7604,55.5441],[9.7604,55.5441],[9.7617,55.544],[9.7633,55.5441],[9.7643,55.5441],[9.7647,55.5442],[9.7651,55.5443],[9.7654,55.5443],[9.7665,55.5443],[9.7665,55.5441],[9.7657,55.5439],[9.765,55.544],[9.7642,55.5439],[9.7631,55.5438]]]},"properties":{"sourceId":"ais_par3.145622","a_type":4210,"hectares":2.027}},{"type":"Feature","id":"ais_par3.145623","geometry":{"type":"Polygon","coordinates":[[[9.7718,55.5432],[9.7704,55.5434],[9.771,55.5435],[9.7718,55.5435],[9.7723,55.5435],[9.7732,55.5434],[9.775,55.5431],[9.7755,55.5429],[9.7756,55.5427],[9.774,55.543],[9.7721,55.5432],[9.7718,55.5432]]]},"properties":{"sourceId":"ais_par3.145623","a_type":4210,"hectares":0.944}},{"type":"Feature","id":"ais_par3.145624","geometry":{"type":"Polygon","coordinates":[[[9.7706,55.5264],[9.7702,55.5264],[9.7707,55.5269],[9.7715,55.528],[9.7716,55.5282],[9.7716,55.5282],[9.7719,55.5282],[9.7723,55.528],[9.7726,55.5278],[9.7728,55.5276],[9.7729,55.5275],[9.773,55.5275],[9.7733,55.5274],[9.7734,55.5273],[9.7734,55.5271],[9.7733,55.5271],[9.7729,55.5269],[9.7724,55.5267],[9.7715,55.5265],[9.7706,55.5264]]]},"properties":{"sourceId":"ais_par3.145624","a_type":4210,"hectares":2.105}},{"type":"Feature","id":"ais_par3.150260","geometry":{"type":"Polygon","coordinates":[[[9.8055,55.5135],[9.8055,55.5136],[9.8055,55.5136],[9.8055,55.5136],[9.8054,55.5136],[9.8054,55.5137],[9.8054,55.5137],[9.8055,55.5137],[9.8055,55.5137],[9.8055,55.5137],[9.8055,55.5137],[9.8056,55.5137],[9.8056,55.5137],[9.8057,55.5136],[9.8057,55.5135],[9.8057,55.5135],[9.8057,55.5135],[9.8056,55.5134],[9.8056,55.5135],[9.8055,55.5135],[9.8055,55.5135],[9.8055,55.5135],[9.8055,55.5135]]]},"properties":{"sourceId":"ais_par3.150260","a_type":5120,"hectares":0.033}},{"type":"Feature","id":"ais_par3.150261","geometry":{"type":"Polygon","coordinates":[[[9.7962,55.5116],[9.7961,55.5116],[9.7961,55.5116],[9.796,55.5116],[9.796,55.5116],[9.7961,55.5117],[9.7962,55.5117],[9.7962,55.5117],[9.7962,55.5117],[9.7963,55.5117],[9.7962,55.5116],[9.7962,55.5116],[9.7962,55.5116]]]},"properties":{"sourceId":"ais_par3.150261","a_type":5120,"hectares":0.017}},{"type":"Feature","id":"ais_par3.150262","geometry":{"type":"Polygon","coordinates":[[[9.7947,55.5122],[9.7947,55.5123],[9.7947,55.5123],[9.7946,55.5123],[9.7946,55.5123],[9.7946,55.5123],[9.7946,55.5124],[9.7947,55.5124],[9.7947,55.5124],[9.7948,55.5124],[9.7948,55.5123],[9.7948,55.5123],[9.7948,55.5123],[9.7949,55.5123],[9.7949,55.5123],[9.7949,55.5123],[9.7949,55.5122],[9.7949,55.5122],[9.7948,55.5122],[9.7947,55.5122]]]},"properties":{"sourceId":"ais_par3.150262","a_type":5120,"hectares":0.025}},{"type":"Feature","id":"ais_par3.150195","geometry":{"type":"Polygon","coordinates":[[[9.8338,55.5516],[9.8338,55.5516],[9.8337,55.5516],[9.8336,55.5515],[9.8335,55.5515],[9.8335,55.5515],[9.8335,55.5516],[9.8335,55.5516],[9.8335,55.5516],[9.8335,55.5517],[9.8335,55.5517],[9.8335,55.5517],[9.8336,55.5518],[9.8337,55.5518],[9.8338,55.5518],[9.8339,55.5518],[9.8339,55.5519],[9.834,55.5519],[9.834,55.5519],[9.8341,55.5518],[9.8341,55.5518],[9.8341,55.5518],[9.8341,55.5518],[9.8341,55.5517],[9.834,55.5517],[9.8339,55.5517],[9.8339,55.5517],[9.8338,55.5516]]]},"properties":{"sourceId":"ais_par3.150195","a_type":5120,"hectares":0.079}},{"type":"Feature","id":"ais_par3.150196","geometry":{"type":"Polygon","coordinates":[[[9.8221,55.5337],[9.822,55.5337],[9.8219,55.5337],[9.8219,55.5337],[9.8219,55.5338],[9.822,55.5338],[9.822,55.5338],[9.8221,55.5338],[9.8222,55.5338],[9.8222,55.5337],[9.8222,55.5337],[9.8222,55.5337],[9.8222,55.5337],[9.8221,55.5337],[9.8221,55.5337],[9.8221,55.5337]]]},"properties":{"sourceId":"ais_par3.150196","a_type":5120,"hectares":0.021}},{"type":"Feature","id":"ais_par3.150197","geometry":{"type":"Polygon","coordinates":[[[9.8224,55.533],[9.8223,55.533],[9.8222,55.533],[9.8222,55.5332],[9.8223,55.5332],[9.8223,55.5332],[9.8225,55.5332],[9.8225,55.5331],[9.8224,55.533]]]},"properties":{"sourceId":"ais_par3.150197","a_type":5120,"hectares":0.034}},{"type":"Feature","id":"ais_par3.150198","geometry":{"type":"Polygon","coordinates":[[[9.7752,55.5204],[9.7751,55.5204],[9.7751,55.5205],[9.7751,55.5205],[9.775,55.5205],[9.7749,55.5205],[9.7749,55.5206],[9.775,55.5206],[9.775,55.5205],[9.7751,55.5206],[9.7752,55.5206],[9.7753,55.5206],[9.7754,55.5205],[9.7754,55.5205],[9.7755,55.5204],[9.7755,55.5203],[9.7755,55.5203],[9.7754,55.5203],[9.7754,55.5204],[9.7753,55.5204],[9.7752,55.5204]]]},"properties":{"sourceId":"ais_par3.150198","a_type":5120,"hectares":0.04}},{"type":"Feature","id":"ais_par3.150199","geometry":{"type":"Polygon","coordinates":[[[9.8024,55.5152],[9.8023,55.5152],[9.8023,55.5152],[9.8023,55.5153],[9.8023,55.5153],[9.8023,55.5154],[9.8024,55.5154],[9.8024,55.5154],[9.8025,55.5154],[9.8026,55.5154],[9.8026,55.5154],[9.8026,55.5153],[9.8026,55.5153],[9.8026,55.5152],[9.8025,55.5152],[9.8024,55.5152],[9.8024,55.5152]]]},"properties":{"sourceId":"ais_par3.150199","a_type":5120,"hectares":0.042}},{"type":"Feature","id":"ais_par3.150200","geometry":{"type":"Polygon","coordinates":[[[9.8024,55.5147],[9.8023,55.5148],[9.8023,55.5148],[9.8022,55.5148],[9.8022,55.5149],[9.8022,55.5149],[9.8023,55.5149],[9.8024,55.5149],[9.8024,55.5148],[9.8025,55.5148],[9.8026,55.5148],[9.8026,55.5148],[9.8026,55.5147],[9.8025,55.5147],[9.8024,55.5147]]]},"properties":{"sourceId":"ais_par3.150200","a_type":5120,"hectares":0.023}},{"type":"Feature","id":"ais_par3.150201","geometry":{"type":"Polygon","coordinates":[[[9.7871,55.5147],[9.787,55.5147],[9.787,55.5147],[9.7869,55.5147],[9.7868,55.5147],[9.7868,55.5148],[9.7868,55.5148],[9.7868,55.5148],[9.7868,55.5149],[9.7869,55.5149],[9.7869,55.5149],[9.787,55.5149],[9.7871,55.5148],[9.7872,55.5148],[9.7872,55.5148],[9.7873,55.5147],[9.7874,55.5147],[9.7875,55.5146],[9.7875,55.5146],[9.7874,55.5146],[9.7874,55.5145],[9.7873,55.5146],[9.7872,55.5146],[9.7871,55.5146],[9.7871,55.5147]]]},"properties":{"sourceId":"ais_par3.150201","a_type":5120,"hectares":0.076}},{"type":"Feature","id":"ais_par3.150207","geometry":{"type":"Polygon","coordinates":[[[9.6838,55.5182],[9.6835,55.5182],[9.6835,55.5183],[9.6841,55.5185],[9.6844,55.5185],[9.6844,55.5184],[9.6838,55.5182]]]},"properties":{"sourceId":"ais_par3.150207","a_type":5120,"hectares":0.127}},{"type":"Feature","id":"ais_par3.150208","geometry":{"type":"Polygon","coordinates":[[[9.8575,55.5104],[9.8574,55.5104],[9.8573,55.5104],[9.8573,55.5103],[9.8572,55.5104],[9.8571,55.5104],[9.857,55.5104],[9.8571,55.5104],[9.8571,55.5105],[9.857,55.5105],[9.857,55.5105],[9.8569,55.5105],[9.8569,55.5105],[9.8569,55.5106],[9.8569,55.5106],[9.8569,55.5105],[9.8569,55.5105],[9.857,55.5105],[9.857,55.5105],[9.8571,55.5105],[9.8571,55.5105],[9.8571,55.5104],[9.8571,55.5104],[9.8572,55.5104],[9.8573,55.5104],[9.8573,55.5104],[9.8574,55.5104],[9.8575,55.5105],[9.8575,55.5106],[9.8576,55.5107],[9.8576,55.5108],[9.8575,55.5108],[9.8575,55.5109],[9.8575,55.5109],[9.8576,55.5109],[9.8576,55.5109],[9.8577,55.5108],[9.8577,55.5107],[9.8576,55.5106],[9.8576,55.5105],[9.8575,55.5105],[9.8575,55.5104]]]},"properties":{"sourceId":"ais_par3.150208","a_type":5120,"hectares":0.057}},{"type":"Feature","id":"ais_par3.150243","geometry":{"type":"Polygon","coordinates":[[[9.8057,55.5365],[9.8056,55.5365],[9.8055,55.5365],[9.8055,55.5366],[9.8055,55.5368],[9.8056,55.5369],[9.8056,55.5369],[9.8057,55.5369],[9.8058,55.5369],[9.8059,55.537],[9.8059,55.537],[9.806,55.537],[9.8061,55.537],[9.8061,55.537],[9.8061,55.537],[9.8061,55.537],[9.8061,55.5371],[9.8061,55.5371],[9.8061,55.5371],[9.8061,55.537],[9.8061,55.537],[9.8061,55.537],[9.8061,55.537],[9.8061,55.5369],[9.8061,55.5369],[9.806,55.5369],[9.806,55.5368],[9.806,55.5367],[9.806,55.5366],[9.806,55.5365],[9.8059,55.5365],[9.8057,55.5365]]]},"properties":{"sourceId":"ais_par3.150243","a_type":5120,"hectares":0.149}},{"type":"Feature","id":"ais_par3.150263","geometry":{"type":"Polygon","coordinates":[[[9.8027,55.5289],[9.8027,55.529],[9.8028,55.5291],[9.8031,55.5291],[9.8031,55.529],[9.8029,55.5289],[9.8027,55.5289]]]},"properties":{"sourceId":"ais_par3.150263","a_type":5120,"hectares":0.037}},{"type":"Feature","id":"ais_par3.150215","geometry":{"type":"Polygon","coordinates":[[[9.8285,55.5445],[9.8284,55.5446],[9.8284,55.5446],[9.8284,55.5447],[9.8284,55.5447],[9.8284,55.5448],[9.8285,55.5448],[9.8286,55.5448],[9.8287,55.5448],[9.8287,55.5447],[9.8288,55.5447],[9.8288,55.5446],[9.8288,55.5446],[9.8287,55.5445],[9.8287,55.5445],[9.8285,55.5445]]]},"properties":{"sourceId":"ais_par3.150215","a_type":5120,"hectares":0.06}},{"type":"Feature","id":"ais_par3.150216","geometry":{"type":"Polygon","coordinates":[[[9.8234,55.5416],[9.8233,55.5416],[9.8232,55.5416],[9.8232,55.5417],[9.8232,55.5417],[9.8232,55.5418],[9.8233,55.5418],[9.8234,55.5419],[9.8234,55.5419],[9.8235,55.5419],[9.8236,55.5419],[9.8237,55.5419],[9.8237,55.5419],[9.8238,55.5419],[9.8239,55.5419],[9.8239,55.5419],[9.824,55.5419],[9.8239,55.5418],[9.8239,55.5417],[9.8238,55.5417],[9.8237,55.5417],[9.8236,55.5417],[9.8235,55.5417],[9.8234,55.5416]]]},"properties":{"sourceId":"ais_par3.150216","a_type":5120,"hectares":0.108}},{"type":"Feature","id":"ais_par3.150217","geometry":{"type":"Polygon","coordinates":[[[9.8251,55.5404],[9.825,55.5404],[9.8249,55.5405],[9.8249,55.5405],[9.8249,55.5406],[9.8249,55.5406],[9.8249,55.5407],[9.825,55.5407],[9.825,55.5408],[9.8251,55.5408],[9.8252,55.5408],[9.8253,55.5408],[9.8253,55.5407],[9.8253,55.5407],[9.8252,55.5406],[9.8252,55.5406],[9.8253,55.5405],[9.8253,55.5405],[9.8253,55.5404],[9.8252,55.5404],[9.8251,55.5404]]]},"properties":{"sourceId":"ais_par3.150217","a_type":5120,"hectares":0.086}},{"type":"Feature","id":"ais_par3.150218","geometry":{"type":"Polygon","coordinates":[[[9.8205,55.5423],[9.8205,55.5423],[9.8204,55.5423],[9.8203,55.5423],[9.8203,55.5423],[9.8203,55.5423],[9.8203,55.5424],[9.8202,55.5424],[9.8202,55.5424],[9.8203,55.5426],[9.8203,55.5426],[9.8203,55.5427],[9.8203,55.5427],[9.8203,55.5428],[9.8204,55.5428],[9.8204,55.5428],[9.8205,55.5428],[9.8206,55.5428],[9.8207,55.5428],[9.8207,55.5427],[9.8208,55.5427],[9.8207,55.5427],[9.8207,55.5426],[9.8207,55.5425],[9.8207,55.5425],[9.8206,55.5425],[9.8206,55.5425],[9.8206,55.5424],[9.8206,55.5424],[9.8205,55.5423]]]},"properties":{"sourceId":"ais_par3.150218","a_type":5120,"hectares":0.127}},{"type":"Feature","id":"ais_par3.150259","geometry":{"type":"Polygon","coordinates":[[[9.8076,55.5189],[9.807,55.5188],[9.8069,55.5188],[9.8069,55.5189],[9.8069,55.5189],[9.8069,55.519],[9.807,55.519],[9.8072,55.519],[9.8073,55.519],[9.8074,55.519],[9.8075,55.519],[9.8076,55.5189],[9.8076,55.5189],[9.8076,55.5189]]]},"properties":{"sourceId":"ais_par3.150259","a_type":5120,"hectares":0.087}},{"type":"Feature","id":"ais_par3.150219","geometry":{"type":"Polygon","coordinates":[[[9.7737,55.5234],[9.7737,55.5234],[9.7737,55.5234],[9.7737,55.5234],[9.7735,55.5234],[9.7735,55.5234],[9.7735,55.5235],[9.7735,55.5235],[9.7735,55.5236],[9.7736,55.5236],[9.7736,55.5236],[9.7737,55.5237],[9.7737,55.5237],[9.7737,55.5238],[9.7738,55.5238],[9.7739,55.5237],[9.774,55.5237],[9.774,55.5237],[9.774,55.5236],[9.7741,55.5236],[9.7741,55.5235],[9.7742,55.5235],[9.7742,55.5234],[9.7742,55.5234],[9.7742,55.5234],[9.7743,55.5234],[9.7743,55.5234],[9.7743,55.5234],[9.7744,55.5233],[9.7744,55.5233],[9.7744,55.5232],[9.7744,55.5232],[9.7744,55.5231],[9.7743,55.5231],[9.7743,55.5231],[9.7742,55.5231],[9.7742,55.5231],[9.7742,55.523],[9.7741,55.523],[9.774,55.523],[9.774,55.5231],[9.774,55.5231],[9.7741,55.5231],[9.7741,55.5232],[9.7742,55.5232],[9.7742,55.5232],[9.7741,55.5233],[9.774,55.5234],[9.774,55.5234],[9.7739,55.5234],[9.7739,55.5234],[9.7739,55.5234],[9.7738,55.5234],[9.7737,55.5234]]]},"properties":{"sourceId":"ais_par3.150219","a_type":5120,"hectares":0.191}},{"type":"Feature","id":"ais_par3.150220","geometry":{"type":"Polygon","coordinates":[[[9.7739,55.5245],[9.7739,55.5245],[9.7738,55.5245],[9.7737,55.5245],[9.7737,55.5245],[9.7736,55.5245],[9.7737,55.5246],[9.7738,55.5246],[9.7739,55.5246],[9.774,55.5246],[9.7741,55.5246],[9.7741,55.5246],[9.7742,55.5246],[9.7743,55.5247],[9.7744,55.5247],[9.7744,55.5247],[9.7745,55.5247],[9.7746,55.5247],[9.7747,55.5247],[9.7747,55.5246],[9.7747,55.5246],[9.7747,55.5246],[9.7748,55.5245],[9.7747,55.5245],[9.7746,55.5245],[9.7745,55.5244],[9.7744,55.5244],[9.7742,55.5245],[9.7741,55.5245],[9.7741,55.5245],[9.7739,55.5245]]]},"properties":{"sourceId":"ais_par3.150220","a_type":5120,"hectares":0.141}},{"type":"Feature","id":"ais_par3.150221","geometry":{"type":"Polygon","coordinates":[[[9.7597,55.5109],[9.7595,55.5109],[9.7594,55.5108],[9.7594,55.5108],[9.7594,55.5109],[9.7595,55.5109],[9.7595,55.511],[9.7596,55.511],[9.7597,55.511],[9.7597,55.5111],[9.7598,55.5111],[9.7599,55.5111],[9.7599,55.511],[9.76,55.511],[9.76,55.5109],[9.7601,55.5109],[9.7601,55.5109],[9.76,55.5108],[9.7599,55.5109],[9.7597,55.5109]]]},"properties":{"sourceId":"ais_par3.150221","a_type":5120,"hectares":0.073}},{"type":"Feature","id":"ais_par3.150222","geometry":{"type":"Polygon","coordinates":[[[9.6847,55.5088],[9.6846,55.5088],[9.6845,55.5088],[9.6844,55.5089],[9.6843,55.5089],[9.6843,55.509],[9.6843,55.509],[9.6843,55.509],[9.6844,55.5091],[9.6845,55.5091],[9.6846,55.5091],[9.6847,55.5091],[9.6848,55.509],[9.6849,55.509],[9.6849,55.5089],[9.6848,55.5088],[9.6847,55.5088]]]},"properties":{"sourceId":"ais_par3.150222","a_type":5120,"hectares":0.105}},{"type":"Feature","id":"ais_par3.150226","geometry":{"type":"Polygon","coordinates":[[[9.8214,55.5067],[9.8209,55.5062],[9.8209,55.5062],[9.8212,55.508],[9.8223,55.508],[9.8224,55.508],[9.8224,55.508],[9.8223,55.5073],[9.8217,55.5069],[9.8214,55.5067]]]},"properties":{"sourceId":"ais_par3.150226","a_type":5120,"hectares":1.008}},{"type":"Feature","id":"ais_par3.150238","geometry":{"type":"Polygon","coordinates":[[[9.8431,55.5486],[9.843,55.5486],[9.8429,55.5487],[9.843,55.5487],[9.8431,55.5487],[9.8431,55.5487],[9.8431,55.5486],[9.8431,55.5486]]]},"properties":{"sourceId":"ais_par3.150238","a_type":5120,"hectares":0.015}},{"type":"Feature","id":"ais_par3.150239","geometry":{"type":"Polygon","coordinates":[[[9.8322,55.5383],[9.8323,55.5384],[9.8324,55.5384],[9.8324,55.5383],[9.8325,55.5383],[9.8324,55.5383],[9.8322,55.5383]]]},"properties":{"sourceId":"ais_par3.150239","a_type":5120,"hectares":0.015}},{"type":"Feature","id":"ais_par3.150240","geometry":{"type":"Polygon","coordinates":[[[9.7758,55.5334],[9.7758,55.5334],[9.7756,55.5338],[9.776,55.5339],[9.7761,55.5339],[9.7761,55.5338],[9.7763,55.5335],[9.7758,55.5334]]]},"properties":{"sourceId":"ais_par3.150240","a_type":5120,"hectares":0.155}},{"type":"Feature","id":"ais_par3.150241","geometry":{"type":"Polygon","coordinates":[[[9.8352,55.5502],[9.8351,55.5502],[9.8351,55.5502],[9.8351,55.5502],[9.8351,55.5503],[9.8351,55.5503],[9.8351,55.5503],[9.8352,55.5503],[9.8352,55.5503],[9.8353,55.5503],[9.8353,55.5503],[9.8353,55.5503],[9.8352,55.5502]]]},"properties":{"sourceId":"ais_par3.150241","a_type":5120,"hectares":0.012}},{"type":"Feature","id":"ais_par3.150242","geometry":{"type":"Polygon","coordinates":[[[9.846,55.547],[9.8459,55.547],[9.8458,55.547],[9.8458,55.547],[9.8457,55.5471],[9.8458,55.5471],[9.8458,55.5472],[9.8459,55.5472],[9.846,55.5472],[9.846,55.5472],[9.8461,55.5471],[9.8461,55.5471],[9.8461,55.5471],[9.846,55.547],[9.846,55.547]]]},"properties":{"sourceId":"ais_par3.150242","a_type":5120,"hectares":0.037}},{"type":"Feature","id":"ais_par3.150264","geometry":{"type":"Polygon","coordinates":[[[9.8236,55.5153],[9.8239,55.5154],[9.8242,55.5153],[9.8243,55.5152],[9.8243,55.515],[9.8243,55.515],[9.8241,55.5149],[9.8236,55.5153]]]},"properties":{"sourceId":"ais_par3.150264","a_type":5120,"hectares":0.118}},{"type":"Feature","id":"ais_par3.150265","geometry":{"type":"Polygon","coordinates":[[[9.8442,55.5119],[9.8444,55.5119],[9.8445,55.5119],[9.8444,55.5119],[9.8444,55.5118],[9.8442,55.5119]]]},"properties":{"sourceId":"ais_par3.150265","a_type":5120,"hectares":0.012}},{"type":"Feature","id":"ais_par3.150244","geometry":{"type":"Polygon","coordinates":[[[9.8032,55.5351],[9.8031,55.5351],[9.803,55.5351],[9.8028,55.5351],[9.8027,55.535],[9.8027,55.5351],[9.8026,55.5351],[9.8025,55.5352],[9.8025,55.5352],[9.8025,55.5353],[9.8026,55.5354],[9.8026,55.5354],[9.8027,55.5355],[9.8028,55.5355],[9.8029,55.5356],[9.8031,55.5356],[9.8031,55.5356],[9.8032,55.5355],[9.8034,55.5355],[9.8034,55.5355],[9.8034,55.5356],[9.8035,55.5356],[9.8036,55.5356],[9.8038,55.5357],[9.804,55.5356],[9.8041,55.5356],[9.8042,55.5356],[9.8042,55.5355],[9.8042,55.5355],[9.8042,55.5355],[9.8042,55.5354],[9.8042,55.5354],[9.804,55.5353],[9.8039,55.5353],[9.8036,55.5353],[9.8036,55.5353],[9.8035,55.5353],[9.8034,55.5352],[9.8033,55.5352],[9.8032,55.5351]]]},"properties":{"sourceId":"ais_par3.150244","a_type":5120,"hectares":0.445}},{"type":"Feature","id":"ais_par3.150245","geometry":{"type":"Polygon","coordinates":[[[9.7981,55.5317],[9.798,55.5317],[9.7979,55.5317],[9.7978,55.5317],[9.7977,55.5317],[9.7977,55.5318],[9.7976,55.5318],[9.7976,55.5319],[9.7977,55.5319],[9.7978,55.5319],[9.7978,55.5319],[9.7979,55.5319],[9.7981,55.5319],[9.7981,55.5319],[9.7983,55.5319],[9.7983,55.5319],[9.7984,55.5318],[9.7984,55.5317],[9.7982,55.5317],[9.7981,55.5317]]]},"properties":{"sourceId":"ais_par3.150245","a_type":5120,"hectares":0.084}},{"type":"Feature","id":"ais_par3.150246","geometry":{"type":"Polygon","coordinates":[[[9.7971,55.5308],[9.797,55.5308],[9.7969,55.5309],[9.7968,55.5309],[9.7967,55.531],[9.7967,55.5311],[9.7966,55.5312],[9.7966,55.5312],[9.7965,55.5313],[9.7966,55.5313],[9.7967,55.5313],[9.7968,55.5312],[9.7969,55.5312],[9.797,55.5312],[9.7971,55.5312],[9.7972,55.5312],[9.7973,55.5312],[9.7974,55.5312],[9.7975,55.5312],[9.7976,55.5311],[9.7977,55.5311],[9.7978,55.5311],[9.7979,55.531],[9.798,55.531],[9.7981,55.531],[9.7982,55.531],[9.7982,55.531],[9.7981,55.531],[9.798,55.531],[9.7976,55.5309],[9.7975,55.5309],[9.7972,55.5308],[9.7971,55.5308]]]},"properties":{"sourceId":"ais_par3.150246","a_type":5120,"hectares":0.27}},{"type":"Feature","id":"ais_par3.150247","geometry":{"type":"Polygon","coordinates":[[[9.8165,55.537],[9.8165,55.5371],[9.8164,55.5371],[9.8164,55.5371],[9.8164,55.5371],[9.8164,55.5371],[9.8164,55.5371],[9.8163,55.5371],[9.8163,55.5372],[9.8163,55.5372],[9.8164,55.5372],[9.8165,55.5372],[9.8166,55.5372],[9.8167,55.5372],[9.8167,55.5372],[9.8168,55.5371],[9.8168,55.5371],[9.8167,55.5371],[9.8167,55.5371],[9.8167,55.5371],[9.8167,55.5371],[9.8167,55.537],[9.8166,55.537],[9.8165,55.537]]]},"properties":{"sourceId":"ais_par3.150247","a_type":5120,"hectares":0.048}},{"type":"Feature","id":"ais_par3.150248","geometry":{"type":"Polygon","coordinates":[[[9.8207,55.5364],[9.8206,55.5365],[9.8208,55.5365],[9.8209,55.5364],[9.8208,55.5364],[9.8207,55.5364]]]},"properties":{"sourceId":"ais_par3.150248","a_type":5120,"hectares":0.013}},{"type":"Feature","id":"ais_par3.150249","geometry":{"type":"Polygon","coordinates":[[[9.8223,55.5343],[9.8222,55.5343],[9.8221,55.5343],[9.8221,55.5343],[9.8221,55.5343],[9.8221,55.5344],[9.8221,55.5344],[9.8221,55.5345],[9.8221,55.5345],[9.8222,55.5345],[9.8222,55.5345],[9.8223,55.5345],[9.8223,55.5345],[9.8224,55.5345],[9.8224,55.5345],[9.8224,55.5344],[9.8224,55.5344],[9.8224,55.5344],[9.8223,55.5343],[9.8223,55.5343]]]},"properties":{"sourceId":"ais_par3.150249","a_type":5120,"hectares":0.045}},{"type":"Feature","id":"ais_par3.150250","geometry":{"type":"Polygon","coordinates":[[[9.8226,55.5301],[9.8225,55.5301],[9.8225,55.5302],[9.8225,55.5302],[9.8225,55.5302],[9.8225,55.5302],[9.8225,55.5302],[9.8226,55.5302],[9.8226,55.5302],[9.8226,55.5302],[9.8226,55.5302],[9.8226,55.5302],[9.8226,55.5301],[9.8226,55.5301]]]},"properties":{"sourceId":"ais_par3.150250","a_type":5120,"hectares":0.01}},{"type":"Feature","id":"ais_par3.150251","geometry":{"type":"Polygon","coordinates":[[[9.6951,55.5169],[9.6951,55.5168],[9.695,55.5168],[9.6949,55.5167],[9.6949,55.5167],[9.6948,55.5167],[9.6948,55.5166],[9.6948,55.5165],[9.6948,55.5165],[9.6948,55.5165],[9.6948,55.5164],[9.6948,55.5164],[9.6948,55.5164],[9.6947,55.5164],[9.6946,55.5164],[9.6946,55.5164],[9.6945,55.5164],[9.6944,55.5164],[9.6944,55.5164],[9.6944,55.5165],[9.6944,55.5165],[9.6944,55.5166],[9.6944,55.5167],[9.6944,55.5167],[9.6944,55.5168],[9.6944,55.5168],[9.6944,55.5168],[9.6944,55.5168],[9.6943,55.5169],[9.6943,55.5169],[9.6944,55.5169],[9.6945,55.517],[9.6946,55.517],[9.6947,55.5171],[9.6947,55.5171],[9.6948,55.5172],[9.6948,55.5172],[9.6948,55.5173],[9.6948,55.5174],[9.6948,55.5174],[9.6948,55.5175],[9.6948,55.5175],[9.6947,55.5176],[9.6946,55.5176],[9.6945,55.5177],[9.6945,55.5177],[9.6945,55.5178],[9.6944,55.5178],[9.6944,55.5179],[9.6944,55.5179],[9.6944,55.5179],[9.6945,55.518],[9.6945,55.518],[9.6946,55.518],[9.6947,55.518],[9.6948,55.518],[9.6948,55.518],[9.6949,55.518],[9.695,55.518],[9.6952,55.518],[9.6954,55.518],[9.6954,55.518],[9.6954,55.518],[9.6955,55.518],[9.6956,55.518],[9.6956,55.518],[9.6956,55.518],[9.6956,55.518],[9.6957,55.518],[9.6957,55.5179],[9.6957,55.5179],[9.6957,55.5179],[9.6958,55.5179],[9.6958,55.5179],[9.6958,55.5179],[9.6959,55.5179],[9.6959,55.5179],[9.6959,55.5179],[9.6959,55.5178],[9.6959,55.5178],[9.6959,55.5178],[9.6959,55.5177],[9.696,55.5177],[9.696,55.5177],[9.696,55.5176],[9.6961,55.5176],[9.6962,55.5176],[9.6962,55.5176],[9.6962,55.5176],[9.6962,55.5175],[9.6962,55.5175],[9.6961,55.5175],[9.6961,55.5175],[9.696,55.5175],[9.696,55.5175],[9.696,55.5175],[9.696,55.5175],[9.6959,55.5175],[9.6959,55.5175],[9.6959,55.5174],[9.6958,55.5174],[9.6958,55.5173],[9.6957,55.5172],[9.6957,55.5172],[9.6956,55.5171],[9.6956,55.5171],[9.6956,55.517],[9.6955,55.517],[9.6955,55.5169],[9.6955,55.5169],[9.6954,55.5169],[9.6953,55.5169],[9.6952,55.5169],[9.6951,55.5169]]]},"properties":{"sourceId":"ais_par3.150251","a_type":5120,"hectares":1.09}},{"type":"Feature","id":"ais_par3.150252","geometry":{"type":"Polygon","coordinates":[[[9.6974,55.5154],[9.6973,55.5154],[9.6972,55.5154],[9.6972,55.5154],[9.6974,55.5155],[9.6975,55.5156],[9.6976,55.5157],[9.6976,55.5158],[9.6977,55.5159],[9.6978,55.5159],[9.6979,55.5157],[9.6979,55.5153],[9.6979,55.5153],[9.6974,55.5154]]]},"properties":{"sourceId":"ais_par3.150252","a_type":5120,"hectares":0.189}},{"type":"Feature","id":"ais_par3.150253","geometry":{"type":"Polygon","coordinates":[[[9.6968,55.5103],[9.6967,55.5103],[9.6966,55.5103],[9.6966,55.5103],[9.6966,55.5104],[9.6966,55.5104],[9.6967,55.5105],[9.6967,55.5105],[9.6968,55.5106],[9.6969,55.5106],[9.697,55.5106],[9.6971,55.5106],[9.6973,55.5106],[9.6974,55.5106],[9.6974,55.5106],[9.6975,55.5105],[9.6975,55.5105],[9.6975,55.5104],[9.6974,55.5104],[9.6974,55.5104],[9.6973,55.5104],[9.6972,55.5103],[9.6971,55.5103],[9.697,55.5103],[9.6969,55.5103],[9.6968,55.5103]]]},"properties":{"sourceId":"ais_par3.150253","a_type":5120,"hectares":0.151}},{"type":"Feature","id":"ais_par3.150254","geometry":{"type":"Polygon","coordinates":[[[9.7039,55.5098],[9.7039,55.5098],[9.7038,55.5099],[9.7038,55.5099],[9.7038,55.5099],[9.7038,55.5099],[9.7039,55.5099],[9.704,55.5099],[9.7041,55.5099],[9.7042,55.5099],[9.7042,55.51],[9.7043,55.51],[9.7044,55.51],[9.7044,55.51],[9.7045,55.51],[9.7045,55.51],[9.7045,55.5099],[9.7045,55.5099],[9.7045,55.5099],[9.7045,55.5098],[9.7046,55.5098],[9.7046,55.5098],[9.7047,55.5097],[9.7047,55.5097],[9.7047,55.5097],[9.7047,55.5097],[9.7047,55.5097],[9.7047,55.5097],[9.7046,55.5097],[9.7046,55.5097],[9.7045,55.5097],[9.7043,55.5098],[9.7042,55.5098],[9.7042,55.5098],[9.7039,55.5098]]]},"properties":{"sourceId":"ais_par3.150254","a_type":5120,"hectares":0.081}},{"type":"Feature","id":"ais_par3.150255","geometry":{"type":"Polygon","coordinates":[[[9.7679,55.5158],[9.7678,55.5159],[9.7678,55.5159],[9.7679,55.5159],[9.768,55.5159],[9.7681,55.5159],[9.768,55.5158],[9.768,55.5158],[9.7679,55.5158]]]},"properties":{"sourceId":"ais_par3.150255","a_type":5120,"hectares":0.012}},{"type":"Feature","id":"ais_par3.150256","geometry":{"type":"Polygon","coordinates":[[[9.7713,55.5114],[9.7713,55.5114],[9.7712,55.5114],[9.7712,55.5115],[9.7712,55.5116],[9.7712,55.5116],[9.7713,55.5116],[9.7714,55.5116],[9.7714,55.5116],[9.7715,55.5116],[9.7716,55.5116],[9.7716,55.5116],[9.7716,55.5115],[9.7716,55.5115],[9.7716,55.5114],[9.7715,55.5114],[9.7714,55.5113],[9.7713,55.5114]]]},"properties":{"sourceId":"ais_par3.150256","a_type":5120,"hectares":0.074}},{"type":"Feature","id":"ais_par3.150257","geometry":{"type":"Polygon","coordinates":[[[9.812,55.5245],[9.8119,55.5245],[9.8119,55.5246],[9.8118,55.5246],[9.8118,55.5246],[9.8118,55.5247],[9.8118,55.5247],[9.8119,55.5247],[9.812,55.5247],[9.8121,55.5247],[9.8121,55.5247],[9.8121,55.5247],[9.8122,55.5246],[9.8122,55.5245],[9.8121,55.5245],[9.8121,55.5245],[9.812,55.5245]]]},"properties":{"sourceId":"ais_par3.150257","a_type":5120,"hectares":0.054}},{"type":"Feature","id":"ais_par3.150258","geometry":{"type":"Polygon","coordinates":[[[9.8035,55.522],[9.8034,55.522],[9.8033,55.522],[9.8032,55.522],[9.8032,55.522],[9.8032,55.5221],[9.8033,55.5221],[9.8033,55.5222],[9.8034,55.5222],[9.8035,55.5222],[9.8035,55.5222],[9.8036,55.5222],[9.8036,55.5221],[9.8037,55.5221],[9.8037,55.522],[9.8036,55.522],[9.8035,55.522]]]},"properties":{"sourceId":"ais_par3.150258","a_type":5120,"hectares":0.049}},{"type":"Feature","id":"ais_par3.150266","geometry":{"type":"Polygon","coordinates":[[[9.8202,55.5242],[9.8201,55.5242],[9.82,55.5243],[9.8199,55.5243],[9.8199,55.5244],[9.8199,55.5244],[9.8199,55.5244],[9.82,55.5245],[9.82,55.5245],[9.8201,55.5245],[9.8201,55.5245],[9.8202,55.5245],[9.8202,55.5245],[9.8203,55.5245],[9.8203,55.5244],[9.8203,55.5244],[9.8203,55.5243],[9.8203,55.5243],[9.8203,55.5242],[9.8202,55.5242],[9.8202,55.5242]]]},"properties":{"sourceId":"ais_par3.150266","a_type":5120,"hectares":0.059}},{"type":"Feature","id":"ais_par3.150277","geometry":{"type":"Polygon","coordinates":[[[9.8021,55.5091],[9.8019,55.5091],[9.8018,55.5092],[9.8018,55.5092],[9.802,55.5093],[9.8021,55.5093],[9.8023,55.5093],[9.8024,55.5093],[9.8024,55.5093],[9.8024,55.5092],[9.8022,55.5092],[9.8021,55.5091]]]},"properties":{"sourceId":"ais_par3.150277","a_type":5120,"hectares":0.055}},{"type":"Feature","id":"ais_par3.150278","geometry":{"type":"Polygon","coordinates":[[[9.8096,55.5101],[9.8089,55.5099],[9.8089,55.51],[9.809,55.51],[9.809,55.51],[9.809,55.5101],[9.809,55.5101],[9.809,55.5101],[9.809,55.5101],[9.8091,55.5102],[9.8092,55.5102],[9.8093,55.5102],[9.8094,55.5101],[9.8094,55.5101],[9.8096,55.5101],[9.8096,55.5101]]]},"properties":{"sourceId":"ais_par3.150278","a_type":5120,"hectares":0.042}}]}
