{"type":"FeatureCollection","metadata":{"kommuneKode":"0727","kommuneNavn":"Odder","source":"https://wfs2-miljoegis.mim.dk/natur/ows","layer":"natur:ais_par3","bbox":[10.013628151550948,55.83626142015746,10.463757506087696,56.02397219303055],"fetchedAt":"2026-06-12T20:55:45.236036+00:00"},"features":[{"type":"Feature","id":"ais_par3.55614","geometry":{"type":"Polygon","coordinates":[[[10.1175,56.0238],[10.1176,56.0239],[10.1177,56.0239],[10.1177,56.0239],[10.1176,56.0238],[10.1175,56.0238]]]},"properties":{"sourceId":"ais_par3.55614","a_type":5120,"hectares":0.014}},{"type":"Feature","id":"ais_par3.43356","geometry":{"type":"Polygon","coordinates":[[[10.4379,55.95],[10.438,55.9499],[10.4379,55.9498],[10.4378,55.9498],[10.4377,55.9499],[10.4377,55.9499],[10.4377,55.95],[10.4378,55.95],[10.4379,55.95]]]},"properties":{"sourceId":"ais_par3.43356","a_type":5120,"hectares":0.038}},{"type":"Feature","id":"ais_par3.43357","geometry":{"type":"Polygon","coordinates":[[[10.4245,55.9496],[10.4248,55.9495],[10.425,55.9496],[10.4254,55.9495],[10.4249,55.9488],[10.4241,55.9491],[10.4245,55.9496]]]},"properties":{"sourceId":"ais_par3.43357","a_type":3210,"hectares":0.412}},{"type":"Feature","id":"ais_par3.43359","geometry":{"type":"Polygon","coordinates":[[[10.4513,55.9485],[10.4519,55.9486],[10.452,55.9485],[10.4527,55.9485],[10.4532,55.9485],[10.4537,55.9484],[10.4542,55.9484],[10.4544,55.9483],[10.4545,55.9482],[10.4543,55.9481],[10.4524,55.948],[10.4507,55.9479],[10.45,55.9478],[10.4488,55.9476],[10.4487,55.9475],[10.448,55.9473],[10.4493,55.9479],[10.4496,55.948],[10.45,55.9481],[10.4509,55.9483],[10.4513,55.9485]]]},"properties":{"sourceId":"ais_par3.43359","a_type":4210,"hectares":1.507}},{"type":"Feature","id":"ais_par3.43335","geometry":{"type":"Polygon","coordinates":[[[10.4071,55.9554],[10.4069,55.9554],[10.4051,55.9566],[10.4049,55.9568],[10.4048,55.957],[10.4047,55.9572],[10.4046,55.9576],[10.4046,55.9578],[10.4046,55.9579],[10.4045,55.9581],[10.4042,55.9584],[10.4038,55.9587],[10.4032,55.9593],[10.4036,55.9594],[10.4041,55.9595],[10.4044,55.9589],[10.4047,55.9584],[10.4047,55.9583],[10.4048,55.9582],[10.4049,55.9582],[10.406,55.9583],[10.4066,55.9571],[10.4069,55.9564],[10.4069,55.9561],[10.4071,55.9554]]]},"properties":{"sourceId":"ais_par3.43335","a_type":4210,"hectares":3.309}},{"type":"Feature","id":"ais_par3.43336","geometry":{"type":"Polygon","coordinates":[[[10.4115,55.9576],[10.4115,55.9577],[10.4115,55.9577],[10.4115,55.9577],[10.4117,55.9577],[10.4118,55.9578],[10.4118,55.9577],[10.4119,55.9577],[10.4118,55.9577],[10.4117,55.9576],[10.4116,55.9576],[10.4115,55.9576]]]},"properties":{"sourceId":"ais_par3.43336","a_type":5120,"hectares":0.026}},{"type":"Feature","id":"ais_par3.43337","geometry":{"type":"Polygon","coordinates":[[[10.4241,55.9565],[10.4246,55.9568],[10.4252,55.9563],[10.4254,55.956],[10.4255,55.9559],[10.4255,55.9558],[10.4255,55.9557],[10.4254,55.9555],[10.4241,55.9565]]]},"properties":{"sourceId":"ais_par3.43337","a_type":4120,"hectares":0.557}},{"type":"Feature","id":"ais_par3.43338","geometry":{"type":"Polygon","coordinates":[[[10.4424,55.956],[10.4423,55.9561],[10.4421,55.9561],[10.442,55.9561],[10.4421,55.9562],[10.4422,55.9562],[10.4423,55.9562],[10.4425,55.9562],[10.4427,55.9562],[10.4427,55.9562],[10.4428,55.9561],[10.4427,55.9561],[10.4426,55.956],[10.4424,55.956]]]},"properties":{"sourceId":"ais_par3.43338","a_type":5120,"hectares":0.067}},{"type":"Feature","id":"ais_par3.43339","geometry":{"type":"Polygon","coordinates":[[[10.4181,55.9564],[10.4185,55.9563],[10.4183,55.9561],[10.418,55.9557],[10.4181,55.9557],[10.4177,55.9554],[10.4176,55.9555],[10.4176,55.9556],[10.4175,55.9556],[10.4174,55.9557],[10.4173,55.9557],[10.4172,55.9557],[10.417,55.9556],[10.4168,55.9556],[10.4167,55.9556],[10.4166,55.9556],[10.4164,55.9557],[10.4163,55.9558],[10.4161,55.9558],[10.416,55.9558],[10.4156,55.9556],[10.4154,55.9557],[10.4154,55.9557],[10.4154,55.9558],[10.4154,55.9558],[10.4154,55.9559],[10.4155,55.9559],[10.4156,55.9561],[10.4157,55.9561],[10.4157,55.9562],[10.4162,55.9564],[10.4163,55.9563],[10.4172,55.9561],[10.4176,55.9564],[10.4181,55.9564]],[[10.4162,55.9559],[10.4163,55.956],[10.4164,55.956],[10.4165,55.9561],[10.4164,55.9561],[10.4162,55.9561],[10.4161,55.9561],[10.4161,55.9561],[10.416,55.956],[10.416,55.956],[10.416,55.9559],[10.4162,55.9559]],[[10.4176,55.956],[10.4177,55.9561],[10.4178,55.9561],[10.4178,55.9561],[10.4179,55.9561],[10.4178,55.9562],[10.4176,55.9562],[10.4176,55.9561],[10.4175,55.9561],[10.4174,55.9561],[10.4175,55.9561],[10.4175,55.956],[10.4176,55.956]]]},"properties":{"sourceId":"ais_par3.43339","a_type":4120,"hectares":1.144}},{"type":"Feature","id":"ais_par3.43340","geometry":{"type":"Polygon","coordinates":[[[10.4176,55.956],[10.4175,55.956],[10.4175,55.9561],[10.4174,55.9561],[10.4175,55.9561],[10.4176,55.9561],[10.4176,55.9562],[10.4178,55.9562],[10.4179,55.9561],[10.4178,55.9561],[10.4178,55.9561],[10.4177,55.9561],[10.4176,55.956]]]},"properties":{"sourceId":"ais_par3.43340","a_type":5120,"hectares":0.027}},{"type":"Feature","id":"ais_par3.43341","geometry":{"type":"Polygon","coordinates":[[[10.4162,55.9559],[10.416,55.9559],[10.416,55.956],[10.416,55.956],[10.4161,55.9561],[10.4161,55.9561],[10.4162,55.9561],[10.4164,55.9561],[10.4165,55.9561],[10.4164,55.956],[10.4163,55.956],[10.4162,55.9559]]]},"properties":{"sourceId":"ais_par3.43341","a_type":5120,"hectares":0.044}},{"type":"Feature","id":"ais_par3.43343","geometry":{"type":"Polygon","coordinates":[[[10.4272,55.9537],[10.4269,55.9541],[10.4291,55.9544],[10.4292,55.954],[10.4272,55.9537]]]},"properties":{"sourceId":"ais_par3.43343","a_type":4120,"hectares":0.603}},{"type":"Feature","id":"ais_par3.43344","geometry":{"type":"Polygon","coordinates":[[[10.4386,55.9538],[10.4388,55.9535],[10.4368,55.9533],[10.4368,55.9534],[10.4381,55.9536],[10.4383,55.9536],[10.4382,55.9538],[10.4386,55.9538]]]},"properties":{"sourceId":"ais_par3.43344","a_type":4120,"hectares":0.278}},{"type":"Feature","id":"ais_par3.43345","geometry":{"type":"Polygon","coordinates":[[[10.4293,55.9532],[10.4292,55.9532],[10.4292,55.9533],[10.4292,55.9533],[10.4291,55.9534],[10.4289,55.9536],[10.4288,55.9536],[10.4288,55.9536],[10.4288,55.9537],[10.4289,55.9537],[10.4292,55.9537],[10.4295,55.9538],[10.4297,55.9537],[10.4298,55.9536],[10.43,55.9536],[10.4301,55.9535],[10.4303,55.9535],[10.43,55.9534],[10.4297,55.9534],[10.4296,55.9533],[10.4293,55.9532]]]},"properties":{"sourceId":"ais_par3.43345","a_type":4120,"hectares":0.291}},{"type":"Feature","id":"ais_par3.43346","geometry":{"type":"Polygon","coordinates":[[[10.4553,55.9531],[10.4572,55.9528],[10.4585,55.9526],[10.4593,55.9525],[10.4612,55.9523],[10.4605,55.9522],[10.46,55.9521],[10.4595,55.9521],[10.4585,55.9519],[10.4573,55.9517],[10.4567,55.9516],[10.4562,55.9515],[10.4555,55.9512],[10.4549,55.9511],[10.4542,55.9508],[10.4539,55.9506],[10.4536,55.9504],[10.4533,55.9501],[10.4532,55.9498],[10.4532,55.9495],[10.4525,55.9496],[10.4521,55.9495],[10.4523,55.9497],[10.4525,55.95],[10.4527,55.9503],[10.454,55.951],[10.4538,55.9512],[10.4555,55.9519],[10.4552,55.9521],[10.4563,55.9528],[10.456,55.9529],[10.4557,55.9529],[10.4553,55.9531]]]},"properties":{"sourceId":"ais_par3.43346","a_type":4210,"hectares":4.281}},{"type":"Feature","id":"ais_par3.43361","geometry":{"type":"Polygon","coordinates":[[[10.4398,55.9473],[10.4393,55.9471],[10.4388,55.9478],[10.4389,55.9478],[10.4393,55.9473],[10.4395,55.9473],[10.4397,55.9475],[10.4398,55.9473]]]},"properties":{"sourceId":"ais_par3.43361","a_type":4120,"hectares":0.108}},{"type":"Feature","id":"ais_par3.43362","geometry":{"type":"Polygon","coordinates":[[[10.4389,55.9478],[10.4393,55.9477],[10.4395,55.9476],[10.4397,55.9475],[10.4395,55.9473],[10.4393,55.9473],[10.4389,55.9478]]]},"properties":{"sourceId":"ais_par3.43362","a_type":5120,"hectares":0.118}},{"type":"Feature","id":"ais_par3.43364","geometry":{"type":"Polygon","coordinates":[[[10.4323,55.9459],[10.4322,55.9468],[10.4323,55.9471],[10.4329,55.9471],[10.4334,55.9459],[10.4327,55.9459],[10.4323,55.9459]]]},"properties":{"sourceId":"ais_par3.43364","a_type":3210,"hectares":0.715}},{"type":"Feature","id":"ais_par3.43347","geometry":{"type":"Polygon","coordinates":[[[10.4337,55.9492],[10.4333,55.9496],[10.4336,55.9497],[10.4336,55.95],[10.4342,55.95],[10.4338,55.9506],[10.4324,55.9504],[10.4316,55.9514],[10.4301,55.9512],[10.4297,55.9516],[10.4293,55.9519],[10.4304,55.952],[10.4303,55.9521],[10.43,55.9522],[10.4298,55.9522],[10.4295,55.9522],[10.4293,55.9522],[10.4291,55.9525],[10.429,55.9525],[10.4293,55.9527],[10.4293,55.9527],[10.4292,55.9528],[10.4294,55.9529],[10.4295,55.953],[10.4299,55.953],[10.4307,55.9531],[10.4309,55.9531],[10.4309,55.953],[10.4308,55.9527],[10.431,55.9526],[10.4311,55.9526],[10.4313,55.9526],[10.4328,55.9528],[10.4328,55.9526],[10.4324,55.9526],[10.432,55.9526],[10.4313,55.9524],[10.4312,55.9523],[10.4313,55.9521],[10.4331,55.9523],[10.4334,55.9519],[10.4351,55.9522],[10.4351,55.9523],[10.4341,55.9521],[10.434,55.9522],[10.4362,55.9525],[10.4363,55.9523],[10.436,55.9523],[10.4361,55.9522],[10.4368,55.9522],[10.4366,55.9527],[10.4388,55.9529],[10.4388,55.9514],[10.4378,55.9512],[10.4377,55.9513],[10.4378,55.9514],[10.438,55.9515],[10.4383,55.9516],[10.4383,55.9516],[10.4383,55.9518],[10.4382,55.9519],[10.438,55.9521],[10.4379,55.9521],[10.4378,55.9523],[10.4373,55.9522],[10.4368,55.9521],[10.4366,55.9516],[10.4365,55.9514],[10.4363,55.9513],[10.4359,55.9511],[10.436,55.951],[10.4361,55.9509],[10.4362,55.951],[10.4365,55.951],[10.4367,55.9511],[10.4369,55.9511],[10.4372,55.9511],[10.4373,55.9511],[10.4375,55.9507],[10.4379,55.95],[10.4378,55.95],[10.4377,55.95],[10.4377,55.9499],[10.4377,55.9499],[10.4378,55.9498],[10.4379,55.9498],[10.438,55.9499],[10.4387,55.949],[10.4383,55.949],[10.4382,55.9489],[10.4381,55.9489],[10.4381,55.9487],[10.4381,55.9486],[10.438,55.9485],[10.4378,55.9485],[10.4376,55.9484],[10.4373,55.9484],[10.4361,55.9486],[10.4363,55.9483],[10.4357,55.9484],[10.4353,55.9491],[10.434,55.9488],[10.4337,55.9492]],[[10.4305,55.9524],[10.4305,55.9525],[10.4301,55.9524],[10.4301,55.9523],[10.4305,55.9524]]]},"properties":{"sourceId":"ais_par3.43347","a_type":4120,"hectares":15.18}},{"type":"Feature","id":"ais_par3.43348","geometry":{"type":"Polygon","coordinates":[[[10.4305,55.9524],[10.4301,55.9523],[10.4301,55.9524],[10.4305,55.9525],[10.4305,55.9524]]]},"properties":{"sourceId":"ais_par3.43348","a_type":5120,"hectares":0.029}},{"type":"Feature","id":"ais_par3.43350","geometry":{"type":"Polygon","coordinates":[[[10.4197,55.9517],[10.4191,55.9513],[10.4188,55.9513],[10.4187,55.9513],[10.4184,55.9514],[10.4192,55.952],[10.4197,55.9517]],[[10.419,55.9514],[10.4191,55.9514],[10.4191,55.9515],[10.4191,55.9516],[10.4191,55.9516],[10.419,55.9516],[10.4188,55.9516],[10.4188,55.9516],[10.4187,55.9515],[10.4187,55.9514],[10.4187,55.9514],[10.4189,55.9514],[10.419,55.9514]]]},"properties":{"sourceId":"ais_par3.43350","a_type":4120,"hectares":0.253}},{"type":"Feature","id":"ais_par3.43351","geometry":{"type":"Polygon","coordinates":[[[10.419,55.9514],[10.4189,55.9514],[10.4187,55.9514],[10.4187,55.9514],[10.4187,55.9515],[10.4188,55.9516],[10.4188,55.9516],[10.419,55.9516],[10.4191,55.9516],[10.4191,55.9516],[10.4191,55.9515],[10.4191,55.9514],[10.419,55.9514]]]},"properties":{"sourceId":"ais_par3.43351","a_type":5120,"hectares":0.056}},{"type":"Feature","id":"ais_par3.43354","geometry":{"type":"Polygon","coordinates":[[[10.447,55.9495],[10.4459,55.9495],[10.446,55.95],[10.4453,55.9499],[10.4452,55.9502],[10.4469,55.9501],[10.447,55.9495]]]},"properties":{"sourceId":"ais_par3.43354","a_type":3210,"hectares":0.585}},{"type":"Feature","id":"ais_par3.55724","geometry":{"type":"Polygon","coordinates":[[[10.1798,56.0012],[10.1798,56.0012],[10.1796,56.0012],[10.1795,56.0012],[10.1795,56.0013],[10.1797,56.0013],[10.1797,56.0013],[10.1798,56.0013],[10.1798,56.0012]]]},"properties":{"sourceId":"ais_par3.55724","a_type":5120,"hectares":0.017}},{"type":"Feature","id":"ais_par3.56250","geometry":{"type":"Polygon","coordinates":[[[10.1013,55.8642],[10.1012,55.8642],[10.1012,55.8642],[10.101,55.8643],[10.1011,55.8644],[10.1013,55.8644],[10.1014,55.8643],[10.1013,55.8642]]]},"properties":{"sourceId":"ais_par3.56250","a_type":5120,"hectares":0.03}},{"type":"Feature","id":"ais_par3.54872","geometry":{"type":"Polygon","coordinates":[[[10.0241,56.0141],[10.0241,56.014],[10.024,56.014],[10.0239,56.014],[10.0238,56.014],[10.0238,56.014],[10.0238,56.0141],[10.0238,56.0141],[10.0239,56.0141],[10.0241,56.0141]]]},"properties":{"sourceId":"ais_par3.54872","a_type":5120,"hectares":0.025}},{"type":"Feature","id":"ais_par3.54877","geometry":{"type":"Polygon","coordinates":[[[10.0139,56.0138],[10.0139,56.0138],[10.0139,56.0137],[10.0139,56.0137],[10.0139,56.0136],[10.0138,56.0136],[10.0137,56.0136],[10.0136,56.0136],[10.0136,56.0136],[10.0135,56.0137],[10.0135,56.0137],[10.0135,56.0137],[10.0135,56.0138],[10.0136,56.0138],[10.0136,56.0138],[10.0137,56.0139],[10.0138,56.0139],[10.0138,56.0138],[10.0139,56.0138]]]},"properties":{"sourceId":"ais_par3.54877","a_type":5120,"hectares":0.059}},{"type":"Feature","id":"ais_par3.54909","geometry":{"type":"Polygon","coordinates":[[[10.0249,56.0099],[10.0243,56.0103],[10.025,56.0108],[10.0256,56.0103],[10.0266,56.0096],[10.0257,56.0092],[10.0249,56.0099]]]},"properties":{"sourceId":"ais_par3.54909","a_type":4120,"hectares":1.057}},{"type":"Feature","id":"ais_par3.54921","geometry":{"type":"Polygon","coordinates":[[[10.0208,56.0079],[10.0204,56.008],[10.0202,56.008],[10.0203,56.0083],[10.0206,56.0085],[10.0208,56.0089],[10.022,56.009],[10.0222,56.0081],[10.0219,56.0081],[10.0217,56.008],[10.0212,56.008],[10.0208,56.0078],[10.0208,56.0079]]]},"properties":{"sourceId":"ais_par3.54921","a_type":4120,"hectares":1.098}},{"type":"Feature","id":"ais_par3.54958","geometry":{"type":"Polygon","coordinates":[[[10.0154,56.0057],[10.0153,56.0057],[10.0154,56.0057],[10.0153,56.0058],[10.0154,56.0058],[10.0155,56.0058],[10.0156,56.0058],[10.0157,56.0058],[10.0157,56.0058],[10.0158,56.0058],[10.0158,56.0057],[10.0157,56.0057],[10.0157,56.0057],[10.0156,56.0057],[10.0156,56.0057],[10.0154,56.0057]]]},"properties":{"sourceId":"ais_par3.54958","a_type":5120,"hectares":0.032}},{"type":"Feature","id":"ais_par3.55046","geometry":{"type":"Polygon","coordinates":[[[10.0121,55.996],[10.0128,55.996],[10.0131,55.9961],[10.0134,55.9962],[10.0134,55.996],[10.0138,55.9958],[10.0146,55.9957],[10.0145,55.9957],[10.0139,55.9957],[10.013,55.9958],[10.0124,55.9957],[10.0119,55.9956],[10.0118,55.9955],[10.0107,55.9954],[10.0106,55.9954],[10.0104,55.9957],[10.0101,55.9959],[10.0109,55.9959],[10.0114,55.9959],[10.0121,55.996]]]},"properties":{"sourceId":"ais_par3.55046","a_type":3210,"hectares":0.82}},{"type":"Feature","id":"ais_par3.55066","geometry":{"type":"Polygon","coordinates":[[[10.0323,55.991],[10.0324,55.9911],[10.0324,55.9912],[10.0326,55.9913],[10.0328,55.9914],[10.0329,55.9913],[10.0329,55.9911],[10.0327,55.9909],[10.0325,55.9909],[10.0323,55.991]]]},"properties":{"sourceId":"ais_par3.55066","a_type":5120,"hectares":0.129}},{"type":"Feature","id":"ais_par3.55071","geometry":{"type":"Polygon","coordinates":[[[10.0171,55.9901],[10.017,55.9902],[10.017,55.9903],[10.0175,55.9905],[10.0177,55.9906],[10.0179,55.9907],[10.0182,55.9907],[10.0186,55.9908],[10.0188,55.9908],[10.0189,55.9907],[10.0192,55.9908],[10.0194,55.9908],[10.0196,55.9908],[10.02,55.9907],[10.0202,55.9905],[10.0206,55.9905],[10.0211,55.9905],[10.0218,55.9905],[10.0227,55.9906],[10.0228,55.9905],[10.0228,55.9903],[10.0217,55.9903],[10.0212,55.9903],[10.0209,55.9903],[10.0202,55.9903],[10.02,55.9902],[10.0197,55.9902],[10.0195,55.9902],[10.0191,55.9902],[10.0186,55.9902],[10.0183,55.9901],[10.0183,55.9902],[10.018,55.9903],[10.0179,55.9904],[10.0177,55.9903],[10.0176,55.9902],[10.0173,55.9902],[10.0171,55.9901]]]},"properties":{"sourceId":"ais_par3.55071","a_type":4110,"hectares":1.402}},{"type":"Feature","id":"ais_par3.55073","geometry":{"type":"Polygon","coordinates":[[[10.018,55.9903],[10.0182,55.9902],[10.0182,55.9901],[10.0179,55.9901],[10.0176,55.99],[10.0173,55.9899],[10.0171,55.9898],[10.0168,55.9896],[10.0164,55.9894],[10.016,55.9893],[10.0157,55.9893],[10.0155,55.9892],[10.0154,55.9892],[10.0159,55.9895],[10.0165,55.9898],[10.017,55.99],[10.0171,55.9901],[10.0174,55.9902],[10.0176,55.9902],[10.0177,55.9903],[10.0179,55.9904],[10.018,55.9903]]]},"properties":{"sourceId":"ais_par3.55073","a_type":4120,"hectares":0.524}},{"type":"Feature","id":"ais_par3.55082","geometry":{"type":"Polygon","coordinates":[[[10.0385,55.987],[10.0383,55.9869],[10.0382,55.987],[10.0381,55.987],[10.0381,55.9871],[10.0381,55.9872],[10.038,55.9874],[10.0381,55.9875],[10.0383,55.9876],[10.0384,55.9877],[10.0385,55.9876],[10.0389,55.9874],[10.0388,55.9873],[10.0386,55.9873],[10.0386,55.9871],[10.0385,55.987]]]},"properties":{"sourceId":"ais_par3.55082","a_type":4120,"hectares":0.275}},{"type":"Feature","id":"ais_par3.55098","geometry":{"type":"Polygon","coordinates":[[[10.0175,55.9817],[10.0171,55.9819],[10.0186,55.9824],[10.0183,55.9827],[10.0204,55.9835],[10.0207,55.9833],[10.0211,55.9835],[10.0214,55.9836],[10.0213,55.9835],[10.021,55.9833],[10.0206,55.9831],[10.02,55.9828],[10.0197,55.9827],[10.0193,55.9825],[10.0189,55.9823],[10.0188,55.9821],[10.0185,55.9821],[10.0181,55.982],[10.0176,55.9818],[10.0175,55.9817]]]},"properties":{"sourceId":"ais_par3.55098","a_type":4120,"hectares":1.272}},{"type":"Feature","id":"ais_par3.55100","geometry":{"type":"Polygon","coordinates":[[[10.0368,55.9821],[10.0367,55.9821],[10.0366,55.9822],[10.0366,55.9822],[10.0366,55.9823],[10.0366,55.9823],[10.0366,55.9824],[10.0366,55.9824],[10.0367,55.9825],[10.0368,55.9825],[10.0369,55.9825],[10.037,55.9825],[10.037,55.9824],[10.037,55.9824],[10.0371,55.9824],[10.0371,55.9823],[10.0372,55.9823],[10.0372,55.9822],[10.0372,55.9822],[10.037,55.9821],[10.0369,55.9821],[10.0368,55.9821]]]},"properties":{"sourceId":"ais_par3.55100","a_type":5120,"hectares":0.131}},{"type":"Feature","id":"ais_par3.55117","geometry":{"type":"Polygon","coordinates":[[[10.0254,55.9799],[10.0252,55.98],[10.025,55.9802],[10.025,55.9802],[10.025,55.9803],[10.0251,55.9803],[10.0252,55.9804],[10.0252,55.9803],[10.0253,55.9803],[10.0253,55.9803],[10.0254,55.9803],[10.0254,55.9802],[10.0255,55.9802],[10.0256,55.9802],[10.0256,55.9801],[10.0256,55.9801],[10.0256,55.9801],[10.0257,55.98],[10.0257,55.98],[10.0257,55.9799],[10.0256,55.9799],[10.0255,55.9799],[10.0254,55.9799]]]},"properties":{"sourceId":"ais_par3.55117","a_type":5120,"hectares":0.137}},{"type":"Feature","id":"ais_par3.55158","geometry":{"type":"Polygon","coordinates":[[[10.0312,55.9745],[10.031,55.9745],[10.0311,55.9745],[10.0312,55.9745]]]},"properties":{"sourceId":"ais_par3.55158","a_type":4110,"hectares":0.003}},{"type":"Feature","id":"ais_par3.55159","geometry":{"type":"Polygon","coordinates":[[[10.0321,55.9728],[10.0321,55.9726],[10.0317,55.9726],[10.0314,55.9727],[10.0312,55.9728],[10.031,55.9729],[10.0307,55.9731],[10.0305,55.9734],[10.0303,55.9734],[10.0301,55.9734],[10.0294,55.9734],[10.029,55.9734],[10.0289,55.9736],[10.0291,55.9736],[10.0296,55.9736],[10.0298,55.9736],[10.03,55.9736],[10.0302,55.9735],[10.0309,55.9735],[10.031,55.9739],[10.0311,55.9742],[10.0311,55.9742],[10.0312,55.9743],[10.0312,55.9743],[10.0312,55.9744],[10.0312,55.9745],[10.0312,55.9745],[10.0313,55.9745],[10.0313,55.9742],[10.0314,55.9737],[10.0315,55.9733],[10.0315,55.9732],[10.0319,55.9732],[10.0323,55.9732],[10.0327,55.9733],[10.033,55.9734],[10.0332,55.9735],[10.0334,55.9736],[10.0335,55.9736],[10.0338,55.9737],[10.0344,55.9736],[10.0356,55.9735],[10.0358,55.9732],[10.0357,55.9732],[10.0352,55.9733],[10.0337,55.9734],[10.0337,55.9731],[10.0334,55.973],[10.0329,55.973],[10.0325,55.973],[10.0323,55.973],[10.0322,55.9729],[10.0321,55.9728]]]},"properties":{"sourceId":"ais_par3.55159","a_type":4110,"hectares":1.856}},{"type":"Feature","id":"ais_par3.55160","geometry":{"type":"Polygon","coordinates":[[[10.0311,55.9742],[10.031,55.9742],[10.0309,55.9741],[10.0309,55.9742],[10.0308,55.9742],[10.0307,55.9742],[10.0308,55.9743],[10.0309,55.9744],[10.031,55.9745],[10.0312,55.9745],[10.0312,55.9744],[10.0312,55.9743],[10.0312,55.9743],[10.0311,55.9742],[10.0311,55.9742]]]},"properties":{"sourceId":"ais_par3.55160","a_type":5120,"hectares":0.074}},{"type":"Feature","id":"ais_par3.55171","geometry":{"type":"Polygon","coordinates":[[[10.0362,55.9725],[10.0363,55.9724],[10.0364,55.9723],[10.0364,55.9722],[10.0363,55.9722],[10.0362,55.9722],[10.0361,55.9721],[10.0361,55.9722],[10.0361,55.9723],[10.0361,55.9724],[10.0362,55.9724],[10.0362,55.9725]]]},"properties":{"sourceId":"ais_par3.55171","a_type":5120,"hectares":0.045}},{"type":"Feature","id":"ais_par3.55181","geometry":{"type":"Polygon","coordinates":[[[10.0305,55.9703],[10.0305,55.9703],[10.0305,55.9703],[10.0304,55.9702],[10.0304,55.9702],[10.0303,55.9702],[10.0302,55.9702],[10.0301,55.9702],[10.0301,55.9702],[10.0302,55.9703],[10.0302,55.9703],[10.0302,55.9703],[10.0303,55.9703],[10.0304,55.9703],[10.0305,55.9703]]]},"properties":{"sourceId":"ais_par3.55181","a_type":5120,"hectares":0.032}},{"type":"Feature","id":"ais_par3.55203","geometry":{"type":"Polygon","coordinates":[[[10.0342,55.9592],[10.0341,55.9589],[10.0338,55.9589],[10.0334,55.9589],[10.0332,55.959],[10.033,55.959],[10.0327,55.9591],[10.0325,55.9592],[10.0322,55.9593],[10.0321,55.9594],[10.032,55.9595],[10.0316,55.9596],[10.0316,55.9598],[10.0322,55.9598],[10.0321,55.9596],[10.0342,55.9592]],[[10.0328,55.9594],[10.0326,55.9595],[10.0324,55.9595],[10.0323,55.9595],[10.0322,55.9595],[10.0322,55.9594],[10.0323,55.9594],[10.0324,55.9593],[10.0326,55.9593],[10.0327,55.9593],[10.0328,55.9593],[10.0329,55.9592],[10.0331,55.9591],[10.0333,55.9591],[10.0334,55.9591],[10.0336,55.9591],[10.0337,55.9591],[10.0337,55.9591],[10.0338,55.9591],[10.0338,55.9591],[10.0339,55.9591],[10.034,55.9591],[10.034,55.9591],[10.0339,55.9591],[10.0337,55.9591],[10.0337,55.9592],[10.0336,55.9592],[10.0336,55.9592],[10.0335,55.9593],[10.0334,55.9593],[10.0333,55.9593],[10.0333,55.9593],[10.0331,55.9593],[10.0328,55.9594]]]},"properties":{"sourceId":"ais_par3.55203","a_type":4120,"hectares":0.468}},{"type":"Feature","id":"ais_par3.55191","geometry":{"type":"Polygon","coordinates":[[[10.03,55.9678],[10.0301,55.9678],[10.0301,55.9678],[10.0303,55.9677],[10.0304,55.9676],[10.0305,55.9676],[10.0305,55.9675],[10.0304,55.9675],[10.0303,55.9675],[10.0303,55.9675],[10.0301,55.9676],[10.03,55.9676],[10.03,55.9676],[10.0298,55.9677],[10.0298,55.9677],[10.0298,55.9678],[10.0299,55.9678],[10.03,55.9678]]]},"properties":{"sourceId":"ais_par3.55191","a_type":5120,"hectares":0.076}},{"type":"Feature","id":"ais_par3.55195","geometry":{"type":"Polygon","coordinates":[[[10.0264,55.9665],[10.0264,55.9665],[10.0264,55.9664],[10.0264,55.9664],[10.0264,55.9665]]]},"properties":{"sourceId":"ais_par3.55195","a_type":5120,"hectares":145}},{"type":"Feature","id":"ais_par3.55204","geometry":{"type":"Polygon","coordinates":[[[10.0328,55.9594],[10.0331,55.9593],[10.0333,55.9593],[10.0333,55.9593],[10.0334,55.9593],[10.0335,55.9593],[10.0336,55.9592],[10.0336,55.9592],[10.0337,55.9592],[10.0337,55.9591],[10.0339,55.9591],[10.034,55.9591],[10.034,55.9591],[10.0339,55.9591],[10.0338,55.9591],[10.0338,55.9591],[10.0337,55.9591],[10.0337,55.9591],[10.0336,55.9591],[10.0334,55.9591],[10.0333,55.9591],[10.0331,55.9591],[10.0329,55.9592],[10.0328,55.9593],[10.0327,55.9593],[10.0326,55.9593],[10.0324,55.9593],[10.0323,55.9594],[10.0322,55.9594],[10.0322,55.9595],[10.0323,55.9595],[10.0324,55.9595],[10.0326,55.9595],[10.0328,55.9594]]]},"properties":{"sourceId":"ais_par3.55204","a_type":5120,"hectares":0.188}},{"type":"Feature","id":"ais_par3.55599","geometry":{"type":"Polygon","coordinates":[[[10.1754,56.0241],[10.1752,56.024],[10.1748,56.0243],[10.1745,56.0247],[10.1746,56.0249],[10.1749,56.0251],[10.1766,56.0256],[10.1769,56.0254],[10.177,56.0254],[10.1772,56.0253],[10.1777,56.025],[10.1765,56.0245],[10.1754,56.0241]]]},"properties":{"sourceId":"ais_par3.55599","a_type":4110,"hectares":1.782}},{"type":"Feature","id":"ais_par3.55725","geometry":{"type":"Polygon","coordinates":[[[10.0882,56.0021],[10.0883,56.0022],[10.0884,56.0021],[10.0884,56.0021],[10.0885,56.0021],[10.0885,56.002],[10.0886,56.002],[10.0885,56.002],[10.0884,56.0019],[10.0883,56.0019],[10.0883,56.002],[10.0882,56.002],[10.0882,56.0021]]]},"properties":{"sourceId":"ais_par3.55725","a_type":5120,"hectares":0.038}},{"type":"Feature","id":"ais_par3.55726","geometry":{"type":"Polygon","coordinates":[[[10.174,55.9988],[10.1737,55.9988],[10.1734,55.9988],[10.1733,55.999],[10.1733,55.9993],[10.1735,55.9994],[10.1739,55.9994],[10.1742,55.9992],[10.1742,55.9989],[10.174,55.9988]]]},"properties":{"sourceId":"ais_par3.55726","a_type":4120,"hectares":0.322}},{"type":"Feature","id":"ais_par3.55727","geometry":{"type":"Polygon","coordinates":[[[10.2438,55.9981],[10.2438,55.9983],[10.2441,55.9982],[10.2441,55.9981],[10.2438,55.9981]]]},"properties":{"sourceId":"ais_par3.55727","a_type":5120,"hectares":0.027}},{"type":"Feature","id":"ais_par3.55802","geometry":{"type":"Polygon","coordinates":[[[10.1041,55.9654],[10.1051,55.9652],[10.1053,55.9651],[10.1048,55.9649],[10.1041,55.9654]]]},"properties":{"sourceId":"ais_par3.55802","a_type":4120,"hectares":0.133}},{"type":"Feature","id":"ais_par3.55594","geometry":{"type":"Polygon","coordinates":[[[10.1635,56.0272],[10.1636,56.0272],[10.1636,56.0271],[10.1636,56.0271],[10.1636,56.0271],[10.1635,56.027],[10.1634,56.0271],[10.1634,56.0271],[10.1634,56.0271],[10.1634,56.0272],[10.1634,56.0272],[10.1635,56.0272]]]},"properties":{"sourceId":"ais_par3.55594","a_type":5120,"hectares":0.022}},{"type":"Feature","id":"ais_par3.55803","geometry":{"type":"Polygon","coordinates":[[[10.1036,55.9657],[10.104,55.9655],[10.1037,55.9655],[10.1036,55.9657]]]},"properties":{"sourceId":"ais_par3.55803","a_type":4120,"hectares":0.022}},{"type":"Feature","id":"ais_par3.55562","geometry":{"type":"Polygon","coordinates":[[[10.2658,56.0302],[10.2661,56.0302],[10.2668,56.0302],[10.267,56.0302],[10.2677,56.0301],[10.2678,56.0301],[10.2677,56.0297],[10.2674,56.0296],[10.2666,56.0292],[10.2657,56.0285],[10.2652,56.0279],[10.265,56.027],[10.2649,56.0268],[10.2647,56.0256],[10.2653,56.025],[10.266,56.0243],[10.2668,56.0241],[10.2655,56.0239],[10.2655,56.0238],[10.2642,56.0239],[10.2638,56.0238],[10.2632,56.0237],[10.2634,56.0239],[10.2634,56.0241],[10.2634,56.0241],[10.2634,56.0241],[10.2634,56.0241],[10.2634,56.0242],[10.2633,56.0242],[10.2633,56.0243],[10.2632,56.0243],[10.2631,56.0243],[10.2629,56.0244],[10.2626,56.0243],[10.2626,56.0243],[10.2625,56.0243],[10.2626,56.0244],[10.2626,56.0245],[10.2626,56.0254],[10.263,56.0257],[10.2632,56.026],[10.2641,56.0278],[10.2644,56.0282],[10.2646,56.0282],[10.265,56.0283],[10.2651,56.0285],[10.265,56.0287],[10.2651,56.0292],[10.2654,56.0291],[10.2657,56.0293],[10.266,56.0294],[10.2661,56.0296],[10.2659,56.0298],[10.2654,56.0298],[10.265,56.0299],[10.2658,56.0302]]]},"properties":{"sourceId":"ais_par3.55562","a_type":3210,"hectares":7.5}},{"type":"Feature","id":"ais_par3.55574","geometry":{"type":"Polygon","coordinates":[[[10.1502,56.0277],[10.1502,56.0276],[10.1502,56.0275],[10.1502,56.0274],[10.1501,56.0273],[10.1501,56.0273],[10.1501,56.0273],[10.15,56.0272],[10.15,56.027],[10.1498,56.027],[10.1498,56.0271],[10.1497,56.0272],[10.1496,56.0272],[10.1495,56.0273],[10.1495,56.0274],[10.1496,56.0275],[10.1497,56.0275],[10.1499,56.0275],[10.1499,56.0276],[10.15,56.0276],[10.15,56.0277],[10.15,56.0279],[10.1501,56.0279],[10.15,56.028],[10.15,56.0282],[10.15,56.0282],[10.15,56.0282],[10.15,56.0283],[10.1499,56.0284],[10.1498,56.0285],[10.1498,56.0287],[10.1497,56.0288],[10.1496,56.0288],[10.1494,56.0289],[10.1494,56.0289],[10.1493,56.029],[10.1493,56.0291],[10.1493,56.0292],[10.1493,56.0292],[10.1493,56.0293],[10.1494,56.0293],[10.1493,56.0294],[10.1493,56.0294],[10.1493,56.0295],[10.1496,56.0295],[10.1498,56.0295],[10.15,56.0295],[10.1501,56.0295],[10.1502,56.0295],[10.1503,56.0295],[10.1503,56.0295],[10.1504,56.0295],[10.1506,56.0294],[10.1506,56.0293],[10.1507,56.0292],[10.1507,56.0291],[10.1507,56.0291],[10.1507,56.029],[10.1507,56.029],[10.1507,56.0289],[10.1507,56.0289],[10.1507,56.0288],[10.1506,56.0286],[10.1506,56.0285],[10.1505,56.0283],[10.1505,56.0282],[10.1504,56.028],[10.1503,56.0279],[10.1502,56.0277],[10.1502,56.0277]]]},"properties":{"sourceId":"ais_par3.55574","a_type":4120,"hectares":1.203}},{"type":"Feature","id":"ais_par3.55576","geometry":{"type":"Polygon","coordinates":[[[10.1507,56.0289],[10.1516,56.0286],[10.1517,56.0286],[10.1517,56.0286],[10.1518,56.0286],[10.1527,56.0287],[10.1527,56.0278],[10.1528,56.0277],[10.1531,56.0276],[10.1534,56.0275],[10.1536,56.0274],[10.1537,56.0273],[10.1538,56.0273],[10.1537,56.0271],[10.1536,56.0271],[10.1535,56.0271],[10.1533,56.0272],[10.1531,56.0273],[10.1529,56.0273],[10.1528,56.0273],[10.1527,56.0273],[10.1527,56.0274],[10.1527,56.0275],[10.1526,56.0275],[10.1525,56.0276],[10.1523,56.0277],[10.1522,56.0277],[10.152,56.0278],[10.1517,56.0278],[10.1509,56.0278],[10.1504,56.0277],[10.1502,56.0277],[10.1502,56.0277],[10.1503,56.0279],[10.1504,56.028],[10.1505,56.0282],[10.1505,56.0283],[10.1506,56.0285],[10.1506,56.0286],[10.1507,56.0288],[10.1507,56.0289]]]},"properties":{"sourceId":"ais_par3.55576","a_type":4110,"hectares":1.736}},{"type":"Feature","id":"ais_par3.55612","geometry":{"type":"Polygon","coordinates":[[[10.1183,56.023],[10.1179,56.023],[10.117,56.0231],[10.1161,56.0232],[10.116,56.0232],[10.1159,56.0232],[10.1158,56.0233],[10.1157,56.0233],[10.1151,56.0237],[10.1148,56.0238],[10.1147,56.0244],[10.1147,56.0245],[10.1146,56.0246],[10.1148,56.0247],[10.1154,56.0246],[10.1155,56.0247],[10.1156,56.0247],[10.1158,56.0247],[10.116,56.0248],[10.1161,56.0246],[10.1161,56.0245],[10.1167,56.0245],[10.1178,56.0245],[10.1171,56.0233],[10.1183,56.023]],[[10.1164,56.0236],[10.1164,56.0236],[10.1165,56.0236],[10.1165,56.0237],[10.1164,56.0237],[10.1163,56.0237],[10.1162,56.0237],[10.1161,56.0237],[10.1161,56.0237],[10.1161,56.0236],[10.1162,56.0236],[10.1163,56.0236],[10.1164,56.0236]]]},"properties":{"sourceId":"ais_par3.55612","a_type":4110,"hectares":2.468}},{"type":"Feature","id":"ais_par3.55581","geometry":{"type":"Polygon","coordinates":[[[10.2327,56.0253],[10.2317,56.0247],[10.2317,56.0246],[10.2319,56.0244],[10.2323,56.0243],[10.2327,56.0241],[10.2332,56.0247],[10.2333,56.0247],[10.2331,56.0236],[10.2329,56.0236],[10.2316,56.0242],[10.2315,56.0242],[10.2314,56.0244],[10.2313,56.0245],[10.2311,56.0245],[10.2309,56.0245],[10.2306,56.0245],[10.2298,56.0246],[10.2295,56.0247],[10.2301,56.0251],[10.2305,56.025],[10.2308,56.025],[10.2311,56.025],[10.2315,56.0249],[10.2317,56.025],[10.2322,56.0252],[10.2323,56.0254],[10.2324,56.0254],[10.2324,56.0256],[10.2319,56.0259],[10.2319,56.026],[10.2319,56.0264],[10.2325,56.0264],[10.2327,56.0268],[10.2329,56.0275],[10.2329,56.0277],[10.2332,56.0277],[10.2327,56.0253]],[[10.2303,56.0246],[10.2304,56.0246],[10.2304,56.0247],[10.2304,56.0247],[10.2304,56.0248],[10.2303,56.0249],[10.2303,56.0249],[10.2302,56.0249],[10.2301,56.0249],[10.23,56.0249],[10.23,56.0249],[10.23,56.0248],[10.23,56.0248],[10.23,56.0247],[10.2301,56.0247],[10.2302,56.0247],[10.2303,56.0247],[10.2303,56.0246],[10.2303,56.0246]]]},"properties":{"sourceId":"ais_par3.55581","a_type":4110,"hectares":2.217}},{"type":"Feature","id":"ais_par3.55585","geometry":{"type":"Polygon","coordinates":[[[10.1578,56.0266],[10.1576,56.0267],[10.1574,56.0268],[10.1573,56.0269],[10.1571,56.027],[10.1571,56.0271],[10.1569,56.0271],[10.1568,56.0272],[10.1567,56.0273],[10.1566,56.0273],[10.1565,56.0274],[10.1565,56.0276],[10.1565,56.0277],[10.1567,56.0276],[10.1568,56.0277],[10.1568,56.0277],[10.1568,56.0277],[10.1568,56.0278],[10.1568,56.0278],[10.1569,56.0279],[10.1569,56.0279],[10.1571,56.0279],[10.1571,56.0279],[10.1572,56.0279],[10.1572,56.028],[10.1572,56.028],[10.1573,56.0281],[10.1574,56.028],[10.1574,56.028],[10.1574,56.0279],[10.1575,56.0279],[10.1576,56.0278],[10.1576,56.0278],[10.1576,56.0277],[10.1577,56.0277],[10.1577,56.0276],[10.1577,56.0275],[10.1578,56.0273],[10.1579,56.0271],[10.1579,56.027],[10.1579,56.027],[10.158,56.0269],[10.1581,56.0268],[10.1581,56.0267],[10.1582,56.0266],[10.1583,56.0266],[10.1582,56.0265],[10.1581,56.0265],[10.158,56.0265],[10.1579,56.0265],[10.1579,56.0265],[10.1578,56.0266]],[[10.1573,56.0274],[10.1573,56.0275],[10.1573,56.0275],[10.1572,56.0276],[10.157,56.0277],[10.1569,56.0276],[10.1569,56.0276],[10.157,56.0275],[10.1571,56.0275],[10.1572,56.0274],[10.1573,56.0274]]]},"properties":{"sourceId":"ais_par3.55585","a_type":4120,"hectares":0.783}},{"type":"Feature","id":"ais_par3.55586","geometry":{"type":"Polygon","coordinates":[[[10.137,56.0281],[10.1369,56.0281],[10.1369,56.028],[10.1369,56.028],[10.1368,56.0279],[10.1368,56.0279],[10.1368,56.0278],[10.1369,56.0278],[10.1369,56.0278],[10.1369,56.0277],[10.1369,56.0277],[10.137,56.0276],[10.1371,56.0276],[10.1372,56.0276],[10.1372,56.0276],[10.1373,56.0276],[10.1374,56.0276],[10.1375,56.0277],[10.1375,56.0277],[10.1379,56.0271],[10.138,56.027],[10.138,56.0269],[10.1382,56.0268],[10.1376,56.0266],[10.1372,56.0273],[10.1369,56.0276],[10.1369,56.0276],[10.1364,56.028],[10.1366,56.0281],[10.1367,56.0281],[10.1368,56.0282],[10.1368,56.0282],[10.137,56.0282],[10.137,56.0281],[10.137,56.0281]]]},"properties":{"sourceId":"ais_par3.55586","a_type":4110,"hectares":0.527}},{"type":"Feature","id":"ais_par3.55588","geometry":{"type":"Polygon","coordinates":[[[10.2514,56.0261],[10.2526,56.0264],[10.2526,56.0269],[10.2531,56.027],[10.2535,56.0271],[10.2539,56.0271],[10.2539,56.0266],[10.2538,56.0265],[10.2537,56.0264],[10.2526,56.026],[10.2521,56.0258],[10.2514,56.0261]]]},"properties":{"sourceId":"ais_par3.55588","a_type":4110,"hectares":0.958}},{"type":"Feature","id":"ais_par3.55589","geometry":{"type":"Polygon","coordinates":[[[10.2581,56.0269],[10.2598,56.0267],[10.26,56.0262],[10.2583,56.026],[10.2581,56.0269]]]},"properties":{"sourceId":"ais_par3.55589","a_type":3210,"hectares":0.779}},{"type":"Feature","id":"ais_par3.55595","geometry":{"type":"Polygon","coordinates":[[[10.1229,56.0263],[10.1232,56.0265],[10.1232,56.0265],[10.1229,56.0268],[10.1227,56.0269],[10.1226,56.027],[10.1233,56.0272],[10.124,56.0274],[10.1241,56.0273],[10.1243,56.0274],[10.1245,56.0272],[10.1246,56.0271],[10.1246,56.0271],[10.1246,56.027],[10.1246,56.027],[10.125,56.0271],[10.1254,56.0268],[10.1252,56.0267],[10.1251,56.0267],[10.1249,56.0266],[10.1248,56.0266],[10.1247,56.0266],[10.1246,56.0265],[10.1245,56.0265],[10.1243,56.0265],[10.1242,56.0265],[10.124,56.0265],[10.1239,56.0265],[10.1238,56.0265],[10.1235,56.0264],[10.1234,56.0264],[10.1232,56.0263],[10.1231,56.0263],[10.123,56.0263],[10.1229,56.0263]],[[10.1234,56.0268],[10.1235,56.0268],[10.1236,56.0268],[10.1237,56.0268],[10.1239,56.0269],[10.1241,56.027],[10.1242,56.027],[10.1243,56.027],[10.1243,56.0271],[10.1243,56.0272],[10.1243,56.0272],[10.1242,56.0272],[10.1242,56.0273],[10.1241,56.0273],[10.124,56.0273],[10.1239,56.0273],[10.1239,56.0273],[10.1238,56.0273],[10.1237,56.0272],[10.1236,56.0272],[10.1235,56.0272],[10.1234,56.0271],[10.1233,56.0271],[10.1233,56.0271],[10.1232,56.027],[10.1231,56.027],[10.1231,56.0269],[10.1231,56.0269],[10.1232,56.0269],[10.1232,56.0268],[10.1233,56.0268],[10.1234,56.0268]]]},"properties":{"sourceId":"ais_par3.55595","a_type":4120,"hectares":0.885}},{"type":"Feature","id":"ais_par3.55596","geometry":{"type":"Polygon","coordinates":[[[10.1234,56.0268],[10.1233,56.0268],[10.1232,56.0268],[10.1232,56.0269],[10.1231,56.0269],[10.1231,56.0269],[10.1231,56.027],[10.1232,56.027],[10.1233,56.0271],[10.1233,56.0271],[10.1234,56.0271],[10.1235,56.0272],[10.1236,56.0272],[10.1237,56.0272],[10.1238,56.0273],[10.1239,56.0273],[10.1239,56.0273],[10.124,56.0273],[10.1241,56.0273],[10.1242,56.0273],[10.1242,56.0272],[10.1243,56.0272],[10.1243,56.0272],[10.1243,56.0271],[10.1243,56.027],[10.1242,56.027],[10.1241,56.027],[10.1239,56.0269],[10.1237,56.0268],[10.1236,56.0268],[10.1235,56.0268],[10.1234,56.0268]]]},"properties":{"sourceId":"ais_par3.55596","a_type":5120,"hectares":0.271}},{"type":"Feature","id":"ais_par3.55597","geometry":{"type":"Polygon","coordinates":[[[10.166,56.0267],[10.166,56.0267],[10.1661,56.0266],[10.166,56.0266],[10.1659,56.0265],[10.1658,56.0265],[10.1658,56.0265],[10.1658,56.0266],[10.1659,56.0266],[10.1659,56.0267],[10.166,56.0267]]]},"properties":{"sourceId":"ais_par3.55597","a_type":5120,"hectares":0.02}},{"type":"Feature","id":"ais_par3.55598","geometry":{"type":"Polygon","coordinates":[[[10.2327,56.0253],[10.2326,56.0248],[10.2328,56.0248],[10.2332,56.0247],[10.2327,56.0241],[10.2323,56.0243],[10.2319,56.0244],[10.2317,56.0246],[10.2317,56.0247],[10.2327,56.0253]]]},"properties":{"sourceId":"ais_par3.55598","a_type":3210,"hectares":0.572}},{"type":"Feature","id":"ais_par3.55941","geometry":{"type":"Polygon","coordinates":[[[10.1825,55.936],[10.1823,55.936],[10.1822,55.936],[10.1821,55.9361],[10.1822,55.9362],[10.1824,55.9362],[10.1825,55.9361],[10.1825,55.936]]]},"properties":{"sourceId":"ais_par3.55941","a_type":5120,"hectares":0.042}},{"type":"Feature","id":"ais_par3.55591","geometry":{"type":"Polygon","coordinates":[[[10.2348,56.018],[10.2351,56.0187],[10.2354,56.0191],[10.2354,56.0192],[10.2361,56.0198],[10.2369,56.0204],[10.2375,56.0206],[10.2377,56.0207],[10.2385,56.0207],[10.2387,56.0208],[10.2395,56.0215],[10.2399,56.0219],[10.2403,56.022],[10.2404,56.022],[10.241,56.0222],[10.2415,56.0227],[10.242,56.0231],[10.2428,56.0239],[10.2437,56.0242],[10.2439,56.0243],[10.244,56.0243],[10.244,56.0244],[10.2441,56.0245],[10.2442,56.0247],[10.244,56.0248],[10.2449,56.0251],[10.2451,56.0252],[10.2453,56.0253],[10.246,56.0255],[10.2465,56.0257],[10.2469,56.0257],[10.2473,56.0257],[10.248,56.0257],[10.2484,56.0257],[10.2494,56.0258],[10.2503,56.0258],[10.2513,56.0258],[10.2516,56.0258],[10.2516,56.0259],[10.2515,56.026],[10.2514,56.0261],[10.2521,56.0258],[10.2526,56.026],[10.2537,56.0264],[10.2538,56.0265],[10.2539,56.0266],[10.2541,56.0266],[10.2542,56.0266],[10.2542,56.0267],[10.2542,56.0267],[10.2543,56.0268],[10.2544,56.0268],[10.2545,56.0268],[10.2547,56.0267],[10.2549,56.0266],[10.2555,56.0263],[10.2557,56.0263],[10.2559,56.0262],[10.256,56.0261],[10.2562,56.0258],[10.2569,56.0259],[10.2575,56.0246],[10.2563,56.0243],[10.2562,56.0244],[10.2562,56.0245],[10.256,56.0246],[10.256,56.0247],[10.256,56.0248],[10.256,56.0249],[10.2561,56.0249],[10.2562,56.0249],[10.2562,56.025],[10.2561,56.0251],[10.2561,56.0252],[10.2561,56.0253],[10.2562,56.0254],[10.2562,56.0255],[10.2561,56.0255],[10.256,56.0256],[10.2558,56.0258],[10.2558,56.0258],[10.2557,56.0258],[10.2559,56.026],[10.2559,56.026],[10.2559,56.026],[10.2559,56.026],[10.2559,56.026],[10.2559,56.026],[10.2559,56.0261],[10.2558,56.0262],[10.2557,56.0262],[10.2557,56.0262],[10.2557,56.0262],[10.2556,56.0263],[10.2555,56.0263],[10.2553,56.0264],[10.2553,56.0264],[10.2553,56.0264],[10.2551,56.0264],[10.2549,56.0265],[10.2548,56.0265],[10.2547,56.0265],[10.2545,56.0264],[10.2543,56.0263],[10.2542,56.0263],[10.254,56.0262],[10.2537,56.0262],[10.2536,56.0262],[10.2534,56.0262],[10.2533,56.0261],[10.2533,56.0261],[10.2532,56.0261],[10.2531,56.0261],[10.253,56.026],[10.2529,56.026],[10.2529,56.026],[10.2529,56.0259],[10.2528,56.0259],[10.2523,56.0257],[10.252,56.0256],[10.2517,56.0256],[10.2517,56.0256],[10.2517,56.0256],[10.2513,56.0255],[10.2511,56.0254],[10.2505,56.0254],[10.2504,56.0254],[10.2503,56.0254],[10.25,56.0254],[10.2498,56.0253],[10.2497,56.0253],[10.2496,56.0253],[10.2494,56.0253],[10.2492,56.0254],[10.2489,56.0254],[10.2488,56.0254],[10.2487,56.0254],[10.2486,56.0254],[10.2483,56.0254],[10.2482,56.0254],[10.248,56.0254],[10.2478,56.0254],[10.2478,56.0253],[10.2475,56.0252],[10.2474,56.0252],[10.2472,56.0251],[10.2469,56.0251],[10.2469,56.0251],[10.2469,56.0251],[10.2468,56.0251],[10.2466,56.0251],[10.2465,56.0251],[10.2464,56.0251],[10.2463,56.025],[10.2462,56.025],[10.2461,56.0249],[10.246,56.0248],[10.2459,56.0248],[10.2458,56.0248],[10.2457,56.0248],[10.2456,56.0248],[10.2454,56.0248],[10.2453,56.0248],[10.2452,56.0248],[10.2449,56.0247],[10.2449,56.0247],[10.2449,56.0247],[10.2449,56.0247],[10.2448,56.0247],[10.2447,56.0246],[10.2445,56.0244],[10.2444,56.0244],[10.2441,56.0242],[10.2441,56.024],[10.244,56.024],[10.244,56.024],[10.2439,56.0239],[10.2438,56.0239],[10.2437,56.0239],[10.2437,56.0239],[10.2436,56.0239],[10.2436,56.0239],[10.2434,56.0239],[10.2434,56.0239],[10.2433,56.0239],[10.2433,56.0239],[10.2432,56.0239],[10.2431,56.0238],[10.243,56.0238],[10.243,56.0237],[10.243,56.0237],[10.243,56.0237],[10.2426,56.0233],[10.2426,56.0233],[10.2425,56.0233],[10.2425,56.0233],[10.2424,56.0231],[10.2424,56.0231],[10.2424,56.023],[10.2424,56.023],[10.2423,56.023],[10.2422,56.0229],[10.2421,56.0228],[10.242,56.0228],[10.2418,56.0227],[10.2417,56.0227],[10.2417,56.0227],[10.2417,56.0226],[10.2417,56.0226],[10.2416,56.0226],[10.2415,56.0225],[10.2415,56.0225],[10.2414,56.0224],[10.2414,56.0224],[10.2414,56.0224],[10.2413,56.0223],[10.2412,56.0222],[10.2412,56.0222],[10.2412,56.0222],[10.2411,56.022],[10.241,56.022],[10.2408,56.0219],[10.2407,56.0219],[10.2407,56.0219],[10.2405,56.0218],[10.2404,56.0218],[10.2403,56.0217],[10.2401,56.0216],[10.24,56.0215],[10.24,56.0215],[10.24,56.0215],[10.2398,56.0213],[10.2398,56.0213],[10.2397,56.0212],[10.2396,56.0211],[10.2394,56.021],[10.2393,56.021],[10.2393,56.021],[10.2393,56.021],[10.2392,56.0209],[10.2391,56.0208],[10.2391,56.0208],[10.2391,56.0208],[10.239,56.0207],[10.239,56.0207],[10.2389,56.0206],[10.2388,56.0206],[10.2386,56.0205],[10.2385,56.0204],[10.2384,56.0203],[10.2384,56.0202],[10.2382,56.0201],[10.238,56.0197],[10.2378,56.0196],[10.2377,56.0195],[10.2374,56.0192],[10.2372,56.0191],[10.2369,56.019],[10.2369,56.019],[10.2369,56.019],[10.2368,56.0189],[10.2366,56.0189],[10.2365,56.0189],[10.2363,56.0188],[10.2362,56.0188],[10.2358,56.0186],[10.2358,56.0186],[10.2358,56.0186],[10.2357,56.0185],[10.2356,56.0185],[10.2357,56.0184],[10.2357,56.0184],[10.2356,56.0184],[10.2355,56.0183],[10.2354,56.0182],[10.2354,56.0182],[10.2354,56.0182],[10.2354,56.0181],[10.2354,56.0181],[10.2354,56.0181],[10.2355,56.0178],[10.2355,56.0177],[10.2357,56.0177],[10.2357,56.0176],[10.2357,56.0176],[10.2357,56.0175],[10.2356,56.0174],[10.2355,56.0174],[10.2355,56.0173],[10.2353,56.0171],[10.2353,56.0171],[10.235,56.0167],[10.2349,56.0167],[10.2348,56.0166],[10.2347,56.0165],[10.2346,56.0165],[10.2339,56.0161],[10.2338,56.0161],[10.2337,56.0161],[10.2335,56.0161],[10.2334,56.0161],[10.2334,56.0161],[10.2333,56.016],[10.2323,56.0158],[10.2321,56.0157],[10.2317,56.0156],[10.2313,56.0156],[10.2307,56.0155],[10.2307,56.0155],[10.2305,56.0154],[10.2306,56.0153],[10.2306,56.0152],[10.2305,56.0151],[10.2304,56.0151],[10.2303,56.0151],[10.2303,56.015],[10.23,56.0149],[10.23,56.0149],[10.23,56.0148],[10.23,56.0146],[10.2303,56.0144],[10.2304,56.0144],[10.2305,56.0143],[10.2307,56.0143],[10.2308,56.0142],[10.2308,56.0142],[10.2308,56.0141],[10.2306,56.014],[10.2305,56.014],[10.2303,56.0139],[10.2302,56.0139],[10.2301,56.0139],[10.2299,56.0139],[10.2297,56.0139],[10.2295,56.0138],[10.229,56.0135],[10.229,56.0134],[10.2291,56.0134],[10.2287,56.0132],[10.2286,56.0131],[10.2284,56.013],[10.2282,56.0129],[10.2279,56.0127],[10.2278,56.0126],[10.2278,56.0126],[10.2277,56.0125],[10.2274,56.0124],[10.2273,56.0124],[10.2273,56.0123],[10.2271,56.0123],[10.2268,56.0121],[10.2267,56.0121],[10.2265,56.0121],[10.2265,56.0121],[10.2264,56.0121],[10.2262,56.012],[10.2259,56.0119],[10.2255,56.0118],[10.2255,56.0117],[10.2255,56.0117],[10.2253,56.0117],[10.2253,56.0117],[10.225,56.0116],[10.2246,56.0115],[10.2243,56.0115],[10.224,56.0114],[10.2239,56.0114],[10.2239,56.0113],[10.2237,56.0111],[10.2236,56.0111],[10.2234,56.011],[10.2234,56.0109],[10.2234,56.0109],[10.2234,56.0108],[10.2233,56.0108],[10.2233,56.0108],[10.2227,56.0111],[10.2243,56.0116],[10.2256,56.012],[10.2258,56.012],[10.2264,56.0124],[10.2269,56.0127],[10.2272,56.013],[10.2273,56.0133],[10.2275,56.0131],[10.2277,56.0131],[10.2279,56.0131],[10.2286,56.0135],[10.2286,56.0136],[10.2288,56.0136],[10.23,56.0142],[10.2296,56.0147],[10.2295,56.0152],[10.2299,56.0155],[10.2307,56.0158],[10.2312,56.0158],[10.232,56.016],[10.2331,56.0162],[10.2337,56.0164],[10.2344,56.0169],[10.2346,56.017],[10.2348,56.0175],[10.2349,56.0177],[10.2348,56.018],[10.2348,56.018]]]},"properties":{"sourceId":"ais_par3.55591","a_type":4210,"hectares":11.726}},{"type":"Feature","id":"ais_par3.55593","geometry":{"type":"Polygon","coordinates":[[[10.1578,56.0266],[10.1579,56.0265],[10.158,56.0265],[10.1579,56.0264],[10.1578,56.0263],[10.1576,56.0261],[10.1574,56.026],[10.1573,56.026],[10.1569,56.0261],[10.1566,56.0262],[10.1564,56.0262],[10.1563,56.0262],[10.1561,56.0262],[10.1558,56.026],[10.1554,56.0258],[10.1551,56.0256],[10.1549,56.0257],[10.1547,56.0258],[10.1545,56.0258],[10.1543,56.0259],[10.1542,56.0259],[10.1539,56.026],[10.1536,56.026],[10.1535,56.0261],[10.1533,56.0261],[10.1534,56.0263],[10.1534,56.0266],[10.1534,56.0267],[10.1535,56.0268],[10.1536,56.0269],[10.1537,56.027],[10.1539,56.0271],[10.154,56.0272],[10.1541,56.0273],[10.1542,56.0272],[10.1543,56.0272],[10.1544,56.0272],[10.1545,56.0272],[10.1546,56.0272],[10.1547,56.0272],[10.1547,56.0272],[10.1548,56.0272],[10.1548,56.0273],[10.155,56.0273],[10.1551,56.0274],[10.1551,56.0275],[10.1552,56.0275],[10.1553,56.0275],[10.1553,56.0275],[10.1554,56.0275],[10.1555,56.0276],[10.1556,56.0275],[10.1557,56.0275],[10.1559,56.0275],[10.156,56.0275],[10.1563,56.0275],[10.1564,56.0274],[10.1565,56.0274],[10.1566,56.0273],[10.1567,56.0273],[10.1568,56.0272],[10.1569,56.0271],[10.1571,56.0271],[10.1571,56.027],[10.1573,56.0269],[10.1574,56.0268],[10.1576,56.0267],[10.1578,56.0266]]]},"properties":{"sourceId":"ais_par3.55593","a_type":4110,"hectares":3.776}},{"type":"Feature","id":"ais_par3.55600","geometry":{"type":"Polygon","coordinates":[[[10.1194,56.0251],[10.1192,56.0251],[10.119,56.0252],[10.1189,56.0252],[10.1189,56.0255],[10.1189,56.0256],[10.1189,56.0256],[10.119,56.0257],[10.1191,56.0257],[10.1192,56.0258],[10.1192,56.0258],[10.1193,56.0258],[10.1195,56.0259],[10.1196,56.0259],[10.1197,56.0259],[10.1198,56.0259],[10.12,56.026],[10.1201,56.026],[10.1202,56.026],[10.1203,56.026],[10.1204,56.026],[10.1206,56.026],[10.1207,56.026],[10.1208,56.026],[10.1209,56.0259],[10.121,56.0259],[10.1211,56.0258],[10.1214,56.0251],[10.1216,56.0247],[10.1215,56.0247],[10.1214,56.0248],[10.1208,56.0249],[10.1205,56.0249],[10.1204,56.0249],[10.12,56.025],[10.1197,56.0251],[10.1195,56.0251],[10.1194,56.0251]],[[10.1194,56.0254],[10.1193,56.0255],[10.1193,56.0254],[10.1192,56.0255],[10.1192,56.0254],[10.1192,56.0254],[10.1191,56.0253],[10.1191,56.0253],[10.1191,56.0252],[10.1191,56.0252],[10.1192,56.0252],[10.1193,56.0252],[10.1193,56.0252],[10.1194,56.0252],[10.1195,56.0252],[10.1196,56.0252],[10.1197,56.0252],[10.1197,56.0252],[10.1197,56.0253],[10.1198,56.0253],[10.1198,56.0254],[10.1198,56.0254],[10.1198,56.0255],[10.1197,56.0255],[10.1197,56.0256],[10.1196,56.0256],[10.1195,56.0256],[10.1195,56.0256],[10.1195,56.0255],[10.1195,56.0255],[10.1195,56.0254],[10.1195,56.0254],[10.1194,56.0254]],[[10.1212,56.0254],[10.1211,56.0254],[10.121,56.0254],[10.121,56.0255],[10.1209,56.0255],[10.1208,56.0255],[10.1207,56.0255],[10.1207,56.0254],[10.1207,56.0254],[10.1207,56.0254],[10.1207,56.0253],[10.1208,56.0253],[10.1208,56.0253],[10.1209,56.0253],[10.1209,56.0253],[10.121,56.0252],[10.121,56.0252],[10.1211,56.0252],[10.1212,56.0252],[10.1212,56.0252],[10.1212,56.0253],[10.1212,56.0253],[10.1212,56.0254]]]},"properties":{"sourceId":"ais_par3.55600","a_type":4120,"hectares":1.346}},{"type":"Feature","id":"ais_par3.55601","geometry":{"type":"Polygon","coordinates":[[[10.2352,56.0244],[10.2343,56.0243],[10.2342,56.0241],[10.2341,56.0239],[10.2341,56.0237],[10.2339,56.0236],[10.2338,56.0235],[10.2336,56.0235],[10.2335,56.0234],[10.2334,56.0234],[10.2332,56.0234],[10.2331,56.0235],[10.2331,56.0235],[10.2331,56.0236],[10.2333,56.0247],[10.2348,56.0249],[10.2352,56.0244]]]},"properties":{"sourceId":"ais_par3.55601","a_type":4120,"hectares":1.147}},{"type":"Feature","id":"ais_par3.55602","geometry":{"type":"Polygon","coordinates":[[[10.2303,56.0246],[10.2303,56.0246],[10.2303,56.0247],[10.2302,56.0247],[10.2301,56.0247],[10.23,56.0247],[10.23,56.0248],[10.23,56.0248],[10.23,56.0249],[10.23,56.0249],[10.2301,56.0249],[10.2302,56.0249],[10.2303,56.0249],[10.2303,56.0249],[10.2304,56.0248],[10.2304,56.0247],[10.2304,56.0247],[10.2304,56.0246],[10.2303,56.0246]]]},"properties":{"sourceId":"ais_par3.55602","a_type":5120,"hectares":0.061}},{"type":"Feature","id":"ais_par3.55603","geometry":{"type":"Polygon","coordinates":[[[10.2399,56.0219],[10.2404,56.0222],[10.2407,56.0225],[10.2418,56.0235],[10.2434,56.0246],[10.2435,56.0247],[10.2439,56.0243],[10.2437,56.0242],[10.2428,56.0239],[10.242,56.0231],[10.2414,56.0226],[10.241,56.0222],[10.2404,56.022],[10.2403,56.022],[10.2399,56.0219]]]},"properties":{"sourceId":"ais_par3.55603","a_type":3210,"hectares":0.941}},{"type":"Feature","id":"ais_par3.55604","geometry":{"type":"Polygon","coordinates":[[[10.1303,56.0255],[10.1303,56.0255],[10.1302,56.0255],[10.1301,56.0254],[10.1301,56.0254],[10.13,56.0253],[10.1299,56.0253],[10.1298,56.0253],[10.1298,56.0253],[10.1297,56.0253],[10.1298,56.0254],[10.1299,56.0254],[10.1299,56.0254],[10.13,56.0255],[10.1301,56.0255],[10.1301,56.0255],[10.1301,56.0256],[10.1302,56.0256],[10.1303,56.0257],[10.1303,56.0257],[10.1304,56.0257],[10.1304,56.0257],[10.1305,56.0257],[10.1305,56.0256],[10.1304,56.0256],[10.1304,56.0256],[10.1303,56.0255]]]},"properties":{"sourceId":"ais_par3.55604","a_type":5120,"hectares":0.068}},{"type":"Feature","id":"ais_par3.55605","geometry":{"type":"Polygon","coordinates":[[[10.1194,56.0254],[10.1195,56.0254],[10.1195,56.0255],[10.1195,56.0255],[10.1195,56.0256],[10.1195,56.0256],[10.1196,56.0256],[10.1197,56.0256],[10.1197,56.0255],[10.1198,56.0255],[10.1198,56.0254],[10.1198,56.0254],[10.1198,56.0253],[10.1197,56.0253],[10.1197,56.0252],[10.1197,56.0252],[10.1196,56.0252],[10.1195,56.0252],[10.1194,56.0252],[10.1193,56.0252],[10.1193,56.0252],[10.1192,56.0252],[10.1191,56.0252],[10.1191,56.0252],[10.1191,56.0253],[10.1191,56.0253],[10.1192,56.0254],[10.1192,56.0254],[10.1192,56.0255],[10.1193,56.0254],[10.1193,56.0255],[10.1194,56.0254]]]},"properties":{"sourceId":"ais_par3.55605","a_type":5120,"hectares":0.138}},{"type":"Feature","id":"ais_par3.55606","geometry":{"type":"Polygon","coordinates":[[[10.1212,56.0254],[10.1212,56.0253],[10.1212,56.0253],[10.1212,56.0252],[10.1212,56.0252],[10.1211,56.0252],[10.121,56.0252],[10.121,56.0252],[10.1209,56.0253],[10.1209,56.0253],[10.1208,56.0253],[10.1208,56.0253],[10.1207,56.0253],[10.1207,56.0254],[10.1207,56.0254],[10.1207,56.0254],[10.1207,56.0255],[10.1208,56.0255],[10.1209,56.0255],[10.121,56.0255],[10.121,56.0254],[10.1211,56.0254],[10.1212,56.0254]]]},"properties":{"sourceId":"ais_par3.55606","a_type":5120,"hectares":0.068}},{"type":"Feature","id":"ais_par3.55607","geometry":{"type":"Polygon","coordinates":[[[10.1524,56.0248],[10.1523,56.0249],[10.1523,56.0249],[10.1522,56.0249],[10.1522,56.025],[10.1521,56.025],[10.1521,56.025],[10.1522,56.0251],[10.1523,56.0251],[10.1523,56.025],[10.1524,56.025],[10.1524,56.025],[10.1525,56.025],[10.1525,56.0249],[10.1525,56.0249],[10.1525,56.0249],[10.1524,56.0248]]]},"properties":{"sourceId":"ais_par3.55607","a_type":5120,"hectares":0.038}},{"type":"Feature","id":"ais_par3.55608","geometry":{"type":"Polygon","coordinates":[[[10.146,56.0248],[10.1459,56.0248],[10.1458,56.0248],[10.1458,56.0249],[10.1459,56.025],[10.146,56.025],[10.146,56.025],[10.1461,56.025],[10.1461,56.025],[10.1461,56.0249],[10.1461,56.0249],[10.146,56.0249],[10.146,56.0248]]]},"properties":{"sourceId":"ais_par3.55608","a_type":5120,"hectares":0.024}},{"type":"Feature","id":"ais_par3.55609","geometry":{"type":"Polygon","coordinates":[[[10.2646,56.0223],[10.2646,56.023],[10.2646,56.0231],[10.2648,56.0232],[10.2656,56.0232],[10.2663,56.0235],[10.2663,56.0235],[10.2665,56.0235],[10.2665,56.0235],[10.2669,56.0237],[10.2673,56.0236],[10.2678,56.0234],[10.2686,56.0233],[10.269,56.0233],[10.2696,56.0232],[10.2703,56.023],[10.271,56.0229],[10.2714,56.023],[10.2723,56.0231],[10.274,56.0232],[10.2743,56.0232],[10.2747,56.0233],[10.275,56.0232],[10.2756,56.0231],[10.2763,56.0228],[10.2767,56.0226],[10.2775,56.0223],[10.2784,56.0221],[10.2791,56.0218],[10.2799,56.0215],[10.2806,56.0213],[10.2812,56.0209],[10.2815,56.0208],[10.2816,56.0207],[10.2817,56.0205],[10.2816,56.0204],[10.2814,56.0203],[10.2811,56.0201],[10.2808,56.02],[10.2802,56.0197],[10.2797,56.0195],[10.2791,56.0193],[10.2784,56.0188],[10.2777,56.0183],[10.2773,56.0181],[10.2762,56.0175],[10.2756,56.0172],[10.2753,56.0172],[10.2731,56.0185],[10.2792,56.0197],[10.2795,56.0199],[10.2795,56.0205],[10.2793,56.021],[10.2786,56.0213],[10.2775,56.0219],[10.2761,56.0223],[10.2755,56.0224],[10.2747,56.0225],[10.2742,56.0225],[10.2738,56.0225],[10.2736,56.0225],[10.273,56.0225],[10.2726,56.0225],[10.272,56.0225],[10.271,56.0226],[10.2703,56.0227],[10.2694,56.0227],[10.2681,56.0227],[10.2669,56.0226],[10.2666,56.0225],[10.2651,56.0223],[10.2648,56.0222],[10.2646,56.0223]]]},"properties":{"sourceId":"ais_par3.55609","a_type":3210,"hectares":13.424}},{"type":"Feature","id":"ais_par3.55610","geometry":{"type":"Polygon","coordinates":[[[10.1183,56.023],[10.1192,56.0247],[10.1194,56.0251],[10.1195,56.0251],[10.1197,56.0251],[10.12,56.025],[10.1204,56.0249],[10.1205,56.0249],[10.1208,56.0249],[10.1214,56.0248],[10.1211,56.0242],[10.1213,56.0241],[10.1215,56.0241],[10.1212,56.0235],[10.1218,56.0233],[10.1222,56.0239],[10.1231,56.0235],[10.1235,56.0234],[10.1234,56.0233],[10.1234,56.0233],[10.1233,56.0233],[10.1233,56.0232],[10.1233,56.0232],[10.1233,56.0232],[10.1234,56.0232],[10.1235,56.0231],[10.1236,56.0232],[10.1237,56.0232],[10.1235,56.0229],[10.1228,56.0218],[10.1213,56.0222],[10.1211,56.0223],[10.1217,56.0231],[10.1205,56.0233],[10.1201,56.0226],[10.1192,56.0228],[10.1192,56.0228],[10.1184,56.023],[10.1183,56.023]],[[10.1195,56.0234],[10.1196,56.0234],[10.1196,56.0235],[10.1195,56.0236],[10.1195,56.0236],[10.1194,56.0236],[10.1194,56.0235],[10.1194,56.0235],[10.1195,56.0234]],[[10.1198,56.0233],[10.1199,56.0234],[10.12,56.0234],[10.12,56.0235],[10.12,56.0235],[10.1201,56.0236],[10.1201,56.0236],[10.1201,56.0237],[10.1201,56.0237],[10.1201,56.0238],[10.1201,56.0238],[10.12,56.0238],[10.1199,56.0238],[10.1199,56.0237],[10.1198,56.0237],[10.1198,56.0237],[10.1198,56.0236],[10.1198,56.0236],[10.1198,56.0235],[10.1198,56.0234],[10.1198,56.0234],[10.1198,56.0234],[10.1198,56.0233]]]},"properties":{"sourceId":"ais_par3.55610","a_type":4110,"hectares":5.542}},{"type":"Feature","id":"ais_par3.55611","geometry":{"type":"Polygon","coordinates":[[[10.1237,56.0233],[10.1238,56.0233],[10.1237,56.0233],[10.1237,56.0233]]]},"properties":{"sourceId":"ais_par3.55611","a_type":4110,"hectares":0.001}},{"type":"Feature","id":"ais_par3.55613","geometry":{"type":"Polygon","coordinates":[[[10.1546,56.0239],[10.1547,56.0239],[10.1547,56.0239],[10.1548,56.0239],[10.1549,56.0238],[10.1549,56.0238],[10.1548,56.0237],[10.1547,56.0237],[10.1545,56.0238],[10.1545,56.0238],[10.1544,56.0238],[10.1544,56.0239],[10.1545,56.0239],[10.1546,56.0239]]]},"properties":{"sourceId":"ais_par3.55613","a_type":5120,"hectares":0.04}},{"type":"Feature","id":"ais_par3.55615","geometry":{"type":"Polygon","coordinates":[[[10.1198,56.0233],[10.1198,56.0234],[10.1198,56.0234],[10.1198,56.0234],[10.1198,56.0235],[10.1198,56.0236],[10.1198,56.0236],[10.1198,56.0237],[10.1198,56.0237],[10.1199,56.0237],[10.1199,56.0238],[10.12,56.0238],[10.1201,56.0238],[10.1201,56.0238],[10.1201,56.0237],[10.1201,56.0237],[10.1201,56.0236],[10.1201,56.0236],[10.12,56.0235],[10.12,56.0235],[10.12,56.0234],[10.1199,56.0234],[10.1198,56.0233]]]},"properties":{"sourceId":"ais_par3.55615","a_type":5120,"hectares":0.076}},{"type":"Feature","id":"ais_par3.55616","geometry":{"type":"Polygon","coordinates":[[[10.1164,56.0236],[10.1163,56.0236],[10.1162,56.0236],[10.1161,56.0236],[10.1161,56.0237],[10.1161,56.0237],[10.1162,56.0237],[10.1163,56.0237],[10.1164,56.0237],[10.1165,56.0237],[10.1165,56.0236],[10.1164,56.0236],[10.1164,56.0236]]]},"properties":{"sourceId":"ais_par3.55616","a_type":5120,"hectares":0.026}},{"type":"Feature","id":"ais_par3.55617","geometry":{"type":"Polygon","coordinates":[[[10.1195,56.0234],[10.1194,56.0235],[10.1194,56.0235],[10.1194,56.0236],[10.1195,56.0236],[10.1195,56.0236],[10.1196,56.0235],[10.1196,56.0234],[10.1195,56.0234]]]},"properties":{"sourceId":"ais_par3.55617","a_type":5120,"hectares":0.012}},{"type":"Feature","id":"ais_par3.55618","geometry":{"type":"Polygon","coordinates":[[[10.197,56.0209],[10.197,56.0208],[10.1969,56.0208],[10.1966,56.0207],[10.1966,56.0205],[10.1964,56.0202],[10.1965,56.02],[10.1964,56.0199],[10.1957,56.0199],[10.1958,56.0202],[10.1957,56.0212],[10.1957,56.0214],[10.1954,56.0217],[10.1952,56.0218],[10.1945,56.022],[10.1943,56.0227],[10.1953,56.0227],[10.1955,56.0224],[10.1955,56.0221],[10.1955,56.022],[10.1956,56.0218],[10.1957,56.0217],[10.1957,56.0215],[10.1959,56.0215],[10.196,56.0215],[10.1962,56.0215],[10.1965,56.0216],[10.1968,56.0216],[10.1969,56.0215],[10.1969,56.0214],[10.197,56.0213],[10.197,56.0212],[10.197,56.021],[10.197,56.0209]]]},"properties":{"sourceId":"ais_par3.55618","a_type":4110,"hectares":1.724}},{"type":"Feature","id":"ais_par3.55619","geometry":{"type":"Polygon","coordinates":[[[10.1235,56.0231],[10.1234,56.0232],[10.1233,56.0232],[10.1233,56.0232],[10.1233,56.0232],[10.1233,56.0233],[10.1234,56.0233],[10.1234,56.0233],[10.1235,56.0234],[10.1237,56.0233],[10.1237,56.0233],[10.1237,56.0232],[10.1237,56.0232],[10.1236,56.0232],[10.1235,56.0231]]]},"properties":{"sourceId":"ais_par3.55619","a_type":5120,"hectares":0.048}},{"type":"Feature","id":"ais_par3.55620","geometry":{"type":"Polygon","coordinates":[[[10.1694,56.0227],[10.1695,56.0227],[10.1696,56.0226],[10.1697,56.0226],[10.1697,56.0226],[10.1696,56.0225],[10.1696,56.0224],[10.1697,56.0224],[10.1697,56.0223],[10.1698,56.0223],[10.17,56.0222],[10.1702,56.0222],[10.1703,56.0221],[10.1703,56.0221],[10.1704,56.022],[10.1703,56.022],[10.1703,56.022],[10.1702,56.0219],[10.1701,56.0219],[10.17,56.0219],[10.1699,56.0219],[10.1699,56.022],[10.1697,56.022],[10.1697,56.022],[10.1696,56.0221],[10.1695,56.0221],[10.1694,56.0222],[10.1694,56.0222],[10.1694,56.0223],[10.1693,56.0223],[10.1693,56.0224],[10.1694,56.0225],[10.1694,56.0225],[10.1693,56.0226],[10.1693,56.0226],[10.1692,56.0226],[10.1692,56.0227],[10.1691,56.0227],[10.169,56.0228],[10.169,56.0228],[10.1689,56.0228],[10.1688,56.0228],[10.1688,56.0228],[10.1686,56.0228],[10.1687,56.0229],[10.1688,56.0229],[10.1689,56.0229],[10.1689,56.0229],[10.169,56.0229],[10.1691,56.0228],[10.1692,56.0228],[10.1692,56.0228],[10.1694,56.0227],[10.1694,56.0227]]]},"properties":{"sourceId":"ais_par3.55620","a_type":5120,"hectares":0.286}},{"type":"Feature","id":"ais_par3.55621","geometry":{"type":"Polygon","coordinates":[[[10.1686,56.0228],[10.1685,56.0227],[10.1685,56.0227],[10.1683,56.0227],[10.1682,56.0227],[10.1681,56.0227],[10.1681,56.0227],[10.168,56.0228],[10.168,56.0229],[10.1681,56.0229],[10.1682,56.0228],[10.1684,56.0228],[10.1685,56.0228],[10.1686,56.0228]]]},"properties":{"sourceId":"ais_par3.55621","a_type":5120,"hectares":0.042}},{"type":"Feature","id":"ais_par3.55622","geometry":{"type":"Polygon","coordinates":[[[10.1246,56.022],[10.1245,56.022],[10.1243,56.0217],[10.1242,56.0215],[10.1241,56.0215],[10.1228,56.0218],[10.1235,56.0229],[10.1237,56.0232],[10.1237,56.0232],[10.1237,56.0233],[10.1238,56.0233],[10.1246,56.023],[10.1251,56.0227],[10.125,56.0225],[10.1249,56.0224],[10.1249,56.0223],[10.1246,56.022]],[[10.1248,56.0225],[10.1248,56.0225],[10.1249,56.0225],[10.1249,56.0226],[10.1249,56.0226],[10.1248,56.0226],[10.1247,56.0227],[10.1247,56.0227],[10.1246,56.0227],[10.1245,56.0227],[10.1245,56.0227],[10.1245,56.0226],[10.1245,56.0226],[10.1246,56.0225],[10.1246,56.0225],[10.1248,56.0225]]]},"properties":{"sourceId":"ais_par3.55622","a_type":4120,"hectares":1.596}},{"type":"Feature","id":"ais_par3.55623","geometry":{"type":"Polygon","coordinates":[[[10.1251,56.0227],[10.1265,56.0222],[10.1273,56.0219],[10.1274,56.0219],[10.1277,56.0218],[10.1286,56.0213],[10.1287,56.0213],[10.1295,56.0208],[10.1301,56.0205],[10.1307,56.0202],[10.1313,56.0198],[10.1318,56.0194],[10.1314,56.0191],[10.13,56.0198],[10.1298,56.0199],[10.1295,56.02],[10.1288,56.0202],[10.1284,56.02],[10.1282,56.0201],[10.1278,56.0203],[10.1275,56.0205],[10.1273,56.0206],[10.1271,56.0206],[10.1268,56.0207],[10.1267,56.0208],[10.126,56.0209],[10.1254,56.0211],[10.1254,56.0211],[10.1241,56.0215],[10.1242,56.0215],[10.1243,56.0217],[10.1245,56.022],[10.1247,56.022],[10.1248,56.022],[10.1249,56.022],[10.1249,56.022],[10.125,56.022],[10.1251,56.0221],[10.1251,56.0222],[10.1251,56.0222],[10.1252,56.0223],[10.1252,56.0223],[10.1253,56.0223],[10.1253,56.0223],[10.1254,56.0223],[10.1254,56.0222],[10.1255,56.0223],[10.1254,56.0223],[10.1254,56.0224],[10.1253,56.0224],[10.1252,56.0225],[10.1251,56.0225],[10.125,56.0225],[10.1251,56.0227]],[[10.1279,56.0208],[10.128,56.0208],[10.128,56.0209],[10.1281,56.0209],[10.1281,56.021],[10.128,56.021],[10.128,56.021],[10.1279,56.0211],[10.1278,56.0211],[10.1278,56.0211],[10.1277,56.0211],[10.1276,56.021],[10.1276,56.021],[10.1276,56.021],[10.1276,56.0209],[10.1277,56.0209],[10.1277,56.0208],[10.1278,56.0208],[10.1279,56.0208]],[[10.1265,56.0214],[10.1266,56.0215],[10.1266,56.0216],[10.1266,56.0216],[10.1266,56.0217],[10.1265,56.0217],[10.1264,56.0216],[10.1263,56.0215],[10.1263,56.0214],[10.1264,56.0214],[10.1265,56.0214]],[[10.1289,56.0207],[10.1288,56.0207],[10.1288,56.0208],[10.1287,56.0208],[10.1286,56.0208],[10.1285,56.0208],[10.1284,56.0207],[10.1283,56.0207],[10.1284,56.0206],[10.1284,56.0206],[10.1284,56.0206],[10.1284,56.0205],[10.1284,56.0205],[10.1285,56.0204],[10.1285,56.0204],[10.1287,56.0204],[10.1288,56.0204],[10.1288,56.0204],[10.1289,56.0203],[10.1289,56.0202],[10.129,56.0202],[10.1291,56.0202],[10.1292,56.0202],[10.1293,56.0203],[10.1294,56.0203],[10.1295,56.0203],[10.1295,56.0204],[10.1296,56.0204],[10.1297,56.0205],[10.1297,56.0205],[10.1297,56.0205],[10.1297,56.0206],[10.1296,56.0206],[10.1296,56.0207],[10.1295,56.0207],[10.1294,56.0207],[10.1293,56.0207],[10.1293,56.0207],[10.1292,56.0207],[10.1291,56.0207],[10.1291,56.0207],[10.129,56.0207],[10.1289,56.0207]]]},"properties":{"sourceId":"ais_par3.55623","a_type":4110,"hectares":5.042}},{"type":"Feature","id":"ais_par3.55624","geometry":{"type":"Polygon","coordinates":[[[10.1248,56.0225],[10.1246,56.0225],[10.1246,56.0225],[10.1245,56.0226],[10.1245,56.0226],[10.1245,56.0227],[10.1245,56.0227],[10.1246,56.0227],[10.1247,56.0227],[10.1247,56.0227],[10.1248,56.0226],[10.1249,56.0226],[10.1249,56.0226],[10.1249,56.0225],[10.1248,56.0225],[10.1248,56.0225]]]},"properties":{"sourceId":"ais_par3.55624","a_type":5120,"hectares":0.048}},{"type":"Feature","id":"ais_par3.55640","geometry":{"type":"Polygon","coordinates":[[[10.2276,56.0164],[10.2277,56.0164],[10.2278,56.0164],[10.2279,56.0165],[10.228,56.0165],[10.2281,56.0164],[10.2281,56.0164],[10.2281,56.0163],[10.2281,56.0162],[10.2279,56.0163],[10.2279,56.0163],[10.2278,56.0163],[10.2276,56.0162],[10.2276,56.0162],[10.2277,56.0161],[10.2277,56.0161],[10.2277,56.016],[10.2275,56.016],[10.2275,56.016],[10.2274,56.016],[10.2274,56.0161],[10.2274,56.0161],[10.2274,56.0162],[10.2274,56.0162],[10.2275,56.0163],[10.2276,56.0164]]]},"properties":{"sourceId":"ais_par3.55640","a_type":5120,"hectares":0.109}},{"type":"Feature","id":"ais_par3.55641","geometry":{"type":"Polygon","coordinates":[[[10.2225,56.016],[10.2223,56.0161],[10.2223,56.0161],[10.2223,56.0163],[10.2222,56.0164],[10.2222,56.0165],[10.2223,56.0165],[10.2225,56.0165],[10.2226,56.0164],[10.2226,56.0163],[10.2226,56.0162],[10.2227,56.0161],[10.2227,56.016],[10.2225,56.016]]]},"properties":{"sourceId":"ais_par3.55641","a_type":5120,"hectares":0.11}},{"type":"Feature","id":"ais_par3.55642","geometry":{"type":"Polygon","coordinates":[[[10.2251,56.0163],[10.2252,56.0163],[10.2252,56.0162],[10.2252,56.0162],[10.2251,56.0162],[10.225,56.0161],[10.2248,56.0161],[10.2248,56.0162],[10.2248,56.0162],[10.2249,56.0163],[10.2249,56.0163],[10.225,56.0163],[10.2251,56.0163]]]},"properties":{"sourceId":"ais_par3.55642","a_type":5120,"hectares":0.05}},{"type":"Feature","id":"ais_par3.55643","geometry":{"type":"Polygon","coordinates":[[[10.2248,56.0151],[10.2242,56.0152],[10.2239,56.0153],[10.2234,56.0154],[10.223,56.0156],[10.2225,56.0157],[10.2231,56.0161],[10.2248,56.0151]]]},"properties":{"sourceId":"ais_par3.55643","a_type":4120,"hectares":0.426}},{"type":"Feature","id":"ais_par3.55625","geometry":{"type":"Polygon","coordinates":[[[10.2457,56.0181],[10.2457,56.0179],[10.2459,56.0165],[10.2457,56.0162],[10.2455,56.0162],[10.2455,56.0155],[10.2446,56.015],[10.2444,56.0151],[10.2447,56.0153],[10.2448,56.0154],[10.2449,56.0155],[10.245,56.0156],[10.245,56.0156],[10.245,56.0156],[10.245,56.0158],[10.245,56.016],[10.245,56.0162],[10.2451,56.0164],[10.2453,56.0165],[10.2455,56.0167],[10.2456,56.0167],[10.2456,56.0169],[10.2456,56.017],[10.2456,56.017],[10.2456,56.0174],[10.2455,56.0178],[10.2455,56.0179],[10.2456,56.0183],[10.2456,56.0185],[10.2456,56.0187],[10.2456,56.0189],[10.2458,56.019],[10.2459,56.0191],[10.2462,56.0191],[10.2465,56.0191],[10.2468,56.0191],[10.2468,56.019],[10.2469,56.019],[10.2469,56.019],[10.2476,56.019],[10.2478,56.019],[10.248,56.019],[10.2483,56.0191],[10.2484,56.0192],[10.2485,56.0192],[10.249,56.0191],[10.2491,56.0191],[10.2491,56.0191],[10.2492,56.0191],[10.2494,56.0191],[10.2495,56.0191],[10.2498,56.019],[10.25,56.0189],[10.2499,56.0188],[10.25,56.0188],[10.2503,56.0189],[10.2505,56.0191],[10.2505,56.0192],[10.2504,56.0192],[10.2502,56.0194],[10.2501,56.0195],[10.2499,56.0197],[10.2499,56.0199],[10.2499,56.0201],[10.25,56.0202],[10.25,56.0203],[10.25,56.0203],[10.25,56.0203],[10.2501,56.0209],[10.2501,56.021],[10.2502,56.0212],[10.2504,56.0212],[10.2507,56.0213],[10.251,56.0213],[10.2512,56.0213],[10.2512,56.0213],[10.2512,56.0212],[10.2517,56.021],[10.2517,56.021],[10.2519,56.0209],[10.2524,56.0207],[10.2528,56.0205],[10.2531,56.0203],[10.2533,56.0202],[10.2534,56.0202],[10.2534,56.0202],[10.2534,56.0202],[10.2537,56.0201],[10.2537,56.0201],[10.2539,56.0201],[10.2541,56.0201],[10.2543,56.02],[10.2548,56.02],[10.2551,56.02],[10.2553,56.02],[10.2555,56.02],[10.2558,56.02],[10.2561,56.02],[10.2562,56.02],[10.2564,56.02],[10.2565,56.02],[10.2567,56.0201],[10.257,56.0202],[10.2572,56.0203],[10.2572,56.0202],[10.2572,56.0202],[10.2572,56.0202],[10.2571,56.02],[10.2572,56.0199],[10.2572,56.0198],[10.2571,56.0197],[10.2571,56.0197],[10.257,56.0196],[10.2568,56.0196],[10.2568,56.0196],[10.2567,56.0196],[10.2567,56.0196],[10.2566,56.0196],[10.2564,56.0194],[10.2564,56.0193],[10.256,56.019],[10.2556,56.0188],[10.255,56.0187],[10.2533,56.0186],[10.2529,56.0186],[10.2521,56.0187],[10.2516,56.0188],[10.251,56.0191],[10.25,56.0188],[10.2501,56.0186],[10.2457,56.0181]]]},"properties":{"sourceId":"ais_par3.55625","a_type":4210,"hectares":10.757}},{"type":"Feature","id":"ais_par3.55626","geometry":{"type":"Polygon","coordinates":[[[10.1247,56.022],[10.1246,56.022],[10.1249,56.0223],[10.1249,56.0224],[10.125,56.0225],[10.1251,56.0225],[10.1252,56.0225],[10.1253,56.0224],[10.1254,56.0224],[10.1254,56.0223],[10.1255,56.0223],[10.1254,56.0223],[10.1253,56.0223],[10.1253,56.0223],[10.1252,56.0223],[10.1252,56.0223],[10.1251,56.0222],[10.1251,56.0222],[10.1251,56.0221],[10.125,56.022],[10.1249,56.022],[10.1249,56.022],[10.1248,56.022],[10.1247,56.022]]]},"properties":{"sourceId":"ais_par3.55626","a_type":5120,"hectares":0.15}},{"type":"Feature","id":"ais_par3.55627","geometry":{"type":"Polygon","coordinates":[[[10.152,56.0221],[10.1521,56.022],[10.1521,56.022],[10.152,56.022],[10.1519,56.0219],[10.1518,56.022],[10.1518,56.022],[10.1518,56.0221],[10.1518,56.0221],[10.1519,56.0221],[10.152,56.0221]]]},"properties":{"sourceId":"ais_par3.55627","a_type":5120,"hectares":0.027}},{"type":"Feature","id":"ais_par3.55628","geometry":{"type":"Polygon","coordinates":[[[10.2354,56.0191],[10.235,56.0187],[10.2348,56.018],[10.2344,56.0194],[10.235,56.0203],[10.2353,56.0205],[10.2359,56.0207],[10.2364,56.0209],[10.2368,56.0211],[10.2372,56.0206],[10.2375,56.0206],[10.2369,56.0204],[10.2361,56.0198],[10.2354,56.0192],[10.2354,56.0191]]]},"properties":{"sourceId":"ais_par3.55628","a_type":4110,"hectares":2.123}},{"type":"Feature","id":"ais_par3.55629","geometry":{"type":"Polygon","coordinates":[[[10.1697,56.0216],[10.1698,56.0216],[10.1697,56.0215],[10.1696,56.0215],[10.1695,56.0216],[10.1695,56.0216],[10.1697,56.0216]]]},"properties":{"sourceId":"ais_par3.55629","a_type":5120,"hectares":0.009}},{"type":"Feature","id":"ais_par3.55630","geometry":{"type":"Polygon","coordinates":[[[10.1875,56.0212],[10.1875,56.0211],[10.1875,56.0211],[10.1875,56.021],[10.1874,56.021],[10.1873,56.021],[10.1873,56.021],[10.1873,56.021],[10.1874,56.0211],[10.1874,56.0211],[10.1875,56.0212]]]},"properties":{"sourceId":"ais_par3.55630","a_type":5120,"hectares":0.021}},{"type":"Feature","id":"ais_par3.55631","geometry":{"type":"Polygon","coordinates":[[[10.1265,56.0214],[10.1264,56.0214],[10.1263,56.0214],[10.1263,56.0215],[10.1264,56.0216],[10.1265,56.0217],[10.1266,56.0217],[10.1266,56.0216],[10.1266,56.0216],[10.1266,56.0215],[10.1265,56.0214]]]},"properties":{"sourceId":"ais_par3.55631","a_type":5120,"hectares":0.05}},{"type":"Feature","id":"ais_par3.55632","geometry":{"type":"Polygon","coordinates":[[[10.1279,56.0208],[10.1278,56.0208],[10.1277,56.0208],[10.1277,56.0209],[10.1276,56.0209],[10.1276,56.021],[10.1276,56.021],[10.1276,56.021],[10.1277,56.0211],[10.1278,56.0211],[10.1278,56.0211],[10.1279,56.0211],[10.128,56.021],[10.128,56.021],[10.1281,56.021],[10.1281,56.0209],[10.128,56.0209],[10.128,56.0208],[10.1279,56.0208]]]},"properties":{"sourceId":"ais_par3.55632","a_type":5120,"hectares":0.065}},{"type":"Feature","id":"ais_par3.55633","geometry":{"type":"Polygon","coordinates":[[[10.1284,56.0206],[10.1284,56.0206],[10.1284,56.0206],[10.1283,56.0207],[10.1284,56.0207],[10.1285,56.0208],[10.1286,56.0208],[10.1287,56.0208],[10.1288,56.0208],[10.1288,56.0207],[10.1289,56.0207],[10.1288,56.0206],[10.1287,56.0205],[10.1286,56.0205],[10.1285,56.0205],[10.1284,56.0206]]]},"properties":{"sourceId":"ais_par3.55633","a_type":5120,"hectares":0.071}},{"type":"Feature","id":"ais_par3.55634","geometry":{"type":"Polygon","coordinates":[[[10.1284,56.0206],[10.1285,56.0205],[10.1286,56.0205],[10.1287,56.0205],[10.1288,56.0206],[10.1289,56.0207],[10.129,56.0207],[10.1291,56.0207],[10.1291,56.0207],[10.1292,56.0207],[10.1293,56.0207],[10.1293,56.0207],[10.1294,56.0207],[10.1295,56.0207],[10.1296,56.0207],[10.1296,56.0206],[10.1297,56.0206],[10.1297,56.0205],[10.1297,56.0205],[10.1297,56.0205],[10.1296,56.0204],[10.1295,56.0204],[10.1295,56.0203],[10.1294,56.0203],[10.1293,56.0203],[10.1292,56.0202],[10.1291,56.0202],[10.129,56.0202],[10.1289,56.0202],[10.1289,56.0203],[10.1288,56.0204],[10.1288,56.0204],[10.1287,56.0204],[10.1285,56.0204],[10.1285,56.0204],[10.1284,56.0205],[10.1284,56.0205],[10.1284,56.0206]]]},"properties":{"sourceId":"ais_par3.55634","a_type":4120,"hectares":0.284}},{"type":"Feature","id":"ais_par3.55635","geometry":{"type":"Polygon","coordinates":[[[10.1185,56.0197],[10.1184,56.0197],[10.1184,56.0198],[10.1184,56.0198],[10.1184,56.0199],[10.1185,56.0199],[10.1186,56.0198],[10.1187,56.0198],[10.1188,56.0198],[10.1188,56.0198],[10.1189,56.0198],[10.1188,56.0197],[10.1187,56.0197],[10.1186,56.0197],[10.1186,56.0197],[10.1185,56.0197]]]},"properties":{"sourceId":"ais_par3.55635","a_type":5120,"hectares":0.036}},{"type":"Feature","id":"ais_par3.55636","geometry":{"type":"Polygon","coordinates":[[[10.1934,56.0189],[10.1934,56.0191],[10.1937,56.019],[10.194,56.019],[10.1942,56.0189],[10.1942,56.0189],[10.1947,56.0187],[10.1949,56.0186],[10.1951,56.0186],[10.1952,56.0185],[10.1954,56.0185],[10.1956,56.0184],[10.1955,56.0183],[10.1954,56.0183],[10.1954,56.0182],[10.1954,56.018],[10.1956,56.018],[10.1957,56.0179],[10.1957,56.0178],[10.1954,56.0177],[10.1951,56.0178],[10.1943,56.0184],[10.1937,56.0186],[10.1935,56.0187],[10.1934,56.0189]]]},"properties":{"sourceId":"ais_par3.55636","a_type":4120,"hectares":0.818}},{"type":"Feature","id":"ais_par3.55637","geometry":{"type":"Polygon","coordinates":[[[10.207,56.0177],[10.2068,56.0178],[10.2068,56.0178],[10.2068,56.0179],[10.2068,56.0179],[10.2068,56.0179],[10.2069,56.0179],[10.207,56.0179],[10.2071,56.0179],[10.2071,56.0179],[10.2072,56.0178],[10.2071,56.0178],[10.207,56.0177]]]},"properties":{"sourceId":"ais_par3.55637","a_type":5120,"hectares":0.042}},{"type":"Feature","id":"ais_par3.55638","geometry":{"type":"Polygon","coordinates":[[[10.2299,56.0174],[10.2306,56.0174],[10.2306,56.0165],[10.2307,56.0163],[10.2309,56.0161],[10.2311,56.0161],[10.2316,56.016],[10.2318,56.016],[10.2312,56.0158],[10.2307,56.0158],[10.2299,56.0155],[10.2295,56.0152],[10.2295,56.0155],[10.2295,56.0157],[10.2294,56.0159],[10.2293,56.0164],[10.2297,56.0167],[10.2298,56.0168],[10.2299,56.017],[10.2299,56.0171],[10.2299,56.0172],[10.2297,56.0171],[10.2299,56.0174]]]},"properties":{"sourceId":"ais_par3.55638","a_type":4110,"hectares":1.5}},{"type":"Feature","id":"ais_par3.55639","geometry":{"type":"Polygon","coordinates":[[[10.1489,56.0178],[10.1489,56.0177],[10.1489,56.0177],[10.1489,56.0176],[10.1489,56.0175],[10.1489,56.0174],[10.1489,56.0174],[10.1489,56.0173],[10.1489,56.0172],[10.1489,56.0171],[10.1488,56.017],[10.1486,56.0169],[10.1485,56.0169],[10.1484,56.0168],[10.1483,56.0168],[10.1483,56.0168],[10.1482,56.0168],[10.1482,56.0169],[10.1482,56.0169],[10.1484,56.017],[10.1485,56.0171],[10.1486,56.0172],[10.1486,56.0174],[10.1486,56.0175],[10.1487,56.0175],[10.1487,56.0176],[10.1487,56.0177],[10.1487,56.0178],[10.1488,56.0178],[10.1489,56.0178]]]},"properties":{"sourceId":"ais_par3.55639","a_type":5120,"hectares":0.206}},{"type":"Feature","id":"ais_par3.55696","geometry":{"type":"Polygon","coordinates":[[[10.0964,56.0084],[10.0965,56.0085],[10.0966,56.0086],[10.0967,56.0086],[10.0968,56.0087],[10.0969,56.0086],[10.0969,56.0085],[10.0968,56.0084],[10.0966,56.0083],[10.0964,56.0084]]]},"properties":{"sourceId":"ais_par3.55696","a_type":5120,"hectares":0.053}},{"type":"Feature","id":"ais_par3.55644","geometry":{"type":"Polygon","coordinates":[[[10.1243,56.0158],[10.1242,56.0157],[10.1241,56.0157],[10.1239,56.0157],[10.1237,56.0156],[10.1235,56.0156],[10.1233,56.0156],[10.1232,56.0155],[10.1231,56.0155],[10.1229,56.0154],[10.1227,56.0154],[10.1226,56.0153],[10.1225,56.0153],[10.1224,56.0153],[10.1223,56.0153],[10.1222,56.0153],[10.1221,56.0152],[10.122,56.0152],[10.1219,56.0152],[10.1218,56.0152],[10.1217,56.0152],[10.1218,56.0152],[10.1218,56.0153],[10.1219,56.0153],[10.122,56.0153],[10.1221,56.0154],[10.1221,56.0154],[10.1221,56.0155],[10.1222,56.0156],[10.1222,56.0156],[10.1223,56.0157],[10.1224,56.0157],[10.1225,56.0157],[10.1226,56.0158],[10.1228,56.0158],[10.1229,56.0158],[10.1231,56.0158],[10.1232,56.0159],[10.1233,56.0159],[10.1235,56.0159],[10.1236,56.0159],[10.1237,56.0159],[10.1239,56.0159],[10.124,56.016],[10.1241,56.016],[10.1243,56.016],[10.1244,56.0161],[10.1244,56.0161],[10.1245,56.0162],[10.1245,56.0162],[10.1246,56.0163],[10.1247,56.0163],[10.1248,56.0163],[10.1249,56.0162],[10.1249,56.0162],[10.1249,56.0161],[10.1248,56.0161],[10.1245,56.016],[10.1244,56.0159],[10.1243,56.0158]]]},"properties":{"sourceId":"ais_par3.55644","a_type":5120,"hectares":0.627}},{"type":"Feature","id":"ais_par3.55645","geometry":{"type":"Polygon","coordinates":[[[10.1167,56.0158],[10.1174,56.0161],[10.1176,56.0161],[10.1177,56.0162],[10.1179,56.0162],[10.1179,56.0162],[10.1181,56.0162],[10.1183,56.0161],[10.1184,56.0161],[10.1187,56.016],[10.1188,56.016],[10.1189,56.0158],[10.119,56.0156],[10.1192,56.0154],[10.1185,56.0155],[10.1172,56.0157],[10.1171,56.0157],[10.1169,56.0156],[10.1167,56.0156],[10.1166,56.0155],[10.1163,56.0155],[10.1161,56.0154],[10.116,56.0154],[10.116,56.0154],[10.1159,56.0153],[10.1158,56.0153],[10.1159,56.0154],[10.1159,56.0154],[10.1159,56.0155],[10.116,56.0156],[10.1161,56.0156],[10.1162,56.0156],[10.1163,56.0157],[10.1164,56.0157],[10.1165,56.0157],[10.1166,56.0157],[10.1166,56.0157],[10.1167,56.0156],[10.1168,56.0157],[10.1169,56.0157],[10.117,56.0157],[10.117,56.0157],[10.1171,56.0158],[10.1171,56.0158],[10.1172,56.0158],[10.1172,56.0159],[10.1171,56.0159],[10.117,56.0158],[10.1169,56.0158],[10.1168,56.0158],[10.1168,56.0158],[10.1167,56.0158]],[[10.1185,56.0157],[10.1184,56.0158],[10.1185,56.0158],[10.1185,56.0159],[10.1185,56.016],[10.1184,56.016],[10.1183,56.016],[10.1183,56.0159],[10.1182,56.0158],[10.1182,56.0158],[10.1182,56.0157],[10.1183,56.0157],[10.1183,56.0156],[10.1184,56.0156],[10.1185,56.0156],[10.1186,56.0156],[10.1186,56.0156],[10.1187,56.0157],[10.1186,56.0157],[10.1186,56.0157],[10.1185,56.0157]]]},"properties":{"sourceId":"ais_par3.55645","a_type":4120,"hectares":0.746}},{"type":"Feature","id":"ais_par3.55646","geometry":{"type":"Polygon","coordinates":[[[10.1167,56.0158],[10.1166,56.0158],[10.1165,56.0157],[10.1165,56.0157],[10.1164,56.0157],[10.1163,56.0157],[10.1162,56.0158],[10.1161,56.0158],[10.116,56.0158],[10.116,56.0157],[10.1158,56.0157],[10.1157,56.0157],[10.1156,56.0157],[10.1155,56.0156],[10.1155,56.0156],[10.1155,56.0155],[10.1155,56.0155],[10.1155,56.0154],[10.1155,56.0154],[10.1155,56.0153],[10.1156,56.0153],[10.1156,56.0152],[10.1158,56.0152],[10.1159,56.0153],[10.1158,56.0152],[10.1156,56.015],[10.1155,56.015],[10.1155,56.015],[10.1154,56.0151],[10.1154,56.0151],[10.1153,56.0152],[10.1153,56.0153],[10.1153,56.0155],[10.1154,56.0155],[10.1154,56.0156],[10.1154,56.0156],[10.1155,56.0157],[10.1156,56.0157],[10.1157,56.0157],[10.1157,56.0158],[10.1159,56.0158],[10.116,56.0159],[10.116,56.0159],[10.1167,56.0158]]]},"properties":{"sourceId":"ais_par3.55646","a_type":4120,"hectares":0.191}},{"type":"Feature","id":"ais_par3.55647","geometry":{"type":"Polygon","coordinates":[[[10.2212,56.0149],[10.2213,56.015],[10.2215,56.0151],[10.2222,56.0147],[10.2217,56.0144],[10.221,56.0146],[10.2212,56.0149]]]},"properties":{"sourceId":"ais_par3.55647","a_type":4120,"hectares":0.31}},{"type":"Feature","id":"ais_par3.55648","geometry":{"type":"Polygon","coordinates":[[[10.1185,56.0157],[10.1186,56.0157],[10.1186,56.0157],[10.1187,56.0157],[10.1186,56.0156],[10.1186,56.0156],[10.1185,56.0156],[10.1184,56.0156],[10.1183,56.0156],[10.1183,56.0157],[10.1182,56.0157],[10.1182,56.0158],[10.1182,56.0158],[10.1183,56.0159],[10.1183,56.016],[10.1184,56.016],[10.1185,56.016],[10.1185,56.0159],[10.1185,56.0158],[10.1184,56.0158],[10.1185,56.0157]]]},"properties":{"sourceId":"ais_par3.55648","a_type":5120,"hectares":0.071}},{"type":"Feature","id":"ais_par3.55649","geometry":{"type":"Polygon","coordinates":[[[10.2202,56.0148],[10.2202,56.0148],[10.2202,56.0148],[10.2202,56.0149],[10.2203,56.0149],[10.2203,56.0149],[10.2204,56.0149],[10.2205,56.0149],[10.2205,56.0149],[10.2206,56.0149],[10.2206,56.0149],[10.2207,56.0148],[10.2207,56.0148],[10.2207,56.0148],[10.2206,56.0147],[10.2206,56.0147],[10.2205,56.0147],[10.2205,56.0147],[10.2204,56.0147],[10.2203,56.0147],[10.2202,56.0147],[10.2202,56.0148]]]},"properties":{"sourceId":"ais_par3.55649","a_type":5120,"hectares":0.079}},{"type":"Feature","id":"ais_par3.55650","geometry":{"type":"Polygon","coordinates":[[[10.1165,56.0157],[10.1165,56.0157],[10.1166,56.0158],[10.1167,56.0158],[10.1168,56.0158],[10.1168,56.0158],[10.1169,56.0158],[10.117,56.0158],[10.1171,56.0159],[10.1172,56.0159],[10.1171,56.0158],[10.1171,56.0158],[10.117,56.0157],[10.117,56.0157],[10.1169,56.0157],[10.1168,56.0157],[10.1167,56.0156],[10.1166,56.0157],[10.1166,56.0157],[10.1165,56.0157]]]},"properties":{"sourceId":"ais_par3.55650","a_type":5120,"hectares":0.054}},{"type":"Feature","id":"ais_par3.55651","geometry":{"type":"Polygon","coordinates":[[[10.1155,56.0154],[10.1155,56.0154],[10.1155,56.0155],[10.1155,56.0155],[10.1155,56.0156],[10.1155,56.0156],[10.1156,56.0157],[10.1157,56.0157],[10.1158,56.0157],[10.116,56.0157],[10.116,56.0158],[10.1161,56.0158],[10.1162,56.0158],[10.1163,56.0157],[10.1164,56.0157],[10.1165,56.0157],[10.1164,56.0157],[10.1163,56.0157],[10.1162,56.0156],[10.1161,56.0156],[10.116,56.0156],[10.1159,56.0155],[10.1159,56.0154],[10.1159,56.0154],[10.1158,56.0153],[10.1159,56.0153],[10.1158,56.0152],[10.1156,56.0152],[10.1156,56.0153],[10.1155,56.0153],[10.1155,56.0154]]]},"properties":{"sourceId":"ais_par3.55651","a_type":5120,"hectares":0.171}},{"type":"Feature","id":"ais_par3.55652","geometry":{"type":"Polygon","coordinates":[[[10.0939,56.0154],[10.094,56.0155],[10.094,56.0155],[10.0941,56.0155],[10.0942,56.0155],[10.0943,56.0155],[10.0943,56.0154],[10.0944,56.0154],[10.0943,56.0154],[10.0942,56.0154],[10.0942,56.0154],[10.0941,56.0154],[10.094,56.0154],[10.0939,56.0154]]]},"properties":{"sourceId":"ais_par3.55652","a_type":5120,"hectares":0.028}},{"type":"Feature","id":"ais_par3.55653","geometry":{"type":"Polygon","coordinates":[[[10.0938,56.0154],[10.0938,56.0153],[10.0937,56.0153],[10.0937,56.0152],[10.0936,56.0152],[10.0936,56.0152],[10.0936,56.0151],[10.0936,56.0151],[10.0935,56.0151],[10.0934,56.0151],[10.0934,56.0151],[10.0933,56.0152],[10.0933,56.0152],[10.0932,56.0152],[10.0932,56.0153],[10.0932,56.0153],[10.0932,56.0153],[10.0933,56.0153],[10.0933,56.0153],[10.0934,56.0153],[10.0935,56.0153],[10.0936,56.0154],[10.0936,56.0154],[10.0937,56.0154],[10.0938,56.0154]]]},"properties":{"sourceId":"ais_par3.55653","a_type":5120,"hectares":0.074}},{"type":"Feature","id":"ais_par3.55654","geometry":{"type":"Polygon","coordinates":[[[10.1212,56.0149],[10.1212,56.0149],[10.1211,56.0149],[10.121,56.0148],[10.121,56.0149],[10.121,56.0149],[10.121,56.0149],[10.1211,56.015],[10.1212,56.015],[10.1212,56.015],[10.1212,56.0149]]]},"properties":{"sourceId":"ais_par3.55654","a_type":5120,"hectares":0.016}},{"type":"Feature","id":"ais_par3.55655","geometry":{"type":"Polygon","coordinates":[[[10.2279,56.0135],[10.2278,56.0135],[10.2276,56.0135],[10.2275,56.0136],[10.2274,56.0136],[10.2272,56.0136],[10.2271,56.0136],[10.2271,56.0137],[10.227,56.0137],[10.227,56.0138],[10.2271,56.0137],[10.2272,56.0137],[10.2273,56.0137],[10.2274,56.0137],[10.2275,56.0137],[10.2277,56.0137],[10.2278,56.0137],[10.2279,56.0137],[10.2279,56.0135]]]},"properties":{"sourceId":"ais_par3.55655","a_type":4120,"hectares":0.069}},{"type":"Feature","id":"ais_par3.55656","geometry":{"type":"Polygon","coordinates":[[[10.2266,56.0137],[10.2265,56.0136],[10.2265,56.0135],[10.2265,56.0134],[10.2264,56.0133],[10.2263,56.0133],[10.2262,56.0133],[10.2261,56.0134],[10.2261,56.0134],[10.226,56.0134],[10.2259,56.0134],[10.226,56.0135],[10.2261,56.0136],[10.2262,56.0136],[10.2263,56.0136],[10.2263,56.0137],[10.2265,56.0137],[10.2266,56.0137]]]},"properties":{"sourceId":"ais_par3.55656","a_type":5120,"hectares":0.112}},{"type":"Feature","id":"ais_par3.55657","geometry":{"type":"Polygon","coordinates":[[[10.2286,56.0135],[10.2282,56.0135],[10.2279,56.0135],[10.2279,56.0137],[10.228,56.0137],[10.2281,56.0136],[10.2282,56.0136],[10.2284,56.0136],[10.2285,56.0136],[10.2285,56.0136],[10.2286,56.0136],[10.2286,56.0135]]]},"properties":{"sourceId":"ais_par3.55657","a_type":4110,"hectares":0.073}},{"type":"Feature","id":"ais_par3.55658","geometry":{"type":"Polygon","coordinates":[[[10.1458,56.0144],[10.1459,56.0143],[10.1463,56.0142],[10.1465,56.0141],[10.1467,56.0141],[10.1466,56.0139],[10.1461,56.0139],[10.1454,56.0138],[10.1451,56.0139],[10.1448,56.0139],[10.1446,56.0141],[10.1455,56.0144],[10.1457,56.0144],[10.1458,56.0144]]]},"properties":{"sourceId":"ais_par3.55658","a_type":4120,"hectares":0.525}},{"type":"Feature","id":"ais_par3.55697","geometry":{"type":"Polygon","coordinates":[[[10.228,56.0072],[10.228,56.0072],[10.2279,56.0072],[10.2278,56.0073],[10.2278,56.0074],[10.2279,56.0074],[10.228,56.0074],[10.228,56.0074],[10.2281,56.0073],[10.228,56.0072]]]},"properties":{"sourceId":"ais_par3.55697","a_type":5120,"hectares":0.027}},{"type":"Feature","id":"ais_par3.55659","geometry":{"type":"Polygon","coordinates":[[[10.2247,56.0124],[10.2248,56.0125],[10.2249,56.0126],[10.225,56.0125],[10.2251,56.0125],[10.2252,56.0125],[10.2252,56.0125],[10.2253,56.0126],[10.2253,56.0126],[10.2253,56.0127],[10.2252,56.0127],[10.2252,56.0126],[10.2252,56.0126],[10.2251,56.0126],[10.225,56.0126],[10.225,56.0126],[10.2248,56.0128],[10.2247,56.0128],[10.2247,56.0129],[10.2247,56.0129],[10.2248,56.013],[10.225,56.013],[10.2251,56.0129],[10.2252,56.0129],[10.2253,56.0129],[10.2254,56.0129],[10.2255,56.0129],[10.2256,56.013],[10.2256,56.013],[10.2256,56.0131],[10.2256,56.0131],[10.2256,56.0132],[10.2256,56.0133],[10.2256,56.0133],[10.2256,56.0133],[10.2256,56.0134],[10.2256,56.0135],[10.2257,56.0135],[10.2258,56.0135],[10.2259,56.0134],[10.2259,56.0134],[10.2258,56.0133],[10.2258,56.0133],[10.2258,56.0132],[10.2258,56.0131],[10.2259,56.0131],[10.226,56.0131],[10.2261,56.0131],[10.2261,56.013],[10.2261,56.0129],[10.226,56.0129],[10.226,56.0129],[10.226,56.0128],[10.226,56.0128],[10.226,56.0127],[10.2259,56.0126],[10.2258,56.0125],[10.2258,56.0125],[10.2257,56.0124],[10.2257,56.0124],[10.2256,56.0124],[10.2254,56.0124],[10.2253,56.0124],[10.2252,56.0124],[10.2251,56.0124],[10.225,56.0124],[10.2249,56.0124],[10.2247,56.0124],[10.2247,56.0124]]]},"properties":{"sourceId":"ais_par3.55659","a_type":5120,"hectares":0.52}},{"type":"Feature","id":"ais_par3.55660","geometry":{"type":"Polygon","coordinates":[[[10.0999,56.0145],[10.0999,56.0146],[10.0999,56.0146],[10.0999,56.0146],[10.0999,56.0147],[10.1,56.0147],[10.1001,56.0147],[10.1001,56.0146],[10.1,56.0145],[10.0999,56.0145]]]},"properties":{"sourceId":"ais_par3.55660","a_type":5120,"hectares":0.017}},{"type":"Feature","id":"ais_par3.55661","geometry":{"type":"Polygon","coordinates":[[[10.0932,56.0142],[10.0932,56.0142],[10.0932,56.0143],[10.0932,56.0143],[10.0932,56.0144],[10.0933,56.0144],[10.0933,56.0144],[10.0933,56.0144],[10.0933,56.0143],[10.0932,56.0143],[10.0932,56.0142]]]},"properties":{"sourceId":"ais_par3.55661","a_type":5120,"hectares":0.015}},{"type":"Feature","id":"ais_par3.55662","geometry":{"type":"Polygon","coordinates":[[[10.2238,56.0124],[10.2239,56.0125],[10.2239,56.0126],[10.2236,56.0127],[10.2235,56.0127],[10.2235,56.0127],[10.2234,56.0127],[10.2233,56.0126],[10.2232,56.0126],[10.2232,56.0127],[10.2234,56.0127],[10.2234,56.0128],[10.2237,56.0129],[10.224,56.013],[10.2244,56.0131],[10.2247,56.013],[10.2247,56.0129],[10.2247,56.0128],[10.2249,56.0126],[10.2248,56.0125],[10.2247,56.0124],[10.2241,56.0123],[10.2238,56.0124]]]},"properties":{"sourceId":"ais_par3.55662","a_type":4120,"hectares":0.48}},{"type":"Feature","id":"ais_par3.55663","geometry":{"type":"Polygon","coordinates":[[[10.0793,56.014],[10.0792,56.014],[10.0792,56.0141],[10.0793,56.0141],[10.0794,56.0142],[10.0795,56.0142],[10.0795,56.0142],[10.0796,56.0143],[10.0797,56.0143],[10.0798,56.0143],[10.0798,56.0143],[10.0799,56.0142],[10.0799,56.0142],[10.0799,56.0141],[10.0798,56.0141],[10.0797,56.0141],[10.0796,56.0141],[10.0795,56.014],[10.0795,56.014],[10.0794,56.014],[10.0793,56.014]]]},"properties":{"sourceId":"ais_par3.55663","a_type":5120,"hectares":0.079}},{"type":"Feature","id":"ais_par3.55664","geometry":{"type":"Polygon","coordinates":[[[10.2238,56.0124],[10.2237,56.0123],[10.2236,56.0123],[10.2236,56.0122],[10.2234,56.0123],[10.2233,56.0123],[10.2233,56.0122],[10.2233,56.0121],[10.2232,56.012],[10.223,56.0119],[10.2229,56.0119],[10.2228,56.0119],[10.2227,56.0119],[10.2226,56.0119],[10.2225,56.0119],[10.2225,56.012],[10.2224,56.012],[10.2222,56.0119],[10.2221,56.012],[10.2221,56.012],[10.2219,56.012],[10.2219,56.012],[10.2219,56.0121],[10.2219,56.0121],[10.2219,56.0122],[10.2221,56.0123],[10.2222,56.0123],[10.2223,56.0123],[10.2224,56.0123],[10.2225,56.0123],[10.2226,56.0122],[10.2226,56.0123],[10.2226,56.0123],[10.2227,56.0124],[10.2227,56.0124],[10.2229,56.0124],[10.2231,56.0124],[10.2232,56.0124],[10.2232,56.0124],[10.2232,56.0125],[10.2231,56.0125],[10.2229,56.0125],[10.2228,56.0125],[10.2227,56.0124],[10.2226,56.0124],[10.2225,56.0124],[10.2224,56.0124],[10.2224,56.0124],[10.2225,56.0125],[10.2226,56.0127],[10.2226,56.0127],[10.2227,56.0128],[10.2229,56.0129],[10.223,56.0129],[10.2231,56.0129],[10.2232,56.0129],[10.2233,56.0129],[10.2234,56.0128],[10.2234,56.0128],[10.2234,56.0127],[10.2232,56.0127],[10.2232,56.0126],[10.2233,56.0126],[10.2234,56.0127],[10.2235,56.0127],[10.2235,56.0127],[10.2236,56.0127],[10.2239,56.0126],[10.2239,56.0125],[10.2238,56.0124]]]},"properties":{"sourceId":"ais_par3.55664","a_type":5120,"hectares":0.728}},{"type":"Feature","id":"ais_par3.55665","geometry":{"type":"Polygon","coordinates":[[[10.1425,56.0136],[10.1423,56.0136],[10.1423,56.0136],[10.1423,56.0137],[10.1425,56.0137],[10.1425,56.0137],[10.1426,56.0136],[10.1426,56.0136],[10.1425,56.0136]]]},"properties":{"sourceId":"ais_par3.55665","a_type":5120,"hectares":0.017}},{"type":"Feature","id":"ais_par3.55666","geometry":{"type":"Polygon","coordinates":[[[10.2125,56.0111],[10.2141,56.0113],[10.2142,56.0113],[10.2141,56.0115],[10.2155,56.0118],[10.2157,56.0118],[10.2163,56.0119],[10.2169,56.012],[10.2175,56.0121],[10.2186,56.0121],[10.2186,56.012],[10.2194,56.0119],[10.2197,56.0118],[10.2202,56.0117],[10.2211,56.0114],[10.2211,56.0114],[10.2219,56.0111],[10.2223,56.011],[10.2226,56.0108],[10.2226,56.0108],[10.2225,56.0108],[10.2222,56.0108],[10.2218,56.0108],[10.2215,56.0109],[10.2212,56.0109],[10.2209,56.011],[10.2207,56.0111],[10.2204,56.0113],[10.2202,56.0115],[10.2196,56.0116],[10.2194,56.0116],[10.2193,56.0116],[10.2189,56.0117],[10.2181,56.0117],[10.2179,56.0118],[10.2171,56.0118],[10.2169,56.0116],[10.2168,56.0116],[10.2168,56.0115],[10.2178,56.0115],[10.218,56.0113],[10.2181,56.0112],[10.2179,56.0111],[10.2164,56.0112],[10.2157,56.0111],[10.215,56.0111],[10.2143,56.0111],[10.2136,56.011],[10.2129,56.0109],[10.2125,56.0111]]]},"properties":{"sourceId":"ais_par3.55666","a_type":4210,"hectares":2.853}},{"type":"Feature","id":"ais_par3.55667","geometry":{"type":"Polygon","coordinates":[[[10.2217,56.0118],[10.2216,56.0119],[10.2217,56.0119],[10.2219,56.012],[10.2219,56.012],[10.2221,56.012],[10.2221,56.012],[10.2222,56.0119],[10.2224,56.012],[10.2225,56.012],[10.2225,56.0119],[10.2226,56.0119],[10.2227,56.0119],[10.2228,56.0119],[10.2229,56.0119],[10.223,56.0119],[10.2229,56.0117],[10.2228,56.0115],[10.2227,56.0116],[10.2226,56.0115],[10.2226,56.0115],[10.2224,56.0114],[10.2223,56.0114],[10.2222,56.0114],[10.222,56.0115],[10.222,56.0115],[10.2219,56.0115],[10.2219,56.0116],[10.2218,56.0116],[10.2218,56.0118],[10.2218,56.0118],[10.2217,56.0118]]]},"properties":{"sourceId":"ais_par3.55667","a_type":4120,"hectares":0.363}},{"type":"Feature","id":"ais_par3.55668","geometry":{"type":"Polygon","coordinates":[[[10.2225,56.0111],[10.2226,56.0111],[10.2233,56.0108],[10.223,56.0107],[10.2226,56.0108],[10.2223,56.011],[10.2219,56.0111],[10.2211,56.0114],[10.2211,56.0114],[10.2202,56.0117],[10.2197,56.0118],[10.2198,56.012],[10.2225,56.0111]]]},"properties":{"sourceId":"ais_par3.55668","a_type":4110,"hectares":0.508}},{"type":"Feature","id":"ais_par3.55669","geometry":{"type":"Polygon","coordinates":[[[10.2007,56.0097],[10.2009,56.0098],[10.2014,56.0099],[10.2016,56.0102],[10.2023,56.0102],[10.2024,56.0101],[10.2028,56.0102],[10.2027,56.0103],[10.2027,56.0104],[10.2028,56.0105],[10.203,56.0106],[10.2031,56.0105],[10.2032,56.0103],[10.2032,56.0102],[10.2066,56.0109],[10.2074,56.0112],[10.208,56.0112],[10.2083,56.0113],[10.2096,56.0116],[10.21,56.0119],[10.2101,56.012],[10.2101,56.0121],[10.2103,56.0121],[10.2102,56.0118],[10.2103,56.0116],[10.2107,56.0117],[10.2112,56.0116],[10.212,56.0114],[10.2127,56.0113],[10.2129,56.0114],[10.2129,56.0113],[10.2141,56.0115],[10.2141,56.0113],[10.2125,56.0111],[10.2124,56.0111],[10.2109,56.0109],[10.2106,56.0109],[10.2093,56.0105],[10.2088,56.0104],[10.2077,56.0104],[10.2072,56.0105],[10.2062,56.0106],[10.2058,56.0104],[10.2055,56.0103],[10.2048,56.0095],[10.2043,56.009],[10.2038,56.0084],[10.2037,56.0082],[10.2032,56.0078],[10.2031,56.0077],[10.203,56.0074],[10.2018,56.0067],[10.2014,56.0065],[10.2012,56.0065],[10.2006,56.0064],[10.1996,56.0065],[10.1991,56.0064],[10.1986,56.0064],[10.1982,56.0062],[10.198,56.0062],[10.1977,56.006],[10.1964,56.0062],[10.1961,56.0062],[10.1958,56.0062],[10.1956,56.0062],[10.1954,56.0061],[10.1952,56.0064],[10.1957,56.0066],[10.1955,56.0071],[10.1956,56.0073],[10.1949,56.008],[10.1955,56.0077],[10.1965,56.0076],[10.1985,56.0082],[10.1988,56.0084],[10.199,56.0088],[10.1991,56.009],[10.1992,56.009],[10.1999,56.0092],[10.2001,56.0093],[10.2003,56.0095],[10.2007,56.0097]]]},"properties":{"sourceId":"ais_par3.55669","a_type":4110,"hectares":18.962}},{"type":"Feature","id":"ais_par3.55698","geometry":{"type":"Polygon","coordinates":[[[10.1139,56.0082],[10.1139,56.0082],[10.1141,56.0082],[10.1142,56.0082],[10.1142,56.0082],[10.1142,56.0081],[10.1142,56.0081],[10.1141,56.0081],[10.114,56.0081],[10.1139,56.0082],[10.1139,56.0082]]]},"properties":{"sourceId":"ais_par3.55698","a_type":5120,"hectares":0.021}},{"type":"Feature","id":"ais_par3.55699","geometry":{"type":"Polygon","coordinates":[[[10.0864,56.008],[10.0864,56.008],[10.0865,56.0079],[10.0864,56.0079],[10.0863,56.0078],[10.0863,56.0079],[10.0862,56.0079],[10.0862,56.008],[10.0862,56.0081],[10.0862,56.0081],[10.0862,56.0081],[10.0863,56.0081],[10.0864,56.0081],[10.0864,56.008]]]},"properties":{"sourceId":"ais_par3.55699","a_type":5120,"hectares":0.04}},{"type":"Feature","id":"ais_par3.55670","geometry":{"type":"Polygon","coordinates":[[[10.2228,56.0115],[10.2229,56.0114],[10.2231,56.0114],[10.2231,56.0113],[10.223,56.0113],[10.2229,56.0113],[10.2228,56.0112],[10.2226,56.0112],[10.2224,56.0113],[10.2222,56.0113],[10.2221,56.0113],[10.2219,56.0114],[10.2217,56.0115],[10.2213,56.0116],[10.2212,56.0117],[10.2212,56.0117],[10.2211,56.0117],[10.2211,56.0118],[10.2213,56.0118],[10.2213,56.0119],[10.2214,56.0119],[10.2214,56.0119],[10.2215,56.012],[10.2216,56.0119],[10.2217,56.0119],[10.2216,56.0119],[10.2216,56.0118],[10.2217,56.0118],[10.2218,56.0118],[10.2218,56.0118],[10.2218,56.0116],[10.2219,56.0116],[10.2219,56.0115],[10.222,56.0115],[10.222,56.0115],[10.2222,56.0114],[10.2223,56.0114],[10.2224,56.0114],[10.2226,56.0115],[10.2226,56.0115],[10.2227,56.0116],[10.2228,56.0115]]]},"properties":{"sourceId":"ais_par3.55670","a_type":5120,"hectares":0.32}},{"type":"Feature","id":"ais_par3.55671","geometry":{"type":"Polygon","coordinates":[[[10.2236,56.0116],[10.2237,56.0117],[10.2237,56.0118],[10.2237,56.0118],[10.2238,56.0118],[10.2239,56.0118],[10.224,56.0117],[10.224,56.0116],[10.2238,56.0115],[10.2236,56.0115],[10.2236,56.0116]]]},"properties":{"sourceId":"ais_par3.55671","a_type":5120,"hectares":0.065}},{"type":"Feature","id":"ais_par3.55672","geometry":{"type":"Polygon","coordinates":[[[10.0937,56.0128],[10.0937,56.0128],[10.0936,56.0129],[10.0936,56.0129],[10.0937,56.013],[10.0938,56.013],[10.0938,56.0129],[10.0938,56.0129],[10.0937,56.0128],[10.0937,56.0128]]]},"properties":{"sourceId":"ais_par3.55672","a_type":5120,"hectares":0.015}},{"type":"Feature","id":"ais_par3.55673","geometry":{"type":"Polygon","coordinates":[[[10.1214,56.0124],[10.1214,56.0124],[10.1214,56.0123],[10.1213,56.0123],[10.1212,56.0123],[10.1211,56.0123],[10.1211,56.0124],[10.1212,56.0124],[10.1213,56.0124],[10.1214,56.0124]]]},"properties":{"sourceId":"ais_par3.55673","a_type":5120,"hectares":0.011}},{"type":"Feature","id":"ais_par3.55674","geometry":{"type":"Polygon","coordinates":[[[10.1326,56.0114],[10.1323,56.0114],[10.1322,56.0114],[10.1321,56.0114],[10.1319,56.0113],[10.1318,56.0113],[10.1317,56.0113],[10.1316,56.0113],[10.1313,56.0115],[10.1312,56.0115],[10.1311,56.0115],[10.131,56.0115],[10.1309,56.0116],[10.131,56.0116],[10.131,56.0117],[10.1311,56.0118],[10.1312,56.0119],[10.1313,56.012],[10.1315,56.012],[10.1317,56.0121],[10.132,56.0121],[10.1321,56.0122],[10.1322,56.0122],[10.1323,56.0122],[10.1324,56.0122],[10.1326,56.0114]]]},"properties":{"sourceId":"ais_par3.55674","a_type":4120,"hectares":0.708}},{"type":"Feature","id":"ais_par3.55675","geometry":{"type":"Polygon","coordinates":[[[10.1014,56.0118],[10.0994,56.0117],[10.0994,56.0118],[10.0997,56.0122],[10.101,56.0125],[10.1014,56.0118]]]},"properties":{"sourceId":"ais_par3.55675","a_type":4110,"hectares":0.652}},{"type":"Feature","id":"ais_par3.55676","geometry":{"type":"Polygon","coordinates":[[[10.0834,56.0125],[10.0838,56.0125],[10.0842,56.0124],[10.0845,56.0124],[10.0846,56.0123],[10.0846,56.0123],[10.0846,56.0123],[10.0845,56.0122],[10.0844,56.0122],[10.0844,56.0123],[10.0842,56.0123],[10.0841,56.0123],[10.0838,56.0123],[10.0836,56.0124],[10.0835,56.0124],[10.0834,56.0124],[10.0833,56.0124],[10.0832,56.0124],[10.0832,56.0124],[10.0831,56.0124],[10.0831,56.0124],[10.0831,56.0125],[10.0833,56.0125],[10.0834,56.0125]]]},"properties":{"sourceId":"ais_par3.55676","a_type":5120,"hectares":0.15}},{"type":"Feature","id":"ais_par3.55677","geometry":{"type":"Polygon","coordinates":[[[10.0932,56.0123],[10.0933,56.0123],[10.0933,56.0122],[10.0932,56.0122],[10.0932,56.0121],[10.0931,56.0122],[10.0931,56.0122],[10.0932,56.0122],[10.0932,56.0123]]]},"properties":{"sourceId":"ais_par3.55677","a_type":5120,"hectares":0.01}},{"type":"Feature","id":"ais_par3.55678","geometry":{"type":"Polygon","coordinates":[[[10.2139,56.0102],[10.2136,56.0101],[10.2141,56.01],[10.2142,56.0099],[10.2143,56.0098],[10.2141,56.0097],[10.2142,56.0095],[10.214,56.0095],[10.214,56.0094],[10.2137,56.0093],[10.2092,56.0088],[10.207,56.0083],[10.2071,56.0082],[10.2062,56.008],[10.2061,56.0081],[10.2058,56.0081],[10.2046,56.0089],[10.2053,56.0097],[10.2056,56.0101],[10.2059,56.0103],[10.2061,56.0104],[10.2063,56.0104],[10.2067,56.0104],[10.2072,56.0104],[10.2075,56.0104],[10.2076,56.0103],[10.2089,56.0103],[10.2093,56.0104],[10.2098,56.0105],[10.2104,56.0107],[10.2107,56.0108],[10.2115,56.0109],[10.2123,56.0109],[10.2128,56.0108],[10.2131,56.0108],[10.214,56.0109],[10.2148,56.011],[10.2151,56.011],[10.2155,56.011],[10.2159,56.011],[10.2172,56.011],[10.2177,56.0109],[10.2175,56.0108],[10.2175,56.0108],[10.2172,56.0109],[10.2172,56.0109],[10.2171,56.0109],[10.217,56.0109],[10.2169,56.0109],[10.2169,56.0109],[10.2168,56.0109],[10.2162,56.0108],[10.2162,56.0107],[10.216,56.0107],[10.2157,56.0107],[10.2153,56.0107],[10.215,56.0106],[10.2149,56.0107],[10.2147,56.0106],[10.214,56.0103],[10.2139,56.0103],[10.214,56.0103],[10.2139,56.0102],[10.2139,56.0102]]]},"properties":{"sourceId":"ais_par3.55678","a_type":4210,"hectares":11.924}},{"type":"Feature","id":"ais_par3.55679","geometry":{"type":"Polygon","coordinates":[[[10.1374,56.0107],[10.1373,56.0108],[10.1373,56.0108],[10.1374,56.0109],[10.1375,56.0109],[10.1376,56.0109],[10.1376,56.0109],[10.1376,56.0108],[10.1376,56.0107],[10.1375,56.0107],[10.1374,56.0107]]]},"properties":{"sourceId":"ais_par3.55679","a_type":5120,"hectares":0.037}},{"type":"Feature","id":"ais_par3.55680","geometry":{"type":"Polygon","coordinates":[[[10.2347,56.0074],[10.2337,56.0076],[10.2334,56.0076],[10.2332,56.0075],[10.2331,56.0075],[10.2329,56.0077],[10.2325,56.0078],[10.2319,56.0079],[10.2318,56.008],[10.2309,56.0082],[10.2311,56.0084],[10.2311,56.0084],[10.2313,56.0084],[10.2313,56.0084],[10.2322,56.0088],[10.2322,56.0088],[10.2322,56.0088],[10.2325,56.0089],[10.2326,56.0089],[10.2331,56.0091],[10.2334,56.0092],[10.2336,56.0093],[10.2342,56.0096],[10.2344,56.0096],[10.2345,56.0097],[10.2348,56.0098],[10.235,56.0099],[10.2352,56.0099],[10.2365,56.0098],[10.2366,56.0098],[10.2369,56.0097],[10.2372,56.0097],[10.2375,56.0097],[10.2379,56.0097],[10.2381,56.0097],[10.2383,56.0096],[10.2377,56.0091],[10.2367,56.0082],[10.2355,56.0071],[10.2347,56.0074]],[[10.2339,56.0081],[10.2338,56.0081],[10.2339,56.0081],[10.2339,56.0079],[10.2341,56.0079],[10.2341,56.0078],[10.2343,56.0078],[10.2345,56.0078],[10.2348,56.0076],[10.2349,56.0076],[10.235,56.0077],[10.2352,56.0077],[10.2352,56.0077],[10.2354,56.0077],[10.2355,56.0078],[10.2352,56.0079],[10.2351,56.0079],[10.2348,56.0079],[10.2348,56.008],[10.2345,56.008],[10.2339,56.0081]],[[10.2372,56.0091],[10.2367,56.0092],[10.2362,56.0093],[10.2359,56.0093],[10.2356,56.0092],[10.2355,56.0091],[10.2354,56.009],[10.2349,56.0089],[10.2349,56.0087],[10.2349,56.0086],[10.235,56.0085],[10.2351,56.0084],[10.2352,56.0083],[10.2354,56.0083],[10.2355,56.0083],[10.236,56.0084],[10.2362,56.0084],[10.2362,56.0084],[10.2366,56.0085],[10.2365,56.0086],[10.2366,56.0087],[10.2368,56.0087],[10.237,56.0088],[10.2369,56.0089],[10.237,56.0089],[10.2371,56.0089],[10.2372,56.0091]]]},"properties":{"sourceId":"ais_par3.55680","a_type":4210,"hectares":6.089}},{"type":"Feature","id":"ais_par3.55681","geometry":{"type":"Polygon","coordinates":[[[10.0931,56.0112],[10.0931,56.0111],[10.093,56.0111],[10.093,56.0111],[10.0931,56.0112],[10.0931,56.0112]]]},"properties":{"sourceId":"ais_par3.55681","a_type":5120,"hectares":0.007}},{"type":"Feature","id":"ais_par3.55682","geometry":{"type":"Polygon","coordinates":[[[10.1523,56.0101],[10.1522,56.01],[10.152,56.0101],[10.152,56.0102],[10.1521,56.0104],[10.1523,56.0105],[10.1525,56.0105],[10.1525,56.0105],[10.1524,56.0103],[10.1523,56.0101]]]},"properties":{"sourceId":"ais_par3.55682","a_type":5120,"hectares":0.099}},{"type":"Feature","id":"ais_par3.55683","geometry":{"type":"Polygon","coordinates":[[[10.1374,56.0105],[10.1374,56.0104],[10.1373,56.0103],[10.1372,56.0103],[10.137,56.0102],[10.1368,56.0103],[10.1367,56.0103],[10.1367,56.0104],[10.1367,56.0105],[10.1368,56.0106],[10.1369,56.0106],[10.137,56.0106],[10.1372,56.0106],[10.1373,56.0106],[10.1374,56.0105],[10.1374,56.0105]]]},"properties":{"sourceId":"ais_par3.55683","a_type":5120,"hectares":0.153}},{"type":"Feature","id":"ais_par3.55700","geometry":{"type":"Polygon","coordinates":[[[10.0776,56.0075],[10.0776,56.0075],[10.0775,56.0076],[10.0774,56.0076],[10.0774,56.0076],[10.0773,56.0076],[10.0774,56.0077],[10.0775,56.0077],[10.0775,56.0078],[10.0776,56.0077],[10.0777,56.0077],[10.0777,56.0077],[10.0777,56.0076],[10.0777,56.0075],[10.0776,56.0075]]]},"properties":{"sourceId":"ais_par3.55700","a_type":5120,"hectares":0.041}},{"type":"Feature","id":"ais_par3.55701","geometry":{"type":"Polygon","coordinates":[[[10.222,56.006],[10.2216,56.006],[10.2215,56.0061],[10.2215,56.0062],[10.2216,56.0063],[10.2218,56.0063],[10.222,56.0062],[10.2221,56.0061],[10.222,56.006]]]},"properties":{"sourceId":"ais_par3.55701","a_type":5120,"hectares":0.084}},{"type":"Feature","id":"ais_par3.55702","geometry":{"type":"Polygon","coordinates":[[[10.1115,56.0068],[10.1115,56.007],[10.1116,56.007],[10.1117,56.0069],[10.1117,56.0068],[10.1119,56.0064],[10.1123,56.0062],[10.1125,56.0059],[10.1127,56.0056],[10.1126,56.0055],[10.1124,56.0054],[10.1122,56.0056],[10.1116,56.006],[10.1115,56.0059],[10.1119,56.0054],[10.112,56.005],[10.1117,56.0049],[10.1108,56.0047],[10.1108,56.0049],[10.1112,56.005],[10.1113,56.0051],[10.1115,56.0054],[10.1112,56.0059],[10.111,56.0058],[10.1109,56.0058],[10.1106,56.0059],[10.1095,56.0062],[10.11,56.0062],[10.1103,56.0062],[10.1106,56.0062],[10.1109,56.0063],[10.1111,56.0062],[10.1112,56.0062],[10.1114,56.0062],[10.1114,56.0065],[10.1115,56.0068]]]},"properties":{"sourceId":"ais_par3.55702","a_type":4110,"hectares":1.289}},{"type":"Feature","id":"ais_par3.55684","geometry":{"type":"Polygon","coordinates":[[[10.2649,56.0072],[10.2649,56.0072],[10.2649,56.0073],[10.265,56.0074],[10.2649,56.0076],[10.265,56.0076],[10.2651,56.0078],[10.2652,56.008],[10.2653,56.0081],[10.2654,56.0083],[10.2656,56.0085],[10.2657,56.0088],[10.2659,56.0091],[10.2662,56.0091],[10.266,56.0089],[10.2658,56.0086],[10.2657,56.0082],[10.2655,56.0077],[10.2655,56.0076],[10.2654,56.0073],[10.2654,56.0072],[10.2651,56.0065],[10.2649,56.0057],[10.2644,56.005],[10.2644,56.005],[10.2642,56.0047],[10.264,56.0044],[10.2636,56.0037],[10.2631,56.0026],[10.2626,56.0015],[10.2626,56.0015],[10.2626,56.0015],[10.2623,56.0011],[10.2622,56.001],[10.2616,56.0005],[10.2615,56.0005],[10.2614,56.0004],[10.2613,56.0004],[10.261,56.0002],[10.2606,56],[10.2604,55.9999],[10.2599,55.9997],[10.2594,55.9994],[10.2593,55.9993],[10.2591,55.9992],[10.2588,55.999],[10.2586,55.9987],[10.2577,55.9989],[10.2581,55.9991],[10.2587,55.9995],[10.2591,55.9998],[10.2595,56.0001],[10.2599,56.0002],[10.2601,56.0003],[10.2603,56.0003],[10.2605,56.0002],[10.261,56.0006],[10.2613,56.0007],[10.2613,56.0008],[10.2614,56.0008],[10.2615,56.0009],[10.2617,56.0011],[10.2619,56.0011],[10.2621,56.0013],[10.2621,56.0015],[10.2623,56.002],[10.2627,56.0029],[10.2627,56.003],[10.2629,56.0032],[10.2631,56.0033],[10.2631,56.0036],[10.2633,56.0039],[10.2634,56.0042],[10.2635,56.0044],[10.2636,56.0045],[10.2638,56.0047],[10.2638,56.005],[10.2639,56.0052],[10.264,56.0054],[10.2642,56.0055],[10.2643,56.0056],[10.2644,56.0059],[10.2645,56.0061],[10.2644,56.0061],[10.2645,56.0063],[10.2645,56.0064],[10.2644,56.0064],[10.2645,56.0068],[10.2647,56.007],[10.2649,56.0072]]]},"properties":{"sourceId":"ais_par3.55684","a_type":3210,"hectares":4.043}},{"type":"Feature","id":"ais_par3.55685","geometry":{"type":"Polygon","coordinates":[[[10.0868,56.0106],[10.0868,56.0105],[10.0866,56.0106],[10.0865,56.0106],[10.0865,56.0107],[10.0865,56.0108],[10.0866,56.0108],[10.0868,56.0108],[10.0869,56.0107],[10.0869,56.0106],[10.0868,56.0106]]]},"properties":{"sourceId":"ais_par3.55685","a_type":5120,"hectares":0.057}},{"type":"Feature","id":"ais_par3.55686","geometry":{"type":"Polygon","coordinates":[[[10.2372,56.0091],[10.2371,56.0089],[10.237,56.0089],[10.2369,56.0089],[10.237,56.0088],[10.2368,56.0087],[10.2366,56.0087],[10.2365,56.0086],[10.2366,56.0085],[10.2362,56.0084],[10.2362,56.0084],[10.236,56.0084],[10.2355,56.0083],[10.2354,56.0083],[10.2352,56.0083],[10.2351,56.0084],[10.235,56.0085],[10.2349,56.0086],[10.2349,56.0087],[10.2349,56.0089],[10.2354,56.009],[10.2355,56.0091],[10.2356,56.0092],[10.2359,56.0093],[10.2362,56.0093],[10.2367,56.0092],[10.2372,56.0091]]]},"properties":{"sourceId":"ais_par3.55686","a_type":5120,"hectares":1.053}},{"type":"Feature","id":"ais_par3.55687","geometry":{"type":"Polygon","coordinates":[[[10.2318,56.008],[10.2325,56.0069],[10.2302,56.0071],[10.2304,56.0073],[10.2301,56.0074],[10.2304,56.0077],[10.2301,56.0077],[10.2293,56.0076],[10.2287,56.0074],[10.2286,56.0074],[10.2286,56.0075],[10.2286,56.0076],[10.2284,56.0075],[10.2283,56.0075],[10.2283,56.0074],[10.2284,56.0074],[10.2281,56.0073],[10.2281,56.0073],[10.228,56.0074],[10.228,56.0074],[10.2279,56.0074],[10.2278,56.0074],[10.2278,56.0073],[10.2279,56.0072],[10.2279,56.0072],[10.2272,56.0073],[10.2261,56.0074],[10.2256,56.0071],[10.2244,56.0069],[10.2224,56.006],[10.222,56.006],[10.2221,56.0061],[10.222,56.0062],[10.2218,56.0063],[10.2216,56.0063],[10.2215,56.0062],[10.2215,56.0061],[10.2216,56.006],[10.2213,56.006],[10.2208,56.0056],[10.2206,56.0045],[10.2198,56.0045],[10.2198,56.0046],[10.2198,56.0048],[10.2195,56.0052],[10.2193,56.0053],[10.219,56.0054],[10.2186,56.0055],[10.218,56.0054],[10.219,56.0064],[10.2164,56.0078],[10.2169,56.0082],[10.2153,56.0086],[10.2123,56.0089],[10.2118,56.0087],[10.2106,56.0086],[10.2092,56.0085],[10.2072,56.0082],[10.2071,56.0083],[10.2092,56.0087],[10.2137,56.0092],[10.2141,56.0093],[10.2143,56.0093],[10.2145,56.0092],[10.2145,56.0091],[10.2147,56.009],[10.2147,56.009],[10.2148,56.009],[10.2151,56.009],[10.2154,56.009],[10.2169,56.0089],[10.217,56.0089],[10.2176,56.0086],[10.2181,56.0085],[10.2184,56.0083],[10.2183,56.0079],[10.2183,56.0079],[10.2183,56.0079],[10.2183,56.0078],[10.2184,56.0077],[10.2186,56.0077],[10.2187,56.0075],[10.2189,56.0073],[10.219,56.0073],[10.2191,56.0073],[10.2192,56.0073],[10.2194,56.0073],[10.2196,56.0073],[10.2197,56.0073],[10.2198,56.0073],[10.2199,56.0072],[10.2199,56.0071],[10.22,56.0071],[10.2201,56.0071],[10.2202,56.0072],[10.2206,56.0073],[10.2208,56.0074],[10.221,56.0074],[10.2212,56.0075],[10.2213,56.0075],[10.2215,56.0076],[10.2218,56.0076],[10.2223,56.0077],[10.2223,56.0077],[10.2225,56.0078],[10.2226,56.0078],[10.2227,56.0078],[10.2228,56.0079],[10.2229,56.0078],[10.2232,56.0078],[10.2233,56.0078],[10.2235,56.0079],[10.2237,56.0079],[10.2239,56.008],[10.2239,56.008],[10.2241,56.008],[10.2242,56.008],[10.2242,56.008],[10.2243,56.0081],[10.2244,56.0081],[10.2245,56.0081],[10.2246,56.0081],[10.2247,56.0081],[10.2248,56.0078],[10.2269,56.0082],[10.2278,56.0078],[10.2285,56.0076],[10.2285,56.0076],[10.2288,56.0079],[10.2295,56.0079],[10.2295,56.0078],[10.2298,56.0079],[10.2304,56.0084],[10.2306,56.0084],[10.2307,56.0084],[10.2309,56.0084],[10.231,56.0084],[10.2307,56.0082],[10.2309,56.0082],[10.2318,56.008]]]},"properties":{"sourceId":"ais_par3.55687","a_type":4110,"hectares":15.212}},{"type":"Feature","id":"ais_par3.55688","geometry":{"type":"Polygon","coordinates":[[[10.123,56.0101],[10.123,56.01],[10.1228,56.01],[10.1228,56.0101],[10.123,56.0101]]]},"properties":{"sourceId":"ais_par3.55688","a_type":5120,"hectares":0.013}},{"type":"Feature","id":"ais_par3.55689","geometry":{"type":"Polygon","coordinates":[[[10.0936,56.01],[10.0935,56.01],[10.0935,56.01],[10.0936,56.0101],[10.0936,56.01]]]},"properties":{"sourceId":"ais_par3.55689","a_type":5120,"hectares":0.006}},{"type":"Feature","id":"ais_par3.55690","geometry":{"type":"Polygon","coordinates":[[[10.2032,56.0073],[10.2033,56.0077],[10.2038,56.008],[10.2045,56.0089],[10.2056,56.0081],[10.2041,56.0076],[10.2039,56.0074],[10.2042,56.0072],[10.2032,56.0068],[10.2017,56.0063],[10.2014,56.0061],[10.1996,56.0054],[10.198,56.005],[10.1968,56.0045],[10.1964,56.0044],[10.1962,56.0042],[10.196,56.0042],[10.1952,56.004],[10.194,56.0035],[10.192,56.0027],[10.1908,56.0022],[10.1904,56.0021],[10.1901,56.0021],[10.1895,56.0021],[10.1893,56.0027],[10.1893,56.0032],[10.1891,56.0036],[10.1888,56.0037],[10.1883,56.0038],[10.1876,56.0046],[10.1883,56.0047],[10.1885,56.0049],[10.1903,56.0056],[10.1955,56.0073],[10.1953,56.007],[10.1955,56.0067],[10.195,56.0065],[10.1954,56.0059],[10.1957,56.006],[10.1963,56.006],[10.197,56.0059],[10.1977,56.0058],[10.1984,56.0061],[10.1987,56.0062],[10.1995,56.0063],[10.2003,56.0063],[10.2013,56.0063],[10.2016,56.0063],[10.2032,56.0073]]]},"properties":{"sourceId":"ais_par3.55690","a_type":4110,"hectares":21.347}},{"type":"Feature","id":"ais_par3.55691","geometry":{"type":"Polygon","coordinates":[[[10.2285,56.0076],[10.2278,56.0078],[10.2269,56.0082],[10.2248,56.0078],[10.2248,56.0081],[10.2249,56.0082],[10.225,56.0082],[10.2252,56.0083],[10.2253,56.0083],[10.2254,56.0083],[10.2256,56.0084],[10.2258,56.0084],[10.2259,56.0084],[10.226,56.0084],[10.2261,56.0084],[10.2264,56.0084],[10.2266,56.0083],[10.2267,56.0084],[10.2268,56.0084],[10.2271,56.0084],[10.2272,56.0084],[10.2272,56.0084],[10.2274,56.0084],[10.2275,56.0084],[10.2277,56.0084],[10.2278,56.0084],[10.2279,56.0084],[10.2281,56.0084],[10.2282,56.0083],[10.2283,56.0084],[10.2285,56.0084],[10.2286,56.0084],[10.2289,56.0085],[10.2291,56.0085],[10.2293,56.0085],[10.2296,56.0085],[10.2298,56.0085],[10.2299,56.0084],[10.2301,56.0084],[10.2303,56.0084],[10.2297,56.0079],[10.2295,56.0079],[10.2288,56.0079],[10.2285,56.0076]]]},"properties":{"sourceId":"ais_par3.55691","a_type":4210,"hectares":1.699}},{"type":"Feature","id":"ais_par3.55692","geometry":{"type":"Polygon","coordinates":[[[10.2339,56.0081],[10.2345,56.008],[10.2348,56.008],[10.2348,56.0079],[10.2351,56.0079],[10.2352,56.0079],[10.2355,56.0078],[10.2354,56.0077],[10.2352,56.0077],[10.2352,56.0077],[10.235,56.0077],[10.2349,56.0076],[10.2348,56.0076],[10.2345,56.0078],[10.2343,56.0078],[10.2341,56.0078],[10.2341,56.0079],[10.2339,56.0079],[10.2339,56.0081],[10.2338,56.0081],[10.2339,56.0081]]]},"properties":{"sourceId":"ais_par3.55692","a_type":5120,"hectares":0.258}},{"type":"Feature","id":"ais_par3.55693","geometry":{"type":"Polygon","coordinates":[[[10.2347,56.0074],[10.2346,56.0073],[10.2346,56.0072],[10.2343,56.0071],[10.2334,56.0069],[10.2327,56.007],[10.2319,56.0079],[10.2325,56.0078],[10.2329,56.0077],[10.2331,56.0075],[10.2332,56.0075],[10.2334,56.0076],[10.2337,56.0076],[10.2347,56.0074]]]},"properties":{"sourceId":"ais_par3.55693","a_type":5120,"hectares":0.978}},{"type":"Feature","id":"ais_par3.55694","geometry":{"type":"Polygon","coordinates":[[[10.1554,56.0082],[10.1554,56.0082],[10.1554,56.0083],[10.1555,56.0083],[10.1555,56.0083],[10.1556,56.0083],[10.1556,56.0082],[10.1555,56.0082],[10.1554,56.0082]]]},"properties":{"sourceId":"ais_par3.55694","a_type":5120,"hectares":0.015}},{"type":"Feature","id":"ais_par3.55695","geometry":{"type":"Polygon","coordinates":[[[10.2286,56.0074],[10.2285,56.0074],[10.2284,56.0074],[10.2283,56.0074],[10.2283,56.0075],[10.2284,56.0075],[10.2286,56.0076],[10.2286,56.0075],[10.2286,56.0074]]]},"properties":{"sourceId":"ais_par3.55695","a_type":5120,"hectares":0.032}},{"type":"Feature","id":"ais_par3.55703","geometry":{"type":"Polygon","coordinates":[[[10.1756,56.0038],[10.1756,56.0032],[10.1754,56.0029],[10.1757,56.0025],[10.1758,56.0025],[10.1759,56.0024],[10.1761,56.0018],[10.1768,56.0015],[10.1762,56.0012],[10.1752,56.0017],[10.1752,56.0026],[10.1753,56.0029],[10.1753,56.0033],[10.1751,56.0038],[10.1747,56.0046],[10.1743,56.0052],[10.1746,56.0054],[10.1745,56.0057],[10.174,56.0058],[10.1749,56.0064],[10.175,56.0063],[10.1749,56.0061],[10.1748,56.0058],[10.1747,56.0056],[10.1747,56.0055],[10.1746,56.005],[10.175,56.0047],[10.1753,56.0043],[10.1755,56.0041],[10.1756,56.0038]]]},"properties":{"sourceId":"ais_par3.55703","a_type":4110,"hectares":1.611}},{"type":"Feature","id":"ais_par3.55704","geometry":{"type":"Polygon","coordinates":[[[10.095,56.0068],[10.095,56.0069],[10.0951,56.007],[10.0951,56.007],[10.0952,56.007],[10.0953,56.007],[10.0953,56.007],[10.0953,56.0069],[10.0953,56.0068],[10.0952,56.0068],[10.0951,56.0068],[10.095,56.0068]]]},"properties":{"sourceId":"ais_par3.55704","a_type":5120,"hectares":0.039}},{"type":"Feature","id":"ais_par3.55705","geometry":{"type":"Polygon","coordinates":[[[10.0897,56.0066],[10.0896,56.0066],[10.0896,56.0066],[10.0895,56.0067],[10.0895,56.0067],[10.0897,56.0067],[10.0898,56.0067],[10.0898,56.0066],[10.0897,56.0066]]]},"properties":{"sourceId":"ais_par3.55705","a_type":5120,"hectares":0.023}},{"type":"Feature","id":"ais_par3.55706","geometry":{"type":"Polygon","coordinates":[[[10.1101,56.0058],[10.1096,56.0058],[10.1091,56.0058],[10.1079,56.0059],[10.1075,56.0059],[10.1071,56.0059],[10.107,56.006],[10.1069,56.0061],[10.1068,56.0061],[10.1071,56.0062],[10.1075,56.0063],[10.1079,56.0063],[10.1082,56.0064],[10.1086,56.0064],[10.1091,56.0065],[10.1093,56.0063],[10.1095,56.0062],[10.1106,56.0059],[10.1105,56.0059],[10.1101,56.0058]]]},"properties":{"sourceId":"ais_par3.55706","a_type":3210,"hectares":0.978}},{"type":"Feature","id":"ais_par3.55707","geometry":{"type":"Polygon","coordinates":[[[10.0913,56.0066],[10.0913,56.0066],[10.0913,56.0065],[10.0913,56.0064],[10.0912,56.0064],[10.0911,56.0065],[10.0911,56.0065],[10.0911,56.0066],[10.0912,56.0066],[10.0913,56.0066]]]},"properties":{"sourceId":"ais_par3.55707","a_type":5120,"hectares":0.019}},{"type":"Feature","id":"ais_par3.55708","geometry":{"type":"Polygon","coordinates":[[[10.0931,56.0064],[10.0932,56.0064],[10.0932,56.0064],[10.0933,56.0064],[10.0934,56.0063],[10.0933,56.0063],[10.0933,56.0062],[10.0932,56.0062],[10.0931,56.0062],[10.093,56.0063],[10.093,56.0063],[10.093,56.0063],[10.0931,56.0064]]]},"properties":{"sourceId":"ais_par3.55708","a_type":5120,"hectares":0.036}},{"type":"Feature","id":"ais_par3.55709","geometry":{"type":"Polygon","coordinates":[[[10.2196,56.0048],[10.2197,56.0047],[10.2197,56.0046],[10.2196,56.0045],[10.2194,56.0045],[10.2192,56.0046],[10.2192,56.0047],[10.2192,56.0048],[10.2194,56.0049],[10.2196,56.0048]]]},"properties":{"sourceId":"ais_par3.55709","a_type":5120,"hectares":0.098}},{"type":"Feature","id":"ais_par3.55710","geometry":{"type":"Polygon","coordinates":[[[10.1113,56.0051],[10.1111,56.0051],[10.1109,56.005],[10.1107,56.0049],[10.1107,56.0047],[10.1098,56.0043],[10.108,56.004],[10.1078,56.0037],[10.1077,56.0035],[10.1076,56.0035],[10.1072,56.0038],[10.1071,56.0042],[10.1077,56.0042],[10.1096,56.0047],[10.1095,56.0049],[10.1109,56.0051],[10.1112,56.0054],[10.1112,56.0055],[10.1111,56.0057],[10.1111,56.0057],[10.111,56.0058],[10.1112,56.0059],[10.1115,56.0054],[10.1113,56.0051]]]},"properties":{"sourceId":"ais_par3.55710","a_type":3210,"hectares":1.33}},{"type":"Feature","id":"ais_par3.55711","geometry":{"type":"Polygon","coordinates":[[[10.0915,56.0057],[10.0916,56.0057],[10.0916,56.0056],[10.0916,56.0056],[10.0915,56.0055],[10.0915,56.0055],[10.0914,56.0055],[10.0913,56.0055],[10.0913,56.0056],[10.0913,56.0056],[10.0913,56.0057],[10.0914,56.0057],[10.0915,56.0057]]]},"properties":{"sourceId":"ais_par3.55711","a_type":5120,"hectares":0.036}},{"type":"Feature","id":"ais_par3.55712","geometry":{"type":"Polygon","coordinates":[[[10.0911,56.0055],[10.0912,56.0055],[10.0913,56.0054],[10.0914,56.0054],[10.0915,56.0054],[10.0917,56.0053],[10.0917,56.0053],[10.0918,56.0053],[10.0919,56.0053],[10.0919,56.0052],[10.0919,56.0052],[10.092,56.0052],[10.0921,56.0051],[10.0921,56.0051],[10.0922,56.0051],[10.0922,56.005],[10.0921,56.005],[10.0919,56.0049],[10.0916,56.005],[10.0914,56.005],[10.0913,56.005],[10.0911,56.005],[10.091,56.005],[10.0909,56.005],[10.0907,56.005],[10.0906,56.005],[10.0905,56.005],[10.0904,56.0051],[10.0904,56.0051],[10.0904,56.0051],[10.0903,56.0052],[10.0903,56.0052],[10.0901,56.0052],[10.0898,56.0052],[10.0896,56.0052],[10.0895,56.0052],[10.0895,56.0052],[10.0894,56.0053],[10.0894,56.0054],[10.0894,56.0054],[10.0895,56.0055],[10.0896,56.0055],[10.0897,56.0055],[10.09,56.0054],[10.0901,56.0054],[10.0903,56.0054],[10.0904,56.0054],[10.0906,56.0054],[10.0907,56.0054],[10.0908,56.0054],[10.0909,56.0054],[10.091,56.0054],[10.091,56.0055],[10.0911,56.0055]]]},"properties":{"sourceId":"ais_par3.55712","a_type":4120,"hectares":0.574}},{"type":"Feature","id":"ais_par3.55713","geometry":{"type":"Polygon","coordinates":[[[10.0769,56.0054],[10.0769,56.0054],[10.0769,56.0053],[10.0769,56.0053],[10.0768,56.0053],[10.0767,56.0053],[10.0767,56.0053],[10.0766,56.0053],[10.0766,56.0054],[10.0766,56.0054],[10.0767,56.0054],[10.0767,56.0055],[10.0768,56.0055],[10.0769,56.0054]]]},"properties":{"sourceId":"ais_par3.55713","a_type":5120,"hectares":0.029}},{"type":"Feature","id":"ais_par3.55714","geometry":{"type":"Polygon","coordinates":[[[10.2521,56.0036],[10.2521,56.0036],[10.2521,56.0037],[10.2523,56.0037],[10.2523,56.0036],[10.2522,56.0036],[10.2521,56.0036]]]},"properties":{"sourceId":"ais_par3.55714","a_type":5120,"hectares":0.021}},{"type":"Feature","id":"ais_par3.55715","geometry":{"type":"Polygon","coordinates":[[[10.112,56.005],[10.1126,56.0049],[10.1129,56.0036],[10.1128,56.0036],[10.1127,56.0036],[10.1125,56.0034],[10.1125,56.0033],[10.1121,56.0032],[10.1117,56.0031],[10.1114,56.0032],[10.1116,56.0033],[10.1117,56.0033],[10.112,56.0034],[10.1121,56.0035],[10.1122,56.0035],[10.1122,56.0036],[10.1128,56.0037],[10.1125,56.0048],[10.1117,56.0049],[10.112,56.005]]]},"properties":{"sourceId":"ais_par3.55715","a_type":3210,"hectares":0.356}},{"type":"Feature","id":"ais_par3.55716","geometry":{"type":"Polygon","coordinates":[[[10.1854,56.0041],[10.1861,56.0018],[10.1854,56.0013],[10.1845,56.0008],[10.1844,56.0008],[10.1839,56.0007],[10.1831,56.0005],[10.1829,56.0004],[10.1817,55.9993],[10.1813,55.999],[10.181,55.9987],[10.1805,55.9985],[10.1791,55.9982],[10.1779,55.9983],[10.1764,55.9983],[10.1756,55.9982],[10.174,55.9979],[10.1736,55.9977],[10.172,55.999],[10.1777,56.0016],[10.1785,56.0021],[10.1824,56.0039],[10.1828,56.0035],[10.1842,56.0036],[10.1836,56.0041],[10.1838,56.0041],[10.1854,56.0041]],[[10.174,55.9988],[10.1742,55.9989],[10.1742,55.9992],[10.1739,55.9994],[10.1735,55.9994],[10.1733,55.9993],[10.1733,55.999],[10.1734,55.9988],[10.1737,55.9988],[10.174,55.9988]],[[10.1801,56.0014],[10.1799,56.0016],[10.1795,56.0016],[10.1792,56.0016],[10.179,56.0012],[10.1789,56.0006],[10.1789,56.0002],[10.1792,56],[10.1797,55.9999],[10.1799,56.0003],[10.1801,56.0007],[10.1802,56.0011],[10.1801,56.0014]]]},"properties":{"sourceId":"ais_par3.55716","a_type":4110,"hectares":27.567}},{"type":"Feature","id":"ais_par3.55717","geometry":{"type":"Polygon","coordinates":[[[10.1231,56.0046],[10.1232,56.0046],[10.1232,56.0046],[10.1232,56.0046],[10.1231,56.0046],[10.123,56.0046],[10.1231,56.0046]]]},"properties":{"sourceId":"ais_par3.55717","a_type":5120,"hectares":0.008}},{"type":"Feature","id":"ais_par3.55718","geometry":{"type":"Polygon","coordinates":[[[10.1234,56.0046],[10.1235,56.0045],[10.1235,56.0045],[10.1234,56.0045],[10.1234,56.0045],[10.1234,56.0046]]]},"properties":{"sourceId":"ais_par3.55718","a_type":5120,"hectares":0.005}},{"type":"Feature","id":"ais_par3.55719","geometry":{"type":"Polygon","coordinates":[[[10.1201,56.0045],[10.1202,56.0045],[10.1202,56.0045],[10.1201,56.0044],[10.12,56.0044],[10.12,56.0044],[10.1199,56.0045],[10.1198,56.0045],[10.12,56.0045],[10.1201,56.0045]]]},"properties":{"sourceId":"ais_par3.55719","a_type":5120,"hectares":0.017}},{"type":"Feature","id":"ais_par3.55720","geometry":{"type":"Polygon","coordinates":[[[10.0894,56.0044],[10.0895,56.0043],[10.0894,56.0043],[10.0893,56.0043],[10.0893,56.0043],[10.0893,56.0044],[10.0894,56.0044]]]},"properties":{"sourceId":"ais_par3.55720","a_type":5120,"hectares":0.012}},{"type":"Feature","id":"ais_par3.55721","geometry":{"type":"Polygon","coordinates":[[[10.2565,56.0013],[10.2565,56.0014],[10.2566,56.0014],[10.2567,56.0015],[10.2568,56.0014],[10.2568,56.0014],[10.2568,56.0013],[10.2568,56.0012],[10.2567,56.0012],[10.2566,56.0012],[10.2565,56.0013]]]},"properties":{"sourceId":"ais_par3.55721","a_type":5120,"hectares":0.051}},{"type":"Feature","id":"ais_par3.55722","geometry":{"type":"Polygon","coordinates":[[[10.1801,56.0014],[10.1802,56.0011],[10.1801,56.0007],[10.1799,56.0003],[10.1797,55.9999],[10.1792,56],[10.1789,56.0002],[10.1789,56.0006],[10.179,56.0012],[10.1792,56.0016],[10.1795,56.0016],[10.1799,56.0016],[10.1801,56.0014]],[[10.1798,56.0012],[10.1798,56.0013],[10.1797,56.0013],[10.1797,56.0013],[10.1795,56.0013],[10.1795,56.0012],[10.1796,56.0012],[10.1798,56.0012],[10.1798,56.0012]]]},"properties":{"sourceId":"ais_par3.55722","a_type":4120,"hectares":1.217}},{"type":"Feature","id":"ais_par3.55723","geometry":{"type":"Polygon","coordinates":[[[10.2073,56.0005],[10.2051,56.0006],[10.2059,56.0012],[10.2073,56.0005]]]},"properties":{"sourceId":"ais_par3.55723","a_type":4120,"hectares":0.466}},{"type":"Feature","id":"ais_par3.55728","geometry":{"type":"Polygon","coordinates":[[[10.1685,55.9955],[10.1671,55.9963],[10.1676,55.9966],[10.1681,55.9971],[10.1682,55.9972],[10.169,55.9975],[10.1693,55.9978],[10.1713,55.9987],[10.1728,55.9976],[10.1724,55.9975],[10.1722,55.9972],[10.1721,55.9971],[10.1714,55.9968],[10.1713,55.9966],[10.1712,55.9965],[10.1711,55.9963],[10.1711,55.9961],[10.1703,55.996],[10.17,55.9959],[10.17,55.9958],[10.1702,55.9957],[10.1699,55.9955],[10.1695,55.9953],[10.1691,55.9951],[10.1684,55.9949],[10.1679,55.9947],[10.1672,55.9946],[10.1671,55.9945],[10.1669,55.9942],[10.1664,55.9944],[10.1665,55.9945],[10.1668,55.9946],[10.1684,55.9953],[10.1686,55.9954],[10.1685,55.9955]],[[10.17,55.9961],[10.1706,55.9966],[10.1713,55.9971],[10.1715,55.9973],[10.1713,55.9976],[10.171,55.9978],[10.1707,55.9979],[10.1699,55.9975],[10.1691,55.997],[10.1686,55.9966],[10.1695,55.9959],[10.17,55.9961]]]},"properties":{"sourceId":"ais_par3.55728","a_type":4110,"hectares":4.987}},{"type":"Feature","id":"ais_par3.55729","geometry":{"type":"Polygon","coordinates":[[[10.2436,55.9977],[10.2438,55.9977],[10.2439,55.9974],[10.2436,55.9974],[10.2436,55.9977]]]},"properties":{"sourceId":"ais_par3.55729","a_type":5120,"hectares":0.047}},{"type":"Feature","id":"ais_par3.55730","geometry":{"type":"Polygon","coordinates":[[[10.1729,55.9982],[10.1729,55.9981],[10.1728,55.9981],[10.1728,55.9981],[10.1727,55.9982],[10.1728,55.9982],[10.1729,55.9982]]]},"properties":{"sourceId":"ais_par3.55730","a_type":5120,"hectares":0.009}},{"type":"Feature","id":"ais_par3.55731","geometry":{"type":"Polygon","coordinates":[[[10.0887,55.9986],[10.0887,55.9985],[10.0886,55.9984],[10.0885,55.9985],[10.0885,55.9986],[10.0886,55.9987],[10.0887,55.9986]]]},"properties":{"sourceId":"ais_par3.55731","a_type":5120,"hectares":0.025}},{"type":"Feature","id":"ais_par3.55732","geometry":{"type":"Polygon","coordinates":[[[10.17,55.9961],[10.1695,55.9959],[10.1686,55.9966],[10.1691,55.997],[10.1699,55.9975],[10.1707,55.9979],[10.171,55.9978],[10.1713,55.9976],[10.1715,55.9973],[10.1713,55.9971],[10.1706,55.9966],[10.17,55.9961]]]},"properties":{"sourceId":"ais_par3.55732","a_type":4120,"hectares":2.02}},{"type":"Feature","id":"ais_par3.55733","geometry":{"type":"Polygon","coordinates":[[[10.112,55.9982],[10.1121,55.9982],[10.1122,55.9982],[10.1122,55.9981],[10.1123,55.9981],[10.1123,55.9981],[10.1124,55.998],[10.1124,55.998],[10.1124,55.9979],[10.1124,55.9979],[10.1123,55.9979],[10.1121,55.9978],[10.112,55.9979],[10.112,55.998],[10.112,55.998],[10.112,55.9981],[10.112,55.9981],[10.112,55.9982]]]},"properties":{"sourceId":"ais_par3.55733","a_type":5120,"hectares":0.067}},{"type":"Feature","id":"ais_par3.55734","geometry":{"type":"Polygon","coordinates":[[[10.1824,55.9967],[10.1824,55.9967],[10.1825,55.9968],[10.1826,55.9968],[10.1827,55.9968],[10.1837,55.9959],[10.1837,55.9958],[10.1836,55.9958],[10.1824,55.9967]]]},"properties":{"sourceId":"ais_par3.55734","a_type":5120,"hectares":0.208}},{"type":"Feature","id":"ais_par3.55735","geometry":{"type":"Polygon","coordinates":[[[10.1685,55.9955],[10.1684,55.9953],[10.1668,55.9946],[10.1664,55.9945],[10.1664,55.9944],[10.1651,55.9948],[10.1648,55.9949],[10.1652,55.9951],[10.1653,55.9952],[10.1657,55.9955],[10.1661,55.9958],[10.1668,55.9962],[10.167,55.9963],[10.1685,55.9955]]]},"properties":{"sourceId":"ais_par3.55735","a_type":4120,"hectares":2.43}},{"type":"Feature","id":"ais_par3.55736","geometry":{"type":"Polygon","coordinates":[[[10.1951,55.9948],[10.1951,55.9948],[10.195,55.9949],[10.1951,55.9949],[10.1951,55.995],[10.1953,55.995],[10.1953,55.9949],[10.1954,55.9949],[10.1953,55.9948],[10.1952,55.9948],[10.1951,55.9948]]]},"properties":{"sourceId":"ais_par3.55736","a_type":5120,"hectares":0.038}},{"type":"Feature","id":"ais_par3.55737","geometry":{"type":"Polygon","coordinates":[[[10.1589,55.9897],[10.1593,55.9898],[10.1596,55.9898],[10.1598,55.9899],[10.1599,55.99],[10.16,55.9901],[10.1602,55.9903],[10.1602,55.9904],[10.1602,55.9905],[10.1603,55.9907],[10.1596,55.9911],[10.1607,55.9911],[10.1614,55.9913],[10.162,55.9913],[10.162,55.9915],[10.162,55.9918],[10.162,55.9919],[10.1619,55.992],[10.1618,55.9923],[10.1617,55.9922],[10.1614,55.9922],[10.1616,55.9925],[10.1622,55.9928],[10.1629,55.9931],[10.1635,55.9934],[10.1644,55.9937],[10.165,55.9943],[10.1649,55.9945],[10.1649,55.9946],[10.1651,55.9948],[10.1664,55.9944],[10.1669,55.9942],[10.1665,55.994],[10.1658,55.9939],[10.1657,55.9939],[10.1654,55.9936],[10.165,55.9933],[10.1649,55.9931],[10.1644,55.9928],[10.164,55.9924],[10.164,55.9922],[10.1637,55.9918],[10.1634,55.9916],[10.1633,55.9911],[10.1629,55.9908],[10.1624,55.9901],[10.1621,55.9901],[10.1614,55.9897],[10.1611,55.9896],[10.161,55.9894],[10.1609,55.989],[10.1608,55.9887],[10.1606,55.9884],[10.1604,55.988],[10.1602,55.9879],[10.16,55.9874],[10.1598,55.9866],[10.1597,55.986],[10.1598,55.9858],[10.1598,55.9856],[10.1596,55.9854],[10.1596,55.9853],[10.1598,55.9844],[10.1582,55.9841],[10.158,55.985],[10.158,55.9852],[10.158,55.9853],[10.1581,55.9855],[10.1582,55.9856],[10.1583,55.9858],[10.1584,55.9859],[10.1585,55.9859],[10.1587,55.986],[10.1588,55.9861],[10.1591,55.9862],[10.1592,55.9862],[10.1595,55.9868],[10.1596,55.9872],[10.1597,55.9875],[10.1598,55.9877],[10.1595,55.9884],[10.159,55.9884],[10.158,55.9888],[10.1586,55.9897],[10.1589,55.9897]],[[10.1603,55.9884],[10.1604,55.9884],[10.1605,55.9885],[10.1605,55.9886],[10.1606,55.9887],[10.1606,55.9887],[10.1606,55.9888],[10.1605,55.9889],[10.1603,55.9889],[10.1602,55.9889],[10.1601,55.9889],[10.16,55.9888],[10.16,55.9888],[10.1599,55.9888],[10.1598,55.9887],[10.1598,55.9886],[10.16,55.9884],[10.1602,55.9883],[10.1603,55.9884]],[[10.1613,55.9903],[10.1611,55.9904],[10.1606,55.9901],[10.1607,55.99],[10.1613,55.9903]]]},"properties":{"sourceId":"ais_par3.55737","a_type":4110,"hectares":11.708}},{"type":"Feature","id":"ais_par3.55738","geometry":{"type":"Polygon","coordinates":[[[10.0693,55.9937],[10.0696,55.9939],[10.0697,55.9939],[10.0701,55.994],[10.07,55.9941],[10.0693,55.9939],[10.0692,55.9938],[10.069,55.994],[10.0688,55.9942],[10.0687,55.9943],[10.0687,55.9944],[10.0687,55.9945],[10.0689,55.9945],[10.0691,55.9946],[10.0692,55.9947],[10.0693,55.995],[10.0694,55.9951],[10.0696,55.9952],[10.0698,55.9954],[10.0701,55.9954],[10.0703,55.9955],[10.0707,55.9955],[10.0711,55.9956],[10.0715,55.9956],[10.0718,55.9955],[10.0722,55.9955],[10.0725,55.9955],[10.0728,55.9954],[10.0728,55.9953],[10.0723,55.9945],[10.0728,55.994],[10.0724,55.9938],[10.0721,55.9937],[10.0714,55.9937],[10.0709,55.9938],[10.0706,55.9938],[10.0702,55.9938],[10.0699,55.9938],[10.0697,55.9937],[10.0694,55.9937],[10.0693,55.9937]],[[10.0721,55.9954],[10.0712,55.9955],[10.0706,55.9954],[10.0696,55.9951],[10.0697,55.995],[10.0705,55.9952],[10.0707,55.9949],[10.0709,55.9949],[10.0711,55.9948],[10.0706,55.9945],[10.0708,55.9944],[10.0717,55.9947],[10.0721,55.9951],[10.0721,55.9954]],[[10.0693,55.9941],[10.0695,55.9942],[10.0695,55.9942],[10.0695,55.9943],[10.0694,55.9943],[10.0693,55.9943],[10.0691,55.9942],[10.069,55.9942],[10.0692,55.9941],[10.0692,55.9941],[10.0693,55.9941]]]},"properties":{"sourceId":"ais_par3.55738","a_type":4120,"hectares":3.134}},{"type":"Feature","id":"ais_par3.55739","geometry":{"type":"Polygon","coordinates":[[[10.1175,55.995],[10.1177,55.9949],[10.1176,55.9945],[10.1187,55.9944],[10.1186,55.9938],[10.1182,55.9932],[10.1172,55.9931],[10.1172,55.9935],[10.117,55.9951],[10.1174,55.9951],[10.1175,55.995]],[[10.1183,55.9938],[10.1184,55.9938],[10.1184,55.9938],[10.1183,55.994],[10.118,55.9941],[10.118,55.9941],[10.1179,55.994],[10.1178,55.9939],[10.1179,55.9939],[10.118,55.9939],[10.1181,55.9938],[10.1183,55.9938]]]},"properties":{"sourceId":"ais_par3.55739","a_type":4110,"hectares":1.472}},{"type":"Feature","id":"ais_par3.55740","geometry":{"type":"Polygon","coordinates":[[[10.0721,55.9954],[10.0721,55.9951],[10.0717,55.9947],[10.0708,55.9944],[10.0706,55.9945],[10.0711,55.9948],[10.0709,55.9949],[10.0707,55.9949],[10.0705,55.9952],[10.0697,55.995],[10.0696,55.9951],[10.0706,55.9954],[10.0712,55.9955],[10.0721,55.9954]]]},"properties":{"sourceId":"ais_par3.55740","a_type":5120,"hectares":0.933}},{"type":"Feature","id":"ais_par3.55741","geometry":{"type":"Polygon","coordinates":[[[10.0816,55.9948],[10.0816,55.9949],[10.0817,55.9949],[10.0818,55.9949],[10.0818,55.9948],[10.0817,55.9948],[10.0816,55.9948]]]},"properties":{"sourceId":"ais_par3.55741","a_type":5120,"hectares":0.011}},{"type":"Feature","id":"ais_par3.55742","geometry":{"type":"Polygon","coordinates":[[[10.1459,55.9939],[10.1475,55.9933],[10.1473,55.9929],[10.1462,55.9931],[10.146,55.9928],[10.147,55.9926],[10.1465,55.9919],[10.1455,55.9922],[10.1452,55.9915],[10.1438,55.992],[10.1459,55.9939]]]},"properties":{"sourceId":"ais_par3.55742","a_type":4110,"hectares":2.748}},{"type":"Feature","id":"ais_par3.55743","geometry":{"type":"Polygon","coordinates":[[[10.1181,55.9938],[10.118,55.9938],[10.118,55.9939],[10.1179,55.9939],[10.1178,55.9939],[10.1179,55.994],[10.118,55.9941],[10.118,55.9941],[10.1183,55.994],[10.1184,55.9938],[10.1184,55.9938],[10.1183,55.9938],[10.1181,55.9938]]]},"properties":{"sourceId":"ais_par3.55743","a_type":5120,"hectares":0.078}},{"type":"Feature","id":"ais_par3.55744","geometry":{"type":"Polygon","coordinates":[[[10.2427,55.9918],[10.2428,55.9927],[10.244,55.9927],[10.244,55.9917],[10.2427,55.9918]]]},"properties":{"sourceId":"ais_par3.55744","a_type":3210,"hectares":0.825}},{"type":"Feature","id":"ais_par3.55745","geometry":{"type":"Polygon","coordinates":[[[10.1532,55.9929],[10.1525,55.9931],[10.1527,55.9936],[10.1544,55.9931],[10.1543,55.9929],[10.1551,55.9927],[10.1549,55.9925],[10.156,55.992],[10.1551,55.9914],[10.1538,55.9915],[10.1536,55.9915],[10.1527,55.9916],[10.1532,55.9929]]]},"properties":{"sourceId":"ais_par3.55745","a_type":4110,"hectares":2.89}},{"type":"Feature","id":"ais_par3.55746","geometry":{"type":"Polygon","coordinates":[[[10.0693,55.9941],[10.0692,55.9941],[10.0692,55.9941],[10.069,55.9942],[10.0691,55.9942],[10.0693,55.9943],[10.0694,55.9943],[10.0695,55.9943],[10.0695,55.9942],[10.0695,55.9942],[10.0693,55.9941]]]},"properties":{"sourceId":"ais_par3.55746","a_type":5120,"hectares":0.037}},{"type":"Feature","id":"ais_par3.55747","geometry":{"type":"Polygon","coordinates":[[[10.0693,55.9937],[10.0692,55.9938],[10.0693,55.9939],[10.07,55.9941],[10.0701,55.994],[10.0697,55.9939],[10.0696,55.9939],[10.0693,55.9937]]]},"properties":{"sourceId":"ais_par3.55747","a_type":5120,"hectares":0.074}},{"type":"Feature","id":"ais_par3.55748","geometry":{"type":"Polygon","coordinates":[[[10.1182,55.9932],[10.1183,55.9922],[10.1173,55.9922],[10.1172,55.9931],[10.1182,55.9932]]]},"properties":{"sourceId":"ais_par3.55748","a_type":4120,"hectares":0.691}},{"type":"Feature","id":"ais_par3.55749","geometry":{"type":"Polygon","coordinates":[[[10.2114,55.9908],[10.2114,55.9909],[10.2115,55.991],[10.2115,55.9911],[10.2116,55.9911],[10.2117,55.991],[10.2119,55.9908],[10.2119,55.9908],[10.2116,55.9907],[10.2115,55.9907],[10.2114,55.9908]]]},"properties":{"sourceId":"ais_par3.55749","a_type":5120,"hectares":0.085}},{"type":"Feature","id":"ais_par3.55750","geometry":{"type":"Polygon","coordinates":[[[10.1693,55.991],[10.1704,55.9913],[10.1705,55.991],[10.1699,55.9908],[10.1702,55.9897],[10.1696,55.9897],[10.1693,55.991]]]},"properties":{"sourceId":"ais_par3.55750","a_type":4110,"hectares":0.707}},{"type":"Feature","id":"ais_par3.55751","geometry":{"type":"Polygon","coordinates":[[[10.1589,55.9897],[10.1587,55.9898],[10.1595,55.9911],[10.1602,55.9907],[10.1602,55.9905],[10.1602,55.9904],[10.1602,55.9903],[10.16,55.9901],[10.1599,55.99],[10.1598,55.9899],[10.1596,55.9898],[10.1593,55.9898],[10.1589,55.9897]]]},"properties":{"sourceId":"ais_par3.55751","a_type":3210,"hectares":0.835}},{"type":"Feature","id":"ais_par3.55752","geometry":{"type":"Polygon","coordinates":[[[10.0811,55.9911],[10.0811,55.9912],[10.0812,55.9912],[10.0813,55.9912],[10.0815,55.9912],[10.0816,55.9911],[10.0816,55.991],[10.0815,55.991],[10.0813,55.991],[10.0811,55.9911]]]},"properties":{"sourceId":"ais_par3.55752","a_type":5120,"hectares":0.063}},{"type":"Feature","id":"ais_par3.55753","geometry":{"type":"Polygon","coordinates":[[[10.1613,55.9903],[10.1607,55.99],[10.1606,55.9901],[10.1611,55.9904],[10.1613,55.9903]]]},"properties":{"sourceId":"ais_par3.55753","a_type":5120,"hectares":0.092}},{"type":"Feature","id":"ais_par3.55754","geometry":{"type":"Polygon","coordinates":[[[10.1306,55.9898],[10.1306,55.9897],[10.1306,55.9897],[10.1306,55.9897],[10.1305,55.9897],[10.1304,55.9897],[10.1305,55.9898],[10.1306,55.9898]]]},"properties":{"sourceId":"ais_par3.55754","a_type":5120,"hectares":0.012}},{"type":"Feature","id":"ais_par3.55755","geometry":{"type":"Polygon","coordinates":[[[10.2006,55.989],[10.2007,55.9891],[10.2008,55.989],[10.201,55.9888],[10.2009,55.9887],[10.2009,55.9887],[10.2009,55.9886],[10.2005,55.9885],[10.2003,55.9884],[10.2002,55.9884],[10.2001,55.9885],[10.2001,55.9887],[10.2001,55.9888],[10.2001,55.9889],[10.2002,55.989],[10.2003,55.989],[10.2004,55.989],[10.2006,55.989]]]},"properties":{"sourceId":"ais_par3.55755","a_type":4120,"hectares":0.289}},{"type":"Feature","id":"ais_par3.55756","geometry":{"type":"Polygon","coordinates":[[[10.1821,55.9881],[10.1821,55.9882],[10.1824,55.9884],[10.1825,55.9884],[10.1825,55.9885],[10.1825,55.9888],[10.1824,55.9889],[10.1824,55.989],[10.1824,55.989],[10.1824,55.9891],[10.1825,55.9891],[10.1827,55.9891],[10.1827,55.989],[10.1827,55.9889],[10.1826,55.9888],[10.1826,55.9885],[10.1826,55.9883],[10.1826,55.9882],[10.1825,55.9881],[10.1824,55.9881],[10.1823,55.988],[10.1821,55.9881]]]},"properties":{"sourceId":"ais_par3.55756","a_type":5120,"hectares":0.155}},{"type":"Feature","id":"ais_par3.55757","geometry":{"type":"Polygon","coordinates":[[[10.1603,55.9884],[10.1602,55.9883],[10.16,55.9884],[10.1598,55.9886],[10.1598,55.9887],[10.1599,55.9888],[10.16,55.9888],[10.16,55.9888],[10.1601,55.9889],[10.1602,55.9889],[10.1603,55.9889],[10.1605,55.9889],[10.1606,55.9888],[10.1606,55.9887],[10.1606,55.9887],[10.1605,55.9886],[10.1605,55.9885],[10.1604,55.9884],[10.1603,55.9884]]]},"properties":{"sourceId":"ais_par3.55757","a_type":5120,"hectares":0.229}},{"type":"Feature","id":"ais_par3.55758","geometry":{"type":"Polygon","coordinates":[[[10.0839,55.9872],[10.085,55.9872],[10.0851,55.9868],[10.085,55.9869],[10.0848,55.9869],[10.0845,55.987],[10.0837,55.9869],[10.0832,55.9869],[10.0833,55.987],[10.0834,55.9872],[10.0836,55.9872],[10.0835,55.9871],[10.0835,55.9871],[10.0835,55.9871],[10.0835,55.987],[10.084,55.987],[10.084,55.9871],[10.0839,55.9872],[10.0839,55.9872]]]},"properties":{"sourceId":"ais_par3.55758","a_type":4120,"hectares":0.275}},{"type":"Feature","id":"ais_par3.55759","geometry":{"type":"Polygon","coordinates":[[[10.0836,55.9872],[10.0837,55.9872],[10.0839,55.9872],[10.0839,55.9872],[10.084,55.9871],[10.084,55.987],[10.0835,55.987],[10.0835,55.9871],[10.0835,55.9871],[10.0835,55.9871],[10.0836,55.9872]]]},"properties":{"sourceId":"ais_par3.55759","a_type":5120,"hectares":0.064}},{"type":"Feature","id":"ais_par3.55760","geometry":{"type":"Polygon","coordinates":[[[10.2002,55.9857],[10.2,55.9857],[10.1999,55.9857],[10.1999,55.9857],[10.2002,55.9858],[10.2002,55.9857]]]},"properties":{"sourceId":"ais_par3.55760","a_type":5120,"hectares":0.022}},{"type":"Feature","id":"ais_par3.55761","geometry":{"type":"Polygon","coordinates":[[[10.1359,55.985],[10.1358,55.9851],[10.1356,55.9851],[10.1356,55.9852],[10.1357,55.9852],[10.1361,55.985],[10.1365,55.9848],[10.1366,55.9848],[10.1367,55.9848],[10.1371,55.9847],[10.1373,55.9846],[10.1372,55.9846],[10.1372,55.9845],[10.1373,55.9844],[10.1383,55.9844],[10.1387,55.9841],[10.1383,55.9841],[10.1367,55.9844],[10.1365,55.9845],[10.1363,55.9846],[10.1359,55.985]]]},"properties":{"sourceId":"ais_par3.55761","a_type":3210,"hectares":0.54}},{"type":"Feature","id":"ais_par3.55762","geometry":{"type":"Polygon","coordinates":[[[10.1839,55.9823],[10.184,55.9822],[10.1841,55.9822],[10.1842,55.9823],[10.1841,55.9825],[10.1841,55.9827],[10.1839,55.9829],[10.1837,55.983],[10.1835,55.9831],[10.1835,55.983],[10.1835,55.9828],[10.1833,55.9829],[10.1834,55.983],[10.1835,55.9831],[10.1836,55.9832],[10.1833,55.9834],[10.1831,55.9836],[10.183,55.9838],[10.183,55.9845],[10.1836,55.9839],[10.1839,55.9836],[10.1841,55.9834],[10.1843,55.9832],[10.1846,55.9832],[10.1848,55.9831],[10.185,55.983],[10.1854,55.983],[10.1856,55.9829],[10.1859,55.9829],[10.1863,55.9829],[10.1868,55.9828],[10.1871,55.9828],[10.1874,55.9828],[10.1878,55.9826],[10.188,55.9824],[10.1882,55.9823],[10.1866,55.9821],[10.1863,55.9821],[10.1859,55.9821],[10.1855,55.9821],[10.1852,55.9821],[10.1849,55.9821],[10.1846,55.9821],[10.1844,55.9821],[10.184,55.9821],[10.1838,55.9821],[10.1839,55.9823]]]},"properties":{"sourceId":"ais_par3.55762","a_type":4110,"hectares":2.805}},{"type":"Feature","id":"ais_par3.55763","geometry":{"type":"Polygon","coordinates":[[[10.1869,55.984],[10.1868,55.984],[10.1867,55.9842],[10.1874,55.9842],[10.1874,55.9841],[10.1873,55.984],[10.1871,55.9839],[10.1869,55.984]]]},"properties":{"sourceId":"ais_par3.55763","a_type":5120,"hectares":0.102}},{"type":"Feature","id":"ais_par3.55764","geometry":{"type":"Polygon","coordinates":[[[10.0918,55.9838],[10.0902,55.9838],[10.0903,55.9841],[10.0877,55.9844],[10.087,55.9844],[10.087,55.9846],[10.0882,55.9847],[10.0894,55.9844],[10.0904,55.9842],[10.0914,55.9842],[10.0915,55.9844],[10.0923,55.9842],[10.0926,55.9842],[10.0933,55.9843],[10.0945,55.9848],[10.0951,55.985],[10.095,55.9848],[10.0949,55.9846],[10.095,55.9845],[10.0951,55.9845],[10.0959,55.9845],[10.096,55.9846],[10.0967,55.9846],[10.0969,55.9845],[10.0973,55.9845],[10.0976,55.9846],[10.0979,55.9847],[10.0981,55.9847],[10.0983,55.9847],[10.0985,55.9846],[10.0986,55.9841],[10.1001,55.9842],[10.1005,55.9834],[10.0984,55.9831],[10.098,55.9838],[10.0978,55.9838],[10.0977,55.9838],[10.0975,55.9837],[10.0969,55.9838],[10.0963,55.9838],[10.0958,55.9838],[10.0954,55.9838],[10.0947,55.9836],[10.0943,55.9834],[10.0941,55.9833],[10.094,55.9831],[10.0939,55.983],[10.0939,55.9827],[10.0937,55.9827],[10.0933,55.983],[10.0929,55.9833],[10.0925,55.9836],[10.0922,55.9837],[10.0918,55.9838]]]},"properties":{"sourceId":"ais_par3.55764","a_type":4110,"hectares":6.727}},{"type":"Feature","id":"ais_par3.55765","geometry":{"type":"Polygon","coordinates":[[[10.1367,55.9843],[10.1369,55.9843],[10.1371,55.9842],[10.1371,55.9842],[10.1372,55.9841],[10.1373,55.984],[10.1373,55.984],[10.1373,55.9839],[10.1372,55.9839],[10.1371,55.9839],[10.137,55.984],[10.137,55.9841],[10.1369,55.9841],[10.1369,55.9842],[10.1367,55.9842],[10.1366,55.9842],[10.1365,55.9842],[10.1367,55.9843]]]},"properties":{"sourceId":"ais_par3.55765","a_type":5120,"hectares":0.081}},{"type":"Feature","id":"ais_par3.55766","geometry":{"type":"Polygon","coordinates":[[[10.0863,55.9845],[10.0859,55.9844],[10.0829,55.9839],[10.0828,55.984],[10.0839,55.9845],[10.0843,55.9846],[10.0846,55.9845],[10.0854,55.9845],[10.086,55.9846],[10.0863,55.9845]]]},"properties":{"sourceId":"ais_par3.55766","a_type":4110,"hectares":0.71}},{"type":"Feature","id":"ais_par3.55767","geometry":{"type":"Polygon","coordinates":[[[10.2063,55.9827],[10.2063,55.9827],[10.2064,55.9828],[10.2063,55.9829],[10.2061,55.983],[10.2064,55.9829],[10.2066,55.983],[10.2068,55.983],[10.207,55.983],[10.2071,55.9827],[10.2068,55.9827],[10.2065,55.9826],[10.2063,55.9827]]]},"properties":{"sourceId":"ais_par3.55767","a_type":4120,"hectares":0.171}},{"type":"Feature","id":"ais_par3.55768","geometry":{"type":"Polygon","coordinates":[[[10.2059,55.9829],[10.2058,55.9829],[10.2058,55.9828],[10.2058,55.9827],[10.2057,55.9827],[10.2055,55.9827],[10.2053,55.9828],[10.2053,55.9828],[10.2056,55.9829],[10.2059,55.9829]]]},"properties":{"sourceId":"ais_par3.55768","a_type":4120,"hectares":0.055}},{"type":"Feature","id":"ais_par3.55769","geometry":{"type":"Polygon","coordinates":[[[10.2063,55.9827],[10.2061,55.9826],[10.2059,55.9826],[10.2058,55.9827],[10.2058,55.9828],[10.2058,55.9829],[10.2059,55.9829],[10.2059,55.9829],[10.2061,55.983],[10.2063,55.9829],[10.2064,55.9828],[10.2063,55.9827],[10.2063,55.9827]]]},"properties":{"sourceId":"ais_par3.55769","a_type":5120,"hectares":0.094}},{"type":"Feature","id":"ais_par3.55770","geometry":{"type":"Polygon","coordinates":[[[10.1839,55.9823],[10.1838,55.9825],[10.1837,55.9826],[10.1836,55.9827],[10.1835,55.9828],[10.1835,55.983],[10.1835,55.9831],[10.1837,55.983],[10.1839,55.9829],[10.1841,55.9827],[10.1841,55.9825],[10.1842,55.9823],[10.1841,55.9822],[10.184,55.9822],[10.1839,55.9823]]]},"properties":{"sourceId":"ais_par3.55770","a_type":5120,"hectares":0.207}},{"type":"Feature","id":"ais_par3.55771","geometry":{"type":"Polygon","coordinates":[[[10.0703,55.9819],[10.0701,55.9819],[10.0698,55.9819],[10.0698,55.9821],[10.0693,55.9821],[10.0692,55.9822],[10.0689,55.9823],[10.0688,55.9824],[10.0685,55.9824],[10.068,55.9824],[10.0671,55.9822],[10.067,55.9824],[10.0663,55.9822],[10.067,55.9833],[10.0688,55.9837],[10.0691,55.9825],[10.0694,55.9824],[10.0698,55.9822],[10.0702,55.982],[10.0712,55.9819],[10.0729,55.9822],[10.0729,55.9824],[10.0729,55.9826],[10.0728,55.9831],[10.0733,55.9832],[10.0737,55.9834],[10.0748,55.9834],[10.075,55.9827],[10.0748,55.9827],[10.0744,55.9827],[10.0742,55.9827],[10.0727,55.9816],[10.0727,55.9814],[10.0721,55.9812],[10.0677,55.981],[10.0655,55.98],[10.0652,55.9798],[10.0647,55.9797],[10.064,55.9803],[10.0646,55.9804],[10.0663,55.9809],[10.0665,55.981],[10.0674,55.9813],[10.068,55.9814],[10.0681,55.9814],[10.0682,55.9813],[10.0685,55.9812],[10.0697,55.9814],[10.0701,55.9815],[10.0703,55.9816],[10.0704,55.9818],[10.0703,55.9819]]]},"properties":{"sourceId":"ais_par3.55771","a_type":4110,"hectares":6.804}},{"type":"Feature","id":"ais_par3.55772","geometry":{"type":"Polygon","coordinates":[[[10.1326,55.983],[10.1327,55.983],[10.133,55.9829],[10.1331,55.9829],[10.1332,55.9829],[10.1332,55.9828],[10.1332,55.9828],[10.1332,55.9827],[10.133,55.9827],[10.133,55.9827],[10.1329,55.9827],[10.1328,55.9827],[10.1327,55.9827],[10.1326,55.9827],[10.1325,55.9827],[10.1325,55.9827],[10.1325,55.9828],[10.1325,55.9829],[10.1325,55.9829],[10.1326,55.983]]]},"properties":{"sourceId":"ais_par3.55772","a_type":5120,"hectares":0.12}},{"type":"Feature","id":"ais_par3.55773","geometry":{"type":"Polygon","coordinates":[[[10.1251,55.9829],[10.1252,55.9829],[10.1253,55.9829],[10.1253,55.9829],[10.1252,55.9828],[10.1252,55.9828],[10.1251,55.9828],[10.125,55.9828],[10.125,55.9829],[10.1251,55.9829]]]},"properties":{"sourceId":"ais_par3.55773","a_type":5120,"hectares":0.024}},{"type":"Feature","id":"ais_par3.55774","geometry":{"type":"Polygon","coordinates":[[[10.1156,55.9824],[10.1149,55.9825],[10.1142,55.9826],[10.1138,55.9829],[10.1149,55.983],[10.115,55.983],[10.1151,55.983],[10.1166,55.983],[10.1163,55.9824],[10.1159,55.9824],[10.1156,55.9824]],[[10.1162,55.9827],[10.1164,55.9828],[10.1164,55.9829],[10.1164,55.9829],[10.1156,55.9829],[10.1155,55.9829],[10.1154,55.9828],[10.1154,55.9828],[10.1154,55.9827],[10.1155,55.9827],[10.1156,55.9827],[10.1156,55.9827],[10.1157,55.9827],[10.1158,55.9827],[10.1159,55.9827],[10.116,55.9827],[10.1161,55.9827],[10.1162,55.9827]]]},"properties":{"sourceId":"ais_par3.55774","a_type":4110,"hectares":0.716}},{"type":"Feature","id":"ais_par3.55775","geometry":{"type":"Polygon","coordinates":[[[10.1162,55.9827],[10.1161,55.9827],[10.116,55.9827],[10.1159,55.9827],[10.1158,55.9827],[10.1157,55.9827],[10.1156,55.9827],[10.1156,55.9827],[10.1155,55.9827],[10.1154,55.9827],[10.1154,55.9828],[10.1154,55.9828],[10.1155,55.9829],[10.1156,55.9829],[10.1164,55.9829],[10.1164,55.9829],[10.1164,55.9828],[10.1162,55.9827]]]},"properties":{"sourceId":"ais_par3.55775","a_type":5120,"hectares":0.142}},{"type":"Feature","id":"ais_par3.55776","geometry":{"type":"Polygon","coordinates":[[[10.0733,55.9819],[10.0742,55.9825],[10.0743,55.9826],[10.0744,55.9827],[10.0745,55.9827],[10.0747,55.9827],[10.0748,55.9827],[10.075,55.9827],[10.0755,55.9826],[10.0757,55.9826],[10.0763,55.9826],[10.0769,55.9825],[10.0756,55.9823],[10.0756,55.9822],[10.0755,55.9822],[10.0755,55.9821],[10.0747,55.982],[10.0745,55.982],[10.0742,55.9821],[10.074,55.9821],[10.0738,55.9821],[10.0737,55.9821],[10.0733,55.9819]]]},"properties":{"sourceId":"ais_par3.55776","a_type":4120,"hectares":0.863}},{"type":"Feature","id":"ais_par3.55777","geometry":{"type":"Polygon","coordinates":[[[10.0698,55.9819],[10.0698,55.9819],[10.0701,55.9819],[10.0703,55.9819],[10.0703,55.9818],[10.0702,55.9817],[10.07,55.9815],[10.0696,55.9814],[10.0685,55.9813],[10.0684,55.9813],[10.0681,55.9815],[10.0679,55.9814],[10.0676,55.9814],[10.0673,55.9813],[10.0667,55.9811],[10.0664,55.981],[10.0661,55.9809],[10.0659,55.9809],[10.0655,55.9807],[10.0645,55.9805],[10.0642,55.9804],[10.0637,55.9804],[10.0635,55.9804],[10.064,55.9817],[10.0642,55.9818],[10.0648,55.9822],[10.0649,55.9822],[10.0651,55.9822],[10.0657,55.9821],[10.0661,55.9821],[10.0669,55.9823],[10.0671,55.9821],[10.0681,55.9823],[10.0685,55.9823],[10.0684,55.9823],[10.0683,55.9822],[10.0683,55.9822],[10.0683,55.9821],[10.0684,55.9821],[10.0684,55.982],[10.0685,55.982],[10.0686,55.982],[10.0687,55.9821],[10.0688,55.9821],[10.0688,55.9822],[10.0685,55.9823],[10.0688,55.9824],[10.0689,55.9822],[10.0691,55.9821],[10.0693,55.9821],[10.0696,55.982],[10.0698,55.9821],[10.0698,55.9819]]]},"properties":{"sourceId":"ais_par3.55777","a_type":4120,"hectares":4.621}},{"type":"Feature","id":"ais_par3.55778","geometry":{"type":"Polygon","coordinates":[[[10.0685,55.9823],[10.0685,55.9823],[10.0688,55.9822],[10.0688,55.9821],[10.0687,55.9821],[10.0686,55.982],[10.0685,55.982],[10.0684,55.982],[10.0684,55.9821],[10.0683,55.9821],[10.0683,55.9822],[10.0683,55.9822],[10.0684,55.9823],[10.0685,55.9823]]]},"properties":{"sourceId":"ais_par3.55778","a_type":5120,"hectares":0.089}},{"type":"Feature","id":"ais_par3.55779","geometry":{"type":"Polygon","coordinates":[[[10.208,55.9809],[10.2081,55.9809],[10.2083,55.9809],[10.2083,55.9808],[10.2082,55.9808],[10.2081,55.9808],[10.208,55.9809]]]},"properties":{"sourceId":"ais_par3.55779","a_type":5120,"hectares":0.018}},{"type":"Feature","id":"ais_par3.55780","geometry":{"type":"Polygon","coordinates":[[[10.1024,55.9812],[10.1023,55.9813],[10.1023,55.9814],[10.1023,55.9815],[10.1023,55.9816],[10.1024,55.9816],[10.1025,55.9815],[10.1026,55.9815],[10.1027,55.9813],[10.1026,55.9812],[10.1026,55.9812],[10.1025,55.9811],[10.1024,55.9812]]]},"properties":{"sourceId":"ais_par3.55780","a_type":5120,"hectares":0.082}},{"type":"Feature","id":"ais_par3.55781","geometry":{"type":"Polygon","coordinates":[[[10.0617,55.9808],[10.0617,55.9809],[10.0614,55.9809],[10.0612,55.9806],[10.061,55.9808],[10.0608,55.9808],[10.0604,55.98],[10.0608,55.98],[10.061,55.98],[10.0624,55.979],[10.062,55.979],[10.0606,55.979],[10.058,55.9786],[10.057,55.9794],[10.0562,55.9798],[10.0566,55.9799],[10.0568,55.9802],[10.0584,55.9798],[10.0586,55.9798],[10.059,55.9802],[10.0581,55.9805],[10.0583,55.9808],[10.0566,55.9812],[10.0575,55.9818],[10.0577,55.9818],[10.0577,55.9816],[10.0579,55.9816],[10.0577,55.9812],[10.0587,55.9812],[10.0591,55.9819],[10.0599,55.9817],[10.0611,55.9817],[10.0624,55.9817],[10.0622,55.9813],[10.0631,55.981],[10.0636,55.981],[10.0633,55.9804],[10.0623,55.9802],[10.0618,55.9802],[10.0619,55.9805],[10.0619,55.9805],[10.0617,55.9806],[10.0617,55.9808]]]},"properties":{"sourceId":"ais_par3.55781","a_type":4110,"hectares":8.589}},{"type":"Feature","id":"ais_par3.55782","geometry":{"type":"Polygon","coordinates":[[[10.069,55.9804],[10.069,55.9804],[10.0689,55.9805],[10.0688,55.9806],[10.0687,55.9808],[10.0687,55.9809],[10.0689,55.9809],[10.069,55.9809],[10.0692,55.981],[10.0694,55.981],[10.0695,55.981],[10.0696,55.981],[10.0697,55.9809],[10.0699,55.9808],[10.0699,55.9807],[10.0698,55.9807],[10.0697,55.9808],[10.0696,55.9808],[10.0695,55.9808],[10.0694,55.9808],[10.0693,55.9808],[10.0692,55.9808],[10.0692,55.9807],[10.0691,55.9807],[10.0691,55.9806],[10.0691,55.9806],[10.069,55.9805],[10.0691,55.9805],[10.0691,55.9804],[10.0691,55.9804],[10.0691,55.9803],[10.069,55.9803],[10.069,55.9804]]]},"properties":{"sourceId":"ais_par3.55782","a_type":3210,"hectares":0.21}},{"type":"Feature","id":"ais_par3.55783","geometry":{"type":"Polygon","coordinates":[[[10.0976,55.9806],[10.0976,55.9805],[10.0976,55.9804],[10.0976,55.9804],[10.0975,55.9804],[10.0973,55.9804],[10.0972,55.9805],[10.0973,55.9806],[10.0974,55.9806],[10.0975,55.9806],[10.0976,55.9806]]]},"properties":{"sourceId":"ais_par3.55783","a_type":5120,"hectares":0.05}},{"type":"Feature","id":"ais_par3.56124","geometry":{"type":"Polygon","coordinates":[[[10.1775,55.902],[10.1776,55.902],[10.1776,55.9019],[10.1776,55.9019],[10.1775,55.9018],[10.1774,55.9018],[10.1773,55.9019],[10.1773,55.9019],[10.1774,55.902],[10.1775,55.902]]]},"properties":{"sourceId":"ais_par3.56124","a_type":5120,"hectares":0.021}},{"type":"Feature","id":"ais_par3.55784","geometry":{"type":"Polygon","coordinates":[[[10.0618,55.9802],[10.0617,55.9802],[10.0616,55.9802],[10.0611,55.9801],[10.0607,55.9801],[10.0606,55.9801],[10.0609,55.9808],[10.061,55.9808],[10.0611,55.9807],[10.0611,55.9806],[10.0612,55.9806],[10.0614,55.9808],[10.0617,55.9808],[10.0616,55.9805],[10.0619,55.9805],[10.0618,55.9802]]]},"properties":{"sourceId":"ais_par3.55784","a_type":4120,"hectares":0.417}},{"type":"Feature","id":"ais_par3.55785","geometry":{"type":"Polygon","coordinates":[[[10.0646,55.9797],[10.0642,55.9796],[10.0633,55.9792],[10.0629,55.9791],[10.0626,55.9791],[10.0612,55.9801],[10.0618,55.9802],[10.0624,55.9801],[10.0635,55.9803],[10.0639,55.9803],[10.0646,55.9797]]]},"properties":{"sourceId":"ais_par3.55785","a_type":4120,"hectares":1.723}},{"type":"Feature","id":"ais_par3.55786","geometry":{"type":"Polygon","coordinates":[[[10.1285,55.9779],[10.1293,55.9781],[10.1296,55.9777],[10.1301,55.977],[10.1296,55.9767],[10.1295,55.9767],[10.1295,55.9769],[10.1295,55.9772],[10.1295,55.9773],[10.1294,55.9774],[10.1292,55.9774],[10.129,55.9775],[10.1288,55.9775],[10.1285,55.9774],[10.1285,55.9779]]]},"properties":{"sourceId":"ais_par3.55786","a_type":4110,"hectares":0.598}},{"type":"Feature","id":"ais_par3.55787","geometry":{"type":"Polygon","coordinates":[[[10.1071,55.9781],[10.1072,55.9781],[10.1072,55.9781],[10.1076,55.9779],[10.1076,55.9779],[10.1076,55.9779],[10.1076,55.9777],[10.1076,55.9777],[10.1076,55.9777],[10.1075,55.9776],[10.1074,55.9776],[10.1072,55.9776],[10.1072,55.9776],[10.1071,55.9776],[10.1069,55.978],[10.1069,55.978],[10.107,55.9781],[10.1071,55.9781]]]},"properties":{"sourceId":"ais_par3.55787","a_type":5120,"hectares":0.197}},{"type":"Feature","id":"ais_par3.55788","geometry":{"type":"Polygon","coordinates":[[[10.1334,55.9771],[10.1333,55.9771],[10.1332,55.9771],[10.1332,55.9772],[10.1333,55.9773],[10.1334,55.9773],[10.1335,55.9773],[10.1336,55.9773],[10.1337,55.9773],[10.1338,55.9773],[10.1338,55.9773],[10.1338,55.9772],[10.1337,55.9772],[10.1336,55.9771],[10.1335,55.9771],[10.1335,55.9771],[10.1334,55.9771]]]},"properties":{"sourceId":"ais_par3.55788","a_type":5120,"hectares":0.074}},{"type":"Feature","id":"ais_par3.55789","geometry":{"type":"Polygon","coordinates":[[[10.1432,55.9762],[10.1431,55.9762],[10.1431,55.9762],[10.143,55.9763],[10.1429,55.9765],[10.1429,55.9766],[10.1429,55.9766],[10.1429,55.9767],[10.143,55.9767],[10.1431,55.9766],[10.1431,55.9766],[10.1432,55.9766],[10.1432,55.9765],[10.1432,55.9765],[10.1433,55.9765],[10.1433,55.9764],[10.1434,55.9764],[10.1434,55.9763],[10.1435,55.9763],[10.1435,55.9762],[10.1434,55.9761],[10.1433,55.9761],[10.1432,55.9762]]]},"properties":{"sourceId":"ais_par3.55789","a_type":5120,"hectares":0.123}},{"type":"Feature","id":"ais_par3.55790","geometry":{"type":"Polygon","coordinates":[[[10.2532,55.9745],[10.2544,55.9745],[10.2548,55.9739],[10.2553,55.9732],[10.2536,55.9733],[10.2535,55.9739],[10.253,55.9739],[10.2529,55.9745],[10.2532,55.9745]]]},"properties":{"sourceId":"ais_par3.55790","a_type":3220,"hectares":1.34}},{"type":"Feature","id":"ais_par3.55791","geometry":{"type":"Polygon","coordinates":[[[10.1116,55.9743],[10.1116,55.9743],[10.1116,55.9744],[10.1116,55.9744],[10.1118,55.9744],[10.1118,55.9744],[10.1118,55.9743],[10.1118,55.9743],[10.1118,55.9743],[10.1117,55.9742],[10.1116,55.9743]]]},"properties":{"sourceId":"ais_par3.55791","a_type":5120,"hectares":0.022}},{"type":"Feature","id":"ais_par3.55792","geometry":{"type":"Polygon","coordinates":[[[10.1197,55.972],[10.1192,55.9714],[10.119,55.9714],[10.1186,55.9716],[10.1176,55.972],[10.1172,55.973],[10.1171,55.9738],[10.1171,55.974],[10.1172,55.9737],[10.118,55.9731],[10.1197,55.972]]]},"properties":{"sourceId":"ais_par3.55792","a_type":4120,"hectares":1.809}},{"type":"Feature","id":"ais_par3.55793","geometry":{"type":"Polygon","coordinates":[[[10.1548,55.9714],[10.1547,55.9713],[10.1546,55.9713],[10.1545,55.9714],[10.1545,55.9714],[10.1545,55.9715],[10.1545,55.9716],[10.1546,55.9716],[10.1547,55.9715],[10.1547,55.9715],[10.1548,55.9715],[10.1549,55.9715],[10.155,55.9715],[10.1551,55.9716],[10.1551,55.9715],[10.1551,55.9715],[10.1551,55.9714],[10.1551,55.9714],[10.155,55.9714],[10.1549,55.9714],[10.1548,55.9714],[10.1548,55.9714]]]},"properties":{"sourceId":"ais_par3.55793","a_type":5120,"hectares":0.074}},{"type":"Feature","id":"ais_par3.55794","geometry":{"type":"Polygon","coordinates":[[[10.234,55.9707],[10.2341,55.9707],[10.2341,55.9706],[10.234,55.9706],[10.234,55.9707]]]},"properties":{"sourceId":"ais_par3.55794","a_type":5120,"hectares":0.007}},{"type":"Feature","id":"ais_par3.55795","geometry":{"type":"Polygon","coordinates":[[[10.2442,55.9696],[10.2423,55.9703],[10.2429,55.9702],[10.2432,55.9702],[10.2435,55.9702],[10.2437,55.9703],[10.244,55.9702],[10.2447,55.97],[10.2446,55.9696],[10.2446,55.9695],[10.2442,55.9696]]]},"properties":{"sourceId":"ais_par3.55795","a_type":4120,"hectares":0.498}},{"type":"Feature","id":"ais_par3.55796","geometry":{"type":"Polygon","coordinates":[[[10.1383,55.9706],[10.1383,55.9707],[10.1386,55.9706],[10.1379,55.9701],[10.1383,55.9706]]]},"properties":{"sourceId":"ais_par3.55796","a_type":5120,"hectares":0.069}},{"type":"Feature","id":"ais_par3.55797","geometry":{"type":"Polygon","coordinates":[[[10.1318,55.9706],[10.1318,55.9706],[10.1319,55.9707],[10.132,55.9707],[10.1321,55.9706],[10.1321,55.9706],[10.1321,55.9705],[10.1321,55.9705],[10.132,55.9705],[10.1319,55.9704],[10.1319,55.9704],[10.1318,55.9704],[10.1318,55.9704],[10.1317,55.9705],[10.1317,55.9705],[10.1318,55.9706]]]},"properties":{"sourceId":"ais_par3.55797","a_type":5120,"hectares":0.054}},{"type":"Feature","id":"ais_par3.55798","geometry":{"type":"Polygon","coordinates":[[[10.1634,55.9695],[10.1637,55.9695],[10.1642,55.9695],[10.1643,55.9695],[10.1645,55.9695],[10.1647,55.9695],[10.1647,55.9693],[10.1647,55.9692],[10.1648,55.9691],[10.1649,55.9691],[10.1671,55.9683],[10.165,55.967],[10.1648,55.967],[10.1645,55.9672],[10.1631,55.9687],[10.1628,55.969],[10.1625,55.9693],[10.1622,55.9694],[10.1622,55.9695],[10.1623,55.9695],[10.1634,55.9695]],[[10.1638,55.9695],[10.164,55.9691],[10.1641,55.9691],[10.1641,55.969],[10.1639,55.969],[10.1638,55.9691],[10.1638,55.969],[10.1637,55.969],[10.1636,55.969],[10.1636,55.969],[10.1636,55.969],[10.1635,55.9691],[10.1634,55.9691],[10.1634,55.969],[10.1634,55.9689],[10.1635,55.9689],[10.1636,55.9688],[10.1636,55.9687],[10.1637,55.9686],[10.1638,55.9685],[10.1638,55.9684],[10.1638,55.9684],[10.1638,55.9682],[10.1638,55.9682],[10.1639,55.9682],[10.164,55.9682],[10.1641,55.9682],[10.1644,55.968],[10.1644,55.9679],[10.1645,55.9679],[10.1646,55.9678],[10.1646,55.9677],[10.1648,55.9677],[10.1649,55.9677],[10.1649,55.9676],[10.165,55.9676],[10.1651,55.9676],[10.1652,55.9676],[10.1654,55.9676],[10.1655,55.9677],[10.1656,55.9676],[10.1657,55.9677],[10.1658,55.9677],[10.1659,55.9678],[10.166,55.9678],[10.166,55.9679],[10.166,55.9679],[10.166,55.968],[10.1661,55.968],[10.1663,55.9679],[10.1664,55.968],[10.1664,55.968],[10.1663,55.9681],[10.1663,55.9682],[10.1663,55.9683],[10.1654,55.9686],[10.1647,55.9688],[10.1646,55.9688],[10.1645,55.9688],[10.1644,55.9688],[10.1643,55.9689],[10.1643,55.969],[10.1644,55.969],[10.1645,55.969],[10.1646,55.9692],[10.1646,55.9693],[10.1645,55.9693],[10.1644,55.9693],[10.1643,55.9694],[10.1642,55.9694],[10.1641,55.9694],[10.1638,55.9695]],[[10.1637,55.9691],[10.1637,55.9692],[10.1637,55.9692],[10.1637,55.9693],[10.1636,55.9693],[10.1635,55.9693],[10.1635,55.9693],[10.1635,55.9692],[10.1635,55.9692],[10.1636,55.9691],[10.1637,55.9691]]]},"properties":{"sourceId":"ais_par3.55798","a_type":4120,"hectares":2.084}},{"type":"Feature","id":"ais_par3.55799","geometry":{"type":"Polygon","coordinates":[[[10.1638,55.9695],[10.1641,55.9694],[10.1642,55.9694],[10.1643,55.9694],[10.1644,55.9693],[10.1645,55.9693],[10.1646,55.9693],[10.1646,55.9692],[10.1645,55.969],[10.1644,55.969],[10.1643,55.969],[10.1643,55.9689],[10.1644,55.9688],[10.1645,55.9688],[10.1646,55.9688],[10.1647,55.9688],[10.1654,55.9686],[10.1663,55.9683],[10.1663,55.9682],[10.1663,55.9681],[10.1664,55.968],[10.1664,55.968],[10.1663,55.9679],[10.1661,55.968],[10.166,55.968],[10.166,55.9679],[10.166,55.9679],[10.166,55.9678],[10.1659,55.9678],[10.1658,55.9677],[10.1657,55.9677],[10.1656,55.9676],[10.1655,55.9677],[10.1654,55.9676],[10.1652,55.9676],[10.1651,55.9676],[10.165,55.9676],[10.1649,55.9676],[10.1649,55.9677],[10.1648,55.9677],[10.1646,55.9677],[10.1646,55.9678],[10.1645,55.9679],[10.1644,55.9679],[10.1644,55.968],[10.1641,55.9682],[10.164,55.9682],[10.1639,55.9682],[10.1638,55.9682],[10.1638,55.9682],[10.1638,55.9684],[10.1638,55.9684],[10.1638,55.9685],[10.1637,55.9686],[10.1636,55.9687],[10.1636,55.9688],[10.1635,55.9689],[10.1634,55.9689],[10.1634,55.969],[10.1634,55.9691],[10.1635,55.9691],[10.1636,55.969],[10.1636,55.969],[10.1636,55.969],[10.1637,55.969],[10.1638,55.969],[10.1638,55.9691],[10.1639,55.969],[10.1641,55.969],[10.1641,55.9691],[10.164,55.9691],[10.1638,55.9695]]]},"properties":{"sourceId":"ais_par3.55799","a_type":5120,"hectares":1.793}},{"type":"Feature","id":"ais_par3.55800","geometry":{"type":"Polygon","coordinates":[[[10.1637,55.9691],[10.1636,55.9691],[10.1635,55.9692],[10.1635,55.9692],[10.1635,55.9693],[10.1635,55.9693],[10.1636,55.9693],[10.1637,55.9693],[10.1637,55.9692],[10.1637,55.9692],[10.1637,55.9691]]]},"properties":{"sourceId":"ais_par3.55800","a_type":5120,"hectares":0.022}},{"type":"Feature","id":"ais_par3.55801","geometry":{"type":"Polygon","coordinates":[[[10.0918,55.9697],[10.0914,55.9697],[10.0914,55.9699],[10.0917,55.9699],[10.0918,55.9697]]]},"properties":{"sourceId":"ais_par3.55801","a_type":5120,"hectares":0.061}},{"type":"Feature","id":"ais_par3.55804","geometry":{"type":"Polygon","coordinates":[[[10.0984,55.9678],[10.0974,55.968],[10.0967,55.9684],[10.0946,55.9685],[10.095,55.9691],[10.0952,55.9693],[10.0953,55.9694],[10.0954,55.9693],[10.0955,55.9692],[10.0962,55.9687],[10.0968,55.9686],[10.0972,55.9683],[10.0981,55.968],[10.0986,55.9679],[10.0988,55.9679],[10.1001,55.9681],[10.1009,55.9675],[10.1016,55.9675],[10.1021,55.9673],[10.1024,55.9671],[10.1023,55.9666],[10.1036,55.9657],[10.103,55.9657],[10.1028,55.9658],[10.1027,55.9658],[10.1026,55.9658],[10.1026,55.9659],[10.1026,55.966],[10.1027,55.9661],[10.1026,55.9662],[10.1023,55.9664],[10.1021,55.9665],[10.1021,55.9666],[10.1018,55.9667],[10.1017,55.9668],[10.1017,55.9669],[10.1015,55.967],[10.1004,55.967],[10.1002,55.9672],[10.0998,55.9672],[10.0995,55.9675],[10.0992,55.9676],[10.0984,55.9678]]]},"properties":{"sourceId":"ais_par3.55804","a_type":4120,"hectares":2.584}},{"type":"Feature","id":"ais_par3.55805","geometry":{"type":"Polygon","coordinates":[[[10.2169,55.9675],[10.2168,55.9675],[10.2168,55.9676],[10.2168,55.9677],[10.2169,55.9677],[10.217,55.9675],[10.2169,55.9675]]]},"properties":{"sourceId":"ais_par3.55805","a_type":5120,"hectares":0.029}},{"type":"Feature","id":"ais_par3.55806","geometry":{"type":"Polygon","coordinates":[[[10.0793,55.969],[10.0794,55.969],[10.0795,55.9689],[10.0795,55.9689],[10.0795,55.9688],[10.0795,55.9688],[10.0794,55.9688],[10.0792,55.9688],[10.0791,55.9688],[10.0791,55.9689],[10.0791,55.9689],[10.0792,55.969],[10.0793,55.969]]]},"properties":{"sourceId":"ais_par3.55806","a_type":5120,"hectares":0.048}},{"type":"Feature","id":"ais_par3.55807","geometry":{"type":"Polygon","coordinates":[[[10.1288,55.9663],[10.129,55.9662],[10.1288,55.966],[10.127,55.9654],[10.1267,55.9659],[10.1298,55.9671],[10.131,55.9675],[10.1334,55.9683],[10.1338,55.9678],[10.1318,55.9666],[10.1314,55.9667],[10.1303,55.9665],[10.1301,55.9664],[10.1301,55.9665],[10.1295,55.9665],[10.1292,55.9667],[10.129,55.9666],[10.1287,55.9665],[10.1288,55.9663]]]},"properties":{"sourceId":"ais_par3.55807","a_type":4120,"hectares":3.526}},{"type":"Feature","id":"ais_par3.55808","geometry":{"type":"Polygon","coordinates":[[[10.1347,55.9674],[10.1326,55.9664],[10.1322,55.9662],[10.1318,55.9666],[10.1339,55.9678],[10.1347,55.9674]]]},"properties":{"sourceId":"ais_par3.55808","a_type":4110,"hectares":1.142}},{"type":"Feature","id":"ais_par3.55809","geometry":{"type":"Polygon","coordinates":[[[10.1232,55.9659],[10.1233,55.9658],[10.1234,55.9658],[10.1234,55.9657],[10.1233,55.9656],[10.1231,55.9657],[10.123,55.9657],[10.1229,55.9658],[10.123,55.9659],[10.1231,55.9659],[10.1232,55.9659]]]},"properties":{"sourceId":"ais_par3.55809","a_type":5120,"hectares":0.059}},{"type":"Feature","id":"ais_par3.55810","geometry":{"type":"Polygon","coordinates":[[[10.1157,55.9636],[10.1156,55.9641],[10.1137,55.9639],[10.1135,55.9643],[10.1134,55.9648],[10.1147,55.9652],[10.1165,55.9659],[10.1178,55.9638],[10.1157,55.9636]]]},"properties":{"sourceId":"ais_par3.55810","a_type":4110,"hectares":3.927}},{"type":"Feature","id":"ais_par3.55811","geometry":{"type":"Polygon","coordinates":[[[10.2621,55.9644],[10.2621,55.9643],[10.2621,55.9643],[10.2622,55.9642],[10.2622,55.9642],[10.2623,55.9642],[10.2624,55.9642],[10.2625,55.9642],[10.2626,55.9641],[10.2626,55.9641],[10.2627,55.964],[10.2627,55.964],[10.2628,55.9639],[10.2629,55.9639],[10.2622,55.9635],[10.262,55.9637],[10.2618,55.9638],[10.2615,55.964],[10.2613,55.9642],[10.2618,55.9643],[10.262,55.9644],[10.2621,55.9644]]]},"properties":{"sourceId":"ais_par3.55811","a_type":4120,"hectares":0.447}},{"type":"Feature","id":"ais_par3.55812","geometry":{"type":"Polygon","coordinates":[[[10.0502,55.9655],[10.0503,55.9655],[10.0504,55.9655],[10.0504,55.9655],[10.0503,55.9654],[10.0502,55.9654],[10.0502,55.9655],[10.0501,55.9655],[10.0501,55.9655],[10.0502,55.9655]]]},"properties":{"sourceId":"ais_par3.55812","a_type":5120,"hectares":0.016}},{"type":"Feature","id":"ais_par3.55813","geometry":{"type":"Polygon","coordinates":[[[10.2633,55.9635],[10.2633,55.9634],[10.2635,55.9633],[10.2635,55.9632],[10.2633,55.9631],[10.2636,55.9627],[10.2638,55.9625],[10.264,55.9622],[10.2642,55.9619],[10.2644,55.9617],[10.2645,55.9615],[10.2646,55.9612],[10.2647,55.961],[10.2648,55.9608],[10.2649,55.9607],[10.265,55.9606],[10.2648,55.9605],[10.2647,55.9606],[10.2644,55.9611],[10.2643,55.9613],[10.264,55.9617],[10.2638,55.9618],[10.2637,55.9621],[10.2634,55.9625],[10.2633,55.9628],[10.2628,55.9634],[10.2628,55.9634],[10.2629,55.9635],[10.263,55.9635],[10.2631,55.9635],[10.2632,55.9635],[10.2633,55.9635]]]},"properties":{"sourceId":"ais_par3.55813","a_type":4120,"hectares":0.706}},{"type":"Feature","id":"ais_par3.55814","geometry":{"type":"Polygon","coordinates":[[[10.1206,55.9639],[10.1206,55.9642],[10.1224,55.9644],[10.1227,55.964],[10.1225,55.9639],[10.1223,55.9642],[10.1208,55.964],[10.1208,55.9639],[10.1206,55.9639]]]},"properties":{"sourceId":"ais_par3.55814","a_type":5120,"hectares":0.283}},{"type":"Feature","id":"ais_par3.55815","geometry":{"type":"Polygon","coordinates":[[[10.1223,55.9638],[10.1221,55.9636],[10.1218,55.9636],[10.1217,55.9639],[10.1222,55.964],[10.1223,55.9638]]]},"properties":{"sourceId":"ais_par3.55815","a_type":5120,"hectares":0.097}},{"type":"Feature","id":"ais_par3.55816","geometry":{"type":"Polygon","coordinates":[[[10.121,55.9639],[10.1212,55.9639],[10.1213,55.9638],[10.1213,55.9637],[10.1212,55.9637],[10.1211,55.9637],[10.121,55.9637],[10.121,55.9638],[10.121,55.9638],[10.121,55.9639]]]},"properties":{"sourceId":"ais_par3.55816","a_type":5120,"hectares":0.033}},{"type":"Feature","id":"ais_par3.55817","geometry":{"type":"Polygon","coordinates":[[[10.0838,55.9641],[10.0839,55.964],[10.0839,55.964],[10.0839,55.9639],[10.0838,55.9639],[10.0837,55.9639],[10.0836,55.9639],[10.0835,55.9639],[10.0834,55.964],[10.0834,55.964],[10.0834,55.9641],[10.0835,55.9641],[10.0836,55.9642],[10.0838,55.9641]]]},"properties":{"sourceId":"ais_par3.55817","a_type":5120,"hectares":0.079}},{"type":"Feature","id":"ais_par3.55818","geometry":{"type":"Polygon","coordinates":[[[10.2007,55.9628],[10.2008,55.9627],[10.2009,55.9627],[10.2009,55.9627],[10.2009,55.9626],[10.2006,55.9626],[10.2006,55.9627],[10.2007,55.9628]]]},"properties":{"sourceId":"ais_par3.55818","a_type":5120,"hectares":0.024}},{"type":"Feature","id":"ais_par3.55819","geometry":{"type":"Polygon","coordinates":[[[10.1103,55.9632],[10.1101,55.9631],[10.1097,55.9631],[10.1093,55.9632],[10.1093,55.9632],[10.1094,55.9633],[10.1096,55.9633],[10.11,55.9633],[10.1102,55.9633],[10.1104,55.9632],[10.1103,55.9632]]]},"properties":{"sourceId":"ais_par3.55819","a_type":5120,"hectares":0.093}},{"type":"Feature","id":"ais_par3.55820","geometry":{"type":"Polygon","coordinates":[[[10.1602,55.9611],[10.16,55.9611],[10.1597,55.9612],[10.1596,55.9612],[10.1597,55.9613],[10.1598,55.9614],[10.1598,55.9614],[10.16,55.9614],[10.1602,55.9614],[10.1603,55.9613],[10.1604,55.9612],[10.1604,55.9612],[10.1603,55.9611],[10.1602,55.9611]]]},"properties":{"sourceId":"ais_par3.55820","a_type":5120,"hectares":0.11}},{"type":"Feature","id":"ais_par3.55821","geometry":{"type":"Polygon","coordinates":[[[10.1244,55.9603],[10.1242,55.9603],[10.1245,55.9612],[10.1246,55.9614],[10.125,55.9614],[10.1249,55.9608],[10.1246,55.9607],[10.1244,55.9603]]]},"properties":{"sourceId":"ais_par3.55821","a_type":5120,"hectares":0.284}},{"type":"Feature","id":"ais_par3.55822","geometry":{"type":"Polygon","coordinates":[[[10.204,55.9605],[10.2041,55.9605],[10.2041,55.9604],[10.2041,55.9604],[10.204,55.9604],[10.2039,55.9604],[10.2038,55.9604],[10.2038,55.9604],[10.2037,55.9604],[10.2037,55.9605],[10.2039,55.9605],[10.204,55.9605]]]},"properties":{"sourceId":"ais_par3.55822","a_type":5120,"hectares":0.032}},{"type":"Feature","id":"ais_par3.55823","geometry":{"type":"Polygon","coordinates":[[[10.1283,55.9603],[10.1283,55.9604],[10.1283,55.9605],[10.1284,55.9606],[10.1285,55.9606],[10.1286,55.9605],[10.1285,55.9604],[10.1285,55.9603],[10.1283,55.9603]]]},"properties":{"sourceId":"ais_par3.55823","a_type":5120,"hectares":0.038}},{"type":"Feature","id":"ais_par3.55824","geometry":{"type":"Polygon","coordinates":[[[10.0716,55.9608],[10.0717,55.9608],[10.0718,55.9607],[10.0718,55.9605],[10.0718,55.9605],[10.0716,55.9604],[10.0714,55.9604],[10.0712,55.9605],[10.0711,55.9605],[10.071,55.9606],[10.0711,55.9607],[10.0711,55.9608],[10.0712,55.9608],[10.0713,55.9608],[10.0714,55.9609],[10.0716,55.9608]]]},"properties":{"sourceId":"ais_par3.55824","a_type":5120,"hectares":0.192}},{"type":"Feature","id":"ais_par3.55825","geometry":{"type":"Polygon","coordinates":[[[10.0446,55.9608],[10.0446,55.9607],[10.0445,55.9606],[10.0444,55.9606],[10.0443,55.9606],[10.0442,55.9607],[10.0442,55.9608],[10.0442,55.9608],[10.0442,55.9609],[10.0443,55.9609],[10.0443,55.961],[10.0444,55.961],[10.0446,55.961],[10.0446,55.9608]]]},"properties":{"sourceId":"ais_par3.55825","a_type":5120,"hectares":0.085}},{"type":"Feature","id":"ais_par3.55826","geometry":{"type":"Polygon","coordinates":[[[10.2202,55.9591],[10.2202,55.9592],[10.2205,55.9591],[10.2205,55.959],[10.2202,55.9591]]]},"properties":{"sourceId":"ais_par3.55826","a_type":5120,"hectares":0.028}},{"type":"Feature","id":"ais_par3.55827","geometry":{"type":"Polygon","coordinates":[[[10.1626,55.9593],[10.1626,55.9593],[10.1626,55.9592],[10.1625,55.9592],[10.1624,55.9592],[10.1622,55.9592],[10.1622,55.9591],[10.1621,55.9592],[10.162,55.9592],[10.1619,55.9592],[10.1618,55.9593],[10.1617,55.9593],[10.1617,55.9593],[10.1617,55.9594],[10.1617,55.9595],[10.1617,55.9595],[10.1618,55.9596],[10.1619,55.9596],[10.1621,55.9596],[10.1623,55.9595],[10.1625,55.9595],[10.1626,55.9595],[10.1627,55.9596],[10.1629,55.9596],[10.1629,55.9595],[10.1627,55.9595],[10.1627,55.9594],[10.1626,55.9594],[10.1626,55.9593]]]},"properties":{"sourceId":"ais_par3.55827","a_type":5120,"hectares":0.245}},{"type":"Feature","id":"ais_par3.55828","geometry":{"type":"Polygon","coordinates":[[[10.1887,55.9589],[10.1886,55.9589],[10.1885,55.9589],[10.1885,55.959],[10.1885,55.959],[10.1886,55.9591],[10.1888,55.9591],[10.1889,55.959],[10.1889,55.959],[10.1889,55.9589],[10.1888,55.9589],[10.1888,55.9589],[10.1887,55.9589]]]},"properties":{"sourceId":"ais_par3.55828","a_type":5120,"hectares":0.052}},{"type":"Feature","id":"ais_par3.55829","geometry":{"type":"Polygon","coordinates":[[[10.0748,55.9597],[10.0747,55.9597],[10.0747,55.9598],[10.0746,55.9599],[10.0747,55.9599],[10.0748,55.96],[10.0748,55.96],[10.075,55.96],[10.0751,55.9599],[10.0751,55.9599],[10.0751,55.9598],[10.075,55.9598],[10.075,55.9597],[10.0749,55.9597],[10.0748,55.9597]]]},"properties":{"sourceId":"ais_par3.55829","a_type":5120,"hectares":0.071}},{"type":"Feature","id":"ais_par3.55830","geometry":{"type":"Polygon","coordinates":[[[10.2366,55.9577],[10.2367,55.9577],[10.2367,55.9577],[10.2368,55.9576],[10.2368,55.9575],[10.2367,55.9575],[10.2366,55.9575],[10.2365,55.9576],[10.2365,55.9576],[10.2365,55.9577],[10.2365,55.9577],[10.2366,55.9577]]]},"properties":{"sourceId":"ais_par3.55830","a_type":5120,"hectares":0.039}},{"type":"Feature","id":"ais_par3.55831","geometry":{"type":"Polygon","coordinates":[[[10.0605,55.9586],[10.0605,55.9585],[10.0605,55.9584],[10.0605,55.9583],[10.0605,55.9583],[10.0605,55.9582],[10.0604,55.9582],[10.0603,55.9582],[10.0602,55.9583],[10.0602,55.9583],[10.0601,55.9584],[10.0601,55.9585],[10.0602,55.9586],[10.0603,55.9586],[10.0604,55.9586],[10.0604,55.9586],[10.0605,55.9586]]]},"properties":{"sourceId":"ais_par3.55831","a_type":5120,"hectares":0.091}},{"type":"Feature","id":"ais_par3.55832","geometry":{"type":"Polygon","coordinates":[[[10.2225,55.9569],[10.2227,55.9566],[10.2225,55.9565],[10.2223,55.9568],[10.2225,55.9569],[10.2225,55.9569]]]},"properties":{"sourceId":"ais_par3.55832","a_type":5120,"hectares":0.042}},{"type":"Feature","id":"ais_par3.55833","geometry":{"type":"Polygon","coordinates":[[[10.2611,55.9498],[10.2611,55.9499],[10.2611,55.95],[10.2611,55.9502],[10.2612,55.9503],[10.2613,55.9505],[10.2613,55.9506],[10.2613,55.9508],[10.2614,55.9508],[10.2615,55.9509],[10.2616,55.9509],[10.2616,55.9512],[10.2618,55.9514],[10.2621,55.9516],[10.2622,55.952],[10.2623,55.9521],[10.2625,55.9525],[10.2627,55.9525],[10.263,55.9527],[10.2631,55.9529],[10.2632,55.9532],[10.2633,55.9533],[10.2635,55.9537],[10.2636,55.9539],[10.2638,55.9545],[10.2639,55.9547],[10.2643,55.9552],[10.2645,55.9554],[10.2646,55.9557],[10.2647,55.9564],[10.2648,55.9564],[10.2649,55.9564],[10.265,55.9563],[10.2651,55.9563],[10.265,55.9562],[10.2649,55.9561],[10.2649,55.956],[10.2648,55.9556],[10.2645,55.9552],[10.2643,55.9549],[10.264,55.9544],[10.264,55.9544],[10.264,55.9542],[10.2639,55.9539],[10.2635,55.9533],[10.2633,55.9529],[10.263,55.9525],[10.263,55.9524],[10.2629,55.9521],[10.2626,55.9515],[10.2625,55.9513],[10.2624,55.951],[10.2623,55.9508],[10.2622,55.9506],[10.2621,55.9504],[10.262,55.9501],[10.2616,55.9495],[10.261,55.9496],[10.2611,55.9498]]]},"properties":{"sourceId":"ais_par3.55833","a_type":3210,"hectares":2.176}},{"type":"Feature","id":"ais_par3.55834","geometry":{"type":"Polygon","coordinates":[[[10.0937,55.9577],[10.0938,55.9577],[10.0938,55.9576],[10.0937,55.9576],[10.0937,55.9576],[10.0936,55.9576],[10.0935,55.9576],[10.0934,55.9576],[10.0934,55.9577],[10.0933,55.9577],[10.0934,55.9578],[10.0935,55.9578],[10.0936,55.9578],[10.0937,55.9577]]]},"properties":{"sourceId":"ais_par3.55834","a_type":5120,"hectares":0.056}},{"type":"Feature","id":"ais_par3.55835","geometry":{"type":"Polygon","coordinates":[[[10.1014,55.9575],[10.1014,55.9575],[10.1014,55.9574],[10.1013,55.9574],[10.1013,55.9573],[10.1012,55.9573],[10.1011,55.9573],[10.101,55.9574],[10.1011,55.9575],[10.1012,55.9575],[10.1013,55.9575],[10.1014,55.9575]]]},"properties":{"sourceId":"ais_par3.55835","a_type":5120,"hectares":0.041}},{"type":"Feature","id":"ais_par3.55836","geometry":{"type":"Polygon","coordinates":[[[10.1067,55.9561],[10.1067,55.9561],[10.1068,55.9561],[10.1069,55.9561],[10.107,55.956],[10.107,55.956],[10.107,55.9559],[10.1069,55.9559],[10.1068,55.9559],[10.1067,55.956],[10.1067,55.956],[10.1066,55.9561],[10.1065,55.9561],[10.1066,55.9561],[10.1067,55.9561]]]},"properties":{"sourceId":"ais_par3.55836","a_type":5120,"hectares":0.042}},{"type":"Feature","id":"ais_par3.55837","geometry":{"type":"Polygon","coordinates":[[[10.2526,55.9547],[10.2526,55.9547],[10.2527,55.9547],[10.2528,55.9547],[10.2528,55.9546],[10.2529,55.9546],[10.2529,55.9545],[10.2529,55.9545],[10.2529,55.9545],[10.2529,55.9544],[10.2528,55.9544],[10.2528,55.9544],[10.2527,55.9544],[10.2526,55.9545],[10.2526,55.9545],[10.2526,55.9546],[10.2526,55.9547]]]},"properties":{"sourceId":"ais_par3.55837","a_type":5120,"hectares":0.058}},{"type":"Feature","id":"ais_par3.55838","geometry":{"type":"Polygon","coordinates":[[[10.1716,55.9554],[10.1718,55.9554],[10.1718,55.9554],[10.1719,55.9554],[10.172,55.9553],[10.1721,55.9553],[10.172,55.9552],[10.172,55.9552],[10.172,55.9552],[10.1719,55.9552],[10.1718,55.9551],[10.1716,55.9551],[10.1715,55.9551],[10.1714,55.9551],[10.1713,55.9552],[10.1713,55.9552],[10.1714,55.9553],[10.1715,55.9553],[10.1716,55.9554]]]},"properties":{"sourceId":"ais_par3.55838","a_type":5120,"hectares":0.097}},{"type":"Feature","id":"ais_par3.55839","geometry":{"type":"Polygon","coordinates":[[[10.2466,55.9539],[10.2464,55.954],[10.2463,55.954],[10.2461,55.9541],[10.2461,55.9541],[10.2462,55.9542],[10.2463,55.9543],[10.2464,55.9544],[10.2465,55.9544],[10.2466,55.9545],[10.2467,55.9545],[10.2468,55.9545],[10.2469,55.9545],[10.2475,55.9545],[10.2478,55.9545],[10.248,55.9545],[10.2483,55.9545],[10.2481,55.9544],[10.248,55.9544],[10.2474,55.9542],[10.2468,55.9541],[10.2467,55.9541],[10.2466,55.954],[10.2466,55.954],[10.2466,55.9539]]]},"properties":{"sourceId":"ais_par3.55839","a_type":4120,"hectares":0.434}},{"type":"Feature","id":"ais_par3.55840","geometry":{"type":"Polygon","coordinates":[[[10.1733,55.9548],[10.1733,55.9548],[10.1734,55.9548],[10.1734,55.9547],[10.1733,55.9547],[10.1733,55.9548]]]},"properties":{"sourceId":"ais_par3.55840","a_type":5120,"hectares":0.009}},{"type":"Feature","id":"ais_par3.55841","geometry":{"type":"Polygon","coordinates":[[[10.2466,55.9539],[10.2465,55.9539],[10.2465,55.9538],[10.2464,55.9538],[10.2463,55.9538],[10.2463,55.9538],[10.2462,55.9539],[10.2463,55.9539],[10.2464,55.954],[10.2466,55.9539]]]},"properties":{"sourceId":"ais_par3.55841","a_type":5120,"hectares":0.026}},{"type":"Feature","id":"ais_par3.55842","geometry":{"type":"Polygon","coordinates":[[[10.1628,55.9546],[10.1628,55.9545],[10.1626,55.9546],[10.1626,55.9547],[10.1628,55.9546]]]},"properties":{"sourceId":"ais_par3.55842","a_type":5120,"hectares":0.008}},{"type":"Feature","id":"ais_par3.55843","geometry":{"type":"Polygon","coordinates":[[[10.0597,55.9554],[10.0598,55.9555],[10.06,55.9555],[10.0601,55.9554],[10.0602,55.9554],[10.0598,55.9551],[10.0596,55.9551],[10.0595,55.9552],[10.0596,55.9554],[10.0597,55.9554]]]},"properties":{"sourceId":"ais_par3.55843","a_type":5120,"hectares":0.122}},{"type":"Feature","id":"ais_par3.55844","geometry":{"type":"Polygon","coordinates":[[[10.0512,55.9553],[10.0511,55.9554],[10.0512,55.9554],[10.0513,55.9555],[10.0514,55.9554],[10.0514,55.9554],[10.0514,55.9554],[10.0513,55.9553],[10.0512,55.9553],[10.0512,55.9553]]]},"properties":{"sourceId":"ais_par3.55844","a_type":5120,"hectares":0.02}},{"type":"Feature","id":"ais_par3.55845","geometry":{"type":"Polygon","coordinates":[[[10.0523,55.9554],[10.0524,55.9554],[10.0524,55.9553],[10.0524,55.9553],[10.0523,55.9552],[10.0521,55.9552],[10.0521,55.9553],[10.0522,55.9553],[10.0522,55.9554],[10.0523,55.9554]]]},"properties":{"sourceId":"ais_par3.55845","a_type":5120,"hectares":0.024}},{"type":"Feature","id":"ais_par3.55846","geometry":{"type":"Polygon","coordinates":[[[10.0952,55.955],[10.0953,55.9549],[10.0953,55.9549],[10.0953,55.9548],[10.0952,55.9547],[10.0951,55.9547],[10.095,55.9548],[10.095,55.9549],[10.095,55.9549],[10.095,55.955],[10.0951,55.955],[10.0952,55.955]]]},"properties":{"sourceId":"ais_par3.55846","a_type":5120,"hectares":0.044}},{"type":"Feature","id":"ais_par3.55847","geometry":{"type":"Polygon","coordinates":[[[10.2287,55.9532],[10.2284,55.9532],[10.2283,55.9533],[10.2285,55.9534],[10.2286,55.9534],[10.2287,55.9532]]]},"properties":{"sourceId":"ais_par3.55847","a_type":5120,"hectares":0.046}},{"type":"Feature","id":"ais_par3.55848","geometry":{"type":"Polygon","coordinates":[[[10.0531,55.9549],[10.0531,55.955],[10.0532,55.955],[10.0533,55.955],[10.0533,55.955],[10.0534,55.955],[10.0534,55.9549],[10.0533,55.9549],[10.0532,55.9549],[10.0531,55.9549]]]},"properties":{"sourceId":"ais_par3.55848","a_type":5120,"hectares":0.02}},{"type":"Feature","id":"ais_par3.55849","geometry":{"type":"Polygon","coordinates":[[[10.0387,55.9548],[10.0388,55.9547],[10.0387,55.9547],[10.0387,55.9546],[10.0386,55.9546],[10.0384,55.9546],[10.0383,55.9546],[10.0382,55.9546],[10.0385,55.9549],[10.0386,55.9549],[10.0387,55.9548]]]},"properties":{"sourceId":"ais_par3.55849","a_type":5120,"hectares":0.078}},{"type":"Feature","id":"ais_par3.55850","geometry":{"type":"Polygon","coordinates":[[[10.1643,55.9533],[10.1642,55.9533],[10.1641,55.9533],[10.164,55.9533],[10.164,55.9533],[10.1639,55.9534],[10.1639,55.9534],[10.1638,55.9535],[10.164,55.9535],[10.1641,55.9535],[10.1642,55.9534],[10.1643,55.9534],[10.1643,55.9533]]]},"properties":{"sourceId":"ais_par3.55850","a_type":5120,"hectares":0.043}},{"type":"Feature","id":"ais_par3.55851","geometry":{"type":"Polygon","coordinates":[[[10.1049,55.9537],[10.1049,55.9537],[10.1049,55.9536],[10.1049,55.9536],[10.1048,55.9536],[10.1047,55.9536],[10.1047,55.9536],[10.1047,55.9536],[10.1047,55.9537],[10.1048,55.9537],[10.1049,55.9537]]]},"properties":{"sourceId":"ais_par3.55851","a_type":5120,"hectares":0.017}},{"type":"Feature","id":"ais_par3.55852","geometry":{"type":"Polygon","coordinates":[[[10.1697,55.9528],[10.1698,55.9528],[10.1699,55.9528],[10.1699,55.9527],[10.1699,55.9527],[10.1699,55.9526],[10.1699,55.9526],[10.1699,55.9526],[10.1698,55.9525],[10.1698,55.9525],[10.1697,55.9525],[10.1696,55.9525],[10.1696,55.9525],[10.1695,55.9526],[10.1695,55.9526],[10.1694,55.9526],[10.1694,55.9527],[10.1695,55.9527],[10.1695,55.9527],[10.1695,55.9528],[10.1696,55.9528],[10.1697,55.9528]]]},"properties":{"sourceId":"ais_par3.55852","a_type":5120,"hectares":0.079}},{"type":"Feature","id":"ais_par3.55853","geometry":{"type":"Polygon","coordinates":[[[10.117,55.9527],[10.1169,55.9526],[10.1168,55.9526],[10.1167,55.9526],[10.1166,55.9527],[10.1166,55.9528],[10.1166,55.9528],[10.1166,55.9529],[10.1167,55.9529],[10.1168,55.9529],[10.1169,55.9529],[10.117,55.9528],[10.117,55.9527],[10.117,55.9527]]]},"properties":{"sourceId":"ais_par3.55853","a_type":5120,"hectares":0.069}},{"type":"Feature","id":"ais_par3.55854","geometry":{"type":"Polygon","coordinates":[[[10.1994,55.951],[10.1995,55.9509],[10.1995,55.9509],[10.1995,55.9509],[10.1994,55.9509],[10.1993,55.9509],[10.1993,55.9509],[10.1994,55.951],[10.1994,55.951]]]},"properties":{"sourceId":"ais_par3.55854","a_type":5120,"hectares":0.009}},{"type":"Feature","id":"ais_par3.55855","geometry":{"type":"Polygon","coordinates":[[[10.107,55.9518],[10.1071,55.9518],[10.1071,55.9517],[10.1071,55.9516],[10.1071,55.9516],[10.1071,55.9516],[10.107,55.9515],[10.1069,55.9515],[10.1068,55.9515],[10.1068,55.9515],[10.1068,55.9516],[10.1069,55.9517],[10.1069,55.9518],[10.107,55.9518]]]},"properties":{"sourceId":"ais_par3.55855","a_type":5120,"hectares":0.048}},{"type":"Feature","id":"ais_par3.55856","geometry":{"type":"Polygon","coordinates":[[[10.1577,55.9478],[10.1561,55.948],[10.156,55.9482],[10.1573,55.9495],[10.1576,55.9495],[10.1574,55.9492],[10.158,55.9491],[10.1582,55.9493],[10.1589,55.9491],[10.1577,55.9478]]]},"properties":{"sourceId":"ais_par3.55856","a_type":4110,"hectares":1.935}},{"type":"Feature","id":"ais_par3.55857","geometry":{"type":"Polygon","coordinates":[[[10.0573,55.9501],[10.0573,55.95],[10.0573,55.95],[10.0572,55.9499],[10.057,55.9499],[10.0569,55.9499],[10.0567,55.9498],[10.0566,55.9498],[10.0565,55.9498],[10.0564,55.9498],[10.0563,55.9498],[10.0563,55.9499],[10.0564,55.9499],[10.0565,55.9499],[10.0567,55.95],[10.0568,55.95],[10.0569,55.95],[10.057,55.95],[10.0571,55.9501],[10.0571,55.9501],[10.0573,55.9501]]]},"properties":{"sourceId":"ais_par3.55857","a_type":5120,"hectares":0.092}},{"type":"Feature","id":"ais_par3.55858","geometry":{"type":"Polygon","coordinates":[[[10.0624,55.9491],[10.0623,55.9491],[10.0622,55.9493],[10.0621,55.9494],[10.062,55.9496],[10.062,55.9497],[10.0621,55.9497],[10.0627,55.9496],[10.0626,55.9496],[10.0626,55.9495],[10.0625,55.9495],[10.0625,55.9495],[10.0624,55.9494],[10.0624,55.9494],[10.0624,55.9493],[10.0624,55.9493],[10.0624,55.9492],[10.0626,55.9491],[10.0626,55.9491],[10.0625,55.949],[10.0625,55.949],[10.0624,55.9491]]]},"properties":{"sourceId":"ais_par3.55858","a_type":5120,"hectares":0.158}},{"type":"Feature","id":"ais_par3.55859","geometry":{"type":"Polygon","coordinates":[[[10.1077,55.9487],[10.1075,55.9488],[10.1074,55.9488],[10.1074,55.9488],[10.1074,55.949],[10.1074,55.9491],[10.1073,55.9492],[10.108,55.9492],[10.1078,55.9487],[10.1077,55.9487]],[[10.1078,55.9488],[10.1078,55.9489],[10.1078,55.949],[10.1078,55.949],[10.1078,55.9491],[10.1076,55.9491],[10.1075,55.949],[10.1076,55.949],[10.1076,55.9489],[10.1077,55.9488],[10.1078,55.9488]]]},"properties":{"sourceId":"ais_par3.55859","a_type":4120,"hectares":0.134}},{"type":"Feature","id":"ais_par3.55860","geometry":{"type":"Polygon","coordinates":[[[10.1078,55.9488],[10.1077,55.9488],[10.1076,55.9489],[10.1076,55.949],[10.1075,55.949],[10.1076,55.9491],[10.1078,55.9491],[10.1078,55.949],[10.1078,55.949],[10.1078,55.9489],[10.1078,55.9488]]]},"properties":{"sourceId":"ais_par3.55860","a_type":5120,"hectares":0.034}},{"type":"Feature","id":"ais_par3.55861","geometry":{"type":"Polygon","coordinates":[[[10.2132,55.9477],[10.2131,55.9477],[10.213,55.9477],[10.213,55.9478],[10.2131,55.9478],[10.2132,55.9478],[10.2133,55.9479],[10.2134,55.9479],[10.2134,55.9478],[10.2133,55.9478],[10.2133,55.9477],[10.2132,55.9477]]]},"properties":{"sourceId":"ais_par3.55861","a_type":5120,"hectares":0.027}},{"type":"Feature","id":"ais_par3.55862","geometry":{"type":"Polygon","coordinates":[[[10.1226,55.9484],[10.1225,55.9485],[10.1225,55.9485],[10.1226,55.9486],[10.1227,55.9486],[10.1227,55.9485],[10.1227,55.9485],[10.1226,55.9484]]]},"properties":{"sourceId":"ais_par3.55862","a_type":5120,"hectares":0.013}},{"type":"Feature","id":"ais_par3.55863","geometry":{"type":"Polygon","coordinates":[[[10.1621,55.947],[10.1627,55.9481],[10.1663,55.9472],[10.1669,55.947],[10.1673,55.9468],[10.1677,55.9466],[10.1671,55.9464],[10.1683,55.9459],[10.1686,55.9453],[10.1688,55.9446],[10.1655,55.9451],[10.1654,55.9453],[10.1647,55.9462],[10.1647,55.9466],[10.1637,55.9468],[10.1635,55.9468],[10.1621,55.947]],[[10.1647,55.9467],[10.1647,55.9467],[10.1648,55.9467],[10.1649,55.9468],[10.1648,55.9469],[10.1648,55.9469],[10.1647,55.9469],[10.1647,55.9469],[10.1646,55.947],[10.1645,55.9469],[10.1644,55.9469],[10.1644,55.9468],[10.1644,55.9468],[10.1645,55.9467],[10.1645,55.9467],[10.1647,55.9467]]]},"properties":{"sourceId":"ais_par3.55863","a_type":4120,"hectares":6.725}},{"type":"Feature","id":"ais_par3.55864","geometry":{"type":"Polygon","coordinates":[[[10.0345,55.948],[10.0345,55.948],[10.0344,55.9481],[10.0344,55.9483],[10.0345,55.9483],[10.0346,55.9485],[10.0346,55.9486],[10.0345,55.9487],[10.0344,55.9487],[10.0344,55.9488],[10.0345,55.9489],[10.0347,55.949],[10.0352,55.9491],[10.0353,55.9491],[10.0355,55.9491],[10.0356,55.9491],[10.0358,55.9491],[10.0359,55.9492],[10.036,55.9491],[10.0362,55.9491],[10.0362,55.949],[10.0363,55.949],[10.0364,55.9489],[10.0365,55.9487],[10.0366,55.9486],[10.0366,55.9485],[10.0357,55.9483],[10.0357,55.9484],[10.0359,55.9486],[10.0358,55.9487],[10.0357,55.9487],[10.0356,55.9487],[10.0355,55.9486],[10.0355,55.9486],[10.0354,55.9485],[10.0353,55.9484],[10.0353,55.9484],[10.0354,55.9483],[10.0355,55.9483],[10.0356,55.9483],[10.0345,55.948]]]},"properties":{"sourceId":"ais_par3.55864","a_type":4120,"hectares":1.053}},{"type":"Feature","id":"ais_par3.55865","geometry":{"type":"Polygon","coordinates":[[[10.0816,55.9482],[10.0815,55.9483],[10.0816,55.9484],[10.0818,55.9485],[10.0818,55.9486],[10.0818,55.9486],[10.0818,55.9486],[10.0818,55.9487],[10.0818,55.9487],[10.0819,55.9488],[10.082,55.9488],[10.0821,55.9488],[10.0822,55.9487],[10.0823,55.9486],[10.0822,55.9484],[10.082,55.9483],[10.0818,55.9482],[10.0817,55.9482],[10.0816,55.9482]]]},"properties":{"sourceId":"ais_par3.55865","a_type":5120,"hectares":0.168}},{"type":"Feature","id":"ais_par3.55866","geometry":{"type":"Polygon","coordinates":[[[10.1921,55.9471],[10.1919,55.9472],[10.1922,55.9475],[10.1924,55.9476],[10.1925,55.9475],[10.1921,55.9471]]]},"properties":{"sourceId":"ais_par3.55866","a_type":5120,"hectares":0.081}},{"type":"Feature","id":"ais_par3.55867","geometry":{"type":"Polygon","coordinates":[[[10.1921,55.9471],[10.1919,55.9467],[10.1919,55.9466],[10.192,55.9464],[10.1922,55.9459],[10.1917,55.9453],[10.1915,55.9451],[10.1909,55.9445],[10.1905,55.9442],[10.1903,55.9443],[10.1903,55.9444],[10.1908,55.9447],[10.1914,55.9453],[10.1915,55.9454],[10.1915,55.9455],[10.1917,55.9464],[10.1917,55.9465],[10.1913,55.9465],[10.1913,55.9467],[10.1919,55.9475],[10.192,55.9476],[10.1922,55.9475],[10.1919,55.9472],[10.1921,55.9471]]]},"properties":{"sourceId":"ais_par3.55867","a_type":4110,"hectares":0.903}},{"type":"Feature","id":"ais_par3.55868","geometry":{"type":"Polygon","coordinates":[[[10.0535,55.9467],[10.0534,55.9466],[10.0527,55.9475],[10.0518,55.9487],[10.0521,55.9486],[10.0522,55.9485],[10.0524,55.9485],[10.0527,55.9481],[10.0528,55.9477],[10.0532,55.9472],[10.0535,55.9467]]]},"properties":{"sourceId":"ais_par3.55868","a_type":4120,"hectares":0.392}},{"type":"Feature","id":"ais_par3.55869","geometry":{"type":"Polygon","coordinates":[[[10.0466,55.9487],[10.0467,55.9487],[10.0467,55.9486],[10.0466,55.9486],[10.0465,55.9485],[10.0464,55.9485],[10.0462,55.9485],[10.0461,55.9485],[10.046,55.9486],[10.0464,55.9487],[10.0465,55.9487],[10.0466,55.9487]]]},"properties":{"sourceId":"ais_par3.55869","a_type":5120,"hectares":0.065}},{"type":"Feature","id":"ais_par3.55870","geometry":{"type":"Polygon","coordinates":[[[10.0657,55.948],[10.0657,55.9477],[10.0657,55.9477],[10.0656,55.9476],[10.0654,55.9477],[10.0653,55.9477],[10.0653,55.9477],[10.0654,55.9477],[10.0655,55.9478],[10.0654,55.9479],[10.0654,55.948],[10.0655,55.9482],[10.0653,55.9481],[10.0652,55.9481],[10.0654,55.9483],[10.0655,55.9483],[10.0655,55.9483],[10.0656,55.9483],[10.0657,55.9484],[10.0657,55.9484],[10.0657,55.9485],[10.0658,55.9485],[10.0659,55.9485],[10.0659,55.9484],[10.0659,55.9483],[10.0658,55.9481],[10.0657,55.948]]]},"properties":{"sourceId":"ais_par3.55870","a_type":5120,"hectares":0.205}},{"type":"Feature","id":"ais_par3.55871","geometry":{"type":"Polygon","coordinates":[[[10.0357,55.9483],[10.0356,55.9483],[10.0355,55.9483],[10.0354,55.9483],[10.0353,55.9484],[10.0353,55.9484],[10.0354,55.9485],[10.0355,55.9486],[10.0355,55.9486],[10.0356,55.9487],[10.0357,55.9487],[10.0358,55.9487],[10.0359,55.9486],[10.0357,55.9484],[10.0357,55.9483]]]},"properties":{"sourceId":"ais_par3.55871","a_type":5120,"hectares":0.104}},{"type":"Feature","id":"ais_par3.55872","geometry":{"type":"Polygon","coordinates":[[[10.0876,55.9482],[10.0876,55.9482],[10.0877,55.9483],[10.0878,55.9482],[10.0878,55.9482],[10.0878,55.9482],[10.0878,55.9481],[10.0877,55.9481],[10.0876,55.9482],[10.0876,55.9482]]]},"properties":{"sourceId":"ais_par3.55872","a_type":5120,"hectares":0.015}},{"type":"Feature","id":"ais_par3.55873","geometry":{"type":"Polygon","coordinates":[[[10.1641,55.9431],[10.164,55.9427],[10.1652,55.9425],[10.1651,55.9423],[10.1649,55.9424],[10.16,55.9433],[10.1605,55.9445],[10.1575,55.945],[10.1565,55.9471],[10.157,55.947],[10.1571,55.9472],[10.1582,55.947],[10.1582,55.9467],[10.1614,55.9461],[10.1613,55.946],[10.1654,55.9453],[10.1655,55.9451],[10.1688,55.9446],[10.1688,55.9441],[10.166,55.9446],[10.1657,55.944],[10.166,55.944],[10.1658,55.9436],[10.1685,55.9431],[10.1685,55.9431],[10.1686,55.943],[10.1687,55.943],[10.1687,55.943],[10.1688,55.9431],[10.1693,55.943],[10.1699,55.9426],[10.17,55.9425],[10.1701,55.9424],[10.1693,55.9424],[10.1692,55.9424],[10.1651,55.9432],[10.165,55.9432],[10.1634,55.9435],[10.1633,55.9433],[10.1641,55.9431]],[[10.1657,55.9446],[10.1658,55.9449],[10.1612,55.9458],[10.1609,55.9456],[10.1609,55.9455],[10.1657,55.9446]]]},"properties":{"sourceId":"ais_par3.55873","a_type":4110,"hectares":16.224}},{"type":"Feature","id":"ais_par3.55874","geometry":{"type":"Polygon","coordinates":[[[10.1147,55.9475],[10.1148,55.9475],[10.1149,55.9475],[10.1149,55.9474],[10.1149,55.9473],[10.1148,55.9473],[10.1147,55.9473],[10.1144,55.9473],[10.1144,55.9474],[10.1144,55.9474],[10.1145,55.9475],[10.1146,55.9475],[10.1147,55.9475]]]},"properties":{"sourceId":"ais_par3.55874","a_type":5120,"hectares":0.062}},{"type":"Feature","id":"ais_par3.55875","geometry":{"type":"Polygon","coordinates":[[[10.1647,55.9467],[10.1645,55.9467],[10.1645,55.9467],[10.1644,55.9468],[10.1644,55.9468],[10.1644,55.9469],[10.1645,55.9469],[10.1646,55.947],[10.1647,55.9469],[10.1647,55.9469],[10.1648,55.9469],[10.1648,55.9469],[10.1649,55.9468],[10.1648,55.9467],[10.1647,55.9467],[10.1647,55.9467]]]},"properties":{"sourceId":"ais_par3.55875","a_type":5120,"hectares":0.066}},{"type":"Feature","id":"ais_par3.55876","geometry":{"type":"Polygon","coordinates":[[[10.1646,55.9466],[10.1647,55.9462],[10.1639,55.9463],[10.1619,55.9466],[10.1621,55.947],[10.1635,55.9467],[10.1638,55.9467],[10.1646,55.9466]]]},"properties":{"sourceId":"ais_par3.55876","a_type":4110,"hectares":0.695}},{"type":"Feature","id":"ais_par3.55877","geometry":{"type":"Polygon","coordinates":[[[10.0397,55.9472],[10.0398,55.9472],[10.0398,55.9471],[10.0397,55.947],[10.0395,55.9469],[10.0394,55.9469],[10.0393,55.9469],[10.0391,55.947],[10.0391,55.9472],[10.0393,55.9472],[10.0395,55.9473],[10.0397,55.9472]]]},"properties":{"sourceId":"ais_par3.55877","a_type":5120,"hectares":0.136}},{"type":"Feature","id":"ais_par3.55878","geometry":{"type":"Polygon","coordinates":[[[10.0579,55.9464],[10.0576,55.9465],[10.0576,55.9467],[10.0577,55.9468],[10.058,55.9468],[10.0585,55.9468],[10.0593,55.9467],[10.0595,55.9465],[10.0594,55.9462],[10.0587,55.9463],[10.0586,55.9464],[10.0586,55.9465],[10.0585,55.9464],[10.0584,55.9464],[10.0583,55.9464],[10.0579,55.9464]]]},"properties":{"sourceId":"ais_par3.55878","a_type":4120,"hectares":0.541}},{"type":"Feature","id":"ais_par3.55879","geometry":{"type":"Polygon","coordinates":[[[10.0587,55.9462],[10.0587,55.9461],[10.0585,55.946],[10.0583,55.946],[10.0582,55.9461],[10.0583,55.9464],[10.0584,55.9464],[10.0585,55.9464],[10.0586,55.9465],[10.0586,55.9464],[10.0587,55.9463],[10.0587,55.9462]]]},"properties":{"sourceId":"ais_par3.55879","a_type":5120,"hectares":0.118}},{"type":"Feature","id":"ais_par3.55880","geometry":{"type":"Polygon","coordinates":[[[10.1121,55.9459],[10.1121,55.9459],[10.1121,55.9458],[10.1118,55.9458],[10.1118,55.9458],[10.1118,55.9458],[10.1119,55.9459],[10.1119,55.9459],[10.1121,55.9459]]]},"properties":{"sourceId":"ais_par3.55880","a_type":5120,"hectares":0.026}},{"type":"Feature","id":"ais_par3.55881","geometry":{"type":"Polygon","coordinates":[[[10.1545,55.9425],[10.1544,55.9425],[10.153,55.9427],[10.1531,55.943],[10.1532,55.943],[10.1548,55.9428],[10.1549,55.9428],[10.1552,55.9437],[10.1552,55.9438],[10.1531,55.944],[10.1532,55.9447],[10.1542,55.9446],[10.1545,55.9455],[10.1572,55.9452],[10.1592,55.9419],[10.1556,55.9424],[10.1545,55.9425]]]},"properties":{"sourceId":"ais_par3.55881","a_type":4110,"hectares":8.512}},{"type":"Feature","id":"ais_par3.55882","geometry":{"type":"Polygon","coordinates":[[[10.032,55.9458],[10.0321,55.9457],[10.0318,55.9455],[10.0318,55.9454],[10.0317,55.9456],[10.0318,55.9458],[10.032,55.9458]]]},"properties":{"sourceId":"ais_par3.55882","a_type":4120,"hectares":0.039}},{"type":"Feature","id":"ais_par3.55883","geometry":{"type":"Polygon","coordinates":[[[10.0362,55.9459],[10.0357,55.9455],[10.0356,55.9454],[10.0351,55.9453],[10.0333,55.9451],[10.032,55.9452],[10.0311,55.945],[10.0305,55.9451],[10.0304,55.9454],[10.0305,55.9455],[10.0308,55.9457],[10.0307,55.9455],[10.0306,55.9455],[10.0306,55.9454],[10.0309,55.9454],[10.0309,55.9454],[10.0309,55.9454],[10.031,55.9455],[10.031,55.9456],[10.0312,55.9456],[10.0312,55.9453],[10.0313,55.9453],[10.0315,55.9453],[10.0315,55.9454],[10.0316,55.9454],[10.0318,55.9454],[10.032,55.9454],[10.032,55.9453],[10.0321,55.9453],[10.0322,55.9455],[10.0323,55.9456],[10.0323,55.9457],[10.0322,55.9457],[10.0322,55.9457],[10.0322,55.9458],[10.0324,55.9458],[10.0327,55.9458],[10.0327,55.9457],[10.0329,55.9457],[10.0329,55.9458],[10.0328,55.9458],[10.0327,55.9459],[10.0328,55.946],[10.033,55.9461],[10.033,55.9462],[10.0328,55.9462],[10.0328,55.9461],[10.0327,55.946],[10.0327,55.9461],[10.0326,55.9461],[10.0326,55.946],[10.0325,55.9459],[10.0323,55.9458],[10.0321,55.9458],[10.032,55.9458],[10.0318,55.9458],[10.0314,55.9457],[10.0308,55.9457],[10.0313,55.9459],[10.0314,55.9459],[10.0318,55.946],[10.0324,55.9463],[10.0329,55.9464],[10.0334,55.9464],[10.0334,55.9464],[10.0338,55.9464],[10.034,55.9464],[10.0341,55.9464],[10.0352,55.9463],[10.0358,55.9463],[10.0363,55.9463],[10.0362,55.9459]],[[10.0336,55.9462],[10.0334,55.9462],[10.0334,55.9462],[10.0334,55.9461],[10.0335,55.9461],[10.0336,55.9462],[10.0336,55.9462]],[[10.0336,55.9462],[10.0337,55.9462],[10.0337,55.9461],[10.0338,55.946],[10.034,55.946],[10.0341,55.9459],[10.0341,55.9458],[10.034,55.9458],[10.0339,55.9457],[10.0339,55.9457],[10.0341,55.9457],[10.0344,55.9457],[10.0344,55.9456],[10.034,55.9455],[10.0341,55.9455],[10.0349,55.9456],[10.0352,55.9457],[10.0356,55.9458],[10.036,55.946],[10.0361,55.9462],[10.036,55.9462],[10.0356,55.9462],[10.0354,55.9462],[10.0352,55.946],[10.0354,55.946],[10.0355,55.9461],[10.0355,55.946],[10.0356,55.946],[10.0356,55.9459],[10.0354,55.9459],[10.0353,55.9459],[10.0352,55.9459],[10.0351,55.9459],[10.0351,55.946],[10.0349,55.9461],[10.0347,55.9461],[10.0348,55.9462],[10.0344,55.9463],[10.0343,55.9462],[10.0341,55.9462],[10.034,55.9462],[10.0338,55.9462],[10.0336,55.9462]]]},"properties":{"sourceId":"ais_par3.55883","a_type":4120,"hectares":2.758}},{"type":"Feature","id":"ais_par3.55884","geometry":{"type":"Polygon","coordinates":[[[10.0336,55.9462],[10.0338,55.9462],[10.034,55.9462],[10.0341,55.9462],[10.0343,55.9462],[10.0344,55.9463],[10.0348,55.9462],[10.0347,55.9461],[10.0349,55.9461],[10.0351,55.946],[10.0351,55.9459],[10.0352,55.9459],[10.0353,55.9459],[10.0354,55.9459],[10.0356,55.9459],[10.0356,55.946],[10.0355,55.946],[10.0355,55.9461],[10.0354,55.946],[10.0352,55.946],[10.0354,55.9462],[10.0356,55.9462],[10.036,55.9462],[10.0361,55.9462],[10.036,55.946],[10.0356,55.9458],[10.0352,55.9457],[10.0349,55.9456],[10.0341,55.9455],[10.034,55.9455],[10.0344,55.9456],[10.0344,55.9457],[10.0341,55.9457],[10.0339,55.9457],[10.0339,55.9457],[10.034,55.9458],[10.0341,55.9458],[10.0341,55.9459],[10.034,55.946],[10.0338,55.946],[10.0337,55.9461],[10.0337,55.9462],[10.0336,55.9462]]]},"properties":{"sourceId":"ais_par3.55884","a_type":5120,"hectares":0.676}},{"type":"Feature","id":"ais_par3.55885","geometry":{"type":"Polygon","coordinates":[[[10.0336,55.9462],[10.0335,55.9461],[10.0334,55.9461],[10.0334,55.9462],[10.0334,55.9462],[10.0336,55.9462],[10.0336,55.9462]]]},"properties":{"sourceId":"ais_par3.55885","a_type":5120,"hectares":0.018}},{"type":"Feature","id":"ais_par3.55886","geometry":{"type":"Polygon","coordinates":[[[10.032,55.9458],[10.0321,55.9458],[10.0323,55.9458],[10.0325,55.9459],[10.0326,55.946],[10.0326,55.9461],[10.0327,55.9461],[10.0327,55.946],[10.0328,55.9461],[10.0328,55.9462],[10.033,55.9462],[10.033,55.9461],[10.0328,55.946],[10.0327,55.9459],[10.0328,55.9458],[10.0329,55.9458],[10.0329,55.9457],[10.0327,55.9457],[10.0327,55.9458],[10.0324,55.9458],[10.0322,55.9458],[10.0322,55.9457],[10.0322,55.9457],[10.0323,55.9457],[10.0323,55.9456],[10.0322,55.9455],[10.0321,55.9453],[10.032,55.9453],[10.032,55.9454],[10.0318,55.9454],[10.0318,55.9455],[10.0321,55.9457],[10.032,55.9458]]]},"properties":{"sourceId":"ais_par3.55886","a_type":5120,"hectares":0.158}},{"type":"Feature","id":"ais_par3.55887","geometry":{"type":"Polygon","coordinates":[[[10.032,55.9458],[10.0318,55.9458],[10.0317,55.9456],[10.0318,55.9454],[10.0316,55.9454],[10.0315,55.9454],[10.0315,55.9453],[10.0313,55.9453],[10.0312,55.9453],[10.0312,55.9456],[10.031,55.9456],[10.031,55.9455],[10.0309,55.9454],[10.0309,55.9454],[10.0309,55.9454],[10.0306,55.9454],[10.0306,55.9455],[10.0307,55.9455],[10.0308,55.9457],[10.0314,55.9457],[10.0318,55.9458],[10.032,55.9458]]]},"properties":{"sourceId":"ais_par3.55887","a_type":5120,"hectares":0.228}},{"type":"Feature","id":"ais_par3.55888","geometry":{"type":"Polygon","coordinates":[[[10.1213,55.9454],[10.1214,55.9454],[10.1214,55.9453],[10.1214,55.9453],[10.1213,55.9452],[10.1212,55.9452],[10.1211,55.9452],[10.121,55.9453],[10.121,55.9453],[10.1211,55.9454],[10.1213,55.9454],[10.1213,55.9454]]]},"properties":{"sourceId":"ais_par3.55888","a_type":5120,"hectares":0.038}},{"type":"Feature","id":"ais_par3.55889","geometry":{"type":"Polygon","coordinates":[[[10.16,55.9433],[10.16,55.9433],[10.1649,55.9424],[10.1646,55.9421],[10.1585,55.9432],[10.1576,55.945],[10.1605,55.9445],[10.16,55.9433]],[[10.159,55.944],[10.1589,55.944],[10.1589,55.9439],[10.1589,55.9439],[10.1589,55.9438],[10.159,55.9438],[10.1591,55.9437],[10.1594,55.9437],[10.1595,55.9437],[10.1596,55.9437],[10.1596,55.9437],[10.1597,55.9437],[10.1597,55.9438],[10.1597,55.9438],[10.1597,55.9439],[10.1597,55.9439],[10.1596,55.9439],[10.1596,55.9439],[10.1595,55.944],[10.1594,55.944],[10.1593,55.9439],[10.1592,55.9439],[10.159,55.944]]]},"properties":{"sourceId":"ais_par3.55889","a_type":4120,"hectares":3.317}},{"type":"Feature","id":"ais_par3.55890","geometry":{"type":"Polygon","coordinates":[[[10.0835,55.9425],[10.0826,55.9441],[10.082,55.944],[10.0828,55.9442],[10.0829,55.9441],[10.0831,55.9442],[10.0832,55.9443],[10.0834,55.9444],[10.0839,55.9439],[10.0861,55.9445],[10.0862,55.9448],[10.0862,55.9449],[10.0861,55.945],[10.086,55.945],[10.0859,55.9451],[10.0867,55.9454],[10.0872,55.9448],[10.0835,55.9425]]]},"properties":{"sourceId":"ais_par3.55890","a_type":3210,"hectares":2.659}},{"type":"Feature","id":"ais_par3.55891","geometry":{"type":"Polygon","coordinates":[[[10.159,55.944],[10.1592,55.9439],[10.1593,55.9439],[10.1594,55.944],[10.1595,55.944],[10.1596,55.9439],[10.1596,55.9439],[10.1597,55.9439],[10.1597,55.9439],[10.1597,55.9438],[10.1597,55.9438],[10.1597,55.9437],[10.1596,55.9437],[10.1596,55.9437],[10.1595,55.9437],[10.1594,55.9437],[10.1591,55.9437],[10.159,55.9438],[10.1589,55.9438],[10.1589,55.9439],[10.1589,55.9439],[10.1589,55.944],[10.159,55.944]]]},"properties":{"sourceId":"ais_par3.55891","a_type":5120,"hectares":0.137}},{"type":"Feature","id":"ais_par3.55892","geometry":{"type":"Polygon","coordinates":[[[10.1532,55.943],[10.1536,55.9439],[10.1552,55.9437],[10.1548,55.9428],[10.1532,55.943]]]},"properties":{"sourceId":"ais_par3.55892","a_type":4120,"hectares":1.026}},{"type":"Feature","id":"ais_par3.55893","geometry":{"type":"Polygon","coordinates":[[[10.1719,55.9432],[10.172,55.9433],[10.172,55.9433],[10.1721,55.9433],[10.1722,55.9434],[10.1723,55.9434],[10.1724,55.9434],[10.1725,55.9435],[10.1725,55.9434],[10.1725,55.9434],[10.1724,55.9433],[10.1723,55.9433],[10.1723,55.9432],[10.1722,55.9432],[10.1721,55.9432],[10.172,55.9432],[10.172,55.9431],[10.1719,55.9431],[10.1719,55.9432],[10.1719,55.9432]]]},"properties":{"sourceId":"ais_par3.55893","a_type":5120,"hectares":0.056}},{"type":"Feature","id":"ais_par3.55894","geometry":{"type":"Polygon","coordinates":[[[10.1651,55.9423],[10.1652,55.9423],[10.1653,55.9425],[10.1652,55.9425],[10.164,55.9427],[10.1641,55.9431],[10.1634,55.9434],[10.1635,55.9435],[10.1646,55.9433],[10.1644,55.9432],[10.1643,55.9432],[10.1643,55.9431],[10.1644,55.943],[10.1646,55.943],[10.1649,55.9429],[10.1651,55.9429],[10.1651,55.943],[10.1652,55.943],[10.1652,55.9431],[10.1651,55.9432],[10.1692,55.9424],[10.1686,55.9421],[10.168,55.9422],[10.1676,55.9418],[10.1684,55.9416],[10.1682,55.9414],[10.1673,55.9416],[10.1669,55.9411],[10.1642,55.9416],[10.1649,55.9423],[10.1651,55.9423]],[[10.1675,55.9419],[10.1676,55.9419],[10.1676,55.942],[10.1675,55.942],[10.1674,55.942],[10.1672,55.9421],[10.1671,55.9421],[10.167,55.9421],[10.1669,55.9421],[10.1668,55.9421],[10.1666,55.9422],[10.1665,55.9422],[10.1664,55.9422],[10.1663,55.9422],[10.1663,55.9421],[10.1663,55.9421],[10.1664,55.9421],[10.1665,55.942],[10.1667,55.942],[10.1668,55.9419],[10.167,55.9419],[10.1672,55.9419],[10.1675,55.9419]]]},"properties":{"sourceId":"ais_par3.55894","a_type":4120,"hectares":4.028}},{"type":"Feature","id":"ais_par3.55895","geometry":{"type":"Polygon","coordinates":[[[10.1321,55.9423],[10.1321,55.9426],[10.132,55.9427],[10.1317,55.9432],[10.1322,55.9433],[10.1327,55.9436],[10.1331,55.9433],[10.1334,55.943],[10.1338,55.9427],[10.1337,55.9427],[10.1336,55.9427],[10.1336,55.9426],[10.1335,55.9425],[10.1336,55.9424],[10.1338,55.9425],[10.1339,55.9425],[10.134,55.9421],[10.1336,55.942],[10.1333,55.9407],[10.1334,55.9404],[10.1334,55.9398],[10.1331,55.9397],[10.1328,55.9396],[10.1327,55.9395],[10.1327,55.9395],[10.1327,55.9394],[10.1326,55.9394],[10.1326,55.9393],[10.1326,55.9392],[10.1326,55.9391],[10.1326,55.9389],[10.1327,55.9388],[10.1327,55.9388],[10.1327,55.9387],[10.1328,55.9386],[10.1329,55.9385],[10.133,55.9385],[10.1332,55.9384],[10.1332,55.9384],[10.1334,55.9382],[10.1333,55.9381],[10.1331,55.9381],[10.133,55.9381],[10.1328,55.9382],[10.1327,55.9384],[10.1325,55.9386],[10.1324,55.9387],[10.1321,55.9387],[10.1321,55.9423]]]},"properties":{"sourceId":"ais_par3.55895","a_type":3210,"hectares":4.25}},{"type":"Feature","id":"ais_par3.55896","geometry":{"type":"Polygon","coordinates":[[[10.1651,55.9432],[10.1652,55.9431],[10.1652,55.943],[10.1651,55.943],[10.1651,55.9429],[10.1649,55.9429],[10.1646,55.943],[10.1644,55.943],[10.1643,55.9431],[10.1643,55.9432],[10.1644,55.9432],[10.1646,55.9433],[10.1647,55.9432],[10.1648,55.9432],[10.165,55.9432],[10.1651,55.9432]]]},"properties":{"sourceId":"ais_par3.55896","a_type":5120,"hectares":0.15}},{"type":"Feature","id":"ais_par3.55897","geometry":{"type":"Polygon","coordinates":[[[10.1685,55.9431],[10.1686,55.9432],[10.1686,55.9432],[10.1687,55.9432],[10.1687,55.9432],[10.1688,55.9432],[10.1688,55.9431],[10.1688,55.9431],[10.1688,55.9431],[10.1687,55.943],[10.1687,55.943],[10.1686,55.943],[10.1685,55.9431],[10.1685,55.9431]]]},"properties":{"sourceId":"ais_par3.55897","a_type":5120,"hectares":0.029}},{"type":"Feature","id":"ais_par3.55898","geometry":{"type":"Polygon","coordinates":[[[10.1694,55.9411],[10.1691,55.9408],[10.1687,55.9405],[10.1684,55.9404],[10.1591,55.9423],[10.1587,55.9431],[10.1645,55.942],[10.1642,55.9416],[10.1642,55.9416],[10.167,55.941],[10.1674,55.9415],[10.1694,55.9411]]]},"properties":{"sourceId":"ais_par3.55898","a_type":4110,"hectares":4.746}},{"type":"Feature","id":"ais_par3.55899","geometry":{"type":"Polygon","coordinates":[[[10.1544,55.9425],[10.1543,55.9422],[10.1529,55.9423],[10.153,55.9427],[10.1544,55.9425]]]},"properties":{"sourceId":"ais_par3.55899","a_type":4120,"hectares":0.323}},{"type":"Feature","id":"ais_par3.55900","geometry":{"type":"Polygon","coordinates":[[[10.1338,55.9427],[10.1339,55.9426],[10.1339,55.9426],[10.1339,55.9425],[10.1338,55.9425],[10.1336,55.9424],[10.1335,55.9425],[10.1336,55.9426],[10.1336,55.9427],[10.1337,55.9427],[10.1338,55.9427]]]},"properties":{"sourceId":"ais_par3.55900","a_type":5120,"hectares":0.043}},{"type":"Feature","id":"ais_par3.55901","geometry":{"type":"Polygon","coordinates":[[[10.1577,55.9418],[10.1567,55.9416],[10.1567,55.9415],[10.155,55.9417],[10.1548,55.941],[10.1537,55.9412],[10.1537,55.9414],[10.1531,55.9414],[10.1523,55.9416],[10.1524,55.9419],[10.1523,55.9419],[10.1525,55.9424],[10.1529,55.9423],[10.1544,55.9421],[10.1544,55.9425],[10.1545,55.9425],[10.1556,55.9424],[10.1554,55.942],[10.1569,55.9419],[10.1575,55.9418],[10.1577,55.9418]],[[10.1541,55.9415],[10.1542,55.9415],[10.1542,55.9416],[10.1542,55.9416],[10.1542,55.9417],[10.1542,55.9417],[10.1541,55.9417],[10.154,55.9417],[10.1539,55.9417],[10.1539,55.9417],[10.1539,55.9416],[10.1538,55.9416],[10.1538,55.9415],[10.1539,55.9415],[10.1541,55.9415]]]},"properties":{"sourceId":"ais_par3.55901","a_type":4110,"hectares":2.351}},{"type":"Feature","id":"ais_par3.55902","geometry":{"type":"Polygon","coordinates":[[[10.1591,55.9418],[10.159,55.9413],[10.158,55.9414],[10.1577,55.9418],[10.1584,55.9417],[10.1584,55.9419],[10.1591,55.9418]]]},"properties":{"sourceId":"ais_par3.55902","a_type":4110,"hectares":0.38}},{"type":"Feature","id":"ais_par3.55903","geometry":{"type":"Polygon","coordinates":[[[10.1675,55.9419],[10.1672,55.9419],[10.167,55.9419],[10.1668,55.9419],[10.1667,55.942],[10.1665,55.942],[10.1664,55.9421],[10.1663,55.9421],[10.1663,55.9421],[10.1663,55.9422],[10.1664,55.9422],[10.1665,55.9422],[10.1666,55.9422],[10.1668,55.9421],[10.1669,55.9421],[10.167,55.9421],[10.1671,55.9421],[10.1672,55.9421],[10.1674,55.942],[10.1675,55.942],[10.1676,55.942],[10.1676,55.9419],[10.1675,55.9419]]]},"properties":{"sourceId":"ais_par3.55903","a_type":5120,"hectares":0.166}},{"type":"Feature","id":"ais_par3.55904","geometry":{"type":"Polygon","coordinates":[[[10.1584,55.9419],[10.1583,55.9417],[10.1568,55.9419],[10.1556,55.9421],[10.1557,55.9423],[10.1584,55.9419]]]},"properties":{"sourceId":"ais_par3.55904","a_type":4120,"hectares":0.42}},{"type":"Feature","id":"ais_par3.55905","geometry":{"type":"Polygon","coordinates":[[[10.1594,55.9418],[10.1593,55.9419],[10.1592,55.9422],[10.166,55.9408],[10.1653,55.9406],[10.1594,55.9418]]]},"properties":{"sourceId":"ais_par3.55905","a_type":4120,"hectares":1.678}},{"type":"Feature","id":"ais_par3.55906","geometry":{"type":"Polygon","coordinates":[[[10.0399,55.9431],[10.0398,55.943],[10.0398,55.943],[10.0397,55.943],[10.0396,55.9429],[10.0395,55.943],[10.0394,55.943],[10.0391,55.9432],[10.0392,55.9432],[10.0394,55.9432],[10.0395,55.9432],[10.0396,55.9432],[10.0398,55.9432],[10.0399,55.9431]]]},"properties":{"sourceId":"ais_par3.55906","a_type":5120,"hectares":0.108}},{"type":"Feature","id":"ais_par3.55907","geometry":{"type":"Polygon","coordinates":[[[10.042,55.9431],[10.0421,55.9431],[10.0421,55.9429],[10.0419,55.9429],[10.0419,55.9431],[10.0419,55.9431],[10.042,55.9431]]]},"properties":{"sourceId":"ais_par3.55907","a_type":5120,"hectares":0.03}},{"type":"Feature","id":"ais_par3.55908","geometry":{"type":"Polygon","coordinates":[[[10.1679,55.94],[10.167,55.939],[10.1662,55.9392],[10.166,55.939],[10.1655,55.9391],[10.1652,55.9387],[10.1589,55.9402],[10.1593,55.9417],[10.1679,55.94]]]},"properties":{"sourceId":"ais_par3.55908","a_type":4110,"hectares":9.282}},{"type":"Feature","id":"ais_par3.55909","geometry":{"type":"Polygon","coordinates":[[[10.1541,55.9415],[10.1539,55.9415],[10.1538,55.9415],[10.1538,55.9416],[10.1539,55.9416],[10.1539,55.9417],[10.1539,55.9417],[10.154,55.9417],[10.1541,55.9417],[10.1542,55.9417],[10.1542,55.9417],[10.1542,55.9416],[10.1542,55.9416],[10.1542,55.9415],[10.1541,55.9415]]]},"properties":{"sourceId":"ais_par3.55909","a_type":5120,"hectares":0.056}},{"type":"Feature","id":"ais_par3.55910","geometry":{"type":"Polygon","coordinates":[[[10.1537,55.9411],[10.1549,55.941],[10.1551,55.9417],[10.1568,55.9415],[10.1568,55.9416],[10.1576,55.9417],[10.1579,55.9413],[10.159,55.9412],[10.1587,55.9403],[10.1584,55.9396],[10.1557,55.9399],[10.156,55.9389],[10.1573,55.9383],[10.1571,55.938],[10.154,55.9375],[10.153,55.9372],[10.1527,55.9372],[10.1532,55.9364],[10.1524,55.9363],[10.1514,55.938],[10.151,55.9379],[10.1501,55.9393],[10.15,55.9395],[10.1499,55.94],[10.1503,55.9403],[10.1505,55.9401],[10.1512,55.9403],[10.1518,55.939],[10.1534,55.9393],[10.1533,55.9396],[10.1537,55.9396],[10.1537,55.9411]]]},"properties":{"sourceId":"ais_par3.55910","a_type":4120,"hectares":15.036}},{"type":"Feature","id":"ais_par3.55911","geometry":{"type":"Polygon","coordinates":[[[10.0333,55.94],[10.0323,55.9401],[10.0322,55.9404],[10.0317,55.9404],[10.0316,55.9405],[10.0312,55.9404],[10.031,55.9402],[10.0309,55.9402],[10.0307,55.9402],[10.0299,55.9407],[10.0297,55.9409],[10.0296,55.9411],[10.0296,55.9413],[10.0297,55.9413],[10.0299,55.9413],[10.0301,55.9413],[10.0303,55.9412],[10.0307,55.9412],[10.0312,55.9412],[10.0315,55.9413],[10.0317,55.9414],[10.0319,55.9414],[10.0323,55.9414],[10.0324,55.9415],[10.0322,55.9417],[10.0322,55.9418],[10.0323,55.9418],[10.0324,55.9418],[10.0327,55.9417],[10.0329,55.9416],[10.033,55.9416],[10.033,55.9415],[10.0331,55.9414],[10.0331,55.9413],[10.033,55.9412],[10.0331,55.9408],[10.0333,55.94]],[[10.0306,55.9409],[10.0305,55.941],[10.0304,55.941],[10.0303,55.9411],[10.0302,55.941],[10.0302,55.941],[10.0303,55.941],[10.0304,55.9409],[10.0302,55.9408],[10.0302,55.9408],[10.0302,55.9407],[10.0305,55.9405],[10.0308,55.9403],[10.0309,55.9404],[10.031,55.9404],[10.0311,55.9404],[10.031,55.9405],[10.0312,55.9406],[10.0315,55.9407],[10.0315,55.9407],[10.0317,55.9408],[10.0318,55.9407],[10.0318,55.9408],[10.0321,55.9408],[10.0321,55.9407],[10.0323,55.9407],[10.0325,55.9406],[10.0325,55.9407],[10.0324,55.9407],[10.0324,55.9409],[10.0326,55.9409],[10.0324,55.9411],[10.0322,55.941],[10.032,55.941],[10.0316,55.941],[10.0316,55.9411],[10.0313,55.941],[10.0313,55.9409],[10.0311,55.9409],[10.0311,55.941],[10.031,55.941],[10.031,55.9409],[10.0307,55.9409],[10.0306,55.9409]]]},"properties":{"sourceId":"ais_par3.55911","a_type":4120,"hectares":1.933}},{"type":"Feature","id":"ais_par3.55912","geometry":{"type":"Polygon","coordinates":[[[10.1469,55.9387],[10.1475,55.9389],[10.1478,55.9386],[10.1474,55.9384],[10.147,55.9383],[10.1468,55.9383],[10.1459,55.9381],[10.1451,55.938],[10.1447,55.9379],[10.1443,55.938],[10.144,55.938],[10.1437,55.9381],[10.1434,55.9385],[10.1429,55.9388],[10.1427,55.9389],[10.1427,55.9392],[10.1429,55.9399],[10.1431,55.9403],[10.1432,55.9405],[10.1436,55.9406],[10.1441,55.9393],[10.1444,55.9388],[10.1452,55.939],[10.1454,55.9386],[10.1467,55.9389],[10.1469,55.9387]]]},"properties":{"sourceId":"ais_par3.55912","a_type":3210,"hectares":3.339}},{"type":"Feature","id":"ais_par3.55913","geometry":{"type":"Polygon","coordinates":[[[10.1065,55.9405],[10.1065,55.9406],[10.1066,55.9407],[10.1067,55.9407],[10.1068,55.9407],[10.1069,55.9405],[10.1069,55.9404],[10.1068,55.9403],[10.1065,55.9405]]]},"properties":{"sourceId":"ais_par3.55913","a_type":5120,"hectares":0.069}},{"type":"Feature","id":"ais_par3.55914","geometry":{"type":"Polygon","coordinates":[[[10.0379,55.9411],[10.0379,55.9412],[10.0379,55.9412],[10.038,55.9412],[10.0381,55.9412],[10.0382,55.9412],[10.0383,55.9411],[10.0383,55.9411],[10.0384,55.9411],[10.0384,55.941],[10.0385,55.9409],[10.0385,55.9408],[10.0385,55.9408],[10.0379,55.9411]]]},"properties":{"sourceId":"ais_par3.55914","a_type":5120,"hectares":0.088}},{"type":"Feature","id":"ais_par3.55915","geometry":{"type":"Polygon","coordinates":[[[10.0306,55.9409],[10.0307,55.9409],[10.031,55.9409],[10.031,55.941],[10.0311,55.941],[10.0311,55.9409],[10.0313,55.9409],[10.0313,55.941],[10.0316,55.9411],[10.0316,55.941],[10.032,55.941],[10.0322,55.941],[10.0324,55.9411],[10.0326,55.9409],[10.0324,55.9409],[10.0324,55.9407],[10.0325,55.9407],[10.0325,55.9406],[10.0323,55.9407],[10.0321,55.9407],[10.0321,55.9408],[10.0318,55.9408],[10.0318,55.9407],[10.0317,55.9408],[10.0315,55.9407],[10.0315,55.9407],[10.0312,55.9406],[10.031,55.9405],[10.0311,55.9404],[10.031,55.9404],[10.0309,55.9404],[10.0308,55.9403],[10.0305,55.9405],[10.0302,55.9407],[10.0302,55.9408],[10.0302,55.9408],[10.0304,55.9409],[10.0303,55.941],[10.0302,55.941],[10.0302,55.941],[10.0303,55.9411],[10.0304,55.941],[10.0305,55.941],[10.0306,55.9409]]]},"properties":{"sourceId":"ais_par3.55915","a_type":5120,"hectares":0.599}},{"type":"Feature","id":"ais_par3.55916","geometry":{"type":"Polygon","coordinates":[[[10.1574,55.9384],[10.1561,55.939],[10.1558,55.9398],[10.1583,55.9395],[10.1579,55.9391],[10.1578,55.9388],[10.1574,55.9384]]]},"properties":{"sourceId":"ais_par3.55916","a_type":4110,"hectares":1.352}},{"type":"Feature","id":"ais_par3.55917","geometry":{"type":"Polygon","coordinates":[[[10.1523,55.9354],[10.1514,55.9352],[10.1513,55.9354],[10.1517,55.9354],[10.1516,55.9355],[10.1514,55.9358],[10.1509,55.9357],[10.1509,55.9358],[10.15,55.9357],[10.1502,55.9353],[10.1493,55.9351],[10.1502,55.9339],[10.1501,55.9339],[10.1496,55.9338],[10.1489,55.9337],[10.1489,55.9338],[10.1484,55.9346],[10.1475,55.9361],[10.1485,55.9362],[10.1489,55.9363],[10.1479,55.9386],[10.1485,55.9388],[10.1488,55.939],[10.1491,55.9392],[10.1492,55.9394],[10.1494,55.9396],[10.1496,55.9396],[10.1497,55.9394],[10.1523,55.9354]]]},"properties":{"sourceId":"ais_par3.55917","a_type":4110,"hectares":8.877}},{"type":"Feature","id":"ais_par3.55918","geometry":{"type":"Polygon","coordinates":[[[10.2354,55.9384],[10.2353,55.9385],[10.2353,55.9385],[10.2354,55.9386],[10.2354,55.9386],[10.2355,55.9385],[10.2355,55.9385],[10.2355,55.9384],[10.2354,55.9384]]]},"properties":{"sourceId":"ais_par3.55918","a_type":5120,"hectares":0.017}},{"type":"Feature","id":"ais_par3.55919","geometry":{"type":"Polygon","coordinates":[[[10.1669,55.9389],[10.1663,55.9384],[10.1653,55.9387],[10.1656,55.939],[10.166,55.9389],[10.1662,55.9391],[10.1669,55.9389]]]},"properties":{"sourceId":"ais_par3.55919","a_type":4120,"hectares":0.434}},{"type":"Feature","id":"ais_par3.55920","geometry":{"type":"Polygon","coordinates":[[[10.1893,55.9386],[10.1899,55.9387],[10.1903,55.9382],[10.19,55.9381],[10.189,55.9374],[10.1888,55.9368],[10.188,55.9368],[10.1882,55.9371],[10.1885,55.9377],[10.1885,55.9378],[10.1884,55.938],[10.1886,55.9381],[10.1889,55.9383],[10.1893,55.9386]]]},"properties":{"sourceId":"ais_par3.55920","a_type":4120,"hectares":1.256}},{"type":"Feature","id":"ais_par3.55921","geometry":{"type":"Polygon","coordinates":[[[10.0797,55.938],[10.0794,55.9381],[10.0796,55.9383],[10.0792,55.9384],[10.0792,55.9386],[10.079,55.9386],[10.0788,55.9386],[10.0805,55.9396],[10.0819,55.939],[10.0797,55.938]],[[10.0815,55.9389],[10.0816,55.9389],[10.0816,55.939],[10.0815,55.939],[10.0814,55.9391],[10.0814,55.9391],[10.0813,55.9391],[10.0812,55.9391],[10.0812,55.939],[10.0812,55.9389],[10.0813,55.9389],[10.0814,55.9389],[10.0815,55.9389]]]},"properties":{"sourceId":"ais_par3.55921","a_type":4110,"hectares":1.567}},{"type":"Feature","id":"ais_par3.55922","geometry":{"type":"Polygon","coordinates":[[[10.1658,55.9384],[10.1658,55.9383],[10.1656,55.9382],[10.1656,55.9382],[10.1655,55.9382],[10.1654,55.9382],[10.1654,55.9382],[10.1653,55.9382],[10.1653,55.9383],[10.1653,55.9383],[10.1653,55.9384],[10.1654,55.9384],[10.1654,55.9384],[10.1655,55.9385],[10.1656,55.9385],[10.1656,55.9385],[10.1657,55.9385],[10.1658,55.9384],[10.1658,55.9384]]]},"properties":{"sourceId":"ais_par3.55922","a_type":5120,"hectares":0.087}},{"type":"Feature","id":"ais_par3.55923","geometry":{"type":"Polygon","coordinates":[[[10.0815,55.9389],[10.0814,55.9389],[10.0813,55.9389],[10.0812,55.9389],[10.0812,55.939],[10.0812,55.9391],[10.0813,55.9391],[10.0814,55.9391],[10.0814,55.9391],[10.0815,55.939],[10.0816,55.939],[10.0816,55.9389],[10.0815,55.9389]]]},"properties":{"sourceId":"ais_par3.55923","a_type":5120,"hectares":0.045}},{"type":"Feature","id":"ais_par3.55924","geometry":{"type":"Polygon","coordinates":[[[10.1278,55.938],[10.1278,55.938],[10.1276,55.9381],[10.1275,55.9381],[10.1275,55.9382],[10.1275,55.9382],[10.1275,55.9382],[10.1275,55.9383],[10.1275,55.9384],[10.1276,55.9384],[10.1276,55.9385],[10.1277,55.9385],[10.1278,55.9385],[10.1279,55.9385],[10.128,55.9385],[10.128,55.9385],[10.128,55.9384],[10.128,55.9383],[10.128,55.9383],[10.128,55.9382],[10.128,55.9382],[10.1279,55.9381],[10.1278,55.938]]]},"properties":{"sourceId":"ais_par3.55924","a_type":5120,"hectares":0.148}},{"type":"Feature","id":"ais_par3.55925","geometry":{"type":"Polygon","coordinates":[[[10.0797,55.938],[10.0793,55.9376],[10.0788,55.9375],[10.0787,55.9376],[10.0786,55.9377],[10.0783,55.9383],[10.0785,55.9383],[10.0786,55.9384],[10.0787,55.9385],[10.0791,55.9386],[10.0792,55.9384],[10.0795,55.9383],[10.0794,55.938],[10.0794,55.9381],[10.0797,55.938]]]},"properties":{"sourceId":"ais_par3.55925","a_type":4120,"hectares":0.63}},{"type":"Feature","id":"ais_par3.55926","geometry":{"type":"Polygon","coordinates":[[[10.1547,55.9373],[10.1547,55.9372],[10.1547,55.937],[10.1548,55.9367],[10.1552,55.9368],[10.1552,55.9367],[10.1555,55.9368],[10.1551,55.9375],[10.1571,55.9378],[10.1615,55.9364],[10.1619,55.937],[10.1641,55.9363],[10.1634,55.9358],[10.1635,55.9354],[10.1631,55.9355],[10.1627,55.9356],[10.1621,55.9356],[10.1616,55.9355],[10.1608,55.9354],[10.1595,55.9353],[10.1589,55.9353],[10.1579,55.9351],[10.1571,55.935],[10.157,55.9354],[10.1575,55.9355],[10.1574,55.936],[10.1566,55.936],[10.1565,55.9352],[10.1561,55.9351],[10.1559,55.9355],[10.1554,55.9355],[10.1552,55.9358],[10.1549,55.9358],[10.1542,55.9374],[10.1544,55.9374],[10.1545,55.9373],[10.1545,55.9373],[10.1547,55.9373]]]},"properties":{"sourceId":"ais_par3.55926","a_type":4110,"hectares":10.632}},{"type":"Feature","id":"ais_par3.55927","geometry":{"type":"Polygon","coordinates":[[[10.0777,55.9384],[10.0779,55.9385],[10.0781,55.9384],[10.0782,55.9382],[10.0785,55.9377],[10.0786,55.9376],[10.0786,55.9375],[10.0789,55.9372],[10.0791,55.9369],[10.0792,55.9369],[10.0793,55.9368],[10.0794,55.9368],[10.0798,55.9364],[10.0798,55.9362],[10.0799,55.9363],[10.0801,55.9359],[10.0802,55.9359],[10.0805,55.9356],[10.0806,55.9354],[10.0805,55.9353],[10.0807,55.9348],[10.0807,55.9345],[10.0807,55.9341],[10.0808,55.934],[10.0808,55.9337],[10.0805,55.9335],[10.0807,55.9334],[10.0807,55.9333],[10.0808,55.9331],[10.0807,55.9331],[10.0807,55.9329],[10.0808,55.9328],[10.081,55.9327],[10.0809,55.9326],[10.0809,55.9325],[10.0811,55.9325],[10.0811,55.9324],[10.0812,55.9323],[10.0814,55.9322],[10.0818,55.9321],[10.0818,55.9319],[10.0812,55.9319],[10.0805,55.9319],[10.0802,55.932],[10.0802,55.9321],[10.0802,55.9321],[10.08,55.9323],[10.0798,55.9324],[10.0793,55.9325],[10.079,55.9326],[10.0795,55.9329],[10.0797,55.9329],[10.08,55.933],[10.0799,55.9331],[10.0801,55.9336],[10.0797,55.9338],[10.0797,55.9345],[10.0798,55.9347],[10.0798,55.9349],[10.0799,55.9351],[10.0799,55.9351],[10.0799,55.9352],[10.08,55.9353],[10.08,55.9354],[10.08,55.9355],[10.08,55.9356],[10.08,55.9356],[10.0799,55.9358],[10.0798,55.9359],[10.0798,55.936],[10.0797,55.9362],[10.0796,55.9362],[10.0794,55.9364],[10.0794,55.9365],[10.0789,55.937],[10.0789,55.937],[10.0784,55.9375],[10.078,55.9379],[10.0779,55.938],[10.0777,55.9384]]]},"properties":{"sourceId":"ais_par3.55927","a_type":4110,"hectares":3.159}},{"type":"Feature","id":"ais_par3.55928","geometry":{"type":"Polygon","coordinates":[[[10.0787,55.9339],[10.0782,55.934],[10.0792,55.9356],[10.0772,55.9378],[10.0777,55.9384],[10.0779,55.938],[10.078,55.9379],[10.0784,55.9375],[10.0789,55.937],[10.0789,55.937],[10.0794,55.9365],[10.0794,55.9364],[10.0796,55.9362],[10.0797,55.9362],[10.0798,55.936],[10.0798,55.9359],[10.0799,55.9358],[10.08,55.9356],[10.08,55.9356],[10.08,55.9355],[10.08,55.9354],[10.08,55.9353],[10.0799,55.9352],[10.0799,55.9351],[10.0799,55.9351],[10.0798,55.9349],[10.0798,55.9347],[10.0797,55.9345],[10.0792,55.9346],[10.0787,55.9339]]]},"properties":{"sourceId":"ais_par3.55928","a_type":3210,"hectares":2.53}},{"type":"Feature","id":"ais_par3.55929","geometry":{"type":"Polygon","coordinates":[[[10.1545,55.9373],[10.1545,55.9375],[10.155,55.9375],[10.1554,55.9368],[10.1552,55.9368],[10.1551,55.9369],[10.1549,55.9368],[10.1548,55.9371],[10.1548,55.9373],[10.1547,55.9373],[10.1545,55.9373]]]},"properties":{"sourceId":"ais_par3.55929","a_type":4120,"hectares":0.228}},{"type":"Feature","id":"ais_par3.55930","geometry":{"type":"Polygon","coordinates":[[[10.1539,55.9374],[10.1541,55.9374],[10.1549,55.9358],[10.1548,55.9358],[10.1539,55.9374]]]},"properties":{"sourceId":"ais_par3.55930","a_type":4120,"hectares":0.153}},{"type":"Feature","id":"ais_par3.55931","geometry":{"type":"Polygon","coordinates":[[[10.1534,55.9357],[10.1529,55.9357],[10.1525,55.9362],[10.1533,55.9364],[10.1529,55.9371],[10.1535,55.9372],[10.1539,55.9373],[10.1547,55.9358],[10.154,55.9356],[10.1538,55.9359],[10.1534,55.9357]]]},"properties":{"sourceId":"ais_par3.55931","a_type":4110,"hectares":1.399}},{"type":"Feature","id":"ais_par3.55932","geometry":{"type":"Polygon","coordinates":[[[10.138,55.9352],[10.1363,55.9351],[10.1364,55.934],[10.136,55.9341],[10.1358,55.935],[10.1358,55.9351],[10.1353,55.9373],[10.1362,55.9374],[10.1369,55.9356],[10.1379,55.9355],[10.138,55.9352]]]},"properties":{"sourceId":"ais_par3.55932","a_type":4120,"hectares":2.241}},{"type":"Feature","id":"ais_par3.55933","geometry":{"type":"Polygon","coordinates":[[[10.1247,55.9331],[10.1245,55.9339],[10.1245,55.934],[10.1235,55.934],[10.1209,55.9337],[10.1191,55.9335],[10.1189,55.9343],[10.1188,55.9347],[10.1187,55.9355],[10.1175,55.9354],[10.1173,55.9365],[10.1173,55.9366],[10.1174,55.9366],[10.1175,55.9368],[10.1176,55.937],[10.1176,55.9373],[10.1186,55.9372],[10.1187,55.9371],[10.1189,55.9371],[10.1193,55.9371],[10.1195,55.9372],[10.1196,55.9373],[10.1198,55.9373],[10.1199,55.9374],[10.1201,55.9374],[10.1205,55.9373],[10.1208,55.9374],[10.1209,55.9374],[10.1209,55.9375],[10.1216,55.9371],[10.1221,55.9361],[10.1241,55.9359],[10.1241,55.9346],[10.1263,55.9347],[10.1263,55.934],[10.1267,55.934],[10.131,55.9346],[10.131,55.9321],[10.1306,55.9321],[10.1306,55.9314],[10.1303,55.9315],[10.1291,55.9315],[10.129,55.9315],[10.129,55.9319],[10.1278,55.9318],[10.1276,55.9323],[10.127,55.9323],[10.1271,55.9319],[10.1262,55.932],[10.1258,55.932],[10.1256,55.9319],[10.1251,55.9318],[10.125,55.9324],[10.1247,55.9331]]]},"properties":{"sourceId":"ais_par3.55933","a_type":4110,"hectares":23.447}},{"type":"Feature","id":"ais_par3.55934","geometry":{"type":"Polygon","coordinates":[[[10.0488,55.9381],[10.0489,55.9381],[10.0489,55.9381],[10.049,55.938],[10.0489,55.938],[10.0488,55.938],[10.0487,55.938],[10.0486,55.938],[10.0486,55.938],[10.0486,55.9381],[10.0487,55.9381],[10.0488,55.9381]]]},"properties":{"sourceId":"ais_par3.55934","a_type":5120,"hectares":0.03}},{"type":"Feature","id":"ais_par3.55935","geometry":{"type":"Polygon","coordinates":[[[10.1827,55.9368],[10.1833,55.9367],[10.1831,55.9358],[10.1824,55.9358],[10.1817,55.936],[10.1821,55.9368],[10.1827,55.9368]],[[10.1825,55.936],[10.1825,55.9361],[10.1824,55.9362],[10.1822,55.9362],[10.1821,55.9361],[10.1822,55.936],[10.1823,55.936],[10.1825,55.936]]]},"properties":{"sourceId":"ais_par3.55935","a_type":4110,"hectares":0.864}},{"type":"Feature","id":"ais_par3.55936","geometry":{"type":"Polygon","coordinates":[[[10.1373,55.937],[10.1373,55.937],[10.1372,55.937],[10.1373,55.9371],[10.1373,55.9371],[10.1374,55.9371],[10.1375,55.9371],[10.1376,55.9371],[10.1376,55.937],[10.1376,55.937],[10.1375,55.937],[10.1374,55.937],[10.1373,55.937]]]},"properties":{"sourceId":"ais_par3.55936","a_type":5120,"hectares":0.04}},{"type":"Feature","id":"ais_par3.55937","geometry":{"type":"Polygon","coordinates":[[[10.1995,55.9363],[10.1995,55.9364],[10.1994,55.9364],[10.1995,55.9365],[10.1995,55.9365],[10.1996,55.9365],[10.1997,55.9364],[10.1997,55.9364],[10.1996,55.9363],[10.1995,55.9363]]]},"properties":{"sourceId":"ais_par3.55937","a_type":5120,"hectares":0.024}},{"type":"Feature","id":"ais_par3.55938","geometry":{"type":"Polygon","coordinates":[[[10.25,55.9313],[10.2498,55.9314],[10.2495,55.9314],[10.249,55.9314],[10.249,55.9337],[10.2488,55.9337],[10.2486,55.9341],[10.2484,55.9342],[10.2482,55.9342],[10.2478,55.9342],[10.2469,55.9339],[10.2466,55.9338],[10.2459,55.9335],[10.2457,55.9332],[10.2453,55.9332],[10.2456,55.9336],[10.2477,55.9344],[10.2489,55.9343],[10.2487,55.9353],[10.2491,55.9358],[10.2494,55.9357],[10.2495,55.9356],[10.2495,55.9353],[10.2498,55.9348],[10.2501,55.9342],[10.2493,55.9343],[10.2493,55.9339],[10.2497,55.9338],[10.2498,55.9338],[10.25,55.9335],[10.25,55.933],[10.2499,55.9325],[10.2498,55.9318],[10.2498,55.9316],[10.25,55.9313]]]},"properties":{"sourceId":"ais_par3.55938","a_type":4110,"hectares":3.24}},{"type":"Feature","id":"ais_par3.55939","geometry":{"type":"Polygon","coordinates":[[[10.2497,55.9285],[10.2483,55.9289],[10.2472,55.9292],[10.2477,55.9298],[10.2481,55.9298],[10.2489,55.9299],[10.249,55.9299],[10.2492,55.9297],[10.2495,55.9292],[10.2499,55.9292],[10.25,55.9294],[10.2497,55.9298],[10.2495,55.9297],[10.2493,55.9301],[10.2499,55.9301],[10.2499,55.9302],[10.25,55.9306],[10.25,55.9309],[10.2501,55.931],[10.25,55.9313],[10.2503,55.9308],[10.2503,55.9304],[10.251,55.9304],[10.2512,55.931],[10.2512,55.9312],[10.2514,55.9314],[10.2515,55.9316],[10.2517,55.9316],[10.2519,55.9317],[10.2518,55.9315],[10.2518,55.9314],[10.2518,55.9306],[10.2517,55.9303],[10.2515,55.93],[10.251,55.9295],[10.251,55.9293],[10.2524,55.9284],[10.2528,55.9281],[10.2533,55.9276],[10.2536,55.9275],[10.2535,55.9266],[10.2533,55.9271],[10.2529,55.9279],[10.2523,55.9283],[10.2519,55.9284],[10.2517,55.9284],[10.2515,55.9286],[10.2511,55.929],[10.251,55.9293],[10.2509,55.9292],[10.2497,55.9285]]]},"properties":{"sourceId":"ais_par3.55939","a_type":4110,"hectares":4.151}},{"type":"Feature","id":"ais_par3.55940","geometry":{"type":"Polygon","coordinates":[[[10.2322,55.9355],[10.2321,55.9356],[10.2321,55.9356],[10.2321,55.9356],[10.2321,55.9357],[10.2321,55.9358],[10.2322,55.9358],[10.2322,55.9358],[10.2323,55.9358],[10.2325,55.9358],[10.2325,55.9358],[10.2326,55.9358],[10.2327,55.9357],[10.2327,55.9357],[10.2327,55.9356],[10.2327,55.9356],[10.2326,55.9356],[10.2326,55.9356],[10.2325,55.9355],[10.2324,55.9355],[10.2323,55.9355],[10.2322,55.9355]]]},"properties":{"sourceId":"ais_par3.55940","a_type":5120,"hectares":0.106}},{"type":"Feature","id":"ais_par3.55942","geometry":{"type":"Polygon","coordinates":[[[10.1908,55.9358],[10.1912,55.9359],[10.1917,55.9358],[10.1916,55.9355],[10.1908,55.9354],[10.1908,55.9355],[10.1904,55.9353],[10.1903,55.9352],[10.1901,55.9352],[10.1902,55.9354],[10.1904,55.9356],[10.1908,55.9358]]]},"properties":{"sourceId":"ais_par3.55942","a_type":4120,"hectares":0.361}},{"type":"Feature","id":"ais_par3.55943","geometry":{"type":"Polygon","coordinates":[[[10.1247,55.9331],[10.1249,55.9323],[10.1234,55.9323],[10.1235,55.9319],[10.1209,55.9317],[10.1208,55.9321],[10.1204,55.932],[10.1205,55.9318],[10.1204,55.9317],[10.1206,55.9311],[10.1205,55.931],[10.1203,55.9309],[10.12,55.9306],[10.1194,55.9303],[10.1189,55.9302],[10.1184,55.9302],[10.1183,55.9306],[10.1177,55.9305],[10.1167,55.9302],[10.1161,55.9302],[10.1159,55.9302],[10.1157,55.9305],[10.1156,55.9305],[10.1151,55.9304],[10.1142,55.9302],[10.1137,55.9311],[10.1135,55.9313],[10.1132,55.9319],[10.1124,55.9316],[10.1122,55.9318],[10.1097,55.9311],[10.1063,55.934],[10.1074,55.9343],[10.1093,55.9349],[10.1107,55.9353],[10.1122,55.9357],[10.1127,55.9354],[10.1145,55.9357],[10.1146,55.9356],[10.1147,55.9355],[10.1147,55.9354],[10.1146,55.9353],[10.1145,55.9353],[10.1141,55.9352],[10.114,55.9352],[10.114,55.9349],[10.1142,55.9348],[10.1143,55.9347],[10.1145,55.9347],[10.1146,55.9347],[10.1149,55.9347],[10.1153,55.9348],[10.1157,55.9347],[10.1163,55.9348],[10.116,55.9363],[10.1159,55.9365],[10.116,55.9366],[10.1161,55.9365],[10.1162,55.9365],[10.1164,55.9364],[10.1167,55.9365],[10.1169,55.9365],[10.1173,55.9365],[10.1174,55.9354],[10.1186,55.9355],[10.119,55.9334],[10.12,55.9336],[10.1209,55.9337],[10.1235,55.9339],[10.1245,55.9339],[10.1247,55.9331]]]},"properties":{"sourceId":"ais_par3.55943","a_type":4120,"hectares":42.665}},{"type":"Feature","id":"ais_par3.55944","geometry":{"type":"Polygon","coordinates":[[[10.0888,55.9365],[10.0886,55.9365],[10.0885,55.9365],[10.0883,55.9366],[10.0882,55.9366],[10.0882,55.9366],[10.0881,55.9367],[10.088,55.9368],[10.0887,55.9368],[10.0888,55.9367],[10.0888,55.9366],[10.0888,55.9366],[10.0888,55.9365],[10.0888,55.9365]]]},"properties":{"sourceId":"ais_par3.55944","a_type":5120,"hectares":0.117}},{"type":"Feature","id":"ais_par3.55945","geometry":{"type":"Polygon","coordinates":[[[10.1153,55.9348],[10.1148,55.9362],[10.116,55.9363],[10.1163,55.9348],[10.1157,55.9347],[10.1153,55.9348]]]},"properties":{"sourceId":"ais_par3.55945","a_type":4110,"hectares":1.141}},{"type":"Feature","id":"ais_par3.55946","geometry":{"type":"Polygon","coordinates":[[[10.0494,55.9368],[10.0495,55.9368],[10.0495,55.9367],[10.0496,55.9367],[10.0496,55.9367],[10.0495,55.9366],[10.0494,55.9366],[10.0494,55.9365],[10.0493,55.9365],[10.0492,55.9366],[10.0492,55.9366],[10.0492,55.9367],[10.0492,55.9367],[10.0493,55.9368],[10.0493,55.9368],[10.0494,55.9368]]]},"properties":{"sourceId":"ais_par3.55946","a_type":5120,"hectares":0.047}},{"type":"Feature","id":"ais_par3.55947","geometry":{"type":"Polygon","coordinates":[[[10.145,55.9358],[10.1462,55.9359],[10.1471,55.9335],[10.1466,55.9335],[10.1467,55.9333],[10.1457,55.9332],[10.145,55.9358]]]},"properties":{"sourceId":"ais_par3.55947","a_type":4120,"hectares":2.267}},{"type":"Feature","id":"ais_par3.55948","geometry":{"type":"Polygon","coordinates":[[[10.1528,55.9353],[10.1528,55.9354],[10.1529,55.9356],[10.1538,55.9358],[10.1539,55.9356],[10.1551,55.9358],[10.1553,55.9354],[10.1558,55.9355],[10.156,55.9351],[10.1552,55.9348],[10.1548,55.9349],[10.1547,55.935],[10.1545,55.9353],[10.1542,55.9354],[10.154,55.9354],[10.1539,55.9354],[10.1538,55.9354],[10.1538,55.9355],[10.1537,55.9355],[10.1536,55.9354],[10.1535,55.9354],[10.1534,55.9354],[10.1534,55.9354],[10.1533,55.9353],[10.1533,55.9353],[10.1532,55.9353],[10.153,55.9352],[10.153,55.9352],[10.1528,55.9353]]]},"properties":{"sourceId":"ais_par3.55948","a_type":4120,"hectares":0.975}},{"type":"Feature","id":"ais_par3.55949","geometry":{"type":"Polygon","coordinates":[[[10.1516,55.9355],[10.1513,55.9354],[10.1511,55.9356],[10.1502,55.9354],[10.1501,55.9356],[10.1509,55.9358],[10.1509,55.9357],[10.1509,55.9357],[10.1513,55.9357],[10.1516,55.9355]]]},"properties":{"sourceId":"ais_par3.55949","a_type":4120,"hectares":0.204}},{"type":"Feature","id":"ais_par3.55950","geometry":{"type":"Polygon","coordinates":[[[10.1544,55.9347],[10.1545,55.9347],[10.1545,55.9346],[10.1544,55.9345],[10.1544,55.9344],[10.1543,55.9344],[10.1542,55.9344],[10.154,55.9344],[10.1538,55.9345],[10.1538,55.9345],[10.1537,55.9345],[10.1537,55.9346],[10.1536,55.9346],[10.1535,55.9346],[10.1532,55.9348],[10.153,55.9352],[10.153,55.9352],[10.1532,55.9353],[10.1533,55.9353],[10.1533,55.9353],[10.1534,55.9354],[10.1534,55.9354],[10.1535,55.9354],[10.1536,55.9354],[10.1537,55.9355],[10.1538,55.9355],[10.1538,55.9354],[10.1539,55.9354],[10.154,55.9354],[10.1542,55.9354],[10.1542,55.9353],[10.1543,55.9352],[10.1543,55.9351],[10.1543,55.935],[10.1543,55.9349],[10.1543,55.9349],[10.1544,55.9348],[10.1544,55.9347]]]},"properties":{"sourceId":"ais_par3.55950","a_type":5120,"hectares":0.721}},{"type":"Feature","id":"ais_par3.55951","geometry":{"type":"Polygon","coordinates":[[[10.1516,55.9348],[10.1517,55.9347],[10.1508,55.9346],[10.1505,55.935],[10.1514,55.9352],[10.1514,55.9352],[10.1523,55.9354],[10.1526,55.935],[10.1517,55.9348],[10.1516,55.9348]]]},"properties":{"sourceId":"ais_par3.55951","a_type":4120,"hectares":0.612}},{"type":"Feature","id":"ais_par3.55952","geometry":{"type":"Polygon","coordinates":[[[10.163,55.9352],[10.163,55.9353],[10.1631,55.9353],[10.1632,55.9353],[10.1632,55.9352],[10.1632,55.9352],[10.1633,55.9351],[10.1634,55.9351],[10.1634,55.9349],[10.1633,55.9349],[10.1633,55.9349],[10.163,55.9348],[10.163,55.9348],[10.1629,55.9347],[10.1628,55.9347],[10.1626,55.9347],[10.1625,55.9347],[10.1626,55.9347],[10.1626,55.9348],[10.1625,55.9349],[10.1624,55.9349],[10.162,55.9349],[10.1618,55.9349],[10.1617,55.9349],[10.1616,55.935],[10.1616,55.935],[10.1616,55.9351],[10.1615,55.9351],[10.1615,55.9351],[10.1616,55.9352],[10.1617,55.9352],[10.1617,55.9352],[10.1618,55.9351],[10.162,55.9351],[10.162,55.9351],[10.1621,55.935],[10.1622,55.935],[10.1625,55.935],[10.1627,55.935],[10.1629,55.935],[10.1629,55.935],[10.1629,55.9351],[10.163,55.9352],[10.163,55.9352]]]},"properties":{"sourceId":"ais_par3.55952","a_type":5120,"hectares":0.306}},{"type":"Feature","id":"ais_par3.55953","geometry":{"type":"Polygon","coordinates":[[[10.1402,55.935],[10.141,55.935],[10.1411,55.9345],[10.1408,55.9345],[10.1407,55.9345],[10.1407,55.9344],[10.1402,55.9343],[10.1402,55.935]]]},"properties":{"sourceId":"ais_par3.55953","a_type":4120,"hectares":0.358}},{"type":"Feature","id":"ais_par3.55954","geometry":{"type":"Polygon","coordinates":[[[10.1398,55.9351],[10.1397,55.9354],[10.1401,55.9354],[10.1402,55.935],[10.1401,55.935],[10.1398,55.9351]]]},"properties":{"sourceId":"ais_par3.55954","a_type":4120,"hectares":0.089}},{"type":"Feature","id":"ais_par3.55955","geometry":{"type":"Polygon","coordinates":[[[10.136,55.9341],[10.1364,55.934],[10.1363,55.9351],[10.138,55.9352],[10.1397,55.9354],[10.1398,55.9351],[10.1401,55.935],[10.1401,55.9343],[10.1402,55.9343],[10.1408,55.9343],[10.1408,55.9345],[10.1411,55.9345],[10.1412,55.9333],[10.1406,55.9333],[10.1405,55.9336],[10.1399,55.9336],[10.14,55.9332],[10.139,55.9331],[10.1389,55.9338],[10.1385,55.9338],[10.1386,55.9329],[10.138,55.9325],[10.1378,55.9324],[10.1359,55.9323],[10.1359,55.9328],[10.1354,55.9329],[10.1351,55.935],[10.1358,55.935],[10.136,55.9341]]]},"properties":{"sourceId":"ais_par3.55955","a_type":4110,"hectares":8.48}},{"type":"Feature","id":"ais_par3.55956","geometry":{"type":"Polygon","coordinates":[[[10.0442,55.9361],[10.0443,55.936],[10.0443,55.936],[10.0442,55.936],[10.0442,55.936],[10.0441,55.936],[10.0441,55.936],[10.0441,55.9361],[10.0442,55.9361]]]},"properties":{"sourceId":"ais_par3.55956","a_type":5120,"hectares":0.012}},{"type":"Feature","id":"ais_par3.55957","geometry":{"type":"Polygon","coordinates":[[[10.1511,55.9342],[10.1508,55.9345],[10.1516,55.9347],[10.1517,55.9347],[10.1517,55.9348],[10.1526,55.935],[10.1529,55.9346],[10.1511,55.9342]]]},"properties":{"sourceId":"ais_par3.55957","a_type":4110,"hectares":0.512}},{"type":"Feature","id":"ais_par3.55958","geometry":{"type":"Polygon","coordinates":[[[10.1324,55.9347],[10.1342,55.9349],[10.1343,55.9338],[10.1325,55.9337],[10.1324,55.9347]]]},"properties":{"sourceId":"ais_par3.55958","a_type":4110,"hectares":1.355}},{"type":"Feature","id":"ais_par3.55959","geometry":{"type":"Polygon","coordinates":[[[10.1579,55.9323],[10.158,55.9314],[10.155,55.9314],[10.1548,55.9319],[10.1547,55.9319],[10.1543,55.9319],[10.1543,55.932],[10.1543,55.9321],[10.1542,55.9322],[10.1541,55.9323],[10.154,55.9324],[10.1539,55.9329],[10.1539,55.9331],[10.1538,55.9331],[10.1543,55.9332],[10.1542,55.9335],[10.1537,55.9335],[10.1537,55.9338],[10.1536,55.934],[10.1538,55.9341],[10.1549,55.9343],[10.1555,55.9345],[10.1556,55.9341],[10.156,55.9341],[10.1563,55.9342],[10.1568,55.9343],[10.157,55.933],[10.1566,55.933],[10.1564,55.933],[10.1562,55.9328],[10.156,55.9327],[10.1559,55.9326],[10.1556,55.9324],[10.1556,55.9323],[10.1557,55.9322],[10.1558,55.9322],[10.1571,55.9324],[10.1572,55.9321],[10.1579,55.9323]]]},"properties":{"sourceId":"ais_par3.55959","a_type":4110,"hectares":5.538}},{"type":"Feature","id":"ais_par3.55960","geometry":{"type":"Polygon","coordinates":[[[10.1568,55.9343],[10.1575,55.9344],[10.1577,55.9328],[10.1579,55.9323],[10.1572,55.9321],[10.1571,55.9324],[10.157,55.933],[10.1568,55.9343]]]},"properties":{"sourceId":"ais_par3.55960","a_type":3210,"hectares":1.05}},{"type":"Feature","id":"ais_par3.55961","geometry":{"type":"Polygon","coordinates":[[[10.1318,55.932],[10.1311,55.9319],[10.131,55.9346],[10.1315,55.9346],[10.1318,55.932]]]},"properties":{"sourceId":"ais_par3.55961","a_type":4120,"hectares":1.097}},{"type":"Feature","id":"ais_par3.55962","geometry":{"type":"Polygon","coordinates":[[[10.1473,55.9333],[10.1479,55.9333],[10.1503,55.9338],[10.1507,55.934],[10.1509,55.9339],[10.1509,55.9338],[10.1509,55.9334],[10.1507,55.9333],[10.1504,55.9332],[10.1499,55.9331],[10.1495,55.933],[10.149,55.933],[10.1488,55.933],[10.1486,55.9329],[10.1486,55.9327],[10.1479,55.9327],[10.1479,55.9328],[10.1463,55.9327],[10.1456,55.9326],[10.1449,55.9325],[10.1449,55.9326],[10.1434,55.9326],[10.1427,55.9326],[10.1416,55.9325],[10.1417,55.9323],[10.1409,55.9323],[10.1405,55.9323],[10.1406,55.9331],[10.1414,55.9331],[10.1419,55.9331],[10.1449,55.9331],[10.1455,55.9331],[10.1459,55.9331],[10.1467,55.9332],[10.1473,55.9333]]]},"properties":{"sourceId":"ais_par3.55962","a_type":3210,"hectares":4.125}},{"type":"Feature","id":"ais_par3.55963","geometry":{"type":"Polygon","coordinates":[[[10.0872,55.9343],[10.0873,55.9343],[10.0873,55.9342],[10.0872,55.9341],[10.0871,55.9341],[10.087,55.9341],[10.0869,55.9342],[10.0869,55.9342],[10.0869,55.9343],[10.0871,55.9343],[10.0872,55.9343]]]},"properties":{"sourceId":"ais_par3.55963","a_type":5120,"hectares":0.05}},{"type":"Feature","id":"ais_par3.55964","geometry":{"type":"Polygon","coordinates":[[[10.2344,55.9313],[10.2342,55.9315],[10.2345,55.9317],[10.2345,55.9318],[10.2349,55.9319],[10.235,55.9317],[10.2348,55.9315],[10.2347,55.9314],[10.2344,55.9313]]]},"properties":{"sourceId":"ais_par3.55964","a_type":5120,"hectares":0.17}},{"type":"Feature","id":"ais_par3.55965","geometry":{"type":"Polygon","coordinates":[[[10.079,55.9326],[10.0784,55.9328],[10.078,55.9329],[10.0778,55.9329],[10.0773,55.9329],[10.0774,55.9331],[10.078,55.933],[10.0781,55.9331],[10.0787,55.9331],[10.0791,55.933],[10.0795,55.9329],[10.079,55.9326]]]},"properties":{"sourceId":"ais_par3.55965","a_type":4120,"hectares":0.38}},{"type":"Feature","id":"ais_par3.55966","geometry":{"type":"Polygon","coordinates":[[[10.0366,55.9334],[10.0367,55.9333],[10.0366,55.9333],[10.0366,55.9332],[10.0365,55.9332],[10.0363,55.9333],[10.0363,55.9333],[10.0363,55.9334],[10.0364,55.9334],[10.0365,55.9334],[10.0366,55.9334]]]},"properties":{"sourceId":"ais_par3.55966","a_type":5120,"hectares":0.035}},{"type":"Feature","id":"ais_par3.55967","geometry":{"type":"Polygon","coordinates":[[[10.2467,55.9293],[10.2466,55.93],[10.2469,55.93],[10.2472,55.93],[10.2483,55.93],[10.2485,55.9301],[10.2486,55.9301],[10.249,55.9306],[10.2493,55.9308],[10.2494,55.9309],[10.2494,55.931],[10.2492,55.9314],[10.2495,55.9314],[10.2498,55.9314],[10.2499,55.9313],[10.25,55.931],[10.2499,55.9309],[10.25,55.9306],[10.2498,55.9302],[10.2498,55.9301],[10.2492,55.9301],[10.2493,55.9301],[10.2495,55.9297],[10.2497,55.9298],[10.25,55.9294],[10.2499,55.9292],[10.2495,55.9292],[10.2492,55.9297],[10.249,55.9299],[10.249,55.93],[10.2489,55.9299],[10.2481,55.9298],[10.2477,55.9298],[10.2472,55.9293],[10.2467,55.9293]],[[10.2497,55.9305],[10.2498,55.9305],[10.2498,55.9308],[10.2497,55.931],[10.2495,55.9308],[10.2495,55.9307],[10.2495,55.9307],[10.2495,55.9306],[10.2495,55.9306],[10.2495,55.9305],[10.2496,55.9305],[10.2497,55.9305]]]},"properties":{"sourceId":"ais_par3.55967","a_type":4120,"hectares":1.623}},{"type":"Feature","id":"ais_par3.55968","geometry":{"type":"Polygon","coordinates":[[[10.1061,55.9317],[10.107,55.9326],[10.1076,55.9326],[10.1112,55.9296],[10.1103,55.9284],[10.1102,55.9282],[10.1102,55.928],[10.1101,55.9278],[10.11,55.9277],[10.1098,55.9276],[10.1095,55.9275],[10.1085,55.9273],[10.1068,55.9263],[10.1068,55.9261],[10.1064,55.9248],[10.1058,55.9251],[10.106,55.9263],[10.108,55.9276],[10.1094,55.9279],[10.1096,55.9284],[10.1104,55.9296],[10.1061,55.9317]]]},"properties":{"sourceId":"ais_par3.55968","a_type":4110,"hectares":6.235}},{"type":"Feature","id":"ais_par3.55969","geometry":{"type":"Polygon","coordinates":[[[10.2495,55.9308],[10.2496,55.931],[10.2497,55.931],[10.2498,55.9308],[10.2498,55.9305],[10.2497,55.9305],[10.2496,55.9305],[10.2495,55.9305],[10.2495,55.9306],[10.2495,55.9306],[10.2495,55.9307],[10.2495,55.9307],[10.2495,55.9308]]]},"properties":{"sourceId":"ais_par3.55969","a_type":5120,"hectares":0.077}},{"type":"Feature","id":"ais_par3.55970","geometry":{"type":"Polygon","coordinates":[[[10.1253,55.9307],[10.1255,55.9303],[10.1244,55.9302],[10.1243,55.9302],[10.1243,55.9301],[10.1242,55.93],[10.1243,55.9302],[10.1241,55.9304],[10.124,55.9306],[10.1238,55.9306],[10.1236,55.9308],[10.1235,55.931],[10.1237,55.9311],[10.1239,55.9312],[10.124,55.9313],[10.1245,55.9315],[10.1247,55.9316],[10.1248,55.9316],[10.1249,55.9317],[10.125,55.9317],[10.1252,55.9318],[10.1255,55.9318],[10.1256,55.9318],[10.1257,55.9319],[10.1261,55.9319],[10.1263,55.9319],[10.1265,55.9318],[10.1266,55.9318],[10.1267,55.9316],[10.1267,55.9311],[10.1267,55.9311],[10.1266,55.9311],[10.1265,55.9311],[10.1263,55.9312],[10.1262,55.9312],[10.126,55.9312],[10.1259,55.9312],[10.1259,55.9311],[10.1259,55.931],[10.1259,55.931],[10.1261,55.9308],[10.1261,55.9307],[10.126,55.9307],[10.1258,55.9307],[10.1253,55.9307]]]},"properties":{"sourceId":"ais_par3.55970","a_type":3210,"hectares":2.239}},{"type":"Feature","id":"ais_par3.55971","geometry":{"type":"Polygon","coordinates":[[[10.0858,55.9295],[10.0853,55.9295],[10.085,55.9295],[10.0845,55.9295],[10.084,55.9294],[10.0835,55.9294],[10.0832,55.9293],[10.0826,55.9296],[10.0817,55.9297],[10.0816,55.9299],[10.0814,55.93],[10.0811,55.93],[10.0806,55.9299],[10.0802,55.9298],[10.0797,55.9295],[10.0794,55.9291],[10.0792,55.929],[10.0789,55.9289],[10.0788,55.9288],[10.0787,55.9286],[10.0785,55.9286],[10.078,55.9283],[10.0779,55.928],[10.0777,55.9278],[10.0776,55.9276],[10.0774,55.9275],[10.0771,55.9272],[10.077,55.9272],[10.0768,55.9272],[10.0765,55.9272],[10.0763,55.9272],[10.0761,55.9271],[10.076,55.927],[10.0758,55.9266],[10.0758,55.9265],[10.0754,55.9261],[10.075,55.9259],[10.0745,55.9257],[10.0741,55.9256],[10.0723,55.9254],[10.0719,55.9253],[10.0714,55.9251],[10.071,55.925],[10.0704,55.9248],[10.0702,55.9248],[10.0702,55.9249],[10.0704,55.9249],[10.0704,55.925],[10.0707,55.925],[10.0709,55.925],[10.0714,55.9251],[10.0716,55.9253],[10.0723,55.9255],[10.0732,55.9256],[10.0736,55.9256],[10.0742,55.9258],[10.0744,55.9259],[10.0744,55.926],[10.0742,55.9261],[10.0741,55.9262],[10.0742,55.9263],[10.0744,55.9263],[10.0745,55.9263],[10.0746,55.9265],[10.0747,55.9266],[10.0749,55.9267],[10.0752,55.9266],[10.0765,55.9282],[10.0769,55.9286],[10.0768,55.9286],[10.0768,55.9288],[10.0769,55.9289],[10.0772,55.9291],[10.0774,55.9294],[10.0774,55.9295],[10.0773,55.9296],[10.0775,55.9297],[10.078,55.93],[10.0782,55.93],[10.0783,55.9301],[10.0785,55.9305],[10.0787,55.9311],[10.0793,55.9313],[10.0802,55.9314],[10.0816,55.9315],[10.0827,55.9315],[10.084,55.9314],[10.085,55.9313],[10.0868,55.9311],[10.0878,55.9311],[10.0888,55.931],[10.0894,55.931],[10.0891,55.9307],[10.089,55.9307],[10.0887,55.9305],[10.0884,55.9302],[10.0883,55.9302],[10.0882,55.9301],[10.088,55.9299],[10.0878,55.9298],[10.0875,55.9297],[10.0874,55.9296],[10.0872,55.9296],[10.0871,55.9295],[10.0869,55.9295],[10.0867,55.9295],[10.0866,55.9295],[10.0862,55.9296],[10.0858,55.9296],[10.0858,55.9295]]]},"properties":{"sourceId":"ais_par3.55971","a_type":4120,"hectares":15.941}},{"type":"Feature","id":"ais_par3.55972","geometry":{"type":"Polygon","coordinates":[[[10.0901,55.9297],[10.0899,55.9295],[10.0889,55.9296],[10.0875,55.9297],[10.0878,55.9298],[10.088,55.9299],[10.0882,55.9301],[10.0883,55.9302],[10.0884,55.9302],[10.0887,55.9305],[10.089,55.9307],[10.0891,55.9307],[10.0894,55.931],[10.0896,55.931],[10.09,55.931],[10.0903,55.931],[10.0909,55.9308],[10.0909,55.9304],[10.0908,55.9303],[10.0907,55.9302],[10.0904,55.93],[10.0901,55.9297]]]},"properties":{"sourceId":"ais_par3.55972","a_type":3210,"hectares":2.017}},{"type":"Feature","id":"ais_par3.55973","geometry":{"type":"Polygon","coordinates":[[[10.0289,55.9313],[10.0289,55.9313],[10.0289,55.9312],[10.0288,55.9312],[10.0288,55.9311],[10.0287,55.9311],[10.0286,55.9311],[10.0285,55.9311],[10.0285,55.9312],[10.0285,55.9312],[10.0285,55.9313],[10.0286,55.9312],[10.0286,55.9313],[10.0286,55.9313],[10.0287,55.9314],[10.0288,55.9314],[10.0289,55.9314],[10.0289,55.9313]]]},"properties":{"sourceId":"ais_par3.55973","a_type":5120,"hectares":0.048}},{"type":"Feature","id":"ais_par3.55974","geometry":{"type":"Polygon","coordinates":[[[10.2509,55.9292],[10.251,55.929],[10.2514,55.9286],[10.2516,55.9284],[10.2518,55.9283],[10.2522,55.9282],[10.2528,55.9278],[10.2532,55.927],[10.2534,55.9265],[10.2531,55.9266],[10.2531,55.9269],[10.253,55.9271],[10.2528,55.9271],[10.2527,55.9273],[10.2525,55.9275],[10.2522,55.9276],[10.2519,55.9276],[10.2516,55.9276],[10.2514,55.9278],[10.2511,55.9279],[10.2506,55.9281],[10.2503,55.9282],[10.2496,55.9284],[10.2497,55.9285],[10.2509,55.9292]],[[10.2521,55.9281],[10.2517,55.9281],[10.2517,55.928],[10.252,55.928],[10.2521,55.9281]]]},"properties":{"sourceId":"ais_par3.55974","a_type":4120,"hectares":1.689}},{"type":"Feature","id":"ais_par3.55975","geometry":{"type":"Polygon","coordinates":[[[10.0465,55.9309],[10.0465,55.9308],[10.0465,55.9308],[10.0464,55.9307],[10.0464,55.9307],[10.0463,55.9307],[10.0462,55.9307],[10.0462,55.9308],[10.0462,55.9308],[10.0464,55.9309],[10.0465,55.9309]]]},"properties":{"sourceId":"ais_par3.55975","a_type":5120,"hectares":0.023}},{"type":"Feature","id":"ais_par3.56220","geometry":{"type":"Polygon","coordinates":[[[10.1033,55.8822],[10.1032,55.8834],[10.1047,55.8838],[10.1048,55.8827],[10.1048,55.8824],[10.1044,55.8824],[10.1044,55.8822],[10.1041,55.8822],[10.1041,55.8824],[10.1038,55.8822],[10.1033,55.8822]]]},"properties":{"sourceId":"ais_par3.56220","a_type":4120,"hectares":1.467}},{"type":"Feature","id":"ais_par3.55976","geometry":{"type":"Polygon","coordinates":[[[10.0982,55.9299],[10.0981,55.93],[10.0979,55.9301],[10.0979,55.9302],[10.0979,55.9302],[10.0983,55.9303],[10.0984,55.9303],[10.0984,55.9302],[10.0985,55.9301],[10.0985,55.9301],[10.0985,55.93],[10.0984,55.9299],[10.0983,55.9299],[10.0982,55.9299]]]},"properties":{"sourceId":"ais_par3.55976","a_type":5120,"hectares":0.118}},{"type":"Feature","id":"ais_par3.55977","geometry":{"type":"Polygon","coordinates":[[[10.0556,55.9307],[10.0556,55.9306],[10.0557,55.9306],[10.0557,55.9305],[10.0557,55.9305],[10.0556,55.9305],[10.0553,55.9305],[10.0552,55.9305],[10.0552,55.9305],[10.0552,55.9306],[10.0553,55.9306],[10.0555,55.9307],[10.0556,55.9307]]]},"properties":{"sourceId":"ais_par3.55977","a_type":5120,"hectares":0.05}},{"type":"Feature","id":"ais_par3.55978","geometry":{"type":"Polygon","coordinates":[[[10.1814,55.9284],[10.1812,55.9283],[10.181,55.9281],[10.1791,55.928],[10.1791,55.9282],[10.1791,55.9284],[10.1805,55.9291],[10.1806,55.9291],[10.182,55.9292],[10.1822,55.9286],[10.1814,55.9284]],[[10.1799,55.9282],[10.18,55.9282],[10.1801,55.9282],[10.1802,55.9282],[10.1803,55.9282],[10.1805,55.9283],[10.1806,55.9283],[10.1806,55.9283],[10.1808,55.9283],[10.1809,55.9283],[10.181,55.9283],[10.1811,55.9283],[10.1812,55.9284],[10.1813,55.9284],[10.1814,55.9285],[10.1815,55.9286],[10.1816,55.9287],[10.1816,55.9288],[10.1816,55.9289],[10.1815,55.929],[10.1814,55.929],[10.1811,55.9291],[10.1809,55.9291],[10.1808,55.9291],[10.1807,55.9291],[10.1806,55.929],[10.1805,55.929],[10.1803,55.929],[10.1802,55.9288],[10.18,55.9287],[10.1799,55.9287],[10.1798,55.9286],[10.1797,55.9286],[10.1797,55.9285],[10.1797,55.9284],[10.1796,55.9284],[10.1796,55.9283],[10.1796,55.9283],[10.1797,55.9283],[10.1799,55.9282]]]},"properties":{"sourceId":"ais_par3.55978","a_type":4110,"hectares":0.868}},{"type":"Feature","id":"ais_par3.55979","geometry":{"type":"Polygon","coordinates":[[[10.1214,55.9296],[10.1214,55.9295],[10.1214,55.9295],[10.1214,55.9294],[10.1213,55.9294],[10.1212,55.9295],[10.1213,55.9295],[10.1213,55.9297],[10.1214,55.9296]]]},"properties":{"sourceId":"ais_par3.55979","a_type":5120,"hectares":0.02}},{"type":"Feature","id":"ais_par3.55980","geometry":{"type":"Polygon","coordinates":[[[10.1799,55.9282],[10.1797,55.9283],[10.1796,55.9283],[10.1796,55.9283],[10.1796,55.9284],[10.1797,55.9284],[10.1797,55.9285],[10.1797,55.9286],[10.1798,55.9286],[10.1799,55.9287],[10.18,55.9287],[10.1802,55.9288],[10.1803,55.929],[10.1805,55.929],[10.1806,55.929],[10.1807,55.9291],[10.1808,55.9291],[10.1809,55.9291],[10.1811,55.9291],[10.1814,55.929],[10.1815,55.929],[10.1816,55.9289],[10.1816,55.9288],[10.1816,55.9287],[10.1815,55.9286],[10.1814,55.9285],[10.1813,55.9284],[10.1812,55.9284],[10.1811,55.9283],[10.181,55.9283],[10.1809,55.9283],[10.1808,55.9283],[10.1806,55.9283],[10.1806,55.9283],[10.1805,55.9283],[10.1803,55.9282],[10.1802,55.9282],[10.1801,55.9282],[10.18,55.9282],[10.1799,55.9282]]]},"properties":{"sourceId":"ais_par3.55980","a_type":5120,"hectares":0.826}},{"type":"Feature","id":"ais_par3.55981","geometry":{"type":"Polygon","coordinates":[[[10.0953,55.9287],[10.0983,55.9269],[10.0995,55.9261],[10.0992,55.9251],[10.0989,55.9255],[10.0987,55.9255],[10.0987,55.9257],[10.0985,55.9258],[10.0984,55.9258],[10.0984,55.9259],[10.0984,55.926],[10.0977,55.9266],[10.0976,55.9267],[10.0975,55.9268],[10.0974,55.9269],[10.0972,55.9272],[10.0966,55.9276],[10.0964,55.9276],[10.0961,55.9279],[10.096,55.928],[10.0958,55.9281],[10.0957,55.9281],[10.0956,55.9282],[10.0953,55.9284],[10.0944,55.9287],[10.0934,55.9289],[10.093,55.929],[10.0928,55.929],[10.0924,55.9291],[10.0922,55.9292],[10.092,55.9292],[10.0918,55.9293],[10.0913,55.9293],[10.0909,55.9294],[10.0909,55.9293],[10.0907,55.9294],[10.0899,55.9295],[10.0904,55.9299],[10.0931,55.9294],[10.0953,55.9287]]]},"properties":{"sourceId":"ais_par3.55981","a_type":4110,"hectares":3.048}},{"type":"Feature","id":"ais_par3.55982","geometry":{"type":"Polygon","coordinates":[[[10.2521,55.9281],[10.252,55.928],[10.2517,55.928],[10.2517,55.9281],[10.2521,55.9281]]]},"properties":{"sourceId":"ais_par3.55982","a_type":5120,"hectares":0.018}},{"type":"Feature","id":"ais_par3.55983","geometry":{"type":"Polygon","coordinates":[[[10.0869,55.9295],[10.0871,55.9295],[10.0874,55.9296],[10.0878,55.9295],[10.0884,55.9295],[10.0898,55.9294],[10.0906,55.9293],[10.0907,55.9292],[10.0909,55.9292],[10.091,55.9292],[10.0917,55.9292],[10.0918,55.9291],[10.0921,55.9291],[10.0922,55.9291],[10.0926,55.9289],[10.093,55.9289],[10.0936,55.9287],[10.0941,55.9286],[10.0949,55.9283],[10.0951,55.9283],[10.0952,55.9283],[10.0954,55.9282],[10.0955,55.9282],[10.0955,55.928],[10.0957,55.928],[10.0958,55.9278],[10.096,55.9278],[10.0962,55.9276],[10.0962,55.9275],[10.0965,55.9275],[10.097,55.9271],[10.0972,55.9269],[10.0973,55.9266],[10.0974,55.9266],[10.0979,55.9263],[10.0981,55.926],[10.0981,55.9259],[10.0981,55.9258],[10.0984,55.9257],[10.0985,55.9256],[10.0985,55.9254],[10.0987,55.9254],[10.0991,55.925],[10.0984,55.9249],[10.0981,55.925],[10.0977,55.9251],[10.0969,55.9251],[10.0971,55.9252],[10.0973,55.9258],[10.0971,55.9262],[10.0969,55.9265],[10.0967,55.9267],[10.0963,55.927],[10.0958,55.9273],[10.0952,55.9276],[10.0946,55.9279],[10.094,55.9281],[10.0935,55.9282],[10.0928,55.9284],[10.0918,55.9285],[10.0907,55.9286],[10.09,55.9287],[10.0889,55.9288],[10.0882,55.9288],[10.0873,55.9289],[10.086,55.929],[10.0858,55.9295],[10.0858,55.9296],[10.0862,55.9296],[10.0866,55.9295],[10.0867,55.9295],[10.0869,55.9295]]]},"properties":{"sourceId":"ais_par3.55983","a_type":4110,"hectares":6.022}},{"type":"Feature","id":"ais_par3.55984","geometry":{"type":"Polygon","coordinates":[[[10.0996,55.9289],[10.0996,55.9289],[10.0996,55.929],[10.0997,55.9291],[10.0998,55.9291],[10.0999,55.9291],[10.1,55.929],[10.1,55.929],[10.1,55.9289],[10.1,55.9289],[10.0998,55.9288],[10.0997,55.9288],[10.0996,55.9289]]]},"properties":{"sourceId":"ais_par3.55984","a_type":5120,"hectares":0.065}},{"type":"Feature","id":"ais_par3.55985","geometry":{"type":"Polygon","coordinates":[[[10.0313,55.9296],[10.0313,55.9296],[10.0314,55.9295],[10.0314,55.9295],[10.0314,55.9295],[10.0314,55.9294],[10.0314,55.9294],[10.0313,55.9294],[10.0313,55.9293],[10.0312,55.9293],[10.0311,55.9293],[10.0311,55.9294],[10.031,55.9294],[10.031,55.9294],[10.031,55.9295],[10.031,55.9295],[10.0311,55.9295],[10.0312,55.9296],[10.0313,55.9296]]]},"properties":{"sourceId":"ais_par3.55985","a_type":5120,"hectares":0.059}},{"type":"Feature","id":"ais_par3.55986","geometry":{"type":"Polygon","coordinates":[[[10.0931,55.9281],[10.0916,55.9282],[10.0873,55.9285],[10.0862,55.9285],[10.086,55.929],[10.0873,55.9289],[10.0882,55.9288],[10.09,55.9286],[10.0908,55.9285],[10.0919,55.9285],[10.0927,55.9283],[10.0935,55.9282],[10.0939,55.928],[10.0946,55.9278],[10.0951,55.9276],[10.0957,55.9273],[10.0963,55.927],[10.0966,55.9267],[10.0967,55.9265],[10.0952,55.9264],[10.0947,55.9265],[10.0936,55.927],[10.0935,55.9271],[10.0931,55.9281]]]},"properties":{"sourceId":"ais_par3.55986","a_type":3210,"hectares":3.991}},{"type":"Feature","id":"ais_par3.55987","geometry":{"type":"Polygon","coordinates":[[[10.2325,55.9274],[10.2324,55.9274],[10.2323,55.9275],[10.2324,55.9275],[10.2324,55.9275],[10.2326,55.9275],[10.2327,55.9275],[10.2327,55.9275],[10.2327,55.9274],[10.2326,55.9274],[10.2325,55.9274]]]},"properties":{"sourceId":"ais_par3.55987","a_type":5120,"hectares":0.029}},{"type":"Feature","id":"ais_par3.55988","geometry":{"type":"Polygon","coordinates":[[[10.1931,55.927],[10.1932,55.9269],[10.1932,55.9269],[10.1931,55.9268],[10.1931,55.9268],[10.1925,55.927],[10.1923,55.9275],[10.192,55.9275],[10.1922,55.9276],[10.1924,55.9276],[10.1928,55.9278],[10.193,55.9278],[10.1931,55.9279],[10.1931,55.9276],[10.193,55.9277],[10.1929,55.9277],[10.1927,55.9276],[10.1926,55.9276],[10.1925,55.9276],[10.1924,55.9275],[10.1924,55.9274],[10.1924,55.9273],[10.1925,55.9272],[10.1925,55.927],[10.1927,55.9271],[10.1927,55.9271],[10.1927,55.9271],[10.1926,55.9272],[10.1926,55.9273],[10.1927,55.9274],[10.1927,55.9275],[10.1928,55.9275],[10.1929,55.9275],[10.1929,55.9274],[10.193,55.9274],[10.193,55.9273],[10.1929,55.9272],[10.1929,55.9272],[10.1928,55.9271],[10.1929,55.927],[10.193,55.927],[10.1931,55.927]]]},"properties":{"sourceId":"ais_par3.55988","a_type":4120,"hectares":0.248}},{"type":"Feature","id":"ais_par3.55989","geometry":{"type":"Polygon","coordinates":[[[10.0404,55.9275],[10.0405,55.9275],[10.0405,55.9274],[10.0405,55.9272],[10.0404,55.9267],[10.04,55.9267],[10.0397,55.9268],[10.0393,55.9268],[10.0391,55.9269],[10.039,55.9273],[10.039,55.9275],[10.039,55.9277],[10.0388,55.9278],[10.0385,55.9279],[10.0373,55.9281],[10.0368,55.9281],[10.0351,55.9281],[10.0349,55.9282],[10.0346,55.9282],[10.0339,55.9283],[10.0341,55.9287],[10.0344,55.929],[10.0363,55.9289],[10.0366,55.9289],[10.0368,55.9289],[10.037,55.929],[10.0371,55.9291],[10.0375,55.9291],[10.0379,55.929],[10.0384,55.9289],[10.0388,55.9287],[10.0391,55.9285],[10.039,55.9284],[10.0389,55.9284],[10.0389,55.9283],[10.0387,55.9282],[10.0387,55.9282],[10.0387,55.9281],[10.0387,55.9281],[10.0388,55.928],[10.0389,55.9279],[10.0393,55.9278],[10.0393,55.9277],[10.0404,55.9274],[10.0404,55.9275]]]},"properties":{"sourceId":"ais_par3.55989","a_type":4120,"hectares":3.808}},{"type":"Feature","id":"ais_par3.55990","geometry":{"type":"Polygon","coordinates":[[[10.1931,55.9276],[10.1931,55.9276],[10.1932,55.9275],[10.1932,55.9275],[10.1932,55.9274],[10.1933,55.9273],[10.1932,55.9273],[10.1932,55.9272],[10.1932,55.9272],[10.1931,55.9271],[10.1931,55.927],[10.193,55.927],[10.1929,55.927],[10.1928,55.9271],[10.1929,55.9272],[10.1929,55.9272],[10.193,55.9273],[10.193,55.9274],[10.1929,55.9274],[10.1929,55.9275],[10.1928,55.9275],[10.1927,55.9275],[10.1927,55.9274],[10.1926,55.9273],[10.1926,55.9272],[10.1927,55.9271],[10.1927,55.9271],[10.1927,55.9271],[10.1925,55.927],[10.1925,55.9272],[10.1924,55.9273],[10.1924,55.9274],[10.1924,55.9275],[10.1925,55.9276],[10.1926,55.9276],[10.1927,55.9276],[10.1929,55.9277],[10.193,55.9277],[10.1931,55.9276]]]},"properties":{"sourceId":"ais_par3.55990","a_type":5120,"hectares":0.233}},{"type":"Feature","id":"ais_par3.55991","geometry":{"type":"Polygon","coordinates":[[[10.0494,55.9286],[10.0494,55.9286],[10.0494,55.9286],[10.0494,55.9287],[10.0495,55.9287],[10.0496,55.9287],[10.0496,55.9286],[10.0496,55.9286],[10.0495,55.9285],[10.0494,55.9286]]]},"properties":{"sourceId":"ais_par3.55991","a_type":5120,"hectares":0.018}},{"type":"Feature","id":"ais_par3.55992","geometry":{"type":"Polygon","coordinates":[[[10.245,55.9267],[10.2452,55.9268],[10.2452,55.9268],[10.2453,55.9267],[10.2453,55.9267],[10.2452,55.9267],[10.245,55.9267]]]},"properties":{"sourceId":"ais_par3.55992","a_type":5120,"hectares":0.017}},{"type":"Feature","id":"ais_par3.55993","geometry":{"type":"Polygon","coordinates":[[[10.0522,55.9286],[10.0523,55.9285],[10.0523,55.9285],[10.0524,55.9284],[10.0523,55.9284],[10.0521,55.9285],[10.0522,55.9285],[10.0522,55.9285],[10.0522,55.9286]]]},"properties":{"sourceId":"ais_par3.55993","a_type":5120,"hectares":0.013}},{"type":"Feature","id":"ais_par3.55994","geometry":{"type":"Polygon","coordinates":[[[10.0398,55.9281],[10.0399,55.9281],[10.0404,55.9275],[10.0393,55.9277],[10.0393,55.9278],[10.0389,55.9279],[10.0388,55.928],[10.0387,55.9281],[10.0387,55.9281],[10.0387,55.9282],[10.0387,55.9282],[10.0389,55.9283],[10.0389,55.9284],[10.039,55.9284],[10.0391,55.9285],[10.0398,55.9281]],[[10.0391,55.9282],[10.0391,55.9281],[10.0392,55.9281],[10.0393,55.928],[10.0395,55.9279],[10.0396,55.9279],[10.0397,55.9279],[10.0397,55.9278],[10.04,55.9277],[10.04,55.9277],[10.0399,55.9278],[10.0398,55.9278],[10.0398,55.9278],[10.0398,55.9279],[10.0398,55.9279],[10.0398,55.928],[10.0395,55.9282],[10.0394,55.9281],[10.0393,55.9281],[10.0391,55.9282],[10.0391,55.9282]]]},"properties":{"sourceId":"ais_par3.55994","a_type":5120,"hectares":0.41}},{"type":"Feature","id":"ais_par3.55995","geometry":{"type":"Polygon","coordinates":[[[10.0391,55.9282],[10.0391,55.9282],[10.0393,55.9281],[10.0394,55.9281],[10.0395,55.9282],[10.0398,55.928],[10.0398,55.9279],[10.0398,55.9279],[10.0398,55.9278],[10.0398,55.9278],[10.0399,55.9278],[10.04,55.9277],[10.04,55.9277],[10.0397,55.9278],[10.0397,55.9279],[10.0396,55.9279],[10.0395,55.9279],[10.0393,55.928],[10.0392,55.9281],[10.0391,55.9281],[10.0391,55.9282]]]},"properties":{"sourceId":"ais_par3.55995","a_type":4120,"hectares":0.098}},{"type":"Feature","id":"ais_par3.55996","geometry":{"type":"Polygon","coordinates":[[[10.0877,55.9278],[10.0878,55.9278],[10.0878,55.9277],[10.0878,55.9276],[10.0878,55.9276],[10.0878,55.9275],[10.0877,55.9275],[10.0875,55.9275],[10.0875,55.9276],[10.0875,55.9277],[10.0875,55.9277],[10.0876,55.9278],[10.0877,55.9278]]]},"properties":{"sourceId":"ais_par3.55996","a_type":5120,"hectares":0.055}},{"type":"Feature","id":"ais_par3.55997","geometry":{"type":"Polygon","coordinates":[[[10.0929,55.9249],[10.0953,55.9254],[10.0972,55.9257],[10.0969,55.9252],[10.0967,55.9251],[10.0968,55.925],[10.0977,55.9251],[10.098,55.925],[10.0983,55.9248],[10.0981,55.9248],[10.0975,55.9248],[10.0973,55.9247],[10.0973,55.9246],[10.0973,55.9244],[10.0961,55.9243],[10.0926,55.9238],[10.0929,55.9249]]]},"properties":{"sourceId":"ais_par3.55997","a_type":3210,"hectares":3.738}},{"type":"Feature","id":"ais_par3.55998","geometry":{"type":"Polygon","coordinates":[[[10.1353,55.9251],[10.1354,55.9251],[10.1353,55.9249],[10.1351,55.9249],[10.1351,55.9251],[10.1353,55.9251]]]},"properties":{"sourceId":"ais_par3.55998","a_type":5120,"hectares":0.024}},{"type":"Feature","id":"ais_par3.55999","geometry":{"type":"Polygon","coordinates":[[[10.199,55.9234],[10.1988,55.9235],[10.1986,55.9237],[10.1985,55.9238],[10.1985,55.9239],[10.1984,55.924],[10.1985,55.9241],[10.1986,55.9241],[10.1986,55.9241],[10.1988,55.9242],[10.1989,55.9243],[10.199,55.9244],[10.1992,55.9244],[10.1994,55.9244],[10.1996,55.9243],[10.1998,55.9243],[10.1999,55.9242],[10.2001,55.924],[10.2002,55.924],[10.2002,55.9239],[10.2003,55.9238],[10.2004,55.9238],[10.2006,55.9237],[10.2008,55.9236],[10.2009,55.9235],[10.2009,55.9234],[10.2009,55.9234],[10.2008,55.9233],[10.2007,55.9233],[10.2005,55.9233],[10.2003,55.9233],[10.2002,55.9233],[10.2001,55.9233],[10.2001,55.9233],[10.2,55.9233],[10.1997,55.9233],[10.1996,55.9233],[10.1992,55.9234],[10.199,55.9234]]]},"properties":{"sourceId":"ais_par3.55999","a_type":5120,"hectares":1.19}},{"type":"Feature","id":"ais_par3.56000","geometry":{"type":"Polygon","coordinates":[[[10.2229,55.9237],[10.2229,55.9237],[10.2228,55.9238],[10.2228,55.9238],[10.2228,55.9239],[10.2229,55.9239],[10.223,55.9239],[10.2231,55.9239],[10.2232,55.9238],[10.2232,55.9238],[10.2231,55.9237],[10.223,55.9237],[10.2229,55.9237]]]},"properties":{"sourceId":"ais_par3.56000","a_type":5120,"hectares":0.039}},{"type":"Feature","id":"ais_par3.56001","geometry":{"type":"Polygon","coordinates":[[[10.1022,55.9218],[10.1024,55.9234],[10.1018,55.9238],[10.102,55.9244],[10.1058,55.9232],[10.1052,55.922],[10.1041,55.9219],[10.1042,55.9218],[10.1054,55.9218],[10.1062,55.9218],[10.1067,55.9217],[10.1069,55.9216],[10.1067,55.9201],[10.1066,55.9198],[10.1064,55.9196],[10.1053,55.9188],[10.1059,55.9175],[10.1067,55.9167],[10.1072,55.9158],[10.1034,55.9159],[10.1022,55.9218]]]},"properties":{"sourceId":"ais_par3.56001","a_type":4110,"hectares":19.052}},{"type":"Feature","id":"ais_par3.56002","geometry":{"type":"Polygon","coordinates":[[[10.0826,55.9241],[10.0827,55.9241],[10.0827,55.9241],[10.0828,55.924],[10.0828,55.9239],[10.0827,55.9239],[10.0827,55.9238],[10.0826,55.9238],[10.0825,55.9238],[10.0823,55.9238],[10.0822,55.9239],[10.0821,55.9239],[10.0822,55.924],[10.0822,55.9241],[10.0823,55.9241],[10.0824,55.9242],[10.0825,55.9242],[10.0826,55.9241]]]},"properties":{"sourceId":"ais_par3.56002","a_type":5120,"hectares":0.121}},{"type":"Feature","id":"ais_par3.56003","geometry":{"type":"Polygon","coordinates":[[[10.1597,55.9232],[10.1596,55.9231],[10.1596,55.9231],[10.1594,55.9231],[10.1594,55.9231],[10.1593,55.9231],[10.1592,55.9231],[10.1592,55.9232],[10.1593,55.9232],[10.1593,55.9233],[10.1594,55.9233],[10.1595,55.9233],[10.1596,55.9234],[10.1597,55.9233],[10.1597,55.9233],[10.1597,55.9232],[10.1597,55.9232],[10.1597,55.9232]]]},"properties":{"sourceId":"ais_par3.56003","a_type":5120,"hectares":0.077}},{"type":"Feature","id":"ais_par3.56004","geometry":{"type":"Polygon","coordinates":[[[10.0271,55.9218],[10.0247,55.9221],[10.0244,55.9221],[10.0241,55.9223],[10.0239,55.9224],[10.0238,55.9225],[10.0237,55.9227],[10.0236,55.9229],[10.0235,55.9232],[10.0237,55.9235],[10.0239,55.9236],[10.0243,55.924],[10.0244,55.9239],[10.0244,55.9239],[10.0247,55.9239],[10.0248,55.924],[10.0249,55.924],[10.025,55.9239],[10.0251,55.9239],[10.0252,55.924],[10.0253,55.924],[10.0254,55.9241],[10.0254,55.924],[10.026,55.9233],[10.0258,55.9233],[10.0257,55.9232],[10.0255,55.9232],[10.0253,55.9232],[10.0252,55.9233],[10.025,55.9233],[10.0249,55.9233],[10.0246,55.9235],[10.0245,55.9235],[10.024,55.9235],[10.0239,55.9235],[10.0238,55.9234],[10.0239,55.9233],[10.0239,55.9233],[10.0241,55.9233],[10.0243,55.9233],[10.0245,55.9233],[10.025,55.9231],[10.0251,55.9231],[10.0256,55.9231],[10.0257,55.9231],[10.0258,55.9232],[10.0258,55.9232],[10.026,55.9233],[10.0268,55.9229],[10.0275,55.9226],[10.0278,55.9225],[10.0274,55.9226],[10.0273,55.9225],[10.0274,55.9223],[10.0275,55.9222],[10.0277,55.9222],[10.0278,55.9221],[10.0279,55.922],[10.0281,55.9219],[10.0282,55.9218],[10.0285,55.9217],[10.0286,55.9217],[10.0287,55.9217],[10.0288,55.9217],[10.0287,55.9216],[10.0284,55.9216],[10.0281,55.9217],[10.0279,55.9218],[10.0275,55.9218],[10.0271,55.9218]],[[10.0248,55.9222],[10.0249,55.9223],[10.0249,55.9223],[10.0248,55.9224],[10.0248,55.9224],[10.0246,55.9225],[10.0244,55.9226],[10.0243,55.9226],[10.0241,55.9226],[10.024,55.9226],[10.024,55.9226],[10.0239,55.9225],[10.0239,55.9225],[10.024,55.9224],[10.0243,55.9224],[10.0244,55.9223],[10.0244,55.9223],[10.0245,55.9222],[10.0246,55.9222],[10.0247,55.9222],[10.0248,55.9222]]]},"properties":{"sourceId":"ais_par3.56004","a_type":4120,"hectares":3.606}},{"type":"Feature","id":"ais_par3.56005","geometry":{"type":"Polygon","coordinates":[[[10.0278,55.9225],[10.028,55.9224],[10.0282,55.9222],[10.0285,55.9219],[10.0287,55.9217],[10.0285,55.9218],[10.0281,55.9222],[10.028,55.9223],[10.0278,55.9225]]]},"properties":{"sourceId":"ais_par3.56005","a_type":4120,"hectares":0.048}},{"type":"Feature","id":"ais_par3.56006","geometry":{"type":"Polygon","coordinates":[[[10.0246,55.9242],[10.0246,55.9241],[10.0245,55.9241],[10.0243,55.924],[10.0245,55.9241],[10.0246,55.9242]]]},"properties":{"sourceId":"ais_par3.56006","a_type":4120,"hectares":0.008}},{"type":"Feature","id":"ais_par3.56052","geometry":{"type":"Polygon","coordinates":[[[10.0827,55.9156],[10.0817,55.9154],[10.0816,55.9156],[10.0812,55.9156],[10.0811,55.9159],[10.0818,55.916],[10.0818,55.9168],[10.0822,55.9167],[10.0824,55.9167],[10.0825,55.9166],[10.0827,55.9161],[10.0827,55.9156]]]},"properties":{"sourceId":"ais_par3.56052","a_type":4110,"hectares":0.898}},{"type":"Feature","id":"ais_par3.56007","geometry":{"type":"Polygon","coordinates":[[[10.0253,55.9241],[10.0253,55.924],[10.0252,55.924],[10.0251,55.9239],[10.025,55.9239],[10.0249,55.924],[10.0248,55.924],[10.0247,55.9239],[10.0244,55.9239],[10.0244,55.9239],[10.0243,55.924],[10.0245,55.9241],[10.0246,55.9241],[10.0246,55.9242],[10.0247,55.9242],[10.0249,55.9242],[10.025,55.9242],[10.0251,55.9242],[10.0252,55.9242],[10.0253,55.9241],[10.0253,55.9241]]]},"properties":{"sourceId":"ais_par3.56007","a_type":5120,"hectares":0.144}},{"type":"Feature","id":"ais_par3.56008","geometry":{"type":"Polygon","coordinates":[[[10.0259,55.9241],[10.0259,55.9241],[10.026,55.924],[10.026,55.924],[10.0259,55.9239],[10.0259,55.9239],[10.0258,55.9239],[10.0257,55.924],[10.0257,55.924],[10.0257,55.9241],[10.0258,55.9242],[10.0259,55.9241]]]},"properties":{"sourceId":"ais_par3.56008","a_type":5120,"hectares":0.042}},{"type":"Feature","id":"ais_par3.56009","geometry":{"type":"Polygon","coordinates":[[[10.0329,55.9195],[10.033,55.9194],[10.0326,55.9195],[10.0325,55.9197],[10.0325,55.9199],[10.0324,55.92],[10.0322,55.9202],[10.032,55.9205],[10.0314,55.921],[10.031,55.9213],[10.0303,55.9227],[10.0303,55.9229],[10.0301,55.9229],[10.03,55.9234],[10.0312,55.9241],[10.0314,55.9239],[10.0313,55.9239],[10.0312,55.9238],[10.031,55.9237],[10.0309,55.9236],[10.0307,55.9234],[10.0306,55.9233],[10.0305,55.9232],[10.0305,55.9231],[10.0307,55.9229],[10.0308,55.9229],[10.031,55.9226],[10.0312,55.9224],[10.0315,55.9212],[10.0316,55.9211],[10.0324,55.9206],[10.0324,55.9206],[10.0325,55.9205],[10.0328,55.9202],[10.0329,55.9195]]]},"properties":{"sourceId":"ais_par3.56009","a_type":4110,"hectares":1.668}},{"type":"Feature","id":"ais_par3.56010","geometry":{"type":"Polygon","coordinates":[[[10.1118,55.9233],[10.1117,55.923],[10.1116,55.923],[10.1115,55.923],[10.1114,55.923],[10.1114,55.9231],[10.1114,55.9232],[10.1114,55.9232],[10.1115,55.9233],[10.1116,55.9233],[10.1118,55.9233]]]},"properties":{"sourceId":"ais_par3.56010","a_type":5120,"hectares":0.058}},{"type":"Feature","id":"ais_par3.56011","geometry":{"type":"Polygon","coordinates":[[[10.0691,55.9221],[10.069,55.9222],[10.0689,55.9224],[10.0687,55.9225],[10.0684,55.9227],[10.0684,55.9228],[10.0685,55.9228],[10.0684,55.9229],[10.0684,55.923],[10.0682,55.923],[10.068,55.923],[10.0678,55.923],[10.0676,55.9231],[10.0676,55.9232],[10.0676,55.9234],[10.0677,55.9234],[10.0678,55.9235],[10.0679,55.9235],[10.0681,55.9235],[10.0683,55.9234],[10.0685,55.9233],[10.0685,55.9232],[10.0686,55.923],[10.0686,55.9229],[10.0686,55.9228],[10.069,55.9224],[10.0691,55.9223],[10.0692,55.9222],[10.0691,55.9221]],[[10.0684,55.9232],[10.0683,55.9232],[10.0683,55.9232],[10.0682,55.9233],[10.0682,55.9233],[10.0681,55.9233],[10.068,55.9234],[10.0679,55.9234],[10.0678,55.9234],[10.0678,55.9233],[10.0678,55.9233],[10.0679,55.9232],[10.068,55.9231],[10.0682,55.9231],[10.0683,55.9232],[10.0684,55.9232]]]},"properties":{"sourceId":"ais_par3.56011","a_type":4110,"hectares":0.325}},{"type":"Feature","id":"ais_par3.56012","geometry":{"type":"Polygon","coordinates":[[[10.0693,55.922],[10.0693,55.9219],[10.0694,55.9217],[10.0694,55.9215],[10.0695,55.9211],[10.0696,55.921],[10.0694,55.92],[10.0692,55.9199],[10.0693,55.9201],[10.0691,55.9202],[10.0692,55.9209],[10.0693,55.921],[10.0693,55.9212],[10.0691,55.9215],[10.0691,55.9219],[10.0691,55.9221],[10.0693,55.922]]]},"properties":{"sourceId":"ais_par3.56012","a_type":4110,"hectares":0.358}},{"type":"Feature","id":"ais_par3.56013","geometry":{"type":"Polygon","coordinates":[[[10.068,55.9234],[10.0681,55.9233],[10.0682,55.9233],[10.0682,55.9233],[10.0683,55.9232],[10.0683,55.9232],[10.0684,55.9232],[10.0683,55.9232],[10.0682,55.9231],[10.068,55.9231],[10.0679,55.9232],[10.0678,55.9233],[10.0678,55.9233],[10.0678,55.9234],[10.0679,55.9234],[10.068,55.9234]]]},"properties":{"sourceId":"ais_par3.56013","a_type":5120,"hectares":0.065}},{"type":"Feature","id":"ais_par3.56014","geometry":{"type":"Polygon","coordinates":[[[10.0367,55.9234],[10.0366,55.9234],[10.0366,55.9235],[10.0365,55.9235],[10.0366,55.9236],[10.0366,55.9236],[10.0367,55.9236],[10.0368,55.9236],[10.0369,55.9236],[10.037,55.9235],[10.037,55.9235],[10.0369,55.9234],[10.0368,55.9234],[10.0367,55.9234]]]},"properties":{"sourceId":"ais_par3.56014","a_type":5120,"hectares":0.046}},{"type":"Feature","id":"ais_par3.56015","geometry":{"type":"Polygon","coordinates":[[[10.0253,55.9232],[10.0255,55.9232],[10.0257,55.9232],[10.0258,55.9233],[10.026,55.9233],[10.0258,55.9232],[10.0258,55.9232],[10.0257,55.9231],[10.0256,55.9231],[10.0251,55.9231],[10.025,55.9231],[10.0245,55.9233],[10.0243,55.9233],[10.0241,55.9233],[10.0239,55.9233],[10.0239,55.9233],[10.0238,55.9234],[10.0239,55.9235],[10.024,55.9235],[10.0245,55.9235],[10.0246,55.9235],[10.0249,55.9233],[10.025,55.9233],[10.0252,55.9233],[10.0253,55.9232]]]},"properties":{"sourceId":"ais_par3.56015","a_type":5120,"hectares":0.267}},{"type":"Feature","id":"ais_par3.56016","geometry":{"type":"Polygon","coordinates":[[[10.1697,55.9199],[10.1703,55.9203],[10.1704,55.9204],[10.1704,55.9205],[10.1701,55.9211],[10.1723,55.9218],[10.1723,55.9219],[10.1735,55.9213],[10.1727,55.9207],[10.1723,55.9205],[10.1721,55.9204],[10.1716,55.9204],[10.1713,55.9203],[10.1711,55.9203],[10.1709,55.9202],[10.1706,55.92],[10.1704,55.9199],[10.1702,55.9198],[10.1698,55.9197],[10.1697,55.9199]]]},"properties":{"sourceId":"ais_par3.56016","a_type":4110,"hectares":2.494}},{"type":"Feature","id":"ais_par3.56017","geometry":{"type":"Polygon","coordinates":[[[10.1404,55.9221],[10.1405,55.922],[10.1405,55.922],[10.1405,55.922],[10.1404,55.922],[10.1403,55.922],[10.1403,55.922],[10.1403,55.922],[10.1403,55.9221],[10.1404,55.9221]]]},"properties":{"sourceId":"ais_par3.56017","a_type":5120,"hectares":0.016}},{"type":"Feature","id":"ais_par3.56018","geometry":{"type":"Polygon","coordinates":[[[10.0734,55.9224],[10.0734,55.9225],[10.0734,55.9225],[10.0735,55.9226],[10.0735,55.9226],[10.0737,55.9226],[10.0738,55.9226],[10.0739,55.9226],[10.074,55.9225],[10.074,55.9225],[10.0739,55.9224],[10.0738,55.9224],[10.0736,55.9224],[10.0734,55.9224]]]},"properties":{"sourceId":"ais_par3.56018","a_type":5120,"hectares":0.09}},{"type":"Feature","id":"ais_par3.56019","geometry":{"type":"Polygon","coordinates":[[[10.0998,55.9221],[10.0998,55.9221],[10.0997,55.9222],[10.0997,55.9222],[10.0998,55.9223],[10.0999,55.9223],[10.1001,55.9222],[10.1001,55.9222],[10.1,55.9221],[10.0999,55.9221],[10.0998,55.9221]]]},"properties":{"sourceId":"ais_par3.56019","a_type":5120,"hectares":0.041}},{"type":"Feature","id":"ais_par3.56020","geometry":{"type":"Polygon","coordinates":[[[10.134,55.9215],[10.1339,55.9215],[10.1338,55.9215],[10.1337,55.9215],[10.1336,55.9216],[10.1336,55.9216],[10.1337,55.9217],[10.1338,55.9217],[10.1338,55.9218],[10.134,55.9218],[10.134,55.9217],[10.1341,55.9217],[10.1341,55.9217],[10.1341,55.9216],[10.1341,55.9216],[10.134,55.9215]]]},"properties":{"sourceId":"ais_par3.56020","a_type":5120,"hectares":0.069}},{"type":"Feature","id":"ais_par3.56021","geometry":{"type":"Polygon","coordinates":[[[10.0956,55.9215],[10.0951,55.9216],[10.0953,55.9219],[10.0961,55.9221],[10.0975,55.922],[10.0978,55.9219],[10.0979,55.9217],[10.0976,55.9214],[10.0974,55.9213],[10.0972,55.9213],[10.0963,55.9214],[10.0955,55.9203],[10.0951,55.9204],[10.0956,55.9215]]]},"properties":{"sourceId":"ais_par3.56021","a_type":4110,"hectares":1.533}},{"type":"Feature","id":"ais_par3.56022","geometry":{"type":"Polygon","coordinates":[[[10.0278,55.9225],[10.028,55.9223],[10.0281,55.9222],[10.0285,55.9218],[10.0287,55.9217],[10.0286,55.9217],[10.0285,55.9217],[10.0282,55.9218],[10.0281,55.9219],[10.0279,55.922],[10.0278,55.9221],[10.0277,55.9222],[10.0275,55.9222],[10.0274,55.9223],[10.0273,55.9225],[10.0274,55.9226],[10.0278,55.9225]]]},"properties":{"sourceId":"ais_par3.56022","a_type":5120,"hectares":0.231}},{"type":"Feature","id":"ais_par3.56023","geometry":{"type":"Polygon","coordinates":[[[10.0248,55.9222],[10.0247,55.9222],[10.0246,55.9222],[10.0245,55.9222],[10.0244,55.9223],[10.0244,55.9223],[10.0243,55.9224],[10.024,55.9224],[10.0239,55.9225],[10.0239,55.9225],[10.024,55.9226],[10.024,55.9226],[10.0241,55.9226],[10.0243,55.9226],[10.0244,55.9226],[10.0246,55.9225],[10.0248,55.9224],[10.0248,55.9224],[10.0249,55.9223],[10.0249,55.9223],[10.0248,55.9222]]]},"properties":{"sourceId":"ais_par3.56023","a_type":5120,"hectares":0.148}},{"type":"Feature","id":"ais_par3.56024","geometry":{"type":"Polygon","coordinates":[[[10.134,55.9215],[10.1342,55.9215],[10.1341,55.9211],[10.134,55.9211],[10.1338,55.9212],[10.1334,55.9212],[10.1334,55.9212],[10.1333,55.9213],[10.1333,55.9214],[10.1334,55.9215],[10.1334,55.9216],[10.1337,55.9215],[10.1338,55.9215],[10.1339,55.9215],[10.134,55.9215]]]},"properties":{"sourceId":"ais_par3.56024","a_type":4120,"hectares":0.207}},{"type":"Feature","id":"ais_par3.56025","geometry":{"type":"Polygon","coordinates":[[[10.2072,55.9203],[10.2071,55.9203],[10.2071,55.9203],[10.2071,55.9203],[10.2072,55.9204],[10.2073,55.9204],[10.2074,55.9204],[10.2075,55.9204],[10.2075,55.9203],[10.2075,55.9203],[10.2074,55.9203],[10.2072,55.9203]]]},"properties":{"sourceId":"ais_par3.56025","a_type":5120,"hectares":0.03}},{"type":"Feature","id":"ais_par3.56026","geometry":{"type":"Polygon","coordinates":[[[10.1295,55.9209],[10.1297,55.9209],[10.1297,55.9208],[10.1297,55.9208],[10.1295,55.9207],[10.1294,55.9207],[10.1293,55.9208],[10.1294,55.9209],[10.1295,55.9209],[10.1295,55.9209]]]},"properties":{"sourceId":"ais_par3.56026","a_type":5120,"hectares":0.038}},{"type":"Feature","id":"ais_par3.56027","geometry":{"type":"Polygon","coordinates":[[[10.2016,55.92],[10.2015,55.92],[10.2015,55.92],[10.2015,55.9201],[10.2016,55.9201],[10.2017,55.9201],[10.2017,55.92],[10.2017,55.92],[10.2016,55.92]]]},"properties":{"sourceId":"ais_par3.56027","a_type":5120,"hectares":0.014}},{"type":"Feature","id":"ais_par3.56028","geometry":{"type":"Polygon","coordinates":[[[10.0777,55.9207],[10.0777,55.9207],[10.0776,55.9207],[10.0776,55.9208],[10.0776,55.9209],[10.0776,55.921],[10.0777,55.921],[10.0778,55.921],[10.0778,55.9211],[10.0779,55.9211],[10.078,55.9211],[10.0782,55.921],[10.0782,55.921],[10.0782,55.9209],[10.0782,55.9209],[10.0782,55.9208],[10.0782,55.9208],[10.0782,55.9207],[10.0781,55.9207],[10.078,55.9207],[10.0778,55.9206],[10.0777,55.9207]]]},"properties":{"sourceId":"ais_par3.56028","a_type":5120,"hectares":0.159}},{"type":"Feature","id":"ais_par3.56029","geometry":{"type":"Polygon","coordinates":[[[10.2373,55.9192],[10.2372,55.9192],[10.2371,55.9193],[10.2371,55.9193],[10.237,55.9193],[10.237,55.9194],[10.237,55.9195],[10.237,55.9195],[10.2372,55.9195],[10.2372,55.9195],[10.2373,55.9195],[10.2375,55.9195],[10.2376,55.9195],[10.2376,55.9194],[10.2377,55.9194],[10.2377,55.9193],[10.2376,55.9192],[10.2376,55.9192],[10.2375,55.9192],[10.2374,55.9192],[10.2373,55.9192]]]},"properties":{"sourceId":"ais_par3.56029","a_type":5120,"hectares":0.119}},{"type":"Feature","id":"ais_par3.56030","geometry":{"type":"Polygon","coordinates":[[[10.0366,55.9211],[10.0365,55.9211],[10.0365,55.9211],[10.0364,55.9211],[10.0363,55.9212],[10.0363,55.9212],[10.0364,55.9213],[10.0365,55.9213],[10.0366,55.9213],[10.0366,55.9213],[10.0367,55.9212],[10.0368,55.9212],[10.0369,55.9212],[10.037,55.9212],[10.037,55.9211],[10.0369,55.9211],[10.0368,55.9211],[10.0367,55.9211],[10.0366,55.9211]]]},"properties":{"sourceId":"ais_par3.56030","a_type":5120,"hectares":0.056}},{"type":"Feature","id":"ais_par3.56031","geometry":{"type":"Polygon","coordinates":[[[10.1656,55.9197],[10.1655,55.9198],[10.1654,55.9198],[10.1654,55.9198],[10.1654,55.9198],[10.1653,55.9199],[10.1653,55.9199],[10.1654,55.92],[10.1654,55.92],[10.1655,55.92],[10.1655,55.9201],[10.1656,55.9201],[10.1657,55.9201],[10.1658,55.92],[10.1659,55.92],[10.1659,55.92],[10.1659,55.9199],[10.1659,55.9198],[10.1658,55.9198],[10.1658,55.9198],[10.1657,55.9197],[10.1656,55.9197]]]},"properties":{"sourceId":"ais_par3.56031","a_type":5120,"hectares":0.099}},{"type":"Feature","id":"ais_par3.56032","geometry":{"type":"Polygon","coordinates":[[[10.1217,55.9204],[10.1218,55.9204],[10.1217,55.9203],[10.1217,55.9202],[10.1216,55.9202],[10.1215,55.9202],[10.1215,55.9202],[10.1214,55.9202],[10.1214,55.9203],[10.1215,55.9204],[10.1216,55.9205],[10.1217,55.9205],[10.1217,55.9204]]]},"properties":{"sourceId":"ais_par3.56032","a_type":5120,"hectares":0.05}},{"type":"Feature","id":"ais_par3.56033","geometry":{"type":"Polygon","coordinates":[[[10.1776,55.9199],[10.1777,55.9198],[10.1778,55.9198],[10.1778,55.9197],[10.1778,55.9197],[10.1777,55.9196],[10.1776,55.9196],[10.1775,55.9196],[10.1775,55.9196],[10.1774,55.9197],[10.1774,55.9197],[10.1774,55.9198],[10.1774,55.9198],[10.1774,55.9199],[10.1774,55.9199],[10.1775,55.9199],[10.1776,55.9199]]]},"properties":{"sourceId":"ais_par3.56033","a_type":5120,"hectares":0.074}},{"type":"Feature","id":"ais_par3.56034","geometry":{"type":"Polygon","coordinates":[[[10.2292,55.9191],[10.2291,55.9191],[10.2291,55.9191],[10.229,55.9192],[10.229,55.9192],[10.229,55.9193],[10.229,55.9193],[10.2291,55.9194],[10.2292,55.9194],[10.2294,55.9194],[10.2294,55.9194],[10.2295,55.9193],[10.2295,55.9192],[10.2296,55.9192],[10.2295,55.9191],[10.2294,55.9191],[10.2293,55.9191],[10.2292,55.9191]]]},"properties":{"sourceId":"ais_par3.56034","a_type":5120,"hectares":0.097}},{"type":"Feature","id":"ais_par3.56035","geometry":{"type":"Polygon","coordinates":[[[10.1312,55.9189],[10.1304,55.9189],[10.13,55.9188],[10.1294,55.9195],[10.1305,55.9197],[10.1312,55.9189]],[[10.1308,55.919],[10.1309,55.919],[10.1309,55.919],[10.1307,55.919],[10.1306,55.919],[10.1306,55.919],[10.1307,55.919],[10.1308,55.919]]]},"properties":{"sourceId":"ais_par3.56035","a_type":4110,"hectares":0.619}},{"type":"Feature","id":"ais_par3.56036","geometry":{"type":"Polygon","coordinates":[[[10.2241,55.9187],[10.224,55.9187],[10.224,55.9188],[10.2241,55.9188],[10.2242,55.9188],[10.2243,55.9188],[10.2243,55.9187],[10.2243,55.9187],[10.2242,55.9187],[10.2241,55.9187]]]},"properties":{"sourceId":"ais_par3.56036","a_type":5120,"hectares":0.023}},{"type":"Feature","id":"ais_par3.56037","geometry":{"type":"Polygon","coordinates":[[[10.1622,55.919],[10.1622,55.9191],[10.1623,55.9191],[10.1623,55.9191],[10.1625,55.9191],[10.1626,55.9191],[10.1626,55.919],[10.1627,55.9189],[10.1626,55.9189],[10.1623,55.9189],[10.1622,55.919]]]},"properties":{"sourceId":"ais_par3.56037","a_type":5120,"hectares":0.058}},{"type":"Feature","id":"ais_par3.56038","geometry":{"type":"Polygon","coordinates":[[[10.1717,55.9187],[10.1716,55.9187],[10.1716,55.9187],[10.1716,55.9188],[10.1716,55.9188],[10.1717,55.9189],[10.1717,55.9188],[10.1718,55.9188],[10.1717,55.9187]]]},"properties":{"sourceId":"ais_par3.56038","a_type":5120,"hectares":0.015}},{"type":"Feature","id":"ais_par3.56039","geometry":{"type":"Polygon","coordinates":[[[10.1719,55.9187],[10.172,55.9187],[10.172,55.9186],[10.1719,55.9186],[10.1719,55.9186],[10.1719,55.9187],[10.1719,55.9187]]]},"properties":{"sourceId":"ais_par3.56039","a_type":5120,"hectares":0.004}},{"type":"Feature","id":"ais_par3.56040","geometry":{"type":"Polygon","coordinates":[[[10.1308,55.919],[10.1307,55.919],[10.1306,55.919],[10.1306,55.919],[10.1307,55.919],[10.1309,55.919],[10.1309,55.919],[10.1308,55.919]]]},"properties":{"sourceId":"ais_par3.56040","a_type":5120,"hectares":0.015}},{"type":"Feature","id":"ais_par3.56041","geometry":{"type":"Polygon","coordinates":[[[10.0377,55.9198],[10.0377,55.9198],[10.0377,55.9198],[10.0377,55.9197],[10.0377,55.9197],[10.0376,55.9197],[10.0376,55.9197],[10.0375,55.9197],[10.0375,55.9198],[10.0375,55.9198],[10.0376,55.9198],[10.0377,55.9198]]]},"properties":{"sourceId":"ais_par3.56041","a_type":5120,"hectares":0.021}},{"type":"Feature","id":"ais_par3.56042","geometry":{"type":"Polygon","coordinates":[[[10.121,55.9176],[10.121,55.9177],[10.121,55.9178],[10.121,55.9179],[10.121,55.9179],[10.121,55.918],[10.1212,55.918],[10.1213,55.9179],[10.1212,55.9177],[10.1211,55.9176],[10.121,55.9176],[10.121,55.9176]]]},"properties":{"sourceId":"ais_par3.56042","a_type":5120,"hectares":0.06}},{"type":"Feature","id":"ais_par3.56043","geometry":{"type":"Polygon","coordinates":[[[10.1974,55.9169],[10.1973,55.9169],[10.1972,55.9169],[10.1972,55.917],[10.1972,55.917],[10.1972,55.9171],[10.1973,55.9172],[10.1974,55.9172],[10.1975,55.9172],[10.1976,55.9172],[10.1977,55.9172],[10.1978,55.9171],[10.1977,55.9171],[10.1977,55.917],[10.1976,55.917],[10.1975,55.9169],[10.1974,55.9169],[10.1974,55.9169]]]},"properties":{"sourceId":"ais_par3.56043","a_type":5120,"hectares":0.101}},{"type":"Feature","id":"ais_par3.56044","geometry":{"type":"Polygon","coordinates":[[[10.2076,55.9167],[10.2075,55.9167],[10.2075,55.9167],[10.2075,55.9168],[10.2075,55.9168],[10.2076,55.9169],[10.2077,55.9168],[10.2077,55.9167],[10.2077,55.9167],[10.2076,55.9167]]]},"properties":{"sourceId":"ais_par3.56044","a_type":5120,"hectares":0.021}},{"type":"Feature","id":"ais_par3.56045","geometry":{"type":"Polygon","coordinates":[[[10.2077,55.9168],[10.2078,55.9168],[10.2079,55.9168],[10.2077,55.9168]]]},"properties":{"sourceId":"ais_par3.56045","a_type":5120,"hectares":0.002}},{"type":"Feature","id":"ais_par3.56046","geometry":{"type":"Polygon","coordinates":[[[10.0698,55.9169],[10.0698,55.9175],[10.0713,55.9176],[10.071,55.9173],[10.0698,55.9169]]]},"properties":{"sourceId":"ais_par3.56046","a_type":4120,"hectares":0.41}},{"type":"Feature","id":"ais_par3.56047","geometry":{"type":"Polygon","coordinates":[[[10.0191,55.918],[10.0192,55.918],[10.0192,55.9179],[10.0192,55.9178],[10.0193,55.9177],[10.0193,55.9177],[10.0192,55.9176],[10.0192,55.9176],[10.019,55.9176],[10.0189,55.9178],[10.0189,55.9179],[10.0189,55.9179],[10.019,55.9179],[10.019,55.918],[10.0191,55.918]]]},"properties":{"sourceId":"ais_par3.56047","a_type":5120,"hectares":0.074}},{"type":"Feature","id":"ais_par3.56048","geometry":{"type":"Polygon","coordinates":[[[10.0664,55.9176],[10.0665,55.9175],[10.0667,55.9175],[10.0667,55.9175],[10.0668,55.9173],[10.0668,55.9173],[10.0668,55.9172],[10.0668,55.9171],[10.066,55.9171],[10.066,55.9173],[10.0661,55.9174],[10.0662,55.9175],[10.0663,55.9175],[10.0663,55.9176],[10.0664,55.9176]]]},"properties":{"sourceId":"ais_par3.56048","a_type":5120,"hectares":0.225}},{"type":"Feature","id":"ais_par3.56049","geometry":{"type":"Polygon","coordinates":[[[10.0693,55.9156],[10.0691,55.916],[10.069,55.9162],[10.0689,55.9167],[10.0698,55.9169],[10.071,55.9173],[10.0712,55.9157],[10.0713,55.9156],[10.0715,55.9155],[10.0715,55.9151],[10.0693,55.9156]],[[10.0706,55.9159],[10.0706,55.9159],[10.0707,55.9159],[10.0707,55.916],[10.0705,55.9161],[10.0704,55.916],[10.0704,55.916],[10.0704,55.9159],[10.0705,55.9159],[10.0706,55.9159]]]},"properties":{"sourceId":"ais_par3.56049","a_type":4110,"hectares":2.349}},{"type":"Feature","id":"ais_par3.56050","geometry":{"type":"Polygon","coordinates":[[[10.0997,55.9158],[10.0995,55.9158],[10.0995,55.9159],[10.0994,55.916],[10.0993,55.9163],[10.0993,55.9164],[10.0993,55.9167],[10.0992,55.9169],[10.0994,55.9169],[10.0995,55.9164],[10.0995,55.916],[10.0996,55.9159],[10.0997,55.9159],[10.1019,55.9159],[10.1023,55.9159],[10.1023,55.9159],[10.1023,55.9158],[10.1021,55.9158],[10.0997,55.9158]]]},"properties":{"sourceId":"ais_par3.56050","a_type":4110,"hectares":0.271}},{"type":"Feature","id":"ais_par3.56051","geometry":{"type":"Polygon","coordinates":[[[10.2273,55.9152],[10.2274,55.9153],[10.2274,55.9153],[10.2274,55.9154],[10.2275,55.9154],[10.2276,55.9155],[10.2277,55.9155],[10.2278,55.9154],[10.2278,55.9154],[10.2279,55.9153],[10.2279,55.9152],[10.2279,55.9151],[10.2279,55.9151],[10.2278,55.915],[10.2277,55.915],[10.2276,55.915],[10.2275,55.9151],[10.2274,55.9151],[10.2273,55.9152]]]},"properties":{"sourceId":"ais_par3.56051","a_type":5120,"hectares":0.143}},{"type":"Feature","id":"ais_par3.56053","geometry":{"type":"Polygon","coordinates":[[[10.1652,55.9159],[10.1652,55.9159],[10.1653,55.9159],[10.1654,55.9159],[10.1655,55.9159],[10.1656,55.9159],[10.1657,55.9158],[10.1656,55.9157],[10.1656,55.9157],[10.1655,55.9157],[10.1654,55.9157],[10.1654,55.9157],[10.1653,55.9158],[10.1652,55.9158],[10.1651,55.9158],[10.1651,55.9158],[10.1651,55.9159],[10.1652,55.9159]]]},"properties":{"sourceId":"ais_par3.56053","a_type":5120,"hectares":0.068}},{"type":"Feature","id":"ais_par3.56054","geometry":{"type":"Polygon","coordinates":[[[10.0568,55.9169],[10.057,55.9168],[10.057,55.9167],[10.0569,55.9166],[10.0568,55.9166],[10.0567,55.9166],[10.0567,55.9166],[10.0566,55.9167],[10.0566,55.9167],[10.0566,55.9168],[10.0566,55.9169],[10.0566,55.9169],[10.0567,55.9169],[10.0568,55.9169]]]},"properties":{"sourceId":"ais_par3.56054","a_type":5120,"hectares":0.063}},{"type":"Feature","id":"ais_par3.56055","geometry":{"type":"Polygon","coordinates":[[[10.2032,55.915],[10.2031,55.915],[10.2031,55.915],[10.2031,55.9151],[10.2032,55.9151],[10.2033,55.9151],[10.2033,55.9151],[10.2034,55.9151],[10.2035,55.9151],[10.2036,55.9151],[10.2036,55.9151],[10.2036,55.915],[10.2036,55.915],[10.2035,55.915],[10.2035,55.915],[10.2033,55.915],[10.2032,55.915]]]},"properties":{"sourceId":"ais_par3.56055","a_type":5120,"hectares":0.037}},{"type":"Feature","id":"ais_par3.56056","geometry":{"type":"Polygon","coordinates":[[[10.0706,55.9159],[10.0705,55.9159],[10.0704,55.9159],[10.0704,55.916],[10.0704,55.916],[10.0705,55.9161],[10.0707,55.916],[10.0707,55.9159],[10.0706,55.9159],[10.0706,55.9159]]]},"properties":{"sourceId":"ais_par3.56056","a_type":5120,"hectares":0.027}},{"type":"Feature","id":"ais_par3.56057","geometry":{"type":"Polygon","coordinates":[[[10.1082,55.9155],[10.1097,55.9129],[10.1059,55.9124],[10.1059,55.9118],[10.1056,55.9117],[10.1039,55.912],[10.1024,55.9156],[10.1082,55.9155]]]},"properties":{"sourceId":"ais_par3.56057","a_type":4110,"hectares":13.28}},{"type":"Feature","id":"ais_par3.56058","geometry":{"type":"Polygon","coordinates":[[[10.0198,55.9159],[10.0198,55.9159],[10.0199,55.9158],[10.0198,55.9158],[10.0197,55.9158],[10.0197,55.9158],[10.0196,55.9158],[10.0196,55.9158],[10.0196,55.9159],[10.0196,55.9159],[10.0198,55.9159]]]},"properties":{"sourceId":"ais_par3.56058","a_type":5120,"hectares":0.026}},{"type":"Feature","id":"ais_par3.56059","geometry":{"type":"Polygon","coordinates":[[[10.0347,55.9144],[10.0348,55.9143],[10.0347,55.9143],[10.0347,55.9144]]]},"properties":{"sourceId":"ais_par3.56059","a_type":3210,"hectares":0.003}},{"type":"Feature","id":"ais_par3.56060","geometry":{"type":"Polygon","coordinates":[[[10.0362,55.9157],[10.0361,55.9156],[10.0359,55.9154],[10.0357,55.9152],[10.0356,55.915],[10.0353,55.9148],[10.0349,55.9145],[10.0347,55.9144],[10.0352,55.9151],[10.0353,55.9152],[10.0353,55.9152],[10.0355,55.9153],[10.0355,55.9155],[10.0359,55.9156],[10.0362,55.9157]]]},"properties":{"sourceId":"ais_par3.56060","a_type":3210,"hectares":0.288}},{"type":"Feature","id":"ais_par3.56061","geometry":{"type":"Polygon","coordinates":[[[10.2338,55.9137],[10.2339,55.9137],[10.234,55.9133],[10.2338,55.9133],[10.2338,55.9137]]]},"properties":{"sourceId":"ais_par3.56061","a_type":5120,"hectares":0.034}},{"type":"Feature","id":"ais_par3.56062","geometry":{"type":"Polygon","coordinates":[[[10.0348,55.9139],[10.0349,55.914],[10.035,55.9139],[10.0355,55.9132],[10.0353,55.9132],[10.0352,55.9132],[10.0353,55.9131],[10.0354,55.9131],[10.0354,55.9129],[10.0358,55.9125],[10.0351,55.913],[10.0349,55.9132],[10.0336,55.9146],[10.0336,55.9147],[10.0345,55.9148],[10.0346,55.9149],[10.0348,55.915],[10.035,55.9151],[10.0351,55.9152],[10.0353,55.9153],[10.0355,55.9155],[10.0355,55.9153],[10.0353,55.9152],[10.0353,55.9152],[10.0352,55.9151],[10.0347,55.9144],[10.0347,55.9143],[10.0346,55.9142],[10.0345,55.9141],[10.0347,55.9139],[10.0348,55.9139]]]},"properties":{"sourceId":"ais_par3.56062","a_type":4110,"hectares":1.072}},{"type":"Feature","id":"ais_par3.56063","geometry":{"type":"Polygon","coordinates":[[[10.0346,55.9149],[10.0344,55.9149],[10.0337,55.9148],[10.0336,55.9147],[10.0336,55.9146],[10.0349,55.9132],[10.0351,55.913],[10.0345,55.9133],[10.0339,55.9136],[10.0327,55.9151],[10.0346,55.9155],[10.0348,55.9155],[10.035,55.9155],[10.0354,55.9155],[10.0353,55.9153],[10.0351,55.9152],[10.0348,55.915],[10.0346,55.9149]]]},"properties":{"sourceId":"ais_par3.56063","a_type":3210,"hectares":1.475}},{"type":"Feature","id":"ais_par3.56064","geometry":{"type":"Polygon","coordinates":[[[10.2334,55.9136],[10.2335,55.9136],[10.2335,55.9133],[10.2334,55.9133],[10.2333,55.9136],[10.2333,55.9136],[10.2334,55.9136]]]},"properties":{"sourceId":"ais_par3.56064","a_type":5120,"hectares":0.035}},{"type":"Feature","id":"ais_par3.56065","geometry":{"type":"Polygon","coordinates":[[[10.2383,55.9131],[10.2384,55.9131],[10.2385,55.9131],[10.2386,55.913],[10.2385,55.9128],[10.2385,55.9128],[10.2384,55.9128],[10.2383,55.9127],[10.2382,55.9127],[10.2382,55.9127],[10.238,55.9128],[10.2379,55.9128],[10.2378,55.9128],[10.2378,55.9129],[10.2377,55.9129],[10.2377,55.913],[10.2377,55.913],[10.2377,55.913],[10.2378,55.9131],[10.2379,55.9131],[10.238,55.9131],[10.2381,55.9131],[10.2382,55.9131],[10.2383,55.9131],[10.2383,55.9131]]]},"properties":{"sourceId":"ais_par3.56065","a_type":5120,"hectares":0.173}},{"type":"Feature","id":"ais_par3.56066","geometry":{"type":"Polygon","coordinates":[[[10.192,55.9131],[10.1916,55.9131],[10.1908,55.9132],[10.1905,55.9133],[10.1903,55.9134],[10.1902,55.9134],[10.1902,55.9135],[10.1902,55.9135],[10.1903,55.9135],[10.1905,55.9135],[10.1907,55.9135],[10.1908,55.9134],[10.192,55.9132],[10.192,55.9131]]]},"properties":{"sourceId":"ais_par3.56066","a_type":5120,"hectares":0.197}},{"type":"Feature","id":"ais_par3.56067","geometry":{"type":"Polygon","coordinates":[[[10.186,55.9133],[10.186,55.9133],[10.1861,55.9134],[10.1861,55.9134],[10.1862,55.9135],[10.1863,55.9135],[10.1863,55.9134],[10.1863,55.9133],[10.1863,55.9133],[10.1862,55.9132],[10.1862,55.9132],[10.186,55.9133]]]},"properties":{"sourceId":"ais_par3.56067","a_type":5120,"hectares":0.034}},{"type":"Feature","id":"ais_par3.56068","geometry":{"type":"Polygon","coordinates":[[[10.1706,55.9132],[10.1705,55.9131],[10.1704,55.9131],[10.1703,55.9131],[10.1702,55.9131],[10.1702,55.9131],[10.1702,55.9132],[10.1703,55.9133],[10.1704,55.9133],[10.1704,55.9134],[10.1706,55.9134],[10.1707,55.9133],[10.1707,55.9133],[10.1707,55.9132],[10.1706,55.9132]]]},"properties":{"sourceId":"ais_par3.56068","a_type":5120,"hectares":0.081}},{"type":"Feature","id":"ais_par3.56069","geometry":{"type":"Polygon","coordinates":[[[10.092,55.9138],[10.0921,55.9138],[10.0921,55.9137],[10.0921,55.9136],[10.092,55.9136],[10.0919,55.9135],[10.0918,55.9135],[10.0916,55.9135],[10.0915,55.9136],[10.0914,55.9137],[10.0915,55.9138],[10.0916,55.9138],[10.0918,55.9138],[10.0919,55.9138],[10.092,55.9138]]]},"properties":{"sourceId":"ais_par3.56069","a_type":5120,"hectares":0.124}},{"type":"Feature","id":"ais_par3.56070","geometry":{"type":"Polygon","coordinates":[[[10.1782,55.913],[10.1783,55.9129],[10.1783,55.9129],[10.1782,55.9129],[10.1781,55.9129],[10.1781,55.9129],[10.178,55.913],[10.1781,55.913],[10.1782,55.913],[10.1782,55.913]]]},"properties":{"sourceId":"ais_par3.56070","a_type":5120,"hectares":0.017}},{"type":"Feature","id":"ais_par3.56071","geometry":{"type":"Polygon","coordinates":[[[10.0349,55.9143],[10.035,55.9142],[10.0349,55.9141],[10.0349,55.914],[10.0348,55.9139],[10.0346,55.9141],[10.0346,55.9142],[10.0347,55.9143],[10.0348,55.9143],[10.0349,55.9143]]]},"properties":{"sourceId":"ais_par3.56071","a_type":5120,"hectares":0.059}},{"type":"Feature","id":"ais_par3.56072","geometry":{"type":"Polygon","coordinates":[[[10.1886,55.9124],[10.1885,55.9125],[10.1884,55.9125],[10.1884,55.9125],[10.1884,55.9126],[10.1885,55.9126],[10.1886,55.9126],[10.1888,55.9126],[10.1888,55.9125],[10.1888,55.9125],[10.1888,55.9124],[10.1888,55.9124],[10.1887,55.9124],[10.1886,55.9124]]]},"properties":{"sourceId":"ais_par3.56072","a_type":5120,"hectares":0.042}},{"type":"Feature","id":"ais_par3.56073","geometry":{"type":"Polygon","coordinates":[[[10.2206,55.9117],[10.2207,55.9117],[10.2207,55.9117],[10.2208,55.9116],[10.2207,55.9116],[10.2206,55.9116],[10.2205,55.9115],[10.2204,55.9115],[10.2203,55.9115],[10.2202,55.9116],[10.2201,55.9116],[10.22,55.9116],[10.22,55.9117],[10.2201,55.9117],[10.2202,55.9117],[10.2203,55.9117],[10.2204,55.9117],[10.2205,55.9117],[10.2206,55.9117]]]},"properties":{"sourceId":"ais_par3.56073","a_type":5120,"hectares":0.084}},{"type":"Feature","id":"ais_par3.56074","geometry":{"type":"Polygon","coordinates":[[[10.1165,55.9122],[10.1165,55.912],[10.1164,55.912],[10.1163,55.9119],[10.1162,55.912],[10.1162,55.912],[10.1161,55.9121],[10.1161,55.9122],[10.1162,55.9123],[10.1163,55.9123],[10.1164,55.9123],[10.1165,55.9122]]]},"properties":{"sourceId":"ais_par3.56074","a_type":5120,"hectares":0.069}},{"type":"Feature","id":"ais_par3.56107","geometry":{"type":"Polygon","coordinates":[[[10.0733,55.9053],[10.0733,55.9052],[10.0734,55.9051],[10.0734,55.905],[10.0735,55.905],[10.0737,55.905],[10.0738,55.905],[10.0738,55.905],[10.0738,55.9051],[10.0738,55.9052],[10.0738,55.9053],[10.0738,55.9054],[10.074,55.9055],[10.0741,55.9055],[10.0745,55.9058],[10.0747,55.9059],[10.0749,55.9059],[10.0751,55.9059],[10.0752,55.9059],[10.0745,55.9048],[10.0743,55.9048],[10.0741,55.9049],[10.0738,55.9049],[10.0735,55.9049],[10.0732,55.9049],[10.073,55.905],[10.0726,55.9053],[10.0727,55.9053],[10.0729,55.9054],[10.0731,55.9054],[10.0732,55.9053],[10.0733,55.9053]]]},"properties":{"sourceId":"ais_par3.56107","a_type":4120,"hectares":0.845}},{"type":"Feature","id":"ais_par3.56108","geometry":{"type":"Polygon","coordinates":[[[10.1169,55.9054],[10.1169,55.9053],[10.1169,55.9052],[10.1168,55.9052],[10.1167,55.9053],[10.1167,55.9054],[10.1167,55.9054],[10.1168,55.9055],[10.1169,55.9055],[10.1169,55.9054]]]},"properties":{"sourceId":"ais_par3.56108","a_type":5120,"hectares":0.034}},{"type":"Feature","id":"ais_par3.56075","geometry":{"type":"Polygon","coordinates":[[[10.2343,55.9058],[10.2354,55.9064],[10.2366,55.907],[10.2374,55.9074],[10.2382,55.908],[10.2422,55.9097],[10.2433,55.91],[10.2447,55.9104],[10.2459,55.9106],[10.2464,55.9106],[10.247,55.9109],[10.2472,55.9106],[10.2469,55.9105],[10.2468,55.9105],[10.2464,55.9105],[10.2461,55.9104],[10.2451,55.9102],[10.2449,55.9101],[10.2445,55.91],[10.2437,55.9099],[10.2429,55.9096],[10.2421,55.9094],[10.2421,55.9094],[10.2421,55.9094],[10.2421,55.9094],[10.2415,55.9092],[10.2411,55.909],[10.2407,55.9088],[10.24,55.9086],[10.2392,55.9082],[10.2381,55.9077],[10.2378,55.9075],[10.2369,55.907],[10.2364,55.9068],[10.2359,55.9065],[10.2352,55.9061],[10.2345,55.9057],[10.234,55.9053],[10.2333,55.9047],[10.233,55.9046],[10.2327,55.9043],[10.2322,55.9038],[10.2319,55.9035],[10.2318,55.9034],[10.2316,55.9035],[10.2307,55.903],[10.2306,55.903],[10.2306,55.903],[10.2303,55.9029],[10.2311,55.9034],[10.232,55.9042],[10.2328,55.9051],[10.233,55.9051],[10.233,55.9051],[10.2331,55.9052],[10.2331,55.9053],[10.2331,55.9053],[10.2331,55.9054],[10.2331,55.9054],[10.2336,55.9055],[10.2343,55.9058]]]},"properties":{"sourceId":"ais_par3.56075","a_type":4210,"hectares":3.208}},{"type":"Feature","id":"ais_par3.56076","geometry":{"type":"Polygon","coordinates":[[[10.0178,55.9121],[10.0175,55.9121],[10.0173,55.9121],[10.0173,55.9122],[10.0174,55.9123],[10.0167,55.9124],[10.0167,55.9125],[10.0168,55.9125],[10.0171,55.9126],[10.0174,55.9128],[10.0176,55.9128],[10.0185,55.9129],[10.0192,55.9126],[10.0192,55.9123],[10.0188,55.9123],[10.0189,55.9123],[10.019,55.9124],[10.0189,55.9125],[10.0189,55.9125],[10.0187,55.9125],[10.0186,55.9125],[10.0184,55.9125],[10.0184,55.9125],[10.0183,55.9125],[10.0183,55.9124],[10.0183,55.9123],[10.0183,55.9123],[10.0184,55.9122],[10.0186,55.9122],[10.0181,55.9121],[10.0178,55.9121]]]},"properties":{"sourceId":"ais_par3.56076","a_type":4120,"hectares":0.771}},{"type":"Feature","id":"ais_par3.56077","geometry":{"type":"Polygon","coordinates":[[[10.1132,55.9119],[10.1132,55.9118],[10.1132,55.9117],[10.1132,55.9117],[10.1131,55.9116],[10.113,55.9117],[10.1129,55.9117],[10.1129,55.9118],[10.1129,55.9119],[10.113,55.9119],[10.1132,55.912],[10.1132,55.9119]]]},"properties":{"sourceId":"ais_par3.56077","a_type":5120,"hectares":0.051}},{"type":"Feature","id":"ais_par3.56078","geometry":{"type":"Polygon","coordinates":[[[10.0755,55.912],[10.0756,55.912],[10.0758,55.9119],[10.0759,55.9119],[10.0762,55.9119],[10.0763,55.9119],[10.0764,55.9119],[10.0765,55.9119],[10.0767,55.9118],[10.0767,55.9118],[10.0767,55.9117],[10.0762,55.9116],[10.0758,55.9116],[10.0756,55.9116],[10.0755,55.9116],[10.0753,55.9115],[10.0749,55.9116],[10.0746,55.9117],[10.0747,55.9123],[10.075,55.9121],[10.0751,55.9121],[10.0754,55.912],[10.0752,55.912],[10.0751,55.912],[10.075,55.912],[10.075,55.9119],[10.0751,55.9118],[10.0752,55.9118],[10.0753,55.9118],[10.0754,55.9118],[10.0755,55.9119],[10.0755,55.9119],[10.0755,55.912]]]},"properties":{"sourceId":"ais_par3.56078","a_type":4120,"hectares":0.499}},{"type":"Feature","id":"ais_par3.56079","geometry":{"type":"Polygon","coordinates":[[[10.1788,55.9111],[10.1787,55.9111],[10.1787,55.9112],[10.1787,55.9112],[10.1788,55.9112],[10.1789,55.9112],[10.1789,55.9112],[10.1789,55.9111],[10.1788,55.9111],[10.1788,55.9111]]]},"properties":{"sourceId":"ais_par3.56079","a_type":5120,"hectares":0.017}},{"type":"Feature","id":"ais_par3.56080","geometry":{"type":"Polygon","coordinates":[[[10.0188,55.9123],[10.0187,55.9122],[10.0186,55.9122],[10.0184,55.9122],[10.0183,55.9123],[10.0183,55.9123],[10.0183,55.9124],[10.0183,55.9125],[10.0184,55.9125],[10.0184,55.9125],[10.0186,55.9125],[10.0187,55.9125],[10.0189,55.9125],[10.0189,55.9125],[10.019,55.9124],[10.0189,55.9123],[10.0188,55.9123]]]},"properties":{"sourceId":"ais_par3.56080","a_type":5120,"hectares":0.115}},{"type":"Feature","id":"ais_par3.56081","geometry":{"type":"Polygon","coordinates":[[[10.0754,55.912],[10.0755,55.912],[10.0755,55.9119],[10.0755,55.9119],[10.0754,55.9118],[10.0753,55.9118],[10.0752,55.9118],[10.0751,55.9118],[10.075,55.9119],[10.075,55.912],[10.0751,55.912],[10.0752,55.912],[10.0754,55.912]]]},"properties":{"sourceId":"ais_par3.56081","a_type":5120,"hectares":0.059}},{"type":"Feature","id":"ais_par3.56082","geometry":{"type":"Polygon","coordinates":[[[10.0925,55.9111],[10.0921,55.9112],[10.0921,55.9112],[10.0924,55.9113],[10.0925,55.9111]]]},"properties":{"sourceId":"ais_par3.56082","a_type":5120,"hectares":0.023}},{"type":"Feature","id":"ais_par3.56083","geometry":{"type":"Polygon","coordinates":[[[10.0636,55.9103],[10.0635,55.9104],[10.0632,55.9105],[10.0631,55.9106],[10.063,55.9107],[10.063,55.9108],[10.0631,55.9109],[10.0632,55.911],[10.0633,55.911],[10.0636,55.911],[10.0643,55.9109],[10.0645,55.9109],[10.0646,55.9109],[10.0651,55.9108],[10.0646,55.9101],[10.0645,55.9101],[10.0643,55.9101],[10.0643,55.9101],[10.0642,55.91],[10.0641,55.91],[10.064,55.91],[10.0639,55.91],[10.0638,55.91],[10.0636,55.9103]],[[10.0642,55.9103],[10.0642,55.9104],[10.0641,55.9105],[10.064,55.9104],[10.064,55.9104],[10.064,55.9103],[10.0641,55.9103],[10.0642,55.9103],[10.0642,55.9103]],[[10.0638,55.9105],[10.0638,55.9106],[10.0636,55.9106],[10.0634,55.9107],[10.0634,55.9107],[10.0634,55.9106],[10.0635,55.9105],[10.0637,55.9105],[10.0638,55.9105]]]},"properties":{"sourceId":"ais_par3.56083","a_type":3210,"hectares":0.88}},{"type":"Feature","id":"ais_par3.56084","geometry":{"type":"Polygon","coordinates":[[[10.1495,55.9101],[10.1495,55.91],[10.1493,55.91],[10.1491,55.91],[10.1491,55.9101],[10.1493,55.9101],[10.1495,55.9101]]]},"properties":{"sourceId":"ais_par3.56084","a_type":5120,"hectares":0.023}},{"type":"Feature","id":"ais_par3.56085","geometry":{"type":"Polygon","coordinates":[[[10.0638,55.9105],[10.0637,55.9105],[10.0635,55.9105],[10.0634,55.9106],[10.0634,55.9107],[10.0634,55.9107],[10.0636,55.9106],[10.0638,55.9106],[10.0638,55.9105]]]},"properties":{"sourceId":"ais_par3.56085","a_type":5120,"hectares":0.027}},{"type":"Feature","id":"ais_par3.56086","geometry":{"type":"Polygon","coordinates":[[[10.1012,55.9045],[10.1014,55.905],[10.1025,55.9066],[10.105,55.9087],[10.1055,55.9102],[10.1062,55.9102],[10.1062,55.9098],[10.1065,55.909],[10.1059,55.908],[10.1059,55.9074],[10.1074,55.9071],[10.107,55.9061],[10.1031,55.9062],[10.1019,55.905],[10.1017,55.9048],[10.1017,55.9044],[10.102,55.9037],[10.1025,55.9032],[10.1025,55.9028],[10.1022,55.9026],[10.1014,55.9017],[10.1012,55.9004],[10.1021,55.8991],[10.1018,55.8987],[10.1018,55.8983],[10.1021,55.898],[10.1021,55.8977],[10.1018,55.8977],[10.0997,55.8988],[10.1012,55.9045]]]},"properties":{"sourceId":"ais_par3.56086","a_type":4110,"hectares":13.557}},{"type":"Feature","id":"ais_par3.56087","geometry":{"type":"Polygon","coordinates":[[[10.0642,55.9103],[10.0642,55.9103],[10.0641,55.9103],[10.064,55.9103],[10.064,55.9104],[10.064,55.9104],[10.0641,55.9105],[10.0642,55.9104],[10.0642,55.9103]]]},"properties":{"sourceId":"ais_par3.56087","a_type":5120,"hectares":0.018}},{"type":"Feature","id":"ais_par3.56088","geometry":{"type":"Polygon","coordinates":[[[10.0555,55.9099],[10.0554,55.9098],[10.0553,55.9098],[10.0553,55.91],[10.0555,55.9099]]]},"properties":{"sourceId":"ais_par3.56088","a_type":5120,"hectares":0.018}},{"type":"Feature","id":"ais_par3.56089","geometry":{"type":"Polygon","coordinates":[[[10.0317,55.908],[10.0316,55.908],[10.0316,55.9081],[10.0317,55.9082],[10.0318,55.9084],[10.0317,55.9084],[10.0317,55.9085],[10.0317,55.9086],[10.0317,55.9086],[10.0317,55.9087],[10.0317,55.9088],[10.0318,55.9088],[10.0318,55.909],[10.0318,55.9091],[10.0319,55.9092],[10.0319,55.9093],[10.032,55.9093],[10.0321,55.9094],[10.0322,55.9094],[10.0322,55.9095],[10.0322,55.9096],[10.0322,55.9097],[10.0323,55.9097],[10.0323,55.9098],[10.0324,55.9098],[10.0323,55.9099],[10.0324,55.9099],[10.0324,55.91],[10.0325,55.9102],[10.033,55.909],[10.0331,55.909],[10.0317,55.908]],[[10.0321,55.9085],[10.0319,55.9086],[10.0318,55.9083],[10.0321,55.9085]]]},"properties":{"sourceId":"ais_par3.56089","a_type":4110,"hectares":0.938}},{"type":"Feature","id":"ais_par3.56090","geometry":{"type":"Polygon","coordinates":[[[10.2845,55.9068],[10.2853,55.9073],[10.286,55.9076],[10.2864,55.9077],[10.287,55.9077],[10.2875,55.9077],[10.2876,55.9076],[10.2875,55.9076],[10.287,55.9076],[10.2863,55.9075],[10.2858,55.9073],[10.2853,55.9071],[10.2845,55.9068]]]},"properties":{"sourceId":"ais_par3.56090","a_type":4210,"hectares":0.371}},{"type":"Feature","id":"ais_par3.56121","geometry":{"type":"Polygon","coordinates":[[[10.0795,55.9027],[10.0797,55.9025],[10.0798,55.9024],[10.0799,55.9022],[10.08,55.902],[10.08,55.9018],[10.08,55.9017],[10.0799,55.9016],[10.0798,55.9016],[10.0797,55.9016],[10.0795,55.9015],[10.0793,55.9015],[10.079,55.9014],[10.0788,55.9014],[10.0786,55.9014],[10.0785,55.9014],[10.0782,55.9014],[10.0781,55.9014],[10.0781,55.9014],[10.078,55.9015],[10.0777,55.9016],[10.0777,55.9016],[10.0777,55.9018],[10.0769,55.9021],[10.077,55.9023],[10.0776,55.9027],[10.0783,55.9032],[10.0783,55.9033],[10.0787,55.9032],[10.0789,55.9031],[10.0795,55.9027]]]},"properties":{"sourceId":"ais_par3.56121","a_type":3220,"hectares":2.599}},{"type":"Feature","id":"ais_par3.56122","geometry":{"type":"Polygon","coordinates":[[[10.0905,55.9031],[10.0904,55.903],[10.0902,55.903],[10.0902,55.9031],[10.0903,55.9031],[10.0905,55.9031]]]},"properties":{"sourceId":"ais_par3.56122","a_type":5120,"hectares":0.023}},{"type":"Feature","id":"ais_par3.56123","geometry":{"type":"Polygon","coordinates":[[[10.2813,55.901],[10.2811,55.9011],[10.2811,55.9011],[10.2811,55.9012],[10.2812,55.9012],[10.2813,55.9012],[10.2813,55.9011],[10.2814,55.9011],[10.2813,55.901]]]},"properties":{"sourceId":"ais_par3.56123","a_type":5120,"hectares":0.024}},{"type":"Feature","id":"ais_par3.56091","geometry":{"type":"Polygon","coordinates":[[[10.2782,55.9005],[10.2783,55.9007],[10.2782,55.901],[10.278,55.9013],[10.2779,55.9016],[10.2777,55.9018],[10.2774,55.9021],[10.2773,55.9023],[10.2769,55.9025],[10.2761,55.903],[10.2761,55.9031],[10.2765,55.903],[10.2772,55.903],[10.2774,55.903],[10.2782,55.9033],[10.2789,55.9036],[10.2803,55.9043],[10.2806,55.9045],[10.2808,55.9047],[10.2814,55.9051],[10.2818,55.9056],[10.282,55.9058],[10.2823,55.9059],[10.2827,55.9062],[10.2833,55.9063],[10.2839,55.9065],[10.2845,55.9068],[10.2839,55.9064],[10.283,55.9059],[10.2824,55.9055],[10.2818,55.9049],[10.2812,55.9043],[10.2807,55.9037],[10.2804,55.9032],[10.2803,55.9027],[10.2802,55.9021],[10.2803,55.9019],[10.2805,55.9018],[10.2808,55.9016],[10.2813,55.9015],[10.2814,55.9013],[10.2816,55.9011],[10.2815,55.9009],[10.2813,55.9008],[10.281,55.9006],[10.2805,55.9004],[10.2802,55.9004],[10.2796,55.9004],[10.279,55.9004],[10.2786,55.9004],[10.2783,55.9004],[10.2782,55.9005]],[[10.2802,55.9006],[10.2801,55.9007],[10.28,55.9008],[10.2799,55.9008],[10.2797,55.9008],[10.2796,55.9007],[10.2795,55.9007],[10.2795,55.9006],[10.2796,55.9006],[10.2797,55.9006],[10.2798,55.9006],[10.2799,55.9006],[10.28,55.9006],[10.2801,55.9006],[10.2802,55.9006]],[[10.2789,55.9027],[10.2789,55.9028],[10.2789,55.9028],[10.2788,55.9028],[10.2786,55.9028],[10.2784,55.9027],[10.2782,55.9027],[10.2782,55.9026],[10.2781,55.9026],[10.2786,55.9025],[10.2786,55.9025],[10.2785,55.9024],[10.2784,55.9024],[10.2781,55.9024],[10.2781,55.9024],[10.278,55.9024],[10.278,55.9023],[10.2781,55.9023],[10.2781,55.9022],[10.278,55.9023],[10.2779,55.9023],[10.2778,55.9023],[10.2778,55.9022],[10.2778,55.9022],[10.2778,55.9021],[10.2782,55.9018],[10.2783,55.9018],[10.2784,55.9018],[10.2785,55.9018],[10.2787,55.9018],[10.2788,55.9019],[10.2788,55.9021],[10.2788,55.9022],[10.2787,55.9023],[10.2787,55.9024],[10.2787,55.9025],[10.2789,55.9026],[10.279,55.9026],[10.2791,55.9025],[10.2792,55.9025],[10.2793,55.9026],[10.2793,55.9026],[10.2793,55.9027],[10.2793,55.9027],[10.2792,55.9028],[10.2791,55.9028],[10.279,55.9027],[10.2789,55.9027]],[[10.2813,55.901],[10.2814,55.9011],[10.2813,55.9011],[10.2813,55.9012],[10.2812,55.9012],[10.2811,55.9012],[10.2811,55.9011],[10.2811,55.9011],[10.2813,55.901]],[[10.2804,55.9006],[10.2805,55.9007],[10.2804,55.9007],[10.2804,55.9007],[10.2804,55.9006]]]},"properties":{"sourceId":"ais_par3.56091","a_type":4210,"hectares":7.929}},{"type":"Feature","id":"ais_par3.56092","geometry":{"type":"Polygon","coordinates":[[[10.1312,55.909],[10.1313,55.909],[10.1313,55.909],[10.1313,55.9089],[10.1312,55.9089],[10.1311,55.9089],[10.1311,55.9089],[10.1311,55.909],[10.1311,55.909],[10.1312,55.909]]]},"properties":{"sourceId":"ais_par3.56092","a_type":5120,"hectares":0.018}},{"type":"Feature","id":"ais_par3.56093","geometry":{"type":"Polygon","coordinates":[[[10.2091,55.9079],[10.2093,55.9077],[10.2093,55.9077],[10.2091,55.9077],[10.2091,55.9079]]]},"properties":{"sourceId":"ais_par3.56093","a_type":5120,"hectares":0.018}},{"type":"Feature","id":"ais_par3.56094","geometry":{"type":"Polygon","coordinates":[[[10.0591,55.9083],[10.0591,55.9085],[10.0591,55.9089],[10.0592,55.909],[10.0593,55.909],[10.0595,55.9089],[10.0595,55.9084],[10.0594,55.9082],[10.0591,55.9083]]]},"properties":{"sourceId":"ais_par3.56094","a_type":5120,"hectares":0.176}},{"type":"Feature","id":"ais_par3.56095","geometry":{"type":"Polygon","coordinates":[[[10.1968,55.9076],[10.1965,55.9074],[10.1964,55.9074],[10.1963,55.9075],[10.1963,55.9075],[10.1963,55.9076],[10.1964,55.9077],[10.1966,55.9076],[10.1968,55.9076]]]},"properties":{"sourceId":"ais_par3.56095","a_type":5120,"hectares":0.053}},{"type":"Feature","id":"ais_par3.56096","geometry":{"type":"Polygon","coordinates":[[[10.1114,55.9076],[10.1113,55.9077],[10.1112,55.9077],[10.1112,55.9078],[10.1112,55.9079],[10.1112,55.9079],[10.1113,55.908],[10.1113,55.908],[10.1114,55.908],[10.1115,55.9079],[10.1115,55.9078],[10.1115,55.9077],[10.1115,55.9077],[10.1114,55.9076]]]},"properties":{"sourceId":"ais_par3.56096","a_type":5120,"hectares":0.063}},{"type":"Feature","id":"ais_par3.56097","geometry":{"type":"Polygon","coordinates":[[[10.0321,55.9085],[10.0318,55.9083],[10.0319,55.9086],[10.0321,55.9085]]]},"properties":{"sourceId":"ais_par3.56097","a_type":5120,"hectares":0.022}},{"type":"Feature","id":"ais_par3.56098","geometry":{"type":"Polygon","coordinates":[[[10.0529,55.9076],[10.0528,55.9076],[10.0528,55.9077],[10.0528,55.9077],[10.0529,55.9078],[10.053,55.9078],[10.053,55.9077],[10.0531,55.9077],[10.0532,55.9077],[10.0532,55.9076],[10.0532,55.9076],[10.0531,55.9075],[10.053,55.9075],[10.0529,55.9076]]]},"properties":{"sourceId":"ais_par3.56098","a_type":5120,"hectares":0.052}},{"type":"Feature","id":"ais_par3.56099","geometry":{"type":"Polygon","coordinates":[[[10.0316,55.9065],[10.0316,55.9066],[10.0316,55.9067],[10.0317,55.9067],[10.0317,55.9068],[10.0317,55.9068],[10.0316,55.9069],[10.0316,55.9069],[10.0315,55.907],[10.0314,55.907],[10.0314,55.9071],[10.0313,55.9071],[10.0312,55.9072],[10.0312,55.9072],[10.0313,55.9073],[10.0314,55.9073],[10.0314,55.9074],[10.0315,55.9076],[10.0319,55.9079],[10.0319,55.9078],[10.0319,55.9077],[10.0319,55.9076],[10.0319,55.9075],[10.032,55.9073],[10.032,55.9071],[10.0322,55.9067],[10.0316,55.9065]]]},"properties":{"sourceId":"ais_par3.56099","a_type":4120,"hectares":0.438}},{"type":"Feature","id":"ais_par3.56100","geometry":{"type":"Polygon","coordinates":[[[10.0694,55.9076],[10.0694,55.9075],[10.0694,55.9073],[10.0696,55.9073],[10.0699,55.9072],[10.0701,55.9072],[10.0701,55.9071],[10.069,55.9064],[10.0684,55.9059],[10.0679,55.9063],[10.0682,55.9068],[10.0685,55.907],[10.0694,55.9076]]]},"properties":{"sourceId":"ais_par3.56100","a_type":3210,"hectares":1.032}},{"type":"Feature","id":"ais_par3.56101","geometry":{"type":"Polygon","coordinates":[[[10.067,55.9051],[10.0651,55.9055],[10.065,55.9056],[10.0651,55.9058],[10.0652,55.9062],[10.0651,55.9065],[10.0649,55.9067],[10.0643,55.9067],[10.0639,55.9067],[10.0632,55.9067],[10.0625,55.9068],[10.0623,55.9069],[10.0622,55.9071],[10.062,55.9073],[10.0624,55.9073],[10.0627,55.9073],[10.0641,55.9073],[10.0658,55.9073],[10.066,55.9072],[10.0676,55.9066],[10.0677,55.9065],[10.0678,55.9063],[10.067,55.9051]]]},"properties":{"sourceId":"ais_par3.56101","a_type":3210,"hectares":4.23}},{"type":"Feature","id":"ais_par3.56102","geometry":{"type":"Polygon","coordinates":[[[10.2328,55.9051],[10.2328,55.9051],[10.2327,55.9052],[10.2325,55.9054],[10.2325,55.9055],[10.2325,55.9056],[10.2325,55.9056],[10.2326,55.9056],[10.2327,55.9056],[10.2327,55.9056],[10.2328,55.9056],[10.2327,55.9055],[10.2328,55.9055],[10.2328,55.9054],[10.233,55.9054],[10.2331,55.9054],[10.2331,55.9053],[10.2331,55.9053],[10.2331,55.9052],[10.233,55.9051],[10.233,55.9051],[10.2328,55.9051]]]},"properties":{"sourceId":"ais_par3.56102","a_type":5120,"hectares":0.128}},{"type":"Feature","id":"ais_par3.56103","geometry":{"type":"Polygon","coordinates":[[[10.0733,55.9053],[10.0732,55.9053],[10.0731,55.9054],[10.0729,55.9054],[10.0727,55.9053],[10.0726,55.9053],[10.0718,55.9051],[10.0717,55.9051],[10.0715,55.905],[10.0714,55.9048],[10.0713,55.9044],[10.0717,55.9042],[10.0716,55.9041],[10.0709,55.9045],[10.0706,55.9047],[10.0704,55.9047],[10.0703,55.9048],[10.0732,55.9057],[10.0737,55.9059],[10.0755,55.9064],[10.0755,55.9059],[10.0752,55.9059],[10.0751,55.9059],[10.0749,55.9059],[10.0747,55.9059],[10.0745,55.9058],[10.0741,55.9055],[10.074,55.9055],[10.0738,55.9054],[10.0737,55.9055],[10.0735,55.9055],[10.0733,55.9054],[10.0733,55.9053],[10.0733,55.9053]]]},"properties":{"sourceId":"ais_par3.56103","a_type":3210,"hectares":1.141}},{"type":"Feature","id":"ais_par3.56104","geometry":{"type":"Polygon","coordinates":[[[10.0791,55.9039],[10.0788,55.9044],[10.0785,55.9044],[10.0784,55.9044],[10.0777,55.9045],[10.0776,55.9046],[10.0772,55.9046],[10.0772,55.9047],[10.0773,55.9048],[10.0773,55.9049],[10.0772,55.905],[10.0771,55.905],[10.077,55.9049],[10.077,55.9048],[10.0769,55.9047],[10.0769,55.9048],[10.0771,55.9051],[10.0776,55.9049],[10.0776,55.9048],[10.0781,55.9046],[10.0784,55.9047],[10.0788,55.9046],[10.0793,55.9043],[10.0795,55.9043],[10.0797,55.9043],[10.0798,55.9043],[10.0799,55.9043],[10.0801,55.9039],[10.0802,55.9039],[10.0802,55.9039],[10.0805,55.9038],[10.0807,55.9038],[10.0808,55.9039],[10.0809,55.904],[10.0809,55.904],[10.081,55.9042],[10.0812,55.9043],[10.0813,55.9044],[10.0813,55.9048],[10.0813,55.9049],[10.0812,55.9053],[10.0812,55.9055],[10.0811,55.9058],[10.0814,55.906],[10.0815,55.905],[10.0821,55.9048],[10.0821,55.9048],[10.0823,55.9047],[10.0825,55.9046],[10.0827,55.9046],[10.0822,55.9043],[10.0819,55.904],[10.0816,55.9036],[10.0812,55.9037],[10.081,55.9035],[10.0808,55.9033],[10.0805,55.9032],[10.0802,55.9031],[10.0802,55.903],[10.0803,55.9029],[10.0801,55.903],[10.0802,55.9033],[10.0801,55.9035],[10.0798,55.9037],[10.0796,55.904],[10.0793,55.904],[10.0791,55.9039]]]},"properties":{"sourceId":"ais_par3.56104","a_type":4120,"hectares":2.098}},{"type":"Feature","id":"ais_par3.56105","geometry":{"type":"Polygon","coordinates":[[[10.0769,55.9046],[10.0769,55.9047],[10.077,55.9046],[10.0769,55.9046]]]},"properties":{"sourceId":"ais_par3.56105","a_type":4120,"hectares":0.002}},{"type":"Feature","id":"ais_par3.56106","geometry":{"type":"Polygon","coordinates":[[[10.0681,55.9058],[10.0684,55.9057],[10.0684,55.9056],[10.0683,55.9055],[10.0681,55.9054],[10.0678,55.9053],[10.0677,55.9054],[10.0676,55.9054],[10.0678,55.9061],[10.0679,55.9061],[10.0681,55.9058]]]},"properties":{"sourceId":"ais_par3.56106","a_type":5120,"hectares":0.241}},{"type":"Feature","id":"ais_par3.56109","geometry":{"type":"Polygon","coordinates":[[[10.1271,55.9028],[10.1269,55.9029],[10.1267,55.9029],[10.1266,55.903],[10.1266,55.9031],[10.1268,55.9033],[10.1268,55.9034],[10.1268,55.9035],[10.1267,55.904],[10.1266,55.9041],[10.1264,55.9043],[10.1263,55.9043],[10.1262,55.9043],[10.1261,55.9043],[10.1256,55.9042],[10.1256,55.9046],[10.1257,55.9046],[10.1261,55.9048],[10.1262,55.9048],[10.1265,55.9049],[10.1266,55.9049],[10.1267,55.9049],[10.1269,55.9049],[10.127,55.905],[10.1271,55.905],[10.1272,55.9051],[10.1273,55.9051],[10.1275,55.9051],[10.1278,55.9051],[10.1281,55.9051],[10.1285,55.905],[10.1286,55.905],[10.1288,55.9049],[10.1294,55.9047],[10.1297,55.9047],[10.1299,55.9047],[10.131,55.9047],[10.131,55.9044],[10.131,55.9039],[10.131,55.9038],[10.1307,55.9036],[10.1301,55.9033],[10.13,55.9032],[10.1297,55.9032],[10.1295,55.9031],[10.1294,55.9031],[10.1293,55.9031],[10.1292,55.903],[10.1291,55.9029],[10.129,55.9029],[10.1287,55.9029],[10.1284,55.9029],[10.1282,55.9029],[10.1279,55.9028],[10.1277,55.9028],[10.1273,55.9028],[10.1271,55.9028]],[[10.1283,55.9047],[10.1282,55.9048],[10.1281,55.9049],[10.128,55.9049],[10.1279,55.9048],[10.1278,55.9048],[10.1277,55.9048],[10.1277,55.9047],[10.1275,55.9047],[10.1276,55.9046],[10.1276,55.9046],[10.1277,55.9045],[10.1277,55.9044],[10.1277,55.9043],[10.1278,55.9042],[10.1279,55.9042],[10.128,55.9042],[10.1279,55.9041],[10.1278,55.9041],[10.1277,55.9041],[10.1276,55.904],[10.1276,55.9039],[10.1278,55.9038],[10.1279,55.9039],[10.1279,55.9039],[10.1279,55.904],[10.128,55.9041],[10.1281,55.9041],[10.1283,55.9041],[10.1285,55.904],[10.1286,55.904],[10.1288,55.904],[10.129,55.9039],[10.1292,55.9038],[10.1293,55.9038],[10.1293,55.9037],[10.1293,55.9036],[10.1294,55.9036],[10.1296,55.9036],[10.1297,55.9036],[10.1299,55.9037],[10.1302,55.9037],[10.1304,55.9037],[10.1305,55.9037],[10.1307,55.9037],[10.1308,55.9038],[10.1309,55.904],[10.1308,55.904],[10.1307,55.904],[10.1307,55.9041],[10.1306,55.9041],[10.1306,55.9039],[10.1306,55.9038],[10.1305,55.9038],[10.1303,55.9038],[10.1302,55.9038],[10.1301,55.9038],[10.1301,55.9039],[10.13,55.904],[10.1299,55.904],[10.1299,55.904],[10.1297,55.904],[10.1295,55.904],[10.1294,55.904],[10.1294,55.9039],[10.1292,55.9039],[10.1292,55.9039],[10.1291,55.904],[10.129,55.904],[10.129,55.9041],[10.129,55.9041],[10.1289,55.9042],[10.1288,55.9046],[10.1287,55.9047],[10.1287,55.9047],[10.1284,55.9047],[10.1284,55.9047],[10.1283,55.9047]],[[10.1278,55.9049],[10.128,55.905],[10.1279,55.905],[10.1279,55.9051],[10.1276,55.9051],[10.1275,55.9051],[10.1274,55.905],[10.1273,55.905],[10.1274,55.905],[10.1275,55.9049],[10.1278,55.9049]]]},"properties":{"sourceId":"ais_par3.56109","a_type":4120,"hectares":4.924}},{"type":"Feature","id":"ais_par3.56110","geometry":{"type":"Polygon","coordinates":[[[10.1278,55.9049],[10.1275,55.9049],[10.1274,55.905],[10.1273,55.905],[10.1274,55.905],[10.1275,55.9051],[10.1276,55.9051],[10.1279,55.9051],[10.1279,55.905],[10.128,55.905],[10.1278,55.9049]]]},"properties":{"sourceId":"ais_par3.56110","a_type":5120,"hectares":0.056}},{"type":"Feature","id":"ais_par3.56111","geometry":{"type":"Polygon","coordinates":[[[10.0713,55.9054],[10.0713,55.9055],[10.0715,55.9055],[10.0717,55.9055],[10.0719,55.9055],[10.072,55.9055],[10.072,55.9054],[10.0719,55.9054],[10.0718,55.9053],[10.0717,55.9053],[10.0715,55.9052],[10.0713,55.9053],[10.0713,55.9054]]]},"properties":{"sourceId":"ais_par3.56111","a_type":5120,"hectares":0.107}},{"type":"Feature","id":"ais_par3.56112","geometry":{"type":"Polygon","coordinates":[[[10.0733,55.9053],[10.0733,55.9053],[10.0733,55.9054],[10.0735,55.9055],[10.0737,55.9055],[10.0738,55.9054],[10.0738,55.9053],[10.0738,55.9052],[10.0738,55.9051],[10.0738,55.905],[10.0738,55.905],[10.0737,55.905],[10.0735,55.905],[10.0734,55.905],[10.0734,55.9051],[10.0733,55.9052],[10.0733,55.9053]]]},"properties":{"sourceId":"ais_par3.56112","a_type":5120,"hectares":0.146}},{"type":"Feature","id":"ais_par3.56113","geometry":{"type":"Polygon","coordinates":[[[10.1283,55.9047],[10.1284,55.9047],[10.1284,55.9047],[10.1287,55.9047],[10.1287,55.9047],[10.1288,55.9046],[10.1289,55.9042],[10.129,55.9041],[10.129,55.9041],[10.129,55.904],[10.1291,55.904],[10.1292,55.9039],[10.1292,55.9039],[10.1294,55.9039],[10.1294,55.904],[10.1295,55.904],[10.1297,55.904],[10.1299,55.904],[10.1299,55.904],[10.13,55.904],[10.1301,55.9039],[10.1301,55.9038],[10.1302,55.9038],[10.1303,55.9038],[10.1305,55.9038],[10.1306,55.9038],[10.1306,55.9039],[10.1306,55.9041],[10.1307,55.9041],[10.1307,55.904],[10.1308,55.904],[10.1309,55.904],[10.1308,55.9038],[10.1307,55.9037],[10.1305,55.9037],[10.1304,55.9037],[10.1302,55.9037],[10.1299,55.9037],[10.1297,55.9036],[10.1296,55.9036],[10.1294,55.9036],[10.1293,55.9036],[10.1293,55.9037],[10.1293,55.9038],[10.1292,55.9038],[10.129,55.9039],[10.1288,55.904],[10.1286,55.904],[10.1285,55.904],[10.1283,55.9041],[10.1281,55.9041],[10.128,55.9041],[10.1279,55.904],[10.1279,55.9039],[10.1279,55.9039],[10.1278,55.9038],[10.1276,55.9039],[10.1276,55.904],[10.1277,55.9041],[10.1278,55.9041],[10.1279,55.9041],[10.128,55.9042],[10.1279,55.9042],[10.1278,55.9042],[10.1277,55.9043],[10.1277,55.9044],[10.1277,55.9045],[10.1276,55.9046],[10.1276,55.9046],[10.1275,55.9047],[10.1277,55.9047],[10.1277,55.9048],[10.1278,55.9048],[10.1279,55.9048],[10.128,55.9049],[10.1281,55.9049],[10.1282,55.9048],[10.1283,55.9047]]]},"properties":{"sourceId":"ais_par3.56113","a_type":5120,"hectares":0.869}},{"type":"Feature","id":"ais_par3.56114","geometry":{"type":"Polygon","coordinates":[[[10.0772,55.9046],[10.077,55.9046],[10.0769,55.9047],[10.0769,55.9047],[10.077,55.9048],[10.077,55.9049],[10.0771,55.905],[10.0772,55.905],[10.0773,55.9049],[10.0773,55.9048],[10.0772,55.9047],[10.0772,55.9046]]]},"properties":{"sourceId":"ais_par3.56114","a_type":5120,"hectares":0.074}},{"type":"Feature","id":"ais_par3.56115","geometry":{"type":"Polygon","coordinates":[[[10.2789,55.9027],[10.279,55.9027],[10.2791,55.9028],[10.2792,55.9028],[10.2793,55.9027],[10.2793,55.9027],[10.2793,55.9026],[10.2793,55.9026],[10.2792,55.9025],[10.2791,55.9025],[10.279,55.9026],[10.2789,55.9026],[10.2787,55.9025],[10.2787,55.9024],[10.2787,55.9023],[10.2788,55.9022],[10.2788,55.9021],[10.2788,55.9019],[10.2787,55.9018],[10.2785,55.9018],[10.2784,55.9018],[10.2783,55.9018],[10.2782,55.9018],[10.2778,55.9021],[10.2778,55.9022],[10.2778,55.9022],[10.2778,55.9023],[10.2779,55.9023],[10.278,55.9023],[10.2781,55.9022],[10.2781,55.9023],[10.278,55.9023],[10.278,55.9024],[10.2781,55.9024],[10.2781,55.9024],[10.2784,55.9024],[10.2785,55.9024],[10.2786,55.9025],[10.2786,55.9025],[10.2781,55.9026],[10.2782,55.9026],[10.2782,55.9027],[10.2784,55.9027],[10.2786,55.9028],[10.2788,55.9028],[10.2789,55.9028],[10.2789,55.9028],[10.2789,55.9027]]]},"properties":{"sourceId":"ais_par3.56115","a_type":5120,"hectares":0.497}},{"type":"Feature","id":"ais_par3.56116","geometry":{"type":"Polygon","coordinates":[[[10.0791,55.9039],[10.0788,55.9036],[10.0774,55.9042],[10.0765,55.9044],[10.0765,55.9045],[10.0766,55.9045],[10.0767,55.9046],[10.0768,55.9047],[10.0769,55.9047],[10.0769,55.9047],[10.0769,55.9046],[10.0768,55.9046],[10.0772,55.9046],[10.0776,55.9046],[10.0777,55.9045],[10.0784,55.9044],[10.0785,55.9044],[10.0788,55.9044],[10.0791,55.9039]]]},"properties":{"sourceId":"ais_par3.56116","a_type":3210,"hectares":0.812}},{"type":"Feature","id":"ais_par3.56117","geometry":{"type":"Polygon","coordinates":[[[10.0665,55.9038],[10.0672,55.9037],[10.0671,55.9034],[10.0663,55.9033],[10.0642,55.9038],[10.0643,55.9039],[10.0646,55.9042],[10.0648,55.9044],[10.0649,55.9045],[10.065,55.9047],[10.0663,55.9045],[10.0662,55.9042],[10.0667,55.9042],[10.0665,55.9038]]]},"properties":{"sourceId":"ais_par3.56117","a_type":3210,"hectares":1.685}},{"type":"Feature","id":"ais_par3.56118","geometry":{"type":"Polygon","coordinates":[[[10.0783,55.9033],[10.0783,55.9032],[10.0767,55.9037],[10.0774,55.9042],[10.0788,55.9036],[10.0786,55.9035],[10.0783,55.9033]]]},"properties":{"sourceId":"ais_par3.56118","a_type":4120,"hectares":0.667}},{"type":"Feature","id":"ais_par3.56119","geometry":{"type":"Polygon","coordinates":[[[10.1232,55.9024],[10.1233,55.9023],[10.1234,55.9023],[10.1236,55.9022],[10.1233,55.9021],[10.1232,55.9021],[10.1231,55.9023],[10.1227,55.9023],[10.1227,55.9024],[10.1225,55.9026],[10.1223,55.9028],[10.1222,55.9029],[10.1222,55.903],[10.1224,55.9032],[10.1225,55.9033],[10.1225,55.9034],[10.1228,55.9034],[10.1234,55.9036],[10.1238,55.9036],[10.124,55.9035],[10.1241,55.9035],[10.1242,55.9033],[10.1245,55.9033],[10.1244,55.903],[10.1243,55.9028],[10.1241,55.9025],[10.1239,55.9027],[10.1237,55.9028],[10.1235,55.9027],[10.1233,55.9027],[10.1232,55.9026],[10.1232,55.9024]]]},"properties":{"sourceId":"ais_par3.56119","a_type":4120,"hectares":1.357}},{"type":"Feature","id":"ais_par3.56120","geometry":{"type":"Polygon","coordinates":[[[10.0904,55.903],[10.0904,55.9029],[10.0904,55.9026],[10.0902,55.902],[10.0901,55.9018],[10.0899,55.9017],[10.0898,55.9015],[10.0892,55.9015],[10.089,55.9015],[10.0891,55.9016],[10.0892,55.9024],[10.0891,55.9025],[10.0888,55.9026],[10.0885,55.9028],[10.0885,55.9032],[10.0886,55.9035],[10.0895,55.9035],[10.09,55.9035],[10.0907,55.9035],[10.0906,55.9032],[10.0905,55.9031],[10.0903,55.9031],[10.0902,55.9031],[10.0902,55.903],[10.0904,55.903]]]},"properties":{"sourceId":"ais_par3.56120","a_type":3210,"hectares":1.959}},{"type":"Feature","id":"ais_par3.56125","geometry":{"type":"Polygon","coordinates":[[[10.2802,55.9006],[10.2801,55.9006],[10.28,55.9006],[10.2799,55.9006],[10.2798,55.9006],[10.2797,55.9006],[10.2796,55.9006],[10.2795,55.9006],[10.2795,55.9007],[10.2796,55.9007],[10.2797,55.9008],[10.2799,55.9008],[10.28,55.9008],[10.2801,55.9007],[10.2802,55.9006]]]},"properties":{"sourceId":"ais_par3.56125","a_type":5120,"hectares":0.052}},{"type":"Feature","id":"ais_par3.56126","geometry":{"type":"Polygon","coordinates":[[[10.2804,55.9006],[10.2804,55.9007],[10.2804,55.9007],[10.2805,55.9007],[10.2804,55.9006]]]},"properties":{"sourceId":"ais_par3.56126","a_type":5120,"hectares":0.003}},{"type":"Feature","id":"ais_par3.56127","geometry":{"type":"Polygon","coordinates":[[[10.2212,55.9009],[10.2211,55.9009],[10.2211,55.9009],[10.221,55.901],[10.221,55.901],[10.2211,55.901],[10.2212,55.9011],[10.2213,55.901],[10.2213,55.901],[10.2213,55.9009],[10.2213,55.9009],[10.2213,55.9009],[10.2212,55.9009]]]},"properties":{"sourceId":"ais_par3.56127","a_type":5120,"hectares":0.03}},{"type":"Feature","id":"ais_par3.56128","geometry":{"type":"Polygon","coordinates":[[[10.2184,55.9008],[10.2183,55.9008],[10.2183,55.9008],[10.2182,55.9009],[10.2182,55.9009],[10.2182,55.901],[10.2182,55.901],[10.2184,55.901],[10.2184,55.9009],[10.2184,55.9008]]]},"properties":{"sourceId":"ais_par3.56128","a_type":5120,"hectares":0.021}},{"type":"Feature","id":"ais_par3.56129","geometry":{"type":"Polygon","coordinates":[[[10.0373,55.9024],[10.0374,55.9024],[10.0374,55.9024],[10.0373,55.9023],[10.0372,55.9023],[10.0372,55.9023],[10.0372,55.9024],[10.0372,55.9024],[10.0372,55.9025],[10.0373,55.9024]]]},"properties":{"sourceId":"ais_par3.56129","a_type":5120,"hectares":0.017}},{"type":"Feature","id":"ais_par3.56130","geometry":{"type":"Polygon","coordinates":[[[10.1197,55.9014],[10.1195,55.9014],[10.1194,55.9015],[10.1196,55.9016],[10.1197,55.9014]]]},"properties":{"sourceId":"ais_par3.56130","a_type":5120,"hectares":0.026}},{"type":"Feature","id":"ais_par3.56131","geometry":{"type":"Polygon","coordinates":[[[10.2245,55.9001],[10.2247,55.9002],[10.2249,55.9002],[10.2252,55.9002],[10.2256,55.9002],[10.2251,55.8998],[10.225,55.8998],[10.2249,55.8998],[10.2248,55.8997],[10.2247,55.8997],[10.2246,55.8996],[10.2245,55.8995],[10.2242,55.8993],[10.2242,55.8992],[10.2241,55.8991],[10.2239,55.8986],[10.2236,55.898],[10.2235,55.8981],[10.2236,55.8983],[10.2237,55.8987],[10.2238,55.8991],[10.2241,55.8996],[10.2243,55.9],[10.2242,55.9001],[10.2241,55.9002],[10.2241,55.9003],[10.2241,55.9004],[10.2245,55.9001]]]},"properties":{"sourceId":"ais_par3.56131","a_type":4210,"hectares":0.655}},{"type":"Feature","id":"ais_par3.56132","geometry":{"type":"Polygon","coordinates":[[[10.0751,55.9013],[10.0756,55.9013],[10.0757,55.9012],[10.0752,55.9009],[10.0751,55.9007],[10.0749,55.9006],[10.0745,55.9003],[10.0741,55.9003],[10.0738,55.9004],[10.0738,55.9006],[10.0732,55.9006],[10.0733,55.9008],[10.0741,55.9007],[10.0741,55.9008],[10.0733,55.901],[10.0727,55.901],[10.0731,55.9017],[10.0739,55.9015],[10.0744,55.9014],[10.0751,55.9013]]]},"properties":{"sourceId":"ais_par3.56132","a_type":3210,"hectares":1.534}},{"type":"Feature","id":"ais_par3.56133","geometry":{"type":"Polygon","coordinates":[[[10.1295,55.9001],[10.1295,55.9],[10.1295,55.9],[10.1294,55.8999],[10.1292,55.8998],[10.1291,55.8998],[10.129,55.8998],[10.1288,55.8999],[10.1286,55.9],[10.1285,55.9001],[10.1284,55.9001],[10.1284,55.9002],[10.1284,55.9002],[10.1284,55.9003],[10.1285,55.9003],[10.1286,55.9003],[10.1288,55.9004],[10.129,55.9004],[10.1291,55.9004],[10.1292,55.9004],[10.1294,55.9004],[10.1295,55.9003],[10.1295,55.9003],[10.1295,55.9001]]]},"properties":{"sourceId":"ais_par3.56133","a_type":5120,"hectares":0.35}},{"type":"Feature","id":"ais_par3.56134","geometry":{"type":"Polygon","coordinates":[[[10.1453,55.8996],[10.1453,55.8995],[10.1452,55.8995],[10.145,55.8994],[10.1448,55.8994],[10.1448,55.8994],[10.1448,55.8995],[10.1452,55.8996],[10.1452,55.8996],[10.1453,55.8996]]]},"properties":{"sourceId":"ais_par3.56134","a_type":5120,"hectares":0.046}},{"type":"Feature","id":"ais_par3.56135","geometry":{"type":"Polygon","coordinates":[[[10.0427,55.8982],[10.0425,55.8981],[10.0424,55.8981],[10.0419,55.8981],[10.0419,55.8992],[10.043,55.8992],[10.0433,55.8989],[10.0434,55.8986],[10.0433,55.8985],[10.0432,55.8985],[10.0429,55.8983],[10.0427,55.8982]]]},"properties":{"sourceId":"ais_par3.56135","a_type":3210,"hectares":0.927}},{"type":"Feature","id":"ais_par3.56136","geometry":{"type":"Polygon","coordinates":[[[10.0298,55.899],[10.0305,55.8987],[10.0303,55.8986],[10.0302,55.8985],[10.0301,55.8985],[10.03,55.8985],[10.0299,55.8984],[10.0298,55.8984],[10.0297,55.8984],[10.0296,55.8984],[10.0295,55.8984],[10.0294,55.8983],[10.0292,55.8983],[10.0289,55.8983],[10.0287,55.8982],[10.0285,55.8982],[10.0283,55.8982],[10.0282,55.8982],[10.0281,55.8982],[10.028,55.8981],[10.0277,55.8981],[10.0273,55.8983],[10.0276,55.8983],[10.0279,55.8982],[10.028,55.8983],[10.028,55.8984],[10.0282,55.8984],[10.0285,55.8985],[10.0286,55.8986],[10.0287,55.8986],[10.029,55.8988],[10.029,55.899],[10.029,55.899],[10.029,55.899],[10.029,55.8991],[10.029,55.8991],[10.029,55.8993],[10.0291,55.8992],[10.0293,55.8993],[10.0298,55.899]]]},"properties":{"sourceId":"ais_par3.56136","a_type":4120,"hectares":0.896}},{"type":"Feature","id":"ais_par3.56137","geometry":{"type":"Polygon","coordinates":[[[10.0391,55.899],[10.0393,55.899],[10.0393,55.8992],[10.0409,55.8992],[10.0412,55.8984],[10.041,55.8983],[10.041,55.898],[10.0412,55.8976],[10.0413,55.8971],[10.0415,55.8972],[10.0422,55.8971],[10.0421,55.8968],[10.0425,55.8968],[10.0417,55.8966],[10.0415,55.8965],[10.0414,55.8965],[10.0412,55.8965],[10.0409,55.8965],[10.0407,55.8966],[10.0402,55.8968],[10.0398,55.8969],[10.0396,55.897],[10.0393,55.897],[10.039,55.8971],[10.0391,55.899]]]},"properties":{"sourceId":"ais_par3.56137","a_type":3210,"hectares":3.871}},{"type":"Feature","id":"ais_par3.56138","geometry":{"type":"Polygon","coordinates":[[[10.0712,55.8982],[10.0712,55.8981],[10.0712,55.8981],[10.0709,55.8981],[10.0709,55.8983],[10.0712,55.8982]]]},"properties":{"sourceId":"ais_par3.56138","a_type":5120,"hectares":0.028}},{"type":"Feature","id":"ais_par3.56139","geometry":{"type":"Polygon","coordinates":[[[10.071,55.898],[10.0709,55.8979],[10.0708,55.8979],[10.0709,55.898],[10.071,55.898],[10.071,55.898]]]},"properties":{"sourceId":"ais_par3.56139","a_type":5120,"hectares":0.013}},{"type":"Feature","id":"ais_par3.56140","geometry":{"type":"Polygon","coordinates":[[[10.1024,55.8961],[10.1024,55.8962],[10.1024,55.8964],[10.1023,55.8967],[10.1023,55.8975],[10.1027,55.8975],[10.1031,55.8976],[10.1034,55.8975],[10.1037,55.8974],[10.1037,55.8974],[10.1038,55.8974],[10.1045,55.8962],[10.1024,55.896],[10.1024,55.8961]]]},"properties":{"sourceId":"ais_par3.56140","a_type":4110,"hectares":1.766}},{"type":"Feature","id":"ais_par3.56141","geometry":{"type":"Polygon","coordinates":[[[10.0902,55.8976],[10.0905,55.8976],[10.0913,55.8963],[10.0907,55.8964],[10.0904,55.8965],[10.0895,55.8965],[10.0884,55.8964],[10.0883,55.8964],[10.0883,55.8965],[10.0882,55.8966],[10.0891,55.8967],[10.0894,55.8968],[10.0897,55.8969],[10.0899,55.8972],[10.0901,55.8975],[10.0902,55.8976]]]},"properties":{"sourceId":"ais_par3.56141","a_type":4120,"hectares":1.065}},{"type":"Feature","id":"ais_par3.56142","geometry":{"type":"Polygon","coordinates":[[[10.0882,55.8966],[10.0882,55.8969],[10.0881,55.8975],[10.0891,55.8975],[10.0898,55.8975],[10.0902,55.8976],[10.0901,55.8975],[10.0899,55.8972],[10.0897,55.8969],[10.0894,55.8968],[10.0891,55.8967],[10.0882,55.8966]]]},"properties":{"sourceId":"ais_par3.56142","a_type":3210,"hectares":0.966}},{"type":"Feature","id":"ais_par3.56143","geometry":{"type":"Polygon","coordinates":[[[10.1414,55.8968],[10.1414,55.8969],[10.1415,55.897],[10.1415,55.897],[10.1416,55.897],[10.1416,55.8969],[10.1416,55.8969],[10.1415,55.8969],[10.1414,55.8968],[10.1414,55.8968]]]},"properties":{"sourceId":"ais_par3.56143","a_type":5120,"hectares":0.018}},{"type":"Feature","id":"ais_par3.56144","geometry":{"type":"Polygon","coordinates":[[[10.0264,55.8945],[10.0263,55.8946],[10.0261,55.8946],[10.0259,55.8946],[10.0256,55.8947],[10.0253,55.8947],[10.0248,55.8949],[10.0244,55.895],[10.0241,55.8951],[10.024,55.8952],[10.0237,55.8952],[10.0232,55.8955],[10.0225,55.8958],[10.0221,55.8962],[10.0221,55.8962],[10.022,55.8963],[10.0221,55.8965],[10.0221,55.8965],[10.0222,55.8966],[10.0226,55.8968],[10.0227,55.8968],[10.0229,55.8968],[10.0234,55.897],[10.0236,55.8971],[10.0238,55.8971],[10.024,55.8969],[10.024,55.8969],[10.024,55.8969],[10.0242,55.8969],[10.0242,55.8969],[10.0243,55.8969],[10.0247,55.8969],[10.0247,55.8969],[10.0252,55.8969],[10.0253,55.8959],[10.0265,55.8958],[10.0266,55.8955],[10.0266,55.8952],[10.0264,55.8945]]]},"properties":{"sourceId":"ais_par3.56144","a_type":4110,"hectares":4.591}},{"type":"Feature","id":"ais_par3.56145","geometry":{"type":"Polygon","coordinates":[[[10.0256,55.8972],[10.0257,55.8973],[10.0258,55.8974],[10.0258,55.8974],[10.0259,55.8975],[10.0261,55.8975],[10.0265,55.8974],[10.026,55.8973],[10.0257,55.8972],[10.0253,55.897],[10.0256,55.8972],[10.0256,55.8972]]]},"properties":{"sourceId":"ais_par3.56145","a_type":4110,"hectares":0.119}},{"type":"Feature","id":"ais_par3.56146","geometry":{"type":"Polygon","coordinates":[[[10.0268,55.8977],[10.027,55.8977],[10.0268,55.8976],[10.0267,55.8975],[10.0266,55.8975],[10.0268,55.8976],[10.0268,55.8977]]]},"properties":{"sourceId":"ais_par3.56146","a_type":4110,"hectares":0.014}},{"type":"Feature","id":"ais_par3.56185","geometry":{"type":"Polygon","coordinates":[[[10.0413,55.8882],[10.0412,55.8882],[10.0412,55.8883],[10.0413,55.8884],[10.0414,55.8885],[10.0415,55.8885],[10.0417,55.8886],[10.0418,55.8886],[10.0418,55.8885],[10.0416,55.8885],[10.0415,55.8884],[10.0414,55.8883],[10.0413,55.8882]]]},"properties":{"sourceId":"ais_par3.56185","a_type":5120,"hectares":0.052}},{"type":"Feature","id":"ais_par3.56147","geometry":{"type":"Polygon","coordinates":[[[10.0337,55.8963],[10.0337,55.8962],[10.0336,55.8961],[10.0333,55.8961],[10.033,55.8961],[10.0327,55.8962],[10.0325,55.8964],[10.0325,55.8966],[10.0325,55.8967],[10.0326,55.8969],[10.0327,55.8969],[10.0328,55.8969],[10.0329,55.897],[10.0329,55.897],[10.033,55.8971],[10.033,55.8973],[10.0331,55.8973],[10.0332,55.8974],[10.0333,55.8974],[10.0334,55.8974],[10.0335,55.8974],[10.0335,55.8973],[10.0336,55.8968],[10.0337,55.8965],[10.0337,55.8963]]]},"properties":{"sourceId":"ais_par3.56147","a_type":3210,"hectares":0.787}},{"type":"Feature","id":"ais_par3.56148","geometry":{"type":"Polygon","coordinates":[[[10.0694,55.8958],[10.0691,55.8956],[10.0689,55.8957],[10.0687,55.8954],[10.0687,55.8953],[10.0684,55.8953],[10.0679,55.8954],[10.068,55.8957],[10.0683,55.8958],[10.0687,55.8958],[10.0689,55.896],[10.0688,55.8961],[10.0693,55.8964],[10.069,55.8967],[10.0693,55.8969],[10.0694,55.8968],[10.0693,55.8967],[10.0695,55.8967],[10.0695,55.8965],[10.0695,55.8962],[10.0695,55.896],[10.0694,55.8958]]]},"properties":{"sourceId":"ais_par3.56148","a_type":4120,"hectares":0.645}},{"type":"Feature","id":"ais_par3.56149","geometry":{"type":"Polygon","coordinates":[[[10.045,55.8947],[10.0448,55.8947],[10.0432,55.8946],[10.0429,55.8953],[10.0427,55.8954],[10.0443,55.8954],[10.0443,55.8961],[10.0462,55.8962],[10.0463,55.8968],[10.0485,55.897],[10.0488,55.8956],[10.0451,55.8954],[10.045,55.8947]]]},"properties":{"sourceId":"ais_par3.56149","a_type":3210,"hectares":4.476}},{"type":"Feature","id":"ais_par3.56150","geometry":{"type":"Polygon","coordinates":[[[10.1113,55.891],[10.1115,55.8907],[10.1121,55.8901],[10.1128,55.8895],[10.1132,55.8892],[10.1138,55.8889],[10.114,55.8888],[10.1141,55.8886],[10.113,55.8885],[10.1085,55.8878],[10.1073,55.8898],[10.105,55.8906],[10.1028,55.8947],[10.1029,55.8949],[10.1029,55.8952],[10.1026,55.8957],[10.1024,55.8959],[10.1044,55.8961],[10.1048,55.8956],[10.1061,55.8959],[10.1063,55.8955],[10.1064,55.8953],[10.1066,55.8948],[10.1066,55.8946],[10.1068,55.8942],[10.1069,55.8942],[10.1071,55.8941],[10.1075,55.8939],[10.1078,55.8938],[10.1081,55.8938],[10.1085,55.8939],[10.1085,55.8939],[10.1086,55.8939],[10.1088,55.8939],[10.1089,55.8938],[10.1086,55.8934],[10.1086,55.8932],[10.1088,55.893],[10.1088,55.8928],[10.1087,55.8927],[10.108,55.8924],[10.1077,55.8924],[10.1072,55.8921],[10.1074,55.892],[10.1081,55.8919],[10.1085,55.8914],[10.1093,55.8913],[10.1094,55.8912],[10.1095,55.891],[10.1102,55.8908],[10.1113,55.891]],[[10.1106,55.8883],[10.1106,55.8884],[10.1103,55.8883],[10.1104,55.8882],[10.1106,55.8883]]]},"properties":{"sourceId":"ais_par3.56150","a_type":4120,"hectares":25.526}},{"type":"Feature","id":"ais_par3.56151","geometry":{"type":"Polygon","coordinates":[[[10.1028,55.8911],[10.1027,55.8916],[10.1029,55.8919],[10.1029,55.8921],[10.1028,55.8923],[10.1026,55.8927],[10.1021,55.893],[10.1018,55.8932],[10.1015,55.8935],[10.1011,55.8941],[10.101,55.8941],[10.1007,55.8941],[10.1004,55.8942],[10.1003,55.8944],[10.1003,55.8952],[10.1002,55.8956],[10.1023,55.8957],[10.1027,55.8952],[10.1027,55.895],[10.1026,55.8947],[10.1042,55.8915],[10.1028,55.8911]]]},"properties":{"sourceId":"ais_par3.56151","a_type":4110,"hectares":5.231}},{"type":"Feature","id":"ais_par3.56152","geometry":{"type":"Polygon","coordinates":[[[10.0409,55.8958],[10.0409,55.8958],[10.041,55.8958],[10.0409,55.8957],[10.0409,55.8957],[10.0407,55.8957],[10.0406,55.8957],[10.0406,55.8957],[10.0406,55.8957],[10.0406,55.8958],[10.0407,55.8958],[10.0409,55.8958]]]},"properties":{"sourceId":"ais_par3.56152","a_type":5120,"hectares":0.037}},{"type":"Feature","id":"ais_par3.56153","geometry":{"type":"Polygon","coordinates":[[[10.0882,55.8941],[10.0876,55.8943],[10.087,55.8945],[10.0866,55.8946],[10.0862,55.8946],[10.086,55.8946],[10.0856,55.8947],[10.0855,55.8947],[10.0855,55.8947],[10.0857,55.8951],[10.0858,55.8954],[10.086,55.8953],[10.0866,55.8952],[10.0873,55.8951],[10.0881,55.8951],[10.0889,55.895],[10.0893,55.895],[10.09,55.8949],[10.0907,55.8949],[10.0915,55.895],[10.0913,55.8946],[10.0912,55.8945],[10.0904,55.8944],[10.0898,55.8943],[10.089,55.8942],[10.0882,55.8941],[10.0882,55.8941]]]},"properties":{"sourceId":"ais_par3.56153","a_type":3210,"hectares":2.835}},{"type":"Feature","id":"ais_par3.56154","geometry":{"type":"Polygon","coordinates":[[[10.1479,55.8946],[10.148,55.8946],[10.1478,55.8945],[10.1477,55.8945],[10.1476,55.8945],[10.1476,55.8946],[10.1479,55.8946]]]},"properties":{"sourceId":"ais_par3.56154","a_type":5120,"hectares":0.033}},{"type":"Feature","id":"ais_par3.56155","geometry":{"type":"Polygon","coordinates":[[[10.2089,55.8886],[10.2093,55.8895],[10.2094,55.8896],[10.2097,55.89],[10.2098,55.8902],[10.2101,55.8907],[10.2103,55.8908],[10.2108,55.891],[10.2115,55.8914],[10.2115,55.8916],[10.2115,55.8917],[10.2117,55.8918],[10.2119,55.8917],[10.212,55.8917],[10.2122,55.8917],[10.2129,55.8916],[10.2131,55.8916],[10.2136,55.8916],[10.2143,55.8917],[10.2146,55.8918],[10.2147,55.8919],[10.2148,55.892],[10.2149,55.8925],[10.215,55.8927],[10.2151,55.8929],[10.2158,55.8936],[10.2155,55.8937],[10.2187,55.8936],[10.2183,55.8933],[10.2179,55.8932],[10.2176,55.893],[10.2175,55.893],[10.2174,55.893],[10.2172,55.8929],[10.2171,55.8928],[10.217,55.8928],[10.2163,55.8926],[10.216,55.8924],[10.216,55.8924],[10.216,55.8924],[10.2159,55.8923],[10.2158,55.8922],[10.2156,55.8921],[10.2154,55.8919],[10.2152,55.8919],[10.2152,55.8919],[10.2149,55.8918],[10.2148,55.8917],[10.2148,55.8917],[10.2146,55.8916],[10.2142,55.8914],[10.2141,55.8914],[10.214,55.8914],[10.2134,55.8912],[10.2131,55.891],[10.2129,55.891],[10.2127,55.891],[10.2126,55.891],[10.2125,55.891],[10.2124,55.8908],[10.2123,55.8907],[10.2121,55.8906],[10.212,55.8905],[10.2116,55.8903],[10.2115,55.8902],[10.2113,55.8902],[10.2112,55.8901],[10.211,55.89],[10.211,55.89],[10.2109,55.8899],[10.2108,55.8898],[10.2107,55.8899],[10.2105,55.8899],[10.2102,55.8897],[10.2101,55.8895],[10.21,55.8893],[10.2098,55.8892],[10.2097,55.889],[10.2097,55.889],[10.2097,55.8889],[10.2097,55.8888],[10.21,55.8886],[10.2097,55.8886],[10.2096,55.8886],[10.2096,55.8886],[10.2089,55.8886]],[[10.2122,55.891],[10.2123,55.8911],[10.2122,55.8911],[10.2121,55.8911],[10.2122,55.891],[10.2122,55.891]],[[10.2171,55.8933],[10.217,55.8933],[10.2169,55.8934],[10.2167,55.8934],[10.2166,55.8934],[10.2167,55.8933],[10.2169,55.8933],[10.2171,55.8932],[10.2173,55.8932],[10.2174,55.8932],[10.2174,55.8932],[10.2173,55.8933],[10.2172,55.8933],[10.2171,55.8933]],[[10.2122,55.8912],[10.2123,55.8912],[10.2123,55.8912],[10.2123,55.8912],[10.2122,55.8912],[10.2122,55.8912],[10.2122,55.8912]]]},"properties":{"sourceId":"ais_par3.56155","a_type":4210,"hectares":5.407}},{"type":"Feature","id":"ais_par3.56156","geometry":{"type":"Polygon","coordinates":[[[10.1188,55.8946],[10.1189,55.8946],[10.119,55.8946],[10.1191,55.8945],[10.1191,55.8944],[10.1191,55.8943],[10.1191,55.8941],[10.119,55.8941],[10.1189,55.894],[10.1188,55.894],[10.1187,55.8939],[10.1183,55.8938],[10.1181,55.8938],[10.1178,55.8938],[10.1176,55.8938],[10.1175,55.8939],[10.1173,55.8939],[10.1172,55.8939],[10.1172,55.894],[10.1172,55.894],[10.1172,55.8941],[10.1172,55.8942],[10.1173,55.8943],[10.1173,55.8943],[10.1174,55.8944],[10.1175,55.8944],[10.1177,55.8944],[10.1178,55.8944],[10.1179,55.8944],[10.1181,55.8945],[10.1182,55.8945],[10.1184,55.8945],[10.1185,55.8946],[10.1187,55.8946],[10.1188,55.8946]]]},"properties":{"sourceId":"ais_par3.56156","a_type":5120,"hectares":0.758}},{"type":"Feature","id":"ais_par3.56157","geometry":{"type":"Polygon","coordinates":[[[10.1094,55.8926],[10.1092,55.8926],[10.1088,55.8928],[10.1088,55.893],[10.1086,55.8932],[10.1086,55.8934],[10.1089,55.8938],[10.109,55.8938],[10.1088,55.8939],[10.1086,55.8939],[10.1085,55.8939],[10.1085,55.8939],[10.1081,55.8939],[10.1079,55.8939],[10.1075,55.8939],[10.1074,55.894],[10.1073,55.8941],[10.1072,55.8941],[10.1069,55.8942],[10.1069,55.8943],[10.1068,55.8945],[10.1071,55.8945],[10.1076,55.8945],[10.109,55.8943],[10.1096,55.8941],[10.1096,55.894],[10.1113,55.8941],[10.111,55.894],[10.1115,55.8931],[10.1135,55.8934],[10.1139,55.8922],[10.1116,55.8919],[10.111,55.8919],[10.1107,55.8928],[10.1106,55.8929],[10.1094,55.8926]]]},"properties":{"sourceId":"ais_par3.56157","a_type":3210,"hectares":5.339}},{"type":"Feature","id":"ais_par3.56158","geometry":{"type":"Polygon","coordinates":[[[10.2171,55.8933],[10.2172,55.8933],[10.2173,55.8933],[10.2174,55.8932],[10.2174,55.8932],[10.2173,55.8932],[10.2171,55.8932],[10.2169,55.8933],[10.2167,55.8933],[10.2166,55.8934],[10.2167,55.8934],[10.2169,55.8934],[10.217,55.8933],[10.2171,55.8933]]]},"properties":{"sourceId":"ais_par3.56158","a_type":5120,"hectares":0.046}},{"type":"Feature","id":"ais_par3.56159","geometry":{"type":"Polygon","coordinates":[[[10.0523,55.8939],[10.0517,55.8948],[10.0526,55.8948],[10.0531,55.8946],[10.0534,55.8943],[10.0534,55.8937],[10.0531,55.8932],[10.0523,55.8939]]]},"properties":{"sourceId":"ais_par3.56159","a_type":4120,"hectares":1.041}},{"type":"Feature","id":"ais_par3.56186","geometry":{"type":"Polygon","coordinates":[[[10.185,55.8844],[10.1837,55.8845],[10.1771,55.8846],[10.1773,55.8848],[10.1773,55.8858],[10.1824,55.8854],[10.1825,55.8867],[10.1835,55.8867],[10.1846,55.8867],[10.1852,55.8867],[10.1883,55.8872],[10.1879,55.8854],[10.1875,55.885],[10.1849,55.8852],[10.185,55.8844]]]},"properties":{"sourceId":"ais_par3.56186","a_type":4110,"hectares":11.433}},{"type":"Feature","id":"ais_par3.56160","geometry":{"type":"Polygon","coordinates":[[[10.163,55.8936],[10.1629,55.8937],[10.1627,55.8938],[10.1646,55.8936],[10.1648,55.8929],[10.1649,55.8929],[10.1651,55.8929],[10.1652,55.8928],[10.1653,55.8927],[10.1653,55.8927],[10.1655,55.8927],[10.1656,55.8927],[10.1657,55.8924],[10.1658,55.8925],[10.1658,55.8924],[10.1657,55.8924],[10.1657,55.8922],[10.1653,55.8923],[10.1653,55.8924],[10.1653,55.8925],[10.1652,55.8925],[10.1651,55.8926],[10.1649,55.8927],[10.1648,55.8926],[10.1644,55.8926],[10.1643,55.8926],[10.1641,55.8927],[10.164,55.8929],[10.164,55.8929],[10.1638,55.893],[10.1637,55.8931],[10.1637,55.8931],[10.1635,55.8931],[10.1633,55.8933],[10.163,55.8936]]]},"properties":{"sourceId":"ais_par3.56160","a_type":4120,"hectares":1.041}},{"type":"Feature","id":"ais_par3.56161","geometry":{"type":"Polygon","coordinates":[[[10.066,55.8937],[10.0661,55.8935],[10.0663,55.8935],[10.0665,55.8934],[10.0664,55.8923],[10.0661,55.8923],[10.0659,55.8924],[10.0659,55.8931],[10.0658,55.8933],[10.0658,55.8934],[10.0657,55.8934],[10.0655,55.8935],[10.0654,55.8936],[10.0654,55.8936],[10.0655,55.8937],[10.0663,55.894],[10.066,55.8937]]]},"properties":{"sourceId":"ais_par3.56161","a_type":4110,"hectares":0.609}},{"type":"Feature","id":"ais_par3.56162","geometry":{"type":"Polygon","coordinates":[[[10.1422,55.8932],[10.1422,55.8932],[10.1422,55.8931],[10.1422,55.893],[10.1422,55.893],[10.1422,55.893],[10.1421,55.893],[10.1421,55.8931],[10.1421,55.8932],[10.1422,55.8932]]]},"properties":{"sourceId":"ais_par3.56162","a_type":5120,"hectares":0.015}},{"type":"Feature","id":"ais_par3.56163","geometry":{"type":"Polygon","coordinates":[[[10.0646,55.891],[10.0644,55.8909],[10.0644,55.8906],[10.064,55.8907],[10.064,55.8909],[10.0641,55.8921],[10.0642,55.8926],[10.0642,55.8927],[10.0644,55.8929],[10.0645,55.8931],[10.0649,55.8933],[10.0652,55.8935],[10.0654,55.8936],[10.0655,55.8935],[10.0657,55.8933],[10.0658,55.8933],[10.0657,55.8923],[10.0651,55.8924],[10.0649,55.8924],[10.0645,55.8916],[10.065,55.8911],[10.0646,55.891]]]},"properties":{"sourceId":"ais_par3.56163","a_type":4110,"hectares":1.64}},{"type":"Feature","id":"ais_par3.56164","geometry":{"type":"Polygon","coordinates":[[[10.2115,55.8917],[10.2114,55.8917],[10.2114,55.8918],[10.2113,55.8918],[10.2114,55.8919],[10.2114,55.892],[10.2115,55.892],[10.2116,55.892],[10.2116,55.8919],[10.2117,55.8919],[10.2116,55.8918],[10.2116,55.8918],[10.2115,55.8917]]]},"properties":{"sourceId":"ais_par3.56164","a_type":5120,"hectares":0.04}},{"type":"Feature","id":"ais_par3.56165","geometry":{"type":"Polygon","coordinates":[[[10.1116,55.8919],[10.1116,55.8917],[10.1113,55.8916],[10.1111,55.8915],[10.111,55.8914],[10.1113,55.891],[10.1102,55.8908],[10.1095,55.891],[10.1094,55.8912],[10.1093,55.8913],[10.1085,55.8914],[10.1081,55.8919],[10.1074,55.892],[10.1072,55.8921],[10.1077,55.8924],[10.108,55.8924],[10.1087,55.8927],[10.1088,55.8928],[10.1092,55.8926],[10.1094,55.8926],[10.1106,55.8929],[10.1107,55.8928],[10.111,55.8919],[10.1116,55.8919]]]},"properties":{"sourceId":"ais_par3.56165","a_type":4120,"hectares":3.369}},{"type":"Feature","id":"ais_par3.56166","geometry":{"type":"Polygon","coordinates":[[[10.0437,55.8931],[10.0435,55.8931],[10.0433,55.8932],[10.0431,55.8932],[10.0431,55.8933],[10.0431,55.8933],[10.0431,55.8933],[10.0431,55.8934],[10.0432,55.8934],[10.0433,55.8934],[10.0434,55.8934],[10.0436,55.8933],[10.0437,55.8933],[10.0437,55.8933],[10.0437,55.8932],[10.0437,55.8932],[10.0437,55.8931]]]},"properties":{"sourceId":"ais_par3.56166","a_type":5120,"hectares":0.086}},{"type":"Feature","id":"ais_par3.56167","geometry":{"type":"Polygon","coordinates":[[[10.2122,55.8912],[10.2122,55.8912],[10.2122,55.8912],[10.2123,55.8912],[10.2123,55.8912],[10.2123,55.8912],[10.2122,55.8912]]]},"properties":{"sourceId":"ais_par3.56167","a_type":5120,"hectares":0.005}},{"type":"Feature","id":"ais_par3.56168","geometry":{"type":"Polygon","coordinates":[[[10.2122,55.8911],[10.2121,55.8912],[10.2122,55.8912],[10.2122,55.8911]]]},"properties":{"sourceId":"ais_par3.56168","a_type":5120,"hectares":0.002}},{"type":"Feature","id":"ais_par3.56169","geometry":{"type":"Polygon","coordinates":[[[10.2122,55.891],[10.2122,55.891],[10.2121,55.8911],[10.2122,55.8911],[10.2123,55.8911],[10.2122,55.891]]]},"properties":{"sourceId":"ais_par3.56169","a_type":5120,"hectares":0.006}},{"type":"Feature","id":"ais_par3.56170","geometry":{"type":"Polygon","coordinates":[[[10.1046,55.8886],[10.1042,55.8888],[10.1035,55.8889],[10.1032,55.8889],[10.1034,55.889],[10.1033,55.8892],[10.103,55.8896],[10.103,55.8898],[10.1031,55.8899],[10.1032,55.8899],[10.1034,55.89],[10.1025,55.8909],[10.1028,55.8911],[10.1042,55.8915],[10.1048,55.8905],[10.107,55.8897],[10.1077,55.8886],[10.1064,55.8883],[10.1061,55.8888],[10.1046,55.8886]]]},"properties":{"sourceId":"ais_par3.56170","a_type":4120,"hectares":5.494}},{"type":"Feature","id":"ais_par3.56171","geometry":{"type":"Polygon","coordinates":[[[10.0996,55.882],[10.0995,55.882],[10.0995,55.882],[10.0991,55.8821],[10.0988,55.8821],[10.0987,55.8821],[10.0985,55.8822],[10.0983,55.8822],[10.098,55.8823],[10.098,55.8823],[10.0978,55.8823],[10.0977,55.8823],[10.0974,55.8824],[10.0965,55.8825],[10.0962,55.8825],[10.0959,55.8826],[10.0957,55.8826],[10.0949,55.8827],[10.0945,55.8827],[10.094,55.8828],[10.0936,55.8829],[10.0933,55.883],[10.0929,55.8833],[10.0923,55.8834],[10.0922,55.8834],[10.0922,55.8834],[10.0922,55.8834],[10.0921,55.8834],[10.0919,55.8833],[10.0916,55.8833],[10.0912,55.8833],[10.0909,55.8834],[10.0906,55.8835],[10.0902,55.8836],[10.0902,55.8836],[10.0902,55.8836],[10.0899,55.8837],[10.0897,55.8837],[10.0895,55.8837],[10.0889,55.8838],[10.0888,55.8838],[10.0887,55.8838],[10.0891,55.8842],[10.09,55.8842],[10.0906,55.8851],[10.0908,55.8858],[10.0912,55.8862],[10.0914,55.8869],[10.0915,55.8876],[10.0915,55.8884],[10.0913,55.8906],[10.0925,55.8908],[10.093,55.8909],[10.0932,55.8907],[10.0948,55.8905],[10.0947,55.8902],[10.097,55.89],[10.0966,55.8885],[10.0991,55.8884],[10.0998,55.8884],[10.1,55.8882],[10.1005,55.8879],[10.1009,55.8877],[10.1019,55.8877],[10.1019,55.8872],[10.1026,55.8873],[10.1026,55.8869],[10.1029,55.8863],[10.103,55.886],[10.1029,55.8853],[10.1026,55.8842],[10.1007,55.8842],[10.1006,55.8835],[10.1004,55.8828],[10.1004,55.8825],[10.1004,55.8821],[10.1003,55.8821],[10.1002,55.882],[10.0999,55.8821],[10.0996,55.882]]]},"properties":{"sourceId":"ais_par3.56171","a_type":3210,"hectares":51.884}},{"type":"Feature","id":"ais_par3.56172","geometry":{"type":"Polygon","coordinates":[[[10.0662,55.889],[10.0662,55.8888],[10.0658,55.8888],[10.0659,55.8887],[10.0659,55.8885],[10.0659,55.8883],[10.0658,55.8885],[10.0658,55.8887],[10.0656,55.8889],[10.0655,55.8889],[10.0654,55.8893],[10.0651,55.8897],[10.0647,55.8901],[10.0645,55.8905],[10.0644,55.8906],[10.0644,55.8909],[10.0646,55.891],[10.065,55.8911],[10.0653,55.8911],[10.0654,55.891],[10.0656,55.8909],[10.0658,55.8908],[10.0659,55.8907],[10.0659,55.8905],[10.0659,55.8904],[10.0657,55.8904],[10.0656,55.8904],[10.0652,55.8903],[10.0652,55.8902],[10.0653,55.89],[10.0654,55.8897],[10.0659,55.8897],[10.066,55.8896],[10.0654,55.8895],[10.0654,55.8893],[10.0656,55.8893],[10.0656,55.889],[10.0657,55.889],[10.0657,55.8889],[10.0658,55.8889],[10.0662,55.889]]]},"properties":{"sourceId":"ais_par3.56172","a_type":4120,"hectares":1.068}},{"type":"Feature","id":"ais_par3.56173","geometry":{"type":"Polygon","coordinates":[[[10.0656,55.8904],[10.0659,55.8897],[10.0654,55.8897],[10.0653,55.89],[10.0652,55.8902],[10.0652,55.8903],[10.0656,55.8904]]]},"properties":{"sourceId":"ais_par3.56173","a_type":5120,"hectares":0.226}},{"type":"Feature","id":"ais_par3.56174","geometry":{"type":"Polygon","coordinates":[[[10.21,55.8886],[10.21,55.8886],[10.2101,55.8885],[10.2103,55.8885],[10.2103,55.8884],[10.2103,55.8884],[10.2103,55.8884],[10.2101,55.8884],[10.2099,55.8885],[10.2098,55.8886],[10.2097,55.8886],[10.21,55.8886]]]},"properties":{"sourceId":"ais_par3.56174","a_type":4210,"hectares":0.041}},{"type":"Feature","id":"ais_par3.56187","geometry":{"type":"Polygon","coordinates":[[[10.1372,55.8874],[10.1371,55.8874],[10.137,55.8874],[10.1369,55.8874],[10.1368,55.8874],[10.1367,55.8874],[10.1366,55.8874],[10.1366,55.8875],[10.1365,55.8875],[10.1365,55.8875],[10.1365,55.8876],[10.1367,55.8876],[10.1368,55.8876],[10.1369,55.8876],[10.1369,55.8876],[10.137,55.8876],[10.1371,55.8875],[10.1371,55.8875],[10.1372,55.8874],[10.1372,55.8874]]]},"properties":{"sourceId":"ais_par3.56187","a_type":5120,"hectares":0.078}},{"type":"Feature","id":"ais_par3.56188","geometry":{"type":"Polygon","coordinates":[[[10.1321,55.8873],[10.132,55.8873],[10.132,55.8873],[10.1319,55.8873],[10.1319,55.8874],[10.1319,55.8875],[10.1319,55.8875],[10.132,55.8875],[10.1321,55.8875],[10.1322,55.8875],[10.1323,55.8875],[10.1323,55.8874],[10.1323,55.8874],[10.1322,55.8873],[10.1321,55.8873]]]},"properties":{"sourceId":"ais_par3.56188","a_type":5120,"hectares":0.049}},{"type":"Feature","id":"ais_par3.56189","geometry":{"type":"Polygon","coordinates":[[[10.189,55.8867],[10.189,55.8867],[10.1889,55.8868],[10.1889,55.8868],[10.1889,55.8869],[10.1889,55.8869],[10.1889,55.8869],[10.189,55.887],[10.1891,55.887],[10.1891,55.887],[10.1892,55.8869],[10.1892,55.8869],[10.1893,55.8869],[10.1893,55.8868],[10.1892,55.8868],[10.1891,55.8867],[10.189,55.8867]]]},"properties":{"sourceId":"ais_par3.56189","a_type":5120,"hectares":0.049}},{"type":"Feature","id":"ais_par3.56237","geometry":{"type":"Polygon","coordinates":[[[10.0665,55.8685],[10.0667,55.8685],[10.0667,55.8685],[10.0669,55.8685],[10.0669,55.8684],[10.0668,55.8684],[10.0667,55.8683],[10.0666,55.8684],[10.0664,55.8684],[10.0663,55.8684],[10.0664,55.8685],[10.0665,55.8685]]]},"properties":{"sourceId":"ais_par3.56237","a_type":5120,"hectares":0.051}},{"type":"Feature","id":"ais_par3.56175","geometry":{"type":"Polygon","coordinates":[[[10.2095,55.8886],[10.2095,55.8886],[10.2095,55.8886],[10.2095,55.8885],[10.2094,55.8884],[10.2092,55.8882],[10.2088,55.8881],[10.2083,55.8879],[10.2082,55.8879],[10.2081,55.8879],[10.208,55.8879],[10.2079,55.8878],[10.208,55.8877],[10.2081,55.8877],[10.2082,55.8877],[10.2083,55.8876],[10.2083,55.8876],[10.208,55.8875],[10.2079,55.8875],[10.2077,55.8874],[10.2077,55.8873],[10.2078,55.8872],[10.208,55.8871],[10.2079,55.887],[10.2079,55.887],[10.2079,55.887],[10.2079,55.8869],[10.2077,55.8868],[10.2076,55.8868],[10.2076,55.8868],[10.2074,55.8867],[10.2073,55.8866],[10.2071,55.8865],[10.2068,55.8865],[10.2064,55.8864],[10.2064,55.8864],[10.2064,55.8864],[10.2063,55.8863],[10.2062,55.8863],[10.206,55.8863],[10.2056,55.8862],[10.2051,55.8861],[10.2049,55.886],[10.2048,55.886],[10.2048,55.886],[10.2048,55.886],[10.2048,55.886],[10.2048,55.8858],[10.2046,55.8858],[10.2046,55.8857],[10.2045,55.8857],[10.2042,55.8857],[10.2038,55.8857],[10.2036,55.8858],[10.2034,55.8859],[10.2031,55.886],[10.2028,55.886],[10.2025,55.8861],[10.2023,55.8862],[10.2022,55.8862],[10.2021,55.8863],[10.202,55.8864],[10.2017,55.8865],[10.2016,55.8866],[10.2016,55.8866],[10.2015,55.8866],[10.2015,55.8866],[10.2014,55.8867],[10.2013,55.8867],[10.2013,55.8867],[10.2012,55.8867],[10.2008,55.8867],[10.2004,55.8868],[10.1998,55.8868],[10.1993,55.8867],[10.1988,55.8867],[10.1987,55.8868],[10.1985,55.8868],[10.1983,55.8869],[10.1981,55.887],[10.1979,55.8871],[10.1977,55.887],[10.1974,55.887],[10.197,55.8871],[10.1961,55.887],[10.1957,55.8869],[10.1953,55.8869],[10.195,55.8868],[10.1946,55.8867],[10.1943,55.8866],[10.1941,55.8866],[10.1939,55.8865],[10.1939,55.8865],[10.1939,55.8865],[10.1938,55.8865],[10.1936,55.8863],[10.1936,55.8863],[10.1936,55.8862],[10.1935,55.8861],[10.1935,55.8861],[10.1935,55.886],[10.1936,55.8859],[10.1941,55.8858],[10.1942,55.8857],[10.1935,55.8858],[10.1934,55.8858],[10.1932,55.8858],[10.1929,55.8858],[10.1927,55.8858],[10.1927,55.8857],[10.1926,55.8857],[10.1926,55.8857],[10.1925,55.8856],[10.1924,55.8855],[10.1923,55.8851],[10.1922,55.8845],[10.1923,55.8844],[10.1925,55.8843],[10.1926,55.8843],[10.1926,55.8843],[10.1926,55.8842],[10.1927,55.8842],[10.1927,55.8841],[10.1928,55.8841],[10.1928,55.884],[10.1927,55.8839],[10.1926,55.8839],[10.1925,55.8839],[10.1923,55.8838],[10.1921,55.8837],[10.192,55.8837],[10.192,55.8835],[10.192,55.8835],[10.192,55.8834],[10.192,55.8831],[10.192,55.883],[10.1919,55.8829],[10.192,55.8828],[10.192,55.8826],[10.192,55.8825],[10.1924,55.8823],[10.1924,55.8822],[10.1917,55.8824],[10.1885,55.8829],[10.1883,55.8829],[10.188,55.8834],[10.1876,55.8849],[10.1877,55.8849],[10.1882,55.8848],[10.1889,55.8847],[10.1893,55.8845],[10.1918,55.8864],[10.1923,55.8861],[10.1923,55.8864],[10.1934,55.8866],[10.1936,55.8867],[10.1966,55.8874],[10.1981,55.8874],[10.1977,55.8879],[10.1979,55.8879],[10.1984,55.8878],[10.1998,55.8872],[10.2002,55.8871],[10.2016,55.8872],[10.2017,55.8871],[10.2024,55.8869],[10.2032,55.8868],[10.2034,55.8868],[10.2041,55.8872],[10.2052,55.8876],[10.2052,55.8877],[10.2054,55.8878],[10.2058,55.8879],[10.2065,55.888],[10.2082,55.8882],[10.2087,55.8883],[10.2089,55.8886],[10.2096,55.8886],[10.2095,55.8886],[10.2095,55.8886]],[[10.2071,55.8879],[10.2066,55.8878],[10.2067,55.8878],[10.2068,55.8878],[10.2068,55.8878],[10.2073,55.8877],[10.2074,55.8878],[10.2074,55.8878],[10.2073,55.8879],[10.2072,55.8879],[10.2071,55.8879]],[[10.2053,55.8872],[10.2054,55.8873],[10.2054,55.8873],[10.2053,55.8873],[10.2052,55.8873],[10.2051,55.8873],[10.2051,55.8872],[10.2052,55.8872],[10.2053,55.8872]],[[10.1909,55.8827],[10.1909,55.8828],[10.191,55.8828],[10.191,55.8829],[10.191,55.8829],[10.191,55.883],[10.1909,55.8831],[10.1909,55.8831],[10.1909,55.8831],[10.1908,55.8832],[10.1907,55.8832],[10.1907,55.8832],[10.1905,55.8832],[10.1904,55.8832],[10.1902,55.8832],[10.1902,55.8831],[10.1902,55.8831],[10.1903,55.883],[10.1904,55.8829],[10.1904,55.8828],[10.1904,55.8828],[10.1905,55.8827],[10.1906,55.8827],[10.1907,55.8827],[10.1908,55.8827],[10.1909,55.8827]]]},"properties":{"sourceId":"ais_par3.56175","a_type":4210,"hectares":16.591}},{"type":"Feature","id":"ais_par3.56176","geometry":{"type":"Polygon","coordinates":[[[10.117,55.8892],[10.117,55.8892],[10.117,55.8891],[10.1169,55.8891],[10.1168,55.889],[10.1166,55.889],[10.1164,55.889],[10.1164,55.8891],[10.1164,55.8891],[10.1165,55.8892],[10.1167,55.8892],[10.1169,55.8893],[10.117,55.8892]]]},"properties":{"sourceId":"ais_par3.56176","a_type":5120,"hectares":0.082}},{"type":"Feature","id":"ais_par3.56177","geometry":{"type":"Polygon","coordinates":[[[10.066,55.8896],[10.0662,55.889],[10.0658,55.8889],[10.0657,55.8889],[10.0657,55.889],[10.0656,55.889],[10.0656,55.8893],[10.0654,55.8893],[10.0654,55.8895],[10.066,55.8896]]]},"properties":{"sourceId":"ais_par3.56177","a_type":5120,"hectares":0.256}},{"type":"Feature","id":"ais_par3.56178","geometry":{"type":"Polygon","coordinates":[[[10.2071,55.8879],[10.2072,55.8879],[10.2073,55.8879],[10.2074,55.8878],[10.2074,55.8878],[10.2073,55.8877],[10.2068,55.8878],[10.2068,55.8878],[10.2067,55.8878],[10.2066,55.8878],[10.2071,55.8879]]]},"properties":{"sourceId":"ais_par3.56178","a_type":5120,"hectares":0.059}},{"type":"Feature","id":"ais_par3.56179","geometry":{"type":"Polygon","coordinates":[[[10.1087,55.8868],[10.1098,55.8858],[10.11,55.8851],[10.1089,55.8851],[10.1081,55.885],[10.1073,55.8865],[10.1069,55.8864],[10.1066,55.8863],[10.1065,55.8862],[10.1048,55.8861],[10.1052,55.8864],[10.105,55.8868],[10.1052,55.8869],[10.1051,55.8874],[10.1047,55.8886],[10.106,55.8888],[10.1063,55.8882],[10.1078,55.8885],[10.1087,55.8868]]]},"properties":{"sourceId":"ais_par3.56179","a_type":4110,"hectares":7.091}},{"type":"Feature","id":"ais_par3.56180","geometry":{"type":"Polygon","coordinates":[[[10.1373,55.8837],[10.1374,55.8837],[10.1373,55.8838],[10.1373,55.8839],[10.1372,55.8839],[10.1372,55.8839],[10.1367,55.8839],[10.1365,55.8839],[10.1364,55.8839],[10.1363,55.8839],[10.1363,55.8838],[10.1364,55.8838],[10.1363,55.8838],[10.1363,55.8837],[10.1363,55.8835],[10.1359,55.8833],[10.1356,55.8829],[10.1353,55.8827],[10.1351,55.8823],[10.1349,55.8818],[10.1333,55.8825],[10.1346,55.8838],[10.1346,55.884],[10.1342,55.8845],[10.1335,55.8847],[10.133,55.8857],[10.1319,55.8861],[10.132,55.8865],[10.1314,55.8871],[10.1313,55.8872],[10.1313,55.8874],[10.1318,55.888],[10.1324,55.8879],[10.1331,55.888],[10.133,55.8885],[10.1345,55.8885],[10.1346,55.8883],[10.1352,55.8882],[10.1358,55.8881],[10.1362,55.8878],[10.1367,55.8877],[10.1369,55.8876],[10.1368,55.8876],[10.1367,55.8876],[10.1365,55.8876],[10.1364,55.8875],[10.1365,55.8874],[10.1367,55.8874],[10.1371,55.8873],[10.1372,55.8874],[10.1372,55.8874],[10.1376,55.8873],[10.1403,55.8869],[10.1401,55.8865],[10.1401,55.8853],[10.1397,55.8843],[10.1395,55.8832],[10.1395,55.8831],[10.1399,55.8826],[10.1394,55.8824],[10.1391,55.8825],[10.1382,55.8825],[10.1375,55.8821],[10.137,55.8822],[10.1372,55.8824],[10.1382,55.8826],[10.1382,55.8836],[10.1373,55.8837]],[[10.1337,55.8853],[10.1338,55.8853],[10.1338,55.8854],[10.1338,55.8854],[10.1338,55.8855],[10.1337,55.8855],[10.1336,55.8855],[10.1336,55.8855],[10.1335,55.8855],[10.1335,55.8854],[10.1335,55.8854],[10.1335,55.8853],[10.1336,55.8853],[10.1337,55.8853]],[[10.1383,55.8866],[10.1383,55.8867],[10.1384,55.8868],[10.1383,55.8869],[10.1382,55.8869],[10.1381,55.8868],[10.1381,55.8867],[10.1381,55.8866],[10.1381,55.8866],[10.1382,55.8866],[10.1383,55.8866]],[[10.1321,55.8873],[10.1322,55.8873],[10.1323,55.8874],[10.1323,55.8874],[10.1323,55.8875],[10.1322,55.8875],[10.1321,55.8875],[10.132,55.8875],[10.1319,55.8875],[10.1319,55.8875],[10.1319,55.8874],[10.1319,55.8873],[10.132,55.8873],[10.132,55.8873],[10.1321,55.8873]]]},"properties":{"sourceId":"ais_par3.56180","a_type":4110,"hectares":23.454}},{"type":"Feature","id":"ais_par3.56181","geometry":{"type":"Polygon","coordinates":[[[10.1133,55.8862],[10.1135,55.886],[10.1136,55.8857],[10.1136,55.8853],[10.1134,55.8853],[10.1124,55.8851],[10.1122,55.8851],[10.1102,55.8851],[10.1101,55.8853],[10.11,55.8858],[10.109,55.8869],[10.1085,55.8877],[10.113,55.8885],[10.115,55.8884],[10.1148,55.888],[10.1149,55.8873],[10.1149,55.8867],[10.1134,55.8865],[10.1133,55.8862]],[[10.1114,55.8857],[10.1114,55.8858],[10.1113,55.8859],[10.111,55.8859],[10.1111,55.8857],[10.1114,55.8857]]]},"properties":{"sourceId":"ais_par3.56181","a_type":4110,"hectares":10.543}},{"type":"Feature","id":"ais_par3.56182","geometry":{"type":"Polygon","coordinates":[[[10.0662,55.8888],[10.0663,55.8886],[10.0668,55.8885],[10.0668,55.8882],[10.0667,55.8881],[10.0661,55.8882],[10.0659,55.8883],[10.0659,55.8885],[10.0659,55.8887],[10.0662,55.8888]]]},"properties":{"sourceId":"ais_par3.56182","a_type":5120,"hectares":0.274}},{"type":"Feature","id":"ais_par3.56183","geometry":{"type":"Polygon","coordinates":[[[10.1106,55.8883],[10.1104,55.8882],[10.1103,55.8883],[10.1106,55.8884],[10.1106,55.8883]]]},"properties":{"sourceId":"ais_par3.56183","a_type":5120,"hectares":0.024}},{"type":"Feature","id":"ais_par3.56184","geometry":{"type":"Polygon","coordinates":[[[10.2053,55.8872],[10.2052,55.8872],[10.2051,55.8872],[10.2051,55.8873],[10.2052,55.8873],[10.2053,55.8873],[10.2054,55.8873],[10.2054,55.8873],[10.2053,55.8872]]]},"properties":{"sourceId":"ais_par3.56184","a_type":5120,"hectares":0.027}},{"type":"Feature","id":"ais_par3.56190","geometry":{"type":"Polygon","coordinates":[[[10.0599,55.8874],[10.0598,55.8874],[10.0597,55.8875],[10.0597,55.8875],[10.0595,55.8875],[10.0594,55.8875],[10.0594,55.8875],[10.0592,55.8876],[10.0592,55.8877],[10.0591,55.8877],[10.0591,55.8878],[10.0591,55.8879],[10.0591,55.8879],[10.0592,55.888],[10.0593,55.888],[10.0594,55.888],[10.0596,55.888],[10.0596,55.8879],[10.0597,55.8879],[10.0598,55.8879],[10.0598,55.8879],[10.0599,55.8879],[10.06,55.8878],[10.0601,55.8878],[10.0602,55.8877],[10.0603,55.8877],[10.0603,55.8876],[10.0604,55.8876],[10.0605,55.8876],[10.0606,55.8876],[10.0607,55.8875],[10.0608,55.8875],[10.0609,55.8875],[10.061,55.8874],[10.061,55.8873],[10.0609,55.8873],[10.0608,55.8873],[10.0607,55.8872],[10.0606,55.8873],[10.0605,55.8873],[10.0604,55.8873],[10.0603,55.8873],[10.0602,55.8874],[10.0602,55.8874],[10.0601,55.8874],[10.0599,55.8874]]]},"properties":{"sourceId":"ais_par3.56190","a_type":5120,"hectares":0.47}},{"type":"Feature","id":"ais_par3.56191","geometry":{"type":"Polygon","coordinates":[[[10.0419,55.8878],[10.0419,55.8877],[10.0419,55.8877],[10.0418,55.8876],[10.0417,55.8876],[10.0416,55.8877],[10.0416,55.8877],[10.0416,55.8878],[10.0417,55.8878],[10.0418,55.8878],[10.0419,55.8878]]]},"properties":{"sourceId":"ais_par3.56191","a_type":5120,"hectares":0.037}},{"type":"Feature","id":"ais_par3.56192","geometry":{"type":"Polygon","coordinates":[[[10.1383,55.8866],[10.1382,55.8866],[10.1381,55.8866],[10.1381,55.8866],[10.1381,55.8867],[10.1381,55.8868],[10.1382,55.8869],[10.1383,55.8869],[10.1384,55.8868],[10.1383,55.8867],[10.1383,55.8866]]]},"properties":{"sourceId":"ais_par3.56192","a_type":5120,"hectares":0.039}},{"type":"Feature","id":"ais_par3.56193","geometry":{"type":"Polygon","coordinates":[[[10.045,55.8873],[10.0449,55.8874],[10.0449,55.8875],[10.045,55.8876],[10.0452,55.8876],[10.0453,55.8876],[10.0454,55.8875],[10.0454,55.8874],[10.0454,55.8873],[10.0452,55.8873],[10.045,55.8873]]]},"properties":{"sourceId":"ais_par3.56193","a_type":5120,"hectares":0.08}},{"type":"Feature","id":"ais_par3.56194","geometry":{"type":"Polygon","coordinates":[[[10.0378,55.8868],[10.0379,55.8866],[10.038,55.8865],[10.0381,55.8863],[10.0381,55.8862],[10.038,55.8862],[10.0379,55.8863],[10.0377,55.8863],[10.0376,55.8864],[10.0374,55.8865],[10.0373,55.8866],[10.0372,55.8867],[10.037,55.8869],[10.0369,55.887],[10.0368,55.8872],[10.0368,55.8873],[10.0368,55.8874],[10.0369,55.8874],[10.0371,55.8874],[10.0373,55.8874],[10.0374,55.8874],[10.0375,55.8873],[10.0375,55.8872],[10.0376,55.8871],[10.0377,55.8869],[10.0378,55.8868]]]},"properties":{"sourceId":"ais_par3.56194","a_type":5120,"hectares":0.501}},{"type":"Feature","id":"ais_par3.56195","geometry":{"type":"Polygon","coordinates":[[[10.1146,55.8855],[10.1142,55.8854],[10.1143,55.8854],[10.1142,55.8853],[10.1141,55.8853],[10.1137,55.8853],[10.1137,55.8857],[10.1135,55.886],[10.1133,55.8862],[10.1134,55.8865],[10.1149,55.8867],[10.1149,55.8865],[10.115,55.8862],[10.1145,55.8861],[10.1145,55.8857],[10.1145,55.8855],[10.1146,55.8855]]]},"properties":{"sourceId":"ais_par3.56195","a_type":4120,"hectares":0.939}},{"type":"Feature","id":"ais_par3.56196","geometry":{"type":"Polygon","coordinates":[[[10.07,55.8854],[10.0699,55.8853],[10.07,55.8852],[10.0701,55.885],[10.0701,55.8847],[10.0703,55.8846],[10.069,55.8844],[10.0677,55.8843],[10.0673,55.8854],[10.0664,55.8857],[10.0659,55.8861],[10.0658,55.8869],[10.0663,55.8869],[10.0669,55.8868],[10.0675,55.8868],[10.0673,55.8856],[10.0698,55.8855],[10.07,55.8854]],[[10.0663,55.8862],[10.0664,55.8863],[10.0664,55.8863],[10.0663,55.8864],[10.0662,55.8864],[10.0662,55.8863],[10.0662,55.8863],[10.0663,55.8862]],[[10.0663,55.8862],[10.0663,55.8862],[10.0662,55.8862],[10.0662,55.8861],[10.0661,55.8861],[10.0661,55.886],[10.0662,55.886],[10.0663,55.886],[10.0663,55.886],[10.0664,55.8861],[10.0664,55.8861],[10.0663,55.8862]]]},"properties":{"sourceId":"ais_par3.56196","a_type":4110,"hectares":3.289}},{"type":"Feature","id":"ais_par3.56197","geometry":{"type":"Polygon","coordinates":[[[10.1143,55.8854],[10.1143,55.8854],[10.1142,55.8854],[10.1146,55.8855],[10.1145,55.8855],[10.1145,55.8857],[10.1145,55.8861],[10.115,55.8862],[10.1157,55.8855],[10.1152,55.8855],[10.1146,55.8855],[10.1143,55.8854]]]},"properties":{"sourceId":"ais_par3.56197","a_type":4110,"hectares":0.426}},{"type":"Feature","id":"ais_par3.56198","geometry":{"type":"Polygon","coordinates":[[[10.1891,55.8852],[10.189,55.8852],[10.189,55.8852],[10.189,55.8853],[10.1889,55.8853],[10.189,55.8853],[10.189,55.8854],[10.1891,55.8854],[10.1891,55.8854],[10.1892,55.8854],[10.1893,55.8854],[10.1893,55.8854],[10.1894,55.8853],[10.1894,55.8853],[10.1894,55.8852],[10.1893,55.8852],[10.1892,55.8852],[10.1891,55.8852]]]},"properties":{"sourceId":"ais_par3.56198","a_type":5120,"hectares":0.059}},{"type":"Feature","id":"ais_par3.56199","geometry":{"type":"Polygon","coordinates":[[[10.0663,55.8862],[10.0662,55.8863],[10.0662,55.8863],[10.0662,55.8864],[10.0663,55.8864],[10.0664,55.8863],[10.0664,55.8863],[10.0663,55.8862]]]},"properties":{"sourceId":"ais_par3.56199","a_type":5120,"hectares":0.02}},{"type":"Feature","id":"ais_par3.56200","geometry":{"type":"Polygon","coordinates":[[[10.1114,55.8857],[10.1111,55.8857],[10.111,55.8859],[10.1113,55.8859],[10.1114,55.8858],[10.1114,55.8857]]]},"properties":{"sourceId":"ais_par3.56200","a_type":5120,"hectares":0.041}},{"type":"Feature","id":"ais_par3.56201","geometry":{"type":"Polygon","coordinates":[[[10.0663,55.8862],[10.0664,55.8861],[10.0664,55.8861],[10.0663,55.886],[10.0663,55.886],[10.0662,55.886],[10.0661,55.886],[10.0661,55.8861],[10.0662,55.8861],[10.0662,55.8862],[10.0663,55.8862]]]},"properties":{"sourceId":"ais_par3.56201","a_type":5120,"hectares":0.027}},{"type":"Feature","id":"ais_par3.56202","geometry":{"type":"Polygon","coordinates":[[[10.1337,55.8853],[10.1336,55.8853],[10.1335,55.8853],[10.1335,55.8854],[10.1335,55.8854],[10.1335,55.8855],[10.1336,55.8855],[10.1336,55.8855],[10.1337,55.8855],[10.1338,55.8855],[10.1338,55.8854],[10.1338,55.8854],[10.1338,55.8853],[10.1337,55.8853]]]},"properties":{"sourceId":"ais_par3.56202","a_type":5120,"hectares":0.038}},{"type":"Feature","id":"ais_par3.56203","geometry":{"type":"Polygon","coordinates":[[[10.108,55.8849],[10.1068,55.8848],[10.1069,55.8844],[10.1064,55.8843],[10.1066,55.8839],[10.106,55.8838],[10.1059,55.8837],[10.1055,55.8836],[10.1054,55.8838],[10.1047,55.8838],[10.1046,55.8845],[10.1049,55.8845],[10.1059,55.8854],[10.1077,55.8855],[10.108,55.8849]]]},"properties":{"sourceId":"ais_par3.56203","a_type":4120,"hectares":2.364}},{"type":"Feature","id":"ais_par3.56204","geometry":{"type":"Polygon","coordinates":[[[10.1143,55.8854],[10.1147,55.8854],[10.1151,55.8854],[10.1154,55.8854],[10.1158,55.8854],[10.1159,55.8854],[10.1159,55.8854],[10.116,55.8853],[10.116,55.8852],[10.1164,55.884],[10.1161,55.884],[10.1161,55.8838],[10.1161,55.8838],[10.1162,55.8837],[10.1165,55.8837],[10.1167,55.883],[10.1164,55.8829],[10.1161,55.8828],[10.1149,55.8828],[10.1146,55.8822],[10.1134,55.8822],[10.1133,55.8824],[10.114,55.8829],[10.1143,55.8835],[10.1141,55.8836],[10.1142,55.8839],[10.1138,55.8839],[10.1138,55.884],[10.1142,55.8841],[10.1142,55.8843],[10.1145,55.8845],[10.1146,55.8846],[10.1151,55.8847],[10.1148,55.8848],[10.1139,55.885],[10.1137,55.8853],[10.1141,55.8853],[10.1142,55.8853],[10.1143,55.8854],[10.1143,55.8854]]]},"properties":{"sourceId":"ais_par3.56204","a_type":4120,"hectares":4.42}},{"type":"Feature","id":"ais_par3.56205","geometry":{"type":"Polygon","coordinates":[[[10.0441,55.886],[10.0442,55.886],[10.0442,55.886],[10.0442,55.8859],[10.0442,55.8859],[10.0441,55.8859],[10.0441,55.8858],[10.044,55.8858],[10.0439,55.8859],[10.0438,55.8859],[10.0438,55.8859],[10.0438,55.886],[10.0438,55.886],[10.0439,55.886],[10.0439,55.8861],[10.044,55.8861],[10.0441,55.886]]]},"properties":{"sourceId":"ais_par3.56205","a_type":5120,"hectares":0.049}},{"type":"Feature","id":"ais_par3.56206","geometry":{"type":"Polygon","coordinates":[[[10.0453,55.8861],[10.0454,55.886],[10.0454,55.886],[10.0455,55.886],[10.0455,55.886],[10.0455,55.8859],[10.0455,55.8859],[10.0455,55.8858],[10.0454,55.8858],[10.0454,55.8858],[10.0453,55.8858],[10.0452,55.8858],[10.0452,55.8858],[10.0451,55.8858],[10.0451,55.8858],[10.045,55.8859],[10.045,55.8859],[10.045,55.886],[10.0451,55.886],[10.0451,55.886],[10.0452,55.886],[10.0453,55.8861]]]},"properties":{"sourceId":"ais_par3.56206","a_type":5120,"hectares":0.079}},{"type":"Feature","id":"ais_par3.56215","geometry":{"type":"Polygon","coordinates":[[[10.1909,55.8827],[10.1908,55.8827],[10.1907,55.8827],[10.1906,55.8827],[10.1905,55.8827],[10.1904,55.8828],[10.1904,55.8828],[10.1904,55.8829],[10.1903,55.883],[10.1902,55.8831],[10.1902,55.8831],[10.1902,55.8832],[10.1904,55.8832],[10.1905,55.8832],[10.1907,55.8832],[10.1907,55.8832],[10.1908,55.8832],[10.1909,55.8831],[10.1909,55.8831],[10.1909,55.8831],[10.191,55.883],[10.191,55.8829],[10.191,55.8829],[10.191,55.8828],[10.1909,55.8828],[10.1909,55.8827]]]},"properties":{"sourceId":"ais_par3.56215","a_type":5120,"hectares":0.208}},{"type":"Feature","id":"ais_par3.56216","geometry":{"type":"Polygon","coordinates":[[[10.1442,55.8835],[10.144,55.8835],[10.144,55.8836],[10.1441,55.8836],[10.1442,55.8836],[10.1442,55.8835]]]},"properties":{"sourceId":"ais_par3.56216","a_type":5120,"hectares":0.015}},{"type":"Feature","id":"ais_par3.56217","geometry":{"type":"Polygon","coordinates":[[[10.1367,55.8836],[10.1366,55.8836],[10.1366,55.8837],[10.1367,55.8836]]]},"properties":{"sourceId":"ais_par3.56217","a_type":5120,"hectares":0.002}},{"type":"Feature","id":"ais_par3.56218","geometry":{"type":"Polygon","coordinates":[[[10.1367,55.8836],[10.1367,55.8836],[10.1365,55.8835],[10.1364,55.8835],[10.1364,55.8836],[10.1365,55.8836],[10.1366,55.8836],[10.1367,55.8836]]]},"properties":{"sourceId":"ais_par3.56218","a_type":5120,"hectares":0.016}},{"type":"Feature","id":"ais_par3.56207","geometry":{"type":"Polygon","coordinates":[[[10.1004,55.8821],[10.101,55.8821],[10.101,55.8822],[10.1014,55.8823],[10.1017,55.8824],[10.102,55.8823],[10.1022,55.8824],[10.1022,55.8824],[10.1025,55.8823],[10.1026,55.8822],[10.1032,55.8821],[10.1033,55.8822],[10.1038,55.8822],[10.1041,55.8824],[10.1041,55.8822],[10.1044,55.8822],[10.1044,55.8824],[10.1048,55.8824],[10.1048,55.8827],[10.1047,55.8838],[10.1054,55.8838],[10.1055,55.8836],[10.1059,55.8837],[10.106,55.8838],[10.1066,55.8839],[10.1064,55.8843],[10.1069,55.8844],[10.1068,55.8848],[10.108,55.8849],[10.1089,55.8851],[10.1101,55.8851],[10.1101,55.885],[10.1122,55.8851],[10.1124,55.8851],[10.1134,55.8853],[10.1136,55.8853],[10.1137,55.8853],[10.1139,55.885],[10.1148,55.8848],[10.1151,55.8847],[10.1146,55.8846],[10.1145,55.8845],[10.1142,55.8843],[10.1142,55.8841],[10.1138,55.884],[10.1138,55.8839],[10.1142,55.8839],[10.1141,55.8836],[10.1143,55.8835],[10.114,55.8829],[10.1133,55.8824],[10.1134,55.8822],[10.1146,55.8822],[10.1146,55.8821],[10.1144,55.8819],[10.1143,55.8817],[10.1141,55.8816],[10.1141,55.8815],[10.114,55.8814],[10.1139,55.8812],[10.1139,55.881],[10.114,55.8805],[10.114,55.8804],[10.1139,55.8799],[10.1137,55.8799],[10.1137,55.8793],[10.1156,55.8795],[10.1159,55.8794],[10.116,55.8793],[10.116,55.8791],[10.1158,55.8789],[10.1157,55.8788],[10.1157,55.8787],[10.1138,55.8787],[10.1137,55.8782],[10.1132,55.8781],[10.1127,55.878],[10.1126,55.8779],[10.1127,55.878],[10.1128,55.8782],[10.1129,55.8784],[10.113,55.8787],[10.1131,55.8793],[10.1129,55.8801],[10.1127,55.8805],[10.1126,55.8806],[10.1117,55.8808],[10.1115,55.8808],[10.1113,55.8808],[10.1111,55.8808],[10.1111,55.8808],[10.111,55.8808],[10.111,55.8809],[10.111,55.8811],[10.111,55.8812],[10.111,55.8812],[10.111,55.8813],[10.1109,55.8815],[10.1107,55.8816],[10.1108,55.882],[10.1106,55.8819],[10.1104,55.882],[10.1104,55.8821],[10.1104,55.8823],[10.1104,55.8823],[10.1105,55.8825],[10.1106,55.8827],[10.1107,55.8829],[10.1107,55.883],[10.1106,55.8831],[10.1104,55.8831],[10.1103,55.8831],[10.1103,55.8831],[10.1102,55.8831],[10.1101,55.8831],[10.1101,55.883],[10.1101,55.883],[10.1101,55.883],[10.1101,55.883],[10.11,55.8828],[10.1099,55.8828],[10.1098,55.8827],[10.1099,55.8827],[10.1101,55.8826],[10.1099,55.8825],[10.1097,55.8825],[10.1094,55.8826],[10.1092,55.8826],[10.1091,55.8825],[10.1089,55.8824],[10.1086,55.8823],[10.1082,55.8823],[10.1081,55.8823],[10.1079,55.8823],[10.1073,55.8822],[10.107,55.8821],[10.1068,55.8821],[10.1063,55.8821],[10.1057,55.882],[10.1057,55.882],[10.1057,55.882],[10.1057,55.882],[10.1052,55.882],[10.1049,55.882],[10.1049,55.882],[10.1048,55.882],[10.1047,55.882],[10.1045,55.882],[10.1041,55.882],[10.1039,55.882],[10.1034,55.882],[10.103,55.882],[10.1026,55.882],[10.1026,55.8821],[10.1022,55.8821],[10.1015,55.882],[10.101,55.882],[10.1007,55.882],[10.1004,55.8819],[10.1003,55.8819],[10.1001,55.8819],[10.1,55.8819],[10.0998,55.8819],[10.0996,55.882],[10.0999,55.8821],[10.1002,55.882],[10.1003,55.8821],[10.1004,55.8821]]]},"properties":{"sourceId":"ais_par3.56207","a_type":4210,"hectares":23.203}},{"type":"Feature","id":"ais_par3.56208","geometry":{"type":"Polygon","coordinates":[[[10.07,55.8854],[10.0705,55.8853],[10.0709,55.8854],[10.0717,55.8853],[10.0718,55.8852],[10.0715,55.8851],[10.0715,55.885],[10.0712,55.8848],[10.0713,55.8845],[10.0709,55.8844],[10.0709,55.8846],[10.0705,55.8845],[10.0703,55.8846],[10.0701,55.8847],[10.0701,55.885],[10.07,55.8852],[10.0699,55.8853],[10.07,55.8854]],[[10.0712,55.8849],[10.0713,55.8851],[10.0713,55.8851],[10.0712,55.8851],[10.0711,55.8851],[10.0711,55.8849],[10.0711,55.8849],[10.0712,55.8849],[10.0712,55.8849]]]},"properties":{"sourceId":"ais_par3.56208","a_type":4120,"hectares":0.748}},{"type":"Feature","id":"ais_par3.56209","geometry":{"type":"Polygon","coordinates":[[[10.0669,55.8816],[10.0668,55.8817],[10.0669,55.8817],[10.0669,55.8816]]]},"properties":{"sourceId":"ais_par3.56209","a_type":4210,"hectares":0.002}},{"type":"Feature","id":"ais_par3.56210","geometry":{"type":"Polygon","coordinates":[[[10.062,55.8795],[10.0619,55.8796],[10.0628,55.88],[10.0641,55.8807],[10.0642,55.8809],[10.0654,55.8837],[10.0659,55.8837],[10.0661,55.8837],[10.0672,55.8838],[10.0676,55.8839],[10.0678,55.8841],[10.0677,55.8843],[10.069,55.8844],[10.0703,55.8846],[10.0705,55.8845],[10.0709,55.8846],[10.0709,55.8844],[10.0713,55.8845],[10.0712,55.8848],[10.0715,55.885],[10.073,55.885],[10.0767,55.885],[10.0767,55.885],[10.0766,55.8852],[10.0777,55.8851],[10.0781,55.8851],[10.0784,55.885],[10.0783,55.8848],[10.0781,55.8848],[10.078,55.8848],[10.078,55.8848],[10.0778,55.8848],[10.0777,55.8848],[10.0775,55.8848],[10.0775,55.8848],[10.0775,55.8847],[10.0771,55.8847],[10.077,55.8847],[10.0769,55.8847],[10.0769,55.8847],[10.0767,55.8847],[10.0765,55.8846],[10.0761,55.8844],[10.0759,55.8844],[10.0757,55.8843],[10.0754,55.8844],[10.075,55.8844],[10.0747,55.8844],[10.074,55.8844],[10.0736,55.8844],[10.0734,55.8844],[10.0731,55.8843],[10.073,55.8842],[10.0729,55.8842],[10.0728,55.8842],[10.0727,55.8842],[10.0727,55.8842],[10.0724,55.8842],[10.0721,55.8842],[10.072,55.8841],[10.0719,55.8841],[10.0717,55.8841],[10.0714,55.884],[10.0713,55.8839],[10.0713,55.8839],[10.0713,55.8839],[10.0709,55.8838],[10.0705,55.8836],[10.0704,55.8836],[10.0702,55.8835],[10.0702,55.8835],[10.0701,55.8834],[10.07,55.8834],[10.07,55.8834],[10.0698,55.8834],[10.0696,55.8833],[10.0695,55.8833],[10.0694,55.8833],[10.0693,55.8833],[10.0693,55.8833],[10.0692,55.8832],[10.0692,55.8832],[10.0692,55.8832],[10.069,55.8831],[10.0688,55.883],[10.0686,55.8829],[10.0686,55.8829],[10.0686,55.8829],[10.0686,55.8829],[10.0686,55.8828],[10.0685,55.8828],[10.0682,55.8826],[10.0679,55.8827],[10.0679,55.8827],[10.0679,55.8827],[10.0678,55.8827],[10.0678,55.8827],[10.0676,55.8826],[10.0674,55.8824],[10.0674,55.8824],[10.0674,55.8824],[10.0674,55.8824],[10.0673,55.8824],[10.0669,55.8821],[10.0667,55.882],[10.0661,55.8817],[10.0655,55.8815],[10.0653,55.8815],[10.0649,55.8812],[10.0648,55.881],[10.0648,55.8808],[10.0646,55.8808],[10.0648,55.8807],[10.065,55.8807],[10.065,55.8808],[10.0652,55.8809],[10.065,55.881],[10.0649,55.881],[10.0649,55.8811],[10.0657,55.8809],[10.0658,55.881],[10.0658,55.8811],[10.0659,55.8811],[10.0659,55.881],[10.0661,55.8811],[10.066,55.8811],[10.0662,55.8812],[10.0663,55.8813],[10.0662,55.8813],[10.0662,55.8814],[10.0661,55.8815],[10.0661,55.8815],[10.0661,55.8816],[10.066,55.8816],[10.0661,55.8817],[10.0662,55.8817],[10.0663,55.8817],[10.0665,55.8816],[10.0666,55.8815],[10.0667,55.8812],[10.0668,55.8813],[10.0669,55.8813],[10.067,55.8813],[10.0671,55.8814],[10.067,55.8815],[10.067,55.8816],[10.0669,55.8816],[10.0672,55.8816],[10.0672,55.8817],[10.0671,55.8817],[10.067,55.8818],[10.067,55.8818],[10.067,55.8819],[10.0669,55.882],[10.0669,55.882],[10.067,55.882],[10.0672,55.8819],[10.0674,55.8817],[10.0675,55.8817],[10.0676,55.8816],[10.0676,55.8815],[10.0675,55.8813],[10.0674,55.8812],[10.067,55.881],[10.0668,55.881],[10.0667,55.881],[10.0664,55.881],[10.0661,55.8809],[10.0659,55.8809],[10.0656,55.8808],[10.0654,55.8807],[10.0651,55.8807],[10.0651,55.8806],[10.0647,55.8805],[10.0645,55.8805],[10.0643,55.8805],[10.0638,55.8804],[10.0638,55.8803],[10.0636,55.8803],[10.0634,55.8802],[10.0631,55.88],[10.0631,55.88],[10.0629,55.8799],[10.0627,55.8797],[10.0628,55.8796],[10.0627,55.8796],[10.0626,55.8796],[10.0626,55.8796],[10.0626,55.8796],[10.0626,55.8796],[10.0624,55.8796],[10.0624,55.8796],[10.0624,55.8796],[10.062,55.8795]]]},"properties":{"sourceId":"ais_par3.56210","a_type":4210,"hectares":10.835}},{"type":"Feature","id":"ais_par3.56211","geometry":{"type":"Polygon","coordinates":[[[10.0718,55.8852],[10.073,55.8851],[10.073,55.885],[10.0715,55.885],[10.0715,55.8851],[10.0718,55.8852]]]},"properties":{"sourceId":"ais_par3.56211","a_type":4110,"hectares":0.227}},{"type":"Feature","id":"ais_par3.56212","geometry":{"type":"Polygon","coordinates":[[[10.0712,55.8849],[10.0712,55.8849],[10.0711,55.8849],[10.0711,55.8849],[10.0711,55.8851],[10.0712,55.8851],[10.0713,55.8851],[10.0713,55.8851],[10.0712,55.8849]]]},"properties":{"sourceId":"ais_par3.56212","a_type":5120,"hectares":0.033}},{"type":"Feature","id":"ais_par3.56213","geometry":{"type":"Polygon","coordinates":[[[10.1373,55.8837],[10.1364,55.8837],[10.1363,55.8837],[10.1363,55.8838],[10.1364,55.8838],[10.1363,55.8838],[10.1363,55.8839],[10.1364,55.8839],[10.1365,55.8839],[10.1367,55.8839],[10.1372,55.8839],[10.1372,55.8839],[10.1373,55.8839],[10.1373,55.8838],[10.1374,55.8837],[10.1373,55.8837]]]},"properties":{"sourceId":"ais_par3.56213","a_type":5120,"hectares":0.159}},{"type":"Feature","id":"ais_par3.56214","geometry":{"type":"Polygon","coordinates":[[[10.0653,55.8837],[10.0644,55.8839],[10.0629,55.8842],[10.0622,55.8843],[10.0619,55.8843],[10.0617,55.8843],[10.0615,55.8843],[10.0613,55.8843],[10.0612,55.8845],[10.0622,55.8845],[10.0634,55.8844],[10.0641,55.8841],[10.0644,55.884],[10.0646,55.884],[10.0653,55.8838],[10.0653,55.8837]]]},"properties":{"sourceId":"ais_par3.56214","a_type":4110,"hectares":0.568}},{"type":"Feature","id":"ais_par3.56219","geometry":{"type":"Polygon","coordinates":[[[10.1198,55.8835],[10.1197,55.8835],[10.1197,55.8836],[10.1198,55.8836],[10.1199,55.8836],[10.1199,55.8835],[10.1199,55.8835],[10.1198,55.8835]]]},"properties":{"sourceId":"ais_par3.56219","a_type":5120,"hectares":0.012}},{"type":"Feature","id":"ais_par3.56221","geometry":{"type":"Polygon","coordinates":[[[10.0578,55.8797],[10.0572,55.8798],[10.0574,55.8812],[10.0567,55.8812],[10.0569,55.8829],[10.0579,55.883],[10.0597,55.8826],[10.0603,55.8817],[10.0601,55.8817],[10.0594,55.8817],[10.0591,55.8799],[10.0586,55.8799],[10.0586,55.88],[10.0579,55.8801],[10.0578,55.8797]]]},"properties":{"sourceId":"ais_par3.56221","a_type":4120,"hectares":5.07}},{"type":"Feature","id":"ais_par3.56222","geometry":{"type":"Polygon","coordinates":[[[10.1191,55.8783],[10.119,55.8785],[10.1193,55.8786],[10.1192,55.8789],[10.1204,55.8792],[10.1204,55.879],[10.1208,55.879],[10.1214,55.8792],[10.1216,55.8791],[10.1221,55.8791],[10.1225,55.8792],[10.123,55.8792],[10.123,55.8791],[10.1228,55.8791],[10.1226,55.8791],[10.1224,55.879],[10.1223,55.879],[10.1222,55.879],[10.1221,55.879],[10.1219,55.879],[10.1217,55.879],[10.1216,55.879],[10.1215,55.879],[10.1214,55.879],[10.1214,55.8789],[10.1214,55.8788],[10.1214,55.8788],[10.1214,55.8787],[10.1214,55.8787],[10.1214,55.8786],[10.1212,55.8786],[10.1212,55.8786],[10.1211,55.8787],[10.121,55.8787],[10.1209,55.8787],[10.1208,55.8786],[10.1208,55.8786],[10.1207,55.8786],[10.1205,55.8785],[10.1203,55.8785],[10.12,55.8785],[10.1197,55.8785],[10.1196,55.8784],[10.1193,55.8784],[10.1191,55.8783]]]},"properties":{"sourceId":"ais_par3.56222","a_type":4120,"hectares":0.946}},{"type":"Feature","id":"ais_par3.56223","geometry":{"type":"Polygon","coordinates":[[[10.1197,55.877],[10.1197,55.877],[10.1196,55.8771],[10.1195,55.8772],[10.1194,55.8772],[10.1193,55.8772],[10.1192,55.8773],[10.1191,55.8775],[10.1189,55.8775],[10.1188,55.8775],[10.1188,55.8776],[10.1187,55.8777],[10.1188,55.878],[10.1188,55.8782],[10.1189,55.8783],[10.119,55.8783],[10.1191,55.8783],[10.1193,55.8784],[10.1196,55.8784],[10.1197,55.8785],[10.12,55.8785],[10.1203,55.8785],[10.1205,55.8785],[10.1207,55.8786],[10.1208,55.8786],[10.1208,55.8786],[10.1209,55.8787],[10.121,55.8787],[10.1211,55.8787],[10.1212,55.8786],[10.1212,55.8786],[10.1214,55.8786],[10.1214,55.8787],[10.1214,55.8787],[10.1214,55.8788],[10.1214,55.8788],[10.1214,55.8789],[10.1214,55.879],[10.1215,55.879],[10.1216,55.879],[10.1217,55.879],[10.1219,55.879],[10.1221,55.879],[10.1222,55.879],[10.1223,55.879],[10.1224,55.879],[10.1226,55.8791],[10.1228,55.8791],[10.123,55.8791],[10.1232,55.8792],[10.1236,55.8792],[10.1237,55.8792],[10.1238,55.8791],[10.1239,55.8791],[10.1238,55.879],[10.1237,55.8789],[10.1237,55.8788],[10.1236,55.8788],[10.1233,55.8788],[10.1229,55.8786],[10.1227,55.8785],[10.1226,55.8785],[10.1224,55.8782],[10.1222,55.878],[10.1221,55.8779],[10.122,55.8778],[10.1219,55.8777],[10.1218,55.8776],[10.1216,55.8776],[10.1215,55.8775],[10.1215,55.8774],[10.1214,55.8773],[10.1213,55.8772],[10.1212,55.8772],[10.1211,55.8772],[10.121,55.8772],[10.1209,55.8772],[10.1208,55.8771],[10.1207,55.8771],[10.1206,55.877],[10.1205,55.877],[10.1204,55.8769],[10.1203,55.8769],[10.1202,55.8769],[10.1201,55.8769],[10.12,55.877],[10.12,55.877],[10.1199,55.877],[10.1198,55.877],[10.1197,55.877]]]},"properties":{"sourceId":"ais_par3.56223","a_type":5120,"hectares":3.797}},{"type":"Feature","id":"ais_par3.56224","geometry":{"type":"Polygon","coordinates":[[[10.1516,55.8788],[10.1517,55.8787],[10.1517,55.8787],[10.1517,55.8785],[10.1517,55.8785],[10.1516,55.8785],[10.1514,55.8785],[10.1513,55.8785],[10.1512,55.8785],[10.1512,55.8786],[10.1512,55.8786],[10.1512,55.8787],[10.1512,55.8787],[10.1512,55.8788],[10.1514,55.8788],[10.1516,55.8788],[10.1516,55.8788]]]},"properties":{"sourceId":"ais_par3.56224","a_type":5120,"hectares":0.108}},{"type":"Feature","id":"ais_par3.56225","geometry":{"type":"Polygon","coordinates":[[[10.0492,55.8792],[10.0501,55.8789],[10.0501,55.8789],[10.0485,55.879],[10.0485,55.8791],[10.0479,55.879],[10.0478,55.879],[10.0474,55.879],[10.0473,55.879],[10.0472,55.879],[10.0471,55.8791],[10.0471,55.8791],[10.047,55.8791],[10.047,55.8792],[10.0469,55.8793],[10.0485,55.8792],[10.0486,55.8792],[10.0492,55.8792]]]},"properties":{"sourceId":"ais_par3.56225","a_type":4210,"hectares":0.443}},{"type":"Feature","id":"ais_par3.56226","geometry":{"type":"Polygon","coordinates":[[[10.1221,55.8779],[10.1222,55.8778],[10.122,55.8773],[10.1211,55.8761],[10.1202,55.8764],[10.1198,55.8765],[10.1196,55.8766],[10.1197,55.877],[10.1198,55.877],[10.1199,55.877],[10.12,55.877],[10.12,55.877],[10.1201,55.8769],[10.1202,55.8769],[10.1203,55.8769],[10.1204,55.8769],[10.1205,55.877],[10.1206,55.877],[10.1207,55.8771],[10.1208,55.8771],[10.1209,55.8772],[10.121,55.8772],[10.1211,55.8772],[10.1212,55.8772],[10.1213,55.8772],[10.1214,55.8773],[10.1215,55.8774],[10.1215,55.8775],[10.1216,55.8776],[10.1218,55.8776],[10.1219,55.8777],[10.122,55.8778],[10.1221,55.8779]]]},"properties":{"sourceId":"ais_par3.56226","a_type":4120,"hectares":1.189}},{"type":"Feature","id":"ais_par3.56227","geometry":{"type":"Polygon","coordinates":[[[10.1182,55.8699],[10.118,55.871],[10.1178,55.8712],[10.1175,55.8713],[10.1175,55.8713],[10.1174,55.8714],[10.1165,55.8718],[10.1164,55.8719],[10.1164,55.8719],[10.1161,55.872],[10.1158,55.8722],[10.1156,55.8723],[10.1154,55.8724],[10.1152,55.8725],[10.1152,55.8731],[10.1172,55.872],[10.1179,55.8717],[10.119,55.8715],[10.1182,55.8699]]]},"properties":{"sourceId":"ais_par3.56227","a_type":4210,"hectares":1.749}},{"type":"Feature","id":"ais_par3.56228","geometry":{"type":"Polygon","coordinates":[[[10.1878,55.8703],[10.1875,55.871],[10.1875,55.871],[10.1889,55.8711],[10.189,55.8714],[10.1891,55.8716],[10.19,55.8716],[10.1903,55.8716],[10.1903,55.8718],[10.1914,55.8718],[10.1916,55.8713],[10.1912,55.8713],[10.1906,55.8713],[10.1901,55.8711],[10.19,55.8709],[10.1897,55.8702],[10.1893,55.8702],[10.1895,55.8693],[10.1892,55.8692],[10.1886,55.8691],[10.1882,55.8696],[10.1878,55.8703]]]},"properties":{"sourceId":"ais_par3.56228","a_type":4120,"hectares":3.061}},{"type":"Feature","id":"ais_par3.56233","geometry":{"type":"Polygon","coordinates":[[[10.1586,55.8685],[10.1586,55.8686],[10.1586,55.8686],[10.1586,55.8687],[10.1587,55.8687],[10.1587,55.8687],[10.1588,55.8687],[10.1589,55.8687],[10.1591,55.8687],[10.1592,55.8687],[10.1593,55.8686],[10.1592,55.8686],[10.1592,55.8685],[10.1591,55.8685],[10.159,55.8685],[10.1588,55.8685],[10.1586,55.8685]]]},"properties":{"sourceId":"ais_par3.56233","a_type":5120,"hectares":0.077}},{"type":"Feature","id":"ais_par3.56234","geometry":{"type":"Polygon","coordinates":[[[10.0518,55.8641],[10.0517,55.8641],[10.0516,55.864],[10.0515,55.8639],[10.0515,55.8639],[10.0516,55.8639],[10.0517,55.8638],[10.0518,55.8639],[10.0519,55.864],[10.052,55.8641],[10.0522,55.8641],[10.0518,55.8639],[10.0513,55.8634],[10.0512,55.8633],[10.0509,55.8634],[10.0504,55.8631],[10.0501,55.8632],[10.0496,55.8632],[10.0505,55.8635],[10.0508,55.8636],[10.0511,55.8639],[10.0515,55.8641],[10.052,55.8644],[10.0529,55.8647],[10.0536,55.8648],[10.055,55.8651],[10.0553,55.8652],[10.0554,55.8653],[10.0558,55.8658],[10.0562,55.8661],[10.0566,55.8665],[10.0566,55.8671],[10.0571,55.8677],[10.0571,55.868],[10.057,55.8681],[10.057,55.8683],[10.0572,55.8684],[10.0577,55.8687],[10.0578,55.8687],[10.0578,55.8686],[10.0578,55.8685],[10.0577,55.8685],[10.0577,55.8684],[10.0576,55.8683],[10.0576,55.8683],[10.0577,55.8683],[10.0578,55.8683],[10.0578,55.8683],[10.058,55.8683],[10.0581,55.8684],[10.0583,55.8684],[10.0584,55.8685],[10.0585,55.8685],[10.0587,55.8686],[10.0588,55.8687],[10.0589,55.8688],[10.059,55.8689],[10.059,55.8689],[10.059,55.869],[10.0589,55.869],[10.0588,55.869],[10.0587,55.8689],[10.0586,55.8688],[10.0585,55.8688],[10.0584,55.8688],[10.0583,55.8688],[10.0579,55.8687],[10.0578,55.8687],[10.0582,55.8689],[10.0587,55.8691],[10.0592,55.8694],[10.0595,55.8695],[10.0598,55.8695],[10.0604,55.8695],[10.0608,55.8695],[10.0613,55.8694],[10.0615,55.8694],[10.0615,55.8693],[10.0615,55.8692],[10.0615,55.8692],[10.062,55.869],[10.0607,55.8691],[10.0598,55.869],[10.0591,55.8687],[10.0579,55.8682],[10.0575,55.8677],[10.0572,55.8674],[10.0572,55.8671],[10.0572,55.8668],[10.0564,55.8659],[10.0566,55.8658],[10.0564,55.8658],[10.0563,55.8658],[10.0555,55.865],[10.0528,55.8643],[10.0529,55.8644],[10.053,55.8644],[10.053,55.8645],[10.0529,55.8645],[10.0528,55.8645],[10.0528,55.8645],[10.0524,55.8644],[10.0521,55.8643],[10.0519,55.8642],[10.0518,55.8641]]]},"properties":{"sourceId":"ais_par3.56234","a_type":4210,"hectares":3.406}},{"type":"Feature","id":"ais_par3.56235","geometry":{"type":"Polygon","coordinates":[[[10.0578,55.8687],[10.0579,55.8687],[10.0583,55.8688],[10.0584,55.8688],[10.0585,55.8688],[10.0586,55.8688],[10.0587,55.8689],[10.0588,55.869],[10.0589,55.869],[10.059,55.869],[10.059,55.8689],[10.059,55.8689],[10.0589,55.8688],[10.0588,55.8687],[10.0587,55.8686],[10.0585,55.8685],[10.0584,55.8685],[10.0583,55.8684],[10.0581,55.8684],[10.058,55.8683],[10.0578,55.8683],[10.0578,55.8683],[10.0577,55.8683],[10.0576,55.8683],[10.0576,55.8683],[10.0577,55.8684],[10.0577,55.8685],[10.0578,55.8685],[10.0578,55.8686],[10.0578,55.8687]]]},"properties":{"sourceId":"ais_par3.56235","a_type":5120,"hectares":0.295}},{"type":"Feature","id":"ais_par3.56236","geometry":{"type":"Polygon","coordinates":[[[10.0669,55.8685],[10.0675,55.8683],[10.0679,55.8683],[10.0673,55.8683],[10.0655,55.8682],[10.0654,55.8687],[10.0656,55.8687],[10.0667,55.8685],[10.0667,55.8685],[10.0665,55.8685],[10.0664,55.8685],[10.0663,55.8684],[10.0664,55.8684],[10.0666,55.8684],[10.0667,55.8683],[10.0668,55.8684],[10.0669,55.8684],[10.0669,55.8685]]]},"properties":{"sourceId":"ais_par3.56236","a_type":4210,"hectares":0.377}},{"type":"Feature","id":"ais_par3.56229","geometry":{"type":"Polygon","coordinates":[[[10.1925,55.8527],[10.1939,55.8548],[10.1943,55.8547],[10.1945,55.8547],[10.1947,55.8547],[10.1951,55.855],[10.1964,55.8547],[10.1988,55.8555],[10.2008,55.8563],[10.2009,55.8563],[10.2013,55.8568],[10.2015,55.857],[10.2017,55.8572],[10.2019,55.8575],[10.2019,55.8579],[10.2017,55.8586],[10.2015,55.859],[10.201,55.8602],[10.2009,55.861],[10.2009,55.8618],[10.2007,55.8618],[10.2006,55.8628],[10.1995,55.8649],[10.1988,55.8655],[10.1984,55.866],[10.1982,55.8663],[10.1981,55.8664],[10.1976,55.8667],[10.1971,55.8672],[10.197,55.8673],[10.1961,55.868],[10.1948,55.8691],[10.1946,55.8693],[10.1942,55.8702],[10.1943,55.8703],[10.1945,55.8702],[10.195,55.8692],[10.1953,55.8688],[10.1953,55.8688],[10.1953,55.8688],[10.1956,55.8685],[10.196,55.8682],[10.1963,55.868],[10.1965,55.8679],[10.1968,55.8677],[10.197,55.8675],[10.197,55.8675],[10.1976,55.867],[10.1977,55.8669],[10.1977,55.8669],[10.198,55.8668],[10.198,55.8667],[10.1981,55.8666],[10.1984,55.8666],[10.1987,55.8665],[10.1989,55.8664],[10.199,55.8665],[10.199,55.8665],[10.1991,55.8665],[10.1991,55.8666],[10.199,55.8666],[10.1989,55.8667],[10.199,55.8667],[10.1991,55.8667],[10.1992,55.8667],[10.1994,55.8665],[10.1995,55.8664],[10.1995,55.8664],[10.1994,55.8662],[10.1994,55.8662],[10.1994,55.8661],[10.1995,55.8661],[10.1995,55.8661],[10.1999,55.866],[10.1999,55.8659],[10.1999,55.8659],[10.1998,55.8659],[10.1997,55.8659],[10.1996,55.8658],[10.1995,55.8658],[10.1993,55.8657],[10.1992,55.8657],[10.1993,55.8656],[10.1993,55.8656],[10.1993,55.8656],[10.1994,55.8656],[10.1994,55.8656],[10.1995,55.8656],[10.1996,55.8655],[10.1997,55.8654],[10.1998,55.8652],[10.1999,55.8651],[10.2001,55.8651],[10.2001,55.8651],[10.2002,55.865],[10.2002,55.8649],[10.2002,55.8648],[10.2001,55.8647],[10.2002,55.8647],[10.2002,55.8646],[10.2004,55.8646],[10.2008,55.8646],[10.2009,55.8647],[10.2009,55.8648],[10.2008,55.865],[10.2006,55.8651],[10.2006,55.8651],[10.2006,55.8652],[10.2007,55.8652],[10.2008,55.8652],[10.2008,55.8652],[10.2008,55.8651],[10.2009,55.8651],[10.2009,55.8651],[10.2009,55.8652],[10.201,55.8652],[10.2012,55.8651],[10.2013,55.865],[10.2014,55.8649],[10.2016,55.8648],[10.2019,55.8646],[10.202,55.8644],[10.2022,55.8644],[10.2025,55.8644],[10.2027,55.8646],[10.2026,55.8648],[10.2027,55.865],[10.2027,55.8651],[10.2026,55.8655],[10.2026,55.8656],[10.2026,55.8656],[10.2026,55.8656],[10.2026,55.8656],[10.2025,55.8658],[10.2024,55.866],[10.2023,55.8661],[10.2023,55.8661],[10.2018,55.8666],[10.2018,55.8667],[10.2017,55.8667],[10.2016,55.8668],[10.2013,55.867],[10.2012,55.867],[10.2012,55.867],[10.201,55.8671],[10.2009,55.8672],[10.2008,55.8672],[10.2007,55.8673],[10.2004,55.8674],[10.2002,55.8675],[10.2001,55.8675],[10.1999,55.8676],[10.1998,55.8676],[10.1995,55.8678],[10.1991,55.868],[10.1988,55.8681],[10.1986,55.8682],[10.198,55.8683],[10.1979,55.8684],[10.1978,55.8684],[10.1978,55.8684],[10.1978,55.8684],[10.1981,55.8684],[10.1987,55.8683],[10.1989,55.8682],[10.1995,55.868],[10.2,55.8678],[10.2009,55.8673],[10.2014,55.8671],[10.2017,55.8669],[10.2019,55.8668],[10.2024,55.8662],[10.2026,55.866],[10.2028,55.8659],[10.2029,55.8657],[10.203,55.8649],[10.203,55.8646],[10.203,55.8645],[10.2029,55.8635],[10.2029,55.8627],[10.2029,55.8623],[10.203,55.8612],[10.203,55.8609],[10.203,55.8609],[10.2031,55.8605],[10.2032,55.8602],[10.2037,55.8598],[10.2039,55.8598],[10.2039,55.8598],[10.204,55.8598],[10.2039,55.8597],[10.2039,55.8597],[10.2039,55.8597],[10.2038,55.8596],[10.2038,55.8596],[10.2039,55.8592],[10.2039,55.8592],[10.2039,55.8592],[10.204,55.859],[10.2042,55.8589],[10.2042,55.8589],[10.2042,55.8587],[10.2041,55.8585],[10.2042,55.8585],[10.2041,55.8583],[10.2039,55.858],[10.2039,55.8575],[10.2039,55.8574],[10.2038,55.8571],[10.2038,55.8569],[10.2038,55.856],[10.2038,55.8553],[10.2039,55.8551],[10.2039,55.855],[10.2039,55.8549],[10.2039,55.8548],[10.2038,55.8547],[10.2037,55.8547],[10.2036,55.8547],[10.2036,55.8547],[10.2033,55.8547],[10.2032,55.8547],[10.2026,55.8546],[10.2021,55.8545],[10.2007,55.8544],[10.2,55.8543],[10.1999,55.8543],[10.1999,55.8543],[10.1998,55.8542],[10.1995,55.8541],[10.1995,55.8541],[10.1994,55.8541],[10.1988,55.8539],[10.1987,55.8539],[10.1992,55.8542],[10.1994,55.8543],[10.1995,55.8543],[10.1997,55.8543],[10.1997,55.8544],[10.1998,55.8544],[10.2,55.8544],[10.2002,55.8544],[10.2002,55.8544],[10.2002,55.8544],[10.201,55.8546],[10.2012,55.8546],[10.2017,55.8547],[10.2018,55.8547],[10.202,55.8547],[10.2023,55.8548],[10.2023,55.8548],[10.2023,55.8548],[10.2024,55.8549],[10.2025,55.8549],[10.2025,55.8549],[10.2026,55.8549],[10.2029,55.8549],[10.2031,55.8549],[10.2032,55.855],[10.2033,55.8551],[10.2034,55.8553],[10.2034,55.8553],[10.2034,55.8553],[10.2033,55.8555],[10.2033,55.8555],[10.2032,55.8558],[10.2031,55.8561],[10.203,55.8565],[10.203,55.8567],[10.203,55.8568],[10.203,55.8569],[10.203,55.8571],[10.2032,55.8576],[10.2032,55.8578],[10.2032,55.8578],[10.2033,55.858],[10.2033,55.8581],[10.2033,55.8582],[10.2033,55.8583],[10.2034,55.8584],[10.2034,55.8586],[10.2034,55.8586],[10.2033,55.8587],[10.2033,55.8587],[10.2031,55.8585],[10.2028,55.8584],[10.2026,55.8583],[10.2024,55.8581],[10.2023,55.8579],[10.2022,55.8576],[10.2022,55.8575],[10.2023,55.8573],[10.2022,55.8571],[10.202,55.857],[10.2019,55.8569],[10.2019,55.8569],[10.2017,55.8564],[10.2017,55.8564],[10.2016,55.8561],[10.2016,55.8561],[10.2015,55.8561],[10.2014,55.856],[10.2012,55.8557],[10.201,55.8556],[10.2008,55.8555],[10.2003,55.8553],[10.1995,55.8549],[10.1986,55.8546],[10.1981,55.8545],[10.198,55.8545],[10.1961,55.8543],[10.1959,55.8543],[10.1956,55.8542],[10.1951,55.8542],[10.1951,55.8542],[10.195,55.8542],[10.195,55.8542],[10.1949,55.8542],[10.1947,55.8541],[10.1946,55.8541],[10.1942,55.854],[10.1941,55.8539],[10.194,55.8538],[10.194,55.8538],[10.1939,55.8536],[10.1937,55.8534],[10.1933,55.8532],[10.1932,55.8531],[10.193,55.853],[10.1928,55.8527],[10.1927,55.8526],[10.1925,55.8527]],[[10.1946,55.8543],[10.1947,55.8543],[10.1948,55.8543],[10.1948,55.8544],[10.1947,55.8544],[10.1945,55.8545],[10.1942,55.8545],[10.1941,55.8545],[10.194,55.8544],[10.1941,55.8544],[10.1942,55.8543],[10.1943,55.8543],[10.1945,55.8542],[10.1946,55.8542],[10.1946,55.8543]],[[10.2022,55.863],[10.2022,55.8631],[10.2021,55.8631],[10.2021,55.8632],[10.2021,55.8633],[10.2022,55.8635],[10.2023,55.8637],[10.2023,55.8639],[10.2023,55.864],[10.2022,55.864],[10.2021,55.8641],[10.2019,55.8642],[10.2018,55.8642],[10.2015,55.8642],[10.2014,55.8641],[10.2011,55.8641],[10.201,55.864],[10.2009,55.8639],[10.2008,55.8638],[10.2009,55.8637],[10.2013,55.8635],[10.2018,55.8631],[10.202,55.863],[10.2021,55.863],[10.2022,55.863]],[[10.2022,55.8614],[10.2022,55.8615],[10.2022,55.8615],[10.2024,55.8616],[10.2026,55.8616],[10.2026,55.8617],[10.2025,55.8618],[10.2025,55.8618],[10.2024,55.8619],[10.2024,55.862],[10.2023,55.8621],[10.2021,55.862],[10.2019,55.8619],[10.2018,55.8616],[10.2016,55.8614],[10.2015,55.8614],[10.2015,55.8614],[10.2014,55.8615],[10.2012,55.8615],[10.2011,55.8615],[10.201,55.8615],[10.201,55.8614],[10.2011,55.8614],[10.2012,55.8613],[10.2013,55.8613],[10.2014,55.8612],[10.2014,55.8611],[10.2014,55.8611],[10.2014,55.861],[10.2013,55.8609],[10.2014,55.8609],[10.2016,55.8609],[10.2016,55.8608],[10.2017,55.8607],[10.2018,55.8606],[10.2019,55.8606],[10.202,55.8606],[10.2021,55.8606],[10.2022,55.8606],[10.2022,55.8607],[10.2022,55.8608],[10.2022,55.8609],[10.2023,55.861],[10.2023,55.8611],[10.2024,55.8612],[10.2023,55.8613],[10.2022,55.8614]],[[10.2023,55.8604],[10.2023,55.8603],[10.2022,55.86],[10.2021,55.8598],[10.2021,55.8597],[10.2021,55.8596],[10.2021,55.8595],[10.2022,55.8595],[10.2023,55.8594],[10.2025,55.8594],[10.2026,55.8594],[10.2028,55.8595],[10.203,55.8595],[10.2032,55.8595],[10.2033,55.8595],[10.2034,55.8595],[10.2034,55.8596],[10.2034,55.8596],[10.2033,55.8597],[10.2032,55.8598],[10.2031,55.8599],[10.2031,55.86],[10.203,55.86],[10.2029,55.8601],[10.2028,55.8601],[10.2027,55.8601],[10.2026,55.8602],[10.2026,55.8602],[10.2025,55.8603],[10.2025,55.8603],[10.2023,55.8604]]]},"properties":{"sourceId":"ais_par3.56229","a_type":4210,"hectares":18.571}},{"type":"Feature","id":"ais_par3.56230","geometry":{"type":"Polygon","coordinates":[[[10.1455,55.8704],[10.1454,55.8704],[10.1454,55.8704],[10.1453,55.8704],[10.1453,55.8705],[10.1455,55.8705],[10.1455,55.8704]]]},"properties":{"sourceId":"ais_par3.56230","a_type":5120,"hectares":0.013}},{"type":"Feature","id":"ais_par3.56231","geometry":{"type":"Polygon","coordinates":[[[10.146,55.8693],[10.146,55.8694],[10.1455,55.8695],[10.1455,55.8696],[10.1457,55.8697],[10.146,55.8695],[10.146,55.8694],[10.1461,55.8694],[10.146,55.8693]]]},"properties":{"sourceId":"ais_par3.56231","a_type":5120,"hectares":0.062}},{"type":"Feature","id":"ais_par3.56232","geometry":{"type":"Polygon","coordinates":[[[10.1508,55.8693],[10.1509,55.8693],[10.1509,55.8692],[10.1508,55.8692],[10.1506,55.8692],[10.1505,55.8693],[10.1505,55.8693],[10.1507,55.8694],[10.1508,55.8693]]]},"properties":{"sourceId":"ais_par3.56232","a_type":5120,"hectares":0.04}},{"type":"Feature","id":"ais_par3.56238","geometry":{"type":"Polygon","coordinates":[[[10.1443,55.8674],[10.1443,55.8674],[10.1443,55.8674],[10.1443,55.8675],[10.1444,55.8675],[10.1444,55.8676],[10.1445,55.8676],[10.1446,55.8675],[10.1446,55.8674],[10.1445,55.8674],[10.1445,55.8674],[10.1443,55.8674]]]},"properties":{"sourceId":"ais_par3.56238","a_type":5120,"hectares":0.029}},{"type":"Feature","id":"ais_par3.56239","geometry":{"type":"Polygon","coordinates":[[[10.1583,55.8663],[10.1582,55.8663],[10.1581,55.8663],[10.158,55.8663],[10.1579,55.8663],[10.1579,55.8664],[10.1579,55.8664],[10.158,55.8665],[10.1581,55.8665],[10.1582,55.8665],[10.1582,55.8665],[10.1584,55.8664],[10.1585,55.8664],[10.1585,55.8663],[10.1584,55.8663],[10.1583,55.8663]]]},"properties":{"sourceId":"ais_par3.56239","a_type":5120,"hectares":0.057}},{"type":"Feature","id":"ais_par3.56240","geometry":{"type":"Polygon","coordinates":[[[10.0975,55.8665],[10.0978,55.8665],[10.0997,55.8659],[10.1,55.8659],[10.1005,55.866],[10.1006,55.8659],[10.1007,55.8659],[10.1011,55.8656],[10.1014,55.8655],[10.1018,55.8655],[10.1018,55.8655],[10.1018,55.8655],[10.1019,55.8655],[10.1018,55.864],[10.101,55.8642],[10.1004,55.8644],[10.0998,55.8645],[10.0995,55.8645],[10.0992,55.8646],[10.0981,55.8652],[10.0974,55.8658],[10.0975,55.8665]],[[10.1013,55.8642],[10.1014,55.8643],[10.1013,55.8644],[10.1011,55.8644],[10.101,55.8643],[10.1012,55.8642],[10.1012,55.8642],[10.1013,55.8642]]]},"properties":{"sourceId":"ais_par3.56240","a_type":4210,"hectares":4.16}},{"type":"Feature","id":"ais_par3.56241","geometry":{"type":"Polygon","coordinates":[[[10.1547,55.8659],[10.1547,55.8659],[10.1547,55.866],[10.1548,55.866],[10.1548,55.8659],[10.1548,55.8657],[10.1548,55.8656],[10.1548,55.8655],[10.1547,55.8653],[10.1547,55.8652],[10.1547,55.8651],[10.1546,55.8651],[10.1546,55.8652],[10.1546,55.8654],[10.1546,55.8654],[10.1546,55.8658],[10.1547,55.8659]]]},"properties":{"sourceId":"ais_par3.56241","a_type":5120,"hectares":0.091}},{"type":"Feature","id":"ais_par3.56242","geometry":{"type":"Polygon","coordinates":[[[10.1721,55.8655],[10.1721,55.8656],[10.1722,55.8656],[10.1723,55.8656],[10.1724,55.8656],[10.1725,55.8656],[10.1725,55.8655],[10.1725,55.8655],[10.1724,55.8654],[10.1723,55.8654],[10.1723,55.8654],[10.1721,55.8655]]]},"properties":{"sourceId":"ais_par3.56242","a_type":5120,"hectares":0.045}},{"type":"Feature","id":"ais_par3.56243","geometry":{"type":"Polygon","coordinates":[[[10.1439,55.8658],[10.1439,55.8658],[10.144,55.8657],[10.144,55.8657],[10.1439,55.8657],[10.1438,55.8657],[10.1437,55.8657],[10.1437,55.8657],[10.1437,55.8658],[10.1439,55.8658]]]},"properties":{"sourceId":"ais_par3.56243","a_type":5120,"hectares":0.019}},{"type":"Feature","id":"ais_par3.56244","geometry":{"type":"Polygon","coordinates":[[[10.1072,55.8652],[10.1075,55.8651],[10.1076,55.8649],[10.1064,55.8648],[10.106,55.8647],[10.1052,55.8646],[10.1051,55.8646],[10.1047,55.8645],[10.1045,55.8644],[10.1043,55.8643],[10.104,55.8642],[10.1037,55.8641],[10.1032,55.8639],[10.1031,55.8639],[10.1026,55.8639],[10.1022,55.864],[10.1019,55.8643],[10.1021,55.8654],[10.1022,55.8655],[10.1024,55.8655],[10.1027,55.8654],[10.1027,55.8654],[10.1028,55.8654],[10.1028,55.8653],[10.1028,55.8653],[10.1028,55.8653],[10.1029,55.8653],[10.1033,55.8652],[10.1035,55.8652],[10.1037,55.8651],[10.104,55.8651],[10.1042,55.8652],[10.1042,55.8652],[10.1043,55.8652],[10.1046,55.8653],[10.1049,55.8653],[10.1051,55.8652],[10.1053,55.8651],[10.1053,55.8652],[10.1054,55.8652],[10.1054,55.8652],[10.106,55.8651],[10.1061,55.865],[10.1061,55.865],[10.1062,55.865],[10.1063,55.865],[10.1063,55.865],[10.1065,55.865],[10.1065,55.8651],[10.1069,55.8652],[10.1072,55.8652]]]},"properties":{"sourceId":"ais_par3.56244","a_type":4210,"hectares":3.082}},{"type":"Feature","id":"ais_par3.56245","geometry":{"type":"Polygon","coordinates":[[[10.2022,55.863],[10.2021,55.863],[10.202,55.863],[10.2018,55.8631],[10.2013,55.8635],[10.2009,55.8637],[10.2008,55.8638],[10.2009,55.8639],[10.201,55.864],[10.2011,55.8641],[10.2014,55.8641],[10.2015,55.8642],[10.2018,55.8642],[10.2019,55.8642],[10.2021,55.8641],[10.2022,55.864],[10.2023,55.864],[10.2023,55.8639],[10.2023,55.8637],[10.2022,55.8635],[10.2021,55.8633],[10.2021,55.8632],[10.2021,55.8631],[10.2022,55.8631],[10.2022,55.863]]]},"properties":{"sourceId":"ais_par3.56245","a_type":5120,"hectares":0.742}},{"type":"Feature","id":"ais_par3.56246","geometry":{"type":"Polygon","coordinates":[[[10.0734,55.8652],[10.0733,55.8652],[10.0732,55.8652],[10.0732,55.8653],[10.0733,55.8653],[10.0734,55.8653],[10.0734,55.8653],[10.0734,55.8652]]]},"properties":{"sourceId":"ais_par3.56246","a_type":5120,"hectares":0.01}},{"type":"Feature","id":"ais_par3.56247","geometry":{"type":"Polygon","coordinates":[[[10.0737,55.8652],[10.0738,55.8652],[10.0737,55.8652],[10.0737,55.8652],[10.0736,55.8652],[10.0735,55.8652],[10.0735,55.8652],[10.0735,55.8653],[10.0737,55.8652]]]},"properties":{"sourceId":"ais_par3.56247","a_type":5120,"hectares":0.012}},{"type":"Feature","id":"ais_par3.56248","geometry":{"type":"Polygon","coordinates":[[[10.1666,55.8639],[10.1667,55.864],[10.1668,55.8641],[10.1669,55.8641],[10.167,55.8641],[10.1671,55.8641],[10.1671,55.864],[10.167,55.8639],[10.1669,55.8638],[10.1667,55.8638],[10.1666,55.8639]]]},"properties":{"sourceId":"ais_par3.56248","a_type":5120,"hectares":0.078}},{"type":"Feature","id":"ais_par3.56249","geometry":{"type":"Polygon","coordinates":[[[10.1016,55.859],[10.1006,55.859],[10.1002,55.8605],[10.1003,55.8606],[10.0999,55.8617],[10.1019,55.8624],[10.1019,55.8623],[10.1036,55.8625],[10.1044,55.8626],[10.1052,55.8626],[10.1064,55.8624],[10.1083,55.8623],[10.1083,55.8622],[10.1103,55.8619],[10.1116,55.8616],[10.1128,55.8613],[10.1133,55.861],[10.1139,55.8609],[10.114,55.8608],[10.1147,55.8606],[10.1155,55.8604],[10.116,55.8603],[10.1166,55.8601],[10.117,55.8601],[10.1175,55.8601],[10.1177,55.8601],[10.1182,55.8602],[10.1183,55.8613],[10.1183,55.8615],[10.1186,55.8627],[10.1173,55.8631],[10.117,55.8633],[10.1164,55.8636],[10.1154,55.8638],[10.1156,55.8643],[10.1158,55.8643],[10.1157,55.8641],[10.1157,55.8641],[10.1157,55.864],[10.1159,55.864],[10.116,55.864],[10.1161,55.864],[10.1161,55.864],[10.1161,55.864],[10.1162,55.864],[10.1163,55.8641],[10.1166,55.864],[10.1166,55.8641],[10.1166,55.8641],[10.1166,55.8641],[10.1167,55.8641],[10.1169,55.864],[10.117,55.8639],[10.1172,55.8638],[10.1174,55.8637],[10.1176,55.8638],[10.1178,55.8638],[10.1181,55.8638],[10.1182,55.8638],[10.1183,55.8638],[10.1184,55.8637],[10.1184,55.8637],[10.1185,55.8636],[10.1186,55.8636],[10.1186,55.8636],[10.1186,55.8636],[10.1187,55.8635],[10.1191,55.8633],[10.1194,55.8632],[10.1198,55.8631],[10.1199,55.863],[10.12,55.863],[10.1201,55.8629],[10.1201,55.8628],[10.1201,55.8628],[10.1201,55.8628],[10.1203,55.8627],[10.1203,55.8627],[10.1204,55.8626],[10.1206,55.8625],[10.1206,55.8624],[10.1206,55.8623],[10.1206,55.8622],[10.1206,55.8622],[10.1205,55.8621],[10.1204,55.8621],[10.12,55.862],[10.12,55.862],[10.1199,55.862],[10.1199,55.8619],[10.1198,55.8619],[10.1197,55.8617],[10.1197,55.8616],[10.1197,55.8614],[10.1198,55.8613],[10.1198,55.8612],[10.1199,55.8612],[10.1199,55.8612],[10.1202,55.8612],[10.1202,55.8611],[10.1203,55.8611],[10.1202,55.861],[10.12,55.861],[10.12,55.8609],[10.1199,55.8609],[10.1199,55.8609],[10.1199,55.8609],[10.1198,55.8605],[10.1196,55.86],[10.1195,55.8599],[10.1194,55.8599],[10.1192,55.8598],[10.1187,55.8598],[10.1185,55.8598],[10.1181,55.8598],[10.1168,55.8598],[10.1167,55.8598],[10.1164,55.8599],[10.1158,55.86],[10.1151,55.8601],[10.1142,55.8603],[10.1136,55.8604],[10.1131,55.8606],[10.1129,55.8606],[10.1129,55.8606],[10.1129,55.8606],[10.1128,55.8606],[10.1128,55.8606],[10.1122,55.8607],[10.1116,55.8608],[10.1115,55.8608],[10.1114,55.8608],[10.1113,55.8608],[10.1112,55.8608],[10.1112,55.8609],[10.111,55.8609],[10.1108,55.861],[10.1106,55.861],[10.1105,55.861],[10.1105,55.861],[10.11,55.8611],[10.1099,55.8611],[10.1097,55.8612],[10.1097,55.8612],[10.1093,55.8613],[10.109,55.8613],[10.1086,55.8613],[10.1085,55.8613],[10.1084,55.8614],[10.1084,55.8614],[10.1077,55.8614],[10.1073,55.8614],[10.1069,55.8614],[10.1066,55.8615],[10.1062,55.8616],[10.1058,55.8616],[10.1054,55.8617],[10.1047,55.8617],[10.1046,55.8617],[10.1043,55.8616],[10.1042,55.8616],[10.104,55.8615],[10.1038,55.8615],[10.1036,55.8615],[10.1034,55.8613],[10.1034,55.8613],[10.1032,55.8612],[10.1032,55.8612],[10.1031,55.8612],[10.1031,55.8611],[10.1031,55.8611],[10.1031,55.861],[10.1031,55.8609],[10.1031,55.8609],[10.103,55.8609],[10.103,55.8608],[10.103,55.8607],[10.103,55.8607],[10.1031,55.8604],[10.1035,55.8602],[10.1035,55.8601],[10.1035,55.8601],[10.1034,55.8596],[10.1021,55.8591],[10.1016,55.859]],[[10.1011,55.8601],[10.1011,55.8602],[10.1012,55.8603],[10.1012,55.8604],[10.101,55.8604],[10.1009,55.8604],[10.1008,55.8604],[10.1008,55.8604],[10.1008,55.8603],[10.1008,55.8601],[10.1009,55.8601],[10.1011,55.8601]],[[10.1073,55.8617],[10.1073,55.8618],[10.1072,55.8618],[10.107,55.8618],[10.1068,55.8618],[10.1067,55.8618],[10.1067,55.8617],[10.1067,55.8617],[10.1068,55.8616],[10.1069,55.8617],[10.107,55.8617],[10.1071,55.8617],[10.1072,55.8616],[10.1073,55.8616],[10.1073,55.8617]],[[10.1082,55.8615],[10.1083,55.8615],[10.1084,55.8616],[10.1083,55.8616],[10.1081,55.8616],[10.108,55.8616],[10.1079,55.8615],[10.108,55.8615],[10.1081,55.8615],[10.1082,55.8615]]]},"properties":{"sourceId":"ais_par3.56249","a_type":4210,"hectares":18.685}},{"type":"Feature","id":"ais_par3.56251","geometry":{"type":"Polygon","coordinates":[[[10.1618,55.8638],[10.1618,55.8637],[10.1615,55.8636],[10.1614,55.8636],[10.1611,55.8635],[10.161,55.8634],[10.1609,55.8634],[10.1609,55.8635],[10.1609,55.8636],[10.1611,55.8636],[10.1614,55.8637],[10.1617,55.8638],[10.1618,55.8638],[10.1618,55.8638]]]},"properties":{"sourceId":"ais_par3.56251","a_type":5120,"hectares":0.089}},{"type":"Feature","id":"ais_par3.56252","geometry":{"type":"Polygon","coordinates":[[[10.1474,55.8636],[10.1472,55.8636],[10.1471,55.8636],[10.1471,55.8637],[10.147,55.8637],[10.147,55.8638],[10.1471,55.8638],[10.1471,55.8639],[10.1472,55.8639],[10.1473,55.8639],[10.1474,55.8639],[10.1474,55.8638],[10.1474,55.8638],[10.1474,55.8637],[10.1474,55.8636]]]},"properties":{"sourceId":"ais_par3.56252","a_type":5120,"hectares":0.06}},{"type":"Feature","id":"ais_par3.56253","geometry":{"type":"Polygon","coordinates":[[[10.1506,55.8637],[10.1505,55.8637],[10.1505,55.8637],[10.1505,55.8638],[10.1506,55.8638],[10.1507,55.8638],[10.1508,55.8637],[10.1508,55.8637],[10.1506,55.8637]]]},"properties":{"sourceId":"ais_par3.56253","a_type":5120,"hectares":0.017}},{"type":"Feature","id":"ais_par3.56254","geometry":{"type":"Polygon","coordinates":[[[10.0528,55.8643],[10.0527,55.8642],[10.0526,55.8642],[10.0523,55.8642],[10.0522,55.8641],[10.052,55.8641],[10.0519,55.864],[10.0518,55.8639],[10.0517,55.8638],[10.0516,55.8639],[10.0515,55.8639],[10.0515,55.8639],[10.0516,55.864],[10.0517,55.8641],[10.0518,55.8641],[10.0519,55.8642],[10.0521,55.8643],[10.0524,55.8644],[10.0528,55.8645],[10.0528,55.8645],[10.0529,55.8645],[10.053,55.8645],[10.053,55.8644],[10.0529,55.8644],[10.0528,55.8643]]]},"properties":{"sourceId":"ais_par3.56254","a_type":5120,"hectares":0.186}},{"type":"Feature","id":"ais_par3.56255","geometry":{"type":"Polygon","coordinates":[[[10.1695,55.8626],[10.1694,55.8626],[10.1693,55.8626],[10.1692,55.8627],[10.1692,55.8627],[10.1692,55.8628],[10.1693,55.8628],[10.1694,55.8628],[10.1695,55.8628],[10.1695,55.8628],[10.1696,55.8628],[10.1697,55.8626],[10.1697,55.8626],[10.1696,55.8626],[10.1695,55.8626]]]},"properties":{"sourceId":"ais_par3.56255","a_type":5120,"hectares":0.058}},{"type":"Feature","id":"ais_par3.56256","geometry":{"type":"Polygon","coordinates":[[[10.2022,55.8614],[10.2023,55.8613],[10.2024,55.8612],[10.2023,55.8611],[10.2023,55.861],[10.2022,55.8609],[10.2022,55.8608],[10.2022,55.8607],[10.2022,55.8606],[10.2021,55.8606],[10.202,55.8606],[10.2019,55.8606],[10.2018,55.8606],[10.2017,55.8607],[10.2016,55.8608],[10.2016,55.8609],[10.2014,55.8609],[10.2013,55.8609],[10.2014,55.861],[10.2014,55.8611],[10.2014,55.8611],[10.2014,55.8612],[10.2013,55.8613],[10.2012,55.8613],[10.2011,55.8614],[10.201,55.8614],[10.201,55.8615],[10.2011,55.8615],[10.2012,55.8615],[10.2014,55.8615],[10.2015,55.8614],[10.2015,55.8614],[10.2016,55.8614],[10.2018,55.8616],[10.2019,55.8619],[10.2021,55.862],[10.2023,55.8621],[10.2024,55.862],[10.2024,55.8619],[10.2025,55.8618],[10.2025,55.8618],[10.2026,55.8617],[10.2026,55.8616],[10.2024,55.8616],[10.2022,55.8615],[10.2022,55.8615],[10.2022,55.8614]]]},"properties":{"sourceId":"ais_par3.56256","a_type":5120,"hectares":0.726}},{"type":"Feature","id":"ais_par3.56257","geometry":{"type":"Polygon","coordinates":[[[10.1564,55.8615],[10.1565,55.8616],[10.1566,55.8616],[10.1566,55.8616],[10.1566,55.8617],[10.1569,55.8618],[10.157,55.8618],[10.1571,55.8619],[10.1572,55.8619],[10.1574,55.8619],[10.1574,55.8619],[10.1574,55.8618],[10.1573,55.8618],[10.1572,55.8618],[10.1571,55.8617],[10.1569,55.8616],[10.1569,55.8616],[10.1569,55.8616],[10.1568,55.8615],[10.1567,55.8616],[10.1567,55.8615],[10.1567,55.8615],[10.1566,55.8614],[10.1566,55.8614],[10.1567,55.8613],[10.1567,55.8613],[10.1568,55.8613],[10.1569,55.8612],[10.1568,55.8612],[10.1567,55.8612],[10.1566,55.8612],[10.1565,55.8612],[10.1564,55.8611],[10.1564,55.8611],[10.1562,55.8612],[10.1562,55.8612],[10.1562,55.8613],[10.1563,55.8613],[10.1563,55.8614],[10.1562,55.8614],[10.1561,55.8615],[10.156,55.8615],[10.1561,55.8615],[10.1563,55.8615],[10.1564,55.8615]]]},"properties":{"sourceId":"ais_par3.56257","a_type":5120,"hectares":0.239}},{"type":"Feature","id":"ais_par3.56258","geometry":{"type":"Polygon","coordinates":[[[10.075,55.8622],[10.075,55.8622],[10.0749,55.8621],[10.0748,55.8621],[10.0747,55.8622],[10.0747,55.8622],[10.0749,55.8622],[10.075,55.8622]]]},"properties":{"sourceId":"ais_par3.56258","a_type":5120,"hectares":0.015}},{"type":"Feature","id":"ais_par3.56259","geometry":{"type":"Polygon","coordinates":[[[10.0752,55.8621],[10.0751,55.8621],[10.0751,55.8621],[10.075,55.8622],[10.0751,55.8622],[10.0752,55.8622],[10.0753,55.8622],[10.0752,55.8621]]]},"properties":{"sourceId":"ais_par3.56259","a_type":5120,"hectares":0.012}},{"type":"Feature","id":"ais_par3.56260","geometry":{"type":"Polygon","coordinates":[[[10.0423,55.8538],[10.0422,55.8538],[10.0421,55.8535],[10.0417,55.8537],[10.0401,55.8524],[10.0397,55.8522],[10.0394,55.852],[10.0388,55.8518],[10.0384,55.8517],[10.0379,55.8517],[10.0374,55.8517],[10.0375,55.8518],[10.0376,55.8518],[10.0378,55.8519],[10.0381,55.8519],[10.0383,55.8521],[10.0384,55.8522],[10.0388,55.8523],[10.039,55.8523],[10.0395,55.8524],[10.0401,55.8528],[10.0401,55.8528],[10.0403,55.8528],[10.0404,55.8529],[10.0405,55.853],[10.0406,55.8531],[10.0406,55.8531],[10.0407,55.8532],[10.0408,55.8533],[10.041,55.8535],[10.0412,55.8537],[10.0414,55.8539],[10.0414,55.8539],[10.0415,55.8541],[10.0416,55.8543],[10.0416,55.8543],[10.0417,55.8545],[10.0418,55.8546],[10.0418,55.8547],[10.0419,55.8548],[10.0419,55.8549],[10.042,55.8549],[10.0421,55.8551],[10.0422,55.8552],[10.0423,55.8553],[10.0423,55.8554],[10.0424,55.8555],[10.0424,55.8556],[10.0425,55.8558],[10.0426,55.8559],[10.0426,55.856],[10.0426,55.856],[10.0427,55.856],[10.0427,55.8561],[10.0428,55.8561],[10.0429,55.8563],[10.043,55.8564],[10.0431,55.8565],[10.0432,55.8566],[10.0433,55.8568],[10.0434,55.8569],[10.0437,55.8572],[10.0438,55.8573],[10.0439,55.8574],[10.044,55.8575],[10.044,55.8576],[10.0441,55.8578],[10.0442,55.8579],[10.0442,55.8579],[10.0443,55.858],[10.0444,55.8582],[10.0444,55.8583],[10.0444,55.8583],[10.0446,55.8586],[10.0449,55.8594],[10.0451,55.8599],[10.0453,55.8605],[10.0456,55.8605],[10.0457,55.8606],[10.0458,55.8607],[10.0459,55.8607],[10.0459,55.8607],[10.0459,55.8608],[10.046,55.8609],[10.046,55.8609],[10.046,55.8611],[10.0461,55.8612],[10.0461,55.8612],[10.0461,55.8612],[10.0462,55.8612],[10.0463,55.8613],[10.0463,55.8614],[10.0464,55.8615],[10.0464,55.8615],[10.0465,55.8616],[10.0465,55.8617],[10.0466,55.8617],[10.0467,55.8618],[10.0467,55.8618],[10.0467,55.8619],[10.0468,55.8621],[10.0469,55.8621],[10.0469,55.8621],[10.0472,55.8624],[10.046,55.8604],[10.0458,55.8601],[10.0455,55.8596],[10.0453,55.8589],[10.0447,55.8579],[10.0445,55.8579],[10.0444,55.8576],[10.0441,55.8572],[10.0434,55.8566],[10.0431,55.8562],[10.0433,55.8562],[10.0433,55.8562],[10.043,55.8557],[10.0427,55.8557],[10.0425,55.8552],[10.0423,55.8547],[10.0426,55.8547],[10.0426,55.8538],[10.0425,55.8538],[10.0424,55.8538],[10.0423,55.8538]],[[10.0386,55.852],[10.0387,55.852],[10.0388,55.852],[10.0389,55.8521],[10.0392,55.8521],[10.0393,55.8522],[10.0394,55.8523],[10.039,55.8522],[10.0388,55.8522],[10.0384,55.852],[10.0384,55.852],[10.0386,55.852]]]},"properties":{"sourceId":"ais_par3.56260","a_type":4210,"hectares":3.837}},{"type":"Feature","id":"ais_par3.56261","geometry":{"type":"Polygon","coordinates":[[[10.0758,55.8621],[10.0759,55.8621],[10.0759,55.862],[10.0759,55.862],[10.0756,55.8621],[10.0756,55.8621],[10.0758,55.8621]]]},"properties":{"sourceId":"ais_par3.56261","a_type":5120,"hectares":0.017}},{"type":"Feature","id":"ais_par3.56262","geometry":{"type":"Polygon","coordinates":[[[10.1073,55.8617],[10.1073,55.8616],[10.1072,55.8616],[10.1071,55.8617],[10.107,55.8617],[10.1069,55.8617],[10.1068,55.8616],[10.1067,55.8617],[10.1067,55.8617],[10.1067,55.8618],[10.1068,55.8618],[10.107,55.8618],[10.1072,55.8618],[10.1073,55.8618],[10.1073,55.8617]]]},"properties":{"sourceId":"ais_par3.56262","a_type":5120,"hectares":0.076}},{"type":"Feature","id":"ais_par3.56263","geometry":{"type":"Polygon","coordinates":[[[10.0771,55.8619],[10.077,55.8619],[10.0769,55.8619],[10.0768,55.8619],[10.0769,55.862],[10.077,55.862],[10.0771,55.862],[10.0772,55.862],[10.0772,55.862],[10.0771,55.8619]]]},"properties":{"sourceId":"ais_par3.56263","a_type":5120,"hectares":0.022}},{"type":"Feature","id":"ais_par3.56264","geometry":{"type":"Polygon","coordinates":[[[10.0786,55.8619],[10.0787,55.8619],[10.0788,55.8619],[10.0787,55.8618],[10.0786,55.8618],[10.0785,55.8618],[10.0784,55.8618],[10.0784,55.8618],[10.0784,55.8619],[10.0785,55.8619],[10.0786,55.8619]]]},"properties":{"sourceId":"ais_par3.56264","a_type":5120,"hectares":0.025}},{"type":"Feature","id":"ais_par3.56265","geometry":{"type":"Polygon","coordinates":[[[10.1082,55.8615],[10.1081,55.8615],[10.108,55.8615],[10.1079,55.8615],[10.108,55.8616],[10.1081,55.8616],[10.1083,55.8616],[10.1084,55.8616],[10.1083,55.8615],[10.1082,55.8615]]]},"properties":{"sourceId":"ais_par3.56265","a_type":5120,"hectares":0.041}},{"type":"Feature","id":"ais_par3.56266","geometry":{"type":"Polygon","coordinates":[[[10.1433,55.8607],[10.1429,55.8608],[10.1427,55.8609],[10.1427,55.8609],[10.1428,55.861],[10.1428,55.861],[10.1436,55.8608],[10.144,55.8607],[10.1441,55.8606],[10.1439,55.8606],[10.1433,55.8607]]]},"properties":{"sourceId":"ais_par3.56266","a_type":5120,"hectares":0.129}},{"type":"Feature","id":"ais_par3.56267","geometry":{"type":"Polygon","coordinates":[[[10.1686,55.8607],[10.1687,55.8607],[10.1688,55.8607],[10.1689,55.8607],[10.1689,55.8606],[10.1688,55.8606],[10.1687,55.8605],[10.1687,55.8604],[10.1686,55.8603],[10.1685,55.8603],[10.1685,55.8602],[10.1685,55.8601],[10.1684,55.8601],[10.1682,55.8601],[10.1682,55.8602],[10.1681,55.8602],[10.1682,55.8603],[10.1683,55.8604],[10.1685,55.8606],[10.1686,55.8607]]]},"properties":{"sourceId":"ais_par3.56267","a_type":5120,"hectares":0.15}},{"type":"Feature","id":"ais_par3.56268","geometry":{"type":"Polygon","coordinates":[[[10.2023,55.8604],[10.2025,55.8603],[10.2025,55.8603],[10.2026,55.8602],[10.2026,55.8602],[10.2027,55.8601],[10.2028,55.8601],[10.2029,55.8601],[10.203,55.86],[10.2031,55.86],[10.2031,55.8599],[10.2032,55.8598],[10.2033,55.8597],[10.2034,55.8596],[10.2034,55.8596],[10.2034,55.8595],[10.2033,55.8595],[10.2032,55.8595],[10.203,55.8595],[10.2028,55.8595],[10.2026,55.8594],[10.2025,55.8594],[10.2023,55.8594],[10.2022,55.8595],[10.2021,55.8595],[10.2021,55.8596],[10.2021,55.8597],[10.2021,55.8598],[10.2022,55.86],[10.2023,55.8603],[10.2023,55.8604]]]},"properties":{"sourceId":"ais_par3.56268","a_type":5120,"hectares":0.533}},{"type":"Feature","id":"ais_par3.56269","geometry":{"type":"Polygon","coordinates":[[[10.1011,55.8601],[10.1009,55.8601],[10.1008,55.8601],[10.1008,55.8603],[10.1008,55.8604],[10.1008,55.8604],[10.1009,55.8604],[10.101,55.8604],[10.1012,55.8604],[10.1012,55.8603],[10.1011,55.8602],[10.1011,55.8601]]]},"properties":{"sourceId":"ais_par3.56269","a_type":5120,"hectares":0.08}},{"type":"Feature","id":"ais_par3.56270","geometry":{"type":"Polygon","coordinates":[[[10.173,55.8592],[10.1731,55.8592],[10.1731,55.8592],[10.1731,55.8591],[10.1731,55.8591],[10.173,55.8591],[10.1729,55.8591],[10.1728,55.8591],[10.1727,55.8591],[10.1727,55.8591],[10.1727,55.8592],[10.1727,55.8592],[10.1728,55.8592],[10.1729,55.8592],[10.173,55.8592]]]},"properties":{"sourceId":"ais_par3.56270","a_type":5120,"hectares":0.046}},{"type":"Feature","id":"ais_par3.56271","geometry":{"type":"Polygon","coordinates":[[[10.1505,55.8535],[10.1503,55.8536],[10.15,55.8538],[10.1493,55.8543],[10.1484,55.8549],[10.1475,55.8554],[10.1466,55.8558],[10.1448,55.8565],[10.1439,55.8569],[10.1434,55.8571],[10.1424,55.8575],[10.142,55.8577],[10.1412,55.8583],[10.1406,55.8588],[10.1412,55.8584],[10.1418,55.8581],[10.1423,55.858],[10.1424,55.8579],[10.1429,55.8576],[10.1433,55.8576],[10.144,55.8573],[10.1454,55.857],[10.1463,55.8566],[10.148,55.8558],[10.1488,55.8554],[10.149,55.8554],[10.1512,55.8537],[10.1505,55.8535]]]},"properties":{"sourceId":"ais_par3.56271","a_type":3210,"hectares":3.906}},{"type":"Feature","id":"ais_par3.56272","geometry":{"type":"Polygon","coordinates":[[[10.1772,55.8578],[10.1774,55.8578],[10.1775,55.8578],[10.1776,55.8577],[10.1777,55.8577],[10.1777,55.8576],[10.1776,55.8576],[10.1776,55.8576],[10.1775,55.8576],[10.1774,55.8576],[10.1771,55.8576],[10.1771,55.8576],[10.177,55.8576],[10.1769,55.8577],[10.177,55.8577],[10.177,55.8578],[10.1771,55.8578],[10.1772,55.8578]]]},"properties":{"sourceId":"ais_par3.56272","a_type":5120,"hectares":0.092}},{"type":"Feature","id":"ais_par3.56273","geometry":{"type":"Polygon","coordinates":[[[10.1713,55.857],[10.1714,55.857],[10.1714,55.857],[10.1715,55.857],[10.1716,55.8569],[10.1715,55.8568],[10.1715,55.8568],[10.1714,55.8568],[10.1713,55.8568],[10.1712,55.8569],[10.1711,55.8569],[10.171,55.8569],[10.171,55.857],[10.171,55.857],[10.1711,55.857],[10.1712,55.8571],[10.1713,55.857]]]},"properties":{"sourceId":"ais_par3.56273","a_type":5120,"hectares":0.068}},{"type":"Feature","id":"ais_par3.56274","geometry":{"type":"Polygon","coordinates":[[[10.1668,55.8567],[10.1669,55.8567],[10.167,55.8566],[10.167,55.8566],[10.167,55.8565],[10.167,55.8565],[10.1669,55.8564],[10.1668,55.8564],[10.1668,55.8564],[10.1667,55.8563],[10.1666,55.8564],[10.1665,55.8564],[10.1665,55.8564],[10.1665,55.8565],[10.1665,55.8565],[10.1665,55.8566],[10.1665,55.8566],[10.1665,55.8567],[10.1666,55.8567],[10.1666,55.8567],[10.1667,55.8567],[10.1668,55.8567]]]},"properties":{"sourceId":"ais_par3.56274","a_type":5120,"hectares":0.104}},{"type":"Feature","id":"ais_par3.56275","geometry":{"type":"Polygon","coordinates":[[[10.1853,55.8556],[10.1854,55.8556],[10.1854,55.8555],[10.1853,55.8555],[10.1852,55.8556],[10.1852,55.8556],[10.1853,55.8556]]]},"properties":{"sourceId":"ais_par3.56275","a_type":5120,"hectares":0.008}},{"type":"Feature","id":"ais_par3.56276","geometry":{"type":"Polygon","coordinates":[[[10.1748,55.8547],[10.1746,55.8548],[10.1743,55.8549],[10.1742,55.855],[10.1741,55.855],[10.174,55.8551],[10.174,55.8551],[10.174,55.8551],[10.1741,55.8552],[10.1742,55.8552],[10.1749,55.8549],[10.1749,55.8548],[10.1749,55.8548],[10.1748,55.8547]]]},"properties":{"sourceId":"ais_par3.56276","a_type":5120,"hectares":0.136}},{"type":"Feature","id":"ais_par3.56277","geometry":{"type":"Polygon","coordinates":[[[10.1694,55.855],[10.1695,55.855],[10.1697,55.8549],[10.1698,55.8549],[10.1699,55.8548],[10.1699,55.8548],[10.1698,55.8548],[10.1698,55.8547],[10.1696,55.8547],[10.1696,55.8547],[10.1695,55.8547],[10.1693,55.8548],[10.1693,55.8548],[10.1692,55.8549],[10.1692,55.8549],[10.1692,55.855],[10.1693,55.855],[10.1694,55.855]]]},"properties":{"sourceId":"ais_par3.56277","a_type":5120,"hectares":0.092}},{"type":"Feature","id":"ais_par3.56278","geometry":{"type":"Polygon","coordinates":[[[10.1946,55.8543],[10.1946,55.8542],[10.1945,55.8542],[10.1943,55.8543],[10.1942,55.8543],[10.1941,55.8544],[10.194,55.8544],[10.1941,55.8545],[10.1942,55.8545],[10.1945,55.8545],[10.1947,55.8544],[10.1948,55.8544],[10.1948,55.8543],[10.1947,55.8543],[10.1946,55.8543]]]},"properties":{"sourceId":"ais_par3.56278","a_type":5120,"hectares":0.09}},{"type":"Feature","id":"ais_par3.56279","geometry":{"type":"Polygon","coordinates":[[[10.1182,55.8549],[10.1182,55.8549],[10.1182,55.8548],[10.1182,55.8547],[10.1181,55.8543],[10.118,55.8542],[10.118,55.8543],[10.1179,55.8543],[10.1179,55.8544],[10.1179,55.8544],[10.1178,55.8545],[10.1175,55.8546],[10.1175,55.8546],[10.1174,55.8546],[10.1173,55.8546],[10.1172,55.8546],[10.1172,55.8546],[10.1171,55.8546],[10.117,55.8546],[10.1169,55.8546],[10.1168,55.8546],[10.1167,55.8546],[10.1167,55.8546],[10.1165,55.8546],[10.1164,55.8547],[10.1164,55.8547],[10.1164,55.8548],[10.1165,55.8548],[10.1167,55.8548],[10.1167,55.8548],[10.1167,55.8548],[10.1168,55.8548],[10.117,55.8548],[10.1171,55.8549],[10.1171,55.8549],[10.1172,55.8549],[10.1173,55.8548],[10.1175,55.8549],[10.1175,55.8549],[10.1175,55.8549],[10.1176,55.8549],[10.1177,55.8549],[10.1177,55.8549],[10.1177,55.8549],[10.1178,55.855],[10.1178,55.8551],[10.1179,55.8551],[10.118,55.8551],[10.1181,55.8551],[10.1182,55.855],[10.1182,55.8549]]]},"properties":{"sourceId":"ais_par3.56279","a_type":4210,"hectares":0.465}},{"type":"Feature","id":"ais_par3.56280","geometry":{"type":"Polygon","coordinates":[[[10.1505,55.8535],[10.1519,55.8524],[10.1533,55.8512],[10.1549,55.8501],[10.1565,55.849],[10.1544,55.8501],[10.1534,55.8507],[10.1525,55.8513],[10.1514,55.8522],[10.1512,55.8523],[10.1511,55.8525],[10.1511,55.8527],[10.151,55.8528],[10.1509,55.853],[10.1506,55.8533],[10.1503,55.8536],[10.1505,55.8535]]]},"properties":{"sourceId":"ais_par3.56280","a_type":4210,"hectares":1.386}},{"type":"Feature","id":"ais_par3.56281","geometry":{"type":"Polygon","coordinates":[[[10.1916,55.853],[10.1916,55.853],[10.1923,55.8526],[10.1921,55.8523],[10.1919,55.8524],[10.1918,55.8525],[10.1917,55.8526],[10.1915,55.8527],[10.1914,55.8528],[10.1913,55.8529],[10.1912,55.8529],[10.1912,55.8529],[10.1912,55.853],[10.1913,55.853],[10.1913,55.8531],[10.1916,55.853]]]},"properties":{"sourceId":"ais_par3.56281","a_type":4120,"hectares":0.233}},{"type":"Feature","id":"ais_par3.56295","geometry":{"type":"Polygon","coordinates":[[[10.0478,55.8458],[10.0502,55.8463],[10.0506,55.8464],[10.051,55.8465],[10.0513,55.8467],[10.0517,55.8469],[10.052,55.847],[10.0525,55.8471],[10.0531,55.8473],[10.0534,55.8474],[10.0539,55.8476],[10.054,55.8476],[10.0541,55.8475],[10.0541,55.8475],[10.0539,55.8475],[10.0535,55.8474],[10.0532,55.8472],[10.0529,55.8471],[10.0521,55.8468],[10.0517,55.8467],[10.0514,55.8465],[10.0511,55.8464],[10.0508,55.8463],[10.0506,55.8462],[10.0503,55.8461],[10.05,55.8459],[10.0498,55.8459],[10.0495,55.8457],[10.0494,55.8456],[10.0493,55.8456],[10.0491,55.8454],[10.0489,55.8453],[10.0488,55.8452],[10.0485,55.845],[10.0485,55.8449],[10.0482,55.8447],[10.0479,55.8445],[10.0478,55.8445],[10.0478,55.8446],[10.0478,55.8458]]]},"properties":{"sourceId":"ais_par3.56295","a_type":4210,"hectares":1.736}},{"type":"Feature","id":"ais_par3.56296","geometry":{"type":"Polygon","coordinates":[[[10.192,55.8451],[10.1919,55.8451],[10.1918,55.8452],[10.1918,55.8452],[10.1919,55.8453],[10.1919,55.8453],[10.192,55.8453],[10.1921,55.8453],[10.1921,55.8453],[10.1922,55.8452],[10.1921,55.8451],[10.1921,55.8451],[10.192,55.8451]]]},"properties":{"sourceId":"ais_par3.56296","a_type":5120,"hectares":0.034}},{"type":"Feature","id":"ais_par3.56297","geometry":{"type":"Polygon","coordinates":[[[10.0381,55.8429],[10.037,55.8433],[10.0363,55.8436],[10.0361,55.8437],[10.0361,55.8438],[10.036,55.8439],[10.036,55.8441],[10.0358,55.8445],[10.0358,55.845],[10.0358,55.8455],[10.0359,55.846],[10.0359,55.8456],[10.036,55.8453],[10.0363,55.8444],[10.0363,55.8442],[10.0364,55.8439],[10.0365,55.8437],[10.0367,55.8436],[10.0369,55.8435],[10.0371,55.8434],[10.0378,55.8433],[10.0383,55.8433],[10.0381,55.8429]]]},"properties":{"sourceId":"ais_par3.56297","a_type":4210,"hectares":0.715}},{"type":"Feature","id":"ais_par3.56282","geometry":{"type":"Polygon","coordinates":[[[10.1924,55.8522],[10.1923,55.852],[10.1923,55.8519],[10.1922,55.8518],[10.1922,55.8518],[10.1923,55.8516],[10.1924,55.8515],[10.1922,55.8512],[10.1922,55.8512],[10.192,55.8512],[10.192,55.8511],[10.1919,55.8511],[10.1918,55.851],[10.1917,55.8504],[10.1919,55.8501],[10.192,55.85],[10.1922,55.8499],[10.1924,55.8497],[10.1926,55.8496],[10.1929,55.8492],[10.1929,55.8491],[10.1929,55.8491],[10.193,55.849],[10.194,55.8477],[10.1942,55.8474],[10.1947,55.8467],[10.1949,55.8465],[10.1951,55.8462],[10.1951,55.8461],[10.1951,55.846],[10.1952,55.8459],[10.1953,55.8458],[10.1954,55.8458],[10.1954,55.8457],[10.1954,55.8456],[10.1954,55.8456],[10.1954,55.8452],[10.1957,55.8444],[10.1959,55.844],[10.1963,55.8437],[10.1964,55.8433],[10.1966,55.8433],[10.1969,55.8433],[10.1971,55.8431],[10.1976,55.8428],[10.198,55.8423],[10.1979,55.8422],[10.1978,55.8416],[10.1977,55.8411],[10.1968,55.8401],[10.1963,55.8395],[10.1957,55.8392],[10.1951,55.8388],[10.1948,55.8385],[10.1946,55.8382],[10.1941,55.8381],[10.1928,55.8379],[10.1924,55.8377],[10.1921,55.8378],[10.1913,55.838],[10.1891,55.8384],[10.1868,55.8387],[10.1854,55.8389],[10.1837,55.8393],[10.185,55.8393],[10.1854,55.8393],[10.1861,55.8394],[10.1889,55.8395],[10.1893,55.8395],[10.191,55.8397],[10.1914,55.8397],[10.1925,55.8399],[10.1953,55.8399],[10.1965,55.8399],[10.1965,55.8401],[10.1966,55.8406],[10.1967,55.841],[10.1967,55.8412],[10.1965,55.8414],[10.1962,55.8416],[10.1952,55.8456],[10.1948,55.8463],[10.1926,55.8493],[10.1921,55.8494],[10.1919,55.8494],[10.1908,55.8499],[10.192,55.8518],[10.1918,55.8518],[10.1925,55.8527],[10.1927,55.8526],[10.1927,55.8525],[10.1925,55.8523],[10.1924,55.8522]],[[10.1937,55.839],[10.1936,55.839],[10.1936,55.8391],[10.1935,55.8392],[10.1935,55.8393],[10.1934,55.8393],[10.1933,55.8392],[10.1933,55.8392],[10.1932,55.8392],[10.1931,55.8391],[10.193,55.839],[10.193,55.839],[10.1929,55.839],[10.1928,55.8389],[10.1929,55.8389],[10.1929,55.8388],[10.193,55.8388],[10.1931,55.8387],[10.1933,55.8387],[10.1933,55.8387],[10.1935,55.8387],[10.1937,55.8387],[10.1938,55.8387],[10.1939,55.8388],[10.1939,55.8388],[10.194,55.8389],[10.194,55.8389],[10.194,55.839],[10.194,55.839],[10.1938,55.839],[10.1937,55.839]],[[10.1974,55.8423],[10.1975,55.8424],[10.1975,55.8425],[10.1975,55.8425],[10.1974,55.8426],[10.1973,55.8426],[10.1972,55.8426],[10.1971,55.8426],[10.197,55.8427],[10.1969,55.8427],[10.1968,55.8427],[10.1968,55.8426],[10.1968,55.8426],[10.1969,55.8425],[10.1971,55.8424],[10.1972,55.8424],[10.1973,55.8423],[10.1974,55.8423]],[[10.1965,55.8418],[10.1966,55.8418],[10.1966,55.8419],[10.1966,55.8419],[10.1966,55.842],[10.1966,55.842],[10.1966,55.8421],[10.1966,55.8422],[10.1965,55.8423],[10.1965,55.8423],[10.1964,55.8423],[10.1963,55.8423],[10.1962,55.8422],[10.1962,55.8421],[10.1962,55.842],[10.1963,55.8419],[10.1963,55.8419],[10.1964,55.8418],[10.1965,55.8418]]]},"properties":{"sourceId":"ais_par3.56282","a_type":4210,"hectares":14.64}},{"type":"Feature","id":"ais_par3.56283","geometry":{"type":"Polygon","coordinates":[[[10.1211,55.8508],[10.1208,55.8508],[10.1208,55.8509],[10.1208,55.8509],[10.1211,55.8509],[10.1213,55.851],[10.1215,55.8511],[10.1216,55.8513],[10.1216,55.8516],[10.1215,55.852],[10.1214,55.8522],[10.1214,55.8525],[10.1214,55.8527],[10.1214,55.8528],[10.1215,55.8528],[10.1215,55.8525],[10.1216,55.8522],[10.1216,55.852],[10.1217,55.8518],[10.1218,55.8515],[10.1218,55.8513],[10.1218,55.851],[10.1216,55.8509],[10.1213,55.8509],[10.1211,55.8508]]]},"properties":{"sourceId":"ais_par3.56283","a_type":4210,"hectares":0.278}},{"type":"Feature","id":"ais_par3.56284","geometry":{"type":"Polygon","coordinates":[[[10.0426,55.8535],[10.0424,55.8535],[10.0424,55.8535],[10.0423,55.8536],[10.0423,55.8537],[10.0423,55.8537],[10.0423,55.8538],[10.0424,55.8538],[10.0425,55.8538],[10.0425,55.8537],[10.0425,55.8536],[10.0426,55.8535]]]},"properties":{"sourceId":"ais_par3.56284","a_type":5120,"hectares":0.038}},{"type":"Feature","id":"ais_par3.56285","geometry":{"type":"Polygon","coordinates":[[[10.0427,55.8535],[10.0426,55.8535],[10.0426,55.8535],[10.0426,55.8536],[10.0427,55.8535],[10.0427,55.8535]]]},"properties":{"sourceId":"ais_par3.56285","a_type":5120,"hectares":0.007}},{"type":"Feature","id":"ais_par3.56286","geometry":{"type":"Polygon","coordinates":[[[10.0428,55.8534],[10.0428,55.8534],[10.0428,55.8534],[10.0427,55.8534],[10.0427,55.8535],[10.0428,55.8534]]]},"properties":{"sourceId":"ais_par3.56286","a_type":5120,"hectares":0.006}},{"type":"Feature","id":"ais_par3.56287","geometry":{"type":"Polygon","coordinates":[[[10.0386,55.852],[10.0384,55.852],[10.0384,55.852],[10.0388,55.8522],[10.039,55.8522],[10.0394,55.8523],[10.0393,55.8522],[10.0392,55.8521],[10.0389,55.8521],[10.0388,55.852],[10.0387,55.852],[10.0386,55.852]]]},"properties":{"sourceId":"ais_par3.56287","a_type":5120,"hectares":0.053}},{"type":"Feature","id":"ais_par3.56288","geometry":{"type":"Polygon","coordinates":[[[10.1757,55.8507],[10.1757,55.8507],[10.1757,55.8507],[10.1757,55.8508],[10.1757,55.8508],[10.1757,55.8509],[10.1757,55.8509],[10.1758,55.851],[10.1759,55.8509],[10.176,55.8509],[10.176,55.8509],[10.176,55.8508],[10.176,55.8507],[10.1759,55.8507],[10.1758,55.8507],[10.1757,55.8507]]]},"properties":{"sourceId":"ais_par3.56288","a_type":5120,"hectares":0.05}},{"type":"Feature","id":"ais_par3.56289","geometry":{"type":"Polygon","coordinates":[[[10.1206,55.8488],[10.1206,55.8486],[10.1204,55.8486],[10.1199,55.8488],[10.1194,55.8488],[10.1191,55.8489],[10.1187,55.8489],[10.1182,55.849],[10.1178,55.849],[10.1173,55.849],[10.1171,55.849],[10.1169,55.8491],[10.1168,55.8491],[10.1166,55.8492],[10.1164,55.8492],[10.1161,55.8492],[10.1158,55.8492],[10.1154,55.8493],[10.1152,55.8494],[10.1151,55.8495],[10.1151,55.8496],[10.115,55.8497],[10.1149,55.8497],[10.1149,55.8498],[10.1149,55.8499],[10.1149,55.8499],[10.1151,55.85],[10.1152,55.85],[10.1154,55.85],[10.1154,55.85],[10.1155,55.8499],[10.1154,55.8498],[10.1156,55.8498],[10.1156,55.8497],[10.1156,55.8496],[10.1156,55.8495],[10.1157,55.8495],[10.1157,55.8494],[10.1158,55.8494],[10.1158,55.8494],[10.1162,55.8493],[10.1166,55.8493],[10.1169,55.8492],[10.1172,55.8491],[10.1173,55.8491],[10.1175,55.849],[10.1201,55.8488],[10.1202,55.8489],[10.1201,55.849],[10.1201,55.849],[10.1202,55.849],[10.1203,55.849],[10.1204,55.8489],[10.1206,55.8488]]]},"properties":{"sourceId":"ais_par3.56289","a_type":4210,"hectares":0.561}},{"type":"Feature","id":"ais_par3.56290","geometry":{"type":"Polygon","coordinates":[[[10.048,55.8495],[10.0481,55.8495],[10.0482,55.8494],[10.0483,55.8494],[10.0484,55.8494],[10.0484,55.8493],[10.0484,55.8493],[10.0484,55.8492],[10.0483,55.8492],[10.0482,55.8492],[10.0481,55.8492],[10.0479,55.8492],[10.0479,55.8492],[10.0478,55.8493],[10.0478,55.8494],[10.0478,55.8494],[10.0479,55.8495],[10.048,55.8495],[10.048,55.8495]]]},"properties":{"sourceId":"ais_par3.56290","a_type":5120,"hectares":0.103}},{"type":"Feature","id":"ais_par3.56291","geometry":{"type":"Polygon","coordinates":[[[10.1622,55.8481],[10.1623,55.848],[10.1623,55.848],[10.1623,55.8479],[10.1623,55.8479],[10.1622,55.8478],[10.1621,55.8479],[10.162,55.8479],[10.162,55.8479],[10.162,55.848],[10.1621,55.8481],[10.1622,55.8481]]]},"properties":{"sourceId":"ais_par3.56291","a_type":5120,"hectares":0.036}},{"type":"Feature","id":"ais_par3.56292","geometry":{"type":"Polygon","coordinates":[[[10.1826,55.8471],[10.1825,55.8472],[10.1825,55.8472],[10.1826,55.8472],[10.1827,55.8473],[10.1828,55.8474],[10.1829,55.8474],[10.183,55.8475],[10.1831,55.8475],[10.1832,55.8475],[10.1832,55.8475],[10.1834,55.8475],[10.1836,55.8474],[10.1837,55.8473],[10.1837,55.8472],[10.1838,55.8472],[10.1837,55.8471],[10.1837,55.847],[10.1836,55.8469],[10.1836,55.8469],[10.1835,55.8469],[10.1835,55.8469],[10.1828,55.8471],[10.1828,55.8471],[10.1827,55.8471],[10.1826,55.8471]]]},"properties":{"sourceId":"ais_par3.56292","a_type":5120,"hectares":0.323}},{"type":"Feature","id":"ais_par3.56293","geometry":{"type":"Polygon","coordinates":[[[10.192,55.8461],[10.1919,55.8462],[10.1919,55.8462],[10.1918,55.8463],[10.1918,55.8463],[10.1918,55.8463],[10.1918,55.8464],[10.1918,55.8464],[10.1919,55.8464],[10.192,55.8465],[10.1921,55.8464],[10.1921,55.8464],[10.1922,55.8463],[10.1921,55.8463],[10.1921,55.8462],[10.1921,55.8462],[10.192,55.8461],[10.192,55.8461]]]},"properties":{"sourceId":"ais_par3.56293","a_type":5120,"hectares":0.059}},{"type":"Feature","id":"ais_par3.56294","geometry":{"type":"Polygon","coordinates":[[[10.0375,55.8478],[10.0376,55.8477],[10.0377,55.8477],[10.0377,55.8477],[10.0377,55.8477],[10.0376,55.8477],[10.0375,55.8476],[10.0374,55.8476],[10.0373,55.8477],[10.0373,55.8477],[10.0372,55.8478],[10.0372,55.8478],[10.0373,55.8478],[10.0374,55.8478],[10.0375,55.8478]]]},"properties":{"sourceId":"ais_par3.56294","a_type":5120,"hectares":0.041}},{"type":"Feature","id":"ais_par3.56298","geometry":{"type":"Polygon","coordinates":[[[10.1855,55.8442],[10.1855,55.8442],[10.1854,55.8442],[10.1854,55.8443],[10.1854,55.8443],[10.1855,55.8444],[10.1856,55.8444],[10.1857,55.8443],[10.1858,55.8443],[10.1858,55.8443],[10.1858,55.8442],[10.1858,55.8442],[10.1857,55.8442],[10.1855,55.8442]]]},"properties":{"sourceId":"ais_par3.56298","a_type":5120,"hectares":0.048}},{"type":"Feature","id":"ais_par3.56299","geometry":{"type":"Polygon","coordinates":[[[10.046,55.8452],[10.0468,55.8452],[10.0469,55.8447],[10.0457,55.8444],[10.0457,55.845],[10.0451,55.845],[10.0448,55.8449],[10.0447,55.8449],[10.0446,55.8448],[10.0446,55.8449],[10.0445,55.845],[10.0444,55.845],[10.0442,55.8451],[10.044,55.8451],[10.0439,55.8453],[10.0447,55.8453],[10.0447,55.8452],[10.0448,55.8452],[10.045,55.8452],[10.0451,55.8452],[10.0456,55.8452],[10.0457,55.8452],[10.046,55.8452]]]},"properties":{"sourceId":"ais_par3.56299","a_type":4120,"hectares":0.802}},{"type":"Feature","id":"ais_par3.56300","geometry":{"type":"Polygon","coordinates":[[[10.1912,55.8435],[10.1913,55.8436],[10.1914,55.8436],[10.1915,55.8436],[10.1915,55.8435],[10.1915,55.8435],[10.1915,55.8434],[10.1914,55.8433],[10.1914,55.8433],[10.1913,55.8433],[10.1912,55.8434],[10.1911,55.8434],[10.1911,55.8435],[10.1912,55.8435]]]},"properties":{"sourceId":"ais_par3.56300","a_type":5120,"hectares":0.056}},{"type":"Feature","id":"ais_par3.56301","geometry":{"type":"Polygon","coordinates":[[[10.1948,55.8428],[10.1949,55.8428],[10.195,55.8428],[10.195,55.8427],[10.195,55.8427],[10.1949,55.8427],[10.1948,55.8427],[10.1947,55.8427],[10.1947,55.8428],[10.1947,55.8428],[10.1948,55.8428]]]},"properties":{"sourceId":"ais_par3.56301","a_type":5120,"hectares":0.025}},{"type":"Feature","id":"ais_par3.56302","geometry":{"type":"Polygon","coordinates":[[[10.1974,55.8423],[10.1973,55.8423],[10.1972,55.8424],[10.1971,55.8424],[10.1969,55.8425],[10.1968,55.8426],[10.1968,55.8426],[10.1968,55.8427],[10.1969,55.8427],[10.197,55.8427],[10.1971,55.8426],[10.1972,55.8426],[10.1973,55.8426],[10.1974,55.8426],[10.1975,55.8425],[10.1975,55.8425],[10.1975,55.8424],[10.1974,55.8423]]]},"properties":{"sourceId":"ais_par3.56302","a_type":5120,"hectares":0.1}},{"type":"Feature","id":"ais_par3.56303","geometry":{"type":"Polygon","coordinates":[[[10.1965,55.8418],[10.1964,55.8418],[10.1963,55.8419],[10.1963,55.8419],[10.1962,55.842],[10.1962,55.8421],[10.1962,55.8422],[10.1963,55.8423],[10.1964,55.8423],[10.1965,55.8423],[10.1965,55.8423],[10.1966,55.8422],[10.1966,55.8421],[10.1966,55.842],[10.1966,55.842],[10.1966,55.8419],[10.1966,55.8419],[10.1966,55.8418],[10.1965,55.8418]]]},"properties":{"sourceId":"ais_par3.56303","a_type":5120,"hectares":0.117}},{"type":"Feature","id":"ais_par3.56304","geometry":{"type":"Polygon","coordinates":[[[10.04,55.8429],[10.0391,55.8429],[10.0388,55.8429],[10.0386,55.8429],[10.0386,55.8429],[10.0387,55.843],[10.0388,55.8431],[10.0389,55.8431],[10.0392,55.8431],[10.0402,55.843],[10.0414,55.843],[10.0422,55.8431],[10.0427,55.8431],[10.0435,55.8432],[10.0437,55.8432],[10.0438,55.8432],[10.0437,55.8431],[10.0436,55.8431],[10.0432,55.8431],[10.0426,55.843],[10.0418,55.843],[10.0412,55.843],[10.0408,55.843],[10.0404,55.843],[10.04,55.8429]]]},"properties":{"sourceId":"ais_par3.56304","a_type":4210,"hectares":0.321}},{"type":"Feature","id":"ais_par3.56305","geometry":{"type":"Polygon","coordinates":[[[10.1937,55.839],[10.1938,55.839],[10.194,55.839],[10.194,55.839],[10.194,55.8389],[10.194,55.8389],[10.1939,55.8388],[10.1939,55.8388],[10.1938,55.8387],[10.1937,55.8387],[10.1935,55.8387],[10.1933,55.8387],[10.1933,55.8387],[10.1931,55.8387],[10.193,55.8388],[10.1929,55.8388],[10.1929,55.8389],[10.1928,55.8389],[10.1929,55.839],[10.193,55.839],[10.193,55.839],[10.1931,55.8391],[10.1932,55.8392],[10.1933,55.8392],[10.1933,55.8392],[10.1934,55.8393],[10.1935,55.8393],[10.1935,55.8392],[10.1936,55.8391],[10.1936,55.839],[10.1937,55.839]]]},"properties":{"sourceId":"ais_par3.56305","a_type":5120,"hectares":0.275}},{"type":"Feature","id":"ais_par3.57704","geometry":{"type":"Polygon","coordinates":[[[10.0988,56.0282],[10.0989,56.0282],[10.0989,56.0281],[10.099,56.0281],[10.0991,56.0281],[10.0993,56.028],[10.0995,56.0279],[10.0996,56.0279],[10.0997,56.0279],[10.0998,56.0279],[10.0999,56.0279],[10.1,56.0279],[10.1,56.0279],[10.1001,56.0279],[10.1002,56.0279],[10.1003,56.0279],[10.1005,56.0279],[10.1008,56.0279],[10.1009,56.0278],[10.101,56.0278],[10.1011,56.0278],[10.1012,56.0279],[10.1012,56.0279],[10.1013,56.028],[10.1013,56.028],[10.1014,56.0282],[10.1009,56.0284],[10.1009,56.0284],[10.101,56.0285],[10.101,56.0285],[10.101,56.0286],[10.1008,56.0286],[10.1007,56.0286],[10.1006,56.0287],[10.1005,56.0287],[10.1005,56.0287],[10.1005,56.0288],[10.1005,56.0288],[10.1004,56.0289],[10.1006,56.0289],[10.1006,56.029],[10.1007,56.029],[10.1007,56.0291],[10.1008,56.029],[10.1009,56.029],[10.1009,56.029],[10.1012,56.0289],[10.1014,56.0289],[10.1016,56.0289],[10.1017,56.0289],[10.1018,56.0289],[10.1018,56.029],[10.1018,56.0291],[10.1017,56.0291],[10.1015,56.0292],[10.1013,56.0293],[10.1012,56.0293],[10.1009,56.0294],[10.1009,56.0295],[10.1007,56.0295],[10.1005,56.0296],[10.1004,56.0296],[10.1003,56.0296],[10.1,56.0297],[10.0994,56.0297],[10.0992,56.0297],[10.099,56.0297],[10.0991,56.03],[10.0996,56.0299],[10.1003,56.0297],[10.101,56.0296],[10.1013,56.0296],[10.1016,56.0295],[10.1018,56.0294],[10.102,56.0292],[10.1024,56.029],[10.1026,56.0289],[10.1027,56.0289],[10.1033,56.0288],[10.1034,56.0288],[10.1038,56.0287],[10.104,56.0286],[10.1047,56.0282],[10.1055,56.0278],[10.106,56.0275],[10.107,56.027],[10.1068,56.0266],[10.1063,56.0262],[10.1056,56.0266],[10.105,56.0269],[10.1042,56.0273],[10.1037,56.0275],[10.1034,56.0276],[10.1032,56.0269],[10.1013,56.0274],[10.1011,56.0269],[10.1009,56.0269],[10.0999,56.0271],[10.1001,56.0276],[10.0986,56.028],[10.0987,56.0282],[10.0988,56.0282]],[[10.1049,56.0278],[10.1048,56.0278],[10.1046,56.0279],[10.1045,56.0278],[10.1047,56.0277],[10.1048,56.0277],[10.1049,56.0276],[10.105,56.0276],[10.1051,56.0275],[10.1052,56.0276],[10.1052,56.0276],[10.1052,56.0276],[10.1051,56.0277],[10.105,56.0277],[10.1049,56.0277],[10.1049,56.0278]]]},"properties":{"sourceId":"ais_par3.57704","a_type":4110,"hectares":6.775}},{"type":"Feature","id":"ais_par3.57715","geometry":{"type":"Polygon","coordinates":[[[10.0151,56.0274],[10.0151,56.0274],[10.0149,56.0274],[10.0149,56.0274],[10.0149,56.0273],[10.0148,56.0273],[10.0148,56.0272],[10.0149,56.0272],[10.0149,56.0271],[10.0146,56.0269],[10.0141,56.0271],[10.0148,56.0283],[10.0146,56.0283],[10.0148,56.0285],[10.0151,56.0286],[10.0155,56.0288],[10.0156,56.0288],[10.0157,56.0289],[10.0158,56.029],[10.016,56.029],[10.016,56.029],[10.0161,56.029],[10.0162,56.029],[10.0163,56.0289],[10.0163,56.0288],[10.0163,56.0287],[10.0162,56.0286],[10.0161,56.0286],[10.016,56.0285],[10.0156,56.0281],[10.0157,56.028],[10.0153,56.0276],[10.0151,56.0274]],[[10.016,56.0287],[10.0161,56.0287],[10.0162,56.0287],[10.0162,56.0288],[10.0162,56.0288],[10.0162,56.0288],[10.0161,56.0289],[10.016,56.0289],[10.016,56.0289],[10.0159,56.0288],[10.0158,56.0288],[10.0158,56.0288],[10.0159,56.0287],[10.0159,56.0287],[10.016,56.0287],[10.016,56.0287]]]},"properties":{"sourceId":"ais_par3.57715","a_type":4110,"hectares":1.244}},{"type":"Feature","id":"ais_par3.57718","geometry":{"type":"Polygon","coordinates":[[[10.097,56.0281],[10.0972,56.0281],[10.0971,56.0279],[10.097,56.0276],[10.0969,56.0274],[10.0965,56.0273],[10.0962,56.0272],[10.096,56.0271],[10.096,56.027],[10.0959,56.0269],[10.0958,56.0268],[10.0957,56.0267],[10.0956,56.0267],[10.0954,56.0268],[10.0953,56.0269],[10.0954,56.027],[10.0955,56.0271],[10.0956,56.0271],[10.0957,56.0271],[10.0959,56.0271],[10.0963,56.0273],[10.0964,56.0274],[10.0966,56.0277],[10.0969,56.0281],[10.097,56.0281]],[[10.0957,56.0268],[10.0957,56.0269],[10.0957,56.0269],[10.0957,56.027],[10.0957,56.027],[10.0957,56.027],[10.0956,56.0271],[10.0956,56.0271],[10.0955,56.027],[10.0955,56.027],[10.0956,56.0269],[10.0956,56.0269],[10.0956,56.0268],[10.0957,56.0268]]]},"properties":{"sourceId":"ais_par3.57718","a_type":4110,"hectares":0.314}},{"type":"Feature","id":"ais_par3.57719","geometry":{"type":"Polygon","coordinates":[[[10.1049,56.0278],[10.1049,56.0277],[10.105,56.0277],[10.1051,56.0277],[10.1052,56.0276],[10.1052,56.0276],[10.1052,56.0276],[10.1051,56.0275],[10.105,56.0276],[10.1049,56.0276],[10.1048,56.0277],[10.1047,56.0277],[10.1045,56.0278],[10.1046,56.0279],[10.1048,56.0278],[10.1049,56.0278]]]},"properties":{"sourceId":"ais_par3.57719","a_type":5120,"hectares":0.058}},{"type":"Feature","id":"ais_par3.57721","geometry":{"type":"Polygon","coordinates":[[[10.0957,56.0268],[10.0956,56.0268],[10.0956,56.0269],[10.0956,56.0269],[10.0955,56.027],[10.0955,56.027],[10.0956,56.0271],[10.0956,56.0271],[10.0957,56.027],[10.0957,56.027],[10.0957,56.027],[10.0957,56.0269],[10.0957,56.0269],[10.0957,56.0268]]]},"properties":{"sourceId":"ais_par3.57721","a_type":5120,"hectares":0.028}},{"type":"Feature","id":"ais_par3.57722","geometry":{"type":"Polygon","coordinates":[[[10.0153,56.0276],[10.0155,56.0274],[10.0155,56.0274],[10.0156,56.0272],[10.0155,56.027],[10.0155,56.0267],[10.0155,56.0265],[10.0155,56.0263],[10.0156,56.026],[10.0142,56.0264],[10.0138,56.0268],[10.0141,56.0271],[10.0146,56.0269],[10.0149,56.0271],[10.0149,56.027],[10.015,56.027],[10.0151,56.0269],[10.0152,56.0269],[10.0152,56.027],[10.0152,56.027],[10.0152,56.0271],[10.0153,56.0271],[10.0154,56.0271],[10.0155,56.0272],[10.0155,56.0272],[10.0155,56.0273],[10.0154,56.0273],[10.0153,56.0273],[10.0152,56.0274],[10.0151,56.0274],[10.0153,56.0276]],[[10.0143,56.0267],[10.0143,56.0268],[10.0142,56.0268],[10.0142,56.0268],[10.0141,56.0268],[10.014,56.0268],[10.0139,56.0268],[10.014,56.0268],[10.014,56.0267],[10.0141,56.0267],[10.0142,56.0267],[10.0143,56.0267]]]},"properties":{"sourceId":"ais_par3.57722","a_type":4120,"hectares":0.844}},{"type":"Feature","id":"ais_par3.57724","geometry":{"type":"Polygon","coordinates":[[[10.0149,56.0271],[10.0149,56.0272],[10.0148,56.0272],[10.0148,56.0273],[10.0149,56.0273],[10.0149,56.0274],[10.0149,56.0274],[10.0151,56.0274],[10.0151,56.0274],[10.0152,56.0274],[10.0153,56.0273],[10.0154,56.0273],[10.0155,56.0273],[10.0155,56.0272],[10.0155,56.0272],[10.0154,56.0271],[10.0153,56.0271],[10.0152,56.0271],[10.0152,56.027],[10.0152,56.027],[10.0152,56.0269],[10.0151,56.0269],[10.015,56.027],[10.0149,56.027],[10.0149,56.0271]]]},"properties":{"sourceId":"ais_par3.57724","a_type":5120,"hectares":0.14}},{"type":"Feature","id":"ais_par3.57726","geometry":{"type":"Polygon","coordinates":[[[10.0143,56.0267],[10.0142,56.0267],[10.0141,56.0267],[10.014,56.0267],[10.014,56.0268],[10.0139,56.0268],[10.014,56.0268],[10.0141,56.0268],[10.0142,56.0268],[10.0142,56.0268],[10.0143,56.0268],[10.0143,56.0267]]]},"properties":{"sourceId":"ais_par3.57726","a_type":5120,"hectares":0.021}},{"type":"Feature","id":"ais_par3.57727","geometry":{"type":"Polygon","coordinates":[[[10.0867,56.0255],[10.0867,56.0255],[10.0866,56.0255],[10.0866,56.0256],[10.0866,56.0256],[10.0867,56.0256],[10.0868,56.0256],[10.0868,56.0256],[10.0869,56.0256],[10.0868,56.0255],[10.0868,56.0255],[10.0867,56.0255]]]},"properties":{"sourceId":"ais_par3.57727","a_type":5120,"hectares":0.019}},{"type":"Feature","id":"ais_par3.57728","geometry":{"type":"Polygon","coordinates":[[[10.0189,56.0253],[10.019,56.0253],[10.0191,56.0252],[10.0193,56.0251],[10.0196,56.0248],[10.0198,56.0247],[10.0201,56.0245],[10.0203,56.0244],[10.0204,56.0244],[10.0206,56.0243],[10.0208,56.0243],[10.021,56.0242],[10.0211,56.0241],[10.0212,56.024],[10.0212,56.0239],[10.0212,56.0239],[10.0213,56.0238],[10.0214,56.0238],[10.021,56.0236],[10.0208,56.0235],[10.0205,56.0234],[10.0201,56.0233],[10.0198,56.0232],[10.0198,56.0232],[10.0196,56.0233],[10.0193,56.0233],[10.0192,56.0233],[10.0188,56.0233],[10.0186,56.0233],[10.0186,56.0233],[10.0186,56.0234],[10.019,56.0239],[10.019,56.024],[10.0191,56.024],[10.0192,56.0241],[10.0194,56.0242],[10.0196,56.0242],[10.0197,56.0243],[10.0197,56.0244],[10.0198,56.0245],[10.0198,56.0245],[10.0198,56.0246],[10.0197,56.0246],[10.0197,56.0247],[10.0195,56.0247],[10.0194,56.0248],[10.0193,56.0248],[10.0192,56.0249],[10.019,56.0249],[10.0189,56.025],[10.0187,56.0251],[10.0185,56.0252],[10.0184,56.0252],[10.0188,56.0254],[10.0188,56.0253],[10.0189,56.0253]],[[10.0193,56.0249],[10.0193,56.0249],[10.0193,56.025],[10.0192,56.025],[10.0192,56.025],[10.0191,56.0251],[10.0191,56.0251],[10.0189,56.0252],[10.0189,56.0252],[10.0188,56.0252],[10.0187,56.0252],[10.0187,56.0252],[10.0187,56.0251],[10.0188,56.0251],[10.0189,56.025],[10.0189,56.025],[10.019,56.025],[10.0191,56.0249],[10.0192,56.0249],[10.0192,56.0249],[10.0193,56.0249]]]},"properties":{"sourceId":"ais_par3.57728","a_type":4120,"hectares":1.656}},{"type":"Feature","id":"ais_par3.57729","geometry":{"type":"Polygon","coordinates":[[[10.0193,56.0249],[10.0192,56.0249],[10.0192,56.0249],[10.0191,56.0249],[10.019,56.025],[10.0189,56.025],[10.0189,56.025],[10.0188,56.0251],[10.0187,56.0251],[10.0187,56.0252],[10.0187,56.0252],[10.0188,56.0252],[10.0189,56.0252],[10.0189,56.0252],[10.0191,56.0251],[10.0191,56.0251],[10.0192,56.025],[10.0192,56.025],[10.0193,56.025],[10.0193,56.0249],[10.0193,56.0249]]]},"properties":{"sourceId":"ais_par3.57729","a_type":5120,"hectares":0.062}},{"type":"Feature","id":"ais_par3.57730","geometry":{"type":"Polygon","coordinates":[[[10.0902,56.0242],[10.0902,56.0242],[10.0901,56.0242],[10.0901,56.0242],[10.0901,56.0243],[10.09,56.0243],[10.0901,56.0243],[10.0902,56.0243],[10.0902,56.0243],[10.0903,56.0243],[10.0904,56.0243],[10.0905,56.0243],[10.0905,56.0242],[10.0904,56.0242],[10.0904,56.0242],[10.0903,56.0242],[10.0902,56.0242]]]},"properties":{"sourceId":"ais_par3.57730","a_type":5120,"hectares":0.024}},{"type":"Feature","id":"ais_par3.57731","geometry":{"type":"Polygon","coordinates":[[[10.0907,56.0241],[10.0907,56.024],[10.0907,56.0239],[10.0906,56.024],[10.0905,56.024],[10.0904,56.024],[10.0904,56.0241],[10.0904,56.0241],[10.0905,56.0241],[10.0906,56.0241],[10.0907,56.0241],[10.0907,56.0241]]]},"properties":{"sourceId":"ais_par3.57731","a_type":5120,"hectares":0.031}},{"type":"Feature","id":"ais_par3.57732","geometry":{"type":"Polygon","coordinates":[[[10.0909,56.024],[10.0911,56.0241],[10.0911,56.024],[10.0911,56.024],[10.091,56.024],[10.0909,56.024]]]},"properties":{"sourceId":"ais_par3.57732","a_type":5120,"hectares":0.01}},{"type":"Feature","id":"ais_par3.57733","geometry":{"type":"Polygon","coordinates":[[[10.0569,56.0236],[10.0569,56.0236],[10.057,56.0236],[10.057,56.0236],[10.0569,56.0235],[10.0568,56.0235],[10.0568,56.0236],[10.0568,56.0236],[10.0568,56.0236],[10.0569,56.0236]]]},"properties":{"sourceId":"ais_par3.57733","a_type":5120,"hectares":0.014}},{"type":"Feature","id":"ais_par3.57734","geometry":{"type":"Polygon","coordinates":[[[10.0878,56.0229],[10.0878,56.023],[10.0878,56.023],[10.0878,56.023],[10.0879,56.023],[10.088,56.023],[10.088,56.023],[10.088,56.023],[10.088,56.0229],[10.0878,56.0229]]]},"properties":{"sourceId":"ais_par3.57734","a_type":5120,"hectares":0.015}},{"type":"Feature","id":"ais_par3.57735","geometry":{"type":"Polygon","coordinates":[[[10.0966,56.0228],[10.0967,56.0229],[10.0967,56.0229],[10.0968,56.0229],[10.0969,56.0229],[10.097,56.0229],[10.0971,56.0229],[10.0971,56.0228],[10.097,56.0228],[10.097,56.0228],[10.0969,56.0228],[10.0968,56.0228],[10.0967,56.0228],[10.0967,56.0228],[10.0966,56.0228]]]},"properties":{"sourceId":"ais_par3.57735","a_type":5120,"hectares":0.036}},{"type":"Feature","id":"ais_par3.57736","geometry":{"type":"Polygon","coordinates":[[[10.0936,56.0223],[10.0937,56.0223],[10.0938,56.0223],[10.0938,56.0223],[10.0939,56.0223],[10.0939,56.0222],[10.094,56.0221],[10.094,56.0221],[10.0939,56.0221],[10.0939,56.022],[10.0939,56.022],[10.0939,56.0219],[10.0939,56.0218],[10.0938,56.0219],[10.0938,56.0219],[10.0937,56.0219],[10.0936,56.0219],[10.0935,56.0219],[10.0935,56.0219],[10.0935,56.022],[10.0935,56.022],[10.0935,56.0221],[10.0935,56.0221],[10.0935,56.0222],[10.0935,56.0222],[10.0935,56.0223],[10.0936,56.0223]]]},"properties":{"sourceId":"ais_par3.57736","a_type":5120,"hectares":0.122}},{"type":"Feature","id":"ais_par3.57737","geometry":{"type":"Polygon","coordinates":[[[10.0273,56.0218],[10.0272,56.0217],[10.0271,56.0216],[10.027,56.0215],[10.0269,56.0215],[10.0267,56.0214],[10.0265,56.0213],[10.0262,56.0216],[10.0261,56.0217],[10.0262,56.0217],[10.0267,56.0223],[10.0269,56.0223],[10.0272,56.0223],[10.0276,56.0223],[10.028,56.0222],[10.0282,56.0222],[10.0289,56.0224],[10.029,56.0223],[10.0283,56.0221],[10.028,56.0221],[10.0279,56.022],[10.0278,56.022],[10.0277,56.0219],[10.0276,56.0219],[10.0275,56.0218],[10.0274,56.0218],[10.0273,56.0218]],[[10.0268,56.0217],[10.0269,56.0217],[10.0269,56.0217],[10.027,56.0218],[10.027,56.0218],[10.0271,56.0219],[10.0271,56.0219],[10.0271,56.022],[10.0271,56.022],[10.027,56.022],[10.0269,56.0221],[10.0269,56.0221],[10.0268,56.0221],[10.0267,56.0221],[10.0267,56.022],[10.0267,56.022],[10.0266,56.0219],[10.0266,56.0219],[10.0266,56.0218],[10.0266,56.0218],[10.0267,56.0217],[10.0268,56.0217],[10.0268,56.0217]]]},"properties":{"sourceId":"ais_par3.57737","a_type":4120,"hectares":0.677}},{"type":"Feature","id":"ais_par3.57738","geometry":{"type":"Polygon","coordinates":[[[10.0365,56.0221],[10.0365,56.0218],[10.0362,56.0218],[10.0363,56.0222],[10.0365,56.0221]]]},"properties":{"sourceId":"ais_par3.57738","a_type":5120,"hectares":0.055}},{"type":"Feature","id":"ais_par3.57739","geometry":{"type":"Polygon","coordinates":[[[10.0533,56.0216],[10.0533,56.0216],[10.0532,56.0215],[10.0531,56.0215],[10.0529,56.0215],[10.0527,56.0215],[10.0525,56.0214],[10.0524,56.0214],[10.0522,56.0214],[10.0522,56.0215],[10.0522,56.0216],[10.0523,56.0216],[10.0525,56.0216],[10.0526,56.0216],[10.0527,56.0217],[10.0527,56.0217],[10.0527,56.0218],[10.0527,56.0218],[10.0529,56.0219],[10.0529,56.0219],[10.053,56.0219],[10.0531,56.0219],[10.0532,56.0219],[10.0533,56.0219],[10.0533,56.0218],[10.0533,56.0217],[10.0533,56.0216]]]},"properties":{"sourceId":"ais_par3.57739","a_type":5120,"hectares":0.209}},{"type":"Feature","id":"ais_par3.57740","geometry":{"type":"Polygon","coordinates":[[[10.0268,56.0217],[10.0268,56.0217],[10.0267,56.0217],[10.0266,56.0218],[10.0266,56.0218],[10.0266,56.0219],[10.0266,56.0219],[10.0267,56.022],[10.0267,56.022],[10.0267,56.0221],[10.0268,56.0221],[10.0269,56.0221],[10.0269,56.0221],[10.027,56.022],[10.0271,56.022],[10.0271,56.022],[10.0271,56.0219],[10.0271,56.0219],[10.027,56.0218],[10.027,56.0218],[10.0269,56.0217],[10.0269,56.0217],[10.0268,56.0217]]]},"properties":{"sourceId":"ais_par3.57740","a_type":5120,"hectares":0.102}},{"type":"Feature","id":"ais_par3.57741","geometry":{"type":"Polygon","coordinates":[[[10.0559,56.0198],[10.056,56.0198],[10.0561,56.0198],[10.0561,56.0197],[10.0562,56.0197],[10.0561,56.0196],[10.056,56.0196],[10.056,56.0196],[10.0559,56.0195],[10.0558,56.0195],[10.0558,56.0194],[10.0557,56.0194],[10.0557,56.0193],[10.0556,56.0193],[10.0555,56.0192],[10.0555,56.0192],[10.0554,56.0192],[10.0554,56.0192],[10.0553,56.0192],[10.0553,56.0193],[10.0553,56.0193],[10.0553,56.0194],[10.0553,56.0195],[10.0553,56.0196],[10.0553,56.0196],[10.0554,56.0197],[10.0554,56.0197],[10.0556,56.0197],[10.0557,56.0198],[10.0558,56.0198],[10.0559,56.0198]]]},"properties":{"sourceId":"ais_par3.57741","a_type":5120,"hectares":0.198}},{"type":"Feature","id":"ais_par3.57742","geometry":{"type":"Polygon","coordinates":[[[10.0646,56.0188],[10.0645,56.0188],[10.0644,56.0188],[10.0643,56.0188],[10.0643,56.0188],[10.0643,56.0189],[10.0643,56.019],[10.0643,56.019],[10.0644,56.019],[10.0644,56.019],[10.0644,56.0189],[10.0644,56.0189],[10.0644,56.0189],[10.0645,56.0189],[10.0645,56.0189],[10.0646,56.0189],[10.0646,56.019],[10.0646,56.019],[10.0646,56.019],[10.0647,56.0189],[10.0646,56.0189],[10.0646,56.0188]]]},"properties":{"sourceId":"ais_par3.57742","a_type":5120,"hectares":0.033}},{"type":"Feature","id":"ais_par3.57743","geometry":{"type":"Polygon","coordinates":[[[10.0241,56.0185],[10.0241,56.0185],[10.0241,56.0186],[10.0242,56.0186],[10.0243,56.0186],[10.0243,56.0185],[10.0243,56.0184],[10.0242,56.0184],[10.0241,56.0185]]]},"properties":{"sourceId":"ais_par3.57743","a_type":5120,"hectares":0.023}},{"type":"Feature","id":"ais_par3.57744","geometry":{"type":"Polygon","coordinates":[[[10.0265,56.0177],[10.0262,56.0177],[10.026,56.0178],[10.026,56.0178],[10.0261,56.0179],[10.0261,56.0179],[10.0262,56.0179],[10.0263,56.018],[10.0263,56.018],[10.0265,56.0179],[10.0265,56.0179],[10.0266,56.0179],[10.0266,56.0179],[10.0266,56.0178],[10.0266,56.0178],[10.0266,56.0177],[10.0265,56.0177],[10.0265,56.0177]]]},"properties":{"sourceId":"ais_par3.57744","a_type":5120,"hectares":0.09}},{"type":"Feature","id":"ais_par3.57745","geometry":{"type":"Polygon","coordinates":[[[10.0314,56.0132],[10.0333,56.0133],[10.0338,56.0132],[10.0339,56.0125],[10.0315,56.0126],[10.0314,56.0132]]]},"properties":{"sourceId":"ais_par3.57745","a_type":3210,"hectares":1.121}},{"type":"Feature","id":"ais_par3.57746","geometry":{"type":"Polygon","coordinates":[[[10.0302,56.0121],[10.03,56.0124],[10.0299,56.0125],[10.0299,56.0129],[10.0299,56.013],[10.0304,56.0131],[10.0303,56.0132],[10.0306,56.0133],[10.0308,56.0132],[10.0314,56.0132],[10.0314,56.0126],[10.0315,56.0125],[10.0316,56.0124],[10.0313,56.0123],[10.0308,56.0122],[10.0306,56.0122],[10.0305,56.0122],[10.0302,56.0121]]]},"properties":{"sourceId":"ais_par3.57746","a_type":4110,"hectares":0.992}},{"type":"Feature","id":"ais_par3.57747","geometry":{"type":"Polygon","coordinates":[[[10.039,56.0126],[10.0391,56.0127],[10.0392,56.0128],[10.0393,56.0128],[10.0393,56.0128],[10.0394,56.0128],[10.0394,56.0129],[10.0395,56.0129],[10.0396,56.013],[10.0396,56.013],[10.0397,56.013],[10.0398,56.0131],[10.04,56.0131],[10.0401,56.013],[10.0402,56.013],[10.0402,56.013],[10.0402,56.0129],[10.0402,56.0128],[10.0402,56.0128],[10.0402,56.0127],[10.0402,56.0127],[10.0401,56.0127],[10.04,56.0126],[10.0398,56.0125],[10.0397,56.0125],[10.0396,56.0125],[10.0396,56.0125],[10.0395,56.0125],[10.0394,56.0125],[10.0393,56.0125],[10.0393,56.0125],[10.0392,56.0125],[10.0391,56.0126],[10.039,56.0126]]]},"properties":{"sourceId":"ais_par3.57747","a_type":5120,"hectares":0.306}},{"type":"Feature","id":"ais_par3.57748","geometry":{"type":"Polygon","coordinates":[[[10.029,56.0119],[10.029,56.0117],[10.0287,56.0117],[10.0282,56.0117],[10.0294,56.0124],[10.0292,56.0129],[10.0298,56.0129],[10.0299,56.0125],[10.03,56.0124],[10.0301,56.0121],[10.029,56.0119]]]},"properties":{"sourceId":"ais_par3.57748","a_type":4120,"hectares":0.573}},{"type":"Feature","id":"ais_par3.57749","geometry":{"type":"Polygon","coordinates":[[[10.0656,56.007],[10.0656,56.007],[10.0657,56.0071],[10.0658,56.0072],[10.0658,56.0072],[10.0659,56.0072],[10.0661,56.0071],[10.0663,56.007],[10.0667,56.0069],[10.067,56.0068],[10.0669,56.0067],[10.0668,56.0067],[10.0668,56.0066],[10.0668,56.0065],[10.0668,56.0064],[10.0668,56.0064],[10.0667,56.0063],[10.0666,56.0063],[10.0665,56.0063],[10.0664,56.0063],[10.0662,56.0064],[10.066,56.0064],[10.0659,56.0064],[10.0658,56.0065],[10.0657,56.0065],[10.0657,56.0065],[10.0656,56.0066],[10.0655,56.0066],[10.0655,56.0066],[10.0655,56.0067],[10.0655,56.0067],[10.0655,56.0068],[10.0656,56.007]],[[10.0662,56.0067],[10.0662,56.0068],[10.0661,56.0069],[10.0661,56.0069],[10.066,56.007],[10.0659,56.0069],[10.0659,56.0069],[10.0659,56.0068],[10.0658,56.0068],[10.0657,56.0068],[10.0657,56.0067],[10.0657,56.0067],[10.0657,56.0067],[10.0658,56.0066],[10.0659,56.0067],[10.066,56.0067],[10.0661,56.0067],[10.0661,56.0067],[10.0661,56.0066],[10.066,56.0065],[10.0661,56.0065],[10.0662,56.0065],[10.0662,56.0065],[10.0662,56.0066],[10.0662,56.0066],[10.0662,56.0067],[10.0662,56.0067]]]},"properties":{"sourceId":"ais_par3.57749","a_type":4120,"hectares":0.496}},{"type":"Feature","id":"ais_par3.57750","geometry":{"type":"Polygon","coordinates":[[[10.0662,56.0067],[10.0662,56.0067],[10.0662,56.0066],[10.0662,56.0066],[10.0662,56.0065],[10.0662,56.0065],[10.0661,56.0065],[10.066,56.0065],[10.0661,56.0066],[10.0661,56.0067],[10.0661,56.0067],[10.066,56.0067],[10.0659,56.0067],[10.0658,56.0066],[10.0657,56.0067],[10.0657,56.0067],[10.0657,56.0067],[10.0657,56.0068],[10.0658,56.0068],[10.0659,56.0068],[10.0659,56.0069],[10.0659,56.0069],[10.066,56.007],[10.0661,56.0069],[10.0661,56.0069],[10.0662,56.0068],[10.0662,56.0067]]]},"properties":{"sourceId":"ais_par3.57750","a_type":5120,"hectares":0.085}},{"type":"Feature","id":"ais_par3.57751","geometry":{"type":"Polygon","coordinates":[[[10.0479,56.0034],[10.048,56.0036],[10.048,56.0037],[10.048,56.0039],[10.0479,56.0039],[10.0478,56.0039],[10.0477,56.0039],[10.0477,56.0041],[10.0478,56.0042],[10.048,56.0042],[10.048,56.0042],[10.0481,56.0043],[10.0482,56.0043],[10.0482,56.0044],[10.0483,56.0044],[10.0484,56.0043],[10.0485,56.0042],[10.0485,56.0041],[10.0486,56.0041],[10.0487,56.004],[10.0487,56.004],[10.0488,56.0039],[10.0488,56.0039],[10.0487,56.0038],[10.0487,56.0038],[10.0486,56.0037],[10.0485,56.0035],[10.0486,56.0032],[10.0484,56.0032],[10.0484,56.0033],[10.0483,56.0033],[10.0482,56.0033],[10.0482,56.0034],[10.048,56.0034],[10.0479,56.0034]]]},"properties":{"sourceId":"ais_par3.57751","a_type":4120,"hectares":0.478}},{"type":"Feature","id":"ais_par3.57752","geometry":{"type":"Polygon","coordinates":[[[10.0477,56.0037],[10.0477,56.0035],[10.0477,56.0035],[10.0477,56.0034],[10.0476,56.0035],[10.0475,56.0035],[10.0475,56.0035],[10.0475,56.0036],[10.0475,56.0036],[10.0476,56.0037],[10.0477,56.0037]]]},"properties":{"sourceId":"ais_par3.57752","a_type":4120,"hectares":0.029}},{"type":"Feature","id":"ais_par3.57753","geometry":{"type":"Polygon","coordinates":[[[10.0479,56.0034],[10.0478,56.0034],[10.0477,56.0034],[10.0477,56.0035],[10.0477,56.0035],[10.0477,56.0037],[10.0477,56.0038],[10.0477,56.0039],[10.0477,56.0039],[10.0478,56.0039],[10.0479,56.0039],[10.048,56.0039],[10.048,56.0037],[10.048,56.0036],[10.0479,56.0034]]]},"properties":{"sourceId":"ais_par3.57753","a_type":5120,"hectares":0.108}},{"type":"Feature","id":"ais_par3.57754","geometry":{"type":"Polygon","coordinates":[[[10.0515,56.0038],[10.0516,56.0036],[10.0516,56.0034],[10.0515,56.0033],[10.0514,56.0033],[10.0513,56.0034],[10.0512,56.0035],[10.0511,56.0036],[10.0512,56.0037],[10.0513,56.0038],[10.0515,56.0038]]]},"properties":{"sourceId":"ais_par3.57754","a_type":5120,"hectares":0.101}},{"type":"Feature","id":"ais_par3.57755","geometry":{"type":"Polygon","coordinates":[[[10.0678,56.0034],[10.0678,56.0034],[10.0677,56.0034],[10.0678,56.0033],[10.0677,56.0033],[10.0677,56.0033],[10.0677,56.0033],[10.0676,56.0034],[10.0676,56.0034],[10.0677,56.0035],[10.0678,56.0034]]]},"properties":{"sourceId":"ais_par3.57755","a_type":4120,"hectares":0.014}},{"type":"Feature","id":"ais_par3.57756","geometry":{"type":"Polygon","coordinates":[[[10.0673,56.0033],[10.0674,56.0034],[10.0675,56.0034],[10.0674,56.0033],[10.0674,56.0033],[10.0673,56.0033]]]},"properties":{"sourceId":"ais_par3.57756","a_type":4120,"hectares":0.006}},{"type":"Feature","id":"ais_par3.57757","geometry":{"type":"Polygon","coordinates":[[[10.0672,56.0031],[10.0672,56.0032],[10.0673,56.0033],[10.0673,56.0032],[10.0673,56.0032],[10.0672,56.0031]]]},"properties":{"sourceId":"ais_par3.57757","a_type":4120,"hectares":0.008}},{"type":"Feature","id":"ais_par3.57758","geometry":{"type":"Polygon","coordinates":[[[10.0683,56.0031],[10.0684,56.003],[10.0684,56.003],[10.0685,56.0029],[10.0685,56.0029],[10.0686,56.0028],[10.0686,56.0028],[10.0686,56.0027],[10.0685,56.0027],[10.0684,56.0027],[10.0683,56.0027],[10.0682,56.0027],[10.068,56.0027],[10.0679,56.0028],[10.0678,56.0028],[10.0676,56.0028],[10.0675,56.0028],[10.0674,56.0029],[10.0673,56.0029],[10.0673,56.003],[10.0672,56.003],[10.0672,56.0031],[10.0674,56.0031],[10.0675,56.0031],[10.0676,56.0031],[10.0676,56.0031],[10.0677,56.0031],[10.0678,56.0031],[10.0679,56.003],[10.0679,56.003],[10.068,56.003],[10.0681,56.003],[10.0681,56.0031],[10.0681,56.0031],[10.0681,56.0032],[10.068,56.0032],[10.068,56.0033],[10.068,56.0033],[10.068,56.0034],[10.0681,56.0033],[10.0682,56.0032],[10.0683,56.0031]]]},"properties":{"sourceId":"ais_par3.57758","a_type":4120,"hectares":0.277}},{"type":"Feature","id":"ais_par3.57759","geometry":{"type":"Polygon","coordinates":[[[10.0677,56.0033],[10.0678,56.0033],[10.0677,56.0034],[10.0678,56.0034],[10.0678,56.0034],[10.0679,56.0034],[10.068,56.0034],[10.068,56.0033],[10.068,56.0033],[10.068,56.0032],[10.0681,56.0032],[10.0681,56.0031],[10.0681,56.0031],[10.0681,56.003],[10.068,56.003],[10.0679,56.003],[10.0679,56.003],[10.0678,56.0031],[10.0677,56.0031],[10.0676,56.0031],[10.0676,56.0031],[10.0675,56.0031],[10.0674,56.0031],[10.0672,56.0031],[10.0673,56.0032],[10.0673,56.0032],[10.0673,56.0033],[10.0674,56.0033],[10.0674,56.0033],[10.0675,56.0034],[10.0674,56.0034],[10.0676,56.0034],[10.0676,56.0034],[10.0677,56.0033],[10.0677,56.0033],[10.0677,56.0033]]]},"properties":{"sourceId":"ais_par3.57759","a_type":5120,"hectares":0.16}},{"type":"Feature","id":"ais_par3.57760","geometry":{"type":"Polygon","coordinates":[[[10.0445,56.0027],[10.0446,56.0027],[10.0446,56.0027],[10.0446,56.0026],[10.0446,56.0026],[10.0446,56.0025],[10.0446,56.0025],[10.0445,56.0025],[10.0445,56.0025],[10.0444,56.0025],[10.0443,56.0025],[10.0443,56.0025],[10.0442,56.0026],[10.0442,56.0026],[10.0442,56.0026],[10.0442,56.0027],[10.0443,56.0027],[10.0445,56.0027]]]},"properties":{"sourceId":"ais_par3.57760","a_type":5120,"hectares":0.052}},{"type":"Feature","id":"ais_par3.57761","geometry":{"type":"Polygon","coordinates":[[[10.037,56.0019],[10.0369,56.002],[10.0369,56.002],[10.037,56.002],[10.0371,56.002],[10.0371,56.002],[10.0371,56.002],[10.0371,56.0019],[10.037,56.0019]]]},"properties":{"sourceId":"ais_par3.57761","a_type":5120,"hectares":0.014}},{"type":"Feature","id":"ais_par3.57762","geometry":{"type":"Polygon","coordinates":[[[10.0496,55.998],[10.0486,55.998],[10.0485,55.998],[10.0483,55.9981],[10.0475,55.9981],[10.0476,55.9984],[10.0467,55.9987],[10.0454,55.9991],[10.0447,55.9991],[10.0447,55.9993],[10.0465,55.9992],[10.0494,55.9991],[10.0496,55.998]]]},"properties":{"sourceId":"ais_par3.57762","a_type":4110,"hectares":2.161}},{"type":"Feature","id":"ais_par3.57763","geometry":{"type":"Polygon","coordinates":[[[10.0447,55.9981],[10.0447,55.9981],[10.0446,55.9981],[10.0447,55.9982],[10.0447,55.9982],[10.0448,55.9983],[10.0449,55.9983],[10.0449,55.9983],[10.045,55.9983],[10.0451,55.9983],[10.0451,55.9982],[10.0451,55.9982],[10.0451,55.9981],[10.045,55.9981],[10.0449,55.9981],[10.0448,55.9981],[10.0447,55.9981]]]},"properties":{"sourceId":"ais_par3.57763","a_type":5120,"hectares":0.058}},{"type":"Feature","id":"ais_par3.57764","geometry":{"type":"Polygon","coordinates":[[[10.051,55.9924],[10.0513,55.9921],[10.0515,55.9921],[10.0515,55.992],[10.0517,55.9917],[10.052,55.9915],[10.0519,55.9914],[10.0519,55.9913],[10.0521,55.9908],[10.0524,55.9905],[10.0525,55.9905],[10.0527,55.9904],[10.0531,55.9902],[10.0532,55.9898],[10.0535,55.9897],[10.0533,55.9897],[10.0527,55.9892],[10.0516,55.9899],[10.051,55.9906],[10.0503,55.9917],[10.0491,55.9943],[10.0491,55.9943],[10.0493,55.9942],[10.0493,55.994],[10.0493,55.994],[10.0497,55.9936],[10.0499,55.9934],[10.0501,55.9935],[10.0503,55.9933],[10.0505,55.9932],[10.0505,55.9931],[10.0505,55.9931],[10.0505,55.993],[10.0504,55.9929],[10.0503,55.9928],[10.0503,55.9928],[10.0503,55.9927],[10.0503,55.9926],[10.0504,55.9926],[10.0508,55.9925],[10.0509,55.9924],[10.051,55.9924]],[[10.0508,55.9916],[10.0508,55.9917],[10.0507,55.9917],[10.0507,55.9918],[10.0507,55.9918],[10.0506,55.9919],[10.0505,55.9919],[10.0504,55.9918],[10.0504,55.9917],[10.0504,55.9917],[10.0504,55.9916],[10.0504,55.9916],[10.0505,55.9915],[10.0505,55.9915],[10.0507,55.9914],[10.0507,55.9913],[10.0507,55.9913],[10.0508,55.9913],[10.0508,55.9913],[10.0508,55.9914],[10.0507,55.9914],[10.0507,55.9914],[10.0507,55.9915],[10.0508,55.9915],[10.0508,55.9916]],[[10.0523,55.99],[10.0523,55.9901],[10.0522,55.9901],[10.0522,55.9901],[10.0521,55.9901],[10.0521,55.9901],[10.052,55.9901],[10.0519,55.99],[10.0519,55.99],[10.0519,55.9899],[10.052,55.9899],[10.052,55.9898],[10.0522,55.9897],[10.0523,55.9896],[10.0524,55.9896],[10.0526,55.9896],[10.0526,55.9896],[10.0528,55.9896],[10.0529,55.9897],[10.053,55.9898],[10.0531,55.9898],[10.053,55.9899],[10.053,55.9899],[10.0529,55.9899],[10.0528,55.9899],[10.0528,55.99],[10.0528,55.99],[10.0527,55.9901],[10.0527,55.9901],[10.0526,55.9901],[10.0525,55.9901],[10.0524,55.99],[10.0523,55.99]]]},"properties":{"sourceId":"ais_par3.57764","a_type":4120,"hectares":3.279}},{"type":"Feature","id":"ais_par3.57765","geometry":{"type":"Polygon","coordinates":[[[10.0388,55.9941],[10.0389,55.9939],[10.0388,55.9938],[10.0385,55.9935],[10.0383,55.9934],[10.0379,55.9933],[10.0377,55.9932],[10.0375,55.9932],[10.0376,55.9935],[10.0376,55.9937],[10.0377,55.9941],[10.0381,55.9942],[10.0384,55.9943],[10.0388,55.9941]],[[10.0383,55.9935],[10.0384,55.9936],[10.0384,55.9937],[10.0385,55.994],[10.0384,55.9942],[10.0381,55.9941],[10.038,55.9939],[10.0379,55.9938],[10.0377,55.9935],[10.0379,55.9934],[10.038,55.9934],[10.0383,55.9935]]]},"properties":{"sourceId":"ais_par3.57765","a_type":4120,"hectares":0.423}},{"type":"Feature","id":"ais_par3.57766","geometry":{"type":"Polygon","coordinates":[[[10.0476,55.9924],[10.049,55.9942],[10.0501,55.9916],[10.0508,55.9905],[10.0504,55.9901],[10.0494,55.9913],[10.0476,55.9924]]]},"properties":{"sourceId":"ais_par3.57766","a_type":4110,"hectares":3.035}},{"type":"Feature","id":"ais_par3.57767","geometry":{"type":"Polygon","coordinates":[[[10.0493,55.994],[10.0496,55.994],[10.0498,55.994],[10.0499,55.9939],[10.05,55.9937],[10.0501,55.9936],[10.0501,55.9935],[10.0499,55.9934],[10.0497,55.9936],[10.0493,55.994],[10.0493,55.994]]]},"properties":{"sourceId":"ais_par3.57767","a_type":5120,"hectares":0.156}},{"type":"Feature","id":"ais_par3.57768","geometry":{"type":"Polygon","coordinates":[[[10.0383,55.9935],[10.038,55.9934],[10.0379,55.9934],[10.0377,55.9935],[10.0379,55.9938],[10.038,55.9939],[10.0381,55.9941],[10.0384,55.9942],[10.0385,55.994],[10.0384,55.9937],[10.0384,55.9936],[10.0383,55.9935]]]},"properties":{"sourceId":"ais_par3.57768","a_type":5120,"hectares":0.256}},{"type":"Feature","id":"ais_par3.57769","geometry":{"type":"Polygon","coordinates":[[[10.0479,55.9933],[10.0477,55.9934],[10.0476,55.9937],[10.0477,55.9938],[10.0486,55.9939],[10.048,55.9932],[10.0479,55.9933]]]},"properties":{"sourceId":"ais_par3.57769","a_type":4120,"hectares":0.28}},{"type":"Feature","id":"ais_par3.57770","geometry":{"type":"Polygon","coordinates":[[[10.0505,55.9932],[10.0507,55.9932],[10.0507,55.993],[10.0509,55.9929],[10.051,55.9928],[10.0511,55.9927],[10.0511,55.9926],[10.0512,55.9926],[10.0512,55.9925],[10.0511,55.9925],[10.051,55.9924],[10.0509,55.9924],[10.0508,55.9925],[10.0504,55.9926],[10.0503,55.9926],[10.0503,55.9927],[10.0503,55.9928],[10.0503,55.9928],[10.0504,55.9929],[10.0505,55.993],[10.0505,55.9931],[10.0505,55.9931],[10.0505,55.9932]]]},"properties":{"sourceId":"ais_par3.57770","a_type":4120,"hectares":0.253}},{"type":"Feature","id":"ais_par3.57771","geometry":{"type":"Polygon","coordinates":[[[10.0548,55.9891],[10.0545,55.9891],[10.0543,55.9891],[10.0535,55.9897],[10.0532,55.9898],[10.0531,55.9902],[10.0527,55.9904],[10.0525,55.9905],[10.0524,55.9905],[10.0521,55.9908],[10.0519,55.9913],[10.0519,55.9914],[10.052,55.9915],[10.0517,55.9917],[10.0515,55.992],[10.0515,55.9921],[10.0513,55.9921],[10.051,55.9924],[10.0511,55.9925],[10.0512,55.9925],[10.0512,55.9926],[10.0511,55.9926],[10.0512,55.9927],[10.0513,55.9927],[10.0514,55.9927],[10.0515,55.9927],[10.0515,55.9927],[10.0516,55.9928],[10.0517,55.9928],[10.0517,55.9928],[10.0518,55.9929],[10.0519,55.9929],[10.052,55.9929],[10.052,55.9929],[10.0521,55.9929],[10.0532,55.9916],[10.0537,55.9912],[10.0542,55.9907],[10.0545,55.9904],[10.0546,55.9903],[10.0546,55.99],[10.0551,55.9896],[10.0551,55.9895],[10.0556,55.989],[10.0559,55.9888],[10.056,55.9886],[10.056,55.9885],[10.0559,55.9884],[10.0549,55.989],[10.0548,55.9891],[10.0548,55.9891]]]},"properties":{"sourceId":"ais_par3.57771","a_type":3210,"hectares":4.178}},{"type":"Feature","id":"ais_par3.57772","geometry":{"type":"Polygon","coordinates":[[[10.0508,55.9916],[10.0508,55.9915],[10.0507,55.9915],[10.0507,55.9914],[10.0507,55.9914],[10.0508,55.9914],[10.0508,55.9913],[10.0508,55.9913],[10.0507,55.9913],[10.0507,55.9913],[10.0507,55.9914],[10.0505,55.9915],[10.0505,55.9915],[10.0504,55.9916],[10.0504,55.9916],[10.0504,55.9917],[10.0504,55.9917],[10.0504,55.9918],[10.0505,55.9919],[10.0506,55.9919],[10.0507,55.9918],[10.0507,55.9918],[10.0507,55.9917],[10.0508,55.9917],[10.0508,55.9916]]]},"properties":{"sourceId":"ais_par3.57772","a_type":5120,"hectares":0.1}},{"type":"Feature","id":"ais_par3.57773","geometry":{"type":"Polygon","coordinates":[[[10.0523,55.99],[10.0524,55.99],[10.0525,55.9901],[10.0526,55.9901],[10.0527,55.9901],[10.0527,55.9901],[10.0528,55.99],[10.0528,55.99],[10.0528,55.9899],[10.0529,55.9899],[10.053,55.9899],[10.053,55.9899],[10.0531,55.9898],[10.053,55.9898],[10.0529,55.9897],[10.0528,55.9896],[10.0526,55.9896],[10.0526,55.9896],[10.0524,55.9896],[10.0523,55.9896],[10.0522,55.9897],[10.052,55.9898],[10.052,55.9899],[10.0519,55.9899],[10.0519,55.99],[10.0519,55.99],[10.052,55.9901],[10.0521,55.9901],[10.0521,55.9901],[10.0522,55.9901],[10.0522,55.9901],[10.0523,55.9901],[10.0523,55.99]]]},"properties":{"sourceId":"ais_par3.57773","a_type":5120,"hectares":0.268}},{"type":"Feature","id":"ais_par3.57774","geometry":{"type":"Polygon","coordinates":[[[10.0516,55.9884],[10.0524,55.9873],[10.0519,55.9872],[10.0517,55.9876],[10.0511,55.9881],[10.0507,55.9885],[10.0497,55.9891],[10.0493,55.9894],[10.0494,55.9894],[10.0495,55.9895],[10.0497,55.9896],[10.0499,55.9897],[10.05,55.9898],[10.0502,55.9899],[10.0504,55.99],[10.0516,55.9884]]]},"properties":{"sourceId":"ais_par3.57774","a_type":3210,"hectares":1.674}},{"type":"Feature","id":"ais_par3.57775","geometry":{"type":"Polygon","coordinates":[[[10.0516,55.9884],[10.0534,55.9897],[10.0543,55.9891],[10.0545,55.989],[10.0548,55.9891],[10.0548,55.9891],[10.0549,55.989],[10.0524,55.9874],[10.0516,55.9884]]]},"properties":{"sourceId":"ais_par3.57775","a_type":4110,"hectares":2.258}},{"type":"Feature","id":"ais_par3.57776","geometry":{"type":"Polygon","coordinates":[[[10.0518,55.9894],[10.0517,55.9893],[10.0516,55.9893],[10.0515,55.9894],[10.0515,55.9894],[10.0516,55.9895],[10.0518,55.9894]]]},"properties":{"sourceId":"ais_par3.57776","a_type":5120,"hectares":0.015}},{"type":"Feature","id":"ais_par3.65217","geometry":{"type":"Polygon","coordinates":[[[10.0147,55.9173],[10.0143,55.9175],[10.0142,55.9177],[10.0144,55.918],[10.0142,55.9181],[10.0143,55.9183],[10.015,55.918],[10.0147,55.9173]]]},"properties":{"sourceId":"ais_par3.65217","a_type":4120,"hectares":0.324}},{"type":"Feature","id":"ais_par3.62080","geometry":{"type":"Polygon","coordinates":[[[10.0208,55.9401],[10.0208,55.9403],[10.0223,55.9403],[10.0226,55.9406],[10.0238,55.9406],[10.0233,55.9399],[10.0208,55.9401]]]},"properties":{"sourceId":"ais_par3.62080","a_type":3210,"hectares":0.836}},{"type":"Feature","id":"ais_par3.63402","geometry":{"type":"Polygon","coordinates":[[[10.0066,55.9473],[10.006,55.9474],[10.007,55.9478],[10.0071,55.9482],[10.0054,55.9488],[10.007,55.9491],[10.0075,55.9493],[10.0079,55.9497],[10.0085,55.9496],[10.0089,55.9499],[10.01,55.9496],[10.0107,55.9495],[10.0116,55.949],[10.0115,55.9487],[10.0125,55.9483],[10.0121,55.9478],[10.0081,55.9483],[10.0077,55.9477],[10.0071,55.9477],[10.0066,55.9473]]]},"properties":{"sourceId":"ais_par3.63402","a_type":4110,"hectares":5.728}},{"type":"Feature","id":"ais_par3.63467","geometry":{"type":"Polygon","coordinates":[[[10.0219,55.9265],[10.0217,55.9271],[10.0231,55.9272],[10.023,55.9269],[10.023,55.9269],[10.023,55.9268],[10.023,55.9267],[10.0219,55.9265]]]},"properties":{"sourceId":"ais_par3.63467","a_type":4110,"hectares":0.483}},{"type":"Feature","id":"ais_par3.63468","geometry":{"type":"Polygon","coordinates":[[[10.0195,55.9269],[10.0203,55.927],[10.0202,55.9261],[10.0199,55.9261],[10.0195,55.9262],[10.0191,55.9261],[10.0185,55.926],[10.0179,55.9258],[10.0172,55.9255],[10.0178,55.9261],[10.0181,55.9264],[10.0183,55.9266],[10.0184,55.9262],[10.019,55.9263],[10.0194,55.9266],[10.0195,55.9269]]]},"properties":{"sourceId":"ais_par3.63468","a_type":4110,"hectares":0.923}},{"type":"Feature","id":"ais_par3.63474","geometry":{"type":"Polygon","coordinates":[[[10.0207,55.9239],[10.0208,55.9245],[10.0227,55.9246],[10.0227,55.9246],[10.0226,55.9245],[10.0222,55.924],[10.0222,55.9239],[10.0207,55.9239]]]},"properties":{"sourceId":"ais_par3.63474","a_type":4110,"hectares":0.798}},{"type":"Feature","id":"ais_par3.63586","geometry":{"type":"Polygon","coordinates":[[[10.0166,55.8794],[10.0165,55.8795],[10.0165,55.8796],[10.0164,55.8798],[10.0164,55.8799],[10.0164,55.88],[10.0158,55.8802],[10.0155,55.8803],[10.0154,55.8804],[10.0155,55.8806],[10.0155,55.8808],[10.0156,55.8809],[10.0157,55.8811],[10.0157,55.8812],[10.0157,55.8813],[10.0157,55.8814],[10.0157,55.8815],[10.0156,55.8816],[10.0155,55.8817],[10.0154,55.8819],[10.0154,55.882],[10.0153,55.8821],[10.0165,55.8822],[10.0171,55.8809],[10.0169,55.8808],[10.0165,55.8808],[10.0163,55.8808],[10.0164,55.8806],[10.0166,55.8804],[10.0167,55.8803],[10.0166,55.8802],[10.0167,55.88],[10.0166,55.8797],[10.0167,55.8796],[10.0166,55.8794]]]},"properties":{"sourceId":"ais_par3.63586","a_type":4110,"hectares":1.713}},{"type":"Feature","id":"ais_par3.63593","geometry":{"type":"Polygon","coordinates":[[[10.0286,55.8789],[10.0291,55.8798],[10.0327,55.8804],[10.0327,55.8797],[10.0316,55.8794],[10.0317,55.8791],[10.0286,55.8789]]]},"properties":{"sourceId":"ais_par3.63593","a_type":4110,"hectares":2.44}},{"type":"Feature","id":"ais_par3.63598","geometry":{"type":"Polygon","coordinates":[[[10.0126,55.8788],[10.0123,55.8787],[10.0123,55.8786],[10.0121,55.8785],[10.0119,55.8784],[10.0117,55.8783],[10.0114,55.8782],[10.0112,55.8781],[10.011,55.878],[10.0104,55.8779],[10.0105,55.8786],[10.0106,55.8794],[10.0106,55.8797],[10.0119,55.8798],[10.0129,55.8797],[10.0129,55.8795],[10.0127,55.8792],[10.0126,55.879],[10.0126,55.8788]]]},"properties":{"sourceId":"ais_par3.63598","a_type":4110,"hectares":2.23}},{"type":"Feature","id":"ais_par3.65021","geometry":{"type":"Polygon","coordinates":[[[10.0293,55.96],[10.0291,55.9603],[10.0291,55.9605],[10.0294,55.9607],[10.0305,55.9613],[10.0306,55.9612],[10.0304,55.9611],[10.0301,55.9608],[10.0296,55.9606],[10.0294,55.9605],[10.0294,55.9602],[10.0296,55.9601],[10.0296,55.9601],[10.0293,55.96]]]},"properties":{"sourceId":"ais_par3.65021","a_type":4120,"hectares":0.322}},{"type":"Feature","id":"ais_par3.65097","geometry":{"type":"Polygon","coordinates":[[[10.0236,55.9471],[10.023,55.9478],[10.0242,55.948],[10.0242,55.9481],[10.0264,55.9485],[10.027,55.9482],[10.0268,55.9481],[10.0263,55.9481],[10.026,55.9481],[10.0254,55.9481],[10.0242,55.9478],[10.0243,55.9475],[10.0243,55.9474],[10.0239,55.9472],[10.0236,55.9471]]]},"properties":{"sourceId":"ais_par3.65097","a_type":4120,"hectares":1.068}},{"type":"Feature","id":"ais_par3.65116","geometry":{"type":"Polygon","coordinates":[[[10.0267,55.9433],[10.0267,55.9432],[10.0265,55.9431],[10.0263,55.9431],[10.0263,55.9437],[10.0268,55.9438],[10.0268,55.9435],[10.0267,55.9433]]]},"properties":{"sourceId":"ais_par3.65116","a_type":4120,"hectares":0.178}},{"type":"Feature","id":"ais_par3.65124","geometry":{"type":"Polygon","coordinates":[[[10.0212,55.9412],[10.021,55.9412],[10.0206,55.9413],[10.0204,55.9412],[10.0202,55.9412],[10.02,55.9412],[10.0201,55.9411],[10.0198,55.941],[10.0197,55.9412],[10.0199,55.9413],[10.0203,55.9413],[10.0205,55.9414],[10.0208,55.9414],[10.0211,55.9414],[10.0215,55.9414],[10.0217,55.9415],[10.0217,55.9417],[10.0218,55.9419],[10.022,55.942],[10.0223,55.9419],[10.0223,55.9417],[10.0216,55.9412],[10.0212,55.9412]]]},"properties":{"sourceId":"ais_par3.65124","a_type":4120,"hectares":0.44}},{"type":"Feature","id":"ais_par3.65130","geometry":{"type":"Polygon","coordinates":[[[10.0208,55.9401],[10.0205,55.94],[10.0203,55.9398],[10.0201,55.9399],[10.02,55.9401],[10.02,55.9402],[10.0204,55.9402],[10.0208,55.9403],[10.0208,55.9401]]]},"properties":{"sourceId":"ais_par3.65130","a_type":4120,"hectares":0.15}},{"type":"Feature","id":"ais_par3.65145","geometry":{"type":"Polygon","coordinates":[[[10.0198,55.9363],[10.0188,55.9368],[10.0188,55.937],[10.019,55.937],[10.0193,55.9371],[10.0198,55.9369],[10.0202,55.9368],[10.0201,55.9366],[10.0198,55.9363]]]},"properties":{"sourceId":"ais_par3.65145","a_type":4120,"hectares":0.402}},{"type":"Feature","id":"ais_par3.65179","geometry":{"type":"Polygon","coordinates":[[[10.0195,55.9269],[10.0192,55.9269],[10.0192,55.9271],[10.0191,55.9272],[10.0189,55.9272],[10.0187,55.9272],[10.0185,55.9272],[10.0184,55.9271],[10.0183,55.9269],[10.0185,55.9268],[10.0187,55.9267],[10.0189,55.9265],[10.019,55.9263],[10.0184,55.9262],[10.0183,55.9266],[10.0173,55.9276],[10.0184,55.9274],[10.0192,55.9274],[10.0199,55.9274],[10.0204,55.9276],[10.0207,55.9277],[10.0211,55.9278],[10.0217,55.9277],[10.022,55.9278],[10.0222,55.928],[10.0226,55.928],[10.0228,55.9279],[10.0234,55.9279],[10.0239,55.928],[10.0242,55.9281],[10.0242,55.9284],[10.0249,55.9285],[10.025,55.9283],[10.025,55.9282],[10.0248,55.9281],[10.0246,55.928],[10.024,55.9279],[10.0238,55.9278],[10.0234,55.9274],[10.0231,55.9275],[10.0227,55.9275],[10.0224,55.9275],[10.0221,55.9274],[10.0218,55.9272],[10.0217,55.9271],[10.0203,55.927],[10.0195,55.9269]]]},"properties":{"sourceId":"ais_par3.65179","a_type":4120,"hectares":2.712}},{"type":"Feature","id":"ais_par3.65237","geometry":{"type":"Polygon","coordinates":[[[10.0165,55.9141],[10.0153,55.9145],[10.0143,55.9145],[10.0141,55.9145],[10.014,55.9147],[10.0141,55.915],[10.0143,55.915],[10.015,55.9151],[10.0156,55.9149],[10.0162,55.9147],[10.0166,55.9143],[10.0165,55.9141]]]},"properties":{"sourceId":"ais_par3.65237","a_type":4120,"hectares":0.871}},{"type":"Feature","id":"ais_par3.65332","geometry":{"type":"Polygon","coordinates":[[[10.0189,55.8934],[10.018,55.8934],[10.0177,55.894],[10.0183,55.8941],[10.0186,55.8939],[10.0189,55.8934]]]},"properties":{"sourceId":"ais_par3.65332","a_type":4120,"hectares":0.354}},{"type":"Feature","id":"ais_par3.65352","geometry":{"type":"Polygon","coordinates":[[[10.0108,55.8897],[10.0104,55.8897],[10.0102,55.8898],[10.0103,55.89],[10.0104,55.8901],[10.0106,55.8902],[10.0108,55.8902],[10.011,55.8903],[10.0113,55.8904],[10.0116,55.8904],[10.0118,55.8903],[10.012,55.8903],[10.012,55.8901],[10.0119,55.89],[10.0118,55.8899],[10.011,55.8898],[10.0108,55.8897]]]},"properties":{"sourceId":"ais_par3.65352","a_type":4120,"hectares":0.536}},{"type":"Feature","id":"ais_par3.65356","geometry":{"type":"Polygon","coordinates":[[[10.0275,55.8884],[10.0277,55.8883],[10.0279,55.8884],[10.0281,55.8885],[10.0282,55.8886],[10.0284,55.8887],[10.0284,55.8889],[10.0282,55.8888],[10.0281,55.8889],[10.028,55.889],[10.0276,55.8889],[10.0277,55.889],[10.0278,55.8891],[10.0281,55.8892],[10.0282,55.8892],[10.0285,55.8891],[10.0286,55.8879],[10.0283,55.8878],[10.0281,55.8877],[10.0279,55.8877],[10.0278,55.8879],[10.0276,55.888],[10.0275,55.8881],[10.0274,55.8883],[10.0274,55.8884],[10.0275,55.8884]]]},"properties":{"sourceId":"ais_par3.65356","a_type":4120,"hectares":0.655}},{"type":"Feature","id":"ais_par3.65377","geometry":{"type":"Polygon","coordinates":[[[10.0234,55.8841],[10.0233,55.8843],[10.023,55.8845],[10.023,55.8845],[10.0227,55.8844],[10.0227,55.8845],[10.0226,55.8847],[10.0222,55.8847],[10.0219,55.8847],[10.0216,55.8847],[10.0219,55.8849],[10.0221,55.8849],[10.0223,55.8849],[10.0226,55.8849],[10.023,55.8849],[10.0232,55.885],[10.0233,55.885],[10.0235,55.8851],[10.0237,55.885],[10.0238,55.885],[10.0238,55.8848],[10.0238,55.8846],[10.024,55.8845],[10.024,55.8843],[10.0237,55.8842],[10.0234,55.8841]]]},"properties":{"sourceId":"ais_par3.65377","a_type":4120,"hectares":0.673}},{"type":"Feature","id":"ais_par3.65381","geometry":{"type":"Polygon","coordinates":[[[10.0317,55.8829],[10.0315,55.8835],[10.0312,55.8841],[10.0323,55.8845],[10.0329,55.8833],[10.0317,55.8829]]]},"properties":{"sourceId":"ais_par3.65381","a_type":4120,"hectares":1.096}},{"type":"Feature","id":"ais_par3.65408","geometry":{"type":"Polygon","coordinates":[[[10.0126,55.8784],[10.0124,55.8782],[10.0121,55.8782],[10.0119,55.8781],[10.0118,55.878],[10.0117,55.8778],[10.0116,55.8778],[10.0114,55.8778],[10.0111,55.8779],[10.011,55.878],[10.0112,55.8781],[10.0114,55.8782],[10.0117,55.8783],[10.0119,55.8784],[10.0121,55.8785],[10.0123,55.8786],[10.0123,55.8787],[10.0126,55.8788],[10.0126,55.8786],[10.0126,55.8785],[10.0126,55.8784]]]},"properties":{"sourceId":"ais_par3.65408","a_type":4120,"hectares":0.418}},{"type":"Feature","id":"ais_par3.65448","geometry":{"type":"Polygon","coordinates":[[[10.0058,55.8671],[10.006,55.8671],[10.0067,55.8671],[10.007,55.8671],[10.0078,55.867],[10.0082,55.8669],[10.0085,55.8668],[10.0102,55.8671],[10.0101,55.8669],[10.0101,55.8668],[10.01,55.8667],[10.0099,55.8666],[10.0098,55.8665],[10.0096,55.8664],[10.0095,55.8662],[10.0094,55.866],[10.0093,55.8659],[10.009,55.8658],[10.0089,55.8657],[10.0086,55.8657],[10.0085,55.8657],[10.0083,55.8657],[10.0081,55.8658],[10.0082,55.866],[10.0083,55.8661],[10.0082,55.8662],[10.0081,55.8664],[10.0081,55.8665],[10.008,55.8667],[10.0079,55.8667],[10.006,55.8665],[10.006,55.8666],[10.0057,55.8666],[10.0055,55.8665],[10.0053,55.8665],[10.005,55.8664],[10.0047,55.8664],[10.0043,55.8663],[10.004,55.8663],[10.0039,55.8664],[10.004,55.8665],[10.0042,55.8666],[10.0045,55.8666],[10.0047,55.8667],[10.0049,55.8668],[10.0058,55.8671]]]},"properties":{"sourceId":"ais_par3.65448","a_type":4120,"hectares":2.468}},{"type":"Feature","id":"ais_par3.66998","geometry":{"type":"Polygon","coordinates":[[[10.0198,55.8716],[10.0195,55.8718],[10.0195,55.8718],[10.0197,55.8718],[10.0198,55.8718],[10.0199,55.8719],[10.0201,55.8719],[10.0202,55.8721],[10.0203,55.8722],[10.0205,55.8722],[10.0207,55.8723],[10.0209,55.8723],[10.0211,55.8723],[10.0214,55.8724],[10.0215,55.8724],[10.0217,55.8725],[10.0218,55.8726],[10.0219,55.8726],[10.0219,55.8726],[10.022,55.8725],[10.0216,55.8721],[10.0216,55.8721],[10.0214,55.872],[10.0213,55.8719],[10.0212,55.8719],[10.0211,55.8718],[10.0209,55.8718],[10.0208,55.8718],[10.0207,55.8718],[10.0203,55.8717],[10.0199,55.8717],[10.0198,55.8716]]]},"properties":{"sourceId":"ais_par3.66998","a_type":4210,"hectares":0.62}},{"type":"Feature","id":"ais_par3.66999","geometry":{"type":"Polygon","coordinates":[[[9.9962,55.8651],[9.9961,55.8651],[9.9961,55.8651],[9.9963,55.8652],[9.9965,55.8653],[9.9967,55.8653],[9.9969,55.8654],[9.997,55.8654],[9.9969,55.8655],[9.9968,55.8655],[9.9967,55.8656],[9.9965,55.8656],[9.9964,55.8656],[9.9962,55.8656],[9.996,55.8656],[9.9959,55.8656],[9.9958,55.8656],[9.9957,55.8656],[9.9956,55.8656],[9.9954,55.8656],[9.9953,55.8656],[9.9951,55.8656],[9.9951,55.8656],[9.9949,55.8656],[9.9948,55.8657],[9.9946,55.8657],[9.9944,55.8658],[9.9945,55.8657],[9.9945,55.8655],[9.9943,55.8654],[9.994,55.8653],[9.9939,55.8653],[9.9934,55.8653],[9.9931,55.8654],[9.993,55.8654],[9.993,55.8654],[9.9929,55.8655],[9.993,55.8655],[9.9931,55.8655],[9.9933,55.8655],[9.9934,55.8654],[9.9935,55.8655],[9.9935,55.8655],[9.9933,55.8656],[9.9933,55.8657],[9.9933,55.8657],[9.9935,55.8657],[9.9936,55.8657],[9.9936,55.8658],[9.9936,55.8658],[9.9937,55.8658],[9.9937,55.8659],[9.9937,55.8659],[9.9937,55.866],[9.9938,55.866],[9.9939,55.8661],[9.994,55.8661],[9.9941,55.8661],[9.9942,55.8661],[9.9942,55.8662],[9.9943,55.8663],[9.9944,55.8665],[9.9944,55.8666],[9.9945,55.8668],[9.9946,55.867],[9.9947,55.8671],[9.9947,55.8674],[9.9947,55.8676],[9.9946,55.8678],[9.9947,55.8679],[9.9946,55.8681],[9.9947,55.8683],[9.9946,55.8685],[9.9946,55.8687],[9.9947,55.8689],[9.9948,55.8691],[9.9948,55.8692],[9.995,55.8695],[9.9951,55.8696],[9.9952,55.8697],[9.9956,55.87],[9.9958,55.8701],[9.9961,55.8702],[9.9963,55.8703],[9.9966,55.8704],[9.9968,55.8704],[9.9971,55.8705],[9.9974,55.8706],[9.9978,55.8707],[9.9982,55.8707],[9.9986,55.8708],[9.9988,55.8708],[9.999,55.8708],[9.9993,55.8708],[9.9996,55.8708],[9.9999,55.8708],[10.0002,55.8708],[10.0005,55.8708],[10.0006,55.8708],[10.0007,55.8708],[10.0011,55.8707],[10.0012,55.8707],[10.0015,55.8707],[10.0018,55.8706],[10.0022,55.8705],[10.0024,55.8705],[10.0026,55.8704],[10.0029,55.8703],[10.0035,55.8703],[10.0037,55.8703],[10.0039,55.8702],[10.0041,55.8703],[10.0045,55.8702],[10.0048,55.8702],[10.0049,55.8702],[10.0051,55.8702],[10.0054,55.8702],[10.0056,55.8702],[10.0058,55.8702],[10.0059,55.8702],[10.0059,55.8702],[10.006,55.8702],[10.0061,55.8702],[10.0061,55.8702],[10.0063,55.8702],[10.0065,55.8702],[10.0065,55.8702],[10.0068,55.8702],[10.0069,55.8702],[10.0071,55.8702],[10.0073,55.8702],[10.0075,55.8702],[10.0077,55.8702],[10.0078,55.8703],[10.0078,55.8703],[10.008,55.8703],[10.0081,55.8703],[10.0083,55.8702],[10.0086,55.8702],[10.0088,55.8703],[10.0091,55.8703],[10.0093,55.8702],[10.0096,55.8702],[10.0099,55.8702],[10.0102,55.8702],[10.0105,55.8702],[10.0106,55.8702],[10.0108,55.8701],[10.011,55.8702],[10.0111,55.8702],[10.0115,55.8702],[10.0117,55.8702],[10.0119,55.8701],[10.0122,55.8702],[10.0125,55.8703],[10.0125,55.8703],[10.0127,55.8703],[10.0128,55.8703],[10.0129,55.8703],[10.0129,55.8703],[10.013,55.8703],[10.013,55.8704],[10.0131,55.8704],[10.0132,55.8704],[10.0133,55.8703],[10.0134,55.8702],[10.0134,55.8699],[10.0131,55.8696],[10.0128,55.8694],[10.0126,55.8692],[10.0122,55.8686],[10.012,55.8683],[10.0116,55.868],[10.0114,55.8678],[10.0114,55.8682],[10.0115,55.8684],[10.0117,55.8686],[10.012,55.8689],[10.0123,55.869],[10.0122,55.8692],[10.0123,55.8693],[10.0124,55.8695],[10.0127,55.8699],[10.0125,55.8701],[10.012,55.87],[10.0114,55.8699],[10.0109,55.8698],[10.0104,55.8697],[10.0098,55.8698],[10.0094,55.8698],[10.0085,55.8699],[10.0074,55.8699],[10.006,55.8699],[10.0056,55.87],[10.0049,55.87],[10.0041,55.87],[10.0031,55.8701],[10.0022,55.8701],[10.0016,55.8701],[10.0009,55.8701],[10,55.8703],[9.9996,55.8704],[9.9993,55.8706],[9.9988,55.8707],[9.9984,55.8707],[9.998,55.8706],[9.9969,55.8703],[9.9964,55.8702],[9.9959,55.87],[9.9956,55.8699],[9.9954,55.8697],[9.9953,55.8694],[9.9951,55.8692],[9.995,55.869],[9.9949,55.8688],[9.995,55.8686],[9.9952,55.8682],[9.9949,55.8678],[9.9948,55.8675],[9.9947,55.8672],[9.9949,55.8667],[9.9947,55.8664],[9.9947,55.8661],[9.9949,55.8659],[9.9951,55.8658],[9.9954,55.8658],[9.9958,55.8658],[9.9963,55.8659],[9.9974,55.8659],[9.9977,55.8658],[9.9982,55.8657],[9.9987,55.8656],[9.9991,55.8655],[9.9991,55.8654],[9.999,55.8654],[9.9988,55.8654],[9.9986,55.8654],[9.9984,55.8653],[9.998,55.8653],[9.9977,55.8653],[9.9976,55.8653],[9.9973,55.8652],[9.9967,55.8652],[9.9962,55.8651]]]},"properties":{"sourceId":"ais_par3.66999","a_type":4210,"hectares":6.934}},{"type":"Feature","id":"ais_par3.67054","geometry":{"type":"Polygon","coordinates":[[[9.9747,55.88],[9.9747,55.88],[9.9747,55.8802],[9.975,55.8802],[9.9761,55.8801],[9.9765,55.88],[9.9776,55.88],[9.978,55.88],[9.9787,55.8801],[9.979,55.88],[9.9794,55.8801],[9.9799,55.8801],[9.9801,55.88],[9.9804,55.88],[9.9808,55.8799],[9.9815,55.8797],[9.982,55.8796],[9.9827,55.8795],[9.9832,55.8794],[9.9837,55.8794],[9.9842,55.8794],[9.9849,55.8794],[9.9854,55.8794],[9.986,55.8795],[9.9866,55.8796],[9.9874,55.8796],[9.9881,55.8796],[9.9889,55.8796],[9.9896,55.8794],[9.9914,55.8796],[9.9929,55.88],[9.9936,55.8807],[9.994,55.8811],[9.9943,55.8811],[9.9966,55.8811],[9.9968,55.881],[9.9972,55.8809],[9.9978,55.8808],[9.9982,55.8807],[9.9987,55.8806],[9.9993,55.8804],[9.9996,55.8802],[10.0003,55.8798],[10.001,55.8797],[10.0017,55.8795],[10.0024,55.8794],[10.0026,55.8793],[10.0028,55.8793],[10.0028,55.8791],[10.003,55.8789],[10.005,55.8778],[10.0069,55.8773],[10.0088,55.877],[10.0102,55.8768],[10.0109,55.8766],[10.0113,55.8767],[10.0117,55.8768],[10.0121,55.8771],[10.0124,55.8775],[10.0125,55.878],[10.0126,55.8782],[10.0126,55.8784],[10.0155,55.8791],[10.0163,55.8789],[10.0164,55.879],[10.0164,55.8791],[10.0166,55.8792],[10.0166,55.8794],[10.0167,55.8796],[10.0185,55.8799],[10.0201,55.8782],[10.0204,55.878],[10.0207,55.878],[10.0213,55.8779],[10.022,55.8778],[10.0226,55.8778],[10.0229,55.8778],[10.0232,55.8778],[10.0234,55.8777],[10.0236,55.8776],[10.0237,55.8774],[10.0238,55.877],[10.024,55.8767],[10.0244,55.8765],[10.0252,55.8763],[10.0255,55.876],[10.0254,55.876],[10.0252,55.8761],[10.025,55.8761],[10.0247,55.876],[10.0244,55.876],[10.0241,55.876],[10.0239,55.8761],[10.0236,55.8761],[10.0234,55.8761],[10.0233,55.8761],[10.0229,55.8761],[10.0225,55.8761],[10.0224,55.8761],[10.0224,55.8761],[10.0223,55.876],[10.0222,55.876],[10.0221,55.8761],[10.022,55.8761],[10.0219,55.8761],[10.0216,55.8761],[10.0202,55.876],[10.0199,55.8759],[10.0196,55.8759],[10.0192,55.8758],[10.0191,55.8758],[10.0189,55.8758],[10.0189,55.8758],[10.0189,55.8758],[10.0186,55.8757],[10.0182,55.8757],[10.018,55.8761],[10.0175,55.8755],[10.0156,55.8754],[10.0153,55.8754],[10.015,55.8755],[10.0147,55.8755],[10.014,55.8756],[10.0137,55.8757],[10.0134,55.8757],[10.0124,55.8759],[10.0105,55.8761],[10.0104,55.8761],[10.0102,55.8762],[10.0101,55.8762],[10.01,55.8762],[10.0098,55.8762],[10.0095,55.8763],[10.0092,55.8764],[10.009,55.8764],[10.0086,55.8765],[10.0079,55.8767],[10.0074,55.8768],[10.007,55.877],[10.0069,55.877],[10.0064,55.8772],[10.0059,55.8773],[10.0056,55.8774],[10.0052,55.8775],[10.0049,55.8776],[10.0045,55.8777],[10.0043,55.8778],[10.0042,55.8779],[10.0039,55.878],[10.0036,55.8781],[10.0033,55.8784],[10.0032,55.8784],[10.0029,55.8788],[10.0027,55.8788],[10.0025,55.8789],[10.0023,55.8789],[10.0021,55.879],[10.0019,55.8791],[10.0017,55.8792],[10.0014,55.8793],[10.0012,55.8794],[10.0007,55.8795],[10.0005,55.8796],[10.0004,55.8797],[10.0001,55.8798],[9.9999,55.8799],[9.9997,55.88],[9.9993,55.88],[9.9991,55.8801],[9.9989,55.8802],[9.9986,55.8803],[9.9985,55.8804],[9.998,55.8804],[9.9978,55.8803],[9.9978,55.8803],[9.9977,55.8803],[9.9977,55.8804],[9.9976,55.8804],[9.9973,55.8804],[9.9972,55.8805],[9.997,55.8805],[9.9968,55.8805],[9.9967,55.8804],[9.9966,55.8803],[9.9965,55.8803],[9.9963,55.8799],[9.9959,55.8797],[9.9959,55.8796],[9.9956,55.8796],[9.9953,55.8796],[9.9953,55.8796],[9.9948,55.8795],[9.9945,55.8796],[9.9944,55.8795],[9.9941,55.8795],[9.9938,55.8795],[9.9936,55.8795],[9.9933,55.8795],[9.9924,55.8794],[9.9921,55.8794],[9.9919,55.8794],[9.9917,55.8795],[9.9915,55.8795],[9.9914,55.8794],[9.9912,55.8793],[9.9911,55.8793],[9.991,55.8794],[9.9908,55.8794],[9.9905,55.8794],[9.9902,55.8794],[9.99,55.8794],[9.989,55.8792],[9.9887,55.8793],[9.9885,55.8793],[9.9881,55.8793],[9.9879,55.8793],[9.9876,55.8793],[9.9874,55.8793],[9.9873,55.8793],[9.9868,55.8792],[9.9866,55.8791],[9.9863,55.879],[9.9862,55.879],[9.986,55.879],[9.9858,55.8791],[9.9856,55.8791],[9.9855,55.8791],[9.9854,55.8791],[9.9853,55.8791],[9.9851,55.8791],[9.9848,55.8791],[9.9845,55.8792],[9.9842,55.8792],[9.984,55.8792],[9.9836,55.8792],[9.983,55.8793],[9.9826,55.8793],[9.9823,55.8793],[9.9822,55.8793],[9.982,55.8794],[9.9818,55.8795],[9.9817,55.8795],[9.9815,55.8795],[9.9814,55.8795],[9.9812,55.8795],[9.9811,55.8795],[9.981,55.8795],[9.9807,55.8796],[9.9805,55.8797],[9.9804,55.8797],[9.9803,55.8797],[9.9793,55.8797],[9.9791,55.8797],[9.9789,55.8797],[9.9788,55.8796],[9.9788,55.8797],[9.9786,55.8797],[9.9784,55.8797],[9.9781,55.8797],[9.9778,55.8797],[9.9776,55.8797],[9.9774,55.8797],[9.9771,55.8798],[9.9769,55.8798],[9.9767,55.8797],[9.9765,55.8797],[9.9763,55.8797],[9.9762,55.8798],[9.976,55.8798],[9.9759,55.8799],[9.9758,55.8799],[9.9756,55.8799],[9.9755,55.8799],[9.9753,55.8799],[9.9752,55.8799],[9.975,55.88],[9.9747,55.88],[9.9747,55.88]]]},"properties":{"sourceId":"ais_par3.67054","a_type":4210,"hectares":35.062}},{"type":"Feature","id":"ais_par3.67567","geometry":{"type":"Polygon","coordinates":[[[10.0212,55.9412],[10.021,55.941],[10.0201,55.9411],[10.02,55.9412],[10.0202,55.9412],[10.0204,55.9412],[10.0206,55.9413],[10.021,55.9412],[10.0212,55.9412]]]},"properties":{"sourceId":"ais_par3.67567","a_type":5120,"hectares":0.134}},{"type":"Feature","id":"ais_par3.67571","geometry":{"type":"Polygon","coordinates":[[[10.0169,55.9385],[10.0166,55.9385],[10.0165,55.9387],[10.0166,55.9388],[10.0163,55.9392],[10.0165,55.9394],[10.0172,55.9389],[10.0173,55.9387],[10.0171,55.9386],[10.0169,55.9385]]]},"properties":{"sourceId":"ais_par3.67571","a_type":5120,"hectares":0.342}},{"type":"Feature","id":"ais_par3.67590","geometry":{"type":"Polygon","coordinates":[[[10.0106,55.9309],[10.0101,55.9317],[10.0106,55.9318],[10.0113,55.9311],[10.0106,55.9309]]]},"properties":{"sourceId":"ais_par3.67590","a_type":5120,"hectares":0.373}},{"type":"Feature","id":"ais_par3.67591","geometry":{"type":"Polygon","coordinates":[[[10.0149,55.9303],[10.0147,55.9303],[10.0146,55.9304],[10.0146,55.9305],[10.0147,55.9306],[10.015,55.9307],[10.0153,55.9307],[10.0152,55.9304],[10.0149,55.9303]]]},"properties":{"sourceId":"ais_par3.67591","a_type":5120,"hectares":0.126}},{"type":"Feature","id":"ais_par3.67599","geometry":{"type":"Polygon","coordinates":[[[10.019,55.9263],[10.0189,55.9265],[10.0187,55.9267],[10.0185,55.9268],[10.0183,55.9269],[10.0184,55.9271],[10.0185,55.9272],[10.0187,55.9272],[10.0189,55.9272],[10.0191,55.9272],[10.0192,55.9271],[10.0192,55.9269],[10.0195,55.9269],[10.0194,55.9266],[10.019,55.9263]]]},"properties":{"sourceId":"ais_par3.67599","a_type":5120,"hectares":0.441}},{"type":"Feature","id":"ais_par3.67659","geometry":{"type":"Polygon","coordinates":[[[10.0129,55.8944],[10.0127,55.8944],[10.0127,55.8945],[10.0127,55.8946],[10.0128,55.8947],[10.013,55.8948],[10.0133,55.895],[10.0136,55.8951],[10.0137,55.895],[10.0137,55.8949],[10.0136,55.8948],[10.0135,55.8947],[10.0132,55.8945],[10.0129,55.8944]]]},"properties":{"sourceId":"ais_par3.67659","a_type":5120,"hectares":0.227}},{"type":"Feature","id":"ais_par3.67676","geometry":{"type":"Polygon","coordinates":[[[10.0276,55.8889],[10.028,55.889],[10.0281,55.8889],[10.0282,55.8888],[10.0284,55.8889],[10.0284,55.8887],[10.0282,55.8886],[10.0281,55.8885],[10.0279,55.8884],[10.0277,55.8883],[10.0275,55.8884],[10.0276,55.8889]]]},"properties":{"sourceId":"ais_par3.67676","a_type":5120,"hectares":0.246}},{"type":"Feature","id":"ais_par3.67692","geometry":{"type":"Polygon","coordinates":[[[10.0096,55.8811],[10.0094,55.8811],[10.0093,55.8812],[10.0093,55.8814],[10.0094,55.8814],[10.0096,55.8815],[10.0098,55.8815],[10.0101,55.8815],[10.0103,55.8815],[10.0103,55.8813],[10.0102,55.8812],[10.0101,55.8812],[10.0099,55.8811],[10.0096,55.8811]]]},"properties":{"sourceId":"ais_par3.67692","a_type":5120,"hectares":0.243}}]}
