{"type":"FeatureCollection","metadata":{"kommuneKode":"0825","kommuneNavn":"Læsø","source":"https://wfs2-miljoegis.mim.dk/natur/ows","layer":"natur:ais_par3","bbox":[10.858222636150881,57.17523451702391,11.200377987695646,57.36466482768689],"fetchedAt":"2026-06-12T20:55:49.465231+00:00"},"features":[{"type":"Feature","id":"ais_par3.105476","geometry":{"type":"Polygon","coordinates":[[[10.9279,57.2629],[10.9286,57.2629],[10.9287,57.2623],[10.9278,57.2623],[10.9279,57.2629]]]},"properties":{"sourceId":"ais_par3.105476","a_type":3220,"hectares":0.289}},{"type":"Feature","id":"ais_par3.105539","geometry":{"type":"Polygon","coordinates":[[[11.0762,57.2893],[11.076,57.2896],[11.0774,57.29],[11.0772,57.2903],[11.0787,57.2907],[11.079,57.2902],[11.0762,57.2893]]]},"properties":{"sourceId":"ais_par3.105539","a_type":3220,"hectares":0.896}},{"type":"Feature","id":"ais_par3.109180","geometry":{"type":"Polygon","coordinates":[[[11.0259,57.2883],[11.0266,57.2875],[11.0251,57.2871],[11.0254,57.2875],[11.0256,57.2877],[11.0258,57.288],[11.0259,57.2883]]]},"properties":{"sourceId":"ais_par3.109180","a_type":4120,"hectares":0.405}},{"type":"Feature","id":"ais_par3.105477","geometry":{"type":"Polygon","coordinates":[[[10.9031,57.2631],[10.9046,57.2622],[10.9035,57.2624],[10.9032,57.2623],[10.9027,57.2615],[10.9017,57.2615],[10.9009,57.2618],[10.9031,57.2631]]]},"properties":{"sourceId":"ais_par3.105477","a_type":3220,"hectares":1.655}},{"type":"Feature","id":"ais_par3.105478","geometry":{"type":"Polygon","coordinates":[[[10.948,57.2618],[10.948,57.2612],[10.948,57.261],[10.9469,57.2611],[10.9469,57.2617],[10.948,57.2618]]]},"properties":{"sourceId":"ais_par3.105478","a_type":3220,"hectares":0.498}},{"type":"Feature","id":"ais_par3.117062","geometry":{"type":"Polygon","coordinates":[[[10.9717,57.2676],[10.9718,57.2676],[10.9716,57.2675],[10.9714,57.2676],[10.9715,57.2677],[10.9716,57.2677],[10.9717,57.2676]]]},"properties":{"sourceId":"ais_par3.117062","a_type":5120,"hectares":0.027}},{"type":"Feature","id":"ais_par3.101236","geometry":{"type":"Polygon","coordinates":[[[10.9038,57.2564],[10.9039,57.2564],[10.9043,57.2564],[10.9044,57.2564],[10.9046,57.2563],[10.9047,57.2563],[10.9051,57.2563],[10.906,57.2556],[10.9058,57.2556],[10.9053,57.2557],[10.9048,57.2558],[10.9042,57.256],[10.9038,57.2562],[10.9035,57.2565],[10.9038,57.2564]],[[10.9045,57.2563],[10.9044,57.2562],[10.9044,57.2562],[10.9046,57.2562],[10.9046,57.2562],[10.9045,57.2563]]]},"properties":{"sourceId":"ais_par3.101236","a_type":3210,"hectares":0.528}},{"type":"Feature","id":"ais_par3.117063","geometry":{"type":"Polygon","coordinates":[[[11.0438,57.2662],[11.0439,57.2661],[11.0437,57.2661],[11.0437,57.2662],[11.0438,57.2662]]]},"properties":{"sourceId":"ais_par3.117063","a_type":5120,"hectares":0.017}},{"type":"Feature","id":"ais_par3.117064","geometry":{"type":"Polygon","coordinates":[[[10.9816,57.2672],[10.9817,57.2671],[10.9816,57.267],[10.9815,57.2671],[10.9816,57.2672]]]},"properties":{"sourceId":"ais_par3.117064","a_type":5120,"hectares":0.006}},{"type":"Feature","id":"ais_par3.117065","geometry":{"type":"Polygon","coordinates":[[[10.9778,57.2661],[10.9778,57.2662],[10.978,57.2662],[10.9784,57.266],[10.9784,57.2659],[10.9782,57.2659],[10.9778,57.2661]]]},"properties":{"sourceId":"ais_par3.117065","a_type":5120,"hectares":0.062}},{"type":"Feature","id":"ais_par3.117066","geometry":{"type":"Polygon","coordinates":[[[10.9541,57.2665],[10.9542,57.2665],[10.9542,57.2664],[10.954,57.2664],[10.9541,57.2665]]]},"properties":{"sourceId":"ais_par3.117066","a_type":5120,"hectares":0.01}},{"type":"Feature","id":"ais_par3.117123","geometry":{"type":"Polygon","coordinates":[[[11.0605,57.2472],[11.0598,57.247],[11.0597,57.2471],[11.0604,57.2473],[11.0605,57.2472]]]},"properties":{"sourceId":"ais_par3.117123","a_type":5120,"hectares":0.075}},{"type":"Feature","id":"ais_par3.117124","geometry":{"type":"Polygon","coordinates":[[[11.0241,57.2479],[11.0242,57.2478],[11.024,57.2478],[11.0241,57.2479]]]},"properties":{"sourceId":"ais_par3.117124","a_type":5120,"hectares":0.007}},{"type":"Feature","id":"ais_par3.117159","geometry":{"type":"Polygon","coordinates":[[[11.0135,57.2367],[11.0135,57.2367],[11.0136,57.2368],[11.0141,57.2367],[11.014,57.2366],[11.0135,57.2367]]]},"properties":{"sourceId":"ais_par3.117159","a_type":5120,"hectares":0.055}},{"type":"Feature","id":"ais_par3.117160","geometry":{"type":"Polygon","coordinates":[[[10.9642,57.2371],[10.9643,57.237],[10.9642,57.237],[10.9641,57.237],[10.9641,57.237],[10.9642,57.2371]]]},"properties":{"sourceId":"ais_par3.117160","a_type":5120,"hectares":0.012}},{"type":"Feature","id":"ais_par3.117214","geometry":{"type":"Polygon","coordinates":[[[11.1148,57.3057],[11.1143,57.3056],[11.1142,57.3058],[11.1146,57.3059],[11.1148,57.3057]]]},"properties":{"sourceId":"ais_par3.117214","a_type":5120,"hectares":0.05}},{"type":"Feature","id":"ais_par3.105397","geometry":{"type":"Polygon","coordinates":[[[11.0571,57.3063],[11.058,57.3065],[11.0583,57.3061],[11.0574,57.3058],[11.0571,57.3063]]]},"properties":{"sourceId":"ais_par3.105397","a_type":3220,"hectares":0.328}},{"type":"Feature","id":"ais_par3.105396","geometry":{"type":"Polygon","coordinates":[[[11.026,57.3112],[11.0259,57.3113],[11.0259,57.3113],[11.0259,57.3113],[11.026,57.3114],[11.0262,57.3114],[11.0262,57.3113],[11.0262,57.3113],[11.026,57.3112]]]},"properties":{"sourceId":"ais_par3.105396","a_type":3220,"hectares":0.02}},{"type":"Feature","id":"ais_par3.105398","geometry":{"type":"Polygon","coordinates":[[[11.0442,57.2957],[11.044,57.2956],[11.0439,57.2956],[11.0433,57.2956],[11.041,57.2985],[11.0416,57.2985],[11.0417,57.2986],[11.0421,57.2986],[11.0424,57.2987],[11.0426,57.2983],[11.043,57.2981],[11.0432,57.2977],[11.0436,57.2978],[11.0434,57.2976],[11.0433,57.2974],[11.0436,57.2974],[11.0437,57.2973],[11.0439,57.2972],[11.0442,57.2973],[11.0443,57.2973],[11.0446,57.2972],[11.0449,57.2974],[11.045,57.2974],[11.045,57.2973],[11.0449,57.2971],[11.045,57.297],[11.0452,57.297],[11.0453,57.2969],[11.0455,57.2968],[11.0459,57.2966],[11.0446,57.2963],[11.0449,57.296],[11.0445,57.2959],[11.0443,57.2959],[11.0442,57.2957]]]},"properties":{"sourceId":"ais_par3.105398","a_type":3220,"hectares":4.023}},{"type":"Feature","id":"ais_par3.105399","geometry":{"type":"Polygon","coordinates":[[[11.0369,57.2968],[11.0381,57.2953],[11.0385,57.2953],[11.0387,57.2952],[11.0387,57.295],[11.039,57.2949],[11.0389,57.2947],[11.0388,57.2946],[11.0386,57.2945],[11.0384,57.2945],[11.0381,57.2944],[11.0379,57.2943],[11.0377,57.2942],[11.0363,57.2961],[11.0361,57.2964],[11.0363,57.2964],[11.0365,57.2967],[11.0368,57.2968],[11.0369,57.2968]]]},"properties":{"sourceId":"ais_par3.105399","a_type":3220,"hectares":2.02}},{"type":"Feature","id":"ais_par3.105400","geometry":{"type":"Polygon","coordinates":[[[10.9378,57.3],[10.9385,57.3],[10.9396,57.3],[10.9399,57.3],[10.9402,57.3001],[10.9401,57.2998],[10.9399,57.2995],[10.9395,57.2989],[10.9389,57.298],[10.9373,57.298],[10.9362,57.2962],[10.9355,57.2949],[10.9342,57.2951],[10.9344,57.2954],[10.9345,57.2956],[10.9348,57.296],[10.9349,57.2962],[10.9343,57.2963],[10.934,57.2965],[10.9335,57.2967],[10.9325,57.2971],[10.932,57.2966],[10.9331,57.2962],[10.9327,57.2956],[10.9326,57.2953],[10.9309,57.2956],[10.9287,57.2957],[10.9291,57.2959],[10.9278,57.296],[10.9277,57.2959],[10.9274,57.296],[10.9277,57.2962],[10.9279,57.2961],[10.9286,57.2961],[10.9293,57.2964],[10.929,57.2968],[10.9284,57.2969],[10.9275,57.2964],[10.9271,57.2965],[10.9267,57.2964],[10.9266,57.2965],[10.9273,57.2967],[10.9276,57.2967],[10.928,57.297],[10.9287,57.2973],[10.9294,57.2978],[10.93,57.2981],[10.9308,57.2987],[10.9312,57.2989],[10.9318,57.299],[10.9324,57.299],[10.9331,57.2992],[10.9334,57.2993],[10.9336,57.2994],[10.9339,57.2995],[10.9344,57.2997],[10.935,57.2998],[10.9357,57.2998],[10.9361,57.2999],[10.9369,57.2999],[10.9375,57.3],[10.9378,57.3]]]},"properties":{"sourceId":"ais_par3.105400","a_type":3220,"hectares":21.806}},{"type":"Feature","id":"ais_par3.105401","geometry":{"type":"Polygon","coordinates":[[[10.9883,57.2966],[10.9868,57.2964],[10.9847,57.2959],[10.9847,57.2958],[10.982,57.2958],[10.9753,57.2963],[10.9761,57.2967],[10.9827,57.2969],[10.9883,57.2971],[10.9893,57.2971],[10.9892,57.2968],[10.9883,57.2966]]]},"properties":{"sourceId":"ais_par3.105401","a_type":3220,"hectares":7.19}},{"type":"Feature","id":"ais_par3.105402","geometry":{"type":"Polygon","coordinates":[[[11.0647,57.2944],[11.064,57.2954],[11.0653,57.2957],[11.0666,57.2942],[11.0661,57.294],[11.0656,57.2946],[11.0647,57.2944]]]},"properties":{"sourceId":"ais_par3.105402","a_type":3220,"hectares":1.269}},{"type":"Feature","id":"ais_par3.105403","geometry":{"type":"Polygon","coordinates":[[[11.0213,57.2998],[11.0223,57.2998],[11.0229,57.2999],[11.0234,57.3],[11.024,57.3001],[11.0243,57.3002],[11.0244,57.3001],[11.0239,57.2999],[11.0242,57.2998],[11.0247,57.2995],[11.0248,57.2994],[11.0249,57.2992],[11.025,57.299],[11.0252,57.2991],[11.0256,57.2993],[11.0263,57.2994],[11.0263,57.2996],[11.0266,57.2997],[11.0273,57.2998],[11.0276,57.2998],[11.028,57.2998],[11.0283,57.2997],[11.0284,57.2992],[11.0287,57.2989],[11.0289,57.2989],[11.0291,57.2987],[11.0293,57.2986],[11.0299,57.2986],[11.0304,57.2987],[11.0308,57.2988],[11.0312,57.2988],[11.0317,57.2988],[11.0315,57.2986],[11.0311,57.2986],[11.0311,57.2985],[11.0314,57.2984],[11.0316,57.2984],[11.0319,57.2983],[11.0322,57.2983],[11.0324,57.2984],[11.0324,57.2984],[11.0328,57.2985],[11.033,57.2987],[11.0332,57.2989],[11.0337,57.2989],[11.0341,57.2989],[11.0341,57.2991],[11.0342,57.2993],[11.0344,57.2994],[11.0348,57.2994],[11.0351,57.2995],[11.0352,57.2995],[11.0356,57.2997],[11.0359,57.2999],[11.0361,57.2999],[11.0362,57.2999],[11.0365,57.3002],[11.0373,57.2991],[11.0344,57.2984],[11.0277,57.2966],[11.0281,57.296],[11.0286,57.2953],[11.0248,57.2942],[11.0242,57.2941],[11.024,57.294],[11.0237,57.2938],[11.0235,57.2936],[11.0233,57.2934],[11.023,57.2932],[11.0226,57.2929],[11.0221,57.2926],[11.0218,57.2928],[11.02,57.291],[11.0197,57.2911],[11.0196,57.2913],[11.0196,57.2913],[11.0193,57.2914],[11.0193,57.2915],[11.0196,57.2916],[11.0197,57.2919],[11.0197,57.2921],[11.0194,57.2925],[11.019,57.2926],[11.0188,57.2927],[11.0188,57.2931],[11.0185,57.2928],[11.0183,57.2925],[11.0179,57.2922],[11.0182,57.2921],[11.0185,57.2919],[11.0184,57.2917],[11.0181,57.2918],[11.0179,57.2917],[11.0178,57.2915],[11.0175,57.2913],[11.0173,57.2912],[11.0169,57.2912],[11.0164,57.2911],[11.016,57.291],[11.0144,57.2931],[11.0146,57.2931],[11.0148,57.293],[11.0151,57.293],[11.0154,57.2929],[11.0156,57.2928],[11.0173,57.294],[11.0142,57.2933],[11.0093,57.2921],[11.0084,57.2919],[11.008,57.2918],[11.0029,57.2983],[11.006,57.2987],[11.0061,57.299],[11.0079,57.2992],[11.0087,57.2992],[11.009,57.2993],[11.0092,57.2992],[11.0092,57.299],[11.0095,57.299],[11.0097,57.2987],[11.0099,57.2987],[11.0105,57.2988],[11.011,57.2988],[11.011,57.299],[11.0115,57.299],[11.0118,57.2988],[11.012,57.2988],[11.0124,57.2988],[11.0127,57.2988],[11.0134,57.2991],[11.0139,57.2992],[11.0149,57.2994],[11.0163,57.2997],[11.017,57.2997],[11.0172,57.2995],[11.0175,57.2995],[11.0188,57.2998],[11.0201,57.2998],[11.0211,57.2998],[11.0213,57.2998]]]},"properties":{"sourceId":"ais_par3.105403","a_type":3220,"hectares":108.539}},{"type":"Feature","id":"ais_par3.105404","geometry":{"type":"Polygon","coordinates":[[[11.0428,57.2948],[11.0434,57.2943],[11.0437,57.2942],[11.044,57.2942],[11.0444,57.2942],[11.0444,57.2943],[11.0447,57.2944],[11.0449,57.2943],[11.0451,57.2943],[11.0455,57.2942],[11.0459,57.2943],[11.0462,57.2943],[11.0461,57.2941],[11.0461,57.294],[11.0462,57.2938],[11.0465,57.2937],[11.0465,57.2936],[11.0464,57.2935],[11.0462,57.2934],[11.0464,57.2932],[11.0467,57.2932],[11.0468,57.2931],[11.0466,57.293],[11.0464,57.293],[11.0463,57.2929],[11.0463,57.2928],[11.0465,57.2928],[11.047,57.2928],[11.0474,57.2928],[11.0475,57.2928],[11.0473,57.2926],[11.0472,57.2925],[11.047,57.2923],[11.0467,57.2923],[11.0464,57.2925],[11.0463,57.2923],[11.0463,57.2922],[11.0461,57.2921],[11.0454,57.292],[11.0451,57.2921],[11.0448,57.2922],[11.0446,57.2923],[11.0444,57.2923],[11.0443,57.2923],[11.0443,57.2921],[11.0445,57.292],[11.0447,57.2919],[11.0446,57.2918],[11.0444,57.2918],[11.0442,57.2919],[11.0441,57.2919],[11.0439,57.2919],[11.0437,57.292],[11.0438,57.2922],[11.0437,57.2925],[11.0436,57.2928],[11.0431,57.2928],[11.0428,57.2928],[11.042,57.2938],[11.0412,57.2945],[11.0428,57.2948]]]},"properties":{"sourceId":"ais_par3.105404","a_type":3220,"hectares":6.223}},{"type":"Feature","id":"ais_par3.105405","geometry":{"type":"Polygon","coordinates":[[[10.9494,57.2962],[10.9491,57.2952],[10.9487,57.2952],[10.9486,57.2951],[10.9484,57.295],[10.9487,57.2962],[10.949,57.2961],[10.9492,57.296],[10.9494,57.2962]]]},"properties":{"sourceId":"ais_par3.105405","a_type":3220,"hectares":0.444}},{"type":"Feature","id":"ais_par3.105406","geometry":{"type":"Polygon","coordinates":[[[10.9508,57.2942],[10.9512,57.2942],[10.9513,57.2941],[10.9517,57.2941],[10.9512,57.2928],[10.9504,57.2929],[10.9508,57.2942]]]},"properties":{"sourceId":"ais_par3.105406","a_type":3220,"hectares":0.765}},{"type":"Feature","id":"ais_par3.105407","geometry":{"type":"Polygon","coordinates":[[[10.947,57.2931],[10.9461,57.2932],[10.9464,57.294],[10.9473,57.2939],[10.947,57.2931]]]},"properties":{"sourceId":"ais_par3.105407","a_type":3220,"hectares":0.517}},{"type":"Feature","id":"ais_par3.105408","geometry":{"type":"Polygon","coordinates":[[[10.9222,57.2937],[10.9225,57.2943],[10.9228,57.2942],[10.9229,57.2942],[10.9229,57.2939],[10.9229,57.2937],[10.9227,57.2937],[10.9222,57.2937]]]},"properties":{"sourceId":"ais_par3.105408","a_type":3220,"hectares":0.219}},{"type":"Feature","id":"ais_par3.105409","geometry":{"type":"Polygon","coordinates":[[[10.9941,57.293],[10.9918,57.2927],[10.9916,57.2928],[10.988,57.2928],[10.9879,57.2924],[10.9873,57.2924],[10.9866,57.2926],[10.9864,57.2927],[10.9861,57.2928],[10.9859,57.2929],[10.9858,57.293],[10.986,57.293],[10.9941,57.293]]]},"properties":{"sourceId":"ais_par3.105409","a_type":3220,"hectares":1.325}},{"type":"Feature","id":"ais_par3.105410","geometry":{"type":"Polygon","coordinates":[[[10.9393,57.2934],[10.9395,57.2934],[10.9397,57.2934],[10.9399,57.2935],[10.9399,57.2936],[10.9404,57.2936],[10.9408,57.2935],[10.9416,57.2932],[10.9408,57.2932],[10.9401,57.2929],[10.9398,57.293],[10.9395,57.293],[10.9393,57.2932],[10.9393,57.2934]]]},"properties":{"sourceId":"ais_par3.105410","a_type":3220,"hectares":0.53}},{"type":"Feature","id":"ais_par3.105411","geometry":{"type":"Polygon","coordinates":[[[10.9445,57.2921],[10.9452,57.2932],[10.9459,57.293],[10.9477,57.2927],[10.9489,57.2926],[10.951,57.2923],[10.9507,57.2919],[10.9505,57.2914],[10.95,57.2908],[10.9494,57.2902],[10.9492,57.2903],[10.949,57.2903],[10.9485,57.2905],[10.948,57.2906],[10.9473,57.2908],[10.9468,57.291],[10.9464,57.2911],[10.946,57.2912],[10.9452,57.2915],[10.9448,57.2916],[10.9446,57.292],[10.9445,57.2921]]]},"properties":{"sourceId":"ais_par3.105411","a_type":3220,"hectares":7.355}},{"type":"Feature","id":"ais_par3.105412","geometry":{"type":"Polygon","coordinates":[[[11.0251,57.2871],[11.0251,57.2871],[11.025,57.2869],[11.025,57.2867],[11.0248,57.2865],[11.0247,57.2863],[11.0238,57.2861],[11.0238,57.2863],[11.0236,57.2863],[11.0234,57.2864],[11.0231,57.2864],[11.0231,57.2862],[11.0231,57.2859],[11.0221,57.2856],[11.0217,57.2862],[11.0225,57.2864],[11.0227,57.2865],[11.0224,57.2865],[11.0223,57.2865],[11.0221,57.2867],[11.0223,57.2868],[11.0224,57.287],[11.0224,57.287],[11.0235,57.2874],[11.0232,57.2878],[11.0234,57.2879],[11.0237,57.288],[11.0238,57.2881],[11.0236,57.2883],[11.0234,57.2885],[11.0232,57.2885],[11.0221,57.2882],[11.0221,57.2885],[11.0219,57.2888],[11.0249,57.2896],[11.0255,57.2898],[11.0251,57.2903],[11.0266,57.2907],[11.0286,57.2911],[11.0286,57.291],[11.0285,57.2909],[11.0283,57.2907],[11.0282,57.2904],[11.0276,57.2903],[11.0279,57.2897],[11.0278,57.2897],[11.028,57.2892],[11.0276,57.2891],[11.0273,57.289],[11.027,57.2888],[11.0262,57.2888],[11.026,57.2887],[11.0259,57.2883],[11.0258,57.288],[11.0256,57.2877],[11.0254,57.2875],[11.0251,57.2871]]]},"properties":{"sourceId":"ais_par3.105412","a_type":3220,"hectares":9.141}},{"type":"Feature","id":"ais_par3.105413","geometry":{"type":"Polygon","coordinates":[[[11.046,57.2888],[11.0506,57.2899],[11.0509,57.2893],[11.0516,57.2883],[11.0519,57.2883],[11.052,57.2881],[11.052,57.2879],[11.052,57.2876],[11.0516,57.2875],[11.0514,57.2875],[11.0508,57.2875],[11.0506,57.288],[11.0484,57.2877],[11.0485,57.2878],[11.0486,57.2878],[11.0487,57.2879],[11.0487,57.2881],[11.0488,57.2881],[11.0489,57.2881],[11.0491,57.2881],[11.0493,57.2882],[11.0493,57.2882],[11.0494,57.2883],[11.0494,57.2884],[11.0493,57.2885],[11.049,57.2883],[11.0488,57.2883],[11.0484,57.2884],[11.0486,57.2885],[11.0487,57.2886],[11.0488,57.2888],[11.0487,57.2889],[11.0483,57.289],[11.048,57.2891],[11.048,57.2889],[11.0482,57.2888],[11.0482,57.2887],[11.0479,57.2887],[11.0477,57.2885],[11.0475,57.2885],[11.047,57.2884],[11.0466,57.288],[11.0461,57.2877],[11.0459,57.2877],[11.046,57.2888]]]},"properties":{"sourceId":"ais_par3.105413","a_type":3220,"hectares":4.854}},{"type":"Feature","id":"ais_par3.105414","geometry":{"type":"Polygon","coordinates":[[[10.9512,57.2896],[10.9507,57.2898],[10.952,57.2913],[10.9535,57.291],[10.9522,57.2892],[10.952,57.2892],[10.9516,57.2894],[10.9512,57.2896]]]},"properties":{"sourceId":"ais_par3.105414","a_type":3220,"hectares":2.108}},{"type":"Feature","id":"ais_par3.105415","geometry":{"type":"Polygon","coordinates":[[[11.0638,57.2885],[11.0633,57.2888],[11.0638,57.2892],[11.0643,57.2887],[11.0638,57.2885]]]},"properties":{"sourceId":"ais_par3.105415","a_type":3220,"hectares":0.197}},{"type":"Feature","id":"ais_par3.105416","geometry":{"type":"Polygon","coordinates":[[[11.0558,57.2864],[11.0557,57.2866],[11.0556,57.2867],[11.0554,57.2869],[11.0555,57.287],[11.0557,57.287],[11.056,57.2872],[11.0562,57.2871],[11.0565,57.2869],[11.0568,57.2868],[11.057,57.2868],[11.0569,57.2866],[11.0567,57.2864],[11.0568,57.2863],[11.057,57.286],[11.0571,57.2858],[11.0574,57.2857],[11.058,57.2855],[11.0584,57.2855],[11.0592,57.2854],[11.0599,57.2853],[11.0599,57.2857],[11.0608,57.2857],[11.0607,57.2854],[11.0609,57.2854],[11.0609,57.2852],[11.0608,57.285],[11.0612,57.285],[11.0611,57.2847],[11.0606,57.2848],[11.0606,57.2847],[11.0614,57.2844],[11.0586,57.2847],[11.0582,57.2847],[11.0577,57.2846],[11.0574,57.2845],[11.057,57.2844],[11.0567,57.2843],[11.0559,57.2842],[11.0555,57.2842],[11.0555,57.2835],[11.0553,57.2834],[11.0533,57.2833],[11.0536,57.284],[11.0529,57.2838],[11.0523,57.2837],[11.0513,57.2835],[11.0505,57.2834],[11.0501,57.2833],[11.0494,57.2832],[11.0488,57.2831],[11.0478,57.283],[11.0482,57.2843],[11.0485,57.2843],[11.0483,57.2836],[11.0487,57.2836],[11.0491,57.2837],[11.0493,57.284],[11.0493,57.2842],[11.0497,57.2841],[11.0497,57.2844],[11.05,57.2843],[11.0505,57.2843],[11.0504,57.2841],[11.0507,57.2841],[11.0509,57.2843],[11.0516,57.2842],[11.0517,57.2838],[11.0519,57.2839],[11.052,57.2841],[11.0523,57.2841],[11.0524,57.2842],[11.0522,57.2843],[11.052,57.2845],[11.0519,57.2848],[11.0521,57.2848],[11.0523,57.2847],[11.0523,57.2849],[11.0529,57.2851],[11.0533,57.2851],[11.0535,57.2852],[11.052,57.2858],[11.0515,57.286],[11.0513,57.286],[11.0511,57.2859],[11.0508,57.2858],[11.0506,57.2859],[11.0504,57.2861],[11.0503,57.286],[11.0501,57.286],[11.0499,57.2859],[11.0496,57.2859],[11.0492,57.286],[11.049,57.286],[11.0487,57.2861],[11.0485,57.286],[11.0483,57.2858],[11.048,57.2858],[11.0479,57.2859],[11.048,57.2861],[11.0501,57.2865],[11.0499,57.2869],[11.051,57.2871],[11.0511,57.2867],[11.0527,57.287],[11.0531,57.2868],[11.0545,57.2867],[11.055,57.2862],[11.0552,57.2862],[11.0553,57.2862],[11.0554,57.286],[11.0554,57.2859],[11.0552,57.2858],[11.055,57.2858],[11.055,57.2857],[11.0548,57.2855],[11.0551,57.2855],[11.0554,57.2856],[11.0556,57.2856],[11.0558,57.2857],[11.0559,57.2859],[11.0557,57.286],[11.0556,57.2862],[11.0555,57.2863],[11.0558,57.2864]]]},"properties":{"sourceId":"ais_par3.105416","a_type":3220,"hectares":15.682}},{"type":"Feature","id":"ais_par3.105417","geometry":{"type":"Polygon","coordinates":[[[10.9488,57.2883],[10.9488,57.2884],[10.9491,57.2883],[10.9493,57.2883],[10.9496,57.2884],[10.9497,57.2883],[10.9496,57.2882],[10.9494,57.2882],[10.9495,57.2881],[10.9495,57.288],[10.9501,57.2879],[10.9504,57.2879],[10.9506,57.2878],[10.9511,57.2876],[10.9519,57.2875],[10.9522,57.2875],[10.9527,57.2875],[10.9532,57.2875],[10.9532,57.2874],[10.953,57.2873],[10.9527,57.2873],[10.9524,57.2872],[10.9524,57.2869],[10.9528,57.2868],[10.9537,57.2864],[10.9542,57.2863],[10.9545,57.2864],[10.9552,57.2863],[10.9559,57.2861],[10.9565,57.2859],[10.9572,57.2857],[10.9576,57.2856],[10.9581,57.2856],[10.9584,57.2857],[10.9588,57.2857],[10.9588,57.2856],[10.9587,57.2856],[10.9587,57.2854],[10.9589,57.2853],[10.9593,57.2853],[10.9596,57.2853],[10.9597,57.2853],[10.9598,57.2852],[10.9601,57.2851],[10.9602,57.2852],[10.9605,57.2853],[10.9607,57.2852],[10.961,57.2851],[10.9614,57.2851],[10.9617,57.2851],[10.9618,57.2851],[10.9619,57.2851],[10.9621,57.285],[10.9624,57.2849],[10.9626,57.2849],[10.9629,57.285],[10.9629,57.2848],[10.9628,57.2847],[10.9624,57.2846],[10.9614,57.2848],[10.9602,57.2849],[10.9596,57.285],[10.9591,57.2851],[10.9589,57.2851],[10.9587,57.2852],[10.9581,57.2852],[10.9576,57.2852],[10.9575,57.2852],[10.9575,57.2853],[10.9577,57.2853],[10.9578,57.2854],[10.9575,57.2855],[10.9572,57.2855],[10.9573,57.2853],[10.9573,57.2853],[10.9573,57.285],[10.9578,57.2849],[10.9577,57.2848],[10.9576,57.2848],[10.957,57.285],[10.9564,57.2852],[10.9561,57.2853],[10.9558,57.2855],[10.9553,57.2857],[10.9553,57.2858],[10.9549,57.286],[10.9548,57.2861],[10.9545,57.2862],[10.9542,57.2862],[10.9539,57.2862],[10.9535,57.2862],[10.9532,57.2863],[10.953,57.2863],[10.9528,57.2864],[10.9526,57.2865],[10.9523,57.2866],[10.9519,57.2868],[10.9516,57.287],[10.9513,57.2871],[10.9512,57.2872],[10.9505,57.2874],[10.9501,57.2876],[10.9495,57.2878],[10.9493,57.2879],[10.9492,57.288],[10.9491,57.2881],[10.9488,57.2882],[10.9488,57.2883]]]},"properties":{"sourceId":"ais_par3.105417","a_type":3220,"hectares":3.861}},{"type":"Feature","id":"ais_par3.105418","geometry":{"type":"Polygon","coordinates":[[[11.036,57.2858],[11.0356,57.2858],[11.0356,57.2862],[11.037,57.2866],[11.0361,57.2833],[11.0355,57.2834],[11.0358,57.2851],[11.036,57.2858]]]},"properties":{"sourceId":"ais_par3.105418","a_type":3220,"hectares":1.667}},{"type":"Feature","id":"ais_par3.105419","geometry":{"type":"Polygon","coordinates":[[[11.0679,57.2854],[11.0687,57.2859],[11.0704,57.2856],[11.0699,57.285],[11.0679,57.2854]]]},"properties":{"sourceId":"ais_par3.105419","a_type":3220,"hectares":0.839}},{"type":"Feature","id":"ais_par3.105420","geometry":{"type":"Polygon","coordinates":[[[11.0126,57.2861],[11.0127,57.2861],[11.013,57.2857],[11.0125,57.2856],[11.0121,57.2855],[11.0121,57.2853],[11.0119,57.285],[11.0111,57.2848],[11.0107,57.2847],[11.0101,57.2848],[11.0098,57.2848],[11.0094,57.2848],[11.0092,57.285],[11.0106,57.285],[11.0106,57.2851],[11.0091,57.2853],[11.0093,57.2854],[11.0094,57.2854],[11.0088,57.2854],[11.0086,57.2854],[11.0081,57.2854],[11.0079,57.2855],[11.0082,57.2855],[11.0087,57.2855],[11.0085,57.2858],[11.0121,57.2868],[11.0125,57.2862],[11.0126,57.2861]],[[11.0125,57.2861],[11.0124,57.2862],[11.0123,57.2862],[11.0122,57.2862],[11.012,57.2863],[11.0119,57.2862],[11.0117,57.2861],[11.0118,57.2861],[11.0121,57.286],[11.0122,57.286],[11.0123,57.2861],[11.0124,57.2861],[11.0125,57.2861]]]},"properties":{"sourceId":"ais_par3.105420","a_type":3220,"hectares":3.379}},{"type":"Feature","id":"ais_par3.105421","geometry":{"type":"Polygon","coordinates":[[[11.0457,57.2856],[11.047,57.2858],[11.0474,57.2853],[11.0474,57.2851],[11.0465,57.2849],[11.0465,57.2842],[11.0455,57.284],[11.0457,57.2856]]]},"properties":{"sourceId":"ais_par3.105421","a_type":3220,"hectares":1.378}},{"type":"Feature","id":"ais_par3.105422","geometry":{"type":"Polygon","coordinates":[[[10.9368,57.2876],[10.9372,57.2875],[10.9378,57.2874],[10.9384,57.2874],[10.9384,57.2872],[10.938,57.2872],[10.9378,57.2871],[10.9375,57.287],[10.9371,57.287],[10.9368,57.2871],[10.9365,57.2871],[10.9365,57.2872],[10.9367,57.2874],[10.9368,57.2876]]]},"properties":{"sourceId":"ais_par3.105422","a_type":3220,"hectares":0.476}},{"type":"Feature","id":"ais_par3.105423","geometry":{"type":"Polygon","coordinates":[[[11.0253,57.2858],[11.0251,57.2857],[11.0255,57.2852],[11.0256,57.2851],[11.0253,57.285],[11.025,57.2849],[11.0249,57.2848],[11.0248,57.2848],[11.0245,57.2847],[11.0246,57.2846],[11.0246,57.2844],[11.0245,57.2843],[11.0241,57.2843],[11.0241,57.2841],[11.0234,57.2839],[11.0231,57.2839],[11.0231,57.2837],[11.023,57.2835],[11.023,57.2832],[11.0228,57.2831],[11.0225,57.2832],[11.0222,57.2832],[11.0222,57.2835],[11.0225,57.2836],[11.0227,57.2838],[11.0229,57.2839],[11.023,57.2841],[11.023,57.2841],[11.0232,57.2843],[11.0234,57.2845],[11.0236,57.2847],[11.0239,57.2847],[11.0241,57.2848],[11.0241,57.2853],[11.0241,57.2857],[11.0244,57.286],[11.0248,57.2861],[11.025,57.286],[11.0253,57.2858]]]},"properties":{"sourceId":"ais_par3.105423","a_type":3220,"hectares":1.861}},{"type":"Feature","id":"ais_par3.105424","geometry":{"type":"Polygon","coordinates":[[[10.9363,57.2861],[10.9359,57.2861],[10.9362,57.2866],[10.9367,57.2866],[10.9363,57.2861]]]},"properties":{"sourceId":"ais_par3.105424","a_type":3220,"hectares":0.173}},{"type":"Feature","id":"ais_par3.105425","geometry":{"type":"Polygon","coordinates":[[[11.0179,57.2837],[11.0209,57.2844],[11.0212,57.284],[11.0202,57.2836],[11.0204,57.2833],[11.0192,57.283],[11.0198,57.2823],[11.0191,57.2821],[11.0179,57.2837]]]},"properties":{"sourceId":"ais_par3.105425","a_type":3220,"hectares":2.1}},{"type":"Feature","id":"ais_par3.105426","geometry":{"type":"Polygon","coordinates":[[[10.9688,57.2838],[10.9694,57.2845],[10.9687,57.2846],[10.9696,57.2846],[10.9699,57.2845],[10.9702,57.2846],[10.9703,57.2847],[10.9705,57.2846],[10.9703,57.2845],[10.9702,57.2844],[10.9698,57.2843],[10.9697,57.2842],[10.9697,57.2842],[10.9701,57.2843],[10.9702,57.2843],[10.9704,57.2843],[10.9707,57.2842],[10.9708,57.2841],[10.9709,57.2841],[10.9711,57.2841],[10.9713,57.2841],[10.9717,57.284],[10.9718,57.2841],[10.972,57.2842],[10.9722,57.2841],[10.9722,57.284],[10.9719,57.2839],[10.9718,57.2839],[10.9716,57.2838],[10.9713,57.2838],[10.9713,57.2837],[10.9717,57.2836],[10.9722,57.2836],[10.9726,57.2836],[10.9729,57.2836],[10.973,57.2836],[10.9733,57.2835],[10.9736,57.2834],[10.974,57.2833],[10.9744,57.2834],[10.9748,57.2834],[10.9751,57.2835],[10.9755,57.2836],[10.9757,57.2836],[10.9759,57.2837],[10.9761,57.2838],[10.9763,57.2839],[10.9764,57.2839],[10.9766,57.2839],[10.9764,57.2838],[10.9759,57.2834],[10.9755,57.2833],[10.9753,57.2832],[10.9756,57.2831],[10.9761,57.2831],[10.9764,57.2831],[10.9768,57.2833],[10.9771,57.2834],[10.9774,57.2834],[10.9775,57.2834],[10.9776,57.2834],[10.9777,57.2833],[10.9779,57.2833],[10.9781,57.2833],[10.9785,57.2834],[10.9787,57.2834],[10.9786,57.2833],[10.9785,57.2832],[10.9781,57.2832],[10.9778,57.2831],[10.9775,57.283],[10.9773,57.2829],[10.9769,57.2829],[10.9765,57.2829],[10.9763,57.2827],[10.9765,57.2826],[10.9768,57.2826],[10.9772,57.2826],[10.9773,57.2826],[10.9774,57.2825],[10.9772,57.2823],[10.9771,57.2823],[10.9774,57.2823],[10.9777,57.2823],[10.978,57.2822],[10.9782,57.2821],[10.978,57.2818],[10.9775,57.282],[10.977,57.282],[10.9764,57.2823],[10.9756,57.2825],[10.9756,57.2825],[10.9754,57.2826],[10.9753,57.2826],[10.9745,57.2829],[10.9744,57.2829],[10.9741,57.2829],[10.9736,57.283],[10.9724,57.2832],[10.9714,57.2833],[10.9703,57.2836],[10.9695,57.2837],[10.9688,57.2838]]]},"properties":{"sourceId":"ais_par3.105426","a_type":3220,"hectares":4.089}},{"type":"Feature","id":"ais_par3.105429","geometry":{"type":"Polygon","coordinates":[[[10.9451,57.2838],[10.9449,57.2839],[10.9449,57.284],[10.9434,57.2843],[10.9436,57.2846],[10.9451,57.2843],[10.9452,57.2844],[10.9456,57.2843],[10.9458,57.2842],[10.9461,57.2842],[10.9475,57.284],[10.9476,57.2839],[10.9491,57.2833],[10.9485,57.2829],[10.9469,57.2832],[10.9465,57.2834],[10.9455,57.2837],[10.9458,57.2837],[10.9459,57.2838],[10.9459,57.2838],[10.9456,57.2839],[10.9454,57.2839],[10.9454,57.284],[10.9451,57.2838]]]},"properties":{"sourceId":"ais_par3.105429","a_type":3220,"hectares":2.112}},{"type":"Feature","id":"ais_par3.105430","geometry":{"type":"Polygon","coordinates":[[[10.9867,57.2823],[10.9873,57.2823],[10.988,57.2822],[10.9883,57.2821],[10.9887,57.282],[10.9891,57.282],[10.9892,57.2821],[10.9894,57.282],[10.9896,57.282],[10.9897,57.282],[10.99,57.2819],[10.9902,57.2818],[10.9906,57.2817],[10.9908,57.2815],[10.9908,57.2814],[10.9911,57.2815],[10.9914,57.2815],[10.9913,57.2814],[10.9909,57.2813],[10.9903,57.2813],[10.9895,57.2813],[10.9888,57.2814],[10.988,57.2815],[10.9872,57.2815],[10.9864,57.2816],[10.9853,57.2815],[10.9844,57.2813],[10.9835,57.2812],[10.9824,57.2812],[10.9814,57.2813],[10.9798,57.2815],[10.979,57.2817],[10.9792,57.282],[10.9793,57.2822],[10.9794,57.2823],[10.9796,57.2824],[10.9798,57.2823],[10.9797,57.2821],[10.98,57.2821],[10.9802,57.2821],[10.9806,57.282],[10.9809,57.282],[10.9812,57.282],[10.9811,57.2823],[10.9808,57.2824],[10.9806,57.2826],[10.9806,57.2826],[10.9805,57.2829],[10.9808,57.2829],[10.9808,57.2829],[10.981,57.2831],[10.9815,57.2831],[10.982,57.2834],[10.9823,57.2836],[10.9825,57.2838],[10.9827,57.2839],[10.9828,57.284],[10.9838,57.2832],[10.984,57.283],[10.9838,57.2831],[10.9837,57.2831],[10.9834,57.283],[10.9835,57.283],[10.9831,57.2829],[10.9832,57.2829],[10.9834,57.2828],[10.9834,57.2826],[10.9833,57.2825],[10.9838,57.2826],[10.984,57.2826],[10.9843,57.2826],[10.9849,57.2824],[10.9854,57.2825],[10.986,57.2825],[10.986,57.2823],[10.9863,57.2823],[10.9867,57.2823]]]},"properties":{"sourceId":"ais_par3.105430","a_type":3220,"hectares":8.878}},{"type":"Feature","id":"ais_par3.105431","geometry":{"type":"Polygon","coordinates":[[[11.0047,57.282],[11.0057,57.282],[11.0058,57.2821],[11.0055,57.2826],[11.0054,57.2829],[11.0051,57.283],[11.0051,57.2831],[11.0053,57.2831],[11.0053,57.2833],[11.0065,57.2835],[11.0069,57.2825],[11.0069,57.2823],[11.0072,57.2821],[11.0072,57.2818],[11.0075,57.2816],[11.0078,57.2808],[11.0072,57.281],[11.0063,57.2813],[11.0054,57.2816],[11.0047,57.282]]]},"properties":{"sourceId":"ais_par3.105431","a_type":3220,"hectares":2.443}},{"type":"Feature","id":"ais_par3.105432","geometry":{"type":"Polygon","coordinates":[[[10.9669,57.2833],[10.9667,57.2832],[10.9665,57.2832],[10.9663,57.2832],[10.966,57.2831],[10.9659,57.2831],[10.966,57.2829],[10.9662,57.2829],[10.9661,57.2828],[10.966,57.2828],[10.966,57.2828],[10.966,57.2827],[10.9659,57.2824],[10.9658,57.2824],[10.9656,57.2825],[10.9654,57.2825],[10.9651,57.2827],[10.9649,57.2829],[10.9648,57.283],[10.9646,57.2831],[10.9643,57.2832],[10.964,57.2833],[10.9639,57.2835],[10.964,57.2836],[10.9641,57.2835],[10.9643,57.2835],[10.9645,57.2834],[10.9648,57.2833],[10.9654,57.2833],[10.9658,57.2833],[10.966,57.2833],[10.9666,57.2833],[10.9669,57.2833]]]},"properties":{"sourceId":"ais_par3.105432","a_type":3220,"hectares":0.777}},{"type":"Feature","id":"ais_par3.105433","geometry":{"type":"Polygon","coordinates":[[[11.0265,57.2809],[11.0265,57.2808],[11.0264,57.2806],[11.0262,57.2805],[11.0263,57.2803],[11.0264,57.2802],[11.0265,57.2799],[11.0264,57.2798],[11.0263,57.2796],[11.0266,57.2797],[11.0268,57.2796],[11.0269,57.2795],[11.0269,57.2794],[11.0268,57.2792],[11.0267,57.2791],[11.0266,57.2789],[11.0261,57.2789],[11.0258,57.279],[11.0255,57.2789],[11.0253,57.2789],[11.0248,57.2789],[11.025,57.279],[11.0255,57.2792],[11.0259,57.2793],[11.026,57.2794],[11.026,57.2797],[11.026,57.2801],[11.026,57.2805],[11.0255,57.2806],[11.0251,57.2807],[11.025,57.281],[11.0254,57.281],[11.0253,57.2812],[11.025,57.2812],[11.025,57.2814],[11.0252,57.2815],[11.0251,57.2817],[11.0252,57.2817],[11.0254,57.2819],[11.0255,57.282],[11.0257,57.282],[11.0259,57.282],[11.026,57.2819],[11.026,57.2817],[11.0259,57.2815],[11.0263,57.2814],[11.0264,57.2814],[11.0266,57.2814],[11.0267,57.2815],[11.0267,57.2817],[11.0269,57.2816],[11.0268,57.2813],[11.0266,57.2811],[11.0265,57.2809]],[[11.0261,57.281],[11.0261,57.2811],[11.026,57.2812],[11.0259,57.2812],[11.0258,57.2812],[11.0257,57.2811],[11.0258,57.2811],[11.0259,57.281],[11.0261,57.281]]]},"properties":{"sourceId":"ais_par3.105433","a_type":3220,"hectares":1.862}},{"type":"Feature","id":"ais_par3.105434","geometry":{"type":"Polygon","coordinates":[[[10.9678,57.2826],[10.9681,57.2827],[10.9683,57.2826],[10.9686,57.2828],[10.9688,57.2827],[10.9688,57.2827],[10.9687,57.2826],[10.9683,57.2825],[10.968,57.2825],[10.9679,57.2824],[10.9679,57.2823],[10.9682,57.2824],[10.9686,57.2824],[10.9688,57.2825],[10.9691,57.2825],[10.9692,57.2824],[10.969,57.2823],[10.9687,57.2822],[10.9684,57.2821],[10.9682,57.2821],[10.9679,57.2822],[10.9677,57.2821],[10.9676,57.2821],[10.9672,57.2821],[10.9674,57.2822],[10.9675,57.2823],[10.9678,57.2826]]]},"properties":{"sourceId":"ais_par3.105434","a_type":3220,"hectares":0.411}},{"type":"Feature","id":"ais_par3.105479","geometry":{"type":"Polygon","coordinates":[[[10.891,57.2618],[10.8943,57.2606],[10.8941,57.2605],[10.8938,57.2605],[10.8938,57.2604],[10.8939,57.2603],[10.8936,57.26],[10.893,57.2601],[10.8922,57.2604],[10.8915,57.2607],[10.8912,57.2613],[10.891,57.2618]]]},"properties":{"sourceId":"ais_par3.105479","a_type":3220,"hectares":1.6}},{"type":"Feature","id":"ais_par3.105480","geometry":{"type":"Polygon","coordinates":[[[10.9502,57.2607],[10.9523,57.2601],[10.9518,57.2597],[10.9505,57.26],[10.9504,57.2601],[10.9497,57.2602],[10.9502,57.2607]]]},"properties":{"sourceId":"ais_par3.105480","a_type":3220,"hectares":0.816}},{"type":"Feature","id":"ais_par3.105427","geometry":{"type":"Polygon","coordinates":[[[10.9809,57.2864],[10.9809,57.2865],[10.9805,57.2865],[10.9801,57.2857],[10.98,57.2858],[10.9797,57.2859],[10.9795,57.2853],[10.9791,57.2853],[10.9787,57.2852],[10.9785,57.2852],[10.9784,57.2851],[10.9785,57.285],[10.9788,57.285],[10.979,57.285],[10.9791,57.285],[10.9793,57.2849],[10.9792,57.2846],[10.978,57.2848],[10.9768,57.2851],[10.9761,57.2853],[10.975,57.2856],[10.974,57.2859],[10.9739,57.286],[10.9737,57.2857],[10.973,57.286],[10.9726,57.2861],[10.9717,57.2863],[10.9705,57.2866],[10.97,57.2867],[10.9691,57.2867],[10.9682,57.2868],[10.9668,57.2869],[10.966,57.2871],[10.9663,57.2875],[10.9659,57.2877],[10.9654,57.2877],[10.965,57.2872],[10.9644,57.2874],[10.964,57.2874],[10.9634,57.2874],[10.963,57.2874],[10.9625,57.2874],[10.9622,57.2875],[10.9618,57.2876],[10.9614,57.2876],[10.9613,57.2876],[10.9611,57.2876],[10.9607,57.2877],[10.9606,57.2875],[10.961,57.2875],[10.961,57.2874],[10.9609,57.2873],[10.9611,57.2872],[10.9615,57.2871],[10.9615,57.287],[10.961,57.2869],[10.9607,57.2869],[10.9604,57.287],[10.9603,57.287],[10.9599,57.287],[10.9596,57.2871],[10.9589,57.2872],[10.9587,57.2872],[10.9586,57.2872],[10.9582,57.2872],[10.958,57.2872],[10.9577,57.2874],[10.9573,57.2875],[10.957,57.2876],[10.9565,57.2878],[10.9563,57.2878],[10.9562,57.2879],[10.9563,57.2881],[10.9569,57.2878],[10.9573,57.2877],[10.9575,57.2876],[10.9577,57.2875],[10.9578,57.2874],[10.9582,57.2873],[10.9586,57.2874],[10.9588,57.2876],[10.9588,57.2877],[10.9586,57.2878],[10.9583,57.2879],[10.9579,57.288],[10.958,57.2881],[10.9583,57.2882],[10.9582,57.2884],[10.9581,57.2884],[10.9577,57.2885],[10.9573,57.2886],[10.9568,57.2887],[10.9563,57.2887],[10.9558,57.2887],[10.9554,57.2888],[10.9557,57.289],[10.9559,57.2894],[10.9561,57.2895],[10.9563,57.2897],[10.9565,57.2898],[10.9567,57.2898],[10.9569,57.2897],[10.957,57.2895],[10.9571,57.2893],[10.9572,57.2893],[10.9572,57.2894],[10.9573,57.2897],[10.9575,57.2899],[10.9577,57.2901],[10.9579,57.2901],[10.9584,57.2903],[10.9589,57.2903],[10.9595,57.2903],[10.9598,57.2903],[10.9599,57.2904],[10.96,57.2905],[10.9604,57.2906],[10.9606,57.2907],[10.9609,57.291],[10.9654,57.2902],[10.9654,57.2918],[10.9637,57.2914],[10.9639,57.2956],[10.9652,57.2957],[10.965,57.2985],[10.9645,57.2984],[10.9642,57.2986],[10.9642,57.2998],[10.9636,57.2998],[10.9632,57.2999],[10.9631,57.2999],[10.9628,57.2997],[10.9626,57.2997],[10.9623,57.2997],[10.9619,57.2997],[10.9617,57.2985],[10.9614,57.2963],[10.9614,57.2957],[10.9619,57.2956],[10.9618,57.2952],[10.9616,57.2953],[10.9614,57.2955],[10.961,57.2914],[10.9605,57.2915],[10.961,57.2956],[10.9606,57.2957],[10.9601,57.2938],[10.9577,57.2942],[10.9577,57.2939],[10.9571,57.2939],[10.9565,57.2916],[10.9556,57.2918],[10.9556,57.2919],[10.9556,57.2921],[10.9549,57.2921],[10.9548,57.2919],[10.9542,57.292],[10.9558,57.2972],[10.9549,57.2972],[10.9547,57.2964],[10.9537,57.2931],[10.9534,57.2931],[10.9546,57.2972],[10.9526,57.2972],[10.9523,57.296],[10.9523,57.2959],[10.9519,57.2945],[10.951,57.2945],[10.9512,57.2952],[10.9513,57.2952],[10.9514,57.2953],[10.9514,57.2954],[10.9513,57.2954],[10.9518,57.297],[10.9523,57.2988],[10.9532,57.3018],[10.9518,57.3017],[10.9512,57.3017],[10.9504,57.3017],[10.9502,57.3008],[10.9498,57.3009],[10.9496,57.3009],[10.9494,57.301],[10.949,57.2995],[10.9484,57.2995],[10.9484,57.2994],[10.9489,57.2994],[10.9487,57.299],[10.9481,57.2991],[10.9467,57.295],[10.9432,57.2956],[10.9424,57.2944],[10.9422,57.2946],[10.9419,57.2946],[10.9417,57.2945],[10.9415,57.2945],[10.9412,57.2947],[10.9414,57.2948],[10.9414,57.2948],[10.9413,57.2949],[10.9408,57.2949],[10.9404,57.2949],[10.94,57.2949],[10.9398,57.2948],[10.9397,57.2948],[10.9393,57.2949],[10.9395,57.2952],[10.9398,57.2957],[10.94,57.2959],[10.94,57.2961],[10.9408,57.2973],[10.9404,57.2976],[10.9395,57.2962],[10.9391,57.2963],[10.9417,57.3005],[10.9427,57.3005],[10.9433,57.3006],[10.9434,57.3007],[10.9436,57.3007],[10.9448,57.3009],[10.9451,57.3009],[10.9457,57.301],[10.9458,57.3011],[10.9459,57.3012],[10.946,57.3013],[10.9462,57.3013],[10.9463,57.3014],[10.9468,57.3015],[10.9475,57.3019],[10.9488,57.3021],[10.9508,57.3024],[10.9522,57.3026],[10.9538,57.3026],[10.9544,57.3026],[10.9548,57.3024],[10.9549,57.3023],[10.9552,57.3023],[10.9559,57.3023],[10.9562,57.3023],[10.9567,57.3023],[10.9577,57.3025],[10.9591,57.3025],[10.9598,57.3025],[10.9608,57.3025],[10.9626,57.3025],[10.9635,57.3024],[10.9642,57.3024],[10.9648,57.3024],[10.965,57.3024],[10.965,57.3024],[10.9651,57.3024],[10.9656,57.3024],[10.9657,57.3025],[10.9659,57.3025],[10.9668,57.3026],[10.9664,57.3024],[10.9662,57.3024],[10.9658,57.3023],[10.9656,57.3023],[10.9653,57.3022],[10.965,57.3022],[10.9648,57.3021],[10.9647,57.3021],[10.964,57.3021],[10.9633,57.3021],[10.963,57.3021],[10.9625,57.302],[10.9618,57.302],[10.9609,57.3021],[10.9596,57.3022],[10.9594,57.3019],[10.9594,57.3015],[10.9592,57.3009],[10.958,57.2968],[10.9583,57.2968],[10.9583,57.2966],[10.9593,57.2965],[10.961,57.2962],[10.9609,57.2964],[10.96,57.2965],[10.9609,57.3004],[10.9619,57.3005],[10.9627,57.3006],[10.9636,57.3007],[10.9648,57.3007],[10.965,57.2995],[10.9663,57.2996],[10.9682,57.2917],[10.9686,57.2898],[10.9676,57.2898],[10.9675,57.2898],[10.9662,57.2885],[10.9664,57.2882],[10.9664,57.2879],[10.9667,57.2878],[10.9682,57.2896],[10.9684,57.2896],[10.9738,57.2888],[10.9739,57.2888],[10.9765,57.2891],[10.9784,57.2892],[10.9804,57.2894],[10.981,57.2891],[10.9837,57.2881],[10.9847,57.2876],[10.9863,57.287],[10.9861,57.2863],[10.9861,57.2853],[10.9855,57.2851],[10.9851,57.285],[10.9852,57.285],[10.9856,57.285],[10.9858,57.285],[10.986,57.2848],[10.9859,57.2846],[10.9858,57.2844],[10.9868,57.2845],[10.9871,57.2843],[10.9884,57.2835],[10.9886,57.2834],[10.9878,57.2833],[10.988,57.2829],[10.988,57.2828],[10.9883,57.2826],[10.9885,57.2825],[10.9887,57.2825],[10.9888,57.2825],[10.9889,57.2825],[10.9893,57.2825],[10.9896,57.2823],[10.9895,57.2822],[10.9894,57.2822],[10.9891,57.2822],[10.9891,57.2823],[10.9889,57.2824],[10.9887,57.2824],[10.9886,57.2824],[10.9884,57.2824],[10.9881,57.2824],[10.988,57.2824],[10.9878,57.2825],[10.9875,57.2828],[10.9871,57.283],[10.9866,57.2832],[10.9863,57.2836],[10.9862,57.2839],[10.9863,57.2842],[10.9858,57.2841],[10.9857,57.2839],[10.9857,57.2837],[10.9855,57.2837],[10.9853,57.2836],[10.9854,57.2835],[10.9856,57.2836],[10.9858,57.2834],[10.9861,57.2833],[10.9864,57.2831],[10.9867,57.283],[10.987,57.2829],[10.9865,57.283],[10.986,57.2831],[10.9855,57.2831],[10.9852,57.2832],[10.985,57.2834],[10.9851,57.2834],[10.9852,57.2834],[10.9853,57.2835],[10.9853,57.2835],[10.985,57.2835],[10.9848,57.2835],[10.9843,57.2838],[10.9842,57.2841],[10.9844,57.2839],[10.9846,57.2839],[10.9846,57.284],[10.9846,57.2841],[10.9846,57.2843],[10.9844,57.2844],[10.9843,57.2846],[10.984,57.2847],[10.9838,57.2847],[10.9833,57.2848],[10.9826,57.2846],[10.9818,57.2845],[10.9809,57.2844],[10.9804,57.2844],[10.9801,57.2844],[10.9802,57.2846],[10.9803,57.2849],[10.9803,57.2849],[10.9806,57.2851],[10.9808,57.2851],[10.9808,57.2852],[10.9807,57.2852],[10.9805,57.2853],[10.9809,57.2864]],[[10.9829,57.2869],[10.9829,57.287],[10.9828,57.287],[10.9827,57.287],[10.9829,57.2869]],[[10.9608,57.2879],[10.9617,57.2877],[10.9633,57.2877],[10.9635,57.288],[10.9628,57.2881],[10.9624,57.288],[10.9621,57.288],[10.9609,57.2882],[10.9608,57.288],[10.9608,57.2879]],[[10.9728,57.2879],[10.9715,57.2883],[10.971,57.2877],[10.9714,57.2876],[10.9711,57.287],[10.9717,57.2868],[10.9719,57.2871],[10.9717,57.2871],[10.9717,57.2872],[10.9721,57.2872],[10.9728,57.2879]],[[10.9748,57.2879],[10.9731,57.2883],[10.9728,57.2879],[10.9745,57.2875],[10.9748,57.2879]],[[10.9757,57.288],[10.975,57.2882],[10.9749,57.288],[10.9748,57.2879],[10.9754,57.2877],[10.9757,57.288]],[[10.9757,57.288],[10.9759,57.2879],[10.9761,57.2879],[10.9766,57.2877],[10.9774,57.2874],[10.9775,57.2876],[10.977,57.2878],[10.9766,57.2881],[10.9761,57.2883],[10.9761,57.2885],[10.976,57.2886],[10.9757,57.2886],[10.9754,57.2884],[10.9754,57.2883],[10.9755,57.2882],[10.9757,57.288]]]},"properties":{"sourceId":"ais_par3.105427","a_type":3220,"hectares":161.573}},{"type":"Feature","id":"ais_par3.105428","geometry":{"type":"Polygon","coordinates":[[[10.9607,57.2843],[10.9609,57.2842],[10.9612,57.2842],[10.9613,57.2842],[10.9615,57.2841],[10.9619,57.2841],[10.9622,57.2841],[10.9624,57.2841],[10.9625,57.2842],[10.9626,57.2842],[10.963,57.2842],[10.9631,57.2842],[10.9631,57.2841],[10.963,57.284],[10.9626,57.284],[10.9625,57.2839],[10.9622,57.2839],[10.9621,57.2839],[10.9619,57.284],[10.9615,57.2841],[10.9611,57.2841],[10.9605,57.2841],[10.96,57.2842],[10.9597,57.2843],[10.9591,57.2844],[10.9589,57.2845],[10.9588,57.2845],[10.9589,57.2846],[10.9592,57.2845],[10.9596,57.2845],[10.96,57.2844],[10.9603,57.2843],[10.9606,57.2843],[10.9607,57.2843]]]},"properties":{"sourceId":"ais_par3.105428","a_type":3220,"hectares":0.408}},{"type":"Feature","id":"ais_par3.105435","geometry":{"type":"Polygon","coordinates":[[[11.009,57.283],[11.009,57.2833],[11.0094,57.2834],[11.0093,57.2836],[11.0092,57.2839],[11.0094,57.2839],[11.0095,57.2836],[11.0096,57.2834],[11.01,57.2832],[11.0103,57.283],[11.0103,57.2829],[11.0102,57.2827],[11.0113,57.2824],[11.011,57.2822],[11.0117,57.282],[11.0121,57.282],[11.0124,57.2821],[11.0125,57.2822],[11.0127,57.2822],[11.014,57.2808],[11.0188,57.282],[11.0186,57.2817],[11.0184,57.2811],[11.0187,57.2809],[11.0187,57.2808],[11.0184,57.2807],[11.0178,57.2808],[11.0174,57.2808],[11.0172,57.2807],[11.0172,57.2805],[11.0176,57.2804],[11.018,57.2802],[11.0184,57.28],[11.0184,57.2797],[11.0184,57.2793],[11.0183,57.2789],[11.0172,57.2791],[11.0169,57.2791],[11.0153,57.2788],[11.0144,57.2788],[11.0138,57.2789],[11.0129,57.2791],[11.0124,57.2792],[11.0122,57.2793],[11.0109,57.2798],[11.0106,57.2798],[11.0095,57.2802],[11.0093,57.2807],[11.0092,57.2806],[11.0091,57.2806],[11.0088,57.2812],[11.008,57.2828],[11.009,57.283]]]},"properties":{"sourceId":"ais_par3.105435","a_type":3220,"hectares":16.721}},{"type":"Feature","id":"ais_par3.105436","geometry":{"type":"Polygon","coordinates":[[[11.0344,57.281],[11.0341,57.281],[11.0338,57.281],[11.0333,57.2809],[11.0333,57.2807],[11.0333,57.2803],[11.0332,57.2802],[11.0332,57.28],[11.033,57.28],[11.0329,57.2802],[11.0328,57.2805],[11.0327,57.2806],[11.0323,57.2806],[11.0323,57.2811],[11.0325,57.2811],[11.0327,57.2812],[11.0329,57.2813],[11.033,57.2813],[11.0334,57.2813],[11.0336,57.2813],[11.0337,57.2814],[11.0339,57.2812],[11.0342,57.2811],[11.0345,57.2812],[11.0346,57.281],[11.0344,57.281]]]},"properties":{"sourceId":"ais_par3.105436","a_type":3220,"hectares":0.797}},{"type":"Feature","id":"ais_par3.105437","geometry":{"type":"Polygon","coordinates":[[[10.9872,57.2806],[10.9873,57.2796],[10.9866,57.2798],[10.9858,57.2799],[10.9855,57.2801],[10.9858,57.2803],[10.9865,57.2805],[10.9867,57.2805],[10.9872,57.2806]]]},"properties":{"sourceId":"ais_par3.105437","a_type":3220,"hectares":0.706}},{"type":"Feature","id":"ais_par3.105438","geometry":{"type":"Polygon","coordinates":[[[11.0329,57.2782],[11.0314,57.2782],[11.0313,57.2783],[11.0314,57.2784],[11.0316,57.2784],[11.0319,57.2785],[11.0319,57.2786],[11.0317,57.2786],[11.0315,57.2786],[11.0312,57.2786],[11.0312,57.2787],[11.0308,57.2787],[11.0311,57.2796],[11.0323,57.2796],[11.0324,57.2796],[11.0332,57.2795],[11.0329,57.2782]]]},"properties":{"sourceId":"ais_par3.105438","a_type":3220,"hectares":1.76}},{"type":"Feature","id":"ais_par3.105439","geometry":{"type":"Polygon","coordinates":[[[11.0376,57.2807],[11.0376,57.2803],[11.0375,57.2799],[11.0345,57.2802],[11.0346,57.2807],[11.0351,57.2807],[11.0351,57.2804],[11.0355,57.2804],[11.0355,57.2805],[11.0356,57.2806],[11.0356,57.2808],[11.0354,57.281],[11.0355,57.2812],[11.0359,57.2814],[11.0364,57.2816],[11.0365,57.2817],[11.0375,57.2816],[11.0376,57.2815],[11.0386,57.2815],[11.0386,57.2809],[11.0382,57.2809],[11.038,57.2808],[11.0376,57.2807]]]},"properties":{"sourceId":"ais_par3.105439","a_type":3220,"hectares":2.875}},{"type":"Feature","id":"ais_par3.105440","geometry":{"type":"Polygon","coordinates":[[[10.9874,57.2794],[10.9874,57.2752],[10.9861,57.2754],[10.9857,57.2757],[10.9848,57.276],[10.9848,57.2761],[10.9843,57.2763],[10.9838,57.2767],[10.9833,57.277],[10.9831,57.2772],[10.9824,57.2774],[10.9822,57.2776],[10.9821,57.2779],[10.9822,57.2783],[10.9823,57.2785],[10.9828,57.2789],[10.9831,57.2791],[10.9835,57.2793],[10.9838,57.2794],[10.9841,57.2794],[10.9846,57.2796],[10.9849,57.2797],[10.9853,57.2797],[10.9859,57.2797],[10.9866,57.2796],[10.9874,57.2794]]]},"properties":{"sourceId":"ais_par3.105440","a_type":3220,"hectares":11.236}},{"type":"Feature","id":"ais_par3.105441","geometry":{"type":"Polygon","coordinates":[[[10.922,57.2805],[10.922,57.2807],[10.9233,57.2804],[10.9237,57.2804],[10.9244,57.2802],[10.9254,57.2802],[10.9255,57.2801],[10.9251,57.28],[10.9242,57.2802],[10.9235,57.2802],[10.9227,57.2804],[10.9223,57.2804],[10.922,57.2805]]]},"properties":{"sourceId":"ais_par3.105441","a_type":3220,"hectares":0.346}},{"type":"Feature","id":"ais_par3.105442","geometry":{"type":"Polygon","coordinates":[[[10.946,57.2795],[10.9465,57.2797],[10.9469,57.28],[10.9472,57.2802],[10.9481,57.28],[10.9472,57.2793],[10.946,57.2795]]]},"properties":{"sourceId":"ais_par3.105442","a_type":3220,"hectares":0.606}},{"type":"Feature","id":"ais_par3.105443","geometry":{"type":"Polygon","coordinates":[[[10.9736,57.2778],[10.9736,57.278],[10.9735,57.278],[10.9734,57.2781],[10.9736,57.2781],[10.9737,57.2781],[10.9742,57.278],[10.9743,57.2781],[10.9741,57.2782],[10.9739,57.2783],[10.974,57.2784],[10.9741,57.2784],[10.9741,57.2786],[10.9742,57.2788],[10.974,57.2789],[10.9739,57.279],[10.9737,57.279],[10.9735,57.279],[10.9734,57.279],[10.9733,57.2791],[10.9731,57.2792],[10.9731,57.2794],[10.9733,57.2796],[10.9735,57.2796],[10.9738,57.2794],[10.974,57.2793],[10.9742,57.279],[10.9743,57.2789],[10.9746,57.2788],[10.9746,57.2786],[10.9745,57.2786],[10.9743,57.2787],[10.9743,57.2785],[10.9743,57.2784],[10.9745,57.2782],[10.9746,57.278],[10.9749,57.2779],[10.9752,57.2777],[10.9754,57.2776],[10.9757,57.2775],[10.9761,57.2774],[10.9762,57.2773],[10.9762,57.2771],[10.9759,57.2771],[10.9757,57.2771],[10.9754,57.2772],[10.9751,57.2772],[10.9749,57.2772],[10.9745,57.2775],[10.9743,57.2775],[10.9742,57.2776],[10.974,57.2777],[10.974,57.2778],[10.9738,57.2778],[10.9736,57.2778]]]},"properties":{"sourceId":"ais_par3.105443","a_type":3220,"hectares":1.266}},{"type":"Feature","id":"ais_par3.105444","geometry":{"type":"Polygon","coordinates":[[[11.01,57.2789],[11.0107,57.2789],[11.0116,57.2786],[11.0121,57.2787],[11.0125,57.2787],[11.0129,57.2787],[11.0131,57.2787],[11.0133,57.2785],[11.0139,57.2784],[11.0145,57.2784],[11.0145,57.2787],[11.015,57.2786],[11.0149,57.2785],[11.0148,57.2782],[11.0146,57.2781],[11.0144,57.278],[11.0146,57.2779],[11.015,57.2781],[11.0151,57.2783],[11.0154,57.2785],[11.0156,57.2785],[11.0157,57.2783],[11.0158,57.2781],[11.0177,57.2788],[11.0181,57.2788],[11.0133,57.2748],[11.0131,57.2754],[11.0124,57.2748],[11.0125,57.2742],[11.0122,57.274],[11.0118,57.275],[11.0123,57.275],[11.0125,57.2752],[11.0124,57.2753],[11.0121,57.2754],[11.0117,57.2764],[11.012,57.2765],[11.0127,57.2771],[11.011,57.2768],[11.01,57.2789]]]},"properties":{"sourceId":"ais_par3.105444","a_type":3220,"hectares":10.688}},{"type":"Feature","id":"ais_par3.105445","geometry":{"type":"Polygon","coordinates":[[[10.9891,57.2791],[10.9894,57.279],[10.9901,57.2787],[10.9908,57.2783],[10.9914,57.278],[10.9916,57.2779],[10.9883,57.2777],[10.9883,57.2792],[10.9885,57.2792],[10.9891,57.2791]]]},"properties":{"sourceId":"ais_par3.105445","a_type":3220,"hectares":2.016}},{"type":"Feature","id":"ais_par3.105446","geometry":{"type":"Polygon","coordinates":[[[10.936,57.2793],[10.936,57.2796],[10.9375,57.2795],[10.9375,57.2791],[10.9379,57.2791],[10.9384,57.2791],[10.939,57.2791],[10.9392,57.2792],[10.9398,57.2792],[10.9398,57.2791],[10.9398,57.2789],[10.9401,57.2789],[10.9402,57.279],[10.9403,57.2788],[10.9408,57.2788],[10.9408,57.2787],[10.9398,57.2786],[10.9392,57.2786],[10.9385,57.2787],[10.9373,57.279],[10.936,57.2793]]]},"properties":{"sourceId":"ais_par3.105446","a_type":3220,"hectares":1.225}},{"type":"Feature","id":"ais_par3.105447","geometry":{"type":"Polygon","coordinates":[[[11.0324,57.2775],[11.0317,57.2768],[11.031,57.2762],[11.0305,57.2759],[11.0301,57.2763],[11.0299,57.2762],[11.0298,57.2765],[11.03,57.2767],[11.0303,57.2766],[11.0306,57.2766],[11.031,57.2767],[11.0312,57.2768],[11.0313,57.277],[11.0314,57.2771],[11.0314,57.2772],[11.0311,57.2774],[11.0311,57.2776],[11.0312,57.278],[11.0327,57.2779],[11.0326,57.2778],[11.0325,57.2776],[11.0324,57.2775]]]},"properties":{"sourceId":"ais_par3.105447","a_type":3220,"hectares":1.338}},{"type":"Feature","id":"ais_par3.105448","geometry":{"type":"Polygon","coordinates":[[[10.9095,57.2777],[10.91,57.2781],[10.9107,57.2787],[10.9112,57.2786],[10.9099,57.2775],[10.9095,57.2777]]]},"properties":{"sourceId":"ais_par3.105448","a_type":3220,"hectares":0.412}},{"type":"Feature","id":"ais_par3.105463","geometry":{"type":"Polygon","coordinates":[[[10.9731,57.273],[10.9735,57.273],[10.9736,57.2729],[10.9736,57.2727],[10.974,57.2726],[10.9743,57.2726],[10.9742,57.2723],[10.9736,57.2723],[10.9731,57.2725],[10.973,57.2728],[10.9729,57.2729],[10.9731,57.273]]]},"properties":{"sourceId":"ais_par3.105463","a_type":3220,"hectares":0.341}},{"type":"Feature","id":"ais_par3.105464","geometry":{"type":"Polygon","coordinates":[[[10.9786,57.2717],[10.9798,57.272],[10.98,57.2721],[10.9799,57.2717],[10.9792,57.2718],[10.9792,57.2708],[10.9787,57.2713],[10.9789,57.2714],[10.9786,57.2717]]]},"properties":{"sourceId":"ais_par3.105464","a_type":3220,"hectares":0.323}},{"type":"Feature","id":"ais_par3.105465","geometry":{"type":"Polygon","coordinates":[[[10.9106,57.2724],[10.9112,57.2726],[10.9122,57.2718],[10.9106,57.2724]]]},"properties":{"sourceId":"ais_par3.105465","a_type":3220,"hectares":0.238}},{"type":"Feature","id":"ais_par3.105466","geometry":{"type":"Polygon","coordinates":[[[10.9382,57.2717],[10.9387,57.2716],[10.9386,57.2713],[10.9384,57.2711],[10.9382,57.2707],[10.9375,57.2705],[10.9382,57.2717]]]},"properties":{"sourceId":"ais_par3.105466","a_type":3220,"hectares":0.399}},{"type":"Feature","id":"ais_par3.105467","geometry":{"type":"Polygon","coordinates":[[[10.9951,57.2697],[10.9952,57.2696],[10.9955,57.2695],[10.9957,57.2694],[10.9961,57.2694],[10.9956,57.2692],[10.9952,57.2688],[10.9952,57.2684],[10.9951,57.2679],[10.995,57.2676],[10.9949,57.2675],[10.9938,57.2682],[10.9926,57.2677],[10.9926,57.2682],[10.9944,57.2688],[10.9944,57.2689],[10.9943,57.2693],[10.9943,57.2696],[10.9949,57.2697],[10.9951,57.2697]]]},"properties":{"sourceId":"ais_par3.105467","a_type":3220,"hectares":1.855}},{"type":"Feature","id":"ais_par3.105449","geometry":{"type":"Polygon","coordinates":[[[11.0677,57.2797],[11.0675,57.2799],[11.0683,57.2803],[11.0671,57.2815],[11.0676,57.2817],[11.0675,57.2819],[11.0677,57.2819],[11.0676,57.2821],[11.0669,57.2818],[11.0658,57.2835],[11.066,57.2835],[11.0666,57.2834],[11.0671,57.2833],[11.0674,57.2832],[11.0674,57.2826],[11.0675,57.2823],[11.0677,57.2822],[11.068,57.2821],[11.0681,57.2818],[11.0684,57.2814],[11.0687,57.2809],[11.0687,57.2808],[11.0689,57.2805],[11.0691,57.2804],[11.0694,57.2805],[11.0696,57.2805],[11.0698,57.2805],[11.07,57.2803],[11.0705,57.2805],[11.0718,57.2809],[11.072,57.281],[11.0723,57.281],[11.0725,57.2809],[11.0726,57.2807],[11.0728,57.2805],[11.0727,57.28],[11.0732,57.2797],[11.0736,57.2796],[11.0738,57.2794],[11.0739,57.2792],[11.0742,57.2791],[11.0742,57.279],[11.0743,57.2788],[11.0745,57.2786],[11.0748,57.2784],[11.0747,57.2783],[11.0744,57.2782],[11.0741,57.2781],[11.0736,57.2779],[11.0733,57.278],[11.0731,57.2782],[11.0735,57.2784],[11.0731,57.2787],[11.0733,57.2787],[11.072,57.2798],[11.0714,57.2796],[11.0731,57.2782],[11.0727,57.2782],[11.0724,57.2782],[11.0722,57.2782],[11.0721,57.2781],[11.0723,57.2781],[11.0717,57.2778],[11.0711,57.2776],[11.0711,57.2777],[11.0713,57.2778],[11.0714,57.2779],[11.0713,57.278],[11.0712,57.2782],[11.0713,57.2784],[11.0706,57.2784],[11.0706,57.278],[11.0696,57.2779],[11.0697,57.2776],[11.07,57.2776],[11.07,57.2779],[11.0702,57.2779],[11.0704,57.2772],[11.0703,57.2772],[11.07,57.2774],[11.0698,57.2774],[11.0695,57.2775],[11.0693,57.2776],[11.0688,57.2776],[11.067,57.2777],[11.0665,57.2788],[11.0664,57.2792],[11.0677,57.2797]],[[11.0696,57.2784],[11.0697,57.2785],[11.0702,57.2785],[11.0703,57.2787],[11.0702,57.2788],[11.0701,57.279],[11.0701,57.2793],[11.0698,57.2791],[11.0693,57.2791],[11.0694,57.2793],[11.0691,57.2793],[11.0691,57.2791],[11.0686,57.2791],[11.0683,57.279],[11.0683,57.2789],[11.068,57.2788],[11.0682,57.2787],[11.0683,57.2787],[11.0685,57.2785],[11.0693,57.2784],[11.0696,57.2784]]]},"properties":{"sourceId":"ais_par3.105449","a_type":3220,"hectares":12.676}},{"type":"Feature","id":"ais_par3.105450","geometry":{"type":"Polygon","coordinates":[[[10.9967,57.2823],[10.9964,57.2825],[10.9962,57.2826],[10.9958,57.2827],[10.9953,57.2827],[10.9946,57.2827],[10.9947,57.283],[10.9948,57.2836],[10.9951,57.2839],[10.9955,57.2837],[10.9971,57.283],[10.9969,57.2828],[10.998,57.2823],[10.9987,57.2822],[10.9996,57.2819],[10.9988,57.2816],[10.9982,57.2815],[10.9971,57.2814],[10.9965,57.2813],[10.9956,57.2813],[10.9952,57.2813],[10.9948,57.2814],[10.9968,57.2807],[10.9972,57.2807],[11,57.2804],[10.9948,57.2795],[10.9956,57.2773],[10.9951,57.2772],[10.9948,57.2779],[10.9922,57.2779],[10.9921,57.2779],[10.9915,57.2782],[10.9909,57.2785],[10.9903,57.2788],[10.9898,57.279],[10.9892,57.2792],[10.9891,57.2792],[10.9889,57.2793],[10.9882,57.2794],[10.988,57.2806],[10.9889,57.2806],[10.9896,57.2806],[10.9902,57.2806],[10.9904,57.2806],[10.9908,57.2807],[10.9913,57.2809],[10.9917,57.2811],[10.9921,57.2813],[10.9924,57.2813],[10.9926,57.2813],[10.9928,57.2813],[10.9931,57.2813],[10.9935,57.2813],[10.9938,57.2813],[10.9941,57.2814],[10.9942,57.2814],[10.9944,57.2814],[10.9945,57.2816],[10.9945,57.2822],[10.9951,57.2822],[10.9957,57.2823],[10.9961,57.2823],[10.9967,57.2823]]]},"properties":{"sourceId":"ais_par3.105450","a_type":3220,"hectares":18.83}},{"type":"Feature","id":"ais_par3.105451","geometry":{"type":"Polygon","coordinates":[[[10.9433,57.2769],[10.9433,57.2768],[10.943,57.2768],[10.9429,57.2767],[10.9425,57.2766],[10.9419,57.2767],[10.9408,57.2768],[10.9398,57.2769],[10.9392,57.2771],[10.9404,57.277],[10.941,57.277],[10.942,57.277],[10.9426,57.277],[10.9433,57.2769]]]},"properties":{"sourceId":"ais_par3.105451","a_type":3220,"hectares":0.51}},{"type":"Feature","id":"ais_par3.105452","geometry":{"type":"Polygon","coordinates":[[[11.0581,57.2745],[11.0587,57.2747],[11.0584,57.274],[11.0585,57.2737],[11.0575,57.2737],[11.0581,57.2745]]]},"properties":{"sourceId":"ais_par3.105452","a_type":3220,"hectares":0.451}},{"type":"Feature","id":"ais_par3.105453","geometry":{"type":"Polygon","coordinates":[[[10.9624,57.2762],[10.9628,57.276],[10.9629,57.2759],[10.963,57.2758],[10.9632,57.2758],[10.9633,57.2757],[10.9634,57.2756],[10.9635,57.2755],[10.9638,57.2754],[10.9639,57.2753],[10.9638,57.2751],[10.964,57.275],[10.9642,57.2749],[10.9645,57.2748],[10.9649,57.2747],[10.9647,57.2746],[10.9644,57.2746],[10.9643,57.2746],[10.9643,57.2744],[10.9644,57.2744],[10.9645,57.2743],[10.9642,57.2742],[10.964,57.2741],[10.9641,57.2741],[10.9645,57.2739],[10.9646,57.2737],[10.964,57.274],[10.9633,57.2742],[10.9626,57.2746],[10.9612,57.2751],[10.9623,57.2761],[10.9624,57.2762]]]},"properties":{"sourceId":"ais_par3.105453","a_type":3220,"hectares":2.421}},{"type":"Feature","id":"ais_par3.105454","geometry":{"type":"Polygon","coordinates":[[[10.9124,57.275],[10.9122,57.2756],[10.9137,57.2757],[10.9136,57.2756],[10.915,57.2757],[10.9157,57.2757],[10.9157,57.2752],[10.9154,57.275],[10.9149,57.2748],[10.9145,57.2745],[10.9124,57.275]]]},"properties":{"sourceId":"ais_par3.105454","a_type":3220,"hectares":1.871}},{"type":"Feature","id":"ais_par3.105455","geometry":{"type":"Polygon","coordinates":[[[10.9752,57.2746],[10.9747,57.2735],[10.9737,57.2735],[10.9737,57.2741],[10.9752,57.2746]]]},"properties":{"sourceId":"ais_par3.105455","a_type":3220,"hectares":0.642}},{"type":"Feature","id":"ais_par3.105456","geometry":{"type":"Polygon","coordinates":[[[10.9724,57.2741],[10.9728,57.2742],[10.9731,57.2743],[10.9734,57.2743],[10.9733,57.2741],[10.9733,57.274],[10.9728,57.2738],[10.9728,57.2737],[10.9729,57.2736],[10.9723,57.2736],[10.9724,57.2741]]]},"properties":{"sourceId":"ais_par3.105456","a_type":3220,"hectares":0.266}},{"type":"Feature","id":"ais_par3.105457","geometry":{"type":"Polygon","coordinates":[[[10.9929,57.2696],[10.992,57.2697],[10.9932,57.2706],[10.9935,57.2709],[10.9938,57.2714],[10.9943,57.2727],[10.9952,57.2727],[10.9954,57.273],[10.9957,57.2732],[10.9963,57.2733],[10.9959,57.2729],[10.9958,57.2725],[10.9956,57.272],[10.9953,57.2713],[10.9952,57.2705],[10.9951,57.27],[10.9951,57.2699],[10.9947,57.2699],[10.9945,57.27],[10.9944,57.2699],[10.9944,57.2698],[10.9931,57.2698],[10.9929,57.2698],[10.9929,57.2697],[10.9929,57.2696]]]},"properties":{"sourceId":"ais_par3.105457","a_type":3220,"hectares":3.816}},{"type":"Feature","id":"ais_par3.105468","geometry":{"type":"Polygon","coordinates":[[[10.9343,57.2702],[10.9344,57.2703],[10.9346,57.2703],[10.9349,57.2705],[10.9353,57.2704],[10.9355,57.2703],[10.9358,57.2701],[10.9363,57.2701],[10.9363,57.2698],[10.9361,57.2696],[10.9357,57.2695],[10.9348,57.2696],[10.9342,57.2696],[10.9341,57.2699],[10.9343,57.2702]]]},"properties":{"sourceId":"ais_par3.105468","a_type":3220,"hectares":1.052}},{"type":"Feature","id":"ais_par3.105469","geometry":{"type":"Polygon","coordinates":[[[10.9874,57.2738],[10.9883,57.2742],[10.9895,57.2745],[10.9894,57.2731],[10.9895,57.273],[10.9899,57.2688],[10.9888,57.2685],[10.9878,57.2683],[10.9877,57.2683],[10.9875,57.2687],[10.9874,57.2689],[10.9875,57.269],[10.9877,57.2691],[10.9883,57.2693],[10.9885,57.2694],[10.9884,57.2696],[10.987,57.2692],[10.9872,57.2697],[10.9879,57.27],[10.9885,57.2704],[10.989,57.2708],[10.989,57.2714],[10.9888,57.2717],[10.9888,57.2718],[10.9887,57.272],[10.9874,57.2723],[10.9874,57.2727],[10.9874,57.2738]]]},"properties":{"sourceId":"ais_par3.105469","a_type":3220,"hectares":6.363}},{"type":"Feature","id":"ais_par3.105470","geometry":{"type":"Polygon","coordinates":[[[10.9691,57.273],[10.9687,57.2727],[10.9672,57.2735],[10.9675,57.2738],[10.9679,57.2741],[10.9694,57.2734],[10.9695,57.2733],[10.9698,57.2735],[10.9703,57.2735],[10.9706,57.2735],[10.9708,57.2733],[10.9707,57.2732],[10.9704,57.2731],[10.9701,57.273],[10.9705,57.2728],[10.9701,57.2725],[10.9691,57.273]]]},"properties":{"sourceId":"ais_par3.105470","a_type":3220,"hectares":1.596}},{"type":"Feature","id":"ais_par3.105471","geometry":{"type":"Polygon","coordinates":[[[11.0496,57.267],[11.0518,57.2677],[11.052,57.2675],[11.0516,57.2673],[11.0514,57.2673],[11.0497,57.2667],[11.0496,57.267]]]},"properties":{"sourceId":"ais_par3.105471","a_type":3220,"hectares":0.374}},{"type":"Feature","id":"ais_par3.105472","geometry":{"type":"Polygon","coordinates":[[[10.9728,57.2661],[10.9726,57.2661],[10.9729,57.2664],[10.9732,57.2663],[10.9735,57.2662],[10.9738,57.2661],[10.9745,57.266],[10.9752,57.2659],[10.9755,57.2658],[10.9744,57.2658],[10.9742,57.2659],[10.9739,57.266],[10.9732,57.266],[10.9728,57.2661]]]},"properties":{"sourceId":"ais_par3.105472","a_type":3220,"hectares":0.326}},{"type":"Feature","id":"ais_par3.105473","geometry":{"type":"Polygon","coordinates":[[[11.0157,57.2647],[11.0162,57.2647],[11.0162,57.2646],[11.0168,57.2648],[11.0173,57.2638],[11.0164,57.2635],[11.0157,57.2647]]]},"properties":{"sourceId":"ais_par3.105473","a_type":3220,"hectares":0.763}},{"type":"Feature","id":"ais_par3.105474","geometry":{"type":"Polygon","coordinates":[[[11.0403,57.262],[11.0398,57.2624],[11.0412,57.2629],[11.0417,57.2624],[11.0403,57.262]]]},"properties":{"sourceId":"ais_par3.105474","a_type":3220,"hectares":0.606}},{"type":"Feature","id":"ais_par3.105475","geometry":{"type":"Polygon","coordinates":[[[10.9344,57.2621],[10.9353,57.262],[10.9355,57.2623],[10.9347,57.2624],[10.9348,57.2627],[10.9356,57.2635],[10.9355,57.2628],[10.9358,57.2627],[10.9356,57.2622],[10.9357,57.2622],[10.9358,57.2621],[10.9356,57.262],[10.9354,57.2619],[10.9353,57.2618],[10.9349,57.2618],[10.9347,57.2615],[10.934,57.2615],[10.934,57.2616],[10.9342,57.2619],[10.9344,57.2621]]]},"properties":{"sourceId":"ais_par3.105475","a_type":3220,"hectares":0.823}},{"type":"Feature","id":"ais_par3.105458","geometry":{"type":"Polygon","coordinates":[[[10.9628,57.2763],[10.9619,57.2768],[10.9546,57.2805],[10.9532,57.2811],[10.9526,57.2815],[10.9525,57.2815],[10.9509,57.2821],[10.9501,57.2824],[10.9509,57.2828],[10.9512,57.2827],[10.952,57.2823],[10.9523,57.2824],[10.9525,57.2825],[10.9531,57.2827],[10.954,57.2829],[10.9544,57.2829],[10.9549,57.2829],[10.9536,57.2835],[10.9536,57.2835],[10.9534,57.2836],[10.9533,57.2837],[10.9527,57.284],[10.9525,57.2841],[10.9523,57.2842],[10.9522,57.2843],[10.9519,57.2843],[10.9514,57.2845],[10.9511,57.2846],[10.9507,57.2848],[10.9506,57.2848],[10.9501,57.2848],[10.9498,57.2849],[10.9494,57.285],[10.9491,57.2851],[10.9486,57.2853],[10.948,57.2855],[10.9477,57.2857],[10.9472,57.2858],[10.9473,57.286],[10.947,57.286],[10.947,57.2861],[10.9472,57.2861],[10.9474,57.2861],[10.9478,57.2859],[10.9481,57.2861],[10.9478,57.2862],[10.9476,57.2862],[10.9479,57.2863],[10.9482,57.2862],[10.9483,57.2862],[10.9484,57.2864],[10.9485,57.2864],[10.9487,57.2862],[10.9489,57.2862],[10.9493,57.2861],[10.9496,57.2861],[10.9499,57.2863],[10.9498,57.2864],[10.9495,57.2865],[10.9497,57.2866],[10.9497,57.2867],[10.9494,57.2867],[10.949,57.2867],[10.9488,57.2869],[10.949,57.287],[10.9491,57.2871],[10.9491,57.2873],[10.9494,57.2873],[10.9496,57.2873],[10.9498,57.2873],[10.9501,57.2872],[10.9501,57.2871],[10.95,57.287],[10.9499,57.2869],[10.9498,57.2868],[10.9501,57.2868],[10.9501,57.2867],[10.9503,57.2865],[10.9508,57.2864],[10.9512,57.2862],[10.9515,57.2861],[10.9521,57.2859],[10.9527,57.2859],[10.9535,57.2859],[10.9536,57.2859],[10.954,57.286],[10.9546,57.286],[10.9545,57.2858],[10.9542,57.2856],[10.9536,57.2855],[10.953,57.2856],[10.9526,57.2857],[10.9524,57.2857],[10.9525,57.2856],[10.9526,57.2855],[10.953,57.2854],[10.9534,57.2854],[10.9538,57.2853],[10.9541,57.2854],[10.9544,57.2854],[10.9545,57.2854],[10.9545,57.2852],[10.9547,57.2851],[10.955,57.2849],[10.9554,57.2847],[10.9547,57.2847],[10.9539,57.2849],[10.9532,57.2851],[10.9523,57.2854],[10.9513,57.2856],[10.9507,57.2857],[10.9508,57.2855],[10.9511,57.2853],[10.9514,57.2852],[10.9519,57.2851],[10.9522,57.285],[10.9528,57.2849],[10.953,57.2848],[10.9532,57.2848],[10.9527,57.2848],[10.953,57.2846],[10.9535,57.2846],[10.954,57.2846],[10.9547,57.2846],[10.9552,57.2845],[10.9556,57.2845],[10.956,57.2845],[10.9562,57.2845],[10.9567,57.2845],[10.9567,57.2844],[10.9567,57.2843],[10.9562,57.2843],[10.956,57.2843],[10.9558,57.2843],[10.9554,57.2843],[10.9549,57.2844],[10.9546,57.2844],[10.9541,57.2843],[10.9537,57.2843],[10.9541,57.2841],[10.9545,57.2841],[10.9548,57.284],[10.9552,57.284],[10.9555,57.284],[10.9559,57.284],[10.9562,57.2838],[10.9566,57.2839],[10.957,57.284],[10.957,57.2839],[10.9569,57.2837],[10.9568,57.2835],[10.9571,57.2833],[10.9573,57.2831],[10.9578,57.2831],[10.9581,57.2831],[10.9582,57.2831],[10.9583,57.2829],[10.9585,57.283],[10.9586,57.2829],[10.9586,57.2827],[10.9586,57.2825],[10.9589,57.2824],[10.9594,57.2822],[10.9606,57.2819],[10.9611,57.2818],[10.9618,57.2816],[10.962,57.2816],[10.9619,57.2815],[10.9619,57.2814],[10.9623,57.2813],[10.9629,57.2812],[10.9636,57.2811],[10.9641,57.281],[10.9645,57.281],[10.9644,57.2809],[10.9626,57.2788],[10.9622,57.279],[10.9616,57.2794],[10.9611,57.2797],[10.961,57.2797],[10.9608,57.2797],[10.9608,57.2797],[10.9609,57.2796],[10.9613,57.2794],[10.9617,57.2789],[10.9619,57.2787],[10.9621,57.2785],[10.9623,57.2783],[10.9614,57.2776],[10.9625,57.277],[10.963,57.2776],[10.9632,57.2775],[10.9634,57.2776],[10.9635,57.2776],[10.9637,57.2775],[10.964,57.2774],[10.9642,57.2774],[10.9645,57.2771],[10.9649,57.277],[10.9654,57.2769],[10.9656,57.2768],[10.9659,57.2767],[10.9662,57.2766],[10.9665,57.2765],[10.9668,57.2764],[10.9669,57.2763],[10.9671,57.2763],[10.9671,57.2764],[10.9669,57.2765],[10.9667,57.2767],[10.9663,57.2769],[10.9663,57.277],[10.9658,57.2774],[10.9649,57.278],[10.9647,57.278],[10.9646,57.278],[10.9644,57.278],[10.9641,57.2782],[10.964,57.2783],[10.9638,57.2784],[10.9654,57.2802],[10.9658,57.2801],[10.9664,57.2801],[10.9667,57.2801],[10.9667,57.2799],[10.9665,57.2796],[10.9668,57.2796],[10.9673,57.2796],[10.9675,57.2795],[10.9673,57.2792],[10.9672,57.279],[10.9669,57.2789],[10.9671,57.2788],[10.9674,57.2786],[10.9678,57.2783],[10.9681,57.2782],[10.9682,57.2781],[10.9683,57.2781],[10.9686,57.278],[10.9691,57.2779],[10.9696,57.2779],[10.9699,57.2779],[10.9702,57.2779],[10.9703,57.2779],[10.9704,57.2779],[10.9703,57.2778],[10.9699,57.2778],[10.9697,57.2777],[10.9693,57.2776],[10.9696,57.2775],[10.9702,57.2776],[10.9703,57.2776],[10.9704,57.2775],[10.9704,57.2774],[10.9703,57.2773],[10.9702,57.2769],[10.9704,57.2768],[10.9705,57.2766],[10.9707,57.2765],[10.9709,57.2765],[10.9711,57.2766],[10.9713,57.2766],[10.9716,57.2767],[10.9716,57.2766],[10.9717,57.2763],[10.9717,57.2762],[10.9719,57.2762],[10.9721,57.2762],[10.9722,57.2763],[10.9723,57.2764],[10.9725,57.2764],[10.9729,57.2763],[10.9734,57.2761],[10.9738,57.276],[10.9742,57.2758],[10.9745,57.2758],[10.9747,57.2757],[10.9746,57.2756],[10.9746,57.2755],[10.9747,57.2755],[10.9749,57.2755],[10.975,57.2755],[10.9752,57.2755],[10.9753,57.2756],[10.9754,57.2756],[10.9753,57.275],[10.9751,57.2749],[10.9749,57.2748],[10.9748,57.2748],[10.9747,57.2748],[10.9743,57.2749],[10.9741,57.2749],[10.974,57.2749],[10.9736,57.2751],[10.9734,57.2751],[10.9727,57.2754],[10.9721,57.2757],[10.9715,57.276],[10.9712,57.2761],[10.9707,57.2763],[10.97,57.2764],[10.9695,57.2764],[10.9693,57.2765],[10.9691,57.2767],[10.969,57.2767],[10.9688,57.2768],[10.969,57.2765],[10.9693,57.2764],[10.9699,57.2762],[10.9706,57.276],[10.9712,57.2758],[10.9715,57.2757],[10.9722,57.2753],[10.9727,57.275],[10.9729,57.275],[10.973,57.275],[10.9734,57.2749],[10.9738,57.2749],[10.974,57.2748],[10.9741,57.2747],[10.974,57.2746],[10.9738,57.2746],[10.9733,57.2745],[10.9727,57.2746],[10.9722,57.2746],[10.9721,57.2745],[10.9718,57.2746],[10.9715,57.2747],[10.9715,57.2748],[10.9719,57.2748],[10.9722,57.2749],[10.9721,57.275],[10.9716,57.2751],[10.9712,57.2751],[10.9715,57.2753],[10.9716,57.2755],[10.9713,57.2756],[10.9711,57.2757],[10.9707,57.2757],[10.9706,57.2758],[10.9704,57.2758],[10.9701,57.2757],[10.9697,57.2754],[10.9696,57.2753],[10.9694,57.2752],[10.9692,57.2752],[10.9691,57.2753],[10.9688,57.2752],[10.9685,57.2751],[10.9679,57.2755],[10.9675,57.2757],[10.9673,57.2757],[10.9667,57.2758],[10.9664,57.2759],[10.9661,57.276],[10.966,57.276],[10.9658,57.2761],[10.9657,57.2761],[10.9655,57.2761],[10.9655,57.276],[10.9657,57.2759],[10.966,57.2757],[10.9663,57.2756],[10.9667,57.2755],[10.9671,57.2754],[10.9675,57.2754],[10.9678,57.2753],[10.9678,57.2752],[10.9678,57.2751],[10.9675,57.2752],[10.9673,57.2752],[10.9673,57.2751],[10.9674,57.275],[10.9675,57.275],[10.9678,57.2749],[10.9681,57.2748],[10.9683,57.2747],[10.9683,57.2745],[10.9682,57.2744],[10.9678,57.2741],[10.9662,57.2751],[10.9655,57.2747],[10.9654,57.2747],[10.9648,57.275],[10.964,57.2755],[10.9632,57.2759],[10.9626,57.2763],[10.9628,57.2763]],[[10.9581,57.2794],[10.9581,57.2795],[10.9578,57.28],[10.9573,57.2802],[10.9554,57.2813],[10.9548,57.2816],[10.9543,57.2819],[10.954,57.282],[10.9534,57.2821],[10.953,57.282],[10.9526,57.282],[10.9535,57.2815],[10.9547,57.2809],[10.955,57.2808],[10.9584,57.279],[10.9584,57.2792],[10.9584,57.2793],[10.9581,57.2794]],[[10.9643,57.2771],[10.964,57.2773],[10.9639,57.2773],[10.9637,57.2773],[10.9636,57.2773],[10.9639,57.2771],[10.964,57.277],[10.9641,57.2768],[10.9643,57.2767],[10.9645,57.2766],[10.9645,57.2765],[10.9645,57.2764],[10.9653,57.2764],[10.9655,57.2764],[10.9657,57.2763],[10.9658,57.2764],[10.9657,57.2765],[10.9657,57.2765],[10.9657,57.2766],[10.9655,57.2767],[10.9655,57.2767],[10.9653,57.2767],[10.9651,57.2768],[10.9646,57.277],[10.9643,57.2771]]]},"properties":{"sourceId":"ais_par3.105458","a_type":3220,"hectares":50.975}},{"type":"Feature","id":"ais_par3.105459","geometry":{"type":"Polygon","coordinates":[[[10.9661,57.2728],[10.9657,57.2732],[10.9651,57.2733],[10.9649,57.2734],[10.9649,57.2736],[10.9653,57.2735],[10.9655,57.2736],[10.9657,57.2737],[10.9659,57.2735],[10.9657,57.2733],[10.9659,57.2732],[10.9661,57.2733],[10.9662,57.2733],[10.9665,57.2732],[10.9661,57.2728]]]},"properties":{"sourceId":"ais_par3.105459","a_type":3220,"hectares":0.326}},{"type":"Feature","id":"ais_par3.105460","geometry":{"type":"Polygon","coordinates":[[[10.9527,57.2728],[10.952,57.2728],[10.9522,57.2733],[10.9529,57.2733],[10.9536,57.2738],[10.9544,57.2736],[10.9541,57.2735],[10.9536,57.2733],[10.9534,57.2732],[10.9534,57.2729],[10.9531,57.2729],[10.9529,57.273],[10.9527,57.2729],[10.9527,57.2728]]]},"properties":{"sourceId":"ais_par3.105460","a_type":3220,"hectares":0.6}},{"type":"Feature","id":"ais_par3.105461","geometry":{"type":"Polygon","coordinates":[[[11.0284,57.2715],[11.0281,57.2713],[11.0275,57.2716],[11.027,57.2718],[11.0265,57.2721],[11.026,57.2724],[11.0265,57.2726],[11.0284,57.2715]]]},"properties":{"sourceId":"ais_par3.105461","a_type":3220,"hectares":0.537}},{"type":"Feature","id":"ais_par3.105462","geometry":{"type":"Polygon","coordinates":[[[10.9338,57.2726],[10.9334,57.2727],[10.9335,57.2731],[10.9333,57.2731],[10.9334,57.2734],[10.9336,57.2736],[10.9343,57.2734],[10.9338,57.2726]]]},"properties":{"sourceId":"ais_par3.105462","a_type":3220,"hectares":0.388}},{"type":"Feature","id":"ais_par3.105481","geometry":{"type":"Polygon","coordinates":[[[11.069,57.2582],[11.0708,57.2576],[11.0703,57.2575],[11.0702,57.2575],[11.0698,57.2577],[11.0697,57.2577],[11.0696,57.2576],[11.0696,57.2575],[11.0695,57.2574],[11.0694,57.2573],[11.0695,57.2573],[11.0696,57.2571],[11.0694,57.257],[11.0692,57.2571],[11.069,57.2574],[11.0688,57.2574],[11.069,57.2577],[11.0691,57.2578],[11.069,57.2579],[11.0688,57.258],[11.069,57.2582]]]},"properties":{"sourceId":"ais_par3.105481","a_type":3220,"hectares":0.591}},{"type":"Feature","id":"ais_par3.105482","geometry":{"type":"Polygon","coordinates":[[[10.8855,57.26],[10.8856,57.2599],[10.8857,57.2598],[10.8858,57.2597],[10.886,57.2595],[10.8859,57.2594],[10.8856,57.2595],[10.8852,57.2596],[10.8852,57.2598],[10.8853,57.26],[10.8855,57.26]]]},"properties":{"sourceId":"ais_par3.105482","a_type":3220,"hectares":0.164}},{"type":"Feature","id":"ais_par3.105483","geometry":{"type":"Polygon","coordinates":[[[10.995,57.2603],[10.9951,57.2615],[10.9951,57.2618],[10.9953,57.2619],[10.9954,57.263],[10.9961,57.263],[10.9957,57.2597],[10.9955,57.258],[10.9953,57.2579],[10.9952,57.2583],[10.9944,57.2583],[10.9943,57.2593],[10.9915,57.2591],[10.9914,57.2593],[10.9914,57.2596],[10.9913,57.2598],[10.995,57.2603]]]},"properties":{"sourceId":"ais_par3.105483","a_type":3220,"hectares":4.87}},{"type":"Feature","id":"ais_par3.105484","geometry":{"type":"Polygon","coordinates":[[[10.8982,57.2585],[10.8981,57.2584],[10.899,57.2581],[10.8998,57.258],[10.9001,57.258],[10.8998,57.2577],[10.9002,57.2576],[10.9002,57.2574],[10.8992,57.2578],[10.8982,57.2581],[10.8962,57.2589],[10.8964,57.2591],[10.8968,57.2589],[10.8973,57.2588],[10.8981,57.2586],[10.8982,57.2585]]]},"properties":{"sourceId":"ais_par3.105484","a_type":3220,"hectares":0.837}},{"type":"Feature","id":"ais_par3.105485","geometry":{"type":"Polygon","coordinates":[[[10.9138,57.2587],[10.9147,57.2586],[10.9146,57.2583],[10.9168,57.258],[10.9166,57.2579],[10.9165,57.2579],[10.916,57.2579],[10.9151,57.2579],[10.9143,57.2579],[10.9144,57.2584],[10.9138,57.2584],[10.9138,57.2587]]]},"properties":{"sourceId":"ais_par3.105485","a_type":3220,"hectares":0.623}},{"type":"Feature","id":"ais_par3.105486","geometry":{"type":"Polygon","coordinates":[[[10.9363,57.2571],[10.9357,57.258],[10.9389,57.2578],[10.9375,57.2567],[10.9369,57.2568],[10.9374,57.2572],[10.9363,57.2571]]]},"properties":{"sourceId":"ais_par3.105486","a_type":3220,"hectares":1.463}},{"type":"Feature","id":"ais_par3.105487","geometry":{"type":"Polygon","coordinates":[[[11.0687,57.2554],[11.0689,57.2553],[11.069,57.2553],[11.0694,57.2552],[11.0693,57.2551],[11.0696,57.255],[11.0692,57.2547],[11.0685,57.2551],[11.0687,57.2554]]]},"properties":{"sourceId":"ais_par3.105487","a_type":3220,"hectares":0.247}},{"type":"Feature","id":"ais_par3.105488","geometry":{"type":"Polygon","coordinates":[[[10.894,57.2571],[10.8948,57.2577],[10.8948,57.258],[10.8937,57.2583],[10.8941,57.2584],[10.8946,57.2584],[10.8949,57.2583],[10.8957,57.258],[10.8959,57.258],[10.8961,57.2582],[10.8972,57.2578],[10.8973,57.2579],[10.8993,57.2571],[10.8995,57.2569],[10.8994,57.2567],[10.8992,57.2567],[10.899,57.2567],[10.8991,57.2568],[10.8991,57.2569],[10.8989,57.257],[10.8987,57.257],[10.8985,57.257],[10.8982,57.2571],[10.8981,57.2571],[10.8979,57.2571],[10.8978,57.2571],[10.8978,57.257],[10.8976,57.2569],[10.8975,57.2568],[10.8975,57.2567],[10.8972,57.2566],[10.8968,57.2564],[10.8965,57.2564],[10.8959,57.2564],[10.8951,57.2565],[10.8942,57.2567],[10.8936,57.2568],[10.894,57.2571]]]},"properties":{"sourceId":"ais_par3.105488","a_type":3220,"hectares":4.057}},{"type":"Feature","id":"ais_par3.105489","geometry":{"type":"Polygon","coordinates":[[[10.9193,57.2559],[10.9194,57.2561],[10.9196,57.2563],[10.92,57.2564],[10.9207,57.2563],[10.9216,57.2562],[10.9219,57.2563],[10.9223,57.2563],[10.9222,57.2561],[10.922,57.2558],[10.9217,57.2556],[10.9203,57.2558],[10.9204,57.2562],[10.92,57.2562],[10.9199,57.2558],[10.9193,57.2559]]]},"properties":{"sourceId":"ais_par3.105489","a_type":3220,"hectares":0.916}},{"type":"Feature","id":"ais_par3.105490","geometry":{"type":"Polygon","coordinates":[[[10.8834,57.256],[10.8832,57.2561],[10.883,57.2562],[10.8827,57.2566],[10.8828,57.2569],[10.8829,57.2574],[10.8831,57.2576],[10.8833,57.2575],[10.8835,57.2574],[10.8838,57.2572],[10.884,57.257],[10.8841,57.2567],[10.8842,57.2567],[10.8844,57.2566],[10.8849,57.2563],[10.8853,57.2561],[10.8854,57.256],[10.8851,57.256],[10.8848,57.256],[10.884,57.256],[10.8834,57.256]]]},"properties":{"sourceId":"ais_par3.105490","a_type":3220,"hectares":1.451}},{"type":"Feature","id":"ais_par3.105491","geometry":{"type":"Polygon","coordinates":[[[10.9041,57.2566],[10.9051,57.2565],[10.905,57.2568],[10.9041,57.2568],[10.9042,57.2568],[10.9043,57.2569],[10.9043,57.2572],[10.9046,57.2572],[10.9046,57.2576],[10.9059,57.2571],[10.9059,57.2569],[10.9055,57.2568],[10.9056,57.2564],[10.9059,57.2561],[10.9063,57.2559],[10.9065,57.2558],[10.9067,57.2556],[10.907,57.2554],[10.9063,57.2556],[10.906,57.2556],[10.9051,57.2563],[10.9047,57.2563],[10.9046,57.2563],[10.9044,57.2564],[10.9043,57.2564],[10.9039,57.2564],[10.9038,57.2564],[10.9039,57.2565],[10.904,57.2566],[10.9041,57.2566]]]},"properties":{"sourceId":"ais_par3.105491","a_type":3220,"hectares":1.294}},{"type":"Feature","id":"ais_par3.105492","geometry":{"type":"Polygon","coordinates":[[[10.8831,57.256],[10.883,57.2559],[10.8824,57.256],[10.8822,57.2561],[10.8823,57.2564],[10.8824,57.2565],[10.8826,57.2563],[10.8828,57.2561],[10.8831,57.256]]]},"properties":{"sourceId":"ais_par3.105492","a_type":3220,"hectares":0.168}},{"type":"Feature","id":"ais_par3.105493","geometry":{"type":"Polygon","coordinates":[[[10.9316,57.2571],[10.9321,57.259],[10.9337,57.2589],[10.9344,57.2589],[10.9351,57.2578],[10.9346,57.2577],[10.9346,57.2576],[10.9356,57.2575],[10.9361,57.2567],[10.9363,57.2567],[10.9366,57.256],[10.9364,57.256],[10.9356,57.256],[10.9354,57.2561],[10.9345,57.2562],[10.9335,57.2562],[10.9315,57.2563],[10.9316,57.2571]]]},"properties":{"sourceId":"ais_par3.105493","a_type":3220,"hectares":6.841}},{"type":"Feature","id":"ais_par3.105494","geometry":{"type":"Polygon","coordinates":[[[10.9365,57.255],[10.9365,57.2549],[10.9365,57.2546],[10.9365,57.2544],[10.9364,57.2542],[10.9362,57.2539],[10.9361,57.2537],[10.9359,57.2534],[10.9355,57.253],[10.9358,57.2534],[10.9359,57.2538],[10.9361,57.2544],[10.9363,57.255],[10.9365,57.255]]]},"properties":{"sourceId":"ais_par3.105494","a_type":3220,"hectares":0.326}},{"type":"Feature","id":"ais_par3.105495","geometry":{"type":"Polygon","coordinates":[[[10.9631,57.2541],[10.9632,57.2537],[10.9614,57.2539],[10.9614,57.2542],[10.9631,57.2541]]]},"properties":{"sourceId":"ais_par3.105495","a_type":3220,"hectares":0.421}},{"type":"Feature","id":"ais_par3.105496","geometry":{"type":"Polygon","coordinates":[[[10.8866,57.2539],[10.8868,57.254],[10.8853,57.2543],[10.885,57.2546],[10.8856,57.2551],[10.8874,57.2548],[10.8884,57.2545],[10.8897,57.2542],[10.8902,57.254],[10.8902,57.2539],[10.89,57.2539],[10.8898,57.2538],[10.8894,57.2538],[10.8886,57.2539],[10.8877,57.2539],[10.8872,57.2538],[10.8866,57.2539]]]},"properties":{"sourceId":"ais_par3.105496","a_type":3220,"hectares":2.345}},{"type":"Feature","id":"ais_par3.105497","geometry":{"type":"Polygon","coordinates":[[[10.8998,57.2524],[10.9,57.2524],[10.9002,57.2524],[10.9009,57.2524],[10.9037,57.2523],[10.9035,57.252],[10.9031,57.252],[10.9024,57.252],[10.9018,57.2518],[10.901,57.2516],[10.9002,57.2515],[10.8996,57.2516],[10.8998,57.2524]]]},"properties":{"sourceId":"ais_par3.105497","a_type":3220,"hectares":1.47}},{"type":"Feature","id":"ais_par3.105498","geometry":{"type":"Polygon","coordinates":[[[10.93,57.2484],[10.9304,57.2498],[10.9305,57.25],[10.9323,57.2498],[10.9326,57.2506],[10.933,57.2506],[10.9333,57.2513],[10.9333,57.2509],[10.9336,57.2506],[10.9341,57.2504],[10.9339,57.2497],[10.9339,57.2494],[10.9338,57.2492],[10.9336,57.2485],[10.9336,57.2482],[10.9336,57.2481],[10.9327,57.248],[10.9317,57.2481],[10.9311,57.2482],[10.9307,57.2484],[10.9307,57.2486],[10.9305,57.2488],[10.9305,57.2487],[10.9302,57.2485],[10.93,57.2484]]]},"properties":{"sourceId":"ais_par3.105498","a_type":3220,"hectares":4.959}},{"type":"Feature","id":"ais_par3.105499","geometry":{"type":"Polygon","coordinates":[[[10.9184,57.2483],[10.9186,57.2487],[10.919,57.2497],[10.9193,57.2497],[10.9199,57.2496],[10.9201,57.2496],[10.9203,57.2497],[10.9205,57.2498],[10.9207,57.2498],[10.9211,57.2498],[10.9214,57.2499],[10.9213,57.25],[10.9234,57.2498],[10.9234,57.2501],[10.9212,57.2503],[10.9212,57.2506],[10.9239,57.2504],[10.9249,57.2505],[10.9249,57.2507],[10.9247,57.2509],[10.9247,57.2511],[10.9257,57.251],[10.9244,57.2482],[10.9237,57.2483],[10.9231,57.2484],[10.9226,57.2486],[10.9226,57.2487],[10.9225,57.2488],[10.9222,57.249],[10.9222,57.2491],[10.9221,57.2492],[10.9218,57.2492],[10.9213,57.2494],[10.9217,57.249],[10.9218,57.2489],[10.9218,57.2487],[10.9216,57.2486],[10.9208,57.2484],[10.9203,57.2482],[10.9195,57.2483],[10.9191,57.2483],[10.9184,57.2483]]]},"properties":{"sourceId":"ais_par3.105499","a_type":3220,"hectares":7.289}},{"type":"Feature","id":"ais_par3.105540","geometry":{"type":"Polygon","coordinates":[[[11.0816,57.2763],[11.0816,57.2761],[11.0814,57.2759],[11.0813,57.2759],[11.0811,57.2759],[11.081,57.2759],[11.0811,57.2757],[11.0815,57.2758],[11.0817,57.2758],[11.0819,57.2758],[11.0821,57.2757],[11.0822,57.2755],[11.0822,57.2754],[11.0819,57.2751],[11.0816,57.275],[11.0799,57.2747],[11.0797,57.2749],[11.0794,57.275],[11.0794,57.2751],[11.0796,57.2753],[11.0797,57.2754],[11.0794,57.2755],[11.0793,57.2756],[11.079,57.2756],[11.079,57.2761],[11.0797,57.2763],[11.081,57.2764],[11.0812,57.2765],[11.0816,57.2763]]]},"properties":{"sourceId":"ais_par3.105540","a_type":3220,"hectares":2.596}},{"type":"Feature","id":"ais_par3.105500","geometry":{"type":"Polygon","coordinates":[[[11.0334,57.2433],[11.0326,57.2456],[11.0331,57.2457],[11.0335,57.246],[11.0336,57.2462],[11.0335,57.2468],[11.0339,57.2467],[11.0338,57.247],[11.0347,57.2469],[11.035,57.2463],[11.0351,57.2459],[11.0353,57.2458],[11.0356,57.2458],[11.0356,57.2456],[11.036,57.2456],[11.0362,57.2454],[11.0361,57.2454],[11.0359,57.2453],[11.0355,57.2451],[11.0354,57.2451],[11.0355,57.245],[11.0353,57.2448],[11.0351,57.2448],[11.0354,57.2446],[11.0354,57.2445],[11.0352,57.2444],[11.0352,57.2442],[11.0355,57.244],[11.0354,57.2438],[11.0355,57.2438],[11.0358,57.2438],[11.0362,57.2438],[11.0366,57.2439],[11.0369,57.2442],[11.0371,57.2446],[11.037,57.2448],[11.0366,57.2453],[11.0362,57.246],[11.0359,57.2468],[11.0355,57.2475],[11.0356,57.2479],[11.0359,57.2477],[11.0362,57.2477],[11.0366,57.2477],[11.0366,57.2475],[11.037,57.2474],[11.0372,57.2475],[11.0374,57.2475],[11.0377,57.2475],[11.0383,57.2474],[11.0385,57.2473],[11.0385,57.2466],[11.0374,57.2467],[11.0379,57.2455],[11.0388,57.2455],[11.0387,57.2457],[11.0406,57.2457],[11.0406,57.246],[11.0407,57.2461],[11.0409,57.2462],[11.0412,57.2454],[11.042,57.2454],[11.0427,57.2455],[11.0432,57.2457],[11.044,57.2438],[11.0421,57.2436],[11.042,57.244],[11.0373,57.2437],[11.0374,57.2433],[11.0339,57.2433],[11.0334,57.2433]]]},"properties":{"sourceId":"ais_par3.105500","a_type":3220,"hectares":16.985}},{"type":"Feature","id":"ais_par3.105501","geometry":{"type":"Polygon","coordinates":[[[10.9586,57.2469],[10.957,57.2471],[10.9573,57.2473],[10.9583,57.2472],[10.9586,57.2469]]]},"properties":{"sourceId":"ais_par3.105501","a_type":3220,"hectares":0.232}},{"type":"Feature","id":"ais_par3.105502","geometry":{"type":"Polygon","coordinates":[[[11.0441,57.243],[11.044,57.2434],[11.0458,57.2436],[11.0461,57.2429],[11.0442,57.243],[11.0441,57.243]]]},"properties":{"sourceId":"ais_par3.105502","a_type":3220,"hectares":0.707}},{"type":"Feature","id":"ais_par3.105503","geometry":{"type":"Polygon","coordinates":[[[10.9918,57.2438],[10.9918,57.2443],[10.9919,57.2444],[10.9933,57.2444],[10.9931,57.2436],[10.9918,57.2437],[10.9918,57.2438]]]},"properties":{"sourceId":"ais_par3.105503","a_type":3220,"hectares":0.686}},{"type":"Feature","id":"ais_par3.105504","geometry":{"type":"Polygon","coordinates":[[[10.9933,57.2435],[10.9942,57.2434],[10.9945,57.2439],[10.997,57.2441],[10.9969,57.2438],[10.9966,57.2432],[10.9978,57.243],[10.9989,57.243],[10.9988,57.2427],[10.9974,57.2427],[10.9964,57.2427],[10.9957,57.2428],[10.9951,57.2429],[10.9943,57.2432],[10.9933,57.2435]],[[10.9967,57.2439],[10.9965,57.2438],[10.9966,57.2438],[10.9967,57.2437],[10.9968,57.2438],[10.9967,57.2438],[10.9967,57.2439]]]},"properties":{"sourceId":"ais_par3.105504","a_type":3220,"hectares":2.537}},{"type":"Feature","id":"ais_par3.105505","geometry":{"type":"Polygon","coordinates":[[[10.9852,57.2442],[10.9852,57.2441],[10.9852,57.244],[10.9852,57.2439],[10.9852,57.2437],[10.9849,57.2436],[10.9844,57.2435],[10.9842,57.2434],[10.9841,57.2434],[10.9838,57.2432],[10.9837,57.2431],[10.9835,57.243],[10.9835,57.2428],[10.9832,57.2426],[10.9829,57.2426],[10.9827,57.2425],[10.9832,57.2439],[10.9852,57.2442]]]},"properties":{"sourceId":"ais_par3.105505","a_type":3220,"hectares":1.201}},{"type":"Feature","id":"ais_par3.105506","geometry":{"type":"Polygon","coordinates":[[[11.0222,57.2414],[11.0221,57.2421],[11.0225,57.2421],[11.0242,57.2419],[11.0245,57.2418],[11.0254,57.2417],[11.0255,57.2401],[11.0264,57.24],[11.0263,57.2399],[11.0261,57.2399],[11.026,57.2399],[11.0261,57.2396],[11.0287,57.2395],[11.0305,57.2394],[11.0306,57.2399],[11.0329,57.2399],[11.0332,57.2388],[11.032,57.2389],[11.0305,57.2389],[11.0312,57.2358],[11.0312,57.2351],[11.0231,57.2361],[11.0231,57.2366],[11.0227,57.2385],[11.022,57.2385],[11.0226,57.2387],[11.0222,57.2414]],[[11.0268,57.2386],[11.0267,57.2387],[11.0265,57.2388],[11.0264,57.2387],[11.0264,57.2386],[11.0266,57.2385],[11.0268,57.2386],[11.0268,57.2386]]]},"properties":{"sourceId":"ais_par3.105506","a_type":3220,"hectares":28.059}},{"type":"Feature","id":"ais_par3.105507","geometry":{"type":"Polygon","coordinates":[[[10.9894,57.2394],[10.99,57.2393],[10.9901,57.2395],[10.9901,57.2397],[10.9906,57.2408],[10.9909,57.2408],[10.9911,57.2411],[10.9914,57.2412],[10.992,57.2412],[10.9926,57.241],[10.993,57.2407],[10.9933,57.2403],[10.9934,57.2399],[10.9932,57.2398],[10.9928,57.2396],[10.9924,57.2395],[10.9916,57.2393],[10.991,57.2392],[10.9903,57.2391],[10.99,57.2391],[10.9896,57.2391],[10.9895,57.2392],[10.9894,57.2393],[10.9894,57.2394]]]},"properties":{"sourceId":"ais_par3.105507","a_type":3220,"hectares":3.341}},{"type":"Feature","id":"ais_par3.105508","geometry":{"type":"Polygon","coordinates":[[[11.0611,57.236],[11.0604,57.2396],[11.0612,57.2395],[11.0622,57.2394],[11.0626,57.2393],[11.0629,57.2393],[11.0633,57.2392],[11.0638,57.2392],[11.0643,57.2392],[11.0645,57.2389],[11.0644,57.2385],[11.0643,57.2383],[11.0642,57.238],[11.0642,57.238],[11.0639,57.2377],[11.0636,57.2374],[11.0626,57.2368],[11.0617,57.2363],[11.0611,57.236]]]},"properties":{"sourceId":"ais_par3.105508","a_type":3220,"hectares":6.013}},{"type":"Feature","id":"ais_par3.105509","geometry":{"type":"Polygon","coordinates":[[[10.9894,57.2404],[10.9893,57.2403],[10.989,57.2395],[10.9889,57.2394],[10.9887,57.2394],[10.9884,57.2395],[10.9881,57.2398],[10.9881,57.2403],[10.9883,57.2405],[10.9888,57.2405],[10.9894,57.2404]],[[10.9886,57.24],[10.9885,57.24],[10.9885,57.2399],[10.9886,57.2399],[10.9886,57.24]]]},"properties":{"sourceId":"ais_par3.105509","a_type":3220,"hectares":0.693}},{"type":"Feature","id":"ais_par3.105510","geometry":{"type":"Polygon","coordinates":[[[10.9762,57.2396],[10.9765,57.2394],[10.9765,57.2392],[10.9764,57.239],[10.9762,57.2389],[10.9754,57.2388],[10.975,57.2388],[10.9741,57.2391],[10.9736,57.2394],[10.9732,57.24],[10.9732,57.24],[10.9736,57.2404],[10.9741,57.2406],[10.9739,57.2404],[10.9738,57.2398],[10.9762,57.2396]]]},"properties":{"sourceId":"ais_par3.105510","a_type":3220,"hectares":1.722}},{"type":"Feature","id":"ais_par3.105511","geometry":{"type":"Polygon","coordinates":[[[10.9676,57.2349],[10.9664,57.2349],[10.9659,57.235],[10.9653,57.2351],[10.9648,57.2351],[10.9642,57.2352],[10.9636,57.2353],[10.9628,57.2354],[10.9621,57.2356],[10.9616,57.2356],[10.9613,57.2355],[10.9609,57.2354],[10.9602,57.2353],[10.9596,57.2352],[10.9587,57.2353],[10.9578,57.2354],[10.957,57.2355],[10.9568,57.2357],[10.9564,57.236],[10.956,57.2364],[10.9558,57.2367],[10.9553,57.237],[10.9549,57.2371],[10.9543,57.2375],[10.9542,57.2377],[10.9541,57.238],[10.954,57.2382],[10.9535,57.2383],[10.9531,57.2384],[10.9527,57.2387],[10.9524,57.239],[10.9523,57.2395],[10.9524,57.2399],[10.9527,57.2402],[10.9531,57.2403],[10.9536,57.2404],[10.9542,57.2404],[10.9548,57.2404],[10.9554,57.2404],[10.9562,57.2405],[10.957,57.2403],[10.958,57.2403],[10.9588,57.2404],[10.9595,57.2403],[10.9599,57.2402],[10.961,57.24],[10.9617,57.2399],[10.9626,57.2398],[10.9631,57.2396],[10.9636,57.2393],[10.9643,57.2389],[10.9651,57.2388],[10.9664,57.2387],[10.9669,57.2387],[10.9671,57.2386],[10.9672,57.2384],[10.9673,57.2381],[10.9678,57.2381],[10.9691,57.2378],[10.9693,57.2376],[10.9699,57.2377],[10.9704,57.2379],[10.971,57.2379],[10.9713,57.2378],[10.9713,57.2376],[10.9714,57.2375],[10.9713,57.2373],[10.9711,57.237],[10.9712,57.2369],[10.9712,57.2367],[10.9712,57.2364],[10.9715,57.2364],[10.9718,57.2365],[10.9718,57.2368],[10.9718,57.2369],[10.9723,57.2369],[10.9727,57.2371],[10.9731,57.237],[10.9734,57.2371],[10.9735,57.2369],[10.9734,57.2366],[10.9731,57.2363],[10.9725,57.2361],[10.9721,57.236],[10.9714,57.2358],[10.9708,57.2356],[10.9697,57.2355],[10.9693,57.2354],[10.9691,57.2351],[10.9682,57.2349],[10.9676,57.2349]],[[10.9639,57.238],[10.9637,57.238],[10.9637,57.2379],[10.9638,57.2379],[10.964,57.2379],[10.964,57.2379],[10.964,57.238],[10.9639,57.238]],[[10.9642,57.2371],[10.9641,57.237],[10.9641,57.237],[10.9642,57.237],[10.9643,57.237],[10.9642,57.2371]],[[10.9586,57.2364],[10.9585,57.2363],[10.9584,57.2363],[10.9585,57.2362],[10.9586,57.2362],[10.9587,57.2363],[10.9587,57.2364],[10.9586,57.2364]],[[10.9664,57.2382],[10.9661,57.2383],[10.966,57.2382],[10.966,57.2381],[10.9661,57.2381],[10.9666,57.2382],[10.9666,57.2382],[10.9664,57.2382]]]},"properties":{"sourceId":"ais_par3.105511","a_type":3220,"hectares":47.38}},{"type":"Feature","id":"ais_par3.105512","geometry":{"type":"Polygon","coordinates":[[[11.0231,57.2356],[11.0281,57.235],[11.0281,57.2346],[11.0231,57.2351],[11.0231,57.2356]]]},"properties":{"sourceId":"ais_par3.105512","a_type":3220,"hectares":1.429}},{"type":"Feature","id":"ais_par3.105513","geometry":{"type":"Polygon","coordinates":[[[11.0176,57.2422],[11.019,57.2423],[11.0194,57.2399],[11.0201,57.2352],[11.0186,57.2355],[11.0181,57.2393],[11.0174,57.2393],[11.0174,57.24],[11.018,57.24],[11.0176,57.2422]]]},"properties":{"sourceId":"ais_par3.105513","a_type":3220,"hectares":6.879}},{"type":"Feature","id":"ais_par3.105514","geometry":{"type":"Polygon","coordinates":[[[11.0482,57.2401],[11.0482,57.2395],[11.0494,57.2324],[11.0495,57.2321],[11.0482,57.2319],[11.0473,57.2317],[11.0464,57.2317],[11.0455,57.2317],[11.0448,57.2317],[11.0445,57.2318],[11.0437,57.2319],[11.0431,57.232],[11.0422,57.2322],[11.0415,57.2323],[11.0406,57.2324],[11.0397,57.2326],[11.0395,57.2326],[11.0389,57.2328],[11.0375,57.2331],[11.0359,57.2333],[11.0351,57.2379],[11.0371,57.2379],[11.037,57.2377],[11.0374,57.2356],[11.039,57.2357],[11.0386,57.2389],[11.0372,57.2389],[11.0369,57.2382],[11.0366,57.2403],[11.0347,57.2404],[11.0347,57.2406],[11.0362,57.2406],[11.0368,57.2405],[11.0382,57.2405],[11.0425,57.2405],[11.0432,57.2405],[11.045,57.2403],[11.0469,57.2402],[11.0482,57.2401]]]},"properties":{"sourceId":"ais_par3.105514","a_type":3220,"hectares":66.888}},{"type":"Feature","id":"ais_par3.105515","geometry":{"type":"Polygon","coordinates":[[[11.0042,57.2325],[11.0043,57.2325],[11.0044,57.2325],[11.0044,57.2325],[11.0044,57.2324],[11.0044,57.2323],[11.0045,57.2323],[11.0046,57.2322],[11.0045,57.2322],[11.0045,57.2321],[11.0043,57.2322],[11.0041,57.2323],[11.0041,57.2324],[11.0041,57.2324],[11.0042,57.2325]]]},"properties":{"sourceId":"ais_par3.105515","a_type":3220,"hectares":0.06}},{"type":"Feature","id":"ais_par3.105516","geometry":{"type":"Polygon","coordinates":[[[11.0044,57.2319],[11.0043,57.232],[11.0042,57.232],[11.0043,57.2321],[11.0047,57.232],[11.005,57.2319],[11.0052,57.2319],[11.0054,57.2318],[11.0055,57.2317],[11.0054,57.2316],[11.0052,57.2317],[11.0047,57.2318],[11.0044,57.2319]]]},"properties":{"sourceId":"ais_par3.105516","a_type":3220,"hectares":0.122}},{"type":"Feature","id":"ais_par3.105517","geometry":{"type":"Polygon","coordinates":[[[10.9767,57.2266],[10.9769,57.2254],[10.9767,57.2254],[10.9766,57.2254],[10.9762,57.2253],[10.9759,57.2252],[10.9755,57.2249],[10.9753,57.2247],[10.9753,57.2244],[10.975,57.2243],[10.9748,57.2243],[10.9743,57.2243],[10.974,57.2242],[10.9738,57.2243],[10.9737,57.2244],[10.9738,57.2246],[10.9738,57.2249],[10.9739,57.2254],[10.9742,57.2257],[10.9744,57.226],[10.9747,57.2263],[10.9753,57.2265],[10.976,57.2266],[10.9767,57.2266]]]},"properties":{"sourceId":"ais_par3.105517","a_type":3220,"hectares":3.17}},{"type":"Feature","id":"ais_par3.105518","geometry":{"type":"Polygon","coordinates":[[[10.9775,57.2265],[10.978,57.2263],[10.9786,57.2263],[10.979,57.226],[10.9796,57.2256],[10.9799,57.2253],[10.9798,57.2251],[10.9798,57.2249],[10.9795,57.2247],[10.9791,57.2247],[10.9786,57.2248],[10.9783,57.2249],[10.978,57.225],[10.9775,57.2252],[10.9775,57.2265]],[[10.9777,57.2258],[10.9776,57.2257],[10.9777,57.2257],[10.9778,57.2257],[10.9778,57.2258],[10.9778,57.2258],[10.9777,57.2258]]]},"properties":{"sourceId":"ais_par3.105518","a_type":3220,"hectares":1.855}},{"type":"Feature","id":"ais_par3.105519","geometry":{"type":"Polygon","coordinates":[[[11.013,57.2228],[11.0131,57.2227],[11.013,57.2225],[11.013,57.2223],[11.0127,57.2222],[11.0126,57.2221],[11.0122,57.2219],[11.012,57.2217],[11.0118,57.2216],[11.0113,57.2216],[11.011,57.2216],[11.0108,57.2217],[11.0107,57.222],[11.011,57.2223],[11.0115,57.2226],[11.0122,57.2227],[11.0127,57.2229],[11.0128,57.2228],[11.013,57.2228]]]},"properties":{"sourceId":"ais_par3.105519","a_type":3220,"hectares":1.23}},{"type":"Feature","id":"ais_par3.105520","geometry":{"type":"Polygon","coordinates":[[[11.0081,57.2213],[11.0076,57.2212],[11.0071,57.2211],[11.0068,57.221],[11.0066,57.2208],[11.0063,57.2206],[11.0059,57.2205],[11.0054,57.2206],[11.0047,57.2207],[11.0042,57.2207],[11.0041,57.2206],[11.0039,57.2205],[11.0034,57.2205],[11.0029,57.2206],[11.0024,57.2206],[11.002,57.2206],[11.0017,57.2207],[11.0015,57.2211],[11.0016,57.2213],[11.0021,57.2215],[11.0025,57.2215],[11.003,57.2214],[11.0034,57.2212],[11.004,57.2212],[11.0043,57.2212],[11.0044,57.2214],[11.0046,57.2215],[11.0046,57.2216],[11.0046,57.2218],[11.0047,57.2218],[11.005,57.2216],[11.0052,57.2216],[11.0053,57.2217],[11.0053,57.2219],[11.0053,57.2219],[11.0055,57.222],[11.0058,57.2219],[11.0064,57.2219],[11.0071,57.2222],[11.0087,57.2222],[11.0089,57.2221],[11.009,57.2219],[11.0089,57.2217],[11.0084,57.2214],[11.0081,57.2213]]]},"properties":{"sourceId":"ais_par3.105520","a_type":3220,"hectares":4.586}},{"type":"Feature","id":"ais_par3.105521","geometry":{"type":"Polygon","coordinates":[[[10.982,57.2206],[10.9824,57.2208],[10.9828,57.2211],[10.9838,57.2212],[10.9842,57.2211],[10.9848,57.2211],[10.9853,57.221],[10.9853,57.2207],[10.985,57.2205],[10.9845,57.2201],[10.9841,57.2198],[10.9834,57.2198],[10.9827,57.2198],[10.982,57.2199],[10.9816,57.2201],[10.982,57.2206]]]},"properties":{"sourceId":"ais_par3.105521","a_type":3220,"hectares":2.431}},{"type":"Feature","id":"ais_par3.105522","geometry":{"type":"Polygon","coordinates":[[[11.012,57.2108],[11.0131,57.211],[11.014,57.2111],[11.0148,57.2112],[11.0166,57.2114],[11.0175,57.2116],[11.0187,57.2118],[11.0194,57.2119],[11.02,57.2122],[11.021,57.2123],[11.0224,57.2124],[11.0233,57.2124],[11.0246,57.2125],[11.0257,57.2125],[11.0266,57.2124],[11.0276,57.2123],[11.029,57.212],[11.0298,57.2117],[11.0309,57.211],[11.0322,57.2105],[11.0336,57.2095],[11.0344,57.2085],[11.0347,57.2074],[11.0341,57.2062],[11.0332,57.2052],[11.0325,57.2047],[11.0317,57.2043],[11.0311,57.2039],[11.0296,57.2038],[11.0289,57.2037],[11.0276,57.2035],[11.0271,57.2035],[11.0262,57.2034],[11.0255,57.2032],[11.0248,57.2032],[11.0244,57.2032],[11.0237,57.2031],[11.0228,57.2029],[11.0218,57.2029],[11.0205,57.2026],[11.0196,57.2027],[11.019,57.2027],[11.0184,57.2026],[11.0171,57.2025],[11.0154,57.2024],[11.0152,57.2023],[11.0146,57.2047],[11.0138,57.2047],[11.0138,57.205],[11.0146,57.205],[11.0143,57.2081],[11.0159,57.2081],[11.0159,57.209],[11.014,57.2089],[11.014,57.209],[11.0121,57.2089],[11.0122,57.2078],[11.0125,57.206],[11.0128,57.2038],[11.0137,57.2038],[11.014,57.2024],[11.0139,57.2023],[11.012,57.2021],[11.0111,57.202],[11.0099,57.2018],[11.0091,57.2019],[11.0087,57.202],[11.0079,57.2022],[11.0076,57.2021],[11.0073,57.2019],[11.0068,57.2017],[11.0064,57.2018],[11.0063,57.2019],[11.0063,57.2022],[11.0064,57.2025],[11.0064,57.2027],[11.006,57.2027],[11.0057,57.2027],[11.0053,57.203],[11.0053,57.203],[11.0049,57.2033],[11.0048,57.2033],[11.0045,57.2036],[11.0045,57.2037],[11.0043,57.2042],[11.0043,57.2045],[11.0041,57.2046],[11.0041,57.2048],[11.004,57.2048],[11.0039,57.205],[11.0036,57.2052],[11.0034,57.2054],[11.0031,57.2057],[11.0028,57.2057],[11.0026,57.2058],[11.0024,57.206],[11.0023,57.2063],[11.0021,57.2064],[11.0021,57.2067],[11.0024,57.2071],[11.0027,57.2073],[11.0032,57.2079],[11.0034,57.208],[11.0043,57.2084],[11.0051,57.2086],[11.0054,57.2088],[11.0065,57.2091],[11.0081,57.2094],[11.0087,57.2096],[11.0081,57.21],[11.0095,57.2104],[11.0106,57.2107],[11.0114,57.2107],[11.012,57.2108]],[[11.0108,57.2048],[11.0107,57.2048],[11.0106,57.2048],[11.0105,57.2048],[11.0105,57.2047],[11.0107,57.2047],[11.0108,57.2047],[11.0109,57.2047],[11.0108,57.2048],[11.0108,57.2048]]]},"properties":{"sourceId":"ais_par3.105522","a_type":3220,"hectares":158.785}},{"type":"Feature","id":"ais_par3.105523","geometry":{"type":"Polygon","coordinates":[[[11.0107,57.2353],[11.011,57.2354],[11.0115,57.2354],[11.0123,57.2354],[11.0131,57.2353],[11.0138,57.2352],[11.0144,57.2351],[11.0121,57.2352],[11.0121,57.2347],[11.0115,57.2348],[11.0118,57.2325],[11.0129,57.2326],[11.0129,57.2322],[11.0167,57.2324],[11.0163,57.2347],[11.0168,57.2346],[11.0178,57.2344],[11.0187,57.2344],[11.0195,57.2342],[11.0202,57.2342],[11.0213,57.234],[11.0214,57.234],[11.0215,57.2339],[11.0224,57.2338],[11.0231,57.2337],[11.024,57.2336],[11.0255,57.2333],[11.0265,57.2332],[11.0271,57.2331],[11.0284,57.233],[11.0295,57.2329],[11.0314,57.2328],[11.033,57.2328],[11.0334,57.2328],[11.0339,57.2327],[11.0338,57.2318],[11.0346,57.2318],[11.0354,57.2316],[11.0361,57.2315],[11.0366,57.2313],[11.0371,57.231],[11.0368,57.2309],[11.0365,57.2309],[11.0362,57.2309],[11.0361,57.231],[11.035,57.2307],[11.0353,57.2303],[11.0348,57.2302],[11.0342,57.2301],[11.0341,57.2301],[11.0343,57.2292],[11.0345,57.2289],[11.0346,57.2286],[11.0342,57.2284],[11.0334,57.2281],[11.0326,57.2279],[11.0317,57.2278],[11.0305,57.2275],[11.0282,57.2268],[11.027,57.2264],[11.0266,57.2263],[11.0261,57.2262],[11.0251,57.226],[11.0244,57.2257],[11.0238,57.2256],[11.0224,57.225],[11.0216,57.2247],[11.021,57.2245],[11.02,57.2243],[11.0189,57.2243],[11.0187,57.2242],[11.0178,57.2242],[11.0172,57.2241],[11.0164,57.2241],[11.0161,57.2241],[11.0158,57.2242],[11.0155,57.2242],[11.0153,57.2243],[11.0149,57.2244],[11.0145,57.2243],[11.0143,57.2243],[11.0139,57.2243],[11.0133,57.2242],[11.0129,57.224],[11.0124,57.2239],[11.0124,57.2238],[11.0123,57.2237],[11.0122,57.2237],[11.012,57.2238],[11.0118,57.2238],[11.0114,57.2238],[11.0112,57.2238],[11.0109,57.2238],[11.0103,57.2238],[11.0091,57.2238],[11.0089,57.2239],[11.0088,57.2239],[11.0085,57.2239],[11.0084,57.2238],[11.0078,57.2239],[11.0072,57.2239],[11.0071,57.224],[11.0068,57.224],[11.0062,57.224],[11.0056,57.2239],[11.0048,57.2239],[11.004,57.2237],[11.0033,57.2235],[11.0029,57.2235],[11.0024,57.2234],[11.0021,57.2234],[11.0019,57.2234],[10.9994,57.2231],[10.9985,57.223],[10.9983,57.2229],[10.998,57.2231],[10.9975,57.2235],[10.9972,57.2242],[10.997,57.2242],[10.9971,57.2246],[10.9969,57.2248],[10.9966,57.2249],[10.9961,57.225],[10.9958,57.2249],[10.9954,57.2248],[10.9952,57.2247],[10.9947,57.2245],[10.9942,57.2244],[10.9936,57.2245],[10.993,57.2246],[10.9928,57.2244],[10.9924,57.2245],[10.9919,57.2245],[10.9915,57.2246],[10.9911,57.2246],[10.9906,57.2248],[10.9901,57.225],[10.9897,57.2252],[10.9894,57.2254],[10.9888,57.2256],[10.9882,57.2258],[10.9873,57.226],[10.9865,57.2261],[10.9863,57.2261],[10.986,57.2259],[10.9858,57.2259],[10.9853,57.226],[10.9849,57.226],[10.9849,57.226],[10.9849,57.2262],[10.9848,57.2263],[10.9846,57.2265],[10.9845,57.2266],[10.9845,57.2267],[10.9843,57.2268],[10.9842,57.2269],[10.9841,57.227],[10.9839,57.227],[10.9838,57.2271],[10.9836,57.2272],[10.9835,57.2272],[10.9834,57.2273],[10.9833,57.2275],[10.9832,57.2275],[10.983,57.2276],[10.983,57.2279],[10.9829,57.2283],[10.9833,57.2287],[10.9836,57.2291],[10.9839,57.2294],[10.9844,57.2297],[10.9848,57.2304],[10.985,57.2307],[10.9853,57.231],[10.9856,57.2311],[10.9857,57.2312],[10.986,57.2313],[10.9863,57.2313],[10.9864,57.2314],[10.9863,57.2315],[10.9863,57.2318],[10.9861,57.2322],[10.9866,57.2327],[10.987,57.2329],[10.9874,57.233],[10.9877,57.233],[10.988,57.2328],[10.988,57.233],[10.9882,57.2332],[10.9885,57.2333],[10.9888,57.2335],[10.9889,57.2336],[10.9892,57.2335],[10.9896,57.2335],[10.99,57.2336],[10.9903,57.2338],[10.9906,57.2339],[10.9909,57.234],[10.9913,57.2344],[10.9916,57.2346],[10.9918,57.2347],[10.9925,57.2352],[10.9929,57.2355],[10.9936,57.2358],[10.9941,57.2361],[10.9946,57.2361],[10.9953,57.2361],[10.9958,57.2361],[10.9962,57.2363],[10.9965,57.2364],[10.9967,57.2366],[10.9969,57.2366],[10.9971,57.2367],[10.9974,57.2367],[10.9977,57.2366],[10.9979,57.2366],[10.9984,57.2367],[10.9988,57.2368],[10.9992,57.2369],[10.9997,57.237],[11.0004,57.2372],[11.001,57.2373],[11.0016,57.2373],[11.0026,57.2372],[11.0034,57.2371],[11.0039,57.2371],[11.004,57.237],[11.0041,57.2368],[11.0039,57.2366],[11.0038,57.2365],[11.004,57.2363],[11.004,57.2362],[11.0038,57.236],[11.0038,57.2358],[11.0039,57.2356],[11.0041,57.2356],[11.0044,57.2358],[11.0046,57.2361],[11.0048,57.2364],[11.005,57.2366],[11.0051,57.2366],[11.0053,57.2366],[11.006,57.2365],[11.0063,57.2364],[11.0064,57.2362],[11.0063,57.2361],[11.0063,57.236],[11.0062,57.2358],[11.0061,57.2356],[11.0057,57.2353],[11.0056,57.2351],[11.0055,57.2349],[11.0052,57.2346],[11.0048,57.2343],[11.0047,57.2341],[11.0048,57.234],[11.0049,57.234],[11.0047,57.2338],[11.0045,57.2337],[11.0044,57.2335],[11.0043,57.2333],[11.0042,57.2333],[11.0041,57.2333],[11.0041,57.2332],[11.004,57.2331],[11.0039,57.2331],[11.0036,57.2334],[11.0034,57.2335],[11.0033,57.2336],[11.0031,57.2337],[11.003,57.2337],[11.0028,57.2337],[11.0027,57.2337],[11.0028,57.2336],[11.0031,57.2335],[11.0033,57.2334],[11.0034,57.2333],[11.0035,57.2332],[11.0036,57.2331],[11.0037,57.2331],[11.0038,57.233],[11.0038,57.233],[11.0038,57.2329],[11.0039,57.2327],[11.0038,57.2325],[11.0038,57.2325],[11.0037,57.2326],[11.0037,57.2327],[11.0037,57.2328],[11.0037,57.2329],[11.0034,57.2328],[11.0033,57.2329],[11.0033,57.2329],[11.0032,57.233],[11.0032,57.233],[11.0031,57.2331],[11.0031,57.2331],[11.003,57.233],[11.0031,57.2329],[11.0033,57.2328],[11.0034,57.2327],[11.0035,57.2326],[11.0036,57.2324],[11.0037,57.2322],[11.0039,57.2321],[11.0043,57.2319],[11.0046,57.2318],[11.0049,57.2316],[11.005,57.2316],[11.0052,57.2316],[11.0052,57.2315],[11.0049,57.2314],[11.0047,57.2314],[11.0045,57.2314],[11.0043,57.2314],[11.0041,57.2314],[11.004,57.2314],[11.0039,57.2313],[11.0041,57.2312],[11.0042,57.2312],[11.0044,57.2313],[11.0046,57.2313],[11.0047,57.2313],[11.0049,57.2313],[11.005,57.2314],[11.0054,57.2315],[11.0055,57.2316],[11.0056,57.2315],[11.0059,57.2314],[11.0064,57.2314],[11.0066,57.2314],[11.0068,57.2313],[11.0069,57.2313],[11.0071,57.2312],[11.0074,57.2312],[11.0076,57.2312],[11.0077,57.2311],[11.008,57.2311],[11.0082,57.2311],[11.0086,57.2311],[11.0088,57.2311],[11.009,57.231],[11.0093,57.231],[11.0095,57.2309],[11.0107,57.2309],[11.0113,57.2308],[11.0117,57.2308],[11.0118,57.2309],[11.012,57.2309],[11.0125,57.2309],[11.0126,57.231],[11.0124,57.2311],[11.012,57.2312],[11.0118,57.2313],[11.0116,57.2312],[11.0111,57.2312],[11.0102,57.2313],[11.0094,57.2313],[11.009,57.2314],[11.0086,57.2315],[11.0084,57.2316],[11.0083,57.2317],[11.0078,57.2317],[11.0076,57.2317],[11.0073,57.2316],[11.0072,57.2317],[11.0071,57.2318],[11.007,57.2318],[11.0069,57.2319],[11.0067,57.2319],[11.0063,57.232],[11.0062,57.232],[11.0061,57.232],[11.0059,57.232],[11.0059,57.2321],[11.0057,57.2321],[11.0055,57.232],[11.0053,57.232],[11.0053,57.2321],[11.0051,57.2322],[11.0049,57.2323],[11.0047,57.2323],[11.0046,57.2324],[11.0046,57.2325],[11.0044,57.2326],[11.0042,57.2326],[11.004,57.2325],[11.0039,57.2327],[11.004,57.2329],[11.0043,57.2331],[11.0043,57.2332],[11.0045,57.2333],[11.0045,57.2333],[11.0048,57.2334],[11.005,57.2335],[11.0052,57.2336],[11.0055,57.2338],[11.006,57.2338],[11.0065,57.2338],[11.0067,57.2339],[11.0067,57.234],[11.0064,57.2343],[11.0063,57.2344],[11.0064,57.2346],[11.0065,57.2348],[11.0066,57.2349],[11.0067,57.235],[11.0071,57.2349],[11.0076,57.2349],[11.0078,57.2349],[11.0079,57.2349],[11.008,57.2349],[11.0079,57.235],[11.0077,57.235],[11.0073,57.235],[11.0072,57.235],[11.0069,57.2351],[11.0067,57.2351],[11.0067,57.2353],[11.0069,57.2355],[11.0072,57.2356],[11.0078,57.2356],[11.0082,57.2355],[11.0084,57.2355],[11.0088,57.2354],[11.0091,57.2354],[11.0095,57.2353],[11.0099,57.2353],[11.0104,57.2353],[11.0107,57.2353]],[[10.9918,57.2331],[10.9917,57.233],[10.9918,57.233],[10.9919,57.2329],[10.992,57.2328],[10.9922,57.2328],[10.9923,57.2329],[10.9923,57.2329],[10.9922,57.233],[10.9923,57.2331],[10.9921,57.2331],[10.9919,57.2331],[10.9919,57.2331],[10.9918,57.2331]],[[10.9949,57.2326],[10.9947,57.2326],[10.9947,57.2325],[10.9947,57.2325],[10.9949,57.2325],[10.9949,57.2326],[10.9949,57.2326]],[[11.0077,57.2345],[11.008,57.2344],[11.0083,57.2344],[11.0084,57.2344],[11.0084,57.2344],[11.0083,57.2345],[11.008,57.2345],[11.0079,57.2345],[11.0078,57.2346],[11.0077,57.2345],[11.0077,57.2345]],[[11.0109,57.2339],[11.0107,57.2339],[11.0106,57.2339],[11.0105,57.2339],[11.0104,57.2338],[11.0105,57.2338],[11.0107,57.2337],[11.0108,57.2337],[11.0109,57.2337],[11.011,57.2338],[11.011,57.2339],[11.0109,57.2339]],[[11.0239,57.2322],[11.0236,57.2322],[11.0234,57.2323],[11.0234,57.2323],[11.0231,57.2324],[11.023,57.2324],[11.023,57.2323],[11.0229,57.2323],[11.0227,57.2323],[11.0226,57.2324],[11.0223,57.2324],[11.0222,57.2323],[11.0222,57.2322],[11.0224,57.2322],[11.0224,57.2323],[11.0227,57.2323],[11.0228,57.2322],[11.0231,57.2322],[11.0233,57.2322],[11.0235,57.2322],[11.0238,57.2322],[11.0239,57.2322],[11.0239,57.2322]],[[11.0169,57.229],[11.0169,57.2289],[11.0173,57.2289],[11.0177,57.2289],[11.0182,57.229],[11.0182,57.2291],[11.0175,57.229],[11.0173,57.2289],[11.017,57.229],[11.0169,57.229]],[[10.9926,57.2299],[10.9924,57.23],[10.9923,57.23],[10.9922,57.2299],[10.9924,57.2299],[10.9926,57.2299],[10.9927,57.2299],[10.9926,57.2299]],[[10.9901,57.2293],[10.9905,57.2293],[10.9909,57.2293],[10.9908,57.2304],[10.99,57.2303],[10.9901,57.2297],[10.9901,57.2293]],[[10.9939,57.2287],[10.9933,57.2289],[10.9932,57.2289],[10.9931,57.2288],[10.9933,57.2288],[10.9938,57.2287],[10.994,57.2287],[10.9939,57.2287]],[[10.9923,57.2271],[10.9921,57.2272],[10.992,57.2272],[10.9919,57.2272],[10.9919,57.2272],[10.992,57.2271],[10.992,57.2271],[10.9921,57.227],[10.9922,57.227],[10.9923,57.2271]],[[10.9933,57.2303],[10.9931,57.2304],[10.9929,57.2304],[10.9928,57.2305],[10.9927,57.2306],[10.9925,57.2306],[10.9923,57.2306],[10.9922,57.2307],[10.9921,57.2308],[10.9919,57.2307],[10.992,57.2307],[10.9923,57.2305],[10.9927,57.2303],[10.9929,57.2302],[10.9932,57.2302],[10.9933,57.2303]],[[10.9916,57.2312],[10.9915,57.2313],[10.9914,57.2315],[10.9912,57.2318],[10.9911,57.2319],[10.9912,57.232],[10.9911,57.2323],[10.991,57.2323],[10.9908,57.2324],[10.9905,57.2324],[10.9904,57.2325],[10.9903,57.2325],[10.9902,57.2326],[10.9901,57.2326],[10.9899,57.2325],[10.9898,57.2324],[10.99,57.2322],[10.9901,57.2322],[10.9902,57.2322],[10.9903,57.2322],[10.9904,57.2322],[10.9905,57.2321],[10.9906,57.232],[10.9906,57.2319],[10.9905,57.2319],[10.9903,57.232],[10.9903,57.232],[10.9903,57.2321],[10.9901,57.2321],[10.9897,57.2319],[10.9897,57.2318],[10.9899,57.2318],[10.99,57.2318],[10.9901,57.2317],[10.9904,57.2317],[10.9905,57.2317],[10.9906,57.2317],[10.9907,57.2317],[10.9909,57.2316],[10.991,57.2314],[10.9911,57.2312],[10.9912,57.2311],[10.9915,57.2311],[10.9916,57.2312]],[[10.9895,57.2323],[10.9895,57.233],[10.9892,57.2331],[10.9893,57.2322],[10.9895,57.2323]],[[10.9988,57.2297],[10.9987,57.2297],[10.9985,57.2296],[10.9985,57.2295],[10.9986,57.2295],[10.9988,57.2295],[10.999,57.2296],[10.9994,57.2297],[10.9996,57.2297],[10.9999,57.2297],[11.0001,57.2298],[11.0004,57.2299],[11.0008,57.2299],[11.001,57.23],[11.001,57.2301],[11.0009,57.2302],[11.0007,57.2301],[11.0005,57.2301],[11.0003,57.2301],[11,57.23],[10.9995,57.2299],[10.9992,57.2298],[10.999,57.2297],[10.9988,57.2297]],[[11.0062,57.227],[11.0063,57.2271],[11.0065,57.2271],[11.0065,57.2271],[11.0067,57.2271],[11.0068,57.2271],[11.0069,57.2271],[11.0071,57.2271],[11.0073,57.2272],[11.0073,57.2273],[11.0073,57.2273],[11.0065,57.2272],[11.0059,57.2272],[11.0056,57.2271],[11.0056,57.2271],[11.0059,57.227],[11.0062,57.227]],[[11.0026,57.2303],[11.0024,57.2303],[11.0023,57.2303],[11.0021,57.2302],[11.0024,57.2301],[11.003,57.2302],[11.0031,57.2302],[11.0033,57.2302],[11.0035,57.2304],[11.0038,57.2304],[11.0042,57.2305],[11.0046,57.2306],[11.0047,57.2307],[11.0047,57.2308],[11.0046,57.2308],[11.0045,57.2308],[11.0044,57.2308],[11.0043,57.2308],[11.004,57.2306],[11.0036,57.2305],[11.0032,57.2304],[11.003,57.2304],[11.0028,57.2303],[11.0026,57.2303]],[[11.0031,57.2311],[11.0031,57.2312],[11.0028,57.2312],[11.0027,57.2312],[11.0027,57.2313],[11.003,57.2313],[11.0031,57.2313],[11.0026,57.2313],[11.0024,57.2313],[11.0023,57.2313],[11.0025,57.2313],[11.0025,57.2312],[11.0022,57.2312],[11.002,57.2311],[11.0017,57.2311],[11.0015,57.2311],[11.0011,57.2311],[11.0008,57.2311],[11.0004,57.231],[11,57.2309],[11.0001,57.2308],[11.0003,57.2308],[11.0006,57.2309],[11.0014,57.2309],[11.0019,57.231],[11.0022,57.231],[11.0025,57.231],[11.0028,57.2311],[11.0031,57.2311]],[[10.9996,57.2307],[10.9997,57.2308],[10.9998,57.2308],[10.9997,57.2309],[10.9992,57.2309],[10.9991,57.2308],[10.9992,57.2307],[10.9993,57.2307],[10.9995,57.2307],[10.9996,57.2307]],[[10.9969,57.2302],[10.9967,57.2302],[10.9955,57.23],[10.9954,57.2299],[10.9955,57.2299],[10.9957,57.2299],[10.9967,57.2301],[10.9968,57.2302],[10.9969,57.2302]],[[10.9955,57.2297],[10.9951,57.2297],[10.9951,57.2296],[10.9954,57.2296],[10.9957,57.2295],[10.9958,57.2291],[10.9959,57.2286],[10.9959,57.2284],[10.9958,57.2284],[10.9957,57.2285],[10.9956,57.2288],[10.9952,57.2292],[10.9943,57.2295],[10.9942,57.2296],[10.9942,57.2297],[10.9941,57.2298],[10.9936,57.2297],[10.9936,57.2297],[10.9934,57.2298],[10.9932,57.2297],[10.9934,57.2296],[10.9938,57.2295],[10.9945,57.2294],[10.995,57.2291],[10.9954,57.2288],[10.9956,57.2284],[10.9956,57.228],[10.9955,57.2278],[10.9955,57.2278],[10.9958,57.2275],[10.9958,57.2273],[10.9959,57.227],[10.9959,57.227],[10.9958,57.227],[10.9957,57.2269],[10.996,57.2265],[10.9961,57.2264],[10.9962,57.2263],[10.9963,57.2265],[10.9963,57.2265],[10.9962,57.2265],[10.9963,57.2266],[10.9961,57.2268],[10.9962,57.2269],[10.9962,57.2271],[10.9962,57.2272],[10.9963,57.2274],[10.9961,57.2275],[10.9959,57.2278],[10.9959,57.2282],[10.9961,57.2284],[10.996,57.2289],[10.996,57.2294],[10.9958,57.2296],[10.9955,57.2297]],[[11.0023,57.2257],[11.0024,57.2257],[11.0026,57.2257],[11.0028,57.2257],[11.003,57.2258],[11.0031,57.2258],[11.003,57.226],[11.003,57.2261],[11.0031,57.2262],[11.0029,57.2262],[11.0028,57.2262],[11.0028,57.2261],[11.0028,57.226],[11.0028,57.2259],[11.0027,57.2258],[11.0026,57.2259],[11.0026,57.2259],[11.0025,57.226],[11.0025,57.2261],[11.0023,57.2263],[11.0021,57.2263],[11.0018,57.2264],[11.0016,57.2264],[11.0015,57.2263],[11.0013,57.2263],[11.0012,57.2263],[11.001,57.2263],[11.0009,57.2262],[11.0009,57.2261],[11.0011,57.2261],[11.0013,57.2262],[11.0018,57.2262],[11.002,57.2262],[11.0021,57.2262],[11.0023,57.2261],[11.0023,57.226],[11.0022,57.226],[11.0023,57.2259],[11.0023,57.2258],[11.0023,57.2257]],[[11.0045,57.2261],[11.0047,57.2261],[11.0049,57.2262],[11.0053,57.2263],[11.0055,57.2263],[11.0055,57.2264],[11.0056,57.2264],[11.0057,57.2263],[11.0058,57.2263],[11.006,57.2263],[11.0061,57.2263],[11.0064,57.2263],[11.0067,57.2263],[11.0071,57.2264],[11.0075,57.2266],[11.0076,57.2267],[11.0076,57.2267],[11.0073,57.2267],[11.007,57.2265],[11.0068,57.2265],[11.0067,57.2265],[11.0065,57.2265],[11.0064,57.2265],[11.0062,57.2265],[11.0061,57.2265],[11.0059,57.2265],[11.0058,57.2265],[11.0058,57.2265],[11.0058,57.2264],[11.0057,57.2264],[11.0055,57.2265],[11.0053,57.2264],[11.005,57.2263],[11.0048,57.2263],[11.0047,57.2263],[11.0045,57.2262],[11.0045,57.2261]],[[11.0099,57.2276],[11.01,57.2275],[11.0101,57.2275],[11.0102,57.2276],[11.0104,57.2275],[11.0102,57.2274],[11.0103,57.2273],[11.0105,57.2273],[11.0106,57.2273],[11.0108,57.2273],[11.0109,57.2273],[11.0108,57.2272],[11.011,57.2272],[11.011,57.2271],[11.0109,57.2271],[11.011,57.2271],[11.0111,57.2271],[11.0112,57.2272],[11.0115,57.2273],[11.0115,57.2273],[11.0113,57.2273],[11.0113,57.2274],[11.0114,57.2274],[11.0115,57.2274],[11.0115,57.2274],[11.0116,57.2274],[11.0118,57.2274],[11.0118,57.2275],[11.0116,57.2277],[11.0115,57.2278],[11.0117,57.228],[11.0118,57.2281],[11.0118,57.2281],[11.0118,57.2282],[11.012,57.2281],[11.0122,57.228],[11.0123,57.2281],[11.012,57.2283],[11.012,57.2283],[11.012,57.2285],[11.0119,57.2285],[11.0118,57.2284],[11.0117,57.2284],[11.0116,57.2284],[11.0116,57.2283],[11.0117,57.2283],[11.0117,57.2282],[11.0115,57.228],[11.0114,57.2279],[11.0112,57.2279],[11.011,57.2277],[11.0112,57.2277],[11.0113,57.2276],[11.0112,57.2275],[11.0112,57.2275],[11.0112,57.2274],[11.011,57.2274],[11.0108,57.2274],[11.0106,57.2274],[11.0104,57.2275],[11.0104,57.2276],[11.0103,57.2276],[11.0102,57.2276],[11.0101,57.2276],[11.0099,57.2276]],[[11.0129,57.23],[11.0129,57.2301],[11.0128,57.2301],[11.0128,57.2302],[11.0126,57.2302],[11.0125,57.2301],[11.0126,57.2301],[11.0127,57.23],[11.0129,57.23]],[[10.9853,57.2289],[10.9857,57.2289],[10.9857,57.229],[10.9856,57.2291],[10.9857,57.2292],[10.9856,57.2292],[10.9855,57.2292],[10.9854,57.2292],[10.9854,57.229],[10.9854,57.229],[10.9852,57.229],[10.9851,57.2289],[10.9852,57.2288],[10.9853,57.2289]],[[10.9869,57.229],[10.9867,57.229],[10.9865,57.2291],[10.9864,57.2291],[10.9863,57.229],[10.9863,57.2289],[10.9862,57.2289],[10.9862,57.2288],[10.9863,57.2288],[10.9864,57.2288],[10.9868,57.2289],[10.9869,57.2289],[10.987,57.2289],[10.9871,57.2289],[10.9869,57.229]],[[10.9856,57.2274],[10.9856,57.2273],[10.9857,57.2272],[10.9858,57.2271],[10.986,57.2271],[10.986,57.227],[10.9861,57.227],[10.9861,57.227],[10.9861,57.2271],[10.9862,57.2272],[10.9861,57.2273],[10.986,57.2273],[10.986,57.2273],[10.986,57.2274],[10.9859,57.2275],[10.9858,57.2275],[10.9857,57.2274],[10.9856,57.2274]]]},"properties":{"sourceId":"ais_par3.105523","a_type":3220,"hectares":309.534}},{"type":"Feature","id":"ais_par3.105524","geometry":{"type":"Polygon","coordinates":[[[11.1515,57.3147],[11.1513,57.315],[11.1528,57.3154],[11.153,57.3149],[11.1515,57.3147]]]},"properties":{"sourceId":"ais_par3.105524","a_type":3220,"hectares":0.459}},{"type":"Feature","id":"ais_par3.105536","geometry":{"type":"Polygon","coordinates":[[[11.123,57.2997],[11.1218,57.2995],[11.1211,57.2994],[11.1203,57.2993],[11.1197,57.2992],[11.1198,57.2991],[11.1193,57.299],[11.1187,57.299],[11.1181,57.299],[11.1173,57.2991],[11.1168,57.2991],[11.1163,57.299],[11.1155,57.2988],[11.1149,57.2989],[11.1145,57.2989],[11.1144,57.2989],[11.1141,57.2988],[11.1138,57.2988],[11.114,57.299],[11.1138,57.299],[11.1136,57.299],[11.1135,57.2991],[11.1137,57.2992],[11.114,57.2993],[11.1141,57.2994],[11.1141,57.2995],[11.1144,57.2996],[11.1152,57.2996],[11.1153,57.2997],[11.1153,57.2998],[11.1157,57.2998],[11.1158,57.2998],[11.1162,57.2998],[11.1164,57.3],[11.1163,57.3002],[11.116,57.3002],[11.1156,57.3002],[11.1157,57.3003],[11.1161,57.3003],[11.1163,57.3003],[11.1165,57.3004],[11.1164,57.3005],[11.1162,57.3006],[11.1162,57.3007],[11.1163,57.3007],[11.1165,57.3007],[11.1167,57.3007],[11.1168,57.3005],[11.117,57.3004],[11.1172,57.3005],[11.1174,57.3006],[11.1176,57.3005],[11.1175,57.3004],[11.1174,57.3003],[11.1174,57.3001],[11.1175,57.3001],[11.1176,57.3002],[11.1178,57.3002],[11.1181,57.3001],[11.1183,57.3001],[11.1185,57.3001],[11.1187,57.3001],[11.1186,57.2999],[11.1185,57.2998],[11.119,57.2996],[11.1192,57.2997],[11.1195,57.2997],[11.1198,57.2997],[11.1194,57.3004],[11.1199,57.3005],[11.1201,57.3006],[11.1201,57.3007],[11.1206,57.3009],[11.1211,57.301],[11.1218,57.3011],[11.1222,57.3013],[11.1224,57.301],[11.1219,57.3009],[11.1215,57.3008],[11.1213,57.3008],[11.121,57.3007],[11.1208,57.3005],[11.1204,57.3004],[11.1206,57.3002],[11.1206,57.3],[11.1204,57.2997],[11.1223,57.3],[11.1225,57.2998],[11.123,57.2997]]]},"properties":{"sourceId":"ais_par3.105536","a_type":3220,"hectares":5.544}},{"type":"Feature","id":"ais_par3.105537","geometry":{"type":"Polygon","coordinates":[[[11.1107,57.3006],[11.1116,57.3007],[11.1139,57.3005],[11.1141,57.3003],[11.113,57.2997],[11.112,57.2993],[11.1107,57.3006]]]},"properties":{"sourceId":"ais_par3.105537","a_type":3220,"hectares":1.843}},{"type":"Feature","id":"ais_par3.105525","geometry":{"type":"Polygon","coordinates":[[[11.1361,57.3174],[11.1367,57.3175],[11.1383,57.3177],[11.1382,57.3178],[11.1374,57.3178],[11.1372,57.3181],[11.1375,57.3181],[11.138,57.3182],[11.1376,57.3186],[11.139,57.3187],[11.1394,57.3187],[11.1403,57.3174],[11.1404,57.3173],[11.1427,57.3174],[11.1427,57.3173],[11.1458,57.3174],[11.1465,57.3164],[11.1449,57.3166],[11.1452,57.316],[11.1456,57.3158],[11.1459,57.3159],[11.1469,57.3158],[11.1467,57.316],[11.1479,57.3158],[11.1487,57.3156],[11.1494,57.3155],[11.1502,57.3154],[11.151,57.3154],[11.1511,57.3152],[11.1489,57.3148],[11.1488,57.315],[11.1469,57.315],[11.1455,57.3149],[11.1454,57.315],[11.1451,57.3152],[11.1448,57.3151],[11.1442,57.3152],[11.1439,57.3153],[11.1435,57.3153],[11.1432,57.3153],[11.1431,57.3155],[11.1427,57.3155],[11.1424,57.3155],[11.1422,57.3155],[11.1424,57.3156],[11.1423,57.3157],[11.1418,57.3157],[11.1414,57.3163],[11.1395,57.3161],[11.14,57.3155],[11.139,57.3155],[11.139,57.3153],[11.1384,57.3153],[11.1384,57.3154],[11.1379,57.3154],[11.1371,57.3153],[11.1366,57.3153],[11.1363,57.3152],[11.1366,57.3149],[11.1373,57.3149],[11.1376,57.3149],[11.1381,57.3147],[11.1395,57.3144],[11.1404,57.3144],[11.1403,57.3141],[11.1396,57.3139],[11.1397,57.3138],[11.1394,57.3137],[11.1397,57.3134],[11.1388,57.3131],[11.1386,57.3131],[11.1384,57.3132],[11.1383,57.3132],[11.138,57.3132],[11.138,57.3131],[11.1379,57.313],[11.1376,57.3131],[11.1375,57.3132],[11.1376,57.3134],[11.1375,57.3134],[11.1374,57.3135],[11.1373,57.3136],[11.1368,57.3136],[11.1369,57.3135],[11.1365,57.3134],[11.1364,57.3133],[11.1361,57.3133],[11.1357,57.3133],[11.1354,57.3136],[11.1354,57.3137],[11.135,57.3138],[11.1344,57.3139],[11.1335,57.3141],[11.1333,57.3143],[11.1332,57.3143],[11.1333,57.3145],[11.1334,57.3147],[11.1336,57.3147],[11.1342,57.3147],[11.1345,57.3147],[11.1349,57.315],[11.1346,57.3151],[11.1343,57.3152],[11.1342,57.3153],[11.1339,57.3152],[11.1338,57.3152],[11.1336,57.3152],[11.1335,57.3153],[11.133,57.3154],[11.1326,57.3153],[11.1321,57.316],[11.1333,57.3161],[11.1337,57.3163],[11.1338,57.3163],[11.134,57.3164],[11.1339,57.3166],[11.1337,57.3166],[11.1337,57.3168],[11.1339,57.3169],[11.1341,57.3171],[11.1339,57.3173],[11.1341,57.3174],[11.136,57.3177],[11.1361,57.3174]]]},"properties":{"sourceId":"ais_par3.105525","a_type":3220,"hectares":26.694}},{"type":"Feature","id":"ais_par3.105526","geometry":{"type":"Polygon","coordinates":[[[11.1485,57.3147],[11.1489,57.3142],[11.148,57.3139],[11.1473,57.3137],[11.1467,57.3138],[11.1464,57.3143],[11.1485,57.3147]]]},"properties":{"sourceId":"ais_par3.105526","a_type":3220,"hectares":0.893}},{"type":"Feature","id":"ais_par3.105527","geometry":{"type":"Polygon","coordinates":[[[11.088,57.3145],[11.0877,57.3149],[11.0887,57.315],[11.0887,57.3151],[11.0903,57.3152],[11.0898,57.315],[11.0902,57.3149],[11.0907,57.315],[11.0909,57.3148],[11.0906,57.3147],[11.0905,57.3146],[11.0903,57.3145],[11.09,57.3143],[11.0896,57.3141],[11.0891,57.3142],[11.0887,57.3142],[11.0884,57.3141],[11.088,57.3145]]]},"properties":{"sourceId":"ais_par3.105527","a_type":3220,"hectares":1.373}},{"type":"Feature","id":"ais_par3.105528","geometry":{"type":"Polygon","coordinates":[[[11.1522,57.3114],[11.1521,57.3114],[11.1518,57.3114],[11.1517,57.3114],[11.1517,57.3115],[11.1519,57.3115],[11.1521,57.3116],[11.1524,57.3116],[11.1524,57.3116],[11.1522,57.3115],[11.1522,57.3114]]]},"properties":{"sourceId":"ais_par3.105528","a_type":3220,"hectares":0.062}},{"type":"Feature","id":"ais_par3.105529","geometry":{"type":"Polygon","coordinates":[[[11.1643,57.3113],[11.1642,57.3112],[11.1641,57.3111],[11.1638,57.311],[11.1636,57.3109],[11.1638,57.3107],[11.1644,57.3107],[11.1634,57.3105],[11.1633,57.3105],[11.1632,57.3103],[11.1627,57.3102],[11.1624,57.3102],[11.1622,57.3103],[11.1617,57.3105],[11.1619,57.3105],[11.1622,57.3105],[11.1628,57.3106],[11.1632,57.3109],[11.1635,57.3113],[11.1643,57.3113]]]},"properties":{"sourceId":"ais_par3.105529","a_type":3220,"hectares":0.64}},{"type":"Feature","id":"ais_par3.105530","geometry":{"type":"Polygon","coordinates":[[[11.1446,57.3117],[11.1444,57.3119],[11.1442,57.3119],[11.144,57.3119],[11.1435,57.3117],[11.1428,57.3117],[11.1425,57.3118],[11.1419,57.3124],[11.1436,57.3129],[11.144,57.3123],[11.1455,57.3126],[11.1471,57.3129],[11.1474,57.3126],[11.1474,57.3128],[11.1475,57.3128],[11.1479,57.313],[11.1482,57.313],[11.1485,57.3128],[11.1487,57.3129],[11.1486,57.313],[11.1486,57.3131],[11.1487,57.3131],[11.1488,57.313],[11.149,57.313],[11.1493,57.313],[11.1494,57.3131],[11.1496,57.3132],[11.15,57.3125],[11.1522,57.3126],[11.1541,57.3127],[11.1543,57.3124],[11.1546,57.3125],[11.1553,57.3125],[11.156,57.3124],[11.1569,57.3126],[11.1575,57.3127],[11.1583,57.3128],[11.1579,57.3125],[11.1576,57.3123],[11.1577,57.3119],[11.1596,57.3111],[11.1569,57.31],[11.1554,57.3104],[11.1545,57.3099],[11.1534,57.3094],[11.1532,57.3096],[11.1525,57.3094],[11.1518,57.3098],[11.1505,57.3106],[11.1503,57.3105],[11.1468,57.3098],[11.1466,57.3101],[11.1457,57.31],[11.1453,57.3105],[11.1446,57.3105],[11.1439,57.3104],[11.1435,57.3103],[11.1433,57.3105],[11.1432,57.311],[11.1448,57.3112],[11.1446,57.3117]],[[11.1556,57.3117],[11.1552,57.3124],[11.1526,57.312],[11.1531,57.3115],[11.1541,57.3115],[11.1542,57.3111],[11.155,57.3115],[11.1556,57.3117]],[[11.1502,57.311],[11.1505,57.311],[11.1507,57.3111],[11.1513,57.3112],[11.1515,57.3111],[11.1517,57.3111],[11.1529,57.3114],[11.153,57.3114],[11.1528,57.3116],[11.1528,57.3117],[11.1527,57.3117],[11.1525,57.3119],[11.1525,57.3119],[11.1518,57.3118],[11.1518,57.3117],[11.1515,57.3116],[11.1514,57.3116],[11.15,57.3113],[11.1502,57.311]]]},"properties":{"sourceId":"ais_par3.105530","a_type":3220,"hectares":23.818}},{"type":"Feature","id":"ais_par3.105531","geometry":{"type":"Polygon","coordinates":[[[11.1477,57.3087],[11.1481,57.3089],[11.1487,57.309],[11.1493,57.3087],[11.1497,57.3088],[11.1504,57.3086],[11.1519,57.3092],[11.1526,57.3089],[11.1522,57.3086],[11.1505,57.3079],[11.1494,57.3075],[11.1486,57.3083],[11.1477,57.3087]]]},"properties":{"sourceId":"ais_par3.105531","a_type":3220,"hectares":2.291}},{"type":"Feature","id":"ais_par3.105532","geometry":{"type":"Polygon","coordinates":[[[11.1324,57.3045],[11.1326,57.3042],[11.1328,57.3041],[11.1329,57.3038],[11.132,57.3037],[11.1313,57.3037],[11.1307,57.3035],[11.1298,57.3035],[11.1297,57.3037],[11.1301,57.3038],[11.1301,57.304],[11.1324,57.3045]]]},"properties":{"sourceId":"ais_par3.105532","a_type":3220,"hectares":1.189}},{"type":"Feature","id":"ais_par3.105533","geometry":{"type":"Polygon","coordinates":[[[11.14,57.3035],[11.1406,57.3025],[11.1395,57.3024],[11.1389,57.3024],[11.1392,57.3027],[11.1393,57.3027],[11.138,57.3026],[11.1376,57.3033],[11.14,57.3035]]]},"properties":{"sourceId":"ais_par3.105533","a_type":3220,"hectares":1.494}},{"type":"Feature","id":"ais_par3.105534","geometry":{"type":"Polygon","coordinates":[[[11.157,57.3027],[11.1571,57.3028],[11.1571,57.3029],[11.1573,57.303],[11.1574,57.303],[11.1577,57.303],[11.158,57.3031],[11.1582,57.3032],[11.1582,57.3031],[11.1583,57.3031],[11.1585,57.303],[11.1587,57.303],[11.1586,57.3029],[11.1585,57.3029],[11.1585,57.3028],[11.1586,57.3027],[11.1588,57.3025],[11.159,57.3024],[11.1584,57.3024],[11.1581,57.3025],[11.1581,57.3026],[11.1577,57.3026],[11.157,57.3027]]]},"properties":{"sourceId":"ais_par3.105534","a_type":3220,"hectares":0.504}},{"type":"Feature","id":"ais_par3.105535","geometry":{"type":"Polygon","coordinates":[[[11.1354,57.3008],[11.1351,57.3008],[11.1342,57.3007],[11.1331,57.3007],[11.1317,57.3007],[11.1305,57.3006],[11.1301,57.3004],[11.1287,57.3002],[11.1277,57.2999],[11.1268,57.2999],[11.1261,57.2998],[11.1261,57.3],[11.1265,57.3],[11.1272,57.3002],[11.1277,57.3002],[11.1277,57.3005],[11.1299,57.3007],[11.1314,57.3008],[11.1337,57.301],[11.1339,57.3013],[11.1344,57.3013],[11.1348,57.3013],[11.135,57.301],[11.1354,57.3008]]]},"properties":{"sourceId":"ais_par3.105535","a_type":3220,"hectares":1.936}},{"type":"Feature","id":"ais_par3.105538","geometry":{"type":"Polygon","coordinates":[[[11.1714,57.3042],[11.1718,57.3047],[11.1732,57.3042],[11.173,57.304],[11.173,57.304],[11.173,57.3039],[11.173,57.3037],[11.1728,57.3034],[11.1722,57.3031],[11.1715,57.3027],[11.1708,57.3024],[11.17,57.3019],[11.1696,57.3016],[11.1688,57.3009],[11.1686,57.3008],[11.1684,57.3004],[11.1683,57.3003],[11.1679,57.3],[11.1674,57.2997],[11.1673,57.2996],[11.1667,57.299],[11.1662,57.299],[11.1657,57.2992],[11.1653,57.2993],[11.1651,57.2995],[11.1649,57.2997],[11.1645,57.2996],[11.1644,57.2996],[11.1639,57.3],[11.1634,57.3003],[11.164,57.3014],[11.1642,57.3015],[11.1643,57.3016],[11.1651,57.3019],[11.1654,57.302],[11.164,57.3026],[11.1632,57.3029],[11.1633,57.3032],[11.1659,57.3025],[11.1662,57.3024],[11.1664,57.3025],[11.1665,57.3026],[11.1668,57.3033],[11.1675,57.3033],[11.1679,57.3032],[11.1681,57.303],[11.1685,57.3028],[11.1688,57.3028],[11.1689,57.303],[11.1692,57.3034],[11.1693,57.3034],[11.1697,57.3036],[11.1714,57.3042]],[[11.1654,57.2998],[11.1656,57.2999],[11.1658,57.3],[11.1659,57.3001],[11.1663,57.3002],[11.1665,57.3005],[11.1669,57.3007],[11.1673,57.3011],[11.1681,57.3018],[11.1682,57.302],[11.1674,57.3021],[11.1665,57.3014],[11.165,57.3003],[11.1654,57.2998]]]},"properties":{"sourceId":"ais_par3.105538","a_type":3220,"hectares":13.426}},{"type":"Feature","id":"ais_par3.105543","geometry":{"type":"Polygon","coordinates":[[[11.1103,57.2987],[11.1105,57.2985],[11.111,57.2985],[11.1114,57.2985],[11.1118,57.2985],[11.1123,57.2984],[11.1125,57.2985],[11.1126,57.2983],[11.1118,57.2981],[11.111,57.2981],[11.1106,57.298],[11.1096,57.2978],[11.109,57.2976],[11.1083,57.2975],[11.1079,57.2974],[11.1073,57.2973],[11.1068,57.2973],[11.1063,57.2972],[11.1058,57.297],[11.1055,57.297],[11.105,57.2969],[11.1046,57.2968],[11.1042,57.2967],[11.1038,57.2966],[11.1035,57.2966],[11.1033,57.2965],[11.1027,57.2964],[11.1024,57.2963],[11.1022,57.2962],[11.1017,57.2961],[11.1016,57.2961],[11.1012,57.2961],[11.1011,57.296],[11.1009,57.2959],[11.1003,57.2959],[11.1,57.2959],[11.0993,57.2958],[11.0988,57.2957],[11.0984,57.2955],[11.098,57.2955],[11.0975,57.2954],[11.0972,57.2953],[11.0974,57.2953],[11.0974,57.2952],[11.0972,57.2952],[11.0968,57.2952],[11.0959,57.2949],[11.095,57.2946],[11.0941,57.2943],[11.0931,57.2941],[11.0926,57.2939],[11.0922,57.2938],[11.0911,57.2934],[11.0905,57.2931],[11.0898,57.293],[11.0893,57.2929],[11.0888,57.2929],[11.0883,57.2927],[11.088,57.2927],[11.0878,57.2925],[11.0874,57.2924],[11.0871,57.2923],[11.0868,57.2922],[11.0863,57.2921],[11.0858,57.2919],[11.0855,57.2918],[11.0852,57.2918],[11.0849,57.2919],[11.0846,57.2918],[11.0843,57.2916],[11.0838,57.2914],[11.0833,57.2911],[11.0829,57.291],[11.0827,57.291],[11.0826,57.2912],[11.0827,57.2914],[11.0835,57.2916],[11.0848,57.292],[11.0862,57.2925],[11.0873,57.2929],[11.0887,57.2932],[11.0901,57.2936],[11.091,57.2939],[11.0924,57.2942],[11.0938,57.2947],[11.095,57.2952],[11.0962,57.2954],[11.097,57.2957],[11.0976,57.2959],[11.0983,57.2961],[11.0991,57.2962],[11.0995,57.2964],[11.1001,57.2964],[11.1007,57.2966],[11.1011,57.2967],[11.1017,57.2968],[11.1027,57.2971],[11.1035,57.2973],[11.1047,57.2975],[11.106,57.2978],[11.1075,57.2981],[11.1091,57.2984],[11.1103,57.2987]],[[11.1029,57.2967],[11.1027,57.2969],[11.102,57.2968],[11.102,57.2966],[11.1029,57.2967]]]},"properties":{"sourceId":"ais_par3.105543","a_type":3220,"hectares":10.295}},{"type":"Feature","id":"ais_par3.105544","geometry":{"type":"Polygon","coordinates":[[[11.0827,57.2941],[11.0814,57.2946],[11.0807,57.2954],[11.0816,57.2956],[11.0812,57.2962],[11.0818,57.2965],[11.0834,57.2945],[11.0846,57.293],[11.0843,57.2928],[11.0842,57.2928],[11.0841,57.2929],[11.0839,57.293],[11.0837,57.293],[11.0834,57.293],[11.0833,57.2928],[11.083,57.2929],[11.083,57.2927],[11.0836,57.2928],[11.0837,57.2928],[11.0836,57.2927],[11.0835,57.2925],[11.0837,57.2925],[11.084,57.2924],[11.0842,57.2924],[11.0844,57.2924],[11.0847,57.2924],[11.0849,57.2925],[11.085,57.2926],[11.0852,57.2927],[11.0853,57.2928],[11.0854,57.2929],[11.0853,57.2931],[11.0856,57.293],[11.0858,57.293],[11.086,57.293],[11.0862,57.2931],[11.0864,57.2932],[11.0867,57.2929],[11.083,57.2916],[11.0832,57.292],[11.0833,57.2921],[11.0832,57.2924],[11.083,57.2925],[11.0827,57.2927],[11.0825,57.293],[11.0824,57.2932],[11.0827,57.2933],[11.0828,57.2934],[11.0831,57.2934],[11.0829,57.2935],[11.0831,57.2936],[11.0831,57.2938],[11.0829,57.2938],[11.0827,57.2941]]]},"properties":{"sourceId":"ais_par3.105544","a_type":3220,"hectares":4.505}},{"type":"Feature","id":"ais_par3.105575","geometry":{"type":"Polygon","coordinates":[[[11.0773,57.2707],[11.0764,57.2701],[11.0758,57.2702],[11.0755,57.2703],[11.0754,57.2706],[11.0754,57.2707],[11.0749,57.2707],[11.0751,57.2714],[11.0756,57.2714],[11.0758,57.2712],[11.0763,57.2712],[11.0771,57.271],[11.0776,57.2709],[11.0789,57.2722],[11.0799,57.272],[11.0796,57.2716],[11.0797,57.2714],[11.0802,57.2711],[11.081,57.2709],[11.0811,57.2709],[11.0831,57.2704],[11.0841,57.2702],[11.0842,57.2697],[11.0845,57.2693],[11.0847,57.2689],[11.0847,57.2686],[11.0809,57.2696],[11.0787,57.2702],[11.0773,57.2707]]]},"properties":{"sourceId":"ais_par3.105575","a_type":3220,"hectares":7.877}},{"type":"Feature","id":"ais_par3.105576","geometry":{"type":"Polygon","coordinates":[[[11.0758,57.3057],[11.0748,57.3053],[11.0737,57.3053],[11.0733,57.3047],[11.0722,57.3044],[11.0717,57.3043],[11.0703,57.3044],[11.0701,57.3044],[11.07,57.3045],[11.0696,57.3046],[11.0695,57.3048],[11.0693,57.3049],[11.0691,57.3049],[11.069,57.3049],[11.0689,57.3048],[11.0691,57.3046],[11.0693,57.3044],[11.0695,57.3042],[11.0693,57.3041],[11.0692,57.304],[11.0692,57.3038],[11.0687,57.3032],[11.0685,57.3031],[11.0682,57.3031],[11.0679,57.3031],[11.0671,57.3029],[11.066,57.3028],[11.0654,57.3027],[11.065,57.3027],[11.065,57.3028],[11.0652,57.3029],[11.0626,57.3063],[11.0618,57.3071],[11.0614,57.307],[11.0612,57.3074],[11.0609,57.3077],[11.0549,57.3155],[11.0545,57.316],[11.0542,57.3158],[11.0531,57.3157],[11.0519,57.3157],[11.0517,57.3159],[11.0507,57.3157],[11.0506,57.3158],[11.0494,57.3156],[11.0492,57.3162],[11.0481,57.3161],[11.0479,57.3161],[11.0471,57.3161],[11.0468,57.3164],[11.046,57.3161],[11.0454,57.3167],[11.0445,57.3165],[11.0441,57.3168],[11.042,57.3165],[11.0417,57.3169],[11.0406,57.3166],[11.0401,57.3173],[11.039,57.3172],[11.0387,57.3175],[11.037,57.3171],[11.0354,57.317],[11.0344,57.3169],[11.0333,57.3169],[11.0328,57.317],[11.0326,57.3171],[11.0323,57.3172],[11.0322,57.3173],[11.0321,57.3172],[11.0319,57.3171],[11.0296,57.3166],[11.0307,57.3153],[11.0332,57.3123],[11.033,57.3121],[11.0331,57.3119],[11.0333,57.3119],[11.0337,57.3118],[11.0367,57.308],[11.0371,57.3081],[11.0372,57.3079],[11.0373,57.3075],[11.0378,57.3075],[11.0385,57.3076],[11.0385,57.3078],[11.038,57.3079],[11.0378,57.3079],[11.0377,57.308],[11.0392,57.3084],[11.0388,57.3088],[11.0383,57.3097],[11.0382,57.3098],[11.0386,57.31],[11.039,57.3101],[11.0392,57.3101],[11.0403,57.3101],[11.0409,57.3101],[11.0415,57.3102],[11.0418,57.3104],[11.042,57.3104],[11.0423,57.3102],[11.0428,57.31],[11.0436,57.3101],[11.0441,57.3101],[11.0455,57.3101],[11.046,57.3101],[11.046,57.3099],[11.0463,57.3099],[11.0464,57.3098],[11.0468,57.3098],[11.0471,57.3098],[11.0471,57.3097],[11.0469,57.3096],[11.0468,57.3094],[11.0471,57.3094],[11.0473,57.3095],[11.0478,57.3095],[11.0479,57.3095],[11.048,57.3095],[11.0479,57.3096],[11.048,57.3097],[11.049,57.3097],[11.0492,57.3096],[11.049,57.3096],[11.0492,57.3095],[11.0499,57.3095],[11.05,57.3095],[11.0515,57.3096],[11.0513,57.3093],[11.0517,57.3091],[11.0542,57.308],[11.0555,57.3065],[11.0564,57.3054],[11.0537,57.3046],[11.0522,57.3041],[11.0509,57.3038],[11.0507,57.3037],[11.0493,57.3033],[11.0484,57.3032],[11.0481,57.3032],[11.0479,57.3032],[11.0476,57.303],[11.0471,57.3026],[11.0463,57.3019],[11.0457,57.3016],[11.0451,57.3014],[11.0449,57.3012],[11.0447,57.3011],[11.0445,57.3009],[11.0442,57.3008],[11.044,57.3008],[11.0438,57.3009],[11.0436,57.301],[11.0436,57.3011],[11.0438,57.3011],[11.0438,57.3012],[11.0437,57.3013],[11.0435,57.3013],[11.0433,57.3013],[11.043,57.3011],[11.043,57.301],[11.0427,57.3009],[11.0423,57.3009],[11.0422,57.3008],[11.0417,57.3007],[11.0415,57.3006],[11.0413,57.3008],[11.0414,57.3009],[11.0417,57.3009],[11.0417,57.3009],[11.0414,57.301],[11.041,57.3011],[11.0409,57.3008],[11.0405,57.3009],[11.0404,57.3008],[11.0401,57.3006],[11.0398,57.3006],[11.0395,57.3006],[11.039,57.3006],[11.039,57.3007],[11.039,57.3008],[11.0387,57.3008],[11.0384,57.3007],[11.0377,57.3007],[11.0374,57.3007],[11.037,57.3008],[11.0367,57.3007],[11.0366,57.3006],[11.0362,57.3006],[11.0359,57.3005],[11.0357,57.3004],[11.0354,57.3004],[11.0351,57.3004],[11.0349,57.3005],[11.0348,57.3006],[11.0348,57.3009],[11.0348,57.3011],[11.0346,57.3012],[11.0341,57.3012],[11.0337,57.3012],[11.0335,57.3012],[11.0331,57.3013],[11.0328,57.3015],[11.0327,57.3015],[11.0324,57.3014],[11.0324,57.3013],[11.0321,57.3012],[11.0315,57.3011],[11.031,57.301],[11.0305,57.3016],[11.0298,57.3026],[11.03,57.3026],[11.0304,57.3025],[11.0309,57.3023],[11.0309,57.3024],[11.0312,57.3025],[11.0312,57.3025],[11.0308,57.3026],[11.0308,57.3028],[11.0309,57.3028],[11.0312,57.3028],[11.0315,57.303],[11.0317,57.3029],[11.032,57.3028],[11.0326,57.3028],[11.0326,57.3026],[11.0329,57.3025],[11.0331,57.3024],[11.0338,57.3024],[11.0341,57.3024],[11.0346,57.3025],[11.0347,57.3025],[11.0346,57.3027],[11.0349,57.3027],[11.0351,57.3025],[11.0352,57.3024],[11.0352,57.3022],[11.0354,57.3023],[11.0357,57.3024],[11.036,57.3025],[11.0361,57.3024],[11.036,57.3023],[11.0356,57.3021],[11.0356,57.302],[11.0356,57.3019],[11.0359,57.3019],[11.0359,57.3021],[11.036,57.3022],[11.0366,57.3021],[11.0371,57.3023],[11.0372,57.3023],[11.0372,57.3026],[11.0369,57.3028],[11.0366,57.3031],[11.0352,57.3033],[11.0342,57.3032],[11.0337,57.3039],[11.0349,57.3044],[11.0351,57.3044],[11.0356,57.3044],[11.0357,57.3045],[11.0357,57.3048],[11.0355,57.3051],[11.0353,57.3053],[11.035,57.3054],[11.0348,57.3054],[11.0339,57.3051],[11.0335,57.305],[11.0332,57.305],[11.0318,57.3043],[11.0296,57.3046],[11.0293,57.3046],[11.0288,57.3045],[11.0282,57.3043],[11.028,57.3042],[11.0276,57.3048],[11.0283,57.3047],[11.0289,57.3049],[11.029,57.3051],[11.0285,57.3051],[11.0284,57.3053],[11.0284,57.3055],[11.0287,57.3055],[11.029,57.3054],[11.0291,57.3052],[11.0296,57.3051],[11.03,57.3052],[11.03,57.3053],[11.0297,57.3054],[11.0293,57.3055],[11.0299,57.3055],[11.0302,57.3055],[11.0306,57.3054],[11.0312,57.3056],[11.0315,57.3056],[11.0319,57.3056],[11.0327,57.3058],[11.0336,57.3058],[11.0341,57.3058],[11.0347,57.3059],[11.0351,57.306],[11.0357,57.306],[11.0366,57.306],[11.0371,57.3059],[11.0375,57.3059],[11.0376,57.306],[11.0374,57.3061],[11.0374,57.3063],[11.0378,57.3064],[11.0385,57.3063],[11.0391,57.3062],[11.0398,57.3062],[11.0403,57.3062],[11.0402,57.3064],[11.04,57.3064],[11.039,57.3064],[11.0382,57.3065],[11.0377,57.3066],[11.0374,57.3068],[11.037,57.3068],[11.0365,57.3066],[11.036,57.3065],[11.0357,57.3065],[11.0353,57.3065],[11.0347,57.3065],[11.0344,57.3065],[11.0339,57.3064],[11.0336,57.3066],[11.0335,57.3067],[11.0324,57.3066],[11.0314,57.3066],[11.0307,57.3065],[11.03,57.3065],[11.0293,57.3064],[11.0289,57.3064],[11.0284,57.3065],[11.0278,57.306],[11.0275,57.3059],[11.0273,57.3056],[11.0261,57.3056],[11.0254,57.3058],[11.0249,57.3058],[11.0245,57.3059],[11.024,57.306],[11.0236,57.306],[11.0232,57.3059],[11.0232,57.3056],[11.0232,57.3055],[11.0231,57.3054],[11.0226,57.3054],[11.0221,57.3053],[11.0215,57.3052],[11.0208,57.3053],[11.0204,57.3052],[11.02,57.3052],[11.0199,57.3052],[11.0199,57.3054],[11.0201,57.3056],[11.0202,57.3057],[11.0201,57.3057],[11.0197,57.3056],[11.0194,57.3054],[11.0189,57.3054],[11.0187,57.3053],[11.0182,57.3052],[11.0184,57.3052],[11.0191,57.3053],[11.0194,57.3053],[11.0196,57.3053],[11.0195,57.3051],[11.0192,57.3051],[11.0189,57.3051],[11.0186,57.305],[11.0183,57.3048],[11.0179,57.3047],[11.0178,57.3046],[11.0179,57.3045],[11.0183,57.3044],[11.0188,57.3044],[11.0192,57.3046],[11.0198,57.3046],[11.0198,57.3045],[11.0194,57.3043],[11.019,57.3043],[11.0187,57.3042],[11.018,57.3042],[11.0175,57.3041],[11.0173,57.304],[11.0178,57.304],[11.018,57.304],[11.0185,57.3041],[11.0188,57.304],[11.0185,57.3039],[11.0183,57.3039],[11.018,57.3039],[11.0175,57.3038],[11.0174,57.3037],[11.0173,57.3036],[11.0176,57.3036],[11.018,57.3037],[11.0184,57.3037],[11.0185,57.3037],[11.0189,57.3038],[11.0195,57.3039],[11.0194,57.3041],[11.0196,57.3042],[11.02,57.3042],[11.0203,57.3042],[11.0211,57.3043],[11.0217,57.3044],[11.0219,57.3046],[11.0219,57.3047],[11.0217,57.3047],[11.0216,57.3048],[11.0217,57.3048],[11.022,57.305],[11.0221,57.305],[11.0224,57.305],[11.0225,57.305],[11.0226,57.305],[11.0225,57.3051],[11.0226,57.3053],[11.0229,57.3052],[11.023,57.3052],[11.0232,57.3052],[11.0235,57.3052],[11.0236,57.3051],[11.0239,57.3048],[11.0239,57.3044],[11.024,57.304],[11.0243,57.304],[11.0245,57.304],[11.0247,57.3039],[11.0252,57.3034],[11.0256,57.3028],[11.0255,57.3026],[11.0253,57.3023],[11.0253,57.302],[11.0248,57.302],[11.0244,57.3021],[11.024,57.3022],[11.0238,57.3022],[11.0237,57.3022],[11.0234,57.3021],[11.0232,57.3022],[11.023,57.3022],[11.0226,57.3022],[11.0223,57.302],[11.0219,57.302],[11.0213,57.3019],[11.0207,57.3018],[11.02,57.3018],[11.0195,57.3017],[11.0191,57.3016],[11.019,57.3016],[11.0189,57.3016],[11.0189,57.3014],[11.0187,57.3012],[11.0187,57.301],[11.0188,57.3009],[11.0181,57.3005],[11.018,57.3006],[11.0178,57.3008],[11.0173,57.3009],[11.0168,57.3009],[11.0163,57.3009],[11.0162,57.3009],[11.0166,57.301],[11.0169,57.3011],[11.0169,57.3012],[11.0168,57.3013],[11.0166,57.3013],[11.0165,57.3013],[11.016,57.3012],[11.0158,57.3012],[11.0156,57.3011],[11.0154,57.3009],[11.0153,57.3007],[11.0149,57.3005],[11.0146,57.3006],[11.0148,57.3007],[11.0151,57.3009],[11.0147,57.3009],[11.0145,57.3008],[11.0143,57.3007],[11.0138,57.3009],[11.0135,57.3009],[11.0132,57.3008],[11.013,57.3008],[11.0128,57.3008],[11.0125,57.3007],[11.0124,57.3005],[11.0122,57.3002],[11.012,57.3],[11.0118,57.3],[11.0116,57.3003],[11.0105,57.3],[11.0098,57.2999],[11.009,57.2998],[11.0082,57.2997],[11.0074,57.2995],[11.0066,57.2993],[11.006,57.2992],[11.0047,57.2988],[11.0044,57.2987],[11.004,57.2987],[11.0036,57.2988],[11.0033,57.2988],[11.0026,57.2986],[11.0023,57.2989],[11.0039,57.2993],[11.004,57.2995],[11.0038,57.2996],[11.0038,57.2996],[11.0057,57.2999],[11.006,57.2999],[11.0067,57.3001],[11.007,57.3003],[11.0083,57.3005],[11.0082,57.3013],[11.0082,57.3019],[11.0031,57.3012],[11.0024,57.3012],[10.9996,57.3008],[10.9969,57.3004],[10.9967,57.3003],[10.9923,57.2996],[10.9925,57.2993],[10.9896,57.2989],[10.9896,57.2989],[10.9895,57.2985],[10.9876,57.2983],[10.9852,57.298],[10.9833,57.2976],[10.9817,57.2974],[10.981,57.2974],[10.9812,57.2976],[10.9819,57.2976],[10.9821,57.2976],[10.9823,57.2976],[10.9823,57.2977],[10.9819,57.2978],[10.9814,57.2978],[10.9809,57.2977],[10.9804,57.2976],[10.9797,57.2977],[10.9794,57.2977],[10.9793,57.2976],[10.9793,57.2975],[10.978,57.2975],[10.978,57.2976],[10.9778,57.2977],[10.9777,57.2979],[10.9774,57.2979],[10.9767,57.298],[10.9762,57.2981],[10.9764,57.2982],[10.9764,57.2984],[10.976,57.2986],[10.9753,57.2987],[10.975,57.2987],[10.9732,57.2988],[10.9716,57.2988],[10.9706,57.2988],[10.9694,57.2989],[10.9689,57.2989],[10.9687,57.2999],[10.967,57.2998],[10.9669,57.3001],[10.9663,57.3],[10.966,57.3008],[10.9657,57.3017],[10.9663,57.3018],[10.9669,57.3018],[10.9673,57.3019],[10.9676,57.3019],[10.9677,57.3019],[10.9682,57.3019],[10.9683,57.3019],[10.9686,57.3019],[10.969,57.3012],[10.9711,57.3012],[10.973,57.3013],[10.9747,57.3012],[10.9766,57.3013],[10.9793,57.3014],[10.9812,57.3014],[10.9834,57.3016],[10.9885,57.3021],[10.9895,57.3022],[10.9897,57.3022],[10.9914,57.3023],[10.9917,57.3023],[10.9941,57.3025],[10.9963,57.3027],[10.9985,57.303],[10.9994,57.303],[11.0009,57.3032],[11.0028,57.3035],[11.0028,57.3039],[10.9996,57.3035],[10.9979,57.3033],[10.9963,57.3033],[10.9959,57.3033],[10.995,57.3032],[10.9934,57.3032],[10.9911,57.3032],[10.9898,57.3033],[10.9891,57.3034],[10.988,57.3034],[10.9874,57.3034],[10.9867,57.3034],[10.9862,57.3035],[10.9851,57.3036],[10.9846,57.3036],[10.9834,57.3038],[10.9821,57.3038],[10.981,57.3039],[10.9803,57.304],[10.9791,57.3042],[10.9783,57.3043],[10.9775,57.3044],[10.9768,57.3044],[10.9767,57.3044],[10.9765,57.3043],[10.9761,57.3043],[10.9754,57.3041],[10.9751,57.304],[10.9739,57.3038],[10.9738,57.3041],[10.9738,57.3041],[10.9739,57.3041],[10.9746,57.3044],[10.9748,57.3044],[10.9751,57.3046],[10.9752,57.3046],[10.9759,57.3048],[10.9762,57.305],[10.9766,57.3053],[10.9776,57.3051],[10.978,57.3051],[10.9785,57.3051],[10.9799,57.305],[10.9802,57.3049],[10.9812,57.3047],[10.9825,57.3045],[10.9835,57.3045],[10.9842,57.3044],[10.9854,57.3043],[10.9867,57.3042],[10.9872,57.304],[10.9878,57.304],[10.9882,57.304],[10.9889,57.3039],[10.9897,57.3039],[10.9919,57.3038],[10.9925,57.3039],[10.9946,57.3037],[10.9966,57.3038],[10.9981,57.3038],[11.0002,57.304],[11.0015,57.3041],[11.0022,57.3043],[11.0031,57.3044],[11.0033,57.3043],[11.0034,57.3039],[11.0036,57.3039],[11.0053,57.3043],[11.0075,57.3047],[11.0097,57.3054],[11.0112,57.3058],[11.0122,57.3065],[11.0127,57.3068],[11.0132,57.3071],[11.0137,57.3074],[11.0141,57.3076],[11.0151,57.3081],[11.0159,57.3087],[11.0171,57.3093],[11.018,57.31],[11.0187,57.3106],[11.0191,57.3111],[11.0197,57.3117],[11.0205,57.3127],[11.021,57.3134],[11.0216,57.3142],[11.0218,57.3144],[11.022,57.3148],[11.0222,57.3153],[11.0225,57.3155],[11.0228,57.3156],[11.0234,57.3157],[11.0239,57.3158],[11.0244,57.3161],[11.0249,57.3162],[11.0253,57.3163],[11.0256,57.3164],[11.0259,57.3165],[11.0262,57.3166],[11.0268,57.317],[11.0272,57.3172],[11.0278,57.3176],[11.0284,57.3177],[11.0294,57.3181],[11.0305,57.3183],[11.031,57.3183],[11.0315,57.3184],[11.0322,57.3185],[11.0334,57.3185],[11.0349,57.3184],[11.0361,57.3183],[11.0375,57.3182],[11.0391,57.3181],[11.0412,57.3179],[11.043,57.3178],[11.0452,57.317],[11.0467,57.317],[11.0483,57.3169],[11.0503,57.3167],[11.0505,57.3167],[11.0513,57.3168],[11.052,57.3168],[11.0524,57.3169],[11.0528,57.3169],[11.0536,57.3169],[11.0552,57.3169],[11.057,57.3169],[11.0588,57.3171],[11.0604,57.3171],[11.0624,57.3173],[11.064,57.3172],[11.0633,57.317],[11.0639,57.3169],[11.0647,57.3169],[11.066,57.317],[11.0664,57.317],[11.0669,57.3167],[11.0675,57.3159],[11.0696,57.3159],[11.0696,57.3162],[11.0678,57.3163],[11.0675,57.3165],[11.0676,57.3168],[11.0682,57.3169],[11.0692,57.3169],[11.0701,57.3168],[11.0718,57.317],[11.0725,57.317],[11.0737,57.317],[11.0746,57.317],[11.076,57.317],[11.0773,57.3169],[11.0776,57.3173],[11.078,57.3174],[11.0789,57.3174],[11.0793,57.3177],[11.0796,57.3179],[11.0805,57.318],[11.0799,57.3176],[11.08,57.3175],[11.0809,57.3175],[11.0815,57.3176],[11.0823,57.3179],[11.0819,57.3176],[11.0815,57.3173],[11.0809,57.3167],[11.0817,57.317],[11.0832,57.3176],[11.0846,57.3179],[11.0858,57.3179],[11.0861,57.3178],[11.0866,57.3177],[11.0869,57.3178],[11.0876,57.3179],[11.0879,57.3179],[11.0883,57.3178],[11.0887,57.3179],[11.0891,57.3179],[11.0888,57.3177],[11.0892,57.3177],[11.0898,57.3178],[11.0903,57.3178],[11.091,57.3179],[11.0914,57.318],[11.092,57.318],[11.0932,57.3178],[11.0941,57.3178],[11.0951,57.3179],[11.0949,57.3178],[11.095,57.3175],[11.0951,57.3174],[11.0957,57.3174],[11.0963,57.3175],[11.0972,57.3177],[11.0974,57.3177],[11.0978,57.3179],[11.0982,57.318],[11.0996,57.318],[11.1007,57.318],[11.1012,57.3181],[11.1022,57.318],[11.103,57.3179],[11.1041,57.3179],[11.1046,57.3179],[11.106,57.3177],[11.1073,57.3177],[11.1081,57.3178],[11.1087,57.3178],[11.1089,57.318],[11.1093,57.3181],[11.1099,57.318],[11.1103,57.318],[11.1104,57.3181],[11.1109,57.3181],[11.1115,57.3182],[11.1118,57.3181],[11.1126,57.318],[11.113,57.3179],[11.1134,57.3181],[11.1138,57.3181],[11.114,57.318],[11.1166,57.3182],[11.1175,57.3183],[11.1187,57.3184],[11.1195,57.3186],[11.1213,57.3187],[11.1222,57.3187],[11.123,57.3187],[11.124,57.3189],[11.1247,57.319],[11.1255,57.3192],[11.1257,57.3189],[11.1254,57.3188],[11.1255,57.3186],[11.1245,57.3184],[11.1241,57.3183],[11.1239,57.3185],[11.1216,57.3182],[11.1213,57.3181],[11.1217,57.3178],[11.1218,57.3176],[11.122,57.3176],[11.1222,57.3173],[11.1225,57.3169],[11.1215,57.3166],[11.1203,57.3182],[11.1199,57.3181],[11.1196,57.3182],[11.1194,57.3181],[11.1191,57.318],[11.1189,57.3179],[11.1181,57.3179],[11.1176,57.3179],[11.117,57.3177],[11.1165,57.3177],[11.1159,57.3177],[11.1156,57.3176],[11.116,57.3174],[11.1164,57.3169],[11.1166,57.3166],[11.1174,57.3166],[11.1182,57.3168],[11.119,57.3169],[11.1194,57.3168],[11.1197,57.3168],[11.12,57.3165],[11.117,57.3158],[11.1172,57.3157],[11.1202,57.3163],[11.1216,57.3165],[11.1217,57.3164],[11.1224,57.3154],[11.1227,57.315],[11.1217,57.3148],[11.1238,57.3121],[11.1244,57.3123],[11.1247,57.3123],[11.1249,57.3123],[11.1253,57.3121],[11.126,57.3122],[11.1254,57.313],[11.1264,57.3134],[11.1252,57.3149],[11.1242,57.3147],[11.1236,57.3155],[11.1232,57.316],[11.1242,57.3162],[11.1246,57.3157],[11.1271,57.3162],[11.1268,57.3161],[11.1268,57.3158],[11.1271,57.3157],[11.1271,57.3156],[11.1272,57.3155],[11.1275,57.3154],[11.128,57.3154],[11.1285,57.3154],[11.129,57.3154],[11.1296,57.3155],[11.1298,57.3155],[11.1297,57.3155],[11.1294,57.3154],[11.1288,57.3153],[11.1284,57.3153],[11.1279,57.3152],[11.1278,57.3151],[11.128,57.315],[11.1285,57.315],[11.1291,57.315],[11.1293,57.315],[11.1293,57.315],[11.1294,57.3149],[11.1296,57.3148],[11.1296,57.3148],[11.1293,57.3147],[11.1288,57.3147],[11.1287,57.3147],[11.1284,57.3146],[11.1283,57.3145],[11.1279,57.3145],[11.128,57.3143],[11.128,57.3141],[11.1281,57.3141],[11.1284,57.3141],[11.1285,57.3141],[11.1286,57.3141],[11.1286,57.314],[11.1287,57.314],[11.1288,57.3139],[11.1288,57.3139],[11.1291,57.3137],[11.1294,57.3137],[11.1297,57.3137],[11.13,57.3136],[11.1304,57.3136],[11.1306,57.3135],[11.131,57.3134],[11.131,57.3134],[11.1307,57.3133],[11.1293,57.3133],[11.1292,57.3133],[11.1292,57.3132],[11.1293,57.3131],[11.1291,57.313],[11.1289,57.3129],[11.1285,57.313],[11.1283,57.313],[11.1284,57.3129],[11.1286,57.3128],[11.1289,57.3128],[11.1292,57.3127],[11.1294,57.3127],[11.1297,57.3128],[11.13,57.3128],[11.1302,57.3128],[11.1302,57.3127],[11.1317,57.3129],[11.1326,57.313],[11.1326,57.3128],[11.1318,57.3124],[11.1316,57.3122],[11.1316,57.3119],[11.1315,57.3115],[11.1313,57.3114],[11.1311,57.3114],[11.1307,57.3114],[11.1308,57.311],[11.1304,57.3107],[11.1301,57.3107],[11.1298,57.3107],[11.1296,57.3104],[11.1298,57.3101],[11.1282,57.3096],[11.1279,57.3098],[11.1278,57.3099],[11.1274,57.31],[11.1271,57.3101],[11.1263,57.3105],[11.1262,57.3105],[11.1256,57.3103],[11.1259,57.3098],[11.1255,57.3097],[11.1245,57.311],[11.124,57.3109],[11.1235,57.3107],[11.1245,57.3094],[11.1243,57.3095],[11.124,57.3094],[11.124,57.3091],[11.1243,57.309],[11.1246,57.3091],[11.1247,57.3091],[11.1249,57.309],[11.1251,57.3088],[11.1253,57.3085],[11.1251,57.3084],[11.1248,57.3083],[11.1243,57.3082],[11.1238,57.308],[11.1233,57.3079],[11.1231,57.3078],[11.1229,57.3082],[11.1227,57.3081],[11.1219,57.308],[11.1201,57.3075],[11.1203,57.3072],[11.1204,57.307],[11.1209,57.3063],[11.1213,57.3064],[11.1216,57.3065],[11.1218,57.3067],[11.122,57.3068],[11.1223,57.3068],[11.1225,57.3069],[11.1234,57.3052],[11.1217,57.3048],[11.1215,57.3052],[11.1205,57.3062],[11.1196,57.3059],[11.1187,57.3056],[11.1185,57.3054],[11.1185,57.3053],[11.1181,57.3052],[11.1164,57.3049],[11.1167,57.3045],[11.1152,57.3044],[11.1152,57.3044],[11.1149,57.3044],[11.1149,57.3041],[11.113,57.304],[11.113,57.3037],[11.1126,57.3037],[11.1122,57.3036],[11.1121,57.3036],[11.1119,57.3036],[11.1116,57.3035],[11.1115,57.3034],[11.1114,57.3035],[11.111,57.3034],[11.111,57.3033],[11.1109,57.3032],[11.1108,57.3031],[11.1105,57.3031],[11.1103,57.3031],[11.1102,57.303],[11.1101,57.3028],[11.1104,57.3026],[11.1104,57.3025],[11.1102,57.3025],[11.1101,57.3024],[11.1105,57.3023],[11.1103,57.3022],[11.1095,57.3023],[11.109,57.3029],[11.1084,57.3033],[11.1084,57.3034],[11.1088,57.3034],[11.1089,57.3034],[11.1095,57.3035],[11.1099,57.3036],[11.1099,57.3037],[11.1096,57.3037],[11.1092,57.3037],[11.1088,57.3037],[11.1087,57.3037],[11.1085,57.3039],[11.1086,57.3039],[11.1088,57.304],[11.1086,57.3042],[11.1084,57.3042],[11.1082,57.3041],[11.1079,57.3041],[11.1075,57.304],[11.1071,57.3038],[11.1068,57.3036],[11.1072,57.3035],[11.1078,57.3034],[11.1074,57.3031],[11.107,57.3029],[11.107,57.3027],[11.1072,57.3025],[11.1072,57.3024],[11.1071,57.3023],[11.1071,57.3022],[11.1073,57.302],[11.1071,57.302],[11.1071,57.3018],[11.1073,57.3017],[11.1075,57.3016],[11.1077,57.3016],[11.1076,57.3014],[11.1073,57.3013],[11.1073,57.3011],[11.1073,57.301],[11.1077,57.3008],[11.1079,57.3007],[11.108,57.3007],[11.1079,57.3007],[11.1077,57.3006],[11.1076,57.3005],[11.1077,57.3003],[11.1077,57.3002],[11.1077,57.3001],[11.1076,57.2999],[11.1074,57.3],[11.1073,57.3001],[11.1071,57.3001],[11.1071,57.2999],[11.1073,57.2997],[11.1075,57.2997],[11.1082,57.2998],[11.1087,57.2998],[11.1085,57.2997],[11.1084,57.2996],[11.1085,57.2995],[11.1091,57.2995],[11.1106,57.2998],[11.1106,57.2994],[11.11,57.2994],[11.1103,57.2989],[11.1055,57.2979],[11.1047,57.2977],[11.104,57.2976],[11.1005,57.2967],[11.0978,57.2962],[11.0972,57.2963],[11.097,57.2963],[11.0965,57.2962],[11.0959,57.2971],[11.0958,57.2972],[11.0949,57.297],[11.0939,57.2968],[11.0929,57.2966],[11.0936,57.2958],[11.0934,57.2958],[11.0933,57.2958],[11.0932,57.2958],[11.0931,57.2959],[11.093,57.2959],[11.0928,57.2958],[11.0926,57.2957],[11.0925,57.2957],[11.0924,57.2956],[11.0926,57.2955],[11.0928,57.2956],[11.0929,57.2956],[11.0931,57.2956],[11.0933,57.2957],[11.0936,57.2957],[11.0937,57.2958],[11.0945,57.2961],[11.0948,57.2958],[11.0946,57.2956],[11.0948,57.2956],[11.0947,57.2955],[11.0947,57.2954],[11.0948,57.2952],[11.0952,57.2953],[11.0941,57.2949],[11.0932,57.2947],[11.0926,57.2944],[11.0918,57.2943],[11.092,57.2947],[11.0922,57.2947],[11.0918,57.2952],[11.0912,57.295],[11.0903,57.2947],[11.0894,57.2945],[11.0879,57.2941],[11.0866,57.296],[11.0848,57.2955],[11.0843,57.296],[11.0853,57.2962],[11.0872,57.2967],[11.0857,57.2984],[11.0855,57.2987],[11.0854,57.2988],[11.0873,57.2993],[11.0855,57.3015],[11.0842,57.3031],[11.0832,57.3044],[11.0824,57.3054],[11.0821,57.3058],[11.0818,57.3061],[11.0816,57.3062],[11.0815,57.3062],[11.0814,57.306],[11.0813,57.306],[11.0803,57.3072],[11.0797,57.3071],[11.0789,57.3062],[11.0784,57.3058],[11.0776,57.3061],[11.0758,57.3057]],[[11.0273,57.3114],[11.0271,57.3116],[11.027,57.3118],[11.0269,57.3119],[11.0267,57.3119],[11.0266,57.3117],[11.0264,57.3116],[11.0262,57.3116],[11.0259,57.3115],[11.0258,57.3115],[11.0257,57.3114],[11.0256,57.3114],[11.0255,57.3113],[11.0254,57.3112],[11.0253,57.3112],[11.0251,57.3111],[11.0249,57.3111],[11.0249,57.311],[11.0249,57.3109],[11.0248,57.3109],[11.0247,57.3107],[11.0248,57.3107],[11.0252,57.3107],[11.0253,57.3108],[11.0255,57.3109],[11.0258,57.311],[11.026,57.311],[11.0263,57.3111],[11.0266,57.3111],[11.0269,57.3112],[11.0272,57.3113],[11.0273,57.3114]],[[11.0252,57.3144],[11.025,57.3144],[11.0248,57.3148],[11.0233,57.3138],[11.0235,57.3136],[11.0237,57.3136],[11.0239,57.3137],[11.024,57.3137],[11.0242,57.3139],[11.0243,57.3139],[11.0244,57.3141],[11.0246,57.3142],[11.0247,57.3143],[11.0252,57.3144]],[[11.0394,57.3082],[11.0393,57.308],[11.0394,57.3079],[11.0398,57.3078],[11.0401,57.3078],[11.0403,57.3079],[11.0403,57.3079],[11.0402,57.3076],[11.0399,57.3076],[11.0394,57.3075],[11.0392,57.3074],[11.0393,57.3072],[11.0397,57.3073],[11.0401,57.3073],[11.0403,57.3074],[11.0406,57.3075],[11.0408,57.3075],[11.041,57.3074],[11.0409,57.3073],[11.0405,57.3072],[11.0401,57.3072],[11.0399,57.3072],[11.0397,57.3071],[11.0401,57.307],[11.0422,57.307],[11.0429,57.3071],[11.0429,57.3069],[11.0431,57.3069],[11.0435,57.3069],[11.0437,57.307],[11.0439,57.307],[11.0442,57.307],[11.0448,57.307],[11.0451,57.307],[11.0453,57.3069],[11.0455,57.3069],[11.0461,57.3069],[11.0463,57.307],[11.0469,57.3071],[11.0474,57.3071],[11.0481,57.307],[11.0486,57.307],[11.0484,57.3074],[11.0487,57.3078],[11.0485,57.3079],[11.0482,57.3079],[11.0479,57.308],[11.0479,57.3079],[11.0476,57.3078],[11.0472,57.3079],[11.0468,57.3079],[11.0463,57.3078],[11.0459,57.3078],[11.0459,57.3075],[11.0454,57.3075],[11.0452,57.3073],[11.0448,57.3072],[11.0445,57.3074],[11.0445,57.3075],[11.0445,57.3076],[11.0439,57.3077],[11.0436,57.3078],[11.0435,57.3078],[11.0434,57.3078],[11.0433,57.3077],[11.0431,57.3077],[11.0429,57.3077],[11.0426,57.3076],[11.0424,57.3076],[11.0417,57.3074],[11.0412,57.3074],[11.0411,57.3076],[11.0408,57.3078],[11.0412,57.3079],[11.0416,57.308],[11.0421,57.3081],[11.0424,57.3081],[11.0423,57.3082],[11.042,57.3085],[11.0418,57.3085],[11.0415,57.3085],[11.0413,57.3084],[11.0412,57.3083],[11.0412,57.3083],[11.0409,57.3082],[11.0408,57.3082],[11.0405,57.3082],[11.0403,57.3082],[11.0402,57.3083],[11.0405,57.3083],[11.0407,57.3084],[11.041,57.3084],[11.0412,57.3085],[11.0413,57.3086],[11.0411,57.3087],[11.0407,57.3085],[11.0403,57.3086],[11.04,57.3086],[11.0397,57.3084],[11.0399,57.3083],[11.04,57.3083],[11.0398,57.3082],[11.0396,57.3082],[11.0394,57.3082]],[[11.0694,57.307],[11.0689,57.307],[11.0685,57.307],[11.0684,57.3071],[11.0684,57.3072],[11.068,57.3071],[11.0679,57.307],[11.067,57.3072],[11.0667,57.3071],[11.0666,57.307],[11.0669,57.3069],[11.0671,57.3069],[11.0671,57.3067],[11.067,57.3064],[11.0671,57.3061],[11.0674,57.3058],[11.0678,57.3057],[11.0682,57.3056],[11.0684,57.3056],[11.0685,57.3058],[11.0684,57.306],[11.0686,57.3061],[11.069,57.3061],[11.0693,57.3059],[11.0695,57.3059],[11.0697,57.3058],[11.0697,57.306],[11.0697,57.3061],[11.0694,57.3067],[11.0696,57.3067],[11.0697,57.3068],[11.0694,57.307]],[[11.0231,57.3027],[11.0231,57.3028],[11.0227,57.3029],[11.0225,57.3029],[11.0222,57.303],[11.0218,57.303],[11.0216,57.3031],[11.0214,57.3031],[11.0212,57.3031],[11.021,57.3031],[11.0208,57.3033],[11.0206,57.3033],[11.0201,57.3031],[11.02,57.3029],[11.0198,57.3027],[11.0198,57.3025],[11.0199,57.3024],[11.0204,57.3024],[11.0208,57.3024],[11.0216,57.3025],[11.0219,57.3026],[11.0221,57.3026],[11.0228,57.3027],[11.0231,57.3027]],[[11.0177,57.3027],[11.0171,57.3027],[11.0165,57.3027],[11.0159,57.3027],[11.0157,57.3025],[11.0157,57.3024],[11.0158,57.3023],[11.0161,57.3023],[11.0163,57.3022],[11.0167,57.3021],[11.0168,57.302],[11.0169,57.3019],[11.0171,57.3019],[11.0175,57.3019],[11.0177,57.3019],[11.018,57.3018],[11.0185,57.3018],[11.0186,57.3019],[11.0187,57.302],[11.0188,57.3022],[11.0189,57.3022],[11.019,57.3023],[11.0191,57.3024],[11.0186,57.3024],[11.018,57.3024],[11.0177,57.3027]],[[11.0475,57.3038],[11.0478,57.3037],[11.0482,57.3037],[11.0488,57.3038],[11.0492,57.3039],[11.0494,57.3042],[11.0495,57.3044],[11.0496,57.3048],[11.0494,57.3051],[11.0492,57.3051],[11.0489,57.3053],[11.0486,57.3054],[11.048,57.3053],[11.0475,57.3052],[11.0467,57.3051],[11.0461,57.305],[11.0458,57.3049],[11.0455,57.3047],[11.0455,57.3044],[11.0457,57.3042],[11.046,57.3041],[11.0463,57.3039],[11.0465,57.3039],[11.0465,57.3039],[11.0475,57.3038]],[[11.0429,57.3039],[11.043,57.304],[11.0431,57.3042],[11.0429,57.3047],[11.0428,57.3048],[11.0428,57.305],[11.0429,57.305],[11.0429,57.3052],[11.0428,57.3054],[11.0427,57.3054],[11.0431,57.3054],[11.0431,57.3054],[11.0431,57.3052],[11.0432,57.3051],[11.0434,57.3051],[11.0435,57.3051],[11.0435,57.3049],[11.0434,57.3047],[11.0433,57.3046],[11.0435,57.3045],[11.0436,57.3045],[11.0436,57.3045],[11.0437,57.3046],[11.0439,57.3047],[11.044,57.3048],[11.0441,57.3048],[11.0443,57.3049],[11.0444,57.3051],[11.0444,57.3054],[11.0443,57.3055],[11.0443,57.3055],[11.0446,57.3055],[11.0447,57.3054],[11.0448,57.3055],[11.0447,57.3055],[11.0446,57.3056],[11.0449,57.3057],[11.0451,57.3057],[11.0454,57.3056],[11.0458,57.3056],[11.0459,57.3058],[11.0459,57.306],[11.0456,57.3061],[11.0455,57.3063],[11.0453,57.3063],[11.0449,57.3062],[11.0446,57.3062],[11.0443,57.3063],[11.0439,57.3064],[11.0437,57.3065],[11.0432,57.3064],[11.0429,57.3061],[11.0428,57.306],[11.0426,57.3061],[11.0423,57.3062],[11.042,57.3062],[11.0418,57.3061],[11.0415,57.306],[11.0413,57.3059],[11.0412,57.3057],[11.0411,57.3056],[11.0411,57.3054],[11.0397,57.3053],[11.0385,57.3052],[11.0386,57.305],[11.0384,57.3048],[11.0379,57.3046],[11.0379,57.3045],[11.0376,57.304],[11.0375,57.3037],[11.0375,57.3034],[11.0373,57.3033],[11.0373,57.3031],[11.0374,57.303],[11.0376,57.303],[11.0384,57.303],[11.0388,57.3029],[11.039,57.3029],[11.0392,57.3027],[11.0391,57.3025],[11.0388,57.3024],[11.0383,57.3024],[11.0381,57.3023],[11.038,57.3022],[11.0381,57.302],[11.0383,57.3019],[11.0383,57.3018],[11.038,57.3017],[11.0386,57.3017],[11.0386,57.3017],[11.0388,57.3017],[11.0392,57.3018],[11.0396,57.3019],[11.04,57.3018],[11.0403,57.3018],[11.0406,57.3019],[11.0404,57.302],[11.0404,57.3021],[11.0408,57.3021],[11.041,57.3022],[11.0412,57.3022],[11.0413,57.3022],[11.0414,57.3023],[11.0415,57.3023],[11.0419,57.3023],[11.0422,57.3024],[11.0423,57.3025],[11.0424,57.3029],[11.0424,57.3037],[11.0425,57.3038],[11.0426,57.3039],[11.0427,57.3039],[11.0429,57.3039]],[[11.0824,57.3166],[11.0824,57.3165],[11.0826,57.3165],[11.0829,57.3164],[11.0828,57.3163],[11.0825,57.3161],[11.0825,57.3161],[11.0823,57.3161],[11.0819,57.3158],[11.0817,57.3156],[11.0814,57.3156],[11.0813,57.3155],[11.0812,57.3154],[11.0808,57.3154],[11.0807,57.3153],[11.0806,57.3152],[11.0807,57.3152],[11.081,57.3151],[11.0813,57.3151],[11.0816,57.3152],[11.0819,57.3154],[11.0821,57.3155],[11.0822,57.3156],[11.0822,57.3157],[11.0824,57.3158],[11.0826,57.3158],[11.0829,57.3158],[11.083,57.3158],[11.083,57.3159],[11.0831,57.3161],[11.0831,57.3162],[11.0833,57.3162],[11.0833,57.3163],[11.0833,57.3165],[11.0833,57.3167],[11.0833,57.3168],[11.0835,57.3168],[11.0836,57.3168],[11.0836,57.3167],[11.0835,57.3167],[11.0836,57.3165],[11.0839,57.3166],[11.0842,57.3167],[11.0843,57.3169],[11.0842,57.3171],[11.084,57.3171],[11.0839,57.3171],[11.0836,57.3172],[11.0832,57.3171],[11.0829,57.317],[11.0828,57.3169],[11.0829,57.3168],[11.0824,57.3166]],[[11.0964,57.316],[11.0971,57.3162],[11.0969,57.3162],[11.0963,57.3161],[11.0963,57.3161],[11.0964,57.316]],[[11.0762,57.313],[11.0755,57.3139],[11.0745,57.3136],[11.0753,57.3127],[11.0762,57.313]],[[11.1148,57.3057],[11.1146,57.3059],[11.1142,57.3058],[11.1143,57.3056],[11.1148,57.3057]],[[11.1043,57.2984],[11.1044,57.2984],[11.1044,57.2984],[11.1044,57.2985],[11.1043,57.2985],[11.1041,57.2985],[11.1039,57.2985],[11.104,57.2984],[11.1043,57.2984]],[[11.0769,57.309],[11.0763,57.3089],[11.077,57.3078],[11.0776,57.3079],[11.0769,57.309]],[[11.0932,57.3007],[11.0884,57.3067],[11.0879,57.3066],[11.0878,57.3066],[11.0871,57.3074],[11.087,57.3075],[11.087,57.3076],[11.0874,57.3077],[11.0875,57.3078],[11.0877,57.3078],[11.0878,57.308],[11.0878,57.3081],[11.088,57.3081],[11.0879,57.3083],[11.0878,57.3084],[11.0879,57.3085],[11.0881,57.3085],[11.0882,57.3082],[11.0884,57.308],[11.0885,57.308],[11.0887,57.3081],[11.0888,57.308],[11.089,57.3081],[11.0892,57.3081],[11.0895,57.3081],[11.0896,57.3081],[11.0895,57.308],[11.0893,57.3079],[11.0891,57.3079],[11.089,57.3078],[11.0897,57.3075],[11.0902,57.3074],[11.0916,57.3074],[11.0919,57.3071],[11.0915,57.3071],[11.0912,57.3072],[11.0911,57.3071],[11.0915,57.307],[11.0916,57.3068],[11.0916,57.3067],[11.0915,57.3066],[11.0914,57.3066],[11.0915,57.3064],[11.0915,57.3062],[11.0912,57.3062],[11.0911,57.3062],[11.0909,57.3061],[11.0909,57.3059],[11.0912,57.3058],[11.0915,57.3058],[11.092,57.3058],[11.0923,57.3057],[11.0925,57.3055],[11.0926,57.3052],[11.0928,57.3051],[11.093,57.305],[11.0929,57.3049],[11.0927,57.3049],[11.0927,57.3047],[11.0926,57.3045],[11.0925,57.3044],[11.0927,57.3042],[11.0928,57.304],[11.0927,57.3039],[11.0928,57.3037],[11.0929,57.3037],[11.0929,57.3035],[11.0932,57.3034],[11.0934,57.3034],[11.0935,57.3032],[11.0934,57.3031],[11.0934,57.3026],[11.0932,57.3025],[11.0932,57.3024],[11.0935,57.3023],[11.0936,57.3023],[11.0938,57.3023],[11.0938,57.3021],[11.0938,57.302],[11.0937,57.3017],[11.0939,57.3016],[11.0942,57.3014],[11.0944,57.3015],[11.095,57.3015],[11.0954,57.3015],[11.096,57.3017],[11.0965,57.3016],[11.1008,57.3028],[11.1006,57.303],[11.1012,57.3033],[11.1014,57.3035],[11.1011,57.3035],[11.1009,57.3037],[11.1004,57.3038],[11.1001,57.3039],[11.1,57.3039],[11.0992,57.304],[11.0991,57.304],[11.0986,57.304],[11.0983,57.304],[11.0982,57.3043],[11.0985,57.3044],[11.0985,57.3045],[11.0982,57.3044],[11.0978,57.3044],[11.0976,57.3046],[11.0972,57.3047],[11.0971,57.3046],[11.0965,57.3046],[11.0963,57.3043],[11.0961,57.3043],[11.0957,57.3044],[11.095,57.3047],[11.0945,57.305],[11.0949,57.3052],[11.0953,57.3054],[11.0957,57.3055],[11.0963,57.3056],[11.0963,57.3058],[11.096,57.3058],[11.0956,57.306],[11.0954,57.3062],[11.0954,57.3064],[11.0958,57.3066],[11.0964,57.3068],[11.0969,57.307],[11.0974,57.3073],[11.0974,57.3076],[11.097,57.3076],[11.097,57.3078],[11.0979,57.308],[11.0982,57.3081],[11.0982,57.3082],[11.0983,57.3083],[11.098,57.3083],[11.0977,57.3084],[11.0979,57.3086],[11.0978,57.3086],[11.0972,57.3087],[11.0971,57.309],[11.0973,57.309],[11.0978,57.3089],[11.098,57.3088],[11.0981,57.3089],[11.0983,57.309],[11.0986,57.309],[11.0987,57.3092],[11.0985,57.3095],[11.0983,57.3097],[11.0991,57.3096],[11.0997,57.3097],[11.1005,57.3095],[11.1007,57.3095],[11.1007,57.3096],[11.1004,57.3097],[11.1004,57.3098],[11.1007,57.3098],[11.1008,57.3099],[11.1011,57.3101],[11.1014,57.3099],[11.1015,57.3099],[11.1019,57.3098],[11.1023,57.3099],[11.1025,57.3101],[11.1058,57.311],[11.1053,57.3115],[11.1028,57.3112],[11.1018,57.3122],[11.101,57.3128],[11.1006,57.313],[11.1002,57.313],[11.0996,57.3138],[11.0988,57.3147],[11.0983,57.3151],[11.098,57.3152],[11.0978,57.3154],[11.0968,57.3155],[11.0959,57.3152],[11.0989,57.3113],[11.0984,57.3111],[11.0972,57.3124],[11.0972,57.3125],[11.0943,57.3162],[11.0942,57.3164],[11.0934,57.3175],[11.0932,57.3174],[11.0928,57.3174],[11.0924,57.3172],[11.0931,57.3164],[11.0914,57.3159],[11.0917,57.3155],[11.0912,57.3154],[11.0904,57.3154],[11.0906,57.3155],[11.0907,57.3156],[11.0907,57.3158],[11.0902,57.3158],[11.0898,57.3159],[11.0901,57.316],[11.0903,57.3161],[11.0904,57.3162],[11.0906,57.3163],[11.0906,57.3164],[11.0901,57.3167],[11.0898,57.3167],[11.0897,57.3166],[11.0894,57.3165],[11.0891,57.3165],[11.0888,57.3165],[11.0885,57.3165],[11.0884,57.3163],[11.0879,57.3161],[11.0876,57.316],[11.0874,57.3159],[11.0876,57.3157],[11.0878,57.3155],[11.088,57.3154],[11.0883,57.3154],[11.0885,57.3155],[11.0888,57.3155],[11.0891,57.3155],[11.0893,57.3157],[11.0896,57.3155],[11.09,57.3154],[11.0891,57.3153],[11.0878,57.3153],[11.0874,57.3154],[11.087,57.3152],[11.0868,57.3151],[11.0861,57.315],[11.086,57.3147],[11.0858,57.3147],[11.0855,57.3146],[11.0855,57.3143],[11.0857,57.3142],[11.0859,57.3141],[11.0862,57.3139],[11.0862,57.3137],[11.0866,57.3136],[11.0869,57.3136],[11.0868,57.3135],[11.0877,57.3123],[11.0863,57.3119],[11.0855,57.3118],[11.0847,57.3118],[11.084,57.3119],[11.0833,57.312],[11.0828,57.312],[11.0829,57.3118],[11.083,57.3118],[11.083,57.3116],[11.0825,57.3116],[11.082,57.3117],[11.0817,57.3118],[11.0814,57.3115],[11.0816,57.3112],[11.0819,57.311],[11.0821,57.3108],[11.0824,57.3107],[11.0822,57.3106],[11.081,57.309],[11.0803,57.3099],[11.0799,57.31],[11.0797,57.3101],[11.0795,57.3101],[11.0792,57.3101],[11.0789,57.31],[11.0789,57.3099],[11.0789,57.3098],[11.0789,57.3097],[11.0786,57.3096],[11.0783,57.3096],[11.0781,57.3096],[11.0777,57.3096],[11.0789,57.3083],[11.0793,57.3084],[11.0797,57.3085],[11.0802,57.3085],[11.0803,57.3085],[11.0807,57.3086],[11.0807,57.3084],[11.0811,57.3083],[11.0828,57.3083],[11.083,57.3083],[11.0832,57.3086],[11.0839,57.3075],[11.0901,57.3],[11.0913,57.3002],[11.0913,57.3001],[11.0915,57.2999],[11.0921,57.2992],[11.0939,57.2996],[11.0934,57.3003],[11.0932,57.3007]],[[11.1003,57.3014],[11.102,57.2992],[11.1029,57.2994],[11.1032,57.2995],[11.1035,57.2996],[11.1019,57.3015],[11.1018,57.3015],[11.1016,57.3015],[11.1013,57.3014],[11.101,57.3014],[11.1007,57.3014],[11.1003,57.3014]],[[11.0894,57.2998],[11.0861,57.304],[11.0853,57.3038],[11.0887,57.2996],[11.0894,57.2998]],[[11.0761,57.3099],[11.076,57.3098],[11.0758,57.3103],[11.0746,57.3115],[11.0741,57.3113],[11.0742,57.3113],[11.0754,57.3097],[11.0756,57.3097],[11.0761,57.3098],[11.0761,57.3099]],[[11.0744,57.3075],[11.0749,57.307],[11.0754,57.3069],[11.0759,57.307],[11.0759,57.3073],[11.0756,57.3074],[11.0754,57.3075],[11.0752,57.3076],[11.0751,57.3076],[11.075,57.3075],[11.0748,57.3075],[11.0747,57.3076],[11.0747,57.3077],[11.0744,57.3075]]]},"properties":{"sourceId":"ais_par3.105576","a_type":3220,"hectares":910.39}},{"type":"Feature","id":"ais_par3.107409","geometry":{"type":"Polygon","coordinates":[[[11.1373,57.3204],[11.1376,57.3201],[11.1378,57.3197],[11.1379,57.3196],[11.1377,57.3195],[11.1378,57.3194],[11.1375,57.3194],[11.1372,57.3193],[11.1367,57.3193],[11.1365,57.3193],[11.1367,57.3189],[11.1363,57.3189],[11.1356,57.32],[11.1352,57.3203],[11.1347,57.3203],[11.1345,57.3204],[11.1309,57.32],[11.1309,57.3208],[11.1314,57.321],[11.1324,57.3212],[11.1329,57.3214],[11.1335,57.3217],[11.1339,57.322],[11.1345,57.3221],[11.135,57.3224],[11.1357,57.3228],[11.1366,57.3232],[11.1374,57.3237],[11.1385,57.3245],[11.1388,57.3246],[11.1399,57.3252],[11.1402,57.3254],[11.1404,57.3255],[11.1418,57.3262],[11.1426,57.3267],[11.1433,57.327],[11.1442,57.3274],[11.1455,57.3276],[11.1463,57.3279],[11.1473,57.3279],[11.1482,57.3279],[11.1489,57.3278],[11.1501,57.3275],[11.1512,57.3272],[11.1514,57.3272],[11.153,57.3269],[11.1539,57.3269],[11.1548,57.3268],[11.156,57.3268],[11.1568,57.3268],[11.1578,57.3268],[11.1586,57.3267],[11.1599,57.3265],[11.1614,57.3258],[11.1625,57.3253],[11.1633,57.325],[11.1646,57.3244],[11.1656,57.3241],[11.1672,57.3235],[11.1667,57.3235],[11.1665,57.3236],[11.1657,57.3237],[11.165,57.324],[11.1642,57.3242],[11.1628,57.3246],[11.1616,57.3248],[11.1612,57.3249],[11.1603,57.3256],[11.1596,57.326],[11.1591,57.3259],[11.1589,57.326],[11.1587,57.3261],[11.1586,57.3262],[11.1583,57.3262],[11.1581,57.3261],[11.1581,57.326],[11.1584,57.3259],[11.1587,57.3257],[11.1588,57.3256],[11.1586,57.3255],[11.1584,57.3255],[11.1581,57.3257],[11.158,57.3257],[11.1577,57.3257],[11.1574,57.3259],[11.157,57.326],[11.1568,57.326],[11.1568,57.326],[11.1573,57.3257],[11.1574,57.3256],[11.1571,57.3256],[11.1569,57.3257],[11.1567,57.3258],[11.1562,57.3258],[11.156,57.3259],[11.1559,57.326],[11.1555,57.3262],[11.1554,57.3263],[11.1551,57.3266],[11.1547,57.3266],[11.1547,57.3265],[11.154,57.3265],[11.1535,57.3265],[11.1531,57.3264],[11.1532,57.3263],[11.1533,57.3262],[11.1533,57.3261],[11.1535,57.326],[11.1536,57.3261],[11.154,57.3261],[11.1542,57.326],[11.1544,57.3261],[11.1546,57.3261],[11.1547,57.3259],[11.1545,57.3258],[11.1546,57.3257],[11.1552,57.3258],[11.1555,57.3258],[11.1568,57.3254],[11.1568,57.3253],[11.1565,57.3253],[11.1559,57.3253],[11.1558,57.3253],[11.1556,57.3252],[11.155,57.3253],[11.1546,57.3255],[11.1546,57.3254],[11.1543,57.3254],[11.1538,57.3256],[11.1533,57.3255],[11.1535,57.3254],[11.1543,57.3251],[11.1549,57.3249],[11.1556,57.3246],[11.1555,57.3244],[11.1557,57.3242],[11.156,57.3241],[11.1567,57.3239],[11.1562,57.3242],[11.1561,57.3243],[11.1562,57.3243],[11.1567,57.3241],[11.1573,57.3236],[11.158,57.3232],[11.1588,57.3228],[11.1588,57.3227],[11.1586,57.3227],[11.1583,57.3227],[11.1588,57.3225],[11.1595,57.3224],[11.1602,57.3222],[11.1605,57.3219],[11.1611,57.3217],[11.1619,57.3214],[11.1628,57.3211],[11.1642,57.3206],[11.1651,57.3203],[11.1672,57.3199],[11.1678,57.3197],[11.1677,57.3204],[11.1688,57.3203],[11.1696,57.3202],[11.1702,57.3202],[11.1704,57.3201],[11.1708,57.3201],[11.1712,57.3201],[11.1714,57.3201],[11.1716,57.3201],[11.172,57.3201],[11.1722,57.3202],[11.1726,57.3202],[11.1732,57.3201],[11.1738,57.3201],[11.1742,57.32],[11.1748,57.3201],[11.1754,57.3203],[11.1753,57.3204],[11.1748,57.3204],[11.1744,57.3205],[11.1741,57.3204],[11.1736,57.3204],[11.1732,57.3204],[11.1724,57.3204],[11.1719,57.3204],[11.171,57.3205],[11.1707,57.3205],[11.1706,57.3204],[11.1703,57.3205],[11.1701,57.3205],[11.1699,57.3206],[11.1699,57.3207],[11.1703,57.3208],[11.1704,57.3209],[11.1706,57.321],[11.1707,57.3209],[11.1712,57.3208],[11.1717,57.3208],[11.172,57.3208],[11.173,57.3207],[11.1735,57.3207],[11.1743,57.3207],[11.1749,57.3207],[11.1754,57.3209],[11.1761,57.3209],[11.1763,57.3208],[11.1765,57.3208],[11.1766,57.3209],[11.1769,57.3212],[11.1763,57.3211],[11.1758,57.3211],[11.1752,57.3211],[11.1744,57.3211],[11.1737,57.3211],[11.1727,57.3211],[11.1717,57.3211],[11.1711,57.3211],[11.1705,57.3213],[11.1699,57.3214],[11.1695,57.3215],[11.1696,57.3217],[11.1699,57.3218],[11.1706,57.3218],[11.1708,57.3218],[11.1711,57.3219],[11.1715,57.3219],[11.1719,57.3219],[11.1724,57.322],[11.1725,57.322],[11.1729,57.322],[11.1735,57.3219],[11.1739,57.3219],[11.1743,57.3219],[11.1747,57.322],[11.1741,57.3221],[11.1737,57.3221],[11.1733,57.3221],[11.1727,57.3222],[11.172,57.3223],[11.1714,57.3225],[11.1709,57.3226],[11.1702,57.3227],[11.1693,57.3229],[11.1689,57.323],[11.1682,57.3232],[11.1677,57.3233],[11.1672,57.3233],[11.1672,57.3235],[11.168,57.3233],[11.1685,57.3232],[11.1709,57.3228],[11.1726,57.3226],[11.1751,57.3226],[11.1783,57.3227],[11.1788,57.3223],[11.1815,57.3224],[11.182,57.3227],[11.1827,57.3227],[11.1828,57.3224],[11.183,57.3225],[11.1836,57.3225],[11.1836,57.3227],[11.1839,57.3228],[11.1846,57.3228],[11.1856,57.3229],[11.1873,57.3232],[11.1893,57.3233],[11.1913,57.3233],[11.1919,57.3232],[11.193,57.3231],[11.1953,57.3226],[11.197,57.322],[11.1989,57.3204],[11.1991,57.3198],[11.1991,57.3186],[11.1991,57.3185],[11.1988,57.3177],[11.1984,57.3169],[11.1982,57.3161],[11.1979,57.3154],[11.1978,57.3151],[11.1976,57.3146],[11.1975,57.314],[11.1972,57.3134],[11.1971,57.3128],[11.1968,57.3121],[11.1967,57.3111],[11.1966,57.3106],[11.1965,57.3093],[11.1964,57.3083],[11.1962,57.3073],[11.1958,57.3065],[11.1956,57.3057],[11.1952,57.3049],[11.195,57.3037],[11.195,57.3032],[11.1954,57.303],[11.1955,57.3018],[11.1959,57.3007],[11.196,57.2995],[11.1963,57.2983],[11.1965,57.2976],[11.1966,57.2969],[11.1967,57.2961],[11.1968,57.296],[11.1966,57.295],[11.1962,57.2932],[11.1961,57.2923],[11.196,57.2915],[11.1953,57.2899],[11.1949,57.289],[11.194,57.2877],[11.1928,57.2855],[11.1926,57.2853],[11.192,57.2853],[11.1912,57.2852],[11.1907,57.2852],[11.1904,57.2855],[11.1912,57.2856],[11.1916,57.2859],[11.1919,57.2871],[11.1925,57.2884],[11.1914,57.2877],[11.1908,57.2871],[11.1903,57.2877],[11.1903,57.2878],[11.1903,57.2879],[11.1903,57.2879],[11.1905,57.2881],[11.191,57.2886],[11.1922,57.2895],[11.1922,57.2896],[11.1924,57.2897],[11.193,57.29],[11.1933,57.29],[11.1932,57.2903],[11.1937,57.2907],[11.1937,57.2912],[11.1936,57.2913],[11.1939,57.2915],[11.1938,57.2919],[11.1939,57.2919],[11.1945,57.2928],[11.1949,57.2936],[11.1951,57.2943],[11.1945,57.2945],[11.1943,57.2952],[11.1942,57.2952],[11.1943,57.2954],[11.1941,57.2961],[11.1942,57.2965],[11.1942,57.2969],[11.1941,57.2972],[11.194,57.2974],[11.1938,57.2977],[11.1937,57.2979],[11.1937,57.2981],[11.1938,57.2983],[11.1937,57.2985],[11.1936,57.2987],[11.1936,57.2988],[11.1936,57.2991],[11.1934,57.2993],[11.1935,57.3],[11.1935,57.3007],[11.1936,57.3015],[11.1936,57.3019],[11.1934,57.3024],[11.1934,57.3026],[11.1933,57.3029],[11.1934,57.3033],[11.193,57.3038],[11.193,57.3042],[11.1934,57.3049],[11.1938,57.3058],[11.1939,57.3066],[11.1938,57.3068],[11.1937,57.3073],[11.1941,57.3079],[11.1944,57.3083],[11.1943,57.309],[11.1943,57.3093],[11.1938,57.3099],[11.1939,57.3102],[11.1951,57.3111],[11.1955,57.3118],[11.1963,57.313],[11.1965,57.3135],[11.1958,57.3136],[11.1956,57.3133],[11.1953,57.3129],[11.1947,57.3121],[11.194,57.3118],[11.1934,57.3116],[11.1929,57.3115],[11.1927,57.3115],[11.1924,57.3115],[11.1921,57.3114],[11.1917,57.3112],[11.1913,57.3111],[11.1909,57.311],[11.1901,57.3108],[11.1897,57.3108],[11.1896,57.3108],[11.1896,57.3109],[11.1893,57.3109],[11.1891,57.3109],[11.1886,57.3109],[11.1885,57.311],[11.1888,57.3111],[11.1892,57.3112],[11.1892,57.3114],[11.1889,57.3114],[11.1885,57.3112],[11.1883,57.3111],[11.188,57.311],[11.1878,57.3108],[11.1874,57.3108],[11.1873,57.3109],[11.1873,57.3109],[11.1873,57.311],[11.1867,57.3108],[11.1861,57.3106],[11.1864,57.3104],[11.1867,57.3104],[11.1867,57.3104],[11.1865,57.3103],[11.1865,57.3101],[11.1863,57.3099],[11.1858,57.3098],[11.1853,57.3098],[11.1849,57.3096],[11.184,57.309],[11.1833,57.3085],[11.1829,57.3082],[11.1824,57.3079],[11.1821,57.3077],[11.1818,57.3075],[11.1815,57.3073],[11.1811,57.3074],[11.1808,57.3073],[11.1806,57.3071],[11.1805,57.307],[11.1803,57.3068],[11.1802,57.3067],[11.1799,57.3065],[11.1797,57.3064],[11.1793,57.3063],[11.1794,57.3061],[11.1794,57.306],[11.1792,57.3059],[11.1791,57.3058],[11.1788,57.3057],[11.1786,57.3057],[11.1784,57.3059],[11.1781,57.3059],[11.1779,57.3058],[11.1778,57.3057],[11.1777,57.3055],[11.1775,57.3055],[11.1772,57.3055],[11.1767,57.3055],[11.1764,57.3054],[11.1762,57.3053],[11.1761,57.3055],[11.1757,57.3058],[11.1756,57.3062],[11.1756,57.3064],[11.1761,57.3065],[11.1763,57.3066],[11.1765,57.3066],[11.1765,57.3065],[11.1768,57.3065],[11.177,57.3066],[11.1771,57.3068],[11.1769,57.3069],[11.1766,57.3069],[11.1766,57.307],[11.1769,57.307],[11.1775,57.3071],[11.1778,57.3072],[11.1781,57.3073],[11.1783,57.3077],[11.1783,57.3078],[11.1784,57.3078],[11.1789,57.3079],[11.1791,57.3082],[11.1797,57.3086],[11.18,57.3092],[11.1808,57.3095],[11.1808,57.3096],[11.1814,57.3099],[11.1817,57.31],[11.1816,57.3101],[11.1814,57.3101],[11.1811,57.3102],[11.1809,57.3102],[11.1809,57.3103],[11.1812,57.3105],[11.1814,57.3106],[11.1816,57.3106],[11.1819,57.3104],[11.1822,57.3105],[11.1822,57.3107],[11.1819,57.3107],[11.1821,57.311],[11.1824,57.311],[11.1827,57.3113],[11.1828,57.3115],[11.1836,57.3119],[11.1839,57.3119],[11.1843,57.3119],[11.1845,57.3119],[11.1846,57.312],[11.1848,57.3122],[11.185,57.3123],[11.185,57.3125],[11.1847,57.3125],[11.1843,57.3125],[11.1843,57.3126],[11.1844,57.3128],[11.1851,57.3132],[11.1849,57.3132],[11.1846,57.313],[11.1843,57.313],[11.1842,57.313],[11.1838,57.3128],[11.1835,57.3127],[11.1832,57.3127],[11.1833,57.3129],[11.1836,57.3131],[11.1839,57.3133],[11.1845,57.3136],[11.1844,57.3138],[11.1839,57.3138],[11.1835,57.3139],[11.1838,57.3141],[11.185,57.3146],[11.1853,57.3149],[11.1858,57.315],[11.1865,57.3154],[11.1873,57.3156],[11.1874,57.3158],[11.1874,57.3161],[11.1873,57.3161],[11.1874,57.3163],[11.188,57.3164],[11.1886,57.3164],[11.189,57.3164],[11.1892,57.3162],[11.1893,57.3161],[11.1894,57.3159],[11.1897,57.3159],[11.19,57.3159],[11.1901,57.3161],[11.1903,57.3163],[11.191,57.3162],[11.1912,57.3163],[11.1914,57.3164],[11.1911,57.3165],[11.1911,57.3167],[11.1909,57.3168],[11.1906,57.3168],[11.1904,57.3167],[11.1903,57.3167],[11.1899,57.3166],[11.1897,57.3166],[11.1894,57.3165],[11.1892,57.3165],[11.1888,57.3165],[11.1887,57.3167],[11.1887,57.3168],[11.1888,57.3169],[11.1888,57.3171],[11.1886,57.3172],[11.1893,57.3172],[11.19,57.3173],[11.1906,57.3175],[11.1911,57.3178],[11.1912,57.3179],[11.1915,57.3178],[11.1917,57.318],[11.1916,57.3181],[11.1917,57.3182],[11.1916,57.3183],[11.1913,57.3184],[11.1911,57.3184],[11.1909,57.3183],[11.1907,57.3184],[11.1906,57.3184],[11.1904,57.3184],[11.1903,57.3184],[11.1904,57.3186],[11.1907,57.3188],[11.191,57.3189],[11.1913,57.3187],[11.1915,57.3186],[11.1918,57.3186],[11.192,57.3186],[11.1918,57.3187],[11.1918,57.3189],[11.1919,57.319],[11.1921,57.3191],[11.1923,57.319],[11.1923,57.3188],[11.1926,57.3187],[11.1929,57.3187],[11.193,57.3189],[11.193,57.3194],[11.1928,57.3196],[11.1925,57.3198],[11.1925,57.3199],[11.1922,57.32],[11.1919,57.3202],[11.1918,57.3201],[11.1914,57.3198],[11.1914,57.3195],[11.1912,57.3194],[11.1912,57.3191],[11.1912,57.319],[11.1907,57.3189],[11.1906,57.3189],[11.1905,57.3191],[11.1904,57.3193],[11.1901,57.3191],[11.1899,57.3189],[11.1897,57.3187],[11.1895,57.3187],[11.1894,57.3186],[11.1892,57.3187],[11.189,57.319],[11.1891,57.3191],[11.1893,57.3193],[11.1894,57.3195],[11.1895,57.3198],[11.1897,57.32],[11.19,57.3203],[11.1901,57.3207],[11.19,57.321],[11.1897,57.3213],[11.1895,57.3215],[11.1891,57.3217],[11.189,57.3217],[11.1889,57.3217],[11.1889,57.3215],[11.1888,57.3212],[11.189,57.3208],[11.1887,57.3208],[11.1885,57.3207],[11.1882,57.3203],[11.1879,57.3201],[11.1873,57.3202],[11.1872,57.3203],[11.187,57.3206],[11.1868,57.3206],[11.1866,57.3205],[11.1867,57.3202],[11.1868,57.3198],[11.1871,57.3196],[11.1874,57.3194],[11.1874,57.3194],[11.1873,57.3192],[11.1871,57.3192],[11.187,57.3191],[11.1866,57.319],[11.1867,57.3193],[11.1867,57.3195],[11.1867,57.3197],[11.1864,57.3199],[11.1864,57.3195],[11.1863,57.3195],[11.186,57.3195],[11.1858,57.3196],[11.1857,57.3196],[11.1855,57.3195],[11.1854,57.3195],[11.1851,57.3197],[11.1849,57.3194],[11.1849,57.3191],[11.1847,57.3191],[11.1846,57.3191],[11.1843,57.319],[11.1841,57.3189],[11.1837,57.3189],[11.1835,57.3188],[11.1834,57.3188],[11.1833,57.3186],[11.1833,57.3184],[11.183,57.3183],[11.1829,57.3179],[11.1822,57.3175],[11.1819,57.3172],[11.1817,57.3168],[11.1816,57.3162],[11.1815,57.3159],[11.1812,57.3155],[11.1809,57.3151],[11.181,57.3149],[11.1811,57.3147],[11.1812,57.3145],[11.1809,57.3144],[11.1807,57.3143],[11.1805,57.3143],[11.18,57.3142],[11.1802,57.3141],[11.1803,57.314],[11.1802,57.3136],[11.1799,57.3135],[11.1799,57.3134],[11.1802,57.3134],[11.1807,57.3136],[11.1812,57.3139],[11.1816,57.3141],[11.182,57.3143],[11.182,57.3145],[11.1824,57.3146],[11.1829,57.315],[11.1832,57.3152],[11.1833,57.3153],[11.1835,57.3153],[11.1834,57.315],[11.1833,57.3147],[11.1832,57.3145],[11.183,57.3144],[11.1828,57.3143],[11.1826,57.3141],[11.1828,57.3139],[11.183,57.3139],[11.1831,57.3137],[11.1829,57.3136],[11.1826,57.3135],[11.1823,57.3135],[11.1822,57.3136],[11.1819,57.3136],[11.182,57.3135],[11.1821,57.3135],[11.1821,57.3134],[11.182,57.3132],[11.1819,57.3132],[11.1822,57.3129],[11.1821,57.3127],[11.1819,57.3124],[11.1819,57.3124],[11.1817,57.3122],[11.1816,57.3121],[11.1811,57.3117],[11.1805,57.3113],[11.1801,57.311],[11.1798,57.3109],[11.1797,57.3106],[11.1795,57.3103],[11.1793,57.31],[11.1788,57.3099],[11.1786,57.3097],[11.178,57.3092],[11.1775,57.3088],[11.1772,57.3085],[11.1767,57.3081],[11.1764,57.3076],[11.1759,57.3073],[11.1759,57.3071],[11.1754,57.3069],[11.1751,57.3067],[11.1751,57.3058],[11.1753,57.3057],[11.1757,57.3054],[11.1759,57.3052],[11.1755,57.305],[11.1751,57.3048],[11.1738,57.3053],[11.1744,57.3061],[11.1737,57.3063],[11.1718,57.3068],[11.1721,57.3072],[11.1724,57.3073],[11.1728,57.3077],[11.1723,57.3079],[11.1716,57.3081],[11.1711,57.3083],[11.1706,57.3088],[11.1704,57.3088],[11.1683,57.3095],[11.169,57.3111],[11.1697,57.3108],[11.1699,57.3109],[11.1703,57.3109],[11.1707,57.3109],[11.1708,57.3109],[11.1708,57.3114],[11.1707,57.3116],[11.1707,57.3119],[11.1705,57.3118],[11.1703,57.3117],[11.1701,57.3116],[11.1697,57.3116],[11.1694,57.3116],[11.1692,57.3118],[11.1695,57.312],[11.1699,57.3124],[11.17,57.3124],[11.1699,57.3125],[11.17,57.3127],[11.1701,57.3129],[11.1695,57.3129],[11.1692,57.3129],[11.1692,57.3132],[11.1694,57.3134],[11.1696,57.3134],[11.1698,57.3133],[11.17,57.3132],[11.1702,57.3133],[11.1703,57.3135],[11.1702,57.3135],[11.17,57.3137],[11.1699,57.3138],[11.17,57.3141],[11.1703,57.3142],[11.1706,57.3144],[11.1708,57.3144],[11.1711,57.3147],[11.1712,57.3148],[11.1714,57.315],[11.1717,57.3152],[11.1721,57.3153],[11.1727,57.3155],[11.1724,57.3154],[11.1722,57.3156],[11.1723,57.3156],[11.1725,57.3158],[11.1727,57.3159],[11.1729,57.3161],[11.1729,57.3162],[11.1728,57.3162],[11.1725,57.3161],[11.1723,57.316],[11.1721,57.3159],[11.172,57.3158],[11.1717,57.3157],[11.1718,57.3159],[11.1715,57.316],[11.1713,57.3159],[11.171,57.3159],[11.171,57.316],[11.1711,57.3161],[11.1712,57.3163],[11.1709,57.3163],[11.1708,57.3163],[11.1702,57.3164],[11.1699,57.3164],[11.1695,57.3163],[11.1695,57.3157],[11.1686,57.3158],[11.1689,57.3147],[11.1689,57.3143],[11.1664,57.3148],[11.1659,57.3147],[11.1665,57.314],[11.1666,57.3138],[11.167,57.3138],[11.1675,57.3137],[11.1674,57.3128],[11.1665,57.3128],[11.1667,57.312],[11.1643,57.3119],[11.1643,57.3115],[11.1634,57.3114],[11.1625,57.3114],[11.162,57.3122],[11.1617,57.3125],[11.1613,57.3125],[11.1606,57.3124],[11.1599,57.3124],[11.1595,57.3126],[11.1592,57.3127],[11.159,57.3128],[11.1593,57.313],[11.1599,57.3132],[11.1604,57.3134],[11.1605,57.3135],[11.1603,57.3137],[11.1595,57.314],[11.1588,57.3141],[11.1577,57.3143],[11.1573,57.3142],[11.1564,57.3153],[11.1591,57.3157],[11.1597,57.3156],[11.1603,57.3155],[11.1609,57.3155],[11.1615,57.3155],[11.162,57.3157],[11.1624,57.3157],[11.1628,57.3155],[11.163,57.3154],[11.1643,57.3146],[11.1651,57.3149],[11.166,57.3155],[11.1665,57.3159],[11.1669,57.3163],[11.1667,57.3165],[11.1667,57.3167],[11.1664,57.3168],[11.166,57.3168],[11.1657,57.3168],[11.165,57.3167],[11.1645,57.3167],[11.1645,57.3169],[11.1651,57.3171],[11.165,57.3172],[11.1645,57.3171],[11.1642,57.3172],[11.1645,57.3176],[11.165,57.3178],[11.1654,57.3178],[11.1656,57.3178],[11.166,57.3176],[11.1663,57.3173],[11.1666,57.3172],[11.1668,57.3171],[11.1671,57.3168],[11.1672,57.3167],[11.1674,57.3165],[11.1678,57.3166],[11.1682,57.3166],[11.1684,57.3167],[11.1688,57.317],[11.1691,57.3172],[11.1698,57.3174],[11.1702,57.317],[11.1708,57.317],[11.1706,57.3172],[11.1701,57.3177],[11.1698,57.318],[11.1696,57.3182],[11.1695,57.3184],[11.1689,57.3185],[11.1686,57.3185],[11.1683,57.3184],[11.168,57.3187],[11.1678,57.3197],[11.1628,57.3183],[11.1632,57.3178],[11.1609,57.3174],[11.1607,57.3178],[11.1597,57.3175],[11.1598,57.3176],[11.1594,57.3176],[11.1593,57.3177],[11.1591,57.3177],[11.1589,57.3178],[11.1588,57.3179],[11.1584,57.3178],[11.158,57.3178],[11.1574,57.3178],[11.1568,57.3178],[11.156,57.3179],[11.155,57.318],[11.1543,57.3181],[11.1542,57.3182],[11.1544,57.3182],[11.1549,57.3182],[11.1554,57.3182],[11.1562,57.3182],[11.1569,57.3182],[11.1579,57.3181],[11.1592,57.318],[11.1598,57.318],[11.1612,57.3179],[11.1617,57.318],[11.1616,57.3182],[11.1601,57.3182],[11.1595,57.3183],[11.1589,57.3183],[11.1579,57.3184],[11.1579,57.3185],[11.1587,57.3186],[11.1588,57.3187],[11.1589,57.3188],[11.1592,57.3186],[11.1594,57.3187],[11.1595,57.3188],[11.1594,57.3188],[11.1598,57.3189],[11.1606,57.3188],[11.161,57.3188],[11.162,57.3186],[11.1623,57.3186],[11.1627,57.3187],[11.163,57.3187],[11.1631,57.3188],[11.163,57.3189],[11.1622,57.3189],[11.1611,57.3189],[11.1598,57.319],[11.1597,57.319],[11.1595,57.3196],[11.1597,57.3196],[11.1601,57.3195],[11.1605,57.3196],[11.1606,57.3196],[11.1612,57.3196],[11.1616,57.3195],[11.1617,57.3196],[11.1616,57.3198],[11.1615,57.3199],[11.1597,57.3199],[11.1579,57.32],[11.1557,57.3199],[11.157,57.3198],[11.1573,57.3197],[11.1575,57.3193],[11.1572,57.3192],[11.1566,57.3191],[11.1566,57.3189],[11.1563,57.3189],[11.1556,57.3189],[11.1552,57.3187],[11.1549,57.3186],[11.1542,57.3186],[11.1536,57.3186],[11.1531,57.3186],[11.153,57.3183],[11.1532,57.3182],[11.1537,57.3181],[11.154,57.3181],[11.1539,57.3181],[11.1529,57.3181],[11.1527,57.3184],[11.1527,57.3186],[11.1508,57.3184],[11.1508,57.3185],[11.1506,57.3186],[11.1508,57.3187],[11.1506,57.3188],[11.1505,57.3189],[11.1496,57.3188],[11.1495,57.3187],[11.1477,57.3186],[11.1475,57.3187],[11.1469,57.3187],[11.1465,57.3188],[11.147,57.3192],[11.1473,57.3192],[11.1477,57.3191],[11.1482,57.3192],[11.1491,57.3194],[11.1492,57.3194],[11.149,57.3197],[11.1485,57.3204],[11.1479,57.3203],[11.1481,57.3201],[11.1476,57.3199],[11.1478,57.3196],[11.1473,57.3196],[11.1469,57.3195],[11.1467,57.3196],[11.1463,57.3194],[11.1457,57.3194],[11.1459,57.3191],[11.1452,57.3191],[11.1448,57.3192],[11.1445,57.319],[11.1441,57.3189],[11.1441,57.3188],[11.1443,57.3187],[11.1446,57.3187],[11.1444,57.3187],[11.1443,57.3186],[11.1442,57.3184],[11.1443,57.3183],[11.1425,57.3182],[11.1411,57.3182],[11.1407,57.3182],[11.1404,57.3183],[11.1399,57.319],[11.1397,57.3193],[11.139,57.3193],[11.1393,57.3189],[11.1386,57.3189],[11.1375,57.3206],[11.1374,57.3206],[11.1373,57.3204]],[[11.1812,57.3203],[11.1813,57.3202],[11.1811,57.3201],[11.1809,57.32],[11.1811,57.3199],[11.1816,57.3199],[11.1817,57.3199],[11.1817,57.3198],[11.1815,57.3198],[11.1813,57.3197],[11.1818,57.3196],[11.1822,57.3196],[11.1822,57.3198],[11.1825,57.3199],[11.1827,57.32],[11.1829,57.3199],[11.1831,57.3198],[11.1833,57.3198],[11.1835,57.32],[11.1837,57.3203],[11.1838,57.3203],[11.1842,57.3204],[11.1843,57.3205],[11.1843,57.3207],[11.1842,57.3207],[11.1841,57.3208],[11.1839,57.3207],[11.1836,57.3206],[11.1835,57.3204],[11.1834,57.3203],[11.1832,57.3204],[11.183,57.3205],[11.1829,57.3205],[11.1825,57.3204],[11.1824,57.3203],[11.182,57.3203],[11.1816,57.3204],[11.1812,57.3203]],[[11.1794,57.3199],[11.1788,57.3199],[11.1783,57.3199],[11.178,57.3199],[11.1773,57.3198],[11.1767,57.3197],[11.1763,57.3197],[11.1757,57.3197],[11.175,57.3197],[11.1746,57.3197],[11.1739,57.3196],[11.1735,57.3195],[11.1734,57.3194],[11.1737,57.3194],[11.174,57.3193],[11.1745,57.3194],[11.1749,57.3194],[11.1753,57.3193],[11.1757,57.3193],[11.1764,57.3194],[11.1769,57.3195],[11.1774,57.3195],[11.178,57.3194],[11.1785,57.3194],[11.1787,57.3195],[11.1788,57.3195],[11.1789,57.3197],[11.1791,57.3197],[11.1792,57.3198],[11.1794,57.3199]],[[11.1752,57.3186],[11.1753,57.3187],[11.1753,57.3188],[11.1752,57.3188],[11.175,57.3189],[11.1746,57.3187],[11.1745,57.3187],[11.1747,57.3186],[11.1749,57.3186],[11.1752,57.3186]],[[11.1779,57.3127],[11.1779,57.3127],[11.1779,57.3126],[11.1781,57.3126],[11.1781,57.3126],[11.1781,57.3127],[11.178,57.3128],[11.1779,57.3127]],[[11.1767,57.31],[11.1767,57.3099],[11.1768,57.3099],[11.1768,57.3099],[11.1768,57.31],[11.1768,57.31],[11.1767,57.31]],[[11.1373,57.3204],[11.137,57.3208],[11.1377,57.3209],[11.1382,57.3204],[11.1389,57.3204],[11.1382,57.3214],[11.1379,57.3214],[11.1375,57.3222],[11.1378,57.3223],[11.1376,57.3227],[11.1373,57.3226],[11.1373,57.3225],[11.1369,57.3223],[11.1372,57.3219],[11.1357,57.3215],[11.1366,57.3202],[11.1373,57.3204]]]},"properties":{"sourceId":"ais_par3.107409","a_type":3220,"hectares":411.83}},{"type":"Feature","id":"ais_par3.107425","geometry":{"type":"Polygon","coordinates":[[[11.0787,57.2554],[11.0741,57.2567],[11.0735,57.2565],[11.0731,57.2563],[11.0728,57.2563],[11.0724,57.2565],[11.0724,57.2565],[11.0728,57.2566],[11.0727,57.2567],[11.0725,57.2568],[11.072,57.2566],[11.0714,57.2565],[11.0711,57.2563],[11.0709,57.2564],[11.0719,57.257],[11.0719,57.2571],[11.072,57.2573],[11.0727,57.2571],[11.0728,57.2575],[11.0729,57.2579],[11.0738,57.2587],[11.074,57.259],[11.0742,57.2593],[11.0745,57.2596],[11.0747,57.2598],[11.0749,57.26],[11.0751,57.2602],[11.0754,57.2606],[11.0755,57.2607],[11.0759,57.261],[11.0763,57.2615],[11.0764,57.262],[11.077,57.2623],[11.0773,57.2627],[11.0777,57.2632],[11.078,57.2634],[11.0781,57.2636],[11.0785,57.2642],[11.0786,57.2646],[11.0789,57.265],[11.0793,57.2653],[11.0795,57.2656],[11.0801,57.2658],[11.0807,57.2659],[11.0814,57.266],[11.0818,57.266],[11.0819,57.2662],[11.0819,57.2663],[11.0821,57.2664],[11.0823,57.2664],[11.0826,57.2663],[11.0829,57.2663],[11.0833,57.2665],[11.0842,57.2668],[11.0841,57.2666],[11.0843,57.2666],[11.0847,57.2666],[11.0849,57.2665],[11.0854,57.2665],[11.0861,57.2665],[11.0862,57.2663],[11.0862,57.2662],[11.0861,57.266],[11.0859,57.266],[11.0855,57.266],[11.0854,57.2659],[11.0854,57.2658],[11.0854,57.2656],[11.0854,57.2654],[11.0855,57.2649],[11.085,57.2638],[11.0845,57.2632],[11.084,57.2626],[11.0833,57.2617],[11.0826,57.2609],[11.0824,57.2606],[11.0821,57.2603],[11.0817,57.26],[11.0814,57.2596],[11.0812,57.2593],[11.081,57.2592],[11.0805,57.2587],[11.0799,57.258],[11.0794,57.2575],[11.0789,57.2568],[11.0789,57.2568],[11.0792,57.2567],[11.0794,57.2567],[11.0794,57.2565],[11.0796,57.2564],[11.0794,57.2561],[11.0787,57.2554]],[[11.082,57.2626],[11.0821,57.2626],[11.0822,57.2627],[11.0824,57.2627],[11.0825,57.2629],[11.0822,57.2628],[11.082,57.2626],[11.082,57.2626]],[[11.0816,57.2622],[11.0817,57.2622],[11.0818,57.2622],[11.0819,57.2622],[11.082,57.2623],[11.0819,57.2624],[11.082,57.2624],[11.082,57.2625],[11.0819,57.2625],[11.0816,57.2622]],[[11.0781,57.2593],[11.0781,57.2593],[11.0775,57.2589],[11.0776,57.2589],[11.0777,57.2589],[11.0781,57.2593]]]},"properties":{"sourceId":"ais_par3.107425","a_type":3220,"hectares":46.311}},{"type":"Feature","id":"ais_par3.107420","geometry":{"type":"Polygon","coordinates":[[[10.9072,57.2749],[10.9078,57.2755],[10.9084,57.276],[10.9086,57.276],[10.909,57.2762],[10.9093,57.2764],[10.9108,57.2759],[10.9107,57.2755],[10.9106,57.2746],[10.9111,57.2746],[10.9113,57.2745],[10.9114,57.2744],[10.9113,57.2743],[10.9112,57.2743],[10.9109,57.2743],[10.9105,57.2744],[10.9102,57.2742],[10.91,57.2742],[10.9096,57.2742],[10.9092,57.2743],[10.9085,57.2745],[10.9082,57.2747],[10.9077,57.2749],[10.9072,57.2749]]]},"properties":{"sourceId":"ais_par3.107420","a_type":3220,"hectares":3.5}},{"type":"Feature","id":"ais_par3.107421","geometry":{"type":"Polygon","coordinates":[[[10.9147,57.2819],[10.9144,57.2817],[10.9149,57.2815],[10.9143,57.2808],[10.9136,57.281],[10.9132,57.281],[10.9128,57.2811],[10.9124,57.2812],[10.912,57.2813],[10.9118,57.2814],[10.9114,57.2813],[10.9109,57.2812],[10.9106,57.2809],[10.9105,57.2808],[10.9102,57.2805],[10.9098,57.2801],[10.9094,57.2799],[10.9092,57.2796],[10.9109,57.279],[10.9106,57.2787],[10.9099,57.2788],[10.9099,57.2786],[10.9096,57.2783],[10.9094,57.2782],[10.909,57.278],[10.9094,57.2778],[10.908,57.2767],[10.9061,57.2749],[10.9072,57.2749],[10.9054,57.2735],[10.9046,57.2737],[10.9035,57.2739],[10.9033,57.2737],[10.9036,57.2735],[10.9038,57.2735],[10.9038,57.2734],[10.9038,57.2731],[10.904,57.2731],[10.9037,57.2729],[10.9034,57.273],[10.9026,57.2723],[10.9015,57.2726],[10.901,57.2722],[10.9007,57.272],[10.9009,57.2718],[10.9011,57.2714],[10.9001,57.2704],[10.8996,57.2704],[10.899,57.2704],[10.8981,57.2704],[10.8979,57.2702],[10.8976,57.2701],[10.8975,57.2699],[10.8992,57.2693],[10.8969,57.2674],[10.8964,57.2674],[10.896,57.2676],[10.8958,57.2678],[10.8953,57.2679],[10.895,57.2681],[10.8945,57.2678],[10.8939,57.2674],[10.8943,57.2673],[10.8944,57.267],[10.8943,57.2668],[10.8936,57.267],[10.8934,57.2669],[10.8928,57.2668],[10.8923,57.2667],[10.8925,57.2667],[10.8925,57.2658],[10.893,57.2655],[10.8935,57.2653],[10.8934,57.2652],[10.8933,57.2651],[10.8919,57.264],[10.8923,57.2639],[10.8913,57.2631],[10.8918,57.263],[10.8908,57.2623],[10.89,57.2624],[10.8899,57.2622],[10.8904,57.262],[10.8905,57.262],[10.8904,57.2618],[10.8907,57.2611],[10.891,57.2606],[10.8915,57.2602],[10.8921,57.2598],[10.8928,57.2594],[10.893,57.2592],[10.8925,57.2587],[10.8882,57.2599],[10.8871,57.2591],[10.8868,57.2592],[10.8866,57.2593],[10.8864,57.2594],[10.8862,57.2597],[10.886,57.26],[10.8859,57.2601],[10.8858,57.2602],[10.8856,57.2607],[10.8856,57.261],[10.8858,57.2613],[10.8859,57.2615],[10.8859,57.2616],[10.8853,57.2618],[10.8851,57.2617],[10.885,57.2615],[10.885,57.2614],[10.885,57.2613],[10.8853,57.2612],[10.8854,57.2612],[10.8852,57.2612],[10.8851,57.2603],[10.8849,57.2601],[10.8849,57.2595],[10.8846,57.2595],[10.8839,57.2597],[10.8837,57.2598],[10.8826,57.2602],[10.8826,57.2605],[10.8825,57.2607],[10.8802,57.2615],[10.8798,57.2617],[10.8795,57.2617],[10.8793,57.2618],[10.8792,57.2617],[10.8796,57.2615],[10.88,57.2613],[10.8808,57.261],[10.8815,57.2607],[10.8821,57.2606],[10.882,57.2605],[10.8815,57.2603],[10.8813,57.2603],[10.8812,57.2602],[10.881,57.2601],[10.8807,57.2599],[10.8802,57.2598],[10.8796,57.2597],[10.8794,57.2597],[10.8791,57.2596],[10.879,57.2595],[10.879,57.2595],[10.8794,57.2595],[10.8799,57.2595],[10.8808,57.2595],[10.882,57.2596],[10.8821,57.2588],[10.8817,57.2587],[10.8813,57.2585],[10.8818,57.2585],[10.8822,57.2585],[10.8823,57.2583],[10.8824,57.2579],[10.8824,57.2576],[10.8823,57.2571],[10.8823,57.257],[10.8821,57.2568],[10.8818,57.2567],[10.8813,57.2568],[10.881,57.257],[10.8806,57.2573],[10.8803,57.2574],[10.88,57.2575],[10.8797,57.2575],[10.8796,57.2576],[10.8793,57.2577],[10.8792,57.2578],[10.879,57.2578],[10.8789,57.2577],[10.8789,57.2576],[10.8793,57.2574],[10.8798,57.2572],[10.8798,57.2569],[10.8802,57.2566],[10.8802,57.2564],[10.8804,57.2562],[10.8806,57.2562],[10.8809,57.2562],[10.8813,57.256],[10.8818,57.2557],[10.8823,57.2554],[10.8825,57.2553],[10.8835,57.2552],[10.8836,57.2551],[10.8829,57.2545],[10.8828,57.2546],[10.8821,57.2547],[10.8819,57.2548],[10.8816,57.2549],[10.8812,57.255],[10.8807,57.2551],[10.8797,57.2556],[10.8778,57.2568],[10.8774,57.2571],[10.8771,57.2572],[10.8767,57.2573],[10.8765,57.2571],[10.8762,57.2568],[10.876,57.2565],[10.8759,57.2562],[10.8758,57.2559],[10.8761,57.2556],[10.8766,57.2554],[10.8772,57.2552],[10.8778,57.2551],[10.878,57.2551],[10.8782,57.2552],[10.8784,57.2553],[10.8784,57.255],[10.8787,57.255],[10.8789,57.2549],[10.8791,57.255],[10.8792,57.2548],[10.8795,57.2548],[10.8799,57.2547],[10.8801,57.2548],[10.8808,57.2547],[10.8812,57.2547],[10.8817,57.2546],[10.882,57.2545],[10.8822,57.2544],[10.8825,57.2542],[10.8829,57.2541],[10.8834,57.254],[10.8837,57.254],[10.8843,57.254],[10.8849,57.2539],[10.8855,57.2538],[10.8859,57.2537],[10.8861,57.2537],[10.8867,57.2537],[10.8871,57.2537],[10.8876,57.2537],[10.8884,57.2537],[10.889,57.2537],[10.8897,57.2537],[10.8899,57.2537],[10.8903,57.2537],[10.8905,57.2537],[10.8911,57.2536],[10.8918,57.2534],[10.8927,57.2534],[10.893,57.2533],[10.8935,57.2534],[10.8941,57.2534],[10.8946,57.2533],[10.8949,57.2533],[10.8952,57.2533],[10.8956,57.2537],[10.8951,57.2538],[10.8947,57.2539],[10.8945,57.2539],[10.8943,57.254],[10.8939,57.254],[10.8936,57.254],[10.8935,57.2541],[10.8932,57.2542],[10.8931,57.2543],[10.8929,57.2543],[10.8926,57.2544],[10.8924,57.2545],[10.8922,57.2547],[10.8919,57.2549],[10.8913,57.2549],[10.8912,57.2549],[10.891,57.2549],[10.8906,57.2551],[10.8901,57.2553],[10.8901,57.2554],[10.8899,57.2556],[10.8896,57.2557],[10.8894,57.2558],[10.889,57.2559],[10.8884,57.2562],[10.8876,57.2565],[10.8874,57.2565],[10.8871,57.2563],[10.8869,57.2562],[10.8865,57.2562],[10.8861,57.2561],[10.8858,57.2561],[10.8856,57.2562],[10.8852,57.2563],[10.8849,57.2565],[10.8844,57.2568],[10.8844,57.2568],[10.8841,57.2571],[10.8839,57.2573],[10.884,57.2573],[10.8842,57.2573],[10.8844,57.2573],[10.8848,57.2572],[10.885,57.2571],[10.8853,57.2568],[10.8855,57.2566],[10.8857,57.2564],[10.8859,57.2563],[10.8861,57.2563],[10.886,57.2565],[10.8857,57.2568],[10.8854,57.2571],[10.885,57.2573],[10.8849,57.2573],[10.8846,57.2574],[10.8842,57.2575],[10.8837,57.2575],[10.8833,57.2577],[10.8831,57.2578],[10.8828,57.2582],[10.8827,57.2586],[10.8828,57.2591],[10.8829,57.2594],[10.886,57.2582],[10.8862,57.2581],[10.8867,57.2578],[10.8881,57.2584],[10.888,57.2585],[10.889,57.259],[10.8893,57.2592],[10.8916,57.2582],[10.8913,57.2582],[10.8906,57.2585],[10.8898,57.2587],[10.8897,57.2588],[10.8887,57.2582],[10.8875,57.2575],[10.8897,57.2566],[10.892,57.2556],[10.8921,57.2556],[10.8954,57.2543],[10.8975,57.2534],[10.8982,57.2531],[10.8981,57.2529],[10.8981,57.2526],[10.8984,57.2524],[10.8987,57.2524],[10.8989,57.2524],[10.8988,57.2518],[10.8984,57.2508],[10.8992,57.2508],[10.8993,57.2508],[10.8996,57.2508],[10.8997,57.2508],[10.9001,57.2509],[10.9006,57.2509],[10.9014,57.251],[10.902,57.2511],[10.9036,57.2512],[10.9033,57.2502],[10.9047,57.2501],[10.9058,57.2502],[10.9056,57.2498],[10.9049,57.2498],[10.9047,57.2497],[10.9039,57.2497],[10.903,57.2498],[10.9022,57.2498],[10.9013,57.2499],[10.9009,57.2499],[10.9001,57.2499],[10.8993,57.25],[10.8985,57.25],[10.8977,57.2501],[10.8973,57.2503],[10.8967,57.2502],[10.8956,57.2503],[10.8952,57.2504],[10.8949,57.2504],[10.8942,57.2505],[10.893,57.2505],[10.8917,57.2506],[10.8909,57.2506],[10.8907,57.2506],[10.8896,57.2506],[10.889,57.2507],[10.8886,57.2507],[10.8879,57.2509],[10.8875,57.251],[10.8869,57.251],[10.8865,57.2509],[10.8863,57.2508],[10.8854,57.2508],[10.8846,57.2506],[10.8846,57.2504],[10.8847,57.2503],[10.8839,57.2505],[10.8811,57.2515],[10.8803,57.2517],[10.8797,57.252],[10.8799,57.2523],[10.8791,57.2526],[10.8788,57.2523],[10.8783,57.2524],[10.877,57.2529],[10.8758,57.2535],[10.8749,57.2541],[10.8742,57.2546],[10.8736,57.2552],[10.8735,57.2552],[10.8734,57.2557],[10.8734,57.2565],[10.8737,57.2569],[10.8737,57.2574],[10.874,57.258],[10.8745,57.2586],[10.8751,57.2591],[10.8756,57.2594],[10.876,57.2598],[10.8768,57.2603],[10.8771,57.2606],[10.8772,57.2607],[10.8774,57.2608],[10.8777,57.261],[10.8778,57.261],[10.8781,57.2612],[10.8788,57.2617],[10.8789,57.2617],[10.88,57.2623],[10.8801,57.2624],[10.8814,57.2631],[10.8825,57.2638],[10.8835,57.2643],[10.884,57.2645],[10.8844,57.2647],[10.8848,57.265],[10.8853,57.2652],[10.886,57.2655],[10.8867,57.2659],[10.8871,57.266],[10.888,57.2665],[10.8889,57.2669],[10.889,57.267],[10.8896,57.2672],[10.8905,57.2677],[10.8912,57.268],[10.8921,57.2685],[10.8929,57.269],[10.8936,57.2693],[10.894,57.2696],[10.8943,57.2698],[10.8946,57.2701],[10.8951,57.2703],[10.8954,57.2706],[10.8959,57.2708],[10.8964,57.2711],[10.897,57.2714],[10.8975,57.2716],[10.8981,57.2719],[10.8988,57.2725],[10.8995,57.2729],[10.9,57.2732],[10.9001,57.2733],[10.9001,57.2731],[10.9003,57.273],[10.9021,57.2744],[10.9019,57.2745],[10.9008,57.2739],[10.9015,57.2744],[10.9017,57.2745],[10.9021,57.2748],[10.9023,57.275],[10.9025,57.2751],[10.903,57.2754],[10.9035,57.2757],[10.9038,57.276],[10.9042,57.2764],[10.9048,57.277],[10.9052,57.2773],[10.9055,57.2777],[10.9059,57.2783],[10.9061,57.2785],[10.9064,57.2787],[10.9068,57.2793],[10.907,57.2795],[10.9071,57.2795],[10.9076,57.2799],[10.9079,57.2804],[10.9084,57.2808],[10.9088,57.2812],[10.9093,57.2816],[10.9097,57.282],[10.9101,57.2823],[10.9105,57.2826],[10.9108,57.2828],[10.911,57.283],[10.9113,57.283],[10.9116,57.283],[10.912,57.283],[10.9121,57.2829],[10.9127,57.2834],[10.9129,57.2837],[10.9127,57.2839],[10.913,57.2843],[10.9135,57.2847],[10.914,57.285],[10.9145,57.2855],[10.9153,57.2861],[10.9156,57.2865],[10.9158,57.2866],[10.9162,57.2871],[10.9163,57.2873],[10.9167,57.2877],[10.9175,57.2885],[10.9181,57.2891],[10.9189,57.2898],[10.9191,57.2901],[10.9196,57.2906],[10.9203,57.2913],[10.9209,57.292],[10.9213,57.2926],[10.9223,57.2924],[10.922,57.2923],[10.922,57.2921],[10.9221,57.2919],[10.9219,57.2916],[10.9218,57.2915],[10.9213,57.2915],[10.9213,57.2911],[10.9225,57.2909],[10.9224,57.2905],[10.922,57.2905],[10.922,57.2905],[10.921,57.2905],[10.9206,57.2901],[10.9205,57.2901],[10.9205,57.2899],[10.9199,57.2892],[10.9214,57.289],[10.9216,57.2893],[10.9224,57.2889],[10.9222,57.2887],[10.9215,57.2888],[10.9213,57.2887],[10.9212,57.2885],[10.9192,57.2887],[10.9189,57.2884],[10.9185,57.2882],[10.9181,57.2881],[10.918,57.2878],[10.9177,57.2874],[10.9172,57.2868],[10.9174,57.2865],[10.9177,57.286],[10.9175,57.2856],[10.917,57.2849],[10.9181,57.2848],[10.9182,57.2852],[10.9192,57.2849],[10.9189,57.284],[10.9193,57.2836],[10.9186,57.2837],[10.9181,57.2832],[10.9178,57.2829],[10.9178,57.2827],[10.9177,57.2826],[10.9176,57.2825],[10.917,57.2822],[10.9171,57.2821],[10.917,57.282],[10.9176,57.2818],[10.9173,57.2815],[10.9185,57.2813],[10.9195,57.281],[10.9202,57.2808],[10.92,57.2807],[10.9193,57.2809],[10.9182,57.2811],[10.9172,57.2813],[10.9164,57.2815],[10.9155,57.2817],[10.9147,57.2819]],[[10.889,57.2649],[10.889,57.2648],[10.8912,57.2642],[10.8913,57.2644],[10.8906,57.2646],[10.8894,57.2649],[10.889,57.2649]],[[10.8896,57.2623],[10.8895,57.2627],[10.8895,57.263],[10.8886,57.2632],[10.8883,57.2633],[10.888,57.2635],[10.8877,57.2633],[10.8866,57.2635],[10.8888,57.2626],[10.8883,57.2626],[10.887,57.2625],[10.8857,57.2622],[10.8863,57.262],[10.8861,57.2617],[10.8863,57.2616],[10.8865,57.2618],[10.8864,57.2618],[10.8864,57.2619],[10.8868,57.2618],[10.8875,57.2619],[10.8882,57.262],[10.8884,57.2623],[10.8887,57.2625],[10.889,57.2626],[10.8896,57.2623]],[[10.8998,57.2504],[10.8998,57.2504],[10.8997,57.2505],[10.8996,57.2505],[10.8995,57.2505],[10.8995,57.2504],[10.8998,57.2504]],[[10.88,57.2533],[10.8798,57.2534],[10.8795,57.2534],[10.8788,57.2536],[10.8781,57.2537],[10.8774,57.254],[10.8769,57.2542],[10.8766,57.2543],[10.8762,57.2546],[10.8759,57.2549],[10.8757,57.255],[10.8753,57.2553],[10.8753,57.2556],[10.8753,57.2558],[10.8756,57.2558],[10.8752,57.256],[10.8751,57.2562],[10.8751,57.2564],[10.8752,57.2568],[10.8752,57.257],[10.8751,57.2569],[10.8748,57.2568],[10.8747,57.2568],[10.8748,57.2567],[10.8749,57.2565],[10.8747,57.2563],[10.8748,57.2559],[10.8751,57.2557],[10.8752,57.2554],[10.8751,57.2553],[10.8754,57.255],[10.8754,57.2548],[10.876,57.2544],[10.8764,57.2542],[10.8768,57.254],[10.8774,57.2538],[10.878,57.2536],[10.8785,57.2535],[10.8788,57.2534],[10.8792,57.2532],[10.8798,57.2532],[10.88,57.2533]]]},"properties":{"sourceId":"ais_par3.107421","a_type":3220,"hectares":189.057}},{"type":"Feature","id":"ais_par3.107434","geometry":{"type":"Polygon","coordinates":[[[11.0598,57.2469],[11.0583,57.2464],[11.0594,57.2423],[11.0581,57.2424],[11.058,57.2426],[11.0572,57.2453],[11.0555,57.2452],[11.0564,57.2425],[11.0564,57.2424],[11.0552,57.2424],[11.0547,57.2425],[11.0539,57.2425],[11.0531,57.2424],[11.0525,57.2425],[11.0518,57.2426],[11.0501,57.2427],[11.0485,57.2427],[11.0482,57.2428],[11.0475,57.2445],[11.048,57.2445],[11.0483,57.2446],[11.0486,57.2447],[11.0492,57.2448],[11.0499,57.2448],[11.0505,57.2448],[11.0513,57.245],[11.0521,57.245],[11.0526,57.2451],[11.0532,57.2451],[11.0536,57.2452],[11.0539,57.2454],[11.0544,57.2453],[11.0547,57.2453],[11.0553,57.2454],[11.0558,57.2458],[11.0564,57.246],[11.0573,57.2462],[11.0581,57.2466],[11.0573,57.2485],[11.0579,57.2488],[11.0585,57.249],[11.0593,57.2493],[11.0599,57.2497],[11.06,57.2493],[11.0607,57.2474],[11.0608,57.2473],[11.0617,57.2477],[11.0616,57.2478],[11.0618,57.248],[11.062,57.2482],[11.0625,57.2485],[11.063,57.2487],[11.0634,57.2489],[11.0636,57.2492],[11.0638,57.2493],[11.0643,57.2493],[11.0647,57.2494],[11.065,57.2496],[11.0654,57.2498],[11.0657,57.2499],[11.0665,57.25],[11.0669,57.2501],[11.0673,57.2505],[11.0673,57.2507],[11.0676,57.251],[11.068,57.2512],[11.069,57.2514],[11.0698,57.2518],[11.0715,57.2511],[11.0719,57.2509],[11.0742,57.2497],[11.075,57.2504],[11.0748,57.2505],[11.0739,57.251],[11.0729,57.2515],[11.0732,57.2517],[11.0735,57.2521],[11.0759,57.2511],[11.0777,57.2529],[11.0782,57.2527],[11.078,57.2521],[11.0779,57.2517],[11.0775,57.2511],[11.077,57.2506],[11.0751,57.2492],[11.0759,57.2488],[11.0761,57.2489],[11.0764,57.2492],[11.0764,57.2494],[11.0766,57.2497],[11.0772,57.2498],[11.0773,57.25],[11.0776,57.2503],[11.0778,57.2501],[11.0778,57.2497],[11.0776,57.2494],[11.0775,57.249],[11.077,57.2486],[11.0767,57.2484],[11.0763,57.2482],[11.0759,57.248],[11.0754,57.2476],[11.0748,57.247],[11.0747,57.2469],[11.0741,57.2465],[11.0733,57.246],[11.0724,57.2455],[11.0715,57.2448],[11.0705,57.2443],[11.0699,57.2438],[11.0691,57.2435],[11.0684,57.2432],[11.0677,57.2429],[11.067,57.2429],[11.0666,57.2428],[11.0661,57.2427],[11.0659,57.2427],[11.0657,57.2426],[11.065,57.2425],[11.0641,57.2424],[11.0632,57.2423],[11.0631,57.2423],[11.0627,57.2423],[11.0627,57.2423],[11.0626,57.2425],[11.0627,57.2427],[11.0629,57.2429],[11.0634,57.243],[11.0637,57.243],[11.064,57.2429],[11.0642,57.2429],[11.0642,57.2429],[11.0645,57.243],[11.0645,57.2432],[11.0643,57.2435],[11.0645,57.2437],[11.0646,57.2437],[11.065,57.2437],[11.0654,57.2438],[11.0658,57.2439],[11.0657,57.2442],[11.0654,57.2444],[11.065,57.2444],[11.0648,57.2446],[11.0641,57.2445],[11.0642,57.2446],[11.0637,57.2446],[11.0629,57.2442],[11.0629,57.244],[11.0627,57.244],[11.0618,57.2437],[11.0617,57.244],[11.0613,57.2439],[11.0612,57.2438],[11.0611,57.2434],[11.061,57.2434],[11.0598,57.2469]],[[11.0597,57.2471],[11.0598,57.247],[11.0605,57.2472],[11.0604,57.2473],[11.0597,57.2471]]]},"properties":{"sourceId":"ais_par3.107434","a_type":3220,"hectares":85.886}},{"type":"Feature","id":"ais_par3.107431","geometry":{"type":"Polygon","coordinates":[[[11.0777,57.2529],[11.077,57.2531],[11.0771,57.2532],[11.0771,57.2534],[11.0769,57.2537],[11.0769,57.2538],[11.0771,57.254],[11.0775,57.2544],[11.0779,57.2546],[11.0782,57.2549],[11.0787,57.2554],[11.0802,57.255],[11.0806,57.2552],[11.0811,57.2555],[11.0813,57.2556],[11.0816,57.2559],[11.0819,57.2562],[11.0821,57.2564],[11.0823,57.2565],[11.0823,57.2566],[11.0826,57.2568],[11.0829,57.2568],[11.0829,57.2568],[11.083,57.2568],[11.0825,57.2563],[11.0823,57.2561],[11.0823,57.2558],[11.082,57.2556],[11.0816,57.2553],[11.0811,57.2551],[11.0809,57.2549],[11.0805,57.2547],[11.08,57.2545],[11.0797,57.2544],[11.0796,57.2541],[11.0794,57.2541],[11.0792,57.254],[11.0791,57.2538],[11.0786,57.2536],[11.0779,57.2532],[11.0777,57.2529]]]},"properties":{"sourceId":"ais_par3.107431","a_type":3220,"hectares":3.629}},{"type":"Feature","id":"ais_par3.107443","geometry":{"type":"Polygon","coordinates":[[[10.9646,57.2444],[10.9651,57.245],[10.9655,57.2455],[10.9655,57.2457],[10.9656,57.2463],[10.966,57.2474],[10.9675,57.2467],[10.9694,57.2459],[10.9698,57.2457],[10.9675,57.2459],[10.9671,57.2449],[10.9702,57.2447],[10.9705,57.2447],[10.9697,57.2449],[10.9692,57.2453],[10.9695,57.2456],[10.97,57.2456],[10.9709,57.2452],[10.9717,57.2447],[10.9721,57.2446],[10.9724,57.2446],[10.9722,57.2441],[10.9721,57.2436],[10.9706,57.2435],[10.9694,57.2433],[10.968,57.2435],[10.9674,57.2435],[10.9664,57.2435],[10.9656,57.2435],[10.9645,57.2436],[10.9642,57.2435],[10.9631,57.2436],[10.9622,57.2435],[10.9619,57.2435],[10.9613,57.2436],[10.9606,57.2437],[10.9596,57.244],[10.9589,57.2441],[10.9585,57.2442],[10.958,57.2441],[10.9567,57.2441],[10.9558,57.2441],[10.9549,57.2441],[10.9542,57.2443],[10.9534,57.2443],[10.9532,57.2444],[10.9529,57.2443],[10.9526,57.2442],[10.9521,57.2443],[10.9518,57.2444],[10.9514,57.2445],[10.9507,57.2446],[10.9499,57.2448],[10.9491,57.2449],[10.9485,57.245],[10.948,57.2451],[10.9478,57.245],[10.9478,57.2449],[10.9473,57.2449],[10.9465,57.2451],[10.9459,57.2452],[10.9452,57.2455],[10.9444,57.2457],[10.9443,57.2457],[10.9439,57.2461],[10.9436,57.2461],[10.9433,57.2461],[10.9427,57.2463],[10.9415,57.2466],[10.9407,57.2468],[10.9402,57.2469],[10.94,57.2471],[10.9398,57.2472],[10.9395,57.2474],[10.9393,57.2473],[10.939,57.2473],[10.9389,57.2471],[10.9387,57.2471],[10.9355,57.2475],[10.9357,57.2479],[10.9346,57.2481],[10.9351,57.2481],[10.9357,57.2482],[10.9362,57.2484],[10.9366,57.2483],[10.9375,57.2482],[10.9389,57.248],[10.939,57.2483],[10.9413,57.2478],[10.943,57.2475],[10.9442,57.2473],[10.9473,57.2467],[10.9474,57.247],[10.948,57.2468],[10.9485,57.2468],[10.949,57.2468],[10.9493,57.2468],[10.9495,57.247],[10.9514,57.2464],[10.9525,57.2462],[10.9531,57.246],[10.9535,57.246],[10.9549,57.2457],[10.955,57.2457],[10.9547,57.2455],[10.9544,57.2456],[10.9542,57.2457],[10.9538,57.2457],[10.9533,57.2458],[10.9528,57.2459],[10.9525,57.2459],[10.9523,57.2459],[10.9521,57.2459],[10.9523,57.2458],[10.9528,57.2456],[10.9534,57.2455],[10.9538,57.2455],[10.954,57.2454],[10.9542,57.2454],[10.9546,57.2454],[10.9547,57.2455],[10.9565,57.2454],[10.9553,57.2446],[10.9561,57.2446],[10.9591,57.2465],[10.9594,57.2467],[10.9621,57.2465],[10.9589,57.2445],[10.9611,57.2445],[10.9627,57.2444],[10.9634,57.2444],[10.9633,57.2443],[10.9633,57.2443],[10.9634,57.2443],[10.9635,57.2443],[10.9634,57.2444],[10.9646,57.2444]],[[10.9363,57.2479],[10.9363,57.2479],[10.9362,57.2479],[10.9363,57.2478],[10.9364,57.2478],[10.9364,57.2479],[10.9363,57.2479]],[[10.9508,57.246],[10.9508,57.2461],[10.9504,57.246],[10.9508,57.246]],[[10.9499,57.2462],[10.9499,57.246],[10.95,57.246],[10.9501,57.246],[10.9501,57.2461],[10.9501,57.2461],[10.9499,57.2462]],[[10.9588,57.2454],[10.9587,57.2454],[10.9587,57.2454],[10.9586,57.2453],[10.9587,57.2453],[10.9588,57.2453],[10.9588,57.2453],[10.9588,57.2454]],[[10.961,57.2444],[10.9609,57.2444],[10.9608,57.2444],[10.9609,57.2444],[10.961,57.2444],[10.961,57.2444]]]},"properties":{"sourceId":"ais_par3.107443","a_type":3220,"hectares":38.644}},{"type":"Feature","id":"ais_par3.107444","geometry":{"type":"Polygon","coordinates":[[[10.931,57.293],[10.9302,57.2934],[10.9297,57.2936],[10.9292,57.2938],[10.9295,57.2941],[10.929,57.2944],[10.93,57.295],[10.9309,57.2949],[10.9314,57.2948],[10.9311,57.2943],[10.9317,57.2942],[10.9317,57.2935],[10.9318,57.2934],[10.932,57.2935],[10.9325,57.2939],[10.933,57.2942],[10.9334,57.2945],[10.9339,57.2947],[10.9341,57.2947],[10.9345,57.2947],[10.9346,57.2948],[10.9351,57.2948],[10.935,57.2946],[10.9363,57.2944],[10.9381,57.2941],[10.9393,57.2939],[10.9385,57.2932],[10.9382,57.2934],[10.938,57.2935],[10.9378,57.2935],[10.9374,57.2936],[10.9371,57.2937],[10.9371,57.2937],[10.9368,57.2935],[10.9365,57.2935],[10.9361,57.2936],[10.9358,57.2936],[10.9355,57.2938],[10.9353,57.2936],[10.9353,57.2936],[10.9349,57.2934],[10.9355,57.2931],[10.9344,57.2927],[10.9339,57.2927],[10.9336,57.2928],[10.9331,57.2929],[10.9328,57.293],[10.9325,57.293],[10.9323,57.2928],[10.9322,57.2926],[10.9327,57.2924],[10.933,57.2921],[10.9331,57.292],[10.9337,57.292],[10.9338,57.2918],[10.9341,57.2918],[10.9345,57.2919],[10.935,57.2917],[10.9346,57.2917],[10.9343,57.2917],[10.9347,57.2915],[10.9353,57.2914],[10.9358,57.2913],[10.9363,57.2911],[10.9366,57.2908],[10.9369,57.2908],[10.9372,57.2908],[10.9375,57.2906],[10.9376,57.2906],[10.9378,57.2905],[10.9375,57.2901],[10.9407,57.2897],[10.9409,57.2896],[10.941,57.2895],[10.9409,57.2894],[10.941,57.2892],[10.9413,57.2891],[10.9415,57.289],[10.9409,57.289],[10.9406,57.2892],[10.9401,57.2894],[10.9398,57.289],[10.939,57.2893],[10.9386,57.2895],[10.938,57.2898],[10.9374,57.29],[10.9362,57.2905],[10.936,57.2908],[10.9353,57.291],[10.9339,57.2915],[10.9331,57.2919],[10.9323,57.2923],[10.932,57.2925],[10.9315,57.2927],[10.931,57.293]],[[10.9339,57.2929],[10.9343,57.2929],[10.9343,57.2931],[10.9342,57.2931],[10.9341,57.2933],[10.934,57.2934],[10.9335,57.2934],[10.9333,57.2933],[10.9334,57.2931],[10.9334,57.293],[10.9339,57.2929]]]},"properties":{"sourceId":"ais_par3.107444","a_type":3220,"hectares":10.342}},{"type":"Feature","id":"ais_par3.107456","geometry":{"type":"Polygon","coordinates":[[[10.935,57.2917],[10.9354,57.2917],[10.9355,57.2918],[10.9355,57.2918],[10.936,57.2917],[10.9362,57.2916],[10.9366,57.2916],[10.9367,57.2917],[10.9368,57.2919],[10.937,57.2921],[10.9366,57.2921],[10.9363,57.2922],[10.9361,57.2923],[10.9359,57.2923],[10.9357,57.2921],[10.9354,57.2922],[10.9354,57.2923],[10.9353,57.2923],[10.9351,57.2924],[10.9351,57.2925],[10.9347,57.2925],[10.9344,57.2927],[10.9352,57.2926],[10.9358,57.2925],[10.936,57.2925],[10.9367,57.2924],[10.9379,57.2922],[10.9379,57.2919],[10.9378,57.2915],[10.9377,57.2913],[10.9386,57.2911],[10.9392,57.2909],[10.9399,57.2908],[10.9402,57.2908],[10.9404,57.2907],[10.9407,57.2907],[10.941,57.2911],[10.9417,57.2916],[10.9412,57.2919],[10.9409,57.2917],[10.9407,57.2917],[10.9404,57.2918],[10.9395,57.2921],[10.9385,57.2925],[10.9387,57.2926],[10.9388,57.2927],[10.9388,57.2929],[10.9389,57.2929],[10.9391,57.2929],[10.9394,57.2928],[10.9397,57.2927],[10.9399,57.2927],[10.9402,57.2928],[10.9406,57.2928],[10.9408,57.2927],[10.9412,57.2927],[10.9416,57.2927],[10.9419,57.2926],[10.942,57.2927],[10.9423,57.2927],[10.9425,57.2926],[10.9427,57.2925],[10.943,57.2925],[10.9434,57.2925],[10.9436,57.2924],[10.9435,57.2922],[10.9433,57.2921],[10.9431,57.292],[10.943,57.2919],[10.9431,57.2918],[10.9435,57.2916],[10.9438,57.2914],[10.9441,57.2912],[10.9444,57.291],[10.9449,57.2909],[10.9453,57.2907],[10.9455,57.2906],[10.9457,57.2906],[10.9462,57.2902],[10.9465,57.29],[10.9467,57.2899],[10.9468,57.2898],[10.9471,57.2898],[10.9476,57.2897],[10.9481,57.2897],[10.9486,57.2896],[10.9489,57.2896],[10.9492,57.2895],[10.9494,57.2895],[10.9494,57.2894],[10.9492,57.2894],[10.9488,57.2892],[10.9486,57.2892],[10.9483,57.289],[10.9481,57.289],[10.9478,57.289],[10.9477,57.2889],[10.9475,57.2889],[10.9471,57.289],[10.9466,57.2891],[10.9465,57.2891],[10.946,57.2894],[10.9456,57.2896],[10.9452,57.2898],[10.9449,57.29],[10.9441,57.2903],[10.9438,57.2904],[10.9431,57.2906],[10.9427,57.2907],[10.9428,57.2906],[10.9432,57.2905],[10.9436,57.2903],[10.9439,57.2903],[10.944,57.2902],[10.9436,57.2901],[10.9438,57.29],[10.9443,57.29],[10.9446,57.2898],[10.9448,57.2896],[10.9449,57.2894],[10.9448,57.2893],[10.9449,57.2892],[10.945,57.2891],[10.9449,57.2891],[10.945,57.2889],[10.9453,57.2888],[10.9452,57.2887],[10.9454,57.2886],[10.9458,57.2886],[10.946,57.2884],[10.9461,57.2882],[10.9465,57.2881],[10.9467,57.2881],[10.9465,57.2881],[10.9465,57.288],[10.9469,57.2879],[10.9476,57.2877],[10.9477,57.2877],[10.9474,57.2873],[10.947,57.2868],[10.9462,57.2856],[10.9456,57.2849],[10.9453,57.285],[10.9448,57.2852],[10.9434,57.2858],[10.9419,57.2865],[10.9408,57.287],[10.9412,57.2876],[10.9413,57.2876],[10.9418,57.2874],[10.9419,57.2874],[10.9421,57.2876],[10.9421,57.2876],[10.9424,57.2875],[10.9425,57.2875],[10.9426,57.2873],[10.9427,57.2871],[10.9432,57.2869],[10.944,57.2867],[10.9444,57.2865],[10.945,57.2863],[10.9451,57.2863],[10.9449,57.2862],[10.9448,57.2862],[10.9447,57.2862],[10.9446,57.2862],[10.9448,57.2861],[10.9452,57.2861],[10.9458,57.286],[10.9459,57.286],[10.9461,57.286],[10.946,57.2861],[10.9456,57.2863],[10.9455,57.2864],[10.9453,57.2864],[10.945,57.2866],[10.9449,57.2866],[10.9444,57.2868],[10.9439,57.2869],[10.9433,57.287],[10.943,57.2872],[10.9427,57.2874],[10.9427,57.2876],[10.9424,57.2877],[10.9421,57.2878],[10.9421,57.2879],[10.9422,57.2881],[10.9423,57.2882],[10.9426,57.2882],[10.9429,57.2884],[10.9431,57.2883],[10.9432,57.2883],[10.9432,57.2882],[10.9433,57.2882],[10.9436,57.288],[10.9438,57.2879],[10.9442,57.2876],[10.9444,57.2876],[10.9446,57.2875],[10.9448,57.2874],[10.9452,57.2874],[10.9458,57.2874],[10.9464,57.2873],[10.9463,57.2874],[10.9456,57.2876],[10.9452,57.2878],[10.9446,57.2881],[10.9439,57.2886],[10.9438,57.2886],[10.9434,57.2888],[10.9432,57.2889],[10.943,57.289],[10.9428,57.2891],[10.9426,57.2892],[10.9423,57.2894],[10.942,57.2894],[10.9417,57.2896],[10.9414,57.2897],[10.9408,57.29],[10.9406,57.29],[10.9394,57.2904],[10.9391,57.2905],[10.9386,57.2906],[10.9384,57.2907],[10.9381,57.2908],[10.938,57.2908],[10.938,57.2908],[10.9377,57.2909],[10.9372,57.291],[10.9368,57.2912],[10.9363,57.2913],[10.936,57.2914],[10.9356,57.2916],[10.935,57.2917]]]},"properties":{"sourceId":"ais_par3.107456","a_type":3220,"hectares":21.582}},{"type":"Feature","id":"ais_par3.107457","geometry":{"type":"Polygon","coordinates":[[[11.0139,57.2371],[11.0141,57.2367],[11.0136,57.2368],[11.0135,57.2367],[11.0135,57.2367],[11.0128,57.2368],[11.0116,57.2371],[11.011,57.2372],[11.0106,57.2372],[11.0097,57.2373],[11.0094,57.2373],[11.009,57.2375],[11.0085,57.2376],[11.0081,57.2376],[11.0078,57.2375],[11.0072,57.2378],[11.0066,57.238],[11.0061,57.2381],[11.0058,57.2397],[11.0052,57.2395],[11.005,57.2397],[11.0046,57.2396],[11.0048,57.2385],[11.0047,57.2387],[11.0045,57.2389],[11.0043,57.2389],[11.0042,57.2387],[11.0041,57.2386],[11.0039,57.2386],[11.0041,57.2385],[11.0044,57.2383],[11.0049,57.238],[11.0049,57.2378],[11.0045,57.2378],[11.0041,57.2379],[11.0034,57.2382],[11.0029,57.2384],[11.0026,57.2386],[11.0026,57.2388],[11.0022,57.2388],[11.002,57.2387],[11.0015,57.239],[11.0017,57.2391],[11.002,57.2393],[11.0023,57.2394],[11.0023,57.2395],[11.0025,57.2396],[11.0031,57.2399],[11.0034,57.2399],[11.0036,57.2401],[11.0037,57.2401],[11.004,57.2402],[11.0043,57.2404],[11.0053,57.2407],[11.0061,57.2409],[11.0065,57.2413],[11.0075,57.2419],[11.008,57.242],[11.009,57.2423],[11.01,57.2424],[11.0106,57.2424],[11.0113,57.2423],[11.0119,57.2421],[11.0109,57.2421],[11.0116,57.2375],[11.0127,57.2372],[11.0139,57.2371]],[[11.0101,57.2421],[11.009,57.242],[11.0093,57.2402],[11.0091,57.2401],[11.0084,57.2401],[11.0082,57.2401],[11.008,57.2401],[11.0079,57.2401],[11.0077,57.2401],[11.0078,57.24],[11.0079,57.24],[11.0084,57.24],[11.0092,57.2401],[11.0093,57.2394],[11.0093,57.2394],[11.0091,57.2394],[11.009,57.2394],[11.0089,57.2393],[11.0088,57.2392],[11.0086,57.2392],[11.0083,57.2391],[11.0081,57.2391],[11.0078,57.239],[11.0075,57.239],[11.0074,57.2389],[11.0075,57.2388],[11.0077,57.2389],[11.0078,57.2389],[11.0082,57.239],[11.0086,57.2391],[11.0089,57.2391],[11.009,57.2391],[11.0092,57.2391],[11.0094,57.2392],[11.0096,57.2378],[11.0107,57.2377],[11.0101,57.2421]]]},"properties":{"sourceId":"ais_par3.107457","a_type":3220,"hectares":16.994}},{"type":"Feature","id":"ais_par3.107458","geometry":{"type":"Polygon","coordinates":[[[10.915,57.25],[10.9148,57.2497],[10.915,57.2496],[10.9155,57.2495],[10.9157,57.2495],[10.9161,57.2501],[10.9161,57.2501],[10.9166,57.25],[10.9162,57.2492],[10.9144,57.2494],[10.9143,57.2493],[10.914,57.2492],[10.9138,57.2491],[10.9136,57.2491],[10.9133,57.2492],[10.913,57.2492],[10.9124,57.2492],[10.9115,57.2493],[10.9103,57.2494],[10.9089,57.2496],[10.9078,57.2497],[10.9073,57.2498],[10.9073,57.2499],[10.9076,57.25],[10.9076,57.25],[10.9058,57.2502],[10.9058,57.2504],[10.9058,57.2506],[10.9058,57.2509],[10.9061,57.251],[10.906,57.251],[10.9061,57.2513],[10.9069,57.2515],[10.9073,57.2515],[10.9079,57.2516],[10.9087,57.2527],[10.9118,57.2529],[10.9138,57.253],[10.9152,57.2531],[10.9149,57.2542],[10.9148,57.2543],[10.9161,57.2544],[10.9158,57.255],[10.9169,57.2552],[10.9165,57.2544],[10.9159,57.2531],[10.9158,57.2529],[10.915,57.2512],[10.9147,57.2505],[10.9146,57.25],[10.915,57.25]],[[10.9101,57.2509],[10.91,57.2508],[10.9101,57.2507],[10.9102,57.2508],[10.9102,57.2509],[10.9101,57.2509]],[[10.9113,57.2506],[10.9112,57.2506],[10.9112,57.2506],[10.9112,57.2506],[10.9112,57.2505],[10.9113,57.2505],[10.9113,57.2506],[10.9113,57.2506]]]},"properties":{"sourceId":"ais_par3.107458","a_type":3220,"hectares":20.481}},{"type":"Feature","id":"ais_par3.107461","geometry":{"type":"Polygon","coordinates":[[[10.9544,57.2764],[10.9534,57.2757],[10.9541,57.2754],[10.9535,57.2745],[10.9528,57.2747],[10.9529,57.2753],[10.9524,57.2756],[10.9519,57.2759],[10.9525,57.2773],[10.9528,57.2774],[10.9544,57.2764]]]},"properties":{"sourceId":"ais_par3.107461","a_type":3220,"hectares":2.566}},{"type":"Feature","id":"ais_par3.107463","geometry":{"type":"Polygon","coordinates":[[[10.9565,57.2752],[10.9552,57.2757],[10.9544,57.2764],[10.9556,57.2774],[10.957,57.2769],[10.9575,57.2773],[10.9575,57.2778],[10.9569,57.2782],[10.9561,57.2784],[10.9549,57.2784],[10.9542,57.2785],[10.9535,57.2787],[10.9537,57.2789],[10.9545,57.279],[10.9546,57.279],[10.9546,57.2793],[10.9541,57.2794],[10.9536,57.2797],[10.9534,57.2794],[10.9524,57.2797],[10.9527,57.28],[10.9522,57.2799],[10.952,57.2796],[10.9519,57.2795],[10.9517,57.2794],[10.9513,57.2795],[10.9509,57.2796],[10.9504,57.2798],[10.9494,57.28],[10.9492,57.28],[10.9489,57.2801],[10.9485,57.2802],[10.9487,57.2804],[10.9488,57.2805],[10.9486,57.2806],[10.9485,57.2807],[10.9485,57.2808],[10.948,57.2808],[10.9477,57.2808],[10.9476,57.2811],[10.9478,57.2811],[10.946,57.2816],[10.9456,57.2817],[10.9453,57.2816],[10.9451,57.2815],[10.9453,57.2813],[10.9448,57.2811],[10.943,57.2816],[10.9427,57.2817],[10.9423,57.2818],[10.9427,57.2823],[10.9431,57.2822],[10.9435,57.2821],[10.9438,57.2821],[10.9441,57.2822],[10.9458,57.282],[10.9467,57.2819],[10.9473,57.2822],[10.9485,57.2816],[10.948,57.2813],[10.9503,57.2807],[10.9503,57.2806],[10.9509,57.2805],[10.9515,57.2803],[10.9525,57.2801],[10.9531,57.28],[10.9532,57.2801],[10.9539,57.2799],[10.9542,57.2798],[10.9545,57.2796],[10.9552,57.2794],[10.9557,57.2792],[10.9558,57.2791],[10.9557,57.2787],[10.9554,57.2787],[10.9547,57.2787],[10.9543,57.2787],[10.9547,57.2786],[10.955,57.2786],[10.9555,57.2786],[10.9562,57.2786],[10.9566,57.2785],[10.9573,57.2784],[10.9578,57.2783],[10.9585,57.2779],[10.9585,57.2777],[10.9588,57.2775],[10.9591,57.2776],[10.9591,57.2777],[10.9595,57.2775],[10.9603,57.2771],[10.9613,57.2765],[10.9597,57.2757],[10.9592,57.2751],[10.9565,57.2752]]]},"properties":{"sourceId":"ais_par3.107463","a_type":3220,"hectares":14.857}},{"type":"Feature","id":"ais_par3.107472","geometry":{"type":"Polygon","coordinates":[[[10.9219,57.2605],[10.9216,57.2605],[10.9216,57.2608],[10.9216,57.2609],[10.9212,57.2609],[10.9208,57.2609],[10.9205,57.2608],[10.9204,57.2605],[10.9209,57.2604],[10.9213,57.2604],[10.9216,57.2605],[10.9214,57.2599],[10.9219,57.2599],[10.922,57.2594],[10.9185,57.2578],[10.9186,57.2582],[10.9185,57.2584],[10.9184,57.2583],[10.9182,57.2582],[10.9195,57.2606],[10.9182,57.261],[10.9171,57.2613],[10.9166,57.2614],[10.9167,57.2617],[10.9169,57.2617],[10.9201,57.2616],[10.9198,57.2619],[10.9219,57.2618],[10.9219,57.2615],[10.9219,57.2612],[10.9248,57.261],[10.9251,57.2609],[10.925,57.2605],[10.9219,57.2605]]]},"properties":{"sourceId":"ais_par3.107472","a_type":3220,"hectares":8.076}},{"type":"Feature","id":"ais_par3.107494","geometry":{"type":"Polygon","coordinates":[[[11.0413,57.2791],[11.0412,57.2794],[11.0403,57.2798],[11.0402,57.2815],[11.041,57.2815],[11.0411,57.2806],[11.0411,57.2799],[11.0418,57.2799],[11.0419,57.2801],[11.0424,57.2793],[11.0413,57.2791]]]},"properties":{"sourceId":"ais_par3.107494","a_type":3220,"hectares":1.635}},{"type":"Feature","id":"ais_par3.107509","geometry":{"type":"Polygon","coordinates":[[[10.9593,57.2615],[10.9584,57.2606],[10.9582,57.2607],[10.9592,57.2616],[10.9606,57.2629],[10.961,57.2627],[10.9607,57.2622],[10.9613,57.262],[10.9615,57.2619],[10.9616,57.2619],[10.9614,57.2618],[10.9613,57.2618],[10.9613,57.2617],[10.9615,57.2617],[10.9616,57.2617],[10.9616,57.2618],[10.9616,57.2619],[10.962,57.2617],[10.9627,57.2614],[10.9626,57.2613],[10.9621,57.2608],[10.9613,57.2599],[10.9589,57.2606],[10.9597,57.2614],[10.9593,57.2615]]]},"properties":{"sourceId":"ais_par3.107509","a_type":3220,"hectares":3.938}},{"type":"Feature","id":"ais_par3.107511","geometry":{"type":"Polygon","coordinates":[[[10.9677,57.2842],[10.9672,57.2843],[10.9666,57.2845],[10.966,57.2846],[10.9654,57.2848],[10.9648,57.2849],[10.9642,57.285],[10.9638,57.2851],[10.9634,57.2853],[10.963,57.2854],[10.9626,57.2856],[10.962,57.2858],[10.9618,57.286],[10.9614,57.2862],[10.9613,57.2864],[10.9613,57.2865],[10.9616,57.2866],[10.9619,57.2868],[10.962,57.2869],[10.9622,57.287],[10.9623,57.2871],[10.9624,57.2871],[10.9625,57.2871],[10.9627,57.2871],[10.9627,57.287],[10.9627,57.2869],[10.9626,57.2869],[10.9622,57.2868],[10.962,57.2867],[10.9619,57.2866],[10.9622,57.2866],[10.9623,57.2866],[10.962,57.2864],[10.9619,57.2864],[10.9618,57.2863],[10.9622,57.2862],[10.9627,57.2862],[10.9633,57.2862],[10.9637,57.2862],[10.964,57.2861],[10.964,57.2861],[10.9639,57.286],[10.9641,57.2859],[10.9645,57.286],[10.9646,57.286],[10.9649,57.2861],[10.9646,57.2861],[10.9644,57.2861],[10.9645,57.2862],[10.9647,57.2863],[10.9651,57.2863],[10.9655,57.2862],[10.9659,57.2863],[10.9664,57.2863],[10.9668,57.2864],[10.9671,57.2863],[10.9674,57.2863],[10.968,57.2864],[10.9685,57.2864],[10.969,57.2864],[10.9693,57.2865],[10.9696,57.2866],[10.9698,57.2864],[10.9699,57.2865],[10.97,57.2865],[10.9701,57.2864],[10.97,57.2864],[10.9696,57.2862],[10.9688,57.2862],[10.968,57.2862],[10.9671,57.2861],[10.9665,57.2861],[10.9659,57.2859],[10.9656,57.2859],[10.9652,57.2859],[10.9646,57.2858],[10.9644,57.2857],[10.9641,57.2857],[10.9637,57.2858],[10.9634,57.2855],[10.9636,57.2855],[10.9638,57.2855],[10.964,57.2855],[10.964,57.2853],[10.9643,57.2853],[10.9645,57.2853],[10.9647,57.2853],[10.965,57.2852],[10.9651,57.2852],[10.9655,57.285],[10.9658,57.2849],[10.9664,57.2848],[10.9668,57.2848],[10.9672,57.2848],[10.9674,57.2847],[10.9678,57.2847],[10.968,57.2847],[10.9679,57.2845],[10.9677,57.2842]]]},"properties":{"sourceId":"ais_par3.107511","a_type":3220,"hectares":3.24}},{"type":"Feature","id":"ais_par3.107517","geometry":{"type":"Polygon","coordinates":[[[10.983,57.271],[10.9849,57.2708],[10.9861,57.2694],[10.9847,57.2691],[10.9846,57.2692],[10.983,57.271]]]},"properties":{"sourceId":"ais_par3.107517","a_type":3220,"hectares":1.901}},{"type":"Feature","id":"ais_par3.107520","geometry":{"type":"Polygon","coordinates":[[[11.0387,57.2785],[11.0381,57.2784],[11.038,57.2788],[11.0384,57.2791],[11.039,57.2794],[11.0397,57.2795],[11.0402,57.2795],[11.0404,57.2795],[11.0405,57.2795],[11.041,57.2792],[11.0413,57.2791],[11.0413,57.2781],[11.0401,57.2781],[11.0402,57.2779],[11.0402,57.2776],[11.0377,57.2778],[11.0378,57.2782],[11.0383,57.2783],[11.0387,57.2783],[11.0387,57.2785]]]},"properties":{"sourceId":"ais_par3.107520","a_type":3220,"hectares":3.291}},{"type":"Feature","id":"ais_par3.107544","geometry":{"type":"Polygon","coordinates":[[[10.954,57.2745],[10.9544,57.2753],[10.9548,57.2752],[10.9558,57.2752],[10.9565,57.2752],[10.9569,57.274],[10.9558,57.2741],[10.9554,57.2744],[10.954,57.2745]]]},"properties":{"sourceId":"ais_par3.107544","a_type":3220,"hectares":1.586}},{"type":"Feature","id":"ais_par3.107547","geometry":{"type":"Polygon","coordinates":[[[10.983,57.2729],[10.9838,57.2725],[10.9841,57.2725],[10.983,57.271],[10.9817,57.2725],[10.9822,57.2726],[10.983,57.2729]]]},"properties":{"sourceId":"ais_par3.107547","a_type":3220,"hectares":1.528}},{"type":"Feature","id":"ais_par3.107592","geometry":{"type":"Polygon","coordinates":[[[10.9639,57.2847],[10.9642,57.2847],[10.9645,57.2847],[10.9648,57.2847],[10.965,57.2846],[10.9653,57.2845],[10.9657,57.2844],[10.9659,57.2844],[10.9662,57.2843],[10.9664,57.2843],[10.9669,57.2842],[10.9672,57.2842],[10.9677,57.2842],[10.9674,57.2839],[10.9671,57.284],[10.9665,57.2841],[10.9661,57.2841],[10.9654,57.2842],[10.9647,57.2843],[10.9637,57.2845],[10.9638,57.2846],[10.9639,57.2847]]]},"properties":{"sourceId":"ais_par3.107592","a_type":3220,"hectares":0.671}},{"type":"Feature","id":"ais_par3.107598","geometry":{"type":"Polygon","coordinates":[[[11.1567,57.3176],[11.1581,57.3175],[11.1589,57.3175],[11.1597,57.3175],[11.1572,57.3169],[11.1569,57.3172],[11.1567,57.3176]]]},"properties":{"sourceId":"ais_par3.107598","a_type":3220,"hectares":0.632}},{"type":"Feature","id":"ais_par3.107633","geometry":{"type":"Polygon","coordinates":[[[11.0152,57.2367],[11.0145,57.2368],[11.0139,57.2371],[11.0151,57.2371],[11.0152,57.2367]]]},"properties":{"sourceId":"ais_par3.107633","a_type":3220,"hectares":0.223}},{"type":"Feature","id":"ais_par3.109176","geometry":{"type":"Polygon","coordinates":[[[11.0342,57.3032],[11.0352,57.3033],[11.0366,57.3031],[11.0369,57.3028],[11.0372,57.3026],[11.0372,57.3023],[11.0371,57.3023],[11.0366,57.3021],[11.036,57.3022],[11.0359,57.3021],[11.0359,57.3019],[11.0356,57.3019],[11.0356,57.302],[11.0356,57.3021],[11.036,57.3023],[11.0361,57.3024],[11.036,57.3025],[11.0357,57.3024],[11.0354,57.3023],[11.0352,57.3022],[11.0352,57.3024],[11.0351,57.3025],[11.0349,57.3027],[11.0346,57.3027],[11.0342,57.3026],[11.0338,57.3028],[11.0338,57.3026],[11.0336,57.3025],[11.0333,57.3026],[11.0332,57.3027],[11.0332,57.3029],[11.0332,57.303],[11.0334,57.3031],[11.0338,57.3032],[11.0342,57.3032]]]},"properties":{"sourceId":"ais_par3.109176","a_type":4120,"hectares":1.924}},{"type":"Feature","id":"ais_par3.109177","geometry":{"type":"Polygon","coordinates":[[[10.9846,57.3029],[10.9846,57.3029],[10.9849,57.3029],[10.9849,57.3028],[10.9848,57.3027],[10.9846,57.3028],[10.9846,57.3029]]]},"properties":{"sourceId":"ais_par3.109177","a_type":4120,"hectares":0.027}},{"type":"Feature","id":"ais_par3.109178","geometry":{"type":"Polygon","coordinates":[[[10.984,57.3025],[10.9839,57.3025],[10.9837,57.3025],[10.9838,57.3026],[10.984,57.3026],[10.9841,57.3026],[10.984,57.3025]]]},"properties":{"sourceId":"ais_par3.109178","a_type":4120,"hectares":0.017}},{"type":"Feature","id":"ais_par3.109172","geometry":{"type":"Polygon","coordinates":[[[11.0403,57.3079],[11.0403,57.3079],[11.0401,57.3078],[11.0398,57.3078],[11.0394,57.3079],[11.0393,57.308],[11.0394,57.3082],[11.0396,57.3082],[11.0398,57.3082],[11.04,57.3083],[11.0399,57.3083],[11.0397,57.3084],[11.04,57.3086],[11.0403,57.3086],[11.0407,57.3085],[11.0411,57.3087],[11.0413,57.3086],[11.0412,57.3085],[11.041,57.3084],[11.0407,57.3084],[11.0405,57.3083],[11.0402,57.3083],[11.0403,57.3082],[11.0405,57.3082],[11.0408,57.3082],[11.0409,57.3082],[11.0412,57.3083],[11.0412,57.3083],[11.0413,57.3084],[11.0415,57.3085],[11.0418,57.3085],[11.042,57.3085],[11.0423,57.3082],[11.0424,57.3081],[11.0421,57.3081],[11.0416,57.308],[11.0412,57.3079],[11.0408,57.3078],[11.0411,57.3076],[11.0412,57.3074],[11.0417,57.3074],[11.0424,57.3076],[11.0426,57.3076],[11.0429,57.3077],[11.0431,57.3077],[11.0433,57.3077],[11.0434,57.3078],[11.0435,57.3078],[11.0436,57.3078],[11.0439,57.3077],[11.0445,57.3076],[11.0445,57.3075],[11.0445,57.3074],[11.0448,57.3072],[11.0452,57.3073],[11.0454,57.3075],[11.0459,57.3075],[11.0459,57.3078],[11.0463,57.3078],[11.0468,57.3079],[11.0472,57.3079],[11.0476,57.3078],[11.0479,57.3079],[11.0479,57.308],[11.0482,57.3079],[11.0485,57.3079],[11.0487,57.3078],[11.0484,57.3074],[11.0486,57.307],[11.0481,57.307],[11.0474,57.3071],[11.0469,57.3071],[11.0463,57.307],[11.0461,57.3069],[11.0455,57.3069],[11.0453,57.3069],[11.0451,57.307],[11.0448,57.307],[11.0442,57.307],[11.0439,57.307],[11.0437,57.307],[11.0435,57.3069],[11.0431,57.3069],[11.0429,57.3069],[11.0429,57.3071],[11.0422,57.307],[11.0401,57.307],[11.0397,57.3071],[11.0399,57.3072],[11.0401,57.3072],[11.0405,57.3072],[11.0409,57.3073],[11.041,57.3074],[11.0408,57.3075],[11.0406,57.3075],[11.0403,57.3074],[11.0401,57.3073],[11.0397,57.3073],[11.0393,57.3072],[11.0392,57.3074],[11.0394,57.3075],[11.0399,57.3076],[11.0402,57.3076],[11.0403,57.3079]],[[11.0433,57.3076],[11.0432,57.3076],[11.0432,57.3075],[11.0429,57.3075],[11.0427,57.3075],[11.0428,57.3074],[11.043,57.3074],[11.0433,57.3075],[11.0434,57.3075],[11.0434,57.3076],[11.0433,57.3076]]]},"properties":{"sourceId":"ais_par3.109172","a_type":4120,"hectares":4.807}},{"type":"Feature","id":"ais_par3.109173","geometry":{"type":"Polygon","coordinates":[[[11.0031,57.3044],[11.0041,57.3045],[11.0056,57.3048],[11.008,57.3053],[11.0104,57.3059],[11.0115,57.3063],[11.0127,57.3068],[11.0122,57.3065],[11.0112,57.3058],[11.0097,57.3054],[11.0075,57.3047],[11.0053,57.3043],[11.0036,57.3039],[11.0034,57.3039],[11.0033,57.3043],[11.0031,57.3044]]]},"properties":{"sourceId":"ais_par3.109173","a_type":4120,"hectares":2.404}},{"type":"Feature","id":"ais_par3.109174","geometry":{"type":"Polygon","coordinates":[[[11.0431,57.3054],[11.0435,57.3055],[11.0437,57.3056],[11.0439,57.3057],[11.0443,57.3057],[11.0446,57.3056],[11.0447,57.3055],[11.0448,57.3055],[11.0447,57.3054],[11.0446,57.3055],[11.0443,57.3055],[11.0443,57.3055],[11.0444,57.3054],[11.0444,57.3051],[11.0443,57.3049],[11.0441,57.3048],[11.044,57.3048],[11.0439,57.3047],[11.0437,57.3046],[11.0436,57.3045],[11.0436,57.3045],[11.0435,57.3045],[11.0433,57.3046],[11.0434,57.3047],[11.0435,57.3049],[11.0435,57.3051],[11.0434,57.3051],[11.0432,57.3051],[11.0431,57.3052],[11.0431,57.3054],[11.0431,57.3054]]]},"properties":{"sourceId":"ais_par3.109174","a_type":4120,"hectares":0.701}},{"type":"Feature","id":"ais_par3.109175","geometry":{"type":"Polygon","coordinates":[[[11.0411,57.3054],[11.0428,57.3054],[11.0429,57.3052],[11.0429,57.305],[11.0428,57.305],[11.0428,57.3048],[11.0429,57.3047],[11.0431,57.3042],[11.043,57.304],[11.0429,57.3039],[11.0427,57.3039],[11.0426,57.3039],[11.0425,57.3038],[11.0424,57.3037],[11.0424,57.3029],[11.0423,57.3025],[11.0422,57.3024],[11.0419,57.3023],[11.0415,57.3023],[11.0414,57.3023],[11.0413,57.3022],[11.0412,57.3022],[11.041,57.3022],[11.0408,57.3021],[11.0404,57.3021],[11.0404,57.302],[11.0406,57.3019],[11.0403,57.3018],[11.04,57.3018],[11.0396,57.3019],[11.0392,57.3018],[11.0388,57.3017],[11.0386,57.3017],[11.0386,57.3017],[11.038,57.3017],[11.0383,57.3018],[11.0383,57.3019],[11.0381,57.302],[11.038,57.3022],[11.0381,57.3023],[11.0383,57.3024],[11.0388,57.3024],[11.0391,57.3025],[11.0392,57.3027],[11.039,57.3029],[11.0388,57.3029],[11.0384,57.303],[11.0376,57.303],[11.0374,57.303],[11.0373,57.3031],[11.0373,57.3033],[11.0375,57.3034],[11.0375,57.3037],[11.0376,57.304],[11.0379,57.3045],[11.0379,57.3046],[11.0384,57.3048],[11.0386,57.305],[11.0385,57.3052],[11.0397,57.3053],[11.0411,57.3054]]]},"properties":{"sourceId":"ais_par3.109175","a_type":4120,"hectares":10.138}},{"type":"Feature","id":"ais_par3.109179","geometry":{"type":"Polygon","coordinates":[[[10.983,57.3025],[10.9828,57.3025],[10.9828,57.3025],[10.983,57.3026],[10.9832,57.3025],[10.9832,57.3025],[10.983,57.3025]]]},"properties":{"sourceId":"ais_par3.109179","a_type":4120,"hectares":0.022}},{"type":"Feature","id":"ais_par3.109181","geometry":{"type":"Polygon","coordinates":[[[10.9757,57.288],[10.9755,57.2882],[10.9754,57.2883],[10.9754,57.2884],[10.9757,57.2886],[10.976,57.2886],[10.9761,57.2885],[10.9761,57.2883],[10.9766,57.2881],[10.977,57.2878],[10.9775,57.2876],[10.9774,57.2874],[10.9766,57.2877],[10.9761,57.2879],[10.9759,57.2879],[10.976,57.288],[10.9761,57.2881],[10.976,57.2881],[10.9758,57.2881],[10.9757,57.288]]]},"properties":{"sourceId":"ais_par3.109181","a_type":4120,"hectares":0.512}},{"type":"Feature","id":"ais_par3.109182","geometry":{"type":"Polygon","coordinates":[[[10.9428,57.2891],[10.943,57.289],[10.9432,57.2889],[10.9434,57.2888],[10.9438,57.2886],[10.9439,57.2886],[10.9446,57.2881],[10.9452,57.2878],[10.9456,57.2876],[10.9463,57.2874],[10.9464,57.2873],[10.9458,57.2874],[10.9452,57.2874],[10.9448,57.2874],[10.9446,57.2875],[10.9444,57.2876],[10.9442,57.2876],[10.9438,57.2879],[10.9436,57.288],[10.9433,57.2882],[10.9432,57.2882],[10.9434,57.2882],[10.9435,57.2881],[10.9437,57.288],[10.944,57.2879],[10.9441,57.2878],[10.9443,57.2879],[10.9442,57.288],[10.9436,57.2883],[10.9435,57.2884],[10.9431,57.2886],[10.9429,57.2888],[10.9428,57.2891]]]},"properties":{"sourceId":"ais_par3.109182","a_type":4120,"hectares":0.93}},{"type":"Feature","id":"ais_par3.109183","geometry":{"type":"Polygon","coordinates":[[[10.9563,57.2881],[10.9564,57.2881],[10.9566,57.2881],[10.9568,57.2881],[10.9571,57.2881],[10.9572,57.288],[10.9575,57.288],[10.9579,57.288],[10.9583,57.2879],[10.9586,57.2878],[10.9588,57.2877],[10.9588,57.2876],[10.9586,57.2874],[10.9582,57.2873],[10.9578,57.2874],[10.9577,57.2875],[10.9575,57.2876],[10.9573,57.2877],[10.9569,57.2878],[10.9563,57.2881]],[[10.9578,57.2876],[10.9579,57.2875],[10.9582,57.2874],[10.9583,57.2874],[10.9584,57.2875],[10.9584,57.2876],[10.9584,57.2877],[10.9583,57.2877],[10.958,57.2877],[10.9577,57.2878],[10.9576,57.2877],[10.9577,57.2877],[10.9578,57.2876]]]},"properties":{"sourceId":"ais_par3.109183","a_type":4120,"hectares":0.519}},{"type":"Feature","id":"ais_par3.109184","geometry":{"type":"Polygon","coordinates":[[[10.9421,57.2876],[10.9421,57.2878],[10.9424,57.2877],[10.9427,57.2876],[10.9427,57.2874],[10.943,57.2872],[10.9433,57.287],[10.9439,57.2869],[10.9444,57.2868],[10.9449,57.2866],[10.945,57.2866],[10.9453,57.2864],[10.9455,57.2864],[10.9456,57.2863],[10.946,57.2861],[10.9461,57.286],[10.9459,57.286],[10.9458,57.286],[10.9452,57.2861],[10.9448,57.2861],[10.9446,57.2862],[10.9447,57.2862],[10.9448,57.2862],[10.9449,57.2862],[10.9451,57.2863],[10.945,57.2863],[10.9444,57.2865],[10.944,57.2867],[10.9432,57.2869],[10.9427,57.2871],[10.9426,57.2873],[10.9425,57.2875],[10.9424,57.2875],[10.9421,57.2876]]]},"properties":{"sourceId":"ais_par3.109184","a_type":4120,"hectares":0.652}},{"type":"Feature","id":"ais_par3.109185","geometry":{"type":"Polygon","coordinates":[[[10.9795,57.2853],[10.9799,57.2853],[10.9805,57.2853],[10.9807,57.2852],[10.9808,57.2852],[10.9808,57.2851],[10.9806,57.2851],[10.9803,57.2849],[10.9803,57.2849],[10.9802,57.2849],[10.9801,57.2849],[10.9798,57.2848],[10.9797,57.2847],[10.9794,57.2848],[10.9793,57.2849],[10.9791,57.285],[10.979,57.285],[10.9788,57.285],[10.9785,57.285],[10.9784,57.2851],[10.9785,57.2852],[10.9787,57.2852],[10.9791,57.2853],[10.9795,57.2853]]]},"properties":{"sourceId":"ais_par3.109185","a_type":4120,"hectares":0.55}},{"type":"Feature","id":"ais_par3.109186","geometry":{"type":"Polygon","coordinates":[[[10.9612,57.2842],[10.9609,57.2842],[10.9607,57.2843],[10.9608,57.2843],[10.9609,57.2844],[10.9611,57.2844],[10.9613,57.2843],[10.9612,57.2842]]]},"properties":{"sourceId":"ais_par3.109186","a_type":4120,"hectares":0.056}},{"type":"Feature","id":"ais_par3.109187","geometry":{"type":"Polygon","coordinates":[[[10.9378,57.2905],[10.9376,57.2906],[10.9375,57.2906],[10.9372,57.2908],[10.9369,57.2908],[10.9366,57.2908],[10.9363,57.2911],[10.9358,57.2913],[10.9353,57.2914],[10.9347,57.2915],[10.9343,57.2917],[10.9346,57.2917],[10.935,57.2917],[10.9356,57.2916],[10.936,57.2914],[10.9363,57.2913],[10.9368,57.2912],[10.9372,57.291],[10.9377,57.2909],[10.938,57.2908],[10.938,57.2908],[10.9381,57.2908],[10.9384,57.2907],[10.9386,57.2906],[10.9391,57.2905],[10.9394,57.2904],[10.9406,57.29],[10.9408,57.29],[10.9408,57.2898],[10.9411,57.2896],[10.9414,57.2893],[10.9415,57.289],[10.9413,57.2891],[10.941,57.2892],[10.9409,57.2894],[10.941,57.2895],[10.9409,57.2896],[10.9407,57.2897],[10.9375,57.2901],[10.9378,57.2905]]]},"properties":{"sourceId":"ais_par3.109187","a_type":4120,"hectares":1.874}},{"type":"Feature","id":"ais_par3.109188","geometry":{"type":"Polygon","coordinates":[[[10.9886,57.2834],[10.9887,57.2831],[10.9889,57.2829],[10.9897,57.2829],[10.9898,57.2825],[10.9893,57.2825],[10.9889,57.2825],[10.9888,57.2825],[10.9888,57.2826],[10.9887,57.2827],[10.9885,57.2827],[10.9884,57.2826],[10.9885,57.2825],[10.9883,57.2826],[10.988,57.2828],[10.988,57.2829],[10.9878,57.2833],[10.9886,57.2834]]]},"properties":{"sourceId":"ais_par3.109188","a_type":4120,"hectares":0.609}},{"type":"Feature","id":"ais_par3.109189","geometry":{"type":"Polygon","coordinates":[[[10.9948,57.2814],[10.9952,57.2813],[10.9956,57.2813],[10.9965,57.2813],[10.9963,57.2812],[10.9964,57.2811],[10.9966,57.281],[10.9971,57.2808],[10.9972,57.2808],[10.9972,57.2807],[10.9968,57.2807],[10.9948,57.2814]]]},"properties":{"sourceId":"ais_par3.109189","a_type":4120,"hectares":0.31}},{"type":"Feature","id":"ais_par3.109190","geometry":{"type":"Polygon","coordinates":[[[10.9643,57.2771],[10.9646,57.277],[10.9651,57.2768],[10.9653,57.2767],[10.9655,57.2767],[10.9655,57.2767],[10.9657,57.2766],[10.9657,57.2765],[10.9657,57.2765],[10.9658,57.2764],[10.9657,57.2763],[10.9655,57.2764],[10.9653,57.2764],[10.9645,57.2764],[10.9645,57.2765],[10.9645,57.2766],[10.9643,57.2767],[10.9641,57.2768],[10.964,57.277],[10.9639,57.2771],[10.9636,57.2773],[10.9637,57.2773],[10.9639,57.2773],[10.964,57.2773],[10.9643,57.2771]]]},"properties":{"sourceId":"ais_par3.109190","a_type":4120,"hectares":0.467}},{"type":"Feature","id":"ais_par3.109191","geometry":{"type":"Polygon","coordinates":[[[10.9707,57.2763],[10.9712,57.2761],[10.9715,57.276],[10.9721,57.2757],[10.9727,57.2754],[10.9734,57.2751],[10.9736,57.2751],[10.974,57.2749],[10.9735,57.275],[10.9734,57.275],[10.9732,57.275],[10.973,57.2751],[10.9729,57.275],[10.9727,57.275],[10.9722,57.2753],[10.9715,57.2757],[10.9712,57.2758],[10.9706,57.276],[10.9699,57.2762],[10.9693,57.2764],[10.969,57.2765],[10.9688,57.2768],[10.969,57.2767],[10.9691,57.2767],[10.9693,57.2765],[10.9695,57.2764],[10.97,57.2764],[10.9707,57.2763]],[[10.9708,57.276],[10.9709,57.2761],[10.9706,57.2762],[10.9705,57.2762],[10.9705,57.2761],[10.9708,57.276]]]},"properties":{"sourceId":"ais_par3.109191","a_type":4120,"hectares":0.789}},{"type":"Feature","id":"ais_par3.109192","geometry":{"type":"Polygon","coordinates":[[[10.9473,57.2822],[10.9467,57.2819],[10.9458,57.282],[10.9463,57.2832],[10.9465,57.2834],[10.9469,57.2832],[10.9485,57.2829],[10.9494,57.2825],[10.9501,57.2824],[10.9509,57.2821],[10.9525,57.2815],[10.9526,57.2815],[10.9532,57.2811],[10.9546,57.2805],[10.9619,57.2768],[10.9628,57.2763],[10.9626,57.2763],[10.9632,57.2759],[10.964,57.2755],[10.9648,57.275],[10.9654,57.2747],[10.9654,57.2747],[10.9651,57.2747],[10.9649,57.2747],[10.9645,57.2748],[10.9642,57.2749],[10.964,57.275],[10.9638,57.2751],[10.9639,57.2753],[10.9638,57.2754],[10.9635,57.2755],[10.9634,57.2756],[10.9633,57.2757],[10.9632,57.2758],[10.963,57.2758],[10.9629,57.2759],[10.9628,57.276],[10.9624,57.2762],[10.9623,57.2761],[10.962,57.2762],[10.9618,57.2765],[10.9616,57.2767],[10.9613,57.2765],[10.9603,57.2771],[10.9595,57.2775],[10.9591,57.2777],[10.9591,57.2776],[10.9588,57.2775],[10.9585,57.2777],[10.9585,57.2779],[10.9578,57.2783],[10.9573,57.2784],[10.9566,57.2785],[10.9562,57.2786],[10.9555,57.2786],[10.955,57.2786],[10.9547,57.2786],[10.9543,57.2787],[10.9547,57.2787],[10.9554,57.2787],[10.9557,57.2787],[10.9558,57.2791],[10.9557,57.2792],[10.9552,57.2794],[10.9545,57.2796],[10.9542,57.2798],[10.9539,57.2799],[10.9532,57.2801],[10.9531,57.28],[10.9525,57.2801],[10.9515,57.2803],[10.9509,57.2805],[10.9503,57.2806],[10.9503,57.2807],[10.948,57.2813],[10.9485,57.2816],[10.9473,57.2822]]]},"properties":{"sourceId":"ais_par3.109192","a_type":4120,"hectares":12.061}},{"type":"Feature","id":"ais_par3.109193","geometry":{"type":"Polygon","coordinates":[[[10.9679,57.2755],[10.9685,57.2751],[10.9702,57.2739],[10.9703,57.2738],[10.9705,57.2737],[10.9706,57.2736],[10.9705,57.2736],[10.9703,57.2737],[10.9697,57.2741],[10.9693,57.2743],[10.9689,57.2745],[10.9686,57.2746],[10.9683,57.2747],[10.9681,57.2748],[10.9678,57.2749],[10.9675,57.275],[10.9674,57.275],[10.9673,57.2751],[10.9673,57.2752],[10.9675,57.2752],[10.9678,57.2751],[10.9678,57.2752],[10.9678,57.2753],[10.9675,57.2754],[10.9671,57.2754],[10.9667,57.2755],[10.9663,57.2756],[10.966,57.2757],[10.9657,57.2759],[10.9655,57.276],[10.9655,57.2761],[10.9657,57.2761],[10.9658,57.2761],[10.966,57.276],[10.9661,57.276],[10.9664,57.2759],[10.9667,57.2758],[10.9673,57.2757],[10.9675,57.2757],[10.9679,57.2755]]]},"properties":{"sourceId":"ais_par3.109193","a_type":4120,"hectares":1.072}},{"type":"Feature","id":"ais_par3.109194","geometry":{"type":"Polygon","coordinates":[[[10.9753,57.275],[10.9752,57.2746],[10.9737,57.2741],[10.9737,57.2735],[10.9747,57.2735],[10.9745,57.273],[10.9743,57.2726],[10.974,57.2726],[10.9736,57.2727],[10.9736,57.2729],[10.9735,57.273],[10.9731,57.273],[10.9731,57.2731],[10.973,57.2733],[10.973,57.2735],[10.9729,57.2736],[10.9728,57.2737],[10.9728,57.2738],[10.9733,57.274],[10.9733,57.2741],[10.9734,57.2743],[10.9731,57.2743],[10.9728,57.2742],[10.9724,57.2741],[10.9723,57.2741],[10.9725,57.2743],[10.9727,57.2743],[10.9727,57.2744],[10.9723,57.2744],[10.9721,57.2745],[10.9722,57.2746],[10.9727,57.2746],[10.9733,57.2745],[10.9738,57.2746],[10.974,57.2746],[10.9741,57.2747],[10.9742,57.2748],[10.9742,57.2749],[10.9741,57.2749],[10.9743,57.2749],[10.9747,57.2748],[10.9748,57.2748],[10.9749,57.2748],[10.9751,57.2749],[10.9753,57.275]]]},"properties":{"sourceId":"ais_par3.109194","a_type":4120,"hectares":1.825}},{"type":"Feature","id":"ais_par3.109195","geometry":{"type":"Polygon","coordinates":[[[10.9798,57.2686],[10.9797,57.2686],[10.9796,57.2686],[10.9793,57.2686],[10.9793,57.2688],[10.9791,57.2687],[10.9789,57.2688],[10.9789,57.269],[10.9794,57.269],[10.9799,57.2688],[10.98,57.2688],[10.9802,57.2688],[10.9804,57.2688],[10.9805,57.2687],[10.9807,57.2685],[10.9806,57.2683],[10.9804,57.2684],[10.9801,57.2685],[10.9801,57.2684],[10.9803,57.2682],[10.98,57.2682],[10.9798,57.2683],[10.9798,57.2684],[10.9798,57.2685],[10.9798,57.2686]],[[10.9799,57.2686],[10.98,57.2686],[10.9802,57.2686],[10.9803,57.2686],[10.9804,57.2686],[10.9802,57.2686],[10.98,57.2687],[10.98,57.2687],[10.9799,57.2686]]]},"properties":{"sourceId":"ais_par3.109195","a_type":4120,"hectares":0.396}},{"type":"Feature","id":"ais_par3.109196","geometry":{"type":"Polygon","coordinates":[[[10.9888,57.2717],[10.989,57.2714],[10.989,57.2708],[10.9885,57.2704],[10.9879,57.27],[10.9872,57.2697],[10.987,57.2692],[10.9867,57.2696],[10.9868,57.2696],[10.9857,57.271],[10.9849,57.2708],[10.983,57.271],[10.9841,57.2725],[10.9843,57.2725],[10.9849,57.2724],[10.9853,57.2724],[10.9856,57.2724],[10.986,57.2724],[10.9858,57.2723],[10.986,57.2722],[10.9867,57.2722],[10.9874,57.2723],[10.9887,57.272],[10.9888,57.2718],[10.9888,57.2717]],[[10.9882,57.2717],[10.9877,57.2719],[10.9872,57.272],[10.9868,57.272],[10.9866,57.2721],[10.9865,57.272],[10.9864,57.2718],[10.9863,57.2715],[10.9863,57.2714],[10.9865,57.2712],[10.9868,57.2711],[10.987,57.271],[10.9872,57.2708],[10.9877,57.2708],[10.9879,57.2708],[10.9881,57.2707],[10.9883,57.2706],[10.9886,57.2708],[10.9887,57.271],[10.9886,57.2711],[10.9885,57.2715],[10.9884,57.2716],[10.9882,57.2717]]]},"properties":{"sourceId":"ais_par3.109196","a_type":4120,"hectares":5.219}},{"type":"Feature","id":"ais_par3.109197","geometry":{"type":"Polygon","coordinates":[[[10.9809,57.264],[10.9809,57.2638],[10.9793,57.264],[10.979,57.2641],[10.9787,57.2641],[10.9784,57.2641],[10.9781,57.2641],[10.9779,57.2643],[10.9777,57.2644],[10.9773,57.2644],[10.9771,57.2644],[10.9767,57.2645],[10.9764,57.2648],[10.9752,57.2648],[10.9745,57.265],[10.9749,57.2654],[10.9751,57.2655],[10.9756,57.2655],[10.9761,57.2655],[10.9765,57.2654],[10.9768,57.2653],[10.9771,57.2652],[10.9774,57.2653],[10.9776,57.2654],[10.9779,57.2655],[10.9784,57.2657],[10.9791,57.2657],[10.9791,57.2655],[10.9793,57.2654],[10.9797,57.2651],[10.9799,57.2649],[10.9806,57.2645],[10.9803,57.2643],[10.9807,57.2641],[10.9808,57.2642],[10.9809,57.264]]]},"properties":{"sourceId":"ais_par3.109197","a_type":4120,"hectares":3.897}},{"type":"Feature","id":"ais_par3.109198","geometry":{"type":"Polygon","coordinates":[[[10.8905,57.262],[10.891,57.2618],[10.8912,57.2613],[10.8915,57.2607],[10.8922,57.2604],[10.893,57.2601],[10.8936,57.26],[10.893,57.2592],[10.8928,57.2594],[10.8921,57.2598],[10.8915,57.2602],[10.891,57.2606],[10.8907,57.2611],[10.8904,57.2618],[10.8905,57.262]]]},"properties":{"sourceId":"ais_par3.109198","a_type":4120,"hectares":1.385}},{"type":"Feature","id":"ais_par3.109199","geometry":{"type":"Polygon","coordinates":[[[10.8853,57.2612],[10.885,57.2613],[10.885,57.2614],[10.885,57.2615],[10.8851,57.2617],[10.8853,57.2618],[10.8859,57.2616],[10.8859,57.2615],[10.8858,57.2613],[10.8856,57.261],[10.8856,57.2607],[10.8858,57.2602],[10.8859,57.2601],[10.886,57.26],[10.8862,57.2597],[10.8864,57.2594],[10.8866,57.2593],[10.8868,57.2592],[10.8871,57.2591],[10.886,57.2582],[10.8829,57.2594],[10.8828,57.2591],[10.8827,57.2586],[10.8828,57.2582],[10.8831,57.2578],[10.8833,57.2577],[10.8837,57.2575],[10.8842,57.2575],[10.8846,57.2574],[10.8849,57.2573],[10.885,57.2573],[10.8854,57.2571],[10.8857,57.2568],[10.886,57.2565],[10.8861,57.2563],[10.8859,57.2563],[10.8857,57.2564],[10.8855,57.2566],[10.8853,57.2568],[10.885,57.2571],[10.8848,57.2572],[10.8844,57.2573],[10.8842,57.2573],[10.884,57.2573],[10.8839,57.2573],[10.8841,57.2571],[10.8844,57.2568],[10.8844,57.2568],[10.8849,57.2565],[10.8852,57.2563],[10.8856,57.2562],[10.8858,57.2561],[10.8861,57.2561],[10.8865,57.2562],[10.8869,57.2562],[10.8871,57.2563],[10.8874,57.2565],[10.8876,57.2565],[10.8884,57.2562],[10.889,57.2559],[10.8894,57.2558],[10.8896,57.2557],[10.8899,57.2556],[10.8901,57.2554],[10.8901,57.2553],[10.8906,57.2551],[10.891,57.2549],[10.8912,57.2549],[10.8913,57.2549],[10.8919,57.2549],[10.8922,57.2547],[10.8924,57.2545],[10.8926,57.2544],[10.8929,57.2543],[10.8931,57.2543],[10.8932,57.2542],[10.8935,57.2541],[10.8936,57.254],[10.8939,57.254],[10.8943,57.254],[10.8945,57.2539],[10.8947,57.2539],[10.8951,57.2538],[10.8956,57.2537],[10.8952,57.2533],[10.8949,57.2533],[10.8946,57.2533],[10.8941,57.2534],[10.8935,57.2534],[10.893,57.2533],[10.8927,57.2534],[10.8918,57.2534],[10.8911,57.2536],[10.8905,57.2537],[10.8903,57.2537],[10.89,57.2537],[10.8899,57.2537],[10.8897,57.2537],[10.889,57.2537],[10.8884,57.2537],[10.8876,57.2537],[10.8871,57.2537],[10.8867,57.2537],[10.8861,57.2537],[10.8859,57.2537],[10.8855,57.2538],[10.8849,57.2539],[10.8843,57.254],[10.8837,57.254],[10.8834,57.254],[10.8829,57.2541],[10.8825,57.2542],[10.8822,57.2544],[10.882,57.2545],[10.8817,57.2546],[10.8812,57.2547],[10.8808,57.2547],[10.8801,57.2548],[10.8799,57.2547],[10.8795,57.2548],[10.8792,57.2548],[10.8791,57.255],[10.8789,57.2549],[10.8787,57.255],[10.8784,57.255],[10.8784,57.2553],[10.8782,57.2552],[10.878,57.2551],[10.8778,57.2551],[10.8772,57.2552],[10.8766,57.2554],[10.8761,57.2556],[10.8758,57.2559],[10.8759,57.2562],[10.876,57.2565],[10.8762,57.2568],[10.8765,57.2571],[10.8767,57.2573],[10.8771,57.2572],[10.8774,57.2571],[10.8778,57.2568],[10.8797,57.2556],[10.8807,57.2551],[10.8812,57.255],[10.8816,57.2549],[10.8819,57.2548],[10.8821,57.2547],[10.8828,57.2546],[10.8829,57.2545],[10.8833,57.2543],[10.8837,57.2542],[10.8844,57.2542],[10.8849,57.254],[10.8857,57.2539],[10.8863,57.2538],[10.8866,57.2539],[10.8872,57.2538],[10.8877,57.2539],[10.8886,57.2539],[10.8894,57.2538],[10.8898,57.2538],[10.89,57.2539],[10.8902,57.2539],[10.8902,57.254],[10.8897,57.2542],[10.8884,57.2545],[10.8874,57.2548],[10.8856,57.2551],[10.884,57.2555],[10.8836,57.2551],[10.8835,57.2552],[10.8825,57.2553],[10.8823,57.2554],[10.8818,57.2557],[10.8813,57.256],[10.8809,57.2562],[10.8806,57.2562],[10.8804,57.2562],[10.8802,57.2564],[10.8802,57.2566],[10.8798,57.2569],[10.8798,57.2572],[10.8793,57.2574],[10.8789,57.2576],[10.8789,57.2577],[10.879,57.2578],[10.8792,57.2578],[10.8793,57.2577],[10.8796,57.2576],[10.8797,57.2575],[10.88,57.2575],[10.8803,57.2574],[10.8806,57.2573],[10.881,57.257],[10.8813,57.2568],[10.8818,57.2567],[10.8821,57.2568],[10.8823,57.257],[10.8823,57.2571],[10.8824,57.2576],[10.8824,57.2579],[10.8823,57.2583],[10.8822,57.2585],[10.8818,57.2585],[10.8813,57.2585],[10.8817,57.2587],[10.8821,57.2588],[10.882,57.2596],[10.8808,57.2595],[10.8799,57.2595],[10.8794,57.2595],[10.879,57.2595],[10.879,57.2595],[10.8791,57.2596],[10.8794,57.2597],[10.8796,57.2597],[10.8802,57.2598],[10.8807,57.2599],[10.881,57.2601],[10.8812,57.2602],[10.8813,57.2603],[10.8815,57.2603],[10.882,57.2605],[10.8821,57.2606],[10.8815,57.2607],[10.8808,57.261],[10.88,57.2613],[10.8796,57.2615],[10.8792,57.2617],[10.8793,57.2618],[10.8795,57.2617],[10.8798,57.2617],[10.8802,57.2615],[10.8825,57.2607],[10.8826,57.2605],[10.8826,57.2602],[10.8837,57.2598],[10.8839,57.2597],[10.8846,57.2595],[10.8849,57.2595],[10.8849,57.2601],[10.8851,57.2603],[10.8852,57.2612],[10.8854,57.2612],[10.8854,57.2612],[10.8855,57.2612],[10.8855,57.2613],[10.8854,57.2613],[10.8853,57.2612]],[[10.8855,57.26],[10.8853,57.26],[10.8852,57.2598],[10.8852,57.2596],[10.8856,57.2595],[10.8859,57.2594],[10.886,57.2595],[10.8858,57.2597],[10.8857,57.2598],[10.8856,57.2599],[10.8855,57.26]],[[10.8831,57.256],[10.8828,57.2561],[10.8826,57.2563],[10.8824,57.2565],[10.8823,57.2564],[10.8822,57.2561],[10.8824,57.256],[10.883,57.2559],[10.8831,57.256]],[[10.8842,57.2567],[10.8841,57.2567],[10.884,57.257],[10.8838,57.2572],[10.8835,57.2574],[10.8833,57.2575],[10.8831,57.2576],[10.8829,57.2574],[10.8828,57.2569],[10.8827,57.2566],[10.883,57.2562],[10.8832,57.2561],[10.8834,57.256],[10.884,57.256],[10.8848,57.256],[10.8851,57.256],[10.8854,57.256],[10.8853,57.2561],[10.8849,57.2563],[10.8844,57.2566],[10.8842,57.2567]]]},"properties":{"sourceId":"ais_par3.109199","a_type":4120,"hectares":24.052}},{"type":"Feature","id":"ais_par3.109200","geometry":{"type":"Polygon","coordinates":[[[10.88,57.2533],[10.8798,57.2532],[10.8792,57.2532],[10.8788,57.2534],[10.8785,57.2535],[10.878,57.2536],[10.8774,57.2538],[10.8768,57.254],[10.8764,57.2542],[10.876,57.2544],[10.8754,57.2548],[10.8754,57.255],[10.8751,57.2553],[10.8752,57.2554],[10.8751,57.2557],[10.8748,57.2559],[10.8747,57.2563],[10.8749,57.2565],[10.8748,57.2567],[10.8747,57.2568],[10.8748,57.2568],[10.8751,57.2569],[10.8752,57.257],[10.8752,57.2568],[10.8751,57.2564],[10.8751,57.2562],[10.8752,57.256],[10.8756,57.2558],[10.8753,57.2558],[10.8753,57.2556],[10.8753,57.2553],[10.8757,57.255],[10.8759,57.2549],[10.8762,57.2546],[10.8766,57.2543],[10.8769,57.2542],[10.8774,57.254],[10.8781,57.2537],[10.8788,57.2536],[10.8795,57.2534],[10.8798,57.2534],[10.88,57.2533]]]},"properties":{"sourceId":"ais_par3.109200","a_type":4120,"hectares":1.164}},{"type":"Feature","id":"ais_par3.109201","geometry":{"type":"Polygon","coordinates":[[[10.9739,57.3038],[10.9751,57.304],[10.9754,57.3041],[10.9761,57.3043],[10.9765,57.3043],[10.9767,57.3044],[10.9768,57.3044],[10.9775,57.3044],[10.9783,57.3043],[10.9791,57.3042],[10.9803,57.304],[10.981,57.3039],[10.9821,57.3038],[10.9834,57.3038],[10.9846,57.3036],[10.984,57.3035],[10.9836,57.3036],[10.9831,57.3036],[10.983,57.3037],[10.9828,57.3037],[10.9827,57.3037],[10.9824,57.3037],[10.9821,57.3037],[10.9817,57.3038],[10.9814,57.3038],[10.9805,57.3039],[10.9802,57.3039],[10.9799,57.304],[10.9796,57.304],[10.9793,57.3041],[10.9791,57.3041],[10.9787,57.3041],[10.9785,57.3042],[10.9779,57.3042],[10.9777,57.3041],[10.9776,57.3042],[10.9775,57.3041],[10.9773,57.304],[10.9771,57.304],[10.9772,57.3039],[10.9774,57.3039],[10.9777,57.304],[10.978,57.304],[10.9782,57.304],[10.9783,57.3041],[10.9786,57.3041],[10.9786,57.3041],[10.9791,57.304],[10.9794,57.3039],[10.9798,57.3039],[10.9801,57.3038],[10.9806,57.3038],[10.9812,57.3037],[10.9818,57.3037],[10.9821,57.3036],[10.9825,57.3035],[10.9835,57.3034],[10.984,57.3034],[10.9842,57.3034],[10.9844,57.3035],[10.9845,57.3035],[10.9853,57.3034],[10.9857,57.3034],[10.986,57.3033],[10.9867,57.3032],[10.987,57.3032],[10.9872,57.3032],[10.9879,57.3032],[10.9884,57.3031],[10.9887,57.3032],[10.9889,57.3032],[10.9881,57.3032],[10.9874,57.3033],[10.9874,57.3034],[10.988,57.3034],[10.9891,57.3034],[10.9898,57.3033],[10.9911,57.3032],[10.9934,57.3032],[10.995,57.3032],[10.9959,57.3033],[10.9963,57.3033],[10.9979,57.3033],[10.9996,57.3035],[11.0028,57.3039],[11.0028,57.3035],[11.0009,57.3032],[10.9994,57.303],[10.9985,57.303],[10.9963,57.3027],[10.9941,57.3025],[10.9917,57.3023],[10.9914,57.3023],[10.9897,57.3022],[10.9895,57.3022],[10.9885,57.3021],[10.9834,57.3016],[10.9812,57.3014],[10.9793,57.3014],[10.9766,57.3013],[10.9747,57.3012],[10.973,57.3013],[10.9711,57.3012],[10.969,57.3012],[10.9686,57.3019],[10.9683,57.3019],[10.9682,57.3019],[10.9677,57.3019],[10.9676,57.3019],[10.9673,57.3019],[10.9669,57.3018],[10.9663,57.3018],[10.9657,57.3017],[10.9647,57.3018],[10.9648,57.3007],[10.9636,57.3007],[10.9634,57.3009],[10.9637,57.3009],[10.9639,57.301],[10.9639,57.3011],[10.9638,57.3012],[10.9638,57.3012],[10.9633,57.3012],[10.9631,57.3012],[10.9626,57.3013],[10.962,57.3013],[10.9619,57.3005],[10.9609,57.3004],[10.9603,57.3005],[10.9606,57.3016],[10.9606,57.3018],[10.9594,57.3019],[10.9596,57.3022],[10.9609,57.3021],[10.9618,57.302],[10.9625,57.302],[10.963,57.3021],[10.9633,57.3021],[10.964,57.3021],[10.9647,57.3021],[10.9648,57.3021],[10.965,57.3022],[10.9653,57.3022],[10.9656,57.3023],[10.9658,57.3023],[10.9662,57.3024],[10.9664,57.3024],[10.9668,57.3026],[10.967,57.3027],[10.9672,57.3028],[10.9682,57.303],[10.9691,57.3032],[10.9702,57.3033],[10.9718,57.3035],[10.9732,57.3037],[10.9739,57.3038]],[[10.9768,57.3043],[10.9768,57.3042],[10.9769,57.3042],[10.9768,57.3041],[10.9765,57.3042],[10.9763,57.3042],[10.9762,57.3041],[10.9759,57.3041],[10.9758,57.3041],[10.9756,57.3041],[10.9754,57.3041],[10.9753,57.304],[10.9754,57.3039],[10.9755,57.3039],[10.9759,57.304],[10.9762,57.304],[10.9765,57.304],[10.9765,57.304],[10.9767,57.304],[10.9769,57.304],[10.9769,57.304],[10.9774,57.3041],[10.9774,57.3042],[10.9774,57.3042],[10.9771,57.3043],[10.9768,57.3043]],[[10.9798,57.3035],[10.9795,57.3036],[10.9791,57.3036],[10.979,57.3036],[10.9788,57.3036],[10.9786,57.3036],[10.9787,57.3035],[10.9793,57.3034],[10.9796,57.3034],[10.9799,57.3033],[10.98,57.3033],[10.9808,57.3032],[10.9812,57.3032],[10.9815,57.3031],[10.9817,57.3032],[10.9818,57.3032],[10.9816,57.3033],[10.9815,57.3032],[10.9813,57.3032],[10.9807,57.3033],[10.9802,57.3034],[10.9801,57.3034],[10.9798,57.3035]],[[10.9844,57.3028],[10.9844,57.3028],[10.9844,57.3027],[10.9843,57.3026],[10.984,57.3027],[10.9837,57.3027],[10.9836,57.3027],[10.9833,57.3027],[10.9829,57.3027],[10.9828,57.3027],[10.9827,57.3027],[10.9825,57.3026],[10.9824,57.3025],[10.9827,57.3023],[10.9829,57.3024],[10.9832,57.3024],[10.9833,57.3024],[10.9836,57.3024],[10.9842,57.3024],[10.9843,57.3024],[10.9845,57.3025],[10.9847,57.3026],[10.985,57.3026],[10.9853,57.3027],[10.9852,57.3029],[10.985,57.303],[10.9845,57.303],[10.9843,57.303],[10.9843,57.3029],[10.9844,57.3028]],[[10.9809,57.3025],[10.9804,57.3026],[10.9802,57.3026],[10.9801,57.3026],[10.98,57.3026],[10.9801,57.3025],[10.9807,57.3025],[10.9809,57.3025],[10.981,57.3025],[10.9811,57.3025],[10.9811,57.3025],[10.9809,57.3025]],[[10.9827,57.302],[10.9825,57.302],[10.9823,57.302],[10.9821,57.3019],[10.9822,57.3019],[10.9824,57.3019],[10.9825,57.3019],[10.9827,57.3019],[10.9828,57.302],[10.9828,57.302],[10.9827,57.302],[10.9827,57.302]],[[10.9816,57.3019],[10.9813,57.302],[10.981,57.302],[10.9809,57.3019],[10.9813,57.3019],[10.9814,57.3019],[10.9815,57.3019],[10.9817,57.3018],[10.9818,57.3019],[10.9817,57.3019],[10.9816,57.3019]],[[10.9804,57.3018],[10.9806,57.3018],[10.9808,57.3019],[10.9807,57.3019],[10.9806,57.3019],[10.9805,57.3019],[10.9805,57.3019],[10.9803,57.3019],[10.9803,57.3019],[10.9804,57.3018]],[[10.979,57.302],[10.9788,57.3019],[10.9787,57.3019],[10.9786,57.3018],[10.9788,57.3018],[10.979,57.3018],[10.9792,57.3018],[10.9792,57.3019],[10.9791,57.302],[10.979,57.302]],[[10.9805,57.3017],[10.9802,57.3017],[10.98,57.3016],[10.98,57.3016],[10.9803,57.3016],[10.9804,57.3016],[10.9807,57.3016],[10.9808,57.3016],[10.9809,57.3017],[10.9807,57.3017],[10.9806,57.3017],[10.9805,57.3017]],[[10.968,57.3021],[10.9682,57.3021],[10.9683,57.3022],[10.9682,57.3023],[10.9683,57.3024],[10.9683,57.3025],[10.9678,57.3025],[10.9674,57.3025],[10.9673,57.3024],[10.9671,57.3024],[10.9672,57.3023],[10.9671,57.3023],[10.967,57.3022],[10.9669,57.3021],[10.9671,57.302],[10.9673,57.302],[10.9677,57.302],[10.968,57.3021]],[[10.9647,57.302],[10.9646,57.3019],[10.9651,57.3019],[10.9653,57.3019],[10.9654,57.3019],[10.9655,57.3019],[10.9657,57.3019],[10.9657,57.3021],[10.9655,57.3021],[10.9652,57.3021],[10.9651,57.302],[10.9649,57.3021],[10.9647,57.302]]]},"properties":{"sourceId":"ais_par3.109201","a_type":4120,"hectares":40.019}},{"type":"Feature","id":"ais_par3.109202","geometry":{"type":"Polygon","coordinates":[[[10.9393,57.2934],[10.9393,57.2932],[10.9395,57.293],[10.9398,57.293],[10.9401,57.2929],[10.9408,57.2932],[10.9416,57.2932],[10.9419,57.2931],[10.9432,57.2928],[10.9434,57.2927],[10.9436,57.2925],[10.9438,57.2925],[10.9441,57.2923],[10.9445,57.2921],[10.9446,57.292],[10.9448,57.2916],[10.9452,57.2915],[10.946,57.2912],[10.9464,57.2911],[10.9468,57.291],[10.9473,57.2908],[10.948,57.2906],[10.9485,57.2905],[10.949,57.2903],[10.9492,57.2903],[10.9494,57.2902],[10.9507,57.2898],[10.9512,57.2896],[10.9516,57.2894],[10.952,57.2892],[10.9522,57.2892],[10.9523,57.2891],[10.9529,57.289],[10.9533,57.2889],[10.9533,57.2888],[10.9537,57.2887],[10.954,57.2886],[10.9542,57.2884],[10.9547,57.2883],[10.9555,57.2881],[10.9562,57.2879],[10.9563,57.2878],[10.9565,57.2878],[10.957,57.2876],[10.9573,57.2875],[10.9577,57.2874],[10.958,57.2872],[10.9582,57.2872],[10.9586,57.2872],[10.9587,57.2872],[10.9589,57.2872],[10.9596,57.2871],[10.9599,57.287],[10.9603,57.287],[10.9604,57.287],[10.9607,57.2869],[10.961,57.2869],[10.9615,57.287],[10.9615,57.2871],[10.9611,57.2872],[10.9609,57.2873],[10.961,57.2874],[10.961,57.2875],[10.9606,57.2875],[10.9607,57.2877],[10.9611,57.2876],[10.9613,57.2876],[10.9614,57.2876],[10.9618,57.2876],[10.9622,57.2875],[10.9625,57.2874],[10.963,57.2874],[10.9634,57.2874],[10.964,57.2874],[10.9644,57.2874],[10.965,57.2872],[10.9654,57.2872],[10.966,57.2871],[10.9668,57.2869],[10.9682,57.2868],[10.9691,57.2867],[10.97,57.2867],[10.9705,57.2866],[10.9717,57.2863],[10.9726,57.2861],[10.973,57.286],[10.9737,57.2857],[10.9739,57.286],[10.974,57.2859],[10.975,57.2856],[10.9761,57.2853],[10.9768,57.2851],[10.978,57.2848],[10.9792,57.2846],[10.9801,57.2844],[10.9804,57.2844],[10.9809,57.2844],[10.9818,57.2845],[10.9826,57.2846],[10.9833,57.2848],[10.9838,57.2847],[10.984,57.2847],[10.9843,57.2846],[10.9844,57.2844],[10.9846,57.2843],[10.9846,57.2841],[10.9846,57.284],[10.9846,57.2839],[10.9844,57.2839],[10.9842,57.2841],[10.9843,57.2838],[10.9848,57.2835],[10.985,57.2835],[10.9853,57.2835],[10.9853,57.2835],[10.9852,57.2834],[10.9851,57.2834],[10.985,57.2834],[10.9852,57.2832],[10.9855,57.2831],[10.986,57.2831],[10.9865,57.283],[10.987,57.2829],[10.9867,57.283],[10.9864,57.2831],[10.9861,57.2833],[10.9858,57.2834],[10.9856,57.2836],[10.9854,57.2835],[10.9853,57.2836],[10.9855,57.2837],[10.9857,57.2837],[10.9857,57.2839],[10.9858,57.2841],[10.9863,57.2842],[10.9862,57.2839],[10.9863,57.2836],[10.9866,57.2832],[10.9871,57.283],[10.9875,57.2828],[10.9878,57.2825],[10.988,57.2824],[10.9881,57.2824],[10.9884,57.2824],[10.9886,57.2824],[10.9887,57.2824],[10.9889,57.2824],[10.9891,57.2823],[10.9891,57.2822],[10.9892,57.2821],[10.9891,57.282],[10.9887,57.282],[10.9883,57.2821],[10.988,57.2822],[10.9873,57.2823],[10.9867,57.2823],[10.9868,57.2824],[10.9871,57.2825],[10.9866,57.2825],[10.9863,57.2825],[10.9863,57.2824],[10.9863,57.2823],[10.986,57.2823],[10.986,57.2825],[10.9854,57.2825],[10.9849,57.2824],[10.9843,57.2826],[10.984,57.2826],[10.9838,57.2826],[10.9833,57.2825],[10.9834,57.2826],[10.9834,57.2828],[10.9832,57.2829],[10.9831,57.2829],[10.9835,57.283],[10.9834,57.283],[10.9837,57.2831],[10.9838,57.2831],[10.984,57.283],[10.9838,57.2832],[10.9828,57.284],[10.9827,57.2839],[10.9825,57.2838],[10.9823,57.2836],[10.982,57.2834],[10.9815,57.2831],[10.981,57.2831],[10.9808,57.2829],[10.9808,57.2829],[10.9805,57.2829],[10.9806,57.2826],[10.9806,57.2826],[10.9808,57.2824],[10.9811,57.2823],[10.9812,57.282],[10.9809,57.282],[10.9806,57.282],[10.9802,57.2821],[10.98,57.2821],[10.9797,57.2821],[10.9798,57.2823],[10.9796,57.2824],[10.9794,57.2823],[10.9793,57.2822],[10.979,57.2821],[10.9786,57.2821],[10.9782,57.2821],[10.978,57.2822],[10.9777,57.2823],[10.9774,57.2823],[10.9771,57.2823],[10.9772,57.2823],[10.9774,57.2825],[10.9773,57.2826],[10.9772,57.2826],[10.9768,57.2826],[10.9765,57.2826],[10.9763,57.2827],[10.9765,57.2829],[10.9769,57.2829],[10.9773,57.2829],[10.9775,57.283],[10.9778,57.2831],[10.9781,57.2832],[10.9785,57.2832],[10.9786,57.2833],[10.9787,57.2834],[10.9785,57.2834],[10.9781,57.2833],[10.9779,57.2833],[10.9777,57.2833],[10.9776,57.2834],[10.9775,57.2834],[10.9774,57.2834],[10.9771,57.2834],[10.9768,57.2833],[10.9764,57.2831],[10.9761,57.2831],[10.9756,57.2831],[10.9753,57.2832],[10.9755,57.2833],[10.9759,57.2834],[10.9764,57.2838],[10.9766,57.2839],[10.9764,57.2839],[10.9763,57.2839],[10.9761,57.2838],[10.9759,57.2837],[10.9757,57.2836],[10.9755,57.2836],[10.9751,57.2835],[10.9748,57.2834],[10.9744,57.2834],[10.974,57.2833],[10.9736,57.2834],[10.9733,57.2835],[10.973,57.2836],[10.9729,57.2836],[10.9726,57.2836],[10.9722,57.2836],[10.9717,57.2836],[10.9713,57.2837],[10.9713,57.2838],[10.9716,57.2838],[10.9718,57.2839],[10.9719,57.2839],[10.9722,57.284],[10.9722,57.2841],[10.972,57.2842],[10.9718,57.2841],[10.9717,57.284],[10.9713,57.2841],[10.9711,57.2841],[10.9709,57.2841],[10.9708,57.2841],[10.9707,57.2842],[10.9704,57.2843],[10.9702,57.2843],[10.9701,57.2843],[10.9697,57.2842],[10.9697,57.2842],[10.9698,57.2843],[10.9702,57.2844],[10.9703,57.2845],[10.9705,57.2846],[10.9703,57.2847],[10.9702,57.2846],[10.9699,57.2845],[10.9696,57.2846],[10.9687,57.2846],[10.9686,57.2845],[10.9679,57.2845],[10.968,57.2847],[10.9678,57.2847],[10.9674,57.2847],[10.9672,57.2848],[10.9668,57.2848],[10.9664,57.2848],[10.9658,57.2849],[10.9655,57.285],[10.9651,57.2852],[10.965,57.2852],[10.9647,57.2853],[10.9645,57.2853],[10.9643,57.2853],[10.964,57.2853],[10.964,57.2855],[10.9638,57.2855],[10.9636,57.2855],[10.9634,57.2855],[10.9637,57.2858],[10.9641,57.2857],[10.9644,57.2857],[10.9646,57.2858],[10.9652,57.2859],[10.9656,57.2859],[10.9659,57.2859],[10.9665,57.2861],[10.9671,57.2861],[10.968,57.2862],[10.9688,57.2862],[10.9696,57.2862],[10.97,57.2864],[10.9701,57.2864],[10.97,57.2865],[10.9699,57.2865],[10.9698,57.2864],[10.9696,57.2866],[10.9693,57.2865],[10.969,57.2864],[10.9685,57.2864],[10.968,57.2864],[10.9674,57.2863],[10.9671,57.2863],[10.9668,57.2864],[10.9664,57.2863],[10.9659,57.2863],[10.9655,57.2862],[10.9651,57.2863],[10.9647,57.2863],[10.9645,57.2862],[10.9644,57.2861],[10.9646,57.2861],[10.9649,57.2861],[10.9646,57.286],[10.9645,57.286],[10.9641,57.2859],[10.9639,57.286],[10.964,57.2861],[10.964,57.2861],[10.9637,57.2862],[10.9633,57.2862],[10.9627,57.2862],[10.9622,57.2862],[10.9618,57.2863],[10.9619,57.2864],[10.962,57.2864],[10.9623,57.2866],[10.9622,57.2866],[10.9619,57.2866],[10.962,57.2867],[10.9622,57.2868],[10.9626,57.2869],[10.9627,57.2869],[10.9627,57.287],[10.9627,57.2871],[10.9625,57.2871],[10.9624,57.2871],[10.9623,57.2871],[10.9622,57.287],[10.962,57.2869],[10.9619,57.2868],[10.9616,57.2866],[10.9613,57.2865],[10.9613,57.2864],[10.9614,57.2862],[10.9618,57.286],[10.962,57.2858],[10.9626,57.2856],[10.963,57.2854],[10.9634,57.2853],[10.9638,57.2851],[10.9642,57.285],[10.9648,57.2849],[10.9654,57.2848],[10.966,57.2846],[10.9666,57.2845],[10.9672,57.2843],[10.9677,57.2842],[10.9672,57.2842],[10.9669,57.2842],[10.9664,57.2843],[10.9662,57.2843],[10.9659,57.2844],[10.9657,57.2844],[10.9653,57.2845],[10.965,57.2846],[10.9649,57.2847],[10.9647,57.2848],[10.9643,57.2848],[10.9641,57.2848],[10.964,57.2849],[10.9638,57.2849],[10.9639,57.2848],[10.9642,57.2847],[10.9639,57.2847],[10.9637,57.2848],[10.9635,57.2849],[10.9634,57.2849],[10.9631,57.285],[10.9629,57.285],[10.9626,57.2849],[10.9624,57.2849],[10.9621,57.285],[10.9619,57.2851],[10.9618,57.2851],[10.9617,57.2851],[10.9614,57.2851],[10.961,57.2851],[10.9607,57.2852],[10.9605,57.2853],[10.9602,57.2852],[10.9601,57.2851],[10.9598,57.2852],[10.9597,57.2853],[10.9596,57.2853],[10.9593,57.2853],[10.9589,57.2853],[10.9587,57.2854],[10.9587,57.2856],[10.9588,57.2856],[10.9588,57.2857],[10.9584,57.2857],[10.9581,57.2856],[10.9576,57.2856],[10.9572,57.2857],[10.9565,57.2859],[10.9559,57.2861],[10.9552,57.2863],[10.9545,57.2864],[10.9542,57.2863],[10.9537,57.2864],[10.9528,57.2868],[10.9524,57.2869],[10.9524,57.2872],[10.9527,57.2873],[10.953,57.2873],[10.9532,57.2874],[10.9532,57.2875],[10.9527,57.2875],[10.9522,57.2875],[10.9519,57.2875],[10.9511,57.2876],[10.9506,57.2878],[10.9504,57.2879],[10.9501,57.2879],[10.9495,57.288],[10.9495,57.2881],[10.9494,57.2882],[10.9496,57.2882],[10.9497,57.2883],[10.9496,57.2884],[10.9493,57.2883],[10.9491,57.2883],[10.9488,57.2884],[10.9488,57.2883],[10.9488,57.2882],[10.9491,57.2881],[10.9492,57.288],[10.9493,57.2879],[10.9495,57.2878],[10.9501,57.2876],[10.9505,57.2874],[10.9512,57.2872],[10.9513,57.2871],[10.9516,57.287],[10.9519,57.2868],[10.9523,57.2866],[10.9526,57.2865],[10.9528,57.2864],[10.953,57.2863],[10.9532,57.2863],[10.9535,57.2862],[10.9539,57.2862],[10.9542,57.2862],[10.9545,57.2862],[10.9548,57.2861],[10.9544,57.2861],[10.9542,57.286],[10.954,57.2861],[10.9536,57.2861],[10.9535,57.2861],[10.9533,57.286],[10.9535,57.2859],[10.9527,57.2859],[10.9521,57.2859],[10.9515,57.2861],[10.9512,57.2862],[10.9508,57.2864],[10.9503,57.2865],[10.9501,57.2867],[10.9501,57.2868],[10.9498,57.2868],[10.9499,57.2869],[10.95,57.287],[10.9501,57.2871],[10.9501,57.2872],[10.9498,57.2873],[10.9496,57.2873],[10.9494,57.2873],[10.9491,57.2873],[10.9489,57.2874],[10.9485,57.2874],[10.948,57.2876],[10.9477,57.2877],[10.9476,57.2877],[10.9469,57.2879],[10.9465,57.288],[10.9465,57.2881],[10.9467,57.2881],[10.9465,57.2881],[10.9461,57.2882],[10.946,57.2884],[10.9458,57.2886],[10.9454,57.2886],[10.9452,57.2887],[10.9453,57.2888],[10.945,57.2889],[10.9449,57.2891],[10.945,57.2891],[10.9449,57.2892],[10.9448,57.2893],[10.9449,57.2894],[10.9448,57.2896],[10.9446,57.2898],[10.9443,57.29],[10.9438,57.29],[10.9436,57.2901],[10.944,57.2902],[10.9439,57.2903],[10.9436,57.2903],[10.9432,57.2905],[10.9428,57.2906],[10.9427,57.2907],[10.9431,57.2906],[10.9438,57.2904],[10.9441,57.2903],[10.9449,57.29],[10.9452,57.2898],[10.9456,57.2896],[10.946,57.2894],[10.9465,57.2891],[10.9462,57.2891],[10.9461,57.2892],[10.9459,57.2892],[10.9458,57.2892],[10.9457,57.2893],[10.9456,57.2894],[10.9454,57.2895],[10.9454,57.2896],[10.9453,57.2896],[10.9451,57.2897],[10.9449,57.2898],[10.9448,57.2898],[10.9449,57.2897],[10.945,57.2896],[10.9451,57.2895],[10.945,57.2894],[10.9452,57.2892],[10.9453,57.2892],[10.9453,57.289],[10.9458,57.2888],[10.9461,57.2887],[10.9465,57.2887],[10.9468,57.2887],[10.9469,57.2886],[10.947,57.2885],[10.9471,57.2886],[10.9473,57.2887],[10.9473,57.2888],[10.9475,57.2888],[10.9477,57.2889],[10.9478,57.289],[10.9481,57.289],[10.9483,57.289],[10.9486,57.2892],[10.9488,57.2892],[10.9492,57.2894],[10.9494,57.2894],[10.9494,57.2895],[10.9492,57.2895],[10.9489,57.2896],[10.9486,57.2896],[10.9481,57.2897],[10.9476,57.2897],[10.9471,57.2898],[10.9468,57.2898],[10.9467,57.2899],[10.9465,57.29],[10.9462,57.2902],[10.9457,57.2906],[10.9455,57.2906],[10.9453,57.2907],[10.9449,57.2909],[10.9444,57.291],[10.9441,57.2912],[10.9438,57.2914],[10.9435,57.2916],[10.9431,57.2918],[10.943,57.2919],[10.9431,57.292],[10.9433,57.2921],[10.9435,57.2922],[10.9436,57.2924],[10.9434,57.2925],[10.943,57.2925],[10.9427,57.2925],[10.9425,57.2926],[10.9423,57.2927],[10.942,57.2927],[10.9419,57.2926],[10.9416,57.2927],[10.9412,57.2927],[10.9408,57.2927],[10.9406,57.2928],[10.9402,57.2928],[10.9399,57.2927],[10.9397,57.2927],[10.9394,57.2928],[10.9391,57.2929],[10.9388,57.2931],[10.9387,57.2931],[10.9389,57.2932],[10.9389,57.2932],[10.939,57.2933],[10.9391,57.2934],[10.9393,57.2934]],[[10.9513,57.2869],[10.9511,57.287],[10.9509,57.2871],[10.9507,57.2872],[10.9505,57.2872],[10.9505,57.2873],[10.9504,57.2872],[10.9507,57.287],[10.951,57.2868],[10.9514,57.2867],[10.9516,57.2866],[10.9518,57.2866],[10.9519,57.2866],[10.952,57.2866],[10.9519,57.2867],[10.9518,57.2868],[10.9514,57.2869],[10.9513,57.2869]],[[10.9525,57.2864],[10.9525,57.2864],[10.9521,57.2863],[10.952,57.2864],[10.9519,57.2864],[10.9517,57.2864],[10.9518,57.2863],[10.9521,57.2863],[10.9524,57.2863],[10.9525,57.2863],[10.9525,57.2864]],[[10.9532,57.2885],[10.953,57.2885],[10.9527,57.2885],[10.9523,57.2885],[10.9521,57.2886],[10.952,57.2888],[10.9518,57.2889],[10.9515,57.289],[10.9512,57.2889],[10.9512,57.2888],[10.9511,57.2887],[10.9509,57.2888],[10.9508,57.2889],[10.9507,57.289],[10.9505,57.2891],[10.9505,57.2892],[10.9505,57.2893],[10.9504,57.2893],[10.9503,57.2894],[10.9501,57.2893],[10.95,57.2892],[10.9498,57.2891],[10.9496,57.2891],[10.9495,57.2891],[10.9494,57.289],[10.9496,57.289],[10.9496,57.2889],[10.9499,57.2889],[10.9502,57.2888],[10.9506,57.2886],[10.9508,57.2886],[10.951,57.2886],[10.9513,57.2885],[10.9513,57.2885],[10.9515,57.2884],[10.9514,57.2883],[10.9515,57.2883],[10.9516,57.2882],[10.9518,57.2881],[10.9521,57.2879],[10.9524,57.2878],[10.9527,57.2878],[10.9529,57.2878],[10.9533,57.2876],[10.9541,57.2875],[10.9546,57.2875],[10.9548,57.2875],[10.9547,57.2875],[10.9545,57.2873],[10.9547,57.287],[10.955,57.2868],[10.9554,57.2866],[10.9556,57.2865],[10.956,57.2865],[10.9562,57.2865],[10.9565,57.2864],[10.957,57.2863],[10.9574,57.2863],[10.9575,57.2865],[10.9573,57.2867],[10.9573,57.2868],[10.9574,57.2869],[10.9573,57.2871],[10.9571,57.2872],[10.9567,57.2873],[10.9561,57.2876],[10.9557,57.2877],[10.9552,57.2877],[10.9549,57.2877],[10.9547,57.2878],[10.9546,57.2879],[10.9544,57.2879],[10.9542,57.288],[10.9541,57.2881],[10.954,57.2881],[10.9538,57.2881],[10.9536,57.2881],[10.9533,57.2883],[10.9534,57.2884],[10.9532,57.2885],[10.9532,57.2885]],[[10.9626,57.2872],[10.9627,57.2871],[10.9628,57.2871],[10.9629,57.2872],[10.9629,57.2872],[10.9627,57.2872],[10.9626,57.2872],[10.9624,57.2872],[10.9624,57.2872],[10.9625,57.2871],[10.9626,57.2872]],[[10.9627,57.2868],[10.9627,57.2867],[10.9627,57.2866],[10.9627,57.2866],[10.9628,57.2865],[10.9629,57.2865],[10.9632,57.2865],[10.9635,57.2865],[10.9638,57.2864],[10.9645,57.2864],[10.9649,57.2864],[10.9656,57.2864],[10.9659,57.2864],[10.9663,57.2864],[10.9663,57.2864],[10.9661,57.2865],[10.966,57.2865],[10.9659,57.2866],[10.9657,57.2866],[10.9652,57.2867],[10.9649,57.2868],[10.9648,57.2869],[10.9644,57.2869],[10.9643,57.2868],[10.9643,57.2867],[10.9645,57.2867],[10.9647,57.2866],[10.9646,57.2865],[10.9642,57.2865],[10.9637,57.2865],[10.9636,57.2866],[10.9636,57.2867],[10.9637,57.2867],[10.9638,57.2868],[10.9638,57.2868],[10.9637,57.2868],[10.9636,57.2868],[10.9635,57.2868],[10.9633,57.2868],[10.9633,57.2869],[10.9632,57.287],[10.9631,57.287],[10.9631,57.287],[10.963,57.2869],[10.9628,57.2869],[10.9627,57.2868]],[[10.9664,57.2865],[10.9667,57.2865],[10.9668,57.2866],[10.9669,57.2866],[10.9668,57.2867],[10.9666,57.2866],[10.9664,57.2866],[10.9664,57.2865]],[[10.9598,57.2854],[10.9601,57.2854],[10.9603,57.2855],[10.9604,57.2855],[10.9606,57.2854],[10.9608,57.2854],[10.9609,57.2855],[10.9609,57.2855],[10.9607,57.2856],[10.9606,57.2857],[10.9609,57.2857],[10.961,57.2857],[10.961,57.2858],[10.9612,57.2859],[10.9611,57.2859],[10.961,57.2859],[10.9609,57.2859],[10.9608,57.286],[10.9607,57.286],[10.9606,57.2861],[10.9604,57.286],[10.9602,57.286],[10.9601,57.2859],[10.9599,57.2859],[10.9598,57.2858],[10.9598,57.2856],[10.9598,57.2855],[10.9597,57.2855],[10.9597,57.2855],[10.9597,57.2854],[10.9598,57.2854]],[[10.9619,57.2852],[10.962,57.2852],[10.9621,57.2852],[10.9622,57.2851],[10.9623,57.2852],[10.9623,57.2853],[10.9621,57.2854],[10.962,57.2854],[10.9618,57.2854],[10.9617,57.2853],[10.9617,57.2853],[10.9618,57.2853],[10.9619,57.2852]],[[10.9589,57.2862],[10.9588,57.2862],[10.9585,57.2863],[10.9583,57.2862],[10.958,57.2863],[10.9578,57.2864],[10.9577,57.2863],[10.9576,57.2862],[10.9577,57.2861],[10.9579,57.2861],[10.9581,57.286],[10.9583,57.286],[10.9585,57.286],[10.9587,57.286],[10.9589,57.286],[10.9589,57.286],[10.9589,57.2861],[10.9588,57.2862],[10.9589,57.2862]],[[10.9757,57.2839],[10.9758,57.2839],[10.976,57.284],[10.9761,57.2841],[10.9761,57.2842],[10.9762,57.2843],[10.976,57.2845],[10.9758,57.2847],[10.9756,57.2847],[10.9755,57.2847],[10.9752,57.2848],[10.975,57.2849],[10.9748,57.285],[10.9744,57.2851],[10.9737,57.2852],[10.9731,57.2852],[10.9729,57.2851],[10.9728,57.285],[10.9728,57.2849],[10.9727,57.2849],[10.9726,57.2849],[10.9725,57.285],[10.9725,57.2851],[10.9724,57.2852],[10.9719,57.2853],[10.9718,57.2853],[10.9716,57.2854],[10.9713,57.2854],[10.9709,57.2855],[10.9705,57.2855],[10.9702,57.2855],[10.9701,57.2856],[10.9698,57.2856],[10.9696,57.2857],[10.9694,57.2857],[10.9693,57.2858],[10.9694,57.2859],[10.9692,57.2859],[10.969,57.2859],[10.9689,57.2858],[10.9688,57.2858],[10.9687,57.2858],[10.9686,57.2858],[10.9685,57.2859],[10.9683,57.2859],[10.9681,57.2859],[10.968,57.2858],[10.9676,57.2858],[10.9674,57.2858],[10.9672,57.2858],[10.967,57.2857],[10.9668,57.2856],[10.9668,57.2855],[10.9667,57.2855],[10.9665,57.2855],[10.9664,57.2855],[10.9664,57.2853],[10.9667,57.2853],[10.9671,57.2852],[10.9674,57.2852],[10.9675,57.2852],[10.9677,57.2851],[10.9686,57.285],[10.9692,57.2851],[10.97,57.2851],[10.9708,57.2851],[10.9714,57.285],[10.972,57.285],[10.9723,57.2849],[10.9724,57.2848],[10.9726,57.2846],[10.9729,57.2846],[10.973,57.2845],[10.9731,57.2845],[10.973,57.2844],[10.9729,57.2844],[10.973,57.2843],[10.9736,57.284],[10.9741,57.284],[10.9745,57.284],[10.9749,57.284],[10.9752,57.2839],[10.9754,57.2838],[10.9757,57.2839]],[[10.9776,57.2834],[10.9777,57.2834],[10.9778,57.2834],[10.9779,57.2835],[10.9779,57.2835],[10.9777,57.2835],[10.9776,57.2835],[10.9775,57.2836],[10.9775,57.2836],[10.9774,57.2836],[10.9773,57.2836],[10.9773,57.2835],[10.9776,57.2835],[10.9776,57.2834]],[[10.9482,57.2886],[10.9479,57.2887],[10.9477,57.2887],[10.9477,57.2886],[10.9478,57.2885],[10.9479,57.2885],[10.9478,57.2884],[10.9476,57.2884],[10.9475,57.2884],[10.9475,57.2883],[10.9473,57.2883],[10.9471,57.2883],[10.947,57.2882],[10.9473,57.2879],[10.9475,57.2878],[10.9481,57.2877],[10.9489,57.2875],[10.9494,57.2874],[10.9497,57.2874],[10.95,57.2874],[10.9502,57.2874],[10.9503,57.2874],[10.9502,57.2874],[10.9497,57.2876],[10.9493,57.2877],[10.9489,57.2878],[10.9485,57.288],[10.9484,57.2881],[10.9484,57.2883],[10.9484,57.2884],[10.9483,57.2885],[10.9482,57.2886]],[[10.9472,57.2899],[10.9475,57.2898],[10.9479,57.2898],[10.9481,57.2897],[10.9485,57.2897],[10.9488,57.2897],[10.9495,57.2897],[10.9496,57.2898],[10.9495,57.2899],[10.9489,57.2899],[10.9486,57.2899],[10.9483,57.29],[10.9481,57.2902],[10.9478,57.2903],[10.9476,57.2904],[10.9475,57.2904],[10.947,57.2904],[10.9467,57.2905],[10.9464,57.2907],[10.9461,57.2907],[10.946,57.2907],[10.9459,57.2907],[10.9459,57.2906],[10.946,57.2905],[10.9462,57.2904],[10.9466,57.2902],[10.9468,57.29],[10.9472,57.2899],[10.9472,57.2899]]]},"properties":{"sourceId":"ais_par3.109202","a_type":4120,"hectares":47.909}},{"type":"Feature","id":"ais_par3.109203","geometry":{"type":"Polygon","coordinates":[[[10.9857,57.2757],[10.9861,57.2754],[10.9874,57.2752],[10.9883,57.2749],[10.9883,57.2742],[10.9874,57.2738],[10.9856,57.2733],[10.9856,57.2742],[10.9857,57.2751],[10.9856,57.2752],[10.9857,57.2753],[10.9857,57.2757]]]},"properties":{"sourceId":"ais_par3.109203","a_type":4120,"hectares":2.694}},{"type":"Feature","id":"ais_par3.109204","geometry":{"type":"Polygon","coordinates":[[[11.0035,57.2493],[11.0036,57.249],[11.0033,57.249],[11.0032,57.2491],[11.0032,57.2493],[11.0033,57.2493],[11.0035,57.2493]]]},"properties":{"sourceId":"ais_par3.109204","a_type":4120,"hectares":0.069}},{"type":"Feature","id":"ais_par3.109207","geometry":{"type":"Polygon","coordinates":[[[11.1812,57.3203],[11.1816,57.3204],[11.182,57.3203],[11.1824,57.3203],[11.1825,57.3204],[11.1829,57.3205],[11.183,57.3205],[11.1832,57.3204],[11.1834,57.3203],[11.1835,57.3204],[11.1836,57.3206],[11.1839,57.3207],[11.1841,57.3208],[11.1842,57.3207],[11.1843,57.3207],[11.1843,57.3205],[11.1842,57.3204],[11.1838,57.3203],[11.1837,57.3203],[11.1835,57.32],[11.1833,57.3198],[11.1831,57.3198],[11.1829,57.3199],[11.1827,57.32],[11.1825,57.3199],[11.1822,57.3198],[11.1822,57.3196],[11.1818,57.3196],[11.1813,57.3197],[11.1815,57.3198],[11.1817,57.3198],[11.1817,57.3199],[11.1816,57.3199],[11.1811,57.3199],[11.1809,57.32],[11.1811,57.3201],[11.1813,57.3202],[11.1812,57.3203]]]},"properties":{"sourceId":"ais_par3.109207","a_type":4120,"hectares":1.134}},{"type":"Feature","id":"ais_par3.109205","geometry":{"type":"Polygon","coordinates":[[[11.1596,57.326],[11.1603,57.3256],[11.1612,57.3249],[11.1616,57.3248],[11.1628,57.3246],[11.1642,57.3242],[11.165,57.324],[11.1657,57.3237],[11.1665,57.3236],[11.1667,57.3235],[11.1667,57.3232],[11.1673,57.3232],[11.1672,57.3233],[11.1677,57.3233],[11.1682,57.3232],[11.1689,57.323],[11.1693,57.3229],[11.1702,57.3227],[11.1709,57.3226],[11.1714,57.3225],[11.172,57.3223],[11.1727,57.3222],[11.1733,57.3221],[11.1737,57.3221],[11.1741,57.3221],[11.1747,57.322],[11.1743,57.3219],[11.1739,57.3219],[11.1735,57.3219],[11.1729,57.322],[11.1725,57.322],[11.1724,57.322],[11.1719,57.3219],[11.1715,57.3219],[11.1711,57.3219],[11.1708,57.3218],[11.1706,57.3218],[11.1699,57.3218],[11.1696,57.3217],[11.1695,57.3215],[11.1699,57.3214],[11.1705,57.3213],[11.1711,57.3211],[11.1717,57.3211],[11.1727,57.3211],[11.1737,57.3211],[11.1744,57.3211],[11.1752,57.3211],[11.1758,57.3211],[11.1763,57.3211],[11.1769,57.3212],[11.1766,57.3209],[11.1765,57.3208],[11.1763,57.3208],[11.1761,57.3209],[11.1754,57.3209],[11.1749,57.3207],[11.1743,57.3207],[11.1735,57.3207],[11.173,57.3207],[11.172,57.3208],[11.1717,57.3208],[11.1712,57.3208],[11.1707,57.3209],[11.1706,57.321],[11.1704,57.3209],[11.1703,57.3208],[11.1699,57.3207],[11.1699,57.3206],[11.1701,57.3205],[11.1703,57.3205],[11.1706,57.3204],[11.1707,57.3205],[11.171,57.3205],[11.1719,57.3204],[11.1724,57.3204],[11.1732,57.3204],[11.1736,57.3204],[11.1741,57.3204],[11.1744,57.3205],[11.1748,57.3204],[11.1753,57.3204],[11.1754,57.3203],[11.1748,57.3201],[11.1742,57.32],[11.1738,57.3201],[11.1732,57.3201],[11.1726,57.3202],[11.1722,57.3202],[11.172,57.3201],[11.1716,57.3201],[11.1714,57.3201],[11.1712,57.3201],[11.1708,57.3201],[11.1704,57.3201],[11.1702,57.3202],[11.1696,57.3202],[11.1688,57.3203],[11.1677,57.3204],[11.1678,57.3197],[11.1672,57.3199],[11.1651,57.3203],[11.1642,57.3206],[11.1628,57.3211],[11.1619,57.3214],[11.1611,57.3217],[11.1605,57.3219],[11.1602,57.3222],[11.1595,57.3224],[11.1588,57.3225],[11.1583,57.3227],[11.1586,57.3227],[11.1588,57.3227],[11.1588,57.3228],[11.158,57.3232],[11.1573,57.3236],[11.1567,57.3241],[11.1562,57.3243],[11.1561,57.3243],[11.1562,57.3242],[11.1567,57.3239],[11.156,57.3241],[11.1557,57.3242],[11.1555,57.3244],[11.1556,57.3246],[11.1549,57.3249],[11.1543,57.3251],[11.1535,57.3254],[11.1533,57.3255],[11.1538,57.3256],[11.1543,57.3254],[11.1546,57.3254],[11.1546,57.3255],[11.155,57.3253],[11.1556,57.3252],[11.1558,57.3253],[11.1559,57.3253],[11.1565,57.3253],[11.1568,57.3253],[11.1568,57.3254],[11.1555,57.3258],[11.1552,57.3258],[11.1546,57.3257],[11.1545,57.3258],[11.1547,57.3259],[11.1546,57.3261],[11.1544,57.3261],[11.1542,57.326],[11.154,57.3261],[11.1536,57.3261],[11.1535,57.326],[11.1533,57.3261],[11.1533,57.3262],[11.1532,57.3263],[11.1531,57.3264],[11.1535,57.3265],[11.154,57.3265],[11.1547,57.3265],[11.1547,57.3266],[11.1551,57.3266],[11.1554,57.3263],[11.1555,57.3262],[11.1559,57.326],[11.156,57.3259],[11.1562,57.3258],[11.1567,57.3258],[11.1569,57.3257],[11.1571,57.3256],[11.1574,57.3256],[11.1573,57.3257],[11.1568,57.326],[11.1568,57.326],[11.157,57.326],[11.1574,57.3259],[11.1577,57.3257],[11.158,57.3257],[11.1581,57.3257],[11.1584,57.3255],[11.1586,57.3255],[11.1588,57.3256],[11.1587,57.3257],[11.1584,57.3259],[11.1581,57.326],[11.1581,57.3261],[11.1583,57.3262],[11.1586,57.3262],[11.1587,57.3261],[11.1589,57.326],[11.1591,57.3259],[11.1596,57.326]]]},"properties":{"sourceId":"ais_par3.109205","a_type":4120,"hectares":35.083}},{"type":"Feature","id":"ais_par3.109208","geometry":{"type":"Polygon","coordinates":[[[11.1794,57.3199],[11.1792,57.3198],[11.1791,57.3197],[11.1789,57.3197],[11.1788,57.3195],[11.1787,57.3195],[11.1785,57.3194],[11.178,57.3194],[11.1774,57.3195],[11.1769,57.3195],[11.1764,57.3194],[11.1757,57.3193],[11.1753,57.3193],[11.1749,57.3194],[11.1745,57.3194],[11.174,57.3193],[11.1737,57.3194],[11.1734,57.3194],[11.1735,57.3195],[11.1739,57.3196],[11.1746,57.3197],[11.175,57.3197],[11.1757,57.3197],[11.1763,57.3197],[11.1767,57.3197],[11.1773,57.3198],[11.178,57.3199],[11.1783,57.3199],[11.1788,57.3199],[11.1794,57.3199]]]},"properties":{"sourceId":"ais_par3.109208","a_type":4120,"hectares":1.303}},{"type":"Feature","id":"ais_par3.109209","geometry":{"type":"Polygon","coordinates":[[[11.1595,57.3196],[11.1589,57.3195],[11.1581,57.3196],[11.1573,57.3197],[11.157,57.3198],[11.1557,57.3199],[11.1579,57.32],[11.1597,57.3199],[11.1615,57.3199],[11.1616,57.3198],[11.1617,57.3196],[11.1616,57.3195],[11.1612,57.3196],[11.1606,57.3196],[11.1605,57.3196],[11.1601,57.3195],[11.1597,57.3196],[11.1595,57.3196]]]},"properties":{"sourceId":"ais_par3.109209","a_type":4120,"hectares":1.234}},{"type":"Feature","id":"ais_par3.109210","geometry":{"type":"Polygon","coordinates":[[[11.1566,57.3189],[11.1574,57.3188],[11.1582,57.3188],[11.1587,57.3189],[11.159,57.3189],[11.1595,57.3189],[11.1597,57.319],[11.1598,57.319],[11.1611,57.3189],[11.1622,57.3189],[11.163,57.3189],[11.1631,57.3188],[11.163,57.3187],[11.1627,57.3187],[11.1623,57.3186],[11.162,57.3186],[11.161,57.3188],[11.1606,57.3188],[11.1598,57.3189],[11.1594,57.3188],[11.1595,57.3188],[11.1594,57.3187],[11.1592,57.3186],[11.1589,57.3188],[11.1588,57.3187],[11.1587,57.3186],[11.1579,57.3185],[11.1579,57.3184],[11.1589,57.3183],[11.1595,57.3183],[11.1601,57.3182],[11.1616,57.3182],[11.1617,57.318],[11.1612,57.3179],[11.1598,57.318],[11.1592,57.318],[11.1579,57.3181],[11.1569,57.3182],[11.1562,57.3182],[11.1554,57.3182],[11.1549,57.3182],[11.1544,57.3182],[11.1542,57.3182],[11.1543,57.3181],[11.155,57.318],[11.156,57.3179],[11.1568,57.3178],[11.1574,57.3178],[11.158,57.3178],[11.1584,57.3178],[11.1588,57.3179],[11.1589,57.3178],[11.1591,57.3177],[11.1593,57.3177],[11.1594,57.3176],[11.1598,57.3176],[11.1597,57.3175],[11.1589,57.3175],[11.1581,57.3175],[11.1567,57.3176],[11.1532,57.3176],[11.1529,57.3181],[11.1539,57.3181],[11.154,57.3181],[11.1537,57.3181],[11.1532,57.3182],[11.153,57.3183],[11.1531,57.3186],[11.1536,57.3186],[11.1542,57.3186],[11.1549,57.3186],[11.1552,57.3187],[11.1556,57.3189],[11.1563,57.3189],[11.1566,57.3189]]]},"properties":{"sourceId":"ais_par3.109210","a_type":4120,"hectares":4.89}},{"type":"Feature","id":"ais_par3.109211","geometry":{"type":"Polygon","coordinates":[[[11.1406,57.3127],[11.1408,57.3128],[11.141,57.3125],[11.141,57.3124],[11.1409,57.3124],[11.1407,57.3123],[11.1406,57.3123],[11.1405,57.3124],[11.1404,57.3123],[11.1403,57.3122],[11.1401,57.3122],[11.14,57.3123],[11.14,57.3123],[11.1404,57.3124],[11.1406,57.3125],[11.1407,57.3125],[11.1407,57.3125],[11.1407,57.3127],[11.1406,57.3127]]]},"properties":{"sourceId":"ais_par3.109211","a_type":4120,"hectares":0.127}},{"type":"Feature","id":"ais_par3.109212","geometry":{"type":"Polygon","coordinates":[[[11.1407,57.3121],[11.1405,57.3121],[11.1406,57.3122],[11.1408,57.3123],[11.1409,57.3123],[11.1412,57.3123],[11.1411,57.3122],[11.1408,57.3122],[11.1407,57.3121]]]},"properties":{"sourceId":"ais_par3.109212","a_type":4120,"hectares":0.037}},{"type":"Feature","id":"ais_par3.109213","geometry":{"type":"Polygon","coordinates":[[[11.1399,57.3123],[11.1399,57.3122],[11.1398,57.3121],[11.1398,57.3121],[11.1397,57.312],[11.1396,57.3121],[11.1396,57.3123],[11.1398,57.3123],[11.1399,57.3123]]]},"properties":{"sourceId":"ais_par3.109213","a_type":4120,"hectares":0.041}},{"type":"Feature","id":"ais_par3.109214","geometry":{"type":"Polygon","coordinates":[[[11.1394,57.3119],[11.1395,57.3118],[11.1395,57.3117],[11.1392,57.3117],[11.1391,57.3117],[11.1389,57.3118],[11.1388,57.3118],[11.1387,57.3118],[11.1387,57.3119],[11.1388,57.312],[11.139,57.312],[11.1391,57.312],[11.1393,57.3119],[11.1394,57.3119]]]},"properties":{"sourceId":"ais_par3.109214","a_type":4120,"hectares":0.121}},{"type":"Feature","id":"ais_par3.109215","geometry":{"type":"Polygon","coordinates":[[[11.1377,57.3116],[11.1377,57.3117],[11.1378,57.3118],[11.1381,57.3118],[11.138,57.3117],[11.1379,57.3117],[11.1378,57.3117],[11.1378,57.3116],[11.1377,57.3116],[11.1377,57.3116]]]},"properties":{"sourceId":"ais_par3.109215","a_type":4120,"hectares":0.024}},{"type":"Feature","id":"ais_par3.109216","geometry":{"type":"Polygon","coordinates":[[[11.1385,57.3115],[11.1384,57.3115],[11.1383,57.3115],[11.1382,57.3116],[11.1382,57.3117],[11.1385,57.3116],[11.1387,57.3116],[11.1385,57.3116],[11.1385,57.3115]]]},"properties":{"sourceId":"ais_par3.109216","a_type":4120,"hectares":0.026}},{"type":"Feature","id":"ais_par3.109217","geometry":{"type":"Polygon","coordinates":[[[11.1366,57.3112],[11.1367,57.3113],[11.1375,57.3115],[11.1376,57.3114],[11.1367,57.3112],[11.1366,57.3112]]]},"properties":{"sourceId":"ais_par3.109217","a_type":4120,"hectares":0.061}},{"type":"Feature","id":"ais_par3.109218","geometry":{"type":"Polygon","coordinates":[[[11.1381,57.3114],[11.1379,57.3113],[11.1378,57.3114],[11.1381,57.3114],[11.1383,57.3114],[11.1383,57.3114],[11.1381,57.3114]]]},"properties":{"sourceId":"ais_par3.109218","a_type":4120,"hectares":0.017}},{"type":"Feature","id":"ais_par3.109219","geometry":{"type":"Polygon","coordinates":[[[11.1018,57.3015],[11.1019,57.3015],[11.1035,57.2996],[11.1032,57.2995],[11.1029,57.2994],[11.102,57.2992],[11.1003,57.3014],[11.1007,57.3014],[11.101,57.3014],[11.1013,57.3014],[11.1016,57.3015],[11.1018,57.3015]]]},"properties":{"sourceId":"ais_par3.109219","a_type":4120,"hectares":2.378}},{"type":"Feature","id":"ais_par3.109206","geometry":{"type":"Polygon","coordinates":[[[11.1894,57.3186],[11.1895,57.3187],[11.1897,57.3187],[11.1899,57.3189],[11.1901,57.3191],[11.1904,57.3193],[11.1905,57.3191],[11.1906,57.3189],[11.1907,57.3189],[11.1912,57.319],[11.1912,57.3191],[11.1912,57.3194],[11.1914,57.3195],[11.1914,57.3198],[11.1918,57.3201],[11.1919,57.3202],[11.1922,57.32],[11.1925,57.3199],[11.1925,57.3198],[11.1928,57.3196],[11.193,57.3194],[11.193,57.3189],[11.1929,57.3187],[11.1926,57.3187],[11.1923,57.3188],[11.1923,57.319],[11.1921,57.3191],[11.1919,57.319],[11.1918,57.3189],[11.1918,57.3187],[11.192,57.3186],[11.1918,57.3186],[11.1915,57.3186],[11.1913,57.3187],[11.191,57.3189],[11.1907,57.3188],[11.1904,57.3186],[11.1903,57.3184],[11.1904,57.3184],[11.1906,57.3184],[11.1907,57.3184],[11.1909,57.3183],[11.1911,57.3184],[11.1913,57.3184],[11.1916,57.3183],[11.1917,57.3182],[11.1916,57.3181],[11.1917,57.318],[11.1915,57.3178],[11.1912,57.3179],[11.1911,57.3178],[11.1906,57.3175],[11.19,57.3173],[11.1893,57.3172],[11.1886,57.3172],[11.1888,57.3171],[11.1888,57.3169],[11.1887,57.3168],[11.1887,57.3167],[11.1888,57.3165],[11.1892,57.3165],[11.1894,57.3165],[11.1897,57.3166],[11.1899,57.3166],[11.1903,57.3167],[11.1904,57.3167],[11.1906,57.3168],[11.1909,57.3168],[11.1911,57.3167],[11.1911,57.3165],[11.1914,57.3164],[11.1912,57.3163],[11.191,57.3162],[11.1903,57.3163],[11.1901,57.3161],[11.19,57.3159],[11.1897,57.3159],[11.1894,57.3159],[11.1893,57.3161],[11.1892,57.3162],[11.189,57.3164],[11.1886,57.3164],[11.188,57.3164],[11.1874,57.3163],[11.1873,57.3161],[11.1874,57.3161],[11.1874,57.3158],[11.1873,57.3156],[11.1865,57.3154],[11.1858,57.315],[11.1853,57.3149],[11.185,57.3146],[11.1838,57.3141],[11.1835,57.3139],[11.1839,57.3138],[11.1844,57.3138],[11.1845,57.3136],[11.1839,57.3133],[11.1836,57.3131],[11.1833,57.3129],[11.1832,57.3127],[11.1835,57.3127],[11.1838,57.3128],[11.1842,57.313],[11.1843,57.313],[11.1846,57.313],[11.1849,57.3132],[11.1851,57.3132],[11.1844,57.3128],[11.1843,57.3126],[11.1843,57.3125],[11.1847,57.3125],[11.185,57.3125],[11.185,57.3123],[11.1848,57.3122],[11.1846,57.312],[11.1845,57.3119],[11.1843,57.3119],[11.1839,57.3119],[11.1836,57.3119],[11.1828,57.3115],[11.1827,57.3113],[11.1824,57.311],[11.1821,57.311],[11.1819,57.3107],[11.1822,57.3107],[11.1822,57.3105],[11.1819,57.3104],[11.1816,57.3106],[11.1814,57.3106],[11.1812,57.3105],[11.1809,57.3103],[11.1809,57.3102],[11.1811,57.3102],[11.1814,57.3101],[11.1816,57.3101],[11.1817,57.31],[11.1814,57.3099],[11.1808,57.3096],[11.1808,57.3095],[11.18,57.3092],[11.1797,57.3086],[11.1791,57.3082],[11.1789,57.3079],[11.1784,57.3078],[11.1783,57.3078],[11.1783,57.3077],[11.1781,57.3073],[11.1778,57.3072],[11.1775,57.3071],[11.1769,57.307],[11.1766,57.307],[11.1766,57.3069],[11.1769,57.3069],[11.1771,57.3068],[11.177,57.3066],[11.1768,57.3065],[11.1765,57.3065],[11.1765,57.3066],[11.1763,57.3066],[11.1761,57.3065],[11.1756,57.3064],[11.1756,57.3062],[11.1757,57.3058],[11.1761,57.3055],[11.1762,57.3053],[11.1759,57.3052],[11.1757,57.3054],[11.1753,57.3057],[11.1751,57.3058],[11.1751,57.3067],[11.1754,57.3069],[11.1759,57.3071],[11.1759,57.3073],[11.1764,57.3076],[11.1767,57.3081],[11.1772,57.3085],[11.1775,57.3088],[11.178,57.3092],[11.1786,57.3097],[11.1788,57.3099],[11.1793,57.31],[11.1795,57.3103],[11.1797,57.3106],[11.1798,57.3109],[11.1801,57.311],[11.1805,57.3113],[11.1811,57.3117],[11.1816,57.3121],[11.1817,57.3122],[11.1819,57.3124],[11.1819,57.3124],[11.1821,57.3127],[11.1822,57.3129],[11.1819,57.3132],[11.182,57.3132],[11.1821,57.3134],[11.1821,57.3135],[11.182,57.3135],[11.1819,57.3136],[11.1822,57.3136],[11.1823,57.3135],[11.1826,57.3135],[11.1829,57.3136],[11.1831,57.3137],[11.183,57.3139],[11.1828,57.3139],[11.1826,57.3141],[11.1828,57.3143],[11.183,57.3144],[11.1832,57.3145],[11.1833,57.3147],[11.1834,57.315],[11.1835,57.3153],[11.1833,57.3153],[11.1832,57.3152],[11.1829,57.315],[11.1824,57.3146],[11.182,57.3145],[11.182,57.3143],[11.1816,57.3141],[11.1812,57.3139],[11.1807,57.3136],[11.1802,57.3134],[11.1799,57.3134],[11.1799,57.3135],[11.1802,57.3136],[11.1803,57.314],[11.1802,57.3141],[11.18,57.3142],[11.1805,57.3143],[11.1807,57.3143],[11.1809,57.3144],[11.1812,57.3145],[11.1811,57.3147],[11.181,57.3149],[11.1809,57.3151],[11.1812,57.3155],[11.1815,57.3159],[11.1816,57.3162],[11.1817,57.3168],[11.1819,57.3172],[11.1822,57.3175],[11.1829,57.3179],[11.183,57.3183],[11.1833,57.3184],[11.1833,57.3186],[11.1834,57.3188],[11.1835,57.3188],[11.1837,57.3189],[11.1841,57.3189],[11.1843,57.319],[11.1846,57.3191],[11.1847,57.3191],[11.1849,57.3191],[11.1849,57.3194],[11.1851,57.3197],[11.1854,57.3195],[11.1855,57.3195],[11.1857,57.3196],[11.1858,57.3196],[11.186,57.3195],[11.1863,57.3195],[11.1864,57.3195],[11.1864,57.3199],[11.1867,57.3197],[11.1867,57.3195],[11.1867,57.3193],[11.1866,57.319],[11.187,57.3191],[11.1871,57.3192],[11.1873,57.3192],[11.1874,57.3194],[11.1874,57.3194],[11.1871,57.3196],[11.1868,57.3198],[11.1867,57.3202],[11.1866,57.3205],[11.1868,57.3206],[11.187,57.3206],[11.1872,57.3203],[11.1873,57.3202],[11.1879,57.3201],[11.1882,57.3203],[11.1885,57.3207],[11.1887,57.3208],[11.189,57.3208],[11.1888,57.3212],[11.1889,57.3215],[11.1889,57.3217],[11.189,57.3217],[11.1891,57.3217],[11.1895,57.3215],[11.1897,57.3213],[11.19,57.321],[11.1901,57.3207],[11.19,57.3203],[11.1897,57.32],[11.1895,57.3198],[11.1894,57.3195],[11.1893,57.3193],[11.1891,57.3191],[11.189,57.319],[11.1892,57.3187],[11.1894,57.3186]],[[11.1873,57.3187],[11.1875,57.3187],[11.1877,57.3187],[11.188,57.3188],[11.1882,57.3189],[11.1883,57.3189],[11.1884,57.3189],[11.1884,57.319],[11.1884,57.319],[11.1883,57.319],[11.1883,57.3191],[11.1883,57.3192],[11.1884,57.3193],[11.1884,57.3194],[11.1882,57.3195],[11.188,57.3194],[11.1879,57.3195],[11.1878,57.3195],[11.1878,57.3194],[11.1877,57.3193],[11.1876,57.3192],[11.1875,57.3192],[11.1875,57.3191],[11.1874,57.3191],[11.1874,57.319],[11.1873,57.319],[11.1872,57.3188],[11.1872,57.3188],[11.1873,57.3187],[11.1873,57.3187]],[[11.1889,57.3182],[11.1891,57.3182],[11.1893,57.3181],[11.1896,57.3181],[11.1897,57.3182],[11.1898,57.3184],[11.1895,57.3184],[11.1894,57.3184],[11.1892,57.3184],[11.189,57.3183],[11.1889,57.3182]],[[11.187,57.3182],[11.187,57.3181],[11.1871,57.3181],[11.1872,57.3181],[11.1875,57.3182],[11.1878,57.3182],[11.1879,57.3183],[11.188,57.3184],[11.1881,57.3184],[11.1882,57.3184],[11.1883,57.3185],[11.188,57.3185],[11.1879,57.3185],[11.1877,57.3184],[11.1875,57.3185],[11.1875,57.3184],[11.1874,57.3183],[11.1873,57.3183],[11.1871,57.3183],[11.1871,57.3182],[11.187,57.3182],[11.187,57.3182]],[[11.1889,57.3182],[11.1888,57.3182],[11.1887,57.3182],[11.1884,57.3182],[11.1881,57.3181],[11.1879,57.3181],[11.1878,57.3181],[11.1877,57.318],[11.1877,57.3178],[11.1876,57.3178],[11.1875,57.3177],[11.1874,57.3177],[11.1873,57.3176],[11.1874,57.3176],[11.1877,57.3176],[11.1878,57.3176],[11.1878,57.3175],[11.1881,57.3175],[11.1884,57.3176],[11.1886,57.3176],[11.1887,57.3176],[11.1888,57.3177],[11.1891,57.3178],[11.1891,57.3179],[11.189,57.318],[11.189,57.3181],[11.1889,57.3182]],[[11.1868,57.3182],[11.1868,57.3183],[11.1867,57.3183],[11.1867,57.3184],[11.1867,57.3185],[11.1865,57.3185],[11.1863,57.3184],[11.1862,57.3184],[11.1862,57.3184],[11.1861,57.3184],[11.1859,57.3182],[11.1859,57.3182],[11.1857,57.3181],[11.1857,57.3181],[11.1856,57.318],[11.1855,57.318],[11.1855,57.3179],[11.1853,57.3179],[11.1852,57.3179],[11.185,57.3178],[11.185,57.3178],[11.1852,57.3177],[11.1853,57.3177],[11.1854,57.3176],[11.1855,57.3176],[11.1857,57.3175],[11.1857,57.3176],[11.1857,57.3177],[11.1858,57.3178],[11.186,57.3178],[11.186,57.3178],[11.186,57.3181],[11.1861,57.3181],[11.1863,57.3181],[11.1865,57.3181],[11.1865,57.3182],[11.1865,57.3182],[11.1867,57.3182],[11.1868,57.3182]],[[11.1833,57.3141],[11.1831,57.314],[11.1833,57.314],[11.1833,57.314],[11.1833,57.314],[11.1833,57.3141]],[[11.1821,57.3124],[11.1822,57.3123],[11.1823,57.3122],[11.1825,57.3121],[11.1828,57.3122],[11.1831,57.3123],[11.1832,57.3123],[11.1834,57.3123],[11.1834,57.3124],[11.1833,57.3124],[11.183,57.3126],[11.1828,57.3126],[11.1827,57.3126],[11.1826,57.3126],[11.1825,57.3125],[11.1822,57.3125],[11.1821,57.3124]],[[11.1823,57.312],[11.1818,57.3117],[11.1813,57.3115],[11.1811,57.3115],[11.1811,57.3113],[11.1807,57.311],[11.1806,57.3109],[11.1804,57.3108],[11.1803,57.3106],[11.1803,57.3105],[11.1802,57.3104],[11.1801,57.3104],[11.1801,57.3103],[11.1802,57.3102],[11.1806,57.3103],[11.1808,57.3105],[11.1811,57.3105],[11.1812,57.3107],[11.1814,57.3108],[11.1824,57.3115],[11.1825,57.3116],[11.1825,57.3119],[11.1825,57.312],[11.1824,57.312],[11.1823,57.312]]]},"properties":{"sourceId":"ais_par3.109206","a_type":4120,"hectares":35.038}},{"type":"Feature","id":"ais_par3.114462","geometry":{"type":"Polygon","coordinates":[[[10.9891,57.2791],[10.9892,57.2791],[10.9892,57.2791],[10.9892,57.2792],[10.9898,57.279],[10.9903,57.2788],[10.9909,57.2785],[10.9915,57.2782],[10.9921,57.2779],[10.9922,57.2779],[10.9927,57.2777],[10.9933,57.2775],[10.9939,57.2773],[10.9939,57.2772],[10.9934,57.2773],[10.9928,57.2774],[10.9923,57.2776],[10.9918,57.2778],[10.9916,57.2779],[10.9914,57.278],[10.9908,57.2783],[10.9901,57.2787],[10.9894,57.279],[10.9891,57.2791]]]},"properties":{"sourceId":"ais_par3.114462","a_type":4120,"hectares":0.674}},{"type":"Feature","id":"ais_par3.114463","geometry":{"type":"Polygon","coordinates":[[[10.966,57.2808],[10.9653,57.2807],[10.9649,57.2807],[10.9646,57.2808],[10.9645,57.281],[10.9641,57.281],[10.9636,57.2811],[10.9629,57.2812],[10.9623,57.2813],[10.9619,57.2814],[10.9619,57.2815],[10.962,57.2816],[10.9618,57.2816],[10.9611,57.2818],[10.9606,57.2819],[10.9594,57.2822],[10.9589,57.2824],[10.9586,57.2825],[10.9586,57.2827],[10.9586,57.2829],[10.9585,57.283],[10.9583,57.2829],[10.9582,57.2831],[10.9581,57.2831],[10.9578,57.2831],[10.9573,57.2831],[10.9571,57.2833],[10.9568,57.2835],[10.9569,57.2837],[10.957,57.2839],[10.957,57.284],[10.9566,57.2839],[10.9562,57.2838],[10.9559,57.284],[10.9555,57.284],[10.9552,57.284],[10.9548,57.284],[10.9545,57.2841],[10.9541,57.2841],[10.9537,57.2843],[10.9541,57.2843],[10.9546,57.2844],[10.9549,57.2844],[10.9554,57.2843],[10.9558,57.2843],[10.956,57.2843],[10.9562,57.2843],[10.9567,57.2843],[10.9567,57.2844],[10.9567,57.2845],[10.9562,57.2845],[10.956,57.2845],[10.9556,57.2845],[10.9552,57.2845],[10.9547,57.2846],[10.954,57.2846],[10.9535,57.2846],[10.953,57.2846],[10.9527,57.2848],[10.9532,57.2848],[10.9533,57.2848],[10.9536,57.2847],[10.9537,57.2847],[10.9537,57.2848],[10.9536,57.2849],[10.9534,57.2849],[10.953,57.285],[10.9527,57.2851],[10.9525,57.2851],[10.9524,57.2852],[10.9521,57.2853],[10.9519,57.2853],[10.9514,57.2854],[10.9514,57.2854],[10.9518,57.2853],[10.9519,57.2851],[10.9514,57.2852],[10.9511,57.2853],[10.9508,57.2855],[10.9507,57.2857],[10.9513,57.2856],[10.9523,57.2854],[10.9532,57.2851],[10.9539,57.2849],[10.9547,57.2847],[10.9554,57.2847],[10.955,57.2849],[10.9547,57.2851],[10.9545,57.2852],[10.9545,57.2854],[10.9544,57.2854],[10.9541,57.2854],[10.9538,57.2853],[10.9534,57.2854],[10.953,57.2854],[10.9526,57.2855],[10.9525,57.2856],[10.9524,57.2857],[10.9526,57.2857],[10.953,57.2856],[10.9536,57.2855],[10.9542,57.2856],[10.9545,57.2858],[10.9546,57.286],[10.9549,57.2859],[10.9552,57.2858],[10.9553,57.2857],[10.9558,57.2855],[10.9561,57.2853],[10.9564,57.2852],[10.957,57.285],[10.9576,57.2848],[10.9577,57.2848],[10.9578,57.2849],[10.9573,57.285],[10.9573,57.2853],[10.9573,57.2853],[10.9572,57.2855],[10.9575,57.2855],[10.9578,57.2854],[10.9577,57.2853],[10.9575,57.2853],[10.9575,57.2852],[10.9576,57.2852],[10.9581,57.2852],[10.9587,57.2852],[10.9589,57.2851],[10.9586,57.2851],[10.9586,57.2849],[10.9588,57.2848],[10.959,57.2849],[10.9589,57.2847],[10.9592,57.2846],[10.9596,57.2846],[10.9598,57.2846],[10.96,57.2848],[10.9598,57.2849],[10.9596,57.285],[10.9602,57.2849],[10.9614,57.2848],[10.9624,57.2846],[10.9628,57.2847],[10.963,57.2846],[10.9633,57.2846],[10.9635,57.2845],[10.9637,57.2845],[10.9647,57.2843],[10.9654,57.2842],[10.9661,57.2841],[10.9665,57.2841],[10.9671,57.284],[10.9674,57.2839],[10.9678,57.2838],[10.9681,57.2839],[10.9685,57.2838],[10.9688,57.2838],[10.9695,57.2837],[10.9703,57.2836],[10.9714,57.2833],[10.9724,57.2832],[10.9736,57.283],[10.9741,57.2829],[10.9744,57.2829],[10.9745,57.2829],[10.9753,57.2826],[10.9754,57.2826],[10.9756,57.2825],[10.9756,57.2825],[10.9764,57.2823],[10.977,57.282],[10.9775,57.282],[10.978,57.2818],[10.979,57.2817],[10.9798,57.2815],[10.9814,57.2813],[10.9824,57.2812],[10.9835,57.2812],[10.9844,57.2813],[10.9853,57.2815],[10.9864,57.2816],[10.9872,57.2815],[10.988,57.2815],[10.988,57.2806],[10.9872,57.2806],[10.9867,57.2805],[10.9865,57.2805],[10.9858,57.2803],[10.9855,57.2801],[10.9858,57.2799],[10.9866,57.2798],[10.9873,57.2796],[10.9878,57.2795],[10.9882,57.2795],[10.9882,57.2794],[10.9889,57.2793],[10.9891,57.2792],[10.989,57.2792],[10.989,57.2791],[10.9891,57.2791],[10.9885,57.2792],[10.9883,57.2792],[10.988,57.2793],[10.9874,57.2794],[10.9866,57.2796],[10.9859,57.2797],[10.9853,57.2797],[10.9849,57.2797],[10.9846,57.2796],[10.9841,57.2794],[10.9838,57.2794],[10.9835,57.2793],[10.9831,57.2791],[10.9828,57.2789],[10.9823,57.2785],[10.9822,57.2783],[10.9821,57.2779],[10.9822,57.2776],[10.9824,57.2774],[10.9831,57.2772],[10.9833,57.277],[10.9838,57.2767],[10.9843,57.2763],[10.9848,57.2761],[10.9848,57.276],[10.9846,57.2758],[10.9845,57.2759],[10.9845,57.276],[10.9844,57.2761],[10.9841,57.2762],[10.9837,57.2765],[10.9835,57.2766],[10.9833,57.2767],[10.9832,57.2767],[10.9829,57.2768],[10.9828,57.2769],[10.9828,57.2771],[10.9827,57.2771],[10.9825,57.2771],[10.9824,57.2772],[10.9824,57.2773],[10.9823,57.2773],[10.9822,57.2773],[10.9821,57.2774],[10.982,57.2774],[10.9819,57.2774],[10.9816,57.2774],[10.9816,57.2773],[10.9817,57.2771],[10.9818,57.277],[10.9818,57.2768],[10.9817,57.2767],[10.9817,57.2767],[10.9819,57.2767],[10.982,57.2767],[10.9822,57.2767],[10.9824,57.2767],[10.9827,57.2766],[10.9828,57.2765],[10.9828,57.2763],[10.983,57.2761],[10.9833,57.276],[10.9834,57.276],[10.9836,57.2759],[10.9837,57.2758],[10.9841,57.2757],[10.9834,57.2758],[10.9828,57.2761],[10.9825,57.2762],[10.9822,57.2764],[10.9818,57.2766],[10.9813,57.2768],[10.9806,57.277],[10.9801,57.2772],[10.9795,57.277],[10.9795,57.2769],[10.9793,57.2764],[10.9784,57.2742],[10.9822,57.2726],[10.9817,57.2725],[10.9808,57.2722],[10.98,57.2721],[10.9798,57.272],[10.9786,57.2717],[10.9785,57.2717],[10.9784,57.2718],[10.9771,57.2717],[10.977,57.2717],[10.9769,57.2717],[10.9768,57.2716],[10.9766,57.2716],[10.9763,57.2716],[10.976,57.2717],[10.9757,57.2717],[10.9757,57.2718],[10.9756,57.2718],[10.9751,57.2719],[10.9754,57.2726],[10.9754,57.2728],[10.9751,57.2729],[10.975,57.273],[10.975,57.2731],[10.9753,57.2734],[10.9759,57.2736],[10.9758,57.2739],[10.9768,57.2761],[10.9771,57.2764],[10.9771,57.2766],[10.977,57.2767],[10.9768,57.2768],[10.9769,57.277],[10.977,57.277],[10.9771,57.277],[10.9772,57.2771],[10.977,57.2772],[10.9765,57.2772],[10.9763,57.2773],[10.9762,57.2773],[10.9761,57.2774],[10.9757,57.2775],[10.9754,57.2776],[10.9752,57.2777],[10.9749,57.2779],[10.9746,57.278],[10.9745,57.2782],[10.9743,57.2784],[10.9743,57.2785],[10.9743,57.2787],[10.9745,57.2786],[10.9746,57.2786],[10.9746,57.2788],[10.9743,57.2789],[10.9742,57.279],[10.974,57.2793],[10.9738,57.2794],[10.9735,57.2796],[10.9733,57.2796],[10.9731,57.2794],[10.9731,57.2792],[10.9733,57.2791],[10.9734,57.279],[10.9735,57.279],[10.9737,57.279],[10.9739,57.279],[10.974,57.2789],[10.9742,57.2788],[10.9741,57.2786],[10.9741,57.2784],[10.974,57.2784],[10.9739,57.2783],[10.9741,57.2782],[10.9743,57.2781],[10.9742,57.278],[10.9737,57.2781],[10.9736,57.2781],[10.9734,57.2781],[10.9735,57.278],[10.9736,57.278],[10.9736,57.2778],[10.9735,57.2778],[10.9735,57.2779],[10.9733,57.278],[10.9727,57.278],[10.9725,57.2779],[10.9727,57.2778],[10.9729,57.2778],[10.9729,57.2778],[10.9729,57.2777],[10.9727,57.2777],[10.9725,57.2776],[10.9726,57.2774],[10.9725,57.2773],[10.9725,57.2773],[10.9726,57.2772],[10.9729,57.2772],[10.973,57.2772],[10.973,57.2771],[10.973,57.277],[10.9729,57.277],[10.9728,57.2771],[10.9726,57.277],[10.9725,57.277],[10.9724,57.2769],[10.9723,57.2768],[10.9725,57.2766],[10.9725,57.2766],[10.9725,57.2765],[10.9728,57.2765],[10.973,57.2764],[10.9733,57.2764],[10.9734,57.2764],[10.9735,57.2764],[10.9734,57.2763],[10.9735,57.2762],[10.9737,57.2763],[10.974,57.2763],[10.974,57.2762],[10.9742,57.2763],[10.9744,57.2764],[10.9747,57.2763],[10.9748,57.2762],[10.975,57.2762],[10.9751,57.276],[10.975,57.276],[10.9749,57.2758],[10.9751,57.2758],[10.9752,57.2758],[10.9755,57.2757],[10.9758,57.2757],[10.9759,57.2758],[10.9759,57.2759],[10.9761,57.276],[10.9763,57.276],[10.9764,57.2761],[10.9766,57.2761],[10.9765,57.2759],[10.9765,57.2758],[10.9763,57.2758],[10.9762,57.2757],[10.976,57.2755],[10.9759,57.2754],[10.9757,57.2755],[10.9756,57.2756],[10.9754,57.2756],[10.9753,57.2756],[10.9752,57.2755],[10.975,57.2755],[10.9749,57.2755],[10.9747,57.2755],[10.9746,57.2755],[10.9746,57.2756],[10.9747,57.2757],[10.9745,57.2758],[10.9742,57.2758],[10.9738,57.276],[10.9734,57.2761],[10.9729,57.2763],[10.9725,57.2764],[10.9723,57.2764],[10.9722,57.2763],[10.9721,57.2762],[10.9719,57.2762],[10.9717,57.2762],[10.9717,57.2763],[10.9716,57.2766],[10.9716,57.2767],[10.9713,57.2766],[10.9711,57.2766],[10.9709,57.2765],[10.9707,57.2765],[10.9705,57.2766],[10.9704,57.2768],[10.9702,57.2769],[10.9703,57.2773],[10.9704,57.2774],[10.9704,57.2775],[10.9703,57.2776],[10.9702,57.2776],[10.9696,57.2775],[10.9693,57.2776],[10.9697,57.2777],[10.9699,57.2778],[10.9703,57.2778],[10.9704,57.2779],[10.9703,57.2779],[10.9702,57.2779],[10.9699,57.2779],[10.9696,57.2779],[10.9691,57.2779],[10.9686,57.278],[10.9683,57.2781],[10.9682,57.2781],[10.9681,57.2782],[10.9678,57.2783],[10.9674,57.2786],[10.9671,57.2788],[10.9669,57.2789],[10.9672,57.279],[10.9673,57.2792],[10.9675,57.2795],[10.9673,57.2796],[10.9668,57.2796],[10.9665,57.2796],[10.9667,57.2799],[10.9667,57.2801],[10.9664,57.2801],[10.9658,57.2801],[10.9654,57.2802],[10.9652,57.2803],[10.965,57.2804],[10.9649,57.2804],[10.9651,57.2805],[10.9653,57.2806],[10.9659,57.2807],[10.966,57.2808]],[[10.9627,57.2844],[10.9625,57.2845],[10.962,57.2846],[10.9619,57.2846],[10.9616,57.2846],[10.9613,57.2847],[10.961,57.2847],[10.9607,57.2845],[10.9606,57.2844],[10.9606,57.2843],[10.9603,57.2843],[10.96,57.2844],[10.9596,57.2845],[10.9592,57.2845],[10.9589,57.2846],[10.9588,57.2845],[10.9589,57.2845],[10.9591,57.2844],[10.9597,57.2843],[10.96,57.2842],[10.9605,57.2841],[10.9611,57.2841],[10.9615,57.2841],[10.9619,57.284],[10.9621,57.2839],[10.9619,57.2838],[10.9617,57.2838],[10.9613,57.2839],[10.9611,57.2839],[10.961,57.284],[10.9605,57.284],[10.9604,57.284],[10.9602,57.284],[10.9601,57.284],[10.96,57.284],[10.9599,57.284],[10.9597,57.284],[10.9596,57.2839],[10.9597,57.2838],[10.9598,57.2838],[10.9599,57.2837],[10.9601,57.2836],[10.9602,57.2836],[10.9603,57.2837],[10.9604,57.2837],[10.9606,57.2837],[10.9607,57.2836],[10.9609,57.2836],[10.9611,57.2836],[10.9612,57.2836],[10.9612,57.2835],[10.961,57.2834],[10.961,57.2832],[10.9612,57.283],[10.9614,57.283],[10.9617,57.2829],[10.9619,57.283],[10.9622,57.2831],[10.9624,57.2831],[10.9626,57.2831],[10.9627,57.2831],[10.9626,57.283],[10.9624,57.283],[10.9623,57.2829],[10.9625,57.2828],[10.9627,57.2827],[10.9628,57.2827],[10.963,57.2828],[10.9632,57.2827],[10.9634,57.2825],[10.9638,57.2825],[10.964,57.2826],[10.9641,57.2827],[10.9638,57.2828],[10.9635,57.283],[10.9632,57.2831],[10.963,57.2832],[10.9629,57.2833],[10.9628,57.2833],[10.9626,57.2834],[10.9624,57.2833],[10.9623,57.2833],[10.9623,57.2834],[10.9625,57.2834],[10.9627,57.2835],[10.9629,57.2836],[10.9631,57.2837],[10.9633,57.2838],[10.9634,57.2838],[10.9637,57.2838],[10.9638,57.2837],[10.9639,57.2837],[10.9644,57.2836],[10.9648,57.2835],[10.965,57.2834],[10.9652,57.2834],[10.9656,57.2834],[10.9658,57.2835],[10.9659,57.2836],[10.9659,57.2837],[10.9658,57.2838],[10.9658,57.284],[10.9657,57.284],[10.9656,57.284],[10.9655,57.284],[10.9654,57.284],[10.9652,57.2841],[10.9651,57.2841],[10.965,57.2842],[10.9647,57.2842],[10.9644,57.2842],[10.9643,57.2842],[10.9641,57.2842],[10.964,57.2841],[10.964,57.2839],[10.964,57.2838],[10.9639,57.2839],[10.9638,57.284],[10.9635,57.284],[10.9633,57.284],[10.963,57.2839],[10.9627,57.2839],[10.9625,57.2839],[10.9626,57.284],[10.963,57.284],[10.9631,57.2841],[10.9631,57.2842],[10.963,57.2842],[10.9626,57.2842],[10.9625,57.2842],[10.9626,57.2843],[10.9627,57.2844]],[[10.9753,57.2823],[10.9752,57.2824],[10.9746,57.2824],[10.9744,57.2823],[10.9746,57.2823],[10.9747,57.2823],[10.9749,57.2823],[10.9751,57.2822],[10.9753,57.2821],[10.9754,57.2821],[10.9755,57.2822],[10.9754,57.2822],[10.9753,57.2823]],[[10.9755,57.2821],[10.9757,57.282],[10.9758,57.2819],[10.976,57.2818],[10.976,57.2818],[10.9763,57.2818],[10.9764,57.2818],[10.9765,57.2818],[10.9765,57.2819],[10.9764,57.2819],[10.9762,57.282],[10.9759,57.2821],[10.9758,57.2821],[10.9756,57.2822],[10.9755,57.2821]],[[10.9672,57.2816],[10.967,57.2814],[10.9669,57.2812],[10.967,57.2811],[10.9674,57.2809],[10.9676,57.2809],[10.9679,57.2809],[10.968,57.2809],[10.9682,57.281],[10.9685,57.2811],[10.9686,57.2812],[10.9686,57.2813],[10.9688,57.2813],[10.969,57.2813],[10.9691,57.2813],[10.9692,57.2813],[10.9692,57.2814],[10.9692,57.2815],[10.969,57.2816],[10.9687,57.2816],[10.9681,57.2816],[10.9679,57.2817],[10.9676,57.2816],[10.9675,57.2816],[10.9672,57.2816]],[[10.9693,57.2813],[10.9692,57.2812],[10.9692,57.2812],[10.9691,57.2812],[10.969,57.2812],[10.9688,57.2811],[10.9689,57.281],[10.969,57.281],[10.9693,57.2811],[10.9694,57.2812],[10.9695,57.2811],[10.9696,57.2812],[10.9696,57.2813],[10.9696,57.2814],[10.9694,57.2813],[10.9693,57.2813]],[[10.9739,57.2826],[10.9736,57.2826],[10.9735,57.2826],[10.9734,57.2827],[10.9732,57.2827],[10.973,57.2827],[10.9728,57.2827],[10.9727,57.2826],[10.9728,57.2825],[10.9728,57.2824],[10.9728,57.2822],[10.9726,57.282],[10.9725,57.282],[10.9723,57.2816],[10.9719,57.2813],[10.9716,57.2812],[10.9714,57.2812],[10.9712,57.281],[10.971,57.2809],[10.9711,57.2809],[10.9712,57.2809],[10.9714,57.2809],[10.9716,57.281],[10.9719,57.2811],[10.9722,57.2813],[10.9724,57.2815],[10.9725,57.2816],[10.9727,57.2817],[10.9728,57.2819],[10.973,57.282],[10.9733,57.2822],[10.9735,57.2823],[10.9736,57.2824],[10.9737,57.2825],[10.9738,57.2825],[10.9739,57.2826]],[[10.9729,57.2807],[10.9728,57.2808],[10.9725,57.2807],[10.9721,57.2807],[10.9719,57.2806],[10.9719,57.2806],[10.9719,57.2805],[10.9719,57.2804],[10.9719,57.2803],[10.9721,57.2804],[10.9724,57.2805],[10.9725,57.2806],[10.9726,57.2806],[10.9727,57.2806],[10.9728,57.2806],[10.9729,57.2806],[10.9729,57.2807],[10.9729,57.2807]],[[10.9706,57.2799],[10.9708,57.2799],[10.9709,57.2797],[10.971,57.2797],[10.9711,57.2797],[10.9712,57.2797],[10.9712,57.2799],[10.9713,57.2801],[10.9713,57.2803],[10.9713,57.2804],[10.9713,57.2805],[10.9712,57.2806],[10.9711,57.2807],[10.9709,57.2807],[10.9708,57.2806],[10.9707,57.2806],[10.9706,57.2806],[10.9705,57.2805],[10.9703,57.2805],[10.9703,57.2804],[10.9702,57.2803],[10.9698,57.2802],[10.9698,57.2801],[10.9699,57.28],[10.9702,57.28],[10.9703,57.28],[10.9704,57.2799],[10.9705,57.2799],[10.9706,57.2799]],[[10.9705,57.2798],[10.9704,57.2798],[10.9703,57.2797],[10.9704,57.2796],[10.9706,57.2796],[10.9706,57.2797],[10.9706,57.2797],[10.9705,57.2798]],[[10.9684,57.2782],[10.9686,57.2782],[10.9689,57.2782],[10.9692,57.2781],[10.9694,57.2781],[10.9696,57.2781],[10.9697,57.2782],[10.97,57.2782],[10.9702,57.2781],[10.9706,57.2781],[10.9707,57.2781],[10.9706,57.2782],[10.9704,57.2782],[10.9704,57.2784],[10.9703,57.2785],[10.9701,57.2785],[10.97,57.2784],[10.9698,57.2784],[10.9696,57.2785],[10.9696,57.2786],[10.9695,57.2786],[10.9694,57.2787],[10.9692,57.2786],[10.9692,57.2784],[10.9691,57.2784],[10.969,57.2784],[10.9688,57.2785],[10.9687,57.2786],[10.9686,57.2786],[10.9684,57.2786],[10.9682,57.2787],[10.968,57.2787],[10.9679,57.2786],[10.9681,57.2785],[10.9681,57.2784],[10.9683,57.2783],[10.9684,57.2782]],[[10.9678,57.2826],[10.9676,57.2827],[10.9674,57.2827],[10.9671,57.2828],[10.9668,57.2828],[10.9665,57.2828],[10.9662,57.2827],[10.966,57.2827],[10.966,57.2828],[10.966,57.2828],[10.9661,57.2828],[10.9662,57.2829],[10.966,57.2829],[10.9659,57.2831],[10.966,57.2831],[10.9663,57.2832],[10.9665,57.2832],[10.9667,57.2832],[10.9669,57.2832],[10.9672,57.2832],[10.9674,57.2832],[10.9677,57.2832],[10.968,57.2833],[10.968,57.2834],[10.9678,57.2834],[10.9673,57.2834],[10.9671,57.2834],[10.9669,57.2833],[10.9666,57.2833],[10.966,57.2833],[10.9658,57.2833],[10.9654,57.2833],[10.9648,57.2833],[10.9645,57.2834],[10.9643,57.2835],[10.9641,57.2835],[10.964,57.2836],[10.9639,57.2835],[10.964,57.2833],[10.9643,57.2832],[10.9646,57.2831],[10.9648,57.283],[10.9649,57.2829],[10.9651,57.2827],[10.9654,57.2825],[10.9656,57.2825],[10.9658,57.2824],[10.9659,57.2824],[10.9661,57.2823],[10.9663,57.2822],[10.9668,57.2821],[10.9672,57.2821],[10.9676,57.2821],[10.9677,57.2821],[10.9679,57.2822],[10.9682,57.2821],[10.9684,57.2821],[10.9687,57.2822],[10.969,57.2823],[10.9692,57.2824],[10.9691,57.2825],[10.9688,57.2825],[10.9686,57.2824],[10.9682,57.2824],[10.9679,57.2823],[10.9679,57.2824],[10.968,57.2825],[10.9683,57.2825],[10.9687,57.2826],[10.9688,57.2827],[10.9688,57.2827],[10.9686,57.2828],[10.9683,57.2826],[10.9681,57.2827],[10.9678,57.2826]],[[10.9828,57.2806],[10.9827,57.2806],[10.9825,57.2806],[10.9825,57.2806],[10.9826,57.2805],[10.9826,57.2805],[10.9828,57.2805],[10.9829,57.2805],[10.9829,57.2806],[10.9828,57.2806]],[[10.9777,57.2798],[10.9778,57.2796],[10.9778,57.2794],[10.9777,57.2793],[10.9777,57.2791],[10.9776,57.279],[10.9773,57.2788],[10.9773,57.2788],[10.9773,57.2785],[10.9776,57.2783],[10.9777,57.2782],[10.9777,57.2779],[10.9778,57.2779],[10.978,57.2779],[10.9781,57.2778],[10.9787,57.2776],[10.979,57.2775],[10.9793,57.2775],[10.9796,57.2775],[10.98,57.2775],[10.9804,57.2775],[10.9805,57.2776],[10.9806,57.2778],[10.9806,57.2779],[10.9803,57.278],[10.9802,57.2781],[10.9804,57.2781],[10.9803,57.2783],[10.98,57.2787],[10.9798,57.2789],[10.9797,57.279],[10.9795,57.2791],[10.9792,57.2791],[10.9791,57.2792],[10.9791,57.2792],[10.9789,57.2794],[10.9788,57.2795],[10.9789,57.2796],[10.9789,57.2798],[10.9785,57.2801],[10.9784,57.2802],[10.9781,57.2802],[10.9779,57.2801],[10.9778,57.28],[10.9777,57.2798]],[[10.9779,57.2815],[10.9777,57.2815],[10.9776,57.2815],[10.9775,57.2813],[10.9773,57.2813],[10.977,57.2813],[10.9766,57.2811],[10.9765,57.2811],[10.9765,57.281],[10.9767,57.2809],[10.9771,57.2808],[10.9772,57.2808],[10.9772,57.2808],[10.977,57.2807],[10.9766,57.2807],[10.9763,57.2807],[10.976,57.2806],[10.976,57.2805],[10.9763,57.2804],[10.9765,57.2804],[10.9767,57.2803],[10.9769,57.2802],[10.9771,57.2802],[10.9773,57.2802],[10.9774,57.2802],[10.9776,57.2803],[10.9777,57.2804],[10.9777,57.2805],[10.9779,57.2805],[10.9779,57.2804],[10.9781,57.2805],[10.9781,57.2805],[10.9779,57.2807],[10.9777,57.2808],[10.9777,57.2808],[10.9778,57.2808],[10.9781,57.2807],[10.9783,57.2807],[10.9785,57.2807],[10.9788,57.2806],[10.979,57.2804],[10.9792,57.2803],[10.9794,57.2802],[10.9797,57.28],[10.9798,57.2799],[10.9799,57.2797],[10.9799,57.2795],[10.98,57.2794],[10.9804,57.2792],[10.9807,57.2792],[10.9809,57.2791],[10.9811,57.2792],[10.9812,57.2794],[10.9813,57.2795],[10.9815,57.2796],[10.9818,57.2796],[10.9822,57.2795],[10.9825,57.2795],[10.9827,57.2796],[10.9827,57.2798],[10.9828,57.2799],[10.983,57.2799],[10.9831,57.2799],[10.9833,57.28],[10.9833,57.2801],[10.9832,57.2803],[10.9832,57.2804],[10.9832,57.2805],[10.9831,57.2805],[10.983,57.2805],[10.9829,57.2803],[10.9827,57.2803],[10.9824,57.2805],[10.9822,57.2805],[10.982,57.2805],[10.9818,57.2806],[10.9817,57.2807],[10.9817,57.2808],[10.9816,57.2808],[10.9815,57.2809],[10.9808,57.2809],[10.9801,57.281],[10.9799,57.281],[10.9796,57.2811],[10.9793,57.2812],[10.9787,57.2813],[10.9783,57.2814],[10.9781,57.2814],[10.978,57.2814],[10.9779,57.2815]]]},"properties":{"sourceId":"ais_par3.114463","a_type":4120,"hectares":81.373}},{"type":"Feature","id":"ais_par3.115580","geometry":{"type":"Polygon","coordinates":[[[10.9564,57.221],[10.956,57.2211],[10.9558,57.2212],[10.9559,57.2215],[10.9564,57.2214],[10.9567,57.2212],[10.9567,57.221],[10.9564,57.221]]]},"properties":{"sourceId":"ais_par3.115580","a_type":4210,"hectares":0.183}},{"type":"Feature","id":"ais_par3.115581","geometry":{"type":"Polygon","coordinates":[[[10.9575,57.2189],[10.9574,57.2189],[10.9574,57.2191],[10.9576,57.2193],[10.9578,57.2194],[10.958,57.2193],[10.9578,57.219],[10.9575,57.2189]]]},"properties":{"sourceId":"ais_par3.115581","a_type":4210,"hectares":0.124}},{"type":"Feature","id":"ais_par3.115564","geometry":{"type":"Polygon","coordinates":[[[10.9321,57.3634],[10.932,57.3633],[10.9319,57.3632],[10.9317,57.363],[10.9315,57.3629],[10.9312,57.3627],[10.9309,57.3625],[10.9307,57.3623],[10.9305,57.3621],[10.9303,57.3619],[10.9303,57.3621],[10.9304,57.3621],[10.9303,57.3623],[10.93,57.3624],[10.93,57.3624],[10.9299,57.3628],[10.93,57.363],[10.9301,57.363],[10.9305,57.3629],[10.9307,57.363],[10.9308,57.3631],[10.9312,57.3633],[10.9317,57.3634],[10.9321,57.3634]]]},"properties":{"sourceId":"ais_par3.115564","a_type":4210,"hectares":0.745}},{"type":"Feature","id":"ais_par3.115565","geometry":{"type":"Polygon","coordinates":[[[10.93,57.3612],[10.9298,57.3609],[10.9296,57.3604],[10.9295,57.3602],[10.9291,57.3599],[10.929,57.3598],[10.9286,57.3596],[10.9286,57.3595],[10.9283,57.3593],[10.928,57.3589],[10.9279,57.3587],[10.9277,57.3588],[10.9276,57.3587],[10.9276,57.3587],[10.9277,57.3589],[10.9276,57.359],[10.9273,57.3591],[10.9267,57.3592],[10.9265,57.3594],[10.9264,57.3598],[10.926,57.3599],[10.9257,57.3601],[10.9251,57.3602],[10.9246,57.3602],[10.9245,57.3601],[10.9245,57.3601],[10.9241,57.3601],[10.9239,57.36],[10.9238,57.3598],[10.9238,57.3596],[10.924,57.3595],[10.9239,57.3594],[10.9232,57.3593],[10.923,57.3589],[10.9228,57.3588],[10.9228,57.3588],[10.9221,57.3584],[10.922,57.3584],[10.922,57.3583],[10.9217,57.3583],[10.9218,57.3585],[10.922,57.3586],[10.922,57.3586],[10.9222,57.3586],[10.9226,57.3587],[10.9226,57.3589],[10.9225,57.359],[10.9226,57.3593],[10.9228,57.3595],[10.9228,57.3597],[10.9227,57.3598],[10.9224,57.3599],[10.9223,57.3599],[10.9221,57.3598],[10.922,57.3597],[10.9219,57.3596],[10.9217,57.3596],[10.9213,57.3597],[10.9211,57.3597],[10.921,57.3596],[10.921,57.3596],[10.9207,57.3595],[10.9203,57.3593],[10.9201,57.3592],[10.9201,57.3592],[10.9202,57.3595],[10.9204,57.3596],[10.9204,57.3596],[10.9207,57.3598],[10.9208,57.3599],[10.921,57.3599],[10.9211,57.36],[10.9215,57.3603],[10.9216,57.3604],[10.9217,57.3605],[10.9227,57.3608],[10.9228,57.3609],[10.9228,57.361],[10.9229,57.361],[10.923,57.3611],[10.924,57.3606],[10.9243,57.3605],[10.9253,57.3604],[10.9255,57.3603],[10.9263,57.36],[10.9266,57.3598],[10.9268,57.3596],[10.927,57.3596],[10.927,57.3596],[10.927,57.3596],[10.9274,57.3594],[10.9278,57.3595],[10.9279,57.3597],[10.928,57.3598],[10.928,57.3599],[10.928,57.3601],[10.928,57.3601],[10.9283,57.3604],[10.9283,57.3604],[10.9285,57.3604],[10.929,57.3604],[10.9293,57.3606],[10.9295,57.3608],[10.9298,57.3609],[10.93,57.3612]]]},"properties":{"sourceId":"ais_par3.115565","a_type":4210,"hectares":4.361}},{"type":"Feature","id":"ais_par3.115566","geometry":{"type":"Polygon","coordinates":[[[11.0239,57.3158],[11.0234,57.3157],[11.0228,57.3156],[11.0225,57.3155],[11.0222,57.3153],[11.022,57.3148],[11.0218,57.3144],[11.022,57.3151],[11.022,57.3154],[11.022,57.3156],[11.022,57.3156],[11.022,57.3156],[11.0219,57.3158],[11.022,57.3159],[11.022,57.3159],[11.0224,57.316],[11.0224,57.316],[11.0231,57.316],[11.0236,57.316],[11.0236,57.316],[11.0241,57.316],[11.0244,57.3161],[11.0256,57.3165],[11.0259,57.3165],[11.0256,57.3164],[11.0253,57.3163],[11.0249,57.3162],[11.0244,57.3161],[11.0239,57.3158]]]},"properties":{"sourceId":"ais_par3.115566","a_type":4210,"hectares":0.693}},{"type":"Feature","id":"ais_par3.115567","geometry":{"type":"Polygon","coordinates":[[[10.9651,57.3024],[10.965,57.3024],[10.965,57.3024],[10.9651,57.3024]]]},"properties":{"sourceId":"ais_par3.115567","a_type":4210,"hectares":16638}},{"type":"Feature","id":"ais_par3.115568","geometry":{"type":"Polygon","coordinates":[[[10.9739,57.3038],[10.9732,57.3037],[10.9718,57.3035],[10.9702,57.3033],[10.9691,57.3032],[10.9682,57.303],[10.9672,57.3028],[10.967,57.3027],[10.9668,57.3026],[10.9659,57.3025],[10.9657,57.3025],[10.9659,57.3026],[10.9665,57.3026],[10.9668,57.3027],[10.9672,57.3029],[10.9675,57.303],[10.9682,57.3032],[10.9691,57.3034],[10.9694,57.3035],[10.9705,57.3036],[10.9719,57.3038],[10.9723,57.3039],[10.973,57.3039],[10.9738,57.3041],[10.9739,57.3038]]]},"properties":{"sourceId":"ais_par3.115568","a_type":4210,"hectares":1.217}},{"type":"Feature","id":"ais_par3.115569","geometry":{"type":"Polygon","coordinates":[[[10.9635,57.3024],[10.9626,57.3025],[10.9608,57.3025],[10.9598,57.3025],[10.9591,57.3025],[10.9597,57.3026],[10.9612,57.3026],[10.9621,57.3026],[10.9621,57.3026],[10.9632,57.3025],[10.9635,57.3024]]]},"properties":{"sourceId":"ais_par3.115569","a_type":4210,"hectares":0.21}},{"type":"Feature","id":"ais_par3.115570","geometry":{"type":"Polygon","coordinates":[[[10.8577,57.2615],[10.8583,57.2621],[10.8585,57.2622],[10.8587,57.2622],[10.8591,57.2622],[10.8599,57.2623],[10.8606,57.2623],[10.8616,57.2623],[10.8625,57.2623],[10.863,57.2622],[10.8631,57.262],[10.863,57.262],[10.8626,57.2618],[10.8624,57.2615],[10.862,57.2615],[10.8608,57.2613],[10.8604,57.2614],[10.8595,57.2617],[10.8588,57.2617],[10.858,57.2616],[10.8577,57.2615],[10.8577,57.2615]]]},"properties":{"sourceId":"ais_par3.115570","a_type":4210,"hectares":2.291}},{"type":"Feature","id":"ais_par3.115571","geometry":{"type":"Polygon","coordinates":[[[10.89,57.2495],[10.89,57.2495],[10.89,57.2495],[10.89,57.2494],[10.8902,57.2494],[10.8901,57.2493],[10.8894,57.2494],[10.8893,57.2494],[10.8895,57.2495],[10.89,57.2495]]]},"properties":{"sourceId":"ais_par3.115571","a_type":4210,"hectares":0.084}},{"type":"Feature","id":"ais_par3.115572","geometry":{"type":"Polygon","coordinates":[[[10.8943,57.2391],[10.8937,57.2391],[10.8923,57.2397],[10.8916,57.2401],[10.8911,57.2407],[10.8908,57.241],[10.8894,57.2416],[10.888,57.2427],[10.8872,57.2435],[10.886,57.2442],[10.8846,57.2451],[10.8844,57.2451],[10.8833,57.2458],[10.8795,57.2481],[10.8771,57.2499],[10.8771,57.2499],[10.8781,57.2496],[10.8788,57.2493],[10.8794,57.2488],[10.8809,57.2482],[10.8816,57.2477],[10.8817,57.2472],[10.8818,57.247],[10.8831,57.2466],[10.884,57.2463],[10.8846,57.2458],[10.8857,57.2453],[10.886,57.2452],[10.8864,57.2451],[10.8871,57.2447],[10.8878,57.2444],[10.8881,57.2442],[10.8882,57.2438],[10.8884,57.2437],[10.8894,57.2432],[10.8902,57.2427],[10.8913,57.2423],[10.8916,57.2421],[10.8919,57.2416],[10.8923,57.2412],[10.8934,57.2406],[10.8942,57.2402],[10.8944,57.24],[10.8944,57.2399],[10.8941,57.2397],[10.894,57.2394],[10.8941,57.2392],[10.8943,57.2391]]]},"properties":{"sourceId":"ais_par3.115572","a_type":4210,"hectares":12.132}},{"type":"Feature","id":"ais_par3.115573","geometry":{"type":"Polygon","coordinates":[[[10.8726,57.2622],[10.8727,57.2623],[10.8732,57.2628],[10.8732,57.2629],[10.8731,57.2629],[10.872,57.2622],[10.872,57.2624],[10.8721,57.2627],[10.8727,57.2633],[10.873,57.2634],[10.8733,57.2638],[10.8741,57.2642],[10.8742,57.2642],[10.8743,57.2642],[10.8742,57.264],[10.8742,57.2638],[10.8744,57.2636],[10.8743,57.2635],[10.8734,57.2628],[10.8727,57.2622],[10.8726,57.2622]]]},"properties":{"sourceId":"ais_par3.115573","a_type":4210,"hectares":1.231}},{"type":"Feature","id":"ais_par3.115618","geometry":{"type":"Polygon","coordinates":[[[11.1723,57.2781],[11.1722,57.2779],[11.1722,57.2779],[11.1718,57.2779],[11.1711,57.278],[11.1708,57.2781],[11.1707,57.2782],[11.1706,57.2783],[11.1712,57.2781],[11.1714,57.2781],[11.1713,57.2783],[11.1713,57.2783],[11.1716,57.2783],[11.1716,57.2783],[11.1718,57.2782],[11.1718,57.2782],[11.172,57.2782],[11.1723,57.2781]]]},"properties":{"sourceId":"ais_par3.115618","a_type":4210,"hectares":0.264}},{"type":"Feature","id":"ais_par3.115574","geometry":{"type":"Polygon","coordinates":[[[10.9072,57.28],[10.907,57.2798],[10.907,57.2795],[10.9068,57.2793],[10.9064,57.2787],[10.9061,57.2785],[10.9059,57.2783],[10.9055,57.2777],[10.9052,57.2773],[10.9048,57.277],[10.9042,57.2764],[10.9038,57.276],[10.9035,57.2757],[10.903,57.2754],[10.9025,57.2751],[10.9023,57.275],[10.9021,57.2748],[10.9017,57.2745],[10.9015,57.2744],[10.9008,57.2739],[10.9007,57.2737],[10.9004,57.2736],[10.9002,57.2734],[10.9001,57.2733],[10.9,57.2732],[10.8995,57.2729],[10.8988,57.2725],[10.8981,57.2719],[10.8975,57.2716],[10.897,57.2714],[10.8964,57.2711],[10.8959,57.2708],[10.8954,57.2706],[10.8951,57.2703],[10.8946,57.2701],[10.8943,57.2698],[10.894,57.2696],[10.8936,57.2693],[10.8929,57.269],[10.8921,57.2685],[10.8912,57.268],[10.8905,57.2677],[10.8896,57.2672],[10.889,57.267],[10.8889,57.2669],[10.888,57.2665],[10.8871,57.266],[10.8867,57.2659],[10.886,57.2655],[10.8853,57.2652],[10.8848,57.265],[10.8844,57.2647],[10.884,57.2645],[10.8835,57.2643],[10.8825,57.2638],[10.8814,57.2631],[10.8801,57.2624],[10.88,57.2623],[10.8789,57.2617],[10.8788,57.2617],[10.8781,57.2612],[10.8778,57.261],[10.8777,57.261],[10.8774,57.2608],[10.8772,57.2607],[10.8771,57.2606],[10.8768,57.2603],[10.876,57.2598],[10.8756,57.2594],[10.8751,57.2591],[10.8745,57.2586],[10.874,57.258],[10.8737,57.2574],[10.8736,57.2577],[10.8734,57.258],[10.8735,57.2583],[10.8738,57.2585],[10.8743,57.2587],[10.8747,57.259],[10.8749,57.2593],[10.8743,57.2593],[10.874,57.2591],[10.8735,57.2586],[10.8732,57.2584],[10.8729,57.2582],[10.8728,57.2583],[10.8727,57.2586],[10.8725,57.2588],[10.8725,57.2589],[10.8727,57.2591],[10.8728,57.2593],[10.8726,57.2592],[10.8726,57.2591],[10.8725,57.2589],[10.8725,57.2587],[10.8726,57.2584],[10.8727,57.2582],[10.8728,57.2582],[10.8728,57.2578],[10.8727,57.2577],[10.8729,57.2574],[10.873,57.2572],[10.8731,57.257],[10.8727,57.257],[10.8725,57.2571],[10.8723,57.2573],[10.8721,57.2574],[10.872,57.2574],[10.8718,57.2574],[10.8718,57.2574],[10.8718,57.2572],[10.8719,57.2571],[10.8723,57.2569],[10.8725,57.2569],[10.8731,57.2569],[10.8731,57.2566],[10.8731,57.2564],[10.8734,57.2565],[10.8734,57.2557],[10.8735,57.2552],[10.8736,57.2552],[10.8742,57.2546],[10.8734,57.255],[10.8723,57.2557],[10.8716,57.2562],[10.871,57.2568],[10.8706,57.2577],[10.8706,57.2584],[10.8706,57.2588],[10.871,57.2595],[10.8717,57.2604],[10.872,57.2609],[10.8722,57.2614],[10.8724,57.2619],[10.8724,57.2619],[10.873,57.2623],[10.8742,57.2632],[10.8746,57.2635],[10.8747,57.2635],[10.8746,57.2634],[10.8749,57.2634],[10.8749,57.2633],[10.8749,57.2633],[10.8749,57.2633],[10.8752,57.2632],[10.8755,57.263],[10.8758,57.263],[10.8762,57.2627],[10.8765,57.2625],[10.877,57.2624],[10.8775,57.2625],[10.8777,57.2628],[10.8779,57.263],[10.8782,57.2631],[10.8785,57.2631],[10.8791,57.2631],[10.8796,57.2632],[10.8802,57.2633],[10.8803,57.2634],[10.8802,57.2636],[10.8803,57.2637],[10.8806,57.2636],[10.8808,57.2635],[10.8811,57.2636],[10.8816,57.2637],[10.882,57.264],[10.8822,57.2641],[10.8827,57.2642],[10.883,57.2645],[10.8834,57.2647],[10.8838,57.2649],[10.8843,57.2651],[10.8847,57.2652],[10.8853,57.2654],[10.8858,57.2658],[10.8864,57.2661],[10.8874,57.2666],[10.8879,57.2669],[10.8881,57.2671],[10.8881,57.2672],[10.8876,57.2672],[10.8872,57.2671],[10.887,57.267],[10.8868,57.2671],[10.887,57.2673],[10.887,57.2675],[10.887,57.2676],[10.8874,57.2679],[10.8879,57.2683],[10.888,57.2685],[10.888,57.2686],[10.8879,57.2686],[10.8877,57.2685],[10.8876,57.2684],[10.8875,57.2682],[10.8874,57.2681],[10.8873,57.268],[10.8872,57.268],[10.8872,57.268],[10.8868,57.2677],[10.8865,57.2675],[10.8858,57.2673],[10.8855,57.2672],[10.8851,57.2671],[10.8843,57.2666],[10.8839,57.2663],[10.8833,57.2659],[10.8831,57.2659],[10.8827,57.2657],[10.8823,57.2656],[10.882,57.2654],[10.8813,57.2653],[10.8809,57.2652],[10.8807,57.2652],[10.8806,57.2651],[10.8805,57.2649],[10.8801,57.2646],[10.8797,57.2643],[10.8792,57.264],[10.879,57.2639],[10.8786,57.2637],[10.8788,57.2636],[10.8789,57.2637],[10.8794,57.2637],[10.8794,57.2636],[10.8795,57.2635],[10.8799,57.2636],[10.8801,57.2635],[10.8801,57.2633],[10.8799,57.2633],[10.8794,57.2632],[10.8787,57.2633],[10.8785,57.2633],[10.8779,57.2632],[10.8775,57.263],[10.8774,57.2628],[10.8772,57.2627],[10.8771,57.2626],[10.8767,57.2626],[10.8759,57.2631],[10.8755,57.2633],[10.8755,57.2635],[10.8753,57.2636],[10.8751,57.2635],[10.8748,57.2636],[10.8744,57.2639],[10.8745,57.2643],[10.8748,57.2645],[10.8754,57.2648],[10.8762,57.2653],[10.8762,57.2653],[10.8771,57.2656],[10.8777,57.2659],[10.8782,57.2663],[10.8791,57.2665],[10.8797,57.2669],[10.8801,57.2669],[10.8808,57.2671],[10.8812,57.2673],[10.8813,57.2672],[10.882,57.2674],[10.8831,57.268],[10.8847,57.2687],[10.8855,57.2691],[10.8863,57.2694],[10.8873,57.2698],[10.8875,57.2699],[10.8879,57.2701],[10.8883,57.2703],[10.8892,57.2706],[10.8902,57.2711],[10.8909,57.2715],[10.8915,57.2718],[10.892,57.2718],[10.8922,57.2718],[10.8926,57.2718],[10.8926,57.272],[10.8924,57.2721],[10.8924,57.2723],[10.893,57.2726],[10.8936,57.2728],[10.894,57.2731],[10.8945,57.2733],[10.8951,57.2737],[10.8958,57.274],[10.8963,57.2743],[10.897,57.2746],[10.8975,57.2748],[10.8978,57.275],[10.8983,57.2751],[10.8985,57.2752],[10.8987,57.2753],[10.8989,57.2753],[10.8992,57.2754],[10.9001,57.2756],[10.9006,57.2758],[10.9015,57.2762],[10.9019,57.2765],[10.9024,57.2771],[10.903,57.2774],[10.9034,57.2776],[10.9042,57.2781],[10.9043,57.2782],[10.9046,57.2787],[10.905,57.2791],[10.9051,57.2791],[10.9052,57.2791],[10.9052,57.2788],[10.9048,57.2785],[10.9047,57.2782],[10.9044,57.2777],[10.9042,57.2777],[10.904,57.2777],[10.9038,57.2774],[10.9035,57.2774],[10.9033,57.2772],[10.9029,57.277],[10.903,57.2768],[10.9029,57.2766],[10.9028,57.2762],[10.9027,57.2761],[10.9024,57.276],[10.9022,57.2761],[10.9019,57.276],[10.9018,57.2759],[10.9019,57.2756],[10.9024,57.2756],[10.9031,57.2759],[10.9034,57.2761],[10.9034,57.2764],[10.9042,57.277],[10.905,57.2775],[10.9054,57.2783],[10.9059,57.2788],[10.9061,57.279],[10.9064,57.2798],[10.9068,57.2799],[10.9072,57.28]],[[10.8888,57.2672],[10.8891,57.2674],[10.89,57.2678],[10.8907,57.2681],[10.8917,57.2687],[10.8928,57.2692],[10.8942,57.27],[10.8951,57.2707],[10.8958,57.2714],[10.8965,57.2722],[10.8968,57.2728],[10.8972,57.2732],[10.8973,57.2734],[10.8971,57.2734],[10.8969,57.2732],[10.8964,57.2728],[10.8958,57.2719],[10.8954,57.2714],[10.8951,57.2711],[10.8949,57.271],[10.8946,57.2708],[10.8943,57.2706],[10.8938,57.2702],[10.8931,57.2697],[10.8921,57.2691],[10.8909,57.2686],[10.8903,57.2684],[10.8893,57.2678],[10.8884,57.2674],[10.8888,57.2672]],[[10.8729,57.2562],[10.8728,57.256],[10.8728,57.2559],[10.8729,57.2557],[10.873,57.2556],[10.8731,57.2557],[10.8729,57.256],[10.8729,57.2562]],[[10.8863,57.2691],[10.8869,57.2692],[10.8874,57.2694],[10.8879,57.2696],[10.8883,57.2697],[10.889,57.27],[10.8898,57.2703],[10.8904,57.2707],[10.891,57.2708],[10.8914,57.2711],[10.8908,57.2711],[10.89,57.2707],[10.8893,57.2703],[10.8889,57.2701],[10.8881,57.2698],[10.8875,57.2696],[10.8869,57.2694],[10.8865,57.2693],[10.8863,57.2691]],[[10.8863,57.2691],[10.8859,57.2691],[10.8861,57.269],[10.8863,57.2691]]]},"properties":{"sourceId":"ais_par3.115574","a_type":4210,"hectares":72.856}},{"type":"Feature","id":"ais_par3.115575","geometry":{"type":"Polygon","coordinates":[[[11.0706,57.2426],[11.0706,57.2426],[11.0705,57.2425],[11.0698,57.2422],[11.0689,57.242],[11.0684,57.2419],[11.0681,57.242],[11.0683,57.2421],[11.0687,57.2422],[11.0691,57.2422],[11.0696,57.2424],[11.0704,57.2426],[11.0706,57.2426]]]},"properties":{"sourceId":"ais_par3.115575","a_type":4210,"hectares":0.32}},{"type":"Feature","id":"ais_par3.115576","geometry":{"type":"Polygon","coordinates":[[[10.9261,57.2424],[10.926,57.2424],[10.9261,57.2425],[10.9264,57.2426],[10.9266,57.2427],[10.9268,57.2426],[10.9267,57.2425],[10.9261,57.2424]]]},"properties":{"sourceId":"ais_par3.115576","a_type":4210,"hectares":0.061}},{"type":"Feature","id":"ais_par3.115577","geometry":{"type":"Polygon","coordinates":[[[11.0161,57.2354],[11.0161,57.2355],[11.0163,57.2355],[11.0163,57.2356],[11.0164,57.2356],[11.017,57.2355],[11.0175,57.2354],[11.0181,57.2353],[11.0187,57.2352],[11.0191,57.2351],[11.0191,57.2351],[11.0191,57.235],[11.019,57.235],[11.0179,57.2352],[11.0168,57.2352],[11.0166,57.2352],[11.0161,57.2354],[11.0161,57.2354]]]},"properties":{"sourceId":"ais_par3.115577","a_type":4210,"hectares":0.494}},{"type":"Feature","id":"ais_par3.115578","geometry":{"type":"Polygon","coordinates":[[[10.9586,57.229],[10.9589,57.229],[10.9594,57.2291],[10.96,57.2291],[10.9602,57.2291],[10.9614,57.2289],[10.9617,57.2287],[10.9617,57.2286],[10.9617,57.2286],[10.9616,57.2286],[10.9612,57.2284],[10.9604,57.2285],[10.9603,57.2283],[10.9609,57.2281],[10.9609,57.228],[10.9608,57.2278],[10.9605,57.2277],[10.9597,57.2277],[10.9589,57.228],[10.9583,57.2284],[10.9586,57.2287],[10.9585,57.2288],[10.9586,57.229]]]},"properties":{"sourceId":"ais_par3.115578","a_type":4210,"hectares":2.089}},{"type":"Feature","id":"ais_par3.115579","geometry":{"type":"Polygon","coordinates":[[[10.9504,57.2228],[10.9501,57.223],[10.9502,57.2231],[10.9506,57.2231],[10.9508,57.223],[10.9508,57.2229],[10.9504,57.2228]]]},"properties":{"sourceId":"ais_par3.115579","a_type":4210,"hectares":0.087}},{"type":"Feature","id":"ais_par3.115582","geometry":{"type":"Polygon","coordinates":[[[10.9526,57.2201],[10.9528,57.2202],[10.9533,57.2201],[10.9539,57.2202],[10.9544,57.2201],[10.9546,57.2199],[10.9544,57.2197],[10.9544,57.2195],[10.9547,57.2193],[10.9567,57.2191],[10.9567,57.219],[10.9567,57.219],[10.9566,57.2189],[10.9566,57.2187],[10.9565,57.2186],[10.9561,57.2185],[10.9561,57.2185],[10.956,57.2185],[10.956,57.2185],[10.9556,57.2183],[10.9556,57.2183],[10.955,57.2183],[10.9535,57.2187],[10.9534,57.2188],[10.9532,57.2189],[10.9532,57.219],[10.9531,57.219],[10.9531,57.219],[10.9531,57.219],[10.9531,57.2189],[10.953,57.2189],[10.9531,57.2187],[10.9531,57.2187],[10.9531,57.2186],[10.9531,57.2186],[10.9531,57.2186],[10.9533,57.2184],[10.9535,57.2182],[10.9542,57.2181],[10.9546,57.218],[10.955,57.2178],[10.955,57.2178],[10.955,57.2177],[10.9547,57.2174],[10.9543,57.2172],[10.9537,57.2173],[10.9533,57.2172],[10.9529,57.2173],[10.9529,57.2172],[10.9525,57.2172],[10.9516,57.2172],[10.9507,57.2175],[10.9506,57.2178],[10.9501,57.2182],[10.9501,57.2184],[10.9501,57.2185],[10.9503,57.2187],[10.9504,57.2192],[10.9506,57.2194],[10.951,57.2196],[10.9514,57.2197],[10.9517,57.2199],[10.9523,57.22],[10.9526,57.2201]]]},"properties":{"sourceId":"ais_par3.115582","a_type":4210,"hectares":8.252}},{"type":"Feature","id":"ais_par3.115583","geometry":{"type":"Polygon","coordinates":[[[10.9715,57.2182],[10.9715,57.2182],[10.9715,57.2183],[10.9718,57.2185],[10.9717,57.2188],[10.9721,57.2192],[10.9722,57.2192],[10.9726,57.2191],[10.9729,57.219],[10.9735,57.2186],[10.9743,57.2182],[10.9746,57.218],[10.975,57.2176],[10.9752,57.2172],[10.9752,57.2172],[10.9753,57.2169],[10.9751,57.2169],[10.9748,57.2168],[10.9746,57.2169],[10.9744,57.2167],[10.9744,57.2165],[10.9743,57.2163],[10.9743,57.2163],[10.9743,57.2163],[10.9743,57.2162],[10.9743,57.2159],[10.9742,57.2159],[10.9738,57.2158],[10.9738,57.2159],[10.9733,57.2161],[10.973,57.2165],[10.9726,57.2167],[10.9715,57.2171],[10.9712,57.2174],[10.9715,57.2177],[10.9714,57.2179],[10.9715,57.2182]]]},"properties":{"sourceId":"ais_par3.115583","a_type":4210,"hectares":5.041}},{"type":"Feature","id":"ais_par3.115584","geometry":{"type":"Polygon","coordinates":[[[10.9644,57.2177],[10.9642,57.2179],[10.9642,57.218],[10.9644,57.2179],[10.9644,57.2177]]]},"properties":{"sourceId":"ais_par3.115584","a_type":4210,"hectares":0.027}},{"type":"Feature","id":"ais_par3.115585","geometry":{"type":"Polygon","coordinates":[[[10.9595,57.2172],[10.9594,57.2175],[10.9598,57.2179],[10.9601,57.218],[10.9607,57.2181],[10.961,57.218],[10.9622,57.2179],[10.963,57.2176],[10.9632,57.2174],[10.9632,57.2173],[10.9629,57.2169],[10.9626,57.2167],[10.9614,57.2164],[10.961,57.2163],[10.9603,57.2163],[10.9602,57.2164],[10.9601,57.2169],[10.9596,57.2171],[10.9595,57.2172]]]},"properties":{"sourceId":"ais_par3.115585","a_type":4210,"hectares":3.16}},{"type":"Feature","id":"ais_par3.115586","geometry":{"type":"Polygon","coordinates":[[[10.9902,57.2165],[10.9901,57.2166],[10.9904,57.2167],[10.9902,57.2165]]]},"properties":{"sourceId":"ais_par3.115586","a_type":4210,"hectares":0.008}},{"type":"Feature","id":"ais_par3.115587","geometry":{"type":"Polygon","coordinates":[[[10.9878,57.2166],[10.9876,57.2166],[10.9875,57.2168],[10.9879,57.2169],[10.9879,57.2167],[10.9878,57.2166]]]},"properties":{"sourceId":"ais_par3.115587","a_type":4210,"hectares":0.046}},{"type":"Feature","id":"ais_par3.115588","geometry":{"type":"Polygon","coordinates":[[[10.9888,57.2166],[10.9881,57.2168],[10.9881,57.2169],[10.9884,57.2168],[10.9887,57.2167],[10.9888,57.2166]]]},"properties":{"sourceId":"ais_par3.115588","a_type":4210,"hectares":0.06}},{"type":"Feature","id":"ais_par3.115589","geometry":{"type":"Polygon","coordinates":[[[10.9833,57.2156],[10.9836,57.216],[10.9839,57.2162],[10.9844,57.2164],[10.9852,57.2165],[10.9867,57.2166],[10.9874,57.2166],[10.9884,57.2164],[10.9887,57.2163],[10.9896,57.216],[10.9896,57.216],[10.9902,57.2158],[10.9905,57.2158],[10.9905,57.2158],[10.9916,57.2156],[10.9917,57.2155],[10.9917,57.2155],[10.9915,57.2154],[10.9911,57.2154],[10.9903,57.2153],[10.9895,57.2152],[10.9887,57.2151],[10.9881,57.2149],[10.988,57.2149],[10.9873,57.2147],[10.9864,57.2144],[10.9855,57.214],[10.9843,57.2135],[10.9838,57.2134],[10.9835,57.2133],[10.983,57.2134],[10.9826,57.2136],[10.9829,57.2139],[10.9829,57.214],[10.9827,57.2139],[10.9826,57.214],[10.9826,57.214],[10.9828,57.2143],[10.9827,57.2146],[10.9829,57.2148],[10.983,57.2149],[10.9832,57.2151],[10.9833,57.2154],[10.9833,57.2156]]]},"properties":{"sourceId":"ais_par3.115589","a_type":4210,"hectares":9.894}},{"type":"Feature","id":"ais_par3.115590","geometry":{"type":"Polygon","coordinates":[[[10.9718,57.2166],[10.9719,57.2165],[10.9721,57.2162],[10.972,57.2161],[10.9715,57.2162],[10.9709,57.2163],[10.9706,57.2164],[10.9703,57.2166],[10.9704,57.2167],[10.9706,57.2168],[10.9708,57.2167],[10.9709,57.2167],[10.9712,57.2166],[10.9715,57.2166],[10.9718,57.2166]]]},"properties":{"sourceId":"ais_par3.115590","a_type":4210,"hectares":0.402}},{"type":"Feature","id":"ais_par3.115591","geometry":{"type":"Polygon","coordinates":[[[11.0215,57.2157],[11.0215,57.2157],[11.0212,57.2156],[11.0202,57.2152],[11.0198,57.2151],[11.0193,57.2149],[11.0192,57.2149],[11.0192,57.215],[11.0197,57.2152],[11.0211,57.2157],[11.0215,57.2157],[11.0215,57.2157]]]},"properties":{"sourceId":"ais_par3.115591","a_type":4210,"hectares":0.172}},{"type":"Feature","id":"ais_par3.115592","geometry":{"type":"Polygon","coordinates":[[[11.0161,57.2143],[11.0159,57.2142],[11.0161,57.2141],[11.0167,57.2141],[11.0171,57.2141],[11.0176,57.2141],[11.0175,57.2141],[11.0167,57.2139],[11.0157,57.2138],[11.0134,57.2134],[11.0128,57.2134],[11.0126,57.2135],[11.0125,57.2137],[11.0125,57.2139],[11.0129,57.2141],[11.0136,57.2142],[11.0141,57.2143],[11.0156,57.2145],[11.0163,57.2145],[11.0172,57.2145],[11.0172,57.2145],[11.0172,57.2145],[11.0173,57.2144],[11.0173,57.2144],[11.0167,57.2144],[11.0161,57.2143],[11.0161,57.2143]]]},"properties":{"sourceId":"ais_par3.115592","a_type":4210,"hectares":1.92}},{"type":"Feature","id":"ais_par3.115593","geometry":{"type":"Polygon","coordinates":[[[10.9585,57.2149],[10.9586,57.2148],[10.9592,57.2144],[10.9592,57.2143],[10.9592,57.2143],[10.9592,57.2142],[10.9592,57.2142],[10.9589,57.2141],[10.9582,57.2143],[10.9579,57.2144],[10.9573,57.2146],[10.9571,57.2146],[10.9573,57.2147],[10.9584,57.2149],[10.9584,57.2148],[10.9585,57.2149]]]},"properties":{"sourceId":"ais_par3.115593","a_type":4210,"hectares":0.579}},{"type":"Feature","id":"ais_par3.115594","geometry":{"type":"Polygon","coordinates":[[[10.9569,57.2133],[10.9568,57.2134],[10.9566,57.2135],[10.9566,57.2136],[10.9567,57.2137],[10.9568,57.2137],[10.9571,57.2135],[10.9571,57.2134],[10.9569,57.2133]]]},"properties":{"sourceId":"ais_par3.115594","a_type":4210,"hectares":0.078}},{"type":"Feature","id":"ais_par3.115595","geometry":{"type":"Polygon","coordinates":[[[10.9585,57.2131],[10.9584,57.2131],[10.9581,57.2132],[10.958,57.2132],[10.958,57.2132],[10.9579,57.2132],[10.9578,57.2132],[10.9578,57.2132],[10.9573,57.2135],[10.9573,57.2136],[10.9573,57.2138],[10.957,57.2139],[10.9571,57.2142],[10.9573,57.2144],[10.9586,57.214],[10.9591,57.2137],[10.9591,57.2136],[10.959,57.2132],[10.9585,57.2131]]]},"properties":{"sourceId":"ais_par3.115595","a_type":4210,"hectares":1.124}},{"type":"Feature","id":"ais_par3.115596","geometry":{"type":"Polygon","coordinates":[[[11.0024,57.2138],[11.0026,57.2138],[11.0026,57.2138],[11.0026,57.2137],[11.0026,57.2137],[11.0018,57.2136],[11.0012,57.2134],[11.0003,57.2132],[11.0001,57.2132],[11.0005,57.2134],[11.0011,57.2136],[11.0024,57.2138]]]},"properties":{"sourceId":"ais_par3.115596","a_type":4210,"hectares":0.27}},{"type":"Feature","id":"ais_par3.115597","geometry":{"type":"Polygon","coordinates":[[[10.9979,57.2129],[10.9983,57.213],[10.9989,57.2131],[10.999,57.2131],[10.999,57.2131],[10.999,57.2129],[10.9988,57.2127],[10.9984,57.2125],[10.9977,57.2122],[10.997,57.2121],[10.9967,57.2121],[10.9966,57.2122],[10.997,57.2125],[10.9976,57.2128],[10.9979,57.2129]]]},"properties":{"sourceId":"ais_par3.115597","a_type":4210,"hectares":0.752}},{"type":"Feature","id":"ais_par3.115598","geometry":{"type":"Polygon","coordinates":[[[11.0021,57.2124],[11.0022,57.2125],[11.0026,57.2125],[11.0022,57.2124],[11.0021,57.2124]]]},"properties":{"sourceId":"ais_par3.115598","a_type":4210,"hectares":0.009}},{"type":"Feature","id":"ais_par3.115599","geometry":{"type":"Polygon","coordinates":[[[11.0014,57.211],[11.0012,57.2109],[11.0006,57.2111],[11,57.2112],[10.9999,57.2113],[11.0001,57.2114],[11.0008,57.2119],[11.0013,57.2121],[11.0016,57.2121],[11.0021,57.212],[11.0023,57.2119],[11.0022,57.2118],[11.002,57.2117],[11.0018,57.2117],[11.0017,57.2115],[11.0019,57.2115],[11.0021,57.2115],[11.0021,57.2114],[11.0023,57.2113],[11.0024,57.2113],[11.0024,57.2112],[11.0017,57.211],[11.0014,57.211]]]},"properties":{"sourceId":"ais_par3.115599","a_type":4210,"hectares":1.156}},{"type":"Feature","id":"ais_par3.115600","geometry":{"type":"Polygon","coordinates":[[[10.9574,57.2129],[10.9584,57.2127],[10.9588,57.2127],[10.9592,57.2126],[10.96,57.2125],[10.9608,57.2124],[10.9608,57.2124],[10.961,57.2123],[10.9617,57.2122],[10.9621,57.212],[10.9625,57.212],[10.963,57.2121],[10.964,57.212],[10.964,57.212],[10.9643,57.2119],[10.9649,57.2117],[10.9653,57.2115],[10.9652,57.2114],[10.965,57.2113],[10.965,57.2112],[10.9653,57.2108],[10.9649,57.2106],[10.9645,57.2105],[10.9641,57.2104],[10.9634,57.2102],[10.9626,57.2103],[10.9624,57.2103],[10.9624,57.2102],[10.9627,57.2102],[10.9628,57.2101],[10.9624,57.2102],[10.9635,57.21],[10.9634,57.21],[10.9634,57.2099],[10.9636,57.2098],[10.9636,57.2098],[10.9636,57.2098],[10.9636,57.2097],[10.9629,57.2094],[10.9625,57.2094],[10.9623,57.2094],[10.9621,57.2095],[10.9621,57.2096],[10.962,57.2096],[10.962,57.2095],[10.9623,57.2093],[10.9618,57.2092],[10.9613,57.2092],[10.9606,57.2095],[10.9595,57.2097],[10.9583,57.21],[10.9574,57.2102],[10.9569,57.2104],[10.9563,57.2107],[10.9558,57.2109],[10.9551,57.211],[10.9548,57.2114],[10.9548,57.2116],[10.9551,57.212],[10.9561,57.2126],[10.9569,57.2129],[10.9574,57.2129]]]},"properties":{"sourceId":"ais_par3.115600","a_type":4210,"hectares":15.968}},{"type":"Feature","id":"ais_par3.115601","geometry":{"type":"Polygon","coordinates":[[[11.0043,57.2113],[11.0044,57.2113],[11.0052,57.2113],[11.0055,57.2112],[11.0043,57.211],[11.0042,57.2109],[11.0044,57.2109],[11.0045,57.2108],[11.0047,57.2107],[11.0047,57.2107],[11.0046,57.2106],[11.0038,57.2104],[11.0034,57.2105],[11.003,57.2107],[11.0028,57.2107],[11.0028,57.2107],[11.0024,57.2107],[11.0024,57.2107],[11.0024,57.2108],[11.0024,57.2109],[11.0028,57.211],[11.0032,57.2111],[11.0033,57.2112],[11.0035,57.2112],[11.0043,57.2113]]]},"properties":{"sourceId":"ais_par3.115601","a_type":4210,"hectares":0.945}},{"type":"Feature","id":"ais_par3.115602","geometry":{"type":"Polygon","coordinates":[[[10.9881,57.2048],[10.988,57.2049],[10.9879,57.2053],[10.9884,57.2063],[10.9886,57.2066],[10.9885,57.2066],[10.9883,57.2065],[10.9879,57.2065],[10.9877,57.2066],[10.9876,57.2067],[10.9882,57.2072],[10.9888,57.2075],[10.9891,57.2076],[10.9897,57.2077],[10.99,57.2076],[10.9907,57.2079],[10.9912,57.208],[10.9913,57.208],[10.9911,57.2077],[10.9915,57.2078],[10.9918,57.2078],[10.9923,57.2082],[10.9926,57.2083],[10.9925,57.2084],[10.9928,57.2084],[10.9932,57.2086],[10.9932,57.2083],[10.9927,57.2077],[10.9911,57.2066],[10.9902,57.2062],[10.9893,57.2059],[10.9889,57.2056],[10.9881,57.2048]]]},"properties":{"sourceId":"ais_par3.115602","a_type":4210,"hectares":4.615}},{"type":"Feature","id":"ais_par3.115603","geometry":{"type":"Polygon","coordinates":[[[10.9961,57.2099],[10.9961,57.2099],[10.9962,57.2099],[10.9978,57.2101],[10.9982,57.2103],[10.9982,57.2103],[10.999,57.2106],[10.9995,57.2107],[10.9998,57.2107],[11.0002,57.2108],[11.0004,57.2107],[11.0002,57.2106],[11.0001,57.2106],[10.9999,57.2104],[10.9997,57.2103],[10.9996,57.2103],[10.9985,57.2099],[10.9983,57.2098],[10.9974,57.2097],[10.9968,57.2095],[10.9963,57.2095],[10.9963,57.2094],[10.9962,57.2094],[10.996,57.2093],[10.996,57.2091],[10.9961,57.2091],[10.9961,57.209],[10.9968,57.209],[10.9973,57.2093],[10.9973,57.2093],[10.998,57.2094],[10.9985,57.2096],[10.9987,57.2097],[10.9984,57.2093],[10.9978,57.209],[10.9968,57.2086],[10.9957,57.2081],[10.9954,57.208],[10.995,57.2077],[10.9949,57.2077],[10.9949,57.2078],[10.995,57.208],[10.9949,57.2081],[10.9946,57.2081],[10.994,57.2081],[10.9937,57.2084],[10.9938,57.2087],[10.9945,57.2095],[10.9947,57.2097],[10.9952,57.2098],[10.9961,57.2099]]]},"properties":{"sourceId":"ais_par3.115603","a_type":4210,"hectares":4.293}},{"type":"Feature","id":"ais_par3.115604","geometry":{"type":"Polygon","coordinates":[[[10.9948,57.2076],[10.9947,57.2076],[10.9944,57.2074],[10.9942,57.2072],[10.9939,57.2075],[10.9929,57.2077],[10.9929,57.2078],[10.9931,57.2079],[10.9934,57.2082],[10.9935,57.2085],[10.9934,57.2087],[10.9935,57.2088],[10.9935,57.2084],[10.9937,57.2081],[10.9941,57.208],[10.9944,57.2081],[10.9948,57.2079],[10.9948,57.2076]]]},"properties":{"sourceId":"ais_par3.115604","a_type":4210,"hectares":0.771}},{"type":"Feature","id":"ais_par3.115605","geometry":{"type":"Polygon","coordinates":[[[10.9941,57.2072],[10.9939,57.2069],[10.9938,57.2066],[10.9936,57.2061],[10.9933,57.2057],[10.9933,57.2053],[10.9932,57.205],[10.9928,57.2046],[10.9926,57.2045],[10.9922,57.2044],[10.992,57.2042],[10.9916,57.2041],[10.9916,57.204],[10.9917,57.204],[10.9916,57.204],[10.9915,57.204],[10.9919,57.204],[10.9923,57.204],[10.9923,57.204],[10.9915,57.2039],[10.9908,57.2038],[10.9899,57.2038],[10.989,57.2039],[10.9885,57.2038],[10.9885,57.2038],[10.9884,57.204],[10.9882,57.2043],[10.9883,57.2045],[10.9883,57.2046],[10.9883,57.2046],[10.9885,57.205],[10.989,57.2055],[10.9902,57.2061],[10.9911,57.2064],[10.9918,57.2069],[10.9928,57.2076],[10.9929,57.2075],[10.9936,57.2075],[10.9939,57.2073],[10.9941,57.2072]]]},"properties":{"sourceId":"ais_par3.115605","a_type":4210,"hectares":8.325}},{"type":"Feature","id":"ais_par3.115606","geometry":{"type":"Polygon","coordinates":[[[10.9923,57.2039],[10.9923,57.2038],[10.9922,57.2037],[10.9921,57.2034],[10.9916,57.2031],[10.9913,57.2031],[10.9912,57.2032],[10.9911,57.2034],[10.9912,57.2035],[10.9912,57.2036],[10.9914,57.2037],[10.9922,57.2039],[10.9923,57.2039]]]},"properties":{"sourceId":"ais_par3.115606","a_type":4210,"hectares":0.368}},{"type":"Feature","id":"ais_par3.115607","geometry":{"type":"Polygon","coordinates":[[[11.013,57.2012],[11.0129,57.2011],[11.0128,57.2011],[11.0127,57.201],[11.0125,57.201],[11.0123,57.201],[11.0122,57.2008],[11.0119,57.2007],[11.0117,57.2007],[11.0115,57.2006],[11.0112,57.2007],[11.0111,57.2006],[11.0111,57.2005],[11.0111,57.2005],[11.0107,57.2006],[11.0103,57.2009],[11.0102,57.2009],[11.0101,57.201],[11.01,57.201],[11.01,57.201],[11.0098,57.201],[11.0096,57.2011],[11.0098,57.2011],[11.01,57.2011],[11.0111,57.2012],[11.0115,57.2012],[11.0118,57.2012],[11.0124,57.2012],[11.013,57.2012]]]},"properties":{"sourceId":"ais_par3.115607","a_type":4210,"hectares":0.799}},{"type":"Feature","id":"ais_par3.115608","geometry":{"type":"Polygon","coordinates":[[[11.0027,57.2003],[11.0029,57.2003],[11.0031,57.2004],[11.0034,57.2002],[11.0035,57.2001],[11.0034,57.2],[11.0032,57.1998],[11.0028,57.1995],[11.0025,57.1993],[11.0021,57.1993],[11.0017,57.1993],[11.0012,57.1992],[11.0006,57.1992],[11.0001,57.1993],[10.9997,57.1994],[10.9995,57.1996],[10.9997,57.1999],[10.9999,57.2002],[11.0005,57.2004],[11.0013,57.2005],[11.0021,57.2004],[11.0027,57.2003]]]},"properties":{"sourceId":"ais_par3.115608","a_type":4210,"hectares":2.57}},{"type":"Feature","id":"ais_par3.115609","geometry":{"type":"Polygon","coordinates":[[[10.9135,57.2398],[10.9131,57.2399],[10.9127,57.2399],[10.9121,57.2399],[10.9115,57.2399],[10.9112,57.2399],[10.9108,57.24],[10.9102,57.2401],[10.9096,57.2401],[10.9092,57.2401],[10.9087,57.2401],[10.9078,57.24],[10.907,57.2399],[10.9063,57.2399],[10.9051,57.2399],[10.9037,57.24],[10.903,57.2401],[10.9027,57.2402],[10.9019,57.2402],[10.9006,57.2404],[10.8997,57.2405],[10.8993,57.2406],[10.8992,57.2406],[10.8992,57.2406],[10.8987,57.2408],[10.8986,57.2408],[10.8985,57.2409],[10.8983,57.241],[10.897,57.2415],[10.8957,57.2421],[10.8947,57.2428],[10.8937,57.2438],[10.8935,57.2444],[10.8933,57.2449],[10.893,57.2452],[10.8928,57.2455],[10.893,57.2457],[10.8931,57.2461],[10.8936,57.2464],[10.8938,57.2466],[10.8947,57.2468],[10.895,57.2469],[10.8955,57.247],[10.8961,57.2466],[10.8966,57.2461],[10.8967,57.2456],[10.8971,57.2452],[10.8972,57.2451],[10.897,57.2451],[10.8975,57.245],[10.898,57.2449],[10.8991,57.2447],[10.9007,57.2445],[10.902,57.2442],[10.9025,57.2442],[10.9039,57.2439],[10.906,57.2433],[10.9068,57.2431],[10.9073,57.2429],[10.9097,57.2424],[10.9116,57.242],[10.9131,57.2419],[10.914,57.2418],[10.9146,57.2417],[10.9149,57.2415],[10.915,57.2412],[10.915,57.2408],[10.9147,57.2405],[10.9143,57.2404],[10.9143,57.2403],[10.9139,57.2401],[10.9137,57.2398],[10.9135,57.2398]],[[10.8995,57.2429],[10.8994,57.2429],[10.8994,57.2428],[10.8995,57.2428],[10.8996,57.2428],[10.8996,57.2429],[10.8995,57.2429]],[[10.9019,57.2413],[10.9023,57.2414],[10.9019,57.2415],[10.9016,57.2416],[10.901,57.2416],[10.9005,57.2417],[10.9,57.2417],[10.8994,57.2417],[10.8986,57.2416],[10.8978,57.2417],[10.8984,57.2415],[10.8987,57.2415],[10.8988,57.2414],[10.8991,57.2414],[10.8991,57.2414],[10.8993,57.2414],[10.8996,57.2413],[10.8999,57.2413],[10.9,57.2413],[10.9002,57.2413],[10.9004,57.2412],[10.9006,57.2412],[10.9009,57.2413],[10.9012,57.2413],[10.9015,57.2413],[10.9019,57.2413]]]},"properties":{"sourceId":"ais_par3.115609","a_type":4210,"hectares":46.635}},{"type":"Feature","id":"ais_par3.115620","geometry":{"type":"Polygon","coordinates":[[[11.086,57.2541],[11.0865,57.2544],[11.0866,57.2544],[11.0866,57.2543],[11.086,57.2541]]]},"properties":{"sourceId":"ais_par3.115620","a_type":4210,"hectares":0.014}},{"type":"Feature","id":"ais_par3.115621","geometry":{"type":"Polygon","coordinates":[[[11.0847,57.2533],[11.0846,57.2534],[11.085,57.2536],[11.0855,57.2539],[11.086,57.254],[11.0852,57.2534],[11.0851,57.2534],[11.0847,57.2533]]]},"properties":{"sourceId":"ais_par3.115621","a_type":4210,"hectares":0.197}},{"type":"Feature","id":"ais_par3.115622","geometry":{"type":"Polygon","coordinates":[[[11.0221,57.2426],[11.0207,57.2426],[11.0198,57.2426],[11.0189,57.2425],[11.019,57.2423],[11.0176,57.2422],[11.0171,57.2422],[11.0171,57.2418],[11.0165,57.2418],[11.0163,57.2424],[11.0177,57.2425],[11.0189,57.2426],[11.0193,57.2426],[11.0202,57.2428],[11.0208,57.2428],[11.0211,57.2428],[11.022,57.2429],[11.0231,57.2428],[11.0244,57.2426],[11.0252,57.2425],[11.0256,57.2424],[11.0263,57.2423],[11.0269,57.2422],[11.0284,57.2419],[11.0304,57.2415],[11.0318,57.2413],[11.0333,57.2411],[11.0345,57.241],[11.0356,57.241],[11.0362,57.241],[11.0365,57.241],[11.0368,57.241],[11.039,57.241],[11.0402,57.241],[11.042,57.2409],[11.0431,57.2408],[11.0446,57.2408],[11.0462,57.2407],[11.0481,57.2407],[11.0484,57.2407],[11.0498,57.2407],[11.0513,57.2406],[11.0533,57.2404],[11.0551,57.2403],[11.0559,57.2403],[11.0561,57.2402],[11.0561,57.2402],[11.0576,57.2401],[11.0593,57.2401],[11.0635,57.2399],[11.0643,57.2399],[11.0664,57.2403],[11.0665,57.2403],[11.0669,57.2404],[11.0674,57.2403],[11.0675,57.2403],[11.0676,57.2402],[11.0677,57.24],[11.0677,57.24],[11.0676,57.2399],[11.0674,57.2393],[11.0669,57.2386],[11.0665,57.2382],[11.066,57.2378],[11.0642,57.2365],[11.0637,57.2362],[11.0626,57.2357],[11.0608,57.2349],[11.0596,57.2345],[11.059,57.2343],[11.0583,57.2341],[11.0575,57.2339],[11.057,57.2337],[11.0566,57.2336],[11.0565,57.2335],[11.0545,57.2331],[11.0541,57.2329],[11.0524,57.2324],[11.0506,57.232],[11.0497,57.2318],[11.0496,57.2318],[11.0489,57.2317],[11.0473,57.2314],[11.0452,57.2316],[11.0428,57.2319],[11.0413,57.2321],[11.0387,57.2327],[11.0365,57.2331],[11.0345,57.2333],[11.0306,57.2334],[11.0296,57.2335],[11.0277,57.2337],[11.0252,57.2341],[11.021,57.2347],[11.0202,57.2349],[11.0196,57.2351],[11.0179,57.2355],[11.0174,57.2357],[11.0163,57.236],[11.0152,57.2362],[11.0139,57.2365],[11.0136,57.2365],[11.0113,57.237],[11.0106,57.2369],[11.0103,57.2369],[11.0103,57.2369],[11.0096,57.237],[11.0093,57.237],[11.0091,57.2371],[11.0089,57.2372],[11.0087,57.2372],[11.0087,57.2371],[11.0085,57.2371],[11.0073,57.2373],[11.0069,57.2373],[11.0067,57.2373],[11.0067,57.2373],[11.0064,57.2372],[11.0061,57.2372],[11.006,57.2371],[11.0059,57.2371],[11.0059,57.237],[11.0059,57.237],[11.0056,57.237],[11.0055,57.2369],[11.0055,57.2369],[11.0056,57.2368],[11.0056,57.2368],[11.0056,57.2368],[11.0057,57.2367],[11.0062,57.2368],[11.0067,57.237],[11.0071,57.2371],[11.0072,57.2371],[11.0072,57.2371],[11.0073,57.237],[11.0074,57.2369],[11.0075,57.2369],[11.0076,57.2369],[11.0076,57.2369],[11.0077,57.237],[11.0077,57.237],[11.0078,57.237],[11.0084,57.2369],[11.0088,57.2368],[11.0094,57.2367],[11.0092,57.2367],[11.0091,57.2365],[11.0087,57.2365],[11.0087,57.2364],[11.0087,57.2364],[11.009,57.2364],[11.0092,57.2364],[11.0097,57.2364],[11.0107,57.2361],[11.0113,57.2362],[11.0111,57.2363],[11.0113,57.2363],[11.0113,57.2364],[11.0111,57.2364],[11.0113,57.2365],[11.0115,57.2365],[11.0116,57.2366],[11.0116,57.2366],[11.0117,57.2366],[11.0117,57.2368],[11.0118,57.2368],[11.0118,57.2367],[11.0125,57.2365],[11.0128,57.2364],[11.0128,57.2363],[11.0128,57.2363],[11.0128,57.2362],[11.0132,57.2361],[11.0136,57.236],[11.0142,57.2358],[11.0145,57.2358],[11.0146,57.2358],[11.0144,57.2357],[11.0141,57.2357],[11.0141,57.2356],[11.0141,57.2356],[11.0141,57.2356],[11.0143,57.2354],[11.0146,57.2354],[11.0147,57.2354],[11.0147,57.2356],[11.0147,57.2356],[11.015,57.2356],[11.0151,57.2354],[11.0154,57.2353],[11.0157,57.2352],[11.016,57.2351],[11.0165,57.235],[11.0169,57.2349],[11.0171,57.2349],[11.0175,57.2349],[11.0179,57.2349],[11.0182,57.2348],[11.0186,57.2348],[11.0193,57.2346],[11.0199,57.2346],[11.0198,57.2346],[11.0199,57.2346],[11.0199,57.2347],[11.0198,57.2348],[11.0206,57.2345],[11.0217,57.2343],[11.0227,57.2341],[11.0241,57.2339],[11.0253,57.2337],[11.0265,57.2336],[11.0277,57.2335],[11.029,57.2333],[11.03,57.2332],[11.0306,57.2332],[11.0316,57.2332],[11.0326,57.2332],[11.0337,57.233],[11.034,57.233],[11.0349,57.2329],[11.0356,57.2329],[11.0364,57.2328],[11.0372,57.2326],[11.0383,57.2324],[11.0399,57.2321],[11.0408,57.2318],[11.0412,57.2317],[11.0406,57.2316],[11.0396,57.2318],[11.0371,57.2322],[11.0339,57.2328],[11.0339,57.2327],[11.0334,57.2328],[11.033,57.2328],[11.0314,57.2328],[11.0295,57.2329],[11.0284,57.233],[11.0271,57.2331],[11.0265,57.2332],[11.0255,57.2333],[11.024,57.2336],[11.0231,57.2337],[11.0224,57.2338],[11.0215,57.2339],[11.0214,57.234],[11.0213,57.234],[11.0202,57.2342],[11.0195,57.2342],[11.0187,57.2344],[11.0178,57.2344],[11.0168,57.2346],[11.0163,57.2347],[11.0159,57.2347],[11.0156,57.2348],[11.0151,57.2349],[11.0144,57.2351],[11.0138,57.2352],[11.0131,57.2353],[11.0123,57.2354],[11.0115,57.2354],[11.011,57.2354],[11.0107,57.2353],[11.0107,57.2354],[11.0106,57.2355],[11.0104,57.2354],[11.0098,57.2354],[11.0094,57.2355],[11.0091,57.2355],[11.0089,57.2356],[11.0086,57.2357],[11.0084,57.2357],[11.0084,57.2356],[11.0087,57.2355],[11.0088,57.2354],[11.0084,57.2355],[11.0082,57.2355],[11.0078,57.2356],[11.0072,57.2356],[11.0069,57.2355],[11.0067,57.2353],[11.0067,57.2351],[11.0067,57.235],[11.0066,57.2349],[11.0065,57.2348],[11.0064,57.2346],[11.0063,57.2344],[11.0064,57.2343],[11.0067,57.234],[11.0067,57.2339],[11.0065,57.2338],[11.006,57.2338],[11.0055,57.2338],[11.0052,57.2336],[11.005,57.2335],[11.0048,57.2334],[11.0045,57.2333],[11.0045,57.2333],[11.0043,57.2333],[11.0044,57.2335],[11.0045,57.2337],[11.0047,57.2338],[11.0049,57.234],[11.0048,57.234],[11.0047,57.2341],[11.0048,57.2343],[11.0052,57.2346],[11.0055,57.2349],[11.0056,57.2351],[11.0057,57.2353],[11.0061,57.2356],[11.0062,57.2358],[11.0063,57.236],[11.0063,57.2361],[11.0064,57.2362],[11.0063,57.2364],[11.006,57.2365],[11.0053,57.2366],[11.0051,57.2366],[11.005,57.2366],[11.0048,57.2364],[11.0046,57.2361],[11.0044,57.2358],[11.0041,57.2356],[11.0039,57.2356],[11.0038,57.2358],[11.0038,57.236],[11.004,57.2362],[11.004,57.2363],[11.0038,57.2365],[11.0039,57.2366],[11.0041,57.2368],[11.004,57.237],[11.0039,57.2371],[11.0034,57.2371],[11.0026,57.2372],[11.0016,57.2373],[11.001,57.2373],[11.0004,57.2372],[10.9997,57.237],[10.9992,57.2369],[10.9988,57.2368],[10.9984,57.2367],[10.9979,57.2366],[10.9977,57.2366],[10.9974,57.2367],[10.9971,57.2367],[10.9969,57.2366],[10.9967,57.2366],[10.9965,57.2364],[10.9962,57.2363],[10.9958,57.2361],[10.9953,57.2361],[10.9946,57.2361],[10.9941,57.2361],[10.9936,57.2358],[10.9929,57.2355],[10.9925,57.2352],[10.9918,57.2347],[10.9916,57.2346],[10.9913,57.2344],[10.9909,57.234],[10.9906,57.2339],[10.9903,57.2338],[10.99,57.2336],[10.9896,57.2335],[10.9892,57.2335],[10.9889,57.2336],[10.9888,57.2335],[10.9885,57.2333],[10.9882,57.2332],[10.988,57.233],[10.988,57.2328],[10.9877,57.233],[10.9874,57.233],[10.987,57.2329],[10.9866,57.2327],[10.9861,57.2322],[10.9863,57.2318],[10.9863,57.2315],[10.9864,57.2314],[10.9863,57.2313],[10.986,57.2313],[10.9857,57.2312],[10.9856,57.2311],[10.9853,57.231],[10.985,57.2307],[10.9848,57.2304],[10.9844,57.2297],[10.9839,57.2294],[10.9836,57.2291],[10.9833,57.2287],[10.9829,57.2283],[10.983,57.2279],[10.983,57.2276],[10.9832,57.2275],[10.9831,57.2274],[10.9832,57.2274],[10.9833,57.2273],[10.9834,57.2272],[10.9837,57.227],[10.984,57.2269],[10.9841,57.2268],[10.9842,57.2267],[10.9844,57.2266],[10.9845,57.2265],[10.9845,57.2264],[10.9846,57.2263],[10.9847,57.2261],[10.9849,57.226],[10.9849,57.226],[10.9853,57.226],[10.9858,57.2259],[10.986,57.2259],[10.9863,57.2261],[10.9865,57.2261],[10.9873,57.226],[10.9882,57.2258],[10.9888,57.2256],[10.9894,57.2254],[10.9897,57.2252],[10.9901,57.225],[10.9906,57.2248],[10.9911,57.2246],[10.9915,57.2246],[10.9919,57.2245],[10.9924,57.2245],[10.9928,57.2244],[10.993,57.2246],[10.9936,57.2245],[10.9942,57.2244],[10.9947,57.2245],[10.9952,57.2247],[10.9954,57.2248],[10.9958,57.2249],[10.9961,57.225],[10.9966,57.2249],[10.9969,57.2248],[10.9971,57.2246],[10.997,57.2242],[10.9972,57.2242],[10.9975,57.2235],[10.998,57.2231],[10.9983,57.2229],[10.9985,57.223],[10.9994,57.2231],[11.0019,57.2234],[11.0021,57.2234],[11.0024,57.2234],[11.0029,57.2235],[11.0033,57.2235],[11.004,57.2237],[11.0048,57.2239],[11.0056,57.2239],[11.0062,57.224],[11.0068,57.224],[11.0071,57.224],[11.0072,57.2239],[11.0078,57.2239],[11.0084,57.2238],[11.0085,57.2239],[11.0088,57.2239],[11.0089,57.2239],[11.0091,57.2238],[11.0103,57.2238],[11.0109,57.2238],[11.0112,57.2238],[11.0114,57.2238],[11.0118,57.2238],[11.012,57.2238],[11.0122,57.2237],[11.0123,57.2237],[11.0124,57.2238],[11.0124,57.2239],[11.0129,57.224],[11.0133,57.2242],[11.0139,57.2243],[11.0143,57.2243],[11.0145,57.2243],[11.0149,57.2244],[11.0153,57.2243],[11.0155,57.2242],[11.0158,57.2242],[11.0161,57.2241],[11.0164,57.2241],[11.0172,57.2241],[11.0178,57.2242],[11.0187,57.2242],[11.0189,57.2243],[11.02,57.2243],[11.021,57.2245],[11.0216,57.2247],[11.0224,57.225],[11.0238,57.2256],[11.0244,57.2257],[11.0251,57.226],[11.0261,57.2262],[11.0266,57.2263],[11.027,57.2264],[11.0282,57.2268],[11.0305,57.2275],[11.0317,57.2278],[11.0326,57.2279],[11.0334,57.2281],[11.0342,57.2284],[11.0346,57.2286],[11.0348,57.2286],[11.0357,57.2286],[11.0368,57.2289],[11.0381,57.2292],[11.0385,57.2293],[11.0407,57.2299],[11.0408,57.23],[11.0419,57.2305],[11.0425,57.2307],[11.0429,57.231],[11.0424,57.2314],[11.0421,57.2316],[11.0426,57.2315],[11.0428,57.2315],[11.0434,57.2314],[11.044,57.2314],[11.0449,57.2312],[11.0453,57.2313],[11.0454,57.2313],[11.0458,57.2313],[11.0463,57.2313],[11.0462,57.2312],[11.0458,57.2311],[11.0452,57.2308],[11.0433,57.2303],[11.0431,57.2302],[11.0418,57.2298],[11.0397,57.2293],[11.0383,57.2289],[11.0365,57.2284],[11.0347,57.228],[11.0333,57.2277],[11.0313,57.2271],[11.0297,57.2267],[11.0278,57.2261],[11.0245,57.225],[11.0229,57.2242],[11.0227,57.2242],[11.0226,57.2241],[11.0226,57.2241],[11.0223,57.2241],[11.0219,57.224],[11.0217,57.224],[11.0217,57.224],[11.0213,57.2238],[11.0205,57.2237],[11.0203,57.2237],[11.0203,57.2238],[11.0199,57.2237],[11.0195,57.2236],[11.0193,57.2236],[11.0193,57.2237],[11.0188,57.2237],[11.0187,57.2236],[11.0185,57.2235],[11.0179,57.2234],[11.0167,57.2233],[11.016,57.2233],[11.016,57.2233],[11.016,57.2231],[11.0161,57.2231],[11.0154,57.223],[11.0147,57.2227],[11.0141,57.2227],[11.0138,57.2222],[11.0138,57.2217],[11.0139,57.2213],[11.0143,57.2211],[11.0139,57.2211],[11.0134,57.2211],[11.0133,57.2211],[11.0131,57.2211],[11.0121,57.221],[11.0114,57.2209],[11.0111,57.2209],[11.0111,57.2209],[11.0104,57.2206],[11.01,57.2207],[11.0099,57.2206],[11.0096,57.2207],[11.0092,57.2205],[11.009,57.2206],[11.0088,57.2206],[11.0089,57.2203],[11.0087,57.2201],[11.0087,57.2199],[11.0082,57.2194],[11.008,57.2192],[11.0069,57.2186],[11.0053,57.2181],[11.0044,57.2177],[11.0041,57.2176],[11.003,57.2177],[11.0027,57.2178],[11.0027,57.2179],[11.0027,57.2179],[11.0025,57.2182],[11.0026,57.2188],[11.0025,57.2192],[11.0023,57.2193],[11.0019,57.2196],[11.0016,57.2195],[11.0016,57.2196],[11.0007,57.2194],[11.0005,57.2194],[11.0002,57.2195],[11.0001,57.2196],[11,57.2197],[10.9994,57.2198],[10.9989,57.2198],[10.9989,57.2199],[10.9988,57.22],[10.9983,57.2198],[10.9979,57.2197],[10.9971,57.2198],[10.9971,57.2198],[10.9971,57.2198],[10.997,57.2199],[10.997,57.2199],[10.9968,57.2199],[10.9968,57.2199],[10.9961,57.2199],[10.9961,57.22],[10.9958,57.2201],[10.9956,57.2201],[10.9956,57.22],[10.9957,57.2199],[10.9955,57.2199],[10.9962,57.2195],[10.9962,57.2195],[10.9962,57.2195],[10.9958,57.2195],[10.9956,57.2194],[10.9957,57.2194],[10.996,57.2194],[10.9959,57.2194],[10.9963,57.2192],[10.9964,57.2191],[10.9964,57.219],[10.9966,57.2188],[10.9966,57.2186],[10.9967,57.2184],[10.9966,57.2184],[10.9965,57.2183],[10.9964,57.2183],[10.996,57.2185],[10.9955,57.2186],[10.9941,57.2187],[10.9941,57.2188],[10.9943,57.2189],[10.9945,57.2189],[10.9945,57.2189],[10.9952,57.2188],[10.9952,57.2189],[10.9956,57.219],[10.9956,57.2191],[10.9955,57.2192],[10.9949,57.2192],[10.9954,57.2193],[10.9954,57.2194],[10.9947,57.2193],[10.9934,57.2192],[10.9919,57.2194],[10.9913,57.2197],[10.9912,57.2198],[10.9912,57.2199],[10.9912,57.2201],[10.9912,57.2201],[10.9915,57.2203],[10.9916,57.2203],[10.9916,57.2203],[10.9917,57.2204],[10.992,57.2206],[10.9926,57.2209],[10.993,57.2211],[10.9932,57.2213],[10.9934,57.2214],[10.9935,57.2215],[10.9935,57.2215],[10.9936,57.2216],[10.9937,57.2217],[10.9939,57.2218],[10.9943,57.2218],[10.9944,57.222],[10.9943,57.2221],[10.9944,57.2222],[10.9947,57.2222],[10.995,57.2222],[10.9951,57.2224],[10.9951,57.2225],[10.995,57.2229],[10.9949,57.223],[10.9945,57.2231],[10.9941,57.2229],[10.9939,57.2227],[10.9936,57.2226],[10.9936,57.2221],[10.9935,57.2221],[10.9932,57.2219],[10.9924,57.2217],[10.992,57.2215],[10.9921,57.2214],[10.9921,57.2214],[10.9921,57.2213],[10.9921,57.221],[10.9916,57.2206],[10.9908,57.2204],[10.9908,57.2203],[10.9903,57.2203],[10.9903,57.2202],[10.99,57.2201],[10.99,57.2199],[10.9898,57.2198],[10.9896,57.2197],[10.9892,57.2197],[10.9891,57.2198],[10.9894,57.2202],[10.9897,57.2206],[10.9897,57.2208],[10.9894,57.2211],[10.9892,57.2212],[10.9884,57.2214],[10.988,57.2217],[10.987,57.2219],[10.9868,57.2222],[10.9869,57.2226],[10.9866,57.223],[10.9859,57.2232],[10.9859,57.2234],[10.9863,57.2235],[10.9865,57.2236],[10.9874,57.2235],[10.9882,57.2235],[10.9881,57.2236],[10.9878,57.2236],[10.985,57.2237],[10.9838,57.2238],[10.9827,57.2242],[10.9826,57.2242],[10.9827,57.224],[10.9837,57.2237],[10.9843,57.2236],[10.9844,57.2235],[10.9834,57.2231],[10.9821,57.2224],[10.9815,57.2221],[10.9809,57.2216],[10.9806,57.2212],[10.9801,57.221],[10.9798,57.2208],[10.9795,57.2206],[10.9796,57.2205],[10.9799,57.2207],[10.9802,57.2209],[10.9807,57.2211],[10.9811,57.2216],[10.9812,57.2214],[10.9806,57.2209],[10.9804,57.2207],[10.9802,57.2205],[10.9798,57.2202],[10.9798,57.2201],[10.98,57.2197],[10.9804,57.2196],[10.9805,57.2198],[10.9799,57.2202],[10.9803,57.2204],[10.9807,57.2209],[10.9813,57.2213],[10.9815,57.2217],[10.9818,57.222],[10.9822,57.2222],[10.9826,57.2222],[10.9832,57.2228],[10.9836,57.223],[10.984,57.2231],[10.9842,57.2233],[10.9845,57.2234],[10.9845,57.2236],[10.9848,57.2236],[10.9855,57.2234],[10.9859,57.2232],[10.9863,57.2231],[10.9865,57.2229],[10.9867,57.2225],[10.9867,57.2222],[10.9868,57.2218],[10.9879,57.2214],[10.988,57.2211],[10.9881,57.221],[10.9885,57.2207],[10.9887,57.2202],[10.9889,57.2201],[10.9889,57.2198],[10.989,57.2196],[10.9891,57.2196],[10.9898,57.2196],[10.9897,57.2195],[10.9899,57.2195],[10.9901,57.2195],[10.9902,57.2194],[10.9905,57.2193],[10.9906,57.2192],[10.9907,57.2192],[10.9901,57.2189],[10.9889,57.2187],[10.9873,57.2186],[10.9869,57.2186],[10.9863,57.2187],[10.9859,57.2187],[10.9853,57.2186],[10.9849,57.2185],[10.9846,57.2185],[10.9838,57.2183],[10.9833,57.2182],[10.9827,57.218],[10.9817,57.2175],[10.9816,57.2175],[10.9816,57.2174],[10.9813,57.2173],[10.9805,57.217],[10.9805,57.217],[10.9803,57.2169],[10.9792,57.2166],[10.979,57.2165],[10.9787,57.2165],[10.9787,57.2164],[10.9783,57.2163],[10.9783,57.2161],[10.978,57.216],[10.9777,57.2161],[10.9773,57.2162],[10.9772,57.2163],[10.9772,57.2163],[10.9776,57.217],[10.9782,57.2179],[10.9782,57.2182],[10.978,57.2181],[10.9772,57.2175],[10.9771,57.2175],[10.9764,57.2176],[10.9755,57.2185],[10.9748,57.2188],[10.9737,57.2194],[10.9739,57.2198],[10.974,57.22],[10.9741,57.2203],[10.9739,57.2208],[10.9737,57.2213],[10.9732,57.2218],[10.9724,57.2229],[10.9719,57.2233],[10.9719,57.2233],[10.9716,57.2238],[10.9716,57.2241],[10.9717,57.2245],[10.9717,57.2251],[10.9717,57.2254],[10.9716,57.2254],[10.9715,57.2255],[10.9715,57.2255],[10.9714,57.2255],[10.9712,57.2258],[10.9712,57.2258],[10.9712,57.2261],[10.971,57.2264],[10.9709,57.2269],[10.9709,57.2269],[10.9709,57.2269],[10.9709,57.2269],[10.9709,57.227],[10.9708,57.2269],[10.9707,57.2271],[10.9707,57.2273],[10.9708,57.2275],[10.9709,57.2285],[10.9708,57.2286],[10.9707,57.2286],[10.9707,57.2286],[10.9707,57.2286],[10.9706,57.2284],[10.9705,57.2283],[10.9705,57.2282],[10.9702,57.2281],[10.97,57.2282],[10.9703,57.2284],[10.9704,57.2285],[10.9704,57.2285],[10.9704,57.2285],[10.9704,57.2288],[10.9703,57.2294],[10.9704,57.2296],[10.9705,57.2296],[10.971,57.2299],[10.9713,57.2302],[10.9714,57.2306],[10.9714,57.2306],[10.9714,57.2306],[10.9716,57.231],[10.9724,57.231],[10.9736,57.2312],[10.9743,57.2312],[10.975,57.2314],[10.9755,57.2315],[10.9758,57.2318],[10.976,57.2321],[10.976,57.2321],[10.9759,57.2321],[10.9753,57.2317],[10.9745,57.2314],[10.9743,57.2313],[10.9735,57.2313],[10.9723,57.2311],[10.972,57.2311],[10.9718,57.2313],[10.9719,57.2317],[10.9723,57.2322],[10.973,57.2325],[10.973,57.2326],[10.9727,57.2325],[10.9726,57.2326],[10.9731,57.2329],[10.9741,57.233],[10.9744,57.2329],[10.9744,57.2327],[10.9746,57.2327],[10.9748,57.233],[10.9745,57.2331],[10.9753,57.2332],[10.9763,57.2333],[10.9766,57.2334],[10.977,57.2337],[10.9777,57.2339],[10.9784,57.2338],[10.9789,57.2338],[10.9796,57.2339],[10.9797,57.234],[10.979,57.2339],[10.9785,57.2339],[10.9781,57.2339],[10.978,57.234],[10.9794,57.2345],[10.9804,57.2343],[10.9811,57.2345],[10.9823,57.2349],[10.9824,57.2351],[10.9821,57.235],[10.9807,57.2345],[10.9801,57.2344],[10.9794,57.2346],[10.9769,57.2339],[10.9758,57.2336],[10.9745,57.2333],[10.9744,57.2334],[10.9748,57.2335],[10.9753,57.2336],[10.9754,57.2337],[10.9745,57.2337],[10.9742,57.2337],[10.9742,57.2335],[10.9741,57.2334],[10.9739,57.2333],[10.9734,57.2334],[10.9734,57.2335],[10.9736,57.2336],[10.9735,57.2337],[10.9723,57.2338],[10.9721,57.2337],[10.9724,57.2333],[10.972,57.2329],[10.9717,57.2327],[10.9716,57.2324],[10.9714,57.2324],[10.971,57.2325],[10.9714,57.232],[10.971,57.2311],[10.9706,57.2303],[10.97,57.2298],[10.9698,57.2295],[10.9698,57.2295],[10.9698,57.2295],[10.9696,57.2291],[10.9694,57.2292],[10.9692,57.2295],[10.9691,57.2296],[10.9689,57.2303],[10.9684,57.2303],[10.9683,57.2301],[10.9678,57.2301],[10.9667,57.2304],[10.9664,57.2305],[10.9663,57.2307],[10.9664,57.2307],[10.9665,57.2308],[10.9665,57.2309],[10.9666,57.2309],[10.9666,57.2312],[10.9666,57.2312],[10.9669,57.2312],[10.967,57.2313],[10.967,57.2314],[10.967,57.2315],[10.9671,57.2315],[10.9668,57.2315],[10.9667,57.2316],[10.9667,57.2316],[10.9669,57.2318],[10.967,57.2318],[10.967,57.2319],[10.967,57.2319],[10.967,57.232],[10.967,57.2322],[10.9671,57.2323],[10.9672,57.2326],[10.9675,57.2326],[10.9678,57.2327],[10.9678,57.2328],[10.9678,57.2328],[10.9677,57.2329],[10.9679,57.2329],[10.9679,57.233],[10.968,57.233],[10.968,57.2331],[10.968,57.2332],[10.9681,57.2332],[10.9681,57.2333],[10.9681,57.2333],[10.9681,57.2334],[10.9679,57.2336],[10.9679,57.2336],[10.9679,57.2337],[10.9679,57.2338],[10.9679,57.2338],[10.9679,57.2338],[10.9672,57.2339],[10.9667,57.2337],[10.9662,57.2336],[10.9658,57.2337],[10.9655,57.2335],[10.9652,57.2333],[10.9652,57.2332],[10.9648,57.233],[10.9642,57.2332],[10.964,57.2333],[10.9639,57.2334],[10.9639,57.2334],[10.9638,57.2334],[10.9637,57.2334],[10.9637,57.2334],[10.9636,57.2333],[10.9636,57.2332],[10.9635,57.2332],[10.963,57.2332],[10.9626,57.2332],[10.9625,57.2332],[10.9622,57.2332],[10.9622,57.2332],[10.962,57.2332],[10.9617,57.2332],[10.9615,57.2332],[10.9615,57.2333],[10.9616,57.2334],[10.9616,57.2336],[10.9614,57.2335],[10.9612,57.2336],[10.9613,57.234],[10.961,57.2341],[10.9609,57.2342],[10.9607,57.2342],[10.9599,57.2341],[10.9593,57.2342],[10.9583,57.2342],[10.958,57.2343],[10.9575,57.2345],[10.9565,57.2348],[10.9564,57.2349],[10.9557,57.235],[10.9555,57.2353],[10.9552,57.2354],[10.955,57.2356],[10.9547,57.2357],[10.9541,57.236],[10.954,57.2365],[10.9537,57.2367],[10.9535,57.2367],[10.953,57.237],[10.9524,57.2376],[10.9515,57.2382],[10.9506,57.2386],[10.9503,57.2394],[10.9499,57.2396],[10.9503,57.2397],[10.9502,57.2398],[10.9502,57.2398],[10.9502,57.2399],[10.9501,57.2399],[10.9502,57.2402],[10.9502,57.2404],[10.9504,57.2406],[10.9509,57.2409],[10.9521,57.2415],[10.9528,57.2416],[10.9538,57.2417],[10.9537,57.2417],[10.9538,57.2417],[10.9546,57.242],[10.9546,57.242],[10.9545,57.242],[10.9542,57.242],[10.9538,57.2419],[10.953,57.2418],[10.9525,57.2418],[10.9521,57.2417],[10.9514,57.2415],[10.9503,57.241],[10.9499,57.2408],[10.9496,57.2404],[10.9494,57.2402],[10.9491,57.2402],[10.9489,57.2403],[10.9487,57.2404],[10.9485,57.2404],[10.9484,57.2405],[10.9484,57.2407],[10.9484,57.2407],[10.9485,57.2408],[10.9483,57.2408],[10.9481,57.2409],[10.9478,57.2411],[10.9476,57.2411],[10.9476,57.241],[10.9474,57.241],[10.9473,57.2413],[10.9474,57.2415],[10.9477,57.2416],[10.9482,57.2419],[10.9485,57.2421],[10.9485,57.2421],[10.9485,57.2421],[10.9486,57.2421],[10.9487,57.2423],[10.9487,57.2424],[10.9487,57.2424],[10.9487,57.2425],[10.9487,57.2425],[10.9487,57.2427],[10.9483,57.2427],[10.9482,57.2428],[10.9481,57.2428],[10.948,57.2427],[10.9479,57.2427],[10.9477,57.2428],[10.9475,57.2429],[10.9473,57.2426],[10.9468,57.2424],[10.9468,57.2423],[10.9468,57.2423],[10.9468,57.2422],[10.9468,57.242],[10.9473,57.242],[10.9477,57.242],[10.9477,57.2419],[10.9477,57.2419],[10.9474,57.2417],[10.9469,57.2416],[10.9464,57.2412],[10.9458,57.2409],[10.9453,57.241],[10.9452,57.2411],[10.9449,57.2411],[10.9448,57.2411],[10.9448,57.2412],[10.9447,57.2413],[10.9448,57.2414],[10.9449,57.2415],[10.9448,57.2415],[10.9449,57.2416],[10.9447,57.2416],[10.9446,57.2417],[10.9447,57.2418],[10.9448,57.2421],[10.9451,57.2425],[10.9454,57.2426],[10.9459,57.2425],[10.9461,57.2426],[10.9464,57.2427],[10.9465,57.2429],[10.9465,57.2429],[10.9465,57.243],[10.9465,57.2431],[10.9464,57.2431],[10.9461,57.2429],[10.946,57.2431],[10.9455,57.2432],[10.9454,57.2431],[10.9453,57.2431],[10.9452,57.2433],[10.9449,57.2433],[10.9444,57.2437],[10.9442,57.2438],[10.9442,57.244],[10.9439,57.2442],[10.9439,57.2443],[10.944,57.2444],[10.944,57.2444],[10.944,57.2445],[10.9438,57.2445],[10.9438,57.2443],[10.9437,57.2443],[10.9437,57.2442],[10.9436,57.2442],[10.9434,57.244],[10.9433,57.244],[10.9431,57.2442],[10.943,57.2445],[10.9427,57.2445],[10.9425,57.2444],[10.9422,57.2445],[10.9424,57.2449],[10.9422,57.2448],[10.942,57.2449],[10.942,57.2448],[10.9417,57.2447],[10.9416,57.2447],[10.9414,57.245],[10.9413,57.245],[10.9412,57.2449],[10.9409,57.245],[10.9408,57.2453],[10.9404,57.2454],[10.9396,57.2455],[10.9397,57.2454],[10.9396,57.2454],[10.9398,57.2453],[10.9399,57.2451],[10.9399,57.245],[10.9393,57.2451],[10.9393,57.2453],[10.9392,57.2453],[10.9389,57.2455],[10.9388,57.2457],[10.9378,57.2459],[10.9372,57.2458],[10.9368,57.2459],[10.9362,57.2459],[10.9358,57.2458],[10.9358,57.2457],[10.9358,57.2457],[10.9357,57.2455],[10.9359,57.2455],[10.936,57.2456],[10.9361,57.2454],[10.9364,57.2453],[10.937,57.2452],[10.9374,57.245],[10.9376,57.2449],[10.9375,57.2447],[10.9376,57.2447],[10.9377,57.2446],[10.9377,57.2446],[10.9378,57.2445],[10.9378,57.2445],[10.9378,57.2444],[10.9377,57.2443],[10.9365,57.2445],[10.9358,57.2447],[10.9347,57.2449],[10.934,57.2449],[10.9339,57.2449],[10.934,57.2452],[10.9338,57.2453],[10.9337,57.2453],[10.9336,57.245],[10.9339,57.2448],[10.9336,57.2447],[10.933,57.2447],[10.9329,57.2448],[10.9328,57.245],[10.9325,57.245],[10.9324,57.2451],[10.9324,57.2453],[10.932,57.2453],[10.9317,57.2456],[10.9316,57.246],[10.9316,57.2461],[10.932,57.2462],[10.9317,57.2462],[10.9319,57.2463],[10.9314,57.2463],[10.9313,57.2466],[10.9312,57.2466],[10.9312,57.2464],[10.9311,57.2463],[10.9311,57.2462],[10.9311,57.2462],[10.9308,57.2462],[10.9307,57.2463],[10.9306,57.2463],[10.9304,57.2462],[10.9302,57.2462],[10.9299,57.2463],[10.9298,57.2464],[10.9298,57.2465],[10.9298,57.2465],[10.9296,57.2468],[10.9296,57.2468],[10.9296,57.2469],[10.9293,57.247],[10.9292,57.247],[10.9292,57.2469],[10.9292,57.2469],[10.9292,57.2469],[10.9294,57.2468],[10.9294,57.2466],[10.9294,57.2466],[10.9294,57.2465],[10.9295,57.2464],[10.9295,57.2463],[10.9296,57.2462],[10.9296,57.2462],[10.9296,57.246],[10.9294,57.246],[10.9293,57.246],[10.9293,57.2462],[10.9292,57.2463],[10.9292,57.2465],[10.9292,57.2466],[10.9285,57.2468],[10.9282,57.2469],[10.928,57.2469],[10.928,57.2468],[10.9281,57.2468],[10.9282,57.2467],[10.9284,57.2465],[10.9284,57.2465],[10.9282,57.2465],[10.9277,57.2465],[10.9271,57.2466],[10.9263,57.2466],[10.926,57.2467],[10.9258,57.2468],[10.9247,57.2468],[10.9246,57.247],[10.9242,57.2469],[10.9239,57.2469],[10.9232,57.2471],[10.9232,57.2469],[10.9227,57.2467],[10.9224,57.2466],[10.9218,57.247],[10.9213,57.2472],[10.9198,57.2473],[10.9187,57.2471],[10.9183,57.247],[10.9177,57.2471],[10.9158,57.2474],[10.915,57.2475],[10.9138,57.2476],[10.9135,57.2477],[10.9133,57.2478],[10.913,57.2478],[10.9125,57.2483],[10.9123,57.2483],[10.9099,57.2485],[10.9086,57.2485],[10.9086,57.2485],[10.909,57.2485],[10.9086,57.2484],[10.9082,57.2483],[10.9073,57.2481],[10.9063,57.2475],[10.9062,57.2475],[10.9061,57.2475],[10.906,57.2477],[10.9059,57.2476],[10.9058,57.2477],[10.9058,57.2475],[10.9061,57.2474],[10.9061,57.2473],[10.906,57.2472],[10.9058,57.2473],[10.9058,57.2474],[10.9058,57.2474],[10.9057,57.2474],[10.9057,57.2475],[10.9056,57.2475],[10.9054,57.2475],[10.9052,57.2477],[10.9051,57.2477],[10.9051,57.2477],[10.9051,57.2478],[10.9049,57.2478],[10.9049,57.2478],[10.9049,57.2478],[10.9048,57.2478],[10.9051,57.2471],[10.9055,57.2467],[10.9055,57.2466],[10.9056,57.2465],[10.9055,57.2464],[10.904,57.2468],[10.9039,57.2468],[10.9036,57.2472],[10.9024,57.2473],[10.9014,57.2474],[10.9006,57.2476],[10.9,57.2476],[10.8997,57.2477],[10.8991,57.2478],[10.8986,57.2479],[10.8978,57.2481],[10.897,57.2484],[10.8963,57.2484],[10.8961,57.2485],[10.8961,57.2485],[10.896,57.2485],[10.8957,57.2486],[10.8946,57.249],[10.8944,57.249],[10.8936,57.2493],[10.8926,57.2495],[10.8917,57.2497],[10.8904,57.25],[10.8895,57.2499],[10.8887,57.2496],[10.8879,57.2497],[10.8877,57.2497],[10.8876,57.2497],[10.8875,57.2499],[10.8867,57.25],[10.8858,57.25],[10.8849,57.2502],[10.8847,57.2503],[10.8846,57.2504],[10.8846,57.2506],[10.8854,57.2508],[10.8863,57.2508],[10.8865,57.2509],[10.8869,57.251],[10.8875,57.251],[10.8879,57.2509],[10.8886,57.2507],[10.889,57.2507],[10.8896,57.2506],[10.89,57.2504],[10.8904,57.2504],[10.8907,57.2504],[10.8907,57.2506],[10.8909,57.2506],[10.8917,57.2506],[10.893,57.2505],[10.8942,57.2505],[10.8949,57.2504],[10.8952,57.2504],[10.8956,57.2503],[10.8967,57.2502],[10.8973,57.2503],[10.8977,57.2501],[10.8985,57.25],[10.8993,57.25],[10.9001,57.2499],[10.9009,57.2499],[10.9013,57.2499],[10.9022,57.2498],[10.903,57.2498],[10.9039,57.2497],[10.9047,57.2497],[10.9049,57.2498],[10.9056,57.2498],[10.9058,57.2502],[10.9076,57.25],[10.9076,57.25],[10.9073,57.2499],[10.9073,57.2498],[10.9078,57.2497],[10.9089,57.2496],[10.9103,57.2494],[10.9115,57.2493],[10.9124,57.2492],[10.913,57.2492],[10.9133,57.2492],[10.9136,57.2491],[10.9138,57.2491],[10.914,57.2492],[10.9143,57.2493],[10.914,57.2487],[10.9184,57.2483],[10.9191,57.2483],[10.9195,57.2483],[10.9203,57.2482],[10.9208,57.2484],[10.9216,57.2486],[10.9218,57.2487],[10.9218,57.2489],[10.9217,57.249],[10.9213,57.2494],[10.9218,57.2492],[10.9221,57.2492],[10.9222,57.2491],[10.9222,57.249],[10.9225,57.2488],[10.9226,57.2487],[10.9226,57.2486],[10.9231,57.2484],[10.9237,57.2483],[10.9244,57.2482],[10.9299,57.2477],[10.93,57.2484],[10.9302,57.2485],[10.9305,57.2487],[10.9305,57.2488],[10.9307,57.2486],[10.9307,57.2484],[10.9311,57.2482],[10.9317,57.2481],[10.9327,57.248],[10.9336,57.2481],[10.9336,57.2482],[10.9346,57.2481],[10.9357,57.2479],[10.9355,57.2475],[10.9387,57.2471],[10.9389,57.2471],[10.939,57.2473],[10.9393,57.2473],[10.9395,57.2474],[10.9398,57.2472],[10.94,57.2471],[10.9402,57.2469],[10.9407,57.2468],[10.9415,57.2466],[10.9427,57.2463],[10.9433,57.2461],[10.9436,57.2461],[10.9439,57.2461],[10.9443,57.2457],[10.9444,57.2457],[10.9452,57.2455],[10.9459,57.2452],[10.9465,57.2451],[10.9473,57.2449],[10.9478,57.2449],[10.9478,57.245],[10.948,57.2451],[10.9485,57.245],[10.9491,57.2449],[10.9499,57.2448],[10.9507,57.2446],[10.9514,57.2445],[10.9518,57.2444],[10.9521,57.2443],[10.9526,57.2442],[10.9529,57.2443],[10.9532,57.2444],[10.9534,57.2443],[10.9542,57.2443],[10.9549,57.2441],[10.9558,57.2441],[10.9567,57.2441],[10.958,57.2441],[10.9585,57.2442],[10.9589,57.2441],[10.9596,57.244],[10.9606,57.2437],[10.9613,57.2436],[10.9619,57.2435],[10.9622,57.2435],[10.9631,57.2436],[10.9642,57.2435],[10.9645,57.2436],[10.9656,57.2435],[10.9664,57.2435],[10.9674,57.2435],[10.968,57.2435],[10.9694,57.2433],[10.9706,57.2435],[10.9721,57.2436],[10.9722,57.2441],[10.9738,57.2441],[10.9739,57.2443],[10.9744,57.2443],[10.9753,57.2464],[10.9763,57.2463],[10.9753,57.2434],[10.9759,57.2433],[10.9762,57.2434],[10.9765,57.2435],[10.9766,57.2438],[10.9767,57.244],[10.9768,57.2443],[10.9776,57.2443],[10.9775,57.2435],[10.9774,57.2433],[10.9789,57.2426],[10.9789,57.2423],[10.9794,57.2423],[10.9793,57.2421],[10.9801,57.2419],[10.9808,57.2419],[10.9814,57.2419],[10.9825,57.2421],[10.9827,57.2425],[10.9829,57.2426],[10.9832,57.2426],[10.9835,57.2428],[10.9835,57.243],[10.9837,57.2431],[10.9838,57.2432],[10.9841,57.2434],[10.9842,57.2434],[10.9844,57.2435],[10.9849,57.2436],[10.9852,57.2437],[10.9852,57.2439],[10.9852,57.244],[10.9854,57.244],[10.9854,57.2441],[10.9854,57.2441],[10.9853,57.2441],[10.9852,57.2441],[10.9852,57.2442],[10.9861,57.2444],[10.9865,57.2445],[10.9863,57.2455],[10.9883,57.2454],[10.9878,57.245],[10.988,57.2449],[10.9885,57.2448],[10.9881,57.2447],[10.9882,57.2445],[10.9883,57.2443],[10.9883,57.244],[10.9884,57.244],[10.9902,57.2438],[10.9903,57.2441],[10.9918,57.2438],[10.9918,57.2437],[10.9931,57.2436],[10.9933,57.2435],[10.9943,57.2432],[10.9951,57.2429],[10.9957,57.2428],[10.9964,57.2427],[10.9974,57.2427],[10.9988,57.2427],[10.9989,57.243],[10.9994,57.2425],[11.0008,57.2427],[11.0021,57.2429],[11.0035,57.2429],[11.0039,57.243],[11.0048,57.2432],[11.0055,57.2434],[11.006,57.2435],[11.0072,57.244],[11.0075,57.2441],[11.0073,57.2444],[11.0037,57.2438],[11.0036,57.2442],[11.0038,57.2443],[11.0047,57.2445],[11.0048,57.2446],[11.0054,57.2447],[11.0057,57.2447],[11.0057,57.2446],[11.0058,57.2446],[11.0058,57.2447],[11.0067,57.2449],[11.007,57.2449],[11.0076,57.245],[11.0081,57.2451],[11.0086,57.2453],[11.0089,57.2455],[11.0091,57.2457],[11.0091,57.246],[11.0091,57.2463],[11.0094,57.2466],[11.0098,57.2464],[11.0108,57.2459],[11.0122,57.2459],[11.012,57.2462],[11.0139,57.2461],[11.0148,57.246],[11.016,57.2458],[11.0166,57.2457],[11.0171,57.2458],[11.0171,57.2457],[11.0172,57.2456],[11.0174,57.2456],[11.0175,57.2457],[11.0175,57.2457],[11.0183,57.2457],[11.0184,57.2455],[11.0209,57.245],[11.027,57.2439],[11.0286,57.2435],[11.0289,57.2435],[11.0293,57.2436],[11.0302,57.2434],[11.0315,57.2433],[11.0331,57.2433],[11.0334,57.2433],[11.0339,57.2433],[11.0374,57.2433],[11.0415,57.2433],[11.0421,57.2432],[11.0441,57.243],[11.0442,57.243],[11.0461,57.2429],[11.0465,57.2428],[11.0482,57.2428],[11.0485,57.2427],[11.0501,57.2427],[11.0518,57.2426],[11.0525,57.2425],[11.0531,57.2424],[11.0539,57.2425],[11.0547,57.2425],[11.0552,57.2424],[11.0564,57.2424],[11.0564,57.2425],[11.058,57.2426],[11.0581,57.2424],[11.0594,57.2423],[11.0596,57.2419],[11.0615,57.2418],[11.0613,57.2422],[11.0624,57.2423],[11.0625,57.2423],[11.0627,57.2423],[11.0627,57.2423],[11.0631,57.2423],[11.0632,57.2423],[11.0641,57.2424],[11.065,57.2425],[11.0657,57.2426],[11.0659,57.2427],[11.0661,57.2427],[11.0666,57.2428],[11.067,57.2429],[11.0677,57.2429],[11.0684,57.2432],[11.0691,57.2435],[11.0699,57.2438],[11.0705,57.2443],[11.0715,57.2448],[11.0724,57.2455],[11.0733,57.246],[11.0741,57.2465],[11.0747,57.2469],[11.0748,57.247],[11.0754,57.2476],[11.0759,57.248],[11.0763,57.2482],[11.0767,57.2484],[11.077,57.2486],[11.0775,57.249],[11.0776,57.2494],[11.0778,57.2497],[11.0778,57.2501],[11.0776,57.2503],[11.0778,57.2506],[11.0781,57.2509],[11.0782,57.251],[11.0783,57.2516],[11.0784,57.252],[11.0787,57.2524],[11.0782,57.2527],[11.0777,57.2529],[11.0779,57.2532],[11.0786,57.2536],[11.0791,57.2538],[11.0792,57.254],[11.0794,57.2541],[11.0796,57.2541],[11.0797,57.2544],[11.08,57.2545],[11.0805,57.2547],[11.0809,57.2549],[11.0811,57.2551],[11.0816,57.2553],[11.082,57.2556],[11.0823,57.2558],[11.0823,57.2561],[11.0825,57.2563],[11.083,57.2568],[11.0829,57.2568],[11.0829,57.2568],[11.0826,57.2568],[11.0823,57.2566],[11.0823,57.2565],[11.0821,57.2564],[11.0819,57.2562],[11.0816,57.2559],[11.0813,57.2556],[11.0811,57.2555],[11.0806,57.2552],[11.0802,57.255],[11.0787,57.2554],[11.0794,57.2561],[11.0796,57.2564],[11.0794,57.2565],[11.0794,57.2567],[11.0792,57.2567],[11.0789,57.2568],[11.0789,57.2568],[11.0794,57.2575],[11.0799,57.258],[11.0805,57.2587],[11.081,57.2592],[11.0812,57.2593],[11.0814,57.2596],[11.0817,57.26],[11.0821,57.2603],[11.0824,57.2606],[11.0826,57.2609],[11.0833,57.2617],[11.084,57.2626],[11.0845,57.2632],[11.085,57.2638],[11.0855,57.2649],[11.0854,57.2654],[11.0854,57.2656],[11.0854,57.2658],[11.0854,57.2659],[11.0855,57.266],[11.0859,57.266],[11.0861,57.266],[11.0862,57.2662],[11.0862,57.2663],[11.0861,57.2665],[11.0854,57.2665],[11.0849,57.2665],[11.0847,57.2666],[11.0843,57.2666],[11.0841,57.2666],[11.0842,57.2668],[11.0844,57.267],[11.0846,57.2671],[11.0851,57.2674],[11.0869,57.2679],[11.0871,57.268],[11.0847,57.2686],[11.0847,57.2689],[11.0845,57.2693],[11.0842,57.2697],[11.0841,57.2702],[11.0845,57.2702],[11.0848,57.2705],[11.0847,57.2708],[11.0845,57.2712],[11.0844,57.2715],[11.0838,57.2719],[11.0833,57.2722],[11.0827,57.2724],[11.0824,57.2725],[11.0807,57.2726],[11.0811,57.2728],[11.0814,57.273],[11.0817,57.2731],[11.0821,57.2731],[11.0816,57.275],[11.0819,57.2751],[11.0822,57.2754],[11.0822,57.2755],[11.0821,57.2757],[11.0819,57.2758],[11.0817,57.2758],[11.0815,57.2758],[11.0811,57.2757],[11.081,57.2759],[11.0811,57.2759],[11.0813,57.2759],[11.0814,57.2759],[11.0816,57.2761],[11.0816,57.2763],[11.0812,57.2765],[11.081,57.2764],[11.0809,57.2766],[11.0807,57.2768],[11.0807,57.2769],[11.0809,57.2771],[11.0812,57.2771],[11.0816,57.2771],[11.0821,57.277],[11.0822,57.277],[11.0823,57.277],[11.0825,57.277],[11.0829,57.2769],[11.0831,57.2769],[11.0832,57.2771],[11.0831,57.2771],[11.0826,57.2772],[11.0817,57.2774],[11.081,57.2774],[11.0807,57.2774],[11.0807,57.2775],[11.0808,57.2777],[11.0808,57.2778],[11.0806,57.2778],[11.0806,57.2779],[11.0806,57.278],[11.0805,57.2782],[11.0805,57.2782],[11.0804,57.2782],[11.0803,57.2783],[11.0801,57.2782],[11.0798,57.278],[11.0794,57.2779],[11.079,57.2777],[11.0786,57.2777],[11.0784,57.2777],[11.0781,57.2777],[11.0777,57.2777],[11.0778,57.2779],[11.0779,57.278],[11.0785,57.278],[11.0786,57.2786],[11.0769,57.278],[11.0759,57.2778],[11.0753,57.2783],[11.075,57.2785],[11.0748,57.2784],[11.0745,57.2786],[11.0743,57.2788],[11.0742,57.279],[11.0742,57.2791],[11.0739,57.2792],[11.0738,57.2794],[11.0736,57.2796],[11.0732,57.2797],[11.0727,57.28],[11.0728,57.2805],[11.0726,57.2807],[11.0725,57.2809],[11.0723,57.281],[11.072,57.281],[11.0718,57.2809],[11.0703,57.2824],[11.0706,57.2832],[11.0698,57.2832],[11.0697,57.2837],[11.0696,57.2838],[11.0694,57.284],[11.0692,57.2843],[11.0695,57.2846],[11.0704,57.2844],[11.0706,57.2844],[11.0708,57.2844],[11.071,57.2845],[11.0711,57.2846],[11.0715,57.2849],[11.0716,57.2853],[11.0714,57.2854],[11.0722,57.2865],[11.0728,57.2869],[11.0733,57.2871],[11.0741,57.2874],[11.0749,57.2878],[11.0754,57.2882],[11.0757,57.2883],[11.0764,57.2886],[11.0765,57.2885],[11.0777,57.289],[11.0784,57.2893],[11.0788,57.2894],[11.0793,57.2895],[11.0795,57.2895],[11.0798,57.2897],[11.0803,57.2898],[11.0807,57.29],[11.0811,57.2901],[11.0812,57.2902],[11.0813,57.2903],[11.0815,57.2905],[11.0819,57.2904],[11.0821,57.2906],[11.0823,57.2906],[11.0825,57.2907],[11.0828,57.2908],[11.0834,57.291],[11.0839,57.291],[11.0842,57.291],[11.0845,57.2911],[11.085,57.2911],[11.0853,57.2912],[11.0859,57.2914],[11.086,57.2914],[11.0858,57.2915],[11.0856,57.2915],[11.0854,57.2916],[11.0852,57.2916],[11.0845,57.2915],[11.0842,57.2914],[11.0839,57.2913],[11.0836,57.2911],[11.0833,57.291],[11.0829,57.291],[11.0833,57.2911],[11.0838,57.2914],[11.0843,57.2916],[11.0846,57.2918],[11.0849,57.2919],[11.0852,57.2918],[11.0855,57.2918],[11.0858,57.2919],[11.0863,57.2921],[11.0868,57.2922],[11.0871,57.2923],[11.0874,57.2924],[11.0878,57.2925],[11.088,57.2927],[11.0883,57.2927],[11.0888,57.2929],[11.0893,57.2929],[11.0898,57.293],[11.0905,57.2931],[11.0911,57.2934],[11.0922,57.2938],[11.0926,57.2939],[11.0931,57.2941],[11.0941,57.2943],[11.095,57.2946],[11.0959,57.2949],[11.0968,57.2952],[11.0972,57.2952],[11.0974,57.2952],[11.0974,57.2953],[11.0972,57.2953],[11.0975,57.2954],[11.098,57.2955],[11.0984,57.2955],[11.0988,57.2957],[11.0993,57.2958],[11.1,57.2959],[11.1003,57.2959],[11.1009,57.2959],[11.1011,57.296],[11.1012,57.2961],[11.1016,57.2961],[11.1017,57.2961],[11.1022,57.2962],[11.1024,57.2963],[11.1027,57.2964],[11.1033,57.2965],[11.1035,57.2966],[11.1038,57.2966],[11.1042,57.2967],[11.1046,57.2968],[11.105,57.2969],[11.1055,57.297],[11.1058,57.297],[11.1063,57.2972],[11.1068,57.2973],[11.1073,57.2973],[11.1079,57.2974],[11.1083,57.2975],[11.109,57.2976],[11.1096,57.2978],[11.1106,57.298],[11.111,57.2981],[11.1118,57.2981],[11.1126,57.2983],[11.1125,57.2985],[11.1141,57.2988],[11.1144,57.2989],[11.1145,57.2989],[11.1149,57.2989],[11.1155,57.2988],[11.1163,57.299],[11.1168,57.2991],[11.1173,57.2991],[11.1181,57.299],[11.1187,57.299],[11.1193,57.299],[11.1198,57.2991],[11.1197,57.2992],[11.1203,57.2993],[11.1211,57.2994],[11.1218,57.2995],[11.123,57.2997],[11.1234,57.2998],[11.1238,57.2991],[11.1252,57.2993],[11.1247,57.2998],[11.1251,57.2998],[11.1254,57.2998],[11.1261,57.2998],[11.1268,57.2999],[11.1277,57.2999],[11.1287,57.3002],[11.1301,57.3004],[11.1305,57.3006],[11.1317,57.3007],[11.1331,57.3007],[11.1342,57.3007],[11.1351,57.3008],[11.1354,57.3008],[11.136,57.3008],[11.1365,57.3008],[11.1363,57.3012],[11.1372,57.3013],[11.1373,57.3014],[11.1393,57.3015],[11.1398,57.3016],[11.1401,57.3014],[11.1402,57.3012],[11.1404,57.3012],[11.1406,57.3013],[11.1409,57.3013],[11.1413,57.3013],[11.1412,57.3016],[11.1419,57.3019],[11.1434,57.3021],[11.1437,57.3019],[11.1441,57.302],[11.1445,57.302],[11.1445,57.3021],[11.1442,57.3022],[11.1444,57.3023],[11.1447,57.3023],[11.1449,57.3024],[11.1452,57.3025],[11.1454,57.302],[11.1482,57.3022],[11.1482,57.3029],[11.1501,57.3031],[11.1501,57.3027],[11.1511,57.3026],[11.1517,57.3026],[11.1523,57.3026],[11.1527,57.3025],[11.1528,57.3026],[11.1533,57.3026],[11.1534,57.3019],[11.1554,57.3018],[11.1552,57.3026],[11.1557,57.3026],[11.1557,57.3023],[11.1569,57.3021],[11.1582,57.302],[11.1592,57.3019],[11.1593,57.3024],[11.1597,57.3023],[11.1601,57.3021],[11.1605,57.302],[11.1608,57.302],[11.1611,57.302],[11.1616,57.3019],[11.1605,57.3005],[11.1605,57.3004],[11.1608,57.3003],[11.161,57.3001],[11.1616,57.2999],[11.1621,57.3008],[11.1628,57.3005],[11.1634,57.3003],[11.1639,57.3],[11.1644,57.2996],[11.1645,57.2996],[11.1649,57.2997],[11.1651,57.2995],[11.1653,57.2993],[11.1657,57.2992],[11.1662,57.299],[11.1667,57.299],[11.1673,57.2996],[11.1674,57.2997],[11.1679,57.3],[11.1683,57.3003],[11.1684,57.3004],[11.1686,57.3008],[11.1688,57.3009],[11.1696,57.3016],[11.17,57.3019],[11.1708,57.3024],[11.1715,57.3027],[11.1722,57.3031],[11.1728,57.3034],[11.173,57.3037],[11.173,57.3039],[11.173,57.304],[11.173,57.304],[11.1732,57.3042],[11.1736,57.3045],[11.1739,57.3047],[11.174,57.3049],[11.1738,57.3053],[11.1751,57.3048],[11.1755,57.305],[11.1759,57.3052],[11.1762,57.3053],[11.1764,57.3054],[11.1767,57.3055],[11.1772,57.3055],[11.1775,57.3055],[11.1777,57.3055],[11.1778,57.3057],[11.1779,57.3058],[11.1781,57.3059],[11.1784,57.3059],[11.1786,57.3057],[11.1788,57.3057],[11.1791,57.3058],[11.1792,57.3059],[11.1794,57.306],[11.1794,57.3061],[11.1793,57.3063],[11.1797,57.3064],[11.1799,57.3065],[11.1802,57.3067],[11.1803,57.3068],[11.1805,57.307],[11.1806,57.3071],[11.1808,57.3073],[11.1811,57.3074],[11.1815,57.3073],[11.1818,57.3075],[11.1821,57.3077],[11.1824,57.3079],[11.1829,57.3082],[11.1833,57.3085],[11.184,57.309],[11.1849,57.3096],[11.1853,57.3098],[11.1858,57.3098],[11.1863,57.3099],[11.1865,57.3101],[11.1865,57.3103],[11.1867,57.3104],[11.1867,57.3104],[11.1864,57.3104],[11.1861,57.3106],[11.1867,57.3108],[11.1873,57.311],[11.1873,57.3109],[11.1873,57.3109],[11.1874,57.3108],[11.1878,57.3108],[11.188,57.311],[11.1883,57.3111],[11.1885,57.3112],[11.1889,57.3114],[11.1892,57.3114],[11.1892,57.3112],[11.1888,57.3111],[11.1885,57.311],[11.1886,57.3109],[11.1891,57.3109],[11.1893,57.3109],[11.1896,57.3109],[11.1896,57.3108],[11.1897,57.3108],[11.1901,57.3108],[11.1909,57.311],[11.1913,57.3111],[11.1917,57.3112],[11.1921,57.3114],[11.1924,57.3115],[11.1927,57.3115],[11.1929,57.3115],[11.1934,57.3116],[11.194,57.3118],[11.1947,57.3121],[11.1953,57.3129],[11.1956,57.3133],[11.1958,57.3136],[11.1965,57.3135],[11.1963,57.313],[11.1955,57.3118],[11.1951,57.3111],[11.1939,57.3102],[11.1938,57.3099],[11.1943,57.3093],[11.1943,57.309],[11.1944,57.3083],[11.1941,57.3079],[11.1937,57.3073],[11.1938,57.3068],[11.1939,57.3066],[11.1938,57.3058],[11.1934,57.3049],[11.193,57.3042],[11.193,57.3038],[11.1934,57.3033],[11.1933,57.3029],[11.1934,57.3026],[11.1934,57.3024],[11.1936,57.3019],[11.1936,57.3015],[11.1935,57.3007],[11.1935,57.3],[11.1934,57.2993],[11.1936,57.2991],[11.1936,57.2988],[11.1936,57.2987],[11.1937,57.2985],[11.1938,57.2983],[11.1937,57.2981],[11.1937,57.2979],[11.1938,57.2977],[11.194,57.2974],[11.1941,57.2972],[11.1942,57.2969],[11.1942,57.2965],[11.1941,57.2961],[11.1943,57.2954],[11.1942,57.2952],[11.1937,57.2954],[11.1936,57.2955],[11.1935,57.2959],[11.1935,57.2959],[11.1936,57.2961],[11.1937,57.2963],[11.1937,57.2965],[11.1939,57.2966],[11.1939,57.2968],[11.1939,57.2969],[11.1937,57.2974],[11.1935,57.2976],[11.1934,57.2976],[11.1934,57.2978],[11.1933,57.2978],[11.1933,57.2979],[11.1932,57.298],[11.1932,57.298],[11.1931,57.2981],[11.1931,57.2981],[11.1931,57.2981],[11.193,57.2982],[11.193,57.2982],[11.1929,57.2982],[11.1926,57.2983],[11.1925,57.2984],[11.1925,57.2988],[11.1925,57.2988],[11.1925,57.2988],[11.1924,57.2988],[11.1922,57.2988],[11.192,57.2989],[11.1921,57.2989],[11.1922,57.299],[11.1922,57.299],[11.1923,57.2991],[11.1921,57.2991],[11.1921,57.2991],[11.1916,57.2991],[11.1913,57.2988],[11.1913,57.2985],[11.1911,57.2985],[11.1908,57.2984],[11.1898,57.2985],[11.1891,57.2985],[11.1891,57.2986],[11.1886,57.2986],[11.1882,57.2987],[11.1879,57.2989],[11.1879,57.2989],[11.1878,57.2989],[11.1873,57.2994],[11.1872,57.2994],[11.1871,57.2995],[11.1865,57.2998],[11.186,57.3002],[11.1859,57.3003],[11.186,57.3007],[11.1858,57.3008],[11.1857,57.3009],[11.1857,57.3009],[11.1851,57.301],[11.1851,57.301],[11.1849,57.3011],[11.1848,57.3011],[11.1846,57.3013],[11.1843,57.3014],[11.1841,57.3013],[11.1842,57.3012],[11.1841,57.3012],[11.1842,57.3012],[11.1842,57.3012],[11.1849,57.301],[11.185,57.3009],[11.1851,57.3008],[11.1851,57.3007],[11.185,57.3006],[11.1848,57.3006],[11.1847,57.3007],[11.1847,57.3008],[11.1847,57.3008],[11.1847,57.3008],[11.1846,57.3008],[11.1846,57.3008],[11.1844,57.3009],[11.1835,57.3012],[11.1828,57.3011],[11.1826,57.3012],[11.1825,57.3014],[11.1825,57.3014],[11.1825,57.3016],[11.1828,57.302],[11.1832,57.3023],[11.1838,57.3027],[11.1842,57.3029],[11.1844,57.3032],[11.1845,57.3036],[11.1846,57.3039],[11.1845,57.3041],[11.1846,57.3043],[11.1845,57.3044],[11.1845,57.3044],[11.1845,57.3045],[11.1847,57.3045],[11.1848,57.3044],[11.1849,57.3044],[11.1849,57.3042],[11.1848,57.304],[11.1849,57.3039],[11.185,57.304],[11.185,57.3038],[11.1852,57.304],[11.1852,57.3041],[11.1854,57.3042],[11.1858,57.3042],[11.1862,57.3043],[11.1863,57.3046],[11.1863,57.3046],[11.1863,57.3046],[11.1863,57.3048],[11.1861,57.3051],[11.1861,57.3051],[11.1862,57.3054],[11.1864,57.3055],[11.1865,57.3058],[11.1866,57.3059],[11.1866,57.306],[11.1866,57.306],[11.1866,57.3061],[11.1864,57.3064],[11.1864,57.3065],[11.1864,57.3067],[11.1865,57.3069],[11.1868,57.307],[11.1871,57.3072],[11.187,57.3073],[11.1874,57.3074],[11.1874,57.3075],[11.1875,57.3075],[11.1867,57.3082],[11.1865,57.3083],[11.1867,57.3084],[11.1866,57.3084],[11.1867,57.3084],[11.1866,57.3086],[11.1868,57.3087],[11.1871,57.3088],[11.1871,57.3088],[11.1871,57.3088],[11.1869,57.3093],[11.187,57.3093],[11.1886,57.3095],[11.1889,57.3097],[11.189,57.3097],[11.1891,57.3098],[11.1892,57.3098],[11.189,57.3098],[11.1888,57.3098],[11.1883,57.3097],[11.1883,57.3098],[11.1881,57.31],[11.1879,57.31],[11.1877,57.31],[11.1877,57.3098],[11.1876,57.3097],[11.1873,57.3096],[11.1872,57.3096],[11.1871,57.3096],[11.1869,57.3096],[11.1863,57.3094],[11.1856,57.3091],[11.1851,57.3088],[11.1848,57.3086],[11.1848,57.3086],[11.1846,57.3084],[11.1841,57.3082],[11.1831,57.3077],[11.1829,57.3074],[11.1823,57.3072],[11.1817,57.3066],[11.1808,57.3063],[11.1803,57.306],[11.1802,57.3059],[11.1802,57.3057],[11.1804,57.3057],[11.1804,57.3058],[11.1806,57.3057],[11.1806,57.3057],[11.1803,57.3054],[11.1799,57.3053],[11.1789,57.3052],[11.1788,57.3052],[11.1788,57.3052],[11.1787,57.3051],[11.1785,57.3049],[11.1783,57.3049],[11.1782,57.3048],[11.1784,57.3048],[11.1785,57.3047],[11.1786,57.3047],[11.1789,57.3048],[11.179,57.3048],[11.179,57.3047],[11.1789,57.3046],[11.1788,57.3044],[11.1787,57.3044],[11.1785,57.3045],[11.1783,57.3045],[11.1783,57.3044],[11.1784,57.3044],[11.1783,57.3043],[11.1785,57.3043],[11.1783,57.3042],[11.1781,57.3041],[11.178,57.3041],[11.1784,57.304],[11.1784,57.304],[11.178,57.3039],[11.1775,57.304],[11.1775,57.3041],[11.1771,57.3041],[11.1766,57.3038],[11.1766,57.3037],[11.1768,57.3035],[11.1772,57.3034],[11.1772,57.3034],[11.1772,57.3033],[11.1769,57.3032],[11.1762,57.3032],[11.176,57.3032],[11.1753,57.303],[11.1751,57.3031],[11.175,57.3031],[11.1748,57.3031],[11.1744,57.303],[11.1734,57.3025],[11.1727,57.3024],[11.1725,57.3024],[11.1723,57.3023],[11.1723,57.3023],[11.1722,57.3023],[11.1719,57.3021],[11.1718,57.3019],[11.1718,57.3016],[11.1713,57.3014],[11.1712,57.3014],[11.1712,57.3013],[11.1711,57.3013],[11.1708,57.3006],[11.1707,57.3003],[11.1708,57.3002],[11.1709,57.3002],[11.171,57.3002],[11.1711,57.3002],[11.1713,57.3003],[11.1713,57.3003],[11.172,57.3005],[11.1722,57.3005],[11.173,57.3006],[11.1735,57.3006],[11.1738,57.3006],[11.1741,57.3003],[11.1741,57.3001],[11.1741,57.3],[11.1737,57.2997],[11.1731,57.2994],[11.1721,57.2989],[11.1714,57.2986],[11.1691,57.2982],[11.1677,57.2982],[11.1674,57.2982],[11.1664,57.2983],[11.1664,57.2982],[11.1664,57.2982],[11.1666,57.2981],[11.1667,57.2981],[11.1667,57.2981],[11.1666,57.2981],[11.1664,57.2982],[11.1652,57.2984],[11.1638,57.2986],[11.1637,57.2986],[11.1635,57.2986],[11.1634,57.2987],[11.1633,57.2987],[11.1632,57.2987],[11.1632,57.2987],[11.1631,57.2987],[11.1633,57.2986],[11.1633,57.2986],[11.1632,57.2985],[11.1631,57.2986],[11.163,57.2986],[11.163,57.2986],[11.1629,57.2987],[11.1628,57.2987],[11.1627,57.2989],[11.1626,57.2989],[11.1626,57.2989],[11.1623,57.299],[11.1622,57.299],[11.1621,57.299],[11.162,57.299],[11.162,57.299],[11.162,57.299],[11.1619,57.2988],[11.1619,57.2988],[11.1619,57.2988],[11.1612,57.2989],[11.1611,57.2989],[11.1611,57.2989],[11.1609,57.299],[11.1611,57.2988],[11.1613,57.2987],[11.1614,57.2987],[11.1615,57.2986],[11.1611,57.2986],[11.161,57.2986],[11.161,57.2987],[11.1608,57.2988],[11.1606,57.2988],[11.1604,57.299],[11.1604,57.299],[11.1603,57.299],[11.1599,57.299],[11.1593,57.2993],[11.1591,57.2993],[11.1589,57.2993],[11.1586,57.2995],[11.1577,57.3001],[11.1575,57.3],[11.1575,57.2999],[11.1576,57.2999],[11.1577,57.2998],[11.1576,57.2998],[11.1574,57.2999],[11.1573,57.3],[11.1572,57.3],[11.1572,57.3],[11.1572,57.3],[11.1568,57.3001],[11.1565,57.3001],[11.1564,57.3001],[11.1559,57.3001],[11.1557,57.3002],[11.1555,57.3003],[11.1552,57.3003],[11.1549,57.3003],[11.1544,57.3004],[11.1543,57.3004],[11.1542,57.3005],[11.1538,57.3004],[11.1536,57.3006],[11.1534,57.3005],[11.1534,57.3004],[11.1536,57.3003],[11.1535,57.3002],[11.1534,57.3002],[11.1532,57.3003],[11.153,57.3004],[11.1529,57.3005],[11.1526,57.3006],[11.1525,57.3006],[11.1523,57.3008],[11.1522,57.3008],[11.1521,57.3007],[11.1522,57.3006],[11.1522,57.3006],[11.1524,57.3005],[11.1524,57.3005],[11.1518,57.3008],[11.1515,57.301],[11.1502,57.301],[11.149,57.3008],[11.1486,57.3009],[11.1485,57.301],[11.1484,57.301],[11.1483,57.301],[11.1482,57.301],[11.1477,57.3011],[11.1476,57.301],[11.1469,57.301],[11.1472,57.3009],[11.1469,57.3008],[11.1465,57.3009],[11.1465,57.3009],[11.1464,57.3009],[11.1464,57.3008],[11.1464,57.3006],[11.1463,57.3006],[11.1461,57.3006],[11.146,57.3008],[11.1459,57.3007],[11.1458,57.3008],[11.1455,57.3008],[11.1454,57.3006],[11.1446,57.3006],[11.1445,57.3005],[11.1446,57.3004],[11.1446,57.3004],[11.1446,57.3003],[11.1443,57.3004],[11.1434,57.3004],[11.1432,57.3004],[11.1428,57.3002],[11.1427,57.3002],[11.1427,57.3003],[11.1426,57.3003],[11.1425,57.3003],[11.1422,57.3004],[11.142,57.3002],[11.1411,57.3001],[11.141,57.3001],[11.1411,57.3001],[11.141,57.3],[11.1414,57.3],[11.1414,57.3],[11.1414,57.2997],[11.1412,57.2998],[11.141,57.2999],[11.1407,57.2999],[11.1406,57.2999],[11.1404,57.3],[11.1396,57.3],[11.1389,57.2998],[11.1385,57.2998],[11.1368,57.2993],[11.1366,57.2991],[11.1366,57.2991],[11.1366,57.299],[11.1366,57.2989],[11.1362,57.2988],[11.1358,57.2989],[11.1357,57.2989],[11.1355,57.299],[11.1355,57.299],[11.1355,57.2991],[11.1354,57.2991],[11.1354,57.2991],[11.1347,57.2992],[11.1346,57.2992],[11.1342,57.2992],[11.1339,57.2991],[11.1332,57.2991],[11.1324,57.2988],[11.1323,57.2987],[11.1323,57.2987],[11.1323,57.2987],[11.1323,57.2986],[11.1319,57.2987],[11.1313,57.2987],[11.1308,57.2985],[11.13,57.2986],[11.1295,57.2984],[11.129,57.2984],[11.1284,57.2984],[11.128,57.2982],[11.1273,57.2982],[11.1273,57.2981],[11.1276,57.2981],[11.1275,57.298],[11.1272,57.298],[11.1269,57.2981],[11.1267,57.298],[11.1259,57.298],[11.1259,57.2979],[11.1256,57.298],[11.1255,57.298],[11.1251,57.298],[11.1251,57.2979],[11.1249,57.298],[11.1248,57.2979],[11.1248,57.2981],[11.1249,57.2984],[11.1245,57.2981],[11.1243,57.298],[11.1241,57.2978],[11.1238,57.2976],[11.1237,57.2978],[11.1238,57.298],[11.1238,57.2982],[11.1229,57.2985],[11.1227,57.2985],[11.1224,57.2986],[11.1221,57.2986],[11.1221,57.2985],[11.1221,57.2984],[11.1222,57.2984],[11.1225,57.2983],[11.1212,57.2985],[11.1206,57.2985],[11.1204,57.2985],[11.1205,57.2983],[11.1205,57.2983],[11.1205,57.2982],[11.1203,57.2985],[11.1201,57.2984],[11.1195,57.2983],[11.1191,57.2985],[11.1191,57.2983],[11.1189,57.2984],[11.1188,57.2985],[11.1186,57.2983],[11.1183,57.2982],[11.1179,57.2985],[11.1177,57.2985],[11.1176,57.2984],[11.1172,57.2984],[11.1171,57.2985],[11.1168,57.2985],[11.1168,57.2985],[11.1166,57.2985],[11.1165,57.2985],[11.1163,57.2984],[11.1164,57.2984],[11.1163,57.2982],[11.1162,57.2982],[11.1162,57.2982],[11.1162,57.2982],[11.1159,57.2984],[11.1157,57.2984],[11.1155,57.2982],[11.1152,57.2983],[11.1152,57.2982],[11.1154,57.2982],[11.1154,57.2981],[11.1148,57.2983],[11.1147,57.2982],[11.1145,57.2983],[11.1145,57.2981],[11.1139,57.2982],[11.114,57.2981],[11.1138,57.298],[11.1139,57.298],[11.1138,57.298],[11.1138,57.2979],[11.114,57.2978],[11.114,57.2978],[11.114,57.2977],[11.1135,57.2976],[11.1135,57.2975],[11.1138,57.2976],[11.1138,57.2975],[11.1135,57.2975],[11.1133,57.2974],[11.1133,57.2975],[11.1131,57.2975],[11.1129,57.2974],[11.1128,57.2974],[11.1128,57.2975],[11.1127,57.2977],[11.1124,57.2977],[11.1124,57.2977],[11.1123,57.2977],[11.1121,57.2979],[11.112,57.2979],[11.112,57.2979],[11.1119,57.298],[11.1119,57.2979],[11.1117,57.2979],[11.1117,57.2979],[11.1115,57.2979],[11.1115,57.2979],[11.1115,57.2978],[11.1115,57.2978],[11.1118,57.2977],[11.1122,57.2976],[11.1122,57.2975],[11.1121,57.2974],[11.112,57.2974],[11.1114,57.2976],[11.1106,57.2979],[11.1105,57.2979],[11.1104,57.2978],[11.1107,57.2977],[11.1107,57.2976],[11.1106,57.2976],[11.1101,57.2978],[11.1098,57.2978],[11.1099,57.2977],[11.1101,57.2976],[11.11,57.2976],[11.1097,57.2976],[11.1094,57.2977],[11.1095,57.2974],[11.1094,57.2974],[11.1093,57.2975],[11.1093,57.2975],[11.1092,57.2976],[11.1091,57.2976],[11.109,57.2974],[11.1086,57.2972],[11.1086,57.2972],[11.1085,57.2973],[11.1084,57.2973],[11.1084,57.2973],[11.1083,57.2974],[11.1081,57.2973],[11.108,57.2972],[11.1076,57.2972],[11.1073,57.2972],[11.1074,57.2971],[11.1076,57.2971],[11.1074,57.297],[11.1069,57.297],[11.1064,57.2972],[11.1063,57.297],[11.1065,57.297],[11.1064,57.2969],[11.1061,57.2969],[11.1061,57.2968],[11.1056,57.2969],[11.1057,57.2968],[11.1056,57.2967],[11.105,57.2968],[11.105,57.2967],[11.1053,57.2967],[11.1052,57.2965],[11.1049,57.2965],[11.1045,57.2967],[11.1043,57.2966],[11.1044,57.2964],[11.1043,57.2964],[11.1037,57.2966],[11.1036,57.2965],[11.1035,57.2965],[11.1035,57.2963],[11.1036,57.2963],[11.1035,57.2962],[11.1033,57.2963],[11.1032,57.2963],[11.1031,57.2963],[11.1028,57.2962],[11.1026,57.2963],[11.1028,57.296],[11.1027,57.296],[11.1023,57.296],[11.1022,57.2961],[11.1019,57.2961],[11.102,57.2958],[11.1017,57.2959],[11.1016,57.2958],[11.1016,57.2957],[11.1018,57.2956],[11.1019,57.2955],[11.1013,57.2955],[11.1013,57.2951],[11.1009,57.295],[11.1005,57.295],[11.1001,57.2951],[11.0998,57.2952],[11.0998,57.2953],[11.0994,57.2954],[11.0995,57.2953],[11.0994,57.2953],[11.0995,57.2952],[11.0995,57.295],[11.0995,57.2949],[11.0988,57.2951],[11.0987,57.2951],[11.0988,57.2951],[11.0987,57.295],[11.0979,57.295],[11.0976,57.295],[11.0977,57.2949],[11.0982,57.2949],[11.0979,57.2948],[11.0971,57.2949],[11.097,57.2948],[11.0974,57.2948],[11.0974,57.2947],[11.0972,57.2947],[11.0966,57.2948],[11.0966,57.2948],[11.0968,57.2947],[11.0967,57.2947],[11.0959,57.2948],[11.0961,57.2947],[11.096,57.2946],[11.0961,57.2946],[11.0961,57.2946],[11.0956,57.2946],[11.0956,57.2945],[11.0957,57.2945],[11.0956,57.2945],[11.0959,57.2945],[11.0957,57.2944],[11.0957,57.2944],[11.0959,57.2944],[11.096,57.2943],[11.0957,57.2942],[11.0953,57.2942],[11.0951,57.2942],[11.095,57.2942],[11.0948,57.2942],[11.0948,57.2942],[11.0947,57.2941],[11.0947,57.294],[11.0949,57.2939],[11.095,57.2939],[11.094,57.2938],[11.0939,57.2938],[11.0938,57.2938],[11.0934,57.2939],[11.0935,57.2938],[11.0933,57.2937],[11.0937,57.2937],[11.0938,57.2937],[11.0937,57.2936],[11.0936,57.2936],[11.0931,57.2936],[11.093,57.2937],[11.093,57.2938],[11.0929,57.2938],[11.0927,57.2936],[11.0929,57.2936],[11.0929,57.2935],[11.0932,57.2934],[11.0933,57.2933],[11.0928,57.2932],[11.0919,57.2933],[11.0919,57.2932],[11.0918,57.2932],[11.0919,57.2932],[11.0919,57.2932],[11.092,57.2932],[11.0923,57.2931],[11.0923,57.2931],[11.0914,57.2931],[11.0914,57.293],[11.0917,57.293],[11.0915,57.293],[11.0916,57.2929],[11.0915,57.2929],[11.0914,57.2928],[11.0913,57.2928],[11.0912,57.2925],[11.0911,57.2925],[11.0902,57.2924],[11.0902,57.2924],[11.0902,57.2924],[11.0902,57.2924],[11.0902,57.2923],[11.0901,57.2923],[11.0901,57.2922],[11.0899,57.2921],[11.089,57.292],[11.0888,57.292],[11.0886,57.2918],[11.0877,57.2917],[11.0877,57.2916],[11.0877,57.2916],[11.0877,57.2915],[11.0878,57.2914],[11.0878,57.2914],[11.0875,57.2913],[11.087,57.2913],[11.0869,57.2912],[11.0862,57.2911],[11.0861,57.2909],[11.0866,57.2909],[11.0868,57.2909],[11.0864,57.2908],[11.0861,57.2906],[11.0859,57.2905],[11.0857,57.2905],[11.0857,57.2905],[11.0859,57.2904],[11.086,57.2904],[11.0862,57.2903],[11.0863,57.2903],[11.0863,57.2903],[11.0861,57.2902],[11.0858,57.2902],[11.0853,57.2901],[11.0851,57.2901],[11.0851,57.29],[11.085,57.29],[11.0851,57.29],[11.0851,57.29],[11.0852,57.29],[11.0855,57.29],[11.0857,57.29],[11.086,57.29],[11.086,57.29],[11.0861,57.2899],[11.0862,57.2898],[11.0862,57.2895],[11.0859,57.2892],[11.0857,57.2892],[11.0853,57.289],[11.0848,57.2891],[11.0845,57.289],[11.0844,57.289],[11.0844,57.289],[11.0841,57.289],[11.0842,57.289],[11.0842,57.2891],[11.0839,57.289],[11.0838,57.289],[11.0836,57.2891],[11.084,57.2891],[11.0837,57.2892],[11.0837,57.2892],[11.0837,57.2892],[11.0836,57.2892],[11.0835,57.2892],[11.0833,57.2892],[11.0832,57.2892],[11.0831,57.2892],[11.0829,57.2893],[11.0828,57.2892],[11.0826,57.2892],[11.082,57.2894],[11.0821,57.2893],[11.0822,57.2892],[11.0823,57.2892],[11.0825,57.289],[11.0826,57.289],[11.0825,57.289],[11.0822,57.289],[11.0821,57.2889],[11.0816,57.289],[11.0816,57.2889],[11.0815,57.289],[11.0813,57.289],[11.0812,57.2891],[11.0812,57.2892],[11.0811,57.2892],[11.0809,57.289],[11.0809,57.2892],[11.0808,57.2892],[11.0807,57.2893],[11.0806,57.2893],[11.0805,57.2893],[11.0804,57.2893],[11.0802,57.2893],[11.0802,57.2893],[11.0802,57.2893],[11.0806,57.2891],[11.0806,57.289],[11.0805,57.289],[11.0802,57.289],[11.0801,57.2889],[11.0798,57.289],[11.0797,57.2889],[11.0795,57.2889],[11.0794,57.2889],[11.0795,57.2888],[11.0795,57.2887],[11.0794,57.2887],[11.0794,57.2886],[11.0792,57.2886],[11.0791,57.2885],[11.0789,57.2885],[11.0789,57.2885],[11.0791,57.2884],[11.079,57.2883],[11.0787,57.2883],[11.0786,57.2883],[11.0786,57.2883],[11.0785,57.2883],[11.0786,57.2881],[11.0785,57.288],[11.0782,57.2879],[11.078,57.288],[11.078,57.2879],[11.078,57.2879],[11.0777,57.2879],[11.0777,57.2878],[11.0777,57.2877],[11.0783,57.2876],[11.0784,57.2875],[11.0785,57.2875],[11.0785,57.2875],[11.0789,57.2874],[11.0789,57.2874],[11.0788,57.2873],[11.0789,57.2872],[11.0795,57.2872],[11.0797,57.2872],[11.0793,57.2867],[11.079,57.2866],[11.0791,57.2865],[11.0791,57.2865],[11.0791,57.2865],[11.0791,57.2865],[11.0791,57.2864],[11.0789,57.2863],[11.0787,57.2862],[11.0784,57.2862],[11.078,57.2863],[11.0781,57.2862],[11.0781,57.2862],[11.0781,57.2861],[11.0784,57.2861],[11.0785,57.286],[11.0785,57.2859],[11.0782,57.2859],[11.0781,57.2861],[11.078,57.286],[11.078,57.2859],[11.0783,57.2857],[11.0779,57.2856],[11.0777,57.2856],[11.0777,57.2856],[11.0777,57.2855],[11.0774,57.2854],[11.0766,57.2857],[11.0765,57.2854],[11.0764,57.2854],[11.0761,57.2853],[11.0758,57.2853],[11.0758,57.2852],[11.0757,57.2852],[11.0757,57.2852],[11.0757,57.285],[11.075,57.285],[11.075,57.2848],[11.0749,57.2848],[11.0748,57.2848],[11.0747,57.2848],[11.0746,57.2848],[11.0745,57.2848],[11.0745,57.2849],[11.0744,57.2849],[11.0744,57.2849],[11.0742,57.2849],[11.0743,57.2847],[11.0742,57.2846],[11.0742,57.2846],[11.074,57.2847],[11.074,57.2847],[11.074,57.2847],[11.0738,57.2847],[11.0737,57.2846],[11.0738,57.2844],[11.0737,57.2844],[11.0735,57.2843],[11.0732,57.2843],[11.0732,57.2843],[11.0731,57.2843],[11.0732,57.2841],[11.0733,57.2841],[11.0733,57.2841],[11.0737,57.284],[11.0738,57.2839],[11.0738,57.2839],[11.0737,57.2838],[11.0738,57.2837],[11.0733,57.2835],[11.073,57.2835],[11.0729,57.2835],[11.0728,57.2834],[11.0729,57.2834],[11.0729,57.2834],[11.0732,57.2834],[11.0733,57.2834],[11.0733,57.2834],[11.073,57.2833],[11.0731,57.2832],[11.073,57.283],[11.0729,57.2828],[11.0732,57.2828],[11.0735,57.2829],[11.0735,57.2829],[11.0737,57.2826],[11.0736,57.2824],[11.0736,57.2824],[11.0736,57.2821],[11.0737,57.282],[11.0737,57.282],[11.0738,57.282],[11.0738,57.282],[11.0742,57.2822],[11.0742,57.2822],[11.0742,57.2819],[11.0744,57.2817],[11.0746,57.2812],[11.0748,57.2812],[11.0749,57.281],[11.0751,57.281],[11.0751,57.281],[11.0751,57.281],[11.0753,57.2808],[11.0757,57.2807],[11.0758,57.2805],[11.076,57.2803],[11.0764,57.2802],[11.0765,57.2803],[11.0766,57.2803],[11.0768,57.2803],[11.0774,57.2802],[11.0775,57.2802],[11.0776,57.2801],[11.0777,57.2802],[11.0777,57.2802],[11.0779,57.2802],[11.0784,57.2802],[11.0784,57.2802],[11.0787,57.28],[11.0788,57.2799],[11.0788,57.2799],[11.0789,57.2798],[11.079,57.2798],[11.0791,57.2798],[11.0793,57.2798],[11.0795,57.2797],[11.0798,57.2796],[11.0799,57.2795],[11.0801,57.2795],[11.0801,57.2795],[11.0801,57.2795],[11.0803,57.2794],[11.0807,57.2796],[11.081,57.2796],[11.0815,57.2795],[11.0815,57.2795],[11.0816,57.2795],[11.0819,57.2794],[11.0823,57.2795],[11.0826,57.2796],[11.0829,57.2797],[11.0831,57.2798],[11.0833,57.2799],[11.0837,57.2798],[11.0839,57.2798],[11.0845,57.2799],[11.0848,57.28],[11.0851,57.28],[11.0856,57.2799],[11.0858,57.2798],[11.0863,57.2797],[11.0864,57.2797],[11.0871,57.2795],[11.0871,57.2794],[11.0873,57.2793],[11.0875,57.2792],[11.0875,57.2792],[11.0875,57.2792],[11.0875,57.2792],[11.0878,57.279],[11.0881,57.279],[11.0882,57.2791],[11.0882,57.2791],[11.0882,57.2791],[11.0883,57.2792],[11.0882,57.2792],[11.0882,57.2792],[11.0875,57.2793],[11.0874,57.2794],[11.0874,57.2794],[11.0874,57.2794],[11.0879,57.2795],[11.0883,57.2795],[11.0885,57.2795],[11.0886,57.2795],[11.0891,57.2794],[11.0895,57.2792],[11.0899,57.2791],[11.0901,57.279],[11.0905,57.279],[11.0906,57.279],[11.0908,57.279],[11.091,57.2791],[11.0917,57.2793],[11.0921,57.2793],[11.0927,57.2792],[11.093,57.2791],[11.093,57.2791],[11.0932,57.2791],[11.0933,57.2791],[11.0934,57.279],[11.0935,57.2788],[11.0937,57.2788],[11.0938,57.2787],[11.0938,57.2787],[11.094,57.2786],[11.0937,57.2783],[11.0936,57.2783],[11.0934,57.2783],[11.0933,57.2783],[11.0933,57.2781],[11.0934,57.2781],[11.0935,57.2781],[11.0932,57.2777],[11.093,57.2776],[11.093,57.2775],[11.0928,57.2765],[11.0927,57.2762],[11.0927,57.2761],[11.0927,57.2759],[11.0926,57.2758],[11.0926,57.2758],[11.0925,57.2756],[11.0925,57.2755],[11.0927,57.2755],[11.0927,57.2755],[11.0927,57.2755],[11.0928,57.2755],[11.0928,57.2755],[11.093,57.2756],[11.0932,57.2757],[11.0933,57.2756],[11.0933,57.2756],[11.0932,57.2752],[11.0931,57.275],[11.0932,57.2747],[11.0931,57.2747],[11.0931,57.2745],[11.0931,57.2744],[11.0931,57.2741],[11.0933,57.2741],[11.0935,57.2739],[11.0934,57.2738],[11.0932,57.2738],[11.0929,57.2738],[11.0924,57.2738],[11.0923,57.2738],[11.0922,57.2738],[11.0919,57.2735],[11.0919,57.2735],[11.0921,57.2734],[11.0922,57.2734],[11.0923,57.2735],[11.0924,57.2735],[11.0924,57.2735],[11.0927,57.2735],[11.093,57.2734],[11.0931,57.2734],[11.0931,57.2734],[11.0932,57.2734],[11.0932,57.2731],[11.0931,57.273],[11.093,57.2729],[11.093,57.2729],[11.0927,57.2728],[11.0927,57.2726],[11.0927,57.2726],[11.0927,57.2726],[11.093,57.2726],[11.0931,57.2727],[11.0932,57.2727],[11.0931,57.2725],[11.0929,57.2724],[11.0929,57.2724],[11.0924,57.2725],[11.0922,57.2725],[11.0921,57.2723],[11.0921,57.2723],[11.092,57.2722],[11.092,57.2722],[11.0919,57.2721],[11.0917,57.2723],[11.0914,57.2723],[11.0912,57.272],[11.0909,57.272],[11.0909,57.272],[11.0908,57.272],[11.0908,57.2719],[11.0908,57.2719],[11.0906,57.2719],[11.0903,57.2719],[11.0902,57.2719],[11.0902,57.2719],[11.0902,57.2719],[11.0901,57.2718],[11.0902,57.2717],[11.0902,57.2717],[11.0903,57.2717],[11.0903,57.2717],[11.0906,57.2717],[11.0906,57.2717],[11.0909,57.2717],[11.0913,57.2716],[11.0914,57.2716],[11.0914,57.2714],[11.0917,57.2712],[11.0918,57.271],[11.0918,57.2709],[11.0918,57.2709],[11.0919,57.2708],[11.092,57.2707],[11.0919,57.2706],[11.0921,57.2706],[11.0926,57.2706],[11.0927,57.2707],[11.0927,57.2708],[11.0928,57.2709],[11.0929,57.271],[11.093,57.271],[11.093,57.2711],[11.0931,57.2711],[11.0931,57.2712],[11.0932,57.2712],[11.0938,57.2715],[11.0939,57.2715],[11.094,57.2716],[11.094,57.2716],[11.094,57.2713],[11.094,57.2713],[11.0939,57.271],[11.0938,57.2709],[11.0937,57.2709],[11.0937,57.2709],[11.0936,57.2709],[11.0937,57.2707],[11.0938,57.2707],[11.0938,57.2706],[11.0938,57.2705],[11.0938,57.2705],[11.0938,57.2704],[11.0938,57.2703],[11.0937,57.2699],[11.0934,57.2696],[11.0929,57.2692],[11.0924,57.2691],[11.0918,57.2689],[11.0914,57.2687],[11.0913,57.2685],[11.0912,57.2685],[11.0911,57.2684],[11.0909,57.2686],[11.0911,57.2687],[11.0911,57.2688],[11.0918,57.2691],[11.0918,57.2691],[11.0915,57.2692],[11.0915,57.2693],[11.091,57.2693],[11.0905,57.2695],[11.0907,57.2696],[11.0912,57.2697],[11.0912,57.2698],[11.0907,57.2697],[11.0905,57.2698],[11.0903,57.2696],[11.0903,57.2695],[11.09,57.2694],[11.0898,57.2695],[11.09,57.2695],[11.0899,57.2697],[11.0894,57.2697],[11.0893,57.2696],[11.0893,57.2695],[11.0891,57.2694],[11.0892,57.2692],[11.0896,57.2692],[11.0897,57.2693],[11.0902,57.2693],[11.0902,57.2691],[11.0899,57.2691],[11.0897,57.269],[11.0898,57.2689],[11.0896,57.2687],[11.09,57.2686],[11.0896,57.2686],[11.0896,57.2685],[11.09,57.2684],[11.0902,57.2682],[11.0903,57.2682],[11.0903,57.2683],[11.0904,57.2685],[11.0907,57.2685],[11.0909,57.2684],[11.0908,57.2683],[11.0906,57.268],[11.0906,57.2677],[11.0904,57.2675],[11.0904,57.2675],[11.0904,57.2675],[11.0904,57.2675],[11.0904,57.2674],[11.0907,57.2671],[11.0907,57.2667],[11.0906,57.2663],[11.0904,57.266],[11.0904,57.266],[11.0903,57.2658],[11.0904,57.2657],[11.0904,57.2656],[11.0902,57.2654],[11.0903,57.2653],[11.0906,57.2654],[11.0907,57.2653],[11.0906,57.265],[11.0906,57.265],[11.0903,57.2649],[11.0901,57.2648],[11.0902,57.2646],[11.0901,57.2643],[11.0897,57.264],[11.0897,57.2639],[11.0898,57.2639],[11.0902,57.2642],[11.0903,57.2642],[11.0903,57.2642],[11.0903,57.2644],[11.0905,57.2645],[11.0905,57.2643],[11.0904,57.2641],[11.0906,57.2639],[11.0906,57.2637],[11.09,57.2634],[11.0895,57.2627],[11.0889,57.2623],[11.0889,57.2621],[11.0886,57.2619],[11.0886,57.2618],[11.0888,57.2616],[11.0887,57.2616],[11.0885,57.2613],[11.0883,57.2612],[11.0883,57.2611],[11.0885,57.2611],[11.0889,57.2612],[11.0891,57.2611],[11.0894,57.261],[11.0892,57.2614],[11.0894,57.2618],[11.0895,57.2619],[11.0896,57.2619],[11.0897,57.262],[11.0901,57.2623],[11.0903,57.2625],[11.0906,57.2627],[11.0909,57.2629],[11.0912,57.2631],[11.0914,57.2631],[11.0917,57.2631],[11.0919,57.263],[11.092,57.2628],[11.0919,57.2626],[11.0919,57.2626],[11.0911,57.2626],[11.0908,57.2625],[11.0905,57.2624],[11.0902,57.2621],[11.0899,57.262],[11.0897,57.2618],[11.0897,57.2615],[11.0899,57.2613],[11.09,57.2609],[11.0901,57.2606],[11.0905,57.2604],[11.0905,57.2603],[11.0906,57.26],[11.0905,57.26],[11.0902,57.2602],[11.0903,57.26],[11.0905,57.2598],[11.0905,57.2593],[11.0904,57.2592],[11.0896,57.2586],[11.0891,57.2582],[11.089,57.2582],[11.0887,57.2579],[11.0886,57.2579],[11.0875,57.2568],[11.0871,57.2565],[11.0864,57.2558],[11.0862,57.2558],[11.0861,57.2556],[11.0862,57.2556],[11.0855,57.2549],[11.0856,57.2549],[11.0862,57.2552],[11.0864,57.2554],[11.0867,57.2556],[11.087,57.2557],[11.0867,57.2555],[11.0865,57.2552],[11.0861,57.2548],[11.0858,57.2544],[11.0845,57.2534],[11.0835,57.2528],[11.083,57.2526],[11.0829,57.2527],[11.0835,57.2532],[11.0835,57.2533],[11.0833,57.2533],[11.0824,57.2525],[11.0823,57.2521],[11.0821,57.2517],[11.082,57.2517],[11.0813,57.2512],[11.0806,57.2506],[11.0799,57.25],[11.0797,57.2497],[11.0797,57.2496],[11.0796,57.2495],[11.0792,57.2491],[11.0787,57.2485],[11.0783,57.2483],[11.0782,57.2482],[11.0782,57.2482],[11.078,57.2481],[11.0772,57.2473],[11.0763,57.2466],[11.0749,57.2456],[11.0744,57.2454],[11.0742,57.2452],[11.073,57.2445],[11.0725,57.2443],[11.0716,57.2437],[11.0702,57.2431],[11.0685,57.2425],[11.0668,57.2421],[11.0625,57.2417],[11.0617,57.2417],[11.0604,57.2417],[11.0587,57.2417],[11.0553,57.2418],[11.0537,57.242],[11.0527,57.242],[11.0526,57.242],[11.0524,57.242],[11.0507,57.2421],[11.0498,57.2421],[11.0488,57.2422],[11.0482,57.2423],[11.048,57.2424],[11.0475,57.2424],[11.0473,57.2424],[11.0473,57.2423],[11.0474,57.2423],[11.0473,57.2422],[11.0479,57.2421],[11.0486,57.242],[11.0496,57.2419],[11.0509,57.2419],[11.0522,57.2419],[11.0524,57.2419],[11.0503,57.2417],[11.0478,57.2417],[11.0452,57.2418],[11.0437,57.2418],[11.0427,57.2419],[11.0424,57.2419],[11.0425,57.2418],[11.0403,57.2419],[11.0376,57.2419],[11.0355,57.2419],[11.0337,57.2421],[11.0329,57.2423],[11.0319,57.2425],[11.0295,57.2428],[11.0289,57.243],[11.0274,57.2434],[11.0272,57.2434],[11.0272,57.2434],[11.0274,57.2433],[11.0273,57.2433],[11.0269,57.2434],[11.0256,57.2437],[11.0236,57.2441],[11.0227,57.2441],[11.0226,57.2441],[11.0226,57.2441],[11.0224,57.2441],[11.0215,57.2442],[11.0215,57.2442],[11.021,57.2444],[11.0209,57.2445],[11.0208,57.2445],[11.0207,57.2444],[11.0207,57.2444],[11.0205,57.2445],[11.0186,57.2451],[11.0168,57.2456],[11.0162,57.2456],[11.0161,57.2456],[11.016,57.2456],[11.016,57.2457],[11.0158,57.2457],[11.0144,57.2458],[11.0136,57.2458],[11.0136,57.2458],[11.0136,57.2458],[11.0135,57.2456],[11.0143,57.2456],[11.0145,57.2455],[11.0145,57.2455],[11.0145,57.2455],[11.0148,57.2454],[11.0154,57.2453],[11.0161,57.2453],[11.0167,57.2454],[11.0173,57.2452],[11.0186,57.2448],[11.0193,57.2446],[11.0199,57.2443],[11.02,57.2443],[11.02,57.2442],[11.0197,57.244],[11.0198,57.244],[11.0199,57.2438],[11.0202,57.2437],[11.0204,57.2437],[11.0205,57.2437],[11.0206,57.2437],[11.0207,57.2437],[11.021,57.2435],[11.021,57.2434],[11.021,57.2434],[11.0204,57.2432],[11.0191,57.243],[11.0187,57.243],[11.0172,57.2428],[11.0156,57.2427],[11.0154,57.2428],[11.0151,57.2428],[11.014,57.2426],[11.0135,57.2426],[11.0129,57.2426],[11.0129,57.2425],[11.0128,57.2425],[11.0127,57.2423],[11.0126,57.242],[11.0119,57.2421],[11.0113,57.2423],[11.0106,57.2424],[11.01,57.2424],[11.009,57.2423],[11.008,57.242],[11.0075,57.2419],[11.0065,57.2413],[11.0061,57.2409],[11.0053,57.2407],[11.0043,57.2404],[11.004,57.2402],[11.0037,57.2401],[11.0036,57.2401],[11.0034,57.2399],[11.0031,57.2399],[11.0025,57.2396],[11.0023,57.2395],[11.0023,57.2394],[11.002,57.2393],[11.0017,57.2391],[11.0015,57.239],[11.002,57.2387],[11.0022,57.2388],[11.0026,57.2388],[11.0026,57.2386],[11.0029,57.2384],[11.0034,57.2382],[11.0041,57.2379],[11.0045,57.2378],[11.0049,57.2378],[11.0049,57.238],[11.0044,57.2383],[11.0041,57.2385],[11.0039,57.2386],[11.0041,57.2386],[11.0042,57.2387],[11.0043,57.2389],[11.0045,57.2389],[11.0047,57.2387],[11.0048,57.2385],[11.0052,57.2383],[11.0056,57.2381],[11.0059,57.238],[11.0061,57.2381],[11.0066,57.238],[11.0072,57.2378],[11.0078,57.2375],[11.0081,57.2376],[11.0085,57.2376],[11.009,57.2375],[11.0094,57.2373],[11.0097,57.2373],[11.0106,57.2372],[11.011,57.2372],[11.0116,57.2371],[11.0128,57.2368],[11.0135,57.2367],[11.014,57.2366],[11.0141,57.2367],[11.0139,57.2371],[11.0145,57.2368],[11.0152,57.2367],[11.0153,57.2365],[11.0174,57.2357],[11.0186,57.2355],[11.0201,57.2352],[11.0225,57.2347],[11.0224,57.2351],[11.0232,57.2349],[11.0233,57.2346],[11.0264,57.234],[11.028,57.2339],[11.0307,57.2337],[11.0331,57.2335],[11.0349,57.2333],[11.0359,57.2333],[11.0375,57.2331],[11.0389,57.2328],[11.0395,57.2326],[11.0397,57.2326],[11.0406,57.2324],[11.0415,57.2323],[11.0422,57.2322],[11.0431,57.232],[11.0437,57.2319],[11.0445,57.2318],[11.0448,57.2317],[11.0455,57.2317],[11.0464,57.2317],[11.0473,57.2317],[11.0482,57.2319],[11.0495,57.2321],[11.0494,57.2324],[11.0507,57.2326],[11.0513,57.2327],[11.0521,57.233],[11.0529,57.2333],[11.0541,57.2336],[11.0554,57.2339],[11.0562,57.2342],[11.0565,57.2344],[11.0573,57.2346],[11.0583,57.235],[11.0598,57.2355],[11.0611,57.2359],[11.0611,57.236],[11.0617,57.2363],[11.0626,57.2368],[11.0636,57.2374],[11.0639,57.2377],[11.0642,57.238],[11.0642,57.238],[11.0643,57.2383],[11.0644,57.2385],[11.0645,57.2389],[11.0643,57.2392],[11.0638,57.2392],[11.0633,57.2392],[11.0629,57.2393],[11.0626,57.2393],[11.0622,57.2394],[11.0612,57.2395],[11.0604,57.2396],[11.0576,57.2399],[11.0561,57.2399],[11.0545,57.24],[11.0529,57.2401],[11.0503,57.2402],[11.0481,57.2403],[11.0482,57.2401],[11.0469,57.2402],[11.045,57.2403],[11.0432,57.2405],[11.0425,57.2405],[11.0382,57.2405],[11.0368,57.2405],[11.0362,57.2406],[11.0362,57.2409],[11.0346,57.2409],[11.0326,57.2409],[11.0317,57.241],[11.0306,57.2411],[11.0295,57.2413],[11.0281,57.2416],[11.0276,57.2417],[11.0272,57.2418],[11.0268,57.2419],[11.0264,57.242],[11.026,57.242],[11.0255,57.242],[11.0233,57.2425],[11.0221,57.2426]],[[11.0741,57.2871],[11.0739,57.2871],[11.0737,57.287],[11.0738,57.287],[11.0739,57.287],[11.0741,57.287],[11.0741,57.2871]],[[10.8854,57.2505],[10.8853,57.2505],[10.8853,57.2504],[10.8853,57.2504],[10.8855,57.2504],[10.8854,57.2505]],[[10.8872,57.2501],[10.8874,57.25],[10.8877,57.25],[10.8882,57.25],[10.8885,57.2499],[10.8886,57.2499],[10.8886,57.25],[10.8885,57.2501],[10.8885,57.2501],[10.8883,57.2503],[10.8881,57.2503],[10.8878,57.2503],[10.8873,57.2504],[10.8869,57.2504],[10.886,57.2504],[10.8858,57.2504],[10.8857,57.2503],[10.8859,57.2502],[10.8861,57.2502],[10.8865,57.2501],[10.8868,57.2501],[10.8871,57.2501],[10.8872,57.2501]],[[10.9351,57.2478],[10.935,57.2478],[10.935,57.2477],[10.9352,57.2477],[10.9352,57.2478],[10.9351,57.2478]],[[10.9751,57.2448],[10.9751,57.2448],[10.975,57.2448],[10.975,57.2448],[10.9751,57.2447],[10.9752,57.2448],[10.9751,57.2448]],[[10.9742,57.2442],[10.9741,57.2442],[10.9741,57.2441],[10.9742,57.2441],[10.9742,57.2441],[10.9742,57.2442]],[[10.9759,57.2462],[10.9758,57.2462],[10.9757,57.2462],[10.9757,57.2461],[10.9757,57.2461],[10.9758,57.2461],[10.9759,57.2461],[10.9759,57.2462]],[[10.9982,57.2424],[10.9981,57.2424],[10.9982,57.2423],[10.9983,57.2423],[10.9983,57.2424],[10.9983,57.2424],[10.9982,57.2424]],[[10.9896,57.2417],[10.9895,57.2416],[10.9888,57.2415],[10.9882,57.2412],[10.9882,57.241],[10.9883,57.2407],[10.9886,57.2407],[10.9889,57.2407],[10.9896,57.2408],[10.9894,57.2404],[10.9888,57.2405],[10.9883,57.2405],[10.9881,57.2403],[10.9881,57.2398],[10.9884,57.2395],[10.9887,57.2394],[10.9889,57.2394],[10.989,57.2395],[10.9894,57.2394],[10.9894,57.2393],[10.9895,57.2392],[10.9896,57.2391],[10.99,57.2391],[10.9903,57.2391],[10.991,57.2392],[10.9916,57.2393],[10.9924,57.2395],[10.9928,57.2396],[10.9932,57.2398],[10.9934,57.2399],[10.9933,57.2403],[10.993,57.2407],[10.9926,57.241],[10.992,57.2412],[10.9914,57.2412],[10.9911,57.2411],[10.9909,57.2408],[10.9906,57.2408],[10.9909,57.2418],[10.9902,57.2422],[10.9899,57.2417],[10.9896,57.2417]],[[11.0208,57.2448],[11.0207,57.2449],[11.0205,57.2449],[11.0204,57.2448],[11.0205,57.2447],[11.0206,57.2447],[11.0208,57.2447],[11.0208,57.2448]],[[10.9741,57.2406],[10.9736,57.2404],[10.9732,57.24],[10.9732,57.24],[10.9736,57.2394],[10.9741,57.2391],[10.975,57.2388],[10.9754,57.2388],[10.9762,57.2389],[10.9764,57.239],[10.9765,57.2392],[10.9765,57.2394],[10.9762,57.2396],[10.9761,57.2399],[10.9753,57.2405],[10.975,57.2405],[10.9748,57.2405],[10.9746,57.2405],[10.9741,57.2406]],[[10.9713,57.2378],[10.971,57.2379],[10.9704,57.2379],[10.9699,57.2377],[10.9693,57.2376],[10.9691,57.2378],[10.9678,57.2381],[10.9673,57.2381],[10.9672,57.2384],[10.9671,57.2386],[10.9669,57.2387],[10.9664,57.2387],[10.9651,57.2388],[10.9643,57.2389],[10.9636,57.2393],[10.9631,57.2396],[10.9626,57.2398],[10.9617,57.2399],[10.961,57.24],[10.9599,57.2402],[10.9595,57.2403],[10.9588,57.2404],[10.958,57.2403],[10.957,57.2403],[10.9562,57.2405],[10.9554,57.2404],[10.9548,57.2404],[10.9542,57.2404],[10.9536,57.2404],[10.9531,57.2403],[10.9527,57.2402],[10.9524,57.2399],[10.9523,57.2395],[10.9524,57.239],[10.9527,57.2387],[10.9531,57.2384],[10.9535,57.2383],[10.954,57.2382],[10.9541,57.238],[10.9542,57.2377],[10.9543,57.2375],[10.9549,57.2371],[10.9553,57.237],[10.9558,57.2367],[10.956,57.2364],[10.9564,57.236],[10.9568,57.2357],[10.957,57.2355],[10.9578,57.2354],[10.9587,57.2353],[10.9596,57.2352],[10.9602,57.2353],[10.9609,57.2354],[10.9613,57.2355],[10.9616,57.2356],[10.9621,57.2356],[10.9628,57.2354],[10.9636,57.2353],[10.9642,57.2352],[10.9648,57.2351],[10.9653,57.2351],[10.9659,57.235],[10.9664,57.2349],[10.9676,57.2349],[10.9682,57.2349],[10.9691,57.2351],[10.9693,57.2354],[10.9697,57.2355],[10.9708,57.2356],[10.9714,57.2358],[10.9721,57.236],[10.9725,57.2361],[10.9731,57.2363],[10.9734,57.2366],[10.9735,57.2369],[10.9734,57.2371],[10.9731,57.237],[10.9727,57.2371],[10.9723,57.2369],[10.9718,57.2369],[10.9718,57.2368],[10.9718,57.2365],[10.9715,57.2364],[10.9712,57.2364],[10.9712,57.2367],[10.9712,57.2369],[10.9711,57.237],[10.9713,57.2373],[10.9714,57.2375],[10.9713,57.2376],[10.9713,57.2378]],[[11.013,57.2223],[11.013,57.2225],[11.0131,57.2227],[11.013,57.2228],[11.0128,57.2228],[11.0127,57.2229],[11.0122,57.2227],[11.0115,57.2226],[11.011,57.2223],[11.0107,57.222],[11.0108,57.2217],[11.011,57.2216],[11.0113,57.2216],[11.0118,57.2216],[11.012,57.2217],[11.0122,57.2219],[11.0126,57.2221],[11.0127,57.2222],[11.013,57.2223]],[[11.0081,57.2213],[11.0084,57.2214],[11.0089,57.2217],[11.009,57.2219],[11.0089,57.2221],[11.0087,57.2222],[11.0071,57.2222],[11.0064,57.2219],[11.0058,57.2219],[11.0055,57.222],[11.0053,57.2219],[11.0053,57.2219],[11.0053,57.2217],[11.0052,57.2216],[11.005,57.2216],[11.0047,57.2218],[11.0046,57.2218],[11.0046,57.2216],[11.0046,57.2215],[11.0044,57.2214],[11.0043,57.2212],[11.004,57.2212],[11.0034,57.2212],[11.003,57.2214],[11.0025,57.2215],[11.0021,57.2215],[11.0016,57.2213],[11.0015,57.2211],[11.0017,57.2207],[11.002,57.2206],[11.0024,57.2206],[11.0029,57.2206],[11.0034,57.2205],[11.0039,57.2205],[11.0041,57.2206],[11.0042,57.2207],[11.0047,57.2207],[11.0054,57.2206],[11.0059,57.2205],[11.0063,57.2206],[11.0066,57.2208],[11.0068,57.221],[11.0071,57.2211],[11.0076,57.2212],[11.0081,57.2213]],[[10.9853,57.221],[10.9848,57.2211],[10.9842,57.2211],[10.9838,57.2212],[10.9828,57.2211],[10.9824,57.2208],[10.982,57.2206],[10.9816,57.2201],[10.982,57.2199],[10.9827,57.2198],[10.9834,57.2198],[10.9841,57.2198],[10.9845,57.2201],[10.985,57.2205],[10.9853,57.2207],[10.9853,57.221]],[[10.9799,57.2253],[10.9796,57.2256],[10.979,57.226],[10.9786,57.2263],[10.978,57.2263],[10.9775,57.2265],[10.9773,57.2266],[10.9767,57.2266],[10.976,57.2266],[10.9753,57.2265],[10.9747,57.2263],[10.9744,57.226],[10.9742,57.2257],[10.9739,57.2254],[10.9738,57.2249],[10.9738,57.2246],[10.9737,57.2244],[10.9738,57.2243],[10.974,57.2242],[10.9743,57.2243],[10.9748,57.2243],[10.975,57.2243],[10.9753,57.2244],[10.9753,57.2247],[10.9755,57.2249],[10.9759,57.2252],[10.9762,57.2253],[10.9766,57.2254],[10.9767,57.2254],[10.9769,57.2254],[10.9775,57.2252],[10.978,57.225],[10.9783,57.2249],[10.9786,57.2248],[10.9791,57.2247],[10.9795,57.2247],[10.9798,57.2249],[10.9798,57.2251],[10.9799,57.2253]],[[11.1896,57.3059],[11.1897,57.3059],[11.1896,57.306],[11.1895,57.306],[11.1894,57.306],[11.1894,57.3059],[11.1895,57.3059],[11.1896,57.3059]],[[11.1552,57.3016],[11.1551,57.3016],[11.1551,57.3016],[11.1551,57.3015],[11.1553,57.3015],[11.1553,57.3015],[11.1553,57.3016],[11.1552,57.3016]],[[11.0823,57.2769],[11.0821,57.2769],[11.0819,57.2769],[11.0818,57.2769],[11.0817,57.2768],[11.0817,57.2767],[11.0819,57.2767],[11.0821,57.2766],[11.0822,57.2766],[11.0825,57.2766],[11.0829,57.2766],[11.083,57.2766],[11.083,57.2767],[11.0828,57.2767],[11.0826,57.2768],[11.0824,57.2768],[11.0823,57.2768],[11.0823,57.2769]],[[11.0817,57.2728],[11.0815,57.2728],[11.0815,57.2727],[11.0817,57.2727],[11.0818,57.2727],[11.0819,57.2728],[11.0818,57.2728],[11.0817,57.2728]],[[11.086,57.2701],[11.0859,57.2701],[11.0858,57.27],[11.0859,57.27],[11.0861,57.27],[11.086,57.27],[11.086,57.2701]]]},"properties":{"sourceId":"ais_par3.115622","a_type":4210,"hectares":1041.645}},{"type":"Feature","id":"ais_par3.115610","geometry":{"type":"Polygon","coordinates":[[[11.0072,57.2107],[11.0076,57.2107],[11.0085,57.2109],[11.0085,57.2109],[11.0102,57.2111],[11.0121,57.2113],[11.0137,57.2115],[11.0144,57.2116],[11.0154,57.2117],[11.0161,57.2119],[11.0166,57.212],[11.0167,57.212],[11.0176,57.2121],[11.0189,57.2123],[11.0212,57.2129],[11.0225,57.2132],[11.0247,57.2138],[11.0249,57.2138],[11.026,57.2138],[11.0267,57.2137],[11.0277,57.2137],[11.0293,57.2137],[11.0313,57.2135],[11.0316,57.2135],[11.0322,57.2132],[11.0334,57.2127],[11.0345,57.2122],[11.0356,57.2115],[11.036,57.2113],[11.0371,57.2104],[11.0375,57.2101],[11.0377,57.2099],[11.0378,57.2091],[11.038,57.2085],[11.038,57.2083],[11.0382,57.2078],[11.038,57.207],[11.0379,57.2066],[11.0373,57.2061],[11.0359,57.2051],[11.0337,57.2044],[11.0312,57.2037],[11.0312,57.2036],[11.0308,57.2035],[11.0304,57.2034],[11.0292,57.2031],[11.0284,57.203],[11.0275,57.203],[11.0266,57.2028],[11.0248,57.2027],[11.0205,57.2023],[11.0161,57.2019],[11.0133,57.2015],[11.0119,57.2016],[11.0113,57.2016],[11.0112,57.2016],[11.011,57.2016],[11.0083,57.2017],[11.0071,57.2016],[11.0066,57.2015],[11.0065,57.2016],[11.006,57.2017],[11.0057,57.202],[11.0054,57.202],[11.0052,57.2019],[11.0045,57.2019],[11.0042,57.2021],[11.0036,57.2023],[11.0032,57.2022],[11.0025,57.2023],[11.0024,57.2023],[11.0024,57.2022],[11.0023,57.2022],[11.0023,57.202],[11.0021,57.2019],[11.0021,57.2019],[11.0022,57.2019],[11.0023,57.2019],[11.0026,57.2017],[11.0027,57.2017],[11.0027,57.2016],[11.0015,57.2014],[11,57.2008],[10.9994,57.2006],[10.9977,57.1997],[10.9972,57.1995],[10.9967,57.1996],[10.9958,57.1997],[10.9954,57.2],[10.9953,57.2002],[10.9954,57.2004],[10.9953,57.2004],[10.9953,57.2005],[10.9953,57.2005],[10.9953,57.2005],[10.9952,57.2006],[10.9949,57.2007],[10.9945,57.2006],[10.9942,57.2007],[10.9936,57.2012],[10.9937,57.2016],[10.9938,57.2017],[10.9938,57.2019],[10.9936,57.2019],[10.9935,57.2019],[10.9935,57.202],[10.9934,57.2021],[10.9934,57.2022],[10.9934,57.2024],[10.9935,57.2025],[10.9935,57.2028],[10.9941,57.2048],[10.9941,57.2052],[10.9945,57.206],[10.9949,57.2069],[10.9951,57.2071],[10.9953,57.2076],[10.9956,57.2077],[10.9957,57.2077],[10.9957,57.2077],[10.9959,57.2077],[10.9972,57.2084],[10.9976,57.2085],[10.9988,57.209],[10.9994,57.209],[11.0014,57.2093],[11.0011,57.2087],[11.0013,57.2081],[11.001,57.2078],[11.0007,57.2076],[11.0004,57.2071],[10.9998,57.2065],[10.9998,57.2064],[10.9999,57.2064],[11.0003,57.2067],[11.0009,57.2076],[11.0014,57.208],[11.0015,57.2082],[11.0013,57.2086],[11.0014,57.2088],[11.0016,57.2094],[11.0018,57.2095],[11.0022,57.2096],[11.0023,57.2098],[11.0026,57.2099],[11.0028,57.2101],[11.0029,57.2101],[11.0029,57.2101],[11.0029,57.2099],[11.0031,57.2099],[11.0031,57.2099],[11.0032,57.2099],[11.0055,57.2104],[11.0058,57.2105],[11.0064,57.2106],[11.0072,57.2107]],[[11.012,57.2108],[11.0114,57.2107],[11.0106,57.2107],[11.0095,57.2104],[11.0081,57.21],[11.0087,57.2096],[11.0081,57.2094],[11.0065,57.2091],[11.0054,57.2088],[11.0051,57.2086],[11.0043,57.2084],[11.0034,57.208],[11.0032,57.2079],[11.0027,57.2073],[11.0024,57.2071],[11.0021,57.2067],[11.0021,57.2064],[11.0023,57.2063],[11.0024,57.206],[11.0026,57.2058],[11.0028,57.2057],[11.0031,57.2057],[11.0034,57.2054],[11.0036,57.2052],[11.0039,57.205],[11.004,57.2048],[11.0041,57.2048],[11.0041,57.2046],[11.0043,57.2045],[11.0043,57.2042],[11.0045,57.2037],[11.0045,57.2036],[11.0048,57.2033],[11.0049,57.2033],[11.0053,57.203],[11.0053,57.203],[11.0057,57.2027],[11.006,57.2027],[11.0064,57.2027],[11.0064,57.2025],[11.0063,57.2022],[11.0063,57.2019],[11.0064,57.2018],[11.0068,57.2017],[11.0073,57.2019],[11.0076,57.2021],[11.0079,57.2022],[11.0087,57.202],[11.0091,57.2019],[11.0099,57.2018],[11.0111,57.202],[11.012,57.2021],[11.0139,57.2023],[11.014,57.2024],[11.0145,57.2024],[11.0152,57.2023],[11.0154,57.2024],[11.0171,57.2025],[11.0184,57.2026],[11.019,57.2027],[11.0196,57.2027],[11.0205,57.2026],[11.0218,57.2029],[11.0228,57.2029],[11.0237,57.2031],[11.0244,57.2032],[11.0248,57.2032],[11.0255,57.2032],[11.0262,57.2034],[11.0271,57.2035],[11.0276,57.2035],[11.0289,57.2037],[11.0296,57.2038],[11.0311,57.2039],[11.0317,57.2043],[11.0325,57.2047],[11.0332,57.2052],[11.0341,57.2062],[11.0347,57.2074],[11.0344,57.2085],[11.0336,57.2095],[11.0322,57.2105],[11.0309,57.211],[11.0298,57.2117],[11.029,57.212],[11.0276,57.2123],[11.0266,57.2124],[11.0257,57.2125],[11.0246,57.2125],[11.0233,57.2124],[11.0224,57.2124],[11.021,57.2123],[11.02,57.2122],[11.0194,57.2119],[11.0187,57.2118],[11.0175,57.2116],[11.0166,57.2114],[11.0148,57.2112],[11.014,57.2111],[11.0131,57.211],[11.012,57.2108]]]},"properties":{"sourceId":"ais_par3.115610","a_type":4210,"hectares":101.513}},{"type":"Feature","id":"ais_par3.115611","geometry":{"type":"Polygon","coordinates":[[[11.0006,57.2102],[11.0007,57.2102],[11.0007,57.2102],[11.0011,57.2102],[11.0015,57.2104],[11.0024,57.2105],[11.0026,57.2104],[11.0026,57.2104],[11.0026,57.2104],[11.003,57.2104],[11.0031,57.2103],[11.003,57.2103],[11.0027,57.2102],[11.0026,57.2101],[11.0022,57.2099],[11.0019,57.2097],[11.0005,57.2093],[11.0004,57.2095],[11.0008,57.2097],[11.0009,57.2099],[11,57.2098],[11.0001,57.21],[11.0004,57.2102],[11.0006,57.2102]]]},"properties":{"sourceId":"ais_par3.115611","a_type":4210,"hectares":1.075}},{"type":"Feature","id":"ais_par3.115612","geometry":{"type":"Polygon","coordinates":[[[10.9989,57.2092],[10.9992,57.2095],[10.9993,57.2097],[10.9994,57.2097],[10.9995,57.2095],[10.9998,57.2094],[10.9998,57.2092],[10.9995,57.2091],[10.999,57.2091],[10.9989,57.2091],[10.9989,57.2092]]]},"properties":{"sourceId":"ais_par3.115612","a_type":4210,"hectares":0.212}},{"type":"Feature","id":"ais_par3.115613","geometry":{"type":"Polygon","coordinates":[[[11.1927,57.2931],[11.1927,57.293],[11.193,57.293],[11.1929,57.2927],[11.1929,57.2926],[11.1928,57.2924],[11.1926,57.2919],[11.1924,57.2915],[11.1923,57.2914],[11.1917,57.2906],[11.1909,57.2898],[11.1898,57.2888],[11.1895,57.2882],[11.1893,57.2878],[11.1893,57.2878],[11.1884,57.2877],[11.1879,57.2876],[11.1879,57.2876],[11.1878,57.2879],[11.1877,57.2883],[11.1878,57.2885],[11.1877,57.2888],[11.188,57.2894],[11.1881,57.2896],[11.1881,57.2898],[11.1883,57.29],[11.1886,57.29],[11.1889,57.2898],[11.189,57.29],[11.1893,57.2901],[11.1893,57.2902],[11.1891,57.2902],[11.1886,57.29],[11.1888,57.2904],[11.1886,57.2904],[11.1877,57.2897],[11.1876,57.2894],[11.1873,57.2895],[11.1874,57.2896],[11.1874,57.2898],[11.1872,57.29],[11.1872,57.2901],[11.1874,57.2901],[11.1873,57.2902],[11.1874,57.2903],[11.1879,57.2904],[11.1884,57.2907],[11.1886,57.2908],[11.1891,57.2908],[11.1897,57.291],[11.19,57.2911],[11.1901,57.2912],[11.1901,57.2912],[11.191,57.292],[11.1917,57.292],[11.1914,57.2922],[11.1917,57.2923],[11.1919,57.2926],[11.192,57.2926],[11.1924,57.2928],[11.1922,57.2929],[11.1924,57.2931],[11.1927,57.2931]]]},"properties":{"sourceId":"ais_par3.115613","a_type":4210,"hectares":7.539}},{"type":"Feature","id":"ais_par3.115614","geometry":{"type":"Polygon","coordinates":[[[11.185,57.2883],[11.1849,57.2883],[11.1847,57.2882],[11.1847,57.2881],[11.1841,57.2878],[11.1839,57.2877],[11.1837,57.2878],[11.1842,57.2881],[11.1843,57.2883],[11.1841,57.2883],[11.1842,57.2885],[11.1849,57.2885],[11.185,57.2885],[11.1851,57.2884],[11.1851,57.2884],[11.185,57.2883]]]},"properties":{"sourceId":"ais_par3.115614","a_type":4210,"hectares":0.308}},{"type":"Feature","id":"ais_par3.115615","geometry":{"type":"Polygon","coordinates":[[[11.1837,57.2874],[11.1837,57.2873],[11.1839,57.2871],[11.1841,57.2868],[11.1846,57.2865],[11.185,57.2865],[11.185,57.2865],[11.1852,57.2865],[11.1854,57.2868],[11.1854,57.2868],[11.1855,57.2868],[11.1854,57.287],[11.1853,57.2871],[11.1853,57.2872],[11.185,57.2875],[11.1851,57.2876],[11.185,57.2877],[11.185,57.288],[11.1852,57.2882],[11.1852,57.2882],[11.1856,57.2882],[11.1858,57.2881],[11.1859,57.2881],[11.1862,57.2879],[11.1869,57.2876],[11.1875,57.2871],[11.1875,57.287],[11.1866,57.2869],[11.1855,57.2865],[11.1854,57.2865],[11.1854,57.2865],[11.1853,57.2864],[11.185,57.2862],[11.1849,57.2861],[11.1845,57.2861],[11.1843,57.2861],[11.1835,57.2864],[11.1832,57.2866],[11.183,57.2868],[11.1831,57.2871],[11.1834,57.2875],[11.1834,57.2875],[11.1837,57.2874]]]},"properties":{"sourceId":"ais_par3.115615","a_type":4210,"hectares":2.506}},{"type":"Feature","id":"ais_par3.115616","geometry":{"type":"Polygon","coordinates":[[[11.1908,57.2871],[11.1914,57.2877],[11.1925,57.2884],[11.1919,57.2871],[11.1916,57.2859],[11.1912,57.2856],[11.1909,57.286],[11.1907,57.2862],[11.1907,57.2862],[11.1906,57.2864],[11.1911,57.2865],[11.1912,57.2867],[11.1908,57.2871]]]},"properties":{"sourceId":"ais_par3.115616","a_type":4210,"hectares":1.328}},{"type":"Feature","id":"ais_par3.115617","geometry":{"type":"Polygon","coordinates":[[[11.1733,57.2782],[11.174,57.2785],[11.1743,57.2787],[11.1746,57.2791],[11.1749,57.2794],[11.1754,57.2799],[11.1762,57.2802],[11.1765,57.2804],[11.1766,57.2807],[11.177,57.2809],[11.1774,57.2812],[11.1777,57.2813],[11.1777,57.2812],[11.1772,57.2808],[11.1768,57.2804],[11.1766,57.2801],[11.1759,57.2798],[11.1755,57.2795],[11.1753,57.2792],[11.1744,57.2787],[11.1733,57.2782]]]},"properties":{"sourceId":"ais_par3.115617","a_type":4210,"hectares":0.804}},{"type":"Feature","id":"ais_par3.115623","geometry":{"type":"Polygon","coordinates":[[[11.0163,57.2229],[11.0163,57.2229],[11.0171,57.223],[11.018,57.2231],[11.0187,57.2232],[11.0189,57.2232],[11.0191,57.2233],[11.0193,57.2233],[11.0195,57.2235],[11.0198,57.2235],[11.0203,57.2236],[11.0203,57.2236],[11.0206,57.2236],[11.021,57.2237],[11.0212,57.2236],[11.0215,57.2237],[11.0218,57.2237],[11.022,57.2237],[11.0221,57.2237],[11.0222,57.2237],[11.0222,57.2237],[11.0223,57.2237],[11.0224,57.2238],[11.0225,57.2238],[11.0227,57.2239],[11.0229,57.2239],[11.0229,57.2239],[11.023,57.2238],[11.0226,57.2235],[11.0223,57.2233],[11.0198,57.2222],[11.0195,57.222],[11.0183,57.2217],[11.0163,57.2212],[11.0154,57.2211],[11.0147,57.2211],[11.0142,57.2212],[11.0141,57.2214],[11.014,57.2218],[11.0142,57.2225],[11.0159,57.2229],[11.0163,57.2229]]]},"properties":{"sourceId":"ais_par3.115623","a_type":4210,"hectares":7.503}},{"type":"Feature","id":"ais_par3.115624","geometry":{"type":"Polygon","coordinates":[[[10.9996,57.2194],[10.9994,57.2191],[10.9993,57.219],[10.9992,57.219],[10.9991,57.2189],[10.9989,57.2187],[10.9982,57.2185],[10.9979,57.2186],[10.9976,57.2189],[10.9975,57.2191],[10.9976,57.2193],[10.9977,57.2193],[10.9977,57.2191],[10.9981,57.2191],[10.9983,57.2191],[10.9982,57.2193],[10.998,57.2193],[10.998,57.2194],[10.9981,57.2196],[10.9983,57.2196],[10.9996,57.2194]]]},"properties":{"sourceId":"ais_par3.115624","a_type":4210,"hectares":0.902}},{"type":"Feature","id":"ais_par3.115625","geometry":{"type":"Polygon","coordinates":[[[10.9938,57.2171],[10.9933,57.217],[10.992,57.2171],[10.9909,57.2172],[10.9903,57.2174],[10.9903,57.2176],[10.9904,57.2177],[10.991,57.2177],[10.9911,57.2179],[10.9919,57.2182],[10.9924,57.2184],[10.9934,57.2185],[10.994,57.2184],[10.9948,57.2184],[10.9955,57.2184],[10.9961,57.2182],[10.9961,57.218],[10.9959,57.2179],[10.9951,57.2177],[10.9948,57.2176],[10.9943,57.2176],[10.9938,57.2174],[10.9934,57.2175],[10.9934,57.2173],[10.9936,57.2172],[10.9938,57.2172],[10.9939,57.2173],[10.994,57.2172],[10.9938,57.2171]]]},"properties":{"sourceId":"ais_par3.115625","a_type":4210,"hectares":3.515}},{"type":"Feature","id":"ais_par3.115626","geometry":{"type":"Polygon","coordinates":[[[10.9738,57.2191],[10.9738,57.2191],[10.9738,57.2193],[10.9741,57.2192],[10.9742,57.2189],[10.9738,57.2191],[10.9738,57.2191]]]},"properties":{"sourceId":"ais_par3.115626","a_type":4210,"hectares":0.053}},{"type":"Feature","id":"ais_par3.115627","geometry":{"type":"Polygon","coordinates":[[[10.9914,57.2185],[10.9915,57.2185],[10.9918,57.2186],[10.9918,57.2184],[10.9914,57.2182],[10.9913,57.2182],[10.9914,57.2185]]]},"properties":{"sourceId":"ais_par3.115627","a_type":4210,"hectares":0.077}},{"type":"Feature","id":"ais_par3.115628","geometry":{"type":"Polygon","coordinates":[[[10.952,57.2364],[10.952,57.2364],[10.952,57.2364],[10.952,57.2364],[10.9519,57.2364],[10.952,57.2363],[10.9522,57.2362],[10.9525,57.236],[10.9517,57.236],[10.9515,57.2359],[10.9515,57.2359],[10.9514,57.236],[10.9512,57.236],[10.9508,57.2358],[10.9508,57.2358],[10.9507,57.2359],[10.9503,57.2359],[10.9502,57.2359],[10.9501,57.2359],[10.9501,57.2358],[10.9501,57.2358],[10.9487,57.2359],[10.9483,57.2361],[10.948,57.2361],[10.9474,57.2363],[10.9473,57.2366],[10.947,57.237],[10.947,57.2375],[10.9471,57.2377],[10.9472,57.2378],[10.9472,57.2379],[10.9474,57.2381],[10.9474,57.2381],[10.9474,57.2381],[10.9475,57.2382],[10.9473,57.2383],[10.9473,57.2382],[10.9471,57.2381],[10.9471,57.2381],[10.9472,57.2383],[10.9474,57.2385],[10.9476,57.2387],[10.9478,57.2389],[10.948,57.2391],[10.9482,57.2392],[10.9486,57.239],[10.9488,57.2389],[10.9488,57.2388],[10.9489,57.2387],[10.9489,57.2387],[10.9489,57.2387],[10.949,57.2387],[10.949,57.2387],[10.949,57.2387],[10.9491,57.2388],[10.9491,57.239],[10.9492,57.2395],[10.9492,57.2397],[10.9492,57.2397],[10.9494,57.2397],[10.9498,57.2396],[10.9498,57.2396],[10.95,57.2394],[10.9503,57.2387],[10.9505,57.2384],[10.9518,57.2378],[10.9526,57.2371],[10.9532,57.2366],[10.952,57.2365],[10.952,57.2364]]]},"properties":{"sourceId":"ais_par3.115628","a_type":4210,"hectares":9.571}},{"type":"Feature","id":"ais_par3.115629","geometry":{"type":"Polygon","coordinates":[[[10.9528,57.2359],[10.9528,57.2359],[10.9531,57.2359],[10.9532,57.2358],[10.9531,57.2356],[10.9531,57.2355],[10.9533,57.2354],[10.9534,57.235],[10.9534,57.2349],[10.9533,57.2348],[10.9524,57.2351],[10.9522,57.2352],[10.9521,57.2358],[10.9523,57.2359],[10.9528,57.2359]]]},"properties":{"sourceId":"ais_par3.115629","a_type":4210,"hectares":0.664}},{"type":"Feature","id":"ais_par3.115630","geometry":{"type":"Polygon","coordinates":[[[10.9316,57.2455],[10.9316,57.2455],[10.9316,57.2456],[10.9316,57.2456],[10.9317,57.2455],[10.9316,57.2455]]]},"properties":{"sourceId":"ais_par3.115630","a_type":4210,"hectares":0.004}},{"type":"Feature","id":"ais_par3.115631","geometry":{"type":"Polygon","coordinates":[[[10.9215,57.247],[10.9216,57.2468],[10.9218,57.2466],[10.9218,57.2466],[10.9217,57.2465],[10.9215,57.2464],[10.9213,57.2464],[10.9214,57.2465],[10.9214,57.2465],[10.9215,57.2466],[10.9216,57.2467],[10.9215,57.2467],[10.9216,57.2467],[10.9212,57.2468],[10.9208,57.2468],[10.9204,57.2466],[10.9202,57.2465],[10.9199,57.2464],[10.9196,57.2464],[10.9191,57.2463],[10.9187,57.2464],[10.9176,57.2464],[10.9166,57.2463],[10.9157,57.2463],[10.915,57.2462],[10.9146,57.2461],[10.9147,57.2458],[10.9148,57.2458],[10.9148,57.2459],[10.9151,57.246],[10.9158,57.246],[10.9168,57.2462],[10.9169,57.2462],[10.9169,57.2461],[10.9161,57.246],[10.9154,57.2459],[10.9154,57.2458],[10.9156,57.2458],[10.9161,57.2458],[10.9166,57.2459],[10.9172,57.2459],[10.917,57.2458],[10.9165,57.2458],[10.9162,57.2457],[10.9162,57.2456],[10.9165,57.2455],[10.9164,57.2454],[10.9167,57.2451],[10.9167,57.245],[10.9155,57.2445],[10.9147,57.2444],[10.9144,57.2443],[10.9143,57.2444],[10.9142,57.2444],[10.9132,57.2443],[10.9123,57.244],[10.9122,57.244],[10.9114,57.2442],[10.9104,57.2443],[10.9102,57.2443],[10.9087,57.2448],[10.9068,57.2458],[10.9063,57.2464],[10.9063,57.2464],[10.9065,57.2468],[10.9067,57.247],[10.9069,57.2473],[10.9068,57.2473],[10.907,57.2477],[10.9074,57.248],[10.9081,57.2482],[10.9089,57.2484],[10.9095,57.2484],[10.912,57.2483],[10.9123,57.2482],[10.9125,57.2481],[10.9127,57.2478],[10.913,57.2477],[10.9161,57.2472],[10.918,57.2469],[10.9186,57.2469],[10.9188,57.247],[10.9192,57.2471],[10.9201,57.2471],[10.9212,57.2471],[10.9215,57.247]]]},"properties":{"sourceId":"ais_par3.115631","a_type":4210,"hectares":23.691}},{"type":"Feature","id":"ais_par3.115632","geometry":{"type":"Polygon","coordinates":[[[10.9065,57.2472],[10.9065,57.2473],[10.9067,57.2474],[10.9067,57.2475],[10.9066,57.2475],[10.9068,57.2476],[10.9067,57.2473],[10.9065,57.2472]]]},"properties":{"sourceId":"ais_par3.115632","a_type":4210,"hectares":0.016}},{"type":"Feature","id":"ais_par3.115633","geometry":{"type":"Polygon","coordinates":[[[11.1141,57.2979],[11.1141,57.2979],[11.1141,57.2979],[11.1141,57.2979]]]},"properties":{"sourceId":"ais_par3.115633","a_type":4210,"hectares":11342213.0}},{"type":"Feature","id":"ais_par3.115634","geometry":{"type":"Polygon","coordinates":[[[11.0842,57.2889],[11.0841,57.289],[11.0843,57.289],[11.0842,57.2889]]]},"properties":{"sourceId":"ais_par3.115634","a_type":4210,"hectares":0.008}},{"type":"Feature","id":"ais_par3.115635","geometry":{"type":"Polygon","coordinates":[[[11.0935,57.2728],[11.0935,57.2728],[11.0935,57.2729],[11.0937,57.2729],[11.0937,57.2729],[11.0936,57.2726],[11.0935,57.2726],[11.0933,57.2726],[11.0933,57.2726],[11.0932,57.2726],[11.0934,57.2727],[11.0935,57.2728]]]},"properties":{"sourceId":"ais_par3.115635","a_type":4210,"hectares":0.042}},{"type":"Feature","id":"ais_par3.115636","geometry":{"type":"Polygon","coordinates":[[[11.0939,57.2727],[11.0939,57.2727],[11.094,57.2727],[11.0945,57.2724],[11.0941,57.2723],[11.0938,57.2723],[11.0937,57.2723],[11.0937,57.2726],[11.0939,57.2727]]]},"properties":{"sourceId":"ais_par3.115636","a_type":4210,"hectares":0.168}},{"type":"Feature","id":"ais_par3.115637","geometry":{"type":"Polygon","coordinates":[[[11.0947,57.2725],[11.0947,57.2725],[11.0948,57.2724],[11.0947,57.2722],[11.0948,57.2719],[11.0948,57.2719],[11.0945,57.2714],[11.0944,57.2712],[11.0942,57.2712],[11.0942,57.2712],[11.0942,57.2713],[11.0943,57.2714],[11.0943,57.2717],[11.0943,57.2718],[11.0945,57.272],[11.0946,57.272],[11.0946,57.2722],[11.0947,57.2725]]]},"properties":{"sourceId":"ais_par3.115637","a_type":4210,"hectares":0.206}},{"type":"Feature","id":"ais_par3.116950","geometry":{"type":"Polygon","coordinates":[[[11.0342,57.3167],[11.0341,57.3166],[11.0338,57.3166],[11.0336,57.3167],[11.0337,57.3167],[11.0338,57.3168],[11.0339,57.3168],[11.034,57.3169],[11.0341,57.3169],[11.0342,57.3168],[11.0342,57.3167],[11.0342,57.3167]]]},"properties":{"sourceId":"ais_par3.116950","a_type":5120,"hectares":0.057}},{"type":"Feature","id":"ais_par3.116951","geometry":{"type":"Polygon","coordinates":[[[11.0269,57.3119],[11.027,57.3118],[11.0271,57.3116],[11.0273,57.3114],[11.0272,57.3113],[11.0269,57.3112],[11.0266,57.3111],[11.0263,57.3111],[11.026,57.311],[11.0258,57.311],[11.0255,57.3109],[11.0253,57.3108],[11.0252,57.3107],[11.0248,57.3107],[11.0247,57.3107],[11.0248,57.3109],[11.0249,57.3109],[11.0249,57.311],[11.0249,57.3111],[11.0251,57.3111],[11.0253,57.3112],[11.0254,57.3112],[11.0255,57.3113],[11.0256,57.3114],[11.0257,57.3114],[11.0258,57.3115],[11.0259,57.3115],[11.0262,57.3116],[11.0264,57.3116],[11.0266,57.3117],[11.0267,57.3119],[11.0269,57.3119]],[[11.026,57.3112],[11.0262,57.3113],[11.0262,57.3113],[11.0262,57.3114],[11.026,57.3114],[11.0259,57.3113],[11.0259,57.3113],[11.0259,57.3113],[11.026,57.3112]]]},"properties":{"sourceId":"ais_par3.116951","a_type":5120,"hectares":0.768}},{"type":"Feature","id":"ais_par3.116952","geometry":{"type":"Polygon","coordinates":[[[11.0433,57.3076],[11.0434,57.3076],[11.0434,57.3075],[11.0433,57.3075],[11.043,57.3074],[11.0428,57.3074],[11.0427,57.3075],[11.0429,57.3075],[11.0432,57.3075],[11.0432,57.3076],[11.0433,57.3076]]]},"properties":{"sourceId":"ais_par3.116952","a_type":5120,"hectares":0.045}},{"type":"Feature","id":"ais_par3.116953","geometry":{"type":"Polygon","coordinates":[[[10.9768,57.3043],[10.9771,57.3043],[10.9774,57.3042],[10.9774,57.3042],[10.9774,57.3041],[10.9769,57.304],[10.9769,57.304],[10.9767,57.304],[10.9765,57.304],[10.9765,57.304],[10.9762,57.304],[10.9759,57.304],[10.9755,57.3039],[10.9754,57.3039],[10.9753,57.304],[10.9754,57.3041],[10.9756,57.3041],[10.9758,57.3041],[10.9759,57.3041],[10.9762,57.3041],[10.9763,57.3042],[10.9765,57.3042],[10.9768,57.3041],[10.9769,57.3042],[10.9768,57.3042],[10.9768,57.3043]]]},"properties":{"sourceId":"ais_par3.116953","a_type":5120,"hectares":0.194}},{"type":"Feature","id":"ais_par3.116954","geometry":{"type":"Polygon","coordinates":[[[10.9798,57.3039],[10.9794,57.3039],[10.9791,57.304],[10.9786,57.3041],[10.9786,57.3041],[10.9783,57.3041],[10.9782,57.304],[10.978,57.304],[10.9777,57.304],[10.9774,57.3039],[10.9772,57.3039],[10.9771,57.304],[10.9773,57.304],[10.9775,57.3041],[10.9776,57.3042],[10.9777,57.3041],[10.9779,57.3042],[10.9785,57.3042],[10.9787,57.3041],[10.9791,57.3041],[10.9793,57.3041],[10.9796,57.304],[10.9799,57.304],[10.9802,57.3039],[10.9805,57.3039],[10.9814,57.3038],[10.9817,57.3038],[10.9821,57.3037],[10.9824,57.3037],[10.9827,57.3037],[10.9828,57.3037],[10.983,57.3037],[10.9831,57.3036],[10.9836,57.3036],[10.984,57.3035],[10.9846,57.3036],[10.9851,57.3036],[10.9862,57.3035],[10.9867,57.3034],[10.9874,57.3034],[10.9874,57.3033],[10.9881,57.3032],[10.9889,57.3032],[10.9887,57.3032],[10.9884,57.3031],[10.9879,57.3032],[10.9872,57.3032],[10.987,57.3032],[10.9867,57.3032],[10.986,57.3033],[10.9857,57.3034],[10.9853,57.3034],[10.9845,57.3035],[10.9844,57.3035],[10.9842,57.3034],[10.984,57.3034],[10.9835,57.3034],[10.9825,57.3035],[10.9821,57.3036],[10.9818,57.3037],[10.9812,57.3037],[10.9806,57.3038],[10.9801,57.3038],[10.9798,57.3039]]]},"properties":{"sourceId":"ais_par3.116954","a_type":5120,"hectares":0.982}},{"type":"Feature","id":"ais_par3.116955","geometry":{"type":"Polygon","coordinates":[[[10.9798,57.3035],[10.9801,57.3034],[10.9802,57.3034],[10.9807,57.3033],[10.9813,57.3032],[10.9815,57.3032],[10.9816,57.3033],[10.9818,57.3032],[10.9817,57.3032],[10.9815,57.3031],[10.9812,57.3032],[10.9808,57.3032],[10.98,57.3033],[10.9799,57.3033],[10.9796,57.3034],[10.9793,57.3034],[10.9787,57.3035],[10.9786,57.3036],[10.9788,57.3036],[10.979,57.3036],[10.9791,57.3036],[10.9795,57.3036],[10.9798,57.3035]]]},"properties":{"sourceId":"ais_par3.116955","a_type":5120,"hectares":0.219}},{"type":"Feature","id":"ais_par3.116956","geometry":{"type":"Polygon","coordinates":[[[10.9844,57.3028],[10.9843,57.3029],[10.9843,57.303],[10.9845,57.303],[10.985,57.303],[10.9852,57.3029],[10.9853,57.3027],[10.985,57.3026],[10.9847,57.3026],[10.9845,57.3025],[10.9843,57.3024],[10.9842,57.3024],[10.9836,57.3024],[10.9833,57.3024],[10.9832,57.3024],[10.9829,57.3024],[10.9827,57.3023],[10.9824,57.3025],[10.9825,57.3026],[10.9827,57.3027],[10.9828,57.3027],[10.9829,57.3027],[10.9833,57.3027],[10.9836,57.3027],[10.9837,57.3027],[10.984,57.3027],[10.9843,57.3026],[10.9844,57.3027],[10.9844,57.3028],[10.9844,57.3028]],[[10.9846,57.3029],[10.9846,57.3028],[10.9848,57.3027],[10.9849,57.3028],[10.9849,57.3029],[10.9846,57.3029],[10.9846,57.3029]],[[10.984,57.3025],[10.9841,57.3026],[10.984,57.3026],[10.9838,57.3026],[10.9837,57.3025],[10.9839,57.3025],[10.984,57.3025]],[[10.983,57.3025],[10.9832,57.3025],[10.9832,57.3025],[10.983,57.3026],[10.9828,57.3025],[10.9828,57.3025],[10.983,57.3025]]]},"properties":{"sourceId":"ais_par3.116956","a_type":5120,"hectares":0.538}},{"type":"Feature","id":"ais_par3.116957","geometry":{"type":"Polygon","coordinates":[[[10.9809,57.3025],[10.9811,57.3025],[10.9811,57.3025],[10.981,57.3025],[10.9809,57.3025],[10.9807,57.3025],[10.9801,57.3025],[10.98,57.3026],[10.9801,57.3026],[10.9802,57.3026],[10.9804,57.3026],[10.9809,57.3025]]]},"properties":{"sourceId":"ais_par3.116957","a_type":5120,"hectares":0.068}},{"type":"Feature","id":"ais_par3.116958","geometry":{"type":"Polygon","coordinates":[[[10.9677,57.302],[10.9673,57.302],[10.9671,57.302],[10.9669,57.3021],[10.967,57.3022],[10.9671,57.3023],[10.9672,57.3023],[10.9671,57.3024],[10.9673,57.3024],[10.9674,57.3025],[10.9678,57.3025],[10.9683,57.3025],[10.9683,57.3024],[10.9682,57.3023],[10.9683,57.3022],[10.9682,57.3021],[10.968,57.3021],[10.9677,57.302]]]},"properties":{"sourceId":"ais_par3.116958","a_type":5120,"hectares":0.347}},{"type":"Feature","id":"ais_par3.116959","geometry":{"type":"Polygon","coordinates":[[[10.9827,57.302],[10.9827,57.302],[10.9828,57.302],[10.9828,57.302],[10.9827,57.3019],[10.9825,57.3019],[10.9824,57.3019],[10.9822,57.3019],[10.9821,57.3019],[10.9823,57.302],[10.9825,57.302],[10.9827,57.302]]]},"properties":{"sourceId":"ais_par3.116959","a_type":5120,"hectares":0.038}},{"type":"Feature","id":"ais_par3.116960","geometry":{"type":"Polygon","coordinates":[[[10.9816,57.3019],[10.9817,57.3019],[10.9818,57.3019],[10.9817,57.3018],[10.9815,57.3019],[10.9814,57.3019],[10.9813,57.3019],[10.9809,57.3019],[10.981,57.302],[10.9813,57.302],[10.9816,57.3019]]]},"properties":{"sourceId":"ais_par3.116960","a_type":5120,"hectares":0.052}},{"type":"Feature","id":"ais_par3.116961","geometry":{"type":"Polygon","coordinates":[[[10.979,57.302],[10.9791,57.302],[10.9792,57.3019],[10.9792,57.3018],[10.979,57.3018],[10.9788,57.3018],[10.9786,57.3018],[10.9787,57.3019],[10.9788,57.3019],[10.979,57.302]]]},"properties":{"sourceId":"ais_par3.116961","a_type":5120,"hectares":0.045}},{"type":"Feature","id":"ais_par3.116962","geometry":{"type":"Polygon","coordinates":[[[10.9804,57.3018],[10.9803,57.3019],[10.9803,57.3019],[10.9805,57.3019],[10.9805,57.3019],[10.9806,57.3019],[10.9807,57.3019],[10.9808,57.3019],[10.9806,57.3018],[10.9804,57.3018]]]},"properties":{"sourceId":"ais_par3.116962","a_type":5120,"hectares":0.024}},{"type":"Feature","id":"ais_par3.116963","geometry":{"type":"Polygon","coordinates":[[[10.9647,57.302],[10.9649,57.3021],[10.9651,57.302],[10.9652,57.3021],[10.9655,57.3021],[10.9657,57.3021],[10.9657,57.3019],[10.9655,57.3019],[10.9654,57.3019],[10.9653,57.3019],[10.9651,57.3019],[10.9646,57.3019],[10.9647,57.302]]]},"properties":{"sourceId":"ais_par3.116963","a_type":5120,"hectares":0.124}},{"type":"Feature","id":"ais_par3.116964","geometry":{"type":"Polygon","coordinates":[[[10.9805,57.3017],[10.9806,57.3017],[10.9807,57.3017],[10.9809,57.3017],[10.9808,57.3016],[10.9807,57.3016],[10.9804,57.3016],[10.9803,57.3016],[10.98,57.3016],[10.98,57.3016],[10.9802,57.3017],[10.9805,57.3017]]]},"properties":{"sourceId":"ais_par3.116964","a_type":5120,"hectares":0.051}},{"type":"Feature","id":"ais_par3.116965","geometry":{"type":"Polygon","coordinates":[[[11.0589,57.2993],[11.0591,57.2992],[11.0592,57.2991],[11.0592,57.299],[11.0591,57.2989],[11.0588,57.299],[11.0587,57.2991],[11.0588,57.2992],[11.0589,57.2993]]]},"properties":{"sourceId":"ais_par3.116965","a_type":5120,"hectares":0.085}},{"type":"Feature","id":"ais_par3.116966","geometry":{"type":"Polygon","coordinates":[[[11.0741,57.2974],[11.0742,57.2973],[11.0742,57.2971],[11.074,57.2971],[11.0738,57.2971],[11.0738,57.2972],[11.0738,57.2973],[11.0741,57.2974]]]},"properties":{"sourceId":"ais_par3.116966","a_type":5120,"hectares":0.07}},{"type":"Feature","id":"ais_par3.116967","geometry":{"type":"Polygon","coordinates":[[[10.9513,57.2954],[10.9514,57.2954],[10.9514,57.2953],[10.9513,57.2952],[10.9512,57.2952],[10.9513,57.2954]]]},"properties":{"sourceId":"ais_par3.116967","a_type":5120,"hectares":0.015}},{"type":"Feature","id":"ais_par3.116968","geometry":{"type":"Polygon","coordinates":[[[10.9693,57.2931],[10.9693,57.293],[10.9693,57.2929],[10.9691,57.2929],[10.9687,57.293],[10.9688,57.2931],[10.969,57.2932],[10.9691,57.2932],[10.9693,57.2931]]]},"properties":{"sourceId":"ais_par3.116968","a_type":5120,"hectares":0.095}},{"type":"Feature","id":"ais_par3.116969","geometry":{"type":"Polygon","coordinates":[[[11.0529,57.2905],[11.053,57.2906],[11.0531,57.2906],[11.0538,57.2896],[11.0538,57.2896],[11.0529,57.2905]]]},"properties":{"sourceId":"ais_par3.116969","a_type":5120,"hectares":0.101}},{"type":"Feature","id":"ais_par3.116970","geometry":{"type":"Polygon","coordinates":[[[10.9472,57.2899],[10.9472,57.2899],[10.9468,57.29],[10.9466,57.2902],[10.9462,57.2904],[10.946,57.2905],[10.9459,57.2906],[10.9459,57.2907],[10.946,57.2907],[10.9461,57.2907],[10.9464,57.2907],[10.9467,57.2905],[10.947,57.2904],[10.9475,57.2904],[10.9476,57.2904],[10.9478,57.2903],[10.9481,57.2902],[10.9483,57.29],[10.9486,57.2899],[10.9489,57.2899],[10.9495,57.2899],[10.9496,57.2898],[10.9495,57.2897],[10.9488,57.2897],[10.9485,57.2897],[10.9481,57.2897],[10.9479,57.2898],[10.9475,57.2898],[10.9472,57.2899]]]},"properties":{"sourceId":"ais_par3.116970","a_type":5120,"hectares":0.89}},{"type":"Feature","id":"ais_par3.116971","geometry":{"type":"Polygon","coordinates":[[[10.9408,57.29],[10.9414,57.2897],[10.9417,57.2896],[10.942,57.2894],[10.9423,57.2894],[10.9426,57.2892],[10.9428,57.2891],[10.9429,57.2888],[10.9431,57.2886],[10.9435,57.2884],[10.9436,57.2883],[10.9442,57.288],[10.9443,57.2879],[10.9441,57.2878],[10.944,57.2879],[10.9437,57.288],[10.9435,57.2881],[10.9434,57.2882],[10.9432,57.2882],[10.9432,57.2883],[10.9431,57.2883],[10.9429,57.2884],[10.9428,57.2885],[10.9425,57.2885],[10.9422,57.2886],[10.9419,57.2887],[10.9417,57.2888],[10.9415,57.2889],[10.9415,57.289],[10.9414,57.2893],[10.9411,57.2896],[10.9408,57.2898],[10.9408,57.29]]]},"properties":{"sourceId":"ais_par3.116971","a_type":5120,"hectares":1.117}},{"type":"Feature","id":"ais_par3.116972","geometry":{"type":"Polygon","coordinates":[[[10.9465,57.2891],[10.9466,57.2891],[10.9471,57.289],[10.9475,57.2889],[10.9477,57.2889],[10.9475,57.2888],[10.9473,57.2888],[10.9473,57.2887],[10.9471,57.2886],[10.947,57.2885],[10.9469,57.2886],[10.9468,57.2887],[10.9465,57.2887],[10.9461,57.2887],[10.9458,57.2888],[10.9453,57.289],[10.9453,57.2892],[10.9452,57.2892],[10.945,57.2894],[10.9451,57.2895],[10.945,57.2896],[10.9449,57.2897],[10.9448,57.2898],[10.9449,57.2898],[10.9451,57.2897],[10.9453,57.2896],[10.9454,57.2896],[10.9454,57.2895],[10.9456,57.2894],[10.9457,57.2893],[10.9458,57.2892],[10.9459,57.2892],[10.9461,57.2892],[10.9462,57.2891],[10.9465,57.2891]]]},"properties":{"sourceId":"ais_par3.116972","a_type":5120,"hectares":0.745}},{"type":"Feature","id":"ais_par3.116973","geometry":{"type":"Polygon","coordinates":[[[10.9532,57.2885],[10.9532,57.2885],[10.9534,57.2884],[10.9533,57.2883],[10.9536,57.2881],[10.9538,57.2881],[10.954,57.2881],[10.9541,57.2881],[10.9542,57.288],[10.9544,57.2879],[10.9546,57.2879],[10.9547,57.2878],[10.9549,57.2877],[10.9552,57.2877],[10.9557,57.2877],[10.9561,57.2876],[10.9567,57.2873],[10.9571,57.2872],[10.9573,57.2871],[10.9574,57.2869],[10.9573,57.2868],[10.9573,57.2867],[10.9575,57.2865],[10.9574,57.2863],[10.957,57.2863],[10.9565,57.2864],[10.9562,57.2865],[10.956,57.2865],[10.9556,57.2865],[10.9554,57.2866],[10.955,57.2868],[10.9547,57.287],[10.9545,57.2873],[10.9547,57.2875],[10.9548,57.2875],[10.9546,57.2875],[10.9541,57.2875],[10.9533,57.2876],[10.9529,57.2878],[10.9527,57.2878],[10.9524,57.2878],[10.9521,57.2879],[10.9518,57.2881],[10.9516,57.2882],[10.9515,57.2883],[10.9514,57.2883],[10.9515,57.2884],[10.9513,57.2885],[10.9513,57.2885],[10.951,57.2886],[10.9508,57.2886],[10.9506,57.2886],[10.9502,57.2888],[10.9499,57.2889],[10.9496,57.2889],[10.9496,57.289],[10.9494,57.289],[10.9495,57.2891],[10.9496,57.2891],[10.9498,57.2891],[10.95,57.2892],[10.9501,57.2893],[10.9503,57.2894],[10.9504,57.2893],[10.9505,57.2893],[10.9505,57.2892],[10.9505,57.2891],[10.9507,57.289],[10.9508,57.2889],[10.9509,57.2888],[10.9511,57.2887],[10.9512,57.2888],[10.9512,57.2889],[10.9515,57.289],[10.9518,57.2889],[10.952,57.2888],[10.9521,57.2886],[10.9523,57.2885],[10.9527,57.2885],[10.953,57.2885],[10.9532,57.2885]]]},"properties":{"sourceId":"ais_par3.116973","a_type":5120,"hectares":3.687}},{"type":"Feature","id":"ais_par3.116974","geometry":{"type":"Polygon","coordinates":[[[11.0741,57.2871],[11.0741,57.287],[11.0739,57.287],[11.0738,57.287],[11.0737,57.287],[11.0739,57.2871],[11.0741,57.2871]]]},"properties":{"sourceId":"ais_par3.116974","a_type":5120,"hectares":0.024}},{"type":"Feature","id":"ais_par3.116975","geometry":{"type":"Polygon","coordinates":[[[10.9482,57.2886],[10.9483,57.2885],[10.9484,57.2884],[10.9484,57.2883],[10.9484,57.2881],[10.9485,57.288],[10.9489,57.2878],[10.9493,57.2877],[10.9497,57.2876],[10.9502,57.2874],[10.9503,57.2874],[10.9502,57.2874],[10.95,57.2874],[10.9497,57.2874],[10.9494,57.2874],[10.9489,57.2875],[10.9481,57.2877],[10.9475,57.2878],[10.9473,57.2879],[10.947,57.2882],[10.9471,57.2883],[10.9473,57.2883],[10.9475,57.2883],[10.9475,57.2884],[10.9476,57.2884],[10.9478,57.2884],[10.9479,57.2885],[10.9478,57.2885],[10.9477,57.2886],[10.9477,57.2887],[10.9479,57.2887],[10.9482,57.2886]]]},"properties":{"sourceId":"ais_par3.116975","a_type":5120,"hectares":0.918}},{"type":"Feature","id":"ais_par3.116976","geometry":{"type":"Polygon","coordinates":[[[10.9353,57.2888],[10.9355,57.2887],[10.9354,57.2887],[10.9352,57.2887],[10.9351,57.2888],[10.9352,57.2888],[10.9353,57.2888]]]},"properties":{"sourceId":"ais_par3.116976","a_type":5120,"hectares":0.012}},{"type":"Feature","id":"ais_par3.116977","geometry":{"type":"Polygon","coordinates":[[[10.9757,57.288],[10.9758,57.2881],[10.976,57.2881],[10.9761,57.2881],[10.976,57.288],[10.9759,57.2879],[10.9757,57.288]]]},"properties":{"sourceId":"ais_par3.116977","a_type":5120,"hectares":0.025}},{"type":"Feature","id":"ais_par3.116978","geometry":{"type":"Polygon","coordinates":[[[10.9578,57.2876],[10.9577,57.2877],[10.9576,57.2877],[10.9577,57.2878],[10.958,57.2877],[10.9583,57.2877],[10.9584,57.2877],[10.9584,57.2876],[10.9584,57.2875],[10.9583,57.2874],[10.9582,57.2874],[10.9579,57.2875],[10.9578,57.2876]]]},"properties":{"sourceId":"ais_par3.116978","a_type":5120,"hectares":0.099}},{"type":"Feature","id":"ais_par3.116979","geometry":{"type":"Polygon","coordinates":[[[10.9829,57.2869],[10.9827,57.287],[10.9828,57.287],[10.9829,57.287],[10.9829,57.2869]]]},"properties":{"sourceId":"ais_par3.116979","a_type":5120,"hectares":0.007}},{"type":"Feature","id":"ais_par3.116980","geometry":{"type":"Polygon","coordinates":[[[10.9626,57.2872],[10.9625,57.2871],[10.9624,57.2872],[10.9624,57.2872],[10.9626,57.2872],[10.9627,57.2872],[10.9629,57.2872],[10.9629,57.2872],[10.9628,57.2871],[10.9627,57.2871],[10.9626,57.2872]]]},"properties":{"sourceId":"ais_par3.116980","a_type":5120,"hectares":0.029}},{"type":"Feature","id":"ais_par3.116981","geometry":{"type":"Polygon","coordinates":[[[10.9513,57.2869],[10.9514,57.2869],[10.9518,57.2868],[10.9519,57.2867],[10.952,57.2866],[10.9519,57.2866],[10.9518,57.2866],[10.9516,57.2866],[10.9514,57.2867],[10.951,57.2868],[10.9507,57.287],[10.9504,57.2872],[10.9505,57.2873],[10.9505,57.2872],[10.9507,57.2872],[10.9509,57.2871],[10.9511,57.287],[10.9513,57.2869]]]},"properties":{"sourceId":"ais_par3.116981","a_type":5120,"hectares":0.201}},{"type":"Feature","id":"ais_par3.116982","geometry":{"type":"Polygon","coordinates":[[[10.9627,57.2868],[10.9628,57.2869],[10.963,57.2869],[10.9631,57.287],[10.9631,57.287],[10.9632,57.287],[10.9633,57.2869],[10.9633,57.2868],[10.9635,57.2868],[10.9636,57.2868],[10.9637,57.2868],[10.9638,57.2868],[10.9638,57.2868],[10.9637,57.2867],[10.9636,57.2867],[10.9636,57.2866],[10.9637,57.2865],[10.9642,57.2865],[10.9646,57.2865],[10.9647,57.2866],[10.9645,57.2867],[10.9643,57.2867],[10.9643,57.2868],[10.9644,57.2869],[10.9648,57.2869],[10.9649,57.2868],[10.9652,57.2867],[10.9657,57.2866],[10.9659,57.2866],[10.966,57.2865],[10.9661,57.2865],[10.9663,57.2864],[10.9663,57.2864],[10.9659,57.2864],[10.9656,57.2864],[10.9649,57.2864],[10.9645,57.2864],[10.9638,57.2864],[10.9635,57.2865],[10.9632,57.2865],[10.9629,57.2865],[10.9628,57.2865],[10.9627,57.2866],[10.9627,57.2866],[10.9627,57.2867],[10.9627,57.2868]]]},"properties":{"sourceId":"ais_par3.116982","a_type":5120,"hectares":0.638}},{"type":"Feature","id":"ais_par3.116983","geometry":{"type":"Polygon","coordinates":[[[11.0125,57.2861],[11.0124,57.2861],[11.0123,57.2861],[11.0122,57.286],[11.0121,57.286],[11.0118,57.2861],[11.0117,57.2861],[11.0119,57.2862],[11.012,57.2863],[11.0122,57.2862],[11.0123,57.2862],[11.0124,57.2862],[11.0125,57.2861]]]},"properties":{"sourceId":"ais_par3.116983","a_type":5120,"hectares":0.079}},{"type":"Feature","id":"ais_par3.116984","geometry":{"type":"Polygon","coordinates":[[[11.0351,57.285],[11.0352,57.2851],[11.0352,57.2854],[11.0354,57.2858],[11.0354,57.2856],[11.0354,57.285],[11.0351,57.285]]]},"properties":{"sourceId":"ais_par3.116984","a_type":5120,"hectares":0.096}},{"type":"Feature","id":"ais_par3.116985","geometry":{"type":"Polygon","coordinates":[[[10.9664,57.2865],[10.9664,57.2866],[10.9666,57.2866],[10.9668,57.2867],[10.9669,57.2866],[10.9668,57.2866],[10.9667,57.2865],[10.9664,57.2865]]]},"properties":{"sourceId":"ais_par3.116985","a_type":5120,"hectares":0.03}},{"type":"Feature","id":"ais_par3.116986","geometry":{"type":"Polygon","coordinates":[[[10.9589,57.2862],[10.9588,57.2862],[10.9589,57.2861],[10.9589,57.286],[10.9589,57.286],[10.9587,57.286],[10.9585,57.286],[10.9583,57.286],[10.9581,57.286],[10.9579,57.2861],[10.9577,57.2861],[10.9576,57.2862],[10.9577,57.2863],[10.9578,57.2864],[10.958,57.2863],[10.9583,57.2862],[10.9585,57.2863],[10.9588,57.2862],[10.9589,57.2862]]]},"properties":{"sourceId":"ais_par3.116986","a_type":5120,"hectares":0.204}},{"type":"Feature","id":"ais_par3.116987","geometry":{"type":"Polygon","coordinates":[[[10.9525,57.2864],[10.9525,57.2863],[10.9524,57.2863],[10.9521,57.2863],[10.9518,57.2863],[10.9517,57.2864],[10.9519,57.2864],[10.952,57.2864],[10.9521,57.2863],[10.9525,57.2864],[10.9525,57.2864]]]},"properties":{"sourceId":"ais_par3.116987","a_type":5120,"hectares":0.047}},{"type":"Feature","id":"ais_par3.116988","geometry":{"type":"Polygon","coordinates":[[[10.9598,57.2854],[10.9597,57.2854],[10.9597,57.2855],[10.9597,57.2855],[10.9598,57.2855],[10.9598,57.2856],[10.9598,57.2858],[10.9599,57.2859],[10.9601,57.2859],[10.9602,57.286],[10.9604,57.286],[10.9606,57.2861],[10.9607,57.286],[10.9608,57.286],[10.9609,57.2859],[10.961,57.2859],[10.9611,57.2859],[10.9612,57.2859],[10.961,57.2858],[10.961,57.2857],[10.9609,57.2857],[10.9606,57.2857],[10.9607,57.2856],[10.9609,57.2855],[10.9609,57.2855],[10.9608,57.2854],[10.9606,57.2854],[10.9604,57.2855],[10.9603,57.2855],[10.9601,57.2854],[10.9598,57.2854]]]},"properties":{"sourceId":"ais_par3.116988","a_type":5120,"hectares":0.421}},{"type":"Feature","id":"ais_par3.116989","geometry":{"type":"Polygon","coordinates":[[[10.9757,57.2839],[10.9754,57.2838],[10.9752,57.2839],[10.9749,57.284],[10.9745,57.284],[10.9741,57.284],[10.9736,57.284],[10.973,57.2843],[10.9729,57.2844],[10.973,57.2844],[10.9731,57.2845],[10.973,57.2845],[10.9729,57.2846],[10.9726,57.2846],[10.9724,57.2848],[10.9723,57.2849],[10.972,57.285],[10.9714,57.285],[10.9708,57.2851],[10.97,57.2851],[10.9692,57.2851],[10.9686,57.285],[10.9677,57.2851],[10.9675,57.2852],[10.9674,57.2852],[10.9671,57.2852],[10.9667,57.2853],[10.9664,57.2853],[10.9664,57.2855],[10.9665,57.2855],[10.9667,57.2855],[10.9668,57.2855],[10.9668,57.2856],[10.967,57.2857],[10.9672,57.2858],[10.9674,57.2858],[10.9676,57.2858],[10.968,57.2858],[10.9681,57.2859],[10.9683,57.2859],[10.9685,57.2859],[10.9686,57.2858],[10.9687,57.2858],[10.9688,57.2858],[10.9689,57.2858],[10.969,57.2859],[10.9692,57.2859],[10.9694,57.2859],[10.9693,57.2858],[10.9694,57.2857],[10.9696,57.2857],[10.9698,57.2856],[10.9701,57.2856],[10.9702,57.2855],[10.9705,57.2855],[10.9709,57.2855],[10.9713,57.2854],[10.9716,57.2854],[10.9718,57.2853],[10.9719,57.2853],[10.9724,57.2852],[10.9725,57.2851],[10.9725,57.285],[10.9726,57.2849],[10.9727,57.2849],[10.9728,57.2849],[10.9728,57.285],[10.9729,57.2851],[10.9731,57.2852],[10.9737,57.2852],[10.9744,57.2851],[10.9748,57.285],[10.975,57.2849],[10.9752,57.2848],[10.9755,57.2847],[10.9756,57.2847],[10.9758,57.2847],[10.976,57.2845],[10.9762,57.2843],[10.9761,57.2842],[10.9761,57.2841],[10.976,57.284],[10.9758,57.2839],[10.9757,57.2839]]]},"properties":{"sourceId":"ais_par3.116989","a_type":5120,"hectares":4.327}},{"type":"Feature","id":"ais_par3.116990","geometry":{"type":"Polygon","coordinates":[[[10.9546,57.286],[10.954,57.286],[10.9536,57.2859],[10.9535,57.2859],[10.9533,57.286],[10.9535,57.2861],[10.9536,57.2861],[10.954,57.2861],[10.9542,57.286],[10.9544,57.2861],[10.9548,57.2861],[10.9549,57.286],[10.9553,57.2858],[10.9553,57.2857],[10.9552,57.2858],[10.9549,57.2859],[10.9546,57.286]]]},"properties":{"sourceId":"ais_par3.116990","a_type":5120,"hectares":0.183}},{"type":"Feature","id":"ais_par3.116991","geometry":{"type":"Polygon","coordinates":[[[10.9619,57.2852],[10.9618,57.2853],[10.9617,57.2853],[10.9617,57.2853],[10.9618,57.2854],[10.962,57.2854],[10.9621,57.2854],[10.9623,57.2853],[10.9623,57.2852],[10.9622,57.2851],[10.9621,57.2852],[10.962,57.2852],[10.9619,57.2852]]]},"properties":{"sourceId":"ais_par3.116991","a_type":5120,"hectares":0.06}},{"type":"Feature","id":"ais_par3.116992","geometry":{"type":"Polygon","coordinates":[[[10.9532,57.2848],[10.953,57.2848],[10.9528,57.2849],[10.9522,57.285],[10.9519,57.2851],[10.9518,57.2853],[10.9514,57.2854],[10.9514,57.2854],[10.9519,57.2853],[10.9521,57.2853],[10.9524,57.2852],[10.9525,57.2851],[10.9527,57.2851],[10.953,57.285],[10.9534,57.2849],[10.9536,57.2849],[10.9537,57.2848],[10.9537,57.2847],[10.9536,57.2847],[10.9533,57.2848],[10.9532,57.2848]]]},"properties":{"sourceId":"ais_par3.116992","a_type":5120,"hectares":0.248}},{"type":"Feature","id":"ais_par3.116993","geometry":{"type":"Polygon","coordinates":[[[10.9596,57.285],[10.9598,57.2849],[10.96,57.2848],[10.9598,57.2846],[10.9596,57.2846],[10.9592,57.2846],[10.9589,57.2847],[10.959,57.2849],[10.9588,57.2848],[10.9586,57.2849],[10.9586,57.2851],[10.9589,57.2851],[10.9591,57.2851],[10.9596,57.285]]]},"properties":{"sourceId":"ais_par3.116993","a_type":5120,"hectares":0.345}},{"type":"Feature","id":"ais_par3.116994","geometry":{"type":"Polygon","coordinates":[[[10.9642,57.2847],[10.9639,57.2848],[10.9638,57.2849],[10.964,57.2849],[10.9641,57.2848],[10.9643,57.2848],[10.9647,57.2848],[10.9649,57.2847],[10.965,57.2846],[10.9648,57.2847],[10.9645,57.2847],[10.9642,57.2847]]]},"properties":{"sourceId":"ais_par3.116994","a_type":5120,"hectares":0.068}},{"type":"Feature","id":"ais_par3.116995","geometry":{"type":"Polygon","coordinates":[[[10.9606,57.2843],[10.9606,57.2844],[10.9607,57.2845],[10.961,57.2847],[10.9613,57.2847],[10.9616,57.2846],[10.9619,57.2846],[10.962,57.2846],[10.9625,57.2845],[10.9627,57.2844],[10.9626,57.2843],[10.9625,57.2842],[10.9624,57.2841],[10.9622,57.2841],[10.9619,57.2841],[10.9615,57.2841],[10.9613,57.2842],[10.9612,57.2842],[10.9613,57.2843],[10.9611,57.2844],[10.9609,57.2844],[10.9608,57.2843],[10.9607,57.2843],[10.9606,57.2843]]]},"properties":{"sourceId":"ais_par3.116995","a_type":5120,"hectares":0.561}},{"type":"Feature","id":"ais_par3.116996","geometry":{"type":"Polygon","coordinates":[[[10.9506,57.2848],[10.9507,57.2848],[10.9511,57.2846],[10.9514,57.2845],[10.9514,57.2844],[10.9512,57.2844],[10.951,57.2846],[10.9508,57.2846],[10.9506,57.2847],[10.9506,57.2848]]]},"properties":{"sourceId":"ais_par3.116996","a_type":5120,"hectares":0.048}},{"type":"Feature","id":"ais_par3.116997","geometry":{"type":"Polygon","coordinates":[[[10.9621,57.2839],[10.9622,57.2839],[10.9625,57.2839],[10.9627,57.2839],[10.963,57.2839],[10.9633,57.284],[10.9635,57.284],[10.9638,57.284],[10.9639,57.2839],[10.964,57.2838],[10.964,57.2839],[10.964,57.2841],[10.9641,57.2842],[10.9643,57.2842],[10.9644,57.2842],[10.9647,57.2842],[10.965,57.2842],[10.9651,57.2841],[10.9652,57.2841],[10.9654,57.284],[10.9655,57.284],[10.9656,57.284],[10.9657,57.284],[10.9658,57.284],[10.9658,57.2838],[10.9659,57.2837],[10.9659,57.2836],[10.9658,57.2835],[10.9656,57.2834],[10.9652,57.2834],[10.965,57.2834],[10.9648,57.2835],[10.9644,57.2836],[10.9639,57.2837],[10.9638,57.2837],[10.9637,57.2838],[10.9634,57.2838],[10.9633,57.2838],[10.9631,57.2837],[10.9629,57.2836],[10.9627,57.2835],[10.9625,57.2834],[10.9623,57.2834],[10.9623,57.2833],[10.9624,57.2833],[10.9626,57.2834],[10.9628,57.2833],[10.9629,57.2833],[10.963,57.2832],[10.9632,57.2831],[10.9635,57.283],[10.9638,57.2828],[10.9641,57.2827],[10.964,57.2826],[10.9638,57.2825],[10.9634,57.2825],[10.9632,57.2827],[10.963,57.2828],[10.9628,57.2827],[10.9627,57.2827],[10.9625,57.2828],[10.9623,57.2829],[10.9624,57.283],[10.9626,57.283],[10.9627,57.2831],[10.9626,57.2831],[10.9624,57.2831],[10.9622,57.2831],[10.9619,57.283],[10.9617,57.2829],[10.9614,57.283],[10.9612,57.283],[10.961,57.2832],[10.961,57.2834],[10.9612,57.2835],[10.9612,57.2836],[10.9611,57.2836],[10.9609,57.2836],[10.9607,57.2836],[10.9606,57.2837],[10.9604,57.2837],[10.9603,57.2837],[10.9602,57.2836],[10.9601,57.2836],[10.9599,57.2837],[10.9598,57.2838],[10.9597,57.2838],[10.9596,57.2839],[10.9597,57.284],[10.9599,57.284],[10.96,57.284],[10.9601,57.284],[10.9602,57.284],[10.9604,57.284],[10.9605,57.284],[10.961,57.284],[10.9611,57.2839],[10.9613,57.2839],[10.9617,57.2838],[10.9619,57.2838],[10.9621,57.2839]]]},"properties":{"sourceId":"ais_par3.116997","a_type":5120,"hectares":2.598}},{"type":"Feature","id":"ais_par3.116998","geometry":{"type":"Polygon","coordinates":[[[10.9519,57.2843],[10.9522,57.2843],[10.9523,57.2842],[10.9525,57.2841],[10.9527,57.284],[10.9526,57.284],[10.9524,57.284],[10.9522,57.284],[10.9519,57.2841],[10.9517,57.2842],[10.9518,57.2843],[10.9519,57.2843]]]},"properties":{"sourceId":"ais_par3.116998","a_type":5120,"hectares":0.106}},{"type":"Feature","id":"ais_par3.116999","geometry":{"type":"Polygon","coordinates":[[[10.9776,57.2834],[10.9776,57.2835],[10.9773,57.2835],[10.9773,57.2836],[10.9774,57.2836],[10.9775,57.2836],[10.9775,57.2836],[10.9776,57.2835],[10.9777,57.2835],[10.9779,57.2835],[10.9779,57.2835],[10.9778,57.2834],[10.9777,57.2834],[10.9776,57.2834]]]},"properties":{"sourceId":"ais_par3.116999","a_type":5120,"hectares":0.039}},{"type":"Feature","id":"ais_par3.117000","geometry":{"type":"Polygon","coordinates":[[[10.9455,57.2837],[10.9451,57.2838],[10.9454,57.284],[10.9454,57.2839],[10.9456,57.2839],[10.9459,57.2838],[10.9459,57.2838],[10.9458,57.2837],[10.9455,57.2837]]]},"properties":{"sourceId":"ais_par3.117000","a_type":5120,"hectares":0.078}},{"type":"Feature","id":"ais_par3.117001","geometry":{"type":"Polygon","coordinates":[[[10.9533,57.2837],[10.9534,57.2836],[10.9536,57.2835],[10.9536,57.2835],[10.9536,57.2834],[10.9534,57.2834],[10.9531,57.2835],[10.953,57.2836],[10.9532,57.2837],[10.9533,57.2837]]]},"properties":{"sourceId":"ais_par3.117001","a_type":5120,"hectares":0.062}},{"type":"Feature","id":"ais_par3.117002","geometry":{"type":"Polygon","coordinates":[[[10.9885,57.2825],[10.9884,57.2826],[10.9885,57.2827],[10.9887,57.2827],[10.9888,57.2826],[10.9888,57.2825],[10.9887,57.2825],[10.9885,57.2825]]]},"properties":{"sourceId":"ais_par3.117002","a_type":5120,"hectares":0.038}},{"type":"Feature","id":"ais_par3.117003","geometry":{"type":"Polygon","coordinates":[[[10.9863,57.2823],[10.9863,57.2824],[10.9863,57.2825],[10.9866,57.2825],[10.9871,57.2825],[10.9868,57.2824],[10.9867,57.2823],[10.9863,57.2823]]]},"properties":{"sourceId":"ais_par3.117003","a_type":5120,"hectares":0.072}},{"type":"Feature","id":"ais_par3.117004","geometry":{"type":"Polygon","coordinates":[[[10.9739,57.2826],[10.9738,57.2825],[10.9737,57.2825],[10.9736,57.2824],[10.9735,57.2823],[10.9733,57.2822],[10.973,57.282],[10.9728,57.2819],[10.9727,57.2817],[10.9725,57.2816],[10.9724,57.2815],[10.9722,57.2813],[10.9719,57.2811],[10.9716,57.281],[10.9714,57.2809],[10.9712,57.2809],[10.9711,57.2809],[10.971,57.2809],[10.9712,57.281],[10.9714,57.2812],[10.9716,57.2812],[10.9719,57.2813],[10.9723,57.2816],[10.9725,57.282],[10.9726,57.282],[10.9728,57.2822],[10.9728,57.2824],[10.9728,57.2825],[10.9727,57.2826],[10.9728,57.2827],[10.973,57.2827],[10.9732,57.2827],[10.9734,57.2827],[10.9735,57.2826],[10.9736,57.2826],[10.9739,57.2826]]]},"properties":{"sourceId":"ais_par3.117004","a_type":5120,"hectares":0.607}},{"type":"Feature","id":"ais_par3.117005","geometry":{"type":"Polygon","coordinates":[[[10.9753,57.2823],[10.9754,57.2822],[10.9755,57.2822],[10.9754,57.2821],[10.9753,57.2821],[10.9751,57.2822],[10.9749,57.2823],[10.9747,57.2823],[10.9746,57.2823],[10.9744,57.2823],[10.9746,57.2824],[10.9752,57.2824],[10.9753,57.2823]]]},"properties":{"sourceId":"ais_par3.117005","a_type":5120,"hectares":0.092}},{"type":"Feature","id":"ais_par3.117006","geometry":{"type":"Polygon","coordinates":[[[10.9755,57.2821],[10.9756,57.2822],[10.9758,57.2821],[10.9759,57.2821],[10.9762,57.282],[10.9764,57.2819],[10.9765,57.2819],[10.9765,57.2818],[10.9764,57.2818],[10.9763,57.2818],[10.976,57.2818],[10.976,57.2818],[10.9758,57.2819],[10.9757,57.282],[10.9755,57.2821]]]},"properties":{"sourceId":"ais_par3.117006","a_type":5120,"hectares":0.124}},{"type":"Feature","id":"ais_par3.117007","geometry":{"type":"Polygon","coordinates":[[[11.0261,57.281],[11.0259,57.281],[11.0258,57.2811],[11.0257,57.2811],[11.0258,57.2812],[11.0259,57.2812],[11.026,57.2812],[11.0261,57.2811],[11.0261,57.281]]]},"properties":{"sourceId":"ais_par3.117007","a_type":5120,"hectares":0.046}},{"type":"Feature","id":"ais_par3.117008","geometry":{"type":"Polygon","coordinates":[[[10.9941,57.2814],[10.9938,57.2814],[10.9938,57.2815],[10.9942,57.2815],[10.9942,57.2814],[10.9941,57.2814]]]},"properties":{"sourceId":"ais_par3.117008","a_type":5120,"hectares":0.026}},{"type":"Feature","id":"ais_par3.117009","geometry":{"type":"Polygon","coordinates":[[[10.9921,57.2813],[10.9917,57.2813],[10.9918,57.2814],[10.9921,57.2814],[10.9922,57.2814],[10.9926,57.2815],[10.9927,57.2814],[10.9926,57.2813],[10.9924,57.2813],[10.9921,57.2813]]]},"properties":{"sourceId":"ais_par3.117009","a_type":5120,"hectares":0.084}},{"type":"Feature","id":"ais_par3.117010","geometry":{"type":"Polygon","coordinates":[[[10.9672,57.2816],[10.9675,57.2816],[10.9676,57.2816],[10.9679,57.2817],[10.9681,57.2816],[10.9687,57.2816],[10.969,57.2816],[10.9692,57.2815],[10.9692,57.2814],[10.9692,57.2813],[10.9691,57.2813],[10.969,57.2813],[10.9688,57.2813],[10.9686,57.2813],[10.9686,57.2812],[10.9685,57.2811],[10.9682,57.281],[10.968,57.2809],[10.9679,57.2809],[10.9676,57.2809],[10.9674,57.2809],[10.967,57.2811],[10.9669,57.2812],[10.967,57.2814],[10.9672,57.2816]]]},"properties":{"sourceId":"ais_par3.117010","a_type":5120,"hectares":0.833}},{"type":"Feature","id":"ais_par3.117029","geometry":{"type":"Polygon","coordinates":[[[11.0293,57.2768],[11.0292,57.2768],[11.0292,57.2769],[11.0293,57.277],[11.0294,57.277],[11.0295,57.277],[11.0294,57.2768],[11.0293,57.2768]]]},"properties":{"sourceId":"ais_par3.117029","a_type":5120,"hectares":0.022}},{"type":"Feature","id":"ais_par3.117030","geometry":{"type":"Polygon","coordinates":[[[11.0754,57.2759],[11.0755,57.2759],[11.0756,57.276],[11.0756,57.2759],[11.0755,57.2758],[11.0754,57.2759]]]},"properties":{"sourceId":"ais_par3.117030","a_type":5120,"hectares":0.015}},{"type":"Feature","id":"ais_par3.117059","geometry":{"type":"Polygon","coordinates":[[[10.9799,57.2686],[10.98,57.2687],[10.98,57.2687],[10.9802,57.2686],[10.9804,57.2686],[10.9803,57.2686],[10.9802,57.2686],[10.98,57.2686],[10.9799,57.2686]]]},"properties":{"sourceId":"ais_par3.117059","a_type":5120,"hectares":0.019}},{"type":"Feature","id":"ais_par3.117060","geometry":{"type":"Polygon","coordinates":[[[11.0013,57.2678],[11.0014,57.2678],[11.0013,57.2677],[11.0013,57.2677],[11.0012,57.2677],[11.0012,57.2678],[11.0013,57.2678]]]},"properties":{"sourceId":"ais_par3.117060","a_type":5120,"hectares":0.013}},{"type":"Feature","id":"ais_par3.117061","geometry":{"type":"Polygon","coordinates":[[[11.0579,57.2662],[11.0577,57.2662],[11.0577,57.2663],[11.0578,57.2663],[11.0579,57.2662]]]},"properties":{"sourceId":"ais_par3.117061","a_type":5120,"hectares":0.015}},{"type":"Feature","id":"ais_par3.117011","geometry":{"type":"Polygon","coordinates":[[[10.9771,57.2802],[10.9769,57.2802],[10.9767,57.2803],[10.9765,57.2804],[10.9763,57.2804],[10.976,57.2805],[10.976,57.2806],[10.9763,57.2807],[10.9766,57.2807],[10.977,57.2807],[10.9772,57.2808],[10.9772,57.2808],[10.9771,57.2808],[10.9767,57.2809],[10.9765,57.281],[10.9765,57.2811],[10.9766,57.2811],[10.977,57.2813],[10.9773,57.2813],[10.9775,57.2813],[10.9776,57.2815],[10.9777,57.2815],[10.9779,57.2815],[10.978,57.2814],[10.9781,57.2814],[10.9783,57.2814],[10.9787,57.2813],[10.9793,57.2812],[10.9796,57.2811],[10.9799,57.281],[10.9801,57.281],[10.9808,57.2809],[10.9815,57.2809],[10.9816,57.2808],[10.9817,57.2808],[10.9817,57.2807],[10.9818,57.2806],[10.982,57.2805],[10.9822,57.2805],[10.9824,57.2805],[10.9827,57.2803],[10.9829,57.2803],[10.983,57.2805],[10.9831,57.2805],[10.9832,57.2805],[10.9832,57.2804],[10.9832,57.2803],[10.9833,57.2801],[10.9833,57.28],[10.9831,57.2799],[10.983,57.2799],[10.9828,57.2799],[10.9827,57.2798],[10.9827,57.2796],[10.9825,57.2795],[10.9822,57.2795],[10.9818,57.2796],[10.9815,57.2796],[10.9813,57.2795],[10.9812,57.2794],[10.9811,57.2792],[10.9809,57.2791],[10.9807,57.2792],[10.9804,57.2792],[10.98,57.2794],[10.9799,57.2795],[10.9799,57.2797],[10.9798,57.2799],[10.9797,57.28],[10.9794,57.2802],[10.9792,57.2803],[10.979,57.2804],[10.9788,57.2806],[10.9785,57.2807],[10.9783,57.2807],[10.9781,57.2807],[10.9778,57.2808],[10.9777,57.2808],[10.9777,57.2808],[10.9779,57.2807],[10.9781,57.2805],[10.9781,57.2805],[10.9779,57.2804],[10.9779,57.2805],[10.9777,57.2805],[10.9777,57.2804],[10.9776,57.2803],[10.9774,57.2802],[10.9773,57.2802],[10.9771,57.2802]]]},"properties":{"sourceId":"ais_par3.117011","a_type":5120,"hectares":4.825}},{"type":"Feature","id":"ais_par3.117012","geometry":{"type":"Polygon","coordinates":[[[11.0596,57.2799],[11.0597,57.2799],[11.0596,57.2798],[11.0594,57.2798],[11.0594,57.2799],[11.0596,57.2799]]]},"properties":{"sourceId":"ais_par3.117012","a_type":5120,"hectares":0.015}},{"type":"Feature","id":"ais_par3.117013","geometry":{"type":"Polygon","coordinates":[[[10.9693,57.2813],[10.9694,57.2813],[10.9696,57.2814],[10.9696,57.2813],[10.9696,57.2812],[10.9695,57.2811],[10.9694,57.2812],[10.9693,57.2811],[10.969,57.281],[10.9689,57.281],[10.9688,57.2811],[10.969,57.2812],[10.9691,57.2812],[10.9692,57.2812],[10.9692,57.2812],[10.9693,57.2813]]]},"properties":{"sourceId":"ais_par3.117013","a_type":5120,"hectares":0.085}},{"type":"Feature","id":"ais_par3.117014","geometry":{"type":"Polygon","coordinates":[[[10.9896,57.2806],[10.9896,57.2808],[10.9899,57.2808],[10.9902,57.2808],[10.9903,57.2807],[10.9903,57.2807],[10.9904,57.2806],[10.9902,57.2806],[10.9896,57.2806]]]},"properties":{"sourceId":"ais_par3.117014","a_type":5120,"hectares":0.099}},{"type":"Feature","id":"ais_par3.117015","geometry":{"type":"Polygon","coordinates":[[[10.9828,57.2806],[10.9829,57.2806],[10.9829,57.2805],[10.9828,57.2805],[10.9826,57.2805],[10.9826,57.2805],[10.9825,57.2806],[10.9825,57.2806],[10.9827,57.2806],[10.9828,57.2806]]]},"properties":{"sourceId":"ais_par3.117015","a_type":5120,"hectares":0.037}},{"type":"Feature","id":"ais_par3.117016","geometry":{"type":"Polygon","coordinates":[[[10.9729,57.2807],[10.9729,57.2807],[10.9729,57.2806],[10.9728,57.2806],[10.9727,57.2806],[10.9726,57.2806],[10.9725,57.2806],[10.9724,57.2805],[10.9721,57.2804],[10.9719,57.2803],[10.9719,57.2804],[10.9719,57.2805],[10.9719,57.2806],[10.9719,57.2806],[10.9721,57.2807],[10.9725,57.2807],[10.9728,57.2808],[10.9729,57.2807]]]},"properties":{"sourceId":"ais_par3.117016","a_type":5120,"hectares":0.165}},{"type":"Feature","id":"ais_par3.117017","geometry":{"type":"Polygon","coordinates":[[[10.9706,57.2799],[10.9705,57.2799],[10.9704,57.2799],[10.9703,57.28],[10.9702,57.28],[10.9699,57.28],[10.9698,57.2801],[10.9698,57.2802],[10.9702,57.2803],[10.9703,57.2804],[10.9703,57.2805],[10.9705,57.2805],[10.9706,57.2806],[10.9707,57.2806],[10.9708,57.2806],[10.9709,57.2807],[10.9711,57.2807],[10.9712,57.2806],[10.9713,57.2805],[10.9713,57.2804],[10.9713,57.2803],[10.9713,57.2801],[10.9712,57.2799],[10.9712,57.2797],[10.9711,57.2797],[10.971,57.2797],[10.9709,57.2797],[10.9708,57.2799],[10.9706,57.2799]]]},"properties":{"sourceId":"ais_par3.117017","a_type":5120,"hectares":0.6}},{"type":"Feature","id":"ais_par3.117018","geometry":{"type":"Polygon","coordinates":[[[10.9793,57.2775],[10.979,57.2775],[10.9787,57.2776],[10.9781,57.2778],[10.978,57.2779],[10.9778,57.2779],[10.9777,57.2779],[10.9777,57.2782],[10.9776,57.2783],[10.9773,57.2785],[10.9773,57.2788],[10.9773,57.2788],[10.9776,57.279],[10.9777,57.2791],[10.9777,57.2793],[10.9778,57.2794],[10.9778,57.2796],[10.9777,57.2798],[10.9778,57.28],[10.9779,57.2801],[10.9781,57.2802],[10.9784,57.2802],[10.9785,57.2801],[10.9789,57.2798],[10.9789,57.2796],[10.9788,57.2795],[10.9789,57.2794],[10.9791,57.2792],[10.9791,57.2792],[10.9792,57.2791],[10.9795,57.2791],[10.9797,57.279],[10.9798,57.2789],[10.98,57.2787],[10.9803,57.2783],[10.9804,57.2781],[10.9802,57.2781],[10.9803,57.278],[10.9806,57.2779],[10.9806,57.2778],[10.9805,57.2776],[10.9804,57.2775],[10.98,57.2775],[10.9796,57.2775],[10.9793,57.2775]]]},"properties":{"sourceId":"ais_par3.117018","a_type":5120,"hectares":3.415}},{"type":"Feature","id":"ais_par3.117019","geometry":{"type":"Polygon","coordinates":[[[10.9705,57.2798],[10.9706,57.2797],[10.9706,57.2797],[10.9706,57.2796],[10.9704,57.2796],[10.9703,57.2797],[10.9704,57.2798],[10.9705,57.2798]]]},"properties":{"sourceId":"ais_par3.117019","a_type":5120,"hectares":0.032}},{"type":"Feature","id":"ais_par3.117020","geometry":{"type":"Polygon","coordinates":[[[11.0605,57.2782],[11.0606,57.2782],[11.0605,57.2781],[11.0604,57.2781],[11.0604,57.2782],[11.0605,57.2782]]]},"properties":{"sourceId":"ais_par3.117020","a_type":5120,"hectares":0.009}},{"type":"Feature","id":"ais_par3.117021","geometry":{"type":"Polygon","coordinates":[[[10.9626,57.2788],[10.9628,57.2787],[10.9632,57.2787],[10.9635,57.2785],[10.9638,57.2784],[10.964,57.2783],[10.9641,57.2782],[10.9644,57.278],[10.9646,57.278],[10.9647,57.278],[10.9649,57.278],[10.9658,57.2774],[10.9663,57.277],[10.9663,57.2769],[10.9667,57.2767],[10.9669,57.2765],[10.9671,57.2764],[10.9671,57.2763],[10.9669,57.2763],[10.9668,57.2764],[10.9665,57.2765],[10.9662,57.2766],[10.9659,57.2767],[10.9656,57.2768],[10.9654,57.2769],[10.9649,57.277],[10.9645,57.2771],[10.9642,57.2774],[10.964,57.2774],[10.9637,57.2775],[10.9635,57.2776],[10.9634,57.2776],[10.9632,57.2775],[10.963,57.2776],[10.9631,57.2776],[10.9628,57.2778],[10.9628,57.2779],[10.9626,57.2781],[10.9623,57.2782],[10.9623,57.2783],[10.9621,57.2785],[10.9619,57.2787],[10.9617,57.2789],[10.9613,57.2794],[10.9609,57.2796],[10.9608,57.2797],[10.9608,57.2797],[10.961,57.2797],[10.9611,57.2797],[10.9616,57.2794],[10.9622,57.279],[10.9626,57.2788]]]},"properties":{"sourceId":"ais_par3.117021","a_type":5120,"hectares":2.662}},{"type":"Feature","id":"ais_par3.117022","geometry":{"type":"Polygon","coordinates":[[[10.9891,57.2792],[10.9892,57.2792],[10.9892,57.2791],[10.9892,57.2791],[10.9891,57.2791],[10.989,57.2791],[10.989,57.2792],[10.9891,57.2792]]]},"properties":{"sourceId":"ais_par3.117022","a_type":5120,"hectares":0.018}},{"type":"Feature","id":"ais_par3.117023","geometry":{"type":"Polygon","coordinates":[[[11.0777,57.2775],[11.0778,57.2775],[11.0778,57.2775],[11.0778,57.2774],[11.0777,57.2774],[11.0777,57.2775],[11.0777,57.2775],[11.0777,57.2775]]]},"properties":{"sourceId":"ais_par3.117023","a_type":5120,"hectares":0.009}},{"type":"Feature","id":"ais_par3.117024","geometry":{"type":"Polygon","coordinates":[[[10.9221,57.2797],[10.9222,57.2798],[10.9225,57.2798],[10.9225,57.2798],[10.9237,57.2797],[10.9256,57.2793],[10.9257,57.2793],[10.9258,57.2794],[10.9259,57.2794],[10.9262,57.2792],[10.926,57.279],[10.9221,57.2796],[10.9221,57.2797]]]},"properties":{"sourceId":"ais_par3.117024","a_type":5120,"hectares":0.664}},{"type":"Feature","id":"ais_par3.117025","geometry":{"type":"Polygon","coordinates":[[[11.0779,57.2773],[11.078,57.2772],[11.078,57.2771],[11.0779,57.2771],[11.0778,57.2772],[11.0778,57.2772],[11.0779,57.2773]]]},"properties":{"sourceId":"ais_par3.117025","a_type":5120,"hectares":0.015}},{"type":"Feature","id":"ais_par3.117026","geometry":{"type":"Polygon","coordinates":[[[10.9684,57.2782],[10.9683,57.2783],[10.9681,57.2784],[10.9681,57.2785],[10.9679,57.2786],[10.968,57.2787],[10.9682,57.2787],[10.9684,57.2786],[10.9686,57.2786],[10.9687,57.2786],[10.9688,57.2785],[10.969,57.2784],[10.9691,57.2784],[10.9692,57.2784],[10.9692,57.2786],[10.9694,57.2787],[10.9695,57.2786],[10.9696,57.2786],[10.9696,57.2785],[10.9698,57.2784],[10.97,57.2784],[10.9701,57.2785],[10.9703,57.2785],[10.9704,57.2784],[10.9704,57.2782],[10.9706,57.2782],[10.9707,57.2781],[10.9706,57.2781],[10.9702,57.2781],[10.97,57.2782],[10.9697,57.2782],[10.9696,57.2781],[10.9694,57.2781],[10.9692,57.2781],[10.9689,57.2782],[10.9686,57.2782],[10.9684,57.2782]]]},"properties":{"sourceId":"ais_par3.117026","a_type":5120,"hectares":0.569}},{"type":"Feature","id":"ais_par3.117027","geometry":{"type":"Polygon","coordinates":[[[10.9267,57.279],[10.9263,57.279],[10.9263,57.2792],[10.9268,57.2791],[10.9267,57.279]]]},"properties":{"sourceId":"ais_par3.117027","a_type":5120,"hectares":0.05}},{"type":"Feature","id":"ais_par3.117028","geometry":{"type":"Polygon","coordinates":[[[11.057,57.2765],[11.057,57.2765],[11.057,57.2764],[11.0568,57.2764],[11.0566,57.2764],[11.0566,57.2764],[11.0566,57.2765],[11.0567,57.2765],[11.0568,57.2766],[11.0569,57.2766],[11.057,57.2765]]]},"properties":{"sourceId":"ais_par3.117028","a_type":5120,"hectares":0.034}},{"type":"Feature","id":"ais_par3.117031","geometry":{"type":"Polygon","coordinates":[[[10.9841,57.2757],[10.9837,57.2758],[10.9836,57.2759],[10.9834,57.276],[10.9833,57.276],[10.983,57.2761],[10.9828,57.2763],[10.9828,57.2765],[10.9827,57.2766],[10.9824,57.2767],[10.9822,57.2767],[10.982,57.2767],[10.9819,57.2767],[10.9817,57.2767],[10.9817,57.2767],[10.9818,57.2768],[10.9818,57.277],[10.9817,57.2771],[10.9816,57.2773],[10.9816,57.2774],[10.9819,57.2774],[10.982,57.2774],[10.9821,57.2774],[10.9822,57.2773],[10.9823,57.2773],[10.9824,57.2773],[10.9824,57.2772],[10.9825,57.2771],[10.9827,57.2771],[10.9828,57.2771],[10.9828,57.2769],[10.9829,57.2768],[10.9832,57.2767],[10.9833,57.2767],[10.9835,57.2766],[10.9837,57.2765],[10.9841,57.2762],[10.9844,57.2761],[10.9845,57.276],[10.9845,57.2759],[10.9846,57.2758],[10.9844,57.2757],[10.9841,57.2757]]]},"properties":{"sourceId":"ais_par3.117031","a_type":5120,"hectares":1.118}},{"type":"Feature","id":"ais_par3.117032","geometry":{"type":"Polygon","coordinates":[[[10.9198,57.278],[10.9198,57.278],[10.9198,57.2779],[10.9197,57.2779],[10.9195,57.2779],[10.9196,57.278],[10.9198,57.278]]]},"properties":{"sourceId":"ais_par3.117032","a_type":5120,"hectares":0.019}},{"type":"Feature","id":"ais_par3.117033","geometry":{"type":"Polygon","coordinates":[[[10.9386,57.2772],[10.9385,57.2772],[10.9384,57.2773],[10.9385,57.2775],[10.939,57.2775],[10.9395,57.2775],[10.9394,57.2772],[10.939,57.2772],[10.9386,57.2772]]]},"properties":{"sourceId":"ais_par3.117033","a_type":5120,"hectares":0.198}},{"type":"Feature","id":"ais_par3.117034","geometry":{"type":"Polygon","coordinates":[[[11.0766,57.2747],[11.0766,57.2746],[11.0766,57.2746],[11.0765,57.2746],[11.0764,57.2747],[11.0765,57.2747],[11.0766,57.2747]]]},"properties":{"sourceId":"ais_par3.117034","a_type":5120,"hectares":0.014}},{"type":"Feature","id":"ais_par3.117035","geometry":{"type":"Polygon","coordinates":[[[10.9708,57.276],[10.9705,57.2761],[10.9705,57.2762],[10.9706,57.2762],[10.9709,57.2761],[10.9708,57.276]]]},"properties":{"sourceId":"ais_par3.117035","a_type":5120,"hectares":0.023}},{"type":"Feature","id":"ais_par3.117036","geometry":{"type":"Polygon","coordinates":[[[11.052,57.2744],[11.052,57.2744],[11.0521,57.2745],[11.0522,57.2745],[11.0525,57.2744],[11.0525,57.2744],[11.0525,57.2743],[11.0524,57.2743],[11.0521,57.2743],[11.052,57.2744]]]},"properties":{"sourceId":"ais_par3.117036","a_type":5120,"hectares":0.044}},{"type":"Feature","id":"ais_par3.117037","geometry":{"type":"Polygon","coordinates":[[[11.0083,57.2751],[11.0083,57.275],[11.0082,57.275],[11.0082,57.2749],[11.0082,57.2748],[11.0084,57.2748],[11.0084,57.2747],[11.0084,57.2746],[11.0084,57.2745],[11.0082,57.2746],[11.0081,57.2746],[11.008,57.2748],[11.008,57.275],[11.0081,57.2751],[11.0083,57.2751]]]},"properties":{"sourceId":"ais_par3.117037","a_type":5120,"hectares":0.09}},{"type":"Feature","id":"ais_par3.117038","geometry":{"type":"Polygon","coordinates":[[[11.0622,57.2741],[11.0622,57.2741],[11.0621,57.2741],[11.062,57.2741],[11.0619,57.2741],[11.062,57.2742],[11.0622,57.2741]]]},"properties":{"sourceId":"ais_par3.117038","a_type":5120,"hectares":0.015}},{"type":"Feature","id":"ais_par3.117039","geometry":{"type":"Polygon","coordinates":[[[11.0628,57.2741],[11.0629,57.274],[11.0629,57.2739],[11.0627,57.274],[11.0625,57.274],[11.0626,57.2741],[11.0628,57.2741]]]},"properties":{"sourceId":"ais_par3.117039","a_type":5120,"hectares":0.023}},{"type":"Feature","id":"ais_par3.117040","geometry":{"type":"Polygon","coordinates":[[[11.0523,57.2741],[11.0522,57.2741],[11.0521,57.2741],[11.052,57.2742],[11.0523,57.2742],[11.0524,57.2742],[11.0524,57.2741],[11.0523,57.2741]]]},"properties":{"sourceId":"ais_par3.117040","a_type":5120,"hectares":0.031}},{"type":"Feature","id":"ais_par3.117041","geometry":{"type":"Polygon","coordinates":[[[11.0518,57.2738],[11.0519,57.2739],[11.052,57.2739],[11.052,57.2739],[11.0521,57.2739],[11.0522,57.2738],[11.0522,57.2737],[11.052,57.2737],[11.0519,57.2737],[11.0518,57.2738]]]},"properties":{"sourceId":"ais_par3.117041","a_type":5120,"hectares":0.027}},{"type":"Feature","id":"ais_par3.117042","geometry":{"type":"Polygon","coordinates":[[[10.9729,57.275],[10.973,57.2751],[10.9732,57.275],[10.9734,57.275],[10.9735,57.275],[10.974,57.2749],[10.9741,57.2749],[10.9742,57.2749],[10.9742,57.2748],[10.9741,57.2747],[10.974,57.2748],[10.9738,57.2749],[10.9734,57.2749],[10.973,57.275],[10.9729,57.275]]]},"properties":{"sourceId":"ais_par3.117042","a_type":5120,"hectares":0.089}},{"type":"Feature","id":"ais_par3.117043","geometry":{"type":"Polygon","coordinates":[[[10.9902,57.2743],[10.9901,57.2742],[10.99,57.2742],[10.9899,57.2742],[10.99,57.2743],[10.9901,57.2743],[10.9902,57.2743]]]},"properties":{"sourceId":"ais_par3.117043","a_type":5120,"hectares":0.011}},{"type":"Feature","id":"ais_par3.117044","geometry":{"type":"Polygon","coordinates":[[[11.0131,57.2721],[11.0131,57.272],[11.013,57.272],[11.013,57.2721],[11.0132,57.2722],[11.0133,57.2721],[11.0131,57.2721]]]},"properties":{"sourceId":"ais_par3.117044","a_type":5120,"hectares":0.017}},{"type":"Feature","id":"ais_par3.117045","geometry":{"type":"Polygon","coordinates":[[[11.0498,57.2714],[11.0499,57.2714],[11.0499,57.2714],[11.0497,57.2712],[11.0496,57.2713],[11.0496,57.2713],[11.0498,57.2714]]]},"properties":{"sourceId":"ais_par3.117045","a_type":5120,"hectares":0.021}},{"type":"Feature","id":"ais_par3.117046","geometry":{"type":"Polygon","coordinates":[[[10.9527,57.2728],[10.9527,57.2729],[10.9529,57.273],[10.9531,57.2729],[10.9534,57.2729],[10.9535,57.2729],[10.9538,57.2729],[10.9542,57.2729],[10.9544,57.2728],[10.9546,57.2727],[10.9546,57.2727],[10.9544,57.2726],[10.954,57.2726],[10.9537,57.2727],[10.9535,57.2726],[10.9534,57.2726],[10.9531,57.2727],[10.9529,57.2727],[10.9527,57.2728]]]},"properties":{"sourceId":"ais_par3.117046","a_type":5120,"hectares":0.29}},{"type":"Feature","id":"ais_par3.117047","geometry":{"type":"Polygon","coordinates":[[[10.9274,57.273],[10.9273,57.2731],[10.9274,57.2731],[10.9275,57.2732],[10.9277,57.2731],[10.9277,57.273],[10.9275,57.273],[10.9274,57.273]]]},"properties":{"sourceId":"ais_par3.117047","a_type":5120,"hectares":0.035}},{"type":"Feature","id":"ais_par3.117048","geometry":{"type":"Polygon","coordinates":[[[10.9884,57.2716],[10.9885,57.2715],[10.9886,57.2711],[10.9887,57.271],[10.9886,57.2708],[10.9883,57.2706],[10.9881,57.2707],[10.9879,57.2708],[10.9877,57.2708],[10.9872,57.2708],[10.987,57.271],[10.9868,57.2711],[10.9865,57.2712],[10.9863,57.2714],[10.9863,57.2715],[10.9864,57.2718],[10.9865,57.272],[10.9866,57.2721],[10.9868,57.272],[10.9872,57.272],[10.9877,57.2719],[10.9882,57.2717],[10.9884,57.2716]]]},"properties":{"sourceId":"ais_par3.117048","a_type":5120,"hectares":1.461}},{"type":"Feature","id":"ais_par3.117049","geometry":{"type":"Polygon","coordinates":[[[10.9562,57.2725],[10.9563,57.2725],[10.9566,57.2725],[10.9569,57.2725],[10.9569,57.2724],[10.9567,57.2723],[10.9565,57.2723],[10.9564,57.2722],[10.9562,57.2722],[10.9559,57.2722],[10.9559,57.2723],[10.9562,57.2725]]]},"properties":{"sourceId":"ais_par3.117049","a_type":5120,"hectares":0.145}},{"type":"Feature","id":"ais_par3.117050","geometry":{"type":"Polygon","coordinates":[[[11.0313,57.2709],[11.0314,57.2709],[11.0315,57.2709],[11.0316,57.2708],[11.0316,57.2708],[11.0314,57.2708],[11.0313,57.2708],[11.0313,57.2709]]]},"properties":{"sourceId":"ais_par3.117050","a_type":5120,"hectares":0.022}},{"type":"Feature","id":"ais_par3.117051","geometry":{"type":"Polygon","coordinates":[[[11.0413,57.2704],[11.0413,57.2705],[11.0415,57.2706],[11.0416,57.2705],[11.0415,57.2705],[11.0413,57.2704]]]},"properties":{"sourceId":"ais_par3.117051","a_type":5120,"hectares":0.016}},{"type":"Feature","id":"ais_par3.117052","geometry":{"type":"Polygon","coordinates":[[[10.9303,57.2713],[10.9304,57.2713],[10.9304,57.2712],[10.9302,57.2712],[10.9301,57.2713],[10.9301,57.2713],[10.9303,57.2713]]]},"properties":{"sourceId":"ais_par3.117052","a_type":5120,"hectares":0.022}},{"type":"Feature","id":"ais_par3.117053","geometry":{"type":"Polygon","coordinates":[[[11.0746,57.269],[11.0747,57.2689],[11.0746,57.2688],[11.0745,57.2688],[11.0744,57.2688],[11.0744,57.2689],[11.0746,57.269]]]},"properties":{"sourceId":"ais_par3.117053","a_type":5120,"hectares":0.023}},{"type":"Feature","id":"ais_par3.117054","geometry":{"type":"Polygon","coordinates":[[[10.9951,57.2699],[10.9951,57.2697],[10.9949,57.2697],[10.9943,57.2696],[10.9929,57.2696],[10.9929,57.2697],[10.9929,57.2698],[10.9931,57.2698],[10.9944,57.2698],[10.9944,57.2699],[10.9945,57.27],[10.9947,57.2699],[10.9951,57.2699]]]},"properties":{"sourceId":"ais_par3.117054","a_type":5120,"hectares":0.302}},{"type":"Feature","id":"ais_par3.117055","geometry":{"type":"Polygon","coordinates":[[[11.069,57.2685],[11.0689,57.2686],[11.069,57.2686],[11.0692,57.2686],[11.0693,57.2685],[11.0692,57.2685],[11.0691,57.2685],[11.069,57.2685]]]},"properties":{"sourceId":"ais_par3.117055","a_type":5120,"hectares":0.022}},{"type":"Feature","id":"ais_par3.117056","geometry":{"type":"Polygon","coordinates":[[[11.0342,57.2687],[11.0344,57.2687],[11.0345,57.2687],[11.0343,57.2686],[11.0342,57.2686],[11.0342,57.2687]]]},"properties":{"sourceId":"ais_par3.117056","a_type":5120,"hectares":0.014}},{"type":"Feature","id":"ais_par3.117057","geometry":{"type":"Polygon","coordinates":[[[10.8946,57.2708],[10.8949,57.271],[10.8951,57.2711],[10.8954,57.2714],[10.8958,57.2719],[10.8964,57.2728],[10.8969,57.2732],[10.8971,57.2734],[10.8973,57.2734],[10.8972,57.2732],[10.8968,57.2728],[10.8965,57.2722],[10.8958,57.2714],[10.8951,57.2707],[10.8942,57.27],[10.8928,57.2692],[10.8917,57.2687],[10.8907,57.2681],[10.89,57.2678],[10.8891,57.2674],[10.8888,57.2672],[10.8884,57.2674],[10.8893,57.2678],[10.8903,57.2684],[10.8909,57.2686],[10.8921,57.2691],[10.8931,57.2697],[10.8938,57.2702],[10.8943,57.2706],[10.8946,57.2708]]]},"properties":{"sourceId":"ais_par3.117057","a_type":5120,"hectares":2.357}},{"type":"Feature","id":"ais_par3.117058","geometry":{"type":"Polygon","coordinates":[[[10.9336,57.2694],[10.9336,57.2694],[10.9338,57.2694],[10.9338,57.2693],[10.9336,57.2692],[10.9335,57.2693],[10.9334,57.2694],[10.9336,57.2694]]]},"properties":{"sourceId":"ais_par3.117058","a_type":5120,"hectares":0.03}},{"type":"Feature","id":"ais_par3.117067","geometry":{"type":"Polygon","coordinates":[[[10.9723,57.2657],[10.9723,57.2657],[10.9725,57.2658],[10.9726,57.2659],[10.9728,57.2659],[10.973,57.2658],[10.973,57.2658],[10.973,57.2657],[10.9728,57.2657],[10.9726,57.2656],[10.9724,57.2656],[10.9723,57.2657]]]},"properties":{"sourceId":"ais_par3.117067","a_type":5120,"hectares":0.103}},{"type":"Feature","id":"ais_par3.117068","geometry":{"type":"Polygon","coordinates":[[[11.0185,57.265],[11.0187,57.265],[11.0186,57.265],[11.0185,57.2649],[11.0183,57.2649],[11.0181,57.2649],[11.0183,57.265],[11.0185,57.265]]]},"properties":{"sourceId":"ais_par3.117068","a_type":5120,"hectares":0.024}},{"type":"Feature","id":"ais_par3.117069","geometry":{"type":"Polygon","coordinates":[[[10.8749,57.2634],[10.8746,57.2634],[10.8747,57.2635],[10.8747,57.2635],[10.8749,57.2634]]]},"properties":{"sourceId":"ais_par3.117069","a_type":5120,"hectares":0.006}},{"type":"Feature","id":"ais_par3.117070","geometry":{"type":"Polygon","coordinates":[[[10.8872,57.268],[10.8873,57.268],[10.8874,57.2681],[10.8875,57.2682],[10.8876,57.2684],[10.8877,57.2685],[10.8879,57.2686],[10.888,57.2686],[10.888,57.2685],[10.8879,57.2683],[10.8874,57.2679],[10.887,57.2676],[10.887,57.2675],[10.887,57.2673],[10.8868,57.2671],[10.887,57.267],[10.8872,57.2671],[10.8876,57.2672],[10.8881,57.2672],[10.8881,57.2671],[10.8879,57.2669],[10.8874,57.2666],[10.8864,57.2661],[10.8858,57.2658],[10.8853,57.2654],[10.8847,57.2652],[10.8843,57.2651],[10.8838,57.2649],[10.8834,57.2647],[10.883,57.2645],[10.8827,57.2642],[10.8822,57.2641],[10.882,57.264],[10.8816,57.2637],[10.8811,57.2636],[10.8808,57.2635],[10.8806,57.2636],[10.8803,57.2637],[10.8802,57.2636],[10.8803,57.2634],[10.8802,57.2633],[10.8796,57.2632],[10.8791,57.2631],[10.8785,57.2631],[10.8782,57.2631],[10.8779,57.263],[10.8777,57.2628],[10.8775,57.2625],[10.877,57.2624],[10.8765,57.2625],[10.8762,57.2627],[10.8758,57.263],[10.8755,57.263],[10.8752,57.2632],[10.8749,57.2633],[10.8749,57.2633],[10.8751,57.2634],[10.8751,57.2634],[10.8751,57.2635],[10.8751,57.2635],[10.8753,57.2636],[10.8755,57.2635],[10.8755,57.2633],[10.8759,57.2631],[10.8767,57.2626],[10.8771,57.2626],[10.8772,57.2627],[10.8774,57.2628],[10.8775,57.263],[10.8779,57.2632],[10.8785,57.2633],[10.8787,57.2633],[10.8794,57.2632],[10.8799,57.2633],[10.8801,57.2633],[10.8801,57.2635],[10.8799,57.2636],[10.8795,57.2635],[10.8794,57.2636],[10.8794,57.2637],[10.8789,57.2637],[10.8788,57.2636],[10.8786,57.2637],[10.879,57.2639],[10.8792,57.264],[10.8797,57.2643],[10.8801,57.2646],[10.8805,57.2649],[10.8806,57.2651],[10.8807,57.2652],[10.8809,57.2652],[10.8813,57.2653],[10.882,57.2654],[10.8823,57.2656],[10.8827,57.2657],[10.8831,57.2659],[10.8833,57.2659],[10.8839,57.2663],[10.8843,57.2666],[10.8851,57.2671],[10.8855,57.2672],[10.8858,57.2673],[10.8865,57.2675],[10.8868,57.2677],[10.8872,57.268],[10.8872,57.268]]]},"properties":{"sourceId":"ais_par3.117070","a_type":5120,"hectares":8.564}},{"type":"Feature","id":"ais_par3.117071","geometry":{"type":"Polygon","coordinates":[[[11.0514,57.2621],[11.051,57.2621],[11.051,57.2622],[11.0513,57.2622],[11.0514,57.2621]]]},"properties":{"sourceId":"ais_par3.117071","a_type":5120,"hectares":0.026}},{"type":"Feature","id":"ais_par3.117072","geometry":{"type":"Polygon","coordinates":[[[11.0342,57.2619],[11.0342,57.2619],[11.034,57.2619],[11.0339,57.262],[11.034,57.262],[11.0341,57.262],[11.0342,57.2619]]]},"properties":{"sourceId":"ais_par3.117072","a_type":5120,"hectares":0.019}},{"type":"Feature","id":"ais_par3.117073","geometry":{"type":"Polygon","coordinates":[[[11.0233,57.262],[11.0234,57.262],[11.0234,57.262],[11.0236,57.262],[11.0237,57.2619],[11.0237,57.2618],[11.0235,57.2618],[11.0234,57.2619],[11.0233,57.262]]]},"properties":{"sourceId":"ais_par3.117073","a_type":5120,"hectares":0.032}},{"type":"Feature","id":"ais_par3.117074","geometry":{"type":"Polygon","coordinates":[[[11.0369,57.2607],[11.037,57.2606],[11.037,57.2606],[11.037,57.2605],[11.0369,57.2605],[11.0368,57.2605],[11.0368,57.2606],[11.0369,57.2607]]]},"properties":{"sourceId":"ais_par3.117074","a_type":5120,"hectares":0.017}},{"type":"Feature","id":"ais_par3.117075","geometry":{"type":"Polygon","coordinates":[[[10.9616,57.2619],[10.9616,57.2618],[10.9616,57.2617],[10.9615,57.2617],[10.9613,57.2617],[10.9613,57.2618],[10.9614,57.2618],[10.9616,57.2619]]]},"properties":{"sourceId":"ais_par3.117075","a_type":5120,"hectares":0.028}},{"type":"Feature","id":"ais_par3.117076","geometry":{"type":"Polygon","coordinates":[[[11.002,57.261],[11.0021,57.2609],[11.0021,57.2609],[11.002,57.2608],[11.0018,57.2608],[11.0018,57.2609],[11.0019,57.2609],[11.002,57.261]]]},"properties":{"sourceId":"ais_par3.117076","a_type":5120,"hectares":0.025}},{"type":"Feature","id":"ais_par3.117077","geometry":{"type":"Polygon","coordinates":[[[10.9947,57.261],[10.9948,57.2609],[10.9948,57.2609],[10.9947,57.2609],[10.9946,57.2609],[10.9945,57.2608],[10.9942,57.2608],[10.9941,57.2609],[10.9943,57.2609],[10.9944,57.261],[10.9944,57.2611],[10.9946,57.261],[10.9947,57.261]]]},"properties":{"sourceId":"ais_par3.117077","a_type":5120,"hectares":0.057}},{"type":"Feature","id":"ais_par3.117078","geometry":{"type":"Polygon","coordinates":[[[11.0569,57.2601],[11.057,57.26],[11.0571,57.2599],[11.057,57.2599],[11.0569,57.2599],[11.0568,57.26],[11.0568,57.26],[11.0569,57.2601]]]},"properties":{"sourceId":"ais_par3.117078","a_type":5120,"hectares":0.027}},{"type":"Feature","id":"ais_par3.117079","geometry":{"type":"Polygon","coordinates":[[[11.0781,57.2593],[11.0777,57.2589],[11.0776,57.2589],[11.0775,57.2589],[11.0781,57.2593],[11.0781,57.2593]]]},"properties":{"sourceId":"ais_par3.117079","a_type":5120,"hectares":0.039}},{"type":"Feature","id":"ais_par3.117080","geometry":{"type":"Polygon","coordinates":[[[10.9448,57.2612],[10.9449,57.2612],[10.945,57.2612],[10.9449,57.2611],[10.9449,57.2611],[10.9448,57.2611],[10.9448,57.2611],[10.9448,57.2612]]]},"properties":{"sourceId":"ais_par3.117080","a_type":5120,"hectares":0.017}},{"type":"Feature","id":"ais_par3.117081","geometry":{"type":"Polygon","coordinates":[[[10.9116,57.2615],[10.9118,57.2616],[10.9118,57.2614],[10.9117,57.2613],[10.9115,57.2613],[10.9114,57.2614],[10.9115,57.2615],[10.9116,57.2615]]]},"properties":{"sourceId":"ais_par3.117081","a_type":5120,"hectares":0.041}},{"type":"Feature","id":"ais_par3.117082","geometry":{"type":"Polygon","coordinates":[[[10.8854,57.2612],[10.8853,57.2612],[10.8854,57.2613],[10.8855,57.2613],[10.8855,57.2612],[10.8854,57.2612],[10.8854,57.2612]]]},"properties":{"sourceId":"ais_par3.117082","a_type":5120,"hectares":0.01}},{"type":"Feature","id":"ais_par3.117083","geometry":{"type":"Polygon","coordinates":[[[10.8945,57.2602],[10.8945,57.2601],[10.8944,57.2601],[10.8943,57.2601],[10.8942,57.2601],[10.8942,57.2603],[10.8944,57.2602],[10.8945,57.2602]]]},"properties":{"sourceId":"ais_par3.117083","a_type":5120,"hectares":0.029}},{"type":"Feature","id":"ais_par3.117084","geometry":{"type":"Polygon","coordinates":[[[10.9715,57.2582],[10.9715,57.2581],[10.9715,57.2581],[10.9714,57.2582],[10.9714,57.2582],[10.9715,57.2582]]]},"properties":{"sourceId":"ais_par3.117084","a_type":5120,"hectares":0.011}},{"type":"Feature","id":"ais_par3.117085","geometry":{"type":"Polygon","coordinates":[[[11.0256,57.2569],[11.0257,57.2568],[11.0256,57.2568],[11.0253,57.2568],[11.0253,57.2569],[11.0253,57.2569],[11.0254,57.257],[11.0256,57.2569]]]},"properties":{"sourceId":"ais_par3.117085","a_type":5120,"hectares":0.036}},{"type":"Feature","id":"ais_par3.117086","geometry":{"type":"Polygon","coordinates":[[[10.8727,57.2577],[10.8728,57.2578],[10.8728,57.2582],[10.8727,57.2582],[10.8726,57.2584],[10.8725,57.2587],[10.8725,57.2589],[10.8726,57.2591],[10.8726,57.2592],[10.8728,57.2593],[10.8727,57.2591],[10.8725,57.2589],[10.8725,57.2588],[10.8727,57.2586],[10.8728,57.2583],[10.8729,57.2582],[10.8732,57.2584],[10.8735,57.2586],[10.874,57.2591],[10.8743,57.2593],[10.8749,57.2593],[10.8747,57.259],[10.8743,57.2587],[10.8738,57.2585],[10.8735,57.2583],[10.8734,57.258],[10.8736,57.2577],[10.8737,57.2574],[10.8737,57.2569],[10.8734,57.2565],[10.8731,57.2564],[10.8731,57.2566],[10.8731,57.2569],[10.8725,57.2569],[10.8723,57.2569],[10.8719,57.2571],[10.8718,57.2572],[10.8718,57.2574],[10.8718,57.2574],[10.872,57.2574],[10.8721,57.2574],[10.8723,57.2573],[10.8725,57.2571],[10.8727,57.257],[10.8731,57.257],[10.873,57.2572],[10.8729,57.2574],[10.8727,57.2577]]]},"properties":{"sourceId":"ais_par3.117086","a_type":5120,"hectares":1.469}},{"type":"Feature","id":"ais_par3.117087","geometry":{"type":"Polygon","coordinates":[[[11.0323,57.2564],[11.0324,57.2564],[11.0325,57.2563],[11.0326,57.2562],[11.0328,57.2561],[11.0324,57.2561],[11.0323,57.2562],[11.0323,57.2564]]]},"properties":{"sourceId":"ais_par3.117087","a_type":5120,"hectares":0.048}},{"type":"Feature","id":"ais_par3.117088","geometry":{"type":"Polygon","coordinates":[[[11.0431,57.256],[11.0431,57.256],[11.043,57.256],[11.0431,57.2561],[11.0433,57.2561],[11.0434,57.256],[11.0434,57.256],[11.0431,57.256]]]},"properties":{"sourceId":"ais_par3.117088","a_type":5120,"hectares":0.029}},{"type":"Feature","id":"ais_par3.117089","geometry":{"type":"Polygon","coordinates":[[[10.9609,57.2571],[10.9609,57.2572],[10.9609,57.2572],[10.9611,57.2572],[10.9613,57.2572],[10.9611,57.2571],[10.9609,57.2571]]]},"properties":{"sourceId":"ais_par3.117089","a_type":5120,"hectares":0.027}},{"type":"Feature","id":"ais_par3.117090","geometry":{"type":"Polygon","coordinates":[[[10.9767,57.2564],[10.9767,57.2564],[10.9766,57.2564],[10.9766,57.2565],[10.9767,57.2565],[10.9768,57.2565],[10.9767,57.2564]]]},"properties":{"sourceId":"ais_par3.117090","a_type":5120,"hectares":0.012}},{"type":"Feature","id":"ais_par3.117091","geometry":{"type":"Polygon","coordinates":[[[10.9804,57.2564],[10.9805,57.2564],[10.9805,57.2563],[10.9805,57.2563],[10.9804,57.2563],[10.9804,57.2564]]]},"properties":{"sourceId":"ais_par3.117091","a_type":5120,"hectares":0.007}},{"type":"Feature","id":"ais_par3.117092","geometry":{"type":"Polygon","coordinates":[[[10.9784,57.2562],[10.9787,57.2562],[10.979,57.256],[10.9791,57.2559],[10.9792,57.2559],[10.9794,57.2558],[10.9794,57.2558],[10.9793,57.2557],[10.979,57.2557],[10.9789,57.2557],[10.9788,57.2556],[10.9786,57.2557],[10.9787,57.2557],[10.9788,57.2558],[10.9788,57.2558],[10.9788,57.2559],[10.9788,57.2559],[10.9786,57.2559],[10.9785,57.2559],[10.9786,57.256],[10.9785,57.2561],[10.9785,57.2561],[10.9784,57.2562]]]},"properties":{"sourceId":"ais_par3.117092","a_type":5120,"hectares":0.164}},{"type":"Feature","id":"ais_par3.117093","geometry":{"type":"Polygon","coordinates":[[[10.9778,57.2559],[10.9778,57.256],[10.9778,57.2561],[10.9779,57.2561],[10.9779,57.2561],[10.978,57.2561],[10.9781,57.2561],[10.9783,57.2561],[10.9783,57.2561],[10.9783,57.256],[10.9782,57.256],[10.9782,57.256],[10.9783,57.2559],[10.9783,57.2558],[10.9782,57.2558],[10.9782,57.2558],[10.9781,57.2559],[10.978,57.2559],[10.9778,57.2559]]]},"properties":{"sourceId":"ais_par3.117093","a_type":5120,"hectares":0.084}},{"type":"Feature","id":"ais_par3.117094","geometry":{"type":"Polygon","coordinates":[[[10.899,57.2567],[10.8987,57.2567],[10.8985,57.2567],[10.8983,57.2567],[10.8982,57.2567],[10.898,57.2568],[10.8978,57.2567],[10.8976,57.2567],[10.8975,57.2568],[10.8976,57.2569],[10.8978,57.257],[10.8978,57.2571],[10.8979,57.2571],[10.8981,57.2571],[10.8982,57.2571],[10.8985,57.257],[10.8987,57.257],[10.8989,57.257],[10.8991,57.2569],[10.8991,57.2568],[10.899,57.2567]]]},"properties":{"sourceId":"ais_par3.117094","a_type":5120,"hectares":0.308}},{"type":"Feature","id":"ais_par3.117095","geometry":{"type":"Polygon","coordinates":[[[10.904,57.2566],[10.904,57.2567],[10.9041,57.2568],[10.9042,57.2567],[10.9042,57.2567],[10.9041,57.2566],[10.904,57.2566]]]},"properties":{"sourceId":"ais_par3.117095","a_type":5120,"hectares":0.012}},{"type":"Feature","id":"ais_par3.117096","geometry":{"type":"Polygon","coordinates":[[[10.9236,57.2562],[10.9237,57.2562],[10.9237,57.2562],[10.9236,57.2561],[10.9235,57.2561],[10.9234,57.2561],[10.9233,57.2562],[10.9234,57.2563],[10.9236,57.2562]]]},"properties":{"sourceId":"ais_par3.117096","a_type":5120,"hectares":0.038}},{"type":"Feature","id":"ais_par3.117097","geometry":{"type":"Polygon","coordinates":[[[10.9045,57.2563],[10.9046,57.2562],[10.9046,57.2562],[10.9044,57.2562],[10.9044,57.2562],[10.9045,57.2563]]]},"properties":{"sourceId":"ais_par3.117097","a_type":5120,"hectares":0.01}},{"type":"Feature","id":"ais_par3.117098","geometry":{"type":"Polygon","coordinates":[[[10.8729,57.2562],[10.8729,57.256],[10.8731,57.2557],[10.873,57.2556],[10.8729,57.2557],[10.8728,57.2559],[10.8728,57.256],[10.8729,57.2562]]]},"properties":{"sourceId":"ais_par3.117098","a_type":5120,"hectares":0.049}},{"type":"Feature","id":"ais_par3.117099","geometry":{"type":"Polygon","coordinates":[[[11.0499,57.2532],[11.05,57.2531],[11.0499,57.253],[11.0498,57.2531],[11.0496,57.2531],[11.0493,57.2532],[11.0492,57.2532],[11.0493,57.2533],[11.0496,57.2534],[11.0498,57.2533],[11.0499,57.2532]]]},"properties":{"sourceId":"ais_par3.117099","a_type":5120,"hectares":0.101}},{"type":"Feature","id":"ais_par3.117100","geometry":{"type":"Polygon","coordinates":[[[10.9082,57.255],[10.9083,57.255],[10.9083,57.2549],[10.9082,57.2549],[10.9081,57.2549],[10.9081,57.255],[10.9082,57.255]]]},"properties":{"sourceId":"ais_par3.117100","a_type":5120,"hectares":0.009}},{"type":"Feature","id":"ais_par3.117101","geometry":{"type":"Polygon","coordinates":[[[10.9497,57.2543],[10.9497,57.2543],[10.9497,57.2542],[10.9496,57.2542],[10.9496,57.2542],[10.9495,57.2543],[10.9497,57.2543]]]},"properties":{"sourceId":"ais_par3.117101","a_type":5120,"hectares":0.009}},{"type":"Feature","id":"ais_par3.117102","geometry":{"type":"Polygon","coordinates":[[[11.0674,57.2521],[11.0674,57.2521],[11.0674,57.2519],[11.0674,57.2519],[11.0672,57.2519],[11.0672,57.252],[11.0674,57.2521]]]},"properties":{"sourceId":"ais_par3.117102","a_type":5120,"hectares":0.019}},{"type":"Feature","id":"ais_par3.117103","geometry":{"type":"Polygon","coordinates":[[[10.9396,57.2538],[10.9397,57.2538],[10.9397,57.2538],[10.9397,57.2537],[10.9396,57.2537],[10.9395,57.2537],[10.9394,57.2537],[10.9394,57.2538],[10.9395,57.2538],[10.9396,57.2538]]]},"properties":{"sourceId":"ais_par3.117103","a_type":5120,"hectares":0.026}},{"type":"Feature","id":"ais_par3.117104","geometry":{"type":"Polygon","coordinates":[[[11.0556,57.2518],[11.0558,57.2518],[11.0559,57.2518],[11.0559,57.2517],[11.0558,57.2517],[11.0556,57.2515],[11.0557,57.2514],[11.0555,57.2513],[11.0553,57.2512],[11.0552,57.2513],[11.0553,57.2513],[11.0555,57.2515],[11.0555,57.2517],[11.0556,57.2518]]]},"properties":{"sourceId":"ais_par3.117104","a_type":5120,"hectares":0.104}},{"type":"Feature","id":"ais_par3.117105","geometry":{"type":"Polygon","coordinates":[[[11.0665,57.2516],[11.0666,57.2516],[11.0666,57.2515],[11.0666,57.2514],[11.0667,57.2513],[11.0667,57.2511],[11.0666,57.2511],[11.0665,57.2512],[11.0664,57.2514],[11.0664,57.2515],[11.0665,57.2516]]]},"properties":{"sourceId":"ais_par3.117105","a_type":5120,"hectares":0.054}},{"type":"Feature","id":"ais_par3.117106","geometry":{"type":"Polygon","coordinates":[[[10.9698,57.2529],[10.9698,57.2528],[10.9697,57.2528],[10.9696,57.2528],[10.9696,57.2529],[10.9697,57.2529],[10.9698,57.2529]]]},"properties":{"sourceId":"ais_par3.117106","a_type":5120,"hectares":0.023}},{"type":"Feature","id":"ais_par3.117107","geometry":{"type":"Polygon","coordinates":[[[11.0212,57.2519],[11.0213,57.252],[11.0215,57.252],[11.0215,57.2519],[11.0213,57.2519],[11.0212,57.2519]]]},"properties":{"sourceId":"ais_par3.117107","a_type":5120,"hectares":0.028}},{"type":"Feature","id":"ais_par3.117108","geometry":{"type":"Polygon","coordinates":[[[11.0782,57.251],[11.0781,57.2509],[11.0779,57.2509],[11.0779,57.251],[11.078,57.251],[11.0782,57.251]]]},"properties":{"sourceId":"ais_par3.117108","a_type":5120,"hectares":0.028}},{"type":"Feature","id":"ais_par3.117109","geometry":{"type":"Polygon","coordinates":[[[10.8905,57.2537],[10.8903,57.2537],[10.8899,57.2537],[10.89,57.2537],[10.8903,57.2537],[10.8905,57.2537]]]},"properties":{"sourceId":"ais_par3.117109","a_type":5120,"hectares":0.021}},{"type":"Feature","id":"ais_par3.117110","geometry":{"type":"Polygon","coordinates":[[[10.9787,57.252],[10.9787,57.252],[10.9787,57.2519],[10.9786,57.2519],[10.9785,57.252],[10.9787,57.252]]]},"properties":{"sourceId":"ais_par3.117110","a_type":5120,"hectares":0.01}},{"type":"Feature","id":"ais_par3.117111","geometry":{"type":"Polygon","coordinates":[[[10.9833,57.2512],[10.9834,57.2511],[10.9834,57.251],[10.9834,57.251],[10.9833,57.251],[10.9832,57.251],[10.9832,57.2511],[10.9833,57.2512]]]},"properties":{"sourceId":"ais_par3.117111","a_type":5120,"hectares":0.019}},{"type":"Feature","id":"ais_par3.117112","geometry":{"type":"Polygon","coordinates":[[[11.0068,57.2503],[11.0069,57.2503],[11.007,57.2503],[11.007,57.2502],[11.007,57.2502],[11.0071,57.2501],[11.0071,57.2501],[11.007,57.25],[11.0067,57.2499],[11.0066,57.2499],[11.0064,57.2499],[11.0062,57.2499],[11.0059,57.2499],[11.0059,57.25],[11.0059,57.2502],[11.0059,57.2503],[11.0068,57.2503]]]},"properties":{"sourceId":"ais_par3.117112","a_type":5120,"hectares":0.303}},{"type":"Feature","id":"ais_par3.117113","geometry":{"type":"Polygon","coordinates":[[[10.9875,57.2501],[10.9876,57.2501],[10.9875,57.25],[10.9874,57.25],[10.9874,57.25],[10.9874,57.2501],[10.9874,57.2501],[10.9875,57.2501]]]},"properties":{"sourceId":"ais_par3.117113","a_type":5120,"hectares":0.015}},{"type":"Feature","id":"ais_par3.117114","geometry":{"type":"Polygon","coordinates":[[[10.9101,57.2509],[10.9102,57.2509],[10.9102,57.2508],[10.9101,57.2507],[10.91,57.2508],[10.9101,57.2509]]]},"properties":{"sourceId":"ais_par3.117114","a_type":5120,"hectares":0.015}},{"type":"Feature","id":"ais_par3.117115","geometry":{"type":"Polygon","coordinates":[[[10.9113,57.2506],[10.9113,57.2506],[10.9113,57.2505],[10.9112,57.2505],[10.9112,57.2506],[10.9112,57.2506],[10.9112,57.2506],[10.9113,57.2506]]]},"properties":{"sourceId":"ais_par3.117115","a_type":5120,"hectares":0.013}},{"type":"Feature","id":"ais_par3.117116","geometry":{"type":"Polygon","coordinates":[[[10.9364,57.25],[10.9365,57.2499],[10.9364,57.2499],[10.9364,57.2499],[10.9363,57.2499],[10.9362,57.25],[10.9364,57.25]]]},"properties":{"sourceId":"ais_par3.117116","a_type":5120,"hectares":0.015}},{"type":"Feature","id":"ais_par3.117117","geometry":{"type":"Polygon","coordinates":[[[10.8998,57.2504],[10.8995,57.2504],[10.8995,57.2505],[10.8996,57.2505],[10.8997,57.2505],[10.8998,57.2504],[10.8998,57.2504]]]},"properties":{"sourceId":"ais_par3.117117","a_type":5120,"hectares":0.021}},{"type":"Feature","id":"ais_par3.117118","geometry":{"type":"Polygon","coordinates":[[[11.0607,57.2474],[11.0616,57.2478],[11.0617,57.2477],[11.0608,57.2473],[11.0607,57.2474]]]},"properties":{"sourceId":"ais_par3.117118","a_type":5120,"hectares":0.108}},{"type":"Feature","id":"ais_par3.117119","geometry":{"type":"Polygon","coordinates":[[[10.8854,57.2505],[10.8855,57.2504],[10.8853,57.2504],[10.8853,57.2504],[10.8853,57.2505],[10.8854,57.2505]]]},"properties":{"sourceId":"ais_par3.117119","a_type":5120,"hectares":0.01}},{"type":"Feature","id":"ais_par3.117120","geometry":{"type":"Polygon","coordinates":[[[10.8872,57.2501],[10.8871,57.2501],[10.8868,57.2501],[10.8865,57.2501],[10.8861,57.2502],[10.8859,57.2502],[10.8857,57.2503],[10.8858,57.2504],[10.886,57.2504],[10.8869,57.2504],[10.8873,57.2504],[10.8878,57.2503],[10.8881,57.2503],[10.8883,57.2503],[10.8885,57.2501],[10.8885,57.2501],[10.8886,57.25],[10.8886,57.2499],[10.8885,57.2499],[10.8882,57.25],[10.8877,57.25],[10.8874,57.25],[10.8872,57.2501]]]},"properties":{"sourceId":"ais_par3.117120","a_type":5120,"hectares":0.539}},{"type":"Feature","id":"ais_par3.117121","geometry":{"type":"Polygon","coordinates":[[[10.9898,57.2485],[10.9899,57.2487],[10.9901,57.2487],[10.9902,57.2486],[10.99,57.2485],[10.9898,57.2485]]]},"properties":{"sourceId":"ais_par3.117121","a_type":5120,"hectares":0.033}},{"type":"Feature","id":"ais_par3.117122","geometry":{"type":"Polygon","coordinates":[[[10.9174,57.2497],[10.9175,57.2496],[10.9174,57.2495],[10.9172,57.2495],[10.9171,57.2495],[10.9171,57.2496],[10.9173,57.2497],[10.9174,57.2497]]]},"properties":{"sourceId":"ais_par3.117122","a_type":5120,"hectares":0.025}},{"type":"Feature","id":"ais_par3.117125","geometry":{"type":"Polygon","coordinates":[[[10.9486,57.2486],[10.9485,57.2486],[10.9485,57.2485],[10.9485,57.2485],[10.9484,57.2485],[10.9483,57.2486],[10.9484,57.2486],[10.9486,57.2486]]]},"properties":{"sourceId":"ais_par3.117125","a_type":5120,"hectares":0.018}},{"type":"Feature","id":"ais_par3.117126","geometry":{"type":"Polygon","coordinates":[[[10.9818,57.2481],[10.9818,57.2481],[10.9819,57.248],[10.9818,57.2479],[10.9817,57.2479],[10.9816,57.2479],[10.9816,57.248],[10.9817,57.2481],[10.9818,57.2481]]]},"properties":{"sourceId":"ais_par3.117126","a_type":5120,"hectares":0.025}},{"type":"Feature","id":"ais_par3.117127","geometry":{"type":"Polygon","coordinates":[[[11.0201,57.2468],[11.0202,57.2468],[11.0202,57.2467],[11.0201,57.2467],[11.0201,57.2467],[11.0201,57.2468]]]},"properties":{"sourceId":"ais_par3.117127","a_type":5120,"hectares":0.008}},{"type":"Feature","id":"ais_par3.117128","geometry":{"type":"Polygon","coordinates":[[[10.9363,57.2479],[10.9364,57.2479],[10.9364,57.2478],[10.9363,57.2478],[10.9362,57.2479],[10.9363,57.2479],[10.9363,57.2479]]]},"properties":{"sourceId":"ais_par3.117128","a_type":5120,"hectares":0.007}},{"type":"Feature","id":"ais_par3.117129","geometry":{"type":"Polygon","coordinates":[[[10.9351,57.2478],[10.9352,57.2478],[10.9352,57.2477],[10.935,57.2477],[10.935,57.2478],[10.9351,57.2478]]]},"properties":{"sourceId":"ais_par3.117129","a_type":5120,"hectares":0.01}},{"type":"Feature","id":"ais_par3.117130","geometry":{"type":"Polygon","coordinates":[[[10.9924,57.2456],[10.9927,57.2462],[10.9935,57.2464],[10.9936,57.2464],[10.9939,57.246],[10.9938,57.2459],[10.9936,57.2459],[10.9925,57.2456],[10.9924,57.2456]]]},"properties":{"sourceId":"ais_par3.117130","a_type":5120,"hectares":0.462}},{"type":"Feature","id":"ais_par3.117131","geometry":{"type":"Polygon","coordinates":[[[11.0171,57.2458],[11.0175,57.2457],[11.0175,57.2457],[11.0174,57.2456],[11.0172,57.2456],[11.0171,57.2457],[11.0171,57.2458]]]},"properties":{"sourceId":"ais_par3.117131","a_type":5120,"hectares":0.031}},{"type":"Feature","id":"ais_par3.117132","geometry":{"type":"Polygon","coordinates":[[[10.9759,57.2462],[10.9759,57.2461],[10.9758,57.2461],[10.9757,57.2461],[10.9757,57.2461],[10.9757,57.2462],[10.9758,57.2462],[10.9759,57.2462]]]},"properties":{"sourceId":"ais_par3.117132","a_type":5120,"hectares":0.009}},{"type":"Feature","id":"ais_par3.117133","geometry":{"type":"Polygon","coordinates":[[[10.9499,57.2462],[10.9501,57.2461],[10.9501,57.2461],[10.9501,57.246],[10.95,57.246],[10.9499,57.246],[10.9499,57.2462]]]},"properties":{"sourceId":"ais_par3.117133","a_type":5120,"hectares":0.02}},{"type":"Feature","id":"ais_par3.117134","geometry":{"type":"Polygon","coordinates":[[[10.9508,57.246],[10.9504,57.246],[10.9508,57.2461],[10.9508,57.246]]]},"properties":{"sourceId":"ais_par3.117134","a_type":5120,"hectares":0.016}},{"type":"Feature","id":"ais_par3.117135","geometry":{"type":"Polygon","coordinates":[[[11.0208,57.2447],[11.0206,57.2447],[11.0205,57.2447],[11.0204,57.2448],[11.0205,57.2449],[11.0207,57.2449],[11.0208,57.2448],[11.0208,57.2447]]]},"properties":{"sourceId":"ais_par3.117135","a_type":5120,"hectares":0.034}},{"type":"Feature","id":"ais_par3.117136","geometry":{"type":"Polygon","coordinates":[[[11.0057,57.2447],[11.0058,57.2447],[11.0058,57.2446],[11.0057,57.2446],[11.0057,57.2447]]]},"properties":{"sourceId":"ais_par3.117136","a_type":5120,"hectares":0.006}},{"type":"Feature","id":"ais_par3.117137","geometry":{"type":"Polygon","coordinates":[[[11.0048,57.2446],[11.0047,57.2445],[11.0047,57.2446],[11.0047,57.2447],[11.0048,57.2447],[11.0048,57.2446],[11.0048,57.2446]]]},"properties":{"sourceId":"ais_par3.117137","a_type":5120,"hectares":0.012}},{"type":"Feature","id":"ais_par3.117138","geometry":{"type":"Polygon","coordinates":[[[10.9738,57.2451],[10.9739,57.2452],[10.974,57.2452],[10.9742,57.2451],[10.9741,57.2451],[10.974,57.245],[10.9739,57.2451],[10.9738,57.2451]]]},"properties":{"sourceId":"ais_par3.117138","a_type":5120,"hectares":0.018}},{"type":"Feature","id":"ais_par3.117139","geometry":{"type":"Polygon","coordinates":[[[11.045,57.244],[11.045,57.2439],[11.0449,57.2439],[11.0449,57.244],[11.045,57.244]]]},"properties":{"sourceId":"ais_par3.117139","a_type":5120,"hectares":0.006}},{"type":"Feature","id":"ais_par3.117140","geometry":{"type":"Polygon","coordinates":[[[10.9588,57.2454],[10.9588,57.2453],[10.9588,57.2453],[10.9587,57.2453],[10.9586,57.2453],[10.9587,57.2454],[10.9587,57.2454],[10.9588,57.2454]]]},"properties":{"sourceId":"ais_par3.117140","a_type":5120,"hectares":0.013}},{"type":"Feature","id":"ais_par3.117141","geometry":{"type":"Polygon","coordinates":[[[10.9751,57.2448],[10.9752,57.2448],[10.9751,57.2447],[10.975,57.2448],[10.975,57.2448],[10.9751,57.2448],[10.9751,57.2448]]]},"properties":{"sourceId":"ais_par3.117141","a_type":5120,"hectares":0.008}},{"type":"Feature","id":"ais_par3.117142","geometry":{"type":"Polygon","coordinates":[[[10.9852,57.2441],[10.9853,57.2441],[10.9854,57.2441],[10.9854,57.2441],[10.9854,57.244],[10.9852,57.244],[10.9852,57.2441]]]},"properties":{"sourceId":"ais_par3.117142","a_type":5120,"hectares":0.014}},{"type":"Feature","id":"ais_par3.117143","geometry":{"type":"Polygon","coordinates":[[[10.961,57.2444],[10.961,57.2444],[10.9609,57.2444],[10.9608,57.2444],[10.9609,57.2444],[10.961,57.2444]]]},"properties":{"sourceId":"ais_par3.117143","a_type":5120,"hectares":0.006}},{"type":"Feature","id":"ais_par3.117144","geometry":{"type":"Polygon","coordinates":[[[10.9634,57.2444],[10.9635,57.2443],[10.9634,57.2443],[10.9633,57.2443],[10.9633,57.2443],[10.9634,57.2444]]]},"properties":{"sourceId":"ais_par3.117144","a_type":5120,"hectares":0.009}},{"type":"Feature","id":"ais_par3.117145","geometry":{"type":"Polygon","coordinates":[[[10.9967,57.2439],[10.9967,57.2438],[10.9968,57.2438],[10.9967,57.2437],[10.9966,57.2438],[10.9965,57.2438],[10.9967,57.2439]]]},"properties":{"sourceId":"ais_par3.117145","a_type":5120,"hectares":0.012}},{"type":"Feature","id":"ais_par3.117146","geometry":{"type":"Polygon","coordinates":[[[10.9742,57.2442],[10.9742,57.2441],[10.9742,57.2441],[10.9741,57.2441],[10.9741,57.2442],[10.9742,57.2442]]]},"properties":{"sourceId":"ais_par3.117146","a_type":5120,"hectares":0.006}},{"type":"Feature","id":"ais_par3.117147","geometry":{"type":"Polygon","coordinates":[[[10.9821,57.2433],[10.9822,57.2433],[10.9822,57.2433],[10.9822,57.2432],[10.982,57.2432],[10.982,57.2433],[10.9821,57.2433]]]},"properties":{"sourceId":"ais_par3.117147","a_type":5120,"hectares":0.019}},{"type":"Feature","id":"ais_par3.117148","geometry":{"type":"Polygon","coordinates":[[[10.9792,57.2432],[10.9792,57.2433],[10.9794,57.2433],[10.9794,57.2432],[10.9793,57.2432],[10.9792,57.2432]]]},"properties":{"sourceId":"ais_par3.117148","a_type":5120,"hectares":0.012}},{"type":"Feature","id":"ais_par3.117149","geometry":{"type":"Polygon","coordinates":[[[10.9982,57.2424],[10.9983,57.2424],[10.9983,57.2424],[10.9983,57.2423],[10.9982,57.2423],[10.9981,57.2424],[10.9982,57.2424]]]},"properties":{"sourceId":"ais_par3.117149","a_type":5120,"hectares":0.007}},{"type":"Feature","id":"ais_par3.117150","geometry":{"type":"Polygon","coordinates":[[[10.8995,57.2429],[10.8996,57.2429],[10.8996,57.2428],[10.8995,57.2428],[10.8994,57.2428],[10.8994,57.2429],[10.8995,57.2429]]]},"properties":{"sourceId":"ais_par3.117150","a_type":5120,"hectares":0.015}},{"type":"Feature","id":"ais_par3.117151","geometry":{"type":"Polygon","coordinates":[[[11.0093,57.2402],[11.0095,57.2402],[11.0095,57.2401],[11.0092,57.2401],[11.0084,57.24],[11.0079,57.24],[11.0078,57.24],[11.0077,57.2401],[11.0079,57.2401],[11.008,57.2401],[11.0082,57.2401],[11.0084,57.2401],[11.0091,57.2401],[11.0093,57.2402]]]},"properties":{"sourceId":"ais_par3.117151","a_type":5120,"hectares":0.117}},{"type":"Feature","id":"ais_par3.117152","geometry":{"type":"Polygon","coordinates":[[[10.8991,57.2414],[10.8988,57.2414],[10.8987,57.2415],[10.8984,57.2415],[10.8978,57.2417],[10.8986,57.2416],[10.8994,57.2417],[10.9,57.2417],[10.9005,57.2417],[10.901,57.2416],[10.9016,57.2416],[10.9019,57.2415],[10.9023,57.2414],[10.9019,57.2413],[10.9015,57.2413],[10.9012,57.2413],[10.9009,57.2413],[10.9006,57.2412],[10.9004,57.2412],[10.9002,57.2413],[10.9,57.2413],[10.8999,57.2413],[10.8996,57.2413],[10.8993,57.2414],[10.8991,57.2414],[10.8991,57.2414]]]},"properties":{"sourceId":"ais_par3.117152","a_type":5120,"hectares":0.759}},{"type":"Feature","id":"ais_par3.117153","geometry":{"type":"Polygon","coordinates":[[[10.9886,57.24],[10.9886,57.2399],[10.9885,57.2399],[10.9885,57.24],[10.9886,57.24]]]},"properties":{"sourceId":"ais_par3.117153","a_type":5120,"hectares":0.009}},{"type":"Feature","id":"ais_par3.117154","geometry":{"type":"Polygon","coordinates":[[[11.0093,57.2394],[11.0094,57.2392],[11.0092,57.2391],[11.009,57.2391],[11.0089,57.2391],[11.0086,57.2391],[11.0082,57.239],[11.0078,57.2389],[11.0077,57.2389],[11.0075,57.2388],[11.0074,57.2389],[11.0075,57.239],[11.0078,57.239],[11.0081,57.2391],[11.0083,57.2391],[11.0086,57.2392],[11.0088,57.2392],[11.0089,57.2393],[11.009,57.2394],[11.0091,57.2394],[11.0093,57.2394],[11.0093,57.2394]]]},"properties":{"sourceId":"ais_par3.117154","a_type":5120,"hectares":0.177}},{"type":"Feature","id":"ais_par3.117155","geometry":{"type":"Polygon","coordinates":[[[11.032,57.2388],[11.0321,57.2388],[11.0321,57.2388],[11.0322,57.2388],[11.0322,57.2387],[11.032,57.2387],[11.032,57.2388]]]},"properties":{"sourceId":"ais_par3.117155","a_type":5120,"hectares":0.014}},{"type":"Feature","id":"ais_par3.117156","geometry":{"type":"Polygon","coordinates":[[[11.0268,57.2386],[11.0268,57.2386],[11.0266,57.2385],[11.0264,57.2386],[11.0264,57.2387],[11.0265,57.2388],[11.0267,57.2387],[11.0268,57.2386]]]},"properties":{"sourceId":"ais_par3.117156","a_type":5120,"hectares":0.042}},{"type":"Feature","id":"ais_par3.117157","geometry":{"type":"Polygon","coordinates":[[[10.9664,57.2382],[10.9666,57.2382],[10.9666,57.2382],[10.9661,57.2381],[10.966,57.2381],[10.966,57.2382],[10.9661,57.2383],[10.9664,57.2382]]]},"properties":{"sourceId":"ais_par3.117157","a_type":5120,"hectares":0.052}},{"type":"Feature","id":"ais_par3.117158","geometry":{"type":"Polygon","coordinates":[[[10.9639,57.238],[10.964,57.238],[10.964,57.2379],[10.964,57.2379],[10.9638,57.2379],[10.9637,57.2379],[10.9637,57.238],[10.9639,57.238]]]},"properties":{"sourceId":"ais_par3.117158","a_type":5120,"hectares":0.027}},{"type":"Feature","id":"ais_par3.117161","geometry":{"type":"Polygon","coordinates":[[[11.0088,57.2354],[11.0087,57.2355],[11.0084,57.2356],[11.0084,57.2357],[11.0086,57.2357],[11.0089,57.2356],[11.0091,57.2355],[11.0094,57.2355],[11.0098,57.2354],[11.0104,57.2354],[11.0106,57.2355],[11.0107,57.2354],[11.0107,57.2353],[11.0104,57.2353],[11.0099,57.2353],[11.0095,57.2353],[11.0091,57.2354],[11.0088,57.2354]]]},"properties":{"sourceId":"ais_par3.117161","a_type":5120,"hectares":0.208}},{"type":"Feature","id":"ais_par3.117162","geometry":{"type":"Polygon","coordinates":[[[10.9586,57.2364],[10.9587,57.2364],[10.9587,57.2363],[10.9586,57.2362],[10.9585,57.2362],[10.9584,57.2363],[10.9585,57.2363],[10.9586,57.2364]]]},"properties":{"sourceId":"ais_par3.117162","a_type":5120,"hectares":0.016}},{"type":"Feature","id":"ais_par3.117163","geometry":{"type":"Polygon","coordinates":[[[11.0067,57.235],[11.0067,57.2351],[11.0069,57.2351],[11.0072,57.235],[11.0073,57.235],[11.0077,57.235],[11.0079,57.235],[11.008,57.2349],[11.0079,57.2349],[11.0078,57.2349],[11.0076,57.2349],[11.0071,57.2349],[11.0067,57.235]]]},"properties":{"sourceId":"ais_par3.117163","a_type":5120,"hectares":0.103}},{"type":"Feature","id":"ais_par3.117164","geometry":{"type":"Polygon","coordinates":[[[11.0077,57.2345],[11.0077,57.2345],[11.0078,57.2346],[11.0079,57.2345],[11.008,57.2345],[11.0083,57.2345],[11.0084,57.2344],[11.0084,57.2344],[11.0083,57.2344],[11.008,57.2344],[11.0077,57.2345]]]},"properties":{"sourceId":"ais_par3.117164","a_type":5120,"hectares":0.052}},{"type":"Feature","id":"ais_par3.117165","geometry":{"type":"Polygon","coordinates":[[[11.0109,57.2339],[11.011,57.2339],[11.011,57.2338],[11.0109,57.2337],[11.0108,57.2337],[11.0107,57.2337],[11.0105,57.2338],[11.0104,57.2338],[11.0105,57.2339],[11.0106,57.2339],[11.0107,57.2339],[11.0109,57.2339]]]},"properties":{"sourceId":"ais_par3.117165","a_type":5120,"hectares":0.059}},{"type":"Feature","id":"ais_par3.117166","geometry":{"type":"Polygon","coordinates":[[[11.0043,57.2333],[11.0045,57.2333],[11.0043,57.2332],[11.0043,57.2331],[11.004,57.2329],[11.0039,57.2327],[11.004,57.2325],[11.0042,57.2326],[11.0044,57.2326],[11.0046,57.2325],[11.0046,57.2324],[11.0047,57.2323],[11.0049,57.2323],[11.0051,57.2322],[11.0053,57.2321],[11.0053,57.232],[11.0055,57.232],[11.0057,57.2321],[11.0059,57.2321],[11.0059,57.232],[11.0061,57.232],[11.0062,57.232],[11.0063,57.232],[11.0067,57.2319],[11.0069,57.2319],[11.007,57.2318],[11.0071,57.2318],[11.0072,57.2317],[11.0073,57.2316],[11.0076,57.2317],[11.0078,57.2317],[11.0083,57.2317],[11.0084,57.2316],[11.0086,57.2315],[11.009,57.2314],[11.0094,57.2313],[11.0102,57.2313],[11.0111,57.2312],[11.0116,57.2312],[11.0118,57.2313],[11.012,57.2312],[11.0124,57.2311],[11.0126,57.231],[11.0125,57.2309],[11.012,57.2309],[11.0118,57.2309],[11.0117,57.2308],[11.0113,57.2308],[11.0107,57.2309],[11.0095,57.2309],[11.0093,57.231],[11.009,57.231],[11.0088,57.2311],[11.0086,57.2311],[11.0082,57.2311],[11.008,57.2311],[11.0077,57.2311],[11.0076,57.2312],[11.0074,57.2312],[11.0071,57.2312],[11.0069,57.2313],[11.0068,57.2313],[11.0066,57.2314],[11.0064,57.2314],[11.0059,57.2314],[11.0056,57.2315],[11.0055,57.2316],[11.0054,57.2315],[11.005,57.2314],[11.0049,57.2313],[11.0047,57.2313],[11.0046,57.2313],[11.0044,57.2313],[11.0042,57.2312],[11.0041,57.2312],[11.0039,57.2313],[11.004,57.2314],[11.0041,57.2314],[11.0043,57.2314],[11.0045,57.2314],[11.0047,57.2314],[11.0049,57.2314],[11.0052,57.2315],[11.0052,57.2316],[11.005,57.2316],[11.0049,57.2316],[11.0046,57.2318],[11.0043,57.2319],[11.0039,57.2321],[11.0037,57.2322],[11.0036,57.2324],[11.0035,57.2326],[11.0034,57.2327],[11.0033,57.2328],[11.0031,57.2329],[11.003,57.233],[11.0031,57.2331],[11.0031,57.2331],[11.0032,57.233],[11.0032,57.233],[11.0033,57.2329],[11.0033,57.2329],[11.0034,57.2328],[11.0037,57.2329],[11.0037,57.2328],[11.0037,57.2327],[11.0037,57.2326],[11.0038,57.2325],[11.0038,57.2325],[11.0039,57.2327],[11.0038,57.2329],[11.0038,57.233],[11.0038,57.233],[11.0037,57.2331],[11.0036,57.2331],[11.0035,57.2332],[11.0034,57.2333],[11.0033,57.2334],[11.0031,57.2335],[11.0028,57.2336],[11.0027,57.2337],[11.0028,57.2337],[11.003,57.2337],[11.0031,57.2337],[11.0033,57.2336],[11.0034,57.2335],[11.0036,57.2334],[11.0039,57.2331],[11.004,57.2331],[11.0041,57.2332],[11.0041,57.2333],[11.0042,57.2333],[11.0043,57.2333]],[[11.0042,57.2325],[11.0041,57.2324],[11.0041,57.2324],[11.0041,57.2323],[11.0043,57.2322],[11.0045,57.2321],[11.0045,57.2322],[11.0046,57.2322],[11.0045,57.2323],[11.0044,57.2323],[11.0044,57.2324],[11.0044,57.2325],[11.0044,57.2325],[11.0043,57.2325],[11.0042,57.2325]],[[11.0044,57.2319],[11.0047,57.2318],[11.0052,57.2317],[11.0054,57.2316],[11.0055,57.2317],[11.0054,57.2318],[11.0052,57.2319],[11.005,57.2319],[11.0047,57.232],[11.0043,57.2321],[11.0042,57.232],[11.0043,57.232],[11.0044,57.2319]]]},"properties":{"sourceId":"ais_par3.117166","a_type":5120,"hectares":3.046}},{"type":"Feature","id":"ais_par3.117167","geometry":{"type":"Polygon","coordinates":[[[10.9918,57.2331],[10.9919,57.2331],[10.9919,57.2331],[10.9921,57.2331],[10.9923,57.2331],[10.9922,57.233],[10.9923,57.2329],[10.9923,57.2329],[10.9922,57.2328],[10.992,57.2328],[10.9919,57.2329],[10.9918,57.233],[10.9917,57.233],[10.9918,57.2331]]]},"properties":{"sourceId":"ais_par3.117167","a_type":5120,"hectares":0.102}},{"type":"Feature","id":"ais_par3.117168","geometry":{"type":"Polygon","coordinates":[[[11.0239,57.2322],[11.0239,57.2322],[11.0238,57.2322],[11.0235,57.2322],[11.0233,57.2322],[11.0231,57.2322],[11.0228,57.2322],[11.0227,57.2323],[11.0224,57.2323],[11.0224,57.2322],[11.0222,57.2322],[11.0222,57.2323],[11.0223,57.2324],[11.0226,57.2324],[11.0227,57.2323],[11.0229,57.2323],[11.023,57.2323],[11.023,57.2324],[11.0231,57.2324],[11.0234,57.2323],[11.0234,57.2323],[11.0236,57.2322],[11.0239,57.2322]]]},"properties":{"sourceId":"ais_par3.117168","a_type":5120,"hectares":0.128}},{"type":"Feature","id":"ais_par3.117169","geometry":{"type":"Polygon","coordinates":[[[10.9949,57.2326],[10.9949,57.2326],[10.9949,57.2325],[10.9947,57.2325],[10.9947,57.2325],[10.9947,57.2326],[10.9949,57.2326]]]},"properties":{"sourceId":"ais_par3.117169","a_type":5120,"hectares":0.013}},{"type":"Feature","id":"ais_par3.117170","geometry":{"type":"Polygon","coordinates":[[[10.99,57.2322],[10.9898,57.2324],[10.9899,57.2325],[10.9901,57.2326],[10.9902,57.2326],[10.9903,57.2325],[10.9904,57.2325],[10.9905,57.2324],[10.9908,57.2324],[10.991,57.2323],[10.9911,57.2323],[10.9912,57.232],[10.9911,57.2319],[10.9912,57.2318],[10.9914,57.2315],[10.9915,57.2313],[10.9916,57.2312],[10.9915,57.2311],[10.9912,57.2311],[10.9911,57.2312],[10.991,57.2314],[10.9909,57.2316],[10.9907,57.2317],[10.9906,57.2317],[10.9905,57.2317],[10.9904,57.2317],[10.9901,57.2317],[10.99,57.2318],[10.9899,57.2318],[10.9897,57.2318],[10.9897,57.2319],[10.9901,57.2321],[10.9903,57.2321],[10.9903,57.232],[10.9903,57.232],[10.9905,57.2319],[10.9906,57.2319],[10.9906,57.232],[10.9905,57.2321],[10.9904,57.2322],[10.9903,57.2322],[10.9902,57.2322],[10.9901,57.2322],[10.99,57.2322]]]},"properties":{"sourceId":"ais_par3.117170","a_type":5120,"hectares":0.747}},{"type":"Feature","id":"ais_par3.117171","geometry":{"type":"Polygon","coordinates":[[[11.0031,57.2311],[11.0028,57.2311],[11.0025,57.231],[11.0022,57.231],[11.0019,57.231],[11.0014,57.2309],[11.0006,57.2309],[11.0003,57.2308],[11.0001,57.2308],[11,57.2309],[11.0004,57.231],[11.0008,57.2311],[11.0011,57.2311],[11.0015,57.2311],[11.0017,57.2311],[11.002,57.2311],[11.0022,57.2312],[11.0025,57.2312],[11.0025,57.2313],[11.0023,57.2313],[11.0024,57.2313],[11.0026,57.2313],[11.0031,57.2313],[11.003,57.2313],[11.0027,57.2313],[11.0027,57.2312],[11.0028,57.2312],[11.0031,57.2312],[11.0031,57.2311]]]},"properties":{"sourceId":"ais_par3.117171","a_type":5120,"hectares":0.33}},{"type":"Feature","id":"ais_par3.117172","geometry":{"type":"Polygon","coordinates":[[[11.0044,57.2308],[11.0045,57.2308],[11.0046,57.2308],[11.0047,57.2308],[11.0047,57.2307],[11.0046,57.2306],[11.0042,57.2305],[11.0038,57.2304],[11.0035,57.2304],[11.0033,57.2302],[11.0031,57.2302],[11.003,57.2302],[11.0024,57.2301],[11.0021,57.2302],[11.0023,57.2303],[11.0024,57.2303],[11.0026,57.2303],[11.0028,57.2303],[11.003,57.2304],[11.0032,57.2304],[11.0036,57.2305],[11.004,57.2306],[11.0043,57.2308],[11.0044,57.2308]]]},"properties":{"sourceId":"ais_par3.117172","a_type":5120,"hectares":0.239}},{"type":"Feature","id":"ais_par3.117173","geometry":{"type":"Polygon","coordinates":[[[10.9992,57.2307],[10.9991,57.2308],[10.9992,57.2309],[10.9997,57.2309],[10.9998,57.2308],[10.9997,57.2308],[10.9996,57.2307],[10.9995,57.2307],[10.9993,57.2307],[10.9992,57.2307]]]},"properties":{"sourceId":"ais_par3.117173","a_type":5120,"hectares":0.064}},{"type":"Feature","id":"ais_par3.117174","geometry":{"type":"Polygon","coordinates":[[[10.9921,57.2308],[10.9922,57.2307],[10.9923,57.2306],[10.9925,57.2306],[10.9927,57.2306],[10.9928,57.2305],[10.9929,57.2304],[10.9931,57.2304],[10.9933,57.2303],[10.9932,57.2302],[10.9929,57.2302],[10.9927,57.2303],[10.9923,57.2305],[10.992,57.2307],[10.9919,57.2307],[10.9921,57.2308]]]},"properties":{"sourceId":"ais_par3.117174","a_type":5120,"hectares":0.152}},{"type":"Feature","id":"ais_par3.117175","geometry":{"type":"Polygon","coordinates":[[[11.0129,57.2301],[11.0129,57.23],[11.0127,57.23],[11.0126,57.2301],[11.0125,57.2301],[11.0126,57.2302],[11.0128,57.2302],[11.0128,57.2301],[11.0129,57.2301]]]},"properties":{"sourceId":"ais_par3.117175","a_type":5120,"hectares":0.034}},{"type":"Feature","id":"ais_par3.117176","geometry":{"type":"Polygon","coordinates":[[[10.9988,57.2297],[10.999,57.2297],[10.9992,57.2298],[10.9995,57.2299],[11,57.23],[11.0003,57.2301],[11.0005,57.2301],[11.0007,57.2301],[11.0009,57.2302],[11.001,57.2301],[11.001,57.23],[11.0008,57.2299],[11.0004,57.2299],[11.0001,57.2298],[10.9999,57.2297],[10.9996,57.2297],[10.9994,57.2297],[10.999,57.2296],[10.9988,57.2295],[10.9986,57.2295],[10.9985,57.2295],[10.9985,57.2296],[10.9987,57.2297],[10.9988,57.2297]]]},"properties":{"sourceId":"ais_par3.117176","a_type":5120,"hectares":0.274}},{"type":"Feature","id":"ais_par3.117177","geometry":{"type":"Polygon","coordinates":[[[10.9969,57.2302],[10.9968,57.2302],[10.9967,57.2301],[10.9957,57.2299],[10.9955,57.2299],[10.9954,57.2299],[10.9955,57.23],[10.9967,57.2302],[10.9969,57.2302]]]},"properties":{"sourceId":"ais_par3.117177","a_type":5120,"hectares":0.107}},{"type":"Feature","id":"ais_par3.117178","geometry":{"type":"Polygon","coordinates":[[[10.9926,57.2299],[10.9927,57.2299],[10.9926,57.2299],[10.9924,57.2299],[10.9922,57.2299],[10.9923,57.23],[10.9924,57.23],[10.9926,57.2299]]]},"properties":{"sourceId":"ais_par3.117178","a_type":5120,"hectares":0.029}},{"type":"Feature","id":"ais_par3.117179","geometry":{"type":"Polygon","coordinates":[[[10.9955,57.2297],[10.9958,57.2296],[10.996,57.2294],[10.996,57.2289],[10.9961,57.2284],[10.9959,57.2282],[10.9959,57.2278],[10.9961,57.2275],[10.9963,57.2274],[10.9962,57.2272],[10.9962,57.2271],[10.9962,57.2269],[10.9961,57.2268],[10.9963,57.2266],[10.9962,57.2265],[10.9963,57.2265],[10.9963,57.2265],[10.9962,57.2263],[10.9961,57.2264],[10.996,57.2265],[10.9957,57.2269],[10.9958,57.227],[10.9959,57.227],[10.9959,57.227],[10.9958,57.2273],[10.9958,57.2275],[10.9955,57.2278],[10.9955,57.2278],[10.9956,57.228],[10.9956,57.2284],[10.9954,57.2288],[10.995,57.2291],[10.9945,57.2294],[10.9938,57.2295],[10.9934,57.2296],[10.9932,57.2297],[10.9934,57.2298],[10.9936,57.2297],[10.9936,57.2297],[10.9941,57.2298],[10.9942,57.2297],[10.9942,57.2296],[10.9943,57.2295],[10.9952,57.2292],[10.9956,57.2288],[10.9957,57.2285],[10.9958,57.2284],[10.9959,57.2284],[10.9959,57.2286],[10.9958,57.2291],[10.9957,57.2295],[10.9954,57.2296],[10.9951,57.2296],[10.9951,57.2297],[10.9955,57.2297]]]},"properties":{"sourceId":"ais_par3.117179","a_type":5120,"hectares":1.053}},{"type":"Feature","id":"ais_par3.117180","geometry":{"type":"Polygon","coordinates":[[[11.0169,57.229],[11.017,57.229],[11.0173,57.2289],[11.0175,57.229],[11.0182,57.2291],[11.0182,57.229],[11.0177,57.2289],[11.0173,57.2289],[11.0169,57.2289],[11.0169,57.229]]]},"properties":{"sourceId":"ais_par3.117180","a_type":5120,"hectares":0.07}},{"type":"Feature","id":"ais_par3.117181","geometry":{"type":"Polygon","coordinates":[[[10.9853,57.2289],[10.9852,57.2288],[10.9851,57.2289],[10.9852,57.229],[10.9854,57.229],[10.9854,57.229],[10.9854,57.2292],[10.9855,57.2292],[10.9856,57.2292],[10.9857,57.2292],[10.9856,57.2291],[10.9857,57.229],[10.9857,57.2289],[10.9853,57.2289]]]},"properties":{"sourceId":"ais_par3.117181","a_type":5120,"hectares":0.075}},{"type":"Feature","id":"ais_par3.117182","geometry":{"type":"Polygon","coordinates":[[[10.9869,57.229],[10.9871,57.2289],[10.987,57.2289],[10.9869,57.2289],[10.9868,57.2289],[10.9864,57.2288],[10.9863,57.2288],[10.9862,57.2288],[10.9862,57.2289],[10.9863,57.2289],[10.9863,57.229],[10.9864,57.2291],[10.9865,57.2291],[10.9867,57.229],[10.9869,57.229]]]},"properties":{"sourceId":"ais_par3.117182","a_type":5120,"hectares":0.106}},{"type":"Feature","id":"ais_par3.117183","geometry":{"type":"Polygon","coordinates":[[[10.9939,57.2287],[10.994,57.2287],[10.9938,57.2287],[10.9933,57.2288],[10.9931,57.2288],[10.9932,57.2289],[10.9933,57.2289],[10.9939,57.2287]]]},"properties":{"sourceId":"ais_par3.117183","a_type":5120,"hectares":0.055}},{"type":"Feature","id":"ais_par3.117184","geometry":{"type":"Polygon","coordinates":[[[11.0099,57.2276],[11.0101,57.2276],[11.0102,57.2276],[11.0103,57.2276],[11.0104,57.2276],[11.0104,57.2275],[11.0106,57.2274],[11.0108,57.2274],[11.011,57.2274],[11.0112,57.2274],[11.0112,57.2275],[11.0112,57.2275],[11.0113,57.2276],[11.0112,57.2277],[11.011,57.2277],[11.0112,57.2279],[11.0114,57.2279],[11.0115,57.228],[11.0117,57.2282],[11.0117,57.2283],[11.0116,57.2283],[11.0116,57.2284],[11.0117,57.2284],[11.0118,57.2284],[11.0119,57.2285],[11.012,57.2285],[11.012,57.2283],[11.012,57.2283],[11.0123,57.2281],[11.0122,57.228],[11.012,57.2281],[11.0118,57.2282],[11.0118,57.2281],[11.0118,57.2281],[11.0117,57.228],[11.0115,57.2278],[11.0116,57.2277],[11.0118,57.2275],[11.0118,57.2274],[11.0116,57.2274],[11.0115,57.2274],[11.0115,57.2274],[11.0114,57.2274],[11.0113,57.2274],[11.0113,57.2273],[11.0115,57.2273],[11.0115,57.2273],[11.0112,57.2272],[11.0111,57.2271],[11.011,57.2271],[11.0109,57.2271],[11.011,57.2271],[11.011,57.2272],[11.0108,57.2272],[11.0109,57.2273],[11.0108,57.2273],[11.0106,57.2273],[11.0105,57.2273],[11.0103,57.2273],[11.0102,57.2274],[11.0104,57.2275],[11.0102,57.2276],[11.0101,57.2275],[11.01,57.2275],[11.0099,57.2276]]]},"properties":{"sourceId":"ais_par3.117184","a_type":5120,"hectares":0.426}},{"type":"Feature","id":"ais_par3.117185","geometry":{"type":"Polygon","coordinates":[[[11.0062,57.227],[11.0059,57.227],[11.0056,57.2271],[11.0056,57.2271],[11.0059,57.2272],[11.0065,57.2272],[11.0073,57.2273],[11.0073,57.2273],[11.0073,57.2272],[11.0071,57.2271],[11.0069,57.2271],[11.0068,57.2271],[11.0067,57.2271],[11.0065,57.2271],[11.0065,57.2271],[11.0063,57.2271],[11.0062,57.227]]]},"properties":{"sourceId":"ais_par3.117185","a_type":5120,"hectares":0.142}},{"type":"Feature","id":"ais_par3.117186","geometry":{"type":"Polygon","coordinates":[[[10.9832,57.2275],[10.9833,57.2275],[10.9834,57.2273],[10.9835,57.2272],[10.9836,57.2272],[10.9838,57.2271],[10.9839,57.227],[10.9841,57.227],[10.9842,57.2269],[10.9843,57.2268],[10.9845,57.2267],[10.9845,57.2266],[10.9846,57.2265],[10.9848,57.2263],[10.9849,57.2262],[10.9849,57.226],[10.9847,57.2261],[10.9846,57.2263],[10.9845,57.2264],[10.9845,57.2265],[10.9844,57.2266],[10.9842,57.2267],[10.9841,57.2268],[10.984,57.2269],[10.9837,57.227],[10.9834,57.2272],[10.9833,57.2273],[10.9832,57.2274],[10.9831,57.2274],[10.9832,57.2275]]]},"properties":{"sourceId":"ais_par3.117186","a_type":5120,"hectares":0.181}},{"type":"Feature","id":"ais_par3.117187","geometry":{"type":"Polygon","coordinates":[[[10.9856,57.2274],[10.9857,57.2274],[10.9858,57.2275],[10.9859,57.2275],[10.986,57.2274],[10.986,57.2273],[10.986,57.2273],[10.9861,57.2273],[10.9862,57.2272],[10.9861,57.2271],[10.9861,57.227],[10.9861,57.227],[10.986,57.227],[10.986,57.2271],[10.9858,57.2271],[10.9857,57.2272],[10.9856,57.2273],[10.9856,57.2274]]]},"properties":{"sourceId":"ais_par3.117187","a_type":5120,"hectares":0.099}},{"type":"Feature","id":"ais_par3.117188","geometry":{"type":"Polygon","coordinates":[[[10.9923,57.2271],[10.9922,57.227],[10.9921,57.227],[10.992,57.2271],[10.992,57.2271],[10.9919,57.2272],[10.9919,57.2272],[10.992,57.2272],[10.9921,57.2272],[10.9923,57.2271]]]},"properties":{"sourceId":"ais_par3.117188","a_type":5120,"hectares":0.026}},{"type":"Feature","id":"ais_par3.117189","geometry":{"type":"Polygon","coordinates":[[[11.0064,57.2265],[11.0065,57.2265],[11.0067,57.2265],[11.0068,57.2265],[11.007,57.2265],[11.0073,57.2267],[11.0076,57.2267],[11.0076,57.2267],[11.0075,57.2266],[11.0071,57.2264],[11.0067,57.2263],[11.0064,57.2263],[11.0061,57.2263],[11.006,57.2263],[11.0058,57.2263],[11.0057,57.2263],[11.0056,57.2264],[11.0055,57.2264],[11.0055,57.2263],[11.0053,57.2263],[11.0049,57.2262],[11.0047,57.2261],[11.0045,57.2261],[11.0045,57.2262],[11.0047,57.2263],[11.0048,57.2263],[11.005,57.2263],[11.0053,57.2264],[11.0055,57.2265],[11.0057,57.2264],[11.0058,57.2264],[11.0058,57.2265],[11.0058,57.2265],[11.0059,57.2265],[11.0061,57.2265],[11.0062,57.2265],[11.0064,57.2265]]]},"properties":{"sourceId":"ais_par3.117189","a_type":5120,"hectares":0.271}},{"type":"Feature","id":"ais_par3.117190","geometry":{"type":"Polygon","coordinates":[[[11.001,57.2263],[11.0012,57.2263],[11.0013,57.2263],[11.0015,57.2263],[11.0016,57.2264],[11.0018,57.2264],[11.0021,57.2263],[11.0023,57.2263],[11.0025,57.2261],[11.0025,57.226],[11.0026,57.2259],[11.0026,57.2259],[11.0027,57.2258],[11.0028,57.2259],[11.0028,57.226],[11.0028,57.2261],[11.0028,57.2262],[11.0029,57.2262],[11.0031,57.2262],[11.003,57.2261],[11.003,57.226],[11.0031,57.2258],[11.003,57.2258],[11.0028,57.2257],[11.0026,57.2257],[11.0024,57.2257],[11.0023,57.2257],[11.0023,57.2258],[11.0023,57.2259],[11.0022,57.226],[11.0023,57.226],[11.0023,57.2261],[11.0021,57.2262],[11.002,57.2262],[11.0018,57.2262],[11.0013,57.2262],[11.0011,57.2261],[11.0009,57.2261],[11.0009,57.2262],[11.001,57.2263]]]},"properties":{"sourceId":"ais_par3.117190","a_type":5120,"hectares":0.351}},{"type":"Feature","id":"ais_par3.117191","geometry":{"type":"Polygon","coordinates":[[[10.9777,57.2258],[10.9778,57.2258],[10.9778,57.2258],[10.9778,57.2257],[10.9777,57.2257],[10.9776,57.2257],[10.9777,57.2258]]]},"properties":{"sourceId":"ais_par3.117191","a_type":5120,"hectares":0.007}},{"type":"Feature","id":"ais_par3.117192","geometry":{"type":"Polygon","coordinates":[[[11.0108,57.2048],[11.0108,57.2048],[11.0109,57.2047],[11.0108,57.2047],[11.0107,57.2047],[11.0105,57.2047],[11.0105,57.2048],[11.0106,57.2048],[11.0107,57.2048],[11.0108,57.2048]]]},"properties":{"sourceId":"ais_par3.117192","a_type":5120,"hectares":0.032}},{"type":"Feature","id":"ais_par3.117215","geometry":{"type":"Polygon","coordinates":[[[11.0876,57.3044],[11.0877,57.3043],[11.0876,57.3042],[11.0875,57.3042],[11.0874,57.3042],[11.0873,57.3042],[11.0873,57.3043],[11.0874,57.3043],[11.0875,57.3044],[11.0876,57.3044]]]},"properties":{"sourceId":"ais_par3.117215","a_type":5120,"hectares":0.031}},{"type":"Feature","id":"ais_par3.117193","geometry":{"type":"Polygon","coordinates":[[[11.1873,57.3187],[11.1873,57.3187],[11.1872,57.3188],[11.1872,57.3188],[11.1873,57.319],[11.1874,57.319],[11.1874,57.3191],[11.1875,57.3191],[11.1875,57.3192],[11.1876,57.3192],[11.1877,57.3193],[11.1878,57.3194],[11.1878,57.3195],[11.1879,57.3195],[11.188,57.3194],[11.1882,57.3195],[11.1884,57.3194],[11.1884,57.3193],[11.1883,57.3192],[11.1883,57.3191],[11.1883,57.319],[11.1884,57.319],[11.1884,57.319],[11.1884,57.3189],[11.1883,57.3189],[11.1882,57.3189],[11.188,57.3188],[11.1877,57.3187],[11.1875,57.3187],[11.1873,57.3187]]]},"properties":{"sourceId":"ais_par3.117193","a_type":5120,"hectares":0.392}},{"type":"Feature","id":"ais_par3.117194","geometry":{"type":"Polygon","coordinates":[[[11.1752,57.3186],[11.1749,57.3186],[11.1747,57.3186],[11.1745,57.3187],[11.1746,57.3187],[11.175,57.3189],[11.1752,57.3188],[11.1753,57.3188],[11.1753,57.3187],[11.1752,57.3186]]]},"properties":{"sourceId":"ais_par3.117194","a_type":5120,"hectares":0.106}},{"type":"Feature","id":"ais_par3.117195","geometry":{"type":"Polygon","coordinates":[[[11.187,57.3182],[11.187,57.3182],[11.1871,57.3182],[11.1871,57.3183],[11.1873,57.3183],[11.1874,57.3183],[11.1875,57.3184],[11.1875,57.3185],[11.1877,57.3184],[11.1879,57.3185],[11.188,57.3185],[11.1883,57.3185],[11.1882,57.3184],[11.1881,57.3184],[11.188,57.3184],[11.1879,57.3183],[11.1878,57.3182],[11.1875,57.3182],[11.1872,57.3181],[11.1871,57.3181],[11.187,57.3181],[11.187,57.3182]]]},"properties":{"sourceId":"ais_par3.117195","a_type":5120,"hectares":0.136}},{"type":"Feature","id":"ais_par3.117196","geometry":{"type":"Polygon","coordinates":[[[11.1868,57.3182],[11.1867,57.3182],[11.1865,57.3182],[11.1865,57.3182],[11.1865,57.3181],[11.1863,57.3181],[11.1861,57.3181],[11.186,57.3181],[11.186,57.3178],[11.186,57.3178],[11.1858,57.3178],[11.1857,57.3177],[11.1857,57.3176],[11.1857,57.3175],[11.1855,57.3176],[11.1854,57.3176],[11.1853,57.3177],[11.1852,57.3177],[11.185,57.3178],[11.185,57.3178],[11.1852,57.3179],[11.1853,57.3179],[11.1855,57.3179],[11.1855,57.318],[11.1856,57.318],[11.1857,57.3181],[11.1857,57.3181],[11.1859,57.3182],[11.1859,57.3182],[11.1861,57.3184],[11.1862,57.3184],[11.1862,57.3184],[11.1863,57.3184],[11.1865,57.3185],[11.1867,57.3185],[11.1867,57.3184],[11.1867,57.3183],[11.1868,57.3183],[11.1868,57.3182]]]},"properties":{"sourceId":"ais_par3.117196","a_type":5120,"hectares":0.37}},{"type":"Feature","id":"ais_par3.117197","geometry":{"type":"Polygon","coordinates":[[[11.1889,57.3182],[11.189,57.3183],[11.1892,57.3184],[11.1894,57.3184],[11.1895,57.3184],[11.1898,57.3184],[11.1897,57.3182],[11.1896,57.3181],[11.1893,57.3181],[11.1891,57.3182],[11.1889,57.3182]]]},"properties":{"sourceId":"ais_par3.117197","a_type":5120,"hectares":0.125}},{"type":"Feature","id":"ais_par3.117198","geometry":{"type":"Polygon","coordinates":[[[11.1889,57.3182],[11.189,57.3181],[11.189,57.318],[11.1891,57.3179],[11.1891,57.3178],[11.1888,57.3177],[11.1887,57.3176],[11.1886,57.3176],[11.1884,57.3176],[11.1881,57.3175],[11.1878,57.3175],[11.1878,57.3176],[11.1877,57.3176],[11.1874,57.3176],[11.1873,57.3176],[11.1874,57.3177],[11.1875,57.3177],[11.1876,57.3178],[11.1877,57.3178],[11.1877,57.318],[11.1878,57.3181],[11.1879,57.3181],[11.1881,57.3181],[11.1884,57.3182],[11.1887,57.3182],[11.1888,57.3182],[11.1889,57.3182]]]},"properties":{"sourceId":"ais_par3.117198","a_type":5120,"hectares":0.54}},{"type":"Feature","id":"ais_par3.117199","geometry":{"type":"Polygon","coordinates":[[[11.0963,57.3161],[11.0969,57.3162],[11.0971,57.3162],[11.0964,57.316],[11.0963,57.3161],[11.0963,57.3161]]]},"properties":{"sourceId":"ais_par3.117199","a_type":5120,"hectares":0.04}},{"type":"Feature","id":"ais_par3.117200","geometry":{"type":"Polygon","coordinates":[[[11.1833,57.3141],[11.1833,57.314],[11.1833,57.314],[11.1833,57.314],[11.1831,57.314],[11.1833,57.3141]]]},"properties":{"sourceId":"ais_par3.117200","a_type":5120,"hectares":0.014}},{"type":"Feature","id":"ais_par3.117201","geometry":{"type":"Polygon","coordinates":[[[11.0946,57.3143],[11.0945,57.3142],[11.0944,57.3141],[11.0942,57.3141],[11.0941,57.3139],[11.0941,57.3138],[11.0942,57.3137],[11.0944,57.3136],[11.0946,57.3135],[11.0947,57.3134],[11.0945,57.3133],[11.0943,57.3134],[11.0943,57.3135],[11.0941,57.3136],[11.0939,57.3137],[11.094,57.3141],[11.0939,57.3142],[11.0939,57.3143],[11.0939,57.3145],[11.094,57.3145],[11.0941,57.3144],[11.0942,57.3144],[11.0943,57.3143],[11.0946,57.3143]]]},"properties":{"sourceId":"ais_par3.117201","a_type":5120,"hectares":0.209}},{"type":"Feature","id":"ais_par3.117202","geometry":{"type":"Polygon","coordinates":[[[11.1779,57.3127],[11.178,57.3128],[11.1781,57.3127],[11.1781,57.3126],[11.1781,57.3126],[11.1779,57.3126],[11.1779,57.3127],[11.1779,57.3127]]]},"properties":{"sourceId":"ais_par3.117202","a_type":5120,"hectares":0.021}},{"type":"Feature","id":"ais_par3.117203","geometry":{"type":"Polygon","coordinates":[[[11.1821,57.3124],[11.1822,57.3125],[11.1825,57.3125],[11.1826,57.3126],[11.1827,57.3126],[11.1828,57.3126],[11.183,57.3126],[11.1833,57.3124],[11.1834,57.3124],[11.1834,57.3123],[11.1832,57.3123],[11.1831,57.3123],[11.1828,57.3122],[11.1825,57.3121],[11.1823,57.3122],[11.1822,57.3123],[11.1821,57.3124]]]},"properties":{"sourceId":"ais_par3.117203","a_type":5120,"hectares":0.277}},{"type":"Feature","id":"ais_par3.117204","geometry":{"type":"Polygon","coordinates":[[[11.1406,57.3127],[11.1407,57.3127],[11.1407,57.3125],[11.1407,57.3125],[11.1406,57.3125],[11.1404,57.3124],[11.14,57.3123],[11.14,57.3123],[11.1401,57.3122],[11.1403,57.3122],[11.1404,57.3123],[11.1405,57.3124],[11.1406,57.3123],[11.1407,57.3123],[11.1409,57.3124],[11.141,57.3124],[11.141,57.3125],[11.1408,57.3128],[11.1414,57.3129],[11.1418,57.3124],[11.1418,57.3124],[11.1405,57.312],[11.1399,57.3118],[11.1397,57.3118],[11.1393,57.3124],[11.1394,57.3124],[11.1406,57.3127]],[[11.1407,57.3121],[11.1408,57.3122],[11.1411,57.3122],[11.1412,57.3123],[11.1409,57.3123],[11.1408,57.3123],[11.1406,57.3122],[11.1405,57.3121],[11.1407,57.3121]],[[11.1399,57.3123],[11.1398,57.3123],[11.1396,57.3123],[11.1396,57.3121],[11.1397,57.312],[11.1398,57.3121],[11.1398,57.3121],[11.1399,57.3122],[11.1399,57.3123]]]},"properties":{"sourceId":"ais_par3.117204","a_type":5120,"hectares":0.824}},{"type":"Feature","id":"ais_par3.117205","geometry":{"type":"Polygon","coordinates":[[[11.1823,57.312],[11.1824,57.312],[11.1825,57.312],[11.1825,57.3119],[11.1825,57.3116],[11.1824,57.3115],[11.1814,57.3108],[11.1812,57.3107],[11.1811,57.3105],[11.1808,57.3105],[11.1806,57.3103],[11.1802,57.3102],[11.1801,57.3103],[11.1801,57.3104],[11.1802,57.3104],[11.1803,57.3105],[11.1803,57.3106],[11.1804,57.3108],[11.1806,57.3109],[11.1807,57.311],[11.1811,57.3113],[11.1811,57.3115],[11.1813,57.3115],[11.1818,57.3117],[11.1823,57.312]]]},"properties":{"sourceId":"ais_par3.117205","a_type":5120,"hectares":0.986}},{"type":"Feature","id":"ais_par3.117206","geometry":{"type":"Polygon","coordinates":[[[11.15,57.3113],[11.1514,57.3116],[11.1515,57.3116],[11.1518,57.3117],[11.1518,57.3118],[11.1525,57.3119],[11.1525,57.3119],[11.1527,57.3117],[11.1528,57.3117],[11.1528,57.3116],[11.153,57.3114],[11.1529,57.3114],[11.1517,57.3111],[11.1515,57.3111],[11.1513,57.3112],[11.1507,57.3111],[11.1505,57.311],[11.1502,57.311],[11.15,57.3113]],[[11.1522,57.3114],[11.1522,57.3115],[11.1524,57.3116],[11.1524,57.3116],[11.1521,57.3116],[11.1519,57.3115],[11.1517,57.3115],[11.1517,57.3114],[11.1518,57.3114],[11.1521,57.3114],[11.1522,57.3114]]]},"properties":{"sourceId":"ais_par3.117206","a_type":5120,"hectares":0.829}},{"type":"Feature","id":"ais_par3.117207","geometry":{"type":"Polygon","coordinates":[[[11.1767,57.31],[11.1768,57.31],[11.1768,57.31],[11.1768,57.3099],[11.1768,57.3099],[11.1767,57.3099],[11.1767,57.31]]]},"properties":{"sourceId":"ais_par3.117207","a_type":5120,"hectares":0.013}},{"type":"Feature","id":"ais_par3.117208","geometry":{"type":"Polygon","coordinates":[[[11.1329,57.3106],[11.1331,57.3106],[11.1332,57.3106],[11.1332,57.3105],[11.1332,57.3104],[11.1333,57.3103],[11.1332,57.3102],[11.1326,57.3099],[11.1319,57.3097],[11.1315,57.3095],[11.1312,57.3095],[11.1313,57.3097],[11.1318,57.31],[11.1326,57.3104],[11.1329,57.3106]]]},"properties":{"sourceId":"ais_par3.117208","a_type":5120,"hectares":0.477}},{"type":"Feature","id":"ais_par3.117209","geometry":{"type":"Polygon","coordinates":[[[11.0846,57.3107],[11.0846,57.3107],[11.0845,57.3106],[11.0844,57.3106],[11.0843,57.3106],[11.0843,57.3107],[11.0844,57.3108],[11.0845,57.3108],[11.0846,57.3107]]]},"properties":{"sourceId":"ais_par3.117209","a_type":5120,"hectares":0.026}},{"type":"Feature","id":"ais_par3.117210","geometry":{"type":"Polygon","coordinates":[[[11.099,57.3104],[11.099,57.3104],[11.099,57.3103],[11.0989,57.3102],[11.0987,57.3103],[11.0987,57.3104],[11.0988,57.3104],[11.099,57.3104]]]},"properties":{"sourceId":"ais_par3.117210","a_type":5120,"hectares":0.029}},{"type":"Feature","id":"ais_par3.117211","geometry":{"type":"Polygon","coordinates":[[[11.1227,57.307],[11.1225,57.3072],[11.1224,57.3073],[11.123,57.3074],[11.1233,57.3071],[11.1228,57.3069],[11.1227,57.307]]]},"properties":{"sourceId":"ais_par3.117211","a_type":5120,"hectares":0.18}},{"type":"Feature","id":"ais_par3.117212","geometry":{"type":"Polygon","coordinates":[[[11.1518,57.3068],[11.1518,57.3068],[11.1519,57.3067],[11.1519,57.3067],[11.1518,57.3066],[11.1516,57.3067],[11.1516,57.3068],[11.1518,57.3068]]]},"properties":{"sourceId":"ais_par3.117212","a_type":5120,"hectares":0.024}},{"type":"Feature","id":"ais_par3.117213","geometry":{"type":"Polygon","coordinates":[[[11.1896,57.3059],[11.1895,57.3059],[11.1894,57.3059],[11.1894,57.306],[11.1895,57.306],[11.1896,57.306],[11.1897,57.3059],[11.1896,57.3059]]]},"properties":{"sourceId":"ais_par3.117213","a_type":5120,"hectares":0.016}},{"type":"Feature","id":"ais_par3.117216","geometry":{"type":"Polygon","coordinates":[[[11.1552,57.3016],[11.1553,57.3016],[11.1553,57.3015],[11.1553,57.3015],[11.1551,57.3015],[11.1551,57.3016],[11.1551,57.3016],[11.1552,57.3016]]]},"properties":{"sourceId":"ais_par3.117216","a_type":5120,"hectares":0.02}},{"type":"Feature","id":"ais_par3.117217","geometry":{"type":"Polygon","coordinates":[[[11.1659,57.3002],[11.1657,57.3002],[11.1656,57.3003],[11.1657,57.3003],[11.166,57.3006],[11.1662,57.3007],[11.1664,57.3006],[11.1664,57.3005],[11.1662,57.3004],[11.1661,57.3003],[11.1659,57.3002]]]},"properties":{"sourceId":"ais_par3.117217","a_type":5120,"hectares":0.137}},{"type":"Feature","id":"ais_par3.117218","geometry":{"type":"Polygon","coordinates":[[[11.1043,57.2984],[11.104,57.2984],[11.1039,57.2985],[11.1041,57.2985],[11.1043,57.2985],[11.1044,57.2985],[11.1044,57.2984],[11.1044,57.2984],[11.1043,57.2984]]]},"properties":{"sourceId":"ais_par3.117218","a_type":5120,"hectares":0.041}},{"type":"Feature","id":"ais_par3.117219","geometry":{"type":"Polygon","coordinates":[[[11.0936,57.2958],[11.0937,57.2958],[11.0936,57.2957],[11.0933,57.2957],[11.0931,57.2956],[11.0929,57.2956],[11.0928,57.2956],[11.0926,57.2955],[11.0924,57.2956],[11.0925,57.2957],[11.0926,57.2957],[11.0928,57.2958],[11.093,57.2959],[11.0931,57.2959],[11.0932,57.2958],[11.0933,57.2958],[11.0934,57.2958],[11.0936,57.2958]]]},"properties":{"sourceId":"ais_par3.117219","a_type":5120,"hectares":0.15}},{"type":"Feature","id":"ais_par3.117220","geometry":{"type":"Polygon","coordinates":[[[11.0818,57.291],[11.0818,57.2909],[11.0818,57.2909],[11.0817,57.2909],[11.0817,57.291],[11.0818,57.291]]]},"properties":{"sourceId":"ais_par3.117220","a_type":5120,"hectares":0.006}},{"type":"Feature","id":"ais_par3.117221","geometry":{"type":"Polygon","coordinates":[[[11.0823,57.2769],[11.0823,57.2768],[11.0824,57.2768],[11.0826,57.2768],[11.0828,57.2767],[11.083,57.2767],[11.083,57.2766],[11.0829,57.2766],[11.0825,57.2766],[11.0822,57.2766],[11.0821,57.2766],[11.0819,57.2767],[11.0817,57.2767],[11.0817,57.2768],[11.0818,57.2769],[11.0819,57.2769],[11.0821,57.2769],[11.0823,57.2769]]]},"properties":{"sourceId":"ais_par3.117221","a_type":5120,"hectares":0.162}},{"type":"Feature","id":"ais_par3.117222","geometry":{"type":"Polygon","coordinates":[[[11.079,57.2767],[11.0789,57.2766],[11.0788,57.2766],[11.0787,57.2765],[11.0786,57.2766],[11.0786,57.2766],[11.0787,57.2767],[11.0789,57.2767],[11.079,57.2767]]]},"properties":{"sourceId":"ais_par3.117222","a_type":5120,"hectares":0.019}},{"type":"Feature","id":"ais_par3.117223","geometry":{"type":"Polygon","coordinates":[[[11.0817,57.2728],[11.0818,57.2728],[11.0819,57.2728],[11.0818,57.2727],[11.0817,57.2727],[11.0815,57.2727],[11.0815,57.2728],[11.0817,57.2728]]]},"properties":{"sourceId":"ais_par3.117223","a_type":5120,"hectares":0.027}},{"type":"Feature","id":"ais_par3.117224","geometry":{"type":"Polygon","coordinates":[[[11.0822,57.2711],[11.0823,57.271],[11.0823,57.271],[11.0821,57.271],[11.0821,57.2711],[11.0822,57.2711],[11.0822,57.2711]]]},"properties":{"sourceId":"ais_par3.117224","a_type":5120,"hectares":0.014}},{"type":"Feature","id":"ais_par3.117225","geometry":{"type":"Polygon","coordinates":[[[11.086,57.2701],[11.086,57.27],[11.0861,57.27],[11.0859,57.27],[11.0858,57.27],[11.0859,57.2701],[11.086,57.2701]]]},"properties":{"sourceId":"ais_par3.117225","a_type":5120,"hectares":0.012}},{"type":"Feature","id":"ais_par3.117226","geometry":{"type":"Polygon","coordinates":[[[11.0832,57.2668],[11.0832,57.2668],[11.0832,57.2669],[11.0833,57.2669],[11.0834,57.2668],[11.0836,57.2668],[11.0835,57.2667],[11.0835,57.2667],[11.0834,57.2666],[11.0833,57.2666],[11.0832,57.2665],[11.0831,57.2666],[11.083,57.2666],[11.0829,57.2667],[11.0829,57.2667],[11.083,57.2667],[11.083,57.2668],[11.0832,57.2668]]]},"properties":{"sourceId":"ais_par3.117226","a_type":5120,"hectares":0.086}},{"type":"Feature","id":"ais_par3.128391","geometry":{"type":"Polygon","coordinates":[[[11.1394,57.3119],[11.1393,57.3119],[11.1391,57.312],[11.139,57.312],[11.1388,57.312],[11.1387,57.3119],[11.1387,57.3118],[11.1388,57.3118],[11.1389,57.3118],[11.1391,57.3117],[11.1392,57.3117],[11.1395,57.3117],[11.1395,57.3118],[11.1396,57.3116],[11.1396,57.3116],[11.1387,57.3115],[11.1385,57.3115],[11.1385,57.3116],[11.1387,57.3116],[11.1385,57.3116],[11.1382,57.3117],[11.1382,57.3116],[11.1383,57.3115],[11.1384,57.3115],[11.1385,57.3115],[11.1385,57.3114],[11.1385,57.3113],[11.1383,57.3113],[11.1381,57.3113],[11.1379,57.3112],[11.1365,57.3111],[11.1365,57.3111],[11.1364,57.3112],[11.1364,57.3113],[11.1362,57.3115],[11.1363,57.3116],[11.1369,57.3118],[11.1391,57.3123],[11.1393,57.3121],[11.1394,57.3119]],[[11.1377,57.3116],[11.1377,57.3116],[11.1378,57.3116],[11.1378,57.3117],[11.1379,57.3117],[11.138,57.3117],[11.1381,57.3118],[11.1378,57.3118],[11.1377,57.3117],[11.1377,57.3116]],[[11.1381,57.3114],[11.1383,57.3114],[11.1383,57.3114],[11.1381,57.3114],[11.1378,57.3114],[11.1379,57.3113],[11.1381,57.3114]],[[11.1366,57.3112],[11.1367,57.3112],[11.1376,57.3114],[11.1375,57.3115],[11.1367,57.3113],[11.1366,57.3112]]]},"properties":{"sourceId":"ais_par3.128391","a_type":5120,"hectares":1.297}},{"type":"Feature","id":"ais_par3.128398","geometry":{"type":"Polygon","coordinates":[[[11.1215,57.3075],[11.1214,57.3076],[11.1213,57.3077],[11.1214,57.3077],[11.1215,57.3075]]]},"properties":{"sourceId":"ais_par3.128398","a_type":5120,"hectares":0.006}},{"type":"Feature","id":"ais_par3.128399","geometry":{"type":"Polygon","coordinates":[[[11.1213,57.3073],[11.1215,57.3074],[11.1215,57.3075],[11.1215,57.3075],[11.1217,57.3075],[11.1219,57.3075],[11.1221,57.3075],[11.1225,57.3069],[11.1223,57.3068],[11.122,57.3068],[11.1218,57.3067],[11.1216,57.3065],[11.1213,57.3064],[11.1209,57.3063],[11.1204,57.307],[11.1205,57.307],[11.1207,57.307],[11.1209,57.3071],[11.1212,57.3072],[11.1213,57.3073]],[[11.1215,57.307],[11.1212,57.307],[11.1213,57.3069],[11.1219,57.307],[11.1218,57.3071],[11.1215,57.307]]]},"properties":{"sourceId":"ais_par3.128399","a_type":5120,"hectares":0.85}},{"type":"Feature","id":"ais_par3.128408","geometry":{"type":"Polygon","coordinates":[[[10.8863,57.2691],[10.8861,57.269],[10.8859,57.2691],[10.8863,57.2691]]]},"properties":{"sourceId":"ais_par3.128408","a_type":5120,"hectares":0.005}},{"type":"Feature","id":"ais_par3.128409","geometry":{"type":"Polygon","coordinates":[[[10.8914,57.2711],[10.891,57.2708],[10.8904,57.2707],[10.8898,57.2703],[10.889,57.27],[10.8883,57.2697],[10.8879,57.2696],[10.8874,57.2694],[10.8869,57.2692],[10.8863,57.2691],[10.8865,57.2693],[10.8869,57.2694],[10.8875,57.2696],[10.8881,57.2698],[10.8889,57.2701],[10.8893,57.2703],[10.89,57.2707],[10.8908,57.2711],[10.8914,57.2711]]]},"properties":{"sourceId":"ais_par3.128409","a_type":5120,"hectares":0.62}},{"type":"Feature","id":"ais_par3.128435","geometry":{"type":"Polygon","coordinates":[[[11.0035,57.2493],[11.0055,57.249],[11.0055,57.249],[11.0036,57.249],[11.0035,57.2493]]]},"properties":{"sourceId":"ais_par3.128435","a_type":5120,"hectares":0.223}},{"type":"Feature","id":"ais_par3.128523","geometry":{"type":"Polygon","coordinates":[[[11.0032,57.2493],[11.0031,57.2496],[11.0031,57.2497],[11.0035,57.2496],[11.0036,57.2495],[11.0036,57.2494],[11.0036,57.2493],[11.0035,57.2493],[11.0033,57.2493],[11.0032,57.2493]]]},"properties":{"sourceId":"ais_par3.128523","a_type":5120,"hectares":0.095}},{"type":"Feature","id":"ais_par3.128559","geometry":{"type":"Polygon","coordinates":[[[11.082,57.2626],[11.082,57.2624],[11.0819,57.2624],[11.082,57.2623],[11.0819,57.2622],[11.0818,57.2622],[11.0817,57.2622],[11.0816,57.2622],[11.0819,57.2625],[11.082,57.2626]]]},"properties":{"sourceId":"ais_par3.128559","a_type":5120,"hectares":0.04}},{"type":"Feature","id":"ais_par3.128656","geometry":{"type":"Polygon","coordinates":[[[11.0825,57.2629],[11.0824,57.2627],[11.0822,57.2627],[11.0821,57.2626],[11.082,57.2626],[11.082,57.2626],[11.0822,57.2628],[11.0825,57.2629]]]},"properties":{"sourceId":"ais_par3.128656","a_type":5120,"hectares":0.029}},{"type":"Feature","id":"ais_par3.129999","geometry":{"type":"Polygon","coordinates":[[[11.0767,57.2748],[11.0768,57.2747],[11.0769,57.2746],[11.077,57.2744],[11.0768,57.2742],[11.0765,57.2744],[11.0762,57.2747],[11.0763,57.2749],[11.0765,57.2748],[11.0767,57.2748]],[[11.0766,57.2747],[11.0765,57.2747],[11.0764,57.2747],[11.0765,57.2746],[11.0766,57.2746],[11.0766,57.2746],[11.0766,57.2747]]]},"properties":{"sourceId":"ais_par3.129999","a_type":4110,"hectares":0.21}},{"type":"Feature","id":"ais_par3.130000","geometry":{"type":"Polygon","coordinates":[[[11.0782,57.2527],[11.0787,57.2524],[11.0784,57.252],[11.0783,57.2516],[11.0782,57.251],[11.078,57.251],[11.0779,57.251],[11.0779,57.2509],[11.0781,57.2509],[11.0778,57.2506],[11.0776,57.2503],[11.0773,57.25],[11.0772,57.2498],[11.0766,57.2497],[11.0764,57.2494],[11.0764,57.2492],[11.0761,57.2489],[11.0759,57.2488],[11.0751,57.2492],[11.077,57.2506],[11.0775,57.2511],[11.0779,57.2517],[11.078,57.2521],[11.0782,57.2527]]]},"properties":{"sourceId":"ais_par3.130000","a_type":4110,"hectares":1.845}},{"type":"Feature","id":"ais_par3.130001","geometry":{"type":"Polygon","coordinates":[[[11.0032,57.2493],[11.0032,57.2491],[11.0028,57.249],[11.0018,57.249],[11.0024,57.2491],[11.0029,57.2496],[11.0031,57.2497],[11.0031,57.2496],[11.0032,57.2493]]]},"properties":{"sourceId":"ais_par3.130001","a_type":4110,"hectares":0.301}},{"type":"Feature","id":"ais_par3.131466","geometry":{"type":"Polygon","coordinates":[[[10.9898,57.2825],[10.9898,57.2823],[10.9899,57.2822],[10.9903,57.2819],[10.9908,57.2817],[10.9913,57.2816],[10.9919,57.2816],[10.9926,57.2817],[10.9935,57.2817],[10.9938,57.2817],[10.9945,57.2816],[10.9944,57.2814],[10.9942,57.2814],[10.9942,57.2815],[10.9938,57.2815],[10.9938,57.2814],[10.9941,57.2814],[10.9938,57.2813],[10.9935,57.2813],[10.9931,57.2813],[10.9928,57.2813],[10.9926,57.2813],[10.9927,57.2814],[10.9926,57.2815],[10.9922,57.2814],[10.9921,57.2814],[10.9918,57.2814],[10.9917,57.2813],[10.9921,57.2813],[10.9917,57.2811],[10.9913,57.2809],[10.9908,57.2807],[10.9904,57.2806],[10.9903,57.2807],[10.9903,57.2807],[10.9902,57.2808],[10.9899,57.2808],[10.9896,57.2808],[10.9896,57.2806],[10.9889,57.2806],[10.988,57.2806],[10.988,57.2815],[10.9888,57.2814],[10.9895,57.2813],[10.9903,57.2813],[10.9909,57.2813],[10.9913,57.2814],[10.9914,57.2815],[10.9911,57.2815],[10.9908,57.2814],[10.9908,57.2815],[10.9906,57.2817],[10.9902,57.2818],[10.99,57.2819],[10.9897,57.282],[10.9896,57.282],[10.9894,57.282],[10.9892,57.2821],[10.9891,57.2822],[10.9894,57.2822],[10.9895,57.2822],[10.9896,57.2823],[10.9893,57.2825],[10.9898,57.2825]]]},"properties":{"sourceId":"ais_par3.131466","a_type":4110,"hectares":2.488}},{"type":"Feature","id":"ais_par3.131467","geometry":{"type":"Polygon","coordinates":[[[10.9924,57.2456],[10.9923,57.2452],[10.9914,57.2452],[10.9917,57.246],[10.9917,57.2461],[10.9927,57.2462],[10.9924,57.2456]]]},"properties":{"sourceId":"ais_par3.131467","a_type":4110,"hectares":0.584}},{"type":"Feature","id":"ais_par3.131468","geometry":{"type":"Polygon","coordinates":[[[10.9885,57.2448],[10.9891,57.2448],[10.9905,57.2447],[10.9905,57.2445],[10.9906,57.2443],[10.991,57.2443],[10.9916,57.2442],[10.9918,57.2443],[10.9918,57.2438],[10.9903,57.2441],[10.9902,57.2438],[10.9884,57.244],[10.9883,57.244],[10.9883,57.2443],[10.9882,57.2445],[10.9881,57.2447],[10.9885,57.2448]]]},"properties":{"sourceId":"ais_par3.131468","a_type":4110,"hectares":1.566}},{"type":"Feature","id":"ais_par3.131469","geometry":{"type":"Polygon","coordinates":[[[11.1665,57.3014],[11.1674,57.3021],[11.1682,57.302],[11.1681,57.3018],[11.1673,57.3011],[11.1669,57.3007],[11.1665,57.3005],[11.1663,57.3002],[11.1659,57.3001],[11.1658,57.3],[11.1656,57.2999],[11.1654,57.2998],[11.165,57.3003],[11.1665,57.3014]],[[11.1659,57.3002],[11.1661,57.3003],[11.1662,57.3004],[11.1664,57.3005],[11.1664,57.3006],[11.1662,57.3007],[11.166,57.3006],[11.1657,57.3003],[11.1656,57.3003],[11.1657,57.3002],[11.1659,57.3002]]]},"properties":{"sourceId":"ais_par3.131469","a_type":4110,"hectares":1.583}},{"type":"Feature","id":"ais_par3.131470","geometry":{"type":"Polygon","coordinates":[[[11.0829,57.291],[11.0833,57.291],[11.0836,57.2911],[11.0839,57.2913],[11.0842,57.2914],[11.0845,57.2915],[11.0852,57.2916],[11.0854,57.2916],[11.0856,57.2915],[11.0858,57.2915],[11.086,57.2914],[11.0859,57.2914],[11.0853,57.2912],[11.085,57.2911],[11.0845,57.2911],[11.0842,57.291],[11.0839,57.291],[11.0834,57.291],[11.0828,57.2908],[11.0825,57.2907],[11.0823,57.2906],[11.0819,57.2911],[11.0827,57.2914],[11.0826,57.2912],[11.0827,57.291],[11.0829,57.291]]]},"properties":{"sourceId":"ais_par3.131470","a_type":4110,"hectares":0.824}},{"type":"Feature","id":"ais_par3.131471","geometry":{"type":"Polygon","coordinates":[[[11.0799,57.2747],[11.0816,57.275],[11.0821,57.2731],[11.0817,57.2731],[11.0814,57.273],[11.0811,57.2728],[11.0807,57.2726],[11.0824,57.2725],[11.0827,57.2724],[11.0833,57.2722],[11.0838,57.2719],[11.0844,57.2715],[11.0845,57.2712],[11.0847,57.2708],[11.0848,57.2705],[11.0845,57.2702],[11.0841,57.2702],[11.0831,57.2704],[11.0811,57.2709],[11.081,57.2709],[11.0802,57.2711],[11.0797,57.2714],[11.0796,57.2716],[11.0799,57.272],[11.0789,57.2722],[11.0794,57.2727],[11.0787,57.2736],[11.0791,57.2737],[11.0792,57.2739],[11.0792,57.2743],[11.0791,57.2746],[11.0799,57.2747]],[[11.0822,57.2711],[11.0822,57.2711],[11.0821,57.2711],[11.0821,57.271],[11.0823,57.271],[11.0823,57.271],[11.0822,57.2711]]]},"properties":{"sourceId":"ais_par3.131471","a_type":4110,"hectares":9.526}},{"type":"Feature","id":"ais_par3.133384","geometry":{"type":"Polygon","coordinates":[[[11.0733,57.278],[11.0736,57.2779],[11.0741,57.2781],[11.0744,57.2782],[11.0747,57.2783],[11.0748,57.2784],[11.075,57.2785],[11.0753,57.2783],[11.0759,57.2778],[11.0769,57.278],[11.0786,57.2786],[11.0785,57.278],[11.0779,57.278],[11.0778,57.2779],[11.0777,57.2777],[11.0781,57.2777],[11.0784,57.2777],[11.0786,57.2777],[11.079,57.2777],[11.0794,57.2779],[11.0798,57.278],[11.0801,57.2782],[11.0803,57.2783],[11.0804,57.2782],[11.0805,57.2782],[11.0805,57.2782],[11.0806,57.278],[11.0806,57.2779],[11.0806,57.2778],[11.0808,57.2778],[11.0808,57.2777],[11.0807,57.2775],[11.0807,57.2774],[11.081,57.2774],[11.0817,57.2774],[11.0826,57.2772],[11.0831,57.2771],[11.0832,57.2771],[11.0831,57.2769],[11.0829,57.2769],[11.0825,57.277],[11.0823,57.277],[11.0822,57.277],[11.0821,57.277],[11.0816,57.2771],[11.0812,57.2771],[11.0809,57.2771],[11.0807,57.2769],[11.0807,57.2768],[11.0809,57.2766],[11.081,57.2764],[11.0797,57.2763],[11.079,57.2761],[11.0761,57.2756],[11.0749,57.2766],[11.0746,57.2768],[11.0741,57.2771],[11.0734,57.2775],[11.073,57.2777],[11.0726,57.2777],[11.0728,57.2779],[11.0729,57.2779],[11.0733,57.278]],[[11.0779,57.2773],[11.0778,57.2772],[11.0778,57.2772],[11.0779,57.2771],[11.078,57.2771],[11.078,57.2772],[11.0779,57.2773]],[[11.0777,57.2775],[11.0777,57.2775],[11.0777,57.2775],[11.0777,57.2774],[11.0778,57.2774],[11.0778,57.2775],[11.0778,57.2775],[11.0777,57.2775]],[[11.079,57.2767],[11.0789,57.2767],[11.0787,57.2767],[11.0786,57.2766],[11.0786,57.2766],[11.0787,57.2765],[11.0788,57.2766],[11.0789,57.2766],[11.079,57.2767]]]},"properties":{"sourceId":"ais_par3.133384","a_type":4110,"hectares":9.406}},{"type":"Feature","id":"ais_par3.133385","geometry":{"type":"Polygon","coordinates":[[[10.9779,57.2561],[10.9782,57.2562],[10.9784,57.2562],[10.9785,57.2561],[10.9785,57.2561],[10.9786,57.256],[10.9785,57.2559],[10.9786,57.2559],[10.9788,57.2559],[10.9788,57.2559],[10.9788,57.2558],[10.9788,57.2558],[10.9787,57.2557],[10.9786,57.2557],[10.9788,57.2556],[10.9789,57.2557],[10.979,57.2557],[10.9793,57.2557],[10.9794,57.2558],[10.9794,57.2558],[10.98,57.2557],[10.9799,57.2555],[10.9797,57.2553],[10.9796,57.2543],[10.9774,57.2552],[10.9778,57.2559],[10.978,57.2559],[10.9781,57.2559],[10.9782,57.2558],[10.9782,57.2558],[10.9783,57.2558],[10.9783,57.2559],[10.9782,57.256],[10.9782,57.256],[10.9783,57.256],[10.9783,57.2561],[10.9783,57.2561],[10.9781,57.2561],[10.978,57.2561],[10.9779,57.2561]]]},"properties":{"sourceId":"ais_par3.133385","a_type":4110,"hectares":1.644}}]}
